timestamp,place_name,num_bikes,bike_number
2026-06-29T02:01:07.880024,Julius-Raab-Platz,5,346613
2026-06-29T02:01:07.880024,Julius-Raab-Platz,5,347469
2026-06-29T02:01:07.880024,Julius-Raab-Platz,5,347116
2026-06-29T02:01:07.880024,Julius-Raab-Platz,5,348019
2026-06-29T02:01:07.880024,Julius-Raab-Platz,5,349151
2026-06-29T02:01:07.880024,Hoher Markt,35,345480
2026-06-29T02:01:07.880024,Hoher Markt,35,345397
2026-06-29T02:01:07.880024,Hoher Markt,35,345304
2026-06-29T02:01:07.880024,Hoher Markt,35,345735
2026-06-29T02:01:07.880024,Hoher Markt,35,345708
2026-06-29T02:01:07.880024,Hoher Markt,35,345647
2026-06-29T02:01:07.880024,Hoher Markt,35,346473
2026-06-29T02:01:07.880024,Hoher Markt,35,346438
2026-06-29T02:01:07.880024,Hoher Markt,35,346290
2026-06-29T02:01:07.880024,Hoher Markt,35,346682
2026-06-29T02:01:07.880024,Hoher Markt,35,346626
2026-06-29T02:01:07.880024,Hoher Markt,35,346622
2026-06-29T02:01:07.880024,Hoher Markt,35,346560
2026-06-29T02:01:07.880024,Hoher Markt,35,346545
2026-06-29T02:01:07.880024,Hoher Markt,35,346526
2026-06-29T02:01:07.880024,Hoher Markt,35,347480
2026-06-29T02:01:07.880024,Hoher Markt,35,347321
2026-06-29T02:01:07.880024,Hoher Markt,35,347286
2026-06-29T02:01:07.880024,Hoher Markt,35,347170
2026-06-29T02:01:07.880024,Hoher Markt,35,347087
2026-06-29T02:01:07.880024,Hoher Markt,35,347823
2026-06-29T02:01:07.880024,Hoher Markt,35,347804
2026-06-29T02:01:07.880024,Hoher Markt,35,347761
2026-06-29T02:01:07.880024,Hoher Markt,35,347579
2026-06-29T02:01:07.880024,Hoher Markt,35,348408
2026-06-29T02:01:07.880024,Hoher Markt,35,348364
2026-06-29T02:01:07.880024,Hoher Markt,35,348314
2026-06-29T02:01:07.880024,Hoher Markt,35,348150
2026-06-29T02:01:07.880024,Hoher Markt,35,348706
2026-06-29T02:01:07.880024,Hoher Markt,35,348700
2026-06-29T02:01:07.880024,Hoher Markt,35,348696
2026-06-29T02:01:07.880024,Hoher Markt,35,348631
2026-06-29T02:01:07.880024,Hoher Markt,35,348616
2026-06-29T02:01:07.880024,Hoher Markt,35,348517
2026-06-29T02:01:07.880024,Hoher Markt,35,398844
2026-06-29T02:01:07.880024,Oper / Karlsplatz U,1,348219
2026-06-29T02:01:07.880024,Ring / Volkstheater U,3,348491
2026-06-29T02:01:07.880024,Ring / Volkstheater U,3,398758
2026-06-29T02:01:07.880024,Ring / Volkstheater U,3,348915
2026-06-29T02:01:07.880024,Stephansplatz U,10,345792
2026-06-29T02:01:07.880024,Stephansplatz U,10,345630
2026-06-29T02:01:07.880024,Stephansplatz U,10,346369
2026-06-29T02:01:07.880024,Stephansplatz U,10,346321
2026-06-29T02:01:07.880024,Stephansplatz U,10,346093
2026-06-29T02:01:07.880024,Stephansplatz U,10,346562
2026-06-29T02:01:07.880024,Stephansplatz U,10,347955
2026-06-29T02:01:07.880024,Stephansplatz U,10,347713
2026-06-29T02:01:07.880024,Stephansplatz U,10,348160
2026-06-29T02:01:07.880024,Stephansplatz U,10,348626
2026-06-29T02:01:07.880024,Taborstraße U,21,345411
2026-06-29T02:01:07.880024,Taborstraße U,21,345358
2026-06-29T02:01:07.880024,Taborstraße U,21,345205
2026-06-29T02:01:07.880024,Taborstraße U,21,345034
2026-06-29T02:01:07.880024,Taborstraße U,21,345944
2026-06-29T02:01:07.880024,Taborstraße U,21,345502
2026-06-29T02:01:07.880024,Taborstraße U,21,346492
2026-06-29T02:01:07.880024,Taborstraße U,21,346254
2026-06-29T02:01:07.880024,Taborstraße U,21,346219
2026-06-29T02:01:07.880024,Taborstraße U,21,346169
2026-06-29T02:01:07.880024,Taborstraße U,21,346026
2026-06-29T02:01:07.880024,Taborstraße U,21,346840
2026-06-29T02:01:07.880024,Taborstraße U,21,346577
2026-06-29T02:01:07.880024,Taborstraße U,21,347027
2026-06-29T02:01:07.880024,Taborstraße U,21,347769
2026-06-29T02:01:07.880024,Taborstraße U,21,347725
2026-06-29T02:01:07.880024,Taborstraße U,21,348242
2026-06-29T02:01:07.880024,Taborstraße U,21,348218
2026-06-29T02:01:07.880024,Taborstraße U,21,348076
2026-06-29T02:01:07.880024,Taborstraße U,21,348588
2026-06-29T02:01:07.880024,Taborstraße U,21,398797
2026-06-29T02:01:07.880024,WU-Campus / Südportalstraße ,12,346486
2026-06-29T02:01:07.880024,WU-Campus / Südportalstraße ,12,346191
2026-06-29T02:01:07.880024,WU-Campus / Südportalstraße ,12,346118
2026-06-29T02:01:07.880024,WU-Campus / Südportalstraße ,12,346027
2026-06-29T02:01:07.880024,WU-Campus / Südportalstraße ,12,346757
2026-06-29T02:01:07.880024,WU-Campus / Südportalstraße ,12,347352
2026-06-29T02:01:07.880024,WU-Campus / Südportalstraße ,12,347914
2026-06-29T02:01:07.880024,WU-Campus / Südportalstraße ,12,347890
2026-06-29T02:01:07.880024,WU-Campus / Südportalstraße ,12,348404
2026-06-29T02:01:07.880024,WU-Campus / Südportalstraße ,12,348633
2026-06-29T02:01:07.880024,WU-Campus / Südportalstraße ,12,348611
2026-06-29T02:01:07.880024,WU-Campus / Südportalstraße ,12,348840
2026-06-29T02:01:07.880024,Erdberg U,15,345466
2026-06-29T02:01:07.880024,Erdberg U,15,345819
2026-06-29T02:01:07.880024,Erdberg U,15,345749
2026-06-29T02:01:07.880024,Erdberg U,15,346394
2026-06-29T02:01:07.880024,Erdberg U,15,346297
2026-06-29T02:01:07.880024,Erdberg U,15,346844
2026-06-29T02:01:07.880024,Erdberg U,15,347433
2026-06-29T02:01:07.880024,Erdberg U,15,347293
2026-06-29T02:01:07.880024,Erdberg U,15,347234
2026-06-29T02:01:07.880024,Erdberg U,15,347198
2026-06-29T02:01:07.880024,Erdberg U,15,347921
2026-06-29T02:01:07.880024,Erdberg U,15,347911
2026-06-29T02:01:07.880024,Erdberg U,15,347894
2026-06-29T02:01:07.880024,Erdberg U,15,347839
2026-06-29T02:01:07.880024,Erdberg U,15,347682
2026-06-29T02:01:07.880024,Media Quarter Marx,17,345355
2026-06-29T02:01:07.880024,Media Quarter Marx,17,345216
2026-06-29T02:01:07.880024,Media Quarter Marx,17,345549
2026-06-29T02:01:07.880024,Media Quarter Marx,17,345521
2026-06-29T02:01:07.880024,Media Quarter Marx,17,346441
2026-06-29T02:01:07.880024,Media Quarter Marx,17,346217
2026-06-29T02:01:07.880024,Media Quarter Marx,17,346895
2026-06-29T02:01:07.880024,Media Quarter Marx,17,347492
2026-06-29T02:01:07.880024,Media Quarter Marx,17,347424
2026-06-29T02:01:07.880024,Media Quarter Marx,17,347215
2026-06-29T02:01:07.880024,Media Quarter Marx,17,347939
2026-06-29T02:01:07.880024,Media Quarter Marx,17,347920
2026-06-29T02:01:07.880024,Media Quarter Marx,17,347735
2026-06-29T02:01:07.880024,Media Quarter Marx,17,348361
2026-06-29T02:01:07.880024,Media Quarter Marx,17,348332
2026-06-29T02:01:07.880024,Media Quarter Marx,17,348056
2026-06-29T02:01:07.880024,Media Quarter Marx,17,348671
2026-06-29T02:01:07.880024,Rennweg S,16,345385
2026-06-29T02:01:07.880024,Rennweg S,16,345197
2026-06-29T02:01:07.880024,Rennweg S,16,345764
2026-06-29T02:01:07.880024,Rennweg S,16,346167
2026-06-29T02:01:07.880024,Rennweg S,16,346896
2026-06-29T02:01:07.880024,Rennweg S,16,346819
2026-06-29T02:01:07.880024,Rennweg S,16,347499
2026-06-29T02:01:07.880024,Rennweg S,16,347266
2026-06-29T02:01:07.880024,Rennweg S,16,347020
2026-06-29T02:01:07.880024,Rennweg S,16,347628
2026-06-29T02:01:07.880024,Rennweg S,16,348245
2026-06-29T02:01:07.880024,Rennweg S,16,348228
2026-06-29T02:01:07.880024,Rennweg S,16,348058
2026-06-29T02:01:07.880024,Rennweg S,16,348703
2026-06-29T02:01:07.880024,Rennweg S,16,348558
2026-06-29T02:01:07.880024,Rennweg S,16,398779
2026-06-29T02:01:07.880024,Rochusgasse U,6,345056
2026-06-29T02:01:07.880024,Rochusgasse U,6,346049
2026-06-29T02:01:07.880024,Rochusgasse U,6,346730
2026-06-29T02:01:07.880024,Rochusgasse U,6,347290
2026-06-29T02:01:07.880024,Rochusgasse U,6,347737
2026-06-29T02:01:07.880024,Rochusgasse U,6,348919
2026-06-29T02:01:07.880024,Schwarzenbergplatz,8,345627
2026-06-29T02:01:07.880024,Schwarzenbergplatz,8,346145
2026-06-29T02:01:07.880024,Schwarzenbergplatz,8,346034
2026-06-29T02:01:07.880024,Schwarzenbergplatz,8,346853
2026-06-29T02:01:07.880024,Schwarzenbergplatz,8,346723
2026-06-29T02:01:07.880024,Schwarzenbergplatz,8,347391
2026-06-29T02:01:07.880024,Schwarzenbergplatz,8,348619
2026-06-29T02:01:07.880024,Schwarzenbergplatz,8,398754
2026-06-29T02:01:07.880024,Heumühlgasse,5,347378
2026-06-29T02:01:07.880024,Heumühlgasse,5,347269
2026-06-29T02:01:07.880024,Heumühlgasse,5,347031
2026-06-29T02:01:07.880024,Heumühlgasse,5,347026
2026-06-29T02:01:07.880024,Heumühlgasse,5,348418
2026-06-29T02:01:07.880024,Margaretengürtel U,27,346434
2026-06-29T02:01:07.880024,Margaretengürtel U,27,346433
2026-06-29T02:01:07.880024,Margaretengürtel U,27,346347
2026-06-29T02:01:07.880024,Margaretengürtel U,27,346232
2026-06-29T02:01:07.880024,Margaretengürtel U,27,346220
2026-06-29T02:01:07.880024,Margaretengürtel U,27,346176
2026-06-29T02:01:07.880024,Margaretengürtel U,27,346155
2026-06-29T02:01:07.880024,Margaretengürtel U,27,346036
2026-06-29T02:01:07.880024,Margaretengürtel U,27,346940
2026-06-29T02:01:07.880024,Margaretengürtel U,27,346932
2026-06-29T02:01:07.880024,Margaretengürtel U,27,346890
2026-06-29T02:01:07.880024,Margaretengürtel U,27,346884
2026-06-29T02:01:07.880024,Margaretengürtel U,27,346868
2026-06-29T02:01:07.880024,Margaretengürtel U,27,346867
2026-06-29T02:01:07.880024,Margaretengürtel U,27,346752
2026-06-29T02:01:07.880024,Margaretengürtel U,27,346592
2026-06-29T02:01:07.880024,Margaretengürtel U,27,346570
2026-06-29T02:01:07.880024,Margaretengürtel U,27,347498
2026-06-29T02:01:07.880024,Margaretengürtel U,27,347470
2026-06-29T02:01:07.880024,Margaretengürtel U,27,347448
2026-06-29T02:01:07.880024,Margaretengürtel U,27,347214
2026-06-29T02:01:07.880024,Margaretengürtel U,27,347510
2026-06-29T02:01:07.880024,Margaretengürtel U,27,348440
2026-06-29T02:01:07.880024,Margaretengürtel U,27,348220
2026-06-29T02:01:07.880024,Margaretengürtel U,27,348131
2026-06-29T02:01:07.880024,Margaretengürtel U,27,348065
2026-06-29T02:01:07.880024,Margaretengürtel U,27,348692
2026-06-29T02:01:07.880024,Mittersteig,25,345485
2026-06-29T02:01:07.880024,Mittersteig,25,345176
2026-06-29T02:01:07.880024,Mittersteig,25,345027
2026-06-29T02:01:07.880024,Mittersteig,25,345601
2026-06-29T02:01:07.880024,Mittersteig,25,345566
2026-06-29T02:01:07.880024,Mittersteig,25,346444
2026-06-29T02:01:07.880024,Mittersteig,25,346400
2026-06-29T02:01:07.880024,Mittersteig,25,346243
2026-06-29T02:01:07.880024,Mittersteig,25,346230
2026-06-29T02:01:07.880024,Mittersteig,25,346201
2026-06-29T02:01:07.880024,Mittersteig,25,346054
2026-06-29T02:01:07.880024,Mittersteig,25,346881
2026-06-29T02:01:07.880024,Mittersteig,25,346641
2026-06-29T02:01:07.880024,Mittersteig,25,346591
2026-06-29T02:01:07.880024,Mittersteig,25,347332
2026-06-29T02:01:07.880024,Mittersteig,25,347147
2026-06-29T02:01:07.880024,Mittersteig,25,347816
2026-06-29T02:01:07.880024,Mittersteig,25,347756
2026-06-29T02:01:07.880024,Mittersteig,25,348386
2026-06-29T02:01:07.880024,Mittersteig,25,348378
2026-06-29T02:01:07.880024,Mittersteig,25,348113
2026-06-29T02:01:07.880024,Mittersteig,25,348701
2026-06-29T02:01:07.880024,Mittersteig,25,348580
2026-06-29T02:01:07.880024,Mittersteig,25,398848
2026-06-29T02:01:07.880024,Mittersteig,25,398741
2026-06-29T02:01:07.880024,Ceija-Stojka-Platz,9,345379
2026-06-29T02:01:07.880024,Ceija-Stojka-Platz,9,345968
2026-06-29T02:01:07.880024,Ceija-Stojka-Platz,9,346056
2026-06-29T02:01:07.880024,Ceija-Stojka-Platz,9,346052
2026-06-29T02:01:07.880024,Ceija-Stojka-Platz,9,346658
2026-06-29T02:01:07.880024,Ceija-Stojka-Platz,9,347792
2026-06-29T02:01:07.880024,Ceija-Stojka-Platz,9,347560
2026-06-29T02:01:07.880024,Ceija-Stojka-Platz,9,348136
2026-06-29T02:01:07.880024,Ceija-Stojka-Platz,9,348691
2026-06-29T02:01:07.880024,Zieglergasse U,13,345985
2026-06-29T02:01:07.880024,Zieglergasse U,13,346818
2026-06-29T02:01:07.880024,Zieglergasse U,13,347315
2026-06-29T02:01:07.880024,Zieglergasse U,13,347279
2026-06-29T02:01:07.880024,Zieglergasse U,13,348324
2026-06-29T02:01:07.880024,Zieglergasse U,13,349106
2026-06-29T02:01:07.880024,Zieglergasse U,13,348929
2026-06-29T02:01:07.880024,Zieglergasse U,13,348909
2026-06-29T02:01:07.880024,Zieglergasse U,13,348864
2026-06-29T02:01:07.880024,Zieglergasse U,13,348861
2026-06-29T02:01:07.880024,Zieglergasse U,13,348830
2026-06-29T02:01:07.880024,Zieglergasse U,13,349170
2026-06-29T02:01:07.880024,Zieglergasse U,13,349117
2026-06-29T02:01:07.880024,Oskar-Morgenstern-Platz,30,345223
2026-06-29T02:01:07.880024,Oskar-Morgenstern-Platz,30,345179
2026-06-29T02:01:07.880024,Oskar-Morgenstern-Platz,30,345097
2026-06-29T02:01:07.880024,Oskar-Morgenstern-Platz,30,345030
2026-06-29T02:01:07.880024,Oskar-Morgenstern-Platz,30,345013
2026-06-29T02:01:07.880024,Oskar-Morgenstern-Platz,30,345977
2026-06-29T02:01:07.880024,Oskar-Morgenstern-Platz,30,345967
2026-06-29T02:01:07.880024,Oskar-Morgenstern-Platz,30,345788
2026-06-29T02:01:07.880024,Oskar-Morgenstern-Platz,30,345772
2026-06-29T02:01:07.880024,Oskar-Morgenstern-Platz,30,345678
2026-06-29T02:01:07.880024,Oskar-Morgenstern-Platz,30,346482
2026-06-29T02:01:07.880024,Oskar-Morgenstern-Platz,30,346229
2026-06-29T02:01:07.880024,Oskar-Morgenstern-Platz,30,346172
2026-06-29T02:01:07.880024,Oskar-Morgenstern-Platz,30,346117
2026-06-29T02:01:07.880024,Oskar-Morgenstern-Platz,30,346084
2026-06-29T02:01:07.880024,Oskar-Morgenstern-Platz,30,346811
2026-06-29T02:01:07.880024,Oskar-Morgenstern-Platz,30,346746
2026-06-29T02:01:07.880024,Oskar-Morgenstern-Platz,30,346720
2026-06-29T02:01:07.880024,Oskar-Morgenstern-Platz,30,347495
2026-06-29T02:01:07.880024,Oskar-Morgenstern-Platz,30,347144
2026-06-29T02:01:07.880024,Oskar-Morgenstern-Platz,30,347139
2026-06-29T02:01:07.880024,Oskar-Morgenstern-Platz,30,347874
2026-06-29T02:01:07.880024,Oskar-Morgenstern-Platz,30,347711
2026-06-29T02:01:07.880024,Oskar-Morgenstern-Platz,30,347622
2026-06-29T02:01:07.880024,Oskar-Morgenstern-Platz,30,347553
2026-06-29T02:01:07.880024,Oskar-Morgenstern-Platz,30,348405
2026-06-29T02:01:07.880024,Oskar-Morgenstern-Platz,30,348278
2026-06-29T02:01:07.880024,Oskar-Morgenstern-Platz,30,348158
2026-06-29T02:01:07.880024,Oskar-Morgenstern-Platz,30,348683
2026-06-29T02:01:07.880024,Oskar-Morgenstern-Platz,30,398761
2026-06-29T02:01:07.880024,Frankhplatz,6,347871
2026-06-29T02:01:07.880024,Frankhplatz,6,348348
2026-06-29T02:01:07.880024,Frankhplatz,6,348067
2026-06-29T02:01:07.880024,Frankhplatz,6,398846
2026-06-29T02:01:07.880024,Frankhplatz,6,398805
2026-06-29T02:01:07.880024,Frankhplatz,6,349048
2026-06-29T02:01:07.880024,Friedensbrücke U,18,345496
2026-06-29T02:01:07.880024,Friedensbrücke U,18,345461
2026-06-29T02:01:07.880024,Friedensbrücke U,18,345091
2026-06-29T02:01:07.880024,Friedensbrücke U,18,345062
2026-06-29T02:01:07.880024,Friedensbrücke U,18,345957
2026-06-29T02:01:07.880024,Friedensbrücke U,18,346050
2026-06-29T02:01:07.880024,Friedensbrücke U,18,346954
2026-06-29T02:01:07.880024,Friedensbrücke U,18,346791
2026-06-29T02:01:07.880024,Friedensbrücke U,18,346751
2026-06-29T02:01:07.880024,Friedensbrücke U,18,347497
2026-06-29T02:01:07.880024,Friedensbrücke U,18,347312
2026-06-29T02:01:07.880024,Friedensbrücke U,18,347039
2026-06-29T02:01:07.880024,Friedensbrücke U,18,347848
2026-06-29T02:01:07.880024,Friedensbrücke U,18,347784
2026-06-29T02:01:07.880024,Friedensbrücke U,18,347633
2026-06-29T02:01:07.880024,Friedensbrücke U,18,348375
2026-06-29T02:01:07.880024,Friedensbrücke U,18,348142
2026-06-29T02:01:07.880024,Friedensbrücke U,18,348036
2026-06-29T02:01:07.880024,Spittelau S U,24,345125
2026-06-29T02:01:07.880024,Spittelau S U,24,345122
2026-06-29T02:01:07.880024,Spittelau S U,24,345106
2026-06-29T02:01:07.880024,Spittelau S U,24,345871
2026-06-29T02:01:07.880024,Spittelau S U,24,345748
2026-06-29T02:01:07.880024,Spittelau S U,24,345747
2026-06-29T02:01:07.880024,Spittelau S U,24,345574
2026-06-29T02:01:07.880024,Spittelau S U,24,346206
2026-06-29T02:01:07.880024,Spittelau S U,24,346086
2026-06-29T02:01:07.880024,Spittelau S U,24,346955
2026-06-29T02:01:07.880024,Spittelau S U,24,346502
2026-06-29T02:01:07.880024,Spittelau S U,24,347260
2026-06-29T02:01:07.880024,Spittelau S U,24,347248
2026-06-29T02:01:07.880024,Spittelau S U,24,347169
2026-06-29T02:01:07.880024,Spittelau S U,24,347049
2026-06-29T02:01:07.880024,Spittelau S U,24,347932
2026-06-29T02:01:07.880024,Spittelau S U,24,347897
2026-06-29T02:01:07.880024,Spittelau S U,24,347864
2026-06-29T02:01:07.880024,Spittelau S U,24,347640
2026-06-29T02:01:07.880024,Spittelau S U,24,347558
2026-06-29T02:01:07.880024,Spittelau S U,24,348105
2026-06-29T02:01:07.880024,Spittelau S U,24,348664
2026-06-29T02:01:07.880024,Spittelau S U,24,348651
2026-06-29T02:01:07.880024,Spittelau S U,24,398804
2026-06-29T02:01:07.880024,Absbergbrücke ,9,345804
2026-06-29T02:01:07.880024,Absbergbrücke ,9,346240
2026-06-29T02:01:07.880024,Absbergbrücke ,9,346878
2026-06-29T02:01:07.880024,Absbergbrücke ,9,346598
2026-06-29T02:01:07.880024,Absbergbrücke ,9,347310
2026-06-29T02:01:07.880024,Absbergbrücke ,9,347999
2026-06-29T02:01:07.880024,Absbergbrücke ,9,347699
2026-06-29T02:01:07.880024,Absbergbrücke ,9,348497
2026-06-29T02:01:07.880024,Absbergbrücke ,9,348327
2026-06-29T02:01:07.880024,Altes Landgut U,19,345885
2026-06-29T02:01:07.880024,Altes Landgut U,19,345843
2026-06-29T02:01:07.880024,Altes Landgut U,19,346276
2026-06-29T02:01:07.880024,Altes Landgut U,19,346921
2026-06-29T02:01:07.880024,Altes Landgut U,19,346665
2026-06-29T02:01:07.880024,Altes Landgut U,19,346599
2026-06-29T02:01:07.880024,Altes Landgut U,19,347233
2026-06-29T02:01:07.880024,Altes Landgut U,19,347121
2026-06-29T02:01:07.880024,Altes Landgut U,19,347965
2026-06-29T02:01:07.880024,Altes Landgut U,19,347840
2026-06-29T02:01:07.880024,Altes Landgut U,19,347747
2026-06-29T02:01:07.880024,Altes Landgut U,19,347593
2026-06-29T02:01:07.880024,Altes Landgut U,19,347587
2026-06-29T02:01:07.880024,Altes Landgut U,19,348429
2026-06-29T02:01:07.880024,Altes Landgut U,19,348369
2026-06-29T02:01:07.880024,Altes Landgut U,19,348342
2026-06-29T02:01:07.880024,Altes Landgut U,19,348148
2026-06-29T02:01:07.880024,Altes Landgut U,19,348532
2026-06-29T02:01:07.880024,Altes Landgut U,19,398860
2026-06-29T02:01:07.880024,Bloch-Bauer-Promenade,8,345094
2026-06-29T02:01:07.880024,Bloch-Bauer-Promenade,8,345894
2026-06-29T02:01:07.880024,Bloch-Bauer-Promenade,8,346186
2026-06-29T02:01:07.880024,Bloch-Bauer-Promenade,8,347477
2026-06-29T02:01:07.880024,Bloch-Bauer-Promenade,8,347422
2026-06-29T02:01:07.880024,Bloch-Bauer-Promenade,8,347591
2026-06-29T02:01:07.880024,Bloch-Bauer-Promenade,8,348216
2026-06-29T02:01:07.880024,Bloch-Bauer-Promenade,8,349156
2026-06-29T02:01:07.880024,Hauptbahnhof S U ,36,345421
2026-06-29T02:01:07.880024,Hauptbahnhof S U ,36,345399
2026-06-29T02:01:07.880024,Hauptbahnhof S U ,36,345289
2026-06-29T02:01:07.880024,Hauptbahnhof S U ,36,345250
2026-06-29T02:01:07.880024,Hauptbahnhof S U ,36,345053
2026-06-29T02:01:07.880024,Hauptbahnhof S U ,36,345001
2026-06-29T02:01:07.880024,Hauptbahnhof S U ,36,345539
2026-06-29T02:01:07.880024,Hauptbahnhof S U ,36,346457
2026-06-29T02:01:07.880024,Hauptbahnhof S U ,36,346295
2026-06-29T02:01:07.880024,Hauptbahnhof S U ,36,346196
2026-06-29T02:01:07.880024,Hauptbahnhof S U ,36,346067
2026-06-29T02:01:07.880024,Hauptbahnhof S U ,36,346617
2026-06-29T02:01:07.880024,Hauptbahnhof S U ,36,347344
2026-06-29T02:01:07.880024,Hauptbahnhof S U ,36,347090
2026-06-29T02:01:07.880024,Hauptbahnhof S U ,36,347672
2026-06-29T02:01:07.880024,Hauptbahnhof S U ,36,349113
2026-06-29T02:01:07.880024,Hauptbahnhof S U ,36,349108
2026-06-29T02:01:07.880024,Hauptbahnhof S U ,36,349094
2026-06-29T02:01:07.880024,Hauptbahnhof S U ,36,349087
2026-06-29T02:01:07.880024,Hauptbahnhof S U ,36,349085
2026-06-29T02:01:07.880024,Hauptbahnhof S U ,36,349045
2026-06-29T02:01:07.880024,Hauptbahnhof S U ,36,349042
2026-06-29T02:01:07.880024,Hauptbahnhof S U ,36,349024
2026-06-29T02:01:07.880024,Hauptbahnhof S U ,36,349012
2026-06-29T02:01:07.880024,Hauptbahnhof S U ,36,348996
2026-06-29T02:01:07.880024,Hauptbahnhof S U ,36,348991
2026-06-29T02:01:07.880024,Hauptbahnhof S U ,36,348959
2026-06-29T02:01:07.880024,Hauptbahnhof S U ,36,348943
2026-06-29T02:01:07.880024,Hauptbahnhof S U ,36,348940
2026-06-29T02:01:07.880024,Hauptbahnhof S U ,36,348806
2026-06-29T02:01:07.880024,Hauptbahnhof S U ,36,348803
2026-06-29T02:01:07.880024,Hauptbahnhof S U ,36,349167
2026-06-29T02:01:07.880024,Hauptbahnhof S U ,36,349131
2026-06-29T02:01:07.880024,Hauptbahnhof S U ,36,349130
2026-06-29T02:01:07.880024,Hauptbahnhof S U ,36,349128
2026-06-29T02:01:07.880024,Hauptbahnhof S U ,36,349120
2026-06-29T02:01:07.880024,Keplerplatz U,14,345185
2026-06-29T02:01:07.880024,Keplerplatz U,14,345098
2026-06-29T02:01:07.880024,Keplerplatz U,14,345505
2026-06-29T02:01:07.880024,Keplerplatz U,14,346396
2026-06-29T02:01:07.880024,Keplerplatz U,14,346931
2026-06-29T02:01:07.880024,Keplerplatz U,14,346894
2026-06-29T02:01:07.880024,Keplerplatz U,14,346805
2026-06-29T02:01:07.880024,Keplerplatz U,14,346738
2026-06-29T02:01:07.880024,Keplerplatz U,14,347901
2026-06-29T02:01:07.880024,Keplerplatz U,14,347549
2026-06-29T02:01:07.880024,Keplerplatz U,14,348298
2026-06-29T02:01:07.880024,Keplerplatz U,14,348211
2026-06-29T02:01:07.880024,Keplerplatz U,14,348161
2026-06-29T02:01:07.880024,Keplerplatz U,14,349007
2026-06-29T02:01:07.880024,Puchsbaumgasse,2,346998
2026-06-29T02:01:07.880024,Puchsbaumgasse,2,398759
2026-06-29T02:01:07.880024,Enkplatz U,6,347073
2026-06-29T02:01:07.880024,Enkplatz U,6,348427
2026-06-29T02:01:07.880024,Enkplatz U,6,349001
2026-06-29T02:01:07.880024,Enkplatz U,6,348969
2026-06-29T02:01:07.880024,Enkplatz U,6,349176
2026-06-29T02:01:07.880024,Enkplatz U,6,349122
2026-06-29T02:01:07.880024,Gasometer U,26,345963
2026-06-29T02:01:07.880024,Gasometer U,26,345548
2026-06-29T02:01:07.880024,Gasometer U,26,346436
2026-06-29T02:01:07.880024,Gasometer U,26,346374
2026-06-29T02:01:07.880024,Gasometer U,26,346370
2026-06-29T02:01:07.880024,Gasometer U,26,346252
2026-06-29T02:01:07.880024,Gasometer U,26,346213
2026-06-29T02:01:07.880024,Gasometer U,26,346004
2026-06-29T02:01:07.880024,Gasometer U,26,346968
2026-06-29T02:01:07.880024,Gasometer U,26,346964
2026-06-29T02:01:07.880024,Gasometer U,26,346929
2026-06-29T02:01:07.880024,Gasometer U,26,346544
2026-06-29T02:01:07.880024,Gasometer U,26,347417
2026-06-29T02:01:07.880024,Gasometer U,26,347307
2026-06-29T02:01:07.880024,Gasometer U,26,347071
2026-06-29T02:01:07.880024,Gasometer U,26,347824
2026-06-29T02:01:07.880024,Gasometer U,26,347798
2026-06-29T02:01:07.880024,Gasometer U,26,347757
2026-06-29T02:01:07.880024,Gasometer U,26,347707
2026-06-29T02:01:07.880024,Gasometer U,26,347598
2026-06-29T02:01:07.880024,Gasometer U,26,348443
2026-06-29T02:01:07.880024,Gasometer U,26,348365
2026-06-29T02:01:07.880024,Gasometer U,26,398818
2026-06-29T02:01:07.880024,Gasometer U,26,398811
2026-06-29T02:01:07.880024,Gasometer U,26,398777
2026-06-29T02:01:07.880024,Gasometer U,26,348821
2026-06-29T02:01:07.880024,Geiselbergstraße S,13,345163
2026-06-29T02:01:07.880024,Geiselbergstraße S,13,345777
2026-06-29T02:01:07.880024,Geiselbergstraße S,13,345666
2026-06-29T02:01:07.880024,Geiselbergstraße S,13,346903
2026-06-29T02:01:07.880024,Geiselbergstraße S,13,346870
2026-06-29T02:01:07.880024,Geiselbergstraße S,13,347335
2026-06-29T02:01:07.880024,Geiselbergstraße S,13,347254
2026-06-29T02:01:07.880024,Geiselbergstraße S,13,347042
2026-06-29T02:01:07.880024,Geiselbergstraße S,13,347038
2026-06-29T02:01:07.880024,Geiselbergstraße S,13,347502
2026-06-29T02:01:07.880024,Geiselbergstraße S,13,348166
2026-06-29T02:01:07.880024,Geiselbergstraße S,13,349178
2026-06-29T02:01:07.880024,Geiselbergstraße S,13,349172
2026-06-29T02:01:07.880024,Simmering S U,10,345905
2026-06-29T02:01:07.880024,Simmering S U,10,345771
2026-06-29T02:01:07.880024,Simmering S U,10,345717
2026-06-29T02:01:07.880024,Simmering S U,10,345672
2026-06-29T02:01:07.880024,Simmering S U,10,346194
2026-06-29T02:01:07.880024,Simmering S U,10,346059
2026-06-29T02:01:07.880024,Simmering S U,10,346778
2026-06-29T02:01:07.880024,Simmering S U,10,346551
2026-06-29T02:01:07.880024,Simmering S U,10,347167
2026-06-29T02:01:07.880024,Simmering S U,10,348144
2026-06-29T02:01:07.880024,Niederhofstraße U,17,345075
2026-06-29T02:01:07.880024,Niederhofstraße U,17,345044
2026-06-29T02:01:07.880024,Niederhofstraße U,17,345912
2026-06-29T02:01:07.880024,Niederhofstraße U,17,345755
2026-06-29T02:01:07.880024,Niederhofstraße U,17,346264
2026-06-29T02:01:07.880024,Niederhofstraße U,17,346621
2026-06-29T02:01:07.880024,Niederhofstraße U,17,346578
2026-06-29T02:01:07.880024,Niederhofstraße U,17,347382
2026-06-29T02:01:07.880024,Niederhofstraße U,17,347289
2026-06-29T02:01:07.880024,Niederhofstraße U,17,347950
2026-06-29T02:01:07.880024,Niederhofstraße U,17,347913
2026-06-29T02:01:07.880024,Niederhofstraße U,17,348294
2026-06-29T02:01:07.880024,Niederhofstraße U,17,348092
2026-06-29T02:01:07.880024,Niederhofstraße U,17,348687
2026-06-29T02:01:07.880024,Niederhofstraße U,17,348639
2026-06-29T02:01:07.880024,Niederhofstraße U,17,348578
2026-06-29T02:01:07.880024,Niederhofstraße U,17,348953
2026-06-29T02:01:07.880024,Hietzing U,21,345637
2026-06-29T02:01:07.880024,Hietzing U,21,346435
2026-06-29T02:01:07.880024,Hietzing U,21,346133
2026-06-29T02:01:07.880024,Hietzing U,21,346990
2026-06-29T02:01:07.880024,Hietzing U,21,346859
2026-06-29T02:01:07.880024,Hietzing U,21,346694
2026-06-29T02:01:07.880024,Hietzing U,21,346559
2026-06-29T02:01:07.880024,Hietzing U,21,346537
2026-06-29T02:01:07.880024,Hietzing U,21,347452
2026-06-29T02:01:07.880024,Hietzing U,21,347386
2026-06-29T02:01:07.880024,Hietzing U,21,347865
2026-06-29T02:01:07.880024,Hietzing U,21,347799
2026-06-29T02:01:07.880024,Hietzing U,21,348061
2026-06-29T02:01:07.880024,Hietzing U,21,349036
2026-06-29T02:01:07.880024,Hietzing U,21,349006
2026-06-29T02:01:07.880024,Hietzing U,21,348971
2026-06-29T02:01:07.880024,Hietzing U,21,348849
2026-06-29T02:01:07.880024,Hietzing U,21,348847
2026-06-29T02:01:07.880024,Hietzing U,21,348823
2026-06-29T02:01:07.880024,Hietzing U,21,349136
2026-06-29T02:01:07.880024,Hietzing U,21,349125
2026-06-29T02:01:07.880024,Westbahnhof S U,15,345488
2026-06-29T02:01:07.880024,Westbahnhof S U,15,345416
2026-06-29T02:01:07.880024,Westbahnhof S U,15,345320
2026-06-29T02:01:07.880024,Westbahnhof S U,15,345262
2026-06-29T02:01:07.880024,Westbahnhof S U,15,345167
2026-06-29T02:01:07.880024,Westbahnhof S U,15,345745
2026-06-29T02:01:07.880024,Westbahnhof S U,15,345575
2026-06-29T02:01:07.880024,Westbahnhof S U,15,346996
2026-06-29T02:01:07.880024,Westbahnhof S U,15,347414
2026-06-29T02:01:07.880024,Westbahnhof S U,15,347408
2026-06-29T02:01:07.880024,Westbahnhof S U,15,347272
2026-06-29T02:01:07.880024,Westbahnhof S U,15,347536
2026-06-29T02:01:07.880024,Westbahnhof S U,15,348422
2026-06-29T02:01:07.880024,Westbahnhof S U,15,398806
2026-06-29T02:01:07.880024,Westbahnhof S U,15,398870
2026-06-29T02:01:07.880024,Richard-Wagner-Platz,40,345400
2026-06-29T02:01:07.880024,Richard-Wagner-Platz,40,345391
2026-06-29T02:01:07.880024,Richard-Wagner-Platz,40,345381
2026-06-29T02:01:07.880024,Richard-Wagner-Platz,40,345371
2026-06-29T02:01:07.880024,Richard-Wagner-Platz,40,345318
2026-06-29T02:01:07.880024,Richard-Wagner-Platz,40,345241
2026-06-29T02:01:07.880024,Richard-Wagner-Platz,40,345161
2026-06-29T02:01:07.880024,Richard-Wagner-Platz,40,345107
2026-06-29T02:01:07.880024,Richard-Wagner-Platz,40,345058
2026-06-29T02:01:07.880024,Richard-Wagner-Platz,40,345838
2026-06-29T02:01:07.880024,Richard-Wagner-Platz,40,345541
2026-06-29T02:01:07.880024,Richard-Wagner-Platz,40,345520
2026-06-29T02:01:07.880024,Richard-Wagner-Platz,40,346488
2026-06-29T02:01:07.880024,Richard-Wagner-Platz,40,346475
2026-06-29T02:01:07.880024,Richard-Wagner-Platz,40,346453
2026-06-29T02:01:07.880024,Richard-Wagner-Platz,40,346323
2026-06-29T02:01:07.880024,Richard-Wagner-Platz,40,346009
2026-06-29T02:01:07.880024,Richard-Wagner-Platz,40,346991
2026-06-29T02:01:07.880024,Richard-Wagner-Platz,40,346957
2026-06-29T02:01:07.880024,Richard-Wagner-Platz,40,346906
2026-06-29T02:01:07.880024,Richard-Wagner-Platz,40,346847
2026-06-29T02:01:07.880024,Richard-Wagner-Platz,40,346671
2026-06-29T02:01:07.880024,Richard-Wagner-Platz,40,346531
2026-06-29T02:01:07.880024,Richard-Wagner-Platz,40,346523
2026-06-29T02:01:07.880024,Richard-Wagner-Platz,40,346515
2026-06-29T02:01:07.880024,Richard-Wagner-Platz,40,347483
2026-06-29T02:01:07.880024,Richard-Wagner-Platz,40,347294
2026-06-29T02:01:07.880024,Richard-Wagner-Platz,40,347245
2026-06-29T02:01:07.880024,Richard-Wagner-Platz,40,347102
2026-06-29T02:01:07.880024,Richard-Wagner-Platz,40,347099
2026-06-29T02:01:07.880024,Richard-Wagner-Platz,40,347079
2026-06-29T02:01:07.880024,Richard-Wagner-Platz,40,347902
2026-06-29T02:01:07.880024,Richard-Wagner-Platz,40,347898
2026-06-29T02:01:07.880024,Richard-Wagner-Platz,40,347809
2026-06-29T02:01:07.880024,Richard-Wagner-Platz,40,347654
2026-06-29T02:01:07.880024,Richard-Wagner-Platz,40,347596
2026-06-29T02:01:07.880024,Richard-Wagner-Platz,40,347586
2026-06-29T02:01:07.880024,Richard-Wagner-Platz,40,348315
2026-06-29T02:01:07.880024,Richard-Wagner-Platz,40,348177
2026-06-29T02:01:07.880024,Richard-Wagner-Platz,40,348147
2026-06-29T02:01:07.880024,Alser Straße U,17,345299
2026-06-29T02:01:07.880024,Alser Straße U,17,345108
2026-06-29T02:01:07.880024,Alser Straße U,17,345702
2026-06-29T02:01:07.880024,Alser Straße U,17,346211
2026-06-29T02:01:07.880024,Alser Straße U,17,346099
2026-06-29T02:01:07.880024,Alser Straße U,17,346017
2026-06-29T02:01:07.880024,Alser Straße U,17,347818
2026-06-29T02:01:07.880024,Alser Straße U,17,347642
2026-06-29T02:01:07.880024,Alser Straße U,17,347585
2026-06-29T02:01:07.880024,Alser Straße U,17,348458
2026-06-29T02:01:07.880024,Alser Straße U,17,348451
2026-06-29T02:01:07.880024,Alser Straße U,17,348380
2026-06-29T02:01:07.880024,Alser Straße U,17,348023
2026-06-29T02:01:07.880024,Alser Straße U,17,398858
2026-06-29T02:01:07.880024,Alser Straße U,17,398743
2026-06-29T02:01:07.880024,Alser Straße U,17,349022
2026-06-29T02:01:07.880024,Alser Straße U,17,348988
2026-06-29T02:01:07.880024,Währinger Straße U,29,345138
2026-06-29T02:01:07.880024,Währinger Straße U,29,345117
2026-06-29T02:01:07.880024,Währinger Straße U,29,345072
2026-06-29T02:01:07.880024,Währinger Straße U,29,345715
2026-06-29T02:01:07.880024,Währinger Straße U,29,346451
2026-06-29T02:01:07.880024,Währinger Straße U,29,346446
2026-06-29T02:01:07.880024,Währinger Straße U,29,346379
2026-06-29T02:01:07.880024,Währinger Straße U,29,346046
2026-06-29T02:01:07.880024,Währinger Straße U,29,346018
2026-06-29T02:01:07.880024,Währinger Straße U,29,346792
2026-06-29T02:01:07.880024,Währinger Straße U,29,346565
2026-06-29T02:01:07.880024,Währinger Straße U,29,346555
2026-06-29T02:01:07.880024,Währinger Straße U,29,346549
2026-06-29T02:01:07.880024,Währinger Straße U,29,347323
2026-06-29T02:01:07.880024,Währinger Straße U,29,347219
2026-06-29T02:01:07.880024,Währinger Straße U,29,347080
2026-06-29T02:01:07.880024,Währinger Straße U,29,347637
2026-06-29T02:01:07.880024,Währinger Straße U,29,347564
2026-06-29T02:01:07.880024,Währinger Straße U,29,348486
2026-06-29T02:01:07.880024,Währinger Straße U,29,348436
2026-06-29T02:01:07.880024,Währinger Straße U,29,348159
2026-06-29T02:01:07.880024,Währinger Straße U,29,348112
2026-06-29T02:01:07.880024,Währinger Straße U,29,348629
2026-06-29T02:01:07.880024,Währinger Straße U,29,348585
2026-06-29T02:01:07.880024,Währinger Straße U,29,348557
2026-06-29T02:01:07.880024,Währinger Straße U,29,348550
2026-06-29T02:01:07.880024,Währinger Straße U,29,398850
2026-06-29T02:01:07.880024,Währinger Straße U,29,398826
2026-06-29T02:01:07.880024,Währinger Straße U,29,398820
2026-06-29T02:01:07.880024,Hardtgasse,15,345489
2026-06-29T02:01:07.880024,Hardtgasse,15,345595
2026-06-29T02:01:07.880024,Hardtgasse,15,345579
2026-06-29T02:01:07.880024,Hardtgasse,15,346204
2026-06-29T02:01:07.880024,Hardtgasse,15,346092
2026-06-29T02:01:07.880024,Hardtgasse,15,346060
2026-06-29T02:01:07.880024,Hardtgasse,15,346584
2026-06-29T02:01:07.880024,Hardtgasse,15,346533
2026-06-29T02:01:07.880024,Hardtgasse,15,347137
2026-06-29T02:01:07.880024,Hardtgasse,15,347971
2026-06-29T02:01:07.880024,Hardtgasse,15,347962
2026-06-29T02:01:07.880024,Hardtgasse,15,347698
2026-06-29T02:01:07.880024,Hardtgasse,15,347681
2026-06-29T02:01:07.880024,Hardtgasse,15,398776
2026-06-29T02:01:07.880024,Hardtgasse,15,348856
2026-06-29T02:01:07.880024,Handelskai S U,36,345344
2026-06-29T02:01:07.880024,Handelskai S U,36,345311
2026-06-29T02:01:07.880024,Handelskai S U,36,345656
2026-06-29T02:01:07.880024,Handelskai S U,36,345599
2026-06-29T02:01:07.880024,Handelskai S U,36,345576
2026-06-29T02:01:07.880024,Handelskai S U,36,346493
2026-06-29T02:01:07.880024,Handelskai S U,36,346460
2026-06-29T02:01:07.880024,Handelskai S U,36,346278
2026-06-29T02:01:07.880024,Handelskai S U,36,346716
2026-06-29T02:01:07.880024,Handelskai S U,36,346628
2026-06-29T02:01:07.880024,Handelskai S U,36,346512
2026-06-29T02:01:07.880024,Handelskai S U,36,347421
2026-06-29T02:01:07.880024,Handelskai S U,36,347256
2026-06-29T02:01:07.880024,Handelskai S U,36,347251
2026-06-29T02:01:07.880024,Handelskai S U,36,347212
2026-06-29T02:01:07.880024,Handelskai S U,36,347954
2026-06-29T02:01:07.880024,Handelskai S U,36,347917
2026-06-29T02:01:07.880024,Handelskai S U,36,347892
2026-06-29T02:01:07.880024,Handelskai S U,36,347771
2026-06-29T02:01:07.880024,Handelskai S U,36,347692
2026-06-29T02:01:07.880024,Handelskai S U,36,347647
2026-06-29T02:01:07.880024,Handelskai S U,36,347620
2026-06-29T02:01:07.880024,Handelskai S U,36,347610
2026-06-29T02:01:07.880024,Handelskai S U,36,347592
2026-06-29T02:01:07.880024,Handelskai S U,36,347500
2026-06-29T02:01:07.880024,Handelskai S U,36,348388
2026-06-29T02:01:07.880024,Handelskai S U,36,348371
2026-06-29T02:01:07.880024,Handelskai S U,36,348221
2026-06-29T02:01:07.880024,Handelskai S U,36,348215
2026-06-29T02:01:07.880024,Handelskai S U,36,348175
2026-06-29T02:01:07.880024,Handelskai S U,36,348152
2026-06-29T02:01:07.880024,Handelskai S U,36,348124
2026-06-29T02:01:07.880024,Handelskai S U,36,348710
2026-06-29T02:01:07.880024,Handelskai S U,36,348685
2026-06-29T02:01:07.880024,Handelskai S U,36,348636
2026-06-29T02:01:07.880024,Handelskai S U,36,348918
2026-06-29T02:01:07.880024,Wallensteinplatz,32,345383
2026-06-29T02:01:07.880024,Wallensteinplatz,32,345372
2026-06-29T02:01:07.880024,Wallensteinplatz,32,345127
2026-06-29T02:01:07.880024,Wallensteinplatz,32,345077
2026-06-29T02:01:07.880024,Wallensteinplatz,32,345024
2026-06-29T02:01:07.880024,Wallensteinplatz,32,345016
2026-06-29T02:01:07.880024,Wallensteinplatz,32,345005
2026-06-29T02:01:07.880024,Wallensteinplatz,32,345981
2026-06-29T02:01:07.880024,Wallensteinplatz,32,345913
2026-06-29T02:01:07.880024,Wallensteinplatz,32,345898
2026-06-29T02:01:07.880024,Wallensteinplatz,32,345761
2026-06-29T02:01:07.880024,Wallensteinplatz,32,345724
2026-06-29T02:01:07.880024,Wallensteinplatz,32,345697
2026-06-29T02:01:07.880024,Wallensteinplatz,32,345670
2026-06-29T02:01:07.880024,Wallensteinplatz,32,345624
2026-06-29T02:01:07.880024,Wallensteinplatz,32,345519
2026-06-29T02:01:07.880024,Wallensteinplatz,32,346477
2026-06-29T02:01:07.880024,Wallensteinplatz,32,346342
2026-06-29T02:01:07.880024,Wallensteinplatz,32,346620
2026-06-29T02:01:07.880024,Wallensteinplatz,32,347443
2026-06-29T02:01:07.880024,Wallensteinplatz,32,347300
2026-06-29T02:01:07.880024,Wallensteinplatz,32,347275
2026-06-29T02:01:07.880024,Wallensteinplatz,32,347113
2026-06-29T02:01:07.880024,Wallensteinplatz,32,347067
2026-06-29T02:01:07.880024,Wallensteinplatz,32,347617
2026-06-29T02:01:07.880024,Wallensteinplatz,32,347568
2026-06-29T02:01:07.880024,Wallensteinplatz,32,347523
2026-06-29T02:01:07.880024,Wallensteinplatz,32,348212
2026-06-29T02:01:07.880024,Wallensteinplatz,32,348202
2026-06-29T02:01:07.880024,Wallensteinplatz,32,348597
2026-06-29T02:01:07.880024,Wallensteinplatz,32,348593
2026-06-29T02:01:07.880024,Wallensteinplatz,32,348521
2026-06-29T02:01:07.880024,Brünner Straße S,30,345498
2026-06-29T02:01:07.880024,Brünner Straße S,30,345492
2026-06-29T02:01:07.880024,Brünner Straße S,30,345458
2026-06-29T02:01:07.880024,Brünner Straße S,30,345261
2026-06-29T02:01:07.880024,Brünner Straße S,30,345903
2026-06-29T02:01:07.880024,Brünner Straße S,30,345860
2026-06-29T02:01:07.880024,Brünner Straße S,30,345854
2026-06-29T02:01:07.880024,Brünner Straße S,30,345727
2026-06-29T02:01:07.880024,Brünner Straße S,30,346464
2026-06-29T02:01:07.880024,Brünner Straße S,30,346300
2026-06-29T02:01:07.880024,Brünner Straße S,30,346051
2026-06-29T02:01:07.880024,Brünner Straße S,30,346044
2026-06-29T02:01:07.880024,Brünner Straße S,30,346852
2026-06-29T02:01:07.880024,Brünner Straße S,30,346845
2026-06-29T02:01:07.880024,Brünner Straße S,30,346767
2026-06-29T02:01:07.880024,Brünner Straße S,30,346660
2026-06-29T02:01:07.880024,Brünner Straße S,30,346618
2026-06-29T02:01:07.880024,Brünner Straße S,30,346606
2026-06-29T02:01:07.880024,Brünner Straße S,30,346552
2026-06-29T02:01:07.880024,Brünner Straße S,30,347438
2026-06-29T02:01:07.880024,Brünner Straße S,30,347163
2026-06-29T02:01:07.880024,Brünner Straße S,30,347922
2026-06-29T02:01:07.880024,Brünner Straße S,30,347534
2026-06-29T02:01:07.880024,Brünner Straße S,30,347527
2026-06-29T02:01:07.880024,Brünner Straße S,30,348471
2026-06-29T02:01:07.880024,Brünner Straße S,30,348122
2026-06-29T02:01:07.880024,Brünner Straße S,30,348080
2026-06-29T02:01:07.880024,Brünner Straße S,30,348571
2026-06-29T02:01:07.880024,Brünner Straße S,30,348540
2026-06-29T02:01:07.880024,Brünner Straße S,30,349192
2026-06-29T02:01:07.880024,Floridsdorf S U,17,345340
2026-06-29T02:01:07.880024,Floridsdorf S U,17,345071
2026-06-29T02:01:07.880024,Floridsdorf S U,17,345614
2026-06-29T02:01:07.880024,Floridsdorf S U,17,346401
2026-06-29T02:01:07.880024,Floridsdorf S U,17,346949
2026-06-29T02:01:07.880024,Floridsdorf S U,17,346901
2026-06-29T02:01:07.880024,Floridsdorf S U,17,346652
2026-06-29T02:01:07.880024,Floridsdorf S U,17,346627
2026-06-29T02:01:07.880024,Floridsdorf S U,17,347291
2026-06-29T02:01:07.880024,Floridsdorf S U,17,347231
2026-06-29T02:01:07.880024,Floridsdorf S U,17,347024
2026-06-29T02:01:07.880024,Floridsdorf S U,17,347015
2026-06-29T02:01:07.880024,Floridsdorf S U,17,347651
2026-06-29T02:01:07.880024,Floridsdorf S U,17,347570
2026-06-29T02:01:07.880024,Floridsdorf S U,17,348187
2026-06-29T02:01:07.880024,Floridsdorf S U,17,348694
2026-06-29T02:01:07.880024,Floridsdorf S U,17,348642
2026-06-29T02:01:07.880024,Großfeldsiedlung U,2,346298
2026-06-29T02:01:07.880024,Großfeldsiedlung U,2,347451
2026-06-29T02:01:07.880024,Siemensstraße S,9,345555
2026-06-29T02:01:07.880024,Siemensstraße S,9,346984
2026-06-29T02:01:07.880024,Siemensstraße S,9,347773
2026-06-29T02:01:07.880024,Siemensstraße S,9,347605
2026-06-29T02:01:07.880024,Siemensstraße S,9,348035
2026-06-29T02:01:07.880024,Siemensstraße S,9,348004
2026-06-29T02:01:07.880024,Siemensstraße S,9,348666
2026-06-29T02:01:07.880024,Siemensstraße S,9,348546
2026-06-29T02:01:07.880024,Siemensstraße S,9,398733
2026-06-29T02:01:07.880024,Aspernstraße U,14,345132
2026-06-29T02:01:07.880024,Aspernstraße U,14,345631
2026-06-29T02:01:07.880024,Aspernstraße U,14,346127
2026-06-29T02:01:07.880024,Aspernstraße U,14,346920
2026-06-29T02:01:07.880024,Aspernstraße U,14,346754
2026-06-29T02:01:07.880024,Aspernstraße U,14,347439
2026-06-29T02:01:07.880024,Aspernstraße U,14,347434
2026-06-29T02:01:07.880024,Aspernstraße U,14,347060
2026-06-29T02:01:07.880024,Aspernstraße U,14,347846
2026-06-29T02:01:07.880024,Aspernstraße U,14,347842
2026-06-29T02:01:07.880024,Aspernstraße U,14,347822
2026-06-29T02:01:07.880024,Aspernstraße U,14,347791
2026-06-29T02:01:07.880024,Aspernstraße U,14,347786
2026-06-29T02:01:07.880024,Aspernstraße U,14,398852
2026-06-29T02:01:07.880024,Donauspital U,18,345302
2026-06-29T02:01:07.880024,Donauspital U,18,345278
2026-06-29T02:01:07.880024,Donauspital U,18,345141
2026-06-29T02:01:07.880024,Donauspital U,18,345026
2026-06-29T02:01:07.880024,Donauspital U,18,345808
2026-06-29T02:01:07.880024,Donauspital U,18,345712
2026-06-29T02:01:07.880024,Donauspital U,18,345611
2026-06-29T02:01:07.880024,Donauspital U,18,345604
2026-06-29T02:01:07.880024,Donauspital U,18,346335
2026-06-29T02:01:07.880024,Donauspital U,18,346137
2026-06-29T02:01:07.880024,Donauspital U,18,346827
2026-06-29T02:01:07.880024,Donauspital U,18,346633
2026-06-29T02:01:07.880024,Donauspital U,18,347319
2026-06-29T02:01:07.880024,Donauspital U,18,347961
2026-06-29T02:01:07.880024,Donauspital U,18,347689
2026-06-29T02:01:07.880024,Donauspital U,18,348354
2026-06-29T02:01:07.880024,Donauspital U,18,348026
2026-06-29T02:01:07.880024,Donauspital U,18,348662
2026-06-29T02:01:07.880024,Erzherzog-Karl-Straße S,16,345443
2026-06-29T02:01:07.880024,Erzherzog-Karl-Straße S,16,345207
2026-06-29T02:01:07.880024,Erzherzog-Karl-Straße S,16,345947
2026-06-29T02:01:07.880024,Erzherzog-Karl-Straße S,16,345937
2026-06-29T02:01:07.880024,Erzherzog-Karl-Straße S,16,345741
2026-06-29T02:01:07.880024,Erzherzog-Karl-Straße S,16,346135
2026-06-29T02:01:07.880024,Erzherzog-Karl-Straße S,16,346994
2026-06-29T02:01:07.880024,Erzherzog-Karl-Straße S,16,346835
2026-06-29T02:01:07.880024,Erzherzog-Karl-Straße S,16,346509
2026-06-29T02:01:07.880024,Erzherzog-Karl-Straße S,16,347748
2026-06-29T02:01:07.880024,Erzherzog-Karl-Straße S,16,348382
2026-06-29T02:01:07.880024,Erzherzog-Karl-Straße S,16,348266
2026-06-29T02:01:07.880024,Erzherzog-Karl-Straße S,16,348128
2026-06-29T02:01:07.880024,Erzherzog-Karl-Straße S,16,348059
2026-06-29T02:01:07.880024,Erzherzog-Karl-Straße S,16,398724
2026-06-29T02:01:07.880024,Erzherzog-Karl-Straße S,16,348921
2026-06-29T02:01:07.880024,Hausfeldstraße S U,24,345252
2026-06-29T02:01:07.880024,Hausfeldstraße S U,24,345051
2026-06-29T02:01:07.880024,Hausfeldstraße S U,24,345812
2026-06-29T02:01:07.880024,Hausfeldstraße S U,24,345737
2026-06-29T02:01:07.880024,Hausfeldstraße S U,24,345676
2026-06-29T02:01:07.880024,Hausfeldstraße S U,24,345605
2026-06-29T02:01:07.880024,Hausfeldstraße S U,24,345542
2026-06-29T02:01:07.880024,Hausfeldstraße S U,24,346123
2026-06-29T02:01:07.880024,Hausfeldstraße S U,24,346726
2026-06-29T02:01:07.880024,Hausfeldstraße S U,24,346638
2026-06-29T02:01:07.880024,Hausfeldstraße S U,24,346527
2026-06-29T02:01:07.880024,Hausfeldstraße S U,24,347353
2026-06-29T02:01:07.880024,Hausfeldstraße S U,24,347341
2026-06-29T02:01:07.880024,Hausfeldstraße S U,24,347232
2026-06-29T02:01:07.880024,Hausfeldstraße S U,24,347157
2026-06-29T02:01:07.880024,Hausfeldstraße S U,24,347661
2026-06-29T02:01:07.880024,Hausfeldstraße S U,24,347600
2026-06-29T02:01:07.880024,Hausfeldstraße S U,24,347512
2026-06-29T02:01:07.880024,Hausfeldstraße S U,24,348320
2026-06-29T02:01:07.880024,Hausfeldstraße S U,24,348268
2026-06-29T02:01:07.880024,Hausfeldstraße S U,24,348101
2026-06-29T02:01:07.880024,Hausfeldstraße S U,24,348658
2026-06-29T02:01:07.880024,Hausfeldstraße S U,24,398833
2026-06-29T02:01:07.880024,Hausfeldstraße S U,24,398736
2026-06-29T02:01:07.880024,Kagran U,3,346338
2026-06-29T02:01:07.880024,Kagran U,3,347381
2026-06-29T02:01:07.880024,Kagran U,3,347927
2026-06-29T02:01:07.880024,Maria-Tusch-Straße,24,345346
2026-06-29T02:01:07.880024,Maria-Tusch-Straße,24,345785
2026-06-29T02:01:07.880024,Maria-Tusch-Straße,24,345730
2026-06-29T02:01:07.880024,Maria-Tusch-Straße,24,345728
2026-06-29T02:01:07.880024,Maria-Tusch-Straße,24,345552
2026-06-29T02:01:07.880024,Maria-Tusch-Straße,24,346416
2026-06-29T02:01:07.880024,Maria-Tusch-Straße,24,346372
2026-06-29T02:01:07.880024,Maria-Tusch-Straße,24,346208
2026-06-29T02:01:07.880024,Maria-Tusch-Straße,24,346143
2026-06-29T02:01:07.880024,Maria-Tusch-Straße,24,346019
2026-06-29T02:01:07.880024,Maria-Tusch-Straße,24,346913
2026-06-29T02:01:07.880024,Maria-Tusch-Straße,24,346663
2026-06-29T02:01:07.880024,Maria-Tusch-Straße,24,347474
2026-06-29T02:01:07.880024,Maria-Tusch-Straße,24,347467
2026-06-29T02:01:07.880024,Maria-Tusch-Straße,24,347449
2026-06-29T02:01:07.880024,Maria-Tusch-Straße,24,347345
2026-06-29T02:01:07.880024,Maria-Tusch-Straße,24,347155
2026-06-29T02:01:07.880024,Maria-Tusch-Straße,24,347101
2026-06-29T02:01:07.880024,Maria-Tusch-Straße,24,347083
2026-06-29T02:01:07.880024,Maria-Tusch-Straße,24,347550
2026-06-29T02:01:07.880024,Maria-Tusch-Straße,24,348462
2026-06-29T02:01:07.880024,Maria-Tusch-Straße,24,348416
2026-06-29T02:01:07.880024,Maria-Tusch-Straße,24,348133
2026-06-29T02:01:07.880024,Maria-Tusch-Straße,24,398855
2026-06-29T02:01:07.880024,Rennbahnweg U,26,345470
2026-06-29T02:01:07.880024,Rennbahnweg U,26,345313
2026-06-29T02:01:07.880024,Rennbahnweg U,26,345128
2026-06-29T02:01:07.880024,Rennbahnweg U,26,345610
2026-06-29T02:01:07.880024,Rennbahnweg U,26,345573
2026-06-29T02:01:07.880024,Rennbahnweg U,26,345514
2026-06-29T02:01:07.880024,Rennbahnweg U,26,346985
2026-06-29T02:01:07.880024,Rennbahnweg U,26,346760
2026-06-29T02:01:07.880024,Rennbahnweg U,26,346648
2026-06-29T02:01:07.880024,Rennbahnweg U,26,346642
2026-06-29T02:01:07.880024,Rennbahnweg U,26,346501
2026-06-29T02:01:07.880024,Rennbahnweg U,26,347364
2026-06-29T02:01:07.880024,Rennbahnweg U,26,347158
2026-06-29T02:01:07.880024,Rennbahnweg U,26,347041
2026-06-29T02:01:07.880024,Rennbahnweg U,26,347918
2026-06-29T02:01:07.880024,Rennbahnweg U,26,347819
2026-06-29T02:01:07.880024,Rennbahnweg U,26,347790
2026-06-29T02:01:07.880024,Rennbahnweg U,26,347595
2026-06-29T02:01:07.880024,Rennbahnweg U,26,348346
2026-06-29T02:01:07.880024,Rennbahnweg U,26,348303
2026-06-29T02:01:07.880024,Rennbahnweg U,26,348194
2026-06-29T02:01:07.880024,Rennbahnweg U,26,348032
2026-06-29T02:01:07.880024,Rennbahnweg U,26,348643
2026-06-29T02:01:07.880024,Rennbahnweg U,26,398766
2026-06-29T02:01:07.880024,Rennbahnweg U,26,349111
2026-06-29T02:01:07.880024,Rennbahnweg U,26,348977
2026-06-29T02:01:07.880024,Schüttauplatz,3,346926
2026-06-29T02:01:07.880024,Schüttauplatz,3,346888
2026-06-29T02:01:07.880024,Schüttauplatz,3,346789
2026-06-29T02:01:07.880024,Stadlau S U,17,345238
2026-06-29T02:01:07.880024,Stadlau S U,17,345144
2026-06-29T02:01:07.880024,Stadlau S U,17,345047
2026-06-29T02:01:07.880024,Stadlau S U,17,345826
2026-06-29T02:01:07.880024,Stadlau S U,17,345716
2026-06-29T02:01:07.880024,Stadlau S U,17,346933
2026-06-29T02:01:07.880024,Stadlau S U,17,346703
2026-06-29T02:01:07.880024,Stadlau S U,17,346651
2026-06-29T02:01:07.880024,Stadlau S U,17,346632
2026-06-29T02:01:07.880024,Stadlau S U,17,346522
2026-06-29T02:01:07.880024,Stadlau S U,17,347462
2026-06-29T02:01:07.880024,Stadlau S U,17,347303
2026-06-29T02:01:07.880024,Stadlau S U,17,347292
2026-06-29T02:01:07.880024,Stadlau S U,17,347072
2026-06-29T02:01:07.880024,Stadlau S U,17,347779
2026-06-29T02:01:07.880024,Stadlau S U,17,348328
2026-06-29T02:01:07.880024,Stadlau S U,17,348689
2026-06-29T02:01:07.880024,Kaisermühlen-VIC U,9,346041
2026-06-29T02:01:07.880024,Kaisermühlen-VIC U,9,346646
2026-06-29T02:01:07.880024,Kaisermühlen-VIC U,9,346567
2026-06-29T02:01:07.880024,Kaisermühlen-VIC U,9,346530
2026-06-29T02:01:07.880024,Kaisermühlen-VIC U,9,348476
2026-06-29T02:01:07.880024,Kaisermühlen-VIC U,9,348337
2026-06-29T02:01:07.880024,Kaisermühlen-VIC U,9,348279
2026-06-29T02:01:07.880024,Kaisermühlen-VIC U,9,348055
2026-06-29T02:01:07.880024,Kaisermühlen-VIC U,9,348031
2026-06-29T02:01:07.880024,Kagraner Platz U,19,345494
2026-06-29T02:01:07.880024,Kagraner Platz U,19,345296
2026-06-29T02:01:07.880024,Kagraner Platz U,19,345832
2026-06-29T02:01:07.880024,Kagraner Platz U,19,345818
2026-06-29T02:01:07.880024,Kagraner Platz U,19,345720
2026-06-29T02:01:07.880024,Kagraner Platz U,19,346352
2026-06-29T02:01:07.880024,Kagraner Platz U,19,346316
2026-06-29T02:01:07.880024,Kagraner Platz U,19,346649
2026-06-29T02:01:07.880024,Kagraner Platz U,19,346609
2026-06-29T02:01:07.880024,Kagraner Platz U,19,347429
2026-06-29T02:01:07.880024,Kagraner Platz U,19,347226
2026-06-29T02:01:07.880024,Kagraner Platz U,19,347185
2026-06-29T02:01:07.880024,Kagraner Platz U,19,347845
2026-06-29T02:01:07.880024,Kagraner Platz U,19,347783
2026-06-29T02:01:07.880024,Kagraner Platz U,19,347691
2026-06-29T02:01:07.880024,Kagraner Platz U,19,348423
2026-06-29T02:01:07.880024,Kagraner Platz U,19,348334
2026-06-29T02:01:07.880024,Kagraner Platz U,19,348094
2026-06-29T02:01:07.880024,Kagraner Platz U,19,348001
2026-06-29T02:01:07.880024,Alterlaa U,7,345123
2026-06-29T02:01:07.880024,Alterlaa U,7,345691
2026-06-29T02:01:07.880024,Alterlaa U,7,347416
2026-06-29T02:01:07.880024,Alterlaa U,7,347177
2026-06-29T02:01:07.880024,Alterlaa U,7,347925
2026-06-29T02:01:07.880024,Alterlaa U,7,348311
2026-06-29T02:01:07.880024,Alterlaa U,7,348252
2026-06-29T02:01:07.880024,Bacherplatz,14,345270
2026-06-29T02:01:07.880024,Bacherplatz,14,345221
2026-06-29T02:01:07.880024,Bacherplatz,14,345135
2026-06-29T02:01:07.880024,Bacherplatz,14,345038
2026-06-29T02:01:07.880024,Bacherplatz,14,345834
2026-06-29T02:01:07.880024,Bacherplatz,14,346450
2026-06-29T02:01:07.880024,Bacherplatz,14,346785
2026-06-29T02:01:07.880024,Bacherplatz,14,347016
2026-06-29T02:01:07.880024,Bacherplatz,14,347009
2026-06-29T02:01:07.880024,Bacherplatz,14,347625
2026-06-29T02:01:07.880024,Bacherplatz,14,348403
2026-06-29T02:01:07.880024,Bacherplatz,14,348379
2026-06-29T02:01:07.880024,Bacherplatz,14,348265
2026-06-29T02:01:07.880024,Bacherplatz,14,398771
2026-06-29T02:01:07.880024,Carl-Appel-Straße,19,345157
2026-06-29T02:01:07.880024,Carl-Appel-Straße,19,345695
2026-06-29T02:01:07.880024,Carl-Appel-Straße,19,345578
2026-06-29T02:01:07.880024,Carl-Appel-Straße,19,346380
2026-06-29T02:01:07.880024,Carl-Appel-Straße,19,346173
2026-06-29T02:01:07.880024,Carl-Appel-Straße,19,346138
2026-06-29T02:01:07.880024,Carl-Appel-Straße,19,346003
2026-06-29T02:01:07.880024,Carl-Appel-Straße,19,347436
2026-06-29T02:01:07.880024,Carl-Appel-Straße,19,347318
2026-06-29T02:01:07.880024,Carl-Appel-Straße,19,347258
2026-06-29T02:01:07.880024,Carl-Appel-Straße,19,347191
2026-06-29T02:01:07.880024,Carl-Appel-Straße,19,347956
2026-06-29T02:01:07.880024,Carl-Appel-Straße,19,347900
2026-06-29T02:01:07.880024,Carl-Appel-Straße,19,347775
2026-06-29T02:01:07.880024,Carl-Appel-Straße,19,348400
2026-06-29T02:01:07.880024,Carl-Appel-Straße,19,348172
2026-06-29T02:01:07.880024,Carl-Appel-Straße,19,348038
2026-06-29T02:01:07.880024,Carl-Appel-Straße,19,348514
2026-06-29T02:01:07.880024,Carl-Appel-Straße,19,348989
2026-06-29T02:01:07.880024,Otto-Probst-Platz,4,345272
2026-06-29T02:01:07.880024,Otto-Probst-Platz,4,346914
2026-06-29T02:01:07.880024,Otto-Probst-Platz,4,348908
2026-06-29T02:01:07.880024,Otto-Probst-Platz,4,348804
2026-06-29T02:01:07.880024,Alaudagasse U,1,345618
2026-06-29T02:01:07.880024,Svetelskystraße,7,345643
2026-06-29T02:01:07.880024,Svetelskystraße,7,346280
2026-06-29T02:01:07.880024,Svetelskystraße,7,346275
2026-06-29T02:01:07.880024,Svetelskystraße,7,347095
2026-06-29T02:01:07.880024,Svetelskystraße,7,347856
2026-06-29T02:01:07.880024,Svetelskystraße,7,348163
2026-06-29T02:01:07.880024,Svetelskystraße,7,348892
2026-06-29T02:01:07.880024,Weißenböckstraße,14,345690
2026-06-29T02:01:07.880024,Weißenböckstraße,14,346337
2026-06-29T02:01:07.880024,Weißenböckstraße,14,346274
2026-06-29T02:01:07.880024,Weißenböckstraße,14,346192
2026-06-29T02:01:07.880024,Weißenböckstraße,14,346804
2026-06-29T02:01:07.880024,Weißenböckstraße,14,346700
2026-06-29T02:01:07.880024,Weißenböckstraße,14,346615
2026-06-29T02:01:07.880024,Weißenböckstraße,14,347011
2026-06-29T02:01:07.880024,Weißenböckstraße,14,347631
2026-06-29T02:01:07.880024,Weißenböckstraße,14,347547
2026-06-29T02:01:07.880024,Weißenböckstraße,14,348496
2026-06-29T02:01:07.880024,Weißenböckstraße,14,348213
2026-06-29T02:01:07.880024,Weißenböckstraße,14,348167
2026-06-29T02:01:07.880024,Weißenböckstraße,14,348709
2026-06-29T02:01:07.880024,Zentralfriedhof 2. Tor,10,345427
2026-06-29T02:01:07.880024,Zentralfriedhof 2. Tor,10,345698
2026-06-29T02:01:07.880024,Zentralfriedhof 2. Tor,10,345507
2026-06-29T02:01:07.880024,Zentralfriedhof 2. Tor,10,346907
2026-06-29T02:01:07.880024,Zentralfriedhof 2. Tor,10,346799
2026-06-29T02:01:07.880024,Zentralfriedhof 2. Tor,10,347336
2026-06-29T02:01:07.880024,Zentralfriedhof 2. Tor,10,347006
2026-06-29T02:01:07.880024,Zentralfriedhof 2. Tor,10,347957
2026-06-29T02:01:07.880024,Zentralfriedhof 2. Tor,10,347566
2026-06-29T02:01:07.880024,Zentralfriedhof 2. Tor,10,348979
2026-06-29T02:01:07.880024,Simoningplatz,23,345462
2026-06-29T02:01:07.880024,Simoningplatz,23,345446
2026-06-29T02:01:07.880024,Simoningplatz,23,345434
2026-06-29T02:01:07.880024,Simoningplatz,23,345349
2026-06-29T02:01:07.880024,Simoningplatz,23,345256
2026-06-29T02:01:07.880024,Simoningplatz,23,345188
2026-06-29T02:01:07.880024,Simoningplatz,23,345918
2026-06-29T02:01:07.880024,Simoningplatz,23,346496
2026-06-29T02:01:07.880024,Simoningplatz,23,346322
2026-06-29T02:01:07.880024,Simoningplatz,23,346231
2026-06-29T02:01:07.880024,Simoningplatz,23,346069
2026-06-29T02:01:07.880024,Simoningplatz,23,346961
2026-06-29T02:01:07.880024,Simoningplatz,23,346777
2026-06-29T02:01:07.880024,Simoningplatz,23,346748
2026-06-29T02:01:07.880024,Simoningplatz,23,347193
2026-06-29T02:01:07.880024,Simoningplatz,23,347180
2026-06-29T02:01:07.880024,Simoningplatz,23,348222
2026-06-29T02:01:07.880024,Simoningplatz,23,348203
2026-06-29T02:01:07.880024,Simoningplatz,23,348534
2026-06-29T02:01:07.880024,Simoningplatz,23,398824
2026-06-29T02:01:07.880024,Simoningplatz,23,398810
2026-06-29T02:01:07.880024,Simoningplatz,23,398763
2026-06-29T02:01:07.880024,Simoningplatz,23,398865
2026-06-29T02:01:07.880024,Etrichstraße,4,346210
2026-06-29T02:01:07.880024,Etrichstraße,4,346784
2026-06-29T02:01:07.880024,Etrichstraße,4,347943
2026-06-29T02:01:07.880024,Etrichstraße,4,348276
2026-06-29T02:01:07.880024,Zippererstraße U,19,345387
2026-06-29T02:01:07.880024,Zippererstraße U,19,345911
2026-06-29T02:01:07.880024,Zippererstraße U,19,345827
2026-06-29T02:01:07.880024,Zippererstraße U,19,345655
2026-06-29T02:01:07.880024,Zippererstraße U,19,346426
2026-06-29T02:01:07.880024,Zippererstraße U,19,346283
2026-06-29T02:01:07.880024,Zippererstraße U,19,346078
2026-06-29T02:01:07.880024,Zippererstraße U,19,346520
2026-06-29T02:01:07.880024,Zippererstraße U,19,347393
2026-06-29T02:01:07.880024,Zippererstraße U,19,347375
2026-06-29T02:01:07.880024,Zippererstraße U,19,347337
2026-06-29T02:01:07.880024,Zippererstraße U,19,347211
2026-06-29T02:01:07.880024,Zippererstraße U,19,347762
2026-06-29T02:01:07.880024,Zippererstraße U,19,347753
2026-06-29T02:01:07.880024,Zippererstraße U,19,347709
2026-06-29T02:01:07.880024,Zippererstraße U,19,348473
2026-06-29T02:01:07.880024,Zippererstraße U,19,348454
2026-06-29T02:01:07.880024,Zippererstraße U,19,348185
2026-06-29T02:01:07.880024,Zippererstraße U,19,348645
2026-06-29T02:01:07.880024,Hetzendorf S / Altmannsdorfer Straße,5,345063
2026-06-29T02:01:07.880024,Hetzendorf S / Altmannsdorfer Straße,5,345019
2026-06-29T02:01:07.880024,Hetzendorf S / Altmannsdorfer Straße,5,347465
2026-06-29T02:01:07.880024,Hetzendorf S / Altmannsdorfer Straße,5,347159
2026-06-29T02:01:07.880024,Hetzendorf S / Altmannsdorfer Straße,5,347805
2026-06-29T02:01:07.880024,Gatterhölzl,15,345003
2026-06-29T02:01:07.880024,Gatterhölzl,15,345667
2026-06-29T02:01:07.880024,Gatterhölzl,15,345658
2026-06-29T02:01:07.880024,Gatterhölzl,15,345511
2026-06-29T02:01:07.880024,Gatterhölzl,15,346945
2026-06-29T02:01:07.880024,Gatterhölzl,15,346806
2026-06-29T02:01:07.880024,Gatterhölzl,15,347367
2026-06-29T02:01:07.880024,Gatterhölzl,15,347658
2026-06-29T02:01:07.880024,Gatterhölzl,15,348110
2026-06-29T02:01:07.880024,Gatterhölzl,15,398752
2026-06-29T02:01:07.880024,Gatterhölzl,15,349029
2026-06-29T02:01:07.880024,Gatterhölzl,15,349017
2026-06-29T02:01:07.880024,Gatterhölzl,15,348887
2026-06-29T02:01:07.880024,Gatterhölzl,15,348878
2026-06-29T02:01:07.880024,Gatterhölzl,15,348872
2026-06-29T02:01:07.880024,Speising S,6,345450
2026-06-29T02:01:07.880024,Speising S,6,345336
2026-06-29T02:01:07.880024,Speising S,6,345931
2026-06-29T02:01:07.880024,Speising S,6,346303
2026-06-29T02:01:07.880024,Speising S,6,347306
2026-06-29T02:01:07.880024,Speising S,6,398828
2026-06-29T02:01:07.880024,Hasnerstraße / Hofferplatz,15,345483
2026-06-29T02:01:07.880024,Hasnerstraße / Hofferplatz,15,345467
2026-06-29T02:01:07.880024,Hasnerstraße / Hofferplatz,15,345345
2026-06-29T02:01:07.880024,Hasnerstraße / Hofferplatz,15,345109
2026-06-29T02:01:07.880024,Hasnerstraße / Hofferplatz,15,345763
2026-06-29T02:01:07.880024,Hasnerstraße / Hofferplatz,15,345760
2026-06-29T02:01:07.880024,Hasnerstraße / Hofferplatz,15,345609
2026-06-29T02:01:07.880024,Hasnerstraße / Hofferplatz,15,345586
2026-06-29T02:01:07.880024,Hasnerstraße / Hofferplatz,15,346318
2026-06-29T02:01:07.880024,Hasnerstraße / Hofferplatz,15,346184
2026-06-29T02:01:07.880024,Hasnerstraße / Hofferplatz,15,346919
2026-06-29T02:01:07.880024,Hasnerstraße / Hofferplatz,15,346569
2026-06-29T02:01:07.880024,Hasnerstraße / Hofferplatz,15,347601
2026-06-29T02:01:07.880024,Hasnerstraße / Hofferplatz,15,347540
2026-06-29T02:01:07.880024,Hasnerstraße / Hofferplatz,15,348287
2026-06-29T02:01:07.880024,Nietzscheplatz,4,347230
2026-06-29T02:01:07.880024,Nietzscheplatz,4,347504
2026-06-29T02:01:07.880024,Nietzscheplatz,4,348592
2026-06-29T02:01:07.880024,Nietzscheplatz,4,349166
2026-06-29T02:01:07.880024,Wattgasse,16,345306
2026-06-29T02:01:07.880024,Wattgasse,16,345239
2026-06-29T02:01:07.880024,Wattgasse,16,345201
2026-06-29T02:01:07.880024,Wattgasse,16,346481
2026-06-29T02:01:07.880024,Wattgasse,16,346239
2026-06-29T02:01:07.880024,Wattgasse,16,346203
2026-06-29T02:01:07.880024,Wattgasse,16,346108
2026-06-29T02:01:07.880024,Wattgasse,16,346043
2026-06-29T02:01:07.880024,Wattgasse,16,346006
2026-06-29T02:01:07.880024,Wattgasse,16,346741
2026-06-29T02:01:07.880024,Wattgasse,16,346538
2026-06-29T02:01:07.880024,Wattgasse,16,347181
2026-06-29T02:01:07.880024,Wattgasse,16,347985
2026-06-29T02:01:07.880024,Wattgasse,16,348461
2026-06-29T02:01:07.880024,Wattgasse,16,348411
2026-06-29T02:01:07.880024,Wattgasse,16,348176
2026-06-29T02:01:07.880024,Grinzing,3,348812
2026-06-29T02:01:07.880024,Grinzing,3,349158
2026-06-29T02:01:07.880024,Grinzing,3,349146
2026-06-29T02:01:07.880024,Oberdöbling S,18,345389
2026-06-29T02:01:07.880024,Oberdöbling S,18,346431
2026-06-29T02:01:07.880024,Oberdöbling S,18,346308
2026-06-29T02:01:07.880024,Oberdöbling S,18,346258
2026-06-29T02:01:07.880024,Oberdöbling S,18,346162
2026-06-29T02:01:07.880024,Oberdöbling S,18,346610
2026-06-29T02:01:07.880024,Oberdöbling S,18,346581
2026-06-29T02:01:07.880024,Oberdöbling S,18,346580
2026-06-29T02:01:07.880024,Oberdöbling S,18,346528
2026-06-29T02:01:07.880024,Oberdöbling S,18,346511
2026-06-29T02:01:07.880024,Oberdöbling S,18,347457
2026-06-29T02:01:07.880024,Oberdöbling S,18,347361
2026-06-29T02:01:07.880024,Oberdöbling S,18,347111
2026-06-29T02:01:07.880024,Oberdöbling S,18,348333
2026-06-29T02:01:07.880024,Oberdöbling S,18,348226
2026-06-29T02:01:07.880024,Oberdöbling S,18,348677
2026-06-29T02:01:07.880024,Oberdöbling S,18,398728
2026-06-29T02:01:07.880024,Oberdöbling S,18,348985
2026-06-29T02:01:07.880024,Kantnergasse,17,345456
2026-06-29T02:01:07.880024,Kantnergasse,17,345452
2026-06-29T02:01:07.880024,Kantnergasse,17,345010
2026-06-29T02:01:07.880024,Kantnergasse,17,345562
2026-06-29T02:01:07.880024,Kantnergasse,17,346916
2026-06-29T02:01:07.880024,Kantnergasse,17,346664
2026-06-29T02:01:07.880024,Kantnergasse,17,347450
2026-06-29T02:01:07.880024,Kantnergasse,17,347419
2026-06-29T02:01:07.880024,Kantnergasse,17,347404
2026-06-29T02:01:07.880024,Kantnergasse,17,347338
2026-06-29T02:01:07.880024,Kantnergasse,17,347125
2026-06-29T02:01:07.880024,Kantnergasse,17,347091
2026-06-29T02:01:07.880024,Kantnergasse,17,347070
2026-06-29T02:01:07.880024,Kantnergasse,17,347552
2026-06-29T02:01:07.880024,Kantnergasse,17,348069
2026-06-29T02:01:07.880024,Kantnergasse,17,398830
2026-06-29T02:01:07.880024,Kantnergasse,17,349169
2026-06-29T02:01:07.880024,Leopoldau S U,16,345232
2026-06-29T02:01:07.880024,Leopoldau S U,16,345888
2026-06-29T02:01:07.880024,Leopoldau S U,16,346467
2026-06-29T02:01:07.880024,Leopoldau S U,16,346361
2026-06-29T02:01:07.880024,Leopoldau S U,16,346228
2026-06-29T02:01:07.880024,Leopoldau S U,16,346165
2026-06-29T02:01:07.880024,Leopoldau S U,16,346157
2026-06-29T02:01:07.880024,Leopoldau S U,16,346087
2026-06-29T02:01:07.880024,Leopoldau S U,16,346958
2026-06-29T02:01:07.880024,Leopoldau S U,16,346556
2026-06-29T02:01:07.880024,Leopoldau S U,16,347487
2026-06-29T02:01:07.880024,Leopoldau S U,16,347154
2026-06-29T02:01:07.880024,Leopoldau S U,16,347928
2026-06-29T02:01:07.880024,Leopoldau S U,16,347811
2026-06-29T02:01:07.880024,Leopoldau S U,16,348310
2026-06-29T02:01:07.880024,Leopoldau S U,16,348205
2026-06-29T02:01:07.880024,Josef-Baumann-Gasse,17,345007
2026-06-29T02:01:07.880024,Josef-Baumann-Gasse,17,345006
2026-06-29T02:01:07.880024,Josef-Baumann-Gasse,17,345958
2026-06-29T02:01:07.880024,Josef-Baumann-Gasse,17,345884
2026-06-29T02:01:07.880024,Josef-Baumann-Gasse,17,345714
2026-06-29T02:01:07.880024,Josef-Baumann-Gasse,17,346365
2026-06-29T02:01:07.880024,Josef-Baumann-Gasse,17,346105
2026-06-29T02:01:07.880024,Josef-Baumann-Gasse,17,346042
2026-06-29T02:01:07.880024,Josef-Baumann-Gasse,17,346600
2026-06-29T02:01:07.880024,Josef-Baumann-Gasse,17,346506
2026-06-29T02:01:07.880024,Josef-Baumann-Gasse,17,347440
2026-06-29T02:01:07.880024,Josef-Baumann-Gasse,17,347129
2026-06-29T02:01:07.880024,Josef-Baumann-Gasse,17,347813
2026-06-29T02:01:07.880024,Josef-Baumann-Gasse,17,347764
2026-06-29T02:01:07.880024,Josef-Baumann-Gasse,17,347501
2026-06-29T02:01:07.880024,Josef-Baumann-Gasse,17,348649
2026-06-29T02:01:07.880024,Josef-Baumann-Gasse,17,348543
2026-06-29T02:01:07.880024,Fultonstraße,15,345531
2026-06-29T02:01:07.880024,Fultonstraße,15,346153
2026-06-29T02:01:07.880024,Fultonstraße,15,346718
2026-06-29T02:01:07.880024,Fultonstraße,15,346685
2026-06-29T02:01:07.880024,Fultonstraße,15,347489
2026-06-29T02:01:07.880024,Fultonstraße,15,347354
2026-06-29T02:01:07.880024,Fultonstraße,15,347199
2026-06-29T02:01:07.880024,Fultonstraße,15,347093
2026-06-29T02:01:07.880024,Fultonstraße,15,347966
2026-06-29T02:01:07.880024,Fultonstraße,15,347876
2026-06-29T02:01:07.880024,Fultonstraße,15,347768
2026-06-29T02:01:07.880024,Fultonstraße,15,348197
2026-06-29T02:01:07.880024,Fultonstraße,15,348184
2026-06-29T02:01:07.880024,Fultonstraße,15,348143
2026-06-29T02:01:07.880024,Fultonstraße,15,348554
2026-06-29T02:01:07.880024,Hopfengasse,30,345271
2026-06-29T02:01:07.880024,Hopfengasse,30,345159
2026-06-29T02:01:07.880024,Hopfengasse,30,345988
2026-06-29T02:01:07.880024,Hopfengasse,30,345934
2026-06-29T02:01:07.880024,Hopfengasse,30,345680
2026-06-29T02:01:07.880024,Hopfengasse,30,346402
2026-06-29T02:01:07.880024,Hopfengasse,30,346319
2026-06-29T02:01:07.880024,Hopfengasse,30,346288
2026-06-29T02:01:07.880024,Hopfengasse,30,346775
2026-06-29T02:01:07.880024,Hopfengasse,30,346557
2026-06-29T02:01:07.880024,Hopfengasse,30,347347
2026-06-29T02:01:07.880024,Hopfengasse,30,347227
2026-06-29T02:01:07.880024,Hopfengasse,30,347206
2026-06-29T02:01:07.880024,Hopfengasse,30,347109
2026-06-29T02:01:07.880024,Hopfengasse,30,347903
2026-06-29T02:01:07.880024,Hopfengasse,30,347844
2026-06-29T02:01:07.880024,Hopfengasse,30,347578
2026-06-29T02:01:07.880024,Hopfengasse,30,347562
2026-06-29T02:01:07.880024,Hopfengasse,30,347531
2026-06-29T02:01:07.880024,Hopfengasse,30,348480
2026-06-29T02:01:07.880024,Hopfengasse,30,348469
2026-06-29T02:01:07.880024,Hopfengasse,30,348099
2026-06-29T02:01:07.880024,Hopfengasse,30,348661
2026-06-29T02:01:07.880024,Hopfengasse,30,348628
2026-06-29T02:01:07.880024,Hopfengasse,30,348625
2026-06-29T02:01:07.880024,Hopfengasse,30,348599
2026-06-29T02:01:07.880024,Hopfengasse,30,348561
2026-06-29T02:01:07.880024,Hopfengasse,30,398856
2026-06-29T02:01:07.880024,Hopfengasse,30,398812
2026-06-29T02:01:07.880024,Hopfengasse,30,348933
2026-06-29T02:01:07.880024,Jedlesee / Bellgasse,16,345011
2026-06-29T02:01:07.880024,Jedlesee / Bellgasse,16,347468
2026-06-29T02:01:07.880024,Jedlesee / Bellgasse,16,347723
2026-06-29T02:01:07.880024,Jedlesee / Bellgasse,16,347582
2026-06-29T02:01:07.880024,Jedlesee / Bellgasse,16,348424
2026-06-29T02:01:07.880024,Jedlesee / Bellgasse,16,348393
2026-06-29T02:01:07.880024,Jedlesee / Bellgasse,16,348387
2026-06-29T02:01:07.880024,Jedlesee / Bellgasse,16,348357
2026-06-29T02:01:07.880024,Jedlesee / Bellgasse,16,348254
2026-06-29T02:01:07.880024,Jedlesee / Bellgasse,16,348074
2026-06-29T02:01:07.880024,Jedlesee / Bellgasse,16,348006
2026-06-29T02:01:07.880024,Jedlesee / Bellgasse,16,348569
2026-06-29T02:01:07.880024,Jedlesee / Bellgasse,16,348563
2026-06-29T02:01:07.880024,Jedlesee / Bellgasse,16,398742
2026-06-29T02:01:07.880024,Jedlesee / Bellgasse,16,398729
2026-06-29T02:01:07.880024,Jedlesee / Bellgasse,16,349061
2026-06-29T02:01:07.880024,Jedleseer Friedhof,26,345333
2026-06-29T02:01:07.880024,Jedleseer Friedhof,26,345798
2026-06-29T02:01:07.880024,Jedleseer Friedhof,26,346391
2026-06-29T02:01:07.880024,Jedleseer Friedhof,26,346357
2026-06-29T02:01:07.880024,Jedleseer Friedhof,26,346863
2026-06-29T02:01:07.880024,Jedleseer Friedhof,26,347437
2026-06-29T02:01:07.880024,Jedleseer Friedhof,26,347334
2026-06-29T02:01:07.880024,Jedleseer Friedhof,26,347050
2026-06-29T02:01:07.880024,Jedleseer Friedhof,26,347018
2026-06-29T02:01:07.880024,Jedleseer Friedhof,26,347861
2026-06-29T02:01:07.880024,Jedleseer Friedhof,26,347599
2026-06-29T02:01:07.880024,Jedleseer Friedhof,26,347572
2026-06-29T02:01:07.880024,Jedleseer Friedhof,26,348435
2026-06-29T02:01:07.880024,Jedleseer Friedhof,26,348391
2026-06-29T02:01:07.880024,Jedleseer Friedhof,26,348168
2026-06-29T02:01:07.880024,Jedleseer Friedhof,26,348054
2026-06-29T02:01:07.880024,Jedleseer Friedhof,26,348028
2026-06-29T02:01:07.880024,Jedleseer Friedhof,26,348675
2026-06-29T02:01:07.880024,Jedleseer Friedhof,26,348660
2026-06-29T02:01:07.880024,Jedleseer Friedhof,26,348600
2026-06-29T02:01:07.880024,Jedleseer Friedhof,26,348520
2026-06-29T02:01:07.880024,Jedleseer Friedhof,26,398839
2026-06-29T02:01:07.880024,Jedleseer Friedhof,26,398725
2026-06-29T02:01:07.880024,Jedleseer Friedhof,26,349089
2026-06-29T02:01:07.880024,Jedleseer Friedhof,26,349083
2026-06-29T02:01:07.880024,Jedleseer Friedhof,26,349070
2026-06-29T02:01:07.880024,Strebersdorf / Meriangasse,8,345015
2026-06-29T02:01:07.880024,Strebersdorf / Meriangasse,8,347257
2026-06-29T02:01:07.880024,Strebersdorf / Meriangasse,8,347005
2026-06-29T02:01:07.880024,Strebersdorf / Meriangasse,8,347879
2026-06-29T02:01:07.880024,Strebersdorf / Meriangasse,8,348498
2026-06-29T02:01:07.880024,Strebersdorf / Meriangasse,8,348479
2026-06-29T02:01:07.880024,Strebersdorf / Meriangasse,8,348237
2026-06-29T02:01:07.880024,Strebersdorf / Meriangasse,8,398835
2026-06-29T02:01:07.880024,Kagraner Anger,20,345388
2026-06-29T02:01:07.880024,Kagraner Anger,20,345980
2026-06-29T02:01:07.880024,Kagraner Anger,20,345640
2026-06-29T02:01:07.880024,Kagraner Anger,20,345506
2026-06-29T02:01:07.880024,Kagraner Anger,20,346468
2026-06-29T02:01:07.880024,Kagraner Anger,20,346130
2026-06-29T02:01:07.880024,Kagraner Anger,20,346065
2026-06-29T02:01:07.880024,Kagraner Anger,20,346883
2026-06-29T02:01:07.880024,Kagraner Anger,20,346879
2026-06-29T02:01:07.880024,Kagraner Anger,20,346871
2026-06-29T02:01:07.880024,Kagraner Anger,20,346768
2026-06-29T02:01:07.880024,Kagraner Anger,20,347298
2026-06-29T02:01:07.880024,Kagraner Anger,20,347277
2026-06-29T02:01:07.880024,Kagraner Anger,20,347048
2026-06-29T02:01:07.880024,Kagraner Anger,20,347930
2026-06-29T02:01:07.880024,Kagraner Anger,20,347851
2026-06-29T02:01:07.880024,Kagraner Anger,20,347715
2026-06-29T02:01:07.880024,Kagraner Anger,20,348239
2026-06-29T02:01:07.880024,Kagraner Anger,20,348138
2026-06-29T02:01:07.880024,Kagraner Anger,20,348130
2026-06-29T02:01:07.880024,mdw Campus,5,345613
2026-06-29T02:01:07.880024,mdw Campus,5,347456
2026-06-29T02:01:07.880024,mdw Campus,5,347442
2026-06-29T02:01:07.880024,mdw Campus,5,347273
2026-06-29T02:01:07.880024,mdw Campus,5,348525
2026-06-29T02:01:07.880024,Stavangergasse,9,345862
2026-06-29T02:01:07.880024,Stavangergasse,9,346262
2026-06-29T02:01:07.880024,Stavangergasse,9,347281
2026-06-29T02:01:07.880024,Stavangergasse,9,347697
2026-06-29T02:01:07.880024,Stavangergasse,9,347666
2026-06-29T02:01:07.880024,Stavangergasse,9,348108
2026-06-29T02:01:07.880024,Stavangergasse,9,348103
2026-06-29T02:01:07.880024,Stavangergasse,9,348681
2026-06-29T02:01:07.880024,Stavangergasse,9,398784
2026-06-29T02:01:07.880024,Hans-Steger-Gasse,16,345199
2026-06-29T02:01:07.880024,Hans-Steger-Gasse,16,345102
2026-06-29T02:01:07.880024,Hans-Steger-Gasse,16,345998
2026-06-29T02:01:07.880024,Hans-Steger-Gasse,16,345848
2026-06-29T02:01:07.880024,Hans-Steger-Gasse,16,345738
2026-06-29T02:01:07.880024,Hans-Steger-Gasse,16,345581
2026-06-29T02:01:07.880024,Hans-Steger-Gasse,16,346152
2026-06-29T02:01:07.880024,Hans-Steger-Gasse,16,346635
2026-06-29T02:01:07.880024,Hans-Steger-Gasse,16,347351
2026-06-29T02:01:07.880024,Hans-Steger-Gasse,16,347271
2026-06-29T02:01:07.880024,Hans-Steger-Gasse,16,347045
2026-06-29T02:01:07.880024,Hans-Steger-Gasse,16,347880
2026-06-29T02:01:07.880024,Hans-Steger-Gasse,16,347794
2026-06-29T02:01:07.880024,Hans-Steger-Gasse,16,348656
2026-06-29T02:01:07.880024,Hans-Steger-Gasse,16,398791
2026-06-29T02:01:07.880024,Hans-Steger-Gasse,16,398750
2026-06-29T02:01:07.880024,Hirschstetten S,16,345392
2026-06-29T02:01:07.880024,Hirschstetten S,16,345995
2026-06-29T02:01:07.880024,Hirschstetten S,16,345700
2026-06-29T02:01:07.880024,Hirschstetten S,16,345687
2026-06-29T02:01:07.880024,Hirschstetten S,16,346148
2026-06-29T02:01:07.880024,Hirschstetten S,16,346747
2026-06-29T02:01:07.880024,Hirschstetten S,16,346712
2026-06-29T02:01:07.880024,Hirschstetten S,16,346623
2026-06-29T02:01:07.880024,Hirschstetten S,16,346561
2026-06-29T02:01:07.880024,Hirschstetten S,16,347030
2026-06-29T02:01:07.880024,Hirschstetten S,16,347674
2026-06-29T02:01:07.880024,Hirschstetten S,16,348495
2026-06-29T02:01:07.880024,Hirschstetten S,16,348638
2026-06-29T02:01:07.880024,Hirschstetten S,16,348575
2026-06-29T02:01:07.880024,Hirschstetten S,16,348541
2026-06-29T02:01:07.880024,Hirschstetten S,16,398746
2026-06-29T02:01:07.880024,Atzgersdorf S,12,345257
2026-06-29T02:01:07.880024,Atzgersdorf S,12,345202
2026-06-29T02:01:07.880024,Atzgersdorf S,12,345137
2026-06-29T02:01:07.880024,Atzgersdorf S,12,345018
2026-06-29T02:01:07.880024,Atzgersdorf S,12,345535
2026-06-29T02:01:07.880024,Atzgersdorf S,12,346214
2026-06-29T02:01:07.880024,Atzgersdorf S,12,346750
2026-06-29T02:01:07.880024,Atzgersdorf S,12,347567
2026-06-29T02:01:07.880024,Atzgersdorf S,12,348156
2026-06-29T02:01:07.880024,Atzgersdorf S,12,398825
2026-06-29T02:01:07.880024,Atzgersdorf S,12,398793
2026-06-29T02:01:07.880024,Atzgersdorf S,12,348831
2026-06-29T02:01:07.880024,Siebenhirten U,13,345295
2026-06-29T02:01:07.880024,Siebenhirten U,13,345245
2026-06-29T02:01:07.880024,Siebenhirten U,13,345661
2026-06-29T02:01:07.880024,Siebenhirten U,13,345652
2026-06-29T02:01:07.880024,Siebenhirten U,13,346382
2026-06-29T02:01:07.880024,Siebenhirten U,13,346216
2026-06-29T02:01:07.880024,Siebenhirten U,13,346089
2026-06-29T02:01:07.880024,Siebenhirten U,13,346774
2026-06-29T02:01:07.880024,Siebenhirten U,13,346637
2026-06-29T02:01:07.880024,Siebenhirten U,13,347986
2026-06-29T02:01:07.880024,Siebenhirten U,13,347744
2026-06-29T02:01:07.880024,Siebenhirten U,13,348483
2026-06-29T02:01:07.880024,Siebenhirten U,13,348516
2026-06-29T02:01:07.880024,Erlaaer Straße U,14,345361
2026-06-29T02:01:07.880024,Erlaaer Straße U,14,345351
2026-06-29T02:01:07.880024,Erlaaer Straße U,14,346002
2026-06-29T02:01:07.880024,Erlaaer Straße U,14,346915
2026-06-29T02:01:07.880024,Erlaaer Straße U,14,346696
2026-06-29T02:01:07.880024,Erlaaer Straße U,14,346666
2026-06-29T02:01:07.880024,Erlaaer Straße U,14,346513
2026-06-29T02:01:07.880024,Erlaaer Straße U,14,347287
2026-06-29T02:01:07.880024,Erlaaer Straße U,14,347148
2026-06-29T02:01:07.880024,Erlaaer Straße U,14,347905
2026-06-29T02:01:07.880024,Erlaaer Straße U,14,347665
2026-06-29T02:01:07.880024,Erlaaer Straße U,14,347544
2026-06-29T02:01:07.880024,Erlaaer Straße U,14,348474
2026-06-29T02:01:07.880024,Erlaaer Straße U,14,398764
2026-06-29T02:01:07.880024,Perfektastraße U,11,345204
2026-06-29T02:01:07.880024,Perfektastraße U,11,345682
2026-06-29T02:01:07.880024,Perfektastraße U,11,346344
2026-06-29T02:01:07.880024,Perfektastraße U,11,346268
2026-06-29T02:01:07.880024,Perfektastraße U,11,346860
2026-06-29T02:01:07.880024,Perfektastraße U,11,347239
2026-06-29T02:01:07.880024,Perfektastraße U,11,347238
2026-06-29T02:01:07.880024,Perfektastraße U,11,347000
2026-06-29T02:01:07.880024,Perfektastraße U,11,348134
2026-06-29T02:01:07.880024,Perfektastraße U,11,348567
2026-06-29T02:01:07.880024,Perfektastraße U,11,349037
2026-06-29T02:01:07.880024,Meidling S U / Vivenotgasse,9,345725
2026-06-29T02:01:07.880024,Meidling S U / Vivenotgasse,9,346378
2026-06-29T02:01:07.880024,Meidling S U / Vivenotgasse,9,346327
2026-06-29T02:01:07.880024,Meidling S U / Vivenotgasse,9,346758
2026-06-29T02:01:07.880024,Meidling S U / Vivenotgasse,9,346654
2026-06-29T02:01:07.880024,Meidling S U / Vivenotgasse,9,347103
2026-06-29T02:01:07.880024,Meidling S U / Vivenotgasse,9,347837
2026-06-29T02:01:07.880024,Meidling S U / Vivenotgasse,9,347780
2026-06-29T02:01:07.880024,Meidling S U / Vivenotgasse,9,347604
2026-06-29T02:01:07.880024,Praterstern Ausstellungsstraße,8,345284
2026-06-29T02:01:07.880024,Praterstern Ausstellungsstraße,8,345111
2026-06-29T02:01:07.880024,Praterstern Ausstellungsstraße,8,345935
2026-06-29T02:01:07.880024,Praterstern Ausstellungsstraße,8,347118
2026-06-29T02:01:07.880024,Praterstern Ausstellungsstraße,8,347025
2026-06-29T02:01:07.880024,Praterstern Ausstellungsstraße,8,348635
2026-06-29T02:01:07.880024,Praterstern Ausstellungsstraße,8,348542
2026-06-29T02:01:07.880024,Praterstern Ausstellungsstraße,8,348858
2026-06-29T02:01:07.880024,Muthgasse,11,345447
2026-06-29T02:01:07.880024,Muthgasse,11,345237
2026-06-29T02:01:07.880024,Muthgasse,11,346326
2026-06-29T02:01:07.880024,Muthgasse,11,346296
2026-06-29T02:01:07.880024,Muthgasse,11,346079
2026-06-29T02:01:07.880024,Muthgasse,11,346812
2026-06-29T02:01:07.880024,Muthgasse,11,347168
2026-06-29T02:01:07.880024,Muthgasse,11,347607
2026-06-29T02:01:07.880024,Muthgasse,11,348591
2026-06-29T02:01:07.880024,Muthgasse,11,348522
2026-06-29T02:01:07.880024,Muthgasse,11,349180
2026-06-29T02:01:07.880024,Aspern Nord S U,11,345486
2026-06-29T02:01:07.880024,Aspern Nord S U,11,345837
2026-06-29T02:01:07.880024,Aspern Nord S U,11,345781
2026-06-29T02:01:07.880024,Aspern Nord S U,11,345528
2026-06-29T02:01:07.880024,Aspern Nord S U,11,346289
2026-06-29T02:01:07.880024,Aspern Nord S U,11,346655
2026-06-29T02:01:07.880024,Aspern Nord S U,11,346596
2026-06-29T02:01:07.880024,Aspern Nord S U,11,347342
2026-06-29T02:01:07.880024,Aspern Nord S U,11,347929
2026-06-29T02:01:07.880024,Aspern Nord S U,11,348470
2026-06-29T02:01:07.880024,Aspern Nord S U,11,348290
2026-06-29T02:01:07.880024,Seepark,2,347390
2026-06-29T02:01:07.880024,Seepark,2,348111
2026-06-29T02:01:07.880024,Seestadt U,3,345899
2026-06-29T02:01:07.880024,Seestadt U,3,346071
2026-06-29T02:01:07.880024,Seestadt U,3,347835
2026-06-29T02:01:07.880024,Schwedenplatz U,1,348964
2026-06-29T02:01:07.880024,Kultursommer26 - Waldmüllerpark,6,345287
2026-06-29T02:01:07.880024,Kultursommer26 - Waldmüllerpark,6,346843
2026-06-29T02:01:07.880024,Kultursommer26 - Waldmüllerpark,6,347435
2026-06-29T02:01:07.880024,Kultursommer26 - Waldmüllerpark,6,348331
2026-06-29T02:01:07.880024,Kultursommer26 - Waldmüllerpark,6,348667
2026-06-29T02:01:07.880024,Kultursommer26 - Waldmüllerpark,6,348528
2026-06-29T02:01:07.880024,Stubentor U,4,345206
2026-06-29T02:01:07.880024,Stubentor U,4,346188
2026-06-29T02:01:07.880024,Stubentor U,4,346829
2026-06-29T02:01:07.880024,Stubentor U,4,347972
2026-06-29T02:01:07.880024,Landstraße - Wien Mitte S U,5,345956
2026-06-29T02:01:07.880024,Landstraße - Wien Mitte S U,5,345920
2026-06-29T02:01:07.880024,Landstraße - Wien Mitte S U,5,345910
2026-06-29T02:01:07.880024,Landstraße - Wien Mitte S U,5,346355
2026-06-29T02:01:07.880024,Landstraße - Wien Mitte S U,5,398871
2026-06-29T02:01:07.880024,Praterstern S U,55,345448
2026-06-29T02:01:07.880024,Praterstern S U,55,345428
2026-06-29T02:01:07.880024,Praterstern S U,55,345229
2026-06-29T02:01:07.880024,Praterstern S U,55,345152
2026-06-29T02:01:07.880024,Praterstern S U,55,345096
2026-06-29T02:01:07.880024,Praterstern S U,55,345095
2026-06-29T02:01:07.880024,Praterstern S U,55,345076
2026-06-29T02:01:07.880024,Praterstern S U,55,345923
2026-06-29T02:01:07.880024,Praterstern S U,55,345893
2026-06-29T02:01:07.880024,Praterstern S U,55,345865
2026-06-29T02:01:07.880024,Praterstern S U,55,345845
2026-06-29T02:01:07.880024,Praterstern S U,55,345841
2026-06-29T02:01:07.880024,Praterstern S U,55,345719
2026-06-29T02:01:07.880024,Praterstern S U,55,346459
2026-06-29T02:01:07.880024,Praterstern S U,55,346439
2026-06-29T02:01:07.880024,Praterstern S U,55,346397
2026-06-29T02:01:07.880024,Praterstern S U,55,346313
2026-06-29T02:01:07.880024,Praterstern S U,55,346310
2026-06-29T02:01:07.880024,Praterstern S U,55,346222
2026-06-29T02:01:07.880024,Praterstern S U,55,346187
2026-06-29T02:01:07.880024,Praterstern S U,55,346160
2026-06-29T02:01:07.880024,Praterstern S U,55,346779
2026-06-29T02:01:07.880024,Praterstern S U,55,346709
2026-06-29T02:01:07.880024,Praterstern S U,55,347491
2026-06-29T02:01:07.880024,Praterstern S U,55,347358
2026-06-29T02:01:07.880024,Praterstern S U,55,347244
2026-06-29T02:01:07.880024,Praterstern S U,55,347220
2026-06-29T02:01:07.880024,Praterstern S U,55,347143
2026-06-29T02:01:07.880024,Praterstern S U,55,347989
2026-06-29T02:01:07.880024,Praterstern S U,55,347982
2026-06-29T02:01:07.880024,Praterstern S U,55,347947
2026-06-29T02:01:07.880024,Praterstern S U,55,347825
2026-06-29T02:01:07.880024,Praterstern S U,55,347728
2026-06-29T02:01:07.880024,Praterstern S U,55,347720
2026-06-29T02:01:07.880024,Praterstern S U,55,347655
2026-06-29T02:01:07.880024,Praterstern S U,55,347580
2026-06-29T02:01:07.880024,Praterstern S U,55,348477
2026-06-29T02:01:07.880024,Praterstern S U,55,348439
2026-06-29T02:01:07.880024,Praterstern S U,55,348350
2026-06-29T02:01:07.880024,Praterstern S U,55,348247
2026-06-29T02:01:07.880024,Praterstern S U,55,348244
2026-06-29T02:01:07.880024,Praterstern S U,55,348125
2026-06-29T02:01:07.880024,Praterstern S U,55,348030
2026-06-29T02:01:07.880024,Praterstern S U,55,348002
2026-06-29T02:01:07.880024,Praterstern S U,55,348676
2026-06-29T02:01:07.880024,Praterstern S U,55,348673
2026-06-29T02:01:07.880024,Praterstern S U,55,348630
2026-06-29T02:01:07.880024,Praterstern S U,55,348623
2026-06-29T02:01:07.880024,Praterstern S U,55,398822
2026-06-29T02:01:07.880024,Praterstern S U,55,349068
2026-06-29T02:01:07.880024,Praterstern S U,55,348884
2026-06-29T02:01:07.880024,Praterstern S U,55,348820
2026-06-29T02:01:07.880024,Praterstern S U,55,348809
2026-06-29T02:01:07.880024,Praterstern S U,55,348805
2026-06-29T02:01:07.880024,Praterstern S U,55,349135
2026-06-29T02:01:07.880024,Rustengasse,13,345440
2026-06-29T02:01:07.880024,Rustengasse,13,345402
2026-06-29T02:01:07.880024,Rustengasse,13,346343
2026-06-29T02:01:07.880024,Rustengasse,13,346082
2026-06-29T02:01:07.880024,Rustengasse,13,346965
2026-06-29T02:01:07.880024,Rustengasse,13,346625
2026-06-29T02:01:07.880024,Rustengasse,13,347001
2026-06-29T02:01:07.880024,Rustengasse,13,347923
2026-06-29T02:01:07.880024,Rustengasse,13,347545
2026-06-29T02:01:07.880024,Rustengasse,13,348044
2026-06-29T02:01:07.880024,Rustengasse,13,348705
2026-06-29T02:01:07.880024,Rustengasse,13,348632
2026-06-29T02:01:07.880024,Rustengasse,13,398823
2026-06-29T02:01:07.880024,Heiligenstadt S U,7,345043
2026-06-29T02:01:07.880024,Heiligenstadt S U,7,346299
2026-06-29T02:01:07.880024,Heiligenstadt S U,7,346235
2026-06-29T02:01:07.880024,Heiligenstadt S U,7,348457
2026-06-29T02:01:07.880024,Heiligenstadt S U,7,348223
2026-06-29T02:01:07.880024,Heiligenstadt S U,7,349031
2026-06-29T02:01:07.880024,Heiligenstadt S U,7,348910
2026-06-29T02:01:07.880024,Breitensee S,30,345484
2026-06-29T02:01:07.880024,Breitensee S,30,345375
2026-06-29T02:01:07.880024,Breitensee S,30,345178
2026-06-29T02:01:07.880024,Breitensee S,30,345173
2026-06-29T02:01:07.880024,Breitensee S,30,345088
2026-06-29T02:01:07.880024,Breitensee S,30,345990
2026-06-29T02:01:07.880024,Breitensee S,30,345952
2026-06-29T02:01:07.880024,Breitensee S,30,345932
2026-06-29T02:01:07.880024,Breitensee S,30,345856
2026-06-29T02:01:07.880024,Breitensee S,30,345662
2026-06-29T02:01:07.880024,Breitensee S,30,346494
2026-06-29T02:01:07.880024,Breitensee S,30,346417
2026-06-29T02:01:07.880024,Breitensee S,30,346336
2026-06-29T02:01:07.880024,Breitensee S,30,346215
2026-06-29T02:01:07.880024,Breitensee S,30,346141
2026-06-29T02:01:07.880024,Breitensee S,30,346037
2026-06-29T02:01:07.880024,Breitensee S,30,346941
2026-06-29T02:01:07.880024,Breitensee S,30,346713
2026-06-29T02:01:07.880024,Breitensee S,30,346681
2026-06-29T02:01:07.880024,Breitensee S,30,346659
2026-06-29T02:01:07.880024,Breitensee S,30,346521
2026-06-29T02:01:07.880024,Breitensee S,30,347346
2026-06-29T02:01:07.880024,Breitensee S,30,347333
2026-06-29T02:01:07.880024,Breitensee S,30,347973
2026-06-29T02:01:07.880024,Breitensee S,30,348178
2026-06-29T02:01:07.880024,Breitensee S,30,348116
2026-06-29T02:01:07.880024,Breitensee S,30,348063
2026-06-29T02:01:07.880024,Breitensee S,30,348586
2026-06-29T02:01:07.880024,Breitensee S,30,398718
2026-06-29T02:01:07.880024,Breitensee S,30,348862
2026-06-29T02:01:07.880024,Hütteldorf S U,13,345331
2026-06-29T02:01:07.880024,Hütteldorf S U,13,345263
2026-06-29T02:01:07.880024,Hütteldorf S U,13,345119
2026-06-29T02:01:07.880024,Hütteldorf S U,13,345035
2026-06-29T02:01:07.880024,Hütteldorf S U,13,345766
2026-06-29T02:01:07.880024,Hütteldorf S U,13,346989
2026-06-29T02:01:07.880024,Hütteldorf S U,13,346948
2026-06-29T02:01:07.880024,Hütteldorf S U,13,346801
2026-06-29T02:01:07.880024,Hütteldorf S U,13,346503
2026-06-29T02:01:07.880024,Hütteldorf S U,13,347488
2026-06-29T02:01:07.880024,Hütteldorf S U,13,347392
2026-06-29T02:01:07.880024,Hütteldorf S U,13,347916
2026-06-29T02:01:07.880024,Hütteldorf S U,13,347909
2026-06-29T02:01:07.880024,Rathaus U,7,346151
2026-06-29T02:01:07.880024,Rathaus U,7,346977
2026-06-29T02:01:07.880024,Rathaus U,7,346922
2026-06-29T02:01:07.880024,Rathaus U,7,346543
2026-06-29T02:01:07.880024,Rathaus U,7,347320
2026-06-29T02:01:07.880024,Rathaus U,7,347176
2026-06-29T02:01:07.880024,Rathaus U,7,347908
2026-06-29T02:01:07.880024,Hans-Mandl-Berufsschule,16,345149
2026-06-29T02:01:07.880024,Hans-Mandl-Berufsschule,16,345085
2026-06-29T02:01:07.880024,Hans-Mandl-Berufsschule,16,345081
2026-06-29T02:01:07.880024,Hans-Mandl-Berufsschule,16,345756
2026-06-29T02:01:07.880024,Hans-Mandl-Berufsschule,16,346430
2026-06-29T02:01:07.880024,Hans-Mandl-Berufsschule,16,346181
2026-06-29T02:01:07.880024,Hans-Mandl-Berufsschule,16,346715
2026-06-29T02:01:07.880024,Hans-Mandl-Berufsschule,16,346699
2026-06-29T02:01:07.880024,Hans-Mandl-Berufsschule,16,346605
2026-06-29T02:01:07.880024,Hans-Mandl-Berufsschule,16,347387
2026-06-29T02:01:07.880024,Hans-Mandl-Berufsschule,16,347218
2026-06-29T02:01:07.880024,Hans-Mandl-Berufsschule,16,347201
2026-06-29T02:01:07.880024,Hans-Mandl-Berufsschule,16,347128
2026-06-29T02:01:07.880024,Hans-Mandl-Berufsschule,16,347820
2026-06-29T02:01:07.880024,Hans-Mandl-Berufsschule,16,348145
2026-06-29T02:01:07.880024,Hans-Mandl-Berufsschule,16,398849
2026-06-29T02:01:07.880024,Schloss Schönbrunn,27,345451
2026-06-29T02:01:07.880024,Schloss Schönbrunn,27,345356
2026-06-29T02:01:07.880024,Schloss Schönbrunn,27,345290
2026-06-29T02:01:07.880024,Schloss Schönbrunn,27,345115
2026-06-29T02:01:07.880024,Schloss Schönbrunn,27,345946
2026-06-29T02:01:07.880024,Schloss Schönbrunn,27,345929
2026-06-29T02:01:07.880024,Schloss Schönbrunn,27,345889
2026-06-29T02:01:07.880024,Schloss Schönbrunn,27,345880
2026-06-29T02:01:07.880024,Schloss Schönbrunn,27,345879
2026-06-29T02:01:07.880024,Schloss Schönbrunn,27,345868
2026-06-29T02:01:07.880024,Schloss Schönbrunn,27,345840
2026-06-29T02:01:07.880024,Schloss Schönbrunn,27,345835
2026-06-29T02:01:07.880024,Schloss Schönbrunn,27,346242
2026-06-29T02:01:07.880024,Schloss Schönbrunn,27,346221
2026-06-29T02:01:07.880024,Schloss Schönbrunn,27,346189
2026-06-29T02:01:07.880024,Schloss Schönbrunn,27,346101
2026-06-29T02:01:07.880024,Schloss Schönbrunn,27,346007
2026-06-29T02:01:07.880024,Schloss Schönbrunn,27,346568
2026-06-29T02:01:07.880024,Schloss Schönbrunn,27,347356
2026-06-29T02:01:07.880024,Schloss Schönbrunn,27,347010
2026-06-29T02:01:07.880024,Schloss Schönbrunn,27,347993
2026-06-29T02:01:07.880024,Schloss Schönbrunn,27,347979
2026-06-29T02:01:07.880024,Schloss Schönbrunn,27,347767
2026-06-29T02:01:07.880024,Schloss Schönbrunn,27,347751
2026-06-29T02:01:07.880024,Schloss Schönbrunn,27,347538
2026-06-29T02:01:07.880024,Schloss Schönbrunn,27,348025
2026-06-29T02:01:07.880024,Schloss Schönbrunn,27,348012
2026-06-29T02:01:07.880024,Eslarngasse / Juchgasse,27,345352
2026-06-29T02:01:07.880024,Eslarngasse / Juchgasse,27,345251
2026-06-29T02:01:07.880024,Eslarngasse / Juchgasse,27,345214
2026-06-29T02:01:07.880024,Eslarngasse / Juchgasse,27,345975
2026-06-29T02:01:07.880024,Eslarngasse / Juchgasse,27,345954
2026-06-29T02:01:07.880024,Eslarngasse / Juchgasse,27,345951
2026-06-29T02:01:07.880024,Eslarngasse / Juchgasse,27,345855
2026-06-29T02:01:07.880024,Eslarngasse / Juchgasse,27,345768
2026-06-29T02:01:07.880024,Eslarngasse / Juchgasse,27,345659
2026-06-29T02:01:07.880024,Eslarngasse / Juchgasse,27,346485
2026-06-29T02:01:07.880024,Eslarngasse / Juchgasse,27,346062
2026-06-29T02:01:07.880024,Eslarngasse / Juchgasse,27,346877
2026-06-29T02:01:07.880024,Eslarngasse / Juchgasse,27,346825
2026-06-29T02:01:07.880024,Eslarngasse / Juchgasse,27,347445
2026-06-29T02:01:07.880024,Eslarngasse / Juchgasse,27,347407
2026-06-29T02:01:07.880024,Eslarngasse / Juchgasse,27,347978
2026-06-29T02:01:07.880024,Eslarngasse / Juchgasse,27,347889
2026-06-29T02:01:07.880024,Eslarngasse / Juchgasse,27,348447
2026-06-29T02:01:07.880024,Eslarngasse / Juchgasse,27,348432
2026-06-29T02:01:07.880024,Eslarngasse / Juchgasse,27,348316
2026-06-29T02:01:07.880024,Eslarngasse / Juchgasse,27,348250
2026-06-29T02:01:07.880024,Eslarngasse / Juchgasse,27,348165
2026-06-29T02:01:07.880024,Eslarngasse / Juchgasse,27,348117
2026-06-29T02:01:07.880024,Eslarngasse / Juchgasse,27,348048
2026-06-29T02:01:07.880024,Eslarngasse / Juchgasse,27,398813
2026-06-29T02:01:07.880024,Eslarngasse / Juchgasse,27,398785
2026-06-29T02:01:07.880024,Eslarngasse / Juchgasse,27,349003
2026-06-29T02:01:07.880024,Plößlgasse / Belvedere,19,345031
2026-06-29T02:01:07.880024,Plößlgasse / Belvedere,19,345572
2026-06-29T02:01:07.880024,Plößlgasse / Belvedere,19,346458
2026-06-29T02:01:07.880024,Plößlgasse / Belvedere,19,346057
2026-06-29T02:01:07.880024,Plößlgasse / Belvedere,19,346969
2026-06-29T02:01:07.880024,Plößlgasse / Belvedere,19,346688
2026-06-29T02:01:07.880024,Plößlgasse / Belvedere,19,346624
2026-06-29T02:01:07.880024,Plößlgasse / Belvedere,19,346585
2026-06-29T02:01:07.880024,Plößlgasse / Belvedere,19,347397
2026-06-29T02:01:07.880024,Plößlgasse / Belvedere,19,347069
2026-06-29T02:01:07.880024,Plößlgasse / Belvedere,19,347940
2026-06-29T02:01:07.880024,Plößlgasse / Belvedere,19,347797
2026-06-29T02:01:07.880024,Plößlgasse / Belvedere,19,348253
2026-06-29T02:01:07.880024,Plößlgasse / Belvedere,19,348249
2026-06-29T02:01:07.880024,Plößlgasse / Belvedere,19,348190
2026-06-29T02:01:07.880024,Plößlgasse / Belvedere,19,348132
2026-06-29T02:01:07.880024,Plößlgasse / Belvedere,19,348702
2026-06-29T02:01:07.880024,Plößlgasse / Belvedere,19,348612
2026-06-29T02:01:07.880024,Plößlgasse / Belvedere,19,398738
2026-06-29T02:01:07.880024,Sankt-Elisabeth-Platz,21,345477
2026-06-29T02:01:07.880024,Sankt-Elisabeth-Platz,21,345394
2026-06-29T02:01:07.880024,Sankt-Elisabeth-Platz,21,345327
2026-06-29T02:01:07.880024,Sankt-Elisabeth-Platz,21,345751
2026-06-29T02:01:07.880024,Sankt-Elisabeth-Platz,21,345644
2026-06-29T02:01:07.880024,Sankt-Elisabeth-Platz,21,346470
2026-06-29T02:01:07.880024,Sankt-Elisabeth-Platz,21,346090
2026-06-29T02:01:07.880024,Sankt-Elisabeth-Platz,21,346678
2026-06-29T02:01:07.880024,Sankt-Elisabeth-Platz,21,346507
2026-06-29T02:01:07.880024,Sankt-Elisabeth-Platz,21,347186
2026-06-29T02:01:07.880024,Sankt-Elisabeth-Platz,21,347152
2026-06-29T02:01:07.880024,Sankt-Elisabeth-Platz,21,347131
2026-06-29T02:01:07.880024,Sankt-Elisabeth-Platz,21,347106
2026-06-29T02:01:07.880024,Sankt-Elisabeth-Platz,21,347808
2026-06-29T02:01:07.880024,Sankt-Elisabeth-Platz,21,347521
2026-06-29T02:01:07.880024,Sankt-Elisabeth-Platz,21,348463
2026-06-29T02:01:07.880024,Sankt-Elisabeth-Platz,21,348389
2026-06-29T02:01:07.880024,Sankt-Elisabeth-Platz,21,348192
2026-06-29T02:01:07.880024,Sankt-Elisabeth-Platz,21,348109
2026-06-29T02:01:07.880024,Sankt-Elisabeth-Platz,21,348570
2026-06-29T02:01:07.880024,Sankt-Elisabeth-Platz,21,348545
2026-06-29T02:01:07.880024,Laudongasse / Schönbornpark,8,345190
2026-06-29T02:01:07.880024,Laudongasse / Schönbornpark,8,345078
2026-06-29T02:01:07.880024,Laudongasse / Schönbornpark,8,345061
2026-06-29T02:01:07.880024,Laudongasse / Schönbornpark,8,346469
2026-06-29T02:01:07.880024,Laudongasse / Schönbornpark,8,347703
2026-06-29T02:01:07.880024,Laudongasse / Schönbornpark,8,348235
2026-06-29T02:01:07.880024,Laudongasse / Schönbornpark,8,348961
2026-06-29T02:01:07.880024,Laudongasse / Schönbornpark,8,348807
2026-06-29T02:01:07.880024,Rossauer Lände U,12,345294
2026-06-29T02:01:07.880024,Rossauer Lände U,12,345140
2026-06-29T02:01:07.880024,Rossauer Lände U,12,346182
2026-06-29T02:01:07.880024,Rossauer Lände U,12,346068
2026-06-29T02:01:07.880024,Rossauer Lände U,12,347348
2026-06-29T02:01:07.880024,Rossauer Lände U,12,348373
2026-06-29T02:01:07.880024,Rossauer Lände U,12,348286
2026-06-29T02:01:07.880024,Rossauer Lände U,12,348240
2026-06-29T02:01:07.880024,Rossauer Lände U,12,348139
2026-06-29T02:01:07.880024,Rossauer Lände U,12,348708
2026-06-29T02:01:07.880024,Rossauer Lände U,12,348688
2026-06-29T02:01:07.880024,Rossauer Lände U,12,348549
2026-06-29T02:01:07.880024,Lazarettgasse,18,345645
2026-06-29T02:01:07.880024,Lazarettgasse,18,346499
2026-06-29T02:01:07.880024,Lazarettgasse,18,346422
2026-06-29T02:01:07.880024,Lazarettgasse,18,346309
2026-06-29T02:01:07.880024,Lazarettgasse,18,346284
2026-06-29T02:01:07.880024,Lazarettgasse,18,346185
2026-06-29T02:01:07.880024,Lazarettgasse,18,347473
2026-06-29T02:01:07.880024,Lazarettgasse,18,347187
2026-06-29T02:01:07.880024,Lazarettgasse,18,347074
2026-06-29T02:01:07.880024,Lazarettgasse,18,347850
2026-06-29T02:01:07.880024,Lazarettgasse,18,347705
2026-06-29T02:01:07.880024,Lazarettgasse,18,347676
2026-06-29T02:01:07.880024,Lazarettgasse,18,348323
2026-06-29T02:01:07.880024,Lazarettgasse,18,348097
2026-06-29T02:01:07.880024,Lazarettgasse,18,348060
2026-06-29T02:01:07.880024,Lazarettgasse,18,348008
2026-06-29T02:01:07.880024,Lazarettgasse,18,348531
2026-06-29T02:01:07.880024,Lazarettgasse,18,398799
2026-06-29T02:01:07.880024,Edelsinnstraße,2,346119
2026-06-29T02:01:07.880024,Edelsinnstraße,2,349014
2026-06-29T02:01:07.880024,Karlsplatz U / TU Wien,5,345795
2026-06-29T02:01:07.880024,Karlsplatz U / TU Wien,5,346541
2026-06-29T02:01:07.880024,Karlsplatz U / TU Wien,5,348431
2026-06-29T02:01:07.880024,Karlsplatz U / TU Wien,5,348301
2026-06-29T02:01:07.880024,Karlsplatz U / TU Wien,5,348941
2026-06-29T02:01:07.880024,Amerlingstraße,2,345959
2026-06-29T02:01:07.880024,Amerlingstraße,2,398748
2026-06-29T02:01:07.880024,Albertgasse,13,345259
2026-06-29T02:01:07.880024,Albertgasse,13,345116
2026-06-29T02:01:07.880024,Albertgasse,13,345074
2026-06-29T02:01:07.880024,Albertgasse,13,345965
2026-06-29T02:01:07.880024,Albertgasse,13,345817
2026-06-29T02:01:07.880024,Albertgasse,13,347472
2026-06-29T02:01:07.880024,Albertgasse,13,347330
2026-06-29T02:01:07.880024,Albertgasse,13,347996
2026-06-29T02:01:07.880024,Albertgasse,13,348478
2026-06-29T02:01:07.880024,Albertgasse,13,348312
2026-06-29T02:01:07.880024,Albertgasse,13,348081
2026-06-29T02:01:07.880024,Albertgasse,13,348576
2026-06-29T02:01:07.880024,Albertgasse,13,349071
2026-06-29T02:01:07.880024,Universitätsring,5,345266
2026-06-29T02:01:07.880024,Universitätsring,5,346474
2026-06-29T02:01:07.880024,Universitätsring,5,346272
2026-06-29T02:01:07.880024,Universitätsring,5,346257
2026-06-29T02:01:07.880024,Universitätsring,5,348421
2026-06-29T02:01:07.880024,Herrengasse U,11,345276
2026-06-29T02:01:07.880024,Herrengasse U,11,346360
2026-06-29T02:01:07.880024,Herrengasse U,11,346862
2026-06-29T02:01:07.880024,Herrengasse U,11,347405
2026-06-29T02:01:07.880024,Herrengasse U,11,347399
2026-06-29T02:01:07.880024,Herrengasse U,11,347192
2026-06-29T02:01:07.880024,Herrengasse U,11,347078
2026-06-29T02:01:07.880024,Herrengasse U,11,347543
2026-06-29T02:01:07.880024,Herrengasse U,11,348339
2026-06-29T02:01:07.880024,Herrengasse U,11,348277
2026-06-29T02:01:07.880024,Herrengasse U,11,348271
2026-06-29T02:01:07.880024,Sensengasse,13,345474
2026-06-29T02:01:07.880024,Sensengasse,13,345084
2026-06-29T02:01:07.880024,Sensengasse,13,345049
2026-06-29T02:01:07.880024,Sensengasse,13,345991
2026-06-29T02:01:07.880024,Sensengasse,13,345517
2026-06-29T02:01:07.880024,Sensengasse,13,346328
2026-06-29T02:01:07.880024,Sensengasse,13,346061
2026-06-29T02:01:07.880024,Sensengasse,13,347140
2026-06-29T02:01:07.880024,Sensengasse,13,347987
2026-06-29T02:01:07.880024,Sensengasse,13,347881
2026-06-29T02:01:07.880024,Sensengasse,13,348207
2026-06-29T02:01:07.880024,Sensengasse,13,348016
2026-06-29T02:01:07.880024,Sensengasse,13,398773
2026-06-29T02:01:07.880024,Belgradplatz,9,345166
2026-06-29T02:01:07.880024,Belgradplatz,9,345619
2026-06-29T02:01:07.880024,Belgradplatz,9,346425
2026-06-29T02:01:07.880024,Belgradplatz,9,346794
2026-06-29T02:01:07.880024,Belgradplatz,9,347444
2026-06-29T02:01:07.880024,Belgradplatz,9,347165
2026-06-29T02:01:07.880024,Belgradplatz,9,347806
2026-06-29T02:01:07.880024,Belgradplatz,9,348123
2026-06-29T02:01:07.880024,Belgradplatz,9,398781
2026-06-29T02:01:07.880024,Rathausplatz / Burgtheater,7,345055
2026-06-29T02:01:07.880024,Rathausplatz / Burgtheater,7,345921
2026-06-29T02:01:07.880024,Rathausplatz / Burgtheater,7,345544
2026-06-29T02:01:07.880024,Rathausplatz / Burgtheater,7,346834
2026-06-29T02:01:07.880024,Rathausplatz / Burgtheater,7,347208
2026-06-29T02:01:07.880024,Rathausplatz / Burgtheater,7,347933
2026-06-29T02:01:07.880024,Rathausplatz / Burgtheater,7,348836
2026-06-29T02:01:07.880024,Arbeitergasse - Gürtel,20,345418
2026-06-29T02:01:07.880024,Arbeitergasse - Gürtel,20,345926
2026-06-29T02:01:07.880024,Arbeitergasse - Gürtel,20,345914
2026-06-29T02:01:07.880024,Arbeitergasse - Gürtel,20,345711
2026-06-29T02:01:07.880024,Arbeitergasse - Gürtel,20,345533
2026-06-29T02:01:07.880024,Arbeitergasse - Gürtel,20,346462
2026-06-29T02:01:07.880024,Arbeitergasse - Gürtel,20,346364
2026-06-29T02:01:07.880024,Arbeitergasse - Gürtel,20,346362
2026-06-29T02:01:07.880024,Arbeitergasse - Gürtel,20,346340
2026-06-29T02:01:07.880024,Arbeitergasse - Gürtel,20,346339
2026-06-29T02:01:07.880024,Arbeitergasse - Gürtel,20,346807
2026-06-29T02:01:07.880024,Arbeitergasse - Gürtel,20,347464
2026-06-29T02:01:07.880024,Arbeitergasse - Gürtel,20,347265
2026-06-29T02:01:07.880024,Arbeitergasse - Gürtel,20,347188
2026-06-29T02:01:07.880024,Arbeitergasse - Gürtel,20,347752
2026-06-29T02:01:07.880024,Arbeitergasse - Gürtel,20,347652
2026-06-29T02:01:07.880024,Arbeitergasse - Gürtel,20,347561
2026-06-29T02:01:07.880024,Arbeitergasse - Gürtel,20,348102
2026-06-29T02:01:07.880024,Arbeitergasse - Gürtel,20,348011
2026-06-29T02:01:07.880024,Arbeitergasse - Gürtel,20,398745
2026-06-29T02:01:07.880024,Bauernfeldplatz / Palais Lichtenstein,14,345124
2026-06-29T02:01:07.880024,Bauernfeldplatz / Palais Lichtenstein,14,345594
2026-06-29T02:01:07.880024,Bauernfeldplatz / Palais Lichtenstein,14,345553
2026-06-29T02:01:07.880024,Bauernfeldplatz / Palais Lichtenstein,14,346440
2026-06-29T02:01:07.880024,Bauernfeldplatz / Palais Lichtenstein,14,346432
2026-06-29T02:01:07.880024,Bauernfeldplatz / Palais Lichtenstein,14,346398
2026-06-29T02:01:07.880024,Bauernfeldplatz / Palais Lichtenstein,14,346106
2026-06-29T02:01:07.880024,Bauernfeldplatz / Palais Lichtenstein,14,346045
2026-06-29T02:01:07.880024,Bauernfeldplatz / Palais Lichtenstein,14,346814
2026-06-29T02:01:07.880024,Bauernfeldplatz / Palais Lichtenstein,14,347717
2026-06-29T02:01:07.880024,Bauernfeldplatz / Palais Lichtenstein,14,347670
2026-06-29T02:01:07.880024,Bauernfeldplatz / Palais Lichtenstein,14,347612
2026-06-29T02:01:07.880024,Bauernfeldplatz / Palais Lichtenstein,14,348425
2026-06-29T02:01:07.880024,Bauernfeldplatz / Palais Lichtenstein,14,348233
2026-06-29T02:01:07.880024,Johannesgasse / Stadtpark,3,345014
2026-06-29T02:01:07.880024,Johannesgasse / Stadtpark,3,346227
2026-06-29T02:01:07.880024,Johannesgasse / Stadtpark,3,348297
2026-06-29T02:01:07.880024,Bischof-Faber-Platz,1,346769
2026-06-29T02:01:07.880024,Am Schöpfwerk U,15,345297
2026-06-29T02:01:07.880024,Am Schöpfwerk U,15,345705
2026-06-29T02:01:07.880024,Am Schöpfwerk U,15,345693
2026-06-29T02:01:07.880024,Am Schöpfwerk U,15,346064
2026-06-29T02:01:07.880024,Am Schöpfwerk U,15,346838
2026-06-29T02:01:07.880024,Am Schöpfwerk U,15,346647
2026-06-29T02:01:07.880024,Am Schöpfwerk U,15,348018
2026-06-29T02:01:07.880024,Am Schöpfwerk U,15,398782
2026-06-29T02:01:07.880024,Am Schöpfwerk U,15,398772
2026-06-29T02:01:07.880024,Am Schöpfwerk U,15,349034
2026-06-29T02:01:07.880024,Am Schöpfwerk U,15,348960
2026-06-29T02:01:07.880024,Am Schöpfwerk U,15,348951
2026-06-29T02:01:07.880024,Am Schöpfwerk U,15,348926
2026-06-29T02:01:07.880024,Am Schöpfwerk U,15,349182
2026-06-29T02:01:07.880024,Am Schöpfwerk U,15,349121
2026-06-29T02:01:07.880024,Alserbachstraße,22,345424
2026-06-29T02:01:07.880024,Alserbachstraße,22,345260
2026-06-29T02:01:07.880024,Alserbachstraße,22,345231
2026-06-29T02:01:07.880024,Alserbachstraße,22,345209
2026-06-29T02:01:07.880024,Alserbachstraße,22,345028
2026-06-29T02:01:07.880024,Alserbachstraße,22,345895
2026-06-29T02:01:07.880024,Alserbachstraße,22,345512
2026-06-29T02:01:07.880024,Alserbachstraße,22,346373
2026-06-29T02:01:07.880024,Alserbachstraße,22,346180
2026-06-29T02:01:07.880024,Alserbachstraße,22,346115
2026-06-29T02:01:07.880024,Alserbachstraße,22,346962
2026-06-29T02:01:07.880024,Alserbachstraße,22,346917
2026-06-29T02:01:07.880024,Alserbachstraße,22,347891
2026-06-29T02:01:07.880024,Alserbachstraße,22,347821
2026-06-29T02:01:07.880024,Alserbachstraße,22,347793
2026-06-29T02:01:07.880024,Alserbachstraße,22,347740
2026-06-29T02:01:07.880024,Alserbachstraße,22,348325
2026-06-29T02:01:07.880024,Alserbachstraße,22,348248
2026-06-29T02:01:07.880024,Alserbachstraße,22,348046
2026-06-29T02:01:07.880024,Alserbachstraße,22,348045
2026-06-29T02:01:07.880024,Alserbachstraße,22,348839
2026-06-29T02:01:07.880024,Alserbachstraße,22,349159
2026-06-29T02:01:07.880024,Petrusgasse,21,345230
2026-06-29T02:01:07.880024,Petrusgasse,21,345196
2026-06-29T02:01:07.880024,Petrusgasse,21,345080
2026-06-29T02:01:07.880024,Petrusgasse,21,345023
2026-06-29T02:01:07.880024,Petrusgasse,21,345927
2026-06-29T02:01:07.880024,Petrusgasse,21,345775
2026-06-29T02:01:07.880024,Petrusgasse,21,345653
2026-06-29T02:01:07.880024,Petrusgasse,21,345628
2026-06-29T02:01:07.880024,Petrusgasse,21,345615
2026-06-29T02:01:07.880024,Petrusgasse,21,346294
2026-06-29T02:01:07.880024,Petrusgasse,21,346889
2026-06-29T02:01:07.880024,Petrusgasse,21,347396
2026-06-29T02:01:07.880024,Petrusgasse,21,347223
2026-06-29T02:01:07.880024,Petrusgasse,21,347742
2026-06-29T02:01:07.880024,Petrusgasse,21,347739
2026-06-29T02:01:07.880024,Petrusgasse,21,347668
2026-06-29T02:01:07.880024,Petrusgasse,21,347529
2026-06-29T02:01:07.880024,Petrusgasse,21,348396
2026-06-29T02:01:07.880024,Petrusgasse,21,348140
2026-06-29T02:01:07.880024,Petrusgasse,21,348556
2026-06-29T02:01:07.880024,Petrusgasse,21,348827
2026-06-29T02:01:07.880024,Wassergasse,24,345324
2026-06-29T02:01:07.880024,Wassergasse,24,345281
2026-06-29T02:01:07.880024,Wassergasse,24,345114
2026-06-29T02:01:07.880024,Wassergasse,24,345110
2026-06-29T02:01:07.880024,Wassergasse,24,345067
2026-06-29T02:01:07.880024,Wassergasse,24,345972
2026-06-29T02:01:07.880024,Wassergasse,24,345758
2026-06-29T02:01:07.880024,Wassergasse,24,346263
2026-06-29T02:01:07.880024,Wassergasse,24,346207
2026-06-29T02:01:07.880024,Wassergasse,24,346140
2026-06-29T02:01:07.880024,Wassergasse,24,346981
2026-06-29T02:01:07.880024,Wassergasse,24,346925
2026-06-29T02:01:07.880024,Wassergasse,24,346733
2026-06-29T02:01:07.880024,Wassergasse,24,346661
2026-06-29T02:01:07.880024,Wassergasse,24,346588
2026-06-29T02:01:07.880024,Wassergasse,24,347427
2026-06-29T02:01:07.880024,Wassergasse,24,347051
2026-06-29T02:01:07.880024,Wassergasse,24,347853
2026-06-29T02:01:07.880024,Wassergasse,24,347667
2026-06-29T02:01:07.880024,Wassergasse,24,347602
2026-06-29T02:01:07.880024,Wassergasse,24,348039
2026-06-29T02:01:07.880024,Wassergasse,24,348015
2026-06-29T02:01:07.880024,Wassergasse,24,348003
2026-06-29T02:01:07.880024,Wassergasse,24,348650
2026-06-29T02:01:07.880024,Löwengasse,21,345233
2026-06-29T02:01:07.880024,Löwengasse,21,345516
2026-06-29T02:01:07.880024,Löwengasse,21,346014
2026-06-29T02:01:07.880024,Löwengasse,21,346876
2026-06-29T02:01:07.880024,Löwengasse,21,346644
2026-06-29T02:01:07.880024,Löwengasse,21,346518
2026-06-29T02:01:07.880024,Löwengasse,21,347441
2026-06-29T02:01:07.880024,Löwengasse,21,347058
2026-06-29T02:01:07.880024,Löwengasse,21,347035
2026-06-29T02:01:07.880024,Löwengasse,21,347644
2026-06-29T02:01:07.880024,Löwengasse,21,347638
2026-06-29T02:01:07.880024,Löwengasse,21,347506
2026-06-29T02:01:07.880024,Löwengasse,21,348173
2026-06-29T02:01:07.880024,Löwengasse,21,348141
2026-06-29T02:01:07.880024,Löwengasse,21,348027
2026-06-29T02:01:07.880024,Löwengasse,21,348010
2026-06-29T02:01:07.880024,Löwengasse,21,398834
2026-06-29T02:01:07.880024,Löwengasse,21,398792
2026-06-29T02:01:07.880024,Löwengasse,21,398757
2026-06-29T02:01:07.880024,Löwengasse,21,349030
2026-06-29T02:01:07.880024,Löwengasse,21,398868
2026-06-29T02:01:07.880024,Kardinal-Nagl-Platz U,37,345439
2026-06-29T02:01:07.880024,Kardinal-Nagl-Platz U,37,345403
2026-06-29T02:01:07.880024,Kardinal-Nagl-Platz U,37,345347
2026-06-29T02:01:07.880024,Kardinal-Nagl-Platz U,37,345246
2026-06-29T02:01:07.880024,Kardinal-Nagl-Platz U,37,345181
2026-06-29T02:01:07.880024,Kardinal-Nagl-Platz U,37,345177
2026-06-29T02:01:07.880024,Kardinal-Nagl-Platz U,37,345993
2026-06-29T02:01:07.880024,Kardinal-Nagl-Platz U,37,345907
2026-06-29T02:01:07.880024,Kardinal-Nagl-Platz U,37,345799
2026-06-29T02:01:07.880024,Kardinal-Nagl-Platz U,37,345740
2026-06-29T02:01:07.880024,Kardinal-Nagl-Platz U,37,345707
2026-06-29T02:01:07.880024,Kardinal-Nagl-Platz U,37,345501
2026-06-29T02:01:07.880024,Kardinal-Nagl-Platz U,37,346476
2026-06-29T02:01:07.880024,Kardinal-Nagl-Platz U,37,346449
2026-06-29T02:01:07.880024,Kardinal-Nagl-Platz U,37,346286
2026-06-29T02:01:07.880024,Kardinal-Nagl-Platz U,37,346237
2026-06-29T02:01:07.880024,Kardinal-Nagl-Platz U,37,346966
2026-06-29T02:01:07.880024,Kardinal-Nagl-Platz U,37,346912
2026-06-29T02:01:07.880024,Kardinal-Nagl-Platz U,37,346830
2026-06-29T02:01:07.880024,Kardinal-Nagl-Platz U,37,346734
2026-06-29T02:01:07.880024,Kardinal-Nagl-Platz U,37,346714
2026-06-29T02:01:07.880024,Kardinal-Nagl-Platz U,37,346684
2026-06-29T02:01:07.880024,Kardinal-Nagl-Platz U,37,346629
2026-06-29T02:01:07.880024,Kardinal-Nagl-Platz U,37,346554
2026-06-29T02:01:07.880024,Kardinal-Nagl-Platz U,37,347425
2026-06-29T02:01:07.880024,Kardinal-Nagl-Platz U,37,347368
2026-06-29T02:01:07.880024,Kardinal-Nagl-Platz U,37,347305
2026-06-29T02:01:07.880024,Kardinal-Nagl-Platz U,37,347197
2026-06-29T02:01:07.880024,Kardinal-Nagl-Platz U,37,347086
2026-06-29T02:01:07.880024,Kardinal-Nagl-Platz U,37,347062
2026-06-29T02:01:07.880024,Kardinal-Nagl-Platz U,37,347008
2026-06-29T02:01:07.880024,Kardinal-Nagl-Platz U,37,347693
2026-06-29T02:01:07.880024,Kardinal-Nagl-Platz U,37,347623
2026-06-29T02:01:07.880024,Kardinal-Nagl-Platz U,37,348344
2026-06-29T02:01:07.880024,Kardinal-Nagl-Platz U,37,348289
2026-06-29T02:01:07.880024,Kardinal-Nagl-Platz U,37,348647
2026-06-29T02:01:07.880024,Kardinal-Nagl-Platz U,37,348581
2026-06-29T02:01:07.880024,Kärntner Ring,13,345950
2026-06-29T02:01:07.880024,Kärntner Ring,13,345876
2026-06-29T02:01:07.880024,Kärntner Ring,13,345811
2026-06-29T02:01:07.880024,Kärntner Ring,13,345779
2026-06-29T02:01:07.880024,Kärntner Ring,13,345699
2026-06-29T02:01:07.880024,Kärntner Ring,13,346680
2026-06-29T02:01:07.880024,Kärntner Ring,13,346574
2026-06-29T02:01:07.880024,Kärntner Ring,13,347613
2026-06-29T02:01:07.880024,Kärntner Ring,13,347571
2026-06-29T02:01:07.880024,Kärntner Ring,13,347537
2026-06-29T02:01:07.880024,Kärntner Ring,13,348395
2026-06-29T02:01:07.880024,Kärntner Ring,13,348021
2026-06-29T02:01:07.880024,Kärntner Ring,13,348672
2026-06-29T02:01:07.880024,Schottenring U,17,345426
2026-06-29T02:01:07.880024,Schottenring U,17,345275
2026-06-29T02:01:07.880024,Schottenring U,17,345175
2026-06-29T02:01:07.880024,Schottenring U,17,345086
2026-06-29T02:01:07.880024,Schottenring U,17,345057
2026-06-29T02:01:07.880024,Schottenring U,17,345784
2026-06-29T02:01:07.880024,Schottenring U,17,345673
2026-06-29T02:01:07.880024,Schottenring U,17,345650
2026-06-29T02:01:07.880024,Schottenring U,17,345588
2026-06-29T02:01:07.880024,Schottenring U,17,346407
2026-06-29T02:01:07.880024,Schottenring U,17,346910
2026-06-29T02:01:07.880024,Schottenring U,17,347453
2026-06-29T02:01:07.880024,Schottenring U,17,347906
2026-06-29T02:01:07.880024,Schottenring U,17,347594
2026-06-29T02:01:07.880024,Schottenring U,17,347569
2026-06-29T02:01:07.880024,Schottenring U,17,348356
2026-06-29T02:01:07.880024,Schottenring U,17,398789
2026-06-29T02:01:07.880024,Strozzigasse,19,345481
2026-06-29T02:01:07.880024,Strozzigasse,19,345338
2026-06-29T02:01:07.880024,Strozzigasse,19,345182
2026-06-29T02:01:07.880024,Strozzigasse,19,345082
2026-06-29T02:01:07.880024,Strozzigasse,19,345079
2026-06-29T02:01:07.880024,Strozzigasse,19,345922
2026-06-29T02:01:07.880024,Strozzigasse,19,345886
2026-06-29T02:01:07.880024,Strozzigasse,19,345807
2026-06-29T02:01:07.880024,Strozzigasse,19,345731
2026-06-29T02:01:07.880024,Strozzigasse,19,345530
2026-06-29T02:01:07.880024,Strozzigasse,19,346497
2026-06-29T02:01:07.880024,Strozzigasse,19,346583
2026-06-29T02:01:07.880024,Strozzigasse,19,346573
2026-06-29T02:01:07.880024,Strozzigasse,19,347688
2026-06-29T02:01:07.880024,Strozzigasse,19,348481
2026-06-29T02:01:07.880024,Strozzigasse,19,348363
2026-06-29T02:01:07.880024,Strozzigasse,19,348285
2026-06-29T02:01:07.880024,Strozzigasse,19,398817
2026-06-29T02:01:07.880024,Strozzigasse,19,398723
2026-06-29T02:01:07.880024,Yppengasse,9,345312
2026-06-29T02:01:07.880024,Yppengasse,9,346110
2026-06-29T02:01:07.880024,Yppengasse,9,346900
2026-06-29T02:01:07.880024,Yppengasse,9,346662
2026-06-29T02:01:07.880024,Yppengasse,9,347017
2026-06-29T02:01:07.880024,Yppengasse,9,347834
2026-06-29T02:01:07.880024,Yppengasse,9,347714
2026-06-29T02:01:07.880024,Yppengasse,9,348047
2026-06-29T02:01:07.880024,Yppengasse,9,348515
2026-06-29T02:01:07.880024,Stefan-Fadinger-Platz,2,346771
2026-06-29T02:01:07.880024,Stefan-Fadinger-Platz,2,348828
2026-06-29T02:01:07.880024,Brünnlbadgasse,6,345113
2026-06-29T02:01:07.880024,Brünnlbadgasse,6,347485
2026-06-29T02:01:07.880024,Brünnlbadgasse,6,347130
2026-06-29T02:01:07.880024,Brünnlbadgasse,6,347065
2026-06-29T02:01:07.880024,Brünnlbadgasse,6,348146
2026-06-29T02:01:07.880024,Brünnlbadgasse,6,349026
2026-06-29T02:01:07.880024,Obere Augartenstraße,14,345335
2026-06-29T02:01:07.880024,Obere Augartenstraße,14,345040
2026-06-29T02:01:07.880024,Obere Augartenstraße,14,345536
2026-06-29T02:01:07.880024,Obere Augartenstraße,14,346134
2026-06-29T02:01:07.880024,Obere Augartenstraße,14,347259
2026-06-29T02:01:07.880024,Obere Augartenstraße,14,347240
2026-06-29T02:01:07.880024,Obere Augartenstraße,14,347094
2026-06-29T02:01:07.880024,Obere Augartenstraße,14,347777
2026-06-29T02:01:07.880024,Obere Augartenstraße,14,348499
2026-06-29T02:01:07.880024,Obere Augartenstraße,14,348087
2026-06-29T02:01:07.880024,Obere Augartenstraße,14,348086
2026-06-29T02:01:07.880024,Obere Augartenstraße,14,348699
2026-06-29T02:01:07.880024,Obere Augartenstraße,14,398832
2026-06-29T02:01:07.880024,Obere Augartenstraße,14,398802
2026-06-29T02:01:07.880024,Gußhausstraße / Argentinierstraße,12,345300
2026-06-29T02:01:07.880024,Gußhausstraße / Argentinierstraße,12,346395
2026-06-29T02:01:07.880024,Gußhausstraße / Argentinierstraße,12,346170
2026-06-29T02:01:07.880024,Gußhausstraße / Argentinierstraße,12,346762
2026-06-29T02:01:07.880024,Gußhausstraße / Argentinierstraße,12,346692
2026-06-29T02:01:07.880024,Gußhausstraße / Argentinierstraße,12,346676
2026-06-29T02:01:07.880024,Gußhausstraße / Argentinierstraße,12,347184
2026-06-29T02:01:07.880024,Gußhausstraße / Argentinierstraße,12,348263
2026-06-29T02:01:07.880024,Gußhausstraße / Argentinierstraße,12,348646
2026-06-29T02:01:07.880024,Gußhausstraße / Argentinierstraße,12,348605
2026-06-29T02:01:07.880024,Gußhausstraße / Argentinierstraße,12,398714
2026-06-29T02:01:07.880024,Gußhausstraße / Argentinierstraße,12,398786
2026-06-29T02:01:07.880024,Ober St. Veit U,11,345479
2026-06-29T02:01:07.880024,Ober St. Veit U,11,345308
2026-06-29T02:01:07.880024,Ober St. Veit U,11,345104
2026-06-29T02:01:07.880024,Ober St. Veit U,11,346197
2026-06-29T02:01:07.880024,Ober St. Veit U,11,346144
2026-06-29T02:01:07.880024,Ober St. Veit U,11,346846
2026-06-29T02:01:07.880024,Ober St. Veit U,11,347608
2026-06-29T02:01:07.880024,Ober St. Veit U,11,349069
2026-06-29T02:01:07.880024,Ober St. Veit U,11,348984
2026-06-29T02:01:07.880024,Ober St. Veit U,11,348907
2026-06-29T02:01:07.880024,Ober St. Veit U,11,349154
2026-06-29T02:01:07.880024,Auf der Schmelz,17,345469
2026-06-29T02:01:07.880024,Auf der Schmelz,17,345432
2026-06-29T02:01:07.880024,Auf der Schmelz,17,345279
2026-06-29T02:01:07.880024,Auf der Schmelz,17,345255
2026-06-29T02:01:07.880024,Auf der Schmelz,17,345090
2026-06-29T02:01:07.880024,Auf der Schmelz,17,345753
2026-06-29T02:01:07.880024,Auf der Schmelz,17,345739
2026-06-29T02:01:07.880024,Auf der Schmelz,17,345664
2026-06-29T02:01:07.880024,Auf der Schmelz,17,346480
2026-06-29T02:01:07.880024,Auf der Schmelz,17,346389
2026-06-29T02:01:07.880024,Auf der Schmelz,17,346851
2026-06-29T02:01:07.880024,Auf der Schmelz,17,346540
2026-06-29T02:01:07.880024,Auf der Schmelz,17,346525
2026-06-29T02:01:07.880024,Auf der Schmelz,17,347178
2026-06-29T02:01:07.880024,Auf der Schmelz,17,347730
2026-06-29T02:01:07.880024,Auf der Schmelz,17,348043
2026-06-29T02:01:07.880024,Auf der Schmelz,17,348573
2026-06-29T02:01:07.880024,Grimmgasse,27,345384
2026-06-29T02:01:07.880024,Grimmgasse,27,345213
2026-06-29T02:01:07.880024,Grimmgasse,27,345168
2026-06-29T02:01:07.880024,Grimmgasse,27,345853
2026-06-29T02:01:07.880024,Grimmgasse,27,345545
2026-06-29T02:01:07.880024,Grimmgasse,27,346442
2026-06-29T02:01:07.880024,Grimmgasse,27,346423
2026-06-29T02:01:07.880024,Grimmgasse,27,346404
2026-06-29T02:01:07.880024,Grimmgasse,27,346164
2026-06-29T02:01:07.880024,Grimmgasse,27,346128
2026-06-29T02:01:07.880024,Grimmgasse,27,346094
2026-06-29T02:01:07.880024,Grimmgasse,27,346081
2026-06-29T02:01:07.880024,Grimmgasse,27,346025
2026-06-29T02:01:07.880024,Grimmgasse,27,346023
2026-06-29T02:01:07.880024,Grimmgasse,27,346956
2026-06-29T02:01:07.880024,Grimmgasse,27,346892
2026-06-29T02:01:07.880024,Grimmgasse,27,346594
2026-06-29T02:01:07.880024,Grimmgasse,27,346593
2026-06-29T02:01:07.880024,Grimmgasse,27,347969
2026-06-29T02:01:07.880024,Grimmgasse,27,348466
2026-06-29T02:01:07.880024,Grimmgasse,27,348417
2026-06-29T02:01:07.880024,Grimmgasse,27,348398
2026-06-29T02:01:07.880024,Grimmgasse,27,348070
2026-06-29T02:01:07.880024,Grimmgasse,27,348029
2026-06-29T02:01:07.880024,Grimmgasse,27,348022
2026-06-29T02:01:07.880024,Grimmgasse,27,348668
2026-06-29T02:01:07.880024,Grimmgasse,27,348559
2026-06-29T02:01:07.880024,Parhamerplatz,16,345790
2026-06-29T02:01:07.880024,Parhamerplatz,16,346487
2026-06-29T02:01:07.880024,Parhamerplatz,16,346265
2026-06-29T02:01:07.880024,Parhamerplatz,16,346880
2026-06-29T02:01:07.880024,Parhamerplatz,16,346514
2026-06-29T02:01:07.880024,Parhamerplatz,16,347409
2026-06-29T02:01:07.880024,Parhamerplatz,16,347997
2026-06-29T02:01:07.880024,Parhamerplatz,16,347759
2026-06-29T02:01:07.880024,Parhamerplatz,16,348300
2026-06-29T02:01:07.880024,Parhamerplatz,16,348608
2026-06-29T02:01:07.880024,Parhamerplatz,16,398853
2026-06-29T02:01:07.880024,Parhamerplatz,16,398842
2026-06-29T02:01:07.880024,Parhamerplatz,16,398755
2026-06-29T02:01:07.880024,Parhamerplatz,16,398727
2026-06-29T02:01:07.880024,Parhamerplatz,16,348885
2026-06-29T02:01:07.880024,Parhamerplatz,16,398864
2026-06-29T02:01:07.880024,Kendlerstraße U,20,345244
2026-06-29T02:01:07.880024,Kendlerstraße U,20,345118
2026-06-29T02:01:07.880024,Kendlerstraße U,20,345101
2026-06-29T02:01:07.880024,Kendlerstraße U,20,345986
2026-06-29T02:01:07.880024,Kendlerstraße U,20,345962
2026-06-29T02:01:07.880024,Kendlerstraße U,20,345872
2026-06-29T02:01:07.880024,Kendlerstraße U,20,345692
2026-06-29T02:01:07.880024,Kendlerstraße U,20,345679
2026-06-29T02:01:07.880024,Kendlerstraße U,20,346324
2026-06-29T02:01:07.880024,Kendlerstraße U,20,346270
2026-06-29T02:01:07.880024,Kendlerstraße U,20,346126
2026-06-29T02:01:07.880024,Kendlerstraße U,20,347276
2026-06-29T02:01:07.880024,Kendlerstraße U,20,347675
2026-06-29T02:01:07.880024,Kendlerstraße U,20,348493
2026-06-29T02:01:07.880024,Kendlerstraße U,20,348236
2026-06-29T02:01:07.880024,Kendlerstraße U,20,348119
2026-06-29T02:01:07.880024,Kendlerstraße U,20,348548
2026-06-29T02:01:07.880024,Kendlerstraße U,20,348535
2026-06-29T02:01:07.880024,Kendlerstraße U,20,348533
2026-06-29T02:01:07.880024,Kendlerstraße U,20,348967
2026-06-29T02:01:07.880024,Dornerplatz,29,345482
2026-06-29T02:01:07.880024,Dornerplatz,29,345321
2026-06-29T02:01:07.880024,Dornerplatz,29,345148
2026-06-29T02:01:07.880024,Dornerplatz,29,345068
2026-06-29T02:01:07.880024,Dornerplatz,29,345065
2026-06-29T02:01:07.880024,Dornerplatz,29,345966
2026-06-29T02:01:07.880024,Dornerplatz,29,345915
2026-06-29T02:01:07.880024,Dornerplatz,29,345733
2026-06-29T02:01:07.880024,Dornerplatz,29,345582
2026-06-29T02:01:07.880024,Dornerplatz,29,346490
2026-06-29T02:01:07.880024,Dornerplatz,29,346236
2026-06-29T02:01:07.880024,Dornerplatz,29,346918
2026-06-29T02:01:07.880024,Dornerplatz,29,346899
2026-06-29T02:01:07.880024,Dornerplatz,29,346745
2026-06-29T02:01:07.880024,Dornerplatz,29,346602
2026-06-29T02:01:07.880024,Dornerplatz,29,346601
2026-06-29T02:01:07.880024,Dornerplatz,29,346579
2026-06-29T02:01:07.880024,Dornerplatz,29,347355
2026-06-29T02:01:07.880024,Dornerplatz,29,347283
2026-06-29T02:01:07.880024,Dornerplatz,29,347174
2026-06-29T02:01:07.880024,Dornerplatz,29,347173
2026-06-29T02:01:07.880024,Dornerplatz,29,347084
2026-06-29T02:01:07.880024,Dornerplatz,29,347831
2026-06-29T02:01:07.880024,Dornerplatz,29,347700
2026-06-29T02:01:07.880024,Dornerplatz,29,348402
2026-06-29T02:01:07.880024,Dornerplatz,29,348183
2026-06-29T02:01:07.880024,Dornerplatz,29,348157
2026-06-29T02:01:07.880024,Dornerplatz,29,348072
2026-06-29T02:01:07.880024,Dornerplatz,29,348842
2026-06-29T02:01:07.880024,Hernals S,23,345330
2026-06-29T02:01:07.880024,Hernals S,23,345310
2026-06-29T02:01:07.880024,Hernals S,23,345925
2026-06-29T02:01:07.880024,Hernals S,23,345805
2026-06-29T02:01:07.880024,Hernals S,23,345786
2026-06-29T02:01:07.880024,Hernals S,23,346302
2026-06-29T02:01:07.880024,Hernals S,23,346058
2026-06-29T02:01:07.880024,Hernals S,23,346848
2026-06-29T02:01:07.880024,Hernals S,23,346764
2026-06-29T02:01:07.880024,Hernals S,23,346516
2026-06-29T02:01:07.880024,Hernals S,23,347107
2026-06-29T02:01:07.880024,Hernals S,23,347696
2026-06-29T02:01:07.880024,Hernals S,23,347684
2026-06-29T02:01:07.880024,Hernals S,23,347559
2026-06-29T02:01:07.880024,Hernals S,23,348410
2026-06-29T02:01:07.880024,Hernals S,23,348308
2026-06-29T02:01:07.880024,Hernals S,23,348305
2026-06-29T02:01:07.880024,Hernals S,23,348189
2026-06-29T02:01:07.880024,Hernals S,23,348120
2026-06-29T02:01:07.880024,Hernals S,23,348082
2026-06-29T02:01:07.880024,Hernals S,23,348674
2026-06-29T02:01:07.880024,Hernals S,23,348952
2026-06-29T02:01:07.880024,Hernals S,23,349157
2026-06-29T02:01:07.880024,Schmelzbrücke,19,345280
2026-06-29T02:01:07.880024,Schmelzbrücke,19,345978
2026-06-29T02:01:07.880024,Schmelzbrücke,19,345681
2026-06-29T02:01:07.880024,Schmelzbrücke,19,345600
2026-06-29T02:01:07.880024,Schmelzbrücke,19,345592
2026-06-29T02:01:07.880024,Schmelzbrücke,19,346428
2026-06-29T02:01:07.880024,Schmelzbrücke,19,346381
2026-06-29T02:01:07.880024,Schmelzbrücke,19,346010
2026-06-29T02:01:07.880024,Schmelzbrücke,19,346566
2026-06-29T02:01:07.880024,Schmelzbrücke,19,347415
2026-06-29T02:01:07.880024,Schmelzbrücke,19,347028
2026-06-29T02:01:07.880024,Schmelzbrücke,19,347974
2026-06-29T02:01:07.880024,Schmelzbrücke,19,347931
2026-06-29T02:01:07.880024,Schmelzbrücke,19,347508
2026-06-29T02:01:07.880024,Schmelzbrücke,19,348281
2026-06-29T02:01:07.880024,Schmelzbrücke,19,348204
2026-06-29T02:01:07.880024,Schmelzbrücke,19,348135
2026-06-29T02:01:07.880024,Schmelzbrücke,19,348712
2026-06-29T02:01:07.880024,Schmelzbrücke,19,398731
2026-06-29T02:01:07.880024,Michelbeuern-AKH U,19,345455
2026-06-29T02:01:07.880024,Michelbeuern-AKH U,19,345208
2026-06-29T02:01:07.880024,Michelbeuern-AKH U,19,345170
2026-06-29T02:01:07.880024,Michelbeuern-AKH U,19,345083
2026-06-29T02:01:07.880024,Michelbeuern-AKH U,19,345969
2026-06-29T02:01:07.880024,Michelbeuern-AKH U,19,345877
2026-06-29T02:01:07.880024,Michelbeuern-AKH U,19,345527
2026-06-29T02:01:07.880024,Michelbeuern-AKH U,19,346388
2026-06-29T02:01:07.880024,Michelbeuern-AKH U,19,346334
2026-06-29T02:01:07.880024,Michelbeuern-AKH U,19,346946
2026-06-29T02:01:07.880024,Michelbeuern-AKH U,19,346836
2026-06-29T02:01:07.880024,Michelbeuern-AKH U,19,346667
2026-06-29T02:01:07.880024,Michelbeuern-AKH U,19,346650
2026-06-29T02:01:07.880024,Michelbeuern-AKH U,19,347384
2026-06-29T02:01:07.880024,Michelbeuern-AKH U,19,347868
2026-06-29T02:01:07.880024,Michelbeuern-AKH U,19,348104
2026-06-29T02:01:07.880024,Michelbeuern-AKH U,19,348024
2026-06-29T02:01:07.880024,Michelbeuern-AKH U,19,348680
2026-06-29T02:01:07.880024,Michelbeuern-AKH U,19,398819
2026-06-29T02:01:07.880024,Johann-Nepomuk-Vogl-Platz,5,345441
2026-06-29T02:01:07.880024,Johann-Nepomuk-Vogl-Platz,5,345348
2026-06-29T02:01:07.880024,Johann-Nepomuk-Vogl-Platz,5,345561
2026-06-29T02:01:07.880024,Johann-Nepomuk-Vogl-Platz,5,346331
2026-06-29T02:01:07.880024,Johann-Nepomuk-Vogl-Platz,5,346782
2026-06-29T02:01:07.880024,Mayerhofgasse,16,345362
2026-06-29T02:01:07.880024,Mayerhofgasse,16,345354
2026-06-29T02:01:07.880024,Mayerhofgasse,16,345248
2026-06-29T02:01:07.880024,Mayerhofgasse,16,345121
2026-06-29T02:01:07.880024,Mayerhofgasse,16,345900
2026-06-29T02:01:07.880024,Mayerhofgasse,16,345864
2026-06-29T02:01:07.880024,Mayerhofgasse,16,346224
2026-06-29T02:01:07.880024,Mayerhofgasse,16,346149
2026-06-29T02:01:07.880024,Mayerhofgasse,16,346886
2026-06-29T02:01:07.880024,Mayerhofgasse,16,346854
2026-06-29T02:01:07.880024,Mayerhofgasse,16,346786
2026-06-29T02:01:07.880024,Mayerhofgasse,16,347398
2026-06-29T02:01:07.880024,Mayerhofgasse,16,348180
2026-06-29T02:01:07.880024,Mayerhofgasse,16,348606
2026-06-29T02:01:07.880024,Mayerhofgasse,16,348537
2026-06-29T02:01:07.880024,Mayerhofgasse,16,349013
2026-06-29T02:01:07.880024,Westbahnstraße / Schottenfeldgasse,3,347952
2026-06-29T02:01:07.880024,Westbahnstraße / Schottenfeldgasse,3,347763
2026-06-29T02:01:07.880024,Westbahnstraße / Schottenfeldgasse,3,348460
2026-06-29T02:01:07.880024,Vorgartenstraße U,9,345671
2026-06-29T02:01:07.880024,Vorgartenstraße U,9,346729
2026-06-29T02:01:07.880024,Vorgartenstraße U,9,346640
2026-06-29T02:01:07.880024,Vorgartenstraße U,9,347295
2026-06-29T02:01:07.880024,Vorgartenstraße U,9,347904
2026-06-29T02:01:07.880024,Vorgartenstraße U,9,348155
2026-06-29T02:01:07.880024,Vorgartenstraße U,9,348053
2026-06-29T02:01:07.880024,Vorgartenstraße U,9,348598
2026-06-29T02:01:07.880024,Vorgartenstraße U,9,398778
2026-06-29T02:01:07.880024,Krieau U,25,345457
2026-06-29T02:01:07.880024,Krieau U,25,345249
2026-06-29T02:01:07.880024,Krieau U,25,345851
2026-06-29T02:01:07.880024,Krieau U,25,345638
2026-06-29T02:01:07.880024,Krieau U,25,346325
2026-06-29T02:01:07.880024,Krieau U,25,346030
2026-06-29T02:01:07.880024,Krieau U,25,346012
2026-06-29T02:01:07.880024,Krieau U,25,346783
2026-06-29T02:01:07.880024,Krieau U,25,346690
2026-06-29T02:01:07.880024,Krieau U,25,346597
2026-06-29T02:01:07.880024,Krieau U,25,346558
2026-06-29T02:01:07.880024,Krieau U,25,347490
2026-06-29T02:01:07.880024,Krieau U,25,347484
2026-06-29T02:01:07.880024,Krieau U,25,347359
2026-06-29T02:01:07.880024,Krieau U,25,347064
2026-06-29T02:01:07.880024,Krieau U,25,347782
2026-06-29T02:01:07.880024,Krieau U,25,347721
2026-06-29T02:01:07.880024,Krieau U,25,347507
2026-06-29T02:01:07.880024,Krieau U,25,348272
2026-06-29T02:01:07.880024,Krieau U,25,348181
2026-06-29T02:01:07.880024,Krieau U,25,348085
2026-06-29T02:01:07.880024,Krieau U,25,348049
2026-06-29T02:01:07.880024,Krieau U,25,348711
2026-06-29T02:01:07.880024,Krieau U,25,398737
2026-06-29T02:01:07.880024,Krieau U,25,349046
2026-06-29T02:01:07.880024,Ottakring S U,26,345420
2026-06-29T02:01:07.880024,Ottakring S U,26,345293
2026-06-29T02:01:07.880024,Ottakring S U,26,345242
2026-06-29T02:01:07.880024,Ottakring S U,26,345219
2026-06-29T02:01:07.880024,Ottakring S U,26,345961
2026-06-29T02:01:07.880024,Ottakring S U,26,345908
2026-06-29T02:01:07.880024,Ottakring S U,26,345869
2026-06-29T02:01:07.880024,Ottakring S U,26,345607
2026-06-29T02:01:07.880024,Ottakring S U,26,346414
2026-06-29T02:01:07.880024,Ottakring S U,26,346293
2026-06-29T02:01:07.880024,Ottakring S U,26,346963
2026-06-29T02:01:07.880024,Ottakring S U,26,346586
2026-06-29T02:01:07.880024,Ottakring S U,26,347301
2026-06-29T02:01:07.880024,Ottakring S U,26,347200
2026-06-29T02:01:07.880024,Ottakring S U,26,347013
2026-06-29T02:01:07.880024,Ottakring S U,26,347886
2026-06-29T02:01:07.880024,Ottakring S U,26,347801
2026-06-29T02:01:07.880024,Ottakring S U,26,347741
2026-06-29T02:01:07.880024,Ottakring S U,26,347563
2026-06-29T02:01:07.880024,Ottakring S U,26,348438
2026-06-29T02:01:07.880024,Ottakring S U,26,348392
2026-06-29T02:01:07.880024,Ottakring S U,26,348341
2026-06-29T02:01:07.880024,Ottakring S U,26,348149
2026-06-29T02:01:07.880024,Ottakring S U,26,348090
2026-06-29T02:01:07.880024,Ottakring S U,26,398829
2026-06-29T02:01:07.880024,Ottakring S U,26,348938
2026-06-29T02:01:07.880024,Hartmanngasse ,25,345341
2026-06-29T02:01:07.880024,Hartmanngasse ,25,345169
2026-06-29T02:01:07.880024,Hartmanngasse ,25,345938
2026-06-29T02:01:07.880024,Hartmanngasse ,25,345858
2026-06-29T02:01:07.880024,Hartmanngasse ,25,345580
2026-06-29T02:01:07.880024,Hartmanngasse ,25,346285
2026-06-29T02:01:07.880024,Hartmanngasse ,25,346161
2026-06-29T02:01:07.880024,Hartmanngasse ,25,346942
2026-06-29T02:01:07.880024,Hartmanngasse ,25,346639
2026-06-29T02:01:07.880024,Hartmanngasse ,25,346529
2026-06-29T02:01:07.880024,Hartmanngasse ,25,346517
2026-06-29T02:01:07.880024,Hartmanngasse ,25,347494
2026-06-29T02:01:07.880024,Hartmanngasse ,25,347285
2026-06-29T02:01:07.880024,Hartmanngasse ,25,347264
2026-06-29T02:01:07.880024,Hartmanngasse ,25,347117
2026-06-29T02:01:07.880024,Hartmanngasse ,25,347946
2026-06-29T02:01:07.880024,Hartmanngasse ,25,347789
2026-06-29T02:01:07.880024,Hartmanngasse ,25,347727
2026-06-29T02:01:07.880024,Hartmanngasse ,25,347574
2026-06-29T02:01:07.880024,Hartmanngasse ,25,347525
2026-06-29T02:01:07.880024,Hartmanngasse ,25,348397
2026-06-29T02:01:07.880024,Hartmanngasse ,25,348381
2026-06-29T02:01:07.880024,Hartmanngasse ,25,348321
2026-06-29T02:01:07.880024,Hartmanngasse ,25,348179
2026-06-29T02:01:07.880024,Hartmanngasse ,25,348555
2026-06-29T02:01:07.880024,Nestroyplatz U,14,345438
2026-06-29T02:01:07.880024,Nestroyplatz U,14,345020
2026-06-29T02:01:07.880024,Nestroyplatz U,14,346311
2026-06-29T02:01:07.880024,Nestroyplatz U,14,346139
2026-06-29T02:01:07.880024,Nestroyplatz U,14,346980
2026-06-29T02:01:07.880024,Nestroyplatz U,14,346911
2026-06-29T02:01:07.880024,Nestroyplatz U,14,346701
2026-06-29T02:01:07.880024,Nestroyplatz U,14,346603
2026-06-29T02:01:07.880024,Nestroyplatz U,14,347446
2026-06-29T02:01:07.880024,Nestroyplatz U,14,347411
2026-06-29T02:01:07.880024,Nestroyplatz U,14,347205
2026-06-29T02:01:07.880024,Nestroyplatz U,14,347077
2026-06-29T02:01:07.880024,Nestroyplatz U,14,347949
2026-06-29T02:01:07.880024,Nestroyplatz U,14,348313
2026-06-29T02:01:07.880024,Messe-Prater U,29,345487
2026-06-29T02:01:07.880024,Messe-Prater U,29,345429
2026-06-29T02:01:07.880024,Messe-Prater U,29,345093
2026-06-29T02:01:07.880024,Messe-Prater U,29,345833
2026-06-29T02:01:07.880024,Messe-Prater U,29,346383
2026-06-29T02:01:07.880024,Messe-Prater U,29,346314
2026-06-29T02:01:07.880024,Messe-Prater U,29,346292
2026-06-29T02:01:07.880024,Messe-Prater U,29,346174
2026-06-29T02:01:07.880024,Messe-Prater U,29,346978
2026-06-29T02:01:07.880024,Messe-Prater U,29,346856
2026-06-29T02:01:07.880024,Messe-Prater U,29,346675
2026-06-29T02:01:07.880024,Messe-Prater U,29,346590
2026-06-29T02:01:07.880024,Messe-Prater U,29,347057
2026-06-29T02:01:07.880024,Messe-Prater U,29,347937
2026-06-29T02:01:07.880024,Messe-Prater U,29,347838
2026-06-29T02:01:07.880024,Messe-Prater U,29,347828
2026-06-29T02:01:07.880024,Messe-Prater U,29,347738
2026-06-29T02:01:07.880024,Messe-Prater U,29,347664
2026-06-29T02:01:07.880024,Messe-Prater U,29,348412
2026-06-29T02:01:07.880024,Messe-Prater U,29,348295
2026-06-29T02:01:07.880024,Messe-Prater U,29,348258
2026-06-29T02:01:07.880024,Messe-Prater U,29,348129
2026-06-29T02:01:07.880024,Messe-Prater U,29,348678
2026-06-29T02:01:07.880024,Messe-Prater U,29,348615
2026-06-29T02:01:07.880024,Messe-Prater U,29,348587
2026-06-29T02:01:07.880024,Messe-Prater U,29,398827
2026-06-29T02:01:07.880024,Messe-Prater U,29,349075
2026-06-29T02:01:07.880024,Messe-Prater U,29,348949
2026-06-29T02:01:07.880024,Messe-Prater U,29,349126
2026-06-29T02:01:07.880024,Loquaiplatz,2,345307
2026-06-29T02:01:07.880024,Loquaiplatz,2,347311
2026-06-29T02:01:07.880024,Rosensteingasse,9,345360
2026-06-29T02:01:07.880024,Rosensteingasse,9,345750
2026-06-29T02:01:07.880024,Rosensteingasse,9,346427
2026-06-29T02:01:07.880024,Rosensteingasse,9,346255
2026-06-29T02:01:07.880024,Rosensteingasse,9,346595
2026-06-29T02:01:07.880024,Rosensteingasse,9,348107
2026-06-29T02:01:07.880024,Rosensteingasse,9,348095
2026-06-29T02:01:07.880024,Rosensteingasse,9,398836
2026-06-29T02:01:07.880024,Rosensteingasse,9,348846
2026-06-29T02:01:07.880024,Gumpendorfer Gürtel,20,345422
2026-06-29T02:01:07.880024,Gumpendorfer Gürtel,20,345414
2026-06-29T02:01:07.880024,Gumpendorfer Gürtel,20,345370
2026-06-29T02:01:07.880024,Gumpendorfer Gürtel,20,345267
2026-06-29T02:01:07.880024,Gumpendorfer Gürtel,20,345218
2026-06-29T02:01:07.880024,Gumpendorfer Gürtel,20,345059
2026-06-29T02:01:07.880024,Gumpendorfer Gürtel,20,345822
2026-06-29T02:01:07.880024,Gumpendorfer Gürtel,20,345694
2026-06-29T02:01:07.880024,Gumpendorfer Gürtel,20,345677
2026-06-29T02:01:07.880024,Gumpendorfer Gürtel,20,345602
2026-06-29T02:01:07.880024,Gumpendorfer Gürtel,20,346821
2026-06-29T02:01:07.880024,Gumpendorfer Gürtel,20,346765
2026-06-29T02:01:07.880024,Gumpendorfer Gürtel,20,346706
2026-06-29T02:01:07.880024,Gumpendorfer Gürtel,20,346542
2026-06-29T02:01:07.880024,Gumpendorfer Gürtel,20,346539
2026-06-29T02:01:07.880024,Gumpendorfer Gürtel,20,347459
2026-06-29T02:01:07.880024,Gumpendorfer Gürtel,20,348345
2026-06-29T02:01:07.880024,Gumpendorfer Gürtel,20,348118
2026-06-29T02:01:07.880024,Gumpendorfer Gürtel,20,349103
2026-06-29T02:01:07.880024,Gumpendorfer Gürtel,20,349189
2026-06-29T02:01:07.880024,Burggasse-Stadthalle U,17,345996
2026-06-29T02:01:07.880024,Burggasse-Stadthalle U,17,345955
2026-06-29T02:01:07.880024,Burggasse-Stadthalle U,17,345759
2026-06-29T02:01:07.880024,Burggasse-Stadthalle U,17,345710
2026-06-29T02:01:07.880024,Burggasse-Stadthalle U,17,345657
2026-06-29T02:01:07.880024,Burggasse-Stadthalle U,17,345608
2026-06-29T02:01:07.880024,Burggasse-Stadthalle U,17,346887
2026-06-29T02:01:07.880024,Burggasse-Stadthalle U,17,346809
2026-06-29T02:01:07.880024,Burggasse-Stadthalle U,17,346722
2026-06-29T02:01:07.880024,Burggasse-Stadthalle U,17,347420
2026-06-29T02:01:07.880024,Burggasse-Stadthalle U,17,347196
2026-06-29T02:01:07.880024,Burggasse-Stadthalle U,17,347976
2026-06-29T02:01:07.880024,Burggasse-Stadthalle U,17,347872
2026-06-29T02:01:07.880024,Burggasse-Stadthalle U,17,347679
2026-06-29T02:01:07.880024,Burggasse-Stadthalle U,17,347524
2026-06-29T02:01:07.880024,Burggasse-Stadthalle U,17,348231
2026-06-29T02:01:07.880024,Burggasse-Stadthalle U,17,398783
2026-06-29T02:01:07.880024,Urban-Loritz-Platz,12,345398
2026-06-29T02:01:07.880024,Urban-Loritz-Platz,12,345646
2026-06-29T02:01:07.880024,Urban-Loritz-Platz,12,345503
2026-06-29T02:01:07.880024,Urban-Loritz-Platz,12,346377
2026-06-29T02:01:07.880024,Urban-Loritz-Platz,12,346317
2026-06-29T02:01:07.880024,Urban-Loritz-Platz,12,346072
2026-06-29T02:01:07.880024,Urban-Loritz-Platz,12,346001
2026-06-29T02:01:07.880024,Urban-Loritz-Platz,12,346983
2026-06-29T02:01:07.880024,Urban-Loritz-Platz,12,346546
2026-06-29T02:01:07.880024,Urban-Loritz-Platz,12,347134
2026-06-29T02:01:07.880024,Urban-Loritz-Platz,12,347019
2026-06-29T02:01:07.880024,Urban-Loritz-Platz,12,348151
2026-06-29T02:01:07.880024,Hanusch Krankenhaus,9,345649
2026-06-29T02:01:07.880024,Hanusch Krankenhaus,9,346198
2026-06-29T02:01:07.880024,Hanusch Krankenhaus,9,346604
2026-06-29T02:01:07.880024,Hanusch Krankenhaus,9,347056
2026-06-29T02:01:07.880024,Hanusch Krankenhaus,9,347575
2026-06-29T02:01:07.880024,Hanusch Krankenhaus,9,347528
2026-06-29T02:01:07.880024,Hanusch Krankenhaus,9,349096
2026-06-29T02:01:07.880024,Hanusch Krankenhaus,9,348875
2026-06-29T02:01:07.880024,Hanusch Krankenhaus,9,348855
2026-06-29T02:01:07.880024,Westbahnhof S U / Gerstnerstraße,23,345343
2026-06-29T02:01:07.880024,Westbahnhof S U / Gerstnerstraße,23,345186
2026-06-29T02:01:07.880024,Westbahnhof S U / Gerstnerstraße,23,345041
2026-06-29T02:01:07.880024,Westbahnhof S U / Gerstnerstraße,23,345987
2026-06-29T02:01:07.880024,Westbahnhof S U / Gerstnerstraße,23,345703
2026-06-29T02:01:07.880024,Westbahnhof S U / Gerstnerstraße,23,345620
2026-06-29T02:01:07.880024,Westbahnhof S U / Gerstnerstraße,23,346209
2026-06-29T02:01:07.880024,Westbahnhof S U / Gerstnerstraße,23,346008
2026-06-29T02:01:07.880024,Westbahnhof S U / Gerstnerstraße,23,347402
2026-06-29T02:01:07.880024,Westbahnhof S U / Gerstnerstraße,23,347394
2026-06-29T02:01:07.880024,Westbahnhof S U / Gerstnerstraße,23,347968
2026-06-29T02:01:07.880024,Westbahnhof S U / Gerstnerstraße,23,347934
2026-06-29T02:01:07.880024,Westbahnhof S U / Gerstnerstraße,23,347926
2026-06-29T02:01:07.880024,Westbahnhof S U / Gerstnerstraße,23,347912
2026-06-29T02:01:07.880024,Westbahnhof S U / Gerstnerstraße,23,347858
2026-06-29T02:01:07.880024,Westbahnhof S U / Gerstnerstraße,23,347766
2026-06-29T02:01:07.880024,Westbahnhof S U / Gerstnerstraße,23,347626
2026-06-29T02:01:07.880024,Westbahnhof S U / Gerstnerstraße,23,348209
2026-06-29T02:01:07.880024,Westbahnhof S U / Gerstnerstraße,23,348088
2026-06-29T02:01:07.880024,Westbahnhof S U / Gerstnerstraße,23,348078
2026-06-29T02:01:07.880024,Westbahnhof S U / Gerstnerstraße,23,348034
2026-06-29T02:01:07.880024,Westbahnhof S U / Gerstnerstraße,23,348622
2026-06-29T02:01:07.880024,Westbahnhof S U / Gerstnerstraße,23,348584
2026-06-29T02:01:07.880024,Wieningerplatz,21,345264
2026-06-29T02:01:07.880024,Wieningerplatz,21,345224
2026-06-29T02:01:07.880024,Wieningerplatz,21,345999
2026-06-29T02:01:07.880024,Wieningerplatz,21,345836
2026-06-29T02:01:07.880024,Wieningerplatz,21,345770
2026-06-29T02:01:07.880024,Wieningerplatz,21,345626
2026-06-29T02:01:07.880024,Wieningerplatz,21,345612
2026-06-29T02:01:07.880024,Wieningerplatz,21,346418
2026-06-29T02:01:07.880024,Wieningerplatz,21,346329
2026-06-29T02:01:07.880024,Wieningerplatz,21,346798
2026-06-29T02:01:07.880024,Wieningerplatz,21,347246
2026-06-29T02:01:07.880024,Wieningerplatz,21,347243
2026-06-29T02:01:07.880024,Wieningerplatz,21,347189
2026-06-29T02:01:07.880024,Wieningerplatz,21,347765
2026-06-29T02:01:07.880024,Wieningerplatz,21,347749
2026-06-29T02:01:07.880024,Wieningerplatz,21,347683
2026-06-29T02:01:07.880024,Wieningerplatz,21,348293
2026-06-29T02:01:07.880024,Wieningerplatz,21,348217
2026-06-29T02:01:07.880024,Wieningerplatz,21,348057
2026-06-29T02:01:07.880024,Wieningerplatz,21,348669
2026-06-29T02:01:07.880024,Wieningerplatz,21,398809
2026-06-29T02:01:07.880024,Markgraf-Rüdiger Straße,17,345423
2026-06-29T02:01:07.880024,Markgraf-Rüdiger Straße,17,345286
2026-06-29T02:01:07.880024,Markgraf-Rüdiger Straße,17,345253
2026-06-29T02:01:07.880024,Markgraf-Rüdiger Straße,17,345810
2026-06-29T02:01:07.880024,Markgraf-Rüdiger Straße,17,345564
2026-06-29T02:01:07.880024,Markgraf-Rüdiger Straße,17,346465
2026-06-29T02:01:07.880024,Markgraf-Rüdiger Straße,17,346142
2026-06-29T02:01:07.880024,Markgraf-Rüdiger Straße,17,346109
2026-06-29T02:01:07.880024,Markgraf-Rüdiger Straße,17,346893
2026-06-29T02:01:07.880024,Markgraf-Rüdiger Straße,17,346795
2026-06-29T02:01:07.880024,Markgraf-Rüdiger Straße,17,346686
2026-06-29T02:01:07.880024,Markgraf-Rüdiger Straße,17,346576
2026-06-29T02:01:07.880024,Markgraf-Rüdiger Straße,17,347478
2026-06-29T02:01:07.880024,Markgraf-Rüdiger Straße,17,347302
2026-06-29T02:01:07.880024,Markgraf-Rüdiger Straße,17,347941
2026-06-29T02:01:07.880024,Markgraf-Rüdiger Straße,17,348214
2026-06-29T02:01:07.880024,Markgraf-Rüdiger Straße,17,348564
2026-06-29T02:01:07.880024,Plunkergasse,27,345499
2026-06-29T02:01:07.880024,Plunkergasse,27,345393
2026-06-29T02:01:07.880024,Plunkergasse,27,345254
2026-06-29T02:01:07.880024,Plunkergasse,27,345012
2026-06-29T02:01:07.880024,Plunkergasse,27,345000
2026-06-29T02:01:07.880024,Plunkergasse,27,345945
2026-06-29T02:01:07.880024,Plunkergasse,27,345939
2026-06-29T02:01:07.880024,Plunkergasse,27,345732
2026-06-29T02:01:07.880024,Plunkergasse,27,345625
2026-06-29T02:01:07.880024,Plunkergasse,27,346074
2026-06-29T02:01:07.880024,Plunkergasse,27,346823
2026-06-29T02:01:07.880024,Plunkergasse,27,347403
2026-06-29T02:01:07.880024,Plunkergasse,27,347376
2026-06-29T02:01:07.880024,Plunkergasse,27,347369
2026-06-29T02:01:07.880024,Plunkergasse,27,347145
2026-06-29T02:01:07.880024,Plunkergasse,27,347710
2026-06-29T02:01:07.880024,Plunkergasse,27,348452
2026-06-29T02:01:07.880024,Plunkergasse,27,348322
2026-06-29T02:01:07.880024,Plunkergasse,27,348304
2026-06-29T02:01:07.880024,Plunkergasse,27,348083
2026-06-29T02:01:07.880024,Plunkergasse,27,348064
2026-06-29T02:01:07.880024,Plunkergasse,27,348704
2026-06-29T02:01:07.880024,Plunkergasse,27,348698
2026-06-29T02:01:07.880024,Plunkergasse,27,398815
2026-06-29T02:01:07.880024,Plunkergasse,27,398726
2026-06-29T02:01:07.880024,Plunkergasse,27,349047
2026-06-29T02:01:07.880024,Plunkergasse,27,349196
2026-06-29T02:01:07.880024,Selzergasse,12,345491
2026-06-29T02:01:07.880024,Selzergasse,12,345226
2026-06-29T02:01:07.880024,Selzergasse,12,345901
2026-06-29T02:01:07.880024,Selzergasse,12,345797
2026-06-29T02:01:07.880024,Selzergasse,12,346858
2026-06-29T02:01:07.880024,Selzergasse,12,346816
2026-06-29T02:01:07.880024,Selzergasse,12,346705
2026-06-29T02:01:07.880024,Selzergasse,12,347175
2026-06-29T02:01:07.880024,Selzergasse,12,347877
2026-06-29T02:01:07.880024,Selzergasse,12,347832
2026-06-29T02:01:07.880024,Selzergasse,12,347669
2026-06-29T02:01:07.880024,Selzergasse,12,348137
2026-06-29T02:01:07.880024,Westbahnhof S U / Felberstraße,31,345495
2026-06-29T02:01:07.880024,Westbahnhof S U / Felberstraße,31,345478
2026-06-29T02:01:07.880024,Westbahnhof S U / Felberstraße,31,345410
2026-06-29T02:01:07.880024,Westbahnhof S U / Felberstraße,31,345409
2026-06-29T02:01:07.880024,Westbahnhof S U / Felberstraße,31,345380
2026-06-29T02:01:07.880024,Westbahnhof S U / Felberstraße,31,345376
2026-06-29T02:01:07.880024,Westbahnhof S U / Felberstraße,31,345291
2026-06-29T02:01:07.880024,Westbahnhof S U / Felberstraße,31,345227
2026-06-29T02:01:07.880024,Westbahnhof S U / Felberstraße,31,345158
2026-06-29T02:01:07.880024,Westbahnhof S U / Felberstraße,31,345103
2026-06-29T02:01:07.880024,Westbahnhof S U / Felberstraße,31,345069
2026-06-29T02:01:07.880024,Westbahnhof S U / Felberstraße,31,346447
2026-06-29T02:01:07.880024,Westbahnhof S U / Felberstraße,31,346429
2026-06-29T02:01:07.880024,Westbahnhof S U / Felberstraße,31,346048
2026-06-29T02:01:07.880024,Westbahnhof S U / Felberstraße,31,346960
2026-06-29T02:01:07.880024,Westbahnhof S U / Felberstraße,31,346928
2026-06-29T02:01:07.880024,Westbahnhof S U / Felberstraße,31,346725
2026-06-29T02:01:07.880024,Westbahnhof S U / Felberstraße,31,347304
2026-06-29T02:01:07.880024,Westbahnhof S U / Felberstraße,31,347236
2026-06-29T02:01:07.880024,Westbahnhof S U / Felberstraße,31,347066
2026-06-29T02:01:07.880024,Westbahnhof S U / Felberstraße,31,347040
2026-06-29T02:01:07.880024,Westbahnhof S U / Felberstraße,31,347998
2026-06-29T02:01:07.880024,Westbahnhof S U / Felberstraße,31,347556
2026-06-29T02:01:07.880024,Westbahnhof S U / Felberstraße,31,348302
2026-06-29T02:01:07.880024,Westbahnhof S U / Felberstraße,31,348264
2026-06-29T02:01:07.880024,Westbahnhof S U / Felberstraße,31,348114
2026-06-29T02:01:07.880024,Westbahnhof S U / Felberstraße,31,348014
2026-06-29T02:01:07.880024,Westbahnhof S U / Felberstraße,31,348613
2026-06-29T02:01:07.880024,Westbahnhof S U / Felberstraße,31,398715
2026-06-29T02:01:07.880024,Westbahnhof S U / Felberstraße,31,398807
2026-06-29T02:01:07.880024,Westbahnhof S U / Felberstraße,31,398796
2026-06-29T02:01:07.880024,Kundratstraße,9,345326
2026-06-29T02:01:07.880024,Kundratstraße,9,346158
2026-06-29T02:01:07.880024,Kundratstraße,9,346563
2026-06-29T02:01:07.880024,Kundratstraße,9,347645
2026-06-29T02:01:07.880024,Kundratstraße,9,348376
2026-06-29T02:01:07.880024,Kundratstraße,9,348973
2026-06-29T02:01:07.880024,Kundratstraße,9,348962
2026-06-29T02:01:07.880024,Kundratstraße,9,348810
2026-06-29T02:01:07.880024,Kundratstraße,9,349143
2026-06-29T02:01:07.880024,Arthaberplatz,14,345413
2026-06-29T02:01:07.880024,Arthaberplatz,14,345112
2026-06-29T02:01:07.880024,Arthaberplatz,14,345857
2026-06-29T02:01:07.880024,Arthaberplatz,14,345828
2026-06-29T02:01:07.880024,Arthaberplatz,14,345801
2026-06-29T02:01:07.880024,Arthaberplatz,14,345617
2026-06-29T02:01:07.880024,Arthaberplatz,14,345529
2026-06-29T02:01:07.880024,Arthaberplatz,14,346095
2026-06-29T02:01:07.880024,Arthaberplatz,14,346024
2026-06-29T02:01:07.880024,Arthaberplatz,14,346612
2026-06-29T02:01:07.880024,Arthaberplatz,14,347400
2026-06-29T02:01:07.880024,Arthaberplatz,14,347366
2026-06-29T02:01:07.880024,Arthaberplatz,14,348544
2026-06-29T02:01:07.880024,Arthaberplatz,14,348818
2026-06-29T02:01:07.880024,Karmeliterplatz,12,345465
2026-06-29T02:01:07.880024,Karmeliterplatz,12,345025
2026-06-29T02:01:07.880024,Karmeliterplatz,12,345022
2026-06-29T02:01:07.880024,Karmeliterplatz,12,346359
2026-06-29T02:01:07.880024,Karmeliterplatz,12,346832
2026-06-29T02:01:07.880024,Karmeliterplatz,12,346766
2026-06-29T02:01:07.880024,Karmeliterplatz,12,347370
2026-06-29T02:01:07.880024,Karmeliterplatz,12,347349
2026-06-29T02:01:07.880024,Karmeliterplatz,12,347331
2026-06-29T02:01:07.880024,Karmeliterplatz,12,347734
2026-06-29T02:01:07.880024,Karmeliterplatz,12,348052
2026-06-29T02:01:07.880024,Karmeliterplatz,12,348583
2026-06-29T02:01:07.880024,Fröbelgasse,18,345445
2026-06-29T02:01:07.880024,Fröbelgasse,18,345274
2026-06-29T02:01:07.880024,Fröbelgasse,18,345195
2026-06-29T02:01:07.880024,Fröbelgasse,18,345136
2026-06-29T02:01:07.880024,Fröbelgasse,18,345933
2026-06-29T02:01:07.880024,Fröbelgasse,18,345924
2026-06-29T02:01:07.880024,Fröbelgasse,18,345704
2026-06-29T02:01:07.880024,Fröbelgasse,18,345688
2026-06-29T02:01:07.880024,Fröbelgasse,18,345663
2026-06-29T02:01:07.880024,Fröbelgasse,18,345565
2026-06-29T02:01:07.880024,Fröbelgasse,18,346028
2026-06-29T02:01:07.880024,Fröbelgasse,18,346739
2026-06-29T02:01:07.880024,Fröbelgasse,18,346697
2026-06-29T02:01:07.880024,Fröbelgasse,18,347406
2026-06-29T02:01:07.880024,Fröbelgasse,18,347963
2026-06-29T02:01:07.880024,Fröbelgasse,18,347565
2026-06-29T02:01:07.880024,Fröbelgasse,18,348096
2026-06-29T02:01:07.880024,Fröbelgasse,18,348560
2026-06-29T02:01:07.880024,Reumannplatz U,11,345404
2026-06-29T02:01:07.880024,Reumannplatz U,11,345743
2026-06-29T02:01:07.880024,Reumannplatz U,11,345540
2026-06-29T02:01:07.880024,Reumannplatz U,11,346636
2026-06-29T02:01:07.880024,Reumannplatz U,11,347115
2026-06-29T02:01:07.880024,Reumannplatz U,11,347907
2026-06-29T02:01:07.880024,Reumannplatz U,11,347882
2026-06-29T02:01:07.880024,Reumannplatz U,11,347632
2026-06-29T02:01:07.880024,Reumannplatz U,11,348446
2026-06-29T02:01:07.880024,Reumannplatz U,11,348353
2026-06-29T02:01:07.880024,Reumannplatz U,11,348106
2026-06-29T02:01:07.880024,Brestelgasse,3,345591
2026-06-29T02:01:07.880024,Brestelgasse,3,346691
2026-06-29T02:01:07.880024,Brestelgasse,3,348098
2026-06-29T02:01:07.880024,Thaliastraße U,11,345217
2026-06-29T02:01:07.880024,Thaliastraße U,11,345964
2026-06-29T02:01:07.880024,Thaliastraße U,11,345800
2026-06-29T02:01:07.880024,Thaliastraße U,11,346415
2026-06-29T02:01:07.880024,Thaliastraße U,11,346406
2026-06-29T02:01:07.880024,Thaliastraße U,11,347299
2026-06-29T02:01:07.880024,Thaliastraße U,11,347203
2026-06-29T02:01:07.880024,Thaliastraße U,11,347980
2026-06-29T02:01:07.880024,Thaliastraße U,11,347588
2026-06-29T02:01:07.880024,Thaliastraße U,11,348415
2026-06-29T02:01:07.880024,Thaliastraße U,11,348604
2026-06-29T02:01:07.880024,Nussdorfer Straße S,7,345431
2026-06-29T02:01:07.880024,Nussdorfer Straße S,7,346755
2026-06-29T02:01:07.880024,Nussdorfer Straße S,7,347081
2026-06-29T02:01:07.880024,Nussdorfer Straße S,7,347034
2026-06-29T02:01:07.880024,Nussdorfer Straße S,7,347863
2026-06-29T02:01:07.880024,Nussdorfer Straße S,7,347854
2026-06-29T02:01:07.880024,Nussdorfer Straße S,7,348467
2026-06-29T02:01:07.880024,Elterleinplatz,21,345430
2026-06-29T02:01:07.880024,Elterleinplatz,21,345322
2026-06-29T02:01:07.880024,Elterleinplatz,21,345842
2026-06-29T02:01:07.880024,Elterleinplatz,21,345742
2026-06-29T02:01:07.880024,Elterleinplatz,21,345550
2026-06-29T02:01:07.880024,Elterleinplatz,21,346461
2026-06-29T02:01:07.880024,Elterleinplatz,21,346291
2026-06-29T02:01:07.880024,Elterleinplatz,21,346244
2026-06-29T02:01:07.880024,Elterleinplatz,21,346077
2026-06-29T02:01:07.880024,Elterleinplatz,21,346993
2026-06-29T02:01:07.880024,Elterleinplatz,21,346808
2026-06-29T02:01:07.880024,Elterleinplatz,21,347374
2026-06-29T02:01:07.880024,Elterleinplatz,21,347224
2026-06-29T02:01:07.880024,Elterleinplatz,21,347108
2026-06-29T02:01:07.880024,Elterleinplatz,21,347105
2026-06-29T02:01:07.880024,Elterleinplatz,21,347022
2026-06-29T02:01:07.880024,Elterleinplatz,21,347770
2026-06-29T02:01:07.880024,Elterleinplatz,21,347634
2026-06-29T02:01:07.880024,Elterleinplatz,21,348488
2026-06-29T02:01:07.880024,Elterleinplatz,21,348351
2026-06-29T02:01:07.880024,Elterleinplatz,21,348562
2026-06-29T02:01:07.880024,Canisiusgasse,18,345892
2026-06-29T02:01:07.880024,Canisiusgasse,18,345859
2026-06-29T02:01:07.880024,Canisiusgasse,18,345796
2026-06-29T02:01:07.880024,Canisiusgasse,18,345774
2026-06-29T02:01:07.880024,Canisiusgasse,18,345744
2026-06-29T02:01:07.880024,Canisiusgasse,18,345587
2026-06-29T02:01:07.880024,Canisiusgasse,18,345509
2026-06-29T02:01:07.880024,Canisiusgasse,18,346483
2026-06-29T02:01:07.880024,Canisiusgasse,18,346088
2026-06-29T02:01:07.880024,Canisiusgasse,18,346066
2026-06-29T02:01:07.880024,Canisiusgasse,18,346737
2026-06-29T02:01:07.880024,Canisiusgasse,18,347324
2026-06-29T02:01:07.880024,Canisiusgasse,18,347252
2026-06-29T02:01:07.880024,Canisiusgasse,18,347209
2026-06-29T02:01:07.880024,Canisiusgasse,18,347857
2026-06-29T02:01:07.880024,Canisiusgasse,18,347833
2026-06-29T02:01:07.880024,Canisiusgasse,18,347826
2026-06-29T02:01:07.880024,Canisiusgasse,18,348529
2026-06-29T02:01:07.880024,Meidling S U / Schedifkaplatz,17,345475
2026-06-29T02:01:07.880024,Meidling S U / Schedifkaplatz,17,345203
2026-06-29T02:01:07.880024,Meidling S U / Schedifkaplatz,17,345099
2026-06-29T02:01:07.880024,Meidling S U / Schedifkaplatz,17,345685
2026-06-29T02:01:07.880024,Meidling S U / Schedifkaplatz,17,346121
2026-06-29T02:01:07.880024,Meidling S U / Schedifkaplatz,17,346033
2026-06-29T02:01:07.880024,Meidling S U / Schedifkaplatz,17,346988
2026-06-29T02:01:07.880024,Meidling S U / Schedifkaplatz,17,347447
2026-06-29T02:01:07.880024,Meidling S U / Schedifkaplatz,17,347268
2026-06-29T02:01:07.880024,Meidling S U / Schedifkaplatz,17,347172
2026-06-29T02:01:07.880024,Meidling S U / Schedifkaplatz,17,347951
2026-06-29T02:01:07.880024,Meidling S U / Schedifkaplatz,17,347827
2026-06-29T02:01:07.880024,Meidling S U / Schedifkaplatz,17,347518
2026-06-29T02:01:07.880024,Meidling S U / Schedifkaplatz,17,347513
2026-06-29T02:01:07.880024,Meidling S U / Schedifkaplatz,17,348153
2026-06-29T02:01:07.880024,Meidling S U / Schedifkaplatz,17,348013
2026-06-29T02:01:07.880024,Meidling S U / Schedifkaplatz,17,348547
2026-06-29T02:01:07.880024,Palffygasse,24,345390
2026-06-29T02:01:07.880024,Palffygasse,24,345386
2026-06-29T02:01:07.880024,Palffygasse,24,345329
2026-06-29T02:01:07.880024,Palffygasse,24,345029
2026-06-29T02:01:07.880024,Palffygasse,24,345928
2026-06-29T02:01:07.880024,Palffygasse,24,346421
2026-06-29T02:01:07.880024,Palffygasse,24,346420
2026-06-29T02:01:07.880024,Palffygasse,24,346376
2026-06-29T02:01:07.880024,Palffygasse,24,346260
2026-06-29T02:01:07.880024,Palffygasse,24,346125
2026-06-29T02:01:07.880024,Palffygasse,24,346085
2026-06-29T02:01:07.880024,Palffygasse,24,346053
2026-06-29T02:01:07.880024,Palffygasse,24,346927
2026-06-29T02:01:07.880024,Palffygasse,24,346869
2026-06-29T02:01:07.880024,Palffygasse,24,347314
2026-06-29T02:01:07.880024,Palffygasse,24,347308
2026-06-29T02:01:07.880024,Palffygasse,24,347895
2026-06-29T02:01:07.880024,Palffygasse,24,347795
2026-06-29T02:01:07.880024,Palffygasse,24,347736
2026-06-29T02:01:07.880024,Palffygasse,24,347516
2026-06-29T02:01:07.880024,Palffygasse,24,348448
2026-06-29T02:01:07.880024,Palffygasse,24,348210
2026-06-29T02:01:07.880024,Palffygasse,24,348695
2026-06-29T02:01:07.880024,Palffygasse,24,349109
2026-06-29T02:01:07.880024,Gersthof S,16,345247
2026-06-29T02:01:07.880024,Gersthof S,16,345997
2026-06-29T02:01:07.880024,Gersthof S,16,345793
2026-06-29T02:01:07.880024,Gersthof S,16,345689
2026-06-29T02:01:07.880024,Gersthof S,16,345570
2026-06-29T02:01:07.880024,Gersthof S,16,346114
2026-06-29T02:01:07.880024,Gersthof S,16,346970
2026-06-29T02:01:07.880024,Gersthof S,16,347461
2026-06-29T02:01:07.880024,Gersthof S,16,347383
2026-06-29T02:01:07.880024,Gersthof S,16,347282
2026-06-29T02:01:07.880024,Gersthof S,16,347663
2026-06-29T02:01:07.880024,Gersthof S,16,348494
2026-06-29T02:01:07.880024,Gersthof S,16,348352
2026-06-29T02:01:07.880024,Gersthof S,16,348246
2026-06-29T02:01:07.880024,Gersthof S,16,348232
2026-06-29T02:01:07.880024,Gersthof S,16,398866
2026-06-29T02:01:07.880024,Reinprechtsdorfer Brücke,28,345490
2026-06-29T02:01:07.880024,Reinprechtsdorfer Brücke,28,345459
2026-06-29T02:01:07.880024,Reinprechtsdorfer Brücke,28,345129
2026-06-29T02:01:07.880024,Reinprechtsdorfer Brücke,28,345089
2026-06-29T02:01:07.880024,Reinprechtsdorfer Brücke,28,345948
2026-06-29T02:01:07.880024,Reinprechtsdorfer Brücke,28,345916
2026-06-29T02:01:07.880024,Reinprechtsdorfer Brücke,28,345789
2026-06-29T02:01:07.880024,Reinprechtsdorfer Brücke,28,345639
2026-06-29T02:01:07.880024,Reinprechtsdorfer Brücke,28,345598
2026-06-29T02:01:07.880024,Reinprechtsdorfer Brücke,28,346307
2026-06-29T02:01:07.880024,Reinprechtsdorfer Brücke,28,346282
2026-06-29T02:01:07.880024,Reinprechtsdorfer Brücke,28,346218
2026-06-29T02:01:07.880024,Reinprechtsdorfer Brücke,28,346166
2026-06-29T02:01:07.880024,Reinprechtsdorfer Brücke,28,346147
2026-06-29T02:01:07.880024,Reinprechtsdorfer Brücke,28,346882
2026-06-29T02:01:07.880024,Reinprechtsdorfer Brücke,28,346831
2026-06-29T02:01:07.880024,Reinprechtsdorfer Brücke,28,346674
2026-06-29T02:01:07.880024,Reinprechtsdorfer Brücke,28,346547
2026-06-29T02:01:07.880024,Reinprechtsdorfer Brücke,28,347288
2026-06-29T02:01:07.880024,Reinprechtsdorfer Brücke,28,347132
2026-06-29T02:01:07.880024,Reinprechtsdorfer Brücke,28,347096
2026-06-29T02:01:07.880024,Reinprechtsdorfer Brücke,28,347092
2026-06-29T02:01:07.880024,Reinprechtsdorfer Brücke,28,347885
2026-06-29T02:01:07.880024,Reinprechtsdorfer Brücke,28,347817
2026-06-29T02:01:07.880024,Reinprechtsdorfer Brücke,28,348406
2026-06-29T02:01:07.880024,Reinprechtsdorfer Brücke,28,348007
2026-06-29T02:01:07.880024,Reinprechtsdorfer Brücke,28,348595
2026-06-29T02:01:07.880024,Reinprechtsdorfer Brücke,28,398768
2026-06-29T02:01:07.880024,Siebensterngasse,4,345436
2026-06-29T02:01:07.880024,Siebensterngasse,4,345258
2026-06-29T02:01:07.880024,Siebensterngasse,4,346673
2026-06-29T02:01:07.880024,Siebensterngasse,4,348475
2026-06-29T02:01:07.880024,Siebenbrunnenplatz,12,346489
2026-06-29T02:01:07.880024,Siebenbrunnenplatz,12,346301
2026-06-29T02:01:07.880024,Siebenbrunnenplatz,12,346938
2026-06-29T02:01:07.880024,Siebenbrunnenplatz,12,346826
2026-06-29T02:01:07.880024,Siebenbrunnenplatz,12,346787
2026-06-29T02:01:07.880024,Siebenbrunnenplatz,12,346773
2026-06-29T02:01:07.880024,Siebenbrunnenplatz,12,347261
2026-06-29T02:01:07.880024,Siebenbrunnenplatz,12,347122
2026-06-29T02:01:07.880024,Siebenbrunnenplatz,12,347063
2026-06-29T02:01:07.880024,Siebenbrunnenplatz,12,347919
2026-06-29T02:01:07.880024,Siebenbrunnenplatz,12,347624
2026-06-29T02:01:07.880024,Siebenbrunnenplatz,12,348997
2026-06-29T02:01:07.880024,Rosensteingasse / Blumengasse,25,345277
2026-06-29T02:01:07.880024,Rosensteingasse / Blumengasse,25,345881
2026-06-29T02:01:07.880024,Rosensteingasse / Blumengasse,25,345718
2026-06-29T02:01:07.880024,Rosensteingasse / Blumengasse,25,345686
2026-06-29T02:01:07.880024,Rosensteingasse / Blumengasse,25,345603
2026-06-29T02:01:07.880024,Rosensteingasse / Blumengasse,25,346312
2026-06-29T02:01:07.880024,Rosensteingasse / Blumengasse,25,346150
2026-06-29T02:01:07.880024,Rosensteingasse / Blumengasse,25,346047
2026-06-29T02:01:07.880024,Rosensteingasse / Blumengasse,25,346874
2026-06-29T02:01:07.880024,Rosensteingasse / Blumengasse,25,346813
2026-06-29T02:01:07.880024,Rosensteingasse / Blumengasse,25,346744
2026-06-29T02:01:07.880024,Rosensteingasse / Blumengasse,25,346742
2026-06-29T02:01:07.880024,Rosensteingasse / Blumengasse,25,346670
2026-06-29T02:01:07.880024,Rosensteingasse / Blumengasse,25,346564
2026-06-29T02:01:07.880024,Rosensteingasse / Blumengasse,25,347365
2026-06-29T02:01:07.880024,Rosensteingasse / Blumengasse,25,347357
2026-06-29T02:01:07.880024,Rosensteingasse / Blumengasse,25,347032
2026-06-29T02:01:07.880024,Rosensteingasse / Blumengasse,25,347942
2026-06-29T02:01:07.880024,Rosensteingasse / Blumengasse,25,347815
2026-06-29T02:01:07.880024,Rosensteingasse / Blumengasse,25,347746
2026-06-29T02:01:07.880024,Rosensteingasse / Blumengasse,25,348455
2026-06-29T02:01:07.880024,Rosensteingasse / Blumengasse,25,348273
2026-06-29T02:01:07.880024,Rosensteingasse / Blumengasse,25,348127
2026-06-29T02:01:07.880024,Rosensteingasse / Blumengasse,25,348071
2026-06-29T02:01:07.880024,Rosensteingasse / Blumengasse,25,349057
2026-06-29T02:01:07.880024,Schottenring U /Herminengasse,8,345210
2026-06-29T02:01:07.880024,Schottenring U /Herminengasse,8,345824
2026-06-29T02:01:07.880024,Schottenring U /Herminengasse,8,346349
2026-06-29T02:01:07.880024,Schottenring U /Herminengasse,8,346865
2026-06-29T02:01:07.880024,Schottenring U /Herminengasse,8,347161
2026-06-29T02:01:07.880024,Schottenring U /Herminengasse,8,347076
2026-06-29T02:01:07.880024,Schottenring U /Herminengasse,8,348399
2026-06-29T02:01:07.880024,Schottenring U /Herminengasse,8,349016
2026-06-29T02:01:07.880024,Josefstädter Straße U,20,345134
2026-06-29T02:01:07.880024,Josefstädter Straße U,20,345902
2026-06-29T02:01:07.880024,Josefstädter Straße U,20,345554
2026-06-29T02:01:07.880024,Josefstädter Straße U,20,346781
2026-06-29T02:01:07.880024,Josefstädter Straße U,20,346776
2026-06-29T02:01:07.880024,Josefstädter Straße U,20,346721
2026-06-29T02:01:07.880024,Josefstädter Straße U,20,347395
2026-06-29T02:01:07.880024,Josefstädter Straße U,20,347326
2026-06-29T02:01:07.880024,Josefstädter Straße U,20,347228
2026-06-29T02:01:07.880024,Josefstädter Straße U,20,347123
2026-06-29T02:01:07.880024,Josefstädter Straße U,20,347893
2026-06-29T02:01:07.880024,Josefstädter Straße U,20,347678
2026-06-29T02:01:07.880024,Josefstädter Straße U,20,347677
2026-06-29T02:01:07.880024,Josefstädter Straße U,20,347671
2026-06-29T02:01:07.880024,Josefstädter Straße U,20,347641
2026-06-29T02:01:07.880024,Josefstädter Straße U,20,348487
2026-06-29T02:01:07.880024,Josefstädter Straße U,20,348419
2026-06-29T02:01:07.880024,Josefstädter Straße U,20,348238
2026-06-29T02:01:07.880024,Josefstädter Straße U,20,398762
2026-06-29T02:01:07.880024,Josefstädter Straße U,20,348850
2026-06-29T02:01:07.880024,Friedrich-Engels-Platz,14,345154
2026-06-29T02:01:07.880024,Friedrich-Engels-Platz,14,345979
2026-06-29T02:01:07.880024,Friedrich-Engels-Platz,14,345762
2026-06-29T02:01:07.880024,Friedrich-Engels-Platz,14,345577
2026-06-29T02:01:07.880024,Friedrich-Engels-Platz,14,346234
2026-06-29T02:01:07.880024,Friedrich-Engels-Platz,14,346075
2026-06-29T02:01:07.880024,Friedrich-Engels-Platz,14,346740
2026-06-29T02:01:07.880024,Friedrich-Engels-Platz,14,347389
2026-06-29T02:01:07.880024,Friedrich-Engels-Platz,14,347694
2026-06-29T02:01:07.880024,Friedrich-Engels-Platz,14,347539
2026-06-29T02:01:07.880024,Friedrich-Engels-Platz,14,347535
2026-06-29T02:01:07.880024,Friedrich-Engels-Platz,14,348453
2026-06-29T02:01:07.880024,Friedrich-Engels-Platz,14,348230
2026-06-29T02:01:07.880024,Friedrich-Engels-Platz,14,398838
2026-06-29T02:01:07.880024,Dresdner Straße U,22,345453
2026-06-29T02:01:07.880024,Dresdner Straße U,22,345377
2026-06-29T02:01:07.880024,Dresdner Straße U,22,345288
2026-06-29T02:01:07.880024,Dresdner Straße U,22,345045
2026-06-29T02:01:07.880024,Dresdner Straße U,22,345780
2026-06-29T02:01:07.880024,Dresdner Straße U,22,345596
2026-06-29T02:01:07.880024,Dresdner Straße U,22,345593
2026-06-29T02:01:07.880024,Dresdner Straße U,22,346225
2026-06-29T02:01:07.880024,Dresdner Straße U,22,346136
2026-06-29T02:01:07.880024,Dresdner Straße U,22,346040
2026-06-29T02:01:07.880024,Dresdner Straße U,22,346986
2026-06-29T02:01:07.880024,Dresdner Straße U,22,346727
2026-06-29T02:01:07.880024,Dresdner Straße U,22,346614
2026-06-29T02:01:07.880024,Dresdner Straße U,22,346608
2026-06-29T02:01:07.880024,Dresdner Straße U,22,347418
2026-06-29T02:01:07.880024,Dresdner Straße U,22,347250
2026-06-29T02:01:07.880024,Dresdner Straße U,22,347981
2026-06-29T02:01:07.880024,Dresdner Straße U,22,347520
2026-06-29T02:01:07.880024,Dresdner Straße U,22,348442
2026-06-29T02:01:07.880024,Dresdner Straße U,22,348201
2026-06-29T02:01:07.880024,Dresdner Straße U,22,398854
2026-06-29T02:01:07.880024,Dresdner Straße U,22,398753
2026-06-29T02:01:07.880024,Jägerstraße U,22,345367
2026-06-29T02:01:07.880024,Jägerstraße U,22,345806
2026-06-29T02:01:07.880024,Jägerstraße U,22,345589
2026-06-29T02:01:07.880024,Jägerstraße U,22,346384
2026-06-29T02:01:07.880024,Jägerstraße U,22,346363
2026-06-29T02:01:07.880024,Jägerstraße U,22,346332
2026-06-29T02:01:07.880024,Jägerstraße U,22,346031
2026-06-29T02:01:07.880024,Jägerstraße U,22,346924
2026-06-29T02:01:07.880024,Jägerstraße U,22,346857
2026-06-29T02:01:07.880024,Jägerstraße U,22,346842
2026-06-29T02:01:07.880024,Jägerstraße U,22,346772
2026-06-29T02:01:07.880024,Jägerstraße U,22,346756
2026-06-29T02:01:07.880024,Jägerstraße U,22,346536
2026-06-29T02:01:07.880024,Jägerstraße U,22,347454
2026-06-29T02:01:07.880024,Jägerstraße U,22,347328
2026-06-29T02:01:07.880024,Jägerstraße U,22,347899
2026-06-29T02:01:07.880024,Jägerstraße U,22,347712
2026-06-29T02:01:07.880024,Jägerstraße U,22,348420
2026-06-29T02:01:07.880024,Jägerstraße U,22,348284
2026-06-29T02:01:07.880024,Jägerstraße U,22,348663
2026-06-29T02:01:07.880024,Jägerstraße U,22,398744
2026-06-29T02:01:07.880024,Jägerstraße U,22,348928
2026-06-29T02:01:07.880024,Traisengasse S,8,345368
2026-06-29T02:01:07.880024,Traisengasse S,8,345017
2026-06-29T02:01:07.880024,Traisengasse S,8,345584
2026-06-29T02:01:07.880024,Traisengasse S,8,346802
2026-06-29T02:01:07.880024,Traisengasse S,8,347995
2026-06-29T02:01:07.880024,Traisengasse S,8,347944
2026-06-29T02:01:07.880024,Traisengasse S,8,347935
2026-06-29T02:01:07.880024,Traisengasse S,8,348154
2026-06-29T02:01:07.880024,Kettenbrückengasse U / Naschmarkt,6,345778
2026-06-29T02:01:07.880024,Kettenbrückengasse U / Naschmarkt,6,347967
2026-06-29T02:01:07.880024,Kettenbrückengasse U / Naschmarkt,6,347883
2026-06-29T02:01:07.880024,Kettenbrückengasse U / Naschmarkt,6,347875
2026-06-29T02:01:07.880024,Kettenbrückengasse U / Naschmarkt,6,347546
2026-06-29T02:01:07.880024,Kettenbrückengasse U / Naschmarkt,6,348390
2026-06-29T02:01:07.880024,Aumannplatz,28,345323
2026-06-29T02:01:07.880024,Aumannplatz,28,345315
2026-06-29T02:01:07.880024,Aumannplatz,28,345050
2026-06-29T02:01:07.880024,Aumannplatz,28,345008
2026-06-29T02:01:07.880024,Aumannplatz,28,345887
2026-06-29T02:01:07.880024,Aumannplatz,28,345875
2026-06-29T02:01:07.880024,Aumannplatz,28,345556
2026-06-29T02:01:07.880024,Aumannplatz,28,346124
2026-06-29T02:01:07.880024,Aumannplatz,28,346080
2026-06-29T02:01:07.880024,Aumannplatz,28,346035
2026-06-29T02:01:07.880024,Aumannplatz,28,346982
2026-06-29T02:01:07.880024,Aumannplatz,28,346934
2026-06-29T02:01:07.880024,Aumannplatz,28,346736
2026-06-29T02:01:07.880024,Aumannplatz,28,347207
2026-06-29T02:01:07.880024,Aumannplatz,28,347194
2026-06-29T02:01:07.880024,Aumannplatz,28,347156
2026-06-29T02:01:07.880024,Aumannplatz,28,347151
2026-06-29T02:01:07.880024,Aumannplatz,28,347135
2026-06-29T02:01:07.880024,Aumannplatz,28,347098
2026-06-29T02:01:07.880024,Aumannplatz,28,347953
2026-06-29T02:01:07.880024,Aumannplatz,28,347878
2026-06-29T02:01:07.880024,Aumannplatz,28,347847
2026-06-29T02:01:07.880024,Aumannplatz,28,347772
2026-06-29T02:01:07.880024,Aumannplatz,28,348444
2026-06-29T02:01:07.880024,Aumannplatz,28,348270
2026-06-29T02:01:07.880024,Aumannplatz,28,348224
2026-06-29T02:01:07.880024,Aumannplatz,28,348037
2026-06-29T02:01:07.880024,Aumannplatz,28,348566
2026-06-29T02:01:07.880024,Längenfeldgasse U,39,345285
2026-06-29T02:01:07.880024,Längenfeldgasse U,39,345228
2026-06-29T02:01:07.880024,Längenfeldgasse U,39,345215
2026-06-29T02:01:07.880024,Längenfeldgasse U,39,345184
2026-06-29T02:01:07.880024,Längenfeldgasse U,39,345971
2026-06-29T02:01:07.880024,Längenfeldgasse U,39,345878
2026-06-29T02:01:07.880024,Längenfeldgasse U,39,345873
2026-06-29T02:01:07.880024,Längenfeldgasse U,39,345815
2026-06-29T02:01:07.880024,Längenfeldgasse U,39,345606
2026-06-29T02:01:07.880024,Längenfeldgasse U,39,346333
2026-06-29T02:01:07.880024,Längenfeldgasse U,39,346281
2026-06-29T02:01:07.880024,Längenfeldgasse U,39,346247
2026-06-29T02:01:07.880024,Längenfeldgasse U,39,346238
2026-06-29T02:01:07.880024,Längenfeldgasse U,39,346200
2026-06-29T02:01:07.880024,Längenfeldgasse U,39,346195
2026-06-29T02:01:07.880024,Längenfeldgasse U,39,346039
2026-06-29T02:01:07.880024,Längenfeldgasse U,39,346016
2026-06-29T02:01:07.880024,Längenfeldgasse U,39,346971
2026-06-29T02:01:07.880024,Längenfeldgasse U,39,346959
2026-06-29T02:01:07.880024,Längenfeldgasse U,39,346873
2026-06-29T02:01:07.880024,Längenfeldgasse U,39,346728
2026-06-29T02:01:07.880024,Längenfeldgasse U,39,346645
2026-06-29T02:01:07.880024,Längenfeldgasse U,39,346630
2026-06-29T02:01:07.880024,Längenfeldgasse U,39,346519
2026-06-29T02:01:07.880024,Längenfeldgasse U,39,346510
2026-06-29T02:01:07.880024,Längenfeldgasse U,39,347482
2026-06-29T02:01:07.880024,Längenfeldgasse U,39,347360
2026-06-29T02:01:07.880024,Längenfeldgasse U,39,347343
2026-06-29T02:01:07.880024,Längenfeldgasse U,39,347977
2026-06-29T02:01:07.880024,Längenfeldgasse U,39,347803
2026-06-29T02:01:07.880024,Längenfeldgasse U,39,347755
2026-06-29T02:01:07.880024,Längenfeldgasse U,39,347731
2026-06-29T02:01:07.880024,Längenfeldgasse U,39,347659
2026-06-29T02:01:07.880024,Längenfeldgasse U,39,347656
2026-06-29T02:01:07.880024,Längenfeldgasse U,39,347611
2026-06-29T02:01:07.880024,Längenfeldgasse U,39,348449
2026-06-29T02:01:07.880024,Längenfeldgasse U,39,348409
2026-06-29T02:01:07.880024,Längenfeldgasse U,39,348227
2026-06-29T02:01:07.880024,Längenfeldgasse U,39,348020
2026-06-29T02:01:07.880024,Althanstraße,20,345464
2026-06-29T02:01:07.880024,Althanstraße,20,345417
2026-06-29T02:01:07.880024,Althanstraße,20,345183
2026-06-29T02:01:07.880024,Althanstraße,20,345126
2026-06-29T02:01:07.880024,Althanstraße,20,345032
2026-06-29T02:01:07.880024,Althanstraße,20,345729
2026-06-29T02:01:07.880024,Althanstraße,20,345567
2026-06-29T02:01:07.880024,Althanstraße,20,346183
2026-06-29T02:01:07.880024,Althanstraße,20,346163
2026-06-29T02:01:07.880024,Althanstraße,20,346021
2026-06-29T02:01:07.880024,Althanstraße,20,347274
2026-06-29T02:01:07.880024,Althanstraße,20,347043
2026-06-29T02:01:07.880024,Althanstraße,20,347589
2026-06-29T02:01:07.880024,Althanstraße,20,348433
2026-06-29T02:01:07.880024,Althanstraße,20,348329
2026-06-29T02:01:07.880024,Althanstraße,20,348292
2026-06-29T02:01:07.880024,Althanstraße,20,348241
2026-06-29T02:01:07.880024,Althanstraße,20,348713
2026-06-29T02:01:07.880024,Althanstraße,20,348530
2026-06-29T02:01:07.880024,Althanstraße,20,398814
2026-06-29T02:01:07.880024,Schottentor U,7,346223
2026-06-29T02:01:07.880024,Schottentor U,7,346111
2026-06-29T02:01:07.880024,Schottentor U,7,346013
2026-06-29T02:01:07.880024,Schottentor U,7,346535
2026-06-29T02:01:07.880024,Schottentor U,7,347284
2026-06-29T02:01:07.880024,Schottentor U,7,348644
2026-06-29T02:01:07.880024,Schottentor U,7,348873
2026-06-29T02:01:07.880024,Neubaugasse U,3,346454
2026-06-29T02:01:07.880024,Neubaugasse U,3,346171
2026-06-29T02:01:07.880024,Neubaugasse U,3,347380
2026-06-29T02:01:07.880024,Museumsquartier U,35,345497
2026-06-29T02:01:07.880024,Museumsquartier U,35,345476
2026-06-29T02:01:07.880024,Museumsquartier U,35,345449
2026-06-29T02:01:07.880024,Museumsquartier U,35,345382
2026-06-29T02:01:07.880024,Museumsquartier U,35,345303
2026-06-29T02:01:07.880024,Museumsquartier U,35,345222
2026-06-29T02:01:07.880024,Museumsquartier U,35,345194
2026-06-29T02:01:07.880024,Museumsquartier U,35,345046
2026-06-29T02:01:07.880024,Museumsquartier U,35,345037
2026-06-29T02:01:07.880024,Museumsquartier U,35,345642
2026-06-29T02:01:07.880024,Museumsquartier U,35,345597
2026-06-29T02:01:07.880024,Museumsquartier U,35,346455
2026-06-29T02:01:07.880024,Museumsquartier U,35,346273
2026-06-29T02:01:07.880024,Museumsquartier U,35,346015
2026-06-29T02:01:07.880024,Museumsquartier U,35,346731
2026-06-29T02:01:07.880024,Museumsquartier U,35,346634
2026-06-29T02:01:07.880024,Museumsquartier U,35,346582
2026-06-29T02:01:07.880024,Museumsquartier U,35,347475
2026-06-29T02:01:07.880024,Museumsquartier U,35,347120
2026-06-29T02:01:07.880024,Museumsquartier U,35,347054
2026-06-29T02:01:07.880024,Museumsquartier U,35,347781
2026-06-29T02:01:07.880024,Museumsquartier U,35,347648
2026-06-29T02:01:07.880024,Museumsquartier U,35,347629
2026-06-29T02:01:07.880024,Museumsquartier U,35,347609
2026-06-29T02:01:07.880024,Museumsquartier U,35,347581
2026-06-29T02:01:07.880024,Museumsquartier U,35,347515
2026-06-29T02:01:07.880024,Museumsquartier U,35,348456
2026-06-29T02:01:07.880024,Museumsquartier U,35,348309
2026-06-29T02:01:07.880024,Museumsquartier U,35,348193
2026-06-29T02:01:07.880024,Museumsquartier U,35,348162
2026-06-29T02:01:07.880024,Museumsquartier U,35,348693
2026-06-29T02:01:07.880024,Museumsquartier U,35,348641
2026-06-29T02:01:07.880024,Museumsquartier U,35,348610
2026-06-29T02:01:07.880024,Museumsquartier U,35,348601
2026-06-29T02:01:07.880024,Museumsquartier U,35,349054
2026-06-29T02:01:07.880024,Johnstrasse U,15,345471
2026-06-29T02:01:07.880024,Johnstrasse U,15,345145
2026-06-29T02:01:07.880024,Johnstrasse U,15,345883
2026-06-29T02:01:07.880024,Johnstrasse U,15,345882
2026-06-29T02:01:07.880024,Johnstrasse U,15,345765
2026-06-29T02:01:07.880024,Johnstrasse U,15,345696
2026-06-29T02:01:07.880024,Johnstrasse U,15,346356
2026-06-29T02:01:07.880024,Johnstrasse U,15,346277
2026-06-29T02:01:07.880024,Johnstrasse U,15,346055
2026-06-29T02:01:07.880024,Johnstrasse U,15,346698
2026-06-29T02:01:07.880024,Johnstrasse U,15,346504
2026-06-29T02:01:07.880024,Johnstrasse U,15,347432
2026-06-29T02:01:07.880024,Johnstrasse U,15,347363
2026-06-29T02:01:07.880024,Johnstrasse U,15,348538
2026-06-29T02:01:07.880024,Johnstrasse U,15,398803
2026-06-29T02:01:07.880024,Turnergasse,13,346199
2026-06-29T02:01:07.880024,Turnergasse,13,346120
2026-06-29T02:01:07.880024,Turnergasse,13,346979
2026-06-29T02:01:07.880024,Turnergasse,13,346904
2026-06-29T02:01:07.880024,Turnergasse,13,346841
2026-06-29T02:01:07.880024,Turnergasse,13,346815
2026-06-29T02:01:07.880024,Turnergasse,13,347466
2026-06-29T02:01:07.880024,Turnergasse,13,347247
2026-06-29T02:01:07.880024,Turnergasse,13,347724
2026-06-29T02:01:07.880024,Turnergasse,13,347646
2026-06-29T02:01:07.880024,Turnergasse,13,348551
2026-06-29T02:01:07.880024,Turnergasse,13,398816
2026-06-29T02:01:07.880024,Turnergasse,13,398775
2026-06-29T02:01:07.880024,Kutschkergasse,6,345033
2026-06-29T02:01:07.880024,Kutschkergasse,6,345794
2026-06-29T02:01:07.880024,Kutschkergasse,6,345767
2026-06-29T02:01:07.880024,Kutschkergasse,6,346974
2026-06-29T02:01:07.880024,Kutschkergasse,6,346952
2026-06-29T02:01:07.880024,Kutschkergasse,6,346631
2026-06-29T02:01:07.880024,Stadion U,4,345634
2026-06-29T02:01:07.880024,Stadion U,4,346839
2026-06-29T02:01:07.880024,Stadion U,4,346656
2026-06-29T02:01:07.880024,Stadion U,4,347533
2026-06-29T02:01:07.880024,Brückengasse,11,345374
2026-06-29T02:01:07.880024,Brückengasse,11,345164
2026-06-29T02:01:07.880024,Brückengasse,11,345054
2026-06-29T02:01:07.880024,Brückengasse,11,345558
2026-06-29T02:01:07.880024,Brückengasse,11,346719
2026-06-29T02:01:07.880024,Brückengasse,11,347053
2026-06-29T02:01:07.880024,Brückengasse,11,347686
2026-06-29T02:01:07.880024,Brückengasse,11,347635
2026-06-29T02:01:07.880024,Brückengasse,11,348291
2026-06-29T02:01:07.880024,Brückengasse,11,348565
2026-06-29T02:01:07.880024,Brückengasse,11,349002
2026-06-29T02:01:07.880024,Schuhmeierplatz,25,345463
2026-06-29T02:01:07.880024,Schuhmeierplatz,25,345314
2026-06-29T02:01:07.880024,Schuhmeierplatz,25,345189
2026-06-29T02:01:07.880024,Schuhmeierplatz,25,345156
2026-06-29T02:01:07.880024,Schuhmeierplatz,25,345973
2026-06-29T02:01:07.880024,Schuhmeierplatz,25,345906
2026-06-29T02:01:07.880024,Schuhmeierplatz,25,345831
2026-06-29T02:01:07.880024,Schuhmeierplatz,25,345585
2026-06-29T02:01:07.880024,Schuhmeierplatz,25,346472
2026-06-29T02:01:07.880024,Schuhmeierplatz,25,346419
2026-06-29T02:01:07.880024,Schuhmeierplatz,25,346097
2026-06-29T02:01:07.880024,Schuhmeierplatz,25,346020
2026-06-29T02:01:07.880024,Schuhmeierplatz,25,346833
2026-06-29T02:01:07.880024,Schuhmeierplatz,25,346534
2026-06-29T02:01:07.880024,Schuhmeierplatz,25,347362
2026-06-29T02:01:07.880024,Schuhmeierplatz,25,347213
2026-06-29T02:01:07.880024,Schuhmeierplatz,25,347722
2026-06-29T02:01:07.880024,Schuhmeierplatz,25,347702
2026-06-29T02:01:07.880024,Schuhmeierplatz,25,347526
2026-06-29T02:01:07.880024,Schuhmeierplatz,25,348073
2026-06-29T02:01:07.880024,Schuhmeierplatz,25,348648
2026-06-29T02:01:07.880024,Schuhmeierplatz,25,348596
2026-06-29T02:01:07.880024,Schuhmeierplatz,25,348577
2026-06-29T02:01:07.880024,Schuhmeierplatz,25,398740
2026-06-29T02:01:07.880024,Schuhmeierplatz,25,349043
2026-06-29T02:01:07.880024,Schönbrunn U,10,345155
2026-06-29T02:01:07.880024,Schönbrunn U,10,346368
2026-06-29T02:01:07.880024,Schönbrunn U,10,346129
2026-06-29T02:01:07.880024,Schönbrunn U,10,346038
2026-06-29T02:01:07.880024,Schönbrunn U,10,346939
2026-06-29T02:01:07.880024,Schönbrunn U,10,346780
2026-06-29T02:01:07.880024,Schönbrunn U,10,346575
2026-06-29T02:01:07.880024,Schönbrunn U,10,347810
2026-06-29T02:01:07.880024,Schönbrunn U,10,348234
2026-06-29T02:01:07.880024,Schönbrunn U,10,348524
2026-06-29T02:01:07.880024,Hermesstraße / Oscar-Straus-Park ,4,345726
2026-06-29T02:01:07.880024,Hermesstraße / Oscar-Straus-Park ,4,346997
2026-06-29T02:01:07.880024,Hermesstraße / Oscar-Straus-Park ,4,346743
2026-06-29T02:01:07.880024,Hermesstraße / Oscar-Straus-Park ,4,349079
2026-06-29T02:01:07.880024,Modecenterstraße / The Marks,25,345004
2026-06-29T02:01:07.880024,Modecenterstraße / The Marks,25,345723
2026-06-29T02:01:07.880024,Modecenterstraße / The Marks,25,345559
2026-06-29T02:01:07.880024,Modecenterstraße / The Marks,25,346354
2026-06-29T02:01:07.880024,Modecenterstraße / The Marks,25,346248
2026-06-29T02:01:07.880024,Modecenterstraße / The Marks,25,346104
2026-06-29T02:01:07.880024,Modecenterstraße / The Marks,25,346953
2026-06-29T02:01:07.880024,Modecenterstraße / The Marks,25,346944
2026-06-29T02:01:07.880024,Modecenterstraße / The Marks,25,346937
2026-06-29T02:01:07.880024,Modecenterstraße / The Marks,25,346936
2026-06-29T02:01:07.880024,Modecenterstraße / The Marks,25,346820
2026-06-29T02:01:07.880024,Modecenterstraße / The Marks,25,346817
2026-06-29T02:01:07.880024,Modecenterstraße / The Marks,25,347388
2026-06-29T02:01:07.880024,Modecenterstraße / The Marks,25,347373
2026-06-29T02:01:07.880024,Modecenterstraße / The Marks,25,347371
2026-06-29T02:01:07.880024,Modecenterstraße / The Marks,25,347242
2026-06-29T02:01:07.880024,Modecenterstraße / The Marks,25,347718
2026-06-29T02:01:07.880024,Modecenterstraße / The Marks,25,347680
2026-06-29T02:01:07.880024,Modecenterstraße / The Marks,25,348208
2026-06-29T02:01:07.880024,Modecenterstraße / The Marks,25,348582
2026-06-29T02:01:07.880024,Modecenterstraße / The Marks,25,348539
2026-06-29T02:01:07.880024,Modecenterstraße / The Marks,25,398857
2026-06-29T02:01:07.880024,Modecenterstraße / The Marks,25,398837
2026-06-29T02:01:07.880024,Modecenterstraße / The Marks,25,398788
2026-06-29T02:01:07.880024,Modecenterstraße / The Marks,25,349177
2026-06-29T02:01:07.880024,Am Langen Felde,5,345473
2026-06-29T02:01:07.880024,Am Langen Felde,5,345769
2026-06-29T02:01:07.880024,Am Langen Felde,5,347385
2026-06-29T02:01:07.880024,Am Langen Felde,5,348283
2026-06-29T02:01:07.880024,Am Langen Felde,5,348690
2026-06-29T02:01:07.880024,Pilgramgasse U,21,345364
2026-06-29T02:01:07.880024,Pilgramgasse U,21,345357
2026-06-29T02:01:07.880024,Pilgramgasse U,21,345225
2026-06-29T02:01:07.880024,Pilgramgasse U,21,345813
2026-06-29T02:01:07.880024,Pilgramgasse U,21,345675
2026-06-29T02:01:07.880024,Pilgramgasse U,21,345651
2026-06-29T02:01:07.880024,Pilgramgasse U,21,345547
2026-06-29T02:01:07.880024,Pilgramgasse U,21,346375
2026-06-29T02:01:07.880024,Pilgramgasse U,21,346269
2026-06-29T02:01:07.880024,Pilgramgasse U,21,346770
2026-06-29T02:01:07.880024,Pilgramgasse U,21,346749
2026-06-29T02:01:07.880024,Pilgramgasse U,21,347430
2026-06-29T02:01:07.880024,Pilgramgasse U,21,347412
2026-06-29T02:01:07.880024,Pilgramgasse U,21,347141
2026-06-29T02:01:07.880024,Pilgramgasse U,21,347082
2026-06-29T02:01:07.880024,Pilgramgasse U,21,347896
2026-06-29T02:01:07.880024,Pilgramgasse U,21,347787
2026-06-29T02:01:07.880024,Pilgramgasse U,21,348465
2026-06-29T02:01:07.880024,Pilgramgasse U,21,348377
2026-06-29T02:01:07.880024,Pilgramgasse U,21,348274
2026-06-29T02:01:07.880024,Pilgramgasse U,21,348607
2026-06-29T02:01:07.880024,Purkytgasse ,10,345317
2026-06-29T02:01:07.880024,Purkytgasse ,10,345283
2026-06-29T02:01:07.880024,Purkytgasse ,10,345641
2026-06-29T02:01:07.880024,Purkytgasse ,10,345546
2026-06-29T02:01:07.880024,Purkytgasse ,10,346193
2026-06-29T02:01:07.880024,Purkytgasse ,10,347428
2026-06-29T02:01:07.880024,Purkytgasse ,10,347426
2026-06-29T02:01:07.880024,Purkytgasse ,10,347852
2026-06-29T02:01:07.880024,Purkytgasse ,10,347814
2026-06-29T02:01:07.880024,Purkytgasse ,10,348009
2026-06-29T02:01:07.880024,Neue Donau U,18,345328
2026-06-29T02:01:07.880024,Neue Donau U,18,345265
2026-06-29T02:01:07.880024,Neue Donau U,18,345721
2026-06-29T02:01:07.880024,Neue Donau U,18,345648
2026-06-29T02:01:07.880024,Neue Donau U,18,346100
2026-06-29T02:01:07.880024,Neue Donau U,18,346083
2026-06-29T02:01:07.880024,Neue Donau U,18,346011
2026-06-29T02:01:07.880024,Neue Donau U,18,346553
2026-06-29T02:01:07.880024,Neue Donau U,18,347460
2026-06-29T02:01:07.880024,Neue Donau U,18,347235
2026-06-29T02:01:07.880024,Neue Donau U,18,347836
2026-06-29T02:01:07.880024,Neue Donau U,18,347590
2026-06-29T02:01:07.880024,Neue Donau U,18,347584
2026-06-29T02:01:07.880024,Neue Donau U,18,348394
2026-06-29T02:01:07.880024,Neue Donau U,18,348280
2026-06-29T02:01:07.880024,Neue Donau U,18,348000
2026-06-29T02:01:07.880024,Neue Donau U,18,348659
2026-06-29T02:01:07.880024,Neue Donau U,18,348654
2026-06-29T02:01:07.880024,Franz-Josef Bahnhof S,16,345460
2026-06-29T02:01:07.880024,Franz-Josef Bahnhof S,16,345412
2026-06-29T02:01:07.880024,Franz-Josef Bahnhof S,16,345363
2026-06-29T02:01:07.880024,Franz-Josef Bahnhof S,16,345200
2026-06-29T02:01:07.880024,Franz-Josef Bahnhof S,16,345021
2026-06-29T02:01:07.880024,Franz-Josef Bahnhof S,16,345814
2026-06-29T02:01:07.880024,Franz-Josef Bahnhof S,16,345783
2026-06-29T02:01:07.880024,Franz-Josef Bahnhof S,16,346271
2026-06-29T02:01:07.880024,Franz-Josef Bahnhof S,16,346032
2026-06-29T02:01:07.880024,Franz-Josef Bahnhof S,16,346875
2026-06-29T02:01:07.880024,Franz-Josef Bahnhof S,16,347222
2026-06-29T02:01:07.880024,Franz-Josef Bahnhof S,16,347146
2026-06-29T02:01:07.880024,Franz-Josef Bahnhof S,16,347964
2026-06-29T02:01:07.880024,Franz-Josef Bahnhof S,16,347774
2026-06-29T02:01:07.880024,Franz-Josef Bahnhof S,16,348296
2026-06-29T02:01:07.880024,Franz-Josef Bahnhof S,16,348100
2026-06-29T02:01:07.880024,Niederpointenstraße,1,348889
2026-06-29T02:01:07.880024,Leopoldauer Platz,13,345211
2026-06-29T02:01:07.880024,Leopoldauer Platz,13,345002
2026-06-29T02:01:07.880024,Leopoldauer Platz,13,345974
2026-06-29T02:01:07.880024,Leopoldauer Platz,13,346330
2026-06-29T02:01:07.880024,Leopoldauer Platz,13,346175
2026-06-29T02:01:07.880024,Leopoldauer Platz,13,346532
2026-06-29T02:01:07.880024,Leopoldauer Platz,13,347476
2026-06-29T02:01:07.880024,Leopoldauer Platz,13,347241
2026-06-29T02:01:07.880024,Leopoldauer Platz,13,347210
2026-06-29T02:01:07.880024,Leopoldauer Platz,13,347800
2026-06-29T02:01:07.880024,Leopoldauer Platz,13,347743
2026-06-29T02:01:07.880024,Leopoldauer Platz,13,348062
2026-06-29T02:01:07.880024,Leopoldauer Platz,13,348684
2026-06-29T02:01:07.880024,Gewerbepark Stadlau,2,347915
2026-06-29T02:01:07.880024,Gewerbepark Stadlau,2,348347
2026-06-29T02:01:07.880024,Atzgersdorf Bildungscampus,5,345366
2026-06-29T02:01:07.880024,Atzgersdorf Bildungscampus,5,345543
2026-06-29T02:01:07.880024,Atzgersdorf Bildungscampus,5,347619
2026-06-29T02:01:07.880024,Atzgersdorf Bildungscampus,5,348077
2026-06-29T02:01:07.880024,Atzgersdorf Bildungscampus,5,348614
2026-06-29T02:01:07.880024,Adelheid-Popp-Gasse,11,345989
2026-06-29T02:01:07.880024,Adelheid-Popp-Gasse,11,345904
2026-06-29T02:01:07.880024,Adelheid-Popp-Gasse,11,346828
2026-06-29T02:01:07.880024,Adelheid-Popp-Gasse,11,346763
2026-06-29T02:01:07.880024,Adelheid-Popp-Gasse,11,347990
2026-06-29T02:01:07.880024,Adelheid-Popp-Gasse,11,348413
2026-06-29T02:01:07.880024,Adelheid-Popp-Gasse,11,348355
2026-06-29T02:01:07.880024,Adelheid-Popp-Gasse,11,348229
2026-06-29T02:01:07.880024,Adelheid-Popp-Gasse,11,348174
2026-06-29T02:01:07.880024,Adelheid-Popp-Gasse,11,348527
2026-06-29T02:01:07.880024,Adelheid-Popp-Gasse,11,349145
2026-06-29T02:01:07.880024,Alte Donau U,2,348282
2026-06-29T02:01:07.880024,Alte Donau U,2,398794
2026-06-29T02:01:07.880024,VHS Kulturgarage,1,348196
2026-06-29T02:01:07.880024,Siebenbrunnenfeldgasse,7,345504
2026-06-29T02:01:07.880024,Siebenbrunnenfeldgasse,7,346616
2026-06-29T02:01:07.880024,Siebenbrunnenfeldgasse,7,347190
2026-06-29T02:01:07.880024,Siebenbrunnenfeldgasse,7,347719
2026-06-29T02:01:07.880024,Siebenbrunnenfeldgasse,7,348485
2026-06-29T02:01:07.880024,Siebenbrunnenfeldgasse,7,348335
2026-06-29T02:01:07.880024,Siebenbrunnenfeldgasse,7,348835
2026-06-29T02:01:07.880024,Technisches Museum,2,345298
2026-06-29T02:01:07.880024,Technisches Museum,2,347873
2026-06-29T02:01:07.880024,Währinger Park,1,348934
2026-06-29T02:01:07.880024,Ettenreichgasse / Schulzentrum ,3,346315
2026-06-29T02:01:07.880024,Ettenreichgasse / Schulzentrum ,3,346305
2026-06-29T02:01:07.880024,Ettenreichgasse / Schulzentrum ,3,347992
2026-06-29T02:01:07.880024,Wendstattgasse,5,345820
2026-06-29T02:01:07.880024,Wendstattgasse,5,345569
2026-06-29T02:01:07.880024,Wendstattgasse,5,347867
2026-06-29T02:01:07.880024,Wendstattgasse,5,347849
2026-06-29T02:01:07.880024,Wendstattgasse,5,348318
2026-06-29T02:01:07.880024,Neilreichgasse,8,345669
2026-06-29T02:01:07.880024,Neilreichgasse,8,346669
2026-06-29T02:01:07.880024,Neilreichgasse,8,346643
2026-06-29T02:01:07.880024,Neilreichgasse,8,347750
2026-06-29T02:01:07.880024,Neilreichgasse,8,347505
2026-06-29T02:01:07.880024,Neilreichgasse,8,348822
2026-06-29T02:01:07.880024,Neilreichgasse,8,349173
2026-06-29T02:01:07.880024,Neilreichgasse,8,349140
2026-06-29T02:01:07.880024,Gutheil-Schoder-Gasse / Badner Bahn,9,345191
2026-06-29T02:01:07.880024,Gutheil-Schoder-Gasse / Badner Bahn,9,345534
2026-06-29T02:01:07.880024,Gutheil-Schoder-Gasse / Badner Bahn,9,345513
2026-06-29T02:01:07.880024,Gutheil-Schoder-Gasse / Badner Bahn,9,346412
2026-06-29T02:01:07.880024,Gutheil-Schoder-Gasse / Badner Bahn,9,346411
2026-06-29T02:01:07.880024,Gutheil-Schoder-Gasse / Badner Bahn,9,348401
2026-06-29T02:01:07.880024,Gutheil-Schoder-Gasse / Badner Bahn,9,348066
2026-06-29T02:01:07.880024,Gutheil-Schoder-Gasse / Badner Bahn,9,348975
2026-06-29T02:01:07.880024,Gutheil-Schoder-Gasse / Badner Bahn,9,348808
2026-06-29T02:01:07.880024,Neu Leopoldau,5,345943
2026-06-29T02:01:07.880024,Neu Leopoldau,5,347650
2026-06-29T02:01:07.880024,Neu Leopoldau,5,348336
2026-06-29T02:01:07.880024,Neu Leopoldau,5,348171
2026-06-29T02:01:07.880024,Neu Leopoldau,5,348552
2026-06-29T02:01:07.880024,Strebersdorf S,8,345220
2026-06-29T02:01:07.880024,Strebersdorf S,8,346495
2026-06-29T02:01:07.880024,Strebersdorf S,8,347221
2026-06-29T02:01:07.880024,Strebersdorf S,8,347870
2026-06-29T02:01:07.880024,Strebersdorf S,8,347618
2026-06-29T02:01:07.880024,Strebersdorf S,8,347530
2026-06-29T02:01:07.880024,Strebersdorf S,8,348426
2026-06-29T02:01:07.880024,Strebersdorf S,8,398841
2026-06-29T02:01:07.880024,Rodlergasse,3,345378
2026-06-29T02:01:07.880024,Rodlergasse,3,347325
2026-06-29T02:01:07.880024,Rodlergasse,3,347097
2026-06-29T02:01:07.880024,Nussbaumallee,8,345334
2026-06-29T02:01:07.880024,Nussbaumallee,8,345192
2026-06-29T02:01:07.880024,Nussbaumallee,8,345510
2026-06-29T02:01:07.880024,Nussbaumallee,8,345500
2026-06-29T02:01:07.880024,Nussbaumallee,8,347183
2026-06-29T02:01:07.880024,Nussbaumallee,8,347802
2026-06-29T02:01:07.880024,Nussbaumallee,8,348428
2026-06-29T02:01:07.880024,Nussbaumallee,8,348936
2026-06-29T02:01:07.880024,Raxstraße,12,345070
2026-06-29T02:01:07.880024,Raxstraße,12,345674
2026-06-29T02:01:07.880024,Raxstraße,12,345660
2026-06-29T02:01:07.880024,Raxstraße,12,345623
2026-06-29T02:01:07.880024,Raxstraße,12,346233
2026-06-29T02:01:07.880024,Raxstraße,12,347046
2026-06-29T02:01:07.880024,Raxstraße,12,347002
2026-06-29T02:01:07.880024,Raxstraße,12,347958
2026-06-29T02:01:07.880024,Raxstraße,12,347639
2026-06-29T02:01:07.880024,Raxstraße,12,348414
2026-06-29T02:01:07.880024,Raxstraße,12,348407
2026-06-29T02:01:07.880024,Raxstraße,12,348261
2026-06-29T02:01:07.880024,Wattmanngasse,2,347085
2026-06-29T02:01:07.880024,Wattmanngasse,2,348935
2026-06-29T02:01:07.880024,Joachimsthaler Platz,8,345472
2026-06-29T02:01:07.880024,Joachimsthaler Platz,8,345976
2026-06-29T02:01:07.880024,Joachimsthaler Platz,8,346410
2026-06-29T02:01:07.880024,Joachimsthaler Platz,8,346935
2026-06-29T02:01:07.880024,Joachimsthaler Platz,8,348484
2026-06-29T02:01:07.880024,Joachimsthaler Platz,8,348121
2026-06-29T02:01:07.880024,Joachimsthaler Platz,8,348819
2026-06-29T02:01:07.880024,Joachimsthaler Platz,8,349186
2026-06-29T02:01:07.880024,Floridsdorfer Markt,7,345803
2026-06-29T02:01:07.880024,Floridsdorfer Markt,7,345722
2026-06-29T02:01:07.880024,Floridsdorfer Markt,7,346399
2026-06-29T02:01:07.880024,Floridsdorfer Markt,7,347317
2026-06-29T02:01:07.880024,Floridsdorfer Markt,7,347614
2026-06-29T02:01:07.880024,Floridsdorfer Markt,7,347548
2026-06-29T02:01:07.880024,Floridsdorfer Markt,7,349181
2026-06-29T02:01:07.880024,Nussdorf S,10,345941
2026-06-29T02:01:07.880024,Nussdorf S,10,345917
2026-06-29T02:01:07.880024,Nussdorf S,10,345866
2026-06-29T02:01:07.880024,Nussdorf S,10,345629
2026-06-29T02:01:07.880024,Nussdorf S,10,346279
2026-06-29T02:01:07.880024,Nussdorf S,10,346156
2026-06-29T02:01:07.880024,Nussdorf S,10,346508
2026-06-29T02:01:07.880024,Nussdorf S,10,347843
2026-06-29T02:01:07.880024,Nussdorf S,10,348437
2026-06-29T02:01:07.880024,Nussdorf S,10,348579
2026-06-29T02:01:07.880024,Bertha-von-Suttner-Gasse,17,345353
2026-06-29T02:01:07.880024,Bertha-von-Suttner-Gasse,17,345143
2026-06-29T02:01:07.880024,Bertha-von-Suttner-Gasse,17,345782
2026-06-29T02:01:07.880024,Bertha-von-Suttner-Gasse,17,346122
2026-06-29T02:01:07.880024,Bertha-von-Suttner-Gasse,17,346947
2026-06-29T02:01:07.880024,Bertha-von-Suttner-Gasse,17,346905
2026-06-29T02:01:07.880024,Bertha-von-Suttner-Gasse,17,346653
2026-06-29T02:01:07.880024,Bertha-von-Suttner-Gasse,17,347471
2026-06-29T02:01:07.880024,Bertha-von-Suttner-Gasse,17,347401
2026-06-29T02:01:07.880024,Bertha-von-Suttner-Gasse,17,347162
2026-06-29T02:01:07.880024,Bertha-von-Suttner-Gasse,17,347136
2026-06-29T02:01:07.880024,Bertha-von-Suttner-Gasse,17,347133
2026-06-29T02:01:07.880024,Bertha-von-Suttner-Gasse,17,347044
2026-06-29T02:01:07.880024,Bertha-von-Suttner-Gasse,17,347014
2026-06-29T02:01:07.880024,Bertha-von-Suttner-Gasse,17,348198
2026-06-29T02:01:07.880024,Bertha-von-Suttner-Gasse,17,348682
2026-06-29T02:01:07.880024,Bertha-von-Suttner-Gasse,17,398732
2026-06-29T02:01:07.880024,Hauptbahnhof Ost,5,345342
2026-06-29T02:01:07.880024,Hauptbahnhof Ost,5,345273
2026-06-29T02:01:07.880024,Hauptbahnhof Ost,5,346256
2026-06-29T02:01:07.880024,Hauptbahnhof Ost,5,346070
2026-06-29T02:01:07.880024,Hauptbahnhof Ost,5,347687
2026-06-29T02:01:07.880024,Hafen Wien,8,346250
2026-06-29T02:01:07.880024,Hafen Wien,8,346999
2026-06-29T02:01:07.880024,Hafen Wien,8,346902
2026-06-29T02:01:07.880024,Hafen Wien,8,346824
2026-06-29T02:01:07.880024,Hafen Wien,8,347970
2026-06-29T02:01:07.880024,Hafen Wien,8,347887
2026-06-29T02:01:07.880024,Hafen Wien,8,347555
2026-06-29T02:01:07.880024,Hafen Wien,8,348472
2026-06-29T02:01:07.880024,Hundertwasserhaus,11,345406
2026-06-29T02:01:07.880024,Hundertwasserhaus,11,345849
2026-06-29T02:01:07.880024,Hundertwasserhaus,11,345616
2026-06-29T02:01:07.880024,Hundertwasserhaus,11,346351
2026-06-29T02:01:07.880024,Hundertwasserhaus,11,346837
2026-06-29T02:01:07.880024,Hundertwasserhaus,11,347088
2026-06-29T02:01:07.880024,Hundertwasserhaus,11,347690
2026-06-29T02:01:07.880024,Hundertwasserhaus,11,347649
2026-06-29T02:01:07.880024,Hundertwasserhaus,11,347621
2026-06-29T02:01:07.880024,Hundertwasserhaus,11,347551
2026-06-29T02:01:07.880024,Hundertwasserhaus,11,398787
2026-06-29T02:01:07.880024,Seestadt U - Lina-Bo-Bardi-Platz,4,345850
2026-06-29T02:01:07.880024,Seestadt U - Lina-Bo-Bardi-Platz,4,347047
2026-06-29T02:01:07.880024,Seestadt U - Lina-Bo-Bardi-Platz,4,347603
2026-06-29T02:01:07.880024,Seestadt U - Lina-Bo-Bardi-Platz,4,348195
2026-06-29T02:01:07.880024,Barbara-Prammer-Allee,1,346177
2026-06-29T02:01:07.880024,Sonnenallee,15,345493
2026-06-29T02:01:07.880024,Sonnenallee,15,345468
2026-06-29T02:01:07.880024,Sonnenallee,15,345823
2026-06-29T02:01:07.880024,Sonnenallee,15,345523
2026-06-29T02:01:07.880024,Sonnenallee,15,346113
2026-06-29T02:01:07.880024,Sonnenallee,15,346708
2026-06-29T02:01:07.880024,Sonnenallee,15,347052
2026-06-29T02:01:07.880024,Sonnenallee,15,347778
2026-06-29T02:01:07.880024,Sonnenallee,15,348349
2026-06-29T02:01:07.880024,Sonnenallee,15,348620
2026-06-29T02:01:07.880024,Sonnenallee,15,398851
2026-06-29T02:01:07.880024,Sonnenallee,15,398800
2026-06-29T02:01:07.880024,Sonnenallee,15,398765
2026-06-29T02:01:07.880024,Sonnenallee,15,349074
2026-06-29T02:01:07.880024,Sonnenallee,15,348992
2026-06-29T02:01:07.880024,AIT Austrian Institute of Technology / Giefinggasse ,4,345636
2026-06-29T02:01:07.880024,AIT Austrian Institute of Technology / Giefinggasse ,4,347322
2026-06-29T02:01:07.880024,AIT Austrian Institute of Technology / Giefinggasse ,4,347519
2026-06-29T02:01:07.880024,AIT Austrian Institute of Technology / Giefinggasse ,4,348621
2026-06-29T02:01:07.880024,Hannovermarkt,20,345419
2026-06-29T02:01:07.880024,Hannovermarkt,20,345407
2026-06-29T02:01:07.880024,Hannovermarkt,20,345269
2026-06-29T02:01:07.880024,Hannovermarkt,20,345622
2026-06-29T02:01:07.880024,Hannovermarkt,20,346259
2026-06-29T02:01:07.880024,Hannovermarkt,20,346154
2026-06-29T02:01:07.880024,Hannovermarkt,20,346116
2026-06-29T02:01:07.880024,Hannovermarkt,20,346976
2026-06-29T02:01:07.880024,Hannovermarkt,20,346973
2026-06-29T02:01:07.880024,Hannovermarkt,20,346923
2026-06-29T02:01:07.880024,Hannovermarkt,20,346689
2026-06-29T02:01:07.880024,Hannovermarkt,20,346550
2026-06-29T02:01:07.880024,Hannovermarkt,20,347179
2026-06-29T02:01:07.880024,Hannovermarkt,20,347706
2026-06-29T02:01:07.880024,Hannovermarkt,20,347643
2026-06-29T02:01:07.880024,Hannovermarkt,20,347511
2026-06-29T02:01:07.880024,Hannovermarkt,20,348384
2026-06-29T02:01:07.880024,Hannovermarkt,20,348170
2026-06-29T02:01:07.880024,Hannovermarkt,20,348075
2026-06-29T02:01:07.880024,Hannovermarkt,20,398717
2026-06-29T02:01:07.880024,Blériotgasse,21,345949
2026-06-29T02:01:07.880024,Blériotgasse,21,345936
2026-06-29T02:01:07.880024,Blériotgasse,21,345560
2026-06-29T02:01:07.880024,Blériotgasse,21,346445
2026-06-29T02:01:07.880024,Blériotgasse,21,346267
2026-06-29T02:01:07.880024,Blériotgasse,21,346146
2026-06-29T02:01:07.880024,Blériotgasse,21,346793
2026-06-29T02:01:07.880024,Blériotgasse,21,346788
2026-06-29T02:01:07.880024,Blériotgasse,21,346687
2026-06-29T02:01:07.880024,Blériotgasse,21,347410
2026-06-29T02:01:07.880024,Blériotgasse,21,347377
2026-06-29T02:01:07.880024,Blériotgasse,21,347339
2026-06-29T02:01:07.880024,Blériotgasse,21,347150
2026-06-29T02:01:07.880024,Blériotgasse,21,347089
2026-06-29T02:01:07.880024,Blériotgasse,21,347061
2026-06-29T02:01:07.880024,Blériotgasse,21,347884
2026-06-29T02:01:07.880024,Blériotgasse,21,347869
2026-06-29T02:01:07.880024,Blériotgasse,21,347662
2026-06-29T02:01:07.880024,Blériotgasse,21,347532
2026-06-29T02:01:07.880024,Blériotgasse,21,348374
2026-06-29T02:01:07.880024,Blériotgasse,21,348594
2026-06-29T02:01:07.880024,Vetmed Haupteingang,8,345524
2026-06-29T02:01:07.880024,Vetmed Haupteingang,8,346245
2026-06-29T02:01:07.880024,Vetmed Haupteingang,8,346076
2026-06-29T02:01:07.880024,Vetmed Haupteingang,8,347458
2026-06-29T02:01:07.880024,Vetmed Haupteingang,8,347984
2026-06-29T02:01:07.880024,Vetmed Haupteingang,8,347733
2026-06-29T02:01:07.880024,Vetmed Haupteingang,8,347616
2026-06-29T02:01:07.880024,Vetmed Haupteingang,8,348568
2026-06-29T02:01:07.880024,Vetmed UB,6,346178
2026-06-29T02:01:07.880024,Vetmed UB,6,346711
2026-06-29T02:01:07.880024,Vetmed UB,6,346571
2026-06-29T02:01:07.880024,Vetmed UB,6,347701
2026-06-29T02:01:07.880024,Vetmed UB,6,348041
2026-06-29T02:01:07.880024,Vetmed UB,6,398735
2026-06-29T02:01:07.880024,Rebhanngasse / Nordbahnstrasse,14,345240
2026-06-29T02:01:07.880024,Rebhanngasse / Nordbahnstrasse,14,345174
2026-06-29T02:01:07.880024,Rebhanngasse / Nordbahnstrasse,14,345919
2026-06-29T02:01:07.880024,Rebhanngasse / Nordbahnstrasse,14,345846
2026-06-29T02:01:07.880024,Rebhanngasse / Nordbahnstrasse,14,346861
2026-06-29T02:01:07.880024,Rebhanngasse / Nordbahnstrasse,14,346683
2026-06-29T02:01:07.880024,Rebhanngasse / Nordbahnstrasse,14,346587
2026-06-29T02:01:07.880024,Rebhanngasse / Nordbahnstrasse,14,347313
2026-06-29T02:01:07.880024,Rebhanngasse / Nordbahnstrasse,14,347729
2026-06-29T02:01:07.880024,Rebhanngasse / Nordbahnstrasse,14,348482
2026-06-29T02:01:07.880024,Rebhanngasse / Nordbahnstrasse,14,348343
2026-06-29T02:01:07.880024,Rebhanngasse / Nordbahnstrasse,14,348275
2026-06-29T02:01:07.880024,Rebhanngasse / Nordbahnstrasse,14,348653
2026-06-29T02:01:07.880024,Rebhanngasse / Nordbahnstrasse,14,398774
2026-06-29T02:01:07.880024,Nordbahnstrasse,7,345060
2026-06-29T02:01:07.880024,Nordbahnstrasse,7,346479
2026-06-29T02:01:07.880024,Nordbahnstrasse,7,347329
2026-06-29T02:01:07.880024,Nordbahnstrasse,7,347216
2026-06-29T02:01:07.880024,Nordbahnstrasse,7,348655
2026-06-29T02:01:07.880024,Nordbahnstrasse,7,348617
2026-06-29T02:01:07.880024,Nordbahnstrasse,7,348903
2026-06-29T02:01:07.880024,Ziegelofengasse / Margaretenstraße,4,346951
2026-06-29T02:01:07.880024,Ziegelofengasse / Margaretenstraße,4,347455
2026-06-29T02:01:07.880024,Ziegelofengasse / Margaretenstraße,4,347938
2026-06-29T02:01:07.880024,Ziegelofengasse / Margaretenstraße,4,348338
2026-06-29T02:01:07.880024,BIKE 345292,1,345292
2026-06-29T02:01:07.880024,BIKE 348851,1,348851
2026-06-29T02:01:07.880024,BIKE 349139,1,349139
2026-06-29T02:01:07.880024,BIKE 348040,1,348040
2026-06-29T02:01:07.880024,BIKE 348164,1,348164
2026-06-29T02:01:07.880024,BIKE 398795,1,398795
2026-06-29T02:01:07.880024,BIKE 349197,1,349197
2026-06-29T02:01:07.880024,BIKE 349059,1,349059
2026-06-29T02:01:07.880024,BIKE 348042,1,348042
2026-06-29T02:01:07.880024,BIKE 348899,1,348899
2026-06-29T02:01:07.880024,BIKE 348801,1,348801
2026-06-29T02:01:07.880024,BIKE 348863,1,348863
2026-06-29T02:01:07.880024,BIKE 348865,1,348865
2026-06-29T02:01:07.880024,BIKE 348942,1,348942
2026-06-29T02:01:07.880024,BIKE 349164,1,349164
2026-06-29T02:01:07.880024,BIKE 349086,1,349086
2026-06-29T02:01:07.880024,BIKE 346387,1,346387
2026-06-29T02:01:07.880024,BIKE 349124,1,349124
2026-06-29T02:01:07.880024,BIKE 345282,1,345282
2026-06-29T02:01:07.880024,BIKE 349092,1,349092
2026-06-29T02:01:07.880024,BIKE 349060,1,349060
2026-06-29T02:01:07.880024,BIKE 348817,1,348817
2026-06-29T02:01:07.880024,BIKE 349198,1,349198
2026-06-29T02:01:07.880024,BIKE 346190,1,346190
2026-06-29T02:01:07.880024,BIKE 349185,1,349185
2026-06-29T02:01:07.880024,BIKE 345861,1,345861
2026-06-29T02:01:07.880024,BIKE 347862,1,347862
2026-06-29T02:01:07.880024,BIKE 345852,1,345852
2026-06-29T02:01:07.880024,BIKE 348574,1,348574
2026-06-29T02:01:07.880024,BIKE 398721,1,398721
2026-06-29T02:01:07.880024,BIKE 346943,1,346943
2026-06-29T02:01:07.880024,BIKE 349162,1,349162
2026-06-29T02:01:07.880024,BIKE 345568,1,345568
2026-06-29T02:01:07.880024,BIKE 347807,1,347807
2026-06-29T02:01:07.880024,BIKE 347481,1,347481
2026-06-29T02:01:07.880024,BIKE 347142,1,347142
2026-06-29T02:01:07.880024,BIKE 345131,1,345131
2026-06-29T02:01:07.880024,BIKE 348981,1,348981
2026-06-29T02:01:07.880024,BIKE 348995,1,348995
2026-06-29T02:01:07.880024,BIKE 349021,1,349021
2026-06-29T02:01:07.880024,BIKE 348983,1,348983
2026-06-29T02:01:07.880024,BIKE 348848,1,348848
2026-06-29T02:01:07.880024,BIKE 346390,1,346390
2026-06-29T02:01:07.880024,BIKE 348813,1,348813
2026-06-29T02:01:07.880024,BIKE 348191,1,348191
2026-06-29T02:01:07.880024,BIKE 347171,1,347171
2026-06-29T02:01:07.880024,BIKE 347959,1,347959
2026-06-29T02:01:07.880024,BIKE 347796,1,347796
2026-06-29T02:01:07.880024,BIKE 348255,1,348255
2026-06-29T02:01:07.880024,BIKE 348843,1,348843
2026-06-29T02:01:07.880024,BIKE 348968,1,348968
2026-06-29T02:01:07.880024,BIKE 345105,1,345105
2026-06-29T02:01:07.880024,BIKE 349188,1,349188
2026-06-29T02:01:07.880024,BIKE 348957,1,348957
2026-06-29T02:01:07.880024,BIKE 345319,1,345319
2026-06-29T02:01:07.880024,BIKE 346790,1,346790
2026-06-29T02:01:07.880024,BIKE 348526,1,348526
2026-06-29T02:01:07.880024,BIKE 345830,1,345830
2026-06-29T02:01:07.880024,BIKE 347316,1,347316
2026-06-29T02:01:07.880024,BIKE 398843,1,398843
2026-06-29T02:01:07.880024,BIKE 346405,1,346405
2026-06-29T02:01:07.880024,BIKE 348523,1,348523
2026-06-29T02:01:07.880024,BIKE 347255,1,347255
2026-06-29T02:01:07.880024,BIKE 346710,1,346710
2026-06-29T02:01:07.880024,BIKE 348939,1,348939
2026-06-29T02:01:07.880024,BIKE 348965,1,348965
2026-06-29T02:01:07.880024,BIKE 348624,1,348624
2026-06-29T02:01:07.880024,BIKE 346855,1,346855
2026-06-29T02:01:07.880024,BIKE 347704,1,347704
2026-06-29T02:01:07.880024,BIKE 347149,1,347149
2026-06-29T02:01:07.880024,BIKE 346987,1,346987
2026-06-29T02:01:07.880024,BIKE 345665,1,345665
2026-06-29T02:01:07.880024,BIKE 348881,1,348881
2026-06-29T02:01:07.880024,BIKE 345683,1,345683
2026-06-29T02:01:07.880024,BIKE 347138,1,347138
2026-06-29T02:01:07.880024,BIKE 347503,1,347503
2026-06-29T02:01:07.880024,BIKE 347695,1,347695
2026-06-29T02:01:07.880024,BIKE 347859,1,347859
2026-06-29T02:01:07.880024,BIKE 398798,1,398798
2026-06-29T02:01:07.880024,BIKE 347760,1,347760
2026-06-29T02:01:07.880024,BIKE 345537,1,345537
2026-06-29T02:01:07.880024,BIKE 345454,1,345454
2026-06-29T02:01:07.880024,BIKE 348816,1,348816
2026-06-29T02:01:07.880024,BIKE 348068,1,348068
2026-06-29T02:01:07.880024,BIKE 347960,1,347960
2026-06-29T02:01:07.880024,BIKE 347716,1,347716
2026-06-29T02:01:07.880024,BIKE 346810,1,346810
2026-06-29T02:01:07.880024,BIKE 349049,1,349049
2026-06-29T02:01:07.880024,BIKE 347754,1,347754
2026-06-29T02:01:07.880024,BIKE 345635,1,345635
2026-06-29T02:01:07.880024,BIKE 398801,1,398801
2026-06-29T02:01:07.880024,BIKE 398790,1,398790
2026-06-29T02:01:07.880024,BIKE 345444,1,345444
2026-06-29T02:01:07.880024,BIKE 348948,1,348948
2026-06-29T02:01:07.880024,BIKE 348589,1,348589
2026-06-29T02:01:07.880024,BIKE 347182,1,347182
2026-06-29T02:01:07.880024,BIKE 347270,1,347270
2026-06-29T02:01:07.880024,BIKE 347267,1,347267
2026-06-29T02:01:07.880024,BIKE 347153,1,347153
2026-06-29T02:01:07.880024,BIKE 346251,1,346251
2026-06-29T02:01:07.880024,BIKE 347910,1,347910
2026-06-29T02:01:07.880024,BIKE 347104,1,347104
2026-06-29T02:01:07.880024,BIKE 345305,1,345305
2026-06-29T02:01:07.880024,BIKE 346704,1,346704
2026-06-29T02:01:07.880024,BIKE 345863,1,345863
2026-06-29T02:01:07.880024,BIKE 347732,1,347732
2026-06-29T02:01:07.880024,BIKE 348243,1,348243
2026-06-29T02:01:07.880024,BIKE 346668,1,346668
2026-06-29T02:01:07.880024,BIKE 346403,1,346403
2026-06-29T02:01:07.880024,BIKE 347379,1,347379
2026-06-29T02:01:07.880024,BIKE 347991,1,347991
2026-06-29T02:01:07.880024,BIKE 347866,1,347866
2026-06-29T02:01:07.880024,BIKE 347413,1,347413
2026-06-29T02:01:07.880024,BIKE 346386,1,346386
2026-06-29T02:01:07.880024,BIKE 348089,1,348089
2026-06-29T02:01:07.880024,BIKE 347888,1,347888
2026-06-29T02:01:07.880024,BIKE 347583,1,347583
2026-06-29T02:01:07.880024,BIKE 345773,1,345773
2026-06-29T02:01:07.880024,BIKE 346131,1,346131
2026-06-29T02:01:07.880024,BIKE 349183,1,349183
2026-06-29T02:01:07.880024,BIKE 348017,1,348017
2026-06-29T02:01:07.880024,BIKE 346471,1,346471
2026-06-29T02:01:07.880024,BIKE 349184,1,349184
2026-06-29T02:01:07.880024,BIKE 348299,1,348299
2026-06-29T02:01:07.880024,BIKE 346253,1,346253
2026-06-29T02:01:07.880024,BIKE 347114,1,347114
2026-06-29T02:01:07.880024,BIKE 349129,1,349129
2026-06-29T02:01:07.880024,BIKE 349150,1,349150
2026-06-29T02:01:07.880024,BIKE 349040,1,349040
2026-06-29T02:01:07.880024,BIKE 347327,1,347327
2026-06-29T02:01:07.880024,BIKE 348987,1,348987
2026-06-29T02:01:07.880024,BIKE 349063,1,349063
2026-06-29T02:01:07.880024,BIKE 349095,1,349095
2026-06-29T02:01:07.880024,BIKE 346353,1,346353
2026-06-29T02:01:07.880024,BIKE 348868,1,348868
2026-06-29T02:01:07.880024,BIKE 349065,1,349065
2026-06-29T02:01:07.880024,BIKE 348886,1,348886
2026-06-29T02:01:07.880024,BIKE 349050,1,349050
2026-06-29T02:01:07.880024,BIKE 349011,1,349011
2026-06-29T02:01:07.880024,BIKE 348869,1,348869
2026-06-29T02:01:07.880024,BIKE 348860,1,348860
2026-06-29T02:01:07.880024,BIKE 347029,1,347029
2026-06-29T02:01:07.880024,BIKE 346456,1,346456
2026-06-29T02:01:07.880024,BIKE 349035,1,349035
2026-06-29T02:01:07.880024,BIKE 348372,1,348372
2026-06-29T07:01:42.533586,Julius-Raab-Platz,6,346613
2026-06-29T07:01:42.533586,Julius-Raab-Platz,6,347469
2026-06-29T07:01:42.533586,Julius-Raab-Platz,6,347116
2026-06-29T07:01:42.533586,Julius-Raab-Platz,6,347621
2026-06-29T07:01:42.533586,Julius-Raab-Platz,6,348019
2026-06-29T07:01:42.533586,Julius-Raab-Platz,6,349151
2026-06-29T07:01:42.533586,Hoher Markt,29,345480
2026-06-29T07:01:42.533586,Hoher Markt,29,345397
2026-06-29T07:01:42.533586,Hoher Markt,29,345320
2026-06-29T07:01:42.533586,Hoher Markt,29,345304
2026-06-29T07:01:42.533586,Hoher Markt,29,345735
2026-06-29T07:01:42.533586,Hoher Markt,29,345647
2026-06-29T07:01:42.533586,Hoher Markt,29,346485
2026-06-29T07:01:42.533586,Hoher Markt,29,346473
2026-06-29T07:01:42.533586,Hoher Markt,29,346438
2026-06-29T07:01:42.533586,Hoher Markt,29,346948
2026-06-29T07:01:42.533586,Hoher Markt,29,346682
2026-06-29T07:01:42.533586,Hoher Markt,29,346626
2026-06-29T07:01:42.533586,Hoher Markt,29,346560
2026-06-29T07:01:42.533586,Hoher Markt,29,346526
2026-06-29T07:01:42.533586,Hoher Markt,29,347480
2026-06-29T07:01:42.533586,Hoher Markt,29,347321
2026-06-29T07:01:42.533586,Hoher Markt,29,347286
2026-06-29T07:01:42.533586,Hoher Markt,29,347170
2026-06-29T07:01:42.533586,Hoher Markt,29,347087
2026-06-29T07:01:42.533586,Hoher Markt,29,347847
2026-06-29T07:01:42.533586,Hoher Markt,29,347804
2026-06-29T07:01:42.533586,Hoher Markt,29,347761
2026-06-29T07:01:42.533586,Hoher Markt,29,347523
2026-06-29T07:01:42.533586,Hoher Markt,29,348364
2026-06-29T07:01:42.533586,Hoher Markt,29,348314
2026-06-29T07:01:42.533586,Hoher Markt,29,348150
2026-06-29T07:01:42.533586,Hoher Markt,29,348700
2026-06-29T07:01:42.533586,Hoher Markt,29,348616
2026-06-29T07:01:42.533586,Hoher Markt,29,398844
2026-06-29T07:01:42.533586,Oper / Karlsplatz U,4,346072
2026-06-29T07:01:42.533586,Oper / Karlsplatz U,4,347703
2026-06-29T07:01:42.533586,Oper / Karlsplatz U,4,348691
2026-06-29T07:01:42.533586,Oper / Karlsplatz U,4,349030
2026-06-29T07:01:42.533586,Ring / Volkstheater U,2,346028
2026-06-29T07:01:42.533586,Ring / Volkstheater U,2,398758
2026-06-29T07:01:42.533586,Stephansplatz U,10,345792
2026-06-29T07:01:42.533586,Stephansplatz U,10,345630
2026-06-29T07:01:42.533586,Stephansplatz U,10,346369
2026-06-29T07:01:42.533586,Stephansplatz U,10,346321
2026-06-29T07:01:42.533586,Stephansplatz U,10,346562
2026-06-29T07:01:42.533586,Stephansplatz U,10,347955
2026-06-29T07:01:42.533586,Stephansplatz U,10,347713
2026-06-29T07:01:42.533586,Stephansplatz U,10,348468
2026-06-29T07:01:42.533586,Stephansplatz U,10,348160
2026-06-29T07:01:42.533586,Stephansplatz U,10,348626
2026-06-29T07:01:42.533586,Taborstraße U,22,345411
2026-06-29T07:01:42.533586,Taborstraße U,22,345358
2026-06-29T07:01:42.533586,Taborstraße U,22,345205
2026-06-29T07:01:42.533586,Taborstraße U,22,345034
2026-06-29T07:01:42.533586,Taborstraße U,22,345944
2026-06-29T07:01:42.533586,Taborstraße U,22,345502
2026-06-29T07:01:42.533586,Taborstraße U,22,346492
2026-06-29T07:01:42.533586,Taborstraße U,22,346254
2026-06-29T07:01:42.533586,Taborstraße U,22,346169
2026-06-29T07:01:42.533586,Taborstraße U,22,346134
2026-06-29T07:01:42.533586,Taborstraße U,22,346026
2026-06-29T07:01:42.533586,Taborstraße U,22,346840
2026-06-29T07:01:42.533586,Taborstraße U,22,346577
2026-06-29T07:01:42.533586,Taborstraße U,22,347027
2026-06-29T07:01:42.533586,Taborstraße U,22,347769
2026-06-29T07:01:42.533586,Taborstraße U,22,347725
2026-06-29T07:01:42.533586,Taborstraße U,22,348242
2026-06-29T07:01:42.533586,Taborstraße U,22,348218
2026-06-29T07:01:42.533586,Taborstraße U,22,348076
2026-06-29T07:01:42.533586,Taborstraße U,22,348588
2026-06-29T07:01:42.533586,Taborstraße U,22,398797
2026-06-29T07:01:42.533586,Taborstraße U,22,348866
2026-06-29T07:01:42.533586,WU-Campus / Südportalstraße ,22,345465
2026-06-29T07:01:42.533586,WU-Campus / Südportalstraße ,22,345362
2026-06-29T07:01:42.533586,WU-Campus / Südportalstraße ,22,345768
2026-06-29T07:01:42.533586,WU-Campus / Südportalstraße ,22,346486
2026-06-29T07:01:42.533586,WU-Campus / Südportalstraße ,22,346191
2026-06-29T07:01:42.533586,WU-Campus / Südportalstraße ,22,346118
2026-06-29T07:01:42.533586,WU-Campus / Südportalstraße ,22,346027
2026-06-29T07:01:42.533586,WU-Campus / Südportalstraße ,22,346911
2026-06-29T07:01:42.533586,WU-Campus / Südportalstraße ,22,346834
2026-06-29T07:01:42.533586,WU-Campus / Südportalstraße ,22,346757
2026-06-29T07:01:42.533586,WU-Campus / Südportalstraße ,22,347391
2026-06-29T07:01:42.533586,WU-Campus / Südportalstraße ,22,347352
2026-06-29T07:01:42.533586,WU-Campus / Südportalstraße ,22,347284
2026-06-29T07:01:42.533586,WU-Campus / Südportalstraße ,22,347914
2026-06-29T07:01:42.533586,WU-Campus / Südportalstraße ,22,347890
2026-06-29T07:01:42.533586,WU-Campus / Südportalstraße ,22,348491
2026-06-29T07:01:42.533586,WU-Campus / Südportalstraße ,22,348404
2026-06-29T07:01:42.533586,WU-Campus / Südportalstraße ,22,348125
2026-06-29T07:01:42.533586,WU-Campus / Südportalstraße ,22,348633
2026-06-29T07:01:42.533586,WU-Campus / Südportalstraße ,22,348611
2026-06-29T07:01:42.533586,WU-Campus / Südportalstraße ,22,348581
2026-06-29T07:01:42.533586,WU-Campus / Südportalstraße ,22,348840
2026-06-29T07:01:42.533586,Erdberg U,23,345466
2026-06-29T07:01:42.533586,Erdberg U,23,345342
2026-06-29T07:01:42.533586,Erdberg U,23,345093
2026-06-29T07:01:42.533586,Erdberg U,23,345819
2026-06-29T07:01:42.533586,Erdberg U,23,345749
2026-06-29T07:01:42.533586,Erdberg U,23,345634
2026-06-29T07:01:42.533586,Erdberg U,23,346394
2026-06-29T07:01:42.533586,Erdberg U,23,346297
2026-06-29T07:01:42.533586,Erdberg U,23,346844
2026-06-29T07:01:42.533586,Erdberg U,23,347433
2026-06-29T07:01:42.533586,Erdberg U,23,347293
2026-06-29T07:01:42.533586,Erdberg U,23,347234
2026-06-29T07:01:42.533586,Erdberg U,23,347198
2026-06-29T07:01:42.533586,Erdberg U,23,347093
2026-06-29T07:01:42.533586,Erdberg U,23,347966
2026-06-29T07:01:42.533586,Erdberg U,23,347921
2026-06-29T07:01:42.533586,Erdberg U,23,347911
2026-06-29T07:01:42.533586,Erdberg U,23,347894
2026-06-29T07:01:42.533586,Erdberg U,23,347839
2026-06-29T07:01:42.533586,Erdberg U,23,347695
2026-06-29T07:01:42.533586,Erdberg U,23,347682
2026-06-29T07:01:42.533586,Erdberg U,23,347533
2026-06-29T07:01:42.533586,Erdberg U,23,349171
2026-06-29T07:01:42.533586,Media Quarter Marx,24,345355
2026-06-29T07:01:42.533586,Media Quarter Marx,24,345261
2026-06-29T07:01:42.533586,Media Quarter Marx,24,345216
2026-06-29T07:01:42.533586,Media Quarter Marx,24,345574
2026-06-29T07:01:42.533586,Media Quarter Marx,24,345549
2026-06-29T07:01:42.533586,Media Quarter Marx,24,345521
2026-06-29T07:01:42.533586,Media Quarter Marx,24,346070
2026-06-29T07:01:42.533586,Media Quarter Marx,24,346895
2026-06-29T07:01:42.533586,Media Quarter Marx,24,346839
2026-06-29T07:01:42.533586,Media Quarter Marx,24,346656
2026-06-29T07:01:42.533586,Media Quarter Marx,24,347492
2026-06-29T07:01:42.533586,Media Quarter Marx,24,347424
2026-06-29T07:01:42.533586,Media Quarter Marx,24,347417
2026-06-29T07:01:42.533586,Media Quarter Marx,24,347215
2026-06-29T07:01:42.533586,Media Quarter Marx,24,347058
2026-06-29T07:01:42.533586,Media Quarter Marx,24,347939
2026-06-29T07:01:42.533586,Media Quarter Marx,24,347920
2026-06-29T07:01:42.533586,Media Quarter Marx,24,347735
2026-06-29T07:01:42.533586,Media Quarter Marx,24,348361
2026-06-29T07:01:42.533586,Media Quarter Marx,24,348332
2026-06-29T07:01:42.533586,Media Quarter Marx,24,348173
2026-06-29T07:01:42.533586,Media Quarter Marx,24,348056
2026-06-29T07:01:42.533586,Media Quarter Marx,24,348671
2026-06-29T07:01:42.533586,Media Quarter Marx,24,348929
2026-06-29T07:01:42.533586,Rennweg S,15,345385
2026-06-29T07:01:42.533586,Rennweg S,15,345197
2026-06-29T07:01:42.533586,Rennweg S,15,345764
2026-06-29T07:01:42.533586,Rennweg S,15,346896
2026-06-29T07:01:42.533586,Rennweg S,15,346819
2026-06-29T07:01:42.533586,Rennweg S,15,346617
2026-06-29T07:01:42.533586,Rennweg S,15,347267
2026-06-29T07:01:42.533586,Rennweg S,15,347266
2026-06-29T07:01:42.533586,Rennweg S,15,347020
2026-06-29T07:01:42.533586,Rennweg S,15,347628
2026-06-29T07:01:42.533586,Rennweg S,15,348245
2026-06-29T07:01:42.533586,Rennweg S,15,348228
2026-06-29T07:01:42.533586,Rennweg S,15,348058
2026-06-29T07:01:42.533586,Rennweg S,15,348558
2026-06-29T07:01:42.533586,Rennweg S,15,398779
2026-06-29T07:01:42.533586,Rochusgasse U,7,345429
2026-06-29T07:01:42.533586,Rochusgasse U,7,346252
2026-06-29T07:01:42.533586,Rochusgasse U,7,346049
2026-06-29T07:01:42.533586,Rochusgasse U,7,346730
2026-06-29T07:01:42.533586,Rochusgasse U,7,347290
2026-06-29T07:01:42.533586,Rochusgasse U,7,347737
2026-06-29T07:01:42.533586,Rochusgasse U,7,348452
2026-06-29T07:01:42.533586,Schwarzenbergplatz,12,345403
2026-06-29T07:01:42.533586,Schwarzenbergplatz,12,345956
2026-06-29T07:01:42.533586,Schwarzenbergplatz,12,345505
2026-06-29T07:01:42.533586,Schwarzenbergplatz,12,346145
2026-06-29T07:01:42.533586,Schwarzenbergplatz,12,346034
2026-06-29T07:01:42.533586,Schwarzenbergplatz,12,346853
2026-06-29T07:01:42.533586,Schwarzenbergplatz,12,346723
2026-06-29T07:01:42.533586,Schwarzenbergplatz,12,348476
2026-06-29T07:01:42.533586,Schwarzenbergplatz,12,348389
2026-06-29T07:01:42.533586,Schwarzenbergplatz,12,348211
2026-06-29T07:01:42.533586,Schwarzenbergplatz,12,348619
2026-06-29T07:01:42.533586,Schwarzenbergplatz,12,398754
2026-06-29T07:01:42.533586,Heumühlgasse,5,346795
2026-06-29T07:01:42.533586,Heumühlgasse,5,347380
2026-06-29T07:01:42.533586,Heumühlgasse,5,347269
2026-06-29T07:01:42.533586,Heumühlgasse,5,347026
2026-06-29T07:01:42.533586,Heumühlgasse,5,348418
2026-06-29T07:01:42.533586,Margaretengürtel U,28,346434
2026-06-29T07:01:42.533586,Margaretengürtel U,28,346433
2026-06-29T07:01:42.533586,Margaretengürtel U,28,346347
2026-06-29T07:01:42.533586,Margaretengürtel U,28,346232
2026-06-29T07:01:42.533586,Margaretengürtel U,28,346220
2026-06-29T07:01:42.533586,Margaretengürtel U,28,346176
2026-06-29T07:01:42.533586,Margaretengürtel U,28,346155
2026-06-29T07:01:42.533586,Margaretengürtel U,28,346036
2026-06-29T07:01:42.533586,Margaretengürtel U,28,346940
2026-06-29T07:01:42.533586,Margaretengürtel U,28,346932
2026-06-29T07:01:42.533586,Margaretengürtel U,28,346890
2026-06-29T07:01:42.533586,Margaretengürtel U,28,346884
2026-06-29T07:01:42.533586,Margaretengürtel U,28,346868
2026-06-29T07:01:42.533586,Margaretengürtel U,28,346867
2026-06-29T07:01:42.533586,Margaretengürtel U,28,346752
2026-06-29T07:01:42.533586,Margaretengürtel U,28,346592
2026-06-29T07:01:42.533586,Margaretengürtel U,28,346570
2026-06-29T07:01:42.533586,Margaretengürtel U,28,347498
2026-06-29T07:01:42.533586,Margaretengürtel U,28,347470
2026-06-29T07:01:42.533586,Margaretengürtel U,28,347448
2026-06-29T07:01:42.533586,Margaretengürtel U,28,347214
2026-06-29T07:01:42.533586,Margaretengürtel U,28,347669
2026-06-29T07:01:42.533586,Margaretengürtel U,28,347510
2026-06-29T07:01:42.533586,Margaretengürtel U,28,348220
2026-06-29T07:01:42.533586,Margaretengürtel U,28,348131
2026-06-29T07:01:42.533586,Margaretengürtel U,28,348065
2026-06-29T07:01:42.533586,Margaretengürtel U,28,348692
2026-06-29T07:01:42.533586,Margaretengürtel U,28,348632
2026-06-29T07:01:42.533586,Mittersteig,23,345485
2026-06-29T07:01:42.533586,Mittersteig,23,345176
2026-06-29T07:01:42.533586,Mittersteig,23,345027
2026-06-29T07:01:42.533586,Mittersteig,23,345601
2026-06-29T07:01:42.533586,Mittersteig,23,345566
2026-06-29T07:01:42.533586,Mittersteig,23,346444
2026-06-29T07:01:42.533586,Mittersteig,23,346400
2026-06-29T07:01:42.533586,Mittersteig,23,346230
2026-06-29T07:01:42.533586,Mittersteig,23,346201
2026-06-29T07:01:42.533586,Mittersteig,23,346054
2026-06-29T07:01:42.533586,Mittersteig,23,346881
2026-06-29T07:01:42.533586,Mittersteig,23,346641
2026-06-29T07:01:42.533586,Mittersteig,23,346591
2026-06-29T07:01:42.533586,Mittersteig,23,347332
2026-06-29T07:01:42.533586,Mittersteig,23,347147
2026-06-29T07:01:42.533586,Mittersteig,23,347816
2026-06-29T07:01:42.533586,Mittersteig,23,347756
2026-06-29T07:01:42.533586,Mittersteig,23,348386
2026-06-29T07:01:42.533586,Mittersteig,23,348378
2026-06-29T07:01:42.533586,Mittersteig,23,348113
2026-06-29T07:01:42.533586,Mittersteig,23,348580
2026-06-29T07:01:42.533586,Mittersteig,23,398848
2026-06-29T07:01:42.533586,Mittersteig,23,398741
2026-06-29T07:01:42.533586,Ceija-Stojka-Platz,7,345379
2026-06-29T07:01:42.533586,Ceija-Stojka-Platz,7,346056
2026-06-29T07:01:42.533586,Ceija-Stojka-Platz,7,346052
2026-06-29T07:01:42.533586,Ceija-Stojka-Platz,7,346818
2026-06-29T07:01:42.533586,Ceija-Stojka-Platz,7,346658
2026-06-29T07:01:42.533586,Ceija-Stojka-Platz,7,347560
2026-06-29T07:01:42.533586,Ceija-Stojka-Platz,7,348136
2026-06-29T07:01:42.533586,Volkstheater U,3,345190
2026-06-29T07:01:42.533586,Volkstheater U,3,345886
2026-06-29T07:01:42.533586,Volkstheater U,3,345745
2026-06-29T07:01:42.533586,Zieglergasse U,5,347315
2026-06-29T07:01:42.533586,Zieglergasse U,5,349106
2026-06-29T07:01:42.533586,Zieglergasse U,5,348909
2026-06-29T07:01:42.533586,Zieglergasse U,5,348864
2026-06-29T07:01:42.533586,Zieglergasse U,5,349170
2026-06-29T07:01:42.533586,Oskar-Morgenstern-Platz,29,345367
2026-06-29T07:01:42.533586,Oskar-Morgenstern-Platz,29,345223
2026-06-29T07:01:42.533586,Oskar-Morgenstern-Platz,29,345179
2026-06-29T07:01:42.533586,Oskar-Morgenstern-Platz,29,345097
2026-06-29T07:01:42.533586,Oskar-Morgenstern-Platz,29,345030
2026-06-29T07:01:42.533586,Oskar-Morgenstern-Platz,29,345013
2026-06-29T07:01:42.533586,Oskar-Morgenstern-Platz,29,345977
2026-06-29T07:01:42.533586,Oskar-Morgenstern-Platz,29,345967
2026-06-29T07:01:42.533586,Oskar-Morgenstern-Platz,29,345788
2026-06-29T07:01:42.533586,Oskar-Morgenstern-Platz,29,345772
2026-06-29T07:01:42.533586,Oskar-Morgenstern-Platz,29,345678
2026-06-29T07:01:42.533586,Oskar-Morgenstern-Platz,29,346482
2026-06-29T07:01:42.533586,Oskar-Morgenstern-Platz,29,346229
2026-06-29T07:01:42.533586,Oskar-Morgenstern-Platz,29,346172
2026-06-29T07:01:42.533586,Oskar-Morgenstern-Platz,29,346117
2026-06-29T07:01:42.533586,Oskar-Morgenstern-Platz,29,346084
2026-06-29T07:01:42.533586,Oskar-Morgenstern-Platz,29,346811
2026-06-29T07:01:42.533586,Oskar-Morgenstern-Platz,29,346746
2026-06-29T07:01:42.533586,Oskar-Morgenstern-Platz,29,346720
2026-06-29T07:01:42.533586,Oskar-Morgenstern-Platz,29,347495
2026-06-29T07:01:42.533586,Oskar-Morgenstern-Platz,29,347144
2026-06-29T07:01:42.533586,Oskar-Morgenstern-Platz,29,347139
2026-06-29T07:01:42.533586,Oskar-Morgenstern-Platz,29,347874
2026-06-29T07:01:42.533586,Oskar-Morgenstern-Platz,29,347622
2026-06-29T07:01:42.533586,Oskar-Morgenstern-Platz,29,347553
2026-06-29T07:01:42.533586,Oskar-Morgenstern-Platz,29,348405
2026-06-29T07:01:42.533586,Oskar-Morgenstern-Platz,29,348278
2026-06-29T07:01:42.533586,Oskar-Morgenstern-Platz,29,348158
2026-06-29T07:01:42.533586,Oskar-Morgenstern-Platz,29,348683
2026-06-29T07:01:42.533586,Frankhplatz,7,345378
2026-06-29T07:01:42.533586,Frankhplatz,7,348440
2026-06-29T07:01:42.533586,Frankhplatz,7,348348
2026-06-29T07:01:42.533586,Frankhplatz,7,348067
2026-06-29T07:01:42.533586,Frankhplatz,7,398846
2026-06-29T07:01:42.533586,Frankhplatz,7,398805
2026-06-29T07:01:42.533586,Frankhplatz,7,349048
2026-06-29T07:01:42.533586,Friedensbrücke U,18,345496
2026-06-29T07:01:42.533586,Friedensbrücke U,18,345461
2026-06-29T07:01:42.533586,Friedensbrücke U,18,345091
2026-06-29T07:01:42.533586,Friedensbrücke U,18,345062
2026-06-29T07:01:42.533586,Friedensbrücke U,18,345957
2026-06-29T07:01:42.533586,Friedensbrücke U,18,346050
2026-06-29T07:01:42.533586,Friedensbrücke U,18,346954
2026-06-29T07:01:42.533586,Friedensbrücke U,18,346791
2026-06-29T07:01:42.533586,Friedensbrücke U,18,346751
2026-06-29T07:01:42.533586,Friedensbrücke U,18,347497
2026-06-29T07:01:42.533586,Friedensbrücke U,18,347312
2026-06-29T07:01:42.533586,Friedensbrücke U,18,347039
2026-06-29T07:01:42.533586,Friedensbrücke U,18,347848
2026-06-29T07:01:42.533586,Friedensbrücke U,18,347784
2026-06-29T07:01:42.533586,Friedensbrücke U,18,347633
2026-06-29T07:01:42.533586,Friedensbrücke U,18,348375
2026-06-29T07:01:42.533586,Friedensbrücke U,18,348142
2026-06-29T07:01:42.533586,Friedensbrücke U,18,348036
2026-06-29T07:01:42.533586,Spittelau S U,24,345125
2026-06-29T07:01:42.533586,Spittelau S U,24,345122
2026-06-29T07:01:42.533586,Spittelau S U,24,345106
2026-06-29T07:01:42.533586,Spittelau S U,24,345871
2026-06-29T07:01:42.533586,Spittelau S U,24,345748
2026-06-29T07:01:42.533586,Spittelau S U,24,345747
2026-06-29T07:01:42.533586,Spittelau S U,24,346206
2026-06-29T07:01:42.533586,Spittelau S U,24,346086
2026-06-29T07:01:42.533586,Spittelau S U,24,346955
2026-06-29T07:01:42.533586,Spittelau S U,24,346502
2026-06-29T07:01:42.533586,Spittelau S U,24,347260
2026-06-29T07:01:42.533586,Spittelau S U,24,347250
2026-06-29T07:01:42.533586,Spittelau S U,24,347248
2026-06-29T07:01:42.533586,Spittelau S U,24,347169
2026-06-29T07:01:42.533586,Spittelau S U,24,347097
2026-06-29T07:01:42.533586,Spittelau S U,24,347049
2026-06-29T07:01:42.533586,Spittelau S U,24,347932
2026-06-29T07:01:42.533586,Spittelau S U,24,347864
2026-06-29T07:01:42.533586,Spittelau S U,24,347640
2026-06-29T07:01:42.533586,Spittelau S U,24,347558
2026-06-29T07:01:42.533586,Spittelau S U,24,348105
2026-06-29T07:01:42.533586,Spittelau S U,24,348664
2026-06-29T07:01:42.533586,Spittelau S U,24,348651
2026-06-29T07:01:42.533586,Spittelau S U,24,398804
2026-06-29T07:01:42.533586,Absbergbrücke ,9,345804
2026-06-29T07:01:42.533586,Absbergbrücke ,9,346240
2026-06-29T07:01:42.533586,Absbergbrücke ,9,346598
2026-06-29T07:01:42.533586,Absbergbrücke ,9,347310
2026-06-29T07:01:42.533586,Absbergbrücke ,9,347999
2026-06-29T07:01:42.533586,Absbergbrücke ,9,347699
2026-06-29T07:01:42.533586,Absbergbrücke ,9,348497
2026-06-29T07:01:42.533586,Absbergbrücke ,9,348327
2026-06-29T07:01:42.533586,Absbergbrücke ,9,348701
2026-06-29T07:01:42.533586,Altes Landgut U,17,345843
2026-06-29T07:01:42.533586,Altes Landgut U,17,346276
2026-06-29T07:01:42.533586,Altes Landgut U,17,346921
2026-06-29T07:01:42.533586,Altes Landgut U,17,346599
2026-06-29T07:01:42.533586,Altes Landgut U,17,347233
2026-06-29T07:01:42.533586,Altes Landgut U,17,347121
2026-06-29T07:01:42.533586,Altes Landgut U,17,347965
2026-06-29T07:01:42.533586,Altes Landgut U,17,347840
2026-06-29T07:01:42.533586,Altes Landgut U,17,347747
2026-06-29T07:01:42.533586,Altes Landgut U,17,347593
2026-06-29T07:01:42.533586,Altes Landgut U,17,347587
2026-06-29T07:01:42.533586,Altes Landgut U,17,348429
2026-06-29T07:01:42.533586,Altes Landgut U,17,348369
2026-06-29T07:01:42.533586,Altes Landgut U,17,348342
2026-06-29T07:01:42.533586,Altes Landgut U,17,348148
2026-06-29T07:01:42.533586,Altes Landgut U,17,348532
2026-06-29T07:01:42.533586,Altes Landgut U,17,398860
2026-06-29T07:01:42.533586,Bloch-Bauer-Promenade,6,345094
2026-06-29T07:01:42.533586,Bloch-Bauer-Promenade,6,345894
2026-06-29T07:01:42.533586,Bloch-Bauer-Promenade,6,346186
2026-06-29T07:01:42.533586,Bloch-Bauer-Promenade,6,347477
2026-06-29T07:01:42.533586,Bloch-Bauer-Promenade,6,347422
2026-06-29T07:01:42.533586,Bloch-Bauer-Promenade,6,347591
2026-06-29T07:01:42.533586,Hauptbahnhof S U ,35,345399
2026-06-29T07:01:42.533586,Hauptbahnhof S U ,35,345307
2026-06-29T07:01:42.533586,Hauptbahnhof S U ,35,345289
2026-06-29T07:01:42.533586,Hauptbahnhof S U ,35,345258
2026-06-29T07:01:42.533586,Hauptbahnhof S U ,35,345053
2026-06-29T07:01:42.533586,Hauptbahnhof S U ,35,345001
2026-06-29T07:01:42.533586,Hauptbahnhof S U ,35,345963
2026-06-29T07:01:42.533586,Hauptbahnhof S U ,35,345548
2026-06-29T07:01:42.533586,Hauptbahnhof S U ,35,346374
2026-06-29T07:01:42.533586,Hauptbahnhof S U ,35,346295
2026-06-29T07:01:42.533586,Hauptbahnhof S U ,35,346213
2026-06-29T07:01:42.533586,Hauptbahnhof S U ,35,346968
2026-06-29T07:01:42.533586,Hauptbahnhof S U ,35,346964
2026-06-29T07:01:42.533586,Hauptbahnhof S U ,35,346929
2026-06-29T07:01:42.533586,Hauptbahnhof S U ,35,347344
2026-06-29T07:01:42.533586,Hauptbahnhof S U ,35,347757
2026-06-29T07:01:42.533586,Hauptbahnhof S U ,35,347598
2026-06-29T07:01:42.533586,Hauptbahnhof S U ,35,348443
2026-06-29T07:01:42.533586,Hauptbahnhof S U ,35,398777
2026-06-29T07:01:42.533586,Hauptbahnhof S U ,35,349113
2026-06-29T07:01:42.533586,Hauptbahnhof S U ,35,349108
2026-06-29T07:01:42.533586,Hauptbahnhof S U ,35,349094
2026-06-29T07:01:42.533586,Hauptbahnhof S U ,35,349087
2026-06-29T07:01:42.533586,Hauptbahnhof S U ,35,349042
2026-06-29T07:01:42.533586,Hauptbahnhof S U ,35,349024
2026-06-29T07:01:42.533586,Hauptbahnhof S U ,35,348996
2026-06-29T07:01:42.533586,Hauptbahnhof S U ,35,348991
2026-06-29T07:01:42.533586,Hauptbahnhof S U ,35,348959
2026-06-29T07:01:42.533586,Hauptbahnhof S U ,35,348943
2026-06-29T07:01:42.533586,Hauptbahnhof S U ,35,348940
2026-06-29T07:01:42.533586,Hauptbahnhof S U ,35,348806
2026-06-29T07:01:42.533586,Hauptbahnhof S U ,35,348803
2026-06-29T07:01:42.533586,Hauptbahnhof S U ,35,349167
2026-06-29T07:01:42.533586,Hauptbahnhof S U ,35,349131
2026-06-29T07:01:42.533586,Hauptbahnhof S U ,35,349120
2026-06-29T07:01:42.533586,Keplerplatz U,12,345185
2026-06-29T07:01:42.533586,Keplerplatz U,12,345098
2026-06-29T07:01:42.533586,Keplerplatz U,12,346396
2026-06-29T07:01:42.533586,Keplerplatz U,12,346931
2026-06-29T07:01:42.533586,Keplerplatz U,12,346805
2026-06-29T07:01:42.533586,Keplerplatz U,12,346738
2026-06-29T07:01:42.533586,Keplerplatz U,12,347901
2026-06-29T07:01:42.533586,Keplerplatz U,12,347750
2026-06-29T07:01:42.533586,Keplerplatz U,12,348298
2026-06-29T07:01:42.533586,Keplerplatz U,12,348216
2026-06-29T07:01:42.533586,Keplerplatz U,12,349007
2026-06-29T07:01:42.533586,Keplerplatz U,12,349156
2026-06-29T07:01:42.533586,Puchsbaumgasse,4,347672
2026-06-29T07:01:42.533586,Puchsbaumgasse,4,348024
2026-06-29T07:01:42.533586,Puchsbaumgasse,4,398770
2026-06-29T07:01:42.533586,Puchsbaumgasse,4,398759
2026-06-29T07:01:42.533586,Enkplatz U,6,347073
2026-06-29T07:01:42.533586,Enkplatz U,6,348427
2026-06-29T07:01:42.533586,Enkplatz U,6,349001
2026-06-29T07:01:42.533586,Enkplatz U,6,348969
2026-06-29T07:01:42.533586,Enkplatz U,6,349176
2026-06-29T07:01:42.533586,Enkplatz U,6,349122
2026-06-29T07:01:42.533586,Gasometer U,12,345510
2026-06-29T07:01:42.533586,Gasometer U,12,346370
2026-06-29T07:01:42.533586,Gasometer U,12,346308
2026-06-29T07:01:42.533586,Gasometer U,12,346004
2026-06-29T07:01:42.533586,Gasometer U,12,347407
2026-06-29T07:01:42.533586,Gasometer U,12,347307
2026-06-29T07:01:42.533586,Gasometer U,12,347279
2026-06-29T07:01:42.533586,Gasometer U,12,347071
2026-06-29T07:01:42.533586,Gasometer U,12,347824
2026-06-29T07:01:42.533586,Gasometer U,12,347798
2026-06-29T07:01:42.533586,Gasometer U,12,348222
2026-06-29T07:01:42.533586,Gasometer U,12,348821
2026-06-29T07:01:42.533586,Geiselbergstraße S,14,345163
2026-06-29T07:01:42.533586,Geiselbergstraße S,14,345777
2026-06-29T07:01:42.533586,Geiselbergstraße S,14,345666
2026-06-29T07:01:42.533586,Geiselbergstraße S,14,346903
2026-06-29T07:01:42.533586,Geiselbergstraße S,14,346894
2026-06-29T07:01:42.533586,Geiselbergstraße S,14,346870
2026-06-29T07:01:42.533586,Geiselbergstraße S,14,347254
2026-06-29T07:01:42.533586,Geiselbergstraße S,14,347042
2026-06-29T07:01:42.533586,Geiselbergstraße S,14,347038
2026-06-29T07:01:42.533586,Geiselbergstraße S,14,347502
2026-06-29T07:01:42.533586,Geiselbergstraße S,14,348166
2026-06-29T07:01:42.533586,Geiselbergstraße S,14,348161
2026-06-29T07:01:42.533586,Geiselbergstraße S,14,349178
2026-06-29T07:01:42.533586,Geiselbergstraße S,14,349172
2026-06-29T07:01:42.533586,Simmering S U,9,345905
2026-06-29T07:01:42.533586,Simmering S U,9,345771
2026-06-29T07:01:42.533586,Simmering S U,9,345717
2026-06-29T07:01:42.533586,Simmering S U,9,345672
2026-06-29T07:01:42.533586,Simmering S U,9,346194
2026-06-29T07:01:42.533586,Simmering S U,9,346059
2026-06-29T07:01:42.533586,Simmering S U,9,346778
2026-06-29T07:01:42.533586,Simmering S U,9,347167
2026-06-29T07:01:42.533586,Simmering S U,9,348144
2026-06-29T07:01:42.533586,Niederhofstraße U,16,345075
2026-06-29T07:01:42.533586,Niederhofstraße U,16,345044
2026-06-29T07:01:42.533586,Niederhofstraße U,16,345755
2026-06-29T07:01:42.533586,Niederhofstraße U,16,346264
2026-06-29T07:01:42.533586,Niederhofstraße U,16,346621
2026-06-29T07:01:42.533586,Niederhofstraße U,16,346578
2026-06-29T07:01:42.533586,Niederhofstraße U,16,347382
2026-06-29T07:01:42.533586,Niederhofstraße U,16,347289
2026-06-29T07:01:42.533586,Niederhofstraße U,16,347950
2026-06-29T07:01:42.533586,Niederhofstraße U,16,347913
2026-06-29T07:01:42.533586,Niederhofstraße U,16,348294
2026-06-29T07:01:42.533586,Niederhofstraße U,16,348092
2026-06-29T07:01:42.533586,Niederhofstraße U,16,348687
2026-06-29T07:01:42.533586,Niederhofstraße U,16,348639
2026-06-29T07:01:42.533586,Niederhofstraße U,16,348578
2026-06-29T07:01:42.533586,Niederhofstraße U,16,348953
2026-06-29T07:01:42.533586,Hietzing U,20,345637
2026-06-29T07:01:42.533586,Hietzing U,20,346435
2026-06-29T07:01:42.533586,Hietzing U,20,346133
2026-06-29T07:01:42.533586,Hietzing U,20,346990
2026-06-29T07:01:42.533586,Hietzing U,20,346859
2026-06-29T07:01:42.533586,Hietzing U,20,346694
2026-06-29T07:01:42.533586,Hietzing U,20,346537
2026-06-29T07:01:42.533586,Hietzing U,20,347452
2026-06-29T07:01:42.533586,Hietzing U,20,347386
2026-06-29T07:01:42.533586,Hietzing U,20,347865
2026-06-29T07:01:42.533586,Hietzing U,20,347799
2026-06-29T07:01:42.533586,Hietzing U,20,348061
2026-06-29T07:01:42.533586,Hietzing U,20,349036
2026-06-29T07:01:42.533586,Hietzing U,20,349006
2026-06-29T07:01:42.533586,Hietzing U,20,348971
2026-06-29T07:01:42.533586,Hietzing U,20,348849
2026-06-29T07:01:42.533586,Hietzing U,20,348847
2026-06-29T07:01:42.533586,Hietzing U,20,348823
2026-06-29T07:01:42.533586,Hietzing U,20,349136
2026-06-29T07:01:42.533586,Hietzing U,20,349125
2026-06-29T07:01:42.533586,Westbahnhof S U,12,345488
2026-06-29T07:01:42.533586,Westbahnhof S U,12,345416
2026-06-29T07:01:42.533586,Westbahnhof S U,12,345262
2026-06-29T07:01:42.533586,Westbahnhof S U,12,345167
2026-06-29T07:01:42.533586,Westbahnhof S U,12,345575
2026-06-29T07:01:42.533586,Westbahnhof S U,12,346996
2026-06-29T07:01:42.533586,Westbahnhof S U,12,347414
2026-06-29T07:01:42.533586,Westbahnhof S U,12,347408
2026-06-29T07:01:42.533586,Westbahnhof S U,12,347272
2026-06-29T07:01:42.533586,Westbahnhof S U,12,347536
2026-06-29T07:01:42.533586,Westbahnhof S U,12,348422
2026-06-29T07:01:42.533586,Westbahnhof S U,12,398806
2026-06-29T07:01:42.533586,Richard-Wagner-Platz,39,345400
2026-06-29T07:01:42.533586,Richard-Wagner-Platz,39,345391
2026-06-29T07:01:42.533586,Richard-Wagner-Platz,39,345381
2026-06-29T07:01:42.533586,Richard-Wagner-Platz,39,345371
2026-06-29T07:01:42.533586,Richard-Wagner-Platz,39,345318
2026-06-29T07:01:42.533586,Richard-Wagner-Platz,39,345241
2026-06-29T07:01:42.533586,Richard-Wagner-Platz,39,345161
2026-06-29T07:01:42.533586,Richard-Wagner-Platz,39,345107
2026-06-29T07:01:42.533586,Richard-Wagner-Platz,39,345058
2026-06-29T07:01:42.533586,Richard-Wagner-Platz,39,345838
2026-06-29T07:01:42.533586,Richard-Wagner-Platz,39,345541
2026-06-29T07:01:42.533586,Richard-Wagner-Platz,39,345520
2026-06-29T07:01:42.533586,Richard-Wagner-Platz,39,346488
2026-06-29T07:01:42.533586,Richard-Wagner-Platz,39,346475
2026-06-29T07:01:42.533586,Richard-Wagner-Platz,39,346453
2026-06-29T07:01:42.533586,Richard-Wagner-Platz,39,346323
2026-06-29T07:01:42.533586,Richard-Wagner-Platz,39,346009
2026-06-29T07:01:42.533586,Richard-Wagner-Platz,39,346991
2026-06-29T07:01:42.533586,Richard-Wagner-Platz,39,346957
2026-06-29T07:01:42.533586,Richard-Wagner-Platz,39,346906
2026-06-29T07:01:42.533586,Richard-Wagner-Platz,39,346847
2026-06-29T07:01:42.533586,Richard-Wagner-Platz,39,346671
2026-06-29T07:01:42.533586,Richard-Wagner-Platz,39,346531
2026-06-29T07:01:42.533586,Richard-Wagner-Platz,39,346523
2026-06-29T07:01:42.533586,Richard-Wagner-Platz,39,346515
2026-06-29T07:01:42.533586,Richard-Wagner-Platz,39,347483
2026-06-29T07:01:42.533586,Richard-Wagner-Platz,39,347245
2026-06-29T07:01:42.533586,Richard-Wagner-Platz,39,347102
2026-06-29T07:01:42.533586,Richard-Wagner-Platz,39,347099
2026-06-29T07:01:42.533586,Richard-Wagner-Platz,39,347079
2026-06-29T07:01:42.533586,Richard-Wagner-Platz,39,347902
2026-06-29T07:01:42.533586,Richard-Wagner-Platz,39,347898
2026-06-29T07:01:42.533586,Richard-Wagner-Platz,39,347809
2026-06-29T07:01:42.533586,Richard-Wagner-Platz,39,347654
2026-06-29T07:01:42.533586,Richard-Wagner-Platz,39,347596
2026-06-29T07:01:42.533586,Richard-Wagner-Platz,39,347586
2026-06-29T07:01:42.533586,Richard-Wagner-Platz,39,348315
2026-06-29T07:01:42.533586,Richard-Wagner-Platz,39,348177
2026-06-29T07:01:42.533586,Richard-Wagner-Platz,39,348147
2026-06-29T07:01:42.533586,Alser Straße U,19,345299
2026-06-29T07:01:42.533586,Alser Straße U,19,345108
2026-06-29T07:01:42.533586,Alser Straße U,19,345750
2026-06-29T07:01:42.533586,Alser Straße U,19,345702
2026-06-29T07:01:42.533586,Alser Straße U,19,345686
2026-06-29T07:01:42.533586,Alser Straße U,19,346405
2026-06-29T07:01:42.533586,Alser Straße U,19,346211
2026-06-29T07:01:42.533586,Alser Straße U,19,346099
2026-06-29T07:01:42.533586,Alser Straße U,19,346691
2026-06-29T07:01:42.533586,Alser Straße U,19,347642
2026-06-29T07:01:42.533586,Alser Straße U,19,347585
2026-06-29T07:01:42.533586,Alser Straße U,19,348451
2026-06-29T07:01:42.533586,Alser Straße U,19,348380
2026-06-29T07:01:42.533586,Alser Straße U,19,348072
2026-06-29T07:01:42.533586,Alser Straße U,19,348023
2026-06-29T07:01:42.533586,Alser Straße U,19,398858
2026-06-29T07:01:42.533586,Alser Straße U,19,398743
2026-06-29T07:01:42.533586,Alser Straße U,19,349022
2026-06-29T07:01:42.533586,Alser Straße U,19,348988
2026-06-29T07:01:42.533586,Währinger Straße U,29,345138
2026-06-29T07:01:42.533586,Währinger Straße U,29,345117
2026-06-29T07:01:42.533586,Währinger Straße U,29,345072
2026-06-29T07:01:42.533586,Währinger Straße U,29,345715
2026-06-29T07:01:42.533586,Währinger Straße U,29,346451
2026-06-29T07:01:42.533586,Währinger Straße U,29,346446
2026-06-29T07:01:42.533586,Währinger Straße U,29,346379
2026-06-29T07:01:42.533586,Währinger Straße U,29,346046
2026-06-29T07:01:42.533586,Währinger Straße U,29,346018
2026-06-29T07:01:42.533586,Währinger Straße U,29,346982
2026-06-29T07:01:42.533586,Währinger Straße U,29,346792
2026-06-29T07:01:42.533586,Währinger Straße U,29,346565
2026-06-29T07:01:42.533586,Währinger Straße U,29,346555
2026-06-29T07:01:42.533586,Währinger Straße U,29,346549
2026-06-29T07:01:42.533586,Währinger Straße U,29,347323
2026-06-29T07:01:42.533586,Währinger Straße U,29,347219
2026-06-29T07:01:42.533586,Währinger Straße U,29,347080
2026-06-29T07:01:42.533586,Währinger Straße U,29,347637
2026-06-29T07:01:42.533586,Währinger Straße U,29,347564
2026-06-29T07:01:42.533586,Währinger Straße U,29,348486
2026-06-29T07:01:42.533586,Währinger Straße U,29,348458
2026-06-29T07:01:42.533586,Währinger Straße U,29,348436
2026-06-29T07:01:42.533586,Währinger Straße U,29,348159
2026-06-29T07:01:42.533586,Währinger Straße U,29,348112
2026-06-29T07:01:42.533586,Währinger Straße U,29,348629
2026-06-29T07:01:42.533586,Währinger Straße U,29,348585
2026-06-29T07:01:42.533586,Währinger Straße U,29,398850
2026-06-29T07:01:42.533586,Währinger Straße U,29,398826
2026-06-29T07:01:42.533586,Währinger Straße U,29,398820
2026-06-29T07:01:42.533586,Hardtgasse,15,345489
2026-06-29T07:01:42.533586,Hardtgasse,15,345595
2026-06-29T07:01:42.533586,Hardtgasse,15,345579
2026-06-29T07:01:42.533586,Hardtgasse,15,346204
2026-06-29T07:01:42.533586,Hardtgasse,15,346092
2026-06-29T07:01:42.533586,Hardtgasse,15,346060
2026-06-29T07:01:42.533586,Hardtgasse,15,346584
2026-06-29T07:01:42.533586,Hardtgasse,15,346533
2026-06-29T07:01:42.533586,Hardtgasse,15,347137
2026-06-29T07:01:42.533586,Hardtgasse,15,347971
2026-06-29T07:01:42.533586,Hardtgasse,15,347962
2026-06-29T07:01:42.533586,Hardtgasse,15,347698
2026-06-29T07:01:42.533586,Hardtgasse,15,347681
2026-06-29T07:01:42.533586,Hardtgasse,15,398776
2026-06-29T07:01:42.533586,Hardtgasse,15,348856
2026-06-29T07:01:42.533586,Handelskai S U,37,345344
2026-06-29T07:01:42.533586,Handelskai S U,37,345311
2026-06-29T07:01:42.533586,Handelskai S U,37,345993
2026-06-29T07:01:42.533586,Handelskai S U,37,345656
2026-06-29T07:01:42.533586,Handelskai S U,37,345599
2026-06-29T07:01:42.533586,Handelskai S U,37,345583
2026-06-29T07:01:42.533586,Handelskai S U,37,345576
2026-06-29T07:01:42.533586,Handelskai S U,37,346493
2026-06-29T07:01:42.533586,Handelskai S U,37,346460
2026-06-29T07:01:42.533586,Handelskai S U,37,346278
2026-06-29T07:01:42.533586,Handelskai S U,37,346716
2026-06-29T07:01:42.533586,Handelskai S U,37,346628
2026-06-29T07:01:42.533586,Handelskai S U,37,346512
2026-06-29T07:01:42.533586,Handelskai S U,37,347460
2026-06-29T07:01:42.533586,Handelskai S U,37,347421
2026-06-29T07:01:42.533586,Handelskai S U,37,347256
2026-06-29T07:01:42.533586,Handelskai S U,37,347251
2026-06-29T07:01:42.533586,Handelskai S U,37,347212
2026-06-29T07:01:42.533586,Handelskai S U,37,347954
2026-06-29T07:01:42.533586,Handelskai S U,37,347917
2026-06-29T07:01:42.533586,Handelskai S U,37,347892
2026-06-29T07:01:42.533586,Handelskai S U,37,347771
2026-06-29T07:01:42.533586,Handelskai S U,37,347692
2026-06-29T07:01:42.533586,Handelskai S U,37,347647
2026-06-29T07:01:42.533586,Handelskai S U,37,347620
2026-06-29T07:01:42.533586,Handelskai S U,37,347592
2026-06-29T07:01:42.533586,Handelskai S U,37,347500
2026-06-29T07:01:42.533586,Handelskai S U,37,348388
2026-06-29T07:01:42.533586,Handelskai S U,37,348371
2026-06-29T07:01:42.533586,Handelskai S U,37,348215
2026-06-29T07:01:42.533586,Handelskai S U,37,348175
2026-06-29T07:01:42.533586,Handelskai S U,37,348152
2026-06-29T07:01:42.533586,Handelskai S U,37,348124
2026-06-29T07:01:42.533586,Handelskai S U,37,348710
2026-06-29T07:01:42.533586,Handelskai S U,37,348918
2026-06-29T07:01:42.533586,Handelskai S U,37,348917
2026-06-29T07:01:42.533586,Wallensteinplatz,27,345383
2026-06-29T07:01:42.533586,Wallensteinplatz,27,345372
2026-06-29T07:01:42.533586,Wallensteinplatz,27,345127
2026-06-29T07:01:42.533586,Wallensteinplatz,27,345077
2026-06-29T07:01:42.533586,Wallensteinplatz,27,345024
2026-06-29T07:01:42.533586,Wallensteinplatz,27,345016
2026-06-29T07:01:42.533586,Wallensteinplatz,27,345005
2026-06-29T07:01:42.533586,Wallensteinplatz,27,345913
2026-06-29T07:01:42.533586,Wallensteinplatz,27,345724
2026-06-29T07:01:42.533586,Wallensteinplatz,27,345697
2026-06-29T07:01:42.533586,Wallensteinplatz,27,345670
2026-06-29T07:01:42.533586,Wallensteinplatz,27,345624
2026-06-29T07:01:42.533586,Wallensteinplatz,27,345519
2026-06-29T07:01:42.533586,Wallensteinplatz,27,346477
2026-06-29T07:01:42.533586,Wallensteinplatz,27,346620
2026-06-29T07:01:42.533586,Wallensteinplatz,27,347443
2026-06-29T07:01:42.533586,Wallensteinplatz,27,347300
2026-06-29T07:01:42.533586,Wallensteinplatz,27,347275
2026-06-29T07:01:42.533586,Wallensteinplatz,27,347113
2026-06-29T07:01:42.533586,Wallensteinplatz,27,347067
2026-06-29T07:01:42.533586,Wallensteinplatz,27,347995
2026-06-29T07:01:42.533586,Wallensteinplatz,27,347617
2026-06-29T07:01:42.533586,Wallensteinplatz,27,347568
2026-06-29T07:01:42.533586,Wallensteinplatz,27,348223
2026-06-29T07:01:42.533586,Wallensteinplatz,27,348212
2026-06-29T07:01:42.533586,Wallensteinplatz,27,348597
2026-06-29T07:01:42.533586,Wallensteinplatz,27,348593
2026-06-29T07:01:42.533586,Brünner Straße S,30,345498
2026-06-29T07:01:42.533586,Brünner Straße S,30,345492
2026-06-29T07:01:42.533586,Brünner Straße S,30,345458
2026-06-29T07:01:42.533586,Brünner Straße S,30,345903
2026-06-29T07:01:42.533586,Brünner Straße S,30,345860
2026-06-29T07:01:42.533586,Brünner Straße S,30,345854
2026-06-29T07:01:42.533586,Brünner Straße S,30,345727
2026-06-29T07:01:42.533586,Brünner Straße S,30,346464
2026-06-29T07:01:42.533586,Brünner Straße S,30,346300
2026-06-29T07:01:42.533586,Brünner Straße S,30,346051
2026-06-29T07:01:42.533586,Brünner Straße S,30,346044
2026-06-29T07:01:42.533586,Brünner Straße S,30,346852
2026-06-29T07:01:42.533586,Brünner Straße S,30,346845
2026-06-29T07:01:42.533586,Brünner Straße S,30,346767
2026-06-29T07:01:42.533586,Brünner Straße S,30,346660
2026-06-29T07:01:42.533586,Brünner Straße S,30,346618
2026-06-29T07:01:42.533586,Brünner Straße S,30,346606
2026-06-29T07:01:42.533586,Brünner Straße S,30,346552
2026-06-29T07:01:42.533586,Brünner Straße S,30,347438
2026-06-29T07:01:42.533586,Brünner Straße S,30,347163
2026-06-29T07:01:42.533586,Brünner Straße S,30,347922
2026-06-29T07:01:42.533586,Brünner Straße S,30,347534
2026-06-29T07:01:42.533586,Brünner Straße S,30,347527
2026-06-29T07:01:42.533586,Brünner Straße S,30,348471
2026-06-29T07:01:42.533586,Brünner Straße S,30,348171
2026-06-29T07:01:42.533586,Brünner Straße S,30,348122
2026-06-29T07:01:42.533586,Brünner Straße S,30,348080
2026-06-29T07:01:42.533586,Brünner Straße S,30,348571
2026-06-29T07:01:42.533586,Brünner Straße S,30,348540
2026-06-29T07:01:42.533586,Brünner Straße S,30,349192
2026-06-29T07:01:42.533586,Floridsdorf S U,13,345071
2026-06-29T07:01:42.533586,Floridsdorf S U,13,346401
2026-06-29T07:01:42.533586,Floridsdorf S U,13,346949
2026-06-29T07:01:42.533586,Floridsdorf S U,13,346652
2026-06-29T07:01:42.533586,Floridsdorf S U,13,346627
2026-06-29T07:01:42.533586,Floridsdorf S U,13,347291
2026-06-29T07:01:42.533586,Floridsdorf S U,13,347231
2026-06-29T07:01:42.533586,Floridsdorf S U,13,347015
2026-06-29T07:01:42.533586,Floridsdorf S U,13,347773
2026-06-29T07:01:42.533586,Floridsdorf S U,13,347570
2026-06-29T07:01:42.533586,Floridsdorf S U,13,348387
2026-06-29T07:01:42.533586,Floridsdorf S U,13,348694
2026-06-29T07:01:42.533586,Floridsdorf S U,13,348642
2026-06-29T07:01:42.533586,Großfeldsiedlung U,2,346298
2026-06-29T07:01:42.533586,Großfeldsiedlung U,2,347451
2026-06-29T07:01:42.533586,Siemensstraße S,12,345555
2026-06-29T07:01:42.533586,Siemensstraße S,12,346984
2026-06-29T07:01:42.533586,Siemensstraße S,12,347129
2026-06-29T07:01:42.533586,Siemensstraße S,12,347650
2026-06-29T07:01:42.533586,Siemensstraße S,12,347605
2026-06-29T07:01:42.533586,Siemensstraße S,12,348336
2026-06-29T07:01:42.533586,Siemensstraße S,12,348035
2026-06-29T07:01:42.533586,Siemensstraße S,12,348004
2026-06-29T07:01:42.533586,Siemensstraße S,12,348666
2026-06-29T07:01:42.533586,Siemensstraße S,12,348546
2026-06-29T07:01:42.533586,Siemensstraße S,12,398733
2026-06-29T07:01:42.533586,Siemensstraße S,12,349169
2026-06-29T07:01:42.533586,Aspernstraße U,13,345132
2026-06-29T07:01:42.533586,Aspernstraße U,13,345631
2026-06-29T07:01:42.533586,Aspernstraße U,13,346127
2026-06-29T07:01:42.533586,Aspernstraße U,13,346920
2026-06-29T07:01:42.533586,Aspernstraße U,13,347439
2026-06-29T07:01:42.533586,Aspernstraße U,13,347434
2026-06-29T07:01:42.533586,Aspernstraße U,13,347060
2026-06-29T07:01:42.533586,Aspernstraße U,13,347846
2026-06-29T07:01:42.533586,Aspernstraße U,13,347842
2026-06-29T07:01:42.533586,Aspernstraße U,13,347822
2026-06-29T07:01:42.533586,Aspernstraße U,13,347791
2026-06-29T07:01:42.533586,Aspernstraße U,13,347786
2026-06-29T07:01:42.533586,Aspernstraße U,13,398852
2026-06-29T07:01:42.533586,Donauspital U,19,345302
2026-06-29T07:01:42.533586,Donauspital U,19,345278
2026-06-29T07:01:42.533586,Donauspital U,19,345141
2026-06-29T07:01:42.533586,Donauspital U,19,345026
2026-06-29T07:01:42.533586,Donauspital U,19,345808
2026-06-29T07:01:42.533586,Donauspital U,19,345712
2026-06-29T07:01:42.533586,Donauspital U,19,345611
2026-06-29T07:01:42.533586,Donauspital U,19,345604
2026-06-29T07:01:42.533586,Donauspital U,19,346335
2026-06-29T07:01:42.533586,Donauspital U,19,346137
2026-06-29T07:01:42.533586,Donauspital U,19,346827
2026-06-29T07:01:42.533586,Donauspital U,19,346633
2026-06-29T07:01:42.533586,Donauspital U,19,347319
2026-06-29T07:01:42.533586,Donauspital U,19,347044
2026-06-29T07:01:42.533586,Donauspital U,19,347961
2026-06-29T07:01:42.533586,Donauspital U,19,347689
2026-06-29T07:01:42.533586,Donauspital U,19,348108
2026-06-29T07:01:42.533586,Donauspital U,19,348026
2026-06-29T07:01:42.533586,Donauspital U,19,348662
2026-06-29T07:01:42.533586,Erzherzog-Karl-Straße S,15,345443
2026-06-29T07:01:42.533586,Erzherzog-Karl-Straße S,15,345207
2026-06-29T07:01:42.533586,Erzherzog-Karl-Straße S,15,345947
2026-06-29T07:01:42.533586,Erzherzog-Karl-Straße S,15,345937
2026-06-29T07:01:42.533586,Erzherzog-Karl-Straße S,15,345741
2026-06-29T07:01:42.533586,Erzherzog-Karl-Straße S,15,346135
2026-06-29T07:01:42.533586,Erzherzog-Karl-Straße S,15,346994
2026-06-29T07:01:42.533586,Erzherzog-Karl-Straße S,15,346835
2026-06-29T07:01:42.533586,Erzherzog-Karl-Straße S,15,346509
2026-06-29T07:01:42.533586,Erzherzog-Karl-Straße S,15,347748
2026-06-29T07:01:42.533586,Erzherzog-Karl-Straße S,15,348382
2026-06-29T07:01:42.533586,Erzherzog-Karl-Straße S,15,348266
2026-06-29T07:01:42.533586,Erzherzog-Karl-Straße S,15,348128
2026-06-29T07:01:42.533586,Erzherzog-Karl-Straße S,15,348059
2026-06-29T07:01:42.533586,Erzherzog-Karl-Straße S,15,348921
2026-06-29T07:01:42.533586,Hausfeldstraße S U,24,345252
2026-06-29T07:01:42.533586,Hausfeldstraße S U,24,345051
2026-06-29T07:01:42.533586,Hausfeldstraße S U,24,345812
2026-06-29T07:01:42.533586,Hausfeldstraße S U,24,345737
2026-06-29T07:01:42.533586,Hausfeldstraße S U,24,345676
2026-06-29T07:01:42.533586,Hausfeldstraße S U,24,345605
2026-06-29T07:01:42.533586,Hausfeldstraße S U,24,345542
2026-06-29T07:01:42.533586,Hausfeldstraße S U,24,346123
2026-06-29T07:01:42.533586,Hausfeldstraße S U,24,346726
2026-06-29T07:01:42.533586,Hausfeldstraße S U,24,346638
2026-06-29T07:01:42.533586,Hausfeldstraße S U,24,346527
2026-06-29T07:01:42.533586,Hausfeldstraße S U,24,347353
2026-06-29T07:01:42.533586,Hausfeldstraße S U,24,347341
2026-06-29T07:01:42.533586,Hausfeldstraße S U,24,347232
2026-06-29T07:01:42.533586,Hausfeldstraße S U,24,347157
2026-06-29T07:01:42.533586,Hausfeldstraße S U,24,347661
2026-06-29T07:01:42.533586,Hausfeldstraße S U,24,347600
2026-06-29T07:01:42.533586,Hausfeldstraße S U,24,347512
2026-06-29T07:01:42.533586,Hausfeldstraße S U,24,348320
2026-06-29T07:01:42.533586,Hausfeldstraße S U,24,348268
2026-06-29T07:01:42.533586,Hausfeldstraße S U,24,348101
2026-06-29T07:01:42.533586,Hausfeldstraße S U,24,348658
2026-06-29T07:01:42.533586,Hausfeldstraße S U,24,398833
2026-06-29T07:01:42.533586,Hausfeldstraße S U,24,398736
2026-06-29T07:01:42.533586,Kagran U,8,346338
2026-06-29T07:01:42.533586,Kagran U,8,346769
2026-06-29T07:01:42.533586,Kagran U,8,347381
2026-06-29T07:01:42.533586,Kagran U,8,347927
2026-06-29T07:01:42.533586,Kagran U,8,347910
2026-06-29T07:01:42.533586,Kagran U,8,348653
2026-06-29T07:01:42.533586,Kagran U,8,348649
2026-06-29T07:01:42.533586,Kagran U,8,348812
2026-06-29T07:01:42.533586,Maria-Tusch-Straße,25,345468
2026-06-29T07:01:42.533586,Maria-Tusch-Straße,25,345346
2026-06-29T07:01:42.533586,Maria-Tusch-Straße,25,345785
2026-06-29T07:01:42.533586,Maria-Tusch-Straße,25,345730
2026-06-29T07:01:42.533586,Maria-Tusch-Straße,25,345728
2026-06-29T07:01:42.533586,Maria-Tusch-Straße,25,345552
2026-06-29T07:01:42.533586,Maria-Tusch-Straße,25,346416
2026-06-29T07:01:42.533586,Maria-Tusch-Straße,25,346372
2026-06-29T07:01:42.533586,Maria-Tusch-Straße,25,346208
2026-06-29T07:01:42.533586,Maria-Tusch-Straße,25,346143
2026-06-29T07:01:42.533586,Maria-Tusch-Straße,25,346019
2026-06-29T07:01:42.533586,Maria-Tusch-Straße,25,346913
2026-06-29T07:01:42.533586,Maria-Tusch-Straße,25,346663
2026-06-29T07:01:42.533586,Maria-Tusch-Straße,25,347474
2026-06-29T07:01:42.533586,Maria-Tusch-Straße,25,347467
2026-06-29T07:01:42.533586,Maria-Tusch-Straße,25,347449
2026-06-29T07:01:42.533586,Maria-Tusch-Straße,25,347345
2026-06-29T07:01:42.533586,Maria-Tusch-Straße,25,347155
2026-06-29T07:01:42.533586,Maria-Tusch-Straße,25,347101
2026-06-29T07:01:42.533586,Maria-Tusch-Straße,25,347083
2026-06-29T07:01:42.533586,Maria-Tusch-Straße,25,347550
2026-06-29T07:01:42.533586,Maria-Tusch-Straße,25,348462
2026-06-29T07:01:42.533586,Maria-Tusch-Straße,25,348416
2026-06-29T07:01:42.533586,Maria-Tusch-Straße,25,348133
2026-06-29T07:01:42.533586,Maria-Tusch-Straße,25,398855
2026-06-29T07:01:42.533586,Rennbahnweg U,28,345470
2026-06-29T07:01:42.533586,Rennbahnweg U,28,345313
2026-06-29T07:01:42.533586,Rennbahnweg U,28,345128
2026-06-29T07:01:42.533586,Rennbahnweg U,28,345610
2026-06-29T07:01:42.533586,Rennbahnweg U,28,345573
2026-06-29T07:01:42.533586,Rennbahnweg U,28,345514
2026-06-29T07:01:42.533586,Rennbahnweg U,28,346985
2026-06-29T07:01:42.533586,Rennbahnweg U,28,346760
2026-06-29T07:01:42.533586,Rennbahnweg U,28,346648
2026-06-29T07:01:42.533586,Rennbahnweg U,28,346642
2026-06-29T07:01:42.533586,Rennbahnweg U,28,346501
2026-06-29T07:01:42.533586,Rennbahnweg U,28,347401
2026-06-29T07:01:42.533586,Rennbahnweg U,28,347364
2026-06-29T07:01:42.533586,Rennbahnweg U,28,347158
2026-06-29T07:01:42.533586,Rennbahnweg U,28,347133
2026-06-29T07:01:42.533586,Rennbahnweg U,28,347041
2026-06-29T07:01:42.533586,Rennbahnweg U,28,347918
2026-06-29T07:01:42.533586,Rennbahnweg U,28,347819
2026-06-29T07:01:42.533586,Rennbahnweg U,28,347790
2026-06-29T07:01:42.533586,Rennbahnweg U,28,347595
2026-06-29T07:01:42.533586,Rennbahnweg U,28,348346
2026-06-29T07:01:42.533586,Rennbahnweg U,28,348303
2026-06-29T07:01:42.533586,Rennbahnweg U,28,348194
2026-06-29T07:01:42.533586,Rennbahnweg U,28,348032
2026-06-29T07:01:42.533586,Rennbahnweg U,28,348643
2026-06-29T07:01:42.533586,Rennbahnweg U,28,398766
2026-06-29T07:01:42.533586,Rennbahnweg U,28,349111
2026-06-29T07:01:42.533586,Rennbahnweg U,28,348977
2026-06-29T07:01:42.533586,Schüttauplatz,5,345438
2026-06-29T07:01:42.533586,Schüttauplatz,5,345353
2026-06-29T07:01:42.533586,Schüttauplatz,5,345833
2026-06-29T07:01:42.533586,Schüttauplatz,5,346789
2026-06-29T07:01:42.533586,Schüttauplatz,5,346530
2026-06-29T07:01:42.533586,Stadlau S U,19,345238
2026-06-29T07:01:42.533586,Stadlau S U,19,345144
2026-06-29T07:01:42.533586,Stadlau S U,19,345047
2026-06-29T07:01:42.533586,Stadlau S U,19,345826
2026-06-29T07:01:42.533586,Stadlau S U,19,345716
2026-06-29T07:01:42.533586,Stadlau S U,19,346249
2026-06-29T07:01:42.533586,Stadlau S U,19,346933
2026-06-29T07:01:42.533586,Stadlau S U,19,346703
2026-06-29T07:01:42.533586,Stadlau S U,19,346651
2026-06-29T07:01:42.533586,Stadlau S U,19,346632
2026-06-29T07:01:42.533586,Stadlau S U,19,346522
2026-06-29T07:01:42.533586,Stadlau S U,19,347462
2026-06-29T07:01:42.533586,Stadlau S U,19,347303
2026-06-29T07:01:42.533586,Stadlau S U,19,347292
2026-06-29T07:01:42.533586,Stadlau S U,19,347072
2026-06-29T07:01:42.533586,Stadlau S U,19,347990
2026-06-29T07:01:42.533586,Stadlau S U,19,347779
2026-06-29T07:01:42.533586,Stadlau S U,19,348328
2026-06-29T07:01:42.533586,Stadlau S U,19,348689
2026-06-29T07:01:42.533586,Kaisermühlen-VIC U,19,345989
2026-06-29T07:01:42.533586,Kaisermühlen-VIC U,19,345845
2026-06-29T07:01:42.533586,Kaisermühlen-VIC U,19,346454
2026-06-29T07:01:42.533586,Kaisermühlen-VIC U,19,346041
2026-06-29T07:01:42.533586,Kaisermühlen-VIC U,19,346024
2026-06-29T07:01:42.533586,Kaisermühlen-VIC U,19,346646
2026-06-29T07:01:42.533586,Kaisermühlen-VIC U,19,346567
2026-06-29T07:01:42.533586,Kaisermühlen-VIC U,19,347327
2026-06-29T07:01:42.533586,Kaisermühlen-VIC U,19,347024
2026-06-29T07:01:42.533586,Kaisermühlen-VIC U,19,347670
2026-06-29T07:01:42.533586,Kaisermühlen-VIC U,19,347651
2026-06-29T07:01:42.533586,Kaisermühlen-VIC U,19,348355
2026-06-29T07:01:42.533586,Kaisermühlen-VIC U,19,348337
2026-06-29T07:01:42.533586,Kaisermühlen-VIC U,19,348279
2026-06-29T07:01:42.533586,Kaisermühlen-VIC U,19,348055
2026-06-29T07:01:42.533586,Kaisermühlen-VIC U,19,348053
2026-06-29T07:01:42.533586,Kaisermühlen-VIC U,19,348052
2026-06-29T07:01:42.533586,Kaisermühlen-VIC U,19,348031
2026-06-29T07:01:42.533586,Kaisermühlen-VIC U,19,348830
2026-06-29T07:01:42.533586,Kagraner Platz U,30,345494
2026-06-29T07:01:42.533586,Kagraner Platz U,30,345296
2026-06-29T07:01:42.533586,Kagraner Platz U,30,345143
2026-06-29T07:01:42.533586,Kagraner Platz U,30,345832
2026-06-29T07:01:42.533586,Kagraner Platz U,30,345818
2026-06-29T07:01:42.533586,Kagraner Platz U,30,345720
2026-06-29T07:01:42.533586,Kagraner Platz U,30,346352
2026-06-29T07:01:42.533586,Kagraner Platz U,30,346316
2026-06-29T07:01:42.533586,Kagraner Platz U,30,346947
2026-06-29T07:01:42.533586,Kagraner Platz U,30,346905
2026-06-29T07:01:42.533586,Kagraner Platz U,30,346653
2026-06-29T07:01:42.533586,Kagraner Platz U,30,346649
2026-06-29T07:01:42.533586,Kagraner Platz U,30,346609
2026-06-29T07:01:42.533586,Kagraner Platz U,30,347471
2026-06-29T07:01:42.533586,Kagraner Platz U,30,347429
2026-06-29T07:01:42.533586,Kagraner Platz U,30,347226
2026-06-29T07:01:42.533586,Kagraner Platz U,30,347185
2026-06-29T07:01:42.533586,Kagraner Platz U,30,347136
2026-06-29T07:01:42.533586,Kagraner Platz U,30,347014
2026-06-29T07:01:42.533586,Kagraner Platz U,30,347845
2026-06-29T07:01:42.533586,Kagraner Platz U,30,347783
2026-06-29T07:01:42.533586,Kagraner Platz U,30,347691
2026-06-29T07:01:42.533586,Kagraner Platz U,30,348423
2026-06-29T07:01:42.533586,Kagraner Platz U,30,348334
2026-06-29T07:01:42.533586,Kagraner Platz U,30,348283
2026-06-29T07:01:42.533586,Kagraner Platz U,30,348094
2026-06-29T07:01:42.533586,Kagraner Platz U,30,348001
2026-06-29T07:01:42.533586,Kagraner Platz U,30,348690
2026-06-29T07:01:42.533586,Kagraner Platz U,30,348682
2026-06-29T07:01:42.533586,Kagraner Platz U,30,398732
2026-06-29T07:01:42.533586,Alterlaa U,8,345123
2026-06-29T07:01:42.533586,Alterlaa U,8,345691
2026-06-29T07:01:42.533586,Alterlaa U,8,345546
2026-06-29T07:01:42.533586,Alterlaa U,8,347416
2026-06-29T07:01:42.533586,Alterlaa U,8,347177
2026-06-29T07:01:42.533586,Alterlaa U,8,347925
2026-06-29T07:01:42.533586,Alterlaa U,8,348311
2026-06-29T07:01:42.533586,Alterlaa U,8,348252
2026-06-29T07:01:42.533586,Bacherplatz,14,345270
2026-06-29T07:01:42.533586,Bacherplatz,14,345221
2026-06-29T07:01:42.533586,Bacherplatz,14,345135
2026-06-29T07:01:42.533586,Bacherplatz,14,345038
2026-06-29T07:01:42.533586,Bacherplatz,14,345834
2026-06-29T07:01:42.533586,Bacherplatz,14,345710
2026-06-29T07:01:42.533586,Bacherplatz,14,346450
2026-06-29T07:01:42.533586,Bacherplatz,14,346785
2026-06-29T07:01:42.533586,Bacherplatz,14,347009
2026-06-29T07:01:42.533586,Bacherplatz,14,347625
2026-06-29T07:01:42.533586,Bacherplatz,14,348403
2026-06-29T07:01:42.533586,Bacherplatz,14,348379
2026-06-29T07:01:42.533586,Bacherplatz,14,348265
2026-06-29T07:01:42.533586,Bacherplatz,14,398771
2026-06-29T07:01:42.533586,Carl-Appel-Straße,15,345157
2026-06-29T07:01:42.533586,Carl-Appel-Straße,15,346380
2026-06-29T07:01:42.533586,Carl-Appel-Straße,15,346173
2026-06-29T07:01:42.533586,Carl-Appel-Straße,15,346138
2026-06-29T07:01:42.533586,Carl-Appel-Straße,15,346003
2026-06-29T07:01:42.533586,Carl-Appel-Straße,15,347436
2026-06-29T07:01:42.533586,Carl-Appel-Straße,15,347258
2026-06-29T07:01:42.533586,Carl-Appel-Straße,15,347191
2026-06-29T07:01:42.533586,Carl-Appel-Straße,15,347956
2026-06-29T07:01:42.533586,Carl-Appel-Straße,15,347900
2026-06-29T07:01:42.533586,Carl-Appel-Straße,15,347775
2026-06-29T07:01:42.533586,Carl-Appel-Straße,15,348400
2026-06-29T07:01:42.533586,Carl-Appel-Straße,15,348172
2026-06-29T07:01:42.533586,Carl-Appel-Straße,15,348038
2026-06-29T07:01:42.533586,Carl-Appel-Straße,15,348989
2026-06-29T07:01:42.533586,Otto-Probst-Platz,4,345272
2026-06-29T07:01:42.533586,Otto-Probst-Platz,4,346914
2026-06-29T07:01:42.533586,Otto-Probst-Platz,4,348908
2026-06-29T07:01:42.533586,Otto-Probst-Platz,4,348804
2026-06-29T07:01:42.533586,Alaudagasse U,1,345618
2026-06-29T07:01:42.533586,Svetelskystraße,6,345643
2026-06-29T07:01:42.533586,Svetelskystraße,6,346280
2026-06-29T07:01:42.533586,Svetelskystraße,6,346275
2026-06-29T07:01:42.533586,Svetelskystraße,6,347095
2026-06-29T07:01:42.533586,Svetelskystraße,6,347856
2026-06-29T07:01:42.533586,Svetelskystraße,6,348163
2026-06-29T07:01:42.533586,Weißenböckstraße,13,346337
2026-06-29T07:01:42.533586,Weißenböckstraße,13,346274
2026-06-29T07:01:42.533586,Weißenböckstraße,13,346192
2026-06-29T07:01:42.533586,Weißenböckstraße,13,346804
2026-06-29T07:01:42.533586,Weißenböckstraße,13,346700
2026-06-29T07:01:42.533586,Weißenböckstraße,13,346615
2026-06-29T07:01:42.533586,Weißenböckstraße,13,347011
2026-06-29T07:01:42.533586,Weißenböckstraße,13,347631
2026-06-29T07:01:42.533586,Weißenböckstraße,13,347547
2026-06-29T07:01:42.533586,Weißenböckstraße,13,348496
2026-06-29T07:01:42.533586,Weißenböckstraße,13,348213
2026-06-29T07:01:42.533586,Weißenböckstraße,13,348167
2026-06-29T07:01:42.533586,Weißenböckstraße,13,348709
2026-06-29T07:01:42.533586,Zentralfriedhof 2. Tor,10,345427
2026-06-29T07:01:42.533586,Zentralfriedhof 2. Tor,10,345698
2026-06-29T07:01:42.533586,Zentralfriedhof 2. Tor,10,345507
2026-06-29T07:01:42.533586,Zentralfriedhof 2. Tor,10,346907
2026-06-29T07:01:42.533586,Zentralfriedhof 2. Tor,10,346799
2026-06-29T07:01:42.533586,Zentralfriedhof 2. Tor,10,347336
2026-06-29T07:01:42.533586,Zentralfriedhof 2. Tor,10,347006
2026-06-29T07:01:42.533586,Zentralfriedhof 2. Tor,10,347957
2026-06-29T07:01:42.533586,Zentralfriedhof 2. Tor,10,347566
2026-06-29T07:01:42.533586,Zentralfriedhof 2. Tor,10,348979
2026-06-29T07:01:42.533586,Simoningplatz,21,345462
2026-06-29T07:01:42.533586,Simoningplatz,21,345446
2026-06-29T07:01:42.533586,Simoningplatz,21,345434
2026-06-29T07:01:42.533586,Simoningplatz,21,345349
2026-06-29T07:01:42.533586,Simoningplatz,21,345256
2026-06-29T07:01:42.533586,Simoningplatz,21,345188
2026-06-29T07:01:42.533586,Simoningplatz,21,345918
2026-06-29T07:01:42.533586,Simoningplatz,21,346496
2026-06-29T07:01:42.533586,Simoningplatz,21,346322
2026-06-29T07:01:42.533586,Simoningplatz,21,346231
2026-06-29T07:01:42.533586,Simoningplatz,21,346069
2026-06-29T07:01:42.533586,Simoningplatz,21,346961
2026-06-29T07:01:42.533586,Simoningplatz,21,346777
2026-06-29T07:01:42.533586,Simoningplatz,21,346748
2026-06-29T07:01:42.533586,Simoningplatz,21,347193
2026-06-29T07:01:42.533586,Simoningplatz,21,347180
2026-06-29T07:01:42.533586,Simoningplatz,21,348203
2026-06-29T07:01:42.533586,Simoningplatz,21,398824
2026-06-29T07:01:42.533586,Simoningplatz,21,398810
2026-06-29T07:01:42.533586,Simoningplatz,21,398763
2026-06-29T07:01:42.533586,Simoningplatz,21,398865
2026-06-29T07:01:42.533586,Etrichstraße,4,346210
2026-06-29T07:01:42.533586,Etrichstraße,4,346784
2026-06-29T07:01:42.533586,Etrichstraße,4,347943
2026-06-29T07:01:42.533586,Etrichstraße,4,348276
2026-06-29T07:01:42.533586,Zippererstraße U,19,345387
2026-06-29T07:01:42.533586,Zippererstraße U,19,345911
2026-06-29T07:01:42.533586,Zippererstraße U,19,345827
2026-06-29T07:01:42.533586,Zippererstraße U,19,345655
2026-06-29T07:01:42.533586,Zippererstraße U,19,346426
2026-06-29T07:01:42.533586,Zippererstraße U,19,346283
2026-06-29T07:01:42.533586,Zippererstraße U,19,346078
2026-06-29T07:01:42.533586,Zippererstraße U,19,346520
2026-06-29T07:01:42.533586,Zippererstraße U,19,347393
2026-06-29T07:01:42.533586,Zippererstraße U,19,347375
2026-06-29T07:01:42.533586,Zippererstraße U,19,347337
2026-06-29T07:01:42.533586,Zippererstraße U,19,347211
2026-06-29T07:01:42.533586,Zippererstraße U,19,347762
2026-06-29T07:01:42.533586,Zippererstraße U,19,347753
2026-06-29T07:01:42.533586,Zippererstraße U,19,347709
2026-06-29T07:01:42.533586,Zippererstraße U,19,348473
2026-06-29T07:01:42.533586,Zippererstraße U,19,348454
2026-06-29T07:01:42.533586,Zippererstraße U,19,348185
2026-06-29T07:01:42.533586,Zippererstraße U,19,348645
2026-06-29T07:01:42.533586,Hetzendorf S / Altmannsdorfer Straße,7,345063
2026-06-29T07:01:42.533586,Hetzendorf S / Altmannsdorfer Straße,7,345019
2026-06-29T07:01:42.533586,Hetzendorf S / Altmannsdorfer Straße,7,345578
2026-06-29T07:01:42.533586,Hetzendorf S / Altmannsdorfer Straße,7,347465
2026-06-29T07:01:42.533586,Hetzendorf S / Altmannsdorfer Straße,7,347159
2026-06-29T07:01:42.533586,Hetzendorf S / Altmannsdorfer Straße,7,347805
2026-06-29T07:01:42.533586,Hetzendorf S / Altmannsdorfer Straße,7,348018
2026-06-29T07:01:42.533586,Gatterhölzl,15,345003
2026-06-29T07:01:42.533586,Gatterhölzl,15,345667
2026-06-29T07:01:42.533586,Gatterhölzl,15,345658
2026-06-29T07:01:42.533586,Gatterhölzl,15,345511
2026-06-29T07:01:42.533586,Gatterhölzl,15,346945
2026-06-29T07:01:42.533586,Gatterhölzl,15,346806
2026-06-29T07:01:42.533586,Gatterhölzl,15,347367
2026-06-29T07:01:42.533586,Gatterhölzl,15,347658
2026-06-29T07:01:42.533586,Gatterhölzl,15,348110
2026-06-29T07:01:42.533586,Gatterhölzl,15,398752
2026-06-29T07:01:42.533586,Gatterhölzl,15,349029
2026-06-29T07:01:42.533586,Gatterhölzl,15,349017
2026-06-29T07:01:42.533586,Gatterhölzl,15,348887
2026-06-29T07:01:42.533586,Gatterhölzl,15,348878
2026-06-29T07:01:42.533586,Gatterhölzl,15,348872
2026-06-29T07:01:42.533586,Speising S,6,345450
2026-06-29T07:01:42.533586,Speising S,6,345336
2026-06-29T07:01:42.533586,Speising S,6,345931
2026-06-29T07:01:42.533586,Speising S,6,346303
2026-06-29T07:01:42.533586,Speising S,6,347306
2026-06-29T07:01:42.533586,Speising S,6,398828
2026-06-29T07:01:42.533586,Hasnerstraße / Hofferplatz,11,345483
2026-06-29T07:01:42.533586,Hasnerstraße / Hofferplatz,11,345467
2026-06-29T07:01:42.533586,Hasnerstraße / Hofferplatz,11,345763
2026-06-29T07:01:42.533586,Hasnerstraße / Hofferplatz,11,345760
2026-06-29T07:01:42.533586,Hasnerstraße / Hofferplatz,11,345609
2026-06-29T07:01:42.533586,Hasnerstraße / Hofferplatz,11,345586
2026-06-29T07:01:42.533586,Hasnerstraße / Hofferplatz,11,346318
2026-06-29T07:01:42.533586,Hasnerstraße / Hofferplatz,11,346184
2026-06-29T07:01:42.533586,Hasnerstraße / Hofferplatz,11,346919
2026-06-29T07:01:42.533586,Hasnerstraße / Hofferplatz,11,347601
2026-06-29T07:01:42.533586,Hasnerstraße / Hofferplatz,11,347540
2026-06-29T07:01:42.533586,Nietzscheplatz,2,347504
2026-06-29T07:01:42.533586,Nietzscheplatz,2,348592
2026-06-29T07:01:42.533586,Wattgasse,15,345306
2026-06-29T07:01:42.533586,Wattgasse,15,345239
2026-06-29T07:01:42.533586,Wattgasse,15,345201
2026-06-29T07:01:42.533586,Wattgasse,15,346481
2026-06-29T07:01:42.533586,Wattgasse,15,346239
2026-06-29T07:01:42.533586,Wattgasse,15,346203
2026-06-29T07:01:42.533586,Wattgasse,15,346108
2026-06-29T07:01:42.533586,Wattgasse,15,346006
2026-06-29T07:01:42.533586,Wattgasse,15,346741
2026-06-29T07:01:42.533586,Wattgasse,15,346538
2026-06-29T07:01:42.533586,Wattgasse,15,347181
2026-06-29T07:01:42.533586,Wattgasse,15,347985
2026-06-29T07:01:42.533586,Wattgasse,15,348461
2026-06-29T07:01:42.533586,Wattgasse,15,348411
2026-06-29T07:01:42.533586,Wattgasse,15,348176
2026-06-29T07:01:42.533586,Grinzing,1,349146
2026-06-29T07:01:42.533586,Oberdöbling S,16,346431
2026-06-29T07:01:42.533586,Oberdöbling S,16,346258
2026-06-29T07:01:42.533586,Oberdöbling S,16,346162
2026-06-29T07:01:42.533586,Oberdöbling S,16,346610
2026-06-29T07:01:42.533586,Oberdöbling S,16,346581
2026-06-29T07:01:42.533586,Oberdöbling S,16,346580
2026-06-29T07:01:42.533586,Oberdöbling S,16,346528
2026-06-29T07:01:42.533586,Oberdöbling S,16,346511
2026-06-29T07:01:42.533586,Oberdöbling S,16,347457
2026-06-29T07:01:42.533586,Oberdöbling S,16,347361
2026-06-29T07:01:42.533586,Oberdöbling S,16,347111
2026-06-29T07:01:42.533586,Oberdöbling S,16,348333
2026-06-29T07:01:42.533586,Oberdöbling S,16,348226
2026-06-29T07:01:42.533586,Oberdöbling S,16,348677
2026-06-29T07:01:42.533586,Oberdöbling S,16,398728
2026-06-29T07:01:42.533586,Oberdöbling S,16,348985
2026-06-29T07:01:42.533586,Kantnergasse,15,345456
2026-06-29T07:01:42.533586,Kantnergasse,15,345452
2026-06-29T07:01:42.533586,Kantnergasse,15,345010
2026-06-29T07:01:42.533586,Kantnergasse,15,345562
2026-06-29T07:01:42.533586,Kantnergasse,15,346664
2026-06-29T07:01:42.533586,Kantnergasse,15,347450
2026-06-29T07:01:42.533586,Kantnergasse,15,347419
2026-06-29T07:01:42.533586,Kantnergasse,15,347404
2026-06-29T07:01:42.533586,Kantnergasse,15,347338
2026-06-29T07:01:42.533586,Kantnergasse,15,347125
2026-06-29T07:01:42.533586,Kantnergasse,15,347091
2026-06-29T07:01:42.533586,Kantnergasse,15,347070
2026-06-29T07:01:42.533586,Kantnergasse,15,347552
2026-06-29T07:01:42.533586,Kantnergasse,15,348069
2026-06-29T07:01:42.533586,Kantnergasse,15,398830
2026-06-29T07:01:42.533586,Leopoldau S U,16,345232
2026-06-29T07:01:42.533586,Leopoldau S U,16,345888
2026-06-29T07:01:42.533586,Leopoldau S U,16,346467
2026-06-29T07:01:42.533586,Leopoldau S U,16,346361
2026-06-29T07:01:42.533586,Leopoldau S U,16,346228
2026-06-29T07:01:42.533586,Leopoldau S U,16,346165
2026-06-29T07:01:42.533586,Leopoldau S U,16,346157
2026-06-29T07:01:42.533586,Leopoldau S U,16,346087
2026-06-29T07:01:42.533586,Leopoldau S U,16,346958
2026-06-29T07:01:42.533586,Leopoldau S U,16,346556
2026-06-29T07:01:42.533586,Leopoldau S U,16,347487
2026-06-29T07:01:42.533586,Leopoldau S U,16,347154
2026-06-29T07:01:42.533586,Leopoldau S U,16,347928
2026-06-29T07:01:42.533586,Leopoldau S U,16,347811
2026-06-29T07:01:42.533586,Leopoldau S U,16,348310
2026-06-29T07:01:42.533586,Leopoldau S U,16,348205
2026-06-29T07:01:42.533586,Josef-Baumann-Gasse,13,345007
2026-06-29T07:01:42.533586,Josef-Baumann-Gasse,13,345006
2026-06-29T07:01:42.533586,Josef-Baumann-Gasse,13,345958
2026-06-29T07:01:42.533586,Josef-Baumann-Gasse,13,345884
2026-06-29T07:01:42.533586,Josef-Baumann-Gasse,13,345714
2026-06-29T07:01:42.533586,Josef-Baumann-Gasse,13,346105
2026-06-29T07:01:42.533586,Josef-Baumann-Gasse,13,346042
2026-06-29T07:01:42.533586,Josef-Baumann-Gasse,13,346600
2026-06-29T07:01:42.533586,Josef-Baumann-Gasse,13,346506
2026-06-29T07:01:42.533586,Josef-Baumann-Gasse,13,347440
2026-06-29T07:01:42.533586,Josef-Baumann-Gasse,13,347813
2026-06-29T07:01:42.533586,Josef-Baumann-Gasse,13,347501
2026-06-29T07:01:42.533586,Josef-Baumann-Gasse,13,348543
2026-06-29T07:01:42.533586,Fultonstraße,5,345736
2026-06-29T07:01:42.533586,Fultonstraße,5,347876
2026-06-29T07:01:42.533586,Fultonstraße,5,348197
2026-06-29T07:01:42.533586,Fultonstraße,5,348184
2026-06-29T07:01:42.533586,Fultonstraße,5,348554
2026-06-29T07:01:42.533586,Hopfengasse,30,345271
2026-06-29T07:01:42.533586,Hopfengasse,30,345159
2026-06-29T07:01:42.533586,Hopfengasse,30,345988
2026-06-29T07:01:42.533586,Hopfengasse,30,345934
2026-06-29T07:01:42.533586,Hopfengasse,30,345680
2026-06-29T07:01:42.533586,Hopfengasse,30,346402
2026-06-29T07:01:42.533586,Hopfengasse,30,346319
2026-06-29T07:01:42.533586,Hopfengasse,30,346288
2026-06-29T07:01:42.533586,Hopfengasse,30,346775
2026-06-29T07:01:42.533586,Hopfengasse,30,346557
2026-06-29T07:01:42.533586,Hopfengasse,30,347347
2026-06-29T07:01:42.533586,Hopfengasse,30,347227
2026-06-29T07:01:42.533586,Hopfengasse,30,347206
2026-06-29T07:01:42.533586,Hopfengasse,30,347109
2026-06-29T07:01:42.533586,Hopfengasse,30,347903
2026-06-29T07:01:42.533586,Hopfengasse,30,347844
2026-06-29T07:01:42.533586,Hopfengasse,30,347578
2026-06-29T07:01:42.533586,Hopfengasse,30,347562
2026-06-29T07:01:42.533586,Hopfengasse,30,347531
2026-06-29T07:01:42.533586,Hopfengasse,30,348480
2026-06-29T07:01:42.533586,Hopfengasse,30,348469
2026-06-29T07:01:42.533586,Hopfengasse,30,348099
2026-06-29T07:01:42.533586,Hopfengasse,30,348661
2026-06-29T07:01:42.533586,Hopfengasse,30,348628
2026-06-29T07:01:42.533586,Hopfengasse,30,348625
2026-06-29T07:01:42.533586,Hopfengasse,30,348599
2026-06-29T07:01:42.533586,Hopfengasse,30,348561
2026-06-29T07:01:42.533586,Hopfengasse,30,398856
2026-06-29T07:01:42.533586,Hopfengasse,30,398812
2026-06-29T07:01:42.533586,Hopfengasse,30,348933
2026-06-29T07:01:42.533586,Jedlesee / Bellgasse,5,345011
2026-06-29T07:01:42.533586,Jedlesee / Bellgasse,5,348357
2026-06-29T07:01:42.533586,Jedlesee / Bellgasse,5,348254
2026-06-29T07:01:42.533586,Jedlesee / Bellgasse,5,348074
2026-06-29T07:01:42.533586,Jedlesee / Bellgasse,5,398742
2026-06-29T07:01:42.533586,Jedleseer Friedhof,16,345333
2026-06-29T07:01:42.533586,Jedleseer Friedhof,16,346391
2026-06-29T07:01:42.533586,Jedleseer Friedhof,16,346357
2026-06-29T07:01:42.533586,Jedleseer Friedhof,16,346863
2026-06-29T07:01:42.533586,Jedleseer Friedhof,16,347437
2026-06-29T07:01:42.533586,Jedleseer Friedhof,16,347018
2026-06-29T07:01:42.533586,Jedleseer Friedhof,16,347861
2026-06-29T07:01:42.533586,Jedleseer Friedhof,16,347572
2026-06-29T07:01:42.533586,Jedleseer Friedhof,16,348435
2026-06-29T07:01:42.533586,Jedleseer Friedhof,16,348391
2026-06-29T07:01:42.533586,Jedleseer Friedhof,16,348168
2026-06-29T07:01:42.533586,Jedleseer Friedhof,16,348675
2026-06-29T07:01:42.533586,Jedleseer Friedhof,16,348660
2026-06-29T07:01:42.533586,Jedleseer Friedhof,16,348600
2026-06-29T07:01:42.533586,Jedleseer Friedhof,16,398839
2026-06-29T07:01:42.533586,Jedleseer Friedhof,16,398725
2026-06-29T07:01:42.533586,Strebersdorf / Meriangasse,8,345015
2026-06-29T07:01:42.533586,Strebersdorf / Meriangasse,8,347257
2026-06-29T07:01:42.533586,Strebersdorf / Meriangasse,8,347005
2026-06-29T07:01:42.533586,Strebersdorf / Meriangasse,8,347879
2026-06-29T07:01:42.533586,Strebersdorf / Meriangasse,8,348498
2026-06-29T07:01:42.533586,Strebersdorf / Meriangasse,8,348479
2026-06-29T07:01:42.533586,Strebersdorf / Meriangasse,8,348237
2026-06-29T07:01:42.533586,Strebersdorf / Meriangasse,8,398835
2026-06-29T07:01:42.533586,Kagraner Anger,20,345388
2026-06-29T07:01:42.533586,Kagraner Anger,20,345980
2026-06-29T07:01:42.533586,Kagraner Anger,20,345640
2026-06-29T07:01:42.533586,Kagraner Anger,20,345506
2026-06-29T07:01:42.533586,Kagraner Anger,20,346468
2026-06-29T07:01:42.533586,Kagraner Anger,20,346130
2026-06-29T07:01:42.533586,Kagraner Anger,20,346065
2026-06-29T07:01:42.533586,Kagraner Anger,20,346883
2026-06-29T07:01:42.533586,Kagraner Anger,20,346879
2026-06-29T07:01:42.533586,Kagraner Anger,20,346871
2026-06-29T07:01:42.533586,Kagraner Anger,20,346768
2026-06-29T07:01:42.533586,Kagraner Anger,20,347298
2026-06-29T07:01:42.533586,Kagraner Anger,20,347277
2026-06-29T07:01:42.533586,Kagraner Anger,20,347048
2026-06-29T07:01:42.533586,Kagraner Anger,20,347930
2026-06-29T07:01:42.533586,Kagraner Anger,20,347851
2026-06-29T07:01:42.533586,Kagraner Anger,20,347715
2026-06-29T07:01:42.533586,Kagraner Anger,20,348239
2026-06-29T07:01:42.533586,Kagraner Anger,20,348138
2026-06-29T07:01:42.533586,Kagraner Anger,20,348130
2026-06-29T07:01:42.533586,mdw Campus,7,345613
2026-06-29T07:01:42.533586,mdw Campus,7,346398
2026-06-29T07:01:42.533586,mdw Campus,7,347456
2026-06-29T07:01:42.533586,mdw Campus,7,347442
2026-06-29T07:01:42.533586,mdw Campus,7,347273
2026-06-29T07:01:42.533586,mdw Campus,7,347022
2026-06-29T07:01:42.533586,mdw Campus,7,348525
2026-06-29T07:01:42.533586,Stavangergasse,8,345862
2026-06-29T07:01:42.533586,Stavangergasse,8,346262
2026-06-29T07:01:42.533586,Stavangergasse,8,347281
2026-06-29T07:01:42.533586,Stavangergasse,8,347697
2026-06-29T07:01:42.533586,Stavangergasse,8,347666
2026-06-29T07:01:42.533586,Stavangergasse,8,348103
2026-06-29T07:01:42.533586,Stavangergasse,8,348681
2026-06-29T07:01:42.533586,Stavangergasse,8,398784
2026-06-29T07:01:42.533586,Hans-Steger-Gasse,16,345199
2026-06-29T07:01:42.533586,Hans-Steger-Gasse,16,345102
2026-06-29T07:01:42.533586,Hans-Steger-Gasse,16,345998
2026-06-29T07:01:42.533586,Hans-Steger-Gasse,16,345848
2026-06-29T07:01:42.533586,Hans-Steger-Gasse,16,345738
2026-06-29T07:01:42.533586,Hans-Steger-Gasse,16,345581
2026-06-29T07:01:42.533586,Hans-Steger-Gasse,16,346152
2026-06-29T07:01:42.533586,Hans-Steger-Gasse,16,346635
2026-06-29T07:01:42.533586,Hans-Steger-Gasse,16,347351
2026-06-29T07:01:42.533586,Hans-Steger-Gasse,16,347271
2026-06-29T07:01:42.533586,Hans-Steger-Gasse,16,347045
2026-06-29T07:01:42.533586,Hans-Steger-Gasse,16,347880
2026-06-29T07:01:42.533586,Hans-Steger-Gasse,16,347794
2026-06-29T07:01:42.533586,Hans-Steger-Gasse,16,348656
2026-06-29T07:01:42.533586,Hans-Steger-Gasse,16,398791
2026-06-29T07:01:42.533586,Hans-Steger-Gasse,16,398750
2026-06-29T07:01:42.533586,Hirschstetten S,16,345392
2026-06-29T07:01:42.533586,Hirschstetten S,16,345995
2026-06-29T07:01:42.533586,Hirschstetten S,16,345700
2026-06-29T07:01:42.533586,Hirschstetten S,16,345687
2026-06-29T07:01:42.533586,Hirschstetten S,16,346148
2026-06-29T07:01:42.533586,Hirschstetten S,16,346747
2026-06-29T07:01:42.533586,Hirschstetten S,16,346712
2026-06-29T07:01:42.533586,Hirschstetten S,16,346623
2026-06-29T07:01:42.533586,Hirschstetten S,16,346561
2026-06-29T07:01:42.533586,Hirschstetten S,16,347030
2026-06-29T07:01:42.533586,Hirschstetten S,16,347674
2026-06-29T07:01:42.533586,Hirschstetten S,16,348495
2026-06-29T07:01:42.533586,Hirschstetten S,16,348638
2026-06-29T07:01:42.533586,Hirschstetten S,16,348575
2026-06-29T07:01:42.533586,Hirschstetten S,16,348541
2026-06-29T07:01:42.533586,Hirschstetten S,16,398746
2026-06-29T07:01:42.533586,Atzgersdorf S,12,345257
2026-06-29T07:01:42.533586,Atzgersdorf S,12,345202
2026-06-29T07:01:42.533586,Atzgersdorf S,12,345137
2026-06-29T07:01:42.533586,Atzgersdorf S,12,345018
2026-06-29T07:01:42.533586,Atzgersdorf S,12,345535
2026-06-29T07:01:42.533586,Atzgersdorf S,12,346214
2026-06-29T07:01:42.533586,Atzgersdorf S,12,346750
2026-06-29T07:01:42.533586,Atzgersdorf S,12,347567
2026-06-29T07:01:42.533586,Atzgersdorf S,12,348156
2026-06-29T07:01:42.533586,Atzgersdorf S,12,398825
2026-06-29T07:01:42.533586,Atzgersdorf S,12,398793
2026-06-29T07:01:42.533586,Atzgersdorf S,12,348831
2026-06-29T07:01:42.533586,Siebenhirten U,13,345295
2026-06-29T07:01:42.533586,Siebenhirten U,13,345245
2026-06-29T07:01:42.533586,Siebenhirten U,13,345661
2026-06-29T07:01:42.533586,Siebenhirten U,13,345652
2026-06-29T07:01:42.533586,Siebenhirten U,13,346382
2026-06-29T07:01:42.533586,Siebenhirten U,13,346216
2026-06-29T07:01:42.533586,Siebenhirten U,13,346089
2026-06-29T07:01:42.533586,Siebenhirten U,13,346774
2026-06-29T07:01:42.533586,Siebenhirten U,13,346637
2026-06-29T07:01:42.533586,Siebenhirten U,13,347986
2026-06-29T07:01:42.533586,Siebenhirten U,13,347744
2026-06-29T07:01:42.533586,Siebenhirten U,13,348483
2026-06-29T07:01:42.533586,Siebenhirten U,13,348516
2026-06-29T07:01:42.533586,Erlaaer Straße U,14,345361
2026-06-29T07:01:42.533586,Erlaaer Straße U,14,345351
2026-06-29T07:01:42.533586,Erlaaer Straße U,14,346002
2026-06-29T07:01:42.533586,Erlaaer Straße U,14,346915
2026-06-29T07:01:42.533586,Erlaaer Straße U,14,346696
2026-06-29T07:01:42.533586,Erlaaer Straße U,14,346666
2026-06-29T07:01:42.533586,Erlaaer Straße U,14,346513
2026-06-29T07:01:42.533586,Erlaaer Straße U,14,347287
2026-06-29T07:01:42.533586,Erlaaer Straße U,14,347148
2026-06-29T07:01:42.533586,Erlaaer Straße U,14,347905
2026-06-29T07:01:42.533586,Erlaaer Straße U,14,347665
2026-06-29T07:01:42.533586,Erlaaer Straße U,14,347544
2026-06-29T07:01:42.533586,Erlaaer Straße U,14,348474
2026-06-29T07:01:42.533586,Erlaaer Straße U,14,398764
2026-06-29T07:01:42.533586,Perfektastraße U,9,345204
2026-06-29T07:01:42.533586,Perfektastraße U,9,345682
2026-06-29T07:01:42.533586,Perfektastraße U,9,346344
2026-06-29T07:01:42.533586,Perfektastraße U,9,346268
2026-06-29T07:01:42.533586,Perfektastraße U,9,346860
2026-06-29T07:01:42.533586,Perfektastraße U,9,347239
2026-06-29T07:01:42.533586,Perfektastraße U,9,347238
2026-06-29T07:01:42.533586,Perfektastraße U,9,348134
2026-06-29T07:01:42.533586,Perfektastraße U,9,348567
2026-06-29T07:01:42.533586,Meidling S U / Vivenotgasse,8,345725
2026-06-29T07:01:42.533586,Meidling S U / Vivenotgasse,8,346327
2026-06-29T07:01:42.533586,Meidling S U / Vivenotgasse,8,346758
2026-06-29T07:01:42.533586,Meidling S U / Vivenotgasse,8,346654
2026-06-29T07:01:42.533586,Meidling S U / Vivenotgasse,8,347103
2026-06-29T07:01:42.533586,Meidling S U / Vivenotgasse,8,347837
2026-06-29T07:01:42.533586,Meidling S U / Vivenotgasse,8,347780
2026-06-29T07:01:42.533586,Meidling S U / Vivenotgasse,8,347604
2026-06-29T07:01:42.533586,Praterstern Ausstellungsstraße,7,345284
2026-06-29T07:01:42.533586,Praterstern Ausstellungsstraße,7,345111
2026-06-29T07:01:42.533586,Praterstern Ausstellungsstraße,7,345935
2026-06-29T07:01:42.533586,Praterstern Ausstellungsstraße,7,347118
2026-06-29T07:01:42.533586,Praterstern Ausstellungsstraße,7,347025
2026-06-29T07:01:42.533586,Praterstern Ausstellungsstraße,7,348635
2026-06-29T07:01:42.533586,Praterstern Ausstellungsstraße,7,348542
2026-06-29T07:01:42.533586,Muthgasse,12,345447
2026-06-29T07:01:42.533586,Muthgasse,12,345237
2026-06-29T07:01:42.533586,Muthgasse,12,346326
2026-06-29T07:01:42.533586,Muthgasse,12,346296
2026-06-29T07:01:42.533586,Muthgasse,12,346079
2026-06-29T07:01:42.533586,Muthgasse,12,346812
2026-06-29T07:01:42.533586,Muthgasse,12,346569
2026-06-29T07:01:42.533586,Muthgasse,12,347168
2026-06-29T07:01:42.533586,Muthgasse,12,347607
2026-06-29T07:01:42.533586,Muthgasse,12,348591
2026-06-29T07:01:42.533586,Muthgasse,12,348522
2026-06-29T07:01:42.533586,Muthgasse,12,349180
2026-06-29T07:01:42.533586,Aspern Nord S U,11,345486
2026-06-29T07:01:42.533586,Aspern Nord S U,11,345837
2026-06-29T07:01:42.533586,Aspern Nord S U,11,345781
2026-06-29T07:01:42.533586,Aspern Nord S U,11,345528
2026-06-29T07:01:42.533586,Aspern Nord S U,11,346289
2026-06-29T07:01:42.533586,Aspern Nord S U,11,346655
2026-06-29T07:01:42.533586,Aspern Nord S U,11,346596
2026-06-29T07:01:42.533586,Aspern Nord S U,11,347342
2026-06-29T07:01:42.533586,Aspern Nord S U,11,347929
2026-06-29T07:01:42.533586,Aspern Nord S U,11,348470
2026-06-29T07:01:42.533586,Aspern Nord S U,11,348290
2026-06-29T07:01:42.533586,Seestadt U,4,345899
2026-06-29T07:01:42.533586,Seestadt U,4,346754
2026-06-29T07:01:42.533586,Seestadt U,4,347835
2026-06-29T07:01:42.533586,Seestadt U,4,348111
2026-06-29T07:01:42.533586,Schwedenplatz U,7,345312
2026-06-29T07:01:42.533586,Schwedenplatz U,7,346219
2026-06-29T07:01:42.533586,Schwedenplatz U,7,347217
2026-06-29T07:01:42.533586,Schwedenplatz U,7,347539
2026-06-29T07:01:42.533586,Schwedenplatz U,7,348699
2026-06-29T07:01:42.533586,Schwedenplatz U,7,348964
2026-06-29T07:01:42.533586,Schwedenplatz U,7,348861
2026-06-29T07:01:42.533586,Kultursommer26 - Waldmüllerpark,6,345287
2026-06-29T07:01:42.533586,Kultursommer26 - Waldmüllerpark,6,346843
2026-06-29T07:01:42.533586,Kultursommer26 - Waldmüllerpark,6,347435
2026-06-29T07:01:42.533586,Kultursommer26 - Waldmüllerpark,6,348331
2026-06-29T07:01:42.533586,Kultursommer26 - Waldmüllerpark,6,348667
2026-06-29T07:01:42.533586,Kultursommer26 - Waldmüllerpark,6,348528
2026-06-29T07:01:42.533586,Stubentor U,10,345206
2026-06-29T07:01:42.533586,Stubentor U,10,345671
2026-06-29T07:01:42.533586,Stubentor U,10,346243
2026-06-29T07:01:42.533586,Stubentor U,10,346188
2026-06-29T07:01:42.533586,Stubentor U,10,346829
2026-06-29T07:01:42.533586,Stubentor U,10,347455
2026-06-29T07:01:42.533586,Stubentor U,10,347972
2026-06-29T07:01:42.533586,Stubentor U,10,347897
2026-06-29T07:01:42.533586,Stubentor U,10,348201
2026-06-29T07:01:42.533586,Stubentor U,10,348545
2026-06-29T07:01:42.533586,Landstraße - Wien Mitte S U,6,345965
2026-06-29T07:01:42.533586,Landstraße - Wien Mitte S U,6,345910
2026-06-29T07:01:42.533586,Landstraße - Wien Mitte S U,6,346901
2026-06-29T07:01:42.533586,Landstraße - Wien Mitte S U,6,346701
2026-06-29T07:01:42.533586,Landstraße - Wien Mitte S U,6,347938
2026-06-29T07:01:42.533586,Landstraße - Wien Mitte S U,6,347506
2026-06-29T07:01:42.533586,Praterstern S U,37,345174
2026-06-29T07:01:42.533586,Praterstern S U,37,345096
2026-06-29T07:01:42.533586,Praterstern S U,37,345095
2026-06-29T07:01:42.533586,Praterstern S U,37,345076
2026-06-29T07:01:42.533586,Praterstern S U,37,345684
2026-06-29T07:01:42.533586,Praterstern S U,37,346397
2026-06-29T07:01:42.533586,Praterstern S U,37,346313
2026-06-29T07:01:42.533586,Praterstern S U,37,346310
2026-06-29T07:01:42.533586,Praterstern S U,37,346734
2026-06-29T07:01:42.533586,Praterstern S U,37,346709
2026-06-29T07:01:42.533586,Praterstern S U,37,347491
2026-06-29T07:01:42.533586,Praterstern S U,37,347358
2026-06-29T07:01:42.533586,Praterstern S U,37,347220
2026-06-29T07:01:42.533586,Praterstern S U,37,347982
2026-06-29T07:01:42.533586,Praterstern S U,37,347947
2026-06-29T07:01:42.533586,Praterstern S U,37,347825
2026-06-29T07:01:42.533586,Praterstern S U,37,347818
2026-06-29T07:01:42.533586,Praterstern S U,37,347812
2026-06-29T07:01:42.533586,Praterstern S U,37,347728
2026-06-29T07:01:42.533586,Praterstern S U,37,347720
2026-06-29T07:01:42.533586,Praterstern S U,37,347655
2026-06-29T07:01:42.533586,Praterstern S U,37,347611
2026-06-29T07:01:42.533586,Praterstern S U,37,348477
2026-06-29T07:01:42.533586,Praterstern S U,37,348439
2026-06-29T07:01:42.533586,Praterstern S U,37,348244
2026-06-29T07:01:42.533586,Praterstern S U,37,348030
2026-06-29T07:01:42.533586,Praterstern S U,37,348002
2026-06-29T07:01:42.533586,Praterstern S U,37,348707
2026-06-29T07:01:42.533586,Praterstern S U,37,348676
2026-06-29T07:01:42.533586,Praterstern S U,37,348647
2026-06-29T07:01:42.533586,Praterstern S U,37,348623
2026-06-29T07:01:42.533586,Praterstern S U,37,349068
2026-06-29T07:01:42.533586,Praterstern S U,37,348884
2026-06-29T07:01:42.533586,Praterstern S U,37,348820
2026-06-29T07:01:42.533586,Praterstern S U,37,348809
2026-06-29T07:01:42.533586,Praterstern S U,37,348805
2026-06-29T07:01:42.533586,Praterstern S U,37,349135
2026-06-29T07:01:42.533586,Rustengasse,12,345440
2026-06-29T07:01:42.533586,Rustengasse,12,345402
2026-06-29T07:01:42.533586,Rustengasse,12,346343
2026-06-29T07:01:42.533586,Rustengasse,12,346082
2026-06-29T07:01:42.533586,Rustengasse,12,346965
2026-06-29T07:01:42.533586,Rustengasse,12,346625
2026-06-29T07:01:42.533586,Rustengasse,12,347001
2026-06-29T07:01:42.533586,Rustengasse,12,347923
2026-06-29T07:01:42.533586,Rustengasse,12,347545
2026-06-29T07:01:42.533586,Rustengasse,12,348044
2026-06-29T07:01:42.533586,Rustengasse,12,348705
2026-06-29T07:01:42.533586,Rustengasse,12,398823
2026-06-29T07:01:42.533586,Heiligenstadt S U,8,345043
2026-06-29T07:01:42.533586,Heiligenstadt S U,8,346299
2026-06-29T07:01:42.533586,Heiligenstadt S U,8,346235
2026-06-29T07:01:42.533586,Heiligenstadt S U,8,347076
2026-06-29T07:01:42.533586,Heiligenstadt S U,8,347549
2026-06-29T07:01:42.533586,Heiligenstadt S U,8,348457
2026-06-29T07:01:42.533586,Heiligenstadt S U,8,349031
2026-06-29T07:01:42.533586,Heiligenstadt S U,8,348910
2026-06-29T07:01:42.533586,Breitensee S,26,345484
2026-06-29T07:01:42.533586,Breitensee S,26,345178
2026-06-29T07:01:42.533586,Breitensee S,26,345173
2026-06-29T07:01:42.533586,Breitensee S,26,345088
2026-06-29T07:01:42.533586,Breitensee S,26,345952
2026-06-29T07:01:42.533586,Breitensee S,26,345932
2026-06-29T07:01:42.533586,Breitensee S,26,345856
2026-06-29T07:01:42.533586,Breitensee S,26,345662
2026-06-29T07:01:42.533586,Breitensee S,26,346494
2026-06-29T07:01:42.533586,Breitensee S,26,346417
2026-06-29T07:01:42.533586,Breitensee S,26,346336
2026-06-29T07:01:42.533586,Breitensee S,26,346215
2026-06-29T07:01:42.533586,Breitensee S,26,346141
2026-06-29T07:01:42.533586,Breitensee S,26,346037
2026-06-29T07:01:42.533586,Breitensee S,26,346941
2026-06-29T07:01:42.533586,Breitensee S,26,346713
2026-06-29T07:01:42.533586,Breitensee S,26,346681
2026-06-29T07:01:42.533586,Breitensee S,26,346659
2026-06-29T07:01:42.533586,Breitensee S,26,347346
2026-06-29T07:01:42.533586,Breitensee S,26,347333
2026-06-29T07:01:42.533586,Breitensee S,26,348178
2026-06-29T07:01:42.533586,Breitensee S,26,348116
2026-06-29T07:01:42.533586,Breitensee S,26,348063
2026-06-29T07:01:42.533586,Breitensee S,26,348586
2026-06-29T07:01:42.533586,Breitensee S,26,398718
2026-06-29T07:01:42.533586,Breitensee S,26,348862
2026-06-29T07:01:42.533586,Hütteldorf S U,11,345331
2026-06-29T07:01:42.533586,Hütteldorf S U,11,345119
2026-06-29T07:01:42.533586,Hütteldorf S U,11,345035
2026-06-29T07:01:42.533586,Hütteldorf S U,11,345766
2026-06-29T07:01:42.533586,Hütteldorf S U,11,346989
2026-06-29T07:01:42.533586,Hütteldorf S U,11,346801
2026-06-29T07:01:42.533586,Hütteldorf S U,11,346503
2026-06-29T07:01:42.533586,Hütteldorf S U,11,347488
2026-06-29T07:01:42.533586,Hütteldorf S U,11,347392
2026-06-29T07:01:42.533586,Hütteldorf S U,11,347916
2026-06-29T07:01:42.533586,Hütteldorf S U,11,347909
2026-06-29T07:01:42.533586,Rathaus U,9,346151
2026-06-29T07:01:42.533586,Rathaus U,9,346977
2026-06-29T07:01:42.533586,Rathaus U,9,346952
2026-06-29T07:01:42.533586,Rathaus U,9,346922
2026-06-29T07:01:42.533586,Rathaus U,9,346543
2026-06-29T07:01:42.533586,Rathaus U,9,347320
2026-06-29T07:01:42.533586,Rathaus U,9,347176
2026-06-29T07:01:42.533586,Rathaus U,9,347908
2026-06-29T07:01:42.533586,Rathaus U,9,348550
2026-06-29T07:01:42.533586,Hans-Mandl-Berufsschule,16,345149
2026-06-29T07:01:42.533586,Hans-Mandl-Berufsschule,16,345085
2026-06-29T07:01:42.533586,Hans-Mandl-Berufsschule,16,345081
2026-06-29T07:01:42.533586,Hans-Mandl-Berufsschule,16,345756
2026-06-29T07:01:42.533586,Hans-Mandl-Berufsschule,16,346430
2026-06-29T07:01:42.533586,Hans-Mandl-Berufsschule,16,346181
2026-06-29T07:01:42.533586,Hans-Mandl-Berufsschule,16,346715
2026-06-29T07:01:42.533586,Hans-Mandl-Berufsschule,16,346699
2026-06-29T07:01:42.533586,Hans-Mandl-Berufsschule,16,346605
2026-06-29T07:01:42.533586,Hans-Mandl-Berufsschule,16,347387
2026-06-29T07:01:42.533586,Hans-Mandl-Berufsschule,16,347218
2026-06-29T07:01:42.533586,Hans-Mandl-Berufsschule,16,347201
2026-06-29T07:01:42.533586,Hans-Mandl-Berufsschule,16,347128
2026-06-29T07:01:42.533586,Hans-Mandl-Berufsschule,16,347820
2026-06-29T07:01:42.533586,Hans-Mandl-Berufsschule,16,348145
2026-06-29T07:01:42.533586,Hans-Mandl-Berufsschule,16,398849
2026-06-29T07:01:42.533586,Schloss Schönbrunn,28,345451
2026-06-29T07:01:42.533586,Schloss Schönbrunn,28,345356
2026-06-29T07:01:42.533586,Schloss Schönbrunn,28,345290
2026-06-29T07:01:42.533586,Schloss Schönbrunn,28,345115
2026-06-29T07:01:42.533586,Schloss Schönbrunn,28,345946
2026-06-29T07:01:42.533586,Schloss Schönbrunn,28,345929
2026-06-29T07:01:42.533586,Schloss Schönbrunn,28,345889
2026-06-29T07:01:42.533586,Schloss Schönbrunn,28,345880
2026-06-29T07:01:42.533586,Schloss Schönbrunn,28,345879
2026-06-29T07:01:42.533586,Schloss Schönbrunn,28,345868
2026-06-29T07:01:42.533586,Schloss Schönbrunn,28,345840
2026-06-29T07:01:42.533586,Schloss Schönbrunn,28,345835
2026-06-29T07:01:42.533586,Schloss Schönbrunn,28,346242
2026-06-29T07:01:42.533586,Schloss Schönbrunn,28,346221
2026-06-29T07:01:42.533586,Schloss Schönbrunn,28,346189
2026-06-29T07:01:42.533586,Schloss Schönbrunn,28,346101
2026-06-29T07:01:42.533586,Schloss Schönbrunn,28,346007
2026-06-29T07:01:42.533586,Schloss Schönbrunn,28,346568
2026-06-29T07:01:42.533586,Schloss Schönbrunn,28,347356
2026-06-29T07:01:42.533586,Schloss Schönbrunn,28,347010
2026-06-29T07:01:42.533586,Schloss Schönbrunn,28,347993
2026-06-29T07:01:42.533586,Schloss Schönbrunn,28,347979
2026-06-29T07:01:42.533586,Schloss Schönbrunn,28,347767
2026-06-29T07:01:42.533586,Schloss Schönbrunn,28,347751
2026-06-29T07:01:42.533586,Schloss Schönbrunn,28,347538
2026-06-29T07:01:42.533586,Schloss Schönbrunn,28,348025
2026-06-29T07:01:42.533586,Schloss Schönbrunn,28,348012
2026-06-29T07:01:42.533586,Schloss Schönbrunn,28,348670
2026-06-29T07:01:42.533586,Eslarngasse / Juchgasse,23,345352
2026-06-29T07:01:42.533586,Eslarngasse / Juchgasse,23,345251
2026-06-29T07:01:42.533586,Eslarngasse / Juchgasse,23,345214
2026-06-29T07:01:42.533586,Eslarngasse / Juchgasse,23,345975
2026-06-29T07:01:42.533586,Eslarngasse / Juchgasse,23,345954
2026-06-29T07:01:42.533586,Eslarngasse / Juchgasse,23,345951
2026-06-29T07:01:42.533586,Eslarngasse / Juchgasse,23,345855
2026-06-29T07:01:42.533586,Eslarngasse / Juchgasse,23,345659
2026-06-29T07:01:42.533586,Eslarngasse / Juchgasse,23,346062
2026-06-29T07:01:42.533586,Eslarngasse / Juchgasse,23,346825
2026-06-29T07:01:42.533586,Eslarngasse / Juchgasse,23,347445
2026-06-29T07:01:42.533586,Eslarngasse / Juchgasse,23,347978
2026-06-29T07:01:42.533586,Eslarngasse / Juchgasse,23,347889
2026-06-29T07:01:42.533586,Eslarngasse / Juchgasse,23,348447
2026-06-29T07:01:42.533586,Eslarngasse / Juchgasse,23,348432
2026-06-29T07:01:42.533586,Eslarngasse / Juchgasse,23,348338
2026-06-29T07:01:42.533586,Eslarngasse / Juchgasse,23,348316
2026-06-29T07:01:42.533586,Eslarngasse / Juchgasse,23,348250
2026-06-29T07:01:42.533586,Eslarngasse / Juchgasse,23,348165
2026-06-29T07:01:42.533586,Eslarngasse / Juchgasse,23,348117
2026-06-29T07:01:42.533586,Eslarngasse / Juchgasse,23,348048
2026-06-29T07:01:42.533586,Eslarngasse / Juchgasse,23,398813
2026-06-29T07:01:42.533586,Eslarngasse / Juchgasse,23,398785
2026-06-29T07:01:42.533586,Plößlgasse / Belvedere,24,345031
2026-06-29T07:01:42.533586,Plößlgasse / Belvedere,24,345990
2026-06-29T07:01:42.533586,Plößlgasse / Belvedere,24,345677
2026-06-29T07:01:42.533586,Plößlgasse / Belvedere,24,345572
2026-06-29T07:01:42.533586,Plößlgasse / Belvedere,24,346458
2026-06-29T07:01:42.533586,Plößlgasse / Belvedere,24,346057
2026-06-29T07:01:42.533586,Plößlgasse / Belvedere,24,346969
2026-06-29T07:01:42.533586,Plößlgasse / Belvedere,24,346688
2026-06-29T07:01:42.533586,Plößlgasse / Belvedere,24,346624
2026-06-29T07:01:42.533586,Plößlgasse / Belvedere,24,346585
2026-06-29T07:01:42.533586,Plößlgasse / Belvedere,24,346541
2026-06-29T07:01:42.533586,Plößlgasse / Belvedere,24,347397
2026-06-29T07:01:42.533586,Plößlgasse / Belvedere,24,347069
2026-06-29T07:01:42.533586,Plößlgasse / Belvedere,24,347940
2026-06-29T07:01:42.533586,Plößlgasse / Belvedere,24,347797
2026-06-29T07:01:42.533586,Plößlgasse / Belvedere,24,348431
2026-06-29T07:01:42.533586,Plößlgasse / Belvedere,24,348253
2026-06-29T07:01:42.533586,Plößlgasse / Belvedere,24,348249
2026-06-29T07:01:42.533586,Plößlgasse / Belvedere,24,348190
2026-06-29T07:01:42.533586,Plößlgasse / Belvedere,24,348132
2026-06-29T07:01:42.533586,Plößlgasse / Belvedere,24,348702
2026-06-29T07:01:42.533586,Plößlgasse / Belvedere,24,348612
2026-06-29T07:01:42.533586,Plößlgasse / Belvedere,24,398738
2026-06-29T07:01:42.533586,Plößlgasse / Belvedere,24,348850
2026-06-29T07:01:42.533586,Sankt-Elisabeth-Platz,17,345477
2026-06-29T07:01:42.533586,Sankt-Elisabeth-Platz,17,345394
2026-06-29T07:01:42.533586,Sankt-Elisabeth-Platz,17,345327
2026-06-29T07:01:42.533586,Sankt-Elisabeth-Platz,17,345751
2026-06-29T07:01:42.533586,Sankt-Elisabeth-Platz,17,346223
2026-06-29T07:01:42.533586,Sankt-Elisabeth-Platz,17,346090
2026-06-29T07:01:42.533586,Sankt-Elisabeth-Platz,17,346507
2026-06-29T07:01:42.533586,Sankt-Elisabeth-Platz,17,347186
2026-06-29T07:01:42.533586,Sankt-Elisabeth-Platz,17,347131
2026-06-29T07:01:42.533586,Sankt-Elisabeth-Platz,17,347106
2026-06-29T07:01:42.533586,Sankt-Elisabeth-Platz,17,347808
2026-06-29T07:01:42.533586,Sankt-Elisabeth-Platz,17,347521
2026-06-29T07:01:42.533586,Sankt-Elisabeth-Platz,17,348463
2026-06-29T07:01:42.533586,Sankt-Elisabeth-Platz,17,348192
2026-06-29T07:01:42.533586,Sankt-Elisabeth-Platz,17,348109
2026-06-29T07:01:42.533586,Sankt-Elisabeth-Platz,17,348570
2026-06-29T07:01:42.533586,Sankt-Elisabeth-Platz,17,398786
2026-06-29T07:01:42.533586,Laudongasse / Schönbornpark,6,345078
2026-06-29T07:01:42.533586,Laudongasse / Schönbornpark,6,345061
2026-06-29T07:01:42.533586,Laudongasse / Schönbornpark,6,346469
2026-06-29T07:01:42.533586,Laudongasse / Schönbornpark,6,348235
2026-06-29T07:01:42.533586,Laudongasse / Schönbornpark,6,348961
2026-06-29T07:01:42.533586,Laudongasse / Schönbornpark,6,348807
2026-06-29T07:01:42.533586,Rossauer Lände U,10,345282
2026-06-29T07:01:42.533586,Rossauer Lände U,10,345140
2026-06-29T07:01:42.533586,Rossauer Lände U,10,346068
2026-06-29T07:01:42.533586,Rossauer Lände U,10,347348
2026-06-29T07:01:42.533586,Rossauer Lände U,10,348373
2026-06-29T07:01:42.533586,Rossauer Lände U,10,348286
2026-06-29T07:01:42.533586,Rossauer Lände U,10,348240
2026-06-29T07:01:42.533586,Rossauer Lände U,10,348139
2026-06-29T07:01:42.533586,Rossauer Lände U,10,348688
2026-06-29T07:01:42.533586,Rossauer Lände U,10,348549
2026-06-29T07:01:42.533586,Lazarettgasse,21,345915
2026-06-29T07:01:42.533586,Lazarettgasse,21,345645
2026-06-29T07:01:42.533586,Lazarettgasse,21,345644
2026-06-29T07:01:42.533586,Lazarettgasse,21,346499
2026-06-29T07:01:42.533586,Lazarettgasse,21,346422
2026-06-29T07:01:42.533586,Lazarettgasse,21,346309
2026-06-29T07:01:42.533586,Lazarettgasse,21,346284
2026-06-29T07:01:42.533586,Lazarettgasse,21,346185
2026-06-29T07:01:42.533586,Lazarettgasse,21,347473
2026-06-29T07:01:42.533586,Lazarettgasse,21,347187
2026-06-29T07:01:42.533586,Lazarettgasse,21,347074
2026-06-29T07:01:42.533586,Lazarettgasse,21,347850
2026-06-29T07:01:42.533586,Lazarettgasse,21,347705
2026-06-29T07:01:42.533586,Lazarettgasse,21,347676
2026-06-29T07:01:42.533586,Lazarettgasse,21,348323
2026-06-29T07:01:42.533586,Lazarettgasse,21,348183
2026-06-29T07:01:42.533586,Lazarettgasse,21,348097
2026-06-29T07:01:42.533586,Lazarettgasse,21,348060
2026-06-29T07:01:42.533586,Lazarettgasse,21,348008
2026-06-29T07:01:42.533586,Lazarettgasse,21,348531
2026-06-29T07:01:42.533586,Lazarettgasse,21,398799
2026-06-29T07:01:42.533586,Edelsinnstraße,2,346119
2026-06-29T07:01:42.533586,Edelsinnstraße,2,349014
2026-06-29T07:01:42.533586,Karlsplatz U / TU Wien,8,345463
2026-06-29T07:01:42.533586,Karlsplatz U / TU Wien,8,345985
2026-06-29T07:01:42.533586,Karlsplatz U / TU Wien,8,345795
2026-06-29T07:01:42.533586,Karlsplatz U / TU Wien,8,346489
2026-06-29T07:01:42.533586,Karlsplatz U / TU Wien,8,347420
2026-06-29T07:01:42.533586,Karlsplatz U / TU Wien,8,348419
2026-06-29T07:01:42.533586,Karlsplatz U / TU Wien,8,348322
2026-06-29T07:01:42.533586,Karlsplatz U / TU Wien,8,349117
2026-06-29T07:01:42.533586,Amerlingstraße,2,398748
2026-06-29T07:01:42.533586,Amerlingstraße,2,348997
2026-06-29T07:01:42.533586,Albertgasse,11,345259
2026-06-29T07:01:42.533586,Albertgasse,11,345116
2026-06-29T07:01:42.533586,Albertgasse,11,345074
2026-06-29T07:01:42.533586,Albertgasse,11,345817
2026-06-29T07:01:42.533586,Albertgasse,11,345627
2026-06-29T07:01:42.533586,Albertgasse,11,347330
2026-06-29T07:01:42.533586,Albertgasse,11,348478
2026-06-29T07:01:42.533586,Albertgasse,11,348312
2026-06-29T07:01:42.533586,Albertgasse,11,348081
2026-06-29T07:01:42.533586,Albertgasse,11,348576
2026-06-29T07:01:42.533586,Albertgasse,11,349071
2026-06-29T07:01:42.533586,Universitätsring,6,345266
2026-06-29T07:01:42.533586,Universitätsring,6,346474
2026-06-29T07:01:42.533586,Universitätsring,6,346272
2026-06-29T07:01:42.533586,Universitätsring,6,346257
2026-06-29T07:01:42.533586,Universitätsring,6,347963
2026-06-29T07:01:42.533586,Universitätsring,6,348421
2026-06-29T07:01:42.533586,Herrengasse U,18,345338
2026-06-29T07:01:42.533586,Herrengasse U,18,345276
2026-06-29T07:01:42.533586,Herrengasse U,18,345169
2026-06-29T07:01:42.533586,Herrengasse U,18,346360
2026-06-29T07:01:42.533586,Herrengasse U,18,346862
2026-06-29T07:01:42.533586,Herrengasse U,18,346680
2026-06-29T07:01:42.533586,Herrengasse U,18,347472
2026-06-29T07:01:42.533586,Herrengasse U,18,347405
2026-06-29T07:01:42.533586,Herrengasse U,18,347399
2026-06-29T07:01:42.533586,Herrengasse U,18,347192
2026-06-29T07:01:42.533586,Herrengasse U,18,347078
2026-06-29T07:01:42.533586,Herrengasse U,18,347976
2026-06-29T07:01:42.533586,Herrengasse U,18,347543
2026-06-29T07:01:42.533586,Herrengasse U,18,348339
2026-06-29T07:01:42.533586,Herrengasse U,18,348277
2026-06-29T07:01:42.533586,Herrengasse U,18,348271
2026-06-29T07:01:42.533586,Herrengasse U,18,348708
2026-06-29T07:01:42.533586,Herrengasse U,18,398811
2026-06-29T07:01:42.533586,Sensengasse,15,345354
2026-06-29T07:01:42.533586,Sensengasse,15,345084
2026-06-29T07:01:42.533586,Sensengasse,15,345049
2026-06-29T07:01:42.533586,Sensengasse,15,345991
2026-06-29T07:01:42.533586,Sensengasse,15,345517
2026-06-29T07:01:42.533586,Sensengasse,15,346328
2026-06-29T07:01:42.533586,Sensengasse,15,346085
2026-06-29T07:01:42.533586,Sensengasse,15,346061
2026-06-29T07:01:42.533586,Sensengasse,15,347140
2026-06-29T07:01:42.533586,Sensengasse,15,347987
2026-06-29T07:01:42.533586,Sensengasse,15,347941
2026-06-29T07:01:42.533586,Sensengasse,15,347881
2026-06-29T07:01:42.533586,Sensengasse,15,348207
2026-06-29T07:01:42.533586,Sensengasse,15,348631
2026-06-29T07:01:42.533586,Sensengasse,15,398773
2026-06-29T07:01:42.533586,Belgradplatz,9,345166
2026-06-29T07:01:42.533586,Belgradplatz,9,345619
2026-06-29T07:01:42.533586,Belgradplatz,9,346425
2026-06-29T07:01:42.533586,Belgradplatz,9,346794
2026-06-29T07:01:42.533586,Belgradplatz,9,347444
2026-06-29T07:01:42.533586,Belgradplatz,9,347165
2026-06-29T07:01:42.533586,Belgradplatz,9,347806
2026-06-29T07:01:42.533586,Belgradplatz,9,348123
2026-06-29T07:01:42.533586,Belgradplatz,9,398781
2026-06-29T07:01:42.533586,Rathausplatz / Burgtheater,6,345055
2026-06-29T07:01:42.533586,Rathausplatz / Burgtheater,6,345921
2026-06-29T07:01:42.533586,Rathausplatz / Burgtheater,6,345544
2026-06-29T07:01:42.533586,Rathausplatz / Burgtheater,6,347208
2026-06-29T07:01:42.533586,Rathausplatz / Burgtheater,6,347933
2026-06-29T07:01:42.533586,Rathausplatz / Burgtheater,6,348836
2026-06-29T07:01:42.533586,Arbeitergasse - Gürtel,20,345418
2026-06-29T07:01:42.533586,Arbeitergasse - Gürtel,20,345926
2026-06-29T07:01:42.533586,Arbeitergasse - Gürtel,20,345914
2026-06-29T07:01:42.533586,Arbeitergasse - Gürtel,20,345711
2026-06-29T07:01:42.533586,Arbeitergasse - Gürtel,20,345533
2026-06-29T07:01:42.533586,Arbeitergasse - Gürtel,20,346462
2026-06-29T07:01:42.533586,Arbeitergasse - Gürtel,20,346364
2026-06-29T07:01:42.533586,Arbeitergasse - Gürtel,20,346362
2026-06-29T07:01:42.533586,Arbeitergasse - Gürtel,20,346340
2026-06-29T07:01:42.533586,Arbeitergasse - Gürtel,20,346339
2026-06-29T07:01:42.533586,Arbeitergasse - Gürtel,20,346807
2026-06-29T07:01:42.533586,Arbeitergasse - Gürtel,20,347464
2026-06-29T07:01:42.533586,Arbeitergasse - Gürtel,20,347265
2026-06-29T07:01:42.533586,Arbeitergasse - Gürtel,20,347188
2026-06-29T07:01:42.533586,Arbeitergasse - Gürtel,20,347752
2026-06-29T07:01:42.533586,Arbeitergasse - Gürtel,20,347652
2026-06-29T07:01:42.533586,Arbeitergasse - Gürtel,20,347561
2026-06-29T07:01:42.533586,Arbeitergasse - Gürtel,20,348102
2026-06-29T07:01:42.533586,Arbeitergasse - Gürtel,20,348011
2026-06-29T07:01:42.533586,Arbeitergasse - Gürtel,20,398745
2026-06-29T07:01:42.533586,Bauernfeldplatz / Palais Lichtenstein,13,345594
2026-06-29T07:01:42.533586,Bauernfeldplatz / Palais Lichtenstein,13,345553
2026-06-29T07:01:42.533586,Bauernfeldplatz / Palais Lichtenstein,13,346440
2026-06-29T07:01:42.533586,Bauernfeldplatz / Palais Lichtenstein,13,346432
2026-06-29T07:01:42.533586,Bauernfeldplatz / Palais Lichtenstein,13,346106
2026-06-29T07:01:42.533586,Bauernfeldplatz / Palais Lichtenstein,13,346045
2026-06-29T07:01:42.533586,Bauernfeldplatz / Palais Lichtenstein,13,346814
2026-06-29T07:01:42.533586,Bauernfeldplatz / Palais Lichtenstein,13,347997
2026-06-29T07:01:42.533586,Bauernfeldplatz / Palais Lichtenstein,13,347717
2026-06-29T07:01:42.533586,Bauernfeldplatz / Palais Lichtenstein,13,347612
2026-06-29T07:01:42.533586,Bauernfeldplatz / Palais Lichtenstein,13,348425
2026-06-29T07:01:42.533586,Bauernfeldplatz / Palais Lichtenstein,13,348233
2026-06-29T07:01:42.533586,Bauernfeldplatz / Palais Lichtenstein,13,348221
2026-06-29T07:01:42.533586,Johannesgasse / Stadtpark,7,345014
2026-06-29T07:01:42.533586,Johannesgasse / Stadtpark,7,345922
2026-06-29T07:01:42.533586,Johannesgasse / Stadtpark,7,346227
2026-06-29T07:01:42.533586,Johannesgasse / Stadtpark,7,346998
2026-06-29T07:01:42.533586,Johannesgasse / Stadtpark,7,346970
2026-06-29T07:01:42.533586,Johannesgasse / Stadtpark,7,347216
2026-06-29T07:01:42.533586,Johannesgasse / Stadtpark,7,348098
2026-06-29T07:01:42.533586,Am Schöpfwerk U,12,345297
2026-06-29T07:01:42.533586,Am Schöpfwerk U,12,345705
2026-06-29T07:01:42.533586,Am Schöpfwerk U,12,345693
2026-06-29T07:01:42.533586,Am Schöpfwerk U,12,346838
2026-06-29T07:01:42.533586,Am Schöpfwerk U,12,398782
2026-06-29T07:01:42.533586,Am Schöpfwerk U,12,398772
2026-06-29T07:01:42.533586,Am Schöpfwerk U,12,349034
2026-06-29T07:01:42.533586,Am Schöpfwerk U,12,348960
2026-06-29T07:01:42.533586,Am Schöpfwerk U,12,348951
2026-06-29T07:01:42.533586,Am Schöpfwerk U,12,348926
2026-06-29T07:01:42.533586,Am Schöpfwerk U,12,349182
2026-06-29T07:01:42.533586,Am Schöpfwerk U,12,349121
2026-06-29T07:01:42.533586,Alserbachstraße,22,345424
2026-06-29T07:01:42.533586,Alserbachstraße,22,345260
2026-06-29T07:01:42.533586,Alserbachstraße,22,345231
2026-06-29T07:01:42.533586,Alserbachstraße,22,345209
2026-06-29T07:01:42.533586,Alserbachstraße,22,345028
2026-06-29T07:01:42.533586,Alserbachstraße,22,345895
2026-06-29T07:01:42.533586,Alserbachstraße,22,345512
2026-06-29T07:01:42.533586,Alserbachstraße,22,346373
2026-06-29T07:01:42.533586,Alserbachstraße,22,346180
2026-06-29T07:01:42.533586,Alserbachstraße,22,346115
2026-06-29T07:01:42.533586,Alserbachstraße,22,346962
2026-06-29T07:01:42.533586,Alserbachstraße,22,346917
2026-06-29T07:01:42.533586,Alserbachstraße,22,347891
2026-06-29T07:01:42.533586,Alserbachstraße,22,347821
2026-06-29T07:01:42.533586,Alserbachstraße,22,347793
2026-06-29T07:01:42.533586,Alserbachstraße,22,347740
2026-06-29T07:01:42.533586,Alserbachstraße,22,348325
2026-06-29T07:01:42.533586,Alserbachstraße,22,348248
2026-06-29T07:01:42.533586,Alserbachstraße,22,348046
2026-06-29T07:01:42.533586,Alserbachstraße,22,348045
2026-06-29T07:01:42.533586,Alserbachstraße,22,348839
2026-06-29T07:01:42.533586,Alserbachstraße,22,349159
2026-06-29T07:01:42.533586,Petrusgasse,22,345230
2026-06-29T07:01:42.533586,Petrusgasse,22,345196
2026-06-29T07:01:42.533586,Petrusgasse,22,345080
2026-06-29T07:01:42.533586,Petrusgasse,22,345023
2026-06-29T07:01:42.533586,Petrusgasse,22,345927
2026-06-29T07:01:42.533586,Petrusgasse,22,345775
2026-06-29T07:01:42.533586,Petrusgasse,22,345653
2026-06-29T07:01:42.533586,Petrusgasse,22,345628
2026-06-29T07:01:42.533586,Petrusgasse,22,345615
2026-06-29T07:01:42.533586,Petrusgasse,22,345539
2026-06-29T07:01:42.533586,Petrusgasse,22,347396
2026-06-29T07:01:42.533586,Petrusgasse,22,347223
2026-06-29T07:01:42.533586,Petrusgasse,22,347742
2026-06-29T07:01:42.533586,Petrusgasse,22,347739
2026-06-29T07:01:42.533586,Petrusgasse,22,347668
2026-06-29T07:01:42.533586,Petrusgasse,22,348396
2026-06-29T07:01:42.533586,Petrusgasse,22,348219
2026-06-29T07:01:42.533586,Petrusgasse,22,348140
2026-06-29T07:01:42.533586,Petrusgasse,22,348605
2026-06-29T07:01:42.533586,Petrusgasse,22,348556
2026-06-29T07:01:42.533586,Petrusgasse,22,348903
2026-06-29T07:01:42.533586,Petrusgasse,22,348827
2026-06-29T07:01:42.533586,Wassergasse,27,345324
2026-06-29T07:01:42.533586,Wassergasse,27,345281
2026-06-29T07:01:42.533586,Wassergasse,27,345114
2026-06-29T07:01:42.533586,Wassergasse,27,345113
2026-06-29T07:01:42.533586,Wassergasse,27,345110
2026-06-29T07:01:42.533586,Wassergasse,27,345067
2026-06-29T07:01:42.533586,Wassergasse,27,345972
2026-06-29T07:01:42.533586,Wassergasse,27,345758
2026-06-29T07:01:42.533586,Wassergasse,27,345588
2026-06-29T07:01:42.533586,Wassergasse,27,346325
2026-06-29T07:01:42.533586,Wassergasse,27,346263
2026-06-29T07:01:42.533586,Wassergasse,27,346207
2026-06-29T07:01:42.533586,Wassergasse,27,346140
2026-06-29T07:01:42.533586,Wassergasse,27,346981
2026-06-29T07:01:42.533586,Wassergasse,27,346925
2026-06-29T07:01:42.533586,Wassergasse,27,346733
2026-06-29T07:01:42.533586,Wassergasse,27,346661
2026-06-29T07:01:42.533586,Wassergasse,27,346588
2026-06-29T07:01:42.533586,Wassergasse,27,347427
2026-06-29T07:01:42.533586,Wassergasse,27,347051
2026-06-29T07:01:42.533586,Wassergasse,27,347853
2026-06-29T07:01:42.533586,Wassergasse,27,347667
2026-06-29T07:01:42.533586,Wassergasse,27,347602
2026-06-29T07:01:42.533586,Wassergasse,27,348039
2026-06-29T07:01:42.533586,Wassergasse,27,348015
2026-06-29T07:01:42.533586,Wassergasse,27,348003
2026-06-29T07:01:42.533586,Wassergasse,27,398832
2026-06-29T07:01:42.533586,Löwengasse,17,345233
2026-06-29T07:01:42.533586,Löwengasse,17,345516
2026-06-29T07:01:42.533586,Löwengasse,17,346014
2026-06-29T07:01:42.533586,Löwengasse,17,346876
2026-06-29T07:01:42.533586,Löwengasse,17,346518
2026-06-29T07:01:42.533586,Löwengasse,17,347441
2026-06-29T07:01:42.533586,Löwengasse,17,347035
2026-06-29T07:01:42.533586,Löwengasse,17,347716
2026-06-29T07:01:42.533586,Löwengasse,17,347644
2026-06-29T07:01:42.533586,Löwengasse,17,347638
2026-06-29T07:01:42.533586,Löwengasse,17,348141
2026-06-29T07:01:42.533586,Löwengasse,17,348027
2026-06-29T07:01:42.533586,Löwengasse,17,348010
2026-06-29T07:01:42.533586,Löwengasse,17,398834
2026-06-29T07:01:42.533586,Löwengasse,17,398792
2026-06-29T07:01:42.533586,Löwengasse,17,398757
2026-06-29T07:01:42.533586,Löwengasse,17,398868
2026-06-29T07:01:42.533586,Kardinal-Nagl-Platz U,20,345347
2026-06-29T07:01:42.533586,Kardinal-Nagl-Platz U,20,345246
2026-06-29T07:01:42.533586,Kardinal-Nagl-Platz U,20,345181
2026-06-29T07:01:42.533586,Kardinal-Nagl-Platz U,20,345177
2026-06-29T07:01:42.533586,Kardinal-Nagl-Platz U,20,345799
2026-06-29T07:01:42.533586,Kardinal-Nagl-Platz U,20,345740
2026-06-29T07:01:42.533586,Kardinal-Nagl-Platz U,20,345501
2026-06-29T07:01:42.533586,Kardinal-Nagl-Platz U,20,346449
2026-06-29T07:01:42.533586,Kardinal-Nagl-Platz U,20,346237
2026-06-29T07:01:42.533586,Kardinal-Nagl-Platz U,20,346966
2026-06-29T07:01:42.533586,Kardinal-Nagl-Platz U,20,346629
2026-06-29T07:01:42.533586,Kardinal-Nagl-Platz U,20,347425
2026-06-29T07:01:42.533586,Kardinal-Nagl-Platz U,20,347329
2026-06-29T07:01:42.533586,Kardinal-Nagl-Platz U,20,347197
2026-06-29T07:01:42.533586,Kardinal-Nagl-Platz U,20,347062
2026-06-29T07:01:42.533586,Kardinal-Nagl-Platz U,20,347721
2026-06-29T07:01:42.533586,Kardinal-Nagl-Platz U,20,347693
2026-06-29T07:01:42.533586,Kardinal-Nagl-Platz U,20,348344
2026-06-29T07:01:42.533586,Kardinal-Nagl-Platz U,20,348289
2026-06-29T07:01:42.533586,Kardinal-Nagl-Platz U,20,348832
2026-06-29T07:01:42.533586,Kärntner Ring,17,345421
2026-06-29T07:01:42.533586,Kärntner Ring,17,345950
2026-06-29T07:01:42.533586,Kärntner Ring,17,345876
2026-06-29T07:01:42.533586,Kärntner Ring,17,345811
2026-06-29T07:01:42.533586,Kärntner Ring,17,345779
2026-06-29T07:01:42.533586,Kärntner Ring,17,345699
2026-06-29T07:01:42.533586,Kärntner Ring,17,346167
2026-06-29T07:01:42.533586,Kärntner Ring,17,346779
2026-06-29T07:01:42.533586,Kärntner Ring,17,346589
2026-06-29T07:01:42.533586,Kärntner Ring,17,346574
2026-06-29T07:01:42.533586,Kärntner Ring,17,347613
2026-06-29T07:01:42.533586,Kärntner Ring,17,347571
2026-06-29T07:01:42.533586,Kärntner Ring,17,347537
2026-06-29T07:01:42.533586,Kärntner Ring,17,348395
2026-06-29T07:01:42.533586,Kärntner Ring,17,348282
2026-06-29T07:01:42.533586,Kärntner Ring,17,348021
2026-06-29T07:01:42.533586,Kärntner Ring,17,348672
2026-06-29T07:01:42.533586,Schottenring U,19,345426
2026-06-29T07:01:42.533586,Schottenring U,19,345275
2026-06-29T07:01:42.533586,Schottenring U,19,345175
2026-06-29T07:01:42.533586,Schottenring U,19,345101
2026-06-29T07:01:42.533586,Schottenring U,19,345086
2026-06-29T07:01:42.533586,Schottenring U,19,345057
2026-06-29T07:01:42.533586,Schottenring U,19,345784
2026-06-29T07:01:42.533586,Schottenring U,19,345673
2026-06-29T07:01:42.533586,Schottenring U,19,345650
2026-06-29T07:01:42.533586,Schottenring U,19,346407
2026-06-29T07:01:42.533586,Schottenring U,19,346910
2026-06-29T07:01:42.533586,Schottenring U,19,346665
2026-06-29T07:01:42.533586,Schottenring U,19,347453
2026-06-29T07:01:42.533586,Schottenring U,19,347373
2026-06-29T07:01:42.533586,Schottenring U,19,347906
2026-06-29T07:01:42.533586,Schottenring U,19,347594
2026-06-29T07:01:42.533586,Schottenring U,19,347569
2026-06-29T07:01:42.533586,Schottenring U,19,348356
2026-06-29T07:01:42.533586,Schottenring U,19,398789
2026-06-29T07:01:42.533586,Strozzigasse,13,345481
2026-06-29T07:01:42.533586,Strozzigasse,13,345182
2026-06-29T07:01:42.533586,Strozzigasse,13,345082
2026-06-29T07:01:42.533586,Strozzigasse,13,345079
2026-06-29T07:01:42.533586,Strozzigasse,13,345807
2026-06-29T07:01:42.533586,Strozzigasse,13,345731
2026-06-29T07:01:42.533586,Strozzigasse,13,345530
2026-06-29T07:01:42.533586,Strozzigasse,13,346583
2026-06-29T07:01:42.533586,Strozzigasse,13,347688
2026-06-29T07:01:42.533586,Strozzigasse,13,348481
2026-06-29T07:01:42.533586,Strozzigasse,13,348363
2026-06-29T07:01:42.533586,Strozzigasse,13,398817
2026-06-29T07:01:42.533586,Strozzigasse,13,398723
2026-06-29T07:01:42.533586,Yppengasse,6,346110
2026-06-29T07:01:42.533586,Yppengasse,6,346900
2026-06-29T07:01:42.533586,Yppengasse,6,346662
2026-06-29T07:01:42.533586,Yppengasse,6,347017
2026-06-29T07:01:42.533586,Yppengasse,6,347834
2026-06-29T07:01:42.533586,Yppengasse,6,348515
2026-06-29T07:01:42.533586,Brünnlbadgasse,4,347485
2026-06-29T07:01:42.533586,Brünnlbadgasse,4,347065
2026-06-29T07:01:42.533586,Brünnlbadgasse,4,348146
2026-06-29T07:01:42.533586,Brünnlbadgasse,4,349026
2026-06-29T07:01:42.533586,Obere Augartenstraße,11,345335
2026-06-29T07:01:42.533586,Obere Augartenstraße,11,345040
2026-06-29T07:01:42.533586,Obere Augartenstraße,11,345536
2026-06-29T07:01:42.533586,Obere Augartenstraße,11,347259
2026-06-29T07:01:42.533586,Obere Augartenstraße,11,347240
2026-06-29T07:01:42.533586,Obere Augartenstraße,11,347094
2026-06-29T07:01:42.533586,Obere Augartenstraße,11,347777
2026-06-29T07:01:42.533586,Obere Augartenstraße,11,348499
2026-06-29T07:01:42.533586,Obere Augartenstraße,11,348087
2026-06-29T07:01:42.533586,Obere Augartenstraße,11,348086
2026-06-29T07:01:42.533586,Obere Augartenstraße,11,398802
2026-06-29T07:01:42.533586,Gußhausstraße / Argentinierstraße,14,345490
2026-06-29T07:01:42.533586,Gußhausstraße / Argentinierstraße,14,345300
2026-06-29T07:01:42.533586,Gußhausstraße / Argentinierstraße,14,345250
2026-06-29T07:01:42.533586,Gußhausstraße / Argentinierstraße,14,346395
2026-06-29T07:01:42.533586,Gußhausstraße / Argentinierstraße,14,346170
2026-06-29T07:01:42.533586,Gußhausstraße / Argentinierstraße,14,346889
2026-06-29T07:01:42.533586,Gußhausstraße / Argentinierstraße,14,346762
2026-06-29T07:01:42.533586,Gußhausstraße / Argentinierstraße,14,346692
2026-06-29T07:01:42.533586,Gußhausstraße / Argentinierstraße,14,346676
2026-06-29T07:01:42.533586,Gußhausstraße / Argentinierstraße,14,347184
2026-06-29T07:01:42.533586,Gußhausstraße / Argentinierstraße,14,347529
2026-06-29T07:01:42.533586,Gußhausstraße / Argentinierstraße,14,348263
2026-06-29T07:01:42.533586,Gußhausstraße / Argentinierstraße,14,348646
2026-06-29T07:01:42.533586,Gußhausstraße / Argentinierstraße,14,398714
2026-06-29T07:01:42.533586,Ober St. Veit U,11,345479
2026-06-29T07:01:42.533586,Ober St. Veit U,11,345308
2026-06-29T07:01:42.533586,Ober St. Veit U,11,345104
2026-06-29T07:01:42.533586,Ober St. Veit U,11,346197
2026-06-29T07:01:42.533586,Ober St. Veit U,11,346144
2026-06-29T07:01:42.533586,Ober St. Veit U,11,346846
2026-06-29T07:01:42.533586,Ober St. Veit U,11,347608
2026-06-29T07:01:42.533586,Ober St. Veit U,11,349069
2026-06-29T07:01:42.533586,Ober St. Veit U,11,348984
2026-06-29T07:01:42.533586,Ober St. Veit U,11,348907
2026-06-29T07:01:42.533586,Ober St. Veit U,11,349154
2026-06-29T07:01:42.533586,Auf der Schmelz,20,345469
2026-06-29T07:01:42.533586,Auf der Schmelz,20,345432
2026-06-29T07:01:42.533586,Auf der Schmelz,20,345279
2026-06-29T07:01:42.533586,Auf der Schmelz,20,345255
2026-06-29T07:01:42.533586,Auf der Schmelz,20,345090
2026-06-29T07:01:42.533586,Auf der Schmelz,20,345753
2026-06-29T07:01:42.533586,Auf der Schmelz,20,345739
2026-06-29T07:01:42.533586,Auf der Schmelz,20,345664
2026-06-29T07:01:42.533586,Auf der Schmelz,20,346480
2026-06-29T07:01:42.533586,Auf der Schmelz,20,346389
2026-06-29T07:01:42.533586,Auf der Schmelz,20,346378
2026-06-29T07:01:42.533586,Auf der Schmelz,20,346851
2026-06-29T07:01:42.533586,Auf der Schmelz,20,346722
2026-06-29T07:01:42.533586,Auf der Schmelz,20,346540
2026-06-29T07:01:42.533586,Auf der Schmelz,20,346525
2026-06-29T07:01:42.533586,Auf der Schmelz,20,347178
2026-06-29T07:01:42.533586,Auf der Schmelz,20,347730
2026-06-29T07:01:42.533586,Auf der Schmelz,20,348340
2026-06-29T07:01:42.533586,Auf der Schmelz,20,348043
2026-06-29T07:01:42.533586,Auf der Schmelz,20,348573
2026-06-29T07:01:42.533586,Grimmgasse,26,345384
2026-06-29T07:01:42.533586,Grimmgasse,26,345213
2026-06-29T07:01:42.533586,Grimmgasse,26,345168
2026-06-29T07:01:42.533586,Grimmgasse,26,345853
2026-06-29T07:01:42.533586,Grimmgasse,26,346442
2026-06-29T07:01:42.533586,Grimmgasse,26,346423
2026-06-29T07:01:42.533586,Grimmgasse,26,346404
2026-06-29T07:01:42.533586,Grimmgasse,26,346164
2026-06-29T07:01:42.533586,Grimmgasse,26,346128
2026-06-29T07:01:42.533586,Grimmgasse,26,346094
2026-06-29T07:01:42.533586,Grimmgasse,26,346081
2026-06-29T07:01:42.533586,Grimmgasse,26,346025
2026-06-29T07:01:42.533586,Grimmgasse,26,346023
2026-06-29T07:01:42.533586,Grimmgasse,26,346956
2026-06-29T07:01:42.533586,Grimmgasse,26,346892
2026-06-29T07:01:42.533586,Grimmgasse,26,346594
2026-06-29T07:01:42.533586,Grimmgasse,26,346593
2026-06-29T07:01:42.533586,Grimmgasse,26,347969
2026-06-29T07:01:42.533586,Grimmgasse,26,348466
2026-06-29T07:01:42.533586,Grimmgasse,26,348417
2026-06-29T07:01:42.533586,Grimmgasse,26,348398
2026-06-29T07:01:42.533586,Grimmgasse,26,348070
2026-06-29T07:01:42.533586,Grimmgasse,26,348029
2026-06-29T07:01:42.533586,Grimmgasse,26,348022
2026-06-29T07:01:42.533586,Grimmgasse,26,348668
2026-06-29T07:01:42.533586,Grimmgasse,26,348559
2026-06-29T07:01:42.533586,Parhamerplatz,31,345448
2026-06-29T07:01:42.533586,Parhamerplatz,31,345229
2026-06-29T07:01:42.533586,Parhamerplatz,31,345152
2026-06-29T07:01:42.533586,Parhamerplatz,31,345923
2026-06-29T07:01:42.533586,Parhamerplatz,31,345893
2026-06-29T07:01:42.533586,Parhamerplatz,31,345841
2026-06-29T07:01:42.533586,Parhamerplatz,31,345790
2026-06-29T07:01:42.533586,Parhamerplatz,31,345719
2026-06-29T07:01:42.533586,Parhamerplatz,31,346459
2026-06-29T07:01:42.533586,Parhamerplatz,31,346439
2026-06-29T07:01:42.533586,Parhamerplatz,31,346265
2026-06-29T07:01:42.533586,Parhamerplatz,31,346222
2026-06-29T07:01:42.533586,Parhamerplatz,31,346160
2026-06-29T07:01:42.533586,Parhamerplatz,31,346880
2026-06-29T07:01:42.533586,Parhamerplatz,31,346514
2026-06-29T07:01:42.533586,Parhamerplatz,31,347409
2026-06-29T07:01:42.533586,Parhamerplatz,31,347244
2026-06-29T07:01:42.533586,Parhamerplatz,31,347143
2026-06-29T07:01:42.533586,Parhamerplatz,31,347989
2026-06-29T07:01:42.533586,Parhamerplatz,31,347975
2026-06-29T07:01:42.533586,Parhamerplatz,31,347759
2026-06-29T07:01:42.533586,Parhamerplatz,31,347580
2026-06-29T07:01:42.533586,Parhamerplatz,31,348300
2026-06-29T07:01:42.533586,Parhamerplatz,31,348630
2026-06-29T07:01:42.533586,Parhamerplatz,31,348608
2026-06-29T07:01:42.533586,Parhamerplatz,31,398853
2026-06-29T07:01:42.533586,Parhamerplatz,31,398842
2026-06-29T07:01:42.533586,Parhamerplatz,31,398822
2026-06-29T07:01:42.533586,Parhamerplatz,31,398755
2026-06-29T07:01:42.533586,Parhamerplatz,31,348885
2026-06-29T07:01:42.533586,Parhamerplatz,31,398864
2026-06-29T07:01:42.533586,Kendlerstraße U,17,345244
2026-06-29T07:01:42.533586,Kendlerstraße U,17,345118
2026-06-29T07:01:42.533586,Kendlerstraße U,17,345986
2026-06-29T07:01:42.533586,Kendlerstraße U,17,345962
2026-06-29T07:01:42.533586,Kendlerstraße U,17,345872
2026-06-29T07:01:42.533586,Kendlerstraße U,17,345692
2026-06-29T07:01:42.533586,Kendlerstraße U,17,345679
2026-06-29T07:01:42.533586,Kendlerstraße U,17,346324
2026-06-29T07:01:42.533586,Kendlerstraße U,17,346270
2026-06-29T07:01:42.533586,Kendlerstraße U,17,346126
2026-06-29T07:01:42.533586,Kendlerstraße U,17,347276
2026-06-29T07:01:42.533586,Kendlerstraße U,17,348493
2026-06-29T07:01:42.533586,Kendlerstraße U,17,348236
2026-06-29T07:01:42.533586,Kendlerstraße U,17,348119
2026-06-29T07:01:42.533586,Kendlerstraße U,17,348548
2026-06-29T07:01:42.533586,Kendlerstraße U,17,348533
2026-06-29T07:01:42.533586,Kendlerstraße U,17,348967
2026-06-29T07:01:42.533586,Dornerplatz,25,345482
2026-06-29T07:01:42.533586,Dornerplatz,25,345321
2026-06-29T07:01:42.533586,Dornerplatz,25,345148
2026-06-29T07:01:42.533586,Dornerplatz,25,345068
2026-06-29T07:01:42.533586,Dornerplatz,25,345065
2026-06-29T07:01:42.533586,Dornerplatz,25,345733
2026-06-29T07:01:42.533586,Dornerplatz,25,345582
2026-06-29T07:01:42.533586,Dornerplatz,25,346490
2026-06-29T07:01:42.533586,Dornerplatz,25,346236
2026-06-29T07:01:42.533586,Dornerplatz,25,346918
2026-06-29T07:01:42.533586,Dornerplatz,25,346899
2026-06-29T07:01:42.533586,Dornerplatz,25,346745
2026-06-29T07:01:42.533586,Dornerplatz,25,346602
2026-06-29T07:01:42.533586,Dornerplatz,25,346601
2026-06-29T07:01:42.533586,Dornerplatz,25,346579
2026-06-29T07:01:42.533586,Dornerplatz,25,347355
2026-06-29T07:01:42.533586,Dornerplatz,25,347283
2026-06-29T07:01:42.533586,Dornerplatz,25,347173
2026-06-29T07:01:42.533586,Dornerplatz,25,347084
2026-06-29T07:01:42.533586,Dornerplatz,25,347831
2026-06-29T07:01:42.533586,Dornerplatz,25,347700
2026-06-29T07:01:42.533586,Dornerplatz,25,348402
2026-06-29T07:01:42.533586,Dornerplatz,25,348285
2026-06-29T07:01:42.533586,Dornerplatz,25,348157
2026-06-29T07:01:42.533586,Dornerplatz,25,348842
2026-06-29T07:01:42.533586,Hernals S,24,345330
2026-06-29T07:01:42.533586,Hernals S,24,345310
2026-06-29T07:01:42.533586,Hernals S,24,345925
2026-06-29T07:01:42.533586,Hernals S,24,345805
2026-06-29T07:01:42.533586,Hernals S,24,345786
2026-06-29T07:01:42.533586,Hernals S,24,346302
2026-06-29T07:01:42.533586,Hernals S,24,346058
2026-06-29T07:01:42.533586,Hernals S,24,346043
2026-06-29T07:01:42.533586,Hernals S,24,346848
2026-06-29T07:01:42.533586,Hernals S,24,346764
2026-06-29T07:01:42.533586,Hernals S,24,346516
2026-06-29T07:01:42.533586,Hernals S,24,347107
2026-06-29T07:01:42.533586,Hernals S,24,347696
2026-06-29T07:01:42.533586,Hernals S,24,347684
2026-06-29T07:01:42.533586,Hernals S,24,347559
2026-06-29T07:01:42.533586,Hernals S,24,348410
2026-06-29T07:01:42.533586,Hernals S,24,348308
2026-06-29T07:01:42.533586,Hernals S,24,348305
2026-06-29T07:01:42.533586,Hernals S,24,348120
2026-06-29T07:01:42.533586,Hernals S,24,348082
2026-06-29T07:01:42.533586,Hernals S,24,348674
2026-06-29T07:01:42.533586,Hernals S,24,348952
2026-06-29T07:01:42.533586,Hernals S,24,349166
2026-06-29T07:01:42.533586,Hernals S,24,349157
2026-06-29T07:01:42.533586,Schmelzbrücke,19,345280
2026-06-29T07:01:42.533586,Schmelzbrücke,19,345978
2026-06-29T07:01:42.533586,Schmelzbrücke,19,345681
2026-06-29T07:01:42.533586,Schmelzbrücke,19,345600
2026-06-29T07:01:42.533586,Schmelzbrücke,19,345592
2026-06-29T07:01:42.533586,Schmelzbrücke,19,346428
2026-06-29T07:01:42.533586,Schmelzbrücke,19,346381
2026-06-29T07:01:42.533586,Schmelzbrücke,19,346010
2026-06-29T07:01:42.533586,Schmelzbrücke,19,346566
2026-06-29T07:01:42.533586,Schmelzbrücke,19,347028
2026-06-29T07:01:42.533586,Schmelzbrücke,19,347974
2026-06-29T07:01:42.533586,Schmelzbrücke,19,347931
2026-06-29T07:01:42.533586,Schmelzbrücke,19,347508
2026-06-29T07:01:42.533586,Schmelzbrücke,19,348281
2026-06-29T07:01:42.533586,Schmelzbrücke,19,348204
2026-06-29T07:01:42.533586,Schmelzbrücke,19,348135
2026-06-29T07:01:42.533586,Schmelzbrücke,19,348712
2026-06-29T07:01:42.533586,Schmelzbrücke,19,398731
2026-06-29T07:01:42.533586,Schmelzbrücke,19,348981
2026-06-29T07:01:42.533586,Michelbeuern-AKH U,21,345455
2026-06-29T07:01:42.533586,Michelbeuern-AKH U,21,345208
2026-06-29T07:01:42.533586,Michelbeuern-AKH U,21,345170
2026-06-29T07:01:42.533586,Michelbeuern-AKH U,21,345083
2026-06-29T07:01:42.533586,Michelbeuern-AKH U,21,345969
2026-06-29T07:01:42.533586,Michelbeuern-AKH U,21,345891
2026-06-29T07:01:42.533586,Michelbeuern-AKH U,21,345877
2026-06-29T07:01:42.533586,Michelbeuern-AKH U,21,345527
2026-06-29T07:01:42.533586,Michelbeuern-AKH U,21,346388
2026-06-29T07:01:42.533586,Michelbeuern-AKH U,21,346377
2026-06-29T07:01:42.533586,Michelbeuern-AKH U,21,346334
2026-06-29T07:01:42.533586,Michelbeuern-AKH U,21,346102
2026-06-29T07:01:42.533586,Michelbeuern-AKH U,21,346946
2026-06-29T07:01:42.533586,Michelbeuern-AKH U,21,346836
2026-06-29T07:01:42.533586,Michelbeuern-AKH U,21,346667
2026-06-29T07:01:42.533586,Michelbeuern-AKH U,21,346650
2026-06-29T07:01:42.533586,Michelbeuern-AKH U,21,347166
2026-06-29T07:01:42.533586,Michelbeuern-AKH U,21,347868
2026-06-29T07:01:42.533586,Michelbeuern-AKH U,21,348104
2026-06-29T07:01:42.533586,Michelbeuern-AKH U,21,348680
2026-06-29T07:01:42.533586,Michelbeuern-AKH U,21,398819
2026-06-29T07:01:42.533586,Johann-Nepomuk-Vogl-Platz,5,345441
2026-06-29T07:01:42.533586,Johann-Nepomuk-Vogl-Platz,5,345348
2026-06-29T07:01:42.533586,Johann-Nepomuk-Vogl-Platz,5,345561
2026-06-29T07:01:42.533586,Johann-Nepomuk-Vogl-Platz,5,346331
2026-06-29T07:01:42.533586,Johann-Nepomuk-Vogl-Platz,5,346782
2026-06-29T07:01:42.533586,Mayerhofgasse,13,345248
2026-06-29T07:01:42.533586,Mayerhofgasse,13,345121
2026-06-29T07:01:42.533586,Mayerhofgasse,13,345900
2026-06-29T07:01:42.533586,Mayerhofgasse,13,346224
2026-06-29T07:01:42.533586,Mayerhofgasse,13,346149
2026-06-29T07:01:42.533586,Mayerhofgasse,13,346886
2026-06-29T07:01:42.533586,Mayerhofgasse,13,346854
2026-06-29T07:01:42.533586,Mayerhofgasse,13,346786
2026-06-29T07:01:42.533586,Mayerhofgasse,13,346771
2026-06-29T07:01:42.533586,Mayerhofgasse,13,347398
2026-06-29T07:01:42.533586,Mayerhofgasse,13,348180
2026-06-29T07:01:42.533586,Mayerhofgasse,13,348606
2026-06-29T07:01:42.533586,Mayerhofgasse,13,348537
2026-06-29T07:01:42.533586,Westbahnstraße / Schottenfeldgasse,2,347952
2026-06-29T07:01:42.533586,Westbahnstraße / Schottenfeldgasse,2,348460
2026-06-29T07:01:42.533586,Vorgartenstraße U,6,347295
2026-06-29T07:01:42.533586,Vorgartenstraße U,6,347205
2026-06-29T07:01:42.533586,Vorgartenstraße U,6,347904
2026-06-29T07:01:42.533586,Vorgartenstraße U,6,348155
2026-06-29T07:01:42.533586,Vorgartenstraße U,6,398778
2026-06-29T07:01:42.533586,Vorgartenstraße U,6,349168
2026-06-29T07:01:42.533586,Krieau U,28,345457
2026-06-29T07:01:42.533586,Krieau U,28,345249
2026-06-29T07:01:42.533586,Krieau U,28,345851
2026-06-29T07:01:42.533586,Krieau U,28,345638
2026-06-29T07:01:42.533586,Krieau U,28,346234
2026-06-29T07:01:42.533586,Krieau U,28,346030
2026-06-29T07:01:42.533586,Krieau U,28,346012
2026-06-29T07:01:42.533586,Krieau U,28,346783
2026-06-29T07:01:42.533586,Krieau U,28,346690
2026-06-29T07:01:42.533586,Krieau U,28,346603
2026-06-29T07:01:42.533586,Krieau U,28,346597
2026-06-29T07:01:42.533586,Krieau U,28,346558
2026-06-29T07:01:42.533586,Krieau U,28,347490
2026-06-29T07:01:42.533586,Krieau U,28,347484
2026-06-29T07:01:42.533586,Krieau U,28,347359
2026-06-29T07:01:42.533586,Krieau U,28,347064
2026-06-29T07:01:42.533586,Krieau U,28,347782
2026-06-29T07:01:42.533586,Krieau U,28,347532
2026-06-29T07:01:42.533586,Krieau U,28,347507
2026-06-29T07:01:42.533586,Krieau U,28,348272
2026-06-29T07:01:42.533586,Krieau U,28,348085
2026-06-29T07:01:42.533586,Krieau U,28,348049
2026-06-29T07:01:42.533586,Krieau U,28,348711
2026-06-29T07:01:42.533586,Krieau U,28,348650
2026-06-29T07:01:42.533586,Krieau U,28,398737
2026-06-29T07:01:42.533586,Krieau U,28,349046
2026-06-29T07:01:42.533586,Krieau U,28,349013
2026-06-29T07:01:42.533586,Krieau U,28,349190
2026-06-29T07:01:42.533586,Ottakring S U,35,345420
2026-06-29T07:01:42.533586,Ottakring S U,35,345293
2026-06-29T07:01:42.533586,Ottakring S U,35,345242
2026-06-29T07:01:42.533586,Ottakring S U,35,345961
2026-06-29T07:01:42.533586,Ottakring S U,35,345908
2026-06-29T07:01:42.533586,Ottakring S U,35,345869
2026-06-29T07:01:42.533586,Ottakring S U,35,345708
2026-06-29T07:01:42.533586,Ottakring S U,35,345607
2026-06-29T07:01:42.533586,Ottakring S U,35,346414
2026-06-29T07:01:42.533586,Ottakring S U,35,346290
2026-06-29T07:01:42.533586,Ottakring S U,35,346963
2026-06-29T07:01:42.533586,Ottakring S U,35,346622
2026-06-29T07:01:42.533586,Ottakring S U,35,346586
2026-06-29T07:01:42.533586,Ottakring S U,35,346545
2026-06-29T07:01:42.533586,Ottakring S U,35,347301
2026-06-29T07:01:42.533586,Ottakring S U,35,347200
2026-06-29T07:01:42.533586,Ottakring S U,35,347013
2026-06-29T07:01:42.533586,Ottakring S U,35,347007
2026-06-29T07:01:42.533586,Ottakring S U,35,347823
2026-06-29T07:01:42.533586,Ottakring S U,35,347801
2026-06-29T07:01:42.533586,Ottakring S U,35,347741
2026-06-29T07:01:42.533586,Ottakring S U,35,347579
2026-06-29T07:01:42.533586,Ottakring S U,35,347563
2026-06-29T07:01:42.533586,Ottakring S U,35,348438
2026-06-29T07:01:42.533586,Ottakring S U,35,348408
2026-06-29T07:01:42.533586,Ottakring S U,35,348392
2026-06-29T07:01:42.533586,Ottakring S U,35,348341
2026-06-29T07:01:42.533586,Ottakring S U,35,348149
2026-06-29T07:01:42.533586,Ottakring S U,35,348090
2026-06-29T07:01:42.533586,Ottakring S U,35,348706
2026-06-29T07:01:42.533586,Ottakring S U,35,348696
2026-06-29T07:01:42.533586,Ottakring S U,35,348517
2026-06-29T07:01:42.533586,Ottakring S U,35,398829
2026-06-29T07:01:42.533586,Ottakring S U,35,348938
2026-06-29T07:01:42.533586,Ottakring S U,35,348897
2026-06-29T07:01:42.533586,Hartmanngasse ,24,345341
2026-06-29T07:01:42.533586,Hartmanngasse ,24,345273
2026-06-29T07:01:42.533586,Hartmanngasse ,24,345938
2026-06-29T07:01:42.533586,Hartmanngasse ,24,345858
2026-06-29T07:01:42.533586,Hartmanngasse ,24,345580
2026-06-29T07:01:42.533586,Hartmanngasse ,24,346285
2026-06-29T07:01:42.533586,Hartmanngasse ,24,346942
2026-06-29T07:01:42.533586,Hartmanngasse ,24,346639
2026-06-29T07:01:42.533586,Hartmanngasse ,24,346529
2026-06-29T07:01:42.533586,Hartmanngasse ,24,346517
2026-06-29T07:01:42.533586,Hartmanngasse ,24,347494
2026-06-29T07:01:42.533586,Hartmanngasse ,24,347285
2026-06-29T07:01:42.533586,Hartmanngasse ,24,347264
2026-06-29T07:01:42.533586,Hartmanngasse ,24,347117
2026-06-29T07:01:42.533586,Hartmanngasse ,24,347946
2026-06-29T07:01:42.533586,Hartmanngasse ,24,347789
2026-06-29T07:01:42.533586,Hartmanngasse ,24,347727
2026-06-29T07:01:42.533586,Hartmanngasse ,24,347574
2026-06-29T07:01:42.533586,Hartmanngasse ,24,347525
2026-06-29T07:01:42.533586,Hartmanngasse ,24,348397
2026-06-29T07:01:42.533586,Hartmanngasse ,24,348381
2026-06-29T07:01:42.533586,Hartmanngasse ,24,348321
2026-06-29T07:01:42.533586,Hartmanngasse ,24,348247
2026-06-29T07:01:42.533586,Hartmanngasse ,24,348555
2026-06-29T07:01:42.533586,Nestroyplatz U,10,345020
2026-06-29T07:01:42.533586,Nestroyplatz U,10,346311
2026-06-29T07:01:42.533586,Nestroyplatz U,10,346139
2026-06-29T07:01:42.533586,Nestroyplatz U,10,346980
2026-06-29T07:01:42.533586,Nestroyplatz U,10,347446
2026-06-29T07:01:42.533586,Nestroyplatz U,10,347411
2026-06-29T07:01:42.533586,Nestroyplatz U,10,347077
2026-06-29T07:01:42.533586,Nestroyplatz U,10,347949
2026-06-29T07:01:42.533586,Nestroyplatz U,10,347643
2026-06-29T07:01:42.533586,Nestroyplatz U,10,348313
2026-06-29T07:01:42.533586,Messe-Prater U,29,345487
2026-06-29T07:01:42.533586,Messe-Prater U,29,346383
2026-06-29T07:01:42.533586,Messe-Prater U,29,346314
2026-06-29T07:01:42.533586,Messe-Prater U,29,346292
2026-06-29T07:01:42.533586,Messe-Prater U,29,346174
2026-06-29T07:01:42.533586,Messe-Prater U,29,346161
2026-06-29T07:01:42.533586,Messe-Prater U,29,346978
2026-06-29T07:01:42.533586,Messe-Prater U,29,346926
2026-06-29T07:01:42.533586,Messe-Prater U,29,346856
2026-06-29T07:01:42.533586,Messe-Prater U,29,346675
2026-06-29T07:01:42.533586,Messe-Prater U,29,346644
2026-06-29T07:01:42.533586,Messe-Prater U,29,347057
2026-06-29T07:01:42.533586,Messe-Prater U,29,347937
2026-06-29T07:01:42.533586,Messe-Prater U,29,347838
2026-06-29T07:01:42.533586,Messe-Prater U,29,347828
2026-06-29T07:01:42.533586,Messe-Prater U,29,347738
2026-06-29T07:01:42.533586,Messe-Prater U,29,347664
2026-06-29T07:01:42.533586,Messe-Prater U,29,348412
2026-06-29T07:01:42.533586,Messe-Prater U,29,348295
2026-06-29T07:01:42.533586,Messe-Prater U,29,348258
2026-06-29T07:01:42.533586,Messe-Prater U,29,348129
2026-06-29T07:01:42.533586,Messe-Prater U,29,348615
2026-06-29T07:01:42.533586,Messe-Prater U,29,348598
2026-06-29T07:01:42.533586,Messe-Prater U,29,348587
2026-06-29T07:01:42.533586,Messe-Prater U,29,398827
2026-06-29T07:01:42.533586,Messe-Prater U,29,349075
2026-06-29T07:01:42.533586,Messe-Prater U,29,348949
2026-06-29T07:01:42.533586,Messe-Prater U,29,349195
2026-06-29T07:01:42.533586,Messe-Prater U,29,349126
2026-06-29T07:01:42.533586,Loquaiplatz,1,347311
2026-06-29T07:01:42.533586,Rosensteingasse,6,345360
2026-06-29T07:01:42.533586,Rosensteingasse,6,346427
2026-06-29T07:01:42.533586,Rosensteingasse,6,346595
2026-06-29T07:01:42.533586,Rosensteingasse,6,348107
2026-06-29T07:01:42.533586,Rosensteingasse,6,398836
2026-06-29T07:01:42.533586,Rosensteingasse,6,348846
2026-06-29T07:01:42.533586,Gumpendorfer Gürtel,19,345422
2026-06-29T07:01:42.533586,Gumpendorfer Gürtel,19,345414
2026-06-29T07:01:42.533586,Gumpendorfer Gürtel,19,345370
2026-06-29T07:01:42.533586,Gumpendorfer Gürtel,19,345267
2026-06-29T07:01:42.533586,Gumpendorfer Gürtel,19,345218
2026-06-29T07:01:42.533586,Gumpendorfer Gürtel,19,345059
2026-06-29T07:01:42.533586,Gumpendorfer Gürtel,19,345822
2026-06-29T07:01:42.533586,Gumpendorfer Gürtel,19,345694
2026-06-29T07:01:42.533586,Gumpendorfer Gürtel,19,345602
2026-06-29T07:01:42.533586,Gumpendorfer Gürtel,19,346821
2026-06-29T07:01:42.533586,Gumpendorfer Gürtel,19,346765
2026-06-29T07:01:42.533586,Gumpendorfer Gürtel,19,346706
2026-06-29T07:01:42.533586,Gumpendorfer Gürtel,19,346542
2026-06-29T07:01:42.533586,Gumpendorfer Gürtel,19,346539
2026-06-29T07:01:42.533586,Gumpendorfer Gürtel,19,347459
2026-06-29T07:01:42.533586,Gumpendorfer Gürtel,19,348345
2026-06-29T07:01:42.533586,Gumpendorfer Gürtel,19,348118
2026-06-29T07:01:42.533586,Gumpendorfer Gürtel,19,349103
2026-06-29T07:01:42.533586,Gumpendorfer Gürtel,19,349189
2026-06-29T07:01:42.533586,Burggasse-Stadthalle U,9,345996
2026-06-29T07:01:42.533586,Burggasse-Stadthalle U,9,345955
2026-06-29T07:01:42.533586,Burggasse-Stadthalle U,9,345759
2026-06-29T07:01:42.533586,Burggasse-Stadthalle U,9,345657
2026-06-29T07:01:42.533586,Burggasse-Stadthalle U,9,345608
2026-06-29T07:01:42.533586,Burggasse-Stadthalle U,9,346887
2026-06-29T07:01:42.533586,Burggasse-Stadthalle U,9,346809
2026-06-29T07:01:42.533586,Burggasse-Stadthalle U,9,347524
2026-06-29T07:01:42.533586,Burggasse-Stadthalle U,9,348231
2026-06-29T07:01:42.533586,Urban-Loritz-Platz,10,345398
2026-06-29T07:01:42.533586,Urban-Loritz-Platz,10,345646
2026-06-29T07:01:42.533586,Urban-Loritz-Platz,10,345503
2026-06-29T07:01:42.533586,Urban-Loritz-Platz,10,346317
2026-06-29T07:01:42.533586,Urban-Loritz-Platz,10,346001
2026-06-29T07:01:42.533586,Urban-Loritz-Platz,10,346983
2026-06-29T07:01:42.533586,Urban-Loritz-Platz,10,346546
2026-06-29T07:01:42.533586,Urban-Loritz-Platz,10,347134
2026-06-29T07:01:42.533586,Urban-Loritz-Platz,10,347019
2026-06-29T07:01:42.533586,Urban-Loritz-Platz,10,348151
2026-06-29T07:01:42.533586,Hanusch Krankenhaus,10,345649
2026-06-29T07:01:42.533586,Hanusch Krankenhaus,10,346198
2026-06-29T07:01:42.533586,Hanusch Krankenhaus,10,346604
2026-06-29T07:01:42.533586,Hanusch Krankenhaus,10,347230
2026-06-29T07:01:42.533586,Hanusch Krankenhaus,10,347056
2026-06-29T07:01:42.533586,Hanusch Krankenhaus,10,347575
2026-06-29T07:01:42.533586,Hanusch Krankenhaus,10,347528
2026-06-29T07:01:42.533586,Hanusch Krankenhaus,10,349096
2026-06-29T07:01:42.533586,Hanusch Krankenhaus,10,348875
2026-06-29T07:01:42.533586,Hanusch Krankenhaus,10,348855
2026-06-29T07:01:42.533586,Westbahnhof S U / Gerstnerstraße,23,345343
2026-06-29T07:01:42.533586,Westbahnhof S U / Gerstnerstraße,23,345186
2026-06-29T07:01:42.533586,Westbahnhof S U / Gerstnerstraße,23,345041
2026-06-29T07:01:42.533586,Westbahnhof S U / Gerstnerstraße,23,345703
2026-06-29T07:01:42.533586,Westbahnhof S U / Gerstnerstraße,23,345620
2026-06-29T07:01:42.533586,Westbahnhof S U / Gerstnerstraße,23,346209
2026-06-29T07:01:42.533586,Westbahnhof S U / Gerstnerstraße,23,346008
2026-06-29T07:01:42.533586,Westbahnhof S U / Gerstnerstraße,23,347415
2026-06-29T07:01:42.533586,Westbahnhof S U / Gerstnerstraße,23,347402
2026-06-29T07:01:42.533586,Westbahnhof S U / Gerstnerstraße,23,347394
2026-06-29T07:01:42.533586,Westbahnhof S U / Gerstnerstraße,23,347968
2026-06-29T07:01:42.533586,Westbahnhof S U / Gerstnerstraße,23,347934
2026-06-29T07:01:42.533586,Westbahnhof S U / Gerstnerstraße,23,347926
2026-06-29T07:01:42.533586,Westbahnhof S U / Gerstnerstraße,23,347912
2026-06-29T07:01:42.533586,Westbahnhof S U / Gerstnerstraße,23,347858
2026-06-29T07:01:42.533586,Westbahnhof S U / Gerstnerstraße,23,347766
2026-06-29T07:01:42.533586,Westbahnhof S U / Gerstnerstraße,23,347626
2026-06-29T07:01:42.533586,Westbahnhof S U / Gerstnerstraße,23,348209
2026-06-29T07:01:42.533586,Westbahnhof S U / Gerstnerstraße,23,348088
2026-06-29T07:01:42.533586,Westbahnhof S U / Gerstnerstraße,23,348078
2026-06-29T07:01:42.533586,Westbahnhof S U / Gerstnerstraße,23,348034
2026-06-29T07:01:42.533586,Westbahnhof S U / Gerstnerstraße,23,348622
2026-06-29T07:01:42.533586,Westbahnhof S U / Gerstnerstraße,23,348584
2026-06-29T07:01:42.533586,Wieningerplatz,21,345264
2026-06-29T07:01:42.533586,Wieningerplatz,21,345224
2026-06-29T07:01:42.533586,Wieningerplatz,21,345999
2026-06-29T07:01:42.533586,Wieningerplatz,21,345836
2026-06-29T07:01:42.533586,Wieningerplatz,21,345770
2026-06-29T07:01:42.533586,Wieningerplatz,21,345626
2026-06-29T07:01:42.533586,Wieningerplatz,21,345612
2026-06-29T07:01:42.533586,Wieningerplatz,21,346418
2026-06-29T07:01:42.533586,Wieningerplatz,21,346329
2026-06-29T07:01:42.533586,Wieningerplatz,21,346798
2026-06-29T07:01:42.533586,Wieningerplatz,21,347246
2026-06-29T07:01:42.533586,Wieningerplatz,21,347243
2026-06-29T07:01:42.533586,Wieningerplatz,21,347189
2026-06-29T07:01:42.533586,Wieningerplatz,21,347765
2026-06-29T07:01:42.533586,Wieningerplatz,21,347749
2026-06-29T07:01:42.533586,Wieningerplatz,21,347683
2026-06-29T07:01:42.533586,Wieningerplatz,21,348293
2026-06-29T07:01:42.533586,Wieningerplatz,21,348217
2026-06-29T07:01:42.533586,Wieningerplatz,21,348057
2026-06-29T07:01:42.533586,Wieningerplatz,21,348669
2026-06-29T07:01:42.533586,Wieningerplatz,21,398809
2026-06-29T07:01:42.533586,Markgraf-Rüdiger Straße,14,345423
2026-06-29T07:01:42.533586,Markgraf-Rüdiger Straße,14,345286
2026-06-29T07:01:42.533586,Markgraf-Rüdiger Straße,14,345810
2026-06-29T07:01:42.533586,Markgraf-Rüdiger Straße,14,345564
2026-06-29T07:01:42.533586,Markgraf-Rüdiger Straße,14,346465
2026-06-29T07:01:42.533586,Markgraf-Rüdiger Straße,14,346142
2026-06-29T07:01:42.533586,Markgraf-Rüdiger Straße,14,346109
2026-06-29T07:01:42.533586,Markgraf-Rüdiger Straße,14,346893
2026-06-29T07:01:42.533586,Markgraf-Rüdiger Straße,14,346686
2026-06-29T07:01:42.533586,Markgraf-Rüdiger Straße,14,346576
2026-06-29T07:01:42.533586,Markgraf-Rüdiger Straße,14,347384
2026-06-29T07:01:42.533586,Markgraf-Rüdiger Straße,14,347302
2026-06-29T07:01:42.533586,Markgraf-Rüdiger Straße,14,348214
2026-06-29T07:01:42.533586,Markgraf-Rüdiger Straße,14,348564
2026-06-29T07:01:42.533586,Plunkergasse,25,345499
2026-06-29T07:01:42.533586,Plunkergasse,25,345393
2026-06-29T07:01:42.533586,Plunkergasse,25,345254
2026-06-29T07:01:42.533586,Plunkergasse,25,345012
2026-06-29T07:01:42.533586,Plunkergasse,25,345000
2026-06-29T07:01:42.533586,Plunkergasse,25,345945
2026-06-29T07:01:42.533586,Plunkergasse,25,345939
2026-06-29T07:01:42.533586,Plunkergasse,25,345732
2026-06-29T07:01:42.533586,Plunkergasse,25,345625
2026-06-29T07:01:42.533586,Plunkergasse,25,346074
2026-06-29T07:01:42.533586,Plunkergasse,25,346823
2026-06-29T07:01:42.533586,Plunkergasse,25,347403
2026-06-29T07:01:42.533586,Plunkergasse,25,347376
2026-06-29T07:01:42.533586,Plunkergasse,25,347369
2026-06-29T07:01:42.533586,Plunkergasse,25,347145
2026-06-29T07:01:42.533586,Plunkergasse,25,347710
2026-06-29T07:01:42.533586,Plunkergasse,25,348304
2026-06-29T07:01:42.533586,Plunkergasse,25,348083
2026-06-29T07:01:42.533586,Plunkergasse,25,348064
2026-06-29T07:01:42.533586,Plunkergasse,25,348704
2026-06-29T07:01:42.533586,Plunkergasse,25,348698
2026-06-29T07:01:42.533586,Plunkergasse,25,398815
2026-06-29T07:01:42.533586,Plunkergasse,25,398726
2026-06-29T07:01:42.533586,Plunkergasse,25,349047
2026-06-29T07:01:42.533586,Plunkergasse,25,349196
2026-06-29T07:01:42.533586,Selzergasse,11,345491
2026-06-29T07:01:42.533586,Selzergasse,11,345226
2026-06-29T07:01:42.533586,Selzergasse,11,345901
2026-06-29T07:01:42.533586,Selzergasse,11,345797
2026-06-29T07:01:42.533586,Selzergasse,11,346858
2026-06-29T07:01:42.533586,Selzergasse,11,346816
2026-06-29T07:01:42.533586,Selzergasse,11,346705
2026-06-29T07:01:42.533586,Selzergasse,11,347175
2026-06-29T07:01:42.533586,Selzergasse,11,347877
2026-06-29T07:01:42.533586,Selzergasse,11,347832
2026-06-29T07:01:42.533586,Selzergasse,11,348137
2026-06-29T07:01:42.533586,Westbahnhof S U / Felberstraße,28,345495
2026-06-29T07:01:42.533586,Westbahnhof S U / Felberstraße,28,345478
2026-06-29T07:01:42.533586,Westbahnhof S U / Felberstraße,28,345410
2026-06-29T07:01:42.533586,Westbahnhof S U / Felberstraße,28,345409
2026-06-29T07:01:42.533586,Westbahnhof S U / Felberstraße,28,345380
2026-06-29T07:01:42.533586,Westbahnhof S U / Felberstraße,28,345376
2026-06-29T07:01:42.533586,Westbahnhof S U / Felberstraße,28,345291
2026-06-29T07:01:42.533586,Westbahnhof S U / Felberstraße,28,345227
2026-06-29T07:01:42.533586,Westbahnhof S U / Felberstraße,28,345158
2026-06-29T07:01:42.533586,Westbahnhof S U / Felberstraße,28,345103
2026-06-29T07:01:42.533586,Westbahnhof S U / Felberstraße,28,345069
2026-06-29T07:01:42.533586,Westbahnhof S U / Felberstraße,28,346447
2026-06-29T07:01:42.533586,Westbahnhof S U / Felberstraße,28,346429
2026-06-29T07:01:42.533586,Westbahnhof S U / Felberstraße,28,346048
2026-06-29T07:01:42.533586,Westbahnhof S U / Felberstraße,28,346960
2026-06-29T07:01:42.533586,Westbahnhof S U / Felberstraße,28,346928
2026-06-29T07:01:42.533586,Westbahnhof S U / Felberstraße,28,346725
2026-06-29T07:01:42.533586,Westbahnhof S U / Felberstraße,28,347304
2026-06-29T07:01:42.533586,Westbahnhof S U / Felberstraße,28,347236
2026-06-29T07:01:42.533586,Westbahnhof S U / Felberstraße,28,347040
2026-06-29T07:01:42.533586,Westbahnhof S U / Felberstraße,28,347998
2026-06-29T07:01:42.533586,Westbahnhof S U / Felberstraße,28,347663
2026-06-29T07:01:42.533586,Westbahnhof S U / Felberstraße,28,347556
2026-06-29T07:01:42.533586,Westbahnhof S U / Felberstraße,28,348302
2026-06-29T07:01:42.533586,Westbahnhof S U / Felberstraße,28,348264
2026-06-29T07:01:42.533586,Westbahnhof S U / Felberstraße,28,348114
2026-06-29T07:01:42.533586,Westbahnhof S U / Felberstraße,28,398715
2026-06-29T07:01:42.533586,Westbahnhof S U / Felberstraße,28,398796
2026-06-29T07:01:42.533586,Kundratstraße,7,346563
2026-06-29T07:01:42.533586,Kundratstraße,7,347645
2026-06-29T07:01:42.533586,Kundratstraße,7,348376
2026-06-29T07:01:42.533586,Kundratstraße,7,348973
2026-06-29T07:01:42.533586,Kundratstraße,7,348962
2026-06-29T07:01:42.533586,Kundratstraße,7,348810
2026-06-29T07:01:42.533586,Kundratstraße,7,349143
2026-06-29T07:01:42.533586,Arthaberplatz,13,345413
2026-06-29T07:01:42.533586,Arthaberplatz,13,345112
2026-06-29T07:01:42.533586,Arthaberplatz,13,345857
2026-06-29T07:01:42.533586,Arthaberplatz,13,345828
2026-06-29T07:01:42.533586,Arthaberplatz,13,345801
2026-06-29T07:01:42.533586,Arthaberplatz,13,345617
2026-06-29T07:01:42.533586,Arthaberplatz,13,345529
2026-06-29T07:01:42.533586,Arthaberplatz,13,346095
2026-06-29T07:01:42.533586,Arthaberplatz,13,346612
2026-06-29T07:01:42.533586,Arthaberplatz,13,347400
2026-06-29T07:01:42.533586,Arthaberplatz,13,347366
2026-06-29T07:01:42.533586,Arthaberplatz,13,348544
2026-06-29T07:01:42.533586,Arthaberplatz,13,348818
2026-06-29T07:01:42.533586,Karmeliterplatz,14,345025
2026-06-29T07:01:42.533586,Karmeliterplatz,14,345022
2026-06-29T07:01:42.533586,Karmeliterplatz,14,346359
2026-06-29T07:01:42.533586,Karmeliterplatz,14,346976
2026-06-29T07:01:42.533586,Karmeliterplatz,14,346832
2026-06-29T07:01:42.533586,Karmeliterplatz,14,346766
2026-06-29T07:01:42.533586,Karmeliterplatz,14,347370
2026-06-29T07:01:42.533586,Karmeliterplatz,14,347349
2026-06-29T07:01:42.533586,Karmeliterplatz,14,347331
2026-06-29T07:01:42.533586,Karmeliterplatz,14,347325
2026-06-29T07:01:42.533586,Karmeliterplatz,14,347734
2026-06-29T07:01:42.533586,Karmeliterplatz,14,348202
2026-06-29T07:01:42.533586,Karmeliterplatz,14,348617
2026-06-29T07:01:42.533586,Karmeliterplatz,14,348583
2026-06-29T07:01:42.533586,Fröbelgasse,15,345445
2026-06-29T07:01:42.533586,Fröbelgasse,15,345274
2026-06-29T07:01:42.533586,Fröbelgasse,15,345195
2026-06-29T07:01:42.533586,Fröbelgasse,15,345136
2026-06-29T07:01:42.533586,Fröbelgasse,15,345933
2026-06-29T07:01:42.533586,Fröbelgasse,15,345924
2026-06-29T07:01:42.533586,Fröbelgasse,15,345704
2026-06-29T07:01:42.533586,Fröbelgasse,15,345688
2026-06-29T07:01:42.533586,Fröbelgasse,15,345663
2026-06-29T07:01:42.533586,Fröbelgasse,15,345565
2026-06-29T07:01:42.533586,Fröbelgasse,15,346739
2026-06-29T07:01:42.533586,Fröbelgasse,15,346697
2026-06-29T07:01:42.533586,Fröbelgasse,15,347478
2026-06-29T07:01:42.533586,Fröbelgasse,15,347406
2026-06-29T07:01:42.533586,Fröbelgasse,15,347565
2026-06-29T07:01:42.533586,Reumannplatz U,9,345404
2026-06-29T07:01:42.533586,Reumannplatz U,9,345743
2026-06-29T07:01:42.533586,Reumannplatz U,9,345540
2026-06-29T07:01:42.533586,Reumannplatz U,9,346636
2026-06-29T07:01:42.533586,Reumannplatz U,9,347115
2026-06-29T07:01:42.533586,Reumannplatz U,9,347907
2026-06-29T07:01:42.533586,Reumannplatz U,9,347882
2026-06-29T07:01:42.533586,Reumannplatz U,9,347632
2026-06-29T07:01:42.533586,Reumannplatz U,9,348446
2026-06-29T07:01:42.533586,Thaliastraße U,16,345217
2026-06-29T07:01:42.533586,Thaliastraße U,16,345109
2026-06-29T07:01:42.533586,Thaliastraße U,16,345056
2026-06-29T07:01:42.533586,Thaliastraße U,16,345964
2026-06-29T07:01:42.533586,Thaliastraße U,16,345800
2026-06-29T07:01:42.533586,Thaliastraße U,16,346415
2026-06-29T07:01:42.533586,Thaliastraße U,16,346406
2026-06-29T07:01:42.533586,Thaliastraße U,16,347299
2026-06-29T07:01:42.533586,Thaliastraße U,16,347294
2026-06-29T07:01:42.533586,Thaliastraße U,16,347203
2026-06-29T07:01:42.533586,Thaliastraße U,16,347980
2026-06-29T07:01:42.533586,Thaliastraße U,16,347588
2026-06-29T07:01:42.533586,Thaliastraße U,16,348415
2026-06-29T07:01:42.533586,Thaliastraße U,16,348121
2026-06-29T07:01:42.533586,Thaliastraße U,16,348604
2026-06-29T07:01:42.533586,Thaliastraße U,16,348560
2026-06-29T07:01:42.533586,Nussdorfer Straße S,7,345431
2026-06-29T07:01:42.533586,Nussdorfer Straße S,7,346755
2026-06-29T07:01:42.533586,Nussdorfer Straße S,7,347081
2026-06-29T07:01:42.533586,Nussdorfer Straße S,7,347034
2026-06-29T07:01:42.533586,Nussdorfer Straße S,7,347863
2026-06-29T07:01:42.533586,Nussdorfer Straße S,7,347854
2026-06-29T07:01:42.533586,Nussdorfer Straße S,7,348467
2026-06-29T07:01:42.533586,Elterleinplatz,17,345430
2026-06-29T07:01:42.533586,Elterleinplatz,17,345322
2026-06-29T07:01:42.533586,Elterleinplatz,17,345842
2026-06-29T07:01:42.533586,Elterleinplatz,17,345742
2026-06-29T07:01:42.533586,Elterleinplatz,17,345550
2026-06-29T07:01:42.533586,Elterleinplatz,17,346461
2026-06-29T07:01:42.533586,Elterleinplatz,17,346291
2026-06-29T07:01:42.533586,Elterleinplatz,17,346244
2026-06-29T07:01:42.533586,Elterleinplatz,17,346077
2026-06-29T07:01:42.533586,Elterleinplatz,17,346993
2026-06-29T07:01:42.533586,Elterleinplatz,17,346808
2026-06-29T07:01:42.533586,Elterleinplatz,17,347374
2026-06-29T07:01:42.533586,Elterleinplatz,17,347108
2026-06-29T07:01:42.533586,Elterleinplatz,17,347105
2026-06-29T07:01:42.533586,Elterleinplatz,17,347634
2026-06-29T07:01:42.533586,Elterleinplatz,17,348488
2026-06-29T07:01:42.533586,Elterleinplatz,17,348351
2026-06-29T07:01:42.533586,Canisiusgasse,16,345892
2026-06-29T07:01:42.533586,Canisiusgasse,16,345859
2026-06-29T07:01:42.533586,Canisiusgasse,16,345796
2026-06-29T07:01:42.533586,Canisiusgasse,16,345774
2026-06-29T07:01:42.533586,Canisiusgasse,16,345744
2026-06-29T07:01:42.533586,Canisiusgasse,16,345587
2026-06-29T07:01:42.533586,Canisiusgasse,16,345509
2026-06-29T07:01:42.533586,Canisiusgasse,16,346483
2026-06-29T07:01:42.533586,Canisiusgasse,16,346066
2026-06-29T07:01:42.533586,Canisiusgasse,16,346737
2026-06-29T07:01:42.533586,Canisiusgasse,16,347252
2026-06-29T07:01:42.533586,Canisiusgasse,16,347209
2026-06-29T07:01:42.533586,Canisiusgasse,16,347857
2026-06-29T07:01:42.533586,Canisiusgasse,16,347833
2026-06-29T07:01:42.533586,Canisiusgasse,16,347826
2026-06-29T07:01:42.533586,Canisiusgasse,16,348529
2026-06-29T07:01:42.533586,Meidling S U / Schedifkaplatz,15,345475
2026-06-29T07:01:42.533586,Meidling S U / Schedifkaplatz,15,345203
2026-06-29T07:01:42.533586,Meidling S U / Schedifkaplatz,15,345099
2026-06-29T07:01:42.533586,Meidling S U / Schedifkaplatz,15,345695
2026-06-29T07:01:42.533586,Meidling S U / Schedifkaplatz,15,345685
2026-06-29T07:01:42.533586,Meidling S U / Schedifkaplatz,15,346121
2026-06-29T07:01:42.533586,Meidling S U / Schedifkaplatz,15,346988
2026-06-29T07:01:42.533586,Meidling S U / Schedifkaplatz,15,347447
2026-06-29T07:01:42.533586,Meidling S U / Schedifkaplatz,15,347268
2026-06-29T07:01:42.533586,Meidling S U / Schedifkaplatz,15,347172
2026-06-29T07:01:42.533586,Meidling S U / Schedifkaplatz,15,347951
2026-06-29T07:01:42.533586,Meidling S U / Schedifkaplatz,15,347827
2026-06-29T07:01:42.533586,Meidling S U / Schedifkaplatz,15,347513
2026-06-29T07:01:42.533586,Meidling S U / Schedifkaplatz,15,348153
2026-06-29T07:01:42.533586,Meidling S U / Schedifkaplatz,15,348013
2026-06-29T07:01:42.533586,Palffygasse,23,345390
2026-06-29T07:01:42.533586,Palffygasse,23,345386
2026-06-29T07:01:42.533586,Palffygasse,23,345329
2026-06-29T07:01:42.533586,Palffygasse,23,345029
2026-06-29T07:01:42.533586,Palffygasse,23,345928
2026-06-29T07:01:42.533586,Palffygasse,23,346421
2026-06-29T07:01:42.533586,Palffygasse,23,346420
2026-06-29T07:01:42.533586,Palffygasse,23,346376
2026-06-29T07:01:42.533586,Palffygasse,23,346260
2026-06-29T07:01:42.533586,Palffygasse,23,346125
2026-06-29T07:01:42.533586,Palffygasse,23,346053
2026-06-29T07:01:42.533586,Palffygasse,23,346927
2026-06-29T07:01:42.533586,Palffygasse,23,346869
2026-06-29T07:01:42.533586,Palffygasse,23,347314
2026-06-29T07:01:42.533586,Palffygasse,23,347308
2026-06-29T07:01:42.533586,Palffygasse,23,347895
2026-06-29T07:01:42.533586,Palffygasse,23,347795
2026-06-29T07:01:42.533586,Palffygasse,23,347736
2026-06-29T07:01:42.533586,Palffygasse,23,347516
2026-06-29T07:01:42.533586,Palffygasse,23,348448
2026-06-29T07:01:42.533586,Palffygasse,23,348210
2026-06-29T07:01:42.533586,Palffygasse,23,348695
2026-06-29T07:01:42.533586,Palffygasse,23,349109
2026-06-29T07:01:42.533586,Gersthof S,13,345997
2026-06-29T07:01:42.533586,Gersthof S,13,345793
2026-06-29T07:01:42.533586,Gersthof S,13,345689
2026-06-29T07:01:42.533586,Gersthof S,13,345570
2026-06-29T07:01:42.533586,Gersthof S,13,346114
2026-06-29T07:01:42.533586,Gersthof S,13,347461
2026-06-29T07:01:42.533586,Gersthof S,13,347383
2026-06-29T07:01:42.533586,Gersthof S,13,347282
2026-06-29T07:01:42.533586,Gersthof S,13,348494
2026-06-29T07:01:42.533586,Gersthof S,13,348352
2026-06-29T07:01:42.533586,Gersthof S,13,348246
2026-06-29T07:01:42.533586,Gersthof S,13,348232
2026-06-29T07:01:42.533586,Gersthof S,13,398866
2026-06-29T07:01:42.533586,Reinprechtsdorfer Brücke,28,345459
2026-06-29T07:01:42.533586,Reinprechtsdorfer Brücke,28,345129
2026-06-29T07:01:42.533586,Reinprechtsdorfer Brücke,28,345089
2026-06-29T07:01:42.533586,Reinprechtsdorfer Brücke,28,345948
2026-06-29T07:01:42.533586,Reinprechtsdorfer Brücke,28,345916
2026-06-29T07:01:42.533586,Reinprechtsdorfer Brücke,28,345789
2026-06-29T07:01:42.533586,Reinprechtsdorfer Brücke,28,345639
2026-06-29T07:01:42.533586,Reinprechtsdorfer Brücke,28,345598
2026-06-29T07:01:42.533586,Reinprechtsdorfer Brücke,28,346307
2026-06-29T07:01:42.533586,Reinprechtsdorfer Brücke,28,346282
2026-06-29T07:01:42.533586,Reinprechtsdorfer Brücke,28,346218
2026-06-29T07:01:42.533586,Reinprechtsdorfer Brücke,28,346166
2026-06-29T07:01:42.533586,Reinprechtsdorfer Brücke,28,346147
2026-06-29T07:01:42.533586,Reinprechtsdorfer Brücke,28,346882
2026-06-29T07:01:42.533586,Reinprechtsdorfer Brücke,28,346831
2026-06-29T07:01:42.533586,Reinprechtsdorfer Brücke,28,346674
2026-06-29T07:01:42.533586,Reinprechtsdorfer Brücke,28,346547
2026-06-29T07:01:42.533586,Reinprechtsdorfer Brücke,28,347288
2026-06-29T07:01:42.533586,Reinprechtsdorfer Brücke,28,347132
2026-06-29T07:01:42.533586,Reinprechtsdorfer Brücke,28,347096
2026-06-29T07:01:42.533586,Reinprechtsdorfer Brücke,28,347092
2026-06-29T07:01:42.533586,Reinprechtsdorfer Brücke,28,347885
2026-06-29T07:01:42.533586,Reinprechtsdorfer Brücke,28,347817
2026-06-29T07:01:42.533586,Reinprechtsdorfer Brücke,28,347792
2026-06-29T07:01:42.533586,Reinprechtsdorfer Brücke,28,348406
2026-06-29T07:01:42.533586,Reinprechtsdorfer Brücke,28,348007
2026-06-29T07:01:42.533586,Reinprechtsdorfer Brücke,28,348595
2026-06-29T07:01:42.533586,Reinprechtsdorfer Brücke,28,398768
2026-06-29T07:01:42.533586,Siebensterngasse,2,346673
2026-06-29T07:01:42.533586,Siebensterngasse,2,398775
2026-06-29T07:01:42.533586,Siebenbrunnenplatz,12,346301
2026-06-29T07:01:42.533586,Siebenbrunnenplatz,12,346826
2026-06-29T07:01:42.533586,Siebenbrunnenplatz,12,346787
2026-06-29T07:01:42.533586,Siebenbrunnenplatz,12,346773
2026-06-29T07:01:42.533586,Siebenbrunnenplatz,12,347261
2026-06-29T07:01:42.533586,Siebenbrunnenplatz,12,347122
2026-06-29T07:01:42.533586,Siebenbrunnenplatz,12,347063
2026-06-29T07:01:42.533586,Siebenbrunnenplatz,12,347919
2026-06-29T07:01:42.533586,Siebenbrunnenplatz,12,347624
2026-06-29T07:01:42.533586,Siebenbrunnenplatz,12,347583
2026-06-29T07:01:42.533586,Siebenbrunnenplatz,12,348301
2026-06-29T07:01:42.533586,Siebenbrunnenplatz,12,348941
2026-06-29T07:01:42.533586,Rosensteingasse / Blumengasse,23,345277
2026-06-29T07:01:42.533586,Rosensteingasse / Blumengasse,23,345881
2026-06-29T07:01:42.533586,Rosensteingasse / Blumengasse,23,345603
2026-06-29T07:01:42.533586,Rosensteingasse / Blumengasse,23,346312
2026-06-29T07:01:42.533586,Rosensteingasse / Blumengasse,23,346150
2026-06-29T07:01:42.533586,Rosensteingasse / Blumengasse,23,346047
2026-06-29T07:01:42.533586,Rosensteingasse / Blumengasse,23,346874
2026-06-29T07:01:42.533586,Rosensteingasse / Blumengasse,23,346813
2026-06-29T07:01:42.533586,Rosensteingasse / Blumengasse,23,346744
2026-06-29T07:01:42.533586,Rosensteingasse / Blumengasse,23,346742
2026-06-29T07:01:42.533586,Rosensteingasse / Blumengasse,23,346670
2026-06-29T07:01:42.533586,Rosensteingasse / Blumengasse,23,346564
2026-06-29T07:01:42.533586,Rosensteingasse / Blumengasse,23,347365
2026-06-29T07:01:42.533586,Rosensteingasse / Blumengasse,23,347357
2026-06-29T07:01:42.533586,Rosensteingasse / Blumengasse,23,347032
2026-06-29T07:01:42.533586,Rosensteingasse / Blumengasse,23,347942
2026-06-29T07:01:42.533586,Rosensteingasse / Blumengasse,23,347815
2026-06-29T07:01:42.533586,Rosensteingasse / Blumengasse,23,347746
2026-06-29T07:01:42.533586,Rosensteingasse / Blumengasse,23,348455
2026-06-29T07:01:42.533586,Rosensteingasse / Blumengasse,23,348273
2026-06-29T07:01:42.533586,Rosensteingasse / Blumengasse,23,348189
2026-06-29T07:01:42.533586,Rosensteingasse / Blumengasse,23,348127
2026-06-29T07:01:42.533586,Rosensteingasse / Blumengasse,23,348071
2026-06-29T07:01:42.533586,Schottenring U /Herminengasse,4,345210
2026-06-29T07:01:42.533586,Schottenring U /Herminengasse,4,345124
2026-06-29T07:01:42.533586,Schottenring U /Herminengasse,4,346865
2026-06-29T07:01:42.533586,Schottenring U /Herminengasse,4,347161
2026-06-29T07:01:42.533586,Josefstädter Straße U,15,345134
2026-06-29T07:01:42.533586,Josefstädter Straße U,15,345554
2026-06-29T07:01:42.533586,Josefstädter Straße U,15,346781
2026-06-29T07:01:42.533586,Josefstädter Straße U,15,346721
2026-06-29T07:01:42.533586,Josefstädter Straße U,15,347395
2026-06-29T07:01:42.533586,Josefstädter Straße U,15,347326
2026-06-29T07:01:42.533586,Josefstädter Straße U,15,347228
2026-06-29T07:01:42.533586,Josefstädter Straße U,15,347123
2026-06-29T07:01:42.533586,Josefstädter Straße U,15,347893
2026-06-29T07:01:42.533586,Josefstädter Straße U,15,347678
2026-06-29T07:01:42.533586,Josefstädter Straße U,15,347677
2026-06-29T07:01:42.533586,Josefstädter Straße U,15,347671
2026-06-29T07:01:42.533586,Josefstädter Straße U,15,347641
2026-06-29T07:01:42.533586,Josefstädter Straße U,15,348238
2026-06-29T07:01:42.533586,Josefstädter Straße U,15,398762
2026-06-29T07:01:42.533586,Friedrich-Engels-Platz,12,345154
2026-06-29T07:01:42.533586,Friedrich-Engels-Platz,12,345979
2026-06-29T07:01:42.533586,Friedrich-Engels-Platz,12,345762
2026-06-29T07:01:42.533586,Friedrich-Engels-Platz,12,345577
2026-06-29T07:01:42.533586,Friedrich-Engels-Platz,12,346075
2026-06-29T07:01:42.533586,Friedrich-Engels-Platz,12,346740
2026-06-29T07:01:42.533586,Friedrich-Engels-Platz,12,347389
2026-06-29T07:01:42.533586,Friedrich-Engels-Platz,12,347694
2026-06-29T07:01:42.533586,Friedrich-Engels-Platz,12,347535
2026-06-29T07:01:42.533586,Friedrich-Engels-Platz,12,348453
2026-06-29T07:01:42.533586,Friedrich-Engels-Platz,12,348230
2026-06-29T07:01:42.533586,Friedrich-Engels-Platz,12,398838
2026-06-29T07:01:42.533586,Dresdner Straße U,23,345453
2026-06-29T07:01:42.533586,Dresdner Straße U,23,345377
2026-06-29T07:01:42.533586,Dresdner Straße U,23,345288
2026-06-29T07:01:42.533586,Dresdner Straße U,23,345045
2026-06-29T07:01:42.533586,Dresdner Straße U,23,345780
2026-06-29T07:01:42.533586,Dresdner Straße U,23,345632
2026-06-29T07:01:42.533586,Dresdner Straße U,23,345596
2026-06-29T07:01:42.533586,Dresdner Straße U,23,345593
2026-06-29T07:01:42.533586,Dresdner Straße U,23,346479
2026-06-29T07:01:42.533586,Dresdner Straße U,23,346225
2026-06-29T07:01:42.533586,Dresdner Straße U,23,346136
2026-06-29T07:01:42.533586,Dresdner Straße U,23,346040
2026-06-29T07:01:42.533586,Dresdner Straße U,23,346986
2026-06-29T07:01:42.533586,Dresdner Straße U,23,346727
2026-06-29T07:01:42.533586,Dresdner Straße U,23,346608
2026-06-29T07:01:42.533586,Dresdner Straße U,23,347418
2026-06-29T07:01:42.533586,Dresdner Straße U,23,347981
2026-06-29T07:01:42.533586,Dresdner Straße U,23,347522
2026-06-29T07:01:42.533586,Dresdner Straße U,23,347520
2026-06-29T07:01:42.533586,Dresdner Straße U,23,348442
2026-06-29T07:01:42.533586,Dresdner Straße U,23,348068
2026-06-29T07:01:42.533586,Dresdner Straße U,23,398854
2026-06-29T07:01:42.533586,Dresdner Straße U,23,398753
2026-06-29T07:01:42.533586,Jägerstraße U,23,345474
2026-06-29T07:01:42.533586,Jägerstraße U,23,345806
2026-06-29T07:01:42.533586,Jägerstraße U,23,345761
2026-06-29T07:01:42.533586,Jägerstraße U,23,345589
2026-06-29T07:01:42.533586,Jägerstraße U,23,346384
2026-06-29T07:01:42.533586,Jägerstraße U,23,346363
2026-06-29T07:01:42.533586,Jägerstraße U,23,346332
2026-06-29T07:01:42.533586,Jägerstraße U,23,346031
2026-06-29T07:01:42.533586,Jägerstraße U,23,346924
2026-06-29T07:01:42.533586,Jägerstraße U,23,346857
2026-06-29T07:01:42.533586,Jägerstraße U,23,346842
2026-06-29T07:01:42.533586,Jägerstraße U,23,346772
2026-06-29T07:01:42.533586,Jägerstraße U,23,346756
2026-06-29T07:01:42.533586,Jägerstraße U,23,346536
2026-06-29T07:01:42.533586,Jägerstraße U,23,347454
2026-06-29T07:01:42.533586,Jägerstraße U,23,347328
2026-06-29T07:01:42.533586,Jägerstraße U,23,347899
2026-06-29T07:01:42.533586,Jägerstraße U,23,347712
2026-06-29T07:01:42.533586,Jägerstraße U,23,348420
2026-06-29T07:01:42.533586,Jägerstraße U,23,348284
2026-06-29T07:01:42.533586,Jägerstraße U,23,348663
2026-06-29T07:01:42.533586,Jägerstraße U,23,398744
2026-06-29T07:01:42.533586,Jägerstraße U,23,348928
2026-06-29T07:01:42.533586,Traisengasse S,8,345368
2026-06-29T07:01:42.533586,Traisengasse S,8,345017
2026-06-29T07:01:42.533586,Traisengasse S,8,345865
2026-06-29T07:01:42.533586,Traisengasse S,8,345584
2026-06-29T07:01:42.533586,Traisengasse S,8,346802
2026-06-29T07:01:42.533586,Traisengasse S,8,347944
2026-06-29T07:01:42.533586,Traisengasse S,8,347935
2026-06-29T07:01:42.533586,Traisengasse S,8,348154
2026-06-29T07:01:42.533586,Kettenbrückengasse U / Naschmarkt,6,345778
2026-06-29T07:01:42.533586,Kettenbrückengasse U / Naschmarkt,6,347967
2026-06-29T07:01:42.533586,Kettenbrückengasse U / Naschmarkt,6,347883
2026-06-29T07:01:42.533586,Kettenbrückengasse U / Naschmarkt,6,347875
2026-06-29T07:01:42.533586,Kettenbrückengasse U / Naschmarkt,6,348390
2026-06-29T07:01:42.533586,Kettenbrückengasse U / Naschmarkt,6,348565
2026-06-29T07:01:42.533586,Aumannplatz,24,345323
2026-06-29T07:01:42.533586,Aumannplatz,24,345050
2026-06-29T07:01:42.533586,Aumannplatz,24,345008
2026-06-29T07:01:42.533586,Aumannplatz,24,345887
2026-06-29T07:01:42.533586,Aumannplatz,24,345875
2026-06-29T07:01:42.533586,Aumannplatz,24,345556
2026-06-29T07:01:42.533586,Aumannplatz,24,346124
2026-06-29T07:01:42.533586,Aumannplatz,24,346080
2026-06-29T07:01:42.533586,Aumannplatz,24,346035
2026-06-29T07:01:42.533586,Aumannplatz,24,346934
2026-06-29T07:01:42.533586,Aumannplatz,24,346736
2026-06-29T07:01:42.533586,Aumannplatz,24,347207
2026-06-29T07:01:42.533586,Aumannplatz,24,347194
2026-06-29T07:01:42.533586,Aumannplatz,24,347156
2026-06-29T07:01:42.533586,Aumannplatz,24,347151
2026-06-29T07:01:42.533586,Aumannplatz,24,347135
2026-06-29T07:01:42.533586,Aumannplatz,24,347098
2026-06-29T07:01:42.533586,Aumannplatz,24,347953
2026-06-29T07:01:42.533586,Aumannplatz,24,347878
2026-06-29T07:01:42.533586,Aumannplatz,24,347772
2026-06-29T07:01:42.533586,Aumannplatz,24,348444
2026-06-29T07:01:42.533586,Aumannplatz,24,348270
2026-06-29T07:01:42.533586,Aumannplatz,24,348224
2026-06-29T07:01:42.533586,Aumannplatz,24,348037
2026-06-29T07:01:42.533586,Längenfeldgasse U,41,345326
2026-06-29T07:01:42.533586,Längenfeldgasse U,41,345285
2026-06-29T07:01:42.533586,Längenfeldgasse U,41,345228
2026-06-29T07:01:42.533586,Längenfeldgasse U,41,345215
2026-06-29T07:01:42.533586,Längenfeldgasse U,41,345184
2026-06-29T07:01:42.533586,Längenfeldgasse U,41,345878
2026-06-29T07:01:42.533586,Längenfeldgasse U,41,345873
2026-06-29T07:01:42.533586,Längenfeldgasse U,41,345815
2026-06-29T07:01:42.533586,Längenfeldgasse U,41,345606
2026-06-29T07:01:42.533586,Längenfeldgasse U,41,345545
2026-06-29T07:01:42.533586,Längenfeldgasse U,41,346333
2026-06-29T07:01:42.533586,Längenfeldgasse U,41,346281
2026-06-29T07:01:42.533586,Längenfeldgasse U,41,346247
2026-06-29T07:01:42.533586,Längenfeldgasse U,41,346238
2026-06-29T07:01:42.533586,Längenfeldgasse U,41,346200
2026-06-29T07:01:42.533586,Längenfeldgasse U,41,346195
2026-06-29T07:01:42.533586,Längenfeldgasse U,41,346158
2026-06-29T07:01:42.533586,Längenfeldgasse U,41,346039
2026-06-29T07:01:42.533586,Längenfeldgasse U,41,346016
2026-06-29T07:01:42.533586,Längenfeldgasse U,41,346971
2026-06-29T07:01:42.533586,Längenfeldgasse U,41,346959
2026-06-29T07:01:42.533586,Längenfeldgasse U,41,346873
2026-06-29T07:01:42.533586,Längenfeldgasse U,41,346728
2026-06-29T07:01:42.533586,Längenfeldgasse U,41,346645
2026-06-29T07:01:42.533586,Längenfeldgasse U,41,346630
2026-06-29T07:01:42.533586,Längenfeldgasse U,41,346519
2026-06-29T07:01:42.533586,Längenfeldgasse U,41,346510
2026-06-29T07:01:42.533586,Längenfeldgasse U,41,347482
2026-06-29T07:01:42.533586,Längenfeldgasse U,41,347360
2026-06-29T07:01:42.533586,Längenfeldgasse U,41,347343
2026-06-29T07:01:42.533586,Längenfeldgasse U,41,347977
2026-06-29T07:01:42.533586,Längenfeldgasse U,41,347803
2026-06-29T07:01:42.533586,Längenfeldgasse U,41,347755
2026-06-29T07:01:42.533586,Längenfeldgasse U,41,347731
2026-06-29T07:01:42.533586,Längenfeldgasse U,41,347659
2026-06-29T07:01:42.533586,Längenfeldgasse U,41,347656
2026-06-29T07:01:42.533586,Längenfeldgasse U,41,347518
2026-06-29T07:01:42.533586,Längenfeldgasse U,41,348449
2026-06-29T07:01:42.533586,Längenfeldgasse U,41,348409
2026-06-29T07:01:42.533586,Längenfeldgasse U,41,348227
2026-06-29T07:01:42.533586,Längenfeldgasse U,41,348020
2026-06-29T07:01:42.533586,Althanstraße,19,345464
2026-06-29T07:01:42.533586,Althanstraße,19,345417
2026-06-29T07:01:42.533586,Althanstraße,19,345183
2026-06-29T07:01:42.533586,Althanstraße,19,345126
2026-06-29T07:01:42.533586,Althanstraße,19,345032
2026-06-29T07:01:42.533586,Althanstraße,19,345567
2026-06-29T07:01:42.533586,Althanstraße,19,346183
2026-06-29T07:01:42.533586,Althanstraße,19,346163
2026-06-29T07:01:42.533586,Althanstraße,19,346021
2026-06-29T07:01:42.533586,Althanstraße,19,347274
2026-06-29T07:01:42.533586,Althanstraße,19,347043
2026-06-29T07:01:42.533586,Althanstraße,19,347589
2026-06-29T07:01:42.533586,Althanstraße,19,348433
2026-06-29T07:01:42.533586,Althanstraße,19,348329
2026-06-29T07:01:42.533586,Althanstraße,19,348292
2026-06-29T07:01:42.533586,Althanstraße,19,348241
2026-06-29T07:01:42.533586,Althanstraße,19,348713
2026-06-29T07:01:42.533586,Althanstraße,19,348530
2026-06-29T07:01:42.533586,Althanstraße,19,398814
2026-06-29T07:01:42.533586,Schottentor U,20,345981
2026-06-29T07:01:42.533586,Schottentor U,20,345966
2026-06-29T07:01:42.533586,Schottentor U,20,345902
2026-06-29T07:01:42.533586,Schottentor U,20,345898
2026-06-29T07:01:42.533586,Schottentor U,20,345591
2026-06-29T07:01:42.533586,Schottentor U,20,346111
2026-06-29T07:01:42.533586,Schottentor U,20,346013
2026-06-29T07:01:42.533586,Schottentor U,20,346776
2026-06-29T07:01:42.533586,Schottentor U,20,346535
2026-06-29T07:01:42.533586,Schottentor U,20,347174
2026-06-29T07:01:42.533586,Schottentor U,20,347763
2026-06-29T07:01:42.533586,Schottentor U,20,348485
2026-06-29T07:01:42.533586,Schottentor U,20,348096
2026-06-29T07:01:42.533586,Schottentor U,20,348047
2026-06-29T07:01:42.533586,Schottentor U,20,348014
2026-06-29T07:01:42.533586,Schottentor U,20,348644
2026-06-29T07:01:42.533586,Schottentor U,20,348521
2026-06-29T07:01:42.533586,Schottentor U,20,349003
2026-06-29T07:01:42.533586,Schottentor U,20,348873
2026-06-29T07:01:42.533586,Schottentor U,20,398871
2026-06-29T07:01:42.533586,Neubaugasse U,1,346171
2026-06-29T07:01:42.533586,Museumsquartier U,40,345497
2026-06-29T07:01:42.533586,Museumsquartier U,40,345476
2026-06-29T07:01:42.533586,Museumsquartier U,40,345460
2026-06-29T07:01:42.533586,Museumsquartier U,40,345449
2026-06-29T07:01:42.533586,Museumsquartier U,40,345382
2026-06-29T07:01:42.533586,Museumsquartier U,40,345303
2026-06-29T07:01:42.533586,Museumsquartier U,40,345222
2026-06-29T07:01:42.533586,Museumsquartier U,40,345194
2026-06-29T07:01:42.533586,Museumsquartier U,40,345046
2026-06-29T07:01:42.533586,Museumsquartier U,40,345037
2026-06-29T07:01:42.533586,Museumsquartier U,40,345971
2026-06-29T07:01:42.533586,Museumsquartier U,40,345642
2026-06-29T07:01:42.533586,Museumsquartier U,40,345597
2026-06-29T07:01:42.533586,Museumsquartier U,40,346455
2026-06-29T07:01:42.533586,Museumsquartier U,40,346273
2026-06-29T07:01:42.533586,Museumsquartier U,40,346015
2026-06-29T07:01:42.533586,Museumsquartier U,40,346731
2026-06-29T07:01:42.533586,Museumsquartier U,40,346634
2026-06-29T07:01:42.533586,Museumsquartier U,40,346582
2026-06-29T07:01:42.533586,Museumsquartier U,40,347475
2026-06-29T07:01:42.533586,Museumsquartier U,40,347120
2026-06-29T07:01:42.533586,Museumsquartier U,40,347054
2026-06-29T07:01:42.533586,Museumsquartier U,40,347781
2026-06-29T07:01:42.533586,Museumsquartier U,40,347648
2026-06-29T07:01:42.533586,Museumsquartier U,40,347629
2026-06-29T07:01:42.533586,Museumsquartier U,40,347609
2026-06-29T07:01:42.533586,Museumsquartier U,40,347581
2026-06-29T07:01:42.533586,Museumsquartier U,40,347515
2026-06-29T07:01:42.533586,Museumsquartier U,40,348456
2026-06-29T07:01:42.533586,Museumsquartier U,40,348309
2026-06-29T07:01:42.533586,Museumsquartier U,40,348193
2026-06-29T07:01:42.533586,Museumsquartier U,40,348162
2026-06-29T07:01:42.533586,Museumsquartier U,40,348693
2026-06-29T07:01:42.533586,Museumsquartier U,40,348641
2026-06-29T07:01:42.533586,Museumsquartier U,40,348613
2026-06-29T07:01:42.533586,Museumsquartier U,40,348610
2026-06-29T07:01:42.533586,Museumsquartier U,40,348601
2026-06-29T07:01:42.533586,Museumsquartier U,40,398783
2026-06-29T07:01:42.533586,Museumsquartier U,40,349054
2026-06-29T07:01:42.533586,Museumsquartier U,40,398870
2026-06-29T07:01:42.533586,Johnstrasse U,15,345471
2026-06-29T07:01:42.533586,Johnstrasse U,15,345375
2026-06-29T07:01:42.533586,Johnstrasse U,15,345145
2026-06-29T07:01:42.533586,Johnstrasse U,15,345883
2026-06-29T07:01:42.533586,Johnstrasse U,15,345882
2026-06-29T07:01:42.533586,Johnstrasse U,15,345765
2026-06-29T07:01:42.533586,Johnstrasse U,15,346356
2026-06-29T07:01:42.533586,Johnstrasse U,15,346277
2026-06-29T07:01:42.533586,Johnstrasse U,15,346055
2026-06-29T07:01:42.533586,Johnstrasse U,15,346698
2026-06-29T07:01:42.533586,Johnstrasse U,15,346504
2026-06-29T07:01:42.533586,Johnstrasse U,15,347432
2026-06-29T07:01:42.533586,Johnstrasse U,15,347363
2026-06-29T07:01:42.533586,Johnstrasse U,15,348538
2026-06-29T07:01:42.533586,Johnstrasse U,15,398803
2026-06-29T07:01:42.533586,Turnergasse,13,345436
2026-06-29T07:01:42.533586,Turnergasse,13,346199
2026-06-29T07:01:42.533586,Turnergasse,13,346120
2026-06-29T07:01:42.533586,Turnergasse,13,346979
2026-06-29T07:01:42.533586,Turnergasse,13,346904
2026-06-29T07:01:42.533586,Turnergasse,13,346841
2026-06-29T07:01:42.533586,Turnergasse,13,346815
2026-06-29T07:01:42.533586,Turnergasse,13,347466
2026-06-29T07:01:42.533586,Turnergasse,13,347247
2026-06-29T07:01:42.533586,Turnergasse,13,347724
2026-06-29T07:01:42.533586,Turnergasse,13,347646
2026-06-29T07:01:42.533586,Turnergasse,13,348551
2026-06-29T07:01:42.533586,Turnergasse,13,398816
2026-06-29T07:01:42.533586,Kutschkergasse,3,345033
2026-06-29T07:01:42.533586,Kutschkergasse,3,345767
2026-06-29T07:01:42.533586,Kutschkergasse,3,346631
2026-06-29T07:01:42.533586,Brückengasse,13,345374
2026-06-29T07:01:42.533586,Brückengasse,13,345315
2026-06-29T07:01:42.533586,Brückengasse,13,345164
2026-06-29T07:01:42.533586,Brückengasse,13,345054
2026-06-29T07:01:42.533586,Brückengasse,13,345558
2026-06-29T07:01:42.533586,Brückengasse,13,346719
2026-06-29T07:01:42.533586,Brückengasse,13,347053
2026-06-29T07:01:42.533586,Brückengasse,13,347686
2026-06-29T07:01:42.533586,Brückengasse,13,347635
2026-06-29T07:01:42.533586,Brückengasse,13,348487
2026-06-29T07:01:42.533586,Brückengasse,13,348291
2026-06-29T07:01:42.533586,Brückengasse,13,398788
2026-06-29T07:01:42.533586,Brückengasse,13,349002
2026-06-29T07:01:42.533586,Schuhmeierplatz,27,345314
2026-06-29T07:01:42.533586,Schuhmeierplatz,27,345219
2026-06-29T07:01:42.533586,Schuhmeierplatz,27,345189
2026-06-29T07:01:42.533586,Schuhmeierplatz,27,345156
2026-06-29T07:01:42.533586,Schuhmeierplatz,27,345973
2026-06-29T07:01:42.533586,Schuhmeierplatz,27,345906
2026-06-29T07:01:42.533586,Schuhmeierplatz,27,345831
2026-06-29T07:01:42.533586,Schuhmeierplatz,27,345585
2026-06-29T07:01:42.533586,Schuhmeierplatz,27,346472
2026-06-29T07:01:42.533586,Schuhmeierplatz,27,346419
2026-06-29T07:01:42.533586,Schuhmeierplatz,27,346097
2026-06-29T07:01:42.533586,Schuhmeierplatz,27,346020
2026-06-29T07:01:42.533586,Schuhmeierplatz,27,346833
2026-06-29T07:01:42.533586,Schuhmeierplatz,27,346534
2026-06-29T07:01:42.533586,Schuhmeierplatz,27,347362
2026-06-29T07:01:42.533586,Schuhmeierplatz,27,347213
2026-06-29T07:01:42.533586,Schuhmeierplatz,27,347722
2026-06-29T07:01:42.533586,Schuhmeierplatz,27,347702
2026-06-29T07:01:42.533586,Schuhmeierplatz,27,347675
2026-06-29T07:01:42.533586,Schuhmeierplatz,27,347526
2026-06-29T07:01:42.533586,Schuhmeierplatz,27,348475
2026-06-29T07:01:42.533586,Schuhmeierplatz,27,348073
2026-06-29T07:01:42.533586,Schuhmeierplatz,27,348648
2026-06-29T07:01:42.533586,Schuhmeierplatz,27,348596
2026-06-29T07:01:42.533586,Schuhmeierplatz,27,348577
2026-06-29T07:01:42.533586,Schuhmeierplatz,27,398740
2026-06-29T07:01:42.533586,Schuhmeierplatz,27,349043
2026-06-29T07:01:42.533586,Schönbrunn U,10,345155
2026-06-29T07:01:42.533586,Schönbrunn U,10,346368
2026-06-29T07:01:42.533586,Schönbrunn U,10,346129
2026-06-29T07:01:42.533586,Schönbrunn U,10,346038
2026-06-29T07:01:42.533586,Schönbrunn U,10,346939
2026-06-29T07:01:42.533586,Schönbrunn U,10,346780
2026-06-29T07:01:42.533586,Schönbrunn U,10,346575
2026-06-29T07:01:42.533586,Schönbrunn U,10,347810
2026-06-29T07:01:42.533586,Schönbrunn U,10,348234
2026-06-29T07:01:42.533586,Schönbrunn U,10,348524
2026-06-29T07:01:42.533586,Hermesstraße / Oscar-Straus-Park ,6,345726
2026-06-29T07:01:42.533586,Hermesstraße / Oscar-Straus-Park ,6,346997
2026-06-29T07:01:42.533586,Hermesstraße / Oscar-Straus-Park ,6,346743
2026-06-29T07:01:42.533586,Hermesstraße / Oscar-Straus-Park ,6,348535
2026-06-29T07:01:42.533586,Hermesstraße / Oscar-Straus-Park ,6,349079
2026-06-29T07:01:42.533586,Hermesstraße / Oscar-Straus-Park ,6,349163
2026-06-29T07:01:42.533586,Modecenterstraße / The Marks,23,345004
2026-06-29T07:01:42.533586,Modecenterstraße / The Marks,23,345723
2026-06-29T07:01:42.533586,Modecenterstraße / The Marks,23,345559
2026-06-29T07:01:42.533586,Modecenterstraße / The Marks,23,346354
2026-06-29T07:01:42.533586,Modecenterstraße / The Marks,23,346248
2026-06-29T07:01:42.533586,Modecenterstraße / The Marks,23,346104
2026-06-29T07:01:42.533586,Modecenterstraße / The Marks,23,346953
2026-06-29T07:01:42.533586,Modecenterstraße / The Marks,23,346944
2026-06-29T07:01:42.533586,Modecenterstraße / The Marks,23,346937
2026-06-29T07:01:42.533586,Modecenterstraße / The Marks,23,346936
2026-06-29T07:01:42.533586,Modecenterstraße / The Marks,23,346820
2026-06-29T07:01:42.533586,Modecenterstraße / The Marks,23,346817
2026-06-29T07:01:42.533586,Modecenterstraße / The Marks,23,347388
2026-06-29T07:01:42.533586,Modecenterstraße / The Marks,23,347371
2026-06-29T07:01:42.533586,Modecenterstraße / The Marks,23,347242
2026-06-29T07:01:42.533586,Modecenterstraße / The Marks,23,347718
2026-06-29T07:01:42.533586,Modecenterstraße / The Marks,23,347680
2026-06-29T07:01:42.533586,Modecenterstraße / The Marks,23,348208
2026-06-29T07:01:42.533586,Modecenterstraße / The Marks,23,348582
2026-06-29T07:01:42.533586,Modecenterstraße / The Marks,23,348539
2026-06-29T07:01:42.533586,Modecenterstraße / The Marks,23,398857
2026-06-29T07:01:42.533586,Modecenterstraße / The Marks,23,398837
2026-06-29T07:01:42.533586,Modecenterstraße / The Marks,23,349177
2026-06-29T07:01:42.533586,Am Langen Felde,3,345473
2026-06-29T07:01:42.533586,Am Langen Felde,3,345769
2026-06-29T07:01:42.533586,Am Langen Felde,3,347385
2026-06-29T07:01:42.533586,Pilgramgasse U,23,345364
2026-06-29T07:01:42.533586,Pilgramgasse U,23,345357
2026-06-29T07:01:42.533586,Pilgramgasse U,23,345225
2026-06-29T07:01:42.533586,Pilgramgasse U,23,345968
2026-06-29T07:01:42.533586,Pilgramgasse U,23,345813
2026-06-29T07:01:42.533586,Pilgramgasse U,23,345675
2026-06-29T07:01:42.533586,Pilgramgasse U,23,345651
2026-06-29T07:01:42.533586,Pilgramgasse U,23,345547
2026-06-29T07:01:42.533586,Pilgramgasse U,23,346375
2026-06-29T07:01:42.533586,Pilgramgasse U,23,346342
2026-06-29T07:01:42.533586,Pilgramgasse U,23,346269
2026-06-29T07:01:42.533586,Pilgramgasse U,23,346770
2026-06-29T07:01:42.533586,Pilgramgasse U,23,346749
2026-06-29T07:01:42.533586,Pilgramgasse U,23,347430
2026-06-29T07:01:42.533586,Pilgramgasse U,23,347412
2026-06-29T07:01:42.533586,Pilgramgasse U,23,347141
2026-06-29T07:01:42.533586,Pilgramgasse U,23,347082
2026-06-29T07:01:42.533586,Pilgramgasse U,23,347896
2026-06-29T07:01:42.533586,Pilgramgasse U,23,347787
2026-06-29T07:01:42.533586,Pilgramgasse U,23,348465
2026-06-29T07:01:42.533586,Pilgramgasse U,23,348377
2026-06-29T07:01:42.533586,Pilgramgasse U,23,348274
2026-06-29T07:01:42.533586,Pilgramgasse U,23,348607
2026-06-29T07:01:42.533586,Purkytgasse ,9,345317
2026-06-29T07:01:42.533586,Purkytgasse ,9,345283
2026-06-29T07:01:42.533586,Purkytgasse ,9,345641
2026-06-29T07:01:42.533586,Purkytgasse ,9,346193
2026-06-29T07:01:42.533586,Purkytgasse ,9,347428
2026-06-29T07:01:42.533586,Purkytgasse ,9,347426
2026-06-29T07:01:42.533586,Purkytgasse ,9,347852
2026-06-29T07:01:42.533586,Purkytgasse ,9,347814
2026-06-29T07:01:42.533586,Purkytgasse ,9,348009
2026-06-29T07:01:42.533586,Neue Donau U,31,345328
2026-06-29T07:01:42.533586,Neue Donau U,31,345798
2026-06-29T07:01:42.533586,Neue Donau U,31,345648
2026-06-29T07:01:42.533586,Neue Donau U,31,346100
2026-06-29T07:01:42.533586,Neue Donau U,31,346011
2026-06-29T07:01:42.533586,Neue Donau U,31,346553
2026-06-29T07:01:42.533586,Neue Donau U,31,347468
2026-06-29T07:01:42.533586,Neue Donau U,31,347334
2026-06-29T07:01:42.533586,Neue Donau U,31,347050
2026-06-29T07:01:42.533586,Neue Donau U,31,347836
2026-06-29T07:01:42.533586,Neue Donau U,31,347723
2026-06-29T07:01:42.533586,Neue Donau U,31,347599
2026-06-29T07:01:42.533586,Neue Donau U,31,347590
2026-06-29T07:01:42.533586,Neue Donau U,31,347584
2026-06-29T07:01:42.533586,Neue Donau U,31,347582
2026-06-29T07:01:42.533586,Neue Donau U,31,348424
2026-06-29T07:01:42.533586,Neue Donau U,31,348394
2026-06-29T07:01:42.533586,Neue Donau U,31,348393
2026-06-29T07:01:42.533586,Neue Donau U,31,348054
2026-06-29T07:01:42.533586,Neue Donau U,31,348028
2026-06-29T07:01:42.533586,Neue Donau U,31,348006
2026-06-29T07:01:42.533586,Neue Donau U,31,348000
2026-06-29T07:01:42.533586,Neue Donau U,31,348654
2026-06-29T07:01:42.533586,Neue Donau U,31,348569
2026-06-29T07:01:42.533586,Neue Donau U,31,348563
2026-06-29T07:01:42.533586,Neue Donau U,31,348520
2026-06-29T07:01:42.533586,Neue Donau U,31,398729
2026-06-29T07:01:42.533586,Neue Donau U,31,349089
2026-06-29T07:01:42.533586,Neue Donau U,31,349083
2026-06-29T07:01:42.533586,Neue Donau U,31,349070
2026-06-29T07:01:42.533586,Neue Donau U,31,349061
2026-06-29T07:01:42.533586,Franz-Josef Bahnhof S,18,345412
2026-06-29T07:01:42.533586,Franz-Josef Bahnhof S,18,345363
2026-06-29T07:01:42.533586,Franz-Josef Bahnhof S,18,345200
2026-06-29T07:01:42.533586,Franz-Josef Bahnhof S,18,345021
2026-06-29T07:01:42.533586,Franz-Josef Bahnhof S,18,345814
2026-06-29T07:01:42.533586,Franz-Josef Bahnhof S,18,345783
2026-06-29T07:01:42.533586,Franz-Josef Bahnhof S,18,346487
2026-06-29T07:01:42.533586,Franz-Josef Bahnhof S,18,346271
2026-06-29T07:01:42.533586,Franz-Josef Bahnhof S,18,346032
2026-06-29T07:01:42.533586,Franz-Josef Bahnhof S,18,346875
2026-06-29T07:01:42.533586,Franz-Josef Bahnhof S,18,347222
2026-06-29T07:01:42.533586,Franz-Josef Bahnhof S,18,347146
2026-06-29T07:01:42.533586,Franz-Josef Bahnhof S,18,347996
2026-06-29T07:01:42.533586,Franz-Josef Bahnhof S,18,347964
2026-06-29T07:01:42.533586,Franz-Josef Bahnhof S,18,347774
2026-06-29T07:01:42.533586,Franz-Josef Bahnhof S,18,347679
2026-06-29T07:01:42.533586,Franz-Josef Bahnhof S,18,348296
2026-06-29T07:01:42.533586,Franz-Josef Bahnhof S,18,348100
2026-06-29T07:01:42.533586,Niederpointenstraße,1,348889
2026-06-29T07:01:42.533586,Leopoldauer Platz,13,345211
2026-06-29T07:01:42.533586,Leopoldauer Platz,13,345002
2026-06-29T07:01:42.533586,Leopoldauer Platz,13,345974
2026-06-29T07:01:42.533586,Leopoldauer Platz,13,346330
2026-06-29T07:01:42.533586,Leopoldauer Platz,13,346175
2026-06-29T07:01:42.533586,Leopoldauer Platz,13,346532
2026-06-29T07:01:42.533586,Leopoldauer Platz,13,347476
2026-06-29T07:01:42.533586,Leopoldauer Platz,13,347241
2026-06-29T07:01:42.533586,Leopoldauer Platz,13,347210
2026-06-29T07:01:42.533586,Leopoldauer Platz,13,347800
2026-06-29T07:01:42.533586,Leopoldauer Platz,13,347743
2026-06-29T07:01:42.533586,Leopoldauer Platz,13,348062
2026-06-29T07:01:42.533586,Leopoldauer Platz,13,348684
2026-06-29T07:01:42.533586,ArbeiterInnenstrand,1,348259
2026-06-29T07:01:42.533586,Gewerbepark Stadlau,2,347915
2026-06-29T07:01:42.533586,Gewerbepark Stadlau,2,348347
2026-06-29T07:01:42.533586,Atzgersdorf Bildungscampus,5,345366
2026-06-29T07:01:42.533586,Atzgersdorf Bildungscampus,5,345543
2026-06-29T07:01:42.533586,Atzgersdorf Bildungscampus,5,347619
2026-06-29T07:01:42.533586,Atzgersdorf Bildungscampus,5,348077
2026-06-29T07:01:42.533586,Atzgersdorf Bildungscampus,5,348614
2026-06-29T07:01:42.533586,Adelheid-Popp-Gasse,8,345904
2026-06-29T07:01:42.533586,Adelheid-Popp-Gasse,8,346828
2026-06-29T07:01:42.533586,Adelheid-Popp-Gasse,8,346763
2026-06-29T07:01:42.533586,Adelheid-Popp-Gasse,8,348413
2026-06-29T07:01:42.533586,Adelheid-Popp-Gasse,8,348229
2026-06-29T07:01:42.533586,Adelheid-Popp-Gasse,8,348174
2026-06-29T07:01:42.533586,Adelheid-Popp-Gasse,8,348527
2026-06-29T07:01:42.533586,Adelheid-Popp-Gasse,8,349145
2026-06-29T07:01:42.533586,VHS Kulturgarage,1,348196
2026-06-29T07:01:42.533586,Siebenbrunnenfeldgasse,5,345504
2026-06-29T07:01:42.533586,Siebenbrunnenfeldgasse,5,347190
2026-06-29T07:01:42.533586,Siebenbrunnenfeldgasse,5,347719
2026-06-29T07:01:42.533586,Siebenbrunnenfeldgasse,5,348335
2026-06-29T07:01:42.533586,Siebenbrunnenfeldgasse,5,348835
2026-06-29T07:01:42.533586,Technisches Museum,2,345298
2026-06-29T07:01:42.533586,Technisches Museum,2,347873
2026-06-29T07:01:42.533586,Währinger Park,1,348934
2026-06-29T07:01:42.533586,Ettenreichgasse / Schulzentrum ,3,346315
2026-06-29T07:01:42.533586,Ettenreichgasse / Schulzentrum ,3,346305
2026-06-29T07:01:42.533586,Ettenreichgasse / Schulzentrum ,3,347992
2026-06-29T07:01:42.533586,Wendstattgasse,5,345820
2026-06-29T07:01:42.533586,Wendstattgasse,5,345569
2026-06-29T07:01:42.533586,Wendstattgasse,5,347867
2026-06-29T07:01:42.533586,Wendstattgasse,5,347849
2026-06-29T07:01:42.533586,Wendstattgasse,5,348318
2026-06-29T07:01:42.533586,Neilreichgasse,7,345669
2026-06-29T07:01:42.533586,Neilreichgasse,7,346669
2026-06-29T07:01:42.533586,Neilreichgasse,7,346643
2026-06-29T07:01:42.533586,Neilreichgasse,7,347505
2026-06-29T07:01:42.533586,Neilreichgasse,7,348822
2026-06-29T07:01:42.533586,Neilreichgasse,7,349173
2026-06-29T07:01:42.533586,Neilreichgasse,7,349140
2026-06-29T07:01:42.533586,Gutheil-Schoder-Gasse / Badner Bahn,10,345191
2026-06-29T07:01:42.533586,Gutheil-Schoder-Gasse / Badner Bahn,10,345534
2026-06-29T07:01:42.533586,Gutheil-Schoder-Gasse / Badner Bahn,10,345513
2026-06-29T07:01:42.533586,Gutheil-Schoder-Gasse / Badner Bahn,10,346412
2026-06-29T07:01:42.533586,Gutheil-Schoder-Gasse / Badner Bahn,10,346411
2026-06-29T07:01:42.533586,Gutheil-Schoder-Gasse / Badner Bahn,10,346647
2026-06-29T07:01:42.533586,Gutheil-Schoder-Gasse / Badner Bahn,10,348401
2026-06-29T07:01:42.533586,Gutheil-Schoder-Gasse / Badner Bahn,10,348066
2026-06-29T07:01:42.533586,Gutheil-Schoder-Gasse / Badner Bahn,10,348975
2026-06-29T07:01:42.533586,Gutheil-Schoder-Gasse / Badner Bahn,10,348808
2026-06-29T07:01:42.533586,Neu Leopoldau,1,348552
2026-06-29T07:01:42.533586,Strebersdorf S,8,345220
2026-06-29T07:01:42.533586,Strebersdorf S,8,346495
2026-06-29T07:01:42.533586,Strebersdorf S,8,347221
2026-06-29T07:01:42.533586,Strebersdorf S,8,347870
2026-06-29T07:01:42.533586,Strebersdorf S,8,347618
2026-06-29T07:01:42.533586,Strebersdorf S,8,347530
2026-06-29T07:01:42.533586,Strebersdorf S,8,348426
2026-06-29T07:01:42.533586,Strebersdorf S,8,398841
2026-06-29T07:01:42.533586,Nussbaumallee,10,345334
2026-06-29T07:01:42.533586,Nussbaumallee,10,345192
2026-06-29T07:01:42.533586,Nussbaumallee,10,345500
2026-06-29T07:01:42.533586,Nussbaumallee,10,346436
2026-06-29T07:01:42.533586,Nussbaumallee,10,347183
2026-06-29T07:01:42.533586,Nussbaumallee,10,347002
2026-06-29T07:01:42.533586,Nussbaumallee,10,347802
2026-06-29T07:01:42.533586,Nussbaumallee,10,348428
2026-06-29T07:01:42.533586,Nussbaumallee,10,348365
2026-06-29T07:01:42.533586,Nussbaumallee,10,348936
2026-06-29T07:01:42.533586,Raxstraße,11,345070
2026-06-29T07:01:42.533586,Raxstraße,11,345674
2026-06-29T07:01:42.533586,Raxstraße,11,345660
2026-06-29T07:01:42.533586,Raxstraße,11,345623
2026-06-29T07:01:42.533586,Raxstraße,11,346233
2026-06-29T07:01:42.533586,Raxstraße,11,347046
2026-06-29T07:01:42.533586,Raxstraße,11,347958
2026-06-29T07:01:42.533586,Raxstraße,11,347639
2026-06-29T07:01:42.533586,Raxstraße,11,348414
2026-06-29T07:01:42.533586,Raxstraße,11,348407
2026-06-29T07:01:42.533586,Raxstraße,11,348261
2026-06-29T07:01:42.533586,Wattmanngasse,2,347085
2026-06-29T07:01:42.533586,Wattmanngasse,2,348935
2026-06-29T07:01:42.533586,Joachimsthaler Platz,7,345472
2026-06-29T07:01:42.533586,Joachimsthaler Platz,7,345976
2026-06-29T07:01:42.533586,Joachimsthaler Platz,7,346410
2026-06-29T07:01:42.533586,Joachimsthaler Platz,7,346935
2026-06-29T07:01:42.533586,Joachimsthaler Platz,7,348287
2026-06-29T07:01:42.533586,Joachimsthaler Platz,7,348819
2026-06-29T07:01:42.533586,Joachimsthaler Platz,7,349186
2026-06-29T07:01:42.533586,Floridsdorfer Markt,7,345803
2026-06-29T07:01:42.533586,Floridsdorfer Markt,7,345722
2026-06-29T07:01:42.533586,Floridsdorfer Markt,7,346399
2026-06-29T07:01:42.533586,Floridsdorfer Markt,7,347317
2026-06-29T07:01:42.533586,Floridsdorfer Markt,7,347614
2026-06-29T07:01:42.533586,Floridsdorfer Markt,7,347548
2026-06-29T07:01:42.533586,Floridsdorfer Markt,7,349181
2026-06-29T07:01:42.533586,Nussdorf S,10,345941
2026-06-29T07:01:42.533586,Nussdorf S,10,345917
2026-06-29T07:01:42.533586,Nussdorf S,10,345866
2026-06-29T07:01:42.533586,Nussdorf S,10,345629
2026-06-29T07:01:42.533586,Nussdorf S,10,346279
2026-06-29T07:01:42.533586,Nussdorf S,10,346156
2026-06-29T07:01:42.533586,Nussdorf S,10,346508
2026-06-29T07:01:42.533586,Nussdorf S,10,347843
2026-06-29T07:01:42.533586,Nussdorf S,10,348437
2026-06-29T07:01:42.533586,Nussdorf S,10,348579
2026-06-29T07:01:42.533586,Bertha-von-Suttner-Gasse,4,345782
2026-06-29T07:01:42.533586,Bertha-von-Suttner-Gasse,4,346122
2026-06-29T07:01:42.533586,Bertha-von-Suttner-Gasse,4,347162
2026-06-29T07:01:42.533586,Bertha-von-Suttner-Gasse,4,348198
2026-06-29T07:01:42.533586,Hauptbahnhof Ost,3,346256
2026-06-29T07:01:42.533586,Hauptbahnhof Ost,3,346878
2026-06-29T07:01:42.533586,Hauptbahnhof Ost,3,347335
2026-06-29T07:01:42.533586,Hafen Wien,8,346250
2026-06-29T07:01:42.533586,Hafen Wien,8,346999
2026-06-29T07:01:42.533586,Hafen Wien,8,346902
2026-06-29T07:01:42.533586,Hafen Wien,8,346824
2026-06-29T07:01:42.533586,Hafen Wien,8,347970
2026-06-29T07:01:42.533586,Hafen Wien,8,347887
2026-06-29T07:01:42.533586,Hafen Wien,8,347555
2026-06-29T07:01:42.533586,Hafen Wien,8,348472
2026-06-29T07:01:42.533586,Hundertwasserhaus,10,345406
2026-06-29T07:01:42.533586,Hundertwasserhaus,10,345920
2026-06-29T07:01:42.533586,Hundertwasserhaus,10,345849
2026-06-29T07:01:42.533586,Hundertwasserhaus,10,345616
2026-06-29T07:01:42.533586,Hundertwasserhaus,10,346351
2026-06-29T07:01:42.533586,Hundertwasserhaus,10,346837
2026-06-29T07:01:42.533586,Hundertwasserhaus,10,347088
2026-06-29T07:01:42.533586,Hundertwasserhaus,10,347649
2026-06-29T07:01:42.533586,Hundertwasserhaus,10,347551
2026-06-29T07:01:42.533586,Hundertwasserhaus,10,398787
2026-06-29T07:01:42.533586,Seestadt U - Lina-Bo-Bardi-Platz,5,345850
2026-06-29T07:01:42.533586,Seestadt U - Lina-Bo-Bardi-Platz,5,346177
2026-06-29T07:01:42.533586,Seestadt U - Lina-Bo-Bardi-Platz,5,347047
2026-06-29T07:01:42.533586,Seestadt U - Lina-Bo-Bardi-Platz,5,347603
2026-06-29T07:01:42.533586,Seestadt U - Lina-Bo-Bardi-Platz,5,348195
2026-06-29T07:01:42.533586,Barbara-Prammer-Allee,1,347390
2026-06-29T07:01:42.533586,Sonnenallee,15,345493
2026-06-29T07:01:42.533586,Sonnenallee,15,345823
2026-06-29T07:01:42.533586,Sonnenallee,15,345523
2026-06-29T07:01:42.533586,Sonnenallee,15,346113
2026-06-29T07:01:42.533586,Sonnenallee,15,346071
2026-06-29T07:01:42.533586,Sonnenallee,15,346708
2026-06-29T07:01:42.533586,Sonnenallee,15,347052
2026-06-29T07:01:42.533586,Sonnenallee,15,347778
2026-06-29T07:01:42.533586,Sonnenallee,15,348349
2026-06-29T07:01:42.533586,Sonnenallee,15,348620
2026-06-29T07:01:42.533586,Sonnenallee,15,398851
2026-06-29T07:01:42.533586,Sonnenallee,15,398800
2026-06-29T07:01:42.533586,Sonnenallee,15,398765
2026-06-29T07:01:42.533586,Sonnenallee,15,349074
2026-06-29T07:01:42.533586,Sonnenallee,15,348992
2026-06-29T07:01:42.533586,AIT Austrian Institute of Technology / Giefinggasse ,6,345636
2026-06-29T07:01:42.533586,AIT Austrian Institute of Technology / Giefinggasse ,6,347322
2026-06-29T07:01:42.533586,AIT Austrian Institute of Technology / Giefinggasse ,6,347764
2026-06-29T07:01:42.533586,AIT Austrian Institute of Technology / Giefinggasse ,6,347519
2026-06-29T07:01:42.533586,AIT Austrian Institute of Technology / Giefinggasse ,6,348621
2026-06-29T07:01:42.533586,AIT Austrian Institute of Technology / Giefinggasse ,6,348858
2026-06-29T07:01:42.533586,Hannovermarkt,18,345419
2026-06-29T07:01:42.533586,Hannovermarkt,18,345407
2026-06-29T07:01:42.533586,Hannovermarkt,18,345269
2026-06-29T07:01:42.533586,Hannovermarkt,18,345622
2026-06-29T07:01:42.533586,Hannovermarkt,18,346259
2026-06-29T07:01:42.533586,Hannovermarkt,18,346154
2026-06-29T07:01:42.533586,Hannovermarkt,18,346116
2026-06-29T07:01:42.533586,Hannovermarkt,18,346973
2026-06-29T07:01:42.533586,Hannovermarkt,18,346923
2026-06-29T07:01:42.533586,Hannovermarkt,18,346689
2026-06-29T07:01:42.533586,Hannovermarkt,18,346550
2026-06-29T07:01:42.533586,Hannovermarkt,18,347179
2026-06-29T07:01:42.533586,Hannovermarkt,18,347706
2026-06-29T07:01:42.533586,Hannovermarkt,18,347511
2026-06-29T07:01:42.533586,Hannovermarkt,18,348384
2026-06-29T07:01:42.533586,Hannovermarkt,18,348170
2026-06-29T07:01:42.533586,Hannovermarkt,18,348075
2026-06-29T07:01:42.533586,Hannovermarkt,18,398717
2026-06-29T07:01:42.533586,Blériotgasse,20,345949
2026-06-29T07:01:42.533586,Blériotgasse,20,345936
2026-06-29T07:01:42.533586,Blériotgasse,20,345560
2026-06-29T07:01:42.533586,Blériotgasse,20,346445
2026-06-29T07:01:42.533586,Blériotgasse,20,346267
2026-06-29T07:01:42.533586,Blériotgasse,20,346146
2026-06-29T07:01:42.533586,Blériotgasse,20,346793
2026-06-29T07:01:42.533586,Blériotgasse,20,346788
2026-06-29T07:01:42.533586,Blériotgasse,20,346687
2026-06-29T07:01:42.533586,Blériotgasse,20,347410
2026-06-29T07:01:42.533586,Blériotgasse,20,347377
2026-06-29T07:01:42.533586,Blériotgasse,20,347339
2026-06-29T07:01:42.533586,Blériotgasse,20,347150
2026-06-29T07:01:42.533586,Blériotgasse,20,347089
2026-06-29T07:01:42.533586,Blériotgasse,20,347061
2026-06-29T07:01:42.533586,Blériotgasse,20,347884
2026-06-29T07:01:42.533586,Blériotgasse,20,347869
2026-06-29T07:01:42.533586,Blériotgasse,20,347662
2026-06-29T07:01:42.533586,Blériotgasse,20,348374
2026-06-29T07:01:42.533586,Blériotgasse,20,348594
2026-06-29T07:01:42.533586,Vetmed Haupteingang,8,345524
2026-06-29T07:01:42.533586,Vetmed Haupteingang,8,346245
2026-06-29T07:01:42.533586,Vetmed Haupteingang,8,346076
2026-06-29T07:01:42.533586,Vetmed Haupteingang,8,347458
2026-06-29T07:01:42.533586,Vetmed Haupteingang,8,347984
2026-06-29T07:01:42.533586,Vetmed Haupteingang,8,347733
2026-06-29T07:01:42.533586,Vetmed Haupteingang,8,347616
2026-06-29T07:01:42.533586,Vetmed Haupteingang,8,348568
2026-06-29T07:01:42.533586,Vetmed UB,6,346178
2026-06-29T07:01:42.533586,Vetmed UB,6,346711
2026-06-29T07:01:42.533586,Vetmed UB,6,346571
2026-06-29T07:01:42.533586,Vetmed UB,6,347701
2026-06-29T07:01:42.533586,Vetmed UB,6,348041
2026-06-29T07:01:42.533586,Vetmed UB,6,398735
2026-06-29T07:01:42.533586,Rebhanngasse / Nordbahnstrasse,13,345240
2026-06-29T07:01:42.533586,Rebhanngasse / Nordbahnstrasse,13,345919
2026-06-29T07:01:42.533586,Rebhanngasse / Nordbahnstrasse,13,345846
2026-06-29T07:01:42.533586,Rebhanngasse / Nordbahnstrasse,13,346861
2026-06-29T07:01:42.533586,Rebhanngasse / Nordbahnstrasse,13,346855
2026-06-29T07:01:42.533586,Rebhanngasse / Nordbahnstrasse,13,346683
2026-06-29T07:01:42.533586,Rebhanngasse / Nordbahnstrasse,13,346587
2026-06-29T07:01:42.533586,Rebhanngasse / Nordbahnstrasse,13,347313
2026-06-29T07:01:42.533586,Rebhanngasse / Nordbahnstrasse,13,347729
2026-06-29T07:01:42.533586,Rebhanngasse / Nordbahnstrasse,13,347610
2026-06-29T07:01:42.533586,Rebhanngasse / Nordbahnstrasse,13,348343
2026-06-29T07:01:42.533586,Rebhanngasse / Nordbahnstrasse,13,348275
2026-06-29T07:01:42.533586,Rebhanngasse / Nordbahnstrasse,13,398774
2026-06-29T07:01:42.533586,Nordbahnstrasse,2,345060
2026-06-29T07:01:42.533586,Nordbahnstrasse,2,346974
2026-06-29T07:01:42.533586,Ziegelofengasse / Margaretenstraße,2,345987
2026-06-29T07:01:42.533586,Ziegelofengasse / Margaretenstraße,2,347871
2026-06-29T07:01:42.533586,BIKE 345292,1,345292
2026-06-29T07:01:42.533586,BIKE 348851,1,348851
2026-06-29T07:01:42.533586,BIKE 349139,1,349139
2026-06-29T07:01:42.533586,BIKE 348040,1,348040
2026-06-29T07:01:42.533586,BIKE 398795,1,398795
2026-06-29T07:01:42.533586,BIKE 349197,1,349197
2026-06-29T07:01:42.533586,BIKE 349059,1,349059
2026-06-29T07:01:42.533586,BIKE 348801,1,348801
2026-06-29T07:01:42.533586,BIKE 348863,1,348863
2026-06-29T07:01:42.533586,BIKE 348865,1,348865
2026-06-29T07:01:42.533586,BIKE 348942,1,348942
2026-06-29T07:01:42.533586,BIKE 349164,1,349164
2026-06-29T07:01:42.533586,BIKE 346387,1,346387
2026-06-29T07:01:42.533586,BIKE 349124,1,349124
2026-06-29T07:01:42.533586,BIKE 349092,1,349092
2026-06-29T07:01:42.533586,BIKE 349060,1,349060
2026-06-29T07:01:42.533586,BIKE 348817,1,348817
2026-06-29T07:01:42.533586,BIKE 349198,1,349198
2026-06-29T07:01:42.533586,BIKE 346190,1,346190
2026-06-29T07:01:42.533586,BIKE 349185,1,349185
2026-06-29T07:01:42.533586,BIKE 345861,1,345861
2026-06-29T07:01:42.533586,BIKE 347862,1,347862
2026-06-29T07:01:42.533586,BIKE 348574,1,348574
2026-06-29T07:01:42.533586,BIKE 398721,1,398721
2026-06-29T07:01:42.533586,BIKE 346943,1,346943
2026-06-29T07:01:42.533586,BIKE 349162,1,349162
2026-06-29T07:01:42.533586,BIKE 345568,1,345568
2026-06-29T07:01:42.533586,BIKE 347807,1,347807
2026-06-29T07:01:42.533586,BIKE 347142,1,347142
2026-06-29T07:01:42.533586,BIKE 349021,1,349021
2026-06-29T07:01:42.533586,BIKE 348983,1,348983
2026-06-29T07:01:42.533586,BIKE 348848,1,348848
2026-06-29T07:01:42.533586,BIKE 346390,1,346390
2026-06-29T07:01:42.533586,BIKE 348813,1,348813
2026-06-29T07:01:42.533586,BIKE 348191,1,348191
2026-06-29T07:01:42.533586,BIKE 347171,1,347171
2026-06-29T07:01:42.533586,BIKE 347959,1,347959
2026-06-29T07:01:42.533586,BIKE 347796,1,347796
2026-06-29T07:01:42.533586,BIKE 348255,1,348255
2026-06-29T07:01:42.533586,BIKE 348843,1,348843
2026-06-29T07:01:42.533586,BIKE 348968,1,348968
2026-06-29T07:01:42.533586,BIKE 345105,1,345105
2026-06-29T07:01:42.533586,BIKE 349188,1,349188
2026-06-29T07:01:42.533586,BIKE 348957,1,348957
2026-06-29T07:01:42.533586,BIKE 345319,1,345319
2026-06-29T07:01:42.533586,BIKE 348526,1,348526
2026-06-29T07:01:42.533586,BIKE 345830,1,345830
2026-06-29T07:01:42.533586,BIKE 398843,1,398843
2026-06-29T07:01:42.533586,BIKE 347255,1,347255
2026-06-29T07:01:42.533586,BIKE 346710,1,346710
2026-06-29T07:01:42.533586,BIKE 348939,1,348939
2026-06-29T07:01:42.533586,BIKE 348965,1,348965
2026-06-29T07:01:42.533586,BIKE 346987,1,346987
2026-06-29T07:01:42.533586,BIKE 345665,1,345665
2026-06-29T07:01:42.533586,BIKE 348881,1,348881
2026-06-29T07:01:42.533586,BIKE 345454,1,345454
2026-06-29T07:01:42.533586,BIKE 348816,1,348816
2026-06-29T07:01:42.533586,BIKE 346810,1,346810
2026-06-29T07:01:42.533586,BIKE 349049,1,349049
2026-06-29T07:01:42.533586,BIKE 347754,1,347754
2026-06-29T07:01:42.533586,BIKE 398801,1,398801
2026-06-29T07:01:42.533586,BIKE 345444,1,345444
2026-06-29T07:01:42.533586,BIKE 348948,1,348948
2026-06-29T07:01:42.533586,BIKE 348589,1,348589
2026-06-29T07:01:42.533586,BIKE 347182,1,347182
2026-06-29T07:01:42.533586,BIKE 347270,1,347270
2026-06-29T07:01:42.533586,BIKE 347153,1,347153
2026-06-29T07:01:42.533586,BIKE 346251,1,346251
2026-06-29T07:01:42.533586,BIKE 347104,1,347104
2026-06-29T07:01:42.533586,BIKE 346704,1,346704
2026-06-29T07:01:42.533586,BIKE 345863,1,345863
2026-06-29T07:01:42.533586,BIKE 347732,1,347732
2026-06-29T07:01:42.533586,BIKE 348243,1,348243
2026-06-29T07:01:42.533586,BIKE 346668,1,346668
2026-06-29T07:01:42.533586,BIKE 346403,1,346403
2026-06-29T07:01:42.533586,BIKE 347379,1,347379
2026-06-29T07:01:42.533586,BIKE 347991,1,347991
2026-06-29T07:01:42.533586,BIKE 347866,1,347866
2026-06-29T07:01:42.533586,BIKE 347413,1,347413
2026-06-29T07:01:42.533586,BIKE 346386,1,346386
2026-06-29T07:01:42.533586,BIKE 348089,1,348089
2026-06-29T07:01:42.533586,BIKE 347888,1,347888
2026-06-29T07:01:42.533586,BIKE 345773,1,345773
2026-06-29T07:01:42.533586,BIKE 346131,1,346131
2026-06-29T07:01:42.533586,BIKE 349183,1,349183
2026-06-29T07:01:42.533586,BIKE 348017,1,348017
2026-06-29T07:01:42.533586,BIKE 348299,1,348299
2026-06-29T07:01:42.533586,BIKE 346253,1,346253
2026-06-29T07:01:42.533586,BIKE 347114,1,347114
2026-06-29T07:01:42.533586,BIKE 349129,1,349129
2026-06-29T07:01:42.533586,BIKE 349150,1,349150
2026-06-29T07:01:42.533586,BIKE 348987,1,348987
2026-06-29T07:01:42.533586,BIKE 349063,1,349063
2026-06-29T07:01:42.533586,BIKE 349095,1,349095
2026-06-29T07:01:42.533586,BIKE 346353,1,346353
2026-06-29T07:01:42.533586,BIKE 348868,1,348868
2026-06-29T07:01:42.533586,BIKE 349065,1,349065
2026-06-29T07:01:42.533586,BIKE 348886,1,348886
2026-06-29T07:01:42.533586,BIKE 349050,1,349050
2026-06-29T07:01:42.533586,BIKE 349011,1,349011
2026-06-29T07:01:42.533586,BIKE 348869,1,348869
2026-06-29T07:01:42.533586,BIKE 348860,1,348860
2026-06-29T07:01:42.533586,BIKE 347029,1,347029
2026-06-29T07:01:42.533586,BIKE 346456,1,346456
2026-06-29T07:01:42.533586,BIKE 349035,1,349035
2026-06-29T07:01:42.533586,BIKE 348372,1,348372
2026-06-29T07:01:42.533586,BIKE 348899,1,348899
2026-06-29T07:01:42.533586,BIKE 349040,1,349040
2026-06-29T07:01:42.533586,BIKE 398724,1,398724
2026-06-29T07:01:42.533586,BIKE 348042,1,348042
2026-06-29T07:01:42.533586,BIKE 346790,1,346790
2026-06-29T07:01:42.533586,BIKE 345852,1,345852
2026-06-29T07:01:42.533586,BIKE 345683,1,345683
2026-06-29T07:01:42.533586,BIKE 346471,1,346471
2026-06-29T07:01:42.533586,BIKE 348523,1,348523
2026-06-29T07:01:42.533586,BIKE 347481,1,347481
2026-06-29T07:01:42.533586,BIKE 348624,1,348624
2026-06-29T07:01:42.533586,BIKE 398798,1,398798
2026-06-29T07:01:42.533586,BIKE 347149,1,347149
2026-06-29T07:01:42.533586,BIKE 345131,1,345131
2026-06-29T07:01:42.533586,BIKE 346718,1,346718
2026-06-29T07:01:42.533586,BIKE 346572,1,346572
2026-06-29T07:01:42.533586,BIKE 347152,1,347152
2026-06-29T07:01:42.533586,BIKE 347704,1,347704
2026-06-29T07:01:42.533586,BIKE 345912,1,345912
2026-06-29T07:01:42.533586,BIKE 345614,1,345614
2026-06-29T07:01:42.533586,BIKE 349037,1,349037
2026-06-29T07:01:42.533586,BIKE 349116,1,349116
2026-06-29T07:01:42.533586,BIKE 346590,1,346590
2026-06-29T07:01:42.533586,BIKE 347235,1,347235
2026-06-29T07:01:42.533586,BIKE 347503,1,347503
2026-06-29T07:01:42.533586,BIKE 348164,1,348164
2026-06-29T07:01:42.533586,BIKE 347138,1,347138
2026-06-29T07:01:42.533586,BIKE 347760,1,347760
2026-06-29T07:01:42.533586,BIKE 347859,1,347859
2026-06-29T07:01:42.533586,BIKE 345537,1,345537
2026-06-29T07:01:42.533586,BIKE 349184,1,349184
2026-06-29T07:01:42.533586,BIKE 347196,1,347196
2026-06-29T07:01:42.533586,BIKE 345635,1,345635
2026-06-29T07:01:42.533586,BIKE 347960,1,347960
2026-06-29T07:01:42.533586,BIKE 348482,1,348482
2026-06-29T12:09:11.908053,Julius-Raab-Platz,13,346107
2026-06-29T12:09:11.908053,Julius-Raab-Platz,13,346951
2026-06-29T12:09:11.908053,Julius-Raab-Platz,13,346613
2026-06-29T12:09:11.908053,Julius-Raab-Platz,13,346530
2026-06-29T12:09:11.908053,Julius-Raab-Platz,13,347469
2026-06-29T12:09:11.908053,Julius-Raab-Platz,13,347442
2026-06-29T12:09:11.908053,Julius-Raab-Platz,13,347854
2026-06-29T12:09:11.908053,Julius-Raab-Platz,13,347621
2026-06-29T12:09:11.908053,Julius-Raab-Platz,13,347532
2026-06-29T12:09:11.908053,Julius-Raab-Platz,13,348019
2026-06-29T12:09:11.908053,Julius-Raab-Platz,13,348607
2026-06-29T12:09:11.908053,Julius-Raab-Platz,13,348514
2026-06-29T12:09:11.908053,Julius-Raab-Platz,13,348964
2026-06-29T12:09:11.908053,Hoher Markt,30,345480
2026-06-29T12:09:11.908053,Hoher Markt,30,345397
2026-06-29T12:09:11.908053,Hoher Markt,30,345320
2026-06-29T12:09:11.908053,Hoher Markt,30,345304
2026-06-29T12:09:11.908053,Hoher Markt,30,345735
2026-06-29T12:09:11.908053,Hoher Markt,30,345647
2026-06-29T12:09:11.908053,Hoher Markt,30,346485
2026-06-29T12:09:11.908053,Hoher Markt,30,346139
2026-06-29T12:09:11.908053,Hoher Markt,30,346948
2026-06-29T12:09:11.908053,Hoher Markt,30,346682
2026-06-29T12:09:11.908053,Hoher Markt,30,346626
2026-06-29T12:09:11.908053,Hoher Markt,30,346560
2026-06-29T12:09:11.908053,Hoher Markt,30,346526
2026-06-29T12:09:11.908053,Hoher Markt,30,347480
2026-06-29T12:09:11.908053,Hoher Markt,30,347321
2026-06-29T12:09:11.908053,Hoher Markt,30,347286
2026-06-29T12:09:11.908053,Hoher Markt,30,347170
2026-06-29T12:09:11.908053,Hoher Markt,30,347087
2026-06-29T12:09:11.908053,Hoher Markt,30,347872
2026-06-29T12:09:11.908053,Hoher Markt,30,347847
2026-06-29T12:09:11.908053,Hoher Markt,30,347804
2026-06-29T12:09:11.908053,Hoher Markt,30,347761
2026-06-29T12:09:11.908053,Hoher Markt,30,347711
2026-06-29T12:09:11.908053,Hoher Markt,30,347612
2026-06-29T12:09:11.908053,Hoher Markt,30,347523
2026-06-29T12:09:11.908053,Hoher Markt,30,348364
2026-06-29T12:09:11.908053,Hoher Markt,30,348314
2026-06-29T12:09:11.908053,Hoher Markt,30,348150
2026-06-29T12:09:11.908053,Hoher Markt,30,348700
2026-06-29T12:09:11.908053,Hoher Markt,30,348616
2026-06-29T12:09:11.908053,Oper / Karlsplatz U,6,345259
2026-06-29T12:09:11.908053,Oper / Karlsplatz U,6,345955
2026-06-29T12:09:11.908053,Oper / Karlsplatz U,6,346373
2026-06-29T12:09:11.908053,Oper / Karlsplatz U,6,346617
2026-06-29T12:09:11.908053,Oper / Karlsplatz U,6,347224
2026-06-29T12:09:11.908053,Oper / Karlsplatz U,6,347860
2026-06-29T12:09:11.908053,Ring / Volkstheater U,2,345445
2026-06-29T12:09:11.908053,Ring / Volkstheater U,2,345253
2026-06-29T12:09:11.908053,Stephansplatz U,11,345630
2026-06-29T12:09:11.908053,Stephansplatz U,11,346455
2026-06-29T12:09:11.908053,Stephansplatz U,11,346321
2026-06-29T12:09:11.908053,Stephansplatz U,11,346255
2026-06-29T12:09:11.908053,Stephansplatz U,11,346219
2026-06-29T12:09:11.908053,Stephansplatz U,11,346093
2026-06-29T12:09:11.908053,Stephansplatz U,11,347955
2026-06-29T12:09:11.908053,Stephansplatz U,11,348160
2026-06-29T12:09:11.908053,Stephansplatz U,11,348664
2026-06-29T12:09:11.908053,Stephansplatz U,11,348626
2026-06-29T12:09:11.908053,Stephansplatz U,11,348534
2026-06-29T12:09:11.908053,Taborstraße U,22,345411
2026-06-29T12:09:11.908053,Taborstraße U,22,345358
2026-06-29T12:09:11.908053,Taborstraße U,22,345205
2026-06-29T12:09:11.908053,Taborstraße U,22,345034
2026-06-29T12:09:11.908053,Taborstraße U,22,345944
2026-06-29T12:09:11.908053,Taborstraße U,22,345502
2026-06-29T12:09:11.908053,Taborstraße U,22,346492
2026-06-29T12:09:11.908053,Taborstraße U,22,346473
2026-06-29T12:09:11.908053,Taborstraße U,22,346254
2026-06-29T12:09:11.908053,Taborstraße U,22,346169
2026-06-29T12:09:11.908053,Taborstraße U,22,346134
2026-06-29T12:09:11.908053,Taborstraße U,22,346026
2026-06-29T12:09:11.908053,Taborstraße U,22,346874
2026-06-29T12:09:11.908053,Taborstraße U,22,346577
2026-06-29T12:09:11.908053,Taborstraße U,22,347027
2026-06-29T12:09:11.908053,Taborstraße U,22,347966
2026-06-29T12:09:11.908053,Taborstraße U,22,347769
2026-06-29T12:09:11.908053,Taborstraße U,22,347725
2026-06-29T12:09:11.908053,Taborstraße U,22,348242
2026-06-29T12:09:11.908053,Taborstraße U,22,348218
2026-06-29T12:09:11.908053,Taborstraße U,22,348076
2026-06-29T12:09:11.908053,Taborstraße U,22,348588
2026-06-29T12:09:11.908053,WU-Campus / Südportalstraße ,45,345485
2026-06-29T12:09:11.908053,WU-Campus / Südportalstraße ,45,345362
2026-06-29T12:09:11.908053,WU-Campus / Südportalstraße ,45,345266
2026-06-29T12:09:11.908053,WU-Campus / Südportalstraße ,45,345230
2026-06-29T12:09:11.908053,WU-Campus / Südportalstraße ,45,345214
2026-06-29T12:09:11.908053,WU-Campus / Südportalstraße ,45,345113
2026-06-29T12:09:11.908053,WU-Campus / Südportalstraße ,45,345768
2026-06-29T12:09:11.908053,WU-Campus / Südportalstraße ,45,345747
2026-06-29T12:09:11.908053,WU-Campus / Südportalstraße ,45,346191
2026-06-29T12:09:11.908053,WU-Campus / Südportalstraße ,45,346118
2026-06-29T12:09:11.908053,WU-Campus / Südportalstraße ,45,346027
2026-06-29T12:09:11.908053,WU-Campus / Südportalstraße ,45,346911
2026-06-29T12:09:11.908053,WU-Campus / Südportalstraße ,45,346896
2026-06-29T12:09:11.908053,WU-Campus / Südportalstraße ,45,346839
2026-06-29T12:09:11.908053,WU-Campus / Südportalstraße ,45,346834
2026-06-29T12:09:11.908053,WU-Campus / Südportalstraße ,45,346757
2026-06-29T12:09:11.908053,WU-Campus / Südportalstraße ,45,347391
2026-06-29T12:09:11.908053,WU-Campus / Südportalstraße ,45,347352
2026-06-29T12:09:11.908053,WU-Campus / Südportalstraße ,45,347020
2026-06-29T12:09:11.908053,WU-Campus / Südportalstraße ,45,347982
2026-06-29T12:09:11.908053,WU-Campus / Südportalstraße ,45,347914
2026-06-29T12:09:11.908053,WU-Campus / Südportalstraße ,45,347890
2026-06-29T12:09:11.908053,WU-Campus / Südportalstraße ,45,347812
2026-06-29T12:09:11.908053,WU-Campus / Südportalstraße ,45,347628
2026-06-29T12:09:11.908053,WU-Campus / Südportalstraße ,45,347539
2026-06-29T12:09:11.908053,WU-Campus / Südportalstraße ,45,348484
2026-06-29T12:09:11.908053,WU-Campus / Südportalstraße ,45,348404
2026-06-29T12:09:11.908053,WU-Campus / Südportalstraße ,45,348313
2026-06-29T12:09:11.908053,WU-Campus / Südportalstraße ,45,348251
2026-06-29T12:09:11.908053,WU-Campus / Südportalstraße ,45,348180
2026-06-29T12:09:11.908053,WU-Campus / Südportalstraße ,45,348154
2026-06-29T12:09:11.908053,WU-Campus / Südportalstraße ,45,348152
2026-06-29T12:09:11.908053,WU-Campus / Südportalstraße ,45,348141
2026-06-29T12:09:11.908053,WU-Campus / Südportalstraße ,45,348125
2026-06-29T12:09:11.908053,WU-Campus / Südportalstraße ,45,348098
2026-06-29T12:09:11.908053,WU-Campus / Südportalstraße ,45,348002
2026-06-29T12:09:11.908053,WU-Campus / Südportalstraße ,45,348678
2026-06-29T12:09:11.908053,WU-Campus / Südportalstraße ,45,348655
2026-06-29T12:09:11.908053,WU-Campus / Südportalstraße ,45,348636
2026-06-29T12:09:11.908053,WU-Campus / Südportalstraße ,45,348633
2026-06-29T12:09:11.908053,WU-Campus / Südportalstraße ,45,348615
2026-06-29T12:09:11.908053,WU-Campus / Südportalstraße ,45,348611
2026-06-29T12:09:11.908053,WU-Campus / Südportalstraße ,45,398814
2026-06-29T12:09:11.908053,WU-Campus / Südportalstraße ,45,349026
2026-06-29T12:09:11.908053,WU-Campus / Südportalstraße ,45,348941
2026-06-29T12:09:11.908053,Erdberg U,21,345466
2026-06-29T12:09:11.908053,Erdberg U,21,345093
2026-06-29T12:09:11.908053,Erdberg U,21,345819
2026-06-29T12:09:11.908053,Erdberg U,21,345749
2026-06-29T12:09:11.908053,Erdberg U,21,346394
2026-06-29T12:09:11.908053,Erdberg U,21,346297
2026-06-29T12:09:11.908053,Erdberg U,21,346844
2026-06-29T12:09:11.908053,Erdberg U,21,347433
2026-06-29T12:09:11.908053,Erdberg U,21,347293
2026-06-29T12:09:11.908053,Erdberg U,21,347234
2026-06-29T12:09:11.908053,Erdberg U,21,347198
2026-06-29T12:09:11.908053,Erdberg U,21,347093
2026-06-29T12:09:11.908053,Erdberg U,21,347059
2026-06-29T12:09:11.908053,Erdberg U,21,347921
2026-06-29T12:09:11.908053,Erdberg U,21,347911
2026-06-29T12:09:11.908053,Erdberg U,21,347894
2026-06-29T12:09:11.908053,Erdberg U,21,347839
2026-06-29T12:09:11.908053,Erdberg U,21,347695
2026-06-29T12:09:11.908053,Erdberg U,21,347682
2026-06-29T12:09:11.908053,Erdberg U,21,347533
2026-06-29T12:09:11.908053,Erdberg U,21,349098
2026-06-29T12:09:11.908053,Media Quarter Marx,27,345355
2026-06-29T12:09:11.908053,Media Quarter Marx,27,345216
2026-06-29T12:09:11.908053,Media Quarter Marx,27,345174
2026-06-29T12:09:11.908053,Media Quarter Marx,27,345574
2026-06-29T12:09:11.908053,Media Quarter Marx,27,345562
2026-06-29T12:09:11.908053,Media Quarter Marx,27,345549
2026-06-29T12:09:11.908053,Media Quarter Marx,27,346469
2026-06-29T12:09:11.908053,Media Quarter Marx,27,346895
2026-06-29T12:09:11.908053,Media Quarter Marx,27,346678
2026-06-29T12:09:11.908053,Media Quarter Marx,27,346656
2026-06-29T12:09:11.908053,Media Quarter Marx,27,347492
2026-06-29T12:09:11.908053,Media Quarter Marx,27,347424
2026-06-29T12:09:11.908053,Media Quarter Marx,27,347215
2026-06-29T12:09:11.908053,Media Quarter Marx,27,347197
2026-06-29T12:09:11.908053,Media Quarter Marx,27,347115
2026-06-29T12:09:11.908053,Media Quarter Marx,27,347073
2026-06-29T12:09:11.908053,Media Quarter Marx,27,347058
2026-06-29T12:09:11.908053,Media Quarter Marx,27,347939
2026-06-29T12:09:11.908053,Media Quarter Marx,27,347920
2026-06-29T12:09:11.908053,Media Quarter Marx,27,347735
2026-06-29T12:09:11.908053,Media Quarter Marx,27,348361
2026-06-29T12:09:11.908053,Media Quarter Marx,27,348332
2026-06-29T12:09:11.908053,Media Quarter Marx,27,348173
2026-06-29T12:09:11.908053,Media Quarter Marx,27,348056
2026-06-29T12:09:11.908053,Media Quarter Marx,27,348671
2026-06-29T12:09:11.908053,Media Quarter Marx,27,349113
2026-06-29T12:09:11.908053,Media Quarter Marx,27,348929
2026-06-29T12:09:11.908053,Rennweg S,13,345385
2026-06-29T12:09:11.908053,Rennweg S,13,345197
2026-06-29T12:09:11.908053,Rennweg S,13,345957
2026-06-29T12:09:11.908053,Rennweg S,13,345764
2026-06-29T12:09:11.908053,Rennweg S,13,346819
2026-06-29T12:09:11.908053,Rennweg S,13,346730
2026-06-29T12:09:11.908053,Rennweg S,13,346698
2026-06-29T12:09:11.908053,Rennweg S,13,347267
2026-06-29T12:09:11.908053,Rennweg S,13,347266
2026-06-29T12:09:11.908053,Rennweg S,13,348245
2026-06-29T12:09:11.908053,Rennweg S,13,348228
2026-06-29T12:09:11.908053,Rennweg S,13,348558
2026-06-29T12:09:11.908053,Rennweg S,13,398779
2026-06-29T12:09:11.908053,Rochusgasse U,7,345429
2026-06-29T12:09:11.908053,Rochusgasse U,7,345997
2026-06-29T12:09:11.908053,Rochusgasse U,7,346049
2026-06-29T12:09:11.908053,Rochusgasse U,7,346039
2026-06-29T12:09:11.908053,Rochusgasse U,7,347290
2026-06-29T12:09:11.908053,Rochusgasse U,7,347737
2026-06-29T12:09:11.908053,Rochusgasse U,7,348892
2026-06-29T12:09:11.908053,Schwarzenbergplatz,15,345403
2026-06-29T12:09:11.908053,Schwarzenbergplatz,15,345956
2026-06-29T12:09:11.908053,Schwarzenbergplatz,15,345505
2026-06-29T12:09:11.908053,Schwarzenbergplatz,15,346166
2026-06-29T12:09:11.908053,Schwarzenbergplatz,15,346145
2026-06-29T12:09:11.908053,Schwarzenbergplatz,15,346034
2026-06-29T12:09:11.908053,Schwarzenbergplatz,15,346865
2026-06-29T12:09:11.908053,Schwarzenbergplatz,15,346853
2026-06-29T12:09:11.908053,Schwarzenbergplatz,15,346562
2026-06-29T12:09:11.908053,Schwarzenbergplatz,15,348476
2026-06-29T12:09:11.908053,Schwarzenbergplatz,15,348457
2026-06-29T12:09:11.908053,Schwarzenbergplatz,15,348389
2026-06-29T12:09:11.908053,Schwarzenbergplatz,15,348619
2026-06-29T12:09:11.908053,Schwarzenbergplatz,15,398754
2026-06-29T12:09:11.908053,Margaretengürtel U,28,346434
2026-06-29T12:09:11.908053,Margaretengürtel U,28,346433
2026-06-29T12:09:11.908053,Margaretengürtel U,28,346347
2026-06-29T12:09:11.908053,Margaretengürtel U,28,346281
2026-06-29T12:09:11.908053,Margaretengürtel U,28,346232
2026-06-29T12:09:11.908053,Margaretengürtel U,28,346220
2026-06-29T12:09:11.908053,Margaretengürtel U,28,346176
2026-06-29T12:09:11.908053,Margaretengürtel U,28,346155
2026-06-29T12:09:11.908053,Margaretengürtel U,28,346036
2026-06-29T12:09:11.908053,Margaretengürtel U,28,346940
2026-06-29T12:09:11.908053,Margaretengürtel U,28,346932
2026-06-29T12:09:11.908053,Margaretengürtel U,28,346890
2026-06-29T12:09:11.908053,Margaretengürtel U,28,346884
2026-06-29T12:09:11.908053,Margaretengürtel U,28,346868
2026-06-29T12:09:11.908053,Margaretengürtel U,28,346867
2026-06-29T12:09:11.908053,Margaretengürtel U,28,346752
2026-06-29T12:09:11.908053,Margaretengürtel U,28,346592
2026-06-29T12:09:11.908053,Margaretengürtel U,28,346570
2026-06-29T12:09:11.908053,Margaretengürtel U,28,347498
2026-06-29T12:09:11.908053,Margaretengürtel U,28,347470
2026-06-29T12:09:11.908053,Margaretengürtel U,28,347448
2026-06-29T12:09:11.908053,Margaretengürtel U,28,347214
2026-06-29T12:09:11.908053,Margaretengürtel U,28,347669
2026-06-29T12:09:11.908053,Margaretengürtel U,28,347510
2026-06-29T12:09:11.908053,Margaretengürtel U,28,348220
2026-06-29T12:09:11.908053,Margaretengürtel U,28,348131
2026-06-29T12:09:11.908053,Margaretengürtel U,28,348065
2026-06-29T12:09:11.908053,Margaretengürtel U,28,348632
2026-06-29T12:09:11.908053,Mittersteig,26,345176
2026-06-29T12:09:11.908053,Mittersteig,26,345027
2026-06-29T12:09:11.908053,Mittersteig,26,345601
2026-06-29T12:09:11.908053,Mittersteig,26,345575
2026-06-29T12:09:11.908053,Mittersteig,26,345566
2026-06-29T12:09:11.908053,Mittersteig,26,346444
2026-06-29T12:09:11.908053,Mittersteig,26,346400
2026-06-29T12:09:11.908053,Mittersteig,26,346230
2026-06-29T12:09:11.908053,Mittersteig,26,346201
2026-06-29T12:09:11.908053,Mittersteig,26,346054
2026-06-29T12:09:11.908053,Mittersteig,26,346881
2026-06-29T12:09:11.908053,Mittersteig,26,346841
2026-06-29T12:09:11.908053,Mittersteig,26,346641
2026-06-29T12:09:11.908053,Mittersteig,26,346616
2026-06-29T12:09:11.908053,Mittersteig,26,346591
2026-06-29T12:09:11.908053,Mittersteig,26,347384
2026-06-29T12:09:11.908053,Mittersteig,26,347332
2026-06-29T12:09:11.908053,Mittersteig,26,347147
2026-06-29T12:09:11.908053,Mittersteig,26,347816
2026-06-29T12:09:11.908053,Mittersteig,26,347756
2026-06-29T12:09:11.908053,Mittersteig,26,348378
2026-06-29T12:09:11.908053,Mittersteig,26,348113
2026-06-29T12:09:11.908053,Mittersteig,26,348580
2026-06-29T12:09:11.908053,Mittersteig,26,398848
2026-06-29T12:09:11.908053,Mittersteig,26,398748
2026-06-29T12:09:11.908053,Mittersteig,26,398741
2026-06-29T12:09:11.908053,Ceija-Stojka-Platz,7,345379
2026-06-29T12:09:11.908053,Ceija-Stojka-Platz,7,346056
2026-06-29T12:09:11.908053,Ceija-Stojka-Platz,7,346658
2026-06-29T12:09:11.908053,Ceija-Stojka-Platz,7,347596
2026-06-29T12:09:11.908053,Ceija-Stojka-Platz,7,347560
2026-06-29T12:09:11.908053,Ceija-Stojka-Platz,7,348136
2026-06-29T12:09:11.908053,Ceija-Stojka-Platz,7,349117
2026-06-29T12:09:11.908053,Volkstheater U,7,345376
2026-06-29T12:09:11.908053,Volkstheater U,7,346253
2026-06-29T12:09:11.908053,Volkstheater U,7,346020
2026-06-29T12:09:11.908053,Volkstheater U,7,398817
2026-06-29T12:09:11.908053,Volkstheater U,7,398805
2026-06-29T12:09:11.908053,Volkstheater U,7,349043
2026-06-29T12:09:11.908053,Volkstheater U,7,348815
2026-06-29T12:09:11.908053,Zieglergasse U,5,345853
2026-06-29T12:09:11.908053,Zieglergasse U,5,347315
2026-06-29T12:09:11.908053,Zieglergasse U,5,347019
2026-06-29T12:09:11.908053,Zieglergasse U,5,347969
2026-06-29T12:09:11.908053,Zieglergasse U,5,348878
2026-06-29T12:09:11.908053,Oskar-Morgenstern-Platz,40,345367
2026-06-29T12:09:11.908053,Oskar-Morgenstern-Platz,40,345318
2026-06-29T12:09:11.908053,Oskar-Morgenstern-Platz,40,345223
2026-06-29T12:09:11.908053,Oskar-Morgenstern-Platz,40,345179
2026-06-29T12:09:11.908053,Oskar-Morgenstern-Platz,40,345097
2026-06-29T12:09:11.908053,Oskar-Morgenstern-Platz,40,345030
2026-06-29T12:09:11.908053,Oskar-Morgenstern-Platz,40,345013
2026-06-29T12:09:11.908053,Oskar-Morgenstern-Platz,40,345977
2026-06-29T12:09:11.908053,Oskar-Morgenstern-Platz,40,345967
2026-06-29T12:09:11.908053,Oskar-Morgenstern-Platz,40,345919
2026-06-29T12:09:11.908053,Oskar-Morgenstern-Platz,40,345788
2026-06-29T12:09:11.908053,Oskar-Morgenstern-Platz,40,345678
2026-06-29T12:09:11.908053,Oskar-Morgenstern-Platz,40,346482
2026-06-29T12:09:11.908053,Oskar-Morgenstern-Platz,40,346470
2026-06-29T12:09:11.908053,Oskar-Morgenstern-Platz,40,346331
2026-06-29T12:09:11.908053,Oskar-Morgenstern-Platz,40,346229
2026-06-29T12:09:11.908053,Oskar-Morgenstern-Platz,40,346172
2026-06-29T12:09:11.908053,Oskar-Morgenstern-Platz,40,346117
2026-06-29T12:09:11.908053,Oskar-Morgenstern-Platz,40,346084
2026-06-29T12:09:11.908053,Oskar-Morgenstern-Platz,40,346067
2026-06-29T12:09:11.908053,Oskar-Morgenstern-Platz,40,346060
2026-06-29T12:09:11.908053,Oskar-Morgenstern-Platz,40,346861
2026-06-29T12:09:11.908053,Oskar-Morgenstern-Platz,40,346811
2026-06-29T12:09:11.908053,Oskar-Morgenstern-Platz,40,346746
2026-06-29T12:09:11.908053,Oskar-Morgenstern-Platz,40,346720
2026-06-29T12:09:11.908053,Oskar-Morgenstern-Platz,40,347495
2026-06-29T12:09:11.908053,Oskar-Morgenstern-Platz,40,347144
2026-06-29T12:09:11.908053,Oskar-Morgenstern-Platz,40,347874
2026-06-29T12:09:11.908053,Oskar-Morgenstern-Platz,40,347777
2026-06-29T12:09:11.908053,Oskar-Morgenstern-Platz,40,347714
2026-06-29T12:09:11.908053,Oskar-Morgenstern-Platz,40,347679
2026-06-29T12:09:11.908053,Oskar-Morgenstern-Platz,40,347622
2026-06-29T12:09:11.908053,Oskar-Morgenstern-Platz,40,347610
2026-06-29T12:09:11.908053,Oskar-Morgenstern-Platz,40,348437
2026-06-29T12:09:11.908053,Oskar-Morgenstern-Platz,40,348405
2026-06-29T12:09:11.908053,Oskar-Morgenstern-Platz,40,348158
2026-06-29T12:09:11.908053,Oskar-Morgenstern-Platz,40,348683
2026-06-29T12:09:11.908053,Oskar-Morgenstern-Platz,40,348576
2026-06-29T12:09:11.908053,Oskar-Morgenstern-Platz,40,398761
2026-06-29T12:09:11.908053,Oskar-Morgenstern-Platz,40,348911
2026-06-29T12:09:11.908053,Frankhplatz,9,345378
2026-06-29T12:09:11.908053,Frankhplatz,9,345987
2026-06-29T12:09:11.908053,Frankhplatz,9,345772
2026-06-29T12:09:11.908053,Frankhplatz,9,346438
2026-06-29T12:09:11.908053,Frankhplatz,9,346847
2026-06-29T12:09:11.908053,Frankhplatz,9,348440
2026-06-29T12:09:11.908053,Frankhplatz,9,348348
2026-06-29T12:09:11.908053,Frankhplatz,9,348067
2026-06-29T12:09:11.908053,Frankhplatz,9,348673
2026-06-29T12:09:11.908053,Friedensbrücke U,14,345496
2026-06-29T12:09:11.908053,Friedensbrücke U,14,346954
2026-06-29T12:09:11.908053,Friedensbrücke U,14,346791
2026-06-29T12:09:11.908053,Friedensbrücke U,14,346751
2026-06-29T12:09:11.908053,Friedensbrücke U,14,346729
2026-06-29T12:09:11.908053,Friedensbrücke U,14,347324
2026-06-29T12:09:11.908053,Friedensbrücke U,14,347312
2026-06-29T12:09:11.908053,Friedensbrücke U,14,347039
2026-06-29T12:09:11.908053,Friedensbrücke U,14,347938
2026-06-29T12:09:11.908053,Friedensbrücke U,14,347848
2026-06-29T12:09:11.908053,Friedensbrücke U,14,347784
2026-06-29T12:09:11.908053,Friedensbrücke U,14,348142
2026-06-29T12:09:11.908053,Friedensbrücke U,14,348036
2026-06-29T12:09:11.908053,Friedensbrücke U,14,349188
2026-06-29T12:09:11.908053,Spittelau S U,22,345125
2026-06-29T12:09:11.908053,Spittelau S U,22,345122
2026-06-29T12:09:11.908053,Spittelau S U,22,345106
2026-06-29T12:09:11.908053,Spittelau S U,22,345871
2026-06-29T12:09:11.908053,Spittelau S U,22,345748
2026-06-29T12:09:11.908053,Spittelau S U,22,345673
2026-06-29T12:09:11.908053,Spittelau S U,22,346308
2026-06-29T12:09:11.908053,Spittelau S U,22,346955
2026-06-29T12:09:11.908053,Spittelau S U,22,346502
2026-06-29T12:09:11.908053,Spittelau S U,22,347260
2026-06-29T12:09:11.908053,Spittelau S U,22,347250
2026-06-29T12:09:11.908053,Spittelau S U,22,347248
2026-06-29T12:09:11.908053,Spittelau S U,22,347169
2026-06-29T12:09:11.908053,Spittelau S U,22,347097
2026-06-29T12:09:11.908053,Spittelau S U,22,347049
2026-06-29T12:09:11.908053,Spittelau S U,22,347932
2026-06-29T12:09:11.908053,Spittelau S U,22,347864
2026-06-29T12:09:11.908053,Spittelau S U,22,347640
2026-06-29T12:09:11.908053,Spittelau S U,22,347558
2026-06-29T12:09:11.908053,Spittelau S U,22,348105
2026-06-29T12:09:11.908053,Spittelau S U,22,348651
2026-06-29T12:09:11.908053,Spittelau S U,22,398804
2026-06-29T12:09:11.908053,Absbergbrücke ,7,345804
2026-06-29T12:09:11.908053,Absbergbrücke ,7,346240
2026-06-29T12:09:11.908053,Absbergbrücke ,7,347310
2026-06-29T12:09:11.908053,Absbergbrücke ,7,347999
2026-06-29T12:09:11.908053,Absbergbrücke ,7,347699
2026-06-29T12:09:11.908053,Absbergbrücke ,7,348327
2026-06-29T12:09:11.908053,Absbergbrücke ,7,348701
2026-06-29T12:09:11.908053,Altes Landgut U,16,345843
2026-06-29T12:09:11.908053,Altes Landgut U,16,346276
2026-06-29T12:09:11.908053,Altes Landgut U,16,346921
2026-06-29T12:09:11.908053,Altes Landgut U,16,346599
2026-06-29T12:09:11.908053,Altes Landgut U,16,347233
2026-06-29T12:09:11.908053,Altes Landgut U,16,347121
2026-06-29T12:09:11.908053,Altes Landgut U,16,347965
2026-06-29T12:09:11.908053,Altes Landgut U,16,347840
2026-06-29T12:09:11.908053,Altes Landgut U,16,347747
2026-06-29T12:09:11.908053,Altes Landgut U,16,347593
2026-06-29T12:09:11.908053,Altes Landgut U,16,347587
2026-06-29T12:09:11.908053,Altes Landgut U,16,348369
2026-06-29T12:09:11.908053,Altes Landgut U,16,348342
2026-06-29T12:09:11.908053,Altes Landgut U,16,348148
2026-06-29T12:09:11.908053,Altes Landgut U,16,348532
2026-06-29T12:09:11.908053,Altes Landgut U,16,398860
2026-06-29T12:09:11.908053,Bloch-Bauer-Promenade,1,346396
2026-06-29T12:09:11.908053,Hauptbahnhof S U ,40,345399
2026-06-29T12:09:11.908053,Hauptbahnhof S U ,40,345307
2026-06-29T12:09:11.908053,Hauptbahnhof S U ,40,345289
2026-06-29T12:09:11.908053,Hauptbahnhof S U ,40,345258
2026-06-29T12:09:11.908053,Hauptbahnhof S U ,40,345190
2026-06-29T12:09:11.908053,Hauptbahnhof S U ,40,345053
2026-06-29T12:09:11.908053,Hauptbahnhof S U ,40,345001
2026-06-29T12:09:11.908053,Hauptbahnhof S U ,40,345963
2026-06-29T12:09:11.908053,Hauptbahnhof S U ,40,345886
2026-06-29T12:09:11.908053,Hauptbahnhof S U ,40,345548
2026-06-29T12:09:11.908053,Hauptbahnhof S U ,40,346374
2026-06-29T12:09:11.908053,Hauptbahnhof S U ,40,346213
2026-06-29T12:09:11.908053,Hauptbahnhof S U ,40,346968
2026-06-29T12:09:11.908053,Hauptbahnhof S U ,40,346964
2026-06-29T12:09:11.908053,Hauptbahnhof S U ,40,347973
2026-06-29T12:09:11.908053,Hauptbahnhof S U ,40,347757
2026-06-29T12:09:11.908053,Hauptbahnhof S U ,40,347598
2026-06-29T12:09:11.908053,Hauptbahnhof S U ,40,347551
2026-06-29T12:09:11.908053,Hauptbahnhof S U ,40,348235
2026-06-29T12:09:11.908053,Hauptbahnhof S U ,40,398777
2026-06-29T12:09:11.908053,Hauptbahnhof S U ,40,349108
2026-06-29T12:09:11.908053,Hauptbahnhof S U ,40,349094
2026-06-29T12:09:11.908053,Hauptbahnhof S U ,40,349088
2026-06-29T12:09:11.908053,Hauptbahnhof S U ,40,349042
2026-06-29T12:09:11.908053,Hauptbahnhof S U ,40,349039
2026-06-29T12:09:11.908053,Hauptbahnhof S U ,40,349024
2026-06-29T12:09:11.908053,Hauptbahnhof S U ,40,348996
2026-06-29T12:09:11.908053,Hauptbahnhof S U ,40,348991
2026-06-29T12:09:11.908053,Hauptbahnhof S U ,40,348959
2026-06-29T12:09:11.908053,Hauptbahnhof S U ,40,348943
2026-06-29T12:09:11.908053,Hauptbahnhof S U ,40,348940
2026-06-29T12:09:11.908053,Hauptbahnhof S U ,40,348925
2026-06-29T12:09:11.908053,Hauptbahnhof S U ,40,348806
2026-06-29T12:09:11.908053,Hauptbahnhof S U ,40,348803
2026-06-29T12:09:11.908053,Hauptbahnhof S U ,40,349192
2026-06-29T12:09:11.908053,Hauptbahnhof S U ,40,349177
2026-06-29T12:09:11.908053,Hauptbahnhof S U ,40,349171
2026-06-29T12:09:11.908053,Hauptbahnhof S U ,40,349167
2026-06-29T12:09:11.908053,Hauptbahnhof S U ,40,349131
2026-06-29T12:09:11.908053,Hauptbahnhof S U ,40,349120
2026-06-29T12:09:11.908053,Keplerplatz U,13,345185
2026-06-29T12:09:11.908053,Keplerplatz U,13,345098
2026-06-29T12:09:11.908053,Keplerplatz U,13,346441
2026-06-29T12:09:11.908053,Keplerplatz U,13,346186
2026-06-29T12:09:11.908053,Keplerplatz U,13,346931
2026-06-29T12:09:11.908053,Keplerplatz U,13,347477
2026-06-29T12:09:11.908053,Keplerplatz U,13,347422
2026-06-29T12:09:11.908053,Keplerplatz U,13,347901
2026-06-29T12:09:11.908053,Keplerplatz U,13,347750
2026-06-29T12:09:11.908053,Keplerplatz U,13,348298
2026-06-29T12:09:11.908053,Keplerplatz U,13,348216
2026-06-29T12:09:11.908053,Keplerplatz U,13,349007
2026-06-29T12:09:11.908053,Keplerplatz U,13,349156
2026-06-29T12:09:11.908053,Puchsbaumgasse,4,346738
2026-06-29T12:09:11.908053,Puchsbaumgasse,4,348024
2026-06-29T12:09:11.908053,Puchsbaumgasse,4,348547
2026-06-29T12:09:11.908053,Puchsbaumgasse,4,398759
2026-06-29T12:09:11.908053,Enkplatz U,5,348427
2026-06-29T12:09:11.908053,Enkplatz U,5,349001
2026-06-29T12:09:11.908053,Enkplatz U,5,348969
2026-06-29T12:09:11.908053,Enkplatz U,5,349176
2026-06-29T12:09:11.908053,Enkplatz U,5,349122
2026-06-29T12:09:11.908053,Gasometer U,9,345510
2026-06-29T12:09:11.908053,Gasometer U,9,346486
2026-06-29T12:09:11.908053,Gasometer U,9,347407
2026-06-29T12:09:11.908053,Gasometer U,9,347279
2026-06-29T12:09:11.908053,Gasometer U,9,347824
2026-06-29T12:09:11.908053,Gasometer U,9,347798
2026-06-29T12:09:11.908053,Gasometer U,9,348222
2026-06-29T12:09:11.908053,Gasometer U,9,398824
2026-06-29T12:09:11.908053,Gasometer U,9,348821
2026-06-29T12:09:11.908053,Geiselbergstraße S,13,345163
2026-06-29T12:09:11.908053,Geiselbergstraße S,13,345777
2026-06-29T12:09:11.908053,Geiselbergstraße S,13,345666
2026-06-29T12:09:11.908053,Geiselbergstraße S,13,346903
2026-06-29T12:09:11.908053,Geiselbergstraße S,13,346894
2026-06-29T12:09:11.908053,Geiselbergstraße S,13,346870
2026-06-29T12:09:11.908053,Geiselbergstraße S,13,347042
2026-06-29T12:09:11.908053,Geiselbergstraße S,13,347038
2026-06-29T12:09:11.908053,Geiselbergstraße S,13,347502
2026-06-29T12:09:11.908053,Geiselbergstraße S,13,348166
2026-06-29T12:09:11.908053,Geiselbergstraße S,13,348161
2026-06-29T12:09:11.908053,Geiselbergstraße S,13,349178
2026-06-29T12:09:11.908053,Geiselbergstraße S,13,349172
2026-06-29T12:09:11.908053,Simmering S U,10,345905
2026-06-29T12:09:11.908053,Simmering S U,10,345771
2026-06-29T12:09:11.908053,Simmering S U,10,345717
2026-06-29T12:09:11.908053,Simmering S U,10,345672
2026-06-29T12:09:11.908053,Simmering S U,10,346337
2026-06-29T12:09:11.908053,Simmering S U,10,346194
2026-06-29T12:09:11.908053,Simmering S U,10,346059
2026-06-29T12:09:11.908053,Simmering S U,10,346778
2026-06-29T12:09:11.908053,Simmering S U,10,347167
2026-06-29T12:09:11.908053,Simmering S U,10,348144
2026-06-29T12:09:11.908053,Niederhofstraße U,19,345263
2026-06-29T12:09:11.908053,Niederhofstraße U,19,345075
2026-06-29T12:09:11.908053,Niederhofstraße U,19,345044
2026-06-29T12:09:11.908053,Niederhofstraße U,19,345912
2026-06-29T12:09:11.908053,Niederhofstraße U,19,345755
2026-06-29T12:09:11.908053,Niederhofstraße U,19,346442
2026-06-29T12:09:11.908053,Niederhofstraße U,19,346264
2026-06-29T12:09:11.908053,Niederhofstraße U,19,346621
2026-06-29T12:09:11.908053,Niederhofstraße U,19,346578
2026-06-29T12:09:11.908053,Niederhofstraße U,19,347382
2026-06-29T12:09:11.908053,Niederhofstraße U,19,347289
2026-06-29T12:09:11.908053,Niederhofstraße U,19,347950
2026-06-29T12:09:11.908053,Niederhofstraße U,19,347913
2026-06-29T12:09:11.908053,Niederhofstraße U,19,348294
2026-06-29T12:09:11.908053,Niederhofstraße U,19,348092
2026-06-29T12:09:11.908053,Niederhofstraße U,19,348687
2026-06-29T12:09:11.908053,Niederhofstraße U,19,348639
2026-06-29T12:09:11.908053,Niederhofstraße U,19,348578
2026-06-29T12:09:11.908053,Niederhofstraße U,19,348953
2026-06-29T12:09:11.908053,Hietzing U,23,345637
2026-06-29T12:09:11.908053,Hietzing U,23,346435
2026-06-29T12:09:11.908053,Hietzing U,23,346293
2026-06-29T12:09:11.908053,Hietzing U,23,346133
2026-06-29T12:09:11.908053,Hietzing U,23,346990
2026-06-29T12:09:11.908053,Hietzing U,23,346859
2026-06-29T12:09:11.908053,Hietzing U,23,346858
2026-06-29T12:09:11.908053,Hietzing U,23,346694
2026-06-29T12:09:11.908053,Hietzing U,23,346537
2026-06-29T12:09:11.908053,Hietzing U,23,347452
2026-06-29T12:09:11.908053,Hietzing U,23,347386
2026-06-29T12:09:11.908053,Hietzing U,23,347886
2026-06-29T12:09:11.908053,Hietzing U,23,347865
2026-06-29T12:09:11.908053,Hietzing U,23,347799
2026-06-29T12:09:11.908053,Hietzing U,23,348331
2026-06-29T12:09:11.908053,Hietzing U,23,348061
2026-06-29T12:09:11.908053,Hietzing U,23,349006
2026-06-29T12:09:11.908053,Hietzing U,23,348971
2026-06-29T12:09:11.908053,Hietzing U,23,348849
2026-06-29T12:09:11.908053,Hietzing U,23,348847
2026-06-29T12:09:11.908053,Hietzing U,23,348823
2026-06-29T12:09:11.908053,Hietzing U,23,349136
2026-06-29T12:09:11.908053,Hietzing U,23,349125
2026-06-29T12:09:11.908053,Westbahnhof S U,42,345488
2026-06-29T12:09:11.908053,Westbahnhof S U,42,345439
2026-06-29T12:09:11.908053,Westbahnhof S U,42,345416
2026-06-29T12:09:11.908053,Westbahnhof S U,42,345305
2026-06-29T12:09:11.908053,Westbahnhof S U,42,345274
2026-06-29T12:09:11.908053,Westbahnhof S U,42,345262
2026-06-29T12:09:11.908053,Westbahnhof S U,42,345167
2026-06-29T12:09:11.908053,Westbahnhof S U,42,345907
2026-06-29T12:09:11.908053,Westbahnhof S U,42,345707
2026-06-29T12:09:11.908053,Westbahnhof S U,42,346476
2026-06-29T12:09:11.908053,Westbahnhof S U,42,346286
2026-06-29T12:09:11.908053,Westbahnhof S U,42,346996
2026-06-29T12:09:11.908053,Westbahnhof S U,42,346912
2026-06-29T12:09:11.908053,Westbahnhof S U,42,346830
2026-06-29T12:09:11.908053,Westbahnhof S U,42,346684
2026-06-29T12:09:11.908053,Westbahnhof S U,42,346640
2026-06-29T12:09:11.908053,Westbahnhof S U,42,346554
2026-06-29T12:09:11.908053,Westbahnhof S U,42,347414
2026-06-29T12:09:11.908053,Westbahnhof S U,42,347408
2026-06-29T12:09:11.908053,Westbahnhof S U,42,347376
2026-06-29T12:09:11.908053,Westbahnhof S U,42,347305
2026-06-29T12:09:11.908053,Westbahnhof S U,42,347272
2026-06-29T12:09:11.908053,Westbahnhof S U,42,347086
2026-06-29T12:09:11.908053,Westbahnhof S U,42,347008
2026-06-29T12:09:11.908053,Westbahnhof S U,42,347742
2026-06-29T12:09:11.908053,Westbahnhof S U,42,347623
2026-06-29T12:09:11.908053,Westbahnhof S U,42,347536
2026-06-29T12:09:11.908053,Westbahnhof S U,42,398806
2026-06-29T12:09:11.908053,Westbahnhof S U,42,398790
2026-06-29T12:09:11.908053,Westbahnhof S U,42,398781
2026-06-29T12:09:11.908053,Westbahnhof S U,42,398775
2026-06-29T12:09:11.908053,Westbahnhof S U,42,349110
2026-06-29T12:09:11.908053,Westbahnhof S U,42,349086
2026-06-29T12:09:11.908053,Westbahnhof S U,42,349067
2026-06-29T12:09:11.908053,Westbahnhof S U,42,349038
2026-06-29T12:09:11.908053,Westbahnhof S U,42,348995
2026-06-29T12:09:11.908053,Westbahnhof S U,42,348986
2026-06-29T12:09:11.908053,Westbahnhof S U,42,348983
2026-06-29T12:09:11.908053,Westbahnhof S U,42,348898
2026-06-29T12:09:11.908053,Westbahnhof S U,42,348848
2026-06-29T12:09:11.908053,Westbahnhof S U,42,348844
2026-06-29T12:09:11.908053,Westbahnhof S U,42,349184
2026-06-29T12:09:11.908053,Richard-Wagner-Platz,31,345391
2026-06-29T12:09:11.908053,Richard-Wagner-Platz,31,345381
2026-06-29T12:09:11.908053,Richard-Wagner-Platz,31,345241
2026-06-29T12:09:11.908053,Richard-Wagner-Platz,31,345161
2026-06-29T12:09:11.908053,Richard-Wagner-Platz,31,345107
2026-06-29T12:09:11.908053,Richard-Wagner-Platz,31,345058
2026-06-29T12:09:11.908053,Richard-Wagner-Platz,31,345838
2026-06-29T12:09:11.908053,Richard-Wagner-Platz,31,345541
2026-06-29T12:09:11.908053,Richard-Wagner-Platz,31,345520
2026-06-29T12:09:11.908053,Richard-Wagner-Platz,31,346488
2026-06-29T12:09:11.908053,Richard-Wagner-Platz,31,346475
2026-06-29T12:09:11.908053,Richard-Wagner-Platz,31,346453
2026-06-29T12:09:11.908053,Richard-Wagner-Platz,31,346323
2026-06-29T12:09:11.908053,Richard-Wagner-Platz,31,346991
2026-06-29T12:09:11.908053,Richard-Wagner-Platz,31,346721
2026-06-29T12:09:11.908053,Richard-Wagner-Platz,31,346671
2026-06-29T12:09:11.908053,Richard-Wagner-Platz,31,346531
2026-06-29T12:09:11.908053,Richard-Wagner-Platz,31,346523
2026-06-29T12:09:11.908053,Richard-Wagner-Platz,31,346515
2026-06-29T12:09:11.908053,Richard-Wagner-Platz,31,347483
2026-06-29T12:09:11.908053,Richard-Wagner-Platz,31,347245
2026-06-29T12:09:11.908053,Richard-Wagner-Platz,31,347102
2026-06-29T12:09:11.908053,Richard-Wagner-Platz,31,347099
2026-06-29T12:09:11.908053,Richard-Wagner-Platz,31,347079
2026-06-29T12:09:11.908053,Richard-Wagner-Platz,31,347902
2026-06-29T12:09:11.908053,Richard-Wagner-Platz,31,347898
2026-06-29T12:09:11.908053,Richard-Wagner-Platz,31,347809
2026-06-29T12:09:11.908053,Richard-Wagner-Platz,31,347654
2026-06-29T12:09:11.908053,Richard-Wagner-Platz,31,348315
2026-06-29T12:09:11.908053,Richard-Wagner-Platz,31,348177
2026-06-29T12:09:11.908053,Richard-Wagner-Platz,31,348147
2026-06-29T12:09:11.908053,Alser Straße U,17,345299
2026-06-29T12:09:11.908053,Alser Straße U,17,345108
2026-06-29T12:09:11.908053,Alser Straße U,17,345750
2026-06-29T12:09:11.908053,Alser Straße U,17,345702
2026-06-29T12:09:11.908053,Alser Straße U,17,345686
2026-06-29T12:09:11.908053,Alser Straße U,17,346405
2026-06-29T12:09:11.908053,Alser Straße U,17,346211
2026-06-29T12:09:11.908053,Alser Straße U,17,346691
2026-06-29T12:09:11.908053,Alser Straße U,17,347642
2026-06-29T12:09:11.908053,Alser Straße U,17,347585
2026-06-29T12:09:11.908053,Alser Straße U,17,348451
2026-06-29T12:09:11.908053,Alser Straße U,17,348380
2026-06-29T12:09:11.908053,Alser Straße U,17,348072
2026-06-29T12:09:11.908053,Alser Straße U,17,398858
2026-06-29T12:09:11.908053,Alser Straße U,17,398743
2026-06-29T12:09:11.908053,Alser Straße U,17,349048
2026-06-29T12:09:11.908053,Alser Straße U,17,348988
2026-06-29T12:09:11.908053,Währinger Straße U,26,345138
2026-06-29T12:09:11.908053,Währinger Straße U,26,345117
2026-06-29T12:09:11.908053,Währinger Straße U,26,345072
2026-06-29T12:09:11.908053,Währinger Straße U,26,345715
2026-06-29T12:09:11.908053,Währinger Straße U,26,345509
2026-06-29T12:09:11.908053,Währinger Straße U,26,346451
2026-06-29T12:09:11.908053,Währinger Straße U,26,346446
2026-06-29T12:09:11.908053,Währinger Straße U,26,346379
2026-06-29T12:09:11.908053,Währinger Straße U,26,346068
2026-06-29T12:09:11.908053,Währinger Straße U,26,346046
2026-06-29T12:09:11.908053,Währinger Straße U,26,346018
2026-06-29T12:09:11.908053,Währinger Straße U,26,346982
2026-06-29T12:09:11.908053,Währinger Straße U,26,346792
2026-06-29T12:09:11.908053,Währinger Straße U,26,346565
2026-06-29T12:09:11.908053,Währinger Straße U,26,346549
2026-06-29T12:09:11.908053,Währinger Straße U,26,347323
2026-06-29T12:09:11.908053,Währinger Straße U,26,347219
2026-06-29T12:09:11.908053,Währinger Straße U,26,347080
2026-06-29T12:09:11.908053,Währinger Straße U,26,347637
2026-06-29T12:09:11.908053,Währinger Straße U,26,347564
2026-06-29T12:09:11.908053,Währinger Straße U,26,348436
2026-06-29T12:09:11.908053,Währinger Straße U,26,348112
2026-06-29T12:09:11.908053,Währinger Straße U,26,348629
2026-06-29T12:09:11.908053,Währinger Straße U,26,398850
2026-06-29T12:09:11.908053,Währinger Straße U,26,398826
2026-06-29T12:09:11.908053,Währinger Straße U,26,398820
2026-06-29T12:09:11.908053,Hardtgasse,28,345489
2026-06-29T12:09:11.908053,Hardtgasse,28,345453
2026-06-29T12:09:11.908053,Hardtgasse,28,345377
2026-06-29T12:09:11.908053,Hardtgasse,28,345288
2026-06-29T12:09:11.908053,Hardtgasse,28,345632
2026-06-29T12:09:11.908053,Hardtgasse,28,345596
2026-06-29T12:09:11.908053,Hardtgasse,28,345595
2026-06-29T12:09:11.908053,Hardtgasse,28,345579
2026-06-29T12:09:11.908053,Hardtgasse,28,346225
2026-06-29T12:09:11.908053,Hardtgasse,28,346204
2026-06-29T12:09:11.908053,Hardtgasse,28,346136
2026-06-29T12:09:11.908053,Hardtgasse,28,346092
2026-06-29T12:09:11.908053,Hardtgasse,28,346986
2026-06-29T12:09:11.908053,Hardtgasse,28,346789
2026-06-29T12:09:11.908053,Hardtgasse,28,346727
2026-06-29T12:09:11.908053,Hardtgasse,28,346608
2026-06-29T12:09:11.908053,Hardtgasse,28,346584
2026-06-29T12:09:11.908053,Hardtgasse,28,346533
2026-06-29T12:09:11.908053,Hardtgasse,28,347418
2026-06-29T12:09:11.908053,Hardtgasse,28,347981
2026-06-29T12:09:11.908053,Hardtgasse,28,347971
2026-06-29T12:09:11.908053,Hardtgasse,28,347698
2026-06-29T12:09:11.908053,Hardtgasse,28,347681
2026-06-29T12:09:11.908053,Hardtgasse,28,347617
2026-06-29T12:09:11.908053,Hardtgasse,28,347520
2026-06-29T12:09:11.908053,Hardtgasse,28,398854
2026-06-29T12:09:11.908053,Hardtgasse,28,398776
2026-06-29T12:09:11.908053,Hardtgasse,28,398753
2026-06-29T12:09:11.908053,Handelskai S U,35,345311
2026-06-29T12:09:11.908053,Handelskai S U,35,345282
2026-06-29T12:09:11.908053,Handelskai S U,35,345993
2026-06-29T12:09:11.908053,Handelskai S U,35,345656
2026-06-29T12:09:11.908053,Handelskai S U,35,345583
2026-06-29T12:09:11.908053,Handelskai S U,35,345576
2026-06-29T12:09:11.908053,Handelskai S U,35,346493
2026-06-29T12:09:11.908053,Handelskai S U,35,346460
2026-06-29T12:09:11.908053,Handelskai S U,35,346278
2026-06-29T12:09:11.908053,Handelskai S U,35,346716
2026-06-29T12:09:11.908053,Handelskai S U,35,346683
2026-06-29T12:09:11.908053,Handelskai S U,35,346512
2026-06-29T12:09:11.908053,Handelskai S U,35,347460
2026-06-29T12:09:11.908053,Handelskai S U,35,347421
2026-06-29T12:09:11.908053,Handelskai S U,35,347256
2026-06-29T12:09:11.908053,Handelskai S U,35,347251
2026-06-29T12:09:11.908053,Handelskai S U,35,347212
2026-06-29T12:09:11.908053,Handelskai S U,35,347954
2026-06-29T12:09:11.908053,Handelskai S U,35,347917
2026-06-29T12:09:11.908053,Handelskai S U,35,347892
2026-06-29T12:09:11.908053,Handelskai S U,35,347771
2026-06-29T12:09:11.908053,Handelskai S U,35,347692
2026-06-29T12:09:11.908053,Handelskai S U,35,347647
2026-06-29T12:09:11.908053,Handelskai S U,35,347592
2026-06-29T12:09:11.908053,Handelskai S U,35,348388
2026-06-29T12:09:11.908053,Handelskai S U,35,348371
2026-06-29T12:09:11.908053,Handelskai S U,35,348215
2026-06-29T12:09:11.908053,Handelskai S U,35,348175
2026-06-29T12:09:11.908053,Handelskai S U,35,348124
2026-06-29T12:09:11.908053,Handelskai S U,35,348710
2026-06-29T12:09:11.908053,Handelskai S U,35,348685
2026-06-29T12:09:11.908053,Handelskai S U,35,348557
2026-06-29T12:09:11.908053,Handelskai S U,35,348918
2026-06-29T12:09:11.908053,Handelskai S U,35,348884
2026-06-29T12:09:11.908053,Handelskai S U,35,348812
2026-06-29T12:09:11.908053,Wallensteinplatz,28,345383
2026-06-29T12:09:11.908053,Wallensteinplatz,28,345372
2026-06-29T12:09:11.908053,Wallensteinplatz,28,345127
2026-06-29T12:09:11.908053,Wallensteinplatz,28,345077
2026-06-29T12:09:11.908053,Wallensteinplatz,28,345024
2026-06-29T12:09:11.908053,Wallensteinplatz,28,345016
2026-06-29T12:09:11.908053,Wallensteinplatz,28,345005
2026-06-29T12:09:11.908053,Wallensteinplatz,28,345913
2026-06-29T12:09:11.908053,Wallensteinplatz,28,345724
2026-06-29T12:09:11.908053,Wallensteinplatz,28,345697
2026-06-29T12:09:11.908053,Wallensteinplatz,28,345670
2026-06-29T12:09:11.908053,Wallensteinplatz,28,345519
2026-06-29T12:09:11.908053,Wallensteinplatz,28,346477
2026-06-29T12:09:11.908053,Wallensteinplatz,28,346842
2026-06-29T12:09:11.908053,Wallensteinplatz,28,346620
2026-06-29T12:09:11.908053,Wallensteinplatz,28,346590
2026-06-29T12:09:11.908053,Wallensteinplatz,28,347443
2026-06-29T12:09:11.908053,Wallensteinplatz,28,347328
2026-06-29T12:09:11.908053,Wallensteinplatz,28,347300
2026-06-29T12:09:11.908053,Wallensteinplatz,28,347275
2026-06-29T12:09:11.908053,Wallensteinplatz,28,347113
2026-06-29T12:09:11.908053,Wallensteinplatz,28,347067
2026-06-29T12:09:11.908053,Wallensteinplatz,28,347995
2026-06-29T12:09:11.908053,Wallensteinplatz,28,347568
2026-06-29T12:09:11.908053,Wallensteinplatz,28,348240
2026-06-29T12:09:11.908053,Wallensteinplatz,28,348597
2026-06-29T12:09:11.908053,Wallensteinplatz,28,349082
2026-06-29T12:09:11.908053,Wallensteinplatz,28,348976
2026-06-29T12:09:11.908053,Brünner Straße S,28,345498
2026-06-29T12:09:11.908053,Brünner Straße S,28,345492
2026-06-29T12:09:11.908053,Brünner Straße S,28,345458
2026-06-29T12:09:11.908053,Brünner Straße S,28,345903
2026-06-29T12:09:11.908053,Brünner Straße S,28,345860
2026-06-29T12:09:11.908053,Brünner Straße S,28,345854
2026-06-29T12:09:11.908053,Brünner Straße S,28,345727
2026-06-29T12:09:11.908053,Brünner Straße S,28,345612
2026-06-29T12:09:11.908053,Brünner Straße S,28,346464
2026-06-29T12:09:11.908053,Brünner Straße S,28,346300
2026-06-29T12:09:11.908053,Brünner Straße S,28,346051
2026-06-29T12:09:11.908053,Brünner Straße S,28,346044
2026-06-29T12:09:11.908053,Brünner Straße S,28,346845
2026-06-29T12:09:11.908053,Brünner Straße S,28,346767
2026-06-29T12:09:11.908053,Brünner Straße S,28,346660
2026-06-29T12:09:11.908053,Brünner Straße S,28,346618
2026-06-29T12:09:11.908053,Brünner Straße S,28,346606
2026-06-29T12:09:11.908053,Brünner Straße S,28,347438
2026-06-29T12:09:11.908053,Brünner Straße S,28,347163
2026-06-29T12:09:11.908053,Brünner Straße S,28,347922
2026-06-29T12:09:11.908053,Brünner Straße S,28,347534
2026-06-29T12:09:11.908053,Brünner Straße S,28,347527
2026-06-29T12:09:11.908053,Brünner Straße S,28,348471
2026-06-29T12:09:11.908053,Brünner Straße S,28,348171
2026-06-29T12:09:11.908053,Brünner Straße S,28,348122
2026-06-29T12:09:11.908053,Brünner Straße S,28,348080
2026-06-29T12:09:11.908053,Brünner Straße S,28,348571
2026-06-29T12:09:11.908053,Brünner Straße S,28,348540
2026-06-29T12:09:11.908053,Floridsdorf S U,11,345071
2026-06-29T12:09:11.908053,Floridsdorf S U,11,346401
2026-06-29T12:09:11.908053,Floridsdorf S U,11,346949
2026-06-29T12:09:11.908053,Floridsdorf S U,11,346627
2026-06-29T12:09:11.908053,Floridsdorf S U,11,347291
2026-06-29T12:09:11.908053,Floridsdorf S U,11,347231
2026-06-29T12:09:11.908053,Floridsdorf S U,11,347570
2026-06-29T12:09:11.908053,Floridsdorf S U,11,348387
2026-06-29T12:09:11.908053,Floridsdorf S U,11,348694
2026-06-29T12:09:11.908053,Floridsdorf S U,11,348653
2026-06-29T12:09:11.908053,Floridsdorf S U,11,348649
2026-06-29T12:09:11.908053,Großfeldsiedlung U,2,346298
2026-06-29T12:09:11.908053,Großfeldsiedlung U,2,347451
2026-06-29T12:09:11.908053,Siemensstraße S,14,345555
2026-06-29T12:09:11.908053,Siemensstraße S,14,346984
2026-06-29T12:09:11.908053,Siemensstraße S,14,346916
2026-06-29T12:09:11.908053,Siemensstraße S,14,347129
2026-06-29T12:09:11.908053,Siemensstraße S,14,347650
2026-06-29T12:09:11.908053,Siemensstraße S,14,347605
2026-06-29T12:09:11.908053,Siemensstraße S,14,348336
2026-06-29T12:09:11.908053,Siemensstraße S,14,348035
2026-06-29T12:09:11.908053,Siemensstraße S,14,348004
2026-06-29T12:09:11.908053,Siemensstraße S,14,348666
2026-06-29T12:09:11.908053,Siemensstraße S,14,348546
2026-06-29T12:09:11.908053,Siemensstraße S,14,398733
2026-06-29T12:09:11.908053,Siemensstraße S,14,348915
2026-06-29T12:09:11.908053,Siemensstraße S,14,349169
2026-06-29T12:09:11.908053,Aspernstraße U,13,345132
2026-06-29T12:09:11.908053,Aspernstraße U,13,345631
2026-06-29T12:09:11.908053,Aspernstraße U,13,346127
2026-06-29T12:09:11.908053,Aspernstraße U,13,346920
2026-06-29T12:09:11.908053,Aspernstraße U,13,347439
2026-06-29T12:09:11.908053,Aspernstraße U,13,347434
2026-06-29T12:09:11.908053,Aspernstraße U,13,347060
2026-06-29T12:09:11.908053,Aspernstraße U,13,347846
2026-06-29T12:09:11.908053,Aspernstraße U,13,347842
2026-06-29T12:09:11.908053,Aspernstraße U,13,347822
2026-06-29T12:09:11.908053,Aspernstraße U,13,347791
2026-06-29T12:09:11.908053,Aspernstraße U,13,347786
2026-06-29T12:09:11.908053,Aspernstraße U,13,398852
2026-06-29T12:09:11.908053,Donauspital U,18,345302
2026-06-29T12:09:11.908053,Donauspital U,18,345141
2026-06-29T12:09:11.908053,Donauspital U,18,345026
2026-06-29T12:09:11.908053,Donauspital U,18,345808
2026-06-29T12:09:11.908053,Donauspital U,18,345712
2026-06-29T12:09:11.908053,Donauspital U,18,345611
2026-06-29T12:09:11.908053,Donauspital U,18,345604
2026-06-29T12:09:11.908053,Donauspital U,18,346335
2026-06-29T12:09:11.908053,Donauspital U,18,346137
2026-06-29T12:09:11.908053,Donauspital U,18,346827
2026-06-29T12:09:11.908053,Donauspital U,18,346633
2026-06-29T12:09:11.908053,Donauspital U,18,347319
2026-06-29T12:09:11.908053,Donauspital U,18,347044
2026-06-29T12:09:11.908053,Donauspital U,18,347961
2026-06-29T12:09:11.908053,Donauspital U,18,347689
2026-06-29T12:09:11.908053,Donauspital U,18,348108
2026-06-29T12:09:11.908053,Donauspital U,18,348026
2026-06-29T12:09:11.908053,Donauspital U,18,348662
2026-06-29T12:09:11.908053,Erzherzog-Karl-Straße S,17,345443
2026-06-29T12:09:11.908053,Erzherzog-Karl-Straße S,17,345207
2026-06-29T12:09:11.908053,Erzherzog-Karl-Straße S,17,345947
2026-06-29T12:09:11.908053,Erzherzog-Karl-Straße S,17,345937
2026-06-29T12:09:11.908053,Erzherzog-Karl-Straße S,17,345741
2026-06-29T12:09:11.908053,Erzherzog-Karl-Straße S,17,346135
2026-06-29T12:09:11.908053,Erzherzog-Karl-Straße S,17,346994
2026-06-29T12:09:11.908053,Erzherzog-Karl-Straße S,17,346835
2026-06-29T12:09:11.908053,Erzherzog-Karl-Straße S,17,346509
2026-06-29T12:09:11.908053,Erzherzog-Karl-Straße S,17,347748
2026-06-29T12:09:11.908053,Erzherzog-Karl-Straße S,17,348413
2026-06-29T12:09:11.908053,Erzherzog-Karl-Straße S,17,348382
2026-06-29T12:09:11.908053,Erzherzog-Karl-Straße S,17,348266
2026-06-29T12:09:11.908053,Erzherzog-Karl-Straße S,17,348128
2026-06-29T12:09:11.908053,Erzherzog-Karl-Straße S,17,348059
2026-06-29T12:09:11.908053,Erzherzog-Karl-Straße S,17,349036
2026-06-29T12:09:11.908053,Erzherzog-Karl-Straße S,17,348921
2026-06-29T12:09:11.908053,Hausfeldstraße S U,25,345408
2026-06-29T12:09:11.908053,Hausfeldstraße S U,25,345252
2026-06-29T12:09:11.908053,Hausfeldstraße S U,25,345051
2026-06-29T12:09:11.908053,Hausfeldstraße S U,25,345812
2026-06-29T12:09:11.908053,Hausfeldstraße S U,25,345737
2026-06-29T12:09:11.908053,Hausfeldstraße S U,25,345676
2026-06-29T12:09:11.908053,Hausfeldstraße S U,25,345605
2026-06-29T12:09:11.908053,Hausfeldstraße S U,25,345542
2026-06-29T12:09:11.908053,Hausfeldstraße S U,25,346123
2026-06-29T12:09:11.908053,Hausfeldstraße S U,25,346726
2026-06-29T12:09:11.908053,Hausfeldstraße S U,25,346638
2026-06-29T12:09:11.908053,Hausfeldstraße S U,25,346527
2026-06-29T12:09:11.908053,Hausfeldstraße S U,25,347353
2026-06-29T12:09:11.908053,Hausfeldstraße S U,25,347341
2026-06-29T12:09:11.908053,Hausfeldstraße S U,25,347232
2026-06-29T12:09:11.908053,Hausfeldstraße S U,25,347157
2026-06-29T12:09:11.908053,Hausfeldstraße S U,25,347661
2026-06-29T12:09:11.908053,Hausfeldstraße S U,25,347600
2026-06-29T12:09:11.908053,Hausfeldstraße S U,25,347512
2026-06-29T12:09:11.908053,Hausfeldstraße S U,25,348320
2026-06-29T12:09:11.908053,Hausfeldstraße S U,25,348268
2026-06-29T12:09:11.908053,Hausfeldstraße S U,25,348101
2026-06-29T12:09:11.908053,Hausfeldstraße S U,25,348658
2026-06-29T12:09:11.908053,Hausfeldstraße S U,25,398833
2026-06-29T12:09:11.908053,Hausfeldstraße S U,25,398736
2026-06-29T12:09:11.908053,Kagran U,4,346365
2026-06-29T12:09:11.908053,Kagran U,4,346338
2026-06-29T12:09:11.908053,Kagran U,4,347927
2026-06-29T12:09:11.908053,Kagran U,4,347910
2026-06-29T12:09:11.908053,Maria-Tusch-Straße,25,345468
2026-06-29T12:09:11.908053,Maria-Tusch-Straße,25,345346
2026-06-29T12:09:11.908053,Maria-Tusch-Straße,25,345785
2026-06-29T12:09:11.908053,Maria-Tusch-Straße,25,345730
2026-06-29T12:09:11.908053,Maria-Tusch-Straße,25,345728
2026-06-29T12:09:11.908053,Maria-Tusch-Straße,25,345552
2026-06-29T12:09:11.908053,Maria-Tusch-Straße,25,346416
2026-06-29T12:09:11.908053,Maria-Tusch-Straße,25,346372
2026-06-29T12:09:11.908053,Maria-Tusch-Straße,25,346208
2026-06-29T12:09:11.908053,Maria-Tusch-Straße,25,346143
2026-06-29T12:09:11.908053,Maria-Tusch-Straße,25,346913
2026-06-29T12:09:11.908053,Maria-Tusch-Straße,25,346663
2026-06-29T12:09:11.908053,Maria-Tusch-Straße,25,347474
2026-06-29T12:09:11.908053,Maria-Tusch-Straße,25,347467
2026-06-29T12:09:11.908053,Maria-Tusch-Straße,25,347449
2026-06-29T12:09:11.908053,Maria-Tusch-Straße,25,347345
2026-06-29T12:09:11.908053,Maria-Tusch-Straße,25,347155
2026-06-29T12:09:11.908053,Maria-Tusch-Straße,25,347101
2026-06-29T12:09:11.908053,Maria-Tusch-Straße,25,347083
2026-06-29T12:09:11.908053,Maria-Tusch-Straße,25,347550
2026-06-29T12:09:11.908053,Maria-Tusch-Straße,25,348462
2026-06-29T12:09:11.908053,Maria-Tusch-Straße,25,348416
2026-06-29T12:09:11.908053,Maria-Tusch-Straße,25,348133
2026-06-29T12:09:11.908053,Maria-Tusch-Straße,25,348111
2026-06-29T12:09:11.908053,Maria-Tusch-Straße,25,398855
2026-06-29T12:09:11.908053,Rennbahnweg U,28,345470
2026-06-29T12:09:11.908053,Rennbahnweg U,28,345313
2026-06-29T12:09:11.908053,Rennbahnweg U,28,345128
2026-06-29T12:09:11.908053,Rennbahnweg U,28,345610
2026-06-29T12:09:11.908053,Rennbahnweg U,28,345573
2026-06-29T12:09:11.908053,Rennbahnweg U,28,345514
2026-06-29T12:09:11.908053,Rennbahnweg U,28,346985
2026-06-29T12:09:11.908053,Rennbahnweg U,28,346760
2026-06-29T12:09:11.908053,Rennbahnweg U,28,346648
2026-06-29T12:09:11.908053,Rennbahnweg U,28,346642
2026-06-29T12:09:11.908053,Rennbahnweg U,28,346501
2026-06-29T12:09:11.908053,Rennbahnweg U,28,347401
2026-06-29T12:09:11.908053,Rennbahnweg U,28,347364
2026-06-29T12:09:11.908053,Rennbahnweg U,28,347158
2026-06-29T12:09:11.908053,Rennbahnweg U,28,347133
2026-06-29T12:09:11.908053,Rennbahnweg U,28,347041
2026-06-29T12:09:11.908053,Rennbahnweg U,28,347918
2026-06-29T12:09:11.908053,Rennbahnweg U,28,347819
2026-06-29T12:09:11.908053,Rennbahnweg U,28,347790
2026-06-29T12:09:11.908053,Rennbahnweg U,28,347595
2026-06-29T12:09:11.908053,Rennbahnweg U,28,348346
2026-06-29T12:09:11.908053,Rennbahnweg U,28,348303
2026-06-29T12:09:11.908053,Rennbahnweg U,28,348194
2026-06-29T12:09:11.908053,Rennbahnweg U,28,348032
2026-06-29T12:09:11.908053,Rennbahnweg U,28,348643
2026-06-29T12:09:11.908053,Rennbahnweg U,28,398766
2026-06-29T12:09:11.908053,Rennbahnweg U,28,349111
2026-06-29T12:09:11.908053,Rennbahnweg U,28,348977
2026-06-29T12:09:11.908053,Schüttauplatz,9,345438
2026-06-29T12:09:11.908053,Schüttauplatz,9,345353
2026-06-29T12:09:11.908053,Schüttauplatz,9,345278
2026-06-29T12:09:11.908053,Schüttauplatz,9,345833
2026-06-29T12:09:11.908053,Schüttauplatz,9,346050
2026-06-29T12:09:11.908053,Schüttauplatz,9,347734
2026-06-29T12:09:11.908053,Schüttauplatz,9,348485
2026-06-29T12:09:11.908053,Schüttauplatz,9,348663
2026-06-29T12:09:11.908053,Schüttauplatz,9,348909
2026-06-29T12:09:11.908053,Stadlau S U,16,345238
2026-06-29T12:09:11.908053,Stadlau S U,16,345144
2026-06-29T12:09:11.908053,Stadlau S U,16,345047
2026-06-29T12:09:11.908053,Stadlau S U,16,345826
2026-06-29T12:09:11.908053,Stadlau S U,16,346249
2026-06-29T12:09:11.908053,Stadlau S U,16,346933
2026-06-29T12:09:11.908053,Stadlau S U,16,346703
2026-06-29T12:09:11.908053,Stadlau S U,16,346651
2026-06-29T12:09:11.908053,Stadlau S U,16,346632
2026-06-29T12:09:11.908053,Stadlau S U,16,346522
2026-06-29T12:09:11.908053,Stadlau S U,16,347462
2026-06-29T12:09:11.908053,Stadlau S U,16,347303
2026-06-29T12:09:11.908053,Stadlau S U,16,347072
2026-06-29T12:09:11.908053,Stadlau S U,16,347015
2026-06-29T12:09:11.908053,Stadlau S U,16,348328
2026-06-29T12:09:11.908053,Stadlau S U,16,348689
2026-06-29T12:09:11.908053,Kaisermühlen-VIC U,18,345291
2026-06-29T12:09:11.908053,Kaisermühlen-VIC U,18,345989
2026-06-29T12:09:11.908053,Kaisermühlen-VIC U,18,346041
2026-06-29T12:09:11.908053,Kaisermühlen-VIC U,18,346024
2026-06-29T12:09:11.908053,Kaisermühlen-VIC U,18,346922
2026-06-29T12:09:11.908053,Kaisermühlen-VIC U,18,346646
2026-06-29T12:09:11.908053,Kaisermühlen-VIC U,18,347048
2026-06-29T12:09:11.908053,Kaisermühlen-VIC U,18,347024
2026-06-29T12:09:11.908053,Kaisermühlen-VIC U,18,347904
2026-06-29T12:09:11.908053,Kaisermühlen-VIC U,18,347670
2026-06-29T12:09:11.908053,Kaisermühlen-VIC U,18,348355
2026-06-29T12:09:11.908053,Kaisermühlen-VIC U,18,348337
2026-06-29T12:09:11.908053,Kaisermühlen-VIC U,18,348324
2026-06-29T12:09:11.908053,Kaisermühlen-VIC U,18,348280
2026-06-29T12:09:11.908053,Kaisermühlen-VIC U,18,348279
2026-06-29T12:09:11.908053,Kaisermühlen-VIC U,18,348181
2026-06-29T12:09:11.908053,Kaisermühlen-VIC U,18,348053
2026-06-29T12:09:11.908053,Kaisermühlen-VIC U,18,398794
2026-06-29T12:09:11.908053,Kagraner Platz U,26,345494
2026-06-29T12:09:11.908053,Kagraner Platz U,26,345296
2026-06-29T12:09:11.908053,Kagraner Platz U,26,345143
2026-06-29T12:09:11.908053,Kagraner Platz U,26,345832
2026-06-29T12:09:11.908053,Kagraner Platz U,26,345818
2026-06-29T12:09:11.908053,Kagraner Platz U,26,345720
2026-06-29T12:09:11.908053,Kagraner Platz U,26,346316
2026-06-29T12:09:11.908053,Kagraner Platz U,26,346947
2026-06-29T12:09:11.908053,Kagraner Platz U,26,346653
2026-06-29T12:09:11.908053,Kagraner Platz U,26,346649
2026-06-29T12:09:11.908053,Kagraner Platz U,26,346609
2026-06-29T12:09:11.908053,Kagraner Platz U,26,347471
2026-06-29T12:09:11.908053,Kagraner Platz U,26,347429
2026-06-29T12:09:11.908053,Kagraner Platz U,26,347226
2026-06-29T12:09:11.908053,Kagraner Platz U,26,347185
2026-06-29T12:09:11.908053,Kagraner Platz U,26,347136
2026-06-29T12:09:11.908053,Kagraner Platz U,26,347845
2026-06-29T12:09:11.908053,Kagraner Platz U,26,347783
2026-06-29T12:09:11.908053,Kagraner Platz U,26,347691
2026-06-29T12:09:11.908053,Kagraner Platz U,26,348423
2026-06-29T12:09:11.908053,Kagraner Platz U,26,348334
2026-06-29T12:09:11.908053,Kagraner Platz U,26,348094
2026-06-29T12:09:11.908053,Kagraner Platz U,26,348001
2026-06-29T12:09:11.908053,Kagraner Platz U,26,348690
2026-06-29T12:09:11.908053,Kagraner Platz U,26,348682
2026-06-29T12:09:11.908053,Kagraner Platz U,26,398732
2026-06-29T12:09:11.908053,Alterlaa U,10,345123
2026-06-29T12:09:11.908053,Alterlaa U,10,345691
2026-06-29T12:09:11.908053,Alterlaa U,10,345546
2026-06-29T12:09:11.908053,Alterlaa U,10,346860
2026-06-29T12:09:11.908053,Alterlaa U,10,347416
2026-06-29T12:09:11.908053,Alterlaa U,10,347177
2026-06-29T12:09:11.908053,Alterlaa U,10,347925
2026-06-29T12:09:11.908053,Alterlaa U,10,348474
2026-06-29T12:09:11.908053,Alterlaa U,10,348311
2026-06-29T12:09:11.908053,Alterlaa U,10,348252
2026-06-29T12:09:11.908053,Bacherplatz,17,345270
2026-06-29T12:09:11.908053,Bacherplatz,17,345135
2026-06-29T12:09:11.908053,Bacherplatz,17,345038
2026-06-29T12:09:11.908053,Bacherplatz,17,345739
2026-06-29T12:09:11.908053,Bacherplatz,17,345710
2026-06-29T12:09:11.908053,Bacherplatz,17,346450
2026-06-29T12:09:11.908053,Bacherplatz,17,346364
2026-06-29T12:09:11.908053,Bacherplatz,17,346785
2026-06-29T12:09:11.908053,Bacherplatz,17,346722
2026-06-29T12:09:11.908053,Bacherplatz,17,346540
2026-06-29T12:09:11.908053,Bacherplatz,17,347009
2026-06-29T12:09:11.908053,Bacherplatz,17,347625
2026-06-29T12:09:11.908053,Bacherplatz,17,348379
2026-06-29T12:09:11.908053,Bacherplatz,17,348265
2026-06-29T12:09:11.908053,Bacherplatz,17,398771
2026-06-29T12:09:11.908053,Bacherplatz,17,349045
2026-06-29T12:09:11.908053,Bacherplatz,17,349128
2026-06-29T12:09:11.908053,Carl-Appel-Straße,15,345157
2026-06-29T12:09:11.908053,Carl-Appel-Straße,15,346380
2026-06-29T12:09:11.908053,Carl-Appel-Straße,15,346173
2026-06-29T12:09:11.908053,Carl-Appel-Straße,15,346138
2026-06-29T12:09:11.908053,Carl-Appel-Straße,15,346003
2026-06-29T12:09:11.908053,Carl-Appel-Straße,15,347436
2026-06-29T12:09:11.908053,Carl-Appel-Straße,15,347258
2026-06-29T12:09:11.908053,Carl-Appel-Straße,15,347191
2026-06-29T12:09:11.908053,Carl-Appel-Straße,15,347956
2026-06-29T12:09:11.908053,Carl-Appel-Straße,15,347900
2026-06-29T12:09:11.908053,Carl-Appel-Straße,15,347780
2026-06-29T12:09:11.908053,Carl-Appel-Straße,15,347775
2026-06-29T12:09:11.908053,Carl-Appel-Straße,15,348172
2026-06-29T12:09:11.908053,Carl-Appel-Straße,15,348038
2026-06-29T12:09:11.908053,Carl-Appel-Straße,15,348989
2026-06-29T12:09:11.908053,Otto-Probst-Platz,5,345272
2026-06-29T12:09:11.908053,Otto-Probst-Platz,5,345852
2026-06-29T12:09:11.908053,Otto-Probst-Platz,5,346914
2026-06-29T12:09:11.908053,Otto-Probst-Platz,5,348908
2026-06-29T12:09:11.908053,Otto-Probst-Platz,5,348804
2026-06-29T12:09:11.908053,Alaudagasse U,2,345618
2026-06-29T12:09:11.908053,Alaudagasse U,2,347713
2026-06-29T12:09:11.908053,Svetelskystraße,7,345423
2026-06-29T12:09:11.908053,Svetelskystraße,7,345643
2026-06-29T12:09:11.908053,Svetelskystraße,7,346280
2026-06-29T12:09:11.908053,Svetelskystraße,7,346275
2026-06-29T12:09:11.908053,Svetelskystraße,7,347095
2026-06-29T12:09:11.908053,Svetelskystraße,7,347856
2026-06-29T12:09:11.908053,Svetelskystraße,7,348163
2026-06-29T12:09:11.908053,Weißenböckstraße,12,346274
2026-06-29T12:09:11.908053,Weißenböckstraße,12,346192
2026-06-29T12:09:11.908053,Weißenböckstraße,12,346804
2026-06-29T12:09:11.908053,Weißenböckstraße,12,346700
2026-06-29T12:09:11.908053,Weißenböckstraße,12,346615
2026-06-29T12:09:11.908053,Weißenböckstraße,12,347011
2026-06-29T12:09:11.908053,Weißenböckstraße,12,347631
2026-06-29T12:09:11.908053,Weißenböckstraße,12,347547
2026-06-29T12:09:11.908053,Weißenböckstraße,12,348496
2026-06-29T12:09:11.908053,Weißenböckstraße,12,348213
2026-06-29T12:09:11.908053,Weißenböckstraße,12,348167
2026-06-29T12:09:11.908053,Weißenböckstraße,12,348709
2026-06-29T12:09:11.908053,Zentralfriedhof 2. Tor,8,345427
2026-06-29T12:09:11.908053,Zentralfriedhof 2. Tor,8,345698
2026-06-29T12:09:11.908053,Zentralfriedhof 2. Tor,8,345507
2026-06-29T12:09:11.908053,Zentralfriedhof 2. Tor,8,346907
2026-06-29T12:09:11.908053,Zentralfriedhof 2. Tor,8,346799
2026-06-29T12:09:11.908053,Zentralfriedhof 2. Tor,8,347957
2026-06-29T12:09:11.908053,Zentralfriedhof 2. Tor,8,347566
2026-06-29T12:09:11.908053,Zentralfriedhof 2. Tor,8,348979
2026-06-29T12:09:11.908053,Simoningplatz,20,345462
2026-06-29T12:09:11.908053,Simoningplatz,20,345446
2026-06-29T12:09:11.908053,Simoningplatz,20,345434
2026-06-29T12:09:11.908053,Simoningplatz,20,345349
2026-06-29T12:09:11.908053,Simoningplatz,20,345256
2026-06-29T12:09:11.908053,Simoningplatz,20,345188
2026-06-29T12:09:11.908053,Simoningplatz,20,345918
2026-06-29T12:09:11.908053,Simoningplatz,20,346496
2026-06-29T12:09:11.908053,Simoningplatz,20,346322
2026-06-29T12:09:11.908053,Simoningplatz,20,346231
2026-06-29T12:09:11.908053,Simoningplatz,20,346069
2026-06-29T12:09:11.908053,Simoningplatz,20,346961
2026-06-29T12:09:11.908053,Simoningplatz,20,346777
2026-06-29T12:09:11.908053,Simoningplatz,20,346748
2026-06-29T12:09:11.908053,Simoningplatz,20,347193
2026-06-29T12:09:11.908053,Simoningplatz,20,347180
2026-06-29T12:09:11.908053,Simoningplatz,20,348203
2026-06-29T12:09:11.908053,Simoningplatz,20,398810
2026-06-29T12:09:11.908053,Simoningplatz,20,398763
2026-06-29T12:09:11.908053,Simoningplatz,20,398865
2026-06-29T12:09:11.908053,Etrichstraße,4,346210
2026-06-29T12:09:11.908053,Etrichstraße,4,346784
2026-06-29T12:09:11.908053,Etrichstraße,4,347943
2026-06-29T12:09:11.908053,Etrichstraße,4,348276
2026-06-29T12:09:11.908053,Zippererstraße U,20,345387
2026-06-29T12:09:11.908053,Zippererstraße U,20,345911
2026-06-29T12:09:11.908053,Zippererstraße U,20,345827
2026-06-29T12:09:11.908053,Zippererstraße U,20,345655
2026-06-29T12:09:11.908053,Zippererstraße U,20,345521
2026-06-29T12:09:11.908053,Zippererstraße U,20,346426
2026-06-29T12:09:11.908053,Zippererstraße U,20,346283
2026-06-29T12:09:11.908053,Zippererstraße U,20,346078
2026-06-29T12:09:11.908053,Zippererstraße U,20,346520
2026-06-29T12:09:11.908053,Zippererstraße U,20,347393
2026-06-29T12:09:11.908053,Zippererstraße U,20,347375
2026-06-29T12:09:11.908053,Zippererstraße U,20,347337
2026-06-29T12:09:11.908053,Zippererstraße U,20,347211
2026-06-29T12:09:11.908053,Zippererstraße U,20,347762
2026-06-29T12:09:11.908053,Zippererstraße U,20,347753
2026-06-29T12:09:11.908053,Zippererstraße U,20,347709
2026-06-29T12:09:11.908053,Zippererstraße U,20,348473
2026-06-29T12:09:11.908053,Zippererstraße U,20,348454
2026-06-29T12:09:11.908053,Zippererstraße U,20,348185
2026-06-29T12:09:11.908053,Zippererstraße U,20,348645
2026-06-29T12:09:11.908053,Hetzendorf S / Altmannsdorfer Straße,6,345063
2026-06-29T12:09:11.908053,Hetzendorf S / Altmannsdorfer Straße,6,345019
2026-06-29T12:09:11.908053,Hetzendorf S / Altmannsdorfer Straße,6,345578
2026-06-29T12:09:11.908053,Hetzendorf S / Altmannsdorfer Straße,6,347465
2026-06-29T12:09:11.908053,Hetzendorf S / Altmannsdorfer Straße,6,347159
2026-06-29T12:09:11.908053,Hetzendorf S / Altmannsdorfer Straße,6,348018
2026-06-29T12:09:11.908053,Gatterhölzl,16,345003
2026-06-29T12:09:11.908053,Gatterhölzl,16,345667
2026-06-29T12:09:11.908053,Gatterhölzl,16,345658
2026-06-29T12:09:11.908053,Gatterhölzl,16,345511
2026-06-29T12:09:11.908053,Gatterhölzl,16,346945
2026-06-29T12:09:11.908053,Gatterhölzl,16,346806
2026-06-29T12:09:11.908053,Gatterhölzl,16,347367
2026-06-29T12:09:11.908053,Gatterhölzl,16,347721
2026-06-29T12:09:11.908053,Gatterhölzl,16,347658
2026-06-29T12:09:11.908053,Gatterhölzl,16,348289
2026-06-29T12:09:11.908053,Gatterhölzl,16,348110
2026-06-29T12:09:11.908053,Gatterhölzl,16,398752
2026-06-29T12:09:11.908053,Gatterhölzl,16,349029
2026-06-29T12:09:11.908053,Gatterhölzl,16,349017
2026-06-29T12:09:11.908053,Gatterhölzl,16,348887
2026-06-29T12:09:11.908053,Gatterhölzl,16,348872
2026-06-29T12:09:11.908053,Speising S,6,345450
2026-06-29T12:09:11.908053,Speising S,6,345336
2026-06-29T12:09:11.908053,Speising S,6,345931
2026-06-29T12:09:11.908053,Speising S,6,346303
2026-06-29T12:09:11.908053,Speising S,6,347306
2026-06-29T12:09:11.908053,Speising S,6,398828
2026-06-29T12:09:11.908053,Hasnerstraße / Hofferplatz,13,345483
2026-06-29T12:09:11.908053,Hasnerstraße / Hofferplatz,13,345467
2026-06-29T12:09:11.908053,Hasnerstraße / Hofferplatz,13,345409
2026-06-29T12:09:11.908053,Hasnerstraße / Hofferplatz,13,345760
2026-06-29T12:09:11.908053,Hasnerstraße / Hofferplatz,13,345609
2026-06-29T12:09:11.908053,Hasnerstraße / Hofferplatz,13,345586
2026-06-29T12:09:11.908053,Hasnerstraße / Hofferplatz,13,346318
2026-06-29T12:09:11.908053,Hasnerstraße / Hofferplatz,13,346184
2026-06-29T12:09:11.908053,Hasnerstraße / Hofferplatz,13,347174
2026-06-29T12:09:11.908053,Hasnerstraße / Hofferplatz,13,347601
2026-06-29T12:09:11.908053,Hasnerstraße / Hofferplatz,13,347540
2026-06-29T12:09:11.908053,Hasnerstraße / Hofferplatz,13,348287
2026-06-29T12:09:11.908053,Hasnerstraße / Hofferplatz,13,348873
2026-06-29T12:09:11.908053,Nietzscheplatz,2,347504
2026-06-29T12:09:11.908053,Nietzscheplatz,2,348592
2026-06-29T12:09:11.908053,Wattgasse,15,345306
2026-06-29T12:09:11.908053,Wattgasse,15,345239
2026-06-29T12:09:11.908053,Wattgasse,15,346481
2026-06-29T12:09:11.908053,Wattgasse,15,346239
2026-06-29T12:09:11.908053,Wattgasse,15,346203
2026-06-29T12:09:11.908053,Wattgasse,15,346108
2026-06-29T12:09:11.908053,Wattgasse,15,346006
2026-06-29T12:09:11.908053,Wattgasse,15,346741
2026-06-29T12:09:11.908053,Wattgasse,15,346538
2026-06-29T12:09:11.908053,Wattgasse,15,347181
2026-06-29T12:09:11.908053,Wattgasse,15,347985
2026-06-29T12:09:11.908053,Wattgasse,15,348461
2026-06-29T12:09:11.908053,Wattgasse,15,348411
2026-06-29T12:09:11.908053,Wattgasse,15,348176
2026-06-29T12:09:11.908053,Wattgasse,15,348533
2026-06-29T12:09:11.908053,Oberdöbling S,15,346431
2026-06-29T12:09:11.908053,Oberdöbling S,15,346258
2026-06-29T12:09:11.908053,Oberdöbling S,15,346162
2026-06-29T12:09:11.908053,Oberdöbling S,15,346610
2026-06-29T12:09:11.908053,Oberdöbling S,15,346581
2026-06-29T12:09:11.908053,Oberdöbling S,15,346528
2026-06-29T12:09:11.908053,Oberdöbling S,15,346511
2026-06-29T12:09:11.908053,Oberdöbling S,15,347457
2026-06-29T12:09:11.908053,Oberdöbling S,15,347361
2026-06-29T12:09:11.908053,Oberdöbling S,15,347667
2026-06-29T12:09:11.908053,Oberdöbling S,15,348333
2026-06-29T12:09:11.908053,Oberdöbling S,15,348226
2026-06-29T12:09:11.908053,Oberdöbling S,15,348015
2026-06-29T12:09:11.908053,Oberdöbling S,15,348677
2026-06-29T12:09:11.908053,Oberdöbling S,15,398728
2026-06-29T12:09:11.908053,Kantnergasse,14,345456
2026-06-29T12:09:11.908053,Kantnergasse,14,345452
2026-06-29T12:09:11.908053,Kantnergasse,14,345010
2026-06-29T12:09:11.908053,Kantnergasse,14,346664
2026-06-29T12:09:11.908053,Kantnergasse,14,347450
2026-06-29T12:09:11.908053,Kantnergasse,14,347419
2026-06-29T12:09:11.908053,Kantnergasse,14,347404
2026-06-29T12:09:11.908053,Kantnergasse,14,347338
2026-06-29T12:09:11.908053,Kantnergasse,14,347125
2026-06-29T12:09:11.908053,Kantnergasse,14,347091
2026-06-29T12:09:11.908053,Kantnergasse,14,347070
2026-06-29T12:09:11.908053,Kantnergasse,14,347552
2026-06-29T12:09:11.908053,Kantnergasse,14,348069
2026-06-29T12:09:11.908053,Kantnergasse,14,398830
2026-06-29T12:09:11.908053,Leopoldau S U,16,345232
2026-06-29T12:09:11.908053,Leopoldau S U,16,345888
2026-06-29T12:09:11.908053,Leopoldau S U,16,346467
2026-06-29T12:09:11.908053,Leopoldau S U,16,346361
2026-06-29T12:09:11.908053,Leopoldau S U,16,346228
2026-06-29T12:09:11.908053,Leopoldau S U,16,346165
2026-06-29T12:09:11.908053,Leopoldau S U,16,346157
2026-06-29T12:09:11.908053,Leopoldau S U,16,346087
2026-06-29T12:09:11.908053,Leopoldau S U,16,346958
2026-06-29T12:09:11.908053,Leopoldau S U,16,346556
2026-06-29T12:09:11.908053,Leopoldau S U,16,347487
2026-06-29T12:09:11.908053,Leopoldau S U,16,347154
2026-06-29T12:09:11.908053,Leopoldau S U,16,347928
2026-06-29T12:09:11.908053,Leopoldau S U,16,347811
2026-06-29T12:09:11.908053,Leopoldau S U,16,348310
2026-06-29T12:09:11.908053,Leopoldau S U,16,348205
2026-06-29T12:09:11.908053,Josef-Baumann-Gasse,8,345007
2026-06-29T12:09:11.908053,Josef-Baumann-Gasse,8,345006
2026-06-29T12:09:11.908053,Josef-Baumann-Gasse,8,345884
2026-06-29T12:09:11.908053,Josef-Baumann-Gasse,8,346105
2026-06-29T12:09:11.908053,Josef-Baumann-Gasse,8,346042
2026-06-29T12:09:11.908053,Josef-Baumann-Gasse,8,347440
2026-06-29T12:09:11.908053,Josef-Baumann-Gasse,8,347501
2026-06-29T12:09:11.908053,Josef-Baumann-Gasse,8,348543
2026-06-29T12:09:11.908053,Fultonstraße,10,345736
2026-06-29T12:09:11.908053,Fultonstraße,10,345714
2026-06-29T12:09:11.908053,Fultonstraße,10,346685
2026-06-29T12:09:11.908053,Fultonstraße,10,347199
2026-06-29T12:09:11.908053,Fultonstraße,10,347876
2026-06-29T12:09:11.908053,Fultonstraße,10,347813
2026-06-29T12:09:11.908053,Fultonstraße,10,347768
2026-06-29T12:09:11.908053,Fultonstraße,10,348197
2026-06-29T12:09:11.908053,Fultonstraße,10,348184
2026-06-29T12:09:11.908053,Fultonstraße,10,348554
2026-06-29T12:09:11.908053,Hopfengasse,29,345271
2026-06-29T12:09:11.908053,Hopfengasse,29,345159
2026-06-29T12:09:11.908053,Hopfengasse,29,345988
2026-06-29T12:09:11.908053,Hopfengasse,29,345934
2026-06-29T12:09:11.908053,Hopfengasse,29,345680
2026-06-29T12:09:11.908053,Hopfengasse,29,346402
2026-06-29T12:09:11.908053,Hopfengasse,29,346319
2026-06-29T12:09:11.908053,Hopfengasse,29,346288
2026-06-29T12:09:11.908053,Hopfengasse,29,346775
2026-06-29T12:09:11.908053,Hopfengasse,29,346557
2026-06-29T12:09:11.908053,Hopfengasse,29,347347
2026-06-29T12:09:11.908053,Hopfengasse,29,347227
2026-06-29T12:09:11.908053,Hopfengasse,29,347206
2026-06-29T12:09:11.908053,Hopfengasse,29,347109
2026-06-29T12:09:11.908053,Hopfengasse,29,347903
2026-06-29T12:09:11.908053,Hopfengasse,29,347844
2026-06-29T12:09:11.908053,Hopfengasse,29,347578
2026-06-29T12:09:11.908053,Hopfengasse,29,347562
2026-06-29T12:09:11.908053,Hopfengasse,29,347531
2026-06-29T12:09:11.908053,Hopfengasse,29,348480
2026-06-29T12:09:11.908053,Hopfengasse,29,348469
2026-06-29T12:09:11.908053,Hopfengasse,29,348099
2026-06-29T12:09:11.908053,Hopfengasse,29,348661
2026-06-29T12:09:11.908053,Hopfengasse,29,348628
2026-06-29T12:09:11.908053,Hopfengasse,29,348599
2026-06-29T12:09:11.908053,Hopfengasse,29,348561
2026-06-29T12:09:11.908053,Hopfengasse,29,398856
2026-06-29T12:09:11.908053,Hopfengasse,29,398812
2026-06-29T12:09:11.908053,Hopfengasse,29,348933
2026-06-29T12:09:11.908053,Jedlesee / Bellgasse,6,345011
2026-06-29T12:09:11.908053,Jedlesee / Bellgasse,6,348357
2026-06-29T12:09:11.908053,Jedlesee / Bellgasse,6,348254
2026-06-29T12:09:11.908053,Jedlesee / Bellgasse,6,348074
2026-06-29T12:09:11.908053,Jedlesee / Bellgasse,6,348642
2026-06-29T12:09:11.908053,Jedlesee / Bellgasse,6,398742
2026-06-29T12:09:11.908053,Jedleseer Friedhof,15,345333
2026-06-29T12:09:11.908053,Jedleseer Friedhof,15,346391
2026-06-29T12:09:11.908053,Jedleseer Friedhof,15,346863
2026-06-29T12:09:11.908053,Jedleseer Friedhof,15,347437
2026-06-29T12:09:11.908053,Jedleseer Friedhof,15,347018
2026-06-29T12:09:11.908053,Jedleseer Friedhof,15,347861
2026-06-29T12:09:11.908053,Jedleseer Friedhof,15,347572
2026-06-29T12:09:11.908053,Jedleseer Friedhof,15,348435
2026-06-29T12:09:11.908053,Jedleseer Friedhof,15,348391
2026-06-29T12:09:11.908053,Jedleseer Friedhof,15,348168
2026-06-29T12:09:11.908053,Jedleseer Friedhof,15,348675
2026-06-29T12:09:11.908053,Jedleseer Friedhof,15,348660
2026-06-29T12:09:11.908053,Jedleseer Friedhof,15,348600
2026-06-29T12:09:11.908053,Jedleseer Friedhof,15,398839
2026-06-29T12:09:11.908053,Jedleseer Friedhof,15,398725
2026-06-29T12:09:11.908053,Strebersdorf / Meriangasse,8,345015
2026-06-29T12:09:11.908053,Strebersdorf / Meriangasse,8,347257
2026-06-29T12:09:11.908053,Strebersdorf / Meriangasse,8,347005
2026-06-29T12:09:11.908053,Strebersdorf / Meriangasse,8,347879
2026-06-29T12:09:11.908053,Strebersdorf / Meriangasse,8,348498
2026-06-29T12:09:11.908053,Strebersdorf / Meriangasse,8,348479
2026-06-29T12:09:11.908053,Strebersdorf / Meriangasse,8,348237
2026-06-29T12:09:11.908053,Strebersdorf / Meriangasse,8,398835
2026-06-29T12:09:11.908053,Kagraner Anger,18,345388
2026-06-29T12:09:11.908053,Kagraner Anger,18,345980
2026-06-29T12:09:11.908053,Kagraner Anger,18,345506
2026-06-29T12:09:11.908053,Kagraner Anger,18,346468
2026-06-29T12:09:11.908053,Kagraner Anger,18,346130
2026-06-29T12:09:11.908053,Kagraner Anger,18,346065
2026-06-29T12:09:11.908053,Kagraner Anger,18,346883
2026-06-29T12:09:11.908053,Kagraner Anger,18,346879
2026-06-29T12:09:11.908053,Kagraner Anger,18,346871
2026-06-29T12:09:11.908053,Kagraner Anger,18,346768
2026-06-29T12:09:11.908053,Kagraner Anger,18,347298
2026-06-29T12:09:11.908053,Kagraner Anger,18,347277
2026-06-29T12:09:11.908053,Kagraner Anger,18,347930
2026-06-29T12:09:11.908053,Kagraner Anger,18,347851
2026-06-29T12:09:11.908053,Kagraner Anger,18,347715
2026-06-29T12:09:11.908053,Kagraner Anger,18,348239
2026-06-29T12:09:11.908053,Kagraner Anger,18,348138
2026-06-29T12:09:11.908053,Kagraner Anger,18,348031
2026-06-29T12:09:11.908053,mdw Campus,12,345900
2026-06-29T12:09:11.908053,mdw Campus,12,345613
2026-06-29T12:09:11.908053,mdw Campus,12,346398
2026-06-29T12:09:11.908053,mdw Campus,12,346299
2026-06-29T12:09:11.908053,mdw Campus,12,346771
2026-06-29T12:09:11.908053,mdw Campus,12,347456
2026-06-29T12:09:11.908053,mdw Campus,12,347357
2026-06-29T12:09:11.908053,mdw Campus,12,347273
2026-06-29T12:09:11.908053,mdw Campus,12,347130
2026-06-29T12:09:11.908053,mdw Campus,12,347022
2026-06-29T12:09:11.908053,mdw Campus,12,347672
2026-06-29T12:09:11.908053,mdw Campus,12,347609
2026-06-29T12:09:11.908053,Stavangergasse,9,345899
2026-06-29T12:09:11.908053,Stavangergasse,9,345862
2026-06-29T12:09:11.908053,Stavangergasse,9,346262
2026-06-29T12:09:11.908053,Stavangergasse,9,347281
2026-06-29T12:09:11.908053,Stavangergasse,9,347697
2026-06-29T12:09:11.908053,Stavangergasse,9,347666
2026-06-29T12:09:11.908053,Stavangergasse,9,348103
2026-06-29T12:09:11.908053,Stavangergasse,9,348681
2026-06-29T12:09:11.908053,Stavangergasse,9,398784
2026-06-29T12:09:11.908053,Hans-Steger-Gasse,16,345199
2026-06-29T12:09:11.908053,Hans-Steger-Gasse,16,345102
2026-06-29T12:09:11.908053,Hans-Steger-Gasse,16,345998
2026-06-29T12:09:11.908053,Hans-Steger-Gasse,16,345848
2026-06-29T12:09:11.908053,Hans-Steger-Gasse,16,345738
2026-06-29T12:09:11.908053,Hans-Steger-Gasse,16,345581
2026-06-29T12:09:11.908053,Hans-Steger-Gasse,16,346152
2026-06-29T12:09:11.908053,Hans-Steger-Gasse,16,346635
2026-06-29T12:09:11.908053,Hans-Steger-Gasse,16,347351
2026-06-29T12:09:11.908053,Hans-Steger-Gasse,16,347271
2026-06-29T12:09:11.908053,Hans-Steger-Gasse,16,347045
2026-06-29T12:09:11.908053,Hans-Steger-Gasse,16,347880
2026-06-29T12:09:11.908053,Hans-Steger-Gasse,16,347794
2026-06-29T12:09:11.908053,Hans-Steger-Gasse,16,348656
2026-06-29T12:09:11.908053,Hans-Steger-Gasse,16,398791
2026-06-29T12:09:11.908053,Hans-Steger-Gasse,16,398750
2026-06-29T12:09:11.908053,Hirschstetten S,16,345392
2026-06-29T12:09:11.908053,Hirschstetten S,16,345995
2026-06-29T12:09:11.908053,Hirschstetten S,16,345700
2026-06-29T12:09:11.908053,Hirschstetten S,16,345687
2026-06-29T12:09:11.908053,Hirschstetten S,16,346148
2026-06-29T12:09:11.908053,Hirschstetten S,16,346747
2026-06-29T12:09:11.908053,Hirschstetten S,16,346712
2026-06-29T12:09:11.908053,Hirschstetten S,16,346623
2026-06-29T12:09:11.908053,Hirschstetten S,16,346561
2026-06-29T12:09:11.908053,Hirschstetten S,16,347030
2026-06-29T12:09:11.908053,Hirschstetten S,16,347674
2026-06-29T12:09:11.908053,Hirschstetten S,16,348495
2026-06-29T12:09:11.908053,Hirschstetten S,16,348638
2026-06-29T12:09:11.908053,Hirschstetten S,16,348575
2026-06-29T12:09:11.908053,Hirschstetten S,16,348541
2026-06-29T12:09:11.908053,Hirschstetten S,16,398746
2026-06-29T12:09:11.908053,Atzgersdorf S,12,345257
2026-06-29T12:09:11.908053,Atzgersdorf S,12,345202
2026-06-29T12:09:11.908053,Atzgersdorf S,12,345137
2026-06-29T12:09:11.908053,Atzgersdorf S,12,345018
2026-06-29T12:09:11.908053,Atzgersdorf S,12,345535
2026-06-29T12:09:11.908053,Atzgersdorf S,12,346214
2026-06-29T12:09:11.908053,Atzgersdorf S,12,346750
2026-06-29T12:09:11.908053,Atzgersdorf S,12,347567
2026-06-29T12:09:11.908053,Atzgersdorf S,12,348156
2026-06-29T12:09:11.908053,Atzgersdorf S,12,398825
2026-06-29T12:09:11.908053,Atzgersdorf S,12,398793
2026-06-29T12:09:11.908053,Atzgersdorf S,12,348831
2026-06-29T12:09:11.908053,Siebenhirten U,13,345295
2026-06-29T12:09:11.908053,Siebenhirten U,13,345245
2026-06-29T12:09:11.908053,Siebenhirten U,13,345661
2026-06-29T12:09:11.908053,Siebenhirten U,13,345652
2026-06-29T12:09:11.908053,Siebenhirten U,13,346382
2026-06-29T12:09:11.908053,Siebenhirten U,13,346216
2026-06-29T12:09:11.908053,Siebenhirten U,13,346089
2026-06-29T12:09:11.908053,Siebenhirten U,13,346774
2026-06-29T12:09:11.908053,Siebenhirten U,13,346637
2026-06-29T12:09:11.908053,Siebenhirten U,13,347986
2026-06-29T12:09:11.908053,Siebenhirten U,13,347744
2026-06-29T12:09:11.908053,Siebenhirten U,13,348483
2026-06-29T12:09:11.908053,Siebenhirten U,13,348516
2026-06-29T12:09:11.908053,Erlaaer Straße U,13,345361
2026-06-29T12:09:11.908053,Erlaaer Straße U,13,345351
2026-06-29T12:09:11.908053,Erlaaer Straße U,13,346002
2026-06-29T12:09:11.908053,Erlaaer Straße U,13,346915
2026-06-29T12:09:11.908053,Erlaaer Straße U,13,346696
2026-06-29T12:09:11.908053,Erlaaer Straße U,13,346666
2026-06-29T12:09:11.908053,Erlaaer Straße U,13,346513
2026-06-29T12:09:11.908053,Erlaaer Straße U,13,347287
2026-06-29T12:09:11.908053,Erlaaer Straße U,13,347148
2026-06-29T12:09:11.908053,Erlaaer Straße U,13,347905
2026-06-29T12:09:11.908053,Erlaaer Straße U,13,347665
2026-06-29T12:09:11.908053,Erlaaer Straße U,13,347544
2026-06-29T12:09:11.908053,Erlaaer Straße U,13,398764
2026-06-29T12:09:11.908053,Perfektastraße U,3,346268
2026-06-29T12:09:11.908053,Perfektastraße U,3,347239
2026-06-29T12:09:11.908053,Perfektastraße U,3,348134
2026-06-29T12:09:11.908053,Meidling S U / Vivenotgasse,15,345184
2026-06-29T12:09:11.908053,Meidling S U / Vivenotgasse,15,345606
2026-06-29T12:09:11.908053,Meidling S U / Vivenotgasse,15,345545
2026-06-29T12:09:11.908053,Meidling S U / Vivenotgasse,15,346758
2026-06-29T12:09:11.908053,Meidling S U / Vivenotgasse,15,346654
2026-06-29T12:09:11.908053,Meidling S U / Vivenotgasse,15,346645
2026-06-29T12:09:11.908053,Meidling S U / Vivenotgasse,15,346510
2026-06-29T12:09:11.908053,Meidling S U / Vivenotgasse,15,347103
2026-06-29T12:09:11.908053,Meidling S U / Vivenotgasse,15,347837
2026-06-29T12:09:11.908053,Meidling S U / Vivenotgasse,15,347803
2026-06-29T12:09:11.908053,Meidling S U / Vivenotgasse,15,347731
2026-06-29T12:09:11.908053,Meidling S U / Vivenotgasse,15,347659
2026-06-29T12:09:11.908053,Meidling S U / Vivenotgasse,15,347604
2026-06-29T12:09:11.908053,Meidling S U / Vivenotgasse,15,348497
2026-06-29T12:09:11.908053,Meidling S U / Vivenotgasse,15,348227
2026-06-29T12:09:11.908053,Praterstern Ausstellungsstraße,6,345312
2026-06-29T12:09:11.908053,Praterstern Ausstellungsstraße,6,345265
2026-06-29T12:09:11.908053,Praterstern Ausstellungsstraße,6,345062
2026-06-29T12:09:11.908053,Praterstern Ausstellungsstraße,6,346938
2026-06-29T12:09:11.908053,Praterstern Ausstellungsstraße,6,347118
2026-06-29T12:09:11.908053,Praterstern Ausstellungsstraße,6,348635
2026-06-29T12:09:11.908053,Muthgasse,6,345237
2026-06-29T12:09:11.908053,Muthgasse,6,346079
2026-06-29T12:09:11.908053,Muthgasse,6,348591
2026-06-29T12:09:11.908053,Muthgasse,6,348522
2026-06-29T12:09:11.908053,Muthgasse,6,349180
2026-06-29T12:09:11.908053,Muthgasse,6,349146
2026-06-29T12:09:11.908053,Aspern Nord S U,11,345486
2026-06-29T12:09:11.908053,Aspern Nord S U,11,345837
2026-06-29T12:09:11.908053,Aspern Nord S U,11,345781
2026-06-29T12:09:11.908053,Aspern Nord S U,11,345528
2026-06-29T12:09:11.908053,Aspern Nord S U,11,346289
2026-06-29T12:09:11.908053,Aspern Nord S U,11,346655
2026-06-29T12:09:11.908053,Aspern Nord S U,11,346596
2026-06-29T12:09:11.908053,Aspern Nord S U,11,347342
2026-06-29T12:09:11.908053,Aspern Nord S U,11,347929
2026-06-29T12:09:11.908053,Aspern Nord S U,11,348470
2026-06-29T12:09:11.908053,Aspern Nord S U,11,348290
2026-06-29T12:09:11.908053,Seestadt U,4,346019
2026-06-29T12:09:11.908053,Seestadt U,4,347835
2026-06-29T12:09:11.908053,Seestadt U,4,348349
2026-06-29T12:09:11.908053,Seestadt U,4,348992
2026-06-29T12:09:11.908053,Schwedenplatz U,4,345910
2026-06-29T12:09:11.908053,Schwedenplatz U,4,346182
2026-06-29T12:09:11.908053,Schwedenplatz U,4,346580
2026-06-29T12:09:11.908053,Schwedenplatz U,4,348813
2026-06-29T12:09:11.908053,Kultursommer26 - Waldmüllerpark,4,345287
2026-06-29T12:09:11.908053,Kultursommer26 - Waldmüllerpark,4,347217
2026-06-29T12:09:11.908053,Kultursommer26 - Waldmüllerpark,4,348667
2026-06-29T12:09:11.908053,Kultursommer26 - Waldmüllerpark,4,348528
2026-06-29T12:09:11.908053,Stubentor U,21,345343
2026-06-29T12:09:11.908053,Stubentor U,21,345206
2026-06-29T12:09:11.908053,Stubentor U,21,345810
2026-06-29T12:09:11.908053,Stubentor U,21,345671
2026-06-29T12:09:11.908053,Stubentor U,21,346196
2026-06-29T12:09:11.908053,Stubentor U,21,346188
2026-06-29T12:09:11.908053,Stubentor U,21,346928
2026-06-29T12:09:11.908053,Stubentor U,21,346829
2026-06-29T12:09:11.908053,Stubentor U,21,347455
2026-06-29T12:09:11.908053,Stubentor U,21,347417
2026-06-29T12:09:11.908053,Stubentor U,21,347236
2026-06-29T12:09:11.908053,Stubentor U,21,347972
2026-06-29T12:09:11.908053,Stubentor U,21,347897
2026-06-29T12:09:11.908053,Stubentor U,21,347546
2026-06-29T12:09:11.908053,Stubentor U,21,348429
2026-06-29T12:09:11.908053,Stubentor U,21,348278
2026-06-29T12:09:11.908053,Stubentor U,21,348201
2026-06-29T12:09:11.908053,Stubentor U,21,348117
2026-06-29T12:09:11.908053,Stubentor U,21,348109
2026-06-29T12:09:11.908053,Stubentor U,21,348545
2026-06-29T12:09:11.908053,Stubentor U,21,349091
2026-06-29T12:09:11.908053,Landstraße - Wien Mitte S U,5,347506
2026-06-29T12:09:11.908053,Landstraße - Wien Mitte S U,5,348463
2026-06-29T12:09:11.908053,Landstraße - Wien Mitte S U,5,348641
2026-06-29T12:09:11.908053,Landstraße - Wien Mitte S U,5,398770
2026-06-29T12:09:11.908053,Landstraße - Wien Mitte S U,5,348840
2026-06-29T12:09:11.908053,Praterstern S U,41,345428
2026-06-29T12:09:11.908053,Praterstern S U,41,345096
2026-06-29T12:09:11.908053,Praterstern S U,41,345076
2026-06-29T12:09:11.908053,Praterstern S U,41,345858
2026-06-29T12:09:11.908053,Praterstern S U,41,345855
2026-06-29T12:09:11.908053,Praterstern S U,41,345684
2026-06-29T12:09:11.908053,Praterstern S U,41,346397
2026-06-29T12:09:11.908053,Praterstern S U,41,346313
2026-06-29T12:09:11.908053,Praterstern S U,41,346310
2026-06-29T12:09:11.908053,Praterstern S U,41,346942
2026-06-29T12:09:11.908053,Praterstern S U,41,346840
2026-06-29T12:09:11.908053,Praterstern S U,41,346734
2026-06-29T12:09:11.908053,Praterstern S U,41,346709
2026-06-29T12:09:11.908053,Praterstern S U,41,346600
2026-06-29T12:09:11.908053,Praterstern S U,41,346587
2026-06-29T12:09:11.908053,Praterstern S U,41,347491
2026-06-29T12:09:11.908053,Praterstern S U,41,347220
2026-06-29T12:09:11.908053,Praterstern S U,41,347825
2026-06-29T12:09:11.908053,Praterstern S U,41,347818
2026-06-29T12:09:11.908053,Praterstern S U,41,347728
2026-06-29T12:09:11.908053,Praterstern S U,41,347720
2026-06-29T12:09:11.908053,Praterstern S U,41,347655
2026-06-29T12:09:11.908053,Praterstern S U,41,347611
2026-06-29T12:09:11.908053,Praterstern S U,41,348477
2026-06-29T12:09:11.908053,Praterstern S U,41,348439
2026-06-29T12:09:11.908053,Praterstern S U,41,348244
2026-06-29T12:09:11.908053,Praterstern S U,41,348030
2026-06-29T12:09:11.908053,Praterstern S U,41,348707
2026-06-29T12:09:11.908053,Praterstern S U,41,348676
2026-06-29T12:09:11.908053,Praterstern S U,41,348647
2026-06-29T12:09:11.908053,Praterstern S U,41,348623
2026-06-29T12:09:11.908053,Praterstern S U,41,398807
2026-06-29T12:09:11.908053,Praterstern S U,41,398797
2026-06-29T12:09:11.908053,Praterstern S U,41,349068
2026-06-29T12:09:11.908053,Praterstern S U,41,348934
2026-06-29T12:09:11.908053,Praterstern S U,41,348861
2026-06-29T12:09:11.908053,Praterstern S U,41,348856
2026-06-29T12:09:11.908053,Praterstern S U,41,348820
2026-06-29T12:09:11.908053,Praterstern S U,41,348809
2026-06-29T12:09:11.908053,Praterstern S U,41,348805
2026-06-29T12:09:11.908053,Praterstern S U,41,349135
2026-06-29T12:09:11.908053,Rustengasse,9,345440
2026-06-29T12:09:11.908053,Rustengasse,9,345436
2026-06-29T12:09:11.908053,Rustengasse,9,346965
2026-06-29T12:09:11.908053,Rustengasse,9,346625
2026-06-29T12:09:11.908053,Rustengasse,9,347368
2026-06-29T12:09:11.908053,Rustengasse,9,347001
2026-06-29T12:09:11.908053,Rustengasse,9,347923
2026-06-29T12:09:11.908053,Rustengasse,9,348044
2026-06-29T12:09:11.908053,Rustengasse,9,398823
2026-06-29T12:09:11.908053,Heiligenstadt S U,5,345043
2026-06-29T12:09:11.908053,Heiligenstadt S U,5,346235
2026-06-29T12:09:11.908053,Heiligenstadt S U,5,349031
2026-06-29T12:09:11.908053,Heiligenstadt S U,5,348910
2026-06-29T12:09:11.908053,Heiligenstadt S U,5,349158
2026-06-29T12:09:11.908053,Breitensee S,26,345484
2026-06-29T12:09:11.908053,Breitensee S,26,345178
2026-06-29T12:09:11.908053,Breitensee S,26,345173
2026-06-29T12:09:11.908053,Breitensee S,26,345088
2026-06-29T12:09:11.908053,Breitensee S,26,345952
2026-06-29T12:09:11.908053,Breitensee S,26,345932
2026-06-29T12:09:11.908053,Breitensee S,26,345856
2026-06-29T12:09:11.908053,Breitensee S,26,345662
2026-06-29T12:09:11.908053,Breitensee S,26,346494
2026-06-29T12:09:11.908053,Breitensee S,26,346417
2026-06-29T12:09:11.908053,Breitensee S,26,346336
2026-06-29T12:09:11.908053,Breitensee S,26,346215
2026-06-29T12:09:11.908053,Breitensee S,26,346141
2026-06-29T12:09:11.908053,Breitensee S,26,346037
2026-06-29T12:09:11.908053,Breitensee S,26,346941
2026-06-29T12:09:11.908053,Breitensee S,26,346713
2026-06-29T12:09:11.908053,Breitensee S,26,346681
2026-06-29T12:09:11.908053,Breitensee S,26,346659
2026-06-29T12:09:11.908053,Breitensee S,26,347346
2026-06-29T12:09:11.908053,Breitensee S,26,347333
2026-06-29T12:09:11.908053,Breitensee S,26,348178
2026-06-29T12:09:11.908053,Breitensee S,26,348116
2026-06-29T12:09:11.908053,Breitensee S,26,348063
2026-06-29T12:09:11.908053,Breitensee S,26,348586
2026-06-29T12:09:11.908053,Breitensee S,26,398718
2026-06-29T12:09:11.908053,Breitensee S,26,348862
2026-06-29T12:09:11.908053,Hütteldorf S U,11,345331
2026-06-29T12:09:11.908053,Hütteldorf S U,11,345119
2026-06-29T12:09:11.908053,Hütteldorf S U,11,345035
2026-06-29T12:09:11.908053,Hütteldorf S U,11,345766
2026-06-29T12:09:11.908053,Hütteldorf S U,11,346989
2026-06-29T12:09:11.908053,Hütteldorf S U,11,346801
2026-06-29T12:09:11.908053,Hütteldorf S U,11,346503
2026-06-29T12:09:11.908053,Hütteldorf S U,11,347488
2026-06-29T12:09:11.908053,Hütteldorf S U,11,347392
2026-06-29T12:09:11.908053,Hütteldorf S U,11,347916
2026-06-29T12:09:11.908053,Hütteldorf S U,11,347909
2026-06-29T12:09:11.908053,Rathaus U,8,345924
2026-06-29T12:09:11.908053,Rathaus U,8,346151
2026-06-29T12:09:11.908053,Rathaus U,8,346070
2026-06-29T12:09:11.908053,Rathaus U,8,346977
2026-06-29T12:09:11.908053,Rathaus U,8,346543
2026-06-29T12:09:11.908053,Rathaus U,8,347320
2026-06-29T12:09:11.908053,Rathaus U,8,347908
2026-06-29T12:09:11.908053,Rathaus U,8,348515
2026-06-29T12:09:11.908053,Hans-Mandl-Berufsschule,17,345149
2026-06-29T12:09:11.908053,Hans-Mandl-Berufsschule,17,345085
2026-06-29T12:09:11.908053,Hans-Mandl-Berufsschule,17,345081
2026-06-29T12:09:11.908053,Hans-Mandl-Berufsschule,17,345756
2026-06-29T12:09:11.908053,Hans-Mandl-Berufsschule,17,346430
2026-06-29T12:09:11.908053,Hans-Mandl-Berufsschule,17,346181
2026-06-29T12:09:11.908053,Hans-Mandl-Berufsschule,17,346715
2026-06-29T12:09:11.908053,Hans-Mandl-Berufsschule,17,346699
2026-06-29T12:09:11.908053,Hans-Mandl-Berufsschule,17,346605
2026-06-29T12:09:11.908053,Hans-Mandl-Berufsschule,17,347387
2026-06-29T12:09:11.908053,Hans-Mandl-Berufsschule,17,347379
2026-06-29T12:09:11.908053,Hans-Mandl-Berufsschule,17,347218
2026-06-29T12:09:11.908053,Hans-Mandl-Berufsschule,17,347201
2026-06-29T12:09:11.908053,Hans-Mandl-Berufsschule,17,347128
2026-06-29T12:09:11.908053,Hans-Mandl-Berufsschule,17,347820
2026-06-29T12:09:11.908053,Hans-Mandl-Berufsschule,17,348145
2026-06-29T12:09:11.908053,Hans-Mandl-Berufsschule,17,398849
2026-06-29T12:09:11.908053,Schloss Schönbrunn,33,345459
2026-06-29T12:09:11.908053,Schloss Schönbrunn,33,345451
2026-06-29T12:09:11.908053,Schloss Schönbrunn,33,345356
2026-06-29T12:09:11.908053,Schloss Schönbrunn,33,345290
2026-06-29T12:09:11.908053,Schloss Schönbrunn,33,345203
2026-06-29T12:09:11.908053,Schloss Schönbrunn,33,345115
2026-06-29T12:09:11.908053,Schloss Schönbrunn,33,345946
2026-06-29T12:09:11.908053,Schloss Schönbrunn,33,345929
2026-06-29T12:09:11.908053,Schloss Schönbrunn,33,345889
2026-06-29T12:09:11.908053,Schloss Schönbrunn,33,345880
2026-06-29T12:09:11.908053,Schloss Schönbrunn,33,345879
2026-06-29T12:09:11.908053,Schloss Schönbrunn,33,345868
2026-06-29T12:09:11.908053,Schloss Schönbrunn,33,345840
2026-06-29T12:09:11.908053,Schloss Schönbrunn,33,345835
2026-06-29T12:09:11.908053,Schloss Schönbrunn,33,346242
2026-06-29T12:09:11.908053,Schloss Schönbrunn,33,346221
2026-06-29T12:09:11.908053,Schloss Schönbrunn,33,346189
2026-06-29T12:09:11.908053,Schloss Schönbrunn,33,346121
2026-06-29T12:09:11.908053,Schloss Schönbrunn,33,346101
2026-06-29T12:09:11.908053,Schloss Schönbrunn,33,346007
2026-06-29T12:09:11.908053,Schloss Schönbrunn,33,346568
2026-06-29T12:09:11.908053,Schloss Schönbrunn,33,347447
2026-06-29T12:09:11.908053,Schloss Schönbrunn,33,347356
2026-06-29T12:09:11.908053,Schloss Schönbrunn,33,347010
2026-06-29T12:09:11.908053,Schloss Schönbrunn,33,347993
2026-06-29T12:09:11.908053,Schloss Schönbrunn,33,347979
2026-06-29T12:09:11.908053,Schloss Schönbrunn,33,347767
2026-06-29T12:09:11.908053,Schloss Schönbrunn,33,347751
2026-06-29T12:09:11.908053,Schloss Schönbrunn,33,347538
2026-06-29T12:09:11.908053,Schloss Schönbrunn,33,348114
2026-06-29T12:09:11.908053,Schloss Schönbrunn,33,348025
2026-06-29T12:09:11.908053,Schloss Schönbrunn,33,348012
2026-06-29T12:09:11.908053,Schloss Schönbrunn,33,348670
2026-06-29T12:09:11.908053,Eslarngasse / Juchgasse,8,345352
2026-06-29T12:09:11.908053,Eslarngasse / Juchgasse,8,345251
2026-06-29T12:09:11.908053,Eslarngasse / Juchgasse,8,345634
2026-06-29T12:09:11.908053,Eslarngasse / Juchgasse,8,346960
2026-06-29T12:09:11.908053,Eslarngasse / Juchgasse,8,347445
2026-06-29T12:09:11.908053,Eslarngasse / Juchgasse,8,347889
2026-06-29T12:09:11.908053,Eslarngasse / Juchgasse,8,348447
2026-06-29T12:09:11.908053,Eslarngasse / Juchgasse,8,348620
2026-06-29T12:09:11.908053,Plößlgasse / Belvedere,26,345432
2026-06-29T12:09:11.908053,Plößlgasse / Belvedere,26,345194
2026-06-29T12:09:11.908053,Plößlgasse / Belvedere,26,345031
2026-06-29T12:09:11.908053,Plößlgasse / Belvedere,26,345990
2026-06-29T12:09:11.908053,Plößlgasse / Belvedere,26,345677
2026-06-29T12:09:11.908053,Plößlgasse / Belvedere,26,345572
2026-06-29T12:09:11.908053,Plößlgasse / Belvedere,26,346458
2026-06-29T12:09:11.908053,Plößlgasse / Belvedere,26,346057
2026-06-29T12:09:11.908053,Plößlgasse / Belvedere,26,346969
2026-06-29T12:09:11.908053,Plößlgasse / Belvedere,26,346919
2026-06-29T12:09:11.908053,Plößlgasse / Belvedere,26,346688
2026-06-29T12:09:11.908053,Plößlgasse / Belvedere,26,346624
2026-06-29T12:09:11.908053,Plößlgasse / Belvedere,26,346585
2026-06-29T12:09:11.908053,Plößlgasse / Belvedere,26,346541
2026-06-29T12:09:11.908053,Plößlgasse / Belvedere,26,347397
2026-06-29T12:09:11.908053,Plößlgasse / Belvedere,26,347069
2026-06-29T12:09:11.908053,Plößlgasse / Belvedere,26,347940
2026-06-29T12:09:11.908053,Plößlgasse / Belvedere,26,347797
2026-06-29T12:09:11.908053,Plößlgasse / Belvedere,26,348431
2026-06-29T12:09:11.908053,Plößlgasse / Belvedere,26,348253
2026-06-29T12:09:11.908053,Plößlgasse / Belvedere,26,348249
2026-06-29T12:09:11.908053,Plößlgasse / Belvedere,26,348190
2026-06-29T12:09:11.908053,Plößlgasse / Belvedere,26,348132
2026-06-29T12:09:11.908053,Plößlgasse / Belvedere,26,348702
2026-06-29T12:09:11.908053,Plößlgasse / Belvedere,26,348612
2026-06-29T12:09:11.908053,Plößlgasse / Belvedere,26,398738
2026-06-29T12:09:11.908053,Sankt-Elisabeth-Platz,15,345477
2026-06-29T12:09:11.908053,Sankt-Elisabeth-Platz,15,345394
2026-06-29T12:09:11.908053,Sankt-Elisabeth-Platz,15,345327
2026-06-29T12:09:11.908053,Sankt-Elisabeth-Platz,15,345965
2026-06-29T12:09:11.908053,Sankt-Elisabeth-Platz,15,345751
2026-06-29T12:09:11.908053,Sankt-Elisabeth-Platz,15,345651
2026-06-29T12:09:11.908053,Sankt-Elisabeth-Platz,15,346223
2026-06-29T12:09:11.908053,Sankt-Elisabeth-Platz,15,346901
2026-06-29T12:09:11.908053,Sankt-Elisabeth-Platz,15,346507
2026-06-29T12:09:11.908053,Sankt-Elisabeth-Platz,15,347335
2026-06-29T12:09:11.908053,Sankt-Elisabeth-Platz,15,347106
2026-06-29T12:09:11.908053,Sankt-Elisabeth-Platz,15,347808
2026-06-29T12:09:11.908053,Sankt-Elisabeth-Platz,15,348192
2026-06-29T12:09:11.908053,Sankt-Elisabeth-Platz,15,348570
2026-06-29T12:09:11.908053,Sankt-Elisabeth-Platz,15,398786
2026-06-29T12:09:11.908053,Laudongasse / Schönbornpark,3,345061
2026-06-29T12:09:11.908053,Laudongasse / Schönbornpark,3,348058
2026-06-29T12:09:11.908053,Laudongasse / Schönbornpark,3,348807
2026-06-29T12:09:11.908053,Rossauer Lände U,12,345140
2026-06-29T12:09:11.908053,Rossauer Lände U,12,346294
2026-06-29T12:09:11.908053,Rossauer Lände U,12,346628
2026-06-29T12:09:11.908053,Rossauer Lände U,12,347348
2026-06-29T12:09:11.908053,Rossauer Lände U,12,348373
2026-06-29T12:09:11.908053,Rossauer Lände U,12,348297
2026-06-29T12:09:11.908053,Rossauer Lände U,12,348286
2026-06-29T12:09:11.908053,Rossauer Lände U,12,348139
2026-06-29T12:09:11.908053,Rossauer Lände U,12,348703
2026-06-29T12:09:11.908053,Rossauer Lände U,12,348549
2026-06-29T12:09:11.908053,Rossauer Lände U,12,348927
2026-06-29T12:09:11.908053,Rossauer Lände U,12,348922
2026-06-29T12:09:11.908053,Lazarettgasse,23,345915
2026-06-29T12:09:11.908053,Lazarettgasse,23,345645
2026-06-29T12:09:11.908053,Lazarettgasse,23,345644
2026-06-29T12:09:11.908053,Lazarettgasse,23,346499
2026-06-29T12:09:11.908053,Lazarettgasse,23,346497
2026-06-29T12:09:11.908053,Lazarettgasse,23,346422
2026-06-29T12:09:11.908053,Lazarettgasse,23,346309
2026-06-29T12:09:11.908053,Lazarettgasse,23,346284
2026-06-29T12:09:11.908053,Lazarettgasse,23,346185
2026-06-29T12:09:11.908053,Lazarettgasse,23,346544
2026-06-29T12:09:11.908053,Lazarettgasse,23,347473
2026-06-29T12:09:11.908053,Lazarettgasse,23,347187
2026-06-29T12:09:11.908053,Lazarettgasse,23,347074
2026-06-29T12:09:11.908053,Lazarettgasse,23,347850
2026-06-29T12:09:11.908053,Lazarettgasse,23,347707
2026-06-29T12:09:11.908053,Lazarettgasse,23,347705
2026-06-29T12:09:11.908053,Lazarettgasse,23,347676
2026-06-29T12:09:11.908053,Lazarettgasse,23,348323
2026-06-29T12:09:11.908053,Lazarettgasse,23,348183
2026-06-29T12:09:11.908053,Lazarettgasse,23,348097
2026-06-29T12:09:11.908053,Lazarettgasse,23,348060
2026-06-29T12:09:11.908053,Lazarettgasse,23,348531
2026-06-29T12:09:11.908053,Lazarettgasse,23,398799
2026-06-29T12:09:11.908053,Edelsinnstraße,1,349014
2026-06-29T12:09:11.908053,Karlsplatz U / TU Wien,23,345186
2026-06-29T12:09:11.908053,Karlsplatz U / TU Wien,23,345985
2026-06-29T12:09:11.908053,Karlsplatz U / TU Wien,23,345834
2026-06-29T12:09:11.908053,Karlsplatz U / TU Wien,23,345795
2026-06-29T12:09:11.908053,Karlsplatz U / TU Wien,23,345703
2026-06-29T12:09:11.908053,Karlsplatz U / TU Wien,23,345503
2026-06-29T12:09:11.908053,Karlsplatz U / TU Wien,23,346489
2026-06-29T12:09:11.908053,Karlsplatz U / TU Wien,23,346333
2026-06-29T12:09:11.908053,Karlsplatz U / TU Wien,23,346307
2026-06-29T12:09:11.908053,Karlsplatz U / TU Wien,23,346090
2026-06-29T12:09:11.908053,Karlsplatz U / TU Wien,23,346559
2026-06-29T12:09:11.908053,Karlsplatz U / TU Wien,23,347420
2026-06-29T12:09:11.908053,Karlsplatz U / TU Wien,23,347301
2026-06-29T12:09:11.908053,Karlsplatz U / TU Wien,23,347284
2026-06-29T12:09:11.908053,Karlsplatz U / TU Wien,23,347269
2026-06-29T12:09:11.908053,Karlsplatz U / TU Wien,23,347190
2026-06-29T12:09:11.908053,Karlsplatz U / TU Wien,23,347805
2026-06-29T12:09:11.908053,Karlsplatz U / TU Wien,23,348422
2026-06-29T12:09:11.908053,Karlsplatz U / TU Wien,23,348418
2026-06-29T12:09:11.908053,Karlsplatz U / TU Wien,23,348386
2026-06-29T12:09:11.908053,Karlsplatz U / TU Wien,23,348606
2026-06-29T12:09:11.908053,Karlsplatz U / TU Wien,23,348581
2026-06-29T12:09:11.908053,Karlsplatz U / TU Wien,23,398727
2026-06-29T12:09:11.908053,Amerlingstraße,1,348997
2026-06-29T12:09:11.908053,Albertgasse,8,345116
2026-06-29T12:09:11.908053,Albertgasse,8,345991
2026-06-29T12:09:11.908053,Albertgasse,8,345584
2026-06-29T12:09:11.908053,Albertgasse,8,346110
2026-06-29T12:09:11.908053,Albertgasse,8,346833
2026-06-29T12:09:11.908053,Albertgasse,8,347330
2026-06-29T12:09:11.908053,Albertgasse,8,348478
2026-06-29T12:09:11.908053,Albertgasse,8,348312
2026-06-29T12:09:11.908053,Universitätsring,17,345894
2026-06-29T12:09:11.908053,Universitätsring,17,345864
2026-06-29T12:09:11.908053,Universitätsring,17,345627
2026-06-29T12:09:11.908053,Universitätsring,17,346474
2026-06-29T12:09:11.908053,Universitätsring,17,346272
2026-06-29T12:09:11.908053,Universitätsring,17,346998
2026-06-29T12:09:11.908053,Universitätsring,17,346662
2026-06-29T12:09:11.908053,Universitätsring,17,347378
2026-06-29T12:09:11.908053,Universitätsring,17,347139
2026-06-29T12:09:11.908053,Universitätsring,17,347026
2026-06-29T12:09:11.908053,Universitätsring,17,347963
2026-06-29T12:09:11.908053,Universitätsring,17,347678
2026-06-29T12:09:11.908053,Universitätsring,17,347591
2026-06-29T12:09:11.908053,Universitätsring,17,348421
2026-06-29T12:09:11.908053,Universitätsring,17,348335
2026-06-29T12:09:11.908053,Universitätsring,17,348302
2026-06-29T12:09:11.908053,Universitätsring,17,398846
2026-06-29T12:09:11.908053,Herrengasse U,27,345338
2026-06-29T12:09:11.908053,Herrengasse U,27,345276
2026-06-29T12:09:11.908053,Herrengasse U,27,345221
2026-06-29T12:09:11.908053,Herrengasse U,27,345210
2026-06-29T12:09:11.908053,Herrengasse U,27,345169
2026-06-29T12:09:11.908053,Herrengasse U,27,345124
2026-06-29T12:09:11.908053,Herrengasse U,27,345792
2026-06-29T12:09:11.908053,Herrengasse U,27,346360
2026-06-29T12:09:11.908053,Herrengasse U,27,346862
2026-06-29T12:09:11.908053,Herrengasse U,27,346857
2026-06-29T12:09:11.908053,Herrengasse U,27,346680
2026-06-29T12:09:11.908053,Herrengasse U,27,346583
2026-06-29T12:09:11.908053,Herrengasse U,27,347405
2026-06-29T12:09:11.908053,Herrengasse U,27,347399
2026-06-29T12:09:11.908053,Herrengasse U,27,347222
2026-06-29T12:09:11.908053,Herrengasse U,27,347192
2026-06-29T12:09:11.908053,Herrengasse U,27,347078
2026-06-29T12:09:11.908053,Herrengasse U,27,347976
2026-06-29T12:09:11.908053,Herrengasse U,27,347633
2026-06-29T12:09:11.908053,Herrengasse U,27,347543
2026-06-29T12:09:11.908053,Herrengasse U,27,348403
2026-06-29T12:09:11.908053,Herrengasse U,27,348339
2026-06-29T12:09:11.908053,Herrengasse U,27,348301
2026-06-29T12:09:11.908053,Herrengasse U,27,348277
2026-06-29T12:09:11.908053,Herrengasse U,27,348106
2026-06-29T12:09:11.908053,Herrengasse U,27,348708
2026-06-29T12:09:11.908053,Herrengasse U,27,398811
2026-06-29T12:09:11.908053,Sensengasse,21,345455
2026-06-29T12:09:11.908053,Sensengasse,21,345354
2026-06-29T12:09:11.908053,Sensengasse,21,345084
2026-06-29T12:09:11.908053,Sensengasse,21,345049
2026-06-29T12:09:11.908053,Sensengasse,21,345517
2026-06-29T12:09:11.908053,Sensengasse,21,346328
2026-06-29T12:09:11.908053,Sensengasse,21,346085
2026-06-29T12:09:11.908053,Sensengasse,21,347140
2026-06-29T12:09:11.908053,Sensengasse,21,347116
2026-06-29T12:09:11.908053,Sensengasse,21,347076
2026-06-29T12:09:11.908053,Sensengasse,21,347987
2026-06-29T12:09:11.908053,Sensengasse,21,347941
2026-06-29T12:09:11.908053,Sensengasse,21,347881
2026-06-29T12:09:11.908053,Sensengasse,21,347871
2026-06-29T12:09:11.908053,Sensengasse,21,347834
2026-06-29T12:09:11.908053,Sensengasse,21,347580
2026-06-29T12:09:11.908053,Sensengasse,21,348452
2026-06-29T12:09:11.908053,Sensengasse,21,348207
2026-06-29T12:09:11.908053,Sensengasse,21,348045
2026-06-29T12:09:11.908053,Sensengasse,21,348631
2026-06-29T12:09:11.908053,Sensengasse,21,398773
2026-06-29T12:09:11.908053,Belgradplatz,7,345166
2026-06-29T12:09:11.908053,Belgradplatz,7,345619
2026-06-29T12:09:11.908053,Belgradplatz,7,346425
2026-06-29T12:09:11.908053,Belgradplatz,7,346794
2026-06-29T12:09:11.908053,Belgradplatz,7,347165
2026-06-29T12:09:11.908053,Belgradplatz,7,347806
2026-06-29T12:09:11.908053,Belgradplatz,7,348123
2026-06-29T12:09:11.908053,Rathausplatz / Burgtheater,4,345441
2026-06-29T12:09:11.908053,Rathausplatz / Burgtheater,4,345921
2026-06-29T12:09:11.908053,Rathausplatz / Burgtheater,4,347111
2026-06-29T12:09:11.908053,Rathausplatz / Burgtheater,4,347933
2026-06-29T12:09:11.908053,Arbeitergasse - Gürtel,17,345926
2026-06-29T12:09:11.908053,Arbeitergasse - Gürtel,17,345914
2026-06-29T12:09:11.908053,Arbeitergasse - Gürtel,17,345711
2026-06-29T12:09:11.908053,Arbeitergasse - Gürtel,17,346462
2026-06-29T12:09:11.908053,Arbeitergasse - Gürtel,17,346362
2026-06-29T12:09:11.908053,Arbeitergasse - Gürtel,17,346340
2026-06-29T12:09:11.908053,Arbeitergasse - Gürtel,17,346339
2026-06-29T12:09:11.908053,Arbeitergasse - Gürtel,17,346807
2026-06-29T12:09:11.908053,Arbeitergasse - Gürtel,17,347464
2026-06-29T12:09:11.908053,Arbeitergasse - Gürtel,17,347265
2026-06-29T12:09:11.908053,Arbeitergasse - Gürtel,17,347188
2026-06-29T12:09:11.908053,Arbeitergasse - Gürtel,17,347752
2026-06-29T12:09:11.908053,Arbeitergasse - Gürtel,17,347652
2026-06-29T12:09:11.908053,Arbeitergasse - Gürtel,17,347561
2026-06-29T12:09:11.908053,Arbeitergasse - Gürtel,17,348102
2026-06-29T12:09:11.908053,Arbeitergasse - Gürtel,17,348011
2026-06-29T12:09:11.908053,Arbeitergasse - Gürtel,17,398745
2026-06-29T12:09:11.908053,Bauernfeldplatz / Palais Lichtenstein,16,345201
2026-06-29T12:09:11.908053,Bauernfeldplatz / Palais Lichtenstein,16,345594
2026-06-29T12:09:11.908053,Bauernfeldplatz / Palais Lichtenstein,16,345553
2026-06-29T12:09:11.908053,Bauernfeldplatz / Palais Lichtenstein,16,346440
2026-06-29T12:09:11.908053,Bauernfeldplatz / Palais Lichtenstein,16,346432
2026-06-29T12:09:11.908053,Bauernfeldplatz / Palais Lichtenstein,16,346106
2026-06-29T12:09:11.908053,Bauernfeldplatz / Palais Lichtenstein,16,346045
2026-06-29T12:09:11.908053,Bauernfeldplatz / Palais Lichtenstein,16,346814
2026-06-29T12:09:11.908053,Bauernfeldplatz / Palais Lichtenstein,16,346805
2026-06-29T12:09:11.908053,Bauernfeldplatz / Palais Lichtenstein,16,346555
2026-06-29T12:09:11.908053,Bauernfeldplatz / Palais Lichtenstein,16,347997
2026-06-29T12:09:11.908053,Bauernfeldplatz / Palais Lichtenstein,16,347717
2026-06-29T12:09:11.908053,Bauernfeldplatz / Palais Lichtenstein,16,348425
2026-06-29T12:09:11.908053,Bauernfeldplatz / Palais Lichtenstein,16,348233
2026-06-29T12:09:11.908053,Bauernfeldplatz / Palais Lichtenstein,16,348221
2026-06-29T12:09:11.908053,Bauernfeldplatz / Palais Lichtenstein,16,398758
2026-06-29T12:09:11.908053,Johannesgasse / Stadtpark,5,345497
2026-06-29T12:09:11.908053,Johannesgasse / Stadtpark,5,345014
2026-06-29T12:09:11.908053,Johannesgasse / Stadtpark,5,346227
2026-06-29T12:09:11.908053,Johannesgasse / Stadtpark,5,347120
2026-06-29T12:09:11.908053,Johannesgasse / Stadtpark,5,347781
2026-06-29T12:09:11.908053,Am Schöpfwerk U,13,345297
2026-06-29T12:09:11.908053,Am Schöpfwerk U,13,345725
2026-06-29T12:09:11.908053,Am Schöpfwerk U,13,345705
2026-06-29T12:09:11.908053,Am Schöpfwerk U,13,345693
2026-06-29T12:09:11.908053,Am Schöpfwerk U,13,346838
2026-06-29T12:09:11.908053,Am Schöpfwerk U,13,398782
2026-06-29T12:09:11.908053,Am Schöpfwerk U,13,398772
2026-06-29T12:09:11.908053,Am Schöpfwerk U,13,349034
2026-06-29T12:09:11.908053,Am Schöpfwerk U,13,348960
2026-06-29T12:09:11.908053,Am Schöpfwerk U,13,348951
2026-06-29T12:09:11.908053,Am Schöpfwerk U,13,348926
2026-06-29T12:09:11.908053,Am Schöpfwerk U,13,349182
2026-06-29T12:09:11.908053,Am Schöpfwerk U,13,349121
2026-06-29T12:09:11.908053,Alserbachstraße,23,345424
2026-06-29T12:09:11.908053,Alserbachstraße,23,345400
2026-06-29T12:09:11.908053,Alserbachstraße,23,345260
2026-06-29T12:09:11.908053,Alserbachstraße,23,345231
2026-06-29T12:09:11.908053,Alserbachstraße,23,345209
2026-06-29T12:09:11.908053,Alserbachstraße,23,345028
2026-06-29T12:09:11.908053,Alserbachstraße,23,345895
2026-06-29T12:09:11.908053,Alserbachstraße,23,345512
2026-06-29T12:09:11.908053,Alserbachstraße,23,346180
2026-06-29T12:09:11.908053,Alserbachstraße,23,346962
2026-06-29T12:09:11.908053,Alserbachstraße,23,346917
2026-06-29T12:09:11.908053,Alserbachstraße,23,346506
2026-06-29T12:09:11.908053,Alserbachstraße,23,347891
2026-06-29T12:09:11.908053,Alserbachstraße,23,347821
2026-06-29T12:09:11.908053,Alserbachstraße,23,347793
2026-06-29T12:09:11.908053,Alserbachstraße,23,347740
2026-06-29T12:09:11.908053,Alserbachstraße,23,348458
2026-06-29T12:09:11.908053,Alserbachstraße,23,348325
2026-06-29T12:09:11.908053,Alserbachstraße,23,348248
2026-06-29T12:09:11.908053,Alserbachstraße,23,348159
2026-06-29T12:09:11.908053,Alserbachstraße,23,398723
2026-06-29T12:09:11.908053,Alserbachstraße,23,348839
2026-06-29T12:09:11.908053,Alserbachstraße,23,349159
2026-06-29T12:09:11.908053,Petrusgasse,18,345196
2026-06-29T12:09:11.908053,Petrusgasse,18,345080
2026-06-29T12:09:11.908053,Petrusgasse,18,345023
2026-06-29T12:09:11.908053,Petrusgasse,18,345927
2026-06-29T12:09:11.908053,Petrusgasse,18,345775
2026-06-29T12:09:11.908053,Petrusgasse,18,345628
2026-06-29T12:09:11.908053,Petrusgasse,18,345615
2026-06-29T12:09:11.908053,Petrusgasse,18,345539
2026-06-29T12:09:11.908053,Petrusgasse,18,346966
2026-06-29T12:09:11.908053,Petrusgasse,18,346952
2026-06-29T12:09:11.908053,Petrusgasse,18,347223
2026-06-29T12:09:11.908053,Petrusgasse,18,347739
2026-06-29T12:09:11.908053,Petrusgasse,18,347668
2026-06-29T12:09:11.908053,Petrusgasse,18,348396
2026-06-29T12:09:11.908053,Petrusgasse,18,348219
2026-06-29T12:09:11.908053,Petrusgasse,18,348140
2026-06-29T12:09:11.908053,Petrusgasse,18,348605
2026-06-29T12:09:11.908053,Petrusgasse,18,348556
2026-06-29T12:09:11.908053,Wassergasse,28,345324
2026-06-29T12:09:11.908053,Wassergasse,28,345281
2026-06-29T12:09:11.908053,Wassergasse,28,345114
2026-06-29T12:09:11.908053,Wassergasse,28,345110
2026-06-29T12:09:11.908053,Wassergasse,28,345067
2026-06-29T12:09:11.908053,Wassergasse,28,345972
2026-06-29T12:09:11.908053,Wassergasse,28,345758
2026-06-29T12:09:11.908053,Wassergasse,28,345588
2026-06-29T12:09:11.908053,Wassergasse,28,345540
2026-06-29T12:09:11.908053,Wassergasse,28,346454
2026-06-29T12:09:11.908053,Wassergasse,28,346325
2026-06-29T12:09:11.908053,Wassergasse,28,346263
2026-06-29T12:09:11.908053,Wassergasse,28,346207
2026-06-29T12:09:11.908053,Wassergasse,28,346170
2026-06-29T12:09:11.908053,Wassergasse,28,346140
2026-06-29T12:09:11.908053,Wassergasse,28,346981
2026-06-29T12:09:11.908053,Wassergasse,28,346925
2026-06-29T12:09:11.908053,Wassergasse,28,346832
2026-06-29T12:09:11.908053,Wassergasse,28,346733
2026-06-29T12:09:11.908053,Wassergasse,28,346661
2026-06-29T12:09:11.908053,Wassergasse,28,346588
2026-06-29T12:09:11.908053,Wassergasse,28,347427
2026-06-29T12:09:11.908053,Wassergasse,28,347051
2026-06-29T12:09:11.908053,Wassergasse,28,347853
2026-06-29T12:09:11.908053,Wassergasse,28,347602
2026-06-29T12:09:11.908053,Wassergasse,28,348039
2026-06-29T12:09:11.908053,Wassergasse,28,348003
2026-06-29T12:09:11.908053,Wassergasse,28,398832
2026-06-29T12:09:11.908053,Löwengasse,13,345233
2026-06-29T12:09:11.908053,Löwengasse,13,345516
2026-06-29T12:09:11.908053,Löwengasse,13,346014
2026-06-29T12:09:11.908053,Löwengasse,13,346876
2026-06-29T12:09:11.908053,Löwengasse,13,347441
2026-06-29T12:09:11.908053,Löwengasse,13,347716
2026-06-29T12:09:11.908053,Löwengasse,13,347644
2026-06-29T12:09:11.908053,Löwengasse,13,347638
2026-06-29T12:09:11.908053,Löwengasse,13,348027
2026-06-29T12:09:11.908053,Löwengasse,13,348010
2026-06-29T12:09:11.908053,Löwengasse,13,398834
2026-06-29T12:09:11.908053,Löwengasse,13,398792
2026-06-29T12:09:11.908053,Löwengasse,13,398868
2026-06-29T12:09:11.908053,Kardinal-Nagl-Platz U,16,345347
2026-06-29T12:09:11.908053,Kardinal-Nagl-Platz U,16,345246
2026-06-29T12:09:11.908053,Kardinal-Nagl-Platz U,16,345181
2026-06-29T12:09:11.908053,Kardinal-Nagl-Platz U,16,345177
2026-06-29T12:09:11.908053,Kardinal-Nagl-Platz U,16,345799
2026-06-29T12:09:11.908053,Kardinal-Nagl-Platz U,16,345740
2026-06-29T12:09:11.908053,Kardinal-Nagl-Platz U,16,345501
2026-06-29T12:09:11.908053,Kardinal-Nagl-Platz U,16,346237
2026-06-29T12:09:11.908053,Kardinal-Nagl-Platz U,16,346629
2026-06-29T12:09:11.908053,Kardinal-Nagl-Platz U,16,347425
2026-06-29T12:09:11.908053,Kardinal-Nagl-Platz U,16,347329
2026-06-29T12:09:11.908053,Kardinal-Nagl-Platz U,16,347153
2026-06-29T12:09:11.908053,Kardinal-Nagl-Platz U,16,347947
2026-06-29T12:09:11.908053,Kardinal-Nagl-Platz U,16,347693
2026-06-29T12:09:11.908053,Kardinal-Nagl-Platz U,16,348344
2026-06-29T12:09:11.908053,Kardinal-Nagl-Platz U,16,348832
2026-06-29T12:09:11.908053,Kärntner Ring,21,345421
2026-06-29T12:09:11.908053,Kärntner Ring,21,345876
2026-06-29T12:09:11.908053,Kärntner Ring,21,345811
2026-06-29T12:09:11.908053,Kärntner Ring,21,345779
2026-06-29T12:09:11.908053,Kärntner Ring,21,345699
2026-06-29T12:09:11.908053,Kärntner Ring,21,346167
2026-06-29T12:09:11.908053,Kärntner Ring,21,346779
2026-06-29T12:09:11.908053,Kärntner Ring,21,346589
2026-06-29T12:09:11.908053,Kärntner Ring,21,346574
2026-06-29T12:09:11.908053,Kärntner Ring,21,347344
2026-06-29T12:09:11.908053,Kärntner Ring,21,347054
2026-06-29T12:09:11.908053,Kärntner Ring,21,347613
2026-06-29T12:09:11.908053,Kärntner Ring,21,347571
2026-06-29T12:09:11.908053,Kärntner Ring,21,347537
2026-06-29T12:09:11.908053,Kärntner Ring,21,348395
2026-06-29T12:09:11.908053,Kärntner Ring,21,348282
2026-06-29T12:09:11.908053,Kärntner Ring,21,348021
2026-06-29T12:09:11.908053,Kärntner Ring,21,348016
2026-06-29T12:09:11.908053,Kärntner Ring,21,348691
2026-06-29T12:09:11.908053,Kärntner Ring,21,348672
2026-06-29T12:09:11.908053,Kärntner Ring,21,348525
2026-06-29T12:09:11.908053,Schottenring U,21,345426
2026-06-29T12:09:11.908053,Schottenring U,21,345275
2026-06-29T12:09:11.908053,Schottenring U,21,345175
2026-06-29T12:09:11.908053,Schottenring U,21,345101
2026-06-29T12:09:11.908053,Schottenring U,21,345086
2026-06-29T12:09:11.908053,Schottenring U,21,345057
2026-06-29T12:09:11.908053,Schottenring U,21,345784
2026-06-29T12:09:11.908053,Schottenring U,21,345718
2026-06-29T12:09:11.908053,Schottenring U,21,345650
2026-06-29T12:09:11.908053,Schottenring U,21,346407
2026-06-29T12:09:11.908053,Schottenring U,21,346357
2026-06-29T12:09:11.908053,Schottenring U,21,346910
2026-06-29T12:09:11.908053,Schottenring U,21,346723
2026-06-29T12:09:11.908053,Schottenring U,21,347453
2026-06-29T12:09:11.908053,Schottenring U,21,347373
2026-06-29T12:09:11.908053,Schottenring U,21,347906
2026-06-29T12:09:11.908053,Schottenring U,21,347594
2026-06-29T12:09:11.908053,Schottenring U,21,347569
2026-06-29T12:09:11.908053,Schottenring U,21,348356
2026-06-29T12:09:11.908053,Schottenring U,21,348593
2026-06-29T12:09:11.908053,Schottenring U,21,398789
2026-06-29T12:09:11.908053,Strozzigasse,8,345182
2026-06-29T12:09:11.908053,Strozzigasse,8,345079
2026-06-29T12:09:11.908053,Strozzigasse,8,345807
2026-06-29T12:09:11.908053,Strozzigasse,8,345530
2026-06-29T12:09:11.908053,Strozzigasse,8,347688
2026-06-29T12:09:11.908053,Strozzigasse,8,348481
2026-06-29T12:09:11.908053,Strozzigasse,8,348363
2026-06-29T12:09:11.908053,Strozzigasse,8,349022
2026-06-29T12:09:11.908053,Brünnlbadgasse,5,345846
2026-06-29T12:09:11.908053,Brünnlbadgasse,5,347485
2026-06-29T12:09:11.908053,Brünnlbadgasse,5,347478
2026-06-29T12:09:11.908053,Brünnlbadgasse,5,347065
2026-06-29T12:09:11.908053,Brünnlbadgasse,5,348146
2026-06-29T12:09:11.908053,Obere Augartenstraße,10,345040
2026-06-29T12:09:11.908053,Obere Augartenstraße,10,345968
2026-06-29T12:09:11.908053,Obere Augartenstraße,10,345536
2026-06-29T12:09:11.908053,Obere Augartenstraße,10,346028
2026-06-29T12:09:11.908053,Obere Augartenstraße,10,347240
2026-06-29T12:09:11.908053,Obere Augartenstraße,10,347094
2026-06-29T12:09:11.908053,Obere Augartenstraße,10,348499
2026-06-29T12:09:11.908053,Obere Augartenstraße,10,348296
2026-06-29T12:09:11.908053,Obere Augartenstraße,10,348087
2026-06-29T12:09:11.908053,Obere Augartenstraße,10,348086
2026-06-29T12:09:11.908053,Gußhausstraße / Argentinierstraße,18,345490
2026-06-29T12:09:11.908053,Gußhausstraße / Argentinierstraße,18,345300
2026-06-29T12:09:11.908053,Gußhausstraße / Argentinierstraße,18,345250
2026-06-29T12:09:11.908053,Gußhausstraße / Argentinierstraße,18,346395
2026-06-29T12:09:11.908053,Gußhausstraße / Argentinierstraße,18,346217
2026-06-29T12:09:11.908053,Gußhausstraße / Argentinierstraße,18,346889
2026-06-29T12:09:11.908053,Gußhausstraße / Argentinierstraße,18,346762
2026-06-29T12:09:11.908053,Gußhausstraße / Argentinierstraße,18,346692
2026-06-29T12:09:11.908053,Gußhausstraße / Argentinierstraße,18,346676
2026-06-29T12:09:11.908053,Gußhausstraße / Argentinierstraße,18,347186
2026-06-29T12:09:11.908053,Gußhausstraße / Argentinierstraße,18,347184
2026-06-29T12:09:11.908053,Gußhausstraße / Argentinierstraße,18,347117
2026-06-29T12:09:11.908053,Gußhausstraße / Argentinierstraße,18,347586
2026-06-29T12:09:11.908053,Gußhausstraße / Argentinierstraße,18,347529
2026-06-29T12:09:11.908053,Gußhausstraße / Argentinierstraße,18,348263
2026-06-29T12:09:11.908053,Gußhausstraße / Argentinierstraße,18,348179
2026-06-29T12:09:11.908053,Gußhausstraße / Argentinierstraße,18,348646
2026-06-29T12:09:11.908053,Gußhausstraße / Argentinierstraße,18,398714
2026-06-29T12:09:11.908053,Ober St. Veit U,11,345479
2026-06-29T12:09:11.908053,Ober St. Veit U,11,345308
2026-06-29T12:09:11.908053,Ober St. Veit U,11,345104
2026-06-29T12:09:11.908053,Ober St. Veit U,11,346197
2026-06-29T12:09:11.908053,Ober St. Veit U,11,346144
2026-06-29T12:09:11.908053,Ober St. Veit U,11,346846
2026-06-29T12:09:11.908053,Ober St. Veit U,11,347608
2026-06-29T12:09:11.908053,Ober St. Veit U,11,349069
2026-06-29T12:09:11.908053,Ober St. Veit U,11,348984
2026-06-29T12:09:11.908053,Ober St. Veit U,11,348907
2026-06-29T12:09:11.908053,Ober St. Veit U,11,349154
2026-06-29T12:09:11.908053,Auf der Schmelz,16,345469
2026-06-29T12:09:11.908053,Auf der Schmelz,16,345279
2026-06-29T12:09:11.908053,Auf der Schmelz,16,345255
2026-06-29T12:09:11.908053,Auf der Schmelz,16,345090
2026-06-29T12:09:11.908053,Auf der Schmelz,16,345753
2026-06-29T12:09:11.908053,Auf der Schmelz,16,345664
2026-06-29T12:09:11.908053,Auf der Schmelz,16,346480
2026-06-29T12:09:11.908053,Auf der Schmelz,16,346389
2026-06-29T12:09:11.908053,Auf der Schmelz,16,346851
2026-06-29T12:09:11.908053,Auf der Schmelz,16,346534
2026-06-29T12:09:11.908053,Auf der Schmelz,16,346525
2026-06-29T12:09:11.908053,Auf der Schmelz,16,347178
2026-06-29T12:09:11.908053,Auf der Schmelz,16,347730
2026-06-29T12:09:11.908053,Auf der Schmelz,16,348340
2026-06-29T12:09:11.908053,Auf der Schmelz,16,348043
2026-06-29T12:09:11.908053,Auf der Schmelz,16,348573
2026-06-29T12:09:11.908053,Grimmgasse,22,345384
2026-06-29T12:09:11.908053,Grimmgasse,22,345213
2026-06-29T12:09:11.908053,Grimmgasse,22,345168
2026-06-29T12:09:11.908053,Grimmgasse,22,346423
2026-06-29T12:09:11.908053,Grimmgasse,22,346404
2026-06-29T12:09:11.908053,Grimmgasse,22,346164
2026-06-29T12:09:11.908053,Grimmgasse,22,346128
2026-06-29T12:09:11.908053,Grimmgasse,22,346094
2026-06-29T12:09:11.908053,Grimmgasse,22,346081
2026-06-29T12:09:11.908053,Grimmgasse,22,346025
2026-06-29T12:09:11.908053,Grimmgasse,22,346023
2026-06-29T12:09:11.908053,Grimmgasse,22,346956
2026-06-29T12:09:11.908053,Grimmgasse,22,346892
2026-06-29T12:09:11.908053,Grimmgasse,22,346594
2026-06-29T12:09:11.908053,Grimmgasse,22,346593
2026-06-29T12:09:11.908053,Grimmgasse,22,348466
2026-06-29T12:09:11.908053,Grimmgasse,22,348417
2026-06-29T12:09:11.908053,Grimmgasse,22,348398
2026-06-29T12:09:11.908053,Grimmgasse,22,348070
2026-06-29T12:09:11.908053,Grimmgasse,22,348029
2026-06-29T12:09:11.908053,Grimmgasse,22,348022
2026-06-29T12:09:11.908053,Grimmgasse,22,348559
2026-06-29T12:09:11.908053,Parhamerplatz,30,345448
2026-06-29T12:09:11.908053,Parhamerplatz,30,345229
2026-06-29T12:09:11.908053,Parhamerplatz,30,345152
2026-06-29T12:09:11.908053,Parhamerplatz,30,345923
2026-06-29T12:09:11.908053,Parhamerplatz,30,345893
2026-06-29T12:09:11.908053,Parhamerplatz,30,345841
2026-06-29T12:09:11.908053,Parhamerplatz,30,345790
2026-06-29T12:09:11.908053,Parhamerplatz,30,345719
2026-06-29T12:09:11.908053,Parhamerplatz,30,346459
2026-06-29T12:09:11.908053,Parhamerplatz,30,346222
2026-06-29T12:09:11.908053,Parhamerplatz,30,346160
2026-06-29T12:09:11.908053,Parhamerplatz,30,346880
2026-06-29T12:09:11.908053,Parhamerplatz,30,346825
2026-06-29T12:09:11.908053,Parhamerplatz,30,346514
2026-06-29T12:09:11.908053,Parhamerplatz,30,347244
2026-06-29T12:09:11.908053,Parhamerplatz,30,347143
2026-06-29T12:09:11.908053,Parhamerplatz,30,347989
2026-06-29T12:09:11.908053,Parhamerplatz,30,347975
2026-06-29T12:09:11.908053,Parhamerplatz,30,347759
2026-06-29T12:09:11.908053,Parhamerplatz,30,348300
2026-06-29T12:09:11.908053,Parhamerplatz,30,348023
2026-06-29T12:09:11.908053,Parhamerplatz,30,348630
2026-06-29T12:09:11.908053,Parhamerplatz,30,348608
2026-06-29T12:09:11.908053,Parhamerplatz,30,398853
2026-06-29T12:09:11.908053,Parhamerplatz,30,398842
2026-06-29T12:09:11.908053,Parhamerplatz,30,398822
2026-06-29T12:09:11.908053,Parhamerplatz,30,398755
2026-06-29T12:09:11.908053,Parhamerplatz,30,348866
2026-06-29T12:09:11.908053,Parhamerplatz,30,348846
2026-06-29T12:09:11.908053,Parhamerplatz,30,398864
2026-06-29T12:09:11.908053,Kendlerstraße U,13,345244
2026-06-29T12:09:11.908053,Kendlerstraße U,13,345118
2026-06-29T12:09:11.908053,Kendlerstraße U,13,345986
2026-06-29T12:09:11.908053,Kendlerstraße U,13,345962
2026-06-29T12:09:11.908053,Kendlerstraße U,13,345872
2026-06-29T12:09:11.908053,Kendlerstraße U,13,345692
2026-06-29T12:09:11.908053,Kendlerstraße U,13,345679
2026-06-29T12:09:11.908053,Kendlerstraße U,13,346324
2026-06-29T12:09:11.908053,Kendlerstraße U,13,346270
2026-06-29T12:09:11.908053,Kendlerstraße U,13,346126
2026-06-29T12:09:11.908053,Kendlerstraße U,13,348493
2026-06-29T12:09:11.908053,Kendlerstraße U,13,348236
2026-06-29T12:09:11.908053,Kendlerstraße U,13,348119
2026-06-29T12:09:11.908053,Dornerplatz,25,345482
2026-06-29T12:09:11.908053,Dornerplatz,25,345321
2026-06-29T12:09:11.908053,Dornerplatz,25,345148
2026-06-29T12:09:11.908053,Dornerplatz,25,345068
2026-06-29T12:09:11.908053,Dornerplatz,25,345065
2026-06-29T12:09:11.908053,Dornerplatz,25,345733
2026-06-29T12:09:11.908053,Dornerplatz,25,345582
2026-06-29T12:09:11.908053,Dornerplatz,25,346490
2026-06-29T12:09:11.908053,Dornerplatz,25,346236
2026-06-29T12:09:11.908053,Dornerplatz,25,346918
2026-06-29T12:09:11.908053,Dornerplatz,25,346745
2026-06-29T12:09:11.908053,Dornerplatz,25,346602
2026-06-29T12:09:11.908053,Dornerplatz,25,346601
2026-06-29T12:09:11.908053,Dornerplatz,25,346579
2026-06-29T12:09:11.908053,Dornerplatz,25,347409
2026-06-29T12:09:11.908053,Dornerplatz,25,347355
2026-06-29T12:09:11.908053,Dornerplatz,25,347283
2026-06-29T12:09:11.908053,Dornerplatz,25,347173
2026-06-29T12:09:11.908053,Dornerplatz,25,347084
2026-06-29T12:09:11.908053,Dornerplatz,25,347831
2026-06-29T12:09:11.908053,Dornerplatz,25,347700
2026-06-29T12:09:11.908053,Dornerplatz,25,348402
2026-06-29T12:09:11.908053,Dornerplatz,25,348285
2026-06-29T12:09:11.908053,Dornerplatz,25,348157
2026-06-29T12:09:11.908053,Dornerplatz,25,348842
2026-06-29T12:09:11.908053,Hernals S,24,345330
2026-06-29T12:09:11.908053,Hernals S,24,345310
2026-06-29T12:09:11.908053,Hernals S,24,345925
2026-06-29T12:09:11.908053,Hernals S,24,345805
2026-06-29T12:09:11.908053,Hernals S,24,345786
2026-06-29T12:09:11.908053,Hernals S,24,345668
2026-06-29T12:09:11.908053,Hernals S,24,346072
2026-06-29T12:09:11.908053,Hernals S,24,346058
2026-06-29T12:09:11.908053,Hernals S,24,346848
2026-06-29T12:09:11.908053,Hernals S,24,346764
2026-06-29T12:09:11.908053,Hernals S,24,346516
2026-06-29T12:09:11.908053,Hernals S,24,347107
2026-06-29T12:09:11.908053,Hernals S,24,347696
2026-06-29T12:09:11.908053,Hernals S,24,347684
2026-06-29T12:09:11.908053,Hernals S,24,347579
2026-06-29T12:09:11.908053,Hernals S,24,348410
2026-06-29T12:09:11.908053,Hernals S,24,348308
2026-06-29T12:09:11.908053,Hernals S,24,348305
2026-06-29T12:09:11.908053,Hernals S,24,348120
2026-06-29T12:09:11.908053,Hernals S,24,348082
2026-06-29T12:09:11.908053,Hernals S,24,348674
2026-06-29T12:09:11.908053,Hernals S,24,348604
2026-06-29T12:09:11.908053,Hernals S,24,348952
2026-06-29T12:09:11.908053,Hernals S,24,349166
2026-06-29T12:09:11.908053,Schmelzbrücke,18,345280
2026-06-29T12:09:11.908053,Schmelzbrücke,18,345978
2026-06-29T12:09:11.908053,Schmelzbrücke,18,345681
2026-06-29T12:09:11.908053,Schmelzbrücke,18,345600
2026-06-29T12:09:11.908053,Schmelzbrücke,18,345592
2026-06-29T12:09:11.908053,Schmelzbrücke,18,346428
2026-06-29T12:09:11.908053,Schmelzbrücke,18,346010
2026-06-29T12:09:11.908053,Schmelzbrücke,18,346566
2026-06-29T12:09:11.908053,Schmelzbrücke,18,347028
2026-06-29T12:09:11.908053,Schmelzbrücke,18,347974
2026-06-29T12:09:11.908053,Schmelzbrücke,18,347931
2026-06-29T12:09:11.908053,Schmelzbrücke,18,347508
2026-06-29T12:09:11.908053,Schmelzbrücke,18,348281
2026-06-29T12:09:11.908053,Schmelzbrücke,18,348204
2026-06-29T12:09:11.908053,Schmelzbrücke,18,348135
2026-06-29T12:09:11.908053,Schmelzbrücke,18,348712
2026-06-29T12:09:11.908053,Schmelzbrücke,18,398731
2026-06-29T12:09:11.908053,Schmelzbrücke,18,348981
2026-06-29T12:09:11.908053,Michelbeuern-AKH U,32,345425
2026-06-29T12:09:11.908053,Michelbeuern-AKH U,32,345208
2026-06-29T12:09:11.908053,Michelbeuern-AKH U,32,345170
2026-06-29T12:09:11.908053,Michelbeuern-AKH U,32,345083
2026-06-29T12:09:11.908053,Michelbeuern-AKH U,32,345983
2026-06-29T12:09:11.908053,Michelbeuern-AKH U,32,345969
2026-06-29T12:09:11.908053,Michelbeuern-AKH U,32,345891
2026-06-29T12:09:11.908053,Michelbeuern-AKH U,32,345877
2026-06-29T12:09:11.908053,Michelbeuern-AKH U,32,345701
2026-06-29T12:09:11.908053,Michelbeuern-AKH U,32,345527
2026-06-29T12:09:11.908053,Michelbeuern-AKH U,32,345518
2026-06-29T12:09:11.908053,Michelbeuern-AKH U,32,346448
2026-06-29T12:09:11.908053,Michelbeuern-AKH U,32,346388
2026-06-29T12:09:11.908053,Michelbeuern-AKH U,32,346377
2026-06-29T12:09:11.908053,Michelbeuern-AKH U,32,346334
2026-06-29T12:09:11.908053,Michelbeuern-AKH U,32,346102
2026-06-29T12:09:11.908053,Michelbeuern-AKH U,32,346950
2026-06-29T12:09:11.908053,Michelbeuern-AKH U,32,346946
2026-06-29T12:09:11.908053,Michelbeuern-AKH U,32,346898
2026-06-29T12:09:11.908053,Michelbeuern-AKH U,32,346836
2026-06-29T12:09:11.908053,Michelbeuern-AKH U,32,346667
2026-06-29T12:09:11.908053,Michelbeuern-AKH U,32,346650
2026-06-29T12:09:11.908053,Michelbeuern-AKH U,32,347278
2026-06-29T12:09:11.908053,Michelbeuern-AKH U,32,347237
2026-06-29T12:09:11.908053,Michelbeuern-AKH U,32,347166
2026-06-29T12:09:11.908053,Michelbeuern-AKH U,32,347110
2026-06-29T12:09:11.908053,Michelbeuern-AKH U,32,347988
2026-06-29T12:09:11.908053,Michelbeuern-AKH U,32,347868
2026-06-29T12:09:11.908053,Michelbeuern-AKH U,32,348104
2026-06-29T12:09:11.908053,Michelbeuern-AKH U,32,348680
2026-06-29T12:09:11.908053,Michelbeuern-AKH U,32,398819
2026-06-29T12:09:11.908053,Michelbeuern-AKH U,32,349057
2026-06-29T12:09:11.908053,Johann-Nepomuk-Vogl-Platz,4,345348
2026-06-29T12:09:11.908053,Johann-Nepomuk-Vogl-Platz,4,345561
2026-06-29T12:09:11.908053,Johann-Nepomuk-Vogl-Platz,4,346782
2026-06-29T12:09:11.908053,Johann-Nepomuk-Vogl-Platz,4,348046
2026-06-29T12:09:11.908053,Mayerhofgasse,10,345248
2026-06-29T12:09:11.908053,Mayerhofgasse,10,345121
2026-06-29T12:09:11.908053,Mayerhofgasse,10,346224
2026-06-29T12:09:11.908053,Mayerhofgasse,10,346149
2026-06-29T12:09:11.908053,Mayerhofgasse,10,346886
2026-06-29T12:09:11.908053,Mayerhofgasse,10,346854
2026-06-29T12:09:11.908053,Mayerhofgasse,10,346786
2026-06-29T12:09:11.908053,Mayerhofgasse,10,347398
2026-06-29T12:09:11.908053,Mayerhofgasse,10,348613
2026-06-29T12:09:11.908053,Mayerhofgasse,10,348537
2026-06-29T12:09:11.908053,Westbahnstraße / Schottenfeldgasse,2,347952
2026-06-29T12:09:11.908053,Westbahnstraße / Schottenfeldgasse,2,348460
2026-06-29T12:09:11.908053,Vorgartenstraße U,3,345371
2026-06-29T12:09:11.908053,Vorgartenstraße U,3,348542
2026-06-29T12:09:11.908053,Vorgartenstraße U,3,349005
2026-06-29T12:09:11.908053,Krieau U,26,345457
2026-06-29T12:09:11.908053,Krieau U,26,345249
2026-06-29T12:09:11.908053,Krieau U,26,345851
2026-06-29T12:09:11.908053,Krieau U,26,345638
2026-06-29T12:09:11.908053,Krieau U,26,346234
2026-06-29T12:09:11.908053,Krieau U,26,346030
2026-06-29T12:09:11.908053,Krieau U,26,346012
2026-06-29T12:09:11.908053,Krieau U,26,346783
2026-06-29T12:09:11.908053,Krieau U,26,346690
2026-06-29T12:09:11.908053,Krieau U,26,346603
2026-06-29T12:09:11.908053,Krieau U,26,346597
2026-06-29T12:09:11.908053,Krieau U,26,346558
2026-06-29T12:09:11.908053,Krieau U,26,347490
2026-06-29T12:09:11.908053,Krieau U,26,347484
2026-06-29T12:09:11.908053,Krieau U,26,347396
2026-06-29T12:09:11.908053,Krieau U,26,347359
2026-06-29T12:09:11.908053,Krieau U,26,347066
2026-06-29T12:09:11.908053,Krieau U,26,347064
2026-06-29T12:09:11.908053,Krieau U,26,348272
2026-06-29T12:09:11.908053,Krieau U,26,348085
2026-06-29T12:09:11.908053,Krieau U,26,348049
2026-06-29T12:09:11.908053,Krieau U,26,398737
2026-06-29T12:09:11.908053,Krieau U,26,349046
2026-06-29T12:09:11.908053,Krieau U,26,349013
2026-06-29T12:09:11.908053,Krieau U,26,348985
2026-06-29T12:09:11.908053,Krieau U,26,349190
2026-06-29T12:09:11.908053,Ottakring S U,33,345420
2026-06-29T12:09:11.908053,Ottakring S U,33,345293
2026-06-29T12:09:11.908053,Ottakring S U,33,345242
2026-06-29T12:09:11.908053,Ottakring S U,33,345961
2026-06-29T12:09:11.908053,Ottakring S U,33,345908
2026-06-29T12:09:11.908053,Ottakring S U,33,345869
2026-06-29T12:09:11.908053,Ottakring S U,33,345708
2026-06-29T12:09:11.908053,Ottakring S U,33,345607
2026-06-29T12:09:11.908053,Ottakring S U,33,346414
2026-06-29T12:09:11.908053,Ottakring S U,33,346378
2026-06-29T12:09:11.908053,Ottakring S U,33,346290
2026-06-29T12:09:11.908053,Ottakring S U,33,346963
2026-06-29T12:09:11.908053,Ottakring S U,33,346622
2026-06-29T12:09:11.908053,Ottakring S U,33,346586
2026-06-29T12:09:11.908053,Ottakring S U,33,346545
2026-06-29T12:09:11.908053,Ottakring S U,33,347200
2026-06-29T12:09:11.908053,Ottakring S U,33,347013
2026-06-29T12:09:11.908053,Ottakring S U,33,347007
2026-06-29T12:09:11.908053,Ottakring S U,33,347823
2026-06-29T12:09:11.908053,Ottakring S U,33,347801
2026-06-29T12:09:11.908053,Ottakring S U,33,347741
2026-06-29T12:09:11.908053,Ottakring S U,33,347563
2026-06-29T12:09:11.908053,Ottakring S U,33,348438
2026-06-29T12:09:11.908053,Ottakring S U,33,348408
2026-06-29T12:09:11.908053,Ottakring S U,33,348341
2026-06-29T12:09:11.908053,Ottakring S U,33,348149
2026-06-29T12:09:11.908053,Ottakring S U,33,348090
2026-06-29T12:09:11.908053,Ottakring S U,33,348706
2026-06-29T12:09:11.908053,Ottakring S U,33,348548
2026-06-29T12:09:11.908053,Ottakring S U,33,348517
2026-06-29T12:09:11.908053,Ottakring S U,33,398829
2026-06-29T12:09:11.908053,Ottakring S U,33,348938
2026-06-29T12:09:11.908053,Ottakring S U,33,348897
2026-06-29T12:09:11.908053,Hartmanngasse ,22,345341
2026-06-29T12:09:11.908053,Hartmanngasse ,22,345273
2026-06-29T12:09:11.908053,Hartmanngasse ,22,345675
2026-06-29T12:09:11.908053,Hartmanngasse ,22,345580
2026-06-29T12:09:11.908053,Hartmanngasse ,22,345544
2026-06-29T12:09:11.908053,Hartmanngasse ,22,346285
2026-06-29T12:09:11.908053,Hartmanngasse ,22,346639
2026-06-29T12:09:11.908053,Hartmanngasse ,22,347494
2026-06-29T12:09:11.908053,Hartmanngasse ,22,347285
2026-06-29T12:09:11.908053,Hartmanngasse ,22,347264
2026-06-29T12:09:11.908053,Hartmanngasse ,22,347946
2026-06-29T12:09:11.908053,Hartmanngasse ,22,347789
2026-06-29T12:09:11.908053,Hartmanngasse ,22,347727
2026-06-29T12:09:11.908053,Hartmanngasse ,22,347574
2026-06-29T12:09:11.908053,Hartmanngasse ,22,347545
2026-06-29T12:09:11.908053,Hartmanngasse ,22,347525
2026-06-29T12:09:11.908053,Hartmanngasse ,22,348397
2026-06-29T12:09:11.908053,Hartmanngasse ,22,348381
2026-06-29T12:09:11.908053,Hartmanngasse ,22,348321
2026-06-29T12:09:11.908053,Hartmanngasse ,22,348704
2026-06-29T12:09:11.908053,Hartmanngasse ,22,348688
2026-06-29T12:09:11.908053,Hartmanngasse ,22,348555
2026-06-29T12:09:11.908053,Nestroyplatz U,8,345020
2026-06-29T12:09:11.908053,Nestroyplatz U,8,346311
2026-06-29T12:09:11.908053,Nestroyplatz U,8,346957
2026-06-29T12:09:11.908053,Nestroyplatz U,8,347446
2026-06-29T12:09:11.908053,Nestroyplatz U,8,347411
2026-06-29T12:09:11.908053,Nestroyplatz U,8,347077
2026-06-29T12:09:11.908053,Nestroyplatz U,8,347949
2026-06-29T12:09:11.908053,Nestroyplatz U,8,347643
2026-06-29T12:09:11.908053,Messe-Prater U,31,345487
2026-06-29T12:09:11.908053,Messe-Prater U,31,345935
2026-06-29T12:09:11.908053,Messe-Prater U,31,346383
2026-06-29T12:09:11.908053,Messe-Prater U,31,346314
2026-06-29T12:09:11.908053,Messe-Prater U,31,346292
2026-06-29T12:09:11.908053,Messe-Prater U,31,346243
2026-06-29T12:09:11.908053,Messe-Prater U,31,346174
2026-06-29T12:09:11.908053,Messe-Prater U,31,346052
2026-06-29T12:09:11.908053,Messe-Prater U,31,346978
2026-06-29T12:09:11.908053,Messe-Prater U,31,346926
2026-06-29T12:09:11.908053,Messe-Prater U,31,346675
2026-06-29T12:09:11.908053,Messe-Prater U,31,346644
2026-06-29T12:09:11.908053,Messe-Prater U,31,347057
2026-06-29T12:09:11.908053,Messe-Prater U,31,347838
2026-06-29T12:09:11.908053,Messe-Prater U,31,347828
2026-06-29T12:09:11.908053,Messe-Prater U,31,347738
2026-06-29T12:09:11.908053,Messe-Prater U,31,347664
2026-06-29T12:09:11.908053,Messe-Prater U,31,348412
2026-06-29T12:09:11.908053,Messe-Prater U,31,348295
2026-06-29T12:09:11.908053,Messe-Prater U,31,348258
2026-06-29T12:09:11.908053,Messe-Prater U,31,348129
2026-06-29T12:09:11.908053,Messe-Prater U,31,348659
2026-06-29T12:09:11.908053,Messe-Prater U,31,348598
2026-06-29T12:09:11.908053,Messe-Prater U,31,348587
2026-06-29T12:09:11.908053,Messe-Prater U,31,398827
2026-06-29T12:09:11.908053,Messe-Prater U,31,398757
2026-06-29T12:09:11.908053,Messe-Prater U,31,398724
2026-06-29T12:09:11.908053,Messe-Prater U,31,348864
2026-06-29T12:09:11.908053,Messe-Prater U,31,348843
2026-06-29T12:09:11.908053,Messe-Prater U,31,349170
2026-06-29T12:09:11.908053,Messe-Prater U,31,349126
2026-06-29T12:09:11.908053,Loquaiplatz,1,347311
2026-06-29T12:09:11.908053,Rosensteingasse,24,345447
2026-06-29T12:09:11.908053,Rosensteingasse,24,345360
2026-06-29T12:09:11.908053,Rosensteingasse,24,345941
2026-06-29T12:09:11.908053,Rosensteingasse,24,345917
2026-06-29T12:09:11.908053,Rosensteingasse,24,345866
2026-06-29T12:09:11.908053,Rosensteingasse,24,345629
2026-06-29T12:09:11.908053,Rosensteingasse,24,346479
2026-06-29T12:09:11.908053,Rosensteingasse,24,346427
2026-06-29T12:09:11.908053,Rosensteingasse,24,346326
2026-06-29T12:09:11.908053,Rosensteingasse,24,346296
2026-06-29T12:09:11.908053,Rosensteingasse,24,346279
2026-06-29T12:09:11.908053,Rosensteingasse,24,346156
2026-06-29T12:09:11.908053,Rosensteingasse,24,346017
2026-06-29T12:09:11.908053,Rosensteingasse,24,346812
2026-06-29T12:09:11.908053,Rosensteingasse,24,346707
2026-06-29T12:09:11.908053,Rosensteingasse,24,346701
2026-06-29T12:09:11.908053,Rosensteingasse,24,346595
2026-06-29T12:09:11.908053,Rosensteingasse,24,346508
2026-06-29T12:09:11.908053,Rosensteingasse,24,347168
2026-06-29T12:09:11.908053,Rosensteingasse,24,347843
2026-06-29T12:09:11.908053,Rosensteingasse,24,347607
2026-06-29T12:09:11.908053,Rosensteingasse,24,348107
2026-06-29T12:09:11.908053,Rosensteingasse,24,348579
2026-06-29T12:09:11.908053,Rosensteingasse,24,398836
2026-06-29T12:09:11.908053,Gumpendorfer Gürtel,21,345422
2026-06-29T12:09:11.908053,Gumpendorfer Gürtel,21,345414
2026-06-29T12:09:11.908053,Gumpendorfer Gürtel,21,345370
2026-06-29T12:09:11.908053,Gumpendorfer Gürtel,21,345267
2026-06-29T12:09:11.908053,Gumpendorfer Gürtel,21,345218
2026-06-29T12:09:11.908053,Gumpendorfer Gürtel,21,345059
2026-06-29T12:09:11.908053,Gumpendorfer Gürtel,21,345822
2026-06-29T12:09:11.908053,Gumpendorfer Gürtel,21,345694
2026-06-29T12:09:11.908053,Gumpendorfer Gürtel,21,345602
2026-06-29T12:09:11.908053,Gumpendorfer Gürtel,21,346821
2026-06-29T12:09:11.908053,Gumpendorfer Gürtel,21,346765
2026-06-29T12:09:11.908053,Gumpendorfer Gürtel,21,346706
2026-06-29T12:09:11.908053,Gumpendorfer Gürtel,21,346542
2026-06-29T12:09:11.908053,Gumpendorfer Gürtel,21,346539
2026-06-29T12:09:11.908053,Gumpendorfer Gürtel,21,347459
2026-06-29T12:09:11.908053,Gumpendorfer Gürtel,21,348345
2026-06-29T12:09:11.908053,Gumpendorfer Gürtel,21,348118
2026-06-29T12:09:11.908053,Gumpendorfer Gürtel,21,349103
2026-06-29T12:09:11.908053,Gumpendorfer Gürtel,21,349021
2026-06-29T12:09:11.908053,Gumpendorfer Gürtel,21,348946
2026-06-29T12:09:11.908053,Gumpendorfer Gürtel,21,349189
2026-06-29T12:09:11.908053,Burggasse-Stadthalle U,11,345996
2026-06-29T12:09:11.908053,Burggasse-Stadthalle U,11,345759
2026-06-29T12:09:11.908053,Burggasse-Stadthalle U,11,345657
2026-06-29T12:09:11.908053,Burggasse-Stadthalle U,11,345608
2026-06-29T12:09:11.908053,Burggasse-Stadthalle U,11,346099
2026-06-29T12:09:11.908053,Burggasse-Stadthalle U,11,346809
2026-06-29T12:09:11.908053,Burggasse-Stadthalle U,11,347196
2026-06-29T12:09:11.908053,Burggasse-Stadthalle U,11,347017
2026-06-29T12:09:11.908053,Burggasse-Stadthalle U,11,347524
2026-06-29T12:09:11.908053,Burggasse-Stadthalle U,11,348399
2026-06-29T12:09:11.908053,Burggasse-Stadthalle U,11,348231
2026-06-29T12:09:11.908053,Urban-Loritz-Platz,8,345398
2026-06-29T12:09:11.908053,Urban-Loritz-Platz,8,345646
2026-06-29T12:09:11.908053,Urban-Loritz-Platz,8,346317
2026-06-29T12:09:11.908053,Urban-Loritz-Platz,8,346001
2026-06-29T12:09:11.908053,Urban-Loritz-Platz,8,346983
2026-06-29T12:09:11.908053,Urban-Loritz-Platz,8,346546
2026-06-29T12:09:11.908053,Urban-Loritz-Platz,8,347134
2026-06-29T12:09:11.908053,Urban-Loritz-Platz,8,348151
2026-06-29T12:09:11.908053,Hanusch Krankenhaus,10,345649
2026-06-29T12:09:11.908053,Hanusch Krankenhaus,10,346198
2026-06-29T12:09:11.908053,Hanusch Krankenhaus,10,346604
2026-06-29T12:09:11.908053,Hanusch Krankenhaus,10,347230
2026-06-29T12:09:11.908053,Hanusch Krankenhaus,10,347056
2026-06-29T12:09:11.908053,Hanusch Krankenhaus,10,347575
2026-06-29T12:09:11.908053,Hanusch Krankenhaus,10,347528
2026-06-29T12:09:11.908053,Hanusch Krankenhaus,10,349096
2026-06-29T12:09:11.908053,Hanusch Krankenhaus,10,348875
2026-06-29T12:09:11.908053,Hanusch Krankenhaus,10,348855
2026-06-29T12:09:11.908053,Westbahnhof S U / Gerstnerstraße,24,345418
2026-06-29T12:09:11.908053,Westbahnhof S U / Gerstnerstraße,24,345041
2026-06-29T12:09:11.908053,Westbahnhof S U / Gerstnerstraße,24,345745
2026-06-29T12:09:11.908053,Westbahnhof S U / Gerstnerstraße,24,345620
2026-06-29T12:09:11.908053,Westbahnhof S U / Gerstnerstraße,24,346343
2026-06-29T12:09:11.908053,Westbahnhof S U / Gerstnerstraße,24,346209
2026-06-29T12:09:11.908053,Westbahnhof S U / Gerstnerstraße,24,346120
2026-06-29T12:09:11.908053,Westbahnhof S U / Gerstnerstraße,24,346119
2026-06-29T12:09:11.908053,Westbahnhof S U / Gerstnerstraße,24,347415
2026-06-29T12:09:11.908053,Westbahnhof S U / Gerstnerstraße,24,347402
2026-06-29T12:09:11.908053,Westbahnhof S U / Gerstnerstraße,24,347394
2026-06-29T12:09:11.908053,Westbahnhof S U / Gerstnerstraße,24,347968
2026-06-29T12:09:11.908053,Westbahnhof S U / Gerstnerstraße,24,347934
2026-06-29T12:09:11.908053,Westbahnhof S U / Gerstnerstraße,24,347926
2026-06-29T12:09:11.908053,Westbahnhof S U / Gerstnerstraße,24,347912
2026-06-29T12:09:11.908053,Westbahnhof S U / Gerstnerstraße,24,347858
2026-06-29T12:09:11.908053,Westbahnhof S U / Gerstnerstraße,24,347766
2026-06-29T12:09:11.908053,Westbahnhof S U / Gerstnerstraße,24,347626
2026-06-29T12:09:11.908053,Westbahnhof S U / Gerstnerstraße,24,348209
2026-06-29T12:09:11.908053,Westbahnhof S U / Gerstnerstraße,24,348088
2026-06-29T12:09:11.908053,Westbahnhof S U / Gerstnerstraße,24,348078
2026-06-29T12:09:11.908053,Westbahnhof S U / Gerstnerstraße,24,348034
2026-06-29T12:09:11.908053,Westbahnhof S U / Gerstnerstraße,24,348622
2026-06-29T12:09:11.908053,Westbahnhof S U / Gerstnerstraße,24,348584
2026-06-29T12:09:11.908053,Wieningerplatz,20,345264
2026-06-29T12:09:11.908053,Wieningerplatz,20,345224
2026-06-29T12:09:11.908053,Wieningerplatz,20,345999
2026-06-29T12:09:11.908053,Wieningerplatz,20,345836
2026-06-29T12:09:11.908053,Wieningerplatz,20,345770
2026-06-29T12:09:11.908053,Wieningerplatz,20,345626
2026-06-29T12:09:11.908053,Wieningerplatz,20,346418
2026-06-29T12:09:11.908053,Wieningerplatz,20,346329
2026-06-29T12:09:11.908053,Wieningerplatz,20,346798
2026-06-29T12:09:11.908053,Wieningerplatz,20,347246
2026-06-29T12:09:11.908053,Wieningerplatz,20,347243
2026-06-29T12:09:11.908053,Wieningerplatz,20,347189
2026-06-29T12:09:11.908053,Wieningerplatz,20,347765
2026-06-29T12:09:11.908053,Wieningerplatz,20,347749
2026-06-29T12:09:11.908053,Wieningerplatz,20,347683
2026-06-29T12:09:11.908053,Wieningerplatz,20,348293
2026-06-29T12:09:11.908053,Wieningerplatz,20,348217
2026-06-29T12:09:11.908053,Wieningerplatz,20,348057
2026-06-29T12:09:11.908053,Wieningerplatz,20,348669
2026-06-29T12:09:11.908053,Wieningerplatz,20,398809
2026-06-29T12:09:11.908053,Markgraf-Rüdiger Straße,24,345286
2026-06-29T12:09:11.908053,Markgraf-Rüdiger Straße,24,345975
2026-06-29T12:09:11.908053,Markgraf-Rüdiger Straße,24,345954
2026-06-29T12:09:11.908053,Markgraf-Rüdiger Straße,24,345659
2026-06-29T12:09:11.908053,Markgraf-Rüdiger Straße,24,345564
2026-06-29T12:09:11.908053,Markgraf-Rüdiger Straße,24,346465
2026-06-29T12:09:11.908053,Markgraf-Rüdiger Straße,24,346439
2026-06-29T12:09:11.908053,Markgraf-Rüdiger Straße,24,346109
2026-06-29T12:09:11.908053,Markgraf-Rüdiger Straße,24,346062
2026-06-29T12:09:11.908053,Markgraf-Rüdiger Straße,24,346893
2026-06-29T12:09:11.908053,Markgraf-Rüdiger Straße,24,346686
2026-06-29T12:09:11.908053,Markgraf-Rüdiger Straße,24,346576
2026-06-29T12:09:11.908053,Markgraf-Rüdiger Straße,24,347302
2026-06-29T12:09:11.908053,Markgraf-Rüdiger Straße,24,347978
2026-06-29T12:09:11.908053,Markgraf-Rüdiger Straße,24,348432
2026-06-29T12:09:11.908053,Markgraf-Rüdiger Straße,24,348338
2026-06-29T12:09:11.908053,Markgraf-Rüdiger Straße,24,348316
2026-06-29T12:09:11.908053,Markgraf-Rüdiger Straße,24,348250
2026-06-29T12:09:11.908053,Markgraf-Rüdiger Straße,24,348214
2026-06-29T12:09:11.908053,Markgraf-Rüdiger Straße,24,348165
2026-06-29T12:09:11.908053,Markgraf-Rüdiger Straße,24,348048
2026-06-29T12:09:11.908053,Markgraf-Rüdiger Straße,24,348564
2026-06-29T12:09:11.908053,Markgraf-Rüdiger Straße,24,398813
2026-06-29T12:09:11.908053,Markgraf-Rüdiger Straße,24,398785
2026-06-29T12:09:11.908053,Plunkergasse,24,345499
2026-06-29T12:09:11.908053,Plunkergasse,24,345393
2026-06-29T12:09:11.908053,Plunkergasse,24,345254
2026-06-29T12:09:11.908053,Plunkergasse,24,345012
2026-06-29T12:09:11.908053,Plunkergasse,24,345000
2026-06-29T12:09:11.908053,Plunkergasse,24,345945
2026-06-29T12:09:11.908053,Plunkergasse,24,345939
2026-06-29T12:09:11.908053,Plunkergasse,24,345732
2026-06-29T12:09:11.908053,Plunkergasse,24,345625
2026-06-29T12:09:11.908053,Plunkergasse,24,346074
2026-06-29T12:09:11.908053,Plunkergasse,24,346823
2026-06-29T12:09:11.908053,Plunkergasse,24,347403
2026-06-29T12:09:11.908053,Plunkergasse,24,347369
2026-06-29T12:09:11.908053,Plunkergasse,24,347145
2026-06-29T12:09:11.908053,Plunkergasse,24,347710
2026-06-29T12:09:11.908053,Plunkergasse,24,348304
2026-06-29T12:09:11.908053,Plunkergasse,24,348083
2026-06-29T12:09:11.908053,Plunkergasse,24,348064
2026-06-29T12:09:11.908053,Plunkergasse,24,348698
2026-06-29T12:09:11.908053,Plunkergasse,24,398815
2026-06-29T12:09:11.908053,Plunkergasse,24,398726
2026-06-29T12:09:11.908053,Plunkergasse,24,349054
2026-06-29T12:09:11.908053,Plunkergasse,24,349047
2026-06-29T12:09:11.908053,Plunkergasse,24,349196
2026-06-29T12:09:11.908053,Selzergasse,8,345491
2026-06-29T12:09:11.908053,Selzergasse,8,345226
2026-06-29T12:09:11.908053,Selzergasse,8,345797
2026-06-29T12:09:11.908053,Selzergasse,8,346816
2026-06-29T12:09:11.908053,Selzergasse,8,346705
2026-06-29T12:09:11.908053,Selzergasse,8,347175
2026-06-29T12:09:11.908053,Selzergasse,8,347877
2026-06-29T12:09:11.908053,Selzergasse,8,347832
2026-06-29T12:09:11.908053,Westbahnhof S U / Felberstraße,20,345495
2026-06-29T12:09:11.908053,Westbahnhof S U / Felberstraße,20,345478
2026-06-29T12:09:11.908053,Westbahnhof S U / Felberstraße,20,345410
2026-06-29T12:09:11.908053,Westbahnhof S U / Felberstraße,20,345380
2026-06-29T12:09:11.908053,Westbahnhof S U / Felberstraße,20,345227
2026-06-29T12:09:11.908053,Westbahnhof S U / Felberstraße,20,345158
2026-06-29T12:09:11.908053,Westbahnhof S U / Felberstraße,20,345103
2026-06-29T12:09:11.908053,Westbahnhof S U / Felberstraße,20,345069
2026-06-29T12:09:11.908053,Westbahnhof S U / Felberstraße,20,346447
2026-06-29T12:09:11.908053,Westbahnhof S U / Felberstraße,20,346429
2026-06-29T12:09:11.908053,Westbahnhof S U / Felberstraße,20,346265
2026-06-29T12:09:11.908053,Westbahnhof S U / Felberstraße,20,346048
2026-06-29T12:09:11.908053,Westbahnhof S U / Felberstraße,20,346725
2026-06-29T12:09:11.908053,Westbahnhof S U / Felberstraße,20,347304
2026-06-29T12:09:11.908053,Westbahnhof S U / Felberstraße,20,347998
2026-06-29T12:09:11.908053,Westbahnhof S U / Felberstraße,20,347663
2026-06-29T12:09:11.908053,Westbahnhof S U / Felberstraße,20,347556
2026-06-29T12:09:11.908053,Westbahnhof S U / Felberstraße,20,348264
2026-06-29T12:09:11.908053,Westbahnhof S U / Felberstraße,20,398715
2026-06-29T12:09:11.908053,Westbahnhof S U / Felberstraße,20,398796
2026-06-29T12:09:11.908053,Kundratstraße,8,346563
2026-06-29T12:09:11.908053,Kundratstraße,8,347366
2026-06-29T12:09:11.908053,Kundratstraße,8,347645
2026-06-29T12:09:11.908053,Kundratstraße,8,348376
2026-06-29T12:09:11.908053,Kundratstraße,8,348973
2026-06-29T12:09:11.908053,Kundratstraße,8,348962
2026-06-29T12:09:11.908053,Kundratstraße,8,348810
2026-06-29T12:09:11.908053,Kundratstraße,8,349143
2026-06-29T12:09:11.908053,Arthaberplatz,13,345413
2026-06-29T12:09:11.908053,Arthaberplatz,13,345407
2026-06-29T12:09:11.908053,Arthaberplatz,13,345112
2026-06-29T12:09:11.908053,Arthaberplatz,13,345857
2026-06-29T12:09:11.908053,Arthaberplatz,13,345801
2026-06-29T12:09:11.908053,Arthaberplatz,13,345617
2026-06-29T12:09:11.908053,Arthaberplatz,13,345529
2026-06-29T12:09:11.908053,Arthaberplatz,13,346369
2026-06-29T12:09:11.908053,Arthaberplatz,13,346095
2026-06-29T12:09:11.908053,Arthaberplatz,13,346612
2026-06-29T12:09:11.908053,Arthaberplatz,13,347400
2026-06-29T12:09:11.908053,Arthaberplatz,13,348544
2026-06-29T12:09:11.908053,Arthaberplatz,13,348818
2026-06-29T12:09:11.908053,Karmeliterplatz,16,345284
2026-06-29T12:09:11.908053,Karmeliterplatz,16,345025
2026-06-29T12:09:11.908053,Karmeliterplatz,16,345022
2026-06-29T12:09:11.908053,Karmeliterplatz,16,346359
2026-06-29T12:09:11.908053,Karmeliterplatz,16,346115
2026-06-29T12:09:11.908053,Karmeliterplatz,16,346976
2026-06-29T12:09:11.908053,Karmeliterplatz,16,346766
2026-06-29T12:09:11.908053,Karmeliterplatz,16,347370
2026-06-29T12:09:11.908053,Karmeliterplatz,16,347349
2026-06-29T12:09:11.908053,Karmeliterplatz,16,347331
2026-06-29T12:09:11.908053,Karmeliterplatz,16,347325
2026-06-29T12:09:11.908053,Karmeliterplatz,16,347025
2026-06-29T12:09:11.908053,Karmeliterplatz,16,348223
2026-06-29T12:09:11.908053,Karmeliterplatz,16,348202
2026-06-29T12:09:11.908053,Karmeliterplatz,16,348617
2026-06-29T12:09:11.908053,Karmeliterplatz,16,348583
2026-06-29T12:09:11.908053,Fröbelgasse,7,345195
2026-06-29T12:09:11.908053,Fröbelgasse,7,345704
2026-06-29T12:09:11.908053,Fröbelgasse,7,345688
2026-06-29T12:09:11.908053,Fröbelgasse,7,345663
2026-06-29T12:09:11.908053,Fröbelgasse,7,346739
2026-06-29T12:09:11.908053,Fröbelgasse,7,347406
2026-06-29T12:09:11.908053,Fröbelgasse,7,347565
2026-06-29T12:09:11.908053,Reumannplatz U,8,345404
2026-06-29T12:09:11.908053,Reumannplatz U,8,345743
2026-06-29T12:09:11.908053,Reumannplatz U,8,346636
2026-06-29T12:09:11.908053,Reumannplatz U,8,346598
2026-06-29T12:09:11.908053,Reumannplatz U,8,347907
2026-06-29T12:09:11.908053,Reumannplatz U,8,347882
2026-06-29T12:09:11.908053,Reumannplatz U,8,347632
2026-06-29T12:09:11.908053,Reumannplatz U,8,348446
2026-06-29T12:09:11.908053,Thaliastraße U,33,345357
2026-06-29T12:09:11.908053,Thaliastraße U,33,345217
2026-06-29T12:09:11.908053,Thaliastraße U,33,345109
2026-06-29T12:09:11.908053,Thaliastraße U,33,345056
2026-06-29T12:09:11.908053,Thaliastraße U,33,345964
2026-06-29T12:09:11.908053,Thaliastraße U,33,345800
2026-06-29T12:09:11.908053,Thaliastraße U,33,345547
2026-06-29T12:09:11.908053,Thaliastraße U,33,346415
2026-06-29T12:09:11.908053,Thaliastraße U,33,346406
2026-06-29T12:09:11.908053,Thaliastraße U,33,346342
2026-06-29T12:09:11.908053,Thaliastraße U,33,346770
2026-06-29T12:09:11.908053,Thaliastraße U,33,346749
2026-06-29T12:09:11.908053,Thaliastraße U,33,346573
2026-06-29T12:09:11.908053,Thaliastraße U,33,347412
2026-06-29T12:09:11.908053,Thaliastraße U,33,347395
2026-06-29T12:09:11.908053,Thaliastraße U,33,347299
2026-06-29T12:09:11.908053,Thaliastraße U,33,347294
2026-06-29T12:09:11.908053,Thaliastraße U,33,347203
2026-06-29T12:09:11.908053,Thaliastraße U,33,347100
2026-06-29T12:09:11.908053,Thaliastraße U,33,347082
2026-06-29T12:09:11.908053,Thaliastraße U,33,347980
2026-06-29T12:09:11.908053,Thaliastraße U,33,347896
2026-06-29T12:09:11.908053,Thaliastraße U,33,347787
2026-06-29T12:09:11.908053,Thaliastraße U,33,347641
2026-06-29T12:09:11.908053,Thaliastraße U,33,347588
2026-06-29T12:09:11.908053,Thaliastraße U,33,348465
2026-06-29T12:09:11.908053,Thaliastraße U,33,348415
2026-06-29T12:09:11.908053,Thaliastraße U,33,348377
2026-06-29T12:09:11.908053,Thaliastraße U,33,348274
2026-06-29T12:09:11.908053,Thaliastraße U,33,348137
2026-06-29T12:09:11.908053,Thaliastraße U,33,348121
2026-06-29T12:09:11.908053,Thaliastraße U,33,348560
2026-06-29T12:09:11.908053,Thaliastraße U,33,349140
2026-06-29T12:09:11.908053,Nussdorfer Straße S,6,345294
2026-06-29T12:09:11.908053,Nussdorfer Straße S,6,346755
2026-06-29T12:09:11.908053,Nussdorfer Straße S,6,347499
2026-06-29T12:09:11.908053,Nussdorfer Straße S,6,347081
2026-06-29T12:09:11.908053,Nussdorfer Straße S,6,348468
2026-06-29T12:09:11.908053,Nussdorfer Straße S,6,348271
2026-06-29T12:09:11.908053,Elterleinplatz,19,345430
2026-06-29T12:09:11.908053,Elterleinplatz,19,345322
2026-06-29T12:09:11.908053,Elterleinplatz,19,345842
2026-06-29T12:09:11.908053,Elterleinplatz,19,345763
2026-06-29T12:09:11.908053,Elterleinplatz,19,345742
2026-06-29T12:09:11.908053,Elterleinplatz,19,345550
2026-06-29T12:09:11.908053,Elterleinplatz,19,346461
2026-06-29T12:09:11.908053,Elterleinplatz,19,346291
2026-06-29T12:09:11.908053,Elterleinplatz,19,346244
2026-06-29T12:09:11.908053,Elterleinplatz,19,346077
2026-06-29T12:09:11.908053,Elterleinplatz,19,346993
2026-06-29T12:09:11.908053,Elterleinplatz,19,346843
2026-06-29T12:09:11.908053,Elterleinplatz,19,346808
2026-06-29T12:09:11.908053,Elterleinplatz,19,347374
2026-06-29T12:09:11.908053,Elterleinplatz,19,347108
2026-06-29T12:09:11.908053,Elterleinplatz,19,347105
2026-06-29T12:09:11.908053,Elterleinplatz,19,347634
2026-06-29T12:09:11.908053,Elterleinplatz,19,348488
2026-06-29T12:09:11.908053,Elterleinplatz,19,348351
2026-06-29T12:09:11.908053,Canisiusgasse,18,345892
2026-06-29T12:09:11.908053,Canisiusgasse,18,345859
2026-06-29T12:09:11.908053,Canisiusgasse,18,345796
2026-06-29T12:09:11.908053,Canisiusgasse,18,345774
2026-06-29T12:09:11.908053,Canisiusgasse,18,345744
2026-06-29T12:09:11.908053,Canisiusgasse,18,345587
2026-06-29T12:09:11.908053,Canisiusgasse,18,346483
2026-06-29T12:09:11.908053,Canisiusgasse,18,346066
2026-06-29T12:09:11.908053,Canisiusgasse,18,346899
2026-06-29T12:09:11.908053,Canisiusgasse,18,346737
2026-06-29T12:09:11.908053,Canisiusgasse,18,347252
2026-06-29T12:09:11.908053,Canisiusgasse,18,347209
2026-06-29T12:09:11.908053,Canisiusgasse,18,347857
2026-06-29T12:09:11.908053,Canisiusgasse,18,347833
2026-06-29T12:09:11.908053,Canisiusgasse,18,347826
2026-06-29T12:09:11.908053,Canisiusgasse,18,348095
2026-06-29T12:09:11.908053,Canisiusgasse,18,348550
2026-06-29T12:09:11.908053,Canisiusgasse,18,348529
2026-06-29T12:09:11.908053,Meidling S U / Schedifkaplatz,13,345475
2026-06-29T12:09:11.908053,Meidling S U / Schedifkaplatz,13,345099
2026-06-29T12:09:11.908053,Meidling S U / Schedifkaplatz,13,345695
2026-06-29T12:09:11.908053,Meidling S U / Schedifkaplatz,13,345685
2026-06-29T12:09:11.908053,Meidling S U / Schedifkaplatz,13,346988
2026-06-29T12:09:11.908053,Meidling S U / Schedifkaplatz,13,347268
2026-06-29T12:09:11.908053,Meidling S U / Schedifkaplatz,13,347172
2026-06-29T12:09:11.908053,Meidling S U / Schedifkaplatz,13,347951
2026-06-29T12:09:11.908053,Meidling S U / Schedifkaplatz,13,347827
2026-06-29T12:09:11.908053,Meidling S U / Schedifkaplatz,13,347513
2026-06-29T12:09:11.908053,Meidling S U / Schedifkaplatz,13,348400
2026-06-29T12:09:11.908053,Meidling S U / Schedifkaplatz,13,348153
2026-06-29T12:09:11.908053,Meidling S U / Schedifkaplatz,13,348013
2026-06-29T12:09:11.908053,Palffygasse,23,345390
2026-06-29T12:09:11.908053,Palffygasse,23,345386
2026-06-29T12:09:11.908053,Palffygasse,23,345329
2026-06-29T12:09:11.908053,Palffygasse,23,345029
2026-06-29T12:09:11.908053,Palffygasse,23,345928
2026-06-29T12:09:11.908053,Palffygasse,23,346421
2026-06-29T12:09:11.908053,Palffygasse,23,346420
2026-06-29T12:09:11.908053,Palffygasse,23,346376
2026-06-29T12:09:11.908053,Palffygasse,23,346260
2026-06-29T12:09:11.908053,Palffygasse,23,346125
2026-06-29T12:09:11.908053,Palffygasse,23,346053
2026-06-29T12:09:11.908053,Palffygasse,23,346927
2026-06-29T12:09:11.908053,Palffygasse,23,346869
2026-06-29T12:09:11.908053,Palffygasse,23,347314
2026-06-29T12:09:11.908053,Palffygasse,23,347308
2026-06-29T12:09:11.908053,Palffygasse,23,347895
2026-06-29T12:09:11.908053,Palffygasse,23,347795
2026-06-29T12:09:11.908053,Palffygasse,23,347736
2026-06-29T12:09:11.908053,Palffygasse,23,347516
2026-06-29T12:09:11.908053,Palffygasse,23,348448
2026-06-29T12:09:11.908053,Palffygasse,23,348210
2026-06-29T12:09:11.908053,Palffygasse,23,348695
2026-06-29T12:09:11.908053,Palffygasse,23,349109
2026-06-29T12:09:11.908053,Gersthof S,9,345247
2026-06-29T12:09:11.908053,Gersthof S,9,345793
2026-06-29T12:09:11.908053,Gersthof S,9,345689
2026-06-29T12:09:11.908053,Gersthof S,9,346114
2026-06-29T12:09:11.908053,Gersthof S,9,347461
2026-06-29T12:09:11.908053,Gersthof S,9,347383
2026-06-29T12:09:11.908053,Gersthof S,9,347282
2026-06-29T12:09:11.908053,Gersthof S,9,348352
2026-06-29T12:09:11.908053,Gersthof S,9,348232
2026-06-29T12:09:11.908053,Reinprechtsdorfer Brücke,10,345948
2026-06-29T12:09:11.908053,Reinprechtsdorfer Brücke,10,345789
2026-06-29T12:09:11.908053,Reinprechtsdorfer Brücke,10,346282
2026-06-29T12:09:11.908053,Reinprechtsdorfer Brücke,10,346773
2026-06-29T12:09:11.908053,Reinprechtsdorfer Brücke,10,346517
2026-06-29T12:09:11.908053,Reinprechtsdorfer Brücke,10,347132
2026-06-29T12:09:11.908053,Reinprechtsdorfer Brücke,10,347096
2026-06-29T12:09:11.908053,Reinprechtsdorfer Brücke,10,347885
2026-06-29T12:09:11.908053,Reinprechtsdorfer Brücke,10,347817
2026-06-29T12:09:11.908053,Reinprechtsdorfer Brücke,10,348406
2026-06-29T12:09:11.908053,Siebenbrunnenplatz,11,346301
2026-06-29T12:09:11.908053,Siebenbrunnenplatz,11,346257
2026-06-29T12:09:11.908053,Siebenbrunnenplatz,11,346033
2026-06-29T12:09:11.908053,Siebenbrunnenplatz,11,346787
2026-06-29T12:09:11.908053,Siebenbrunnenplatz,11,347444
2026-06-29T12:09:11.908053,Siebenbrunnenplatz,11,347318
2026-06-29T12:09:11.908053,Siebenbrunnenplatz,11,347261
2026-06-29T12:09:11.908053,Siebenbrunnenplatz,11,347122
2026-06-29T12:09:11.908053,Siebenbrunnenplatz,11,347063
2026-06-29T12:09:11.908053,Siebenbrunnenplatz,11,347919
2026-06-29T12:09:11.908053,Siebenbrunnenplatz,11,347583
2026-06-29T12:09:11.908053,Rosensteingasse / Blumengasse,20,345277
2026-06-29T12:09:11.908053,Rosensteingasse / Blumengasse,20,345881
2026-06-29T12:09:11.908053,Rosensteingasse / Blumengasse,20,345603
2026-06-29T12:09:11.908053,Rosensteingasse / Blumengasse,20,346312
2026-06-29T12:09:11.908053,Rosensteingasse / Blumengasse,20,346150
2026-06-29T12:09:11.908053,Rosensteingasse / Blumengasse,20,346047
2026-06-29T12:09:11.908053,Rosensteingasse / Blumengasse,20,346813
2026-06-29T12:09:11.908053,Rosensteingasse / Blumengasse,20,346744
2026-06-29T12:09:11.908053,Rosensteingasse / Blumengasse,20,346742
2026-06-29T12:09:11.908053,Rosensteingasse / Blumengasse,20,346670
2026-06-29T12:09:11.908053,Rosensteingasse / Blumengasse,20,346564
2026-06-29T12:09:11.908053,Rosensteingasse / Blumengasse,20,347365
2026-06-29T12:09:11.908053,Rosensteingasse / Blumengasse,20,347942
2026-06-29T12:09:11.908053,Rosensteingasse / Blumengasse,20,347815
2026-06-29T12:09:11.908053,Rosensteingasse / Blumengasse,20,347746
2026-06-29T12:09:11.908053,Rosensteingasse / Blumengasse,20,348455
2026-06-29T12:09:11.908053,Rosensteingasse / Blumengasse,20,348273
2026-06-29T12:09:11.908053,Rosensteingasse / Blumengasse,20,348189
2026-06-29T12:09:11.908053,Rosensteingasse / Blumengasse,20,348127
2026-06-29T12:09:11.908053,Rosensteingasse / Blumengasse,20,348071
2026-06-29T12:09:11.908053,Schottenring U /Herminengasse,4,345078
2026-06-29T12:09:11.908053,Schottenring U /Herminengasse,4,345533
2026-06-29T12:09:11.908053,Schottenring U /Herminengasse,4,347161
2026-06-29T12:09:11.908053,Schottenring U /Herminengasse,4,348699
2026-06-29T12:09:11.908053,Josefstädter Straße U,29,345345
2026-06-29T12:09:11.908053,Josefstädter Straße U,29,345328
2026-06-29T12:09:11.908053,Josefstädter Straße U,29,345134
2026-06-29T12:09:11.908053,Josefstädter Straße U,29,345129
2026-06-29T12:09:11.908053,Josefstädter Straße U,29,345089
2026-06-29T12:09:11.908053,Josefstädter Straße U,29,345082
2026-06-29T12:09:11.908053,Josefstädter Straße U,29,345916
2026-06-29T12:09:11.908053,Josefstädter Straße U,29,345639
2026-06-29T12:09:11.908053,Josefstädter Straße U,29,345598
2026-06-29T12:09:11.908053,Josefstädter Straße U,29,345554
2026-06-29T12:09:11.908053,Josefstädter Straße U,29,346218
2026-06-29T12:09:11.908053,Josefstädter Straße U,29,346147
2026-06-29T12:09:11.908053,Josefstädter Straße U,29,346831
2026-06-29T12:09:11.908053,Josefstädter Straße U,29,346781
2026-06-29T12:09:11.908053,Josefstädter Straße U,29,346674
2026-06-29T12:09:11.908053,Josefstädter Straße U,29,346547
2026-06-29T12:09:11.908053,Josefstädter Straße U,29,347326
2026-06-29T12:09:11.908053,Josefstädter Straße U,29,347288
2026-06-29T12:09:11.908053,Josefstädter Straße U,29,347228
2026-06-29T12:09:11.908053,Josefstädter Straße U,29,347123
2026-06-29T12:09:11.908053,Josefstädter Straße U,29,347092
2026-06-29T12:09:11.908053,Josefstädter Straße U,29,347893
2026-06-29T12:09:11.908053,Josefstädter Straße U,29,347792
2026-06-29T12:09:11.908053,Josefstädter Straße U,29,347677
2026-06-29T12:09:11.908053,Josefstädter Straße U,29,348238
2026-06-29T12:09:11.908053,Josefstädter Straße U,29,348007
2026-06-29T12:09:11.908053,Josefstädter Straße U,29,348595
2026-06-29T12:09:11.908053,Josefstädter Straße U,29,398768
2026-06-29T12:09:11.908053,Josefstädter Straße U,29,398762
2026-06-29T12:09:11.908053,Friedrich-Engels-Platz,11,345979
2026-06-29T12:09:11.908053,Friedrich-Engels-Platz,11,345762
2026-06-29T12:09:11.908053,Friedrich-Engels-Platz,11,345577
2026-06-29T12:09:11.908053,Friedrich-Engels-Platz,11,346075
2026-06-29T12:09:11.908053,Friedrich-Engels-Platz,11,346740
2026-06-29T12:09:11.908053,Friedrich-Engels-Platz,11,347389
2026-06-29T12:09:11.908053,Friedrich-Engels-Platz,11,347694
2026-06-29T12:09:11.908053,Friedrich-Engels-Platz,11,347535
2026-06-29T12:09:11.908053,Friedrich-Engels-Platz,11,348453
2026-06-29T12:09:11.908053,Friedrich-Engels-Platz,11,348353
2026-06-29T12:09:11.908053,Friedrich-Engels-Platz,11,348230
2026-06-29T12:09:11.908053,Dresdner Straße U,5,345045
2026-06-29T12:09:11.908053,Dresdner Straße U,5,346614
2026-06-29T12:09:11.908053,Dresdner Straße U,5,347522
2026-06-29T12:09:11.908053,Dresdner Straße U,5,348442
2026-06-29T12:09:11.908053,Dresdner Straße U,5,348068
2026-06-29T12:09:11.908053,Jägerstraße U,23,345474
2026-06-29T12:09:11.908053,Jägerstraße U,23,345389
2026-06-29T12:09:11.908053,Jägerstraße U,23,345806
2026-06-29T12:09:11.908053,Jägerstraße U,23,345761
2026-06-29T12:09:11.908053,Jägerstraße U,23,345589
2026-06-29T12:09:11.908053,Jägerstraße U,23,346384
2026-06-29T12:09:11.908053,Jägerstraße U,23,346363
2026-06-29T12:09:11.908053,Jägerstraße U,23,346206
2026-06-29T12:09:11.908053,Jägerstraße U,23,346086
2026-06-29T12:09:11.908053,Jägerstraße U,23,346031
2026-06-29T12:09:11.908053,Jägerstraße U,23,346924
2026-06-29T12:09:11.908053,Jägerstraße U,23,346772
2026-06-29T12:09:11.908053,Jägerstraße U,23,346756
2026-06-29T12:09:11.908053,Jägerstraße U,23,346536
2026-06-29T12:09:11.908053,Jägerstraße U,23,347454
2026-06-29T12:09:11.908053,Jägerstraße U,23,347899
2026-06-29T12:09:11.908053,Jägerstraße U,23,347712
2026-06-29T12:09:11.908053,Jägerstraße U,23,348482
2026-06-29T12:09:11.908053,Jägerstraße U,23,348420
2026-06-29T12:09:11.908053,Jägerstraße U,23,348375
2026-06-29T12:09:11.908053,Jägerstraße U,23,348284
2026-06-29T12:09:11.908053,Jägerstraße U,23,398838
2026-06-29T12:09:11.908053,Jägerstraße U,23,398744
2026-06-29T12:09:11.908053,Traisengasse S,10,345368
2026-06-29T12:09:11.908053,Traisengasse S,10,345017
2026-06-29T12:09:11.908053,Traisengasse S,10,345865
2026-06-29T12:09:11.908053,Traisengasse S,10,345817
2026-06-29T12:09:11.908053,Traisengasse S,10,347358
2026-06-29T12:09:11.908053,Traisengasse S,10,347062
2026-06-29T12:09:11.908053,Traisengasse S,10,347035
2026-06-29T12:09:11.908053,Traisengasse S,10,347944
2026-06-29T12:09:11.908053,Traisengasse S,10,347935
2026-06-29T12:09:11.908053,Traisengasse S,10,348392
2026-06-29T12:09:11.908053,Kettenbrückengasse U / Naschmarkt,7,345778
2026-06-29T12:09:11.908053,Kettenbrückengasse U / Naschmarkt,7,347104
2026-06-29T12:09:11.908053,Kettenbrückengasse U / Naschmarkt,7,347883
2026-06-29T12:09:11.908053,Kettenbrückengasse U / Naschmarkt,7,347875
2026-06-29T12:09:11.908053,Kettenbrückengasse U / Naschmarkt,7,348390
2026-06-29T12:09:11.908053,Kettenbrückengasse U / Naschmarkt,7,348565
2026-06-29T12:09:11.908053,Kettenbrückengasse U / Naschmarkt,7,349151
2026-06-29T12:09:11.908053,Aumannplatz,22,345323
2026-06-29T12:09:11.908053,Aumannplatz,22,345050
2026-06-29T12:09:11.908053,Aumannplatz,22,345008
2026-06-29T12:09:11.908053,Aumannplatz,22,345887
2026-06-29T12:09:11.908053,Aumannplatz,22,345875
2026-06-29T12:09:11.908053,Aumannplatz,22,345556
2026-06-29T12:09:11.908053,Aumannplatz,22,346080
2026-06-29T12:09:11.908053,Aumannplatz,22,346035
2026-06-29T12:09:11.908053,Aumannplatz,22,346934
2026-06-29T12:09:11.908053,Aumannplatz,22,346736
2026-06-29T12:09:11.908053,Aumannplatz,22,347207
2026-06-29T12:09:11.908053,Aumannplatz,22,347194
2026-06-29T12:09:11.908053,Aumannplatz,22,347156
2026-06-29T12:09:11.908053,Aumannplatz,22,347151
2026-06-29T12:09:11.908053,Aumannplatz,22,347135
2026-06-29T12:09:11.908053,Aumannplatz,22,347098
2026-06-29T12:09:11.908053,Aumannplatz,22,347953
2026-06-29T12:09:11.908053,Aumannplatz,22,347772
2026-06-29T12:09:11.908053,Aumannplatz,22,348444
2026-06-29T12:09:11.908053,Aumannplatz,22,348270
2026-06-29T12:09:11.908053,Aumannplatz,22,348224
2026-06-29T12:09:11.908053,Aumannplatz,22,348037
2026-06-29T12:09:11.908053,Längenfeldgasse U,29,345326
2026-06-29T12:09:11.908053,Längenfeldgasse U,29,345285
2026-06-29T12:09:11.908053,Längenfeldgasse U,29,345228
2026-06-29T12:09:11.908053,Längenfeldgasse U,29,345215
2026-06-29T12:09:11.908053,Längenfeldgasse U,29,345878
2026-06-29T12:09:11.908053,Längenfeldgasse U,29,345873
2026-06-29T12:09:11.908053,Längenfeldgasse U,29,345815
2026-06-29T12:09:11.908053,Längenfeldgasse U,29,346247
2026-06-29T12:09:11.908053,Längenfeldgasse U,29,346238
2026-06-29T12:09:11.908053,Längenfeldgasse U,29,346200
2026-06-29T12:09:11.908053,Längenfeldgasse U,29,346195
2026-06-29T12:09:11.908053,Längenfeldgasse U,29,346158
2026-06-29T12:09:11.908053,Längenfeldgasse U,29,346016
2026-06-29T12:09:11.908053,Längenfeldgasse U,29,346971
2026-06-29T12:09:11.908053,Längenfeldgasse U,29,346959
2026-06-29T12:09:11.908053,Längenfeldgasse U,29,346873
2026-06-29T12:09:11.908053,Längenfeldgasse U,29,346728
2026-06-29T12:09:11.908053,Längenfeldgasse U,29,346630
2026-06-29T12:09:11.908053,Längenfeldgasse U,29,346519
2026-06-29T12:09:11.908053,Längenfeldgasse U,29,347482
2026-06-29T12:09:11.908053,Längenfeldgasse U,29,347360
2026-06-29T12:09:11.908053,Längenfeldgasse U,29,347343
2026-06-29T12:09:11.908053,Längenfeldgasse U,29,347977
2026-06-29T12:09:11.908053,Längenfeldgasse U,29,347755
2026-06-29T12:09:11.908053,Längenfeldgasse U,29,347656
2026-06-29T12:09:11.908053,Längenfeldgasse U,29,347518
2026-06-29T12:09:11.908053,Längenfeldgasse U,29,348449
2026-06-29T12:09:11.908053,Längenfeldgasse U,29,348409
2026-06-29T12:09:11.908053,Längenfeldgasse U,29,348020
2026-06-29T12:09:11.908053,Althanstraße,20,345464
2026-06-29T12:09:11.908053,Althanstraße,20,345417
2026-06-29T12:09:11.908053,Althanstraße,20,345402
2026-06-29T12:09:11.908053,Althanstraße,20,345183
2026-06-29T12:09:11.908053,Althanstraße,20,345126
2026-06-29T12:09:11.908053,Althanstraße,20,345032
2026-06-29T12:09:11.908053,Althanstraße,20,345567
2026-06-29T12:09:11.908053,Althanstraße,20,346183
2026-06-29T12:09:11.908053,Althanstraße,20,346163
2026-06-29T12:09:11.908053,Althanstraße,20,346082
2026-06-29T12:09:11.908053,Althanstraße,20,346021
2026-06-29T12:09:11.908053,Althanstraße,20,347274
2026-06-29T12:09:11.908053,Althanstraße,20,347043
2026-06-29T12:09:11.908053,Althanstraße,20,347589
2026-06-29T12:09:11.908053,Althanstraße,20,348433
2026-06-29T12:09:11.908053,Althanstraße,20,348329
2026-06-29T12:09:11.908053,Althanstraße,20,348292
2026-06-29T12:09:11.908053,Althanstraße,20,348241
2026-06-29T12:09:11.908053,Althanstraße,20,348713
2026-06-29T12:09:11.908053,Althanstraße,20,348530
2026-06-29T12:09:11.908053,Schottentor U,28,345431
2026-06-29T12:09:11.908053,Schottentor U,28,345091
2026-06-29T12:09:11.908053,Schottentor U,28,345981
2026-06-29T12:09:11.908053,Schottentor U,28,345902
2026-06-29T12:09:11.908053,Schottentor U,28,345898
2026-06-29T12:09:11.908053,Schottentor U,28,345696
2026-06-29T12:09:11.908053,Schottentor U,28,346142
2026-06-29T12:09:11.908053,Schottentor U,28,346124
2026-06-29T12:09:11.908053,Schottentor U,28,346111
2026-06-29T12:09:11.908053,Schottentor U,28,346013
2026-06-29T12:09:11.908053,Schottentor U,28,346795
2026-06-29T12:09:11.908053,Schottentor U,28,346776
2026-06-29T12:09:11.908053,Schottentor U,28,346535
2026-06-29T12:09:11.908053,Schottentor U,28,347497
2026-06-29T12:09:11.908053,Schottentor U,28,347380
2026-06-29T12:09:11.908053,Schottentor U,28,347034
2026-06-29T12:09:11.908053,Schottentor U,28,347863
2026-06-29T12:09:11.908053,Schottentor U,28,347763
2026-06-29T12:09:11.908053,Schottentor U,28,347559
2026-06-29T12:09:11.908053,Schottentor U,28,348467
2026-06-29T12:09:11.908053,Schottentor U,28,348096
2026-06-29T12:09:11.908053,Schottentor U,28,348047
2026-06-29T12:09:11.908053,Schottentor U,28,348014
2026-06-29T12:09:11.908053,Schottentor U,28,348644
2026-06-29T12:09:11.908053,Schottentor U,28,348521
2026-06-29T12:09:11.908053,Schottentor U,28,398844
2026-06-29T12:09:11.908053,Schottentor U,28,349003
2026-06-29T12:09:11.908053,Schottentor U,28,398871
2026-06-29T12:09:11.908053,Neubaugasse U,1,346171
2026-06-29T12:09:11.908053,Museumsquartier U,49,345481
2026-06-29T12:09:11.908053,Museumsquartier U,49,345476
2026-06-29T12:09:11.908053,Museumsquartier U,49,345449
2026-06-29T12:09:11.908053,Museumsquartier U,49,345382
2026-06-29T12:09:11.908053,Museumsquartier U,49,345335
2026-06-29T12:09:11.908053,Museumsquartier U,49,345303
2026-06-29T12:09:11.908053,Museumsquartier U,49,345261
2026-06-29T12:09:11.908053,Museumsquartier U,49,345222
2026-06-29T12:09:11.908053,Museumsquartier U,49,345136
2026-06-29T12:09:11.908053,Museumsquartier U,49,345094
2026-06-29T12:09:11.908053,Museumsquartier U,49,345074
2026-06-29T12:09:11.908053,Museumsquartier U,49,345046
2026-06-29T12:09:11.908053,Museumsquartier U,49,345037
2026-06-29T12:09:11.908053,Museumsquartier U,49,345971
2026-06-29T12:09:11.908053,Museumsquartier U,49,345950
2026-06-29T12:09:11.908053,Museumsquartier U,49,345933
2026-06-29T12:09:11.908053,Museumsquartier U,49,345642
2026-06-29T12:09:11.908053,Museumsquartier U,49,345597
2026-06-29T12:09:11.908053,Museumsquartier U,49,346273
2026-06-29T12:09:11.908053,Museumsquartier U,49,346088
2026-06-29T12:09:11.908053,Museumsquartier U,49,346015
2026-06-29T12:09:11.908053,Museumsquartier U,49,346009
2026-06-29T12:09:11.908053,Museumsquartier U,49,346008
2026-06-29T12:09:11.908053,Museumsquartier U,49,346826
2026-06-29T12:09:11.908053,Museumsquartier U,49,346802
2026-06-29T12:09:11.908053,Museumsquartier U,49,346731
2026-06-29T12:09:11.908053,Museumsquartier U,49,346697
2026-06-29T12:09:11.908053,Museumsquartier U,49,346634
2026-06-29T12:09:11.908053,Museumsquartier U,49,346582
2026-06-29T12:09:11.908053,Museumsquartier U,49,347475
2026-06-29T12:09:11.908053,Museumsquartier U,49,347276
2026-06-29T12:09:11.908053,Museumsquartier U,49,347259
2026-06-29T12:09:11.908053,Museumsquartier U,49,347031
2026-06-29T12:09:11.908053,Museumsquartier U,49,347967
2026-06-29T12:09:11.908053,Museumsquartier U,49,347648
2026-06-29T12:09:11.908053,Museumsquartier U,49,347629
2026-06-29T12:09:11.908053,Museumsquartier U,49,347581
2026-06-29T12:09:11.908053,Museumsquartier U,49,347515
2026-06-29T12:09:11.908053,Museumsquartier U,49,348456
2026-06-29T12:09:11.908053,Museumsquartier U,49,348309
2026-06-29T12:09:11.908053,Museumsquartier U,49,348246
2026-06-29T12:09:11.908053,Museumsquartier U,49,348193
2026-06-29T12:09:11.908053,Museumsquartier U,49,348162
2026-06-29T12:09:11.908053,Museumsquartier U,49,348693
2026-06-29T12:09:11.908053,Museumsquartier U,49,348610
2026-06-29T12:09:11.908053,Museumsquartier U,49,348601
2026-06-29T12:09:11.908053,Museumsquartier U,49,398783
2026-06-29T12:09:11.908053,Museumsquartier U,49,398870
2026-06-29T12:09:11.908053,Museumsquartier U,49,398866
2026-06-29T12:09:11.908053,Johnstrasse U,14,345471
2026-06-29T12:09:11.908053,Johnstrasse U,14,345375
2026-06-29T12:09:11.908053,Johnstrasse U,14,345145
2026-06-29T12:09:11.908053,Johnstrasse U,14,345883
2026-06-29T12:09:11.908053,Johnstrasse U,14,345882
2026-06-29T12:09:11.908053,Johnstrasse U,14,345765
2026-06-29T12:09:11.908053,Johnstrasse U,14,346356
2026-06-29T12:09:11.908053,Johnstrasse U,14,346277
2026-06-29T12:09:11.908053,Johnstrasse U,14,346055
2026-06-29T12:09:11.908053,Johnstrasse U,14,346504
2026-06-29T12:09:11.908053,Johnstrasse U,14,347432
2026-06-29T12:09:11.908053,Johnstrasse U,14,347363
2026-06-29T12:09:11.908053,Johnstrasse U,14,348538
2026-06-29T12:09:11.908053,Johnstrasse U,14,398803
2026-06-29T12:09:11.908053,Turnergasse,9,346199
2026-06-29T12:09:11.908053,Turnergasse,9,346979
2026-06-29T12:09:11.908053,Turnergasse,9,346904
2026-06-29T12:09:11.908053,Turnergasse,9,346815
2026-06-29T12:09:11.908053,Turnergasse,9,347466
2026-06-29T12:09:11.908053,Turnergasse,9,347724
2026-06-29T12:09:11.908053,Turnergasse,9,347646
2026-06-29T12:09:11.908053,Turnergasse,9,348551
2026-06-29T12:09:11.908053,Turnergasse,9,398816
2026-06-29T12:09:11.908053,Kutschkergasse,3,345033
2026-06-29T12:09:11.908053,Kutschkergasse,3,345570
2026-06-29T12:09:11.908053,Kutschkergasse,3,346631
2026-06-29T12:09:11.908053,Stadion U,1,346449
2026-06-29T12:09:11.908053,Brückengasse,12,345374
2026-06-29T12:09:11.908053,Brückengasse,12,345164
2026-06-29T12:09:11.908053,Brückengasse,12,345054
2026-06-29T12:09:11.908053,Brückengasse,12,345558
2026-06-29T12:09:11.908053,Brückengasse,12,346719
2026-06-29T12:09:11.908053,Brückengasse,12,346521
2026-06-29T12:09:11.908053,Brückengasse,12,347053
2026-06-29T12:09:11.908053,Brückengasse,12,347686
2026-06-29T12:09:11.908053,Brückengasse,12,347635
2026-06-29T12:09:11.908053,Brückengasse,12,348487
2026-06-29T12:09:11.908053,Brückengasse,12,348291
2026-06-29T12:09:11.908053,Brückengasse,12,398788
2026-06-29T12:09:11.908053,Schuhmeierplatz,24,345314
2026-06-29T12:09:11.908053,Schuhmeierplatz,24,345219
2026-06-29T12:09:11.908053,Schuhmeierplatz,24,345189
2026-06-29T12:09:11.908053,Schuhmeierplatz,24,345156
2026-06-29T12:09:11.908053,Schuhmeierplatz,24,345906
2026-06-29T12:09:11.908053,Schuhmeierplatz,24,345831
2026-06-29T12:09:11.908053,Schuhmeierplatz,24,345731
2026-06-29T12:09:11.908053,Schuhmeierplatz,24,345585
2026-06-29T12:09:11.908053,Schuhmeierplatz,24,346472
2026-06-29T12:09:11.908053,Schuhmeierplatz,24,346419
2026-06-29T12:09:11.908053,Schuhmeierplatz,24,346097
2026-06-29T12:09:11.908053,Schuhmeierplatz,24,346906
2026-06-29T12:09:11.908053,Schuhmeierplatz,24,347362
2026-06-29T12:09:11.908053,Schuhmeierplatz,24,347213
2026-06-29T12:09:11.908053,Schuhmeierplatz,24,347722
2026-06-29T12:09:11.908053,Schuhmeierplatz,24,347702
2026-06-29T12:09:11.908053,Schuhmeierplatz,24,347675
2026-06-29T12:09:11.908053,Schuhmeierplatz,24,347526
2026-06-29T12:09:11.908053,Schuhmeierplatz,24,348475
2026-06-29T12:09:11.908053,Schuhmeierplatz,24,348073
2026-06-29T12:09:11.908053,Schuhmeierplatz,24,348648
2026-06-29T12:09:11.908053,Schuhmeierplatz,24,348596
2026-06-29T12:09:11.908053,Schuhmeierplatz,24,348577
2026-06-29T12:09:11.908053,Schuhmeierplatz,24,398740
2026-06-29T12:09:11.908053,Schönbrunn U,10,345155
2026-06-29T12:09:11.908053,Schönbrunn U,10,346368
2026-06-29T12:09:11.908053,Schönbrunn U,10,346129
2026-06-29T12:09:11.908053,Schönbrunn U,10,346038
2026-06-29T12:09:11.908053,Schönbrunn U,10,346939
2026-06-29T12:09:11.908053,Schönbrunn U,10,346780
2026-06-29T12:09:11.908053,Schönbrunn U,10,346575
2026-06-29T12:09:11.908053,Schönbrunn U,10,347810
2026-06-29T12:09:11.908053,Schönbrunn U,10,348234
2026-06-29T12:09:11.908053,Schönbrunn U,10,348524
2026-06-29T12:09:11.908053,Hermesstraße / Oscar-Straus-Park ,6,345726
2026-06-29T12:09:11.908053,Hermesstraße / Oscar-Straus-Park ,6,346997
2026-06-29T12:09:11.908053,Hermesstraße / Oscar-Straus-Park ,6,346743
2026-06-29T12:09:11.908053,Hermesstraße / Oscar-Straus-Park ,6,348535
2026-06-29T12:09:11.908053,Hermesstraße / Oscar-Straus-Park ,6,349079
2026-06-29T12:09:11.908053,Hermesstraße / Oscar-Straus-Park ,6,349163
2026-06-29T12:09:11.908053,Modecenterstraße / The Marks,23,345004
2026-06-29T12:09:11.908053,Modecenterstraße / The Marks,23,345723
2026-06-29T12:09:11.908053,Modecenterstraße / The Marks,23,345559
2026-06-29T12:09:11.908053,Modecenterstraße / The Marks,23,346354
2026-06-29T12:09:11.908053,Modecenterstraße / The Marks,23,346248
2026-06-29T12:09:11.908053,Modecenterstraße / The Marks,23,346104
2026-06-29T12:09:11.908053,Modecenterstraße / The Marks,23,346953
2026-06-29T12:09:11.908053,Modecenterstraße / The Marks,23,346944
2026-06-29T12:09:11.908053,Modecenterstraße / The Marks,23,346937
2026-06-29T12:09:11.908053,Modecenterstraße / The Marks,23,346936
2026-06-29T12:09:11.908053,Modecenterstraße / The Marks,23,346820
2026-06-29T12:09:11.908053,Modecenterstraße / The Marks,23,346817
2026-06-29T12:09:11.908053,Modecenterstraße / The Marks,23,347388
2026-06-29T12:09:11.908053,Modecenterstraße / The Marks,23,347371
2026-06-29T12:09:11.908053,Modecenterstraße / The Marks,23,347242
2026-06-29T12:09:11.908053,Modecenterstraße / The Marks,23,347718
2026-06-29T12:09:11.908053,Modecenterstraße / The Marks,23,347680
2026-06-29T12:09:11.908053,Modecenterstraße / The Marks,23,348491
2026-06-29T12:09:11.908053,Modecenterstraße / The Marks,23,348208
2026-06-29T12:09:11.908053,Modecenterstraße / The Marks,23,348582
2026-06-29T12:09:11.908053,Modecenterstraße / The Marks,23,348539
2026-06-29T12:09:11.908053,Modecenterstraße / The Marks,23,398857
2026-06-29T12:09:11.908053,Modecenterstraße / The Marks,23,398837
2026-06-29T12:09:11.908053,Am Langen Felde,3,345473
2026-06-29T12:09:11.908053,Am Langen Felde,3,345769
2026-06-29T12:09:11.908053,Am Langen Felde,3,347385
2026-06-29T12:09:11.908053,Pilgramgasse U,11,345364
2026-06-29T12:09:11.908053,Pilgramgasse U,11,345225
2026-06-29T12:09:11.908053,Pilgramgasse U,11,345813
2026-06-29T12:09:11.908053,Pilgramgasse U,11,346375
2026-06-29T12:09:11.908053,Pilgramgasse U,11,346269
2026-06-29T12:09:11.908053,Pilgramgasse U,11,346673
2026-06-29T12:09:11.908053,Pilgramgasse U,11,347430
2026-06-29T12:09:11.908053,Pilgramgasse U,11,347176
2026-06-29T12:09:11.908053,Pilgramgasse U,11,347141
2026-06-29T12:09:11.908053,Pilgramgasse U,11,347770
2026-06-29T12:09:11.908053,Pilgramgasse U,11,348692
2026-06-29T12:09:11.908053,Purkytgasse ,10,345317
2026-06-29T12:09:11.908053,Purkytgasse ,10,345283
2026-06-29T12:09:11.908053,Purkytgasse ,10,345641
2026-06-29T12:09:11.908053,Purkytgasse ,10,346193
2026-06-29T12:09:11.908053,Purkytgasse ,10,346064
2026-06-29T12:09:11.908053,Purkytgasse ,10,347428
2026-06-29T12:09:11.908053,Purkytgasse ,10,347426
2026-06-29T12:09:11.908053,Purkytgasse ,10,347852
2026-06-29T12:09:11.908053,Purkytgasse ,10,347814
2026-06-29T12:09:11.908053,Purkytgasse ,10,348009
2026-06-29T12:09:11.908053,Neue Donau U,36,345340
2026-06-29T12:09:11.908053,Neue Donau U,36,345798
2026-06-29T12:09:11.908053,Neue Donau U,36,345721
2026-06-29T12:09:11.908053,Neue Donau U,36,345648
2026-06-29T12:09:11.908053,Neue Donau U,36,346161
2026-06-29T12:09:11.908053,Neue Donau U,36,346100
2026-06-29T12:09:11.908053,Neue Donau U,36,346083
2026-06-29T12:09:11.908053,Neue Donau U,36,346011
2026-06-29T12:09:11.908053,Neue Donau U,36,346856
2026-06-29T12:09:11.908053,Neue Donau U,36,346553
2026-06-29T12:09:11.908053,Neue Donau U,36,347468
2026-06-29T12:09:11.908053,Neue Donau U,36,347334
2026-06-29T12:09:11.908053,Neue Donau U,36,347235
2026-06-29T12:09:11.908053,Neue Donau U,36,347050
2026-06-29T12:09:11.908053,Neue Donau U,36,347836
2026-06-29T12:09:11.908053,Neue Donau U,36,347723
2026-06-29T12:09:11.908053,Neue Donau U,36,347599
2026-06-29T12:09:11.908053,Neue Donau U,36,347590
2026-06-29T12:09:11.908053,Neue Donau U,36,347584
2026-06-29T12:09:11.908053,Neue Donau U,36,347582
2026-06-29T12:09:11.908053,Neue Donau U,36,348394
2026-06-29T12:09:11.908053,Neue Donau U,36,348393
2026-06-29T12:09:11.908053,Neue Donau U,36,348187
2026-06-29T12:09:11.908053,Neue Donau U,36,348054
2026-06-29T12:09:11.908053,Neue Donau U,36,348028
2026-06-29T12:09:11.908053,Neue Donau U,36,348000
2026-06-29T12:09:11.908053,Neue Donau U,36,348654
2026-06-29T12:09:11.908053,Neue Donau U,36,348569
2026-06-29T12:09:11.908053,Neue Donau U,36,348563
2026-06-29T12:09:11.908053,Neue Donau U,36,348520
2026-06-29T12:09:11.908053,Neue Donau U,36,398729
2026-06-29T12:09:11.908053,Neue Donau U,36,349089
2026-06-29T12:09:11.908053,Neue Donau U,36,349083
2026-06-29T12:09:11.908053,Neue Donau U,36,349070
2026-06-29T12:09:11.908053,Neue Donau U,36,349061
2026-06-29T12:09:11.908053,Neue Donau U,36,348837
2026-06-29T12:09:11.908053,Franz-Josef Bahnhof S,15,345412
2026-06-29T12:09:11.908053,Franz-Josef Bahnhof S,15,345363
2026-06-29T12:09:11.908053,Franz-Josef Bahnhof S,15,345200
2026-06-29T12:09:11.908053,Franz-Josef Bahnhof S,15,345021
2026-06-29T12:09:11.908053,Franz-Josef Bahnhof S,15,345814
2026-06-29T12:09:11.908053,Franz-Josef Bahnhof S,15,345783
2026-06-29T12:09:11.908053,Franz-Josef Bahnhof S,15,345767
2026-06-29T12:09:11.908053,Franz-Josef Bahnhof S,15,346487
2026-06-29T12:09:11.908053,Franz-Josef Bahnhof S,15,346271
2026-06-29T12:09:11.908053,Franz-Josef Bahnhof S,15,346032
2026-06-29T12:09:11.908053,Franz-Josef Bahnhof S,15,346875
2026-06-29T12:09:11.908053,Franz-Josef Bahnhof S,15,347996
2026-06-29T12:09:11.908053,Franz-Josef Bahnhof S,15,347964
2026-06-29T12:09:11.908053,Franz-Josef Bahnhof S,15,347774
2026-06-29T12:09:11.908053,Franz-Josef Bahnhof S,15,348100
2026-06-29T12:09:11.908053,Niederpointenstraße,1,348889
2026-06-29T12:09:11.908053,Leopoldauer Platz,13,345211
2026-06-29T12:09:11.908053,Leopoldauer Platz,13,345002
2026-06-29T12:09:11.908053,Leopoldauer Platz,13,345974
2026-06-29T12:09:11.908053,Leopoldauer Platz,13,346330
2026-06-29T12:09:11.908053,Leopoldauer Platz,13,346175
2026-06-29T12:09:11.908053,Leopoldauer Platz,13,346532
2026-06-29T12:09:11.908053,Leopoldauer Platz,13,347476
2026-06-29T12:09:11.908053,Leopoldauer Platz,13,347241
2026-06-29T12:09:11.908053,Leopoldauer Platz,13,347210
2026-06-29T12:09:11.908053,Leopoldauer Platz,13,347800
2026-06-29T12:09:11.908053,Leopoldauer Platz,13,347743
2026-06-29T12:09:11.908053,Leopoldauer Platz,13,348062
2026-06-29T12:09:11.908053,Leopoldauer Platz,13,348684
2026-06-29T12:09:11.908053,ArbeiterInnenstrand,3,346652
2026-06-29T12:09:11.908053,ArbeiterInnenstrand,3,348259
2026-06-29T12:09:11.908053,ArbeiterInnenstrand,3,348625
2026-06-29T12:09:11.908053,Gewerbepark Stadlau,4,346567
2026-06-29T12:09:11.908053,Gewerbepark Stadlau,4,347915
2026-06-29T12:09:11.908053,Gewerbepark Stadlau,4,348347
2026-06-29T12:09:11.908053,Gewerbepark Stadlau,4,348830
2026-06-29T12:09:11.908053,Atzgersdorf Bildungscampus,4,345366
2026-06-29T12:09:11.908053,Atzgersdorf Bildungscampus,4,345543
2026-06-29T12:09:11.908053,Atzgersdorf Bildungscampus,4,347619
2026-06-29T12:09:11.908053,Atzgersdorf Bildungscampus,4,348614
2026-06-29T12:09:11.908053,Adelheid-Popp-Gasse,7,345904
2026-06-29T12:09:11.908053,Adelheid-Popp-Gasse,7,346828
2026-06-29T12:09:11.908053,Adelheid-Popp-Gasse,7,346763
2026-06-29T12:09:11.908053,Adelheid-Popp-Gasse,7,348229
2026-06-29T12:09:11.908053,Adelheid-Popp-Gasse,7,348174
2026-06-29T12:09:11.908053,Adelheid-Popp-Gasse,7,348527
2026-06-29T12:09:11.908053,Adelheid-Popp-Gasse,7,349145
2026-06-29T12:09:11.908053,VHS Kulturgarage,1,348196
2026-06-29T12:09:11.908053,Siebenbrunnenfeldgasse,4,345504
2026-06-29T12:09:11.908053,Siebenbrunnenfeldgasse,4,346327
2026-06-29T12:09:11.908053,Siebenbrunnenfeldgasse,4,347719
2026-06-29T12:09:11.908053,Siebenbrunnenfeldgasse,4,349050
2026-06-29T12:09:11.908053,Technisches Museum,3,345298
2026-06-29T12:09:11.908053,Technisches Museum,3,345885
2026-06-29T12:09:11.908053,Technisches Museum,3,347873
2026-06-29T12:09:11.908053,Ettenreichgasse / Schulzentrum ,3,346315
2026-06-29T12:09:11.908053,Ettenreichgasse / Schulzentrum ,3,346305
2026-06-29T12:09:11.908053,Ettenreichgasse / Schulzentrum ,3,347992
2026-06-29T12:09:11.908053,Wendstattgasse,5,345820
2026-06-29T12:09:11.908053,Wendstattgasse,5,345569
2026-06-29T12:09:11.908053,Wendstattgasse,5,347867
2026-06-29T12:09:11.908053,Wendstattgasse,5,347849
2026-06-29T12:09:11.908053,Wendstattgasse,5,348318
2026-06-29T12:09:11.908053,Neilreichgasse,7,345669
2026-06-29T12:09:11.908053,Neilreichgasse,7,346295
2026-06-29T12:09:11.908053,Neilreichgasse,7,346643
2026-06-29T12:09:11.908053,Neilreichgasse,7,347866
2026-06-29T12:09:11.908053,Neilreichgasse,7,347505
2026-06-29T12:09:11.908053,Neilreichgasse,7,348822
2026-06-29T12:09:11.908053,Neilreichgasse,7,349173
2026-06-29T12:09:11.908053,Gutheil-Schoder-Gasse / Badner Bahn,10,345191
2026-06-29T12:09:11.908053,Gutheil-Schoder-Gasse / Badner Bahn,10,345534
2026-06-29T12:09:11.908053,Gutheil-Schoder-Gasse / Badner Bahn,10,345513
2026-06-29T12:09:11.908053,Gutheil-Schoder-Gasse / Badner Bahn,10,346412
2026-06-29T12:09:11.908053,Gutheil-Schoder-Gasse / Badner Bahn,10,346411
2026-06-29T12:09:11.908053,Gutheil-Schoder-Gasse / Badner Bahn,10,346647
2026-06-29T12:09:11.908053,Gutheil-Schoder-Gasse / Badner Bahn,10,348401
2026-06-29T12:09:11.908053,Gutheil-Schoder-Gasse / Badner Bahn,10,348066
2026-06-29T12:09:11.908053,Gutheil-Schoder-Gasse / Badner Bahn,10,348975
2026-06-29T12:09:11.908053,Gutheil-Schoder-Gasse / Badner Bahn,10,348808
2026-06-29T12:09:11.908053,Neu Leopoldau,3,345943
2026-06-29T12:09:11.908053,Neu Leopoldau,3,346852
2026-06-29T12:09:11.908053,Neu Leopoldau,3,348552
2026-06-29T12:09:11.908053,Strebersdorf S,8,345220
2026-06-29T12:09:11.908053,Strebersdorf S,8,346495
2026-06-29T12:09:11.908053,Strebersdorf S,8,347221
2026-06-29T12:09:11.908053,Strebersdorf S,8,347870
2026-06-29T12:09:11.908053,Strebersdorf S,8,347618
2026-06-29T12:09:11.908053,Strebersdorf S,8,347530
2026-06-29T12:09:11.908053,Strebersdorf S,8,348426
2026-06-29T12:09:11.908053,Strebersdorf S,8,398841
2026-06-29T12:09:11.908053,Nussbaumallee,14,345334
2026-06-29T12:09:11.908053,Nussbaumallee,14,345192
2026-06-29T12:09:11.908053,Nussbaumallee,14,345500
2026-06-29T12:09:11.908053,Nussbaumallee,14,346436
2026-06-29T12:09:11.908053,Nussbaumallee,14,346370
2026-06-29T12:09:11.908053,Nussbaumallee,14,346004
2026-06-29T12:09:11.908053,Nussbaumallee,14,347307
2026-06-29T12:09:11.908053,Nussbaumallee,14,347183
2026-06-29T12:09:11.908053,Nussbaumallee,14,347071
2026-06-29T12:09:11.908053,Nussbaumallee,14,347002
2026-06-29T12:09:11.908053,Nussbaumallee,14,347802
2026-06-29T12:09:11.908053,Nussbaumallee,14,348428
2026-06-29T12:09:11.908053,Nussbaumallee,14,348365
2026-06-29T12:09:11.908053,Nussbaumallee,14,348936
2026-06-29T12:09:11.908053,Raxstraße,11,345070
2026-06-29T12:09:11.908053,Raxstraße,11,345674
2026-06-29T12:09:11.908053,Raxstraße,11,345660
2026-06-29T12:09:11.908053,Raxstraße,11,345623
2026-06-29T12:09:11.908053,Raxstraße,11,346233
2026-06-29T12:09:11.908053,Raxstraße,11,347046
2026-06-29T12:09:11.908053,Raxstraße,11,347958
2026-06-29T12:09:11.908053,Raxstraße,11,347639
2026-06-29T12:09:11.908053,Raxstraße,11,348414
2026-06-29T12:09:11.908053,Raxstraße,11,348407
2026-06-29T12:09:11.908053,Raxstraße,11,348261
2026-06-29T12:09:11.908053,Wattmanngasse,2,347085
2026-06-29T12:09:11.908053,Wattmanngasse,2,348935
2026-06-29T12:09:11.908053,Joachimsthaler Platz,6,345472
2026-06-29T12:09:11.908053,Joachimsthaler Platz,6,345976
2026-06-29T12:09:11.908053,Joachimsthaler Platz,6,346410
2026-06-29T12:09:11.908053,Joachimsthaler Platz,6,346935
2026-06-29T12:09:11.908053,Joachimsthaler Platz,6,348819
2026-06-29T12:09:11.908053,Joachimsthaler Platz,6,349186
2026-06-29T12:09:11.908053,Floridsdorfer Markt,5,345803
2026-06-29T12:09:11.908053,Floridsdorfer Markt,5,345722
2026-06-29T12:09:11.908053,Floridsdorfer Markt,5,347317
2026-06-29T12:09:11.908053,Floridsdorfer Markt,5,347614
2026-06-29T12:09:11.908053,Floridsdorfer Markt,5,347548
2026-06-29T12:09:11.908053,Nussdorf S,3,345111
2026-06-29T12:09:11.908053,Nussdorf S,3,348917
2026-06-29T12:09:11.908053,Nussdorf S,3,349149
2026-06-29T12:09:11.908053,Bertha-von-Suttner-Gasse,4,345782
2026-06-29T12:09:11.908053,Bertha-von-Suttner-Gasse,4,346122
2026-06-29T12:09:11.908053,Bertha-von-Suttner-Gasse,4,347162
2026-06-29T12:09:11.908053,Bertha-von-Suttner-Gasse,4,347014
2026-06-29T12:09:11.908053,Hauptbahnhof Ost,3,345938
2026-06-29T12:09:11.908053,Hauptbahnhof Ost,3,346878
2026-06-29T12:09:11.908053,Hauptbahnhof Ost,3,346669
2026-06-29T12:09:11.908053,Hafen Wien,8,346250
2026-06-29T12:09:11.908053,Hafen Wien,8,346999
2026-06-29T12:09:11.908053,Hafen Wien,8,346902
2026-06-29T12:09:11.908053,Hafen Wien,8,346824
2026-06-29T12:09:11.908053,Hafen Wien,8,347970
2026-06-29T12:09:11.908053,Hafen Wien,8,347887
2026-06-29T12:09:11.908053,Hafen Wien,8,347555
2026-06-29T12:09:11.908053,Hafen Wien,8,348472
2026-06-29T12:09:11.908053,Hundertwasserhaus,16,345406
2026-06-29T12:09:11.908053,Hundertwasserhaus,16,345095
2026-06-29T12:09:11.908053,Hundertwasserhaus,16,345922
2026-06-29T12:09:11.908053,Hundertwasserhaus,16,345920
2026-06-29T12:09:11.908053,Hundertwasserhaus,16,345849
2026-06-29T12:09:11.908053,Hundertwasserhaus,16,345616
2026-06-29T12:09:11.908053,Hundertwasserhaus,16,346351
2026-06-29T12:09:11.908053,Hundertwasserhaus,16,346252
2026-06-29T12:09:11.908053,Hundertwasserhaus,16,346837
2026-06-29T12:09:11.908053,Hundertwasserhaus,16,347088
2026-06-29T12:09:11.908053,Hundertwasserhaus,16,347690
2026-06-29T12:09:11.908053,Hundertwasserhaus,16,347649
2026-06-29T12:09:11.908053,Hundertwasserhaus,16,398787
2026-06-29T12:09:11.908053,Hundertwasserhaus,16,349071
2026-06-29T12:09:11.908053,Hundertwasserhaus,16,348845
2026-06-29T12:09:11.908053,Hundertwasserhaus,16,348827
2026-06-29T12:09:11.908053,Seestadt U - Lina-Bo-Bardi-Platz,5,345850
2026-06-29T12:09:11.908053,Seestadt U - Lina-Bo-Bardi-Platz,5,346177
2026-06-29T12:09:11.908053,Seestadt U - Lina-Bo-Bardi-Platz,5,347603
2026-06-29T12:09:11.908053,Seestadt U - Lina-Bo-Bardi-Platz,5,348354
2026-06-29T12:09:11.908053,Seestadt U - Lina-Bo-Bardi-Platz,5,348195
2026-06-29T12:09:11.908053,Barbara-Prammer-Allee,3,346754
2026-06-29T12:09:11.908053,Barbara-Prammer-Allee,3,347390
2026-06-29T12:09:11.908053,Barbara-Prammer-Allee,3,347047
2026-06-29T12:09:11.908053,Sonnenallee,12,345493
2026-06-29T12:09:11.908053,Sonnenallee,12,345823
2026-06-29T12:09:11.908053,Sonnenallee,12,345523
2026-06-29T12:09:11.908053,Sonnenallee,12,346113
2026-06-29T12:09:11.908053,Sonnenallee,12,346071
2026-06-29T12:09:11.908053,Sonnenallee,12,346708
2026-06-29T12:09:11.908053,Sonnenallee,12,347052
2026-06-29T12:09:11.908053,Sonnenallee,12,347778
2026-06-29T12:09:11.908053,Sonnenallee,12,398851
2026-06-29T12:09:11.908053,Sonnenallee,12,398800
2026-06-29T12:09:11.908053,Sonnenallee,12,398765
2026-06-29T12:09:11.908053,Sonnenallee,12,349074
2026-06-29T12:09:11.908053,AIT Austrian Institute of Technology / Giefinggasse ,7,345636
2026-06-29T12:09:11.908053,AIT Austrian Institute of Technology / Giefinggasse ,7,346718
2026-06-29T12:09:11.908053,AIT Austrian Institute of Technology / Giefinggasse ,7,347322
2026-06-29T12:09:11.908053,AIT Austrian Institute of Technology / Giefinggasse ,7,347764
2026-06-29T12:09:11.908053,AIT Austrian Institute of Technology / Giefinggasse ,7,347519
2026-06-29T12:09:11.908053,AIT Austrian Institute of Technology / Giefinggasse ,7,348621
2026-06-29T12:09:11.908053,AIT Austrian Institute of Technology / Giefinggasse ,7,348858
2026-06-29T12:09:11.908053,Hannovermarkt,17,345419
2026-06-29T12:09:11.908053,Hannovermarkt,17,345269
2026-06-29T12:09:11.908053,Hannovermarkt,17,345622
2026-06-29T12:09:11.908053,Hannovermarkt,17,346259
2026-06-29T12:09:11.908053,Hannovermarkt,17,346154
2026-06-29T12:09:11.908053,Hannovermarkt,17,346116
2026-06-29T12:09:11.908053,Hannovermarkt,17,346973
2026-06-29T12:09:11.908053,Hannovermarkt,17,346923
2026-06-29T12:09:11.908053,Hannovermarkt,17,346689
2026-06-29T12:09:11.908053,Hannovermarkt,17,346550
2026-06-29T12:09:11.908053,Hannovermarkt,17,347179
2026-06-29T12:09:11.908053,Hannovermarkt,17,347706
2026-06-29T12:09:11.908053,Hannovermarkt,17,347511
2026-06-29T12:09:11.908053,Hannovermarkt,17,348384
2026-06-29T12:09:11.908053,Hannovermarkt,17,348170
2026-06-29T12:09:11.908053,Hannovermarkt,17,348075
2026-06-29T12:09:11.908053,Hannovermarkt,17,398717
2026-06-29T12:09:11.908053,Blériotgasse,21,345949
2026-06-29T12:09:11.908053,Blériotgasse,21,345936
2026-06-29T12:09:11.908053,Blériotgasse,21,345560
2026-06-29T12:09:11.908053,Blériotgasse,21,346445
2026-06-29T12:09:11.908053,Blériotgasse,21,346267
2026-06-29T12:09:11.908053,Blériotgasse,21,346146
2026-06-29T12:09:11.908053,Blériotgasse,21,346793
2026-06-29T12:09:11.908053,Blériotgasse,21,346788
2026-06-29T12:09:11.908053,Blériotgasse,21,346687
2026-06-29T12:09:11.908053,Blériotgasse,21,346551
2026-06-29T12:09:11.908053,Blériotgasse,21,347410
2026-06-29T12:09:11.908053,Blériotgasse,21,347377
2026-06-29T12:09:11.908053,Blériotgasse,21,347339
2026-06-29T12:09:11.908053,Blériotgasse,21,347150
2026-06-29T12:09:11.908053,Blériotgasse,21,347089
2026-06-29T12:09:11.908053,Blériotgasse,21,347061
2026-06-29T12:09:11.908053,Blériotgasse,21,347884
2026-06-29T12:09:11.908053,Blériotgasse,21,347869
2026-06-29T12:09:11.908053,Blériotgasse,21,347662
2026-06-29T12:09:11.908053,Blériotgasse,21,348374
2026-06-29T12:09:11.908053,Blériotgasse,21,348594
2026-06-29T12:09:11.908053,Vetmed Haupteingang,9,345524
2026-06-29T12:09:11.908053,Vetmed Haupteingang,9,346352
2026-06-29T12:09:11.908053,Vetmed Haupteingang,9,346245
2026-06-29T12:09:11.908053,Vetmed Haupteingang,9,346076
2026-06-29T12:09:11.908053,Vetmed Haupteingang,9,347458
2026-06-29T12:09:11.908053,Vetmed Haupteingang,9,347984
2026-06-29T12:09:11.908053,Vetmed Haupteingang,9,347733
2026-06-29T12:09:11.908053,Vetmed Haupteingang,9,347616
2026-06-29T12:09:11.908053,Vetmed Haupteingang,9,348568
2026-06-29T12:09:11.908053,Vetmed UB,7,346178
2026-06-29T12:09:11.908053,Vetmed UB,7,346711
2026-06-29T12:09:11.908053,Vetmed UB,7,346571
2026-06-29T12:09:11.908053,Vetmed UB,7,347990
2026-06-29T12:09:11.908053,Vetmed UB,7,347701
2026-06-29T12:09:11.908053,Vetmed UB,7,348041
2026-06-29T12:09:11.908053,Vetmed UB,7,398735
2026-06-29T12:09:11.908053,Rebhanngasse / Nordbahnstrasse,7,345240
2026-06-29T12:09:11.908053,Rebhanngasse / Nordbahnstrasse,7,346332
2026-06-29T12:09:11.908053,Rebhanngasse / Nordbahnstrasse,7,346855
2026-06-29T12:09:11.908053,Rebhanngasse / Nordbahnstrasse,7,347313
2026-06-29T12:09:11.908053,Rebhanngasse / Nordbahnstrasse,7,347729
2026-06-29T12:09:11.908053,Rebhanngasse / Nordbahnstrasse,7,348275
2026-06-29T12:09:11.908053,Rebhanngasse / Nordbahnstrasse,7,398774
2026-06-29T12:09:11.908053,Nordbahnstrasse,2,346974
2026-06-29T12:09:11.908053,Nordbahnstrasse,2,348903
2026-06-29T12:09:11.908053,Ziegelofengasse / Margaretenstraße,2,345315
2026-06-29T12:09:11.908053,Ziegelofengasse / Margaretenstraße,2,349002
2026-06-29T12:09:11.908053,BIKE 345292,1,345292
2026-06-29T12:09:11.908053,BIKE 348851,1,348851
2026-06-29T12:09:11.908053,BIKE 349139,1,349139
2026-06-29T12:09:11.908053,BIKE 348040,1,348040
2026-06-29T12:09:11.908053,BIKE 349197,1,349197
2026-06-29T12:09:11.908053,BIKE 349059,1,349059
2026-06-29T12:09:11.908053,BIKE 348801,1,348801
2026-06-29T12:09:11.908053,BIKE 348863,1,348863
2026-06-29T12:09:11.908053,BIKE 348865,1,348865
2026-06-29T12:09:11.908053,BIKE 349164,1,349164
2026-06-29T12:09:11.908053,BIKE 349092,1,349092
2026-06-29T12:09:11.908053,BIKE 349060,1,349060
2026-06-29T12:09:11.908053,BIKE 348817,1,348817
2026-06-29T12:09:11.908053,BIKE 349198,1,349198
2026-06-29T12:09:11.908053,BIKE 346190,1,346190
2026-06-29T12:09:11.908053,BIKE 349185,1,349185
2026-06-29T12:09:11.908053,BIKE 345861,1,345861
2026-06-29T12:09:11.908053,BIKE 398721,1,398721
2026-06-29T12:09:11.908053,BIKE 349162,1,349162
2026-06-29T12:09:11.908053,BIKE 345568,1,345568
2026-06-29T12:09:11.908053,BIKE 347807,1,347807
2026-06-29T12:09:11.908053,BIKE 347142,1,347142
2026-06-29T12:09:11.908053,BIKE 348191,1,348191
2026-06-29T12:09:11.908053,BIKE 347171,1,347171
2026-06-29T12:09:11.908053,BIKE 347959,1,347959
2026-06-29T12:09:11.908053,BIKE 347796,1,347796
2026-06-29T12:09:11.908053,BIKE 348255,1,348255
2026-06-29T12:09:11.908053,BIKE 348968,1,348968
2026-06-29T12:09:11.908053,BIKE 348957,1,348957
2026-06-29T12:09:11.908053,BIKE 348526,1,348526
2026-06-29T12:09:11.908053,BIKE 347255,1,347255
2026-06-29T12:09:11.908053,BIKE 346710,1,346710
2026-06-29T12:09:11.908053,BIKE 348939,1,348939
2026-06-29T12:09:11.908053,BIKE 348965,1,348965
2026-06-29T12:09:11.908053,BIKE 348881,1,348881
2026-06-29T12:09:11.908053,BIKE 348816,1,348816
2026-06-29T12:09:11.908053,BIKE 346810,1,346810
2026-06-29T12:09:11.908053,BIKE 349049,1,349049
2026-06-29T12:09:11.908053,BIKE 345444,1,345444
2026-06-29T12:09:11.908053,BIKE 348948,1,348948
2026-06-29T12:09:11.908053,BIKE 348589,1,348589
2026-06-29T12:09:11.908053,BIKE 346251,1,346251
2026-06-29T12:09:11.908053,BIKE 346704,1,346704
2026-06-29T12:09:11.908053,BIKE 346668,1,346668
2026-06-29T12:09:11.908053,BIKE 348089,1,348089
2026-06-29T12:09:11.908053,BIKE 345773,1,345773
2026-06-29T12:09:11.908053,BIKE 349183,1,349183
2026-06-29T12:09:11.908053,BIKE 348017,1,348017
2026-06-29T12:09:11.908053,BIKE 347114,1,347114
2026-06-29T12:09:11.908053,BIKE 349150,1,349150
2026-06-29T12:09:11.908053,BIKE 348987,1,348987
2026-06-29T12:09:11.908053,BIKE 349063,1,349063
2026-06-29T12:09:11.908053,BIKE 348868,1,348868
2026-06-29T12:09:11.908053,BIKE 349065,1,349065
2026-06-29T12:09:11.908053,BIKE 349011,1,349011
2026-06-29T12:09:11.908053,BIKE 347029,1,347029
2026-06-29T12:09:11.908053,BIKE 349035,1,349035
2026-06-29T12:09:11.908053,BIKE 348899,1,348899
2026-06-29T12:09:11.908053,BIKE 349040,1,349040
2026-06-29T12:09:11.908053,BIKE 345683,1,345683
2026-06-29T12:09:11.908053,BIKE 347481,1,347481
2026-06-29T12:09:11.908053,BIKE 347152,1,347152
2026-06-29T12:09:11.908053,BIKE 349116,1,349116
2026-06-29T12:09:11.908053,BIKE 347859,1,347859
2026-06-29T12:09:11.908053,BIKE 345537,1,345537
2026-06-29T12:09:11.908053,BIKE 345635,1,345635
2026-06-29T12:09:11.908053,BIKE 347960,1,347960
2026-06-29T12:09:11.908053,BIKE 347754,1,347754
2026-06-29T12:09:11.908053,BIKE 398801,1,398801
2026-06-29T12:09:11.908053,BIKE 349112,1,349112
2026-06-29T12:09:11.908053,BIKE 349161,1,349161
2026-06-29T12:09:11.908053,BIKE 349044,1,349044
2026-06-29T12:09:11.908053,BIKE 348893,1,348893
2026-06-29T12:09:11.908053,BIKE 348870,1,348870
2026-06-29T12:09:11.908053,BIKE 349114,1,349114
2026-06-29T12:09:11.908053,BIKE 349102,1,349102
2026-06-29T12:09:11.908053,BIKE 348956,1,348956
2026-06-29T12:09:11.908053,BIKE 349076,1,349076
2026-06-29T12:09:11.908053,BIKE 347182,1,347182
2026-06-29T12:09:11.908053,BIKE 346943,1,346943
2026-06-29T12:09:11.908053,BIKE 347862,1,347862
2026-06-29T12:09:11.908053,BIKE 347270,1,347270
2026-06-29T12:09:11.908053,BIKE 348494,1,348494
2026-06-29T12:09:11.908053,BIKE 348243,1,348243
2026-06-29T12:09:11.908053,BIKE 346529,1,346529
2026-06-29T12:09:11.908053,BIKE 347732,1,347732
2026-06-29T12:09:11.908053,BIKE 347991,1,347991
2026-06-29T12:09:11.908053,BIKE 347413,1,347413
2026-06-29T12:09:11.908053,BIKE 346131,1,346131
2026-06-29T12:09:11.908053,BIKE 346572,1,346572
2026-06-29T12:09:11.908053,BIKE 348077,1,348077
2026-06-29T12:09:11.908053,BIKE 347888,1,347888
2026-06-29T12:09:11.908053,BIKE 345863,1,345863
2026-06-29T12:09:11.908053,BIKE 346043,1,346043
2026-06-29T12:09:11.908053,BIKE 348299,1,348299
2026-06-29T12:09:11.908053,BIKE 346387,1,346387
2026-06-29T12:09:11.908053,BIKE 349129,1,349129
2026-06-29T12:09:11.908053,BIKE 348443,1,348443
2026-06-29T12:09:11.908053,BIKE 346456,1,346456
2026-06-29T12:09:11.908053,BIKE 345105,1,345105
2026-06-29T12:09:11.908053,BIKE 348042,1,348042
2026-06-29T12:09:11.908053,BIKE 346790,1,346790
2026-06-29T12:09:11.908053,BIKE 349124,1,349124
2026-06-29T12:09:11.908053,BIKE 345319,1,345319
2026-06-29T12:09:11.908053,BIKE 398795,1,398795
2026-06-29T12:09:11.908053,BIKE 346471,1,346471
2026-06-29T12:09:11.908053,BIKE 349123,1,349123
2026-06-29T12:09:11.908053,BIKE 348523,1,348523
2026-06-29T12:09:11.908053,BIKE 348919,1,348919
2026-06-29T12:09:11.908053,BIKE 349030,1,349030
2026-06-29T12:09:11.908053,BIKE 348624,1,348624
2026-06-29T12:09:11.908053,BIKE 398798,1,398798
2026-06-29T12:09:11.908053,BIKE 349087,1,349087
2026-06-29T12:09:11.908053,BIKE 345867,1,345867
2026-06-29T12:09:11.908053,BIKE 346349,1,346349
2026-06-29T12:09:11.908053,BIKE 345131,1,345131
2026-06-29T12:09:11.908053,BIKE 346353,1,346353
2026-06-29T12:09:11.908053,BIKE 345830,1,345830
2026-06-29T12:09:11.908053,BIKE 345665,1,345665
2026-06-29T12:09:11.908053,BIKE 346987,1,346987
2026-06-29T12:09:11.908053,BIKE 347704,1,347704
2026-06-29T12:09:11.908053,BIKE 348574,1,348574
2026-06-29T12:09:11.908053,BIKE 398843,1,398843
2026-06-29T12:09:11.908053,BIKE 349106,1,349106
2026-06-29T12:09:11.908053,BIKE 347327,1,347327
2026-06-29T12:09:11.908053,BIKE 346390,1,346390
2026-06-29T12:09:11.908053,BIKE 345055,1,345055
2026-06-29T12:09:11.908053,BIKE 345060,1,345060
2026-06-29T12:09:11.908053,BIKE 347503,1,347503
2026-06-29T12:09:11.908053,BIKE 348164,1,348164
2026-06-29T12:09:11.908053,BIKE 347138,1,347138
2026-06-29T12:09:11.908053,BIKE 347760,1,347760
2026-06-29T12:09:11.908053,BIKE 349018,1,349018
2026-06-29T12:09:11.908053,BIKE 345565,1,345565
2026-06-29T12:09:11.908053,BIKE 346672,1,346672
2026-06-29T12:09:11.908053,BIKE 345454,1,345454
2026-06-29T12:09:11.908053,BIKE 345951,1,345951
2026-06-29T12:09:11.908053,BIKE 347040,1,347040
2026-06-29T12:09:11.908053,BIKE 348081,1,348081
2026-06-29T12:09:11.908053,BIKE 349157,1,349157
2026-06-29T12:09:11.908053,BIKE 347937,1,347937
2026-06-29T12:09:11.908053,BIKE 346386,1,346386
2026-06-29T16:11:27.056894,Julius-Raab-Platz,12,346473
2026-06-29T16:11:27.056894,Julius-Raab-Platz,12,346107
2026-06-29T16:11:27.056894,Julius-Raab-Platz,12,346613
2026-06-29T16:11:27.056894,Julius-Raab-Platz,12,346530
2026-06-29T16:11:27.056894,Julius-Raab-Platz,12,347854
2026-06-29T16:11:27.056894,Julius-Raab-Platz,12,347621
2026-06-29T16:11:27.056894,Julius-Raab-Platz,12,348280
2026-06-29T16:11:27.056894,Julius-Raab-Platz,12,348019
2026-06-29T16:11:27.056894,Julius-Raab-Platz,12,348607
2026-06-29T16:11:27.056894,Julius-Raab-Platz,12,348514
2026-06-29T16:11:27.056894,Julius-Raab-Platz,12,348964
2026-06-29T16:11:27.056894,Julius-Raab-Platz,12,348929
2026-06-29T16:11:27.056894,Hoher Markt,33,345480
2026-06-29T16:11:27.056894,Hoher Markt,33,345397
2026-06-29T16:11:27.056894,Hoher Markt,33,345320
2026-06-29T16:11:27.056894,Hoher Markt,33,345304
2026-06-29T16:11:27.056894,Hoher Markt,33,345735
2026-06-29T16:11:27.056894,Hoher Markt,33,345647
2026-06-29T16:11:27.056894,Hoher Markt,33,346485
2026-06-29T16:11:27.056894,Hoher Markt,33,346139
2026-06-29T16:11:27.056894,Hoher Markt,33,346948
2026-06-29T16:11:27.056894,Hoher Markt,33,346682
2026-06-29T16:11:27.056894,Hoher Markt,33,346626
2026-06-29T16:11:27.056894,Hoher Markt,33,346560
2026-06-29T16:11:27.056894,Hoher Markt,33,346526
2026-06-29T16:11:27.056894,Hoher Markt,33,347480
2026-06-29T16:11:27.056894,Hoher Markt,33,347321
2026-06-29T16:11:27.056894,Hoher Markt,33,347286
2026-06-29T16:11:27.056894,Hoher Markt,33,347170
2026-06-29T16:11:27.056894,Hoher Markt,33,347087
2026-06-29T16:11:27.056894,Hoher Markt,33,347872
2026-06-29T16:11:27.056894,Hoher Markt,33,347847
2026-06-29T16:11:27.056894,Hoher Markt,33,347804
2026-06-29T16:11:27.056894,Hoher Markt,33,347761
2026-06-29T16:11:27.056894,Hoher Markt,33,347711
2026-06-29T16:11:27.056894,Hoher Markt,33,347649
2026-06-29T16:11:27.056894,Hoher Markt,33,347612
2026-06-29T16:11:27.056894,Hoher Markt,33,347523
2026-06-29T16:11:27.056894,Hoher Markt,33,347521
2026-06-29T16:11:27.056894,Hoher Markt,33,348364
2026-06-29T16:11:27.056894,Hoher Markt,33,348314
2026-06-29T16:11:27.056894,Hoher Markt,33,348150
2026-06-29T16:11:27.056894,Hoher Markt,33,348700
2026-06-29T16:11:27.056894,Hoher Markt,33,348562
2026-06-29T16:11:27.056894,Hoher Markt,33,398770
2026-06-29T16:11:27.056894,Oper / Karlsplatz U,10,345414
2026-06-29T16:11:27.056894,Oper / Karlsplatz U,10,345955
2026-06-29T16:11:27.056894,Oper / Karlsplatz U,10,345565
2026-06-29T16:11:27.056894,Oper / Karlsplatz U,10,346438
2026-06-29T16:11:27.056894,Oper / Karlsplatz U,10,346180
2026-06-29T16:11:27.056894,Oper / Karlsplatz U,10,346124
2026-06-29T16:11:27.056894,Oper / Karlsplatz U,10,346617
2026-06-29T16:11:27.056894,Oper / Karlsplatz U,10,346542
2026-06-29T16:11:27.056894,Oper / Karlsplatz U,10,347483
2026-06-29T16:11:27.056894,Oper / Karlsplatz U,10,347330
2026-06-29T16:11:27.056894,Ring / Volkstheater U,1,345081
2026-06-29T16:11:27.056894,Stephansplatz U,14,345630
2026-06-29T16:11:27.056894,Stephansplatz U,14,345556
2026-06-29T16:11:27.056894,Stephansplatz U,14,346321
2026-06-29T16:11:27.056894,Stephansplatz U,14,346255
2026-06-29T16:11:27.056894,Stephansplatz U,14,346219
2026-06-29T16:11:27.056894,Stephansplatz U,14,346905
2026-06-29T16:11:27.056894,Stephansplatz U,14,347969
2026-06-29T16:11:27.056894,Stephansplatz U,14,347955
2026-06-29T16:11:27.056894,Stephansplatz U,14,347953
2026-06-29T16:11:27.056894,Stephansplatz U,14,348626
2026-06-29T16:11:27.056894,Stephansplatz U,14,348534
2026-06-29T16:11:27.056894,Stephansplatz U,14,398779
2026-06-29T16:11:27.056894,Stephansplatz U,14,349003
2026-06-29T16:11:27.056894,Stephansplatz U,14,398868
2026-06-29T16:11:27.056894,Taborstraße U,23,345411
2026-06-29T16:11:27.056894,Taborstraße U,23,345358
2026-06-29T16:11:27.056894,Taborstraße U,23,345205
2026-06-29T16:11:27.056894,Taborstraße U,23,345034
2026-06-29T16:11:27.056894,Taborstraße U,23,345944
2026-06-29T16:11:27.056894,Taborstraße U,23,346492
2026-06-29T16:11:27.056894,Taborstraße U,23,346332
2026-06-29T16:11:27.056894,Taborstraße U,23,346273
2026-06-29T16:11:27.056894,Taborstraße U,23,346169
2026-06-29T16:11:27.056894,Taborstraße U,23,346134
2026-06-29T16:11:27.056894,Taborstraße U,23,346026
2026-06-29T16:11:27.056894,Taborstraße U,23,346875
2026-06-29T16:11:27.056894,Taborstraße U,23,346874
2026-06-29T16:11:27.056894,Taborstraße U,23,346577
2026-06-29T16:11:27.056894,Taborstraße U,23,347027
2026-06-29T16:11:27.056894,Taborstraße U,23,347966
2026-06-29T16:11:27.056894,Taborstraße U,23,347892
2026-06-29T16:11:27.056894,Taborstraße U,23,347769
2026-06-29T16:11:27.056894,Taborstraße U,23,347725
2026-06-29T16:11:27.056894,Taborstraße U,23,348275
2026-06-29T16:11:27.056894,Taborstraße U,23,348218
2026-06-29T16:11:27.056894,Taborstraße U,23,348076
2026-06-29T16:11:27.056894,Taborstraße U,23,398827
2026-06-29T16:11:27.056894,WU-Campus / Südportalstraße ,29,345362
2026-06-29T16:11:27.056894,WU-Campus / Südportalstraße ,29,345266
2026-06-29T16:11:27.056894,WU-Campus / Südportalstraße ,29,345214
2026-06-29T16:11:27.056894,WU-Campus / Südportalstraße ,29,345747
2026-06-29T16:11:27.056894,WU-Campus / Südportalstraße ,29,345729
2026-06-29T16:11:27.056894,WU-Campus / Südportalstraße ,29,346191
2026-06-29T16:11:27.056894,WU-Campus / Südportalstraße ,29,346182
2026-06-29T16:11:27.056894,WU-Campus / Südportalstraße ,29,346027
2026-06-29T16:11:27.056894,WU-Campus / Südportalstraße ,29,346960
2026-06-29T16:11:27.056894,WU-Campus / Südportalstraße ,29,346926
2026-06-29T16:11:27.056894,WU-Campus / Südportalstraße ,29,346840
2026-06-29T16:11:27.056894,WU-Campus / Südportalstraße ,29,346839
2026-06-29T16:11:27.056894,WU-Campus / Südportalstraße ,29,346757
2026-06-29T16:11:27.056894,WU-Campus / Südportalstraße ,29,346629
2026-06-29T16:11:27.056894,WU-Campus / Südportalstraße ,29,347391
2026-06-29T16:11:27.056894,WU-Campus / Südportalstraße ,29,347352
2026-06-29T16:11:27.056894,WU-Campus / Südportalstraße ,29,347020
2026-06-29T16:11:27.056894,WU-Campus / Südportalstraße ,29,347982
2026-06-29T16:11:27.056894,WU-Campus / Südportalstraße ,29,347914
2026-06-29T16:11:27.056894,WU-Campus / Südportalstraße ,29,347890
2026-06-29T16:11:27.056894,WU-Campus / Südportalstraße ,29,348180
2026-06-29T16:11:27.056894,WU-Campus / Südportalstraße ,29,348141
2026-06-29T16:11:27.056894,WU-Campus / Südportalstraße ,29,348098
2026-06-29T16:11:27.056894,WU-Campus / Südportalstraße ,29,348002
2026-06-29T16:11:27.056894,WU-Campus / Südportalstraße ,29,348678
2026-06-29T16:11:27.056894,WU-Campus / Südportalstraße ,29,348636
2026-06-29T16:11:27.056894,WU-Campus / Südportalstraße ,29,348633
2026-06-29T16:11:27.056894,WU-Campus / Südportalstraße ,29,348611
2026-06-29T16:11:27.056894,WU-Campus / Südportalstraße ,29,348941
2026-06-29T16:11:27.056894,Erdberg U,18,345466
2026-06-29T16:11:27.056894,Erdberg U,18,345819
2026-06-29T16:11:27.056894,Erdberg U,18,345749
2026-06-29T16:11:27.056894,Erdberg U,18,346394
2026-06-29T16:11:27.056894,Erdberg U,18,346297
2026-06-29T16:11:27.056894,Erdberg U,18,346844
2026-06-29T16:11:27.056894,Erdberg U,18,347433
2026-06-29T16:11:27.056894,Erdberg U,18,347293
2026-06-29T16:11:27.056894,Erdberg U,18,347234
2026-06-29T16:11:27.056894,Erdberg U,18,347198
2026-06-29T16:11:27.056894,Erdberg U,18,347059
2026-06-29T16:11:27.056894,Erdberg U,18,347921
2026-06-29T16:11:27.056894,Erdberg U,18,347911
2026-06-29T16:11:27.056894,Erdberg U,18,347894
2026-06-29T16:11:27.056894,Erdberg U,18,347839
2026-06-29T16:11:27.056894,Erdberg U,18,347695
2026-06-29T16:11:27.056894,Erdberg U,18,347682
2026-06-29T16:11:27.056894,Erdberg U,18,349098
2026-06-29T16:11:27.056894,Media Quarter Marx,24,345355
2026-06-29T16:11:27.056894,Media Quarter Marx,24,345216
2026-06-29T16:11:27.056894,Media Quarter Marx,24,345174
2026-06-29T16:11:27.056894,Media Quarter Marx,24,345113
2026-06-29T16:11:27.056894,Media Quarter Marx,24,345574
2026-06-29T16:11:27.056894,Media Quarter Marx,24,345562
2026-06-29T16:11:27.056894,Media Quarter Marx,24,345549
2026-06-29T16:11:27.056894,Media Quarter Marx,24,346118
2026-06-29T16:11:27.056894,Media Quarter Marx,24,346895
2026-06-29T16:11:27.056894,Media Quarter Marx,24,346656
2026-06-29T16:11:27.056894,Media Quarter Marx,24,347492
2026-06-29T16:11:27.056894,Media Quarter Marx,24,347215
2026-06-29T16:11:27.056894,Media Quarter Marx,24,347115
2026-06-29T16:11:27.056894,Media Quarter Marx,24,347073
2026-06-29T16:11:27.056894,Media Quarter Marx,24,347058
2026-06-29T16:11:27.056894,Media Quarter Marx,24,347939
2026-06-29T16:11:27.056894,Media Quarter Marx,24,347920
2026-06-29T16:11:27.056894,Media Quarter Marx,24,347735
2026-06-29T16:11:27.056894,Media Quarter Marx,24,348404
2026-06-29T16:11:27.056894,Media Quarter Marx,24,348361
2026-06-29T16:11:27.056894,Media Quarter Marx,24,348332
2026-06-29T16:11:27.056894,Media Quarter Marx,24,348173
2026-06-29T16:11:27.056894,Media Quarter Marx,24,348056
2026-06-29T16:11:27.056894,Media Quarter Marx,24,349113
2026-06-29T16:11:27.056894,Rennweg S,11,345457
2026-06-29T16:11:27.056894,Rennweg S,11,345385
2026-06-29T16:11:27.056894,Rennweg S,11,345342
2026-06-29T16:11:27.056894,Rennweg S,11,345197
2026-06-29T16:11:27.056894,Rennweg S,11,345768
2026-06-29T16:11:27.056894,Rennweg S,11,345764
2026-06-29T16:11:27.056894,Rennweg S,11,345516
2026-06-29T16:11:27.056894,Rennweg S,11,346819
2026-06-29T16:11:27.056894,Rennweg S,11,346730
2026-06-29T16:11:27.056894,Rennweg S,11,347266
2026-06-29T16:11:27.056894,Rennweg S,11,348060
2026-06-29T16:11:27.056894,Rochusgasse U,7,346049
2026-06-29T16:11:27.056894,Rochusgasse U,7,347290
2026-06-29T16:11:27.056894,Rochusgasse U,7,347737
2026-06-29T16:11:27.056894,Rochusgasse U,7,347690
2026-06-29T16:11:27.056894,Rochusgasse U,7,398814
2026-06-29T16:11:27.056894,Rochusgasse U,7,398759
2026-06-29T16:11:27.056894,Rochusgasse U,7,348892
2026-06-29T16:11:27.056894,Schwarzenbergplatz,10,345972
2026-06-29T16:11:27.056894,Schwarzenbergplatz,10,345539
2026-06-29T16:11:27.056894,Schwarzenbergplatz,10,345505
2026-06-29T16:11:27.056894,Schwarzenbergplatz,10,346853
2026-06-29T16:11:27.056894,Schwarzenbergplatz,10,346698
2026-06-29T16:11:27.056894,Schwarzenbergplatz,10,348487
2026-06-29T16:11:27.056894,Schwarzenbergplatz,10,348476
2026-06-29T16:11:27.056894,Schwarzenbergplatz,10,348389
2026-06-29T16:11:27.056894,Schwarzenbergplatz,10,348619
2026-06-29T16:11:27.056894,Schwarzenbergplatz,10,398754
2026-06-29T16:11:27.056894,Heumühlgasse,3,345481
2026-06-29T16:11:27.056894,Heumühlgasse,3,345665
2026-06-29T16:11:27.056894,Heumühlgasse,3,347398
2026-06-29T16:11:27.056894,Margaretengürtel U,34,345375
2026-06-29T16:11:27.056894,Margaretengürtel U,34,346434
2026-06-29T16:11:27.056894,Margaretengürtel U,34,346433
2026-06-29T16:11:27.056894,Margaretengürtel U,34,346347
2026-06-29T16:11:27.056894,Margaretengürtel U,34,346281
2026-06-29T16:11:27.056894,Margaretengürtel U,34,346220
2026-06-29T16:11:27.056894,Margaretengürtel U,34,346176
2026-06-29T16:11:27.056894,Margaretengürtel U,34,346155
2026-06-29T16:11:27.056894,Margaretengürtel U,34,346085
2026-06-29T16:11:27.056894,Margaretengürtel U,34,346036
2026-06-29T16:11:27.056894,Margaretengürtel U,34,346939
2026-06-29T16:11:27.056894,Margaretengürtel U,34,346932
2026-06-29T16:11:27.056894,Margaretengürtel U,34,346890
2026-06-29T16:11:27.056894,Margaretengürtel U,34,346884
2026-06-29T16:11:27.056894,Margaretengürtel U,34,346868
2026-06-29T16:11:27.056894,Margaretengürtel U,34,346867
2026-06-29T16:11:27.056894,Margaretengürtel U,34,346842
2026-06-29T16:11:27.056894,Margaretengürtel U,34,346752
2026-06-29T16:11:27.056894,Margaretengürtel U,34,346722
2026-06-29T16:11:27.056894,Margaretengürtel U,34,346699
2026-06-29T16:11:27.056894,Margaretengürtel U,34,346592
2026-06-29T16:11:27.056894,Margaretengürtel U,34,346570
2026-06-29T16:11:27.056894,Margaretengürtel U,34,347498
2026-06-29T16:11:27.056894,Margaretengürtel U,34,347470
2026-06-29T16:11:27.056894,Margaretengürtel U,34,347448
2026-06-29T16:11:27.056894,Margaretengürtel U,34,347315
2026-06-29T16:11:27.056894,Margaretengürtel U,34,347217
2026-06-29T16:11:27.056894,Margaretengürtel U,34,347214
2026-06-29T16:11:27.056894,Margaretengürtel U,34,347669
2026-06-29T16:11:27.056894,Margaretengürtel U,34,347510
2026-06-29T16:11:27.056894,Margaretengürtel U,34,348220
2026-06-29T16:11:27.056894,Margaretengürtel U,34,348145
2026-06-29T16:11:27.056894,Margaretengürtel U,34,348131
2026-06-29T16:11:27.056894,Margaretengürtel U,34,348065
2026-06-29T16:11:27.056894,Mittersteig,27,345485
2026-06-29T16:11:27.056894,Mittersteig,27,345218
2026-06-29T16:11:27.056894,Mittersteig,27,345176
2026-06-29T16:11:27.056894,Mittersteig,27,345027
2026-06-29T16:11:27.056894,Mittersteig,27,345601
2026-06-29T16:11:27.056894,Mittersteig,27,345575
2026-06-29T16:11:27.056894,Mittersteig,27,345566
2026-06-29T16:11:27.056894,Mittersteig,27,346444
2026-06-29T16:11:27.056894,Mittersteig,27,346400
2026-06-29T16:11:27.056894,Mittersteig,27,346230
2026-06-29T16:11:27.056894,Mittersteig,27,346201
2026-06-29T16:11:27.056894,Mittersteig,27,346054
2026-06-29T16:11:27.056894,Mittersteig,27,346881
2026-06-29T16:11:27.056894,Mittersteig,27,346841
2026-06-29T16:11:27.056894,Mittersteig,27,346641
2026-06-29T16:11:27.056894,Mittersteig,27,346591
2026-06-29T16:11:27.056894,Mittersteig,27,347332
2026-06-29T16:11:27.056894,Mittersteig,27,347147
2026-06-29T16:11:27.056894,Mittersteig,27,347053
2026-06-29T16:11:27.056894,Mittersteig,27,347816
2026-06-29T16:11:27.056894,Mittersteig,27,347756
2026-06-29T16:11:27.056894,Mittersteig,27,348378
2026-06-29T16:11:27.056894,Mittersteig,27,348113
2026-06-29T16:11:27.056894,Mittersteig,27,348580
2026-06-29T16:11:27.056894,Mittersteig,27,348555
2026-06-29T16:11:27.056894,Mittersteig,27,398848
2026-06-29T16:11:27.056894,Mittersteig,27,398748
2026-06-29T16:11:27.056894,Ceija-Stojka-Platz,11,345379
2026-06-29T16:11:27.056894,Ceija-Stojka-Platz,11,345259
2026-06-29T16:11:27.056894,Ceija-Stojka-Platz,11,345959
2026-06-29T16:11:27.056894,Ceija-Stojka-Platz,11,346056
2026-06-29T16:11:27.056894,Ceija-Stojka-Platz,11,346658
2026-06-29T16:11:27.056894,Ceija-Stojka-Platz,11,347596
2026-06-29T16:11:27.056894,Ceija-Stojka-Platz,11,347560
2026-06-29T16:11:27.056894,Ceija-Stojka-Platz,11,348136
2026-06-29T16:11:27.056894,Ceija-Stojka-Platz,11,348668
2026-06-29T16:11:27.056894,Ceija-Stojka-Platz,11,398741
2026-06-29T16:11:27.056894,Ceija-Stojka-Platz,11,349117
2026-06-29T16:11:27.056894,Volkstheater U,5,345376
2026-06-29T16:11:27.056894,Volkstheater U,5,345831
2026-06-29T16:11:27.056894,Volkstheater U,5,346253
2026-06-29T16:11:27.056894,Volkstheater U,5,348481
2026-06-29T16:11:27.056894,Volkstheater U,5,398817
2026-06-29T16:11:27.056894,Zieglergasse U,8,349037
2026-06-29T16:11:27.056894,Zieglergasse U,8,349033
2026-06-29T16:11:27.056894,Zieglergasse U,8,348947
2026-06-29T16:11:27.056894,Zieglergasse U,8,348923
2026-06-29T16:11:27.056894,Zieglergasse U,8,348913
2026-06-29T16:11:27.056894,Zieglergasse U,8,348853
2026-06-29T16:11:27.056894,Zieglergasse U,8,348802
2026-06-29T16:11:27.056894,Zieglergasse U,8,349119
2026-06-29T16:11:27.056894,Oskar-Morgenstern-Platz,36,345378
2026-06-29T16:11:27.056894,Oskar-Morgenstern-Platz,36,345367
2026-06-29T16:11:27.056894,Oskar-Morgenstern-Platz,36,345223
2026-06-29T16:11:27.056894,Oskar-Morgenstern-Platz,36,345179
2026-06-29T16:11:27.056894,Oskar-Morgenstern-Platz,36,345057
2026-06-29T16:11:27.056894,Oskar-Morgenstern-Platz,36,345013
2026-06-29T16:11:27.056894,Oskar-Morgenstern-Platz,36,345977
2026-06-29T16:11:27.056894,Oskar-Morgenstern-Platz,36,345919
2026-06-29T16:11:27.056894,Oskar-Morgenstern-Platz,36,345910
2026-06-29T16:11:27.056894,Oskar-Morgenstern-Platz,36,345788
2026-06-29T16:11:27.056894,Oskar-Morgenstern-Platz,36,346482
2026-06-29T16:11:27.056894,Oskar-Morgenstern-Platz,36,346470
2026-06-29T16:11:27.056894,Oskar-Morgenstern-Platz,36,346331
2026-06-29T16:11:27.056894,Oskar-Morgenstern-Platz,36,346172
2026-06-29T16:11:27.056894,Oskar-Morgenstern-Platz,36,346060
2026-06-29T16:11:27.056894,Oskar-Morgenstern-Platz,36,346861
2026-06-29T16:11:27.056894,Oskar-Morgenstern-Platz,36,346811
2026-06-29T16:11:27.056894,Oskar-Morgenstern-Platz,36,346746
2026-06-29T16:11:27.056894,Oskar-Morgenstern-Platz,36,346720
2026-06-29T16:11:27.056894,Oskar-Morgenstern-Platz,36,347495
2026-06-29T16:11:27.056894,Oskar-Morgenstern-Platz,36,347144
2026-06-29T16:11:27.056894,Oskar-Morgenstern-Platz,36,347874
2026-06-29T16:11:27.056894,Oskar-Morgenstern-Platz,36,347777
2026-06-29T16:11:27.056894,Oskar-Morgenstern-Platz,36,347714
2026-06-29T16:11:27.056894,Oskar-Morgenstern-Platz,36,347679
2026-06-29T16:11:27.056894,Oskar-Morgenstern-Platz,36,347622
2026-06-29T16:11:27.056894,Oskar-Morgenstern-Platz,36,347610
2026-06-29T16:11:27.056894,Oskar-Morgenstern-Platz,36,347553
2026-06-29T16:11:27.056894,Oskar-Morgenstern-Platz,36,348437
2026-06-29T16:11:27.056894,Oskar-Morgenstern-Platz,36,348405
2026-06-29T16:11:27.056894,Oskar-Morgenstern-Platz,36,348158
2026-06-29T16:11:27.056894,Oskar-Morgenstern-Platz,36,348045
2026-06-29T16:11:27.056894,Oskar-Morgenstern-Platz,36,348683
2026-06-29T16:11:27.056894,Oskar-Morgenstern-Platz,36,398761
2026-06-29T16:11:27.056894,Oskar-Morgenstern-Platz,36,348911
2026-06-29T16:11:27.056894,Oskar-Morgenstern-Platz,36,349192
2026-06-29T16:11:27.056894,Frankhplatz,6,345315
2026-06-29T16:11:27.056894,Frankhplatz,6,346847
2026-06-29T16:11:27.056894,Frankhplatz,6,348440
2026-06-29T16:11:27.056894,Frankhplatz,6,348067
2026-06-29T16:11:27.056894,Frankhplatz,6,348673
2026-06-29T16:11:27.056894,Frankhplatz,6,349022
2026-06-29T16:11:27.056894,Friedensbrücke U,16,345496
2026-06-29T16:11:27.056894,Friedensbrücke U,16,345323
2026-06-29T16:11:27.056894,Friedensbrücke U,16,346032
2026-06-29T16:11:27.056894,Friedensbrücke U,16,346903
2026-06-29T16:11:27.056894,Friedensbrücke U,16,346791
2026-06-29T16:11:27.056894,Friedensbrücke U,16,346559
2026-06-29T16:11:27.056894,Friedensbrücke U,16,347324
2026-06-29T16:11:27.056894,Friedensbrücke U,16,347039
2026-06-29T16:11:27.056894,Friedensbrücke U,16,347938
2026-06-29T16:11:27.056894,Friedensbrücke U,16,347848
2026-06-29T16:11:27.056894,Friedensbrücke U,16,347784
2026-06-29T16:11:27.056894,Friedensbrücke U,16,347569
2026-06-29T16:11:27.056894,Friedensbrücke U,16,348458
2026-06-29T16:11:27.056894,Friedensbrücke U,16,348142
2026-06-29T16:11:27.056894,Friedensbrücke U,16,348036
2026-06-29T16:11:27.056894,Friedensbrücke U,16,348840
2026-06-29T16:11:27.056894,Spittelau S U,27,345125
2026-06-29T16:11:27.056894,Spittelau S U,27,345122
2026-06-29T16:11:27.056894,Spittelau S U,27,345871
2026-06-29T16:11:27.056894,Spittelau S U,27,345748
2026-06-29T16:11:27.056894,Spittelau S U,27,345673
2026-06-29T16:11:27.056894,Spittelau S U,27,346308
2026-06-29T16:11:27.056894,Spittelau S U,27,346955
2026-06-29T16:11:27.056894,Spittelau S U,27,346580
2026-06-29T16:11:27.056894,Spittelau S U,27,346521
2026-06-29T16:11:27.056894,Spittelau S U,27,346502
2026-06-29T16:11:27.056894,Spittelau S U,27,347260
2026-06-29T16:11:27.056894,Spittelau S U,27,347250
2026-06-29T16:11:27.056894,Spittelau S U,27,347248
2026-06-29T16:11:27.056894,Spittelau S U,27,347221
2026-06-29T16:11:27.056894,Spittelau S U,27,347169
2026-06-29T16:11:27.056894,Spittelau S U,27,347097
2026-06-29T16:11:27.056894,Spittelau S U,27,347932
2026-06-29T16:11:27.056894,Spittelau S U,27,347864
2026-06-29T16:11:27.056894,Spittelau S U,27,347640
2026-06-29T16:11:27.056894,Spittelau S U,27,347558
2026-06-29T16:11:27.056894,Spittelau S U,27,348105
2026-06-29T16:11:27.056894,Spittelau S U,27,348006
2026-06-29T16:11:27.056894,Spittelau S U,27,348651
2026-06-29T16:11:27.056894,Spittelau S U,27,348641
2026-06-29T16:11:27.056894,Spittelau S U,27,398804
2026-06-29T16:11:27.056894,Spittelau S U,27,398802
2026-06-29T16:11:27.056894,Spittelau S U,27,398753
2026-06-29T16:11:27.056894,Absbergbrücke ,23,345373
2026-06-29T16:11:27.056894,Absbergbrücke ,23,345162
2026-06-29T16:11:27.056894,Absbergbrücke ,23,345746
2026-06-29T16:11:27.056894,Absbergbrücke ,23,346350
2026-06-29T16:11:27.056894,Absbergbrücke ,23,346344
2026-06-29T16:11:27.056894,Absbergbrücke ,23,346240
2026-06-29T16:11:27.056894,Absbergbrücke ,23,346226
2026-06-29T16:11:27.056894,Absbergbrücke ,23,346000
2026-06-29T16:11:27.056894,Absbergbrücke ,23,347310
2026-06-29T16:11:27.056894,Absbergbrücke ,23,347297
2026-06-29T16:11:27.056894,Absbergbrücke ,23,347238
2026-06-29T16:11:27.056894,Absbergbrücke ,23,347164
2026-06-29T16:11:27.056894,Absbergbrücke ,23,347999
2026-06-29T16:11:27.056894,Absbergbrücke ,23,347699
2026-06-29T16:11:27.056894,Absbergbrücke ,23,348441
2026-06-29T16:11:27.056894,Absbergbrücke ,23,348434
2026-06-29T16:11:27.056894,Absbergbrücke ,23,348327
2026-06-29T16:11:27.056894,Absbergbrücke ,23,348326
2026-06-29T16:11:27.056894,Absbergbrücke ,23,348306
2026-06-29T16:11:27.056894,Absbergbrücke ,23,348701
2026-06-29T16:11:27.056894,Absbergbrücke ,23,348567
2026-06-29T16:11:27.056894,Absbergbrücke ,23,398808
2026-06-29T16:11:27.056894,Absbergbrücke ,23,398873
2026-06-29T16:11:27.056894,Altes Landgut U,15,345843
2026-06-29T16:11:27.056894,Altes Landgut U,15,346276
2026-06-29T16:11:27.056894,Altes Landgut U,15,346921
2026-06-29T16:11:27.056894,Altes Landgut U,15,346599
2026-06-29T16:11:27.056894,Altes Landgut U,15,347121
2026-06-29T16:11:27.056894,Altes Landgut U,15,347965
2026-06-29T16:11:27.056894,Altes Landgut U,15,347840
2026-06-29T16:11:27.056894,Altes Landgut U,15,347747
2026-06-29T16:11:27.056894,Altes Landgut U,15,347593
2026-06-29T16:11:27.056894,Altes Landgut U,15,347587
2026-06-29T16:11:27.056894,Altes Landgut U,15,348369
2026-06-29T16:11:27.056894,Altes Landgut U,15,348342
2026-06-29T16:11:27.056894,Altes Landgut U,15,348148
2026-06-29T16:11:27.056894,Altes Landgut U,15,348532
2026-06-29T16:11:27.056894,Altes Landgut U,15,398860
2026-06-29T16:11:27.056894,Bloch-Bauer-Promenade,1,347900
2026-06-29T16:11:27.056894,Hauptbahnhof S U ,34,345399
2026-06-29T16:11:27.056894,Hauptbahnhof S U ,34,345289
2026-06-29T16:11:27.056894,Hauptbahnhof S U ,34,345190
2026-06-29T16:11:27.056894,Hauptbahnhof S U ,34,345112
2026-06-29T16:11:27.056894,Hauptbahnhof S U ,34,345053
2026-06-29T16:11:27.056894,Hauptbahnhof S U ,34,345001
2026-06-29T16:11:27.056894,Hauptbahnhof S U ,34,345548
2026-06-29T16:11:27.056894,Hauptbahnhof S U ,34,346403
2026-06-29T16:11:27.056894,Hauptbahnhof S U ,34,346374
2026-06-29T16:11:27.056894,Hauptbahnhof S U ,34,346314
2026-06-29T16:11:27.056894,Hauptbahnhof S U ,34,346968
2026-06-29T16:11:27.056894,Hauptbahnhof S U ,34,347757
2026-06-29T16:11:27.056894,Hauptbahnhof S U ,34,347724
2026-06-29T16:11:27.056894,Hauptbahnhof S U ,34,347598
2026-06-29T16:11:27.056894,Hauptbahnhof S U ,34,348235
2026-06-29T16:11:27.056894,Hauptbahnhof S U ,34,348024
2026-06-29T16:11:27.056894,Hauptbahnhof S U ,34,348695
2026-06-29T16:11:27.056894,Hauptbahnhof S U ,34,398798
2026-06-29T16:11:27.056894,Hauptbahnhof S U ,34,398777
2026-06-29T16:11:27.056894,Hauptbahnhof S U ,34,349108
2026-06-29T16:11:27.056894,Hauptbahnhof S U ,34,349094
2026-06-29T16:11:27.056894,Hauptbahnhof S U ,34,349039
2026-06-29T16:11:27.056894,Hauptbahnhof S U ,34,349024
2026-06-29T16:11:27.056894,Hauptbahnhof S U ,34,348996
2026-06-29T16:11:27.056894,Hauptbahnhof S U ,34,348991
2026-06-29T16:11:27.056894,Hauptbahnhof S U ,34,348973
2026-06-29T16:11:27.056894,Hauptbahnhof S U ,34,348959
2026-06-29T16:11:27.056894,Hauptbahnhof S U ,34,348943
2026-06-29T16:11:27.056894,Hauptbahnhof S U ,34,348940
2026-06-29T16:11:27.056894,Hauptbahnhof S U ,34,348803
2026-06-29T16:11:27.056894,Hauptbahnhof S U ,34,349177
2026-06-29T16:11:27.056894,Hauptbahnhof S U ,34,349171
2026-06-29T16:11:27.056894,Hauptbahnhof S U ,34,349131
2026-06-29T16:11:27.056894,Hauptbahnhof S U ,34,349120
2026-06-29T16:11:27.056894,Keplerplatz U,14,345185
2026-06-29T16:11:27.056894,Keplerplatz U,14,345098
2026-06-29T16:11:27.056894,Keplerplatz U,14,346441
2026-06-29T16:11:27.056894,Keplerplatz U,14,346931
2026-06-29T16:11:27.056894,Keplerplatz U,14,346608
2026-06-29T16:11:27.056894,Keplerplatz U,14,347477
2026-06-29T16:11:27.056894,Keplerplatz U,14,347422
2026-06-29T16:11:27.056894,Keplerplatz U,14,347901
2026-06-29T16:11:27.056894,Keplerplatz U,14,347750
2026-06-29T16:11:27.056894,Keplerplatz U,14,348298
2026-06-29T16:11:27.056894,Keplerplatz U,14,348216
2026-06-29T16:11:27.056894,Keplerplatz U,14,348528
2026-06-29T16:11:27.056894,Keplerplatz U,14,349007
2026-06-29T16:11:27.056894,Keplerplatz U,14,349156
2026-06-29T16:11:27.056894,Puchsbaumgasse,1,348547
2026-06-29T16:11:27.056894,Enkplatz U,6,348427
2026-06-29T16:11:27.056894,Enkplatz U,6,349021
2026-06-29T16:11:27.056894,Enkplatz U,6,349001
2026-06-29T16:11:27.056894,Enkplatz U,6,348969
2026-06-29T16:11:27.056894,Enkplatz U,6,349176
2026-06-29T16:11:27.056894,Enkplatz U,6,349122
2026-06-29T16:11:27.056894,Gasometer U,13,345182
2026-06-29T16:11:27.056894,Gasometer U,13,345510
2026-06-29T16:11:27.056894,Gasometer U,13,345500
2026-06-29T16:11:27.056894,Gasometer U,13,346004
2026-06-29T16:11:27.056894,Gasometer U,13,347407
2026-06-29T16:11:27.056894,Gasometer U,13,347279
2026-06-29T16:11:27.056894,Gasometer U,13,347824
2026-06-29T16:11:27.056894,Gasometer U,13,347802
2026-06-29T16:11:27.056894,Gasometer U,13,347798
2026-06-29T16:11:27.056894,Gasometer U,13,347643
2026-06-29T16:11:27.056894,Gasometer U,13,348222
2026-06-29T16:11:27.056894,Gasometer U,13,398824
2026-06-29T16:11:27.056894,Gasometer U,13,348821
2026-06-29T16:11:27.056894,Geiselbergstraße S,13,345163
2026-06-29T16:11:27.056894,Geiselbergstraße S,13,345777
2026-06-29T16:11:27.056894,Geiselbergstraße S,13,345666
2026-06-29T16:11:27.056894,Geiselbergstraße S,13,346894
2026-06-29T16:11:27.056894,Geiselbergstraße S,13,346870
2026-06-29T16:11:27.056894,Geiselbergstraße S,13,347254
2026-06-29T16:11:27.056894,Geiselbergstraße S,13,347042
2026-06-29T16:11:27.056894,Geiselbergstraße S,13,347038
2026-06-29T16:11:27.056894,Geiselbergstraße S,13,347502
2026-06-29T16:11:27.056894,Geiselbergstraße S,13,348166
2026-06-29T16:11:27.056894,Geiselbergstraße S,13,348161
2026-06-29T16:11:27.056894,Geiselbergstraße S,13,349178
2026-06-29T16:11:27.056894,Geiselbergstraße S,13,349172
2026-06-29T16:11:27.056894,Simmering S U,11,345905
2026-06-29T16:11:27.056894,Simmering S U,11,345771
2026-06-29T16:11:27.056894,Simmering S U,11,345717
2026-06-29T16:11:27.056894,Simmering S U,11,345672
2026-06-29T16:11:27.056894,Simmering S U,11,346337
2026-06-29T16:11:27.056894,Simmering S U,11,346194
2026-06-29T16:11:27.056894,Simmering S U,11,346059
2026-06-29T16:11:27.056894,Simmering S U,11,346778
2026-06-29T16:11:27.056894,Simmering S U,11,347233
2026-06-29T16:11:27.056894,Simmering S U,11,347167
2026-06-29T16:11:27.056894,Simmering S U,11,348144
2026-06-29T16:11:27.056894,Niederhofstraße U,19,345263
2026-06-29T16:11:27.056894,Niederhofstraße U,19,345075
2026-06-29T16:11:27.056894,Niederhofstraße U,19,345044
2026-06-29T16:11:27.056894,Niederhofstraße U,19,345912
2026-06-29T16:11:27.056894,Niederhofstraße U,19,345755
2026-06-29T16:11:27.056894,Niederhofstraße U,19,346442
2026-06-29T16:11:27.056894,Niederhofstraße U,19,346264
2026-06-29T16:11:27.056894,Niederhofstraße U,19,346621
2026-06-29T16:11:27.056894,Niederhofstraße U,19,346578
2026-06-29T16:11:27.056894,Niederhofstraße U,19,347382
2026-06-29T16:11:27.056894,Niederhofstraße U,19,347289
2026-06-29T16:11:27.056894,Niederhofstraße U,19,347950
2026-06-29T16:11:27.056894,Niederhofstraße U,19,347913
2026-06-29T16:11:27.056894,Niederhofstraße U,19,348294
2026-06-29T16:11:27.056894,Niederhofstraße U,19,348135
2026-06-29T16:11:27.056894,Niederhofstraße U,19,348092
2026-06-29T16:11:27.056894,Niederhofstraße U,19,348687
2026-06-29T16:11:27.056894,Niederhofstraße U,19,348578
2026-06-29T16:11:27.056894,Niederhofstraße U,19,348953
2026-06-29T16:11:27.056894,Hietzing U,23,345637
2026-06-29T16:11:27.056894,Hietzing U,23,346435
2026-06-29T16:11:27.056894,Hietzing U,23,346293
2026-06-29T16:11:27.056894,Hietzing U,23,346133
2026-06-29T16:11:27.056894,Hietzing U,23,346990
2026-06-29T16:11:27.056894,Hietzing U,23,346859
2026-06-29T16:11:27.056894,Hietzing U,23,346858
2026-06-29T16:11:27.056894,Hietzing U,23,346694
2026-06-29T16:11:27.056894,Hietzing U,23,346537
2026-06-29T16:11:27.056894,Hietzing U,23,347472
2026-06-29T16:11:27.056894,Hietzing U,23,347452
2026-06-29T16:11:27.056894,Hietzing U,23,347386
2026-06-29T16:11:27.056894,Hietzing U,23,347886
2026-06-29T16:11:27.056894,Hietzing U,23,347865
2026-06-29T16:11:27.056894,Hietzing U,23,347799
2026-06-29T16:11:27.056894,Hietzing U,23,348331
2026-06-29T16:11:27.056894,Hietzing U,23,348061
2026-06-29T16:11:27.056894,Hietzing U,23,349006
2026-06-29T16:11:27.056894,Hietzing U,23,348971
2026-06-29T16:11:27.056894,Hietzing U,23,348849
2026-06-29T16:11:27.056894,Hietzing U,23,348823
2026-06-29T16:11:27.056894,Hietzing U,23,349136
2026-06-29T16:11:27.056894,Hietzing U,23,349125
2026-06-29T16:11:27.056894,Westbahnhof S U,40,345488
2026-06-29T16:11:27.056894,Westbahnhof S U,40,345439
2026-06-29T16:11:27.056894,Westbahnhof S U,40,345416
2026-06-29T16:11:27.056894,Westbahnhof S U,40,345274
2026-06-29T16:11:27.056894,Westbahnhof S U,40,345167
2026-06-29T16:11:27.056894,Westbahnhof S U,40,345907
2026-06-29T16:11:27.056894,Westbahnhof S U,40,345707
2026-06-29T16:11:27.056894,Westbahnhof S U,40,346476
2026-06-29T16:11:27.056894,Westbahnhof S U,40,346286
2026-06-29T16:11:27.056894,Westbahnhof S U,40,346181
2026-06-29T16:11:27.056894,Westbahnhof S U,40,346991
2026-06-29T16:11:27.056894,Westbahnhof S U,40,346912
2026-06-29T16:11:27.056894,Westbahnhof S U,40,346830
2026-06-29T16:11:27.056894,Westbahnhof S U,40,346684
2026-06-29T16:11:27.056894,Westbahnhof S U,40,346640
2026-06-29T16:11:27.056894,Westbahnhof S U,40,346582
2026-06-29T16:11:27.056894,Westbahnhof S U,40,346554
2026-06-29T16:11:27.056894,Westbahnhof S U,40,347414
2026-06-29T16:11:27.056894,Westbahnhof S U,40,347408
2026-06-29T16:11:27.056894,Westbahnhof S U,40,347376
2026-06-29T16:11:27.056894,Westbahnhof S U,40,347305
2026-06-29T16:11:27.056894,Westbahnhof S U,40,347272
2026-06-29T16:11:27.056894,Westbahnhof S U,40,347086
2026-06-29T16:11:27.056894,Westbahnhof S U,40,347008
2026-06-29T16:11:27.056894,Westbahnhof S U,40,347818
2026-06-29T16:11:27.056894,Westbahnhof S U,40,347742
2026-06-29T16:11:27.056894,Westbahnhof S U,40,347536
2026-06-29T16:11:27.056894,Westbahnhof S U,40,398790
2026-06-29T16:11:27.056894,Westbahnhof S U,40,398781
2026-06-29T16:11:27.056894,Westbahnhof S U,40,398775
2026-06-29T16:11:27.056894,Westbahnhof S U,40,349110
2026-06-29T16:11:27.056894,Westbahnhof S U,40,349086
2026-06-29T16:11:27.056894,Westbahnhof S U,40,349067
2026-06-29T16:11:27.056894,Westbahnhof S U,40,349038
2026-06-29T16:11:27.056894,Westbahnhof S U,40,348986
2026-06-29T16:11:27.056894,Westbahnhof S U,40,348983
2026-06-29T16:11:27.056894,Westbahnhof S U,40,348898
2026-06-29T16:11:27.056894,Westbahnhof S U,40,348844
2026-06-29T16:11:27.056894,Westbahnhof S U,40,348809
2026-06-29T16:11:27.056894,Westbahnhof S U,40,349184
2026-06-29T16:11:27.056894,Richard-Wagner-Platz,29,345391
2026-06-29T16:11:27.056894,Richard-Wagner-Platz,29,345381
2026-06-29T16:11:27.056894,Richard-Wagner-Platz,29,345241
2026-06-29T16:11:27.056894,Richard-Wagner-Platz,29,345161
2026-06-29T16:11:27.056894,Richard-Wagner-Platz,29,345107
2026-06-29T16:11:27.056894,Richard-Wagner-Platz,29,345058
2026-06-29T16:11:27.056894,Richard-Wagner-Platz,29,345838
2026-06-29T16:11:27.056894,Richard-Wagner-Platz,29,345541
2026-06-29T16:11:27.056894,Richard-Wagner-Platz,29,345520
2026-06-29T16:11:27.056894,Richard-Wagner-Platz,29,346488
2026-06-29T16:11:27.056894,Richard-Wagner-Platz,29,346475
2026-06-29T16:11:27.056894,Richard-Wagner-Platz,29,346453
2026-06-29T16:11:27.056894,Richard-Wagner-Platz,29,346323
2026-06-29T16:11:27.056894,Richard-Wagner-Platz,29,346721
2026-06-29T16:11:27.056894,Richard-Wagner-Platz,29,346671
2026-06-29T16:11:27.056894,Richard-Wagner-Platz,29,346531
2026-06-29T16:11:27.056894,Richard-Wagner-Platz,29,346523
2026-06-29T16:11:27.056894,Richard-Wagner-Platz,29,346515
2026-06-29T16:11:27.056894,Richard-Wagner-Platz,29,347245
2026-06-29T16:11:27.056894,Richard-Wagner-Platz,29,347102
2026-06-29T16:11:27.056894,Richard-Wagner-Platz,29,347099
2026-06-29T16:11:27.056894,Richard-Wagner-Platz,29,347079
2026-06-29T16:11:27.056894,Richard-Wagner-Platz,29,347902
2026-06-29T16:11:27.056894,Richard-Wagner-Platz,29,347898
2026-06-29T16:11:27.056894,Richard-Wagner-Platz,29,347809
2026-06-29T16:11:27.056894,Richard-Wagner-Platz,29,347654
2026-06-29T16:11:27.056894,Richard-Wagner-Platz,29,348315
2026-06-29T16:11:27.056894,Richard-Wagner-Platz,29,348177
2026-06-29T16:11:27.056894,Richard-Wagner-Platz,29,348147
2026-06-29T16:11:27.056894,Alser Straße U,19,345299
2026-06-29T16:11:27.056894,Alser Straße U,19,345108
2026-06-29T16:11:27.056894,Alser Straße U,19,345702
2026-06-29T16:11:27.056894,Alser Straße U,19,345639
2026-06-29T16:11:27.056894,Alser Straße U,19,346405
2026-06-29T16:11:27.056894,Alser Straße U,19,346279
2026-06-29T16:11:27.056894,Alser Straße U,19,346211
2026-06-29T16:11:27.056894,Alser Straße U,19,346142
2026-06-29T16:11:27.056894,Alser Straße U,19,346691
2026-06-29T16:11:27.056894,Alser Straße U,19,346514
2026-06-29T16:11:27.056894,Alser Straße U,19,347374
2026-06-29T16:11:27.056894,Alser Straße U,19,347642
2026-06-29T16:11:27.056894,Alser Straße U,19,347585
2026-06-29T16:11:27.056894,Alser Straße U,19,348380
2026-06-29T16:11:27.056894,Alser Straße U,19,348072
2026-06-29T16:11:27.056894,Alser Straße U,19,398858
2026-06-29T16:11:27.056894,Alser Straße U,19,398822
2026-06-29T16:11:27.056894,Alser Straße U,19,398743
2026-06-29T16:11:27.056894,Alser Straße U,19,348882
2026-06-29T16:11:27.056894,Währinger Straße U,26,345138
2026-06-29T16:11:27.056894,Währinger Straße U,26,345715
2026-06-29T16:11:27.056894,Währinger Straße U,26,345509
2026-06-29T16:11:27.056894,Währinger Straße U,26,346451
2026-06-29T16:11:27.056894,Währinger Straße U,26,346446
2026-06-29T16:11:27.056894,Währinger Straße U,26,346379
2026-06-29T16:11:27.056894,Währinger Straße U,26,346080
2026-06-29T16:11:27.056894,Währinger Straße U,26,346068
2026-06-29T16:11:27.056894,Währinger Straße U,26,346046
2026-06-29T16:11:27.056894,Währinger Straße U,26,346018
2026-06-29T16:11:27.056894,Währinger Straße U,26,346982
2026-06-29T16:11:27.056894,Währinger Straße U,26,346792
2026-06-29T16:11:27.056894,Währinger Straße U,26,346769
2026-06-29T16:11:27.056894,Währinger Straße U,26,346565
2026-06-29T16:11:27.056894,Währinger Straße U,26,346549
2026-06-29T16:11:27.056894,Währinger Straße U,26,347323
2026-06-29T16:11:27.056894,Währinger Straße U,26,347219
2026-06-29T16:11:27.056894,Währinger Straße U,26,347080
2026-06-29T16:11:27.056894,Währinger Straße U,26,347637
2026-06-29T16:11:27.056894,Währinger Straße U,26,347564
2026-06-29T16:11:27.056894,Währinger Straße U,26,347506
2026-06-29T16:11:27.056894,Währinger Straße U,26,348436
2026-06-29T16:11:27.056894,Währinger Straße U,26,348112
2026-06-29T16:11:27.056894,Währinger Straße U,26,348629
2026-06-29T16:11:27.056894,Währinger Straße U,26,398826
2026-06-29T16:11:27.056894,Währinger Straße U,26,398820
2026-06-29T16:11:27.056894,Hardtgasse,21,345489
2026-06-29T16:11:27.056894,Hardtgasse,21,345453
2026-06-29T16:11:27.056894,Hardtgasse,21,345377
2026-06-29T16:11:27.056894,Hardtgasse,21,345288
2026-06-29T16:11:27.056894,Hardtgasse,21,345632
2026-06-29T16:11:27.056894,Hardtgasse,21,345596
2026-06-29T16:11:27.056894,Hardtgasse,21,345595
2026-06-29T16:11:27.056894,Hardtgasse,21,346204
2026-06-29T16:11:27.056894,Hardtgasse,21,346136
2026-06-29T16:11:27.056894,Hardtgasse,21,346986
2026-06-29T16:11:27.056894,Hardtgasse,21,346789
2026-06-29T16:11:27.056894,Hardtgasse,21,346727
2026-06-29T16:11:27.056894,Hardtgasse,21,346584
2026-06-29T16:11:27.056894,Hardtgasse,21,346533
2026-06-29T16:11:27.056894,Hardtgasse,21,347418
2026-06-29T16:11:27.056894,Hardtgasse,21,347971
2026-06-29T16:11:27.056894,Hardtgasse,21,347698
2026-06-29T16:11:27.056894,Hardtgasse,21,347681
2026-06-29T16:11:27.056894,Hardtgasse,21,347520
2026-06-29T16:11:27.056894,Hardtgasse,21,398854
2026-06-29T16:11:27.056894,Hardtgasse,21,398776
2026-06-29T16:11:27.056894,Handelskai S U,33,345154
2026-06-29T16:11:27.056894,Handelskai S U,33,345993
2026-06-29T16:11:27.056894,Handelskai S U,33,345656
2026-06-29T16:11:27.056894,Handelskai S U,33,345583
2026-06-29T16:11:27.056894,Handelskai S U,33,345576
2026-06-29T16:11:27.056894,Handelskai S U,33,346278
2026-06-29T16:11:27.056894,Handelskai S U,33,346716
2026-06-29T16:11:27.056894,Handelskai S U,33,346683
2026-06-29T16:11:27.056894,Handelskai S U,33,346512
2026-06-29T16:11:27.056894,Handelskai S U,33,347460
2026-06-29T16:11:27.056894,Handelskai S U,33,347421
2026-06-29T16:11:27.056894,Handelskai S U,33,347256
2026-06-29T16:11:27.056894,Handelskai S U,33,347251
2026-06-29T16:11:27.056894,Handelskai S U,33,347212
2026-06-29T16:11:27.056894,Handelskai S U,33,347996
2026-06-29T16:11:27.056894,Handelskai S U,33,347954
2026-06-29T16:11:27.056894,Handelskai S U,33,347917
2026-06-29T16:11:27.056894,Handelskai S U,33,347771
2026-06-29T16:11:27.056894,Handelskai S U,33,347692
2026-06-29T16:11:27.056894,Handelskai S U,33,347647
2026-06-29T16:11:27.056894,Handelskai S U,33,347507
2026-06-29T16:11:27.056894,Handelskai S U,33,348388
2026-06-29T16:11:27.056894,Handelskai S U,33,348371
2026-06-29T16:11:27.056894,Handelskai S U,33,348343
2026-06-29T16:11:27.056894,Handelskai S U,33,348175
2026-06-29T16:11:27.056894,Handelskai S U,33,348124
2026-06-29T16:11:27.056894,Handelskai S U,33,348710
2026-06-29T16:11:27.056894,Handelskai S U,33,398774
2026-06-29T16:11:27.056894,Handelskai S U,33,348918
2026-06-29T16:11:27.056894,Handelskai S U,33,348884
2026-06-29T16:11:27.056894,Handelskai S U,33,348812
2026-06-29T16:11:27.056894,Handelskai S U,33,348807
2026-06-29T16:11:27.056894,Handelskai S U,33,349188
2026-06-29T16:11:27.056894,Wallensteinplatz,33,345383
2026-06-29T16:11:27.056894,Wallensteinplatz,33,345372
2026-06-29T16:11:27.056894,Wallensteinplatz,33,345127
2026-06-29T16:11:27.056894,Wallensteinplatz,33,345077
2026-06-29T16:11:27.056894,Wallensteinplatz,33,345024
2026-06-29T16:11:27.056894,Wallensteinplatz,33,345016
2026-06-29T16:11:27.056894,Wallensteinplatz,33,345005
2026-06-29T16:11:27.056894,Wallensteinplatz,33,345855
2026-06-29T16:11:27.056894,Wallensteinplatz,33,345724
2026-06-29T16:11:27.056894,Wallensteinplatz,33,345697
2026-06-29T16:11:27.056894,Wallensteinplatz,33,345670
2026-06-29T16:11:27.056894,Wallensteinplatz,33,345624
2026-06-29T16:11:27.056894,Wallensteinplatz,33,345622
2026-06-29T16:11:27.056894,Wallensteinplatz,33,345519
2026-06-29T16:11:27.056894,Wallensteinplatz,33,346477
2026-06-29T16:11:27.056894,Wallensteinplatz,33,346031
2026-06-29T16:11:27.056894,Wallensteinplatz,33,346821
2026-06-29T16:11:27.056894,Wallensteinplatz,33,346620
2026-06-29T16:11:27.056894,Wallensteinplatz,33,346590
2026-06-29T16:11:27.056894,Wallensteinplatz,33,347443
2026-06-29T16:11:27.056894,Wallensteinplatz,33,347300
2026-06-29T16:11:27.056894,Wallensteinplatz,33,347275
2026-06-29T16:11:27.056894,Wallensteinplatz,33,347113
2026-06-29T16:11:27.056894,Wallensteinplatz,33,347067
2026-06-29T16:11:27.056894,Wallensteinplatz,33,347995
2026-06-29T16:11:27.056894,Wallensteinplatz,33,347949
2026-06-29T16:11:27.056894,Wallensteinplatz,33,347568
2026-06-29T16:11:27.056894,Wallensteinplatz,33,348240
2026-06-29T16:11:27.056894,Wallensteinplatz,33,348212
2026-06-29T16:11:27.056894,Wallensteinplatz,33,348118
2026-06-29T16:11:27.056894,Wallensteinplatz,33,348597
2026-06-29T16:11:27.056894,Wallensteinplatz,33,349082
2026-06-29T16:11:27.056894,Wallensteinplatz,33,348976
2026-06-29T16:11:27.056894,Brünner Straße S,9,345498
2026-06-29T16:11:27.056894,Brünner Straße S,9,345492
2026-06-29T16:11:27.056894,Brünner Straße S,9,345071
2026-06-29T16:11:27.056894,Brünner Straße S,9,346044
2026-06-29T16:11:27.056894,Brünner Straße S,9,346949
2026-06-29T16:11:27.056894,Brünner Straße S,9,346845
2026-06-29T16:11:27.056894,Brünner Straße S,9,347438
2026-06-29T16:11:27.056894,Brünner Straße S,9,348571
2026-06-29T16:11:27.056894,Brünner Straße S,9,348540
2026-06-29T16:11:27.056894,Floridsdorf S U,25,345159
2026-06-29T16:11:27.056894,Floridsdorf S U,25,345988
2026-06-29T16:11:27.056894,Floridsdorf S U,25,345683
2026-06-29T16:11:27.056894,Floridsdorf S U,25,345680
2026-06-29T16:11:27.056894,Floridsdorf S U,25,346402
2026-06-29T16:11:27.056894,Floridsdorf S U,25,346319
2026-06-29T16:11:27.056894,Floridsdorf S U,25,346288
2026-06-29T16:11:27.056894,Floridsdorf S U,25,346775
2026-06-29T16:11:27.056894,Floridsdorf S U,25,346627
2026-06-29T16:11:27.056894,Floridsdorf S U,25,347109
2026-06-29T16:11:27.056894,Floridsdorf S U,25,347064
2026-06-29T16:11:27.056894,Floridsdorf S U,25,347570
2026-06-29T16:11:27.056894,Floridsdorf S U,25,347562
2026-06-29T16:11:27.056894,Floridsdorf S U,25,347531
2026-06-29T16:11:27.056894,Floridsdorf S U,25,348480
2026-06-29T16:11:27.056894,Floridsdorf S U,25,348469
2026-06-29T16:11:27.056894,Floridsdorf S U,25,348099
2026-06-29T16:11:27.056894,Floridsdorf S U,25,348694
2026-06-29T16:11:27.056894,Floridsdorf S U,25,348661
2026-06-29T16:11:27.056894,Floridsdorf S U,25,348649
2026-06-29T16:11:27.056894,Floridsdorf S U,25,348628
2026-06-29T16:11:27.056894,Floridsdorf S U,25,348599
2026-06-29T16:11:27.056894,Floridsdorf S U,25,348568
2026-06-29T16:11:27.056894,Floridsdorf S U,25,398856
2026-06-29T16:11:27.056894,Floridsdorf S U,25,398812
2026-06-29T16:11:27.056894,Großfeldsiedlung U,2,346298
2026-06-29T16:11:27.056894,Großfeldsiedlung U,2,347451
2026-06-29T16:11:27.056894,Siemensstraße S,10,345555
2026-06-29T16:11:27.056894,Siemensstraße S,10,346984
2026-06-29T16:11:27.056894,Siemensstraße S,10,347129
2026-06-29T16:11:27.056894,Siemensstraße S,10,348336
2026-06-29T16:11:27.056894,Siemensstraße S,10,348035
2026-06-29T16:11:27.056894,Siemensstraße S,10,348004
2026-06-29T16:11:27.056894,Siemensstraße S,10,348666
2026-06-29T16:11:27.056894,Siemensstraße S,10,398733
2026-06-29T16:11:27.056894,Siemensstraße S,10,348915
2026-06-29T16:11:27.056894,Siemensstraße S,10,349169
2026-06-29T16:11:27.056894,Aspernstraße U,13,345132
2026-06-29T16:11:27.056894,Aspernstraße U,13,345047
2026-06-29T16:11:27.056894,Aspernstraße U,13,345631
2026-06-29T16:11:27.056894,Aspernstraße U,13,346127
2026-06-29T16:11:27.056894,Aspernstraße U,13,346920
2026-06-29T16:11:27.056894,Aspernstraße U,13,347439
2026-06-29T16:11:27.056894,Aspernstraße U,13,347434
2026-06-29T16:11:27.056894,Aspernstraße U,13,347060
2026-06-29T16:11:27.056894,Aspernstraße U,13,347846
2026-06-29T16:11:27.056894,Aspernstraße U,13,347842
2026-06-29T16:11:27.056894,Aspernstraße U,13,347822
2026-06-29T16:11:27.056894,Aspernstraße U,13,347791
2026-06-29T16:11:27.056894,Aspernstraße U,13,398852
2026-06-29T16:11:27.056894,Donauspital U,18,345302
2026-06-29T16:11:27.056894,Donauspital U,18,345141
2026-06-29T16:11:27.056894,Donauspital U,18,345026
2026-06-29T16:11:27.056894,Donauspital U,18,345808
2026-06-29T16:11:27.056894,Donauspital U,18,345712
2026-06-29T16:11:27.056894,Donauspital U,18,345611
2026-06-29T16:11:27.056894,Donauspital U,18,345604
2026-06-29T16:11:27.056894,Donauspital U,18,346335
2026-06-29T16:11:27.056894,Donauspital U,18,346137
2026-06-29T16:11:27.056894,Donauspital U,18,346827
2026-06-29T16:11:27.056894,Donauspital U,18,346633
2026-06-29T16:11:27.056894,Donauspital U,18,347319
2026-06-29T16:11:27.056894,Donauspital U,18,347044
2026-06-29T16:11:27.056894,Donauspital U,18,347961
2026-06-29T16:11:27.056894,Donauspital U,18,347689
2026-06-29T16:11:27.056894,Donauspital U,18,348108
2026-06-29T16:11:27.056894,Donauspital U,18,348026
2026-06-29T16:11:27.056894,Donauspital U,18,348662
2026-06-29T16:11:27.056894,Erzherzog-Karl-Straße S,16,345443
2026-06-29T16:11:27.056894,Erzherzog-Karl-Straße S,16,345207
2026-06-29T16:11:27.056894,Erzherzog-Karl-Straße S,16,345947
2026-06-29T16:11:27.056894,Erzherzog-Karl-Straße S,16,345937
2026-06-29T16:11:27.056894,Erzherzog-Karl-Straße S,16,345741
2026-06-29T16:11:27.056894,Erzherzog-Karl-Straße S,16,346249
2026-06-29T16:11:27.056894,Erzherzog-Karl-Straße S,16,346135
2026-06-29T16:11:27.056894,Erzherzog-Karl-Straße S,16,346994
2026-06-29T16:11:27.056894,Erzherzog-Karl-Straße S,16,346509
2026-06-29T16:11:27.056894,Erzherzog-Karl-Straße S,16,347748
2026-06-29T16:11:27.056894,Erzherzog-Karl-Straße S,16,348413
2026-06-29T16:11:27.056894,Erzherzog-Karl-Straße S,16,348382
2026-06-29T16:11:27.056894,Erzherzog-Karl-Straße S,16,348266
2026-06-29T16:11:27.056894,Erzherzog-Karl-Straße S,16,348128
2026-06-29T16:11:27.056894,Erzherzog-Karl-Straße S,16,348059
2026-06-29T16:11:27.056894,Erzherzog-Karl-Straße S,16,349036
2026-06-29T16:11:27.056894,Hausfeldstraße S U,24,345408
2026-06-29T16:11:27.056894,Hausfeldstraße S U,24,345252
2026-06-29T16:11:27.056894,Hausfeldstraße S U,24,345051
2026-06-29T16:11:27.056894,Hausfeldstraße S U,24,345812
2026-06-29T16:11:27.056894,Hausfeldstraße S U,24,345737
2026-06-29T16:11:27.056894,Hausfeldstraße S U,24,345676
2026-06-29T16:11:27.056894,Hausfeldstraße S U,24,345605
2026-06-29T16:11:27.056894,Hausfeldstraße S U,24,345542
2026-06-29T16:11:27.056894,Hausfeldstraße S U,24,346123
2026-06-29T16:11:27.056894,Hausfeldstraße S U,24,346726
2026-06-29T16:11:27.056894,Hausfeldstraße S U,24,346638
2026-06-29T16:11:27.056894,Hausfeldstraße S U,24,346527
2026-06-29T16:11:27.056894,Hausfeldstraße S U,24,347353
2026-06-29T16:11:27.056894,Hausfeldstraße S U,24,347341
2026-06-29T16:11:27.056894,Hausfeldstraße S U,24,347232
2026-06-29T16:11:27.056894,Hausfeldstraße S U,24,347157
2026-06-29T16:11:27.056894,Hausfeldstraße S U,24,347661
2026-06-29T16:11:27.056894,Hausfeldstraße S U,24,347600
2026-06-29T16:11:27.056894,Hausfeldstraße S U,24,347512
2026-06-29T16:11:27.056894,Hausfeldstraße S U,24,348320
2026-06-29T16:11:27.056894,Hausfeldstraße S U,24,348268
2026-06-29T16:11:27.056894,Hausfeldstraße S U,24,348101
2026-06-29T16:11:27.056894,Hausfeldstraße S U,24,398833
2026-06-29T16:11:27.056894,Hausfeldstraße S U,24,398736
2026-06-29T16:11:27.056894,Kagran U,7,346338
2026-06-29T16:11:27.056894,Kagran U,7,346569
2026-06-29T16:11:27.056894,Kagran U,7,347381
2026-06-29T16:11:27.056894,Kagran U,7,347054
2026-06-29T16:11:27.056894,Kagran U,7,348642
2026-06-29T16:11:27.056894,Kagran U,7,349083
2026-06-29T16:11:27.056894,Kagran U,7,349061
2026-06-29T16:11:27.056894,Maria-Tusch-Straße,26,345468
2026-06-29T16:11:27.056894,Maria-Tusch-Straße,26,345346
2026-06-29T16:11:27.056894,Maria-Tusch-Straße,26,345785
2026-06-29T16:11:27.056894,Maria-Tusch-Straße,26,345730
2026-06-29T16:11:27.056894,Maria-Tusch-Straße,26,345728
2026-06-29T16:11:27.056894,Maria-Tusch-Straße,26,345552
2026-06-29T16:11:27.056894,Maria-Tusch-Straße,26,346416
2026-06-29T16:11:27.056894,Maria-Tusch-Straße,26,346372
2026-06-29T16:11:27.056894,Maria-Tusch-Straße,26,346208
2026-06-29T16:11:27.056894,Maria-Tusch-Straße,26,346143
2026-06-29T16:11:27.056894,Maria-Tusch-Straße,26,346913
2026-06-29T16:11:27.056894,Maria-Tusch-Straße,26,346663
2026-06-29T16:11:27.056894,Maria-Tusch-Straße,26,347474
2026-06-29T16:11:27.056894,Maria-Tusch-Straße,26,347467
2026-06-29T16:11:27.056894,Maria-Tusch-Straße,26,347449
2026-06-29T16:11:27.056894,Maria-Tusch-Straße,26,347345
2026-06-29T16:11:27.056894,Maria-Tusch-Straße,26,347155
2026-06-29T16:11:27.056894,Maria-Tusch-Straße,26,347101
2026-06-29T16:11:27.056894,Maria-Tusch-Straße,26,347083
2026-06-29T16:11:27.056894,Maria-Tusch-Straße,26,347550
2026-06-29T16:11:27.056894,Maria-Tusch-Straße,26,348462
2026-06-29T16:11:27.056894,Maria-Tusch-Straße,26,348416
2026-06-29T16:11:27.056894,Maria-Tusch-Straße,26,348133
2026-06-29T16:11:27.056894,Maria-Tusch-Straße,26,348111
2026-06-29T16:11:27.056894,Maria-Tusch-Straße,26,348658
2026-06-29T16:11:27.056894,Maria-Tusch-Straße,26,398855
2026-06-29T16:11:27.056894,Rennbahnweg U,26,345470
2026-06-29T16:11:27.056894,Rennbahnweg U,26,345313
2026-06-29T16:11:27.056894,Rennbahnweg U,26,345128
2026-06-29T16:11:27.056894,Rennbahnweg U,26,345610
2026-06-29T16:11:27.056894,Rennbahnweg U,26,345573
2026-06-29T16:11:27.056894,Rennbahnweg U,26,345514
2026-06-29T16:11:27.056894,Rennbahnweg U,26,346087
2026-06-29T16:11:27.056894,Rennbahnweg U,26,346970
2026-06-29T16:11:27.056894,Rennbahnweg U,26,346760
2026-06-29T16:11:27.056894,Rennbahnweg U,26,346648
2026-06-29T16:11:27.056894,Rennbahnweg U,26,346642
2026-06-29T16:11:27.056894,Rennbahnweg U,26,346501
2026-06-29T16:11:27.056894,Rennbahnweg U,26,347401
2026-06-29T16:11:27.056894,Rennbahnweg U,26,347364
2026-06-29T16:11:27.056894,Rennbahnweg U,26,347133
2026-06-29T16:11:27.056894,Rennbahnweg U,26,347041
2026-06-29T16:11:27.056894,Rennbahnweg U,26,347918
2026-06-29T16:11:27.056894,Rennbahnweg U,26,347819
2026-06-29T16:11:27.056894,Rennbahnweg U,26,347790
2026-06-29T16:11:27.056894,Rennbahnweg U,26,348346
2026-06-29T16:11:27.056894,Rennbahnweg U,26,348303
2026-06-29T16:11:27.056894,Rennbahnweg U,26,348194
2026-06-29T16:11:27.056894,Rennbahnweg U,26,348032
2026-06-29T16:11:27.056894,Rennbahnweg U,26,348643
2026-06-29T16:11:27.056894,Rennbahnweg U,26,349111
2026-06-29T16:11:27.056894,Rennbahnweg U,26,348977
2026-06-29T16:11:27.056894,Schüttauplatz,2,345438
2026-06-29T16:11:27.056894,Schüttauplatz,2,346213
2026-06-29T16:11:27.056894,Stadlau S U,16,345238
2026-06-29T16:11:27.056894,Stadlau S U,16,345144
2026-06-29T16:11:27.056894,Stadlau S U,16,345826
2026-06-29T16:11:27.056894,Stadlau S U,16,346703
2026-06-29T16:11:27.056894,Stadlau S U,16,346651
2026-06-29T16:11:27.056894,Stadlau S U,16,346632
2026-06-29T16:11:27.056894,Stadlau S U,16,346522
2026-06-29T16:11:27.056894,Stadlau S U,16,347462
2026-06-29T16:11:27.056894,Stadlau S U,16,347303
2026-06-29T16:11:27.056894,Stadlau S U,16,347235
2026-06-29T16:11:27.056894,Stadlau S U,16,347072
2026-06-29T16:11:27.056894,Stadlau S U,16,347015
2026-06-29T16:11:27.056894,Stadlau S U,16,348328
2026-06-29T16:11:27.056894,Stadlau S U,16,348096
2026-06-29T16:11:27.056894,Stadlau S U,16,348689
2026-06-29T16:11:27.056894,Stadlau S U,16,348921
2026-06-29T16:11:27.056894,Kaisermühlen-VIC U,15,345278
2026-06-29T16:11:27.056894,Kaisermühlen-VIC U,15,345989
2026-06-29T16:11:27.056894,Kaisermühlen-VIC U,15,345963
2026-06-29T16:11:27.056894,Kaisermühlen-VIC U,15,346050
2026-06-29T16:11:27.056894,Kaisermühlen-VIC U,15,346041
2026-06-29T16:11:27.056894,Kaisermühlen-VIC U,15,346024
2026-06-29T16:11:27.056894,Kaisermühlen-VIC U,15,346922
2026-06-29T16:11:27.056894,Kaisermühlen-VIC U,15,346646
2026-06-29T16:11:27.056894,Kaisermühlen-VIC U,15,347904
2026-06-29T16:11:27.056894,Kaisermühlen-VIC U,15,347651
2026-06-29T16:11:27.056894,Kaisermühlen-VIC U,15,347595
2026-06-29T16:11:27.056894,Kaisermühlen-VIC U,15,348424
2026-06-29T16:11:27.056894,Kaisermühlen-VIC U,15,348053
2026-06-29T16:11:27.056894,Kaisermühlen-VIC U,15,348663
2026-06-29T16:11:27.056894,Kaisermühlen-VIC U,15,398794
2026-06-29T16:11:27.056894,Kagraner Platz U,23,345494
2026-06-29T16:11:27.056894,Kagraner Platz U,23,345296
2026-06-29T16:11:27.056894,Kagraner Platz U,23,345979
2026-06-29T16:11:27.056894,Kagraner Platz U,23,345818
2026-06-29T16:11:27.056894,Kagraner Platz U,23,346365
2026-06-29T16:11:27.056894,Kagraner Platz U,23,346316
2026-06-29T16:11:27.056894,Kagraner Platz U,23,346947
2026-06-29T16:11:27.056894,Kagraner Platz U,23,346653
2026-06-29T16:11:27.056894,Kagraner Platz U,23,346649
2026-06-29T16:11:27.056894,Kagraner Platz U,23,347471
2026-06-29T16:11:27.056894,Kagraner Platz U,23,347429
2026-06-29T16:11:27.056894,Kagraner Platz U,23,347226
2026-06-29T16:11:27.056894,Kagraner Platz U,23,347185
2026-06-29T16:11:27.056894,Kagraner Platz U,23,347136
2026-06-29T16:11:27.056894,Kagraner Platz U,23,347927
2026-06-29T16:11:27.056894,Kagraner Platz U,23,347845
2026-06-29T16:11:27.056894,Kagraner Platz U,23,347691
2026-06-29T16:11:27.056894,Kagraner Platz U,23,348423
2026-06-29T16:11:27.056894,Kagraner Platz U,23,348355
2026-06-29T16:11:27.056894,Kagraner Platz U,23,348334
2026-06-29T16:11:27.056894,Kagraner Platz U,23,348001
2026-06-29T16:11:27.056894,Kagraner Platz U,23,348690
2026-06-29T16:11:27.056894,Kagraner Platz U,23,348682
2026-06-29T16:11:27.056894,Alterlaa U,10,345123
2026-06-29T16:11:27.056894,Alterlaa U,10,345691
2026-06-29T16:11:27.056894,Alterlaa U,10,345546
2026-06-29T16:11:27.056894,Alterlaa U,10,346860
2026-06-29T16:11:27.056894,Alterlaa U,10,347416
2026-06-29T16:11:27.056894,Alterlaa U,10,347177
2026-06-29T16:11:27.056894,Alterlaa U,10,347925
2026-06-29T16:11:27.056894,Alterlaa U,10,348474
2026-06-29T16:11:27.056894,Alterlaa U,10,348311
2026-06-29T16:11:27.056894,Alterlaa U,10,348252
2026-06-29T16:11:27.056894,Bacherplatz,20,345270
2026-06-29T16:11:27.056894,Bacherplatz,20,345258
2026-06-29T16:11:27.056894,Bacherplatz,20,345135
2026-06-29T16:11:27.056894,Bacherplatz,20,345038
2026-06-29T16:11:27.056894,Bacherplatz,20,345828
2026-06-29T16:11:27.056894,Bacherplatz,20,345739
2026-06-29T16:11:27.056894,Bacherplatz,20,345710
2026-06-29T16:11:27.056894,Bacherplatz,20,346450
2026-06-29T16:11:27.056894,Bacherplatz,20,346364
2026-06-29T16:11:27.056894,Bacherplatz,20,346785
2026-06-29T16:11:27.056894,Bacherplatz,20,346540
2026-06-29T16:11:27.056894,Bacherplatz,20,347417
2026-06-29T16:11:27.056894,Bacherplatz,20,347009
2026-06-29T16:11:27.056894,Bacherplatz,20,347625
2026-06-29T16:11:27.056894,Bacherplatz,20,348452
2026-06-29T16:11:27.056894,Bacherplatz,20,348379
2026-06-29T16:11:27.056894,Bacherplatz,20,348265
2026-06-29T16:11:27.056894,Bacherplatz,20,348160
2026-06-29T16:11:27.056894,Bacherplatz,20,398771
2026-06-29T16:11:27.056894,Bacherplatz,20,349045
2026-06-29T16:11:27.056894,Carl-Appel-Straße,15,345157
2026-06-29T16:11:27.056894,Carl-Appel-Straße,15,346380
2026-06-29T16:11:27.056894,Carl-Appel-Straße,15,346173
2026-06-29T16:11:27.056894,Carl-Appel-Straße,15,346138
2026-06-29T16:11:27.056894,Carl-Appel-Straße,15,346003
2026-06-29T16:11:27.056894,Carl-Appel-Straße,15,347436
2026-06-29T16:11:27.056894,Carl-Appel-Straße,15,347258
2026-06-29T16:11:27.056894,Carl-Appel-Straße,15,347191
2026-06-29T16:11:27.056894,Carl-Appel-Straße,15,347956
2026-06-29T16:11:27.056894,Carl-Appel-Straße,15,347951
2026-06-29T16:11:27.056894,Carl-Appel-Straße,15,347827
2026-06-29T16:11:27.056894,Carl-Appel-Straße,15,347780
2026-06-29T16:11:27.056894,Carl-Appel-Straße,15,347775
2026-06-29T16:11:27.056894,Carl-Appel-Straße,15,348172
2026-06-29T16:11:27.056894,Carl-Appel-Straße,15,348989
2026-06-29T16:11:27.056894,Otto-Probst-Platz,4,345272
2026-06-29T16:11:27.056894,Otto-Probst-Platz,4,345852
2026-06-29T16:11:27.056894,Otto-Probst-Platz,4,346914
2026-06-29T16:11:27.056894,Otto-Probst-Platz,4,348804
2026-06-29T16:11:27.056894,Alaudagasse U,2,345618
2026-06-29T16:11:27.056894,Alaudagasse U,2,347713
2026-06-29T16:11:27.056894,Svetelskystraße,8,345423
2026-06-29T16:11:27.056894,Svetelskystraße,8,345643
2026-06-29T16:11:27.056894,Svetelskystraße,8,346280
2026-06-29T16:11:27.056894,Svetelskystraße,8,346275
2026-06-29T16:11:27.056894,Svetelskystraße,8,346274
2026-06-29T16:11:27.056894,Svetelskystraße,8,347095
2026-06-29T16:11:27.056894,Svetelskystraße,8,347856
2026-06-29T16:11:27.056894,Svetelskystraße,8,348163
2026-06-29T16:11:27.056894,Weißenböckstraße,9,346192
2026-06-29T16:11:27.056894,Weißenböckstraße,9,346804
2026-06-29T16:11:27.056894,Weißenböckstraße,9,346700
2026-06-29T16:11:27.056894,Weißenböckstraße,9,346615
2026-06-29T16:11:27.056894,Weißenböckstraße,9,347631
2026-06-29T16:11:27.056894,Weißenböckstraße,9,347547
2026-06-29T16:11:27.056894,Weißenböckstraße,9,348496
2026-06-29T16:11:27.056894,Weißenböckstraße,9,348213
2026-06-29T16:11:27.056894,Weißenböckstraße,9,348167
2026-06-29T16:11:27.056894,Zentralfriedhof 2. Tor,10,345427
2026-06-29T16:11:27.056894,Zentralfriedhof 2. Tor,10,345698
2026-06-29T16:11:27.056894,Zentralfriedhof 2. Tor,10,345507
2026-06-29T16:11:27.056894,Zentralfriedhof 2. Tor,10,346907
2026-06-29T16:11:27.056894,Zentralfriedhof 2. Tor,10,346799
2026-06-29T16:11:27.056894,Zentralfriedhof 2. Tor,10,347336
2026-06-29T16:11:27.056894,Zentralfriedhof 2. Tor,10,347006
2026-06-29T16:11:27.056894,Zentralfriedhof 2. Tor,10,347957
2026-06-29T16:11:27.056894,Zentralfriedhof 2. Tor,10,347566
2026-06-29T16:11:27.056894,Zentralfriedhof 2. Tor,10,348979
2026-06-29T16:11:27.056894,Simoningplatz,21,345462
2026-06-29T16:11:27.056894,Simoningplatz,21,345446
2026-06-29T16:11:27.056894,Simoningplatz,21,345434
2026-06-29T16:11:27.056894,Simoningplatz,21,345349
2026-06-29T16:11:27.056894,Simoningplatz,21,345256
2026-06-29T16:11:27.056894,Simoningplatz,21,345188
2026-06-29T16:11:27.056894,Simoningplatz,21,345918
2026-06-29T16:11:27.056894,Simoningplatz,21,346496
2026-06-29T16:11:27.056894,Simoningplatz,21,346322
2026-06-29T16:11:27.056894,Simoningplatz,21,346231
2026-06-29T16:11:27.056894,Simoningplatz,21,346069
2026-06-29T16:11:27.056894,Simoningplatz,21,346961
2026-06-29T16:11:27.056894,Simoningplatz,21,346777
2026-06-29T16:11:27.056894,Simoningplatz,21,346748
2026-06-29T16:11:27.056894,Simoningplatz,21,347424
2026-06-29T16:11:27.056894,Simoningplatz,21,347193
2026-06-29T16:11:27.056894,Simoningplatz,21,347180
2026-06-29T16:11:27.056894,Simoningplatz,21,348203
2026-06-29T16:11:27.056894,Simoningplatz,21,398810
2026-06-29T16:11:27.056894,Simoningplatz,21,398763
2026-06-29T16:11:27.056894,Simoningplatz,21,398865
2026-06-29T16:11:27.056894,Etrichstraße,4,346210
2026-06-29T16:11:27.056894,Etrichstraße,4,346784
2026-06-29T16:11:27.056894,Etrichstraße,4,347943
2026-06-29T16:11:27.056894,Etrichstraße,4,348276
2026-06-29T16:11:27.056894,Zippererstraße U,17,345387
2026-06-29T16:11:27.056894,Zippererstraße U,17,345911
2026-06-29T16:11:27.056894,Zippererstraße U,17,345655
2026-06-29T16:11:27.056894,Zippererstraße U,17,346426
2026-06-29T16:11:27.056894,Zippererstraße U,17,346283
2026-06-29T16:11:27.056894,Zippererstraße U,17,346078
2026-06-29T16:11:27.056894,Zippererstraße U,17,346520
2026-06-29T16:11:27.056894,Zippererstraße U,17,347393
2026-06-29T16:11:27.056894,Zippererstraße U,17,347375
2026-06-29T16:11:27.056894,Zippererstraße U,17,347337
2026-06-29T16:11:27.056894,Zippererstraße U,17,347211
2026-06-29T16:11:27.056894,Zippererstraße U,17,347762
2026-06-29T16:11:27.056894,Zippererstraße U,17,347753
2026-06-29T16:11:27.056894,Zippererstraße U,17,348473
2026-06-29T16:11:27.056894,Zippererstraße U,17,348454
2026-06-29T16:11:27.056894,Zippererstraße U,17,348185
2026-06-29T16:11:27.056894,Zippererstraße U,17,348645
2026-06-29T16:11:27.056894,Hetzendorf S / Altmannsdorfer Straße,5,345019
2026-06-29T16:11:27.056894,Hetzendorf S / Altmannsdorfer Straße,5,345578
2026-06-29T16:11:27.056894,Hetzendorf S / Altmannsdorfer Straße,5,347465
2026-06-29T16:11:27.056894,Hetzendorf S / Altmannsdorfer Straße,5,347159
2026-06-29T16:11:27.056894,Hetzendorf S / Altmannsdorfer Straße,5,349034
2026-06-29T16:11:27.056894,Gatterhölzl,16,345003
2026-06-29T16:11:27.056894,Gatterhölzl,16,345667
2026-06-29T16:11:27.056894,Gatterhölzl,16,345658
2026-06-29T16:11:27.056894,Gatterhölzl,16,345511
2026-06-29T16:11:27.056894,Gatterhölzl,16,346945
2026-06-29T16:11:27.056894,Gatterhölzl,16,346806
2026-06-29T16:11:27.056894,Gatterhölzl,16,347367
2026-06-29T16:11:27.056894,Gatterhölzl,16,347755
2026-06-29T16:11:27.056894,Gatterhölzl,16,347721
2026-06-29T16:11:27.056894,Gatterhölzl,16,347658
2026-06-29T16:11:27.056894,Gatterhölzl,16,348289
2026-06-29T16:11:27.056894,Gatterhölzl,16,348110
2026-06-29T16:11:27.056894,Gatterhölzl,16,349029
2026-06-29T16:11:27.056894,Gatterhölzl,16,349017
2026-06-29T16:11:27.056894,Gatterhölzl,16,348887
2026-06-29T16:11:27.056894,Gatterhölzl,16,348872
2026-06-29T16:11:27.056894,Speising S,6,345450
2026-06-29T16:11:27.056894,Speising S,6,345336
2026-06-29T16:11:27.056894,Speising S,6,345931
2026-06-29T16:11:27.056894,Speising S,6,346303
2026-06-29T16:11:27.056894,Speising S,6,347306
2026-06-29T16:11:27.056894,Speising S,6,398828
2026-06-29T16:11:27.056894,Hasnerstraße / Hofferplatz,14,345483
2026-06-29T16:11:27.056894,Hasnerstraße / Hofferplatz,14,345467
2026-06-29T16:11:27.056894,Hasnerstraße / Hofferplatz,14,345409
2026-06-29T16:11:27.056894,Hasnerstraße / Hofferplatz,14,345760
2026-06-29T16:11:27.056894,Hasnerstraße / Hofferplatz,14,345609
2026-06-29T16:11:27.056894,Hasnerstraße / Hofferplatz,14,345586
2026-06-29T16:11:27.056894,Hasnerstraße / Hofferplatz,14,346318
2026-06-29T16:11:27.056894,Hasnerstraße / Hofferplatz,14,346184
2026-06-29T16:11:27.056894,Hasnerstraße / Hofferplatz,14,347363
2026-06-29T16:11:27.056894,Hasnerstraße / Hofferplatz,14,347174
2026-06-29T16:11:27.056894,Hasnerstraße / Hofferplatz,14,347601
2026-06-29T16:11:27.056894,Hasnerstraße / Hofferplatz,14,348287
2026-06-29T16:11:27.056894,Hasnerstraße / Hofferplatz,14,398806
2026-06-29T16:11:27.056894,Hasnerstraße / Hofferplatz,14,348873
2026-06-29T16:11:27.056894,Nietzscheplatz,2,347442
2026-06-29T16:11:27.056894,Nietzscheplatz,2,349166
2026-06-29T16:11:27.056894,Wattgasse,15,345306
2026-06-29T16:11:27.056894,Wattgasse,15,345239
2026-06-29T16:11:27.056894,Wattgasse,15,346481
2026-06-29T16:11:27.056894,Wattgasse,15,346239
2026-06-29T16:11:27.056894,Wattgasse,15,346203
2026-06-29T16:11:27.056894,Wattgasse,15,346108
2026-06-29T16:11:27.056894,Wattgasse,15,346006
2026-06-29T16:11:27.056894,Wattgasse,15,346741
2026-06-29T16:11:27.056894,Wattgasse,15,346595
2026-06-29T16:11:27.056894,Wattgasse,15,346538
2026-06-29T16:11:27.056894,Wattgasse,15,347181
2026-06-29T16:11:27.056894,Wattgasse,15,347985
2026-06-29T16:11:27.056894,Wattgasse,15,348461
2026-06-29T16:11:27.056894,Wattgasse,15,348411
2026-06-29T16:11:27.056894,Wattgasse,15,348176
2026-06-29T16:11:27.056894,Oberdöbling S,16,346431
2026-06-29T16:11:27.056894,Oberdöbling S,16,346258
2026-06-29T16:11:27.056894,Oberdöbling S,16,346162
2026-06-29T16:11:27.056894,Oberdöbling S,16,346154
2026-06-29T16:11:27.056894,Oberdöbling S,16,346610
2026-06-29T16:11:27.056894,Oberdöbling S,16,346581
2026-06-29T16:11:27.056894,Oberdöbling S,16,346528
2026-06-29T16:11:27.056894,Oberdöbling S,16,346511
2026-06-29T16:11:27.056894,Oberdöbling S,16,347457
2026-06-29T16:11:27.056894,Oberdöbling S,16,347361
2026-06-29T16:11:27.056894,Oberdöbling S,16,347667
2026-06-29T16:11:27.056894,Oberdöbling S,16,348333
2026-06-29T16:11:27.056894,Oberdöbling S,16,348226
2026-06-29T16:11:27.056894,Oberdöbling S,16,348677
2026-06-29T16:11:27.056894,Oberdöbling S,16,398766
2026-06-29T16:11:27.056894,Oberdöbling S,16,398728
2026-06-29T16:11:27.056894,Kantnergasse,16,345456
2026-06-29T16:11:27.056894,Kantnergasse,16,345452
2026-06-29T16:11:27.056894,Kantnergasse,16,345010
2026-06-29T16:11:27.056894,Kantnergasse,16,346228
2026-06-29T16:11:27.056894,Kantnergasse,16,346664
2026-06-29T16:11:27.056894,Kantnergasse,16,347450
2026-06-29T16:11:27.056894,Kantnergasse,16,347419
2026-06-29T16:11:27.056894,Kantnergasse,16,347404
2026-06-29T16:11:27.056894,Kantnergasse,16,347338
2026-06-29T16:11:27.056894,Kantnergasse,16,347291
2026-06-29T16:11:27.056894,Kantnergasse,16,347125
2026-06-29T16:11:27.056894,Kantnergasse,16,347091
2026-06-29T16:11:27.056894,Kantnergasse,16,347070
2026-06-29T16:11:27.056894,Kantnergasse,16,347552
2026-06-29T16:11:27.056894,Kantnergasse,16,348069
2026-06-29T16:11:27.056894,Kantnergasse,16,398830
2026-06-29T16:11:27.056894,Leopoldau S U,14,345232
2026-06-29T16:11:27.056894,Leopoldau S U,14,345888
2026-06-29T16:11:27.056894,Leopoldau S U,14,346467
2026-06-29T16:11:27.056894,Leopoldau S U,14,346361
2026-06-29T16:11:27.056894,Leopoldau S U,14,346165
2026-06-29T16:11:27.056894,Leopoldau S U,14,346157
2026-06-29T16:11:27.056894,Leopoldau S U,14,346958
2026-06-29T16:11:27.056894,Leopoldau S U,14,346556
2026-06-29T16:11:27.056894,Leopoldau S U,14,347487
2026-06-29T16:11:27.056894,Leopoldau S U,14,347154
2026-06-29T16:11:27.056894,Leopoldau S U,14,347928
2026-06-29T16:11:27.056894,Leopoldau S U,14,347811
2026-06-29T16:11:27.056894,Leopoldau S U,14,348310
2026-06-29T16:11:27.056894,Leopoldau S U,14,348205
2026-06-29T16:11:27.056894,Josef-Baumann-Gasse,8,345007
2026-06-29T16:11:27.056894,Josef-Baumann-Gasse,8,345006
2026-06-29T16:11:27.056894,Josef-Baumann-Gasse,8,345884
2026-06-29T16:11:27.056894,Josef-Baumann-Gasse,8,346105
2026-06-29T16:11:27.056894,Josef-Baumann-Gasse,8,346042
2026-06-29T16:11:27.056894,Josef-Baumann-Gasse,8,347440
2026-06-29T16:11:27.056894,Josef-Baumann-Gasse,8,347024
2026-06-29T16:11:27.056894,Josef-Baumann-Gasse,8,348543
2026-06-29T16:11:27.056894,Fultonstraße,14,345736
2026-06-29T16:11:27.056894,Fultonstraße,14,345714
2026-06-29T16:11:27.056894,Fultonstraße,14,346039
2026-06-29T16:11:27.056894,Fultonstraße,14,346685
2026-06-29T16:11:27.056894,Fultonstraße,14,347354
2026-06-29T16:11:27.056894,Fultonstraße,14,347231
2026-06-29T16:11:27.056894,Fultonstraße,14,347199
2026-06-29T16:11:27.056894,Fultonstraße,14,347876
2026-06-29T16:11:27.056894,Fultonstraße,14,347813
2026-06-29T16:11:27.056894,Fultonstraße,14,347768
2026-06-29T16:11:27.056894,Fultonstraße,14,348197
2026-06-29T16:11:27.056894,Fultonstraße,14,348184
2026-06-29T16:11:27.056894,Fultonstraße,14,348094
2026-06-29T16:11:27.056894,Fultonstraße,14,348554
2026-06-29T16:11:27.056894,Hopfengasse,12,345271
2026-06-29T16:11:27.056894,Hopfengasse,12,345934
2026-06-29T16:11:27.056894,Hopfengasse,12,346401
2026-06-29T16:11:27.056894,Hopfengasse,12,346557
2026-06-29T16:11:27.056894,Hopfengasse,12,347347
2026-06-29T16:11:27.056894,Hopfengasse,12,347227
2026-06-29T16:11:27.056894,Hopfengasse,12,347903
2026-06-29T16:11:27.056894,Hopfengasse,12,347844
2026-06-29T16:11:27.056894,Hopfengasse,12,347501
2026-06-29T16:11:27.056894,Hopfengasse,12,348625
2026-06-29T16:11:27.056894,Hopfengasse,12,348561
2026-06-29T16:11:27.056894,Hopfengasse,12,348933
2026-06-29T16:11:27.056894,Jedlesee / Bellgasse,7,345344
2026-06-29T16:11:27.056894,Jedlesee / Bellgasse,7,345011
2026-06-29T16:11:27.056894,Jedlesee / Bellgasse,7,348393
2026-06-29T16:11:27.056894,Jedlesee / Bellgasse,7,348357
2026-06-29T16:11:27.056894,Jedlesee / Bellgasse,7,348254
2026-06-29T16:11:27.056894,Jedlesee / Bellgasse,7,348074
2026-06-29T16:11:27.056894,Jedlesee / Bellgasse,7,398742
2026-06-29T16:11:27.056894,Jedleseer Friedhof,20,345333
2026-06-29T16:11:27.056894,Jedleseer Friedhof,20,346391
2026-06-29T16:11:27.056894,Jedleseer Friedhof,20,346863
2026-06-29T16:11:27.056894,Jedleseer Friedhof,20,347499
2026-06-29T16:11:27.056894,Jedleseer Friedhof,20,347437
2026-06-29T16:11:27.056894,Jedleseer Friedhof,20,347295
2026-06-29T16:11:27.056894,Jedleseer Friedhof,20,347205
2026-06-29T16:11:27.056894,Jedleseer Friedhof,20,347018
2026-06-29T16:11:27.056894,Jedleseer Friedhof,20,347861
2026-06-29T16:11:27.056894,Jedleseer Friedhof,20,347572
2026-06-29T16:11:27.056894,Jedleseer Friedhof,20,348435
2026-06-29T16:11:27.056894,Jedleseer Friedhof,20,348391
2026-06-29T16:11:27.056894,Jedleseer Friedhof,20,348168
2026-06-29T16:11:27.056894,Jedleseer Friedhof,20,348155
2026-06-29T16:11:27.056894,Jedleseer Friedhof,20,348675
2026-06-29T16:11:27.056894,Jedleseer Friedhof,20,348660
2026-06-29T16:11:27.056894,Jedleseer Friedhof,20,348600
2026-06-29T16:11:27.056894,Jedleseer Friedhof,20,398839
2026-06-29T16:11:27.056894,Jedleseer Friedhof,20,398778
2026-06-29T16:11:27.056894,Jedleseer Friedhof,20,398725
2026-06-29T16:11:27.056894,Strebersdorf / Meriangasse,8,345015
2026-06-29T16:11:27.056894,Strebersdorf / Meriangasse,8,347257
2026-06-29T16:11:27.056894,Strebersdorf / Meriangasse,8,347005
2026-06-29T16:11:27.056894,Strebersdorf / Meriangasse,8,347879
2026-06-29T16:11:27.056894,Strebersdorf / Meriangasse,8,348498
2026-06-29T16:11:27.056894,Strebersdorf / Meriangasse,8,348479
2026-06-29T16:11:27.056894,Strebersdorf / Meriangasse,8,348237
2026-06-29T16:11:27.056894,Strebersdorf / Meriangasse,8,398835
2026-06-29T16:11:27.056894,Kagraner Anger,21,345388
2026-06-29T16:11:27.056894,Kagraner Anger,21,345980
2026-06-29T16:11:27.056894,Kagraner Anger,21,345506
2026-06-29T16:11:27.056894,Kagraner Anger,21,346468
2026-06-29T16:11:27.056894,Kagraner Anger,21,346454
2026-06-29T16:11:27.056894,Kagraner Anger,21,346130
2026-06-29T16:11:27.056894,Kagraner Anger,21,346065
2026-06-29T16:11:27.056894,Kagraner Anger,21,346883
2026-06-29T16:11:27.056894,Kagraner Anger,21,346879
2026-06-29T16:11:27.056894,Kagraner Anger,21,346871
2026-06-29T16:11:27.056894,Kagraner Anger,21,346768
2026-06-29T16:11:27.056894,Kagraner Anger,21,346552
2026-06-29T16:11:27.056894,Kagraner Anger,21,347298
2026-06-29T16:11:27.056894,Kagraner Anger,21,347277
2026-06-29T16:11:27.056894,Kagraner Anger,21,347930
2026-06-29T16:11:27.056894,Kagraner Anger,21,347851
2026-06-29T16:11:27.056894,Kagraner Anger,21,347715
2026-06-29T16:11:27.056894,Kagraner Anger,21,348239
2026-06-29T16:11:27.056894,Kagraner Anger,21,348138
2026-06-29T16:11:27.056894,Kagraner Anger,21,348130
2026-06-29T16:11:27.056894,Kagraner Anger,21,348031
2026-06-29T16:11:27.056894,mdw Campus,5,345613
2026-06-29T16:11:27.056894,mdw Campus,5,346398
2026-06-29T16:11:27.056894,mdw Campus,5,346771
2026-06-29T16:11:27.056894,mdw Campus,5,347456
2026-06-29T16:11:27.056894,mdw Campus,5,348278
2026-06-29T16:11:27.056894,Stavangergasse,9,345899
2026-06-29T16:11:27.056894,Stavangergasse,9,345862
2026-06-29T16:11:27.056894,Stavangergasse,9,346262
2026-06-29T16:11:27.056894,Stavangergasse,9,347281
2026-06-29T16:11:27.056894,Stavangergasse,9,347697
2026-06-29T16:11:27.056894,Stavangergasse,9,347666
2026-06-29T16:11:27.056894,Stavangergasse,9,348103
2026-06-29T16:11:27.056894,Stavangergasse,9,348681
2026-06-29T16:11:27.056894,Stavangergasse,9,398784
2026-06-29T16:11:27.056894,Hans-Steger-Gasse,16,345199
2026-06-29T16:11:27.056894,Hans-Steger-Gasse,16,345102
2026-06-29T16:11:27.056894,Hans-Steger-Gasse,16,345998
2026-06-29T16:11:27.056894,Hans-Steger-Gasse,16,345848
2026-06-29T16:11:27.056894,Hans-Steger-Gasse,16,345738
2026-06-29T16:11:27.056894,Hans-Steger-Gasse,16,345581
2026-06-29T16:11:27.056894,Hans-Steger-Gasse,16,346152
2026-06-29T16:11:27.056894,Hans-Steger-Gasse,16,346635
2026-06-29T16:11:27.056894,Hans-Steger-Gasse,16,347351
2026-06-29T16:11:27.056894,Hans-Steger-Gasse,16,347271
2026-06-29T16:11:27.056894,Hans-Steger-Gasse,16,347045
2026-06-29T16:11:27.056894,Hans-Steger-Gasse,16,347880
2026-06-29T16:11:27.056894,Hans-Steger-Gasse,16,347794
2026-06-29T16:11:27.056894,Hans-Steger-Gasse,16,348656
2026-06-29T16:11:27.056894,Hans-Steger-Gasse,16,398791
2026-06-29T16:11:27.056894,Hans-Steger-Gasse,16,398750
2026-06-29T16:11:27.056894,Hirschstetten S,15,345392
2026-06-29T16:11:27.056894,Hirschstetten S,15,345995
2026-06-29T16:11:27.056894,Hirschstetten S,15,345700
2026-06-29T16:11:27.056894,Hirschstetten S,15,345687
2026-06-29T16:11:27.056894,Hirschstetten S,15,346148
2026-06-29T16:11:27.056894,Hirschstetten S,15,346747
2026-06-29T16:11:27.056894,Hirschstetten S,15,346712
2026-06-29T16:11:27.056894,Hirschstetten S,15,346623
2026-06-29T16:11:27.056894,Hirschstetten S,15,346561
2026-06-29T16:11:27.056894,Hirschstetten S,15,347030
2026-06-29T16:11:27.056894,Hirschstetten S,15,347674
2026-06-29T16:11:27.056894,Hirschstetten S,15,348495
2026-06-29T16:11:27.056894,Hirschstetten S,15,348575
2026-06-29T16:11:27.056894,Hirschstetten S,15,348541
2026-06-29T16:11:27.056894,Hirschstetten S,15,398746
2026-06-29T16:11:27.056894,Atzgersdorf S,11,345257
2026-06-29T16:11:27.056894,Atzgersdorf S,11,345202
2026-06-29T16:11:27.056894,Atzgersdorf S,11,345137
2026-06-29T16:11:27.056894,Atzgersdorf S,11,345018
2026-06-29T16:11:27.056894,Atzgersdorf S,11,345535
2026-06-29T16:11:27.056894,Atzgersdorf S,11,346214
2026-06-29T16:11:27.056894,Atzgersdorf S,11,347567
2026-06-29T16:11:27.056894,Atzgersdorf S,11,348156
2026-06-29T16:11:27.056894,Atzgersdorf S,11,398825
2026-06-29T16:11:27.056894,Atzgersdorf S,11,398793
2026-06-29T16:11:27.056894,Atzgersdorf S,11,348831
2026-06-29T16:11:27.056894,Siebenhirten U,12,345295
2026-06-29T16:11:27.056894,Siebenhirten U,12,345245
2026-06-29T16:11:27.056894,Siebenhirten U,12,345652
2026-06-29T16:11:27.056894,Siebenhirten U,12,346382
2026-06-29T16:11:27.056894,Siebenhirten U,12,346216
2026-06-29T16:11:27.056894,Siebenhirten U,12,346089
2026-06-29T16:11:27.056894,Siebenhirten U,12,346774
2026-06-29T16:11:27.056894,Siebenhirten U,12,346637
2026-06-29T16:11:27.056894,Siebenhirten U,12,347986
2026-06-29T16:11:27.056894,Siebenhirten U,12,347744
2026-06-29T16:11:27.056894,Siebenhirten U,12,348483
2026-06-29T16:11:27.056894,Siebenhirten U,12,348516
2026-06-29T16:11:27.056894,Erlaaer Straße U,13,345361
2026-06-29T16:11:27.056894,Erlaaer Straße U,13,345351
2026-06-29T16:11:27.056894,Erlaaer Straße U,13,346002
2026-06-29T16:11:27.056894,Erlaaer Straße U,13,346915
2026-06-29T16:11:27.056894,Erlaaer Straße U,13,346696
2026-06-29T16:11:27.056894,Erlaaer Straße U,13,346666
2026-06-29T16:11:27.056894,Erlaaer Straße U,13,346513
2026-06-29T16:11:27.056894,Erlaaer Straße U,13,347287
2026-06-29T16:11:27.056894,Erlaaer Straße U,13,347148
2026-06-29T16:11:27.056894,Erlaaer Straße U,13,347905
2026-06-29T16:11:27.056894,Erlaaer Straße U,13,347665
2026-06-29T16:11:27.056894,Erlaaer Straße U,13,347544
2026-06-29T16:11:27.056894,Erlaaer Straße U,13,398764
2026-06-29T16:11:27.056894,Perfektastraße U,6,345515
2026-06-29T16:11:27.056894,Perfektastraße U,6,346409
2026-06-29T16:11:27.056894,Perfektastraße U,6,346268
2026-06-29T16:11:27.056894,Perfektastraße U,6,346759
2026-06-29T16:11:27.056894,Perfektastraße U,6,347239
2026-06-29T16:11:27.056894,Perfektastraße U,6,348134
2026-06-29T16:11:27.056894,Meidling S U / Vivenotgasse,12,345184
2026-06-29T16:11:27.056894,Meidling S U / Vivenotgasse,12,345606
2026-06-29T16:11:27.056894,Meidling S U / Vivenotgasse,12,346758
2026-06-29T16:11:27.056894,Meidling S U / Vivenotgasse,12,346645
2026-06-29T16:11:27.056894,Meidling S U / Vivenotgasse,12,346510
2026-06-29T16:11:27.056894,Meidling S U / Vivenotgasse,12,347103
2026-06-29T16:11:27.056894,Meidling S U / Vivenotgasse,12,347731
2026-06-29T16:11:27.056894,Meidling S U / Vivenotgasse,12,347659
2026-06-29T16:11:27.056894,Meidling S U / Vivenotgasse,12,347604
2026-06-29T16:11:27.056894,Meidling S U / Vivenotgasse,12,348497
2026-06-29T16:11:27.056894,Meidling S U / Vivenotgasse,12,348227
2026-06-29T16:11:27.056894,Meidling S U / Vivenotgasse,12,348696
2026-06-29T16:11:27.056894,Praterstern Ausstellungsstraße,6,345312
2026-06-29T16:11:27.056894,Praterstern Ausstellungsstraße,6,345062
2026-06-29T16:11:27.056894,Praterstern Ausstellungsstraße,6,346938
2026-06-29T16:11:27.056894,Praterstern Ausstellungsstraße,6,347118
2026-06-29T16:11:27.056894,Praterstern Ausstellungsstraße,6,347773
2026-06-29T16:11:27.056894,Praterstern Ausstellungsstraße,6,348635
2026-06-29T16:11:27.056894,Muthgasse,4,345966
2026-06-29T16:11:27.056894,Muthgasse,4,345678
2026-06-29T16:11:27.056894,Muthgasse,4,348522
2026-06-29T16:11:27.056894,Muthgasse,4,349180
2026-06-29T16:11:27.056894,Aspern Nord S U,10,345486
2026-06-29T16:11:27.056894,Aspern Nord S U,10,345837
2026-06-29T16:11:27.056894,Aspern Nord S U,10,345781
2026-06-29T16:11:27.056894,Aspern Nord S U,10,345528
2026-06-29T16:11:27.056894,Aspern Nord S U,10,346289
2026-06-29T16:11:27.056894,Aspern Nord S U,10,346655
2026-06-29T16:11:27.056894,Aspern Nord S U,10,347342
2026-06-29T16:11:27.056894,Aspern Nord S U,10,347929
2026-06-29T16:11:27.056894,Aspern Nord S U,10,348470
2026-06-29T16:11:27.056894,Aspern Nord S U,10,348290
2026-06-29T16:11:27.056894,Seepark,1,346596
2026-06-29T16:11:27.056894,Seestadt U,3,346019
2026-06-29T16:11:27.056894,Seestadt U,3,347835
2026-06-29T16:11:27.056894,Seestadt U,3,348349
2026-06-29T16:11:27.056894,Schwedenplatz U,2,346377
2026-06-29T16:11:27.056894,Schwedenplatz U,2,398850
2026-06-29T16:11:27.056894,Kultursommer26 - Waldmüllerpark,2,345287
2026-06-29T16:11:27.056894,Kultursommer26 - Waldmüllerpark,2,348667
2026-06-29T16:11:27.056894,Stubentor U,7,346928
2026-06-29T16:11:27.056894,Stubentor U,7,346574
2026-06-29T16:11:27.056894,Stubentor U,7,347455
2026-06-29T16:11:27.056894,Stubentor U,7,347236
2026-06-29T16:11:27.056894,Stubentor U,7,347897
2026-06-29T16:11:27.056894,Stubentor U,7,348109
2026-06-29T16:11:27.056894,Stubentor U,7,349091
2026-06-29T16:11:27.056894,Praterstern S U,33,345096
2026-06-29T16:11:27.056894,Praterstern S U,33,345076
2026-06-29T16:11:27.056894,Praterstern S U,33,345684
2026-06-29T16:11:27.056894,Praterstern S U,33,345612
2026-06-29T16:11:27.056894,Praterstern S U,33,346493
2026-06-29T16:11:27.056894,Praterstern S U,33,346313
2026-06-29T16:11:27.056894,Praterstern S U,33,346310
2026-06-29T16:11:27.056894,Praterstern S U,33,346302
2026-06-29T16:11:27.056894,Praterstern S U,33,346985
2026-06-29T16:11:27.056894,Praterstern S U,33,346952
2026-06-29T16:11:27.056894,Praterstern S U,33,346942
2026-06-29T16:11:27.056894,Praterstern S U,33,346900
2026-06-29T16:11:27.056894,Praterstern S U,33,346709
2026-06-29T16:11:27.056894,Praterstern S U,33,346678
2026-06-29T16:11:27.056894,Praterstern S U,33,347491
2026-06-29T16:11:27.056894,Praterstern S U,33,347220
2026-06-29T16:11:27.056894,Praterstern S U,33,347216
2026-06-29T16:11:27.056894,Praterstern S U,33,347149
2026-06-29T16:11:27.056894,Praterstern S U,33,347825
2026-06-29T16:11:27.056894,Praterstern S U,33,347728
2026-06-29T16:11:27.056894,Praterstern S U,33,347655
2026-06-29T16:11:27.056894,Praterstern S U,33,347533
2026-06-29T16:11:27.056894,Praterstern S U,33,348477
2026-06-29T16:11:27.056894,Praterstern S U,33,348439
2026-06-29T16:11:27.056894,Praterstern S U,33,348302
2026-06-29T16:11:27.056894,Praterstern S U,33,348244
2026-06-29T16:11:27.056894,Praterstern S U,33,348030
2026-06-29T16:11:27.056894,Praterstern S U,33,348707
2026-06-29T16:11:27.056894,Praterstern S U,33,348676
2026-06-29T16:11:27.056894,Praterstern S U,33,348623
2026-06-29T16:11:27.056894,Praterstern S U,33,398797
2026-06-29T16:11:27.056894,Praterstern S U,33,349068
2026-06-29T16:11:27.056894,Praterstern S U,33,348820
2026-06-29T16:11:27.056894,Rustengasse,6,345440
2026-06-29T16:11:27.056894,Rustengasse,6,346965
2026-06-29T16:11:27.056894,Rustengasse,6,346625
2026-06-29T16:11:27.056894,Rustengasse,6,347001
2026-06-29T16:11:27.056894,Rustengasse,6,347923
2026-06-29T16:11:27.056894,Rustengasse,6,398823
2026-06-29T16:11:27.056894,Heiligenstadt S U,4,345043
2026-06-29T16:11:27.056894,Heiligenstadt S U,4,346235
2026-06-29T16:11:27.056894,Heiligenstadt S U,4,347701
2026-06-29T16:11:27.056894,Heiligenstadt S U,4,348015
2026-06-29T16:11:27.056894,Breitensee S,27,345484
2026-06-29T16:11:27.056894,Breitensee S,27,345178
2026-06-29T16:11:27.056894,Breitensee S,27,345173
2026-06-29T16:11:27.056894,Breitensee S,27,345088
2026-06-29T16:11:27.056894,Breitensee S,27,345952
2026-06-29T16:11:27.056894,Breitensee S,27,345932
2026-06-29T16:11:27.056894,Breitensee S,27,345856
2026-06-29T16:11:27.056894,Breitensee S,27,345662
2026-06-29T16:11:27.056894,Breitensee S,27,346494
2026-06-29T16:11:27.056894,Breitensee S,27,346417
2026-06-29T16:11:27.056894,Breitensee S,27,346336
2026-06-29T16:11:27.056894,Breitensee S,27,346215
2026-06-29T16:11:27.056894,Breitensee S,27,346141
2026-06-29T16:11:27.056894,Breitensee S,27,346037
2026-06-29T16:11:27.056894,Breitensee S,27,346941
2026-06-29T16:11:27.056894,Breitensee S,27,346713
2026-06-29T16:11:27.056894,Breitensee S,27,346659
2026-06-29T16:11:27.056894,Breitensee S,27,347346
2026-06-29T16:11:27.056894,Breitensee S,27,347333
2026-06-29T16:11:27.056894,Breitensee S,27,348451
2026-06-29T16:11:27.056894,Breitensee S,27,348178
2026-06-29T16:11:27.056894,Breitensee S,27,348116
2026-06-29T16:11:27.056894,Breitensee S,27,348063
2026-06-29T16:11:27.056894,Breitensee S,27,348586
2026-06-29T16:11:27.056894,Breitensee S,27,348538
2026-06-29T16:11:27.056894,Breitensee S,27,398718
2026-06-29T16:11:27.056894,Breitensee S,27,348862
2026-06-29T16:11:27.056894,Hütteldorf S U,11,345331
2026-06-29T16:11:27.056894,Hütteldorf S U,11,345119
2026-06-29T16:11:27.056894,Hütteldorf S U,11,345035
2026-06-29T16:11:27.056894,Hütteldorf S U,11,345766
2026-06-29T16:11:27.056894,Hütteldorf S U,11,346989
2026-06-29T16:11:27.056894,Hütteldorf S U,11,346801
2026-06-29T16:11:27.056894,Hütteldorf S U,11,346503
2026-06-29T16:11:27.056894,Hütteldorf S U,11,347488
2026-06-29T16:11:27.056894,Hütteldorf S U,11,347392
2026-06-29T16:11:27.056894,Hütteldorf S U,11,347916
2026-06-29T16:11:27.056894,Hütteldorf S U,11,347909
2026-06-29T16:11:27.056894,Rathaus U,6,345156
2026-06-29T16:11:27.056894,Rathaus U,6,346097
2026-06-29T16:11:27.056894,Rathaus U,6,346070
2026-06-29T16:11:27.056894,Rathaus U,6,346977
2026-06-29T16:11:27.056894,Rathaus U,6,347320
2026-06-29T16:11:27.056894,Rathaus U,6,347908
2026-06-29T16:11:27.056894,Hans-Mandl-Berufsschule,12,345085
2026-06-29T16:11:27.056894,Hans-Mandl-Berufsschule,12,345756
2026-06-29T16:11:27.056894,Hans-Mandl-Berufsschule,12,346430
2026-06-29T16:11:27.056894,Hans-Mandl-Berufsschule,12,346715
2026-06-29T16:11:27.056894,Hans-Mandl-Berufsschule,12,346605
2026-06-29T16:11:27.056894,Hans-Mandl-Berufsschule,12,347387
2026-06-29T16:11:27.056894,Hans-Mandl-Berufsschule,12,347379
2026-06-29T16:11:27.056894,Hans-Mandl-Berufsschule,12,347218
2026-06-29T16:11:27.056894,Hans-Mandl-Berufsschule,12,347201
2026-06-29T16:11:27.056894,Hans-Mandl-Berufsschule,12,347128
2026-06-29T16:11:27.056894,Hans-Mandl-Berufsschule,12,347820
2026-06-29T16:11:27.056894,Hans-Mandl-Berufsschule,12,398849
2026-06-29T16:11:27.056894,Schloss Schönbrunn,35,345459
2026-06-29T16:11:27.056894,Schloss Schönbrunn,35,345451
2026-06-29T16:11:27.056894,Schloss Schönbrunn,35,345431
2026-06-29T16:11:27.056894,Schloss Schönbrunn,35,345356
2026-06-29T16:11:27.056894,Schloss Schönbrunn,35,345290
2026-06-29T16:11:27.056894,Schloss Schönbrunn,35,345203
2026-06-29T16:11:27.056894,Schloss Schönbrunn,35,345115
2026-06-29T16:11:27.056894,Schloss Schönbrunn,35,345946
2026-06-29T16:11:27.056894,Schloss Schönbrunn,35,345929
2026-06-29T16:11:27.056894,Schloss Schönbrunn,35,345898
2026-06-29T16:11:27.056894,Schloss Schönbrunn,35,345889
2026-06-29T16:11:27.056894,Schloss Schönbrunn,35,345880
2026-06-29T16:11:27.056894,Schloss Schönbrunn,35,345879
2026-06-29T16:11:27.056894,Schloss Schönbrunn,35,345868
2026-06-29T16:11:27.056894,Schloss Schönbrunn,35,345840
2026-06-29T16:11:27.056894,Schloss Schönbrunn,35,345835
2026-06-29T16:11:27.056894,Schloss Schönbrunn,35,346242
2026-06-29T16:11:27.056894,Schloss Schönbrunn,35,346221
2026-06-29T16:11:27.056894,Schloss Schönbrunn,35,346189
2026-06-29T16:11:27.056894,Schloss Schönbrunn,35,346121
2026-06-29T16:11:27.056894,Schloss Schönbrunn,35,346101
2026-06-29T16:11:27.056894,Schloss Schönbrunn,35,346007
2026-06-29T16:11:27.056894,Schloss Schönbrunn,35,346568
2026-06-29T16:11:27.056894,Schloss Schönbrunn,35,347447
2026-06-29T16:11:27.056894,Schloss Schönbrunn,35,347356
2026-06-29T16:11:27.056894,Schloss Schönbrunn,35,347010
2026-06-29T16:11:27.056894,Schloss Schönbrunn,35,347993
2026-06-29T16:11:27.056894,Schloss Schönbrunn,35,347979
2026-06-29T16:11:27.056894,Schloss Schönbrunn,35,347767
2026-06-29T16:11:27.056894,Schloss Schönbrunn,35,347751
2026-06-29T16:11:27.056894,Schloss Schönbrunn,35,347538
2026-06-29T16:11:27.056894,Schloss Schönbrunn,35,348114
2026-06-29T16:11:27.056894,Schloss Schönbrunn,35,348025
2026-06-29T16:11:27.056894,Schloss Schönbrunn,35,348012
2026-06-29T16:11:27.056894,Schloss Schönbrunn,35,348670
2026-06-29T16:11:27.056894,Eslarngasse / Juchgasse,4,345265
2026-06-29T16:11:27.056894,Eslarngasse / Juchgasse,4,347445
2026-06-29T16:11:27.056894,Eslarngasse / Juchgasse,4,347889
2026-06-29T16:11:27.056894,Eslarngasse / Juchgasse,4,348447
2026-06-29T16:11:27.056894,Plößlgasse / Belvedere,28,345432
2026-06-29T16:11:27.056894,Plößlgasse / Belvedere,28,345194
2026-06-29T16:11:27.056894,Plößlgasse / Belvedere,28,345031
2026-06-29T16:11:27.056894,Plößlgasse / Belvedere,28,345990
2026-06-29T16:11:27.056894,Plößlgasse / Belvedere,28,345677
2026-06-29T16:11:27.056894,Plößlgasse / Belvedere,28,345572
2026-06-29T16:11:27.056894,Plößlgasse / Belvedere,28,346458
2026-06-29T16:11:27.056894,Plößlgasse / Belvedere,28,346057
2026-06-29T16:11:27.056894,Plößlgasse / Belvedere,28,346969
2026-06-29T16:11:27.056894,Plößlgasse / Belvedere,28,346919
2026-06-29T16:11:27.056894,Plößlgasse / Belvedere,28,346733
2026-06-29T16:11:27.056894,Plößlgasse / Belvedere,28,346688
2026-06-29T16:11:27.056894,Plößlgasse / Belvedere,28,346624
2026-06-29T16:11:27.056894,Plößlgasse / Belvedere,28,346585
2026-06-29T16:11:27.056894,Plößlgasse / Belvedere,28,346541
2026-06-29T16:11:27.056894,Plößlgasse / Belvedere,28,347397
2026-06-29T16:11:27.056894,Plößlgasse / Belvedere,28,347384
2026-06-29T16:11:27.056894,Plößlgasse / Belvedere,28,347069
2026-06-29T16:11:27.056894,Plößlgasse / Belvedere,28,347940
2026-06-29T16:11:27.056894,Plößlgasse / Belvedere,28,347797
2026-06-29T16:11:27.056894,Plößlgasse / Belvedere,28,348431
2026-06-29T16:11:27.056894,Plößlgasse / Belvedere,28,348253
2026-06-29T16:11:27.056894,Plößlgasse / Belvedere,28,348249
2026-06-29T16:11:27.056894,Plößlgasse / Belvedere,28,348190
2026-06-29T16:11:27.056894,Plößlgasse / Belvedere,28,348132
2026-06-29T16:11:27.056894,Plößlgasse / Belvedere,28,348702
2026-06-29T16:11:27.056894,Plößlgasse / Belvedere,28,348612
2026-06-29T16:11:27.056894,Plößlgasse / Belvedere,28,398738
2026-06-29T16:11:27.056894,Sankt-Elisabeth-Platz,12,345477
2026-06-29T16:11:27.056894,Sankt-Elisabeth-Platz,12,345394
2026-06-29T16:11:27.056894,Sankt-Elisabeth-Platz,12,345327
2026-06-29T16:11:27.056894,Sankt-Elisabeth-Platz,12,346223
2026-06-29T16:11:27.056894,Sankt-Elisabeth-Platz,12,346901
2026-06-29T16:11:27.056894,Sankt-Elisabeth-Platz,12,346507
2026-06-29T16:11:27.056894,Sankt-Elisabeth-Platz,12,347335
2026-06-29T16:11:27.056894,Sankt-Elisabeth-Platz,12,347106
2026-06-29T16:11:27.056894,Sankt-Elisabeth-Platz,12,347026
2026-06-29T16:11:27.056894,Sankt-Elisabeth-Platz,12,347808
2026-06-29T16:11:27.056894,Sankt-Elisabeth-Platz,12,347551
2026-06-29T16:11:27.056894,Sankt-Elisabeth-Platz,12,348192
2026-06-29T16:11:27.056894,Laudongasse / Schönbornpark,2,346680
2026-06-29T16:11:27.056894,Laudongasse / Schönbornpark,2,398726
2026-06-29T16:11:27.056894,Rossauer Lände U,8,345140
2026-06-29T16:11:27.056894,Rossauer Lände U,8,346628
2026-06-29T16:11:27.056894,Rossauer Lände U,8,347348
2026-06-29T16:11:27.056894,Rossauer Lände U,8,348373
2026-06-29T16:11:27.056894,Rossauer Lände U,8,348286
2026-06-29T16:11:27.056894,Rossauer Lände U,8,348549
2026-06-29T16:11:27.056894,Rossauer Lände U,8,348927
2026-06-29T16:11:27.056894,Rossauer Lände U,8,348922
2026-06-29T16:11:27.056894,Lazarettgasse,23,345097
2026-06-29T16:11:27.056894,Lazarettgasse,23,345915
2026-06-29T16:11:27.056894,Lazarettgasse,23,345645
2026-06-29T16:11:27.056894,Lazarettgasse,23,345644
2026-06-29T16:11:27.056894,Lazarettgasse,23,346499
2026-06-29T16:11:27.056894,Lazarettgasse,23,346497
2026-06-29T16:11:27.056894,Lazarettgasse,23,346422
2026-06-29T16:11:27.056894,Lazarettgasse,23,346312
2026-06-29T16:11:27.056894,Lazarettgasse,23,346309
2026-06-29T16:11:27.056894,Lazarettgasse,23,346284
2026-06-29T16:11:27.056894,Lazarettgasse,23,346185
2026-06-29T16:11:27.056894,Lazarettgasse,23,346818
2026-06-29T16:11:27.056894,Lazarettgasse,23,346779
2026-06-29T16:11:27.056894,Lazarettgasse,23,347473
2026-06-29T16:11:27.056894,Lazarettgasse,23,347187
2026-06-29T16:11:27.056894,Lazarettgasse,23,347074
2026-06-29T16:11:27.056894,Lazarettgasse,23,347850
2026-06-29T16:11:27.056894,Lazarettgasse,23,347705
2026-06-29T16:11:27.056894,Lazarettgasse,23,347676
2026-06-29T16:11:27.056894,Lazarettgasse,23,348323
2026-06-29T16:11:27.056894,Lazarettgasse,23,348183
2026-06-29T16:11:27.056894,Lazarettgasse,23,348008
2026-06-29T16:11:27.056894,Lazarettgasse,23,398799
2026-06-29T16:11:27.056894,Edelsinnstraße,1,349014
2026-06-29T16:11:27.056894,Karlsplatz U / TU Wien,27,345463
2026-06-29T16:11:27.056894,Karlsplatz U / TU Wien,27,345210
2026-06-29T16:11:27.056894,Karlsplatz U / TU Wien,27,345186
2026-06-29T16:11:27.056894,Karlsplatz U / TU Wien,27,345985
2026-06-29T16:11:27.056894,Karlsplatz U / TU Wien,27,345834
2026-06-29T16:11:27.056894,Karlsplatz U / TU Wien,27,345703
2026-06-29T16:11:27.056894,Karlsplatz U / TU Wien,27,345503
2026-06-29T16:11:27.056894,Karlsplatz U / TU Wien,27,346333
2026-06-29T16:11:27.056894,Karlsplatz U / TU Wien,27,346307
2026-06-29T16:11:27.056894,Karlsplatz U / TU Wien,27,346090
2026-06-29T16:11:27.056894,Karlsplatz U / TU Wien,27,346886
2026-06-29T16:11:27.056894,Karlsplatz U / TU Wien,27,347420
2026-06-29T16:11:27.056894,Karlsplatz U / TU Wien,27,347399
2026-06-29T16:11:27.056894,Karlsplatz U / TU Wien,27,347366
2026-06-29T16:11:27.056894,Karlsplatz U / TU Wien,27,347301
2026-06-29T16:11:27.056894,Karlsplatz U / TU Wien,27,347269
2026-06-29T16:11:27.056894,Karlsplatz U / TU Wien,27,347190
2026-06-29T16:11:27.056894,Karlsplatz U / TU Wien,27,347019
2026-06-29T16:11:27.056894,Karlsplatz U / TU Wien,27,347805
2026-06-29T16:11:27.056894,Karlsplatz U / TU Wien,27,348422
2026-06-29T16:11:27.056894,Karlsplatz U / TU Wien,27,348418
2026-06-29T16:11:27.056894,Karlsplatz U / TU Wien,27,348386
2026-06-29T16:11:27.056894,Karlsplatz U / TU Wien,27,348322
2026-06-29T16:11:27.056894,Karlsplatz U / TU Wien,27,348301
2026-06-29T16:11:27.056894,Karlsplatz U / TU Wien,27,348153
2026-06-29T16:11:27.056894,Karlsplatz U / TU Wien,27,348581
2026-06-29T16:11:27.056894,Karlsplatz U / TU Wien,27,348925
2026-06-29T16:11:27.056894,Amerlingstraße,1,348997
2026-06-29T16:11:27.056894,Albertgasse,3,346110
2026-06-29T16:11:27.056894,Albertgasse,3,347192
2026-06-29T16:11:27.056894,Albertgasse,3,348312
2026-06-29T16:11:27.056894,Universitätsring,22,345129
2026-06-29T16:11:27.056894,Universitätsring,22,345033
2026-06-29T16:11:27.056894,Universitätsring,22,345967
2026-06-29T16:11:27.056894,Universitätsring,22,345924
2026-06-29T16:11:27.056894,Universitätsring,22,345894
2026-06-29T16:11:27.056894,Universitätsring,22,345627
2026-06-29T16:11:27.056894,Universitätsring,22,345584
2026-06-29T16:11:27.056894,Universitätsring,22,346474
2026-06-29T16:11:27.056894,Universitätsring,22,346272
2026-06-29T16:11:27.056894,Universitätsring,22,346015
2026-06-29T16:11:27.056894,Universitätsring,22,346998
2026-06-29T16:11:27.056894,Universitätsring,22,346980
2026-06-29T16:11:27.056894,Universitätsring,22,346662
2026-06-29T16:11:27.056894,Universitätsring,22,347378
2026-06-29T16:11:27.056894,Universitätsring,22,347947
2026-06-29T16:11:27.056894,Universitätsring,22,347871
2026-06-29T16:11:27.056894,Universitätsring,22,347678
2026-06-29T16:11:27.056894,Universitätsring,22,347591
2026-06-29T16:11:27.056894,Universitätsring,22,348421
2026-06-29T16:11:27.056894,Universitätsring,22,348335
2026-06-29T16:11:27.056894,Universitätsring,22,398788
2026-06-29T16:11:27.056894,Universitätsring,22,398786
2026-06-29T16:11:27.056894,Herrengasse U,3,345124
2026-06-29T16:11:27.056894,Herrengasse U,3,347405
2026-06-29T16:11:27.056894,Herrengasse U,3,398811
2026-06-29T16:11:27.056894,Sensengasse,19,345354
2026-06-29T16:11:27.056894,Sensengasse,19,345209
2026-06-29T16:11:27.056894,Sensengasse,19,345084
2026-06-29T16:11:27.056894,Sensengasse,19,345049
2026-06-29T16:11:27.056894,Sensengasse,19,345991
2026-06-29T16:11:27.056894,Sensengasse,19,345795
2026-06-29T16:11:27.056894,Sensengasse,19,345517
2026-06-29T16:11:27.056894,Sensengasse,19,346328
2026-06-29T16:11:27.056894,Sensengasse,19,346067
2026-06-29T16:11:27.056894,Sensengasse,19,347140
2026-06-29T16:11:27.056894,Sensengasse,19,347116
2026-06-29T16:11:27.056894,Sensengasse,19,347987
2026-06-29T16:11:27.056894,Sensengasse,19,347941
2026-06-29T16:11:27.056894,Sensengasse,19,347881
2026-06-29T16:11:27.056894,Sensengasse,19,347834
2026-06-29T16:11:27.056894,Sensengasse,19,347580
2026-06-29T16:11:27.056894,Sensengasse,19,348429
2026-06-29T16:11:27.056894,Sensengasse,19,348207
2026-06-29T16:11:27.056894,Sensengasse,19,348631
2026-06-29T16:11:27.056894,Belgradplatz,6,345166
2026-06-29T16:11:27.056894,Belgradplatz,6,345619
2026-06-29T16:11:27.056894,Belgradplatz,6,346794
2026-06-29T16:11:27.056894,Belgradplatz,6,347165
2026-06-29T16:11:27.056894,Belgradplatz,6,347806
2026-06-29T16:11:27.056894,Belgradplatz,6,348123
2026-06-29T16:11:27.056894,Rathausplatz / Burgtheater,2,345441
2026-06-29T16:11:27.056894,Rathausplatz / Burgtheater,2,347208
2026-06-29T16:11:27.056894,Arbeitergasse - Gürtel,19,345926
2026-06-29T16:11:27.056894,Arbeitergasse - Gürtel,19,345914
2026-06-29T16:11:27.056894,Arbeitergasse - Gürtel,19,345886
2026-06-29T16:11:27.056894,Arbeitergasse - Gürtel,19,345711
2026-06-29T16:11:27.056894,Arbeitergasse - Gürtel,19,346362
2026-06-29T16:11:27.056894,Arbeitergasse - Gürtel,19,346340
2026-06-29T16:11:27.056894,Arbeitergasse - Gürtel,19,346339
2026-06-29T16:11:27.056894,Arbeitergasse - Gürtel,19,346807
2026-06-29T16:11:27.056894,Arbeitergasse - Gürtel,19,347464
2026-06-29T16:11:27.056894,Arbeitergasse - Gürtel,19,347316
2026-06-29T16:11:27.056894,Arbeitergasse - Gürtel,19,347265
2026-06-29T16:11:27.056894,Arbeitergasse - Gürtel,19,347188
2026-06-29T16:11:27.056894,Arbeitergasse - Gürtel,19,347752
2026-06-29T16:11:27.056894,Arbeitergasse - Gürtel,19,347652
2026-06-29T16:11:27.056894,Arbeitergasse - Gürtel,19,347561
2026-06-29T16:11:27.056894,Arbeitergasse - Gürtel,19,348102
2026-06-29T16:11:27.056894,Arbeitergasse - Gürtel,19,348011
2026-06-29T16:11:27.056894,Arbeitergasse - Gürtel,19,348639
2026-06-29T16:11:27.056894,Arbeitergasse - Gürtel,19,398745
2026-06-29T16:11:27.056894,Bauernfeldplatz / Palais Lichtenstein,18,345305
2026-06-29T16:11:27.056894,Bauernfeldplatz / Palais Lichtenstein,18,345201
2026-06-29T16:11:27.056894,Bauernfeldplatz / Palais Lichtenstein,18,345699
2026-06-29T16:11:27.056894,Bauernfeldplatz / Palais Lichtenstein,18,345594
2026-06-29T16:11:27.056894,Bauernfeldplatz / Palais Lichtenstein,18,345553
2026-06-29T16:11:27.056894,Bauernfeldplatz / Palais Lichtenstein,18,345533
2026-06-29T16:11:27.056894,Bauernfeldplatz / Palais Lichtenstein,18,346432
2026-06-29T16:11:27.056894,Bauernfeldplatz / Palais Lichtenstein,18,346106
2026-06-29T16:11:27.056894,Bauernfeldplatz / Palais Lichtenstein,18,346814
2026-06-29T16:11:27.056894,Bauernfeldplatz / Palais Lichtenstein,18,346805
2026-06-29T16:11:27.056894,Bauernfeldplatz / Palais Lichtenstein,18,346555
2026-06-29T16:11:27.056894,Bauernfeldplatz / Palais Lichtenstein,18,347997
2026-06-29T16:11:27.056894,Bauernfeldplatz / Palais Lichtenstein,18,347717
2026-06-29T16:11:27.056894,Bauernfeldplatz / Palais Lichtenstein,18,348425
2026-06-29T16:11:27.056894,Bauernfeldplatz / Palais Lichtenstein,18,348297
2026-06-29T16:11:27.056894,Bauernfeldplatz / Palais Lichtenstein,18,348233
2026-06-29T16:11:27.056894,Bauernfeldplatz / Palais Lichtenstein,18,348221
2026-06-29T16:11:27.056894,Bauernfeldplatz / Palais Lichtenstein,18,398758
2026-06-29T16:11:27.056894,Johannesgasse / Stadtpark,6,345497
2026-06-29T16:11:27.056894,Johannesgasse / Stadtpark,6,345014
2026-06-29T16:11:27.056894,Johannesgasse / Stadtpark,6,346227
2026-06-29T16:11:27.056894,Johannesgasse / Stadtpark,6,347120
2026-06-29T16:11:27.056894,Johannesgasse / Stadtpark,6,347781
2026-06-29T16:11:27.056894,Johannesgasse / Stadtpark,6,347623
2026-06-29T16:11:27.056894,Bischof-Faber-Platz,1,349002
2026-06-29T16:11:27.056894,Am Schöpfwerk U,12,345297
2026-06-29T16:11:27.056894,Am Schöpfwerk U,12,345725
2026-06-29T16:11:27.056894,Am Schöpfwerk U,12,345705
2026-06-29T16:11:27.056894,Am Schöpfwerk U,12,345693
2026-06-29T16:11:27.056894,Am Schöpfwerk U,12,345534
2026-06-29T16:11:27.056894,Am Schöpfwerk U,12,346838
2026-06-29T16:11:27.056894,Am Schöpfwerk U,12,347962
2026-06-29T16:11:27.056894,Am Schöpfwerk U,12,348018
2026-06-29T16:11:27.056894,Am Schöpfwerk U,12,398782
2026-06-29T16:11:27.056894,Am Schöpfwerk U,12,398772
2026-06-29T16:11:27.056894,Am Schöpfwerk U,12,348926
2026-06-29T16:11:27.056894,Am Schöpfwerk U,12,349182
2026-06-29T16:11:27.056894,Alserbachstraße,22,345455
2026-06-29T16:11:27.056894,Alserbachstraße,22,345260
2026-06-29T16:11:27.056894,Alserbachstraße,22,345231
2026-06-29T16:11:27.056894,Alserbachstraße,22,345117
2026-06-29T16:11:27.056894,Alserbachstraße,22,345028
2026-06-29T16:11:27.056894,Alserbachstraße,22,345895
2026-06-29T16:11:27.056894,Alserbachstraße,22,345512
2026-06-29T16:11:27.056894,Alserbachstraße,22,346962
2026-06-29T16:11:27.056894,Alserbachstraße,22,346917
2026-06-29T16:11:27.056894,Alserbachstraße,22,346877
2026-06-29T16:11:27.056894,Alserbachstraße,22,346544
2026-06-29T16:11:27.056894,Alserbachstraße,22,346506
2026-06-29T16:11:27.056894,Alserbachstraße,22,347312
2026-06-29T16:11:27.056894,Alserbachstraße,22,347891
2026-06-29T16:11:27.056894,Alserbachstraße,22,347821
2026-06-29T16:11:27.056894,Alserbachstraße,22,347793
2026-06-29T16:11:27.056894,Alserbachstraße,22,347740
2026-06-29T16:11:27.056894,Alserbachstraße,22,348248
2026-06-29T16:11:27.056894,Alserbachstraße,22,348159
2026-06-29T16:11:27.056894,Alserbachstraße,22,348711
2026-06-29T16:11:27.056894,Alserbachstraße,22,398723
2026-06-29T16:11:27.056894,Alserbachstraße,22,348839
2026-06-29T16:11:27.056894,Petrusgasse,21,345230
2026-06-29T16:11:27.056894,Petrusgasse,21,345196
2026-06-29T16:11:27.056894,Petrusgasse,21,345080
2026-06-29T16:11:27.056894,Petrusgasse,21,345023
2026-06-29T16:11:27.056894,Petrusgasse,21,345927
2026-06-29T16:11:27.056894,Petrusgasse,21,345775
2026-06-29T16:11:27.056894,Petrusgasse,21,345675
2026-06-29T16:11:27.056894,Petrusgasse,21,345653
2026-06-29T16:11:27.056894,Petrusgasse,21,345628
2026-06-29T16:11:27.056894,Petrusgasse,21,345615
2026-06-29T16:11:27.056894,Petrusgasse,21,346966
2026-06-29T16:11:27.056894,Petrusgasse,21,346652
2026-06-29T16:11:27.056894,Petrusgasse,21,347223
2026-06-29T16:11:27.056894,Petrusgasse,21,347739
2026-06-29T16:11:27.056894,Petrusgasse,21,347707
2026-06-29T16:11:27.056894,Petrusgasse,21,347668
2026-06-29T16:11:27.056894,Petrusgasse,21,348396
2026-06-29T16:11:27.056894,Petrusgasse,21,348219
2026-06-29T16:11:27.056894,Petrusgasse,21,348140
2026-06-29T16:11:27.056894,Petrusgasse,21,348592
2026-06-29T16:11:27.056894,Petrusgasse,21,348556
2026-06-29T16:11:27.056894,Wassergasse,9,345424
2026-06-29T16:11:27.056894,Wassergasse,9,345324
2026-06-29T16:11:27.056894,Wassergasse,9,345251
2026-06-29T16:11:27.056894,Wassergasse,9,346325
2026-06-29T16:11:27.056894,Wassergasse,9,346263
2026-06-29T16:11:27.056894,Wassergasse,9,347427
2026-06-29T16:11:27.056894,Wassergasse,9,347716
2026-06-29T16:11:27.056894,Wassergasse,9,348420
2026-06-29T16:11:27.056894,Wassergasse,9,348039
2026-06-29T16:11:27.056894,Löwengasse,15,345233
2026-06-29T16:11:27.056894,Löwengasse,15,345095
2026-06-29T16:11:27.056894,Löwengasse,15,345634
2026-06-29T16:11:27.056894,Löwengasse,15,346876
2026-06-29T16:11:27.056894,Löwengasse,15,346587
2026-06-29T16:11:27.056894,Löwengasse,15,347441
2026-06-29T16:11:27.056894,Löwengasse,15,347186
2026-06-29T16:11:27.056894,Löwengasse,15,347644
2026-06-29T16:11:27.056894,Löwengasse,15,347628
2026-06-29T16:11:27.056894,Löwengasse,15,348245
2026-06-29T16:11:27.056894,Löwengasse,15,348027
2026-06-29T16:11:27.056894,Löwengasse,15,348010
2026-06-29T16:11:27.056894,Löwengasse,15,398834
2026-06-29T16:11:27.056894,Löwengasse,15,398792
2026-06-29T16:11:27.056894,Löwengasse,15,398727
2026-06-29T16:11:27.056894,Kardinal-Nagl-Platz U,16,345206
2026-06-29T16:11:27.056894,Kardinal-Nagl-Platz U,16,345177
2026-06-29T16:11:27.056894,Kardinal-Nagl-Platz U,16,345799
2026-06-29T16:11:27.056894,Kardinal-Nagl-Platz U,16,345740
2026-06-29T16:11:27.056894,Kardinal-Nagl-Platz U,16,345501
2026-06-29T16:11:27.056894,Kardinal-Nagl-Platz U,16,346455
2026-06-29T16:11:27.056894,Kardinal-Nagl-Platz U,16,346237
2026-06-29T16:11:27.056894,Kardinal-Nagl-Platz U,16,347425
2026-06-29T16:11:27.056894,Kardinal-Nagl-Platz U,16,347329
2026-06-29T16:11:27.056894,Kardinal-Nagl-Platz U,16,347153
2026-06-29T16:11:27.056894,Kardinal-Nagl-Platz U,16,347693
2026-06-29T16:11:27.056894,Kardinal-Nagl-Platz U,16,347638
2026-06-29T16:11:27.056894,Kardinal-Nagl-Platz U,16,348484
2026-06-29T16:11:27.056894,Kardinal-Nagl-Platz U,16,348344
2026-06-29T16:11:27.056894,Kardinal-Nagl-Platz U,16,348313
2026-06-29T16:11:27.056894,Kardinal-Nagl-Platz U,16,348832
2026-06-29T16:11:27.056894,Kärntner Ring,20,345421
2026-06-29T16:11:27.056894,Kärntner Ring,20,345181
2026-06-29T16:11:27.056894,Kärntner Ring,20,345164
2026-06-29T16:11:27.056894,Kärntner Ring,20,345876
2026-06-29T16:11:27.056894,Kärntner Ring,20,345811
2026-06-29T16:11:27.056894,Kärntner Ring,20,345779
2026-06-29T16:11:27.056894,Kärntner Ring,20,346167
2026-06-29T16:11:27.056894,Kärntner Ring,20,346589
2026-06-29T16:11:27.056894,Kärntner Ring,20,347273
2026-06-29T16:11:27.056894,Kärntner Ring,20,347672
2026-06-29T16:11:27.056894,Kärntner Ring,20,347571
2026-06-29T16:11:27.056894,Kärntner Ring,20,347537
2026-06-29T16:11:27.056894,Kärntner Ring,20,348395
2026-06-29T16:11:27.056894,Kärntner Ring,20,348282
2026-06-29T16:11:27.056894,Kärntner Ring,20,348021
2026-06-29T16:11:27.056894,Kärntner Ring,20,348016
2026-06-29T16:11:27.056894,Kärntner Ring,20,348691
2026-06-29T16:11:27.056894,Kärntner Ring,20,348672
2026-06-29T16:11:27.056894,Kärntner Ring,20,348558
2026-06-29T16:11:27.056894,Kärntner Ring,20,348525
2026-06-29T16:11:27.056894,Schottenring U,21,345426
2026-06-29T16:11:27.056894,Schottenring U,21,345175
2026-06-29T16:11:27.056894,Schottenring U,21,345101
2026-06-29T16:11:27.056894,Schottenring U,21,345086
2026-06-29T16:11:27.056894,Schottenring U,21,345913
2026-06-29T16:11:27.056894,Schottenring U,21,345784
2026-06-29T16:11:27.056894,Schottenring U,21,345650
2026-06-29T16:11:27.056894,Schottenring U,21,346407
2026-06-29T16:11:27.056894,Schottenring U,21,346357
2026-06-29T16:11:27.056894,Schottenring U,21,346929
2026-06-29T16:11:27.056894,Schottenring U,21,346910
2026-06-29T16:11:27.056894,Schottenring U,21,346776
2026-06-29T16:11:27.056894,Schottenring U,21,346723
2026-06-29T16:11:27.056894,Schottenring U,21,347453
2026-06-29T16:11:27.056894,Schottenring U,21,347373
2026-06-29T16:11:27.056894,Schottenring U,21,347906
2026-06-29T16:11:27.056894,Schottenring U,21,347594
2026-06-29T16:11:27.056894,Schottenring U,21,348277
2026-06-29T16:11:27.056894,Schottenring U,21,348593
2026-06-29T16:11:27.056894,Schottenring U,21,348576
2026-06-29T16:11:27.056894,Schottenring U,21,398789
2026-06-29T16:11:27.056894,Strozzigasse,8,345275
2026-06-29T16:11:27.056894,Strozzigasse,8,345079
2026-06-29T16:11:27.056894,Strozzigasse,8,345530
2026-06-29T16:11:27.056894,Strozzigasse,8,346174
2026-06-29T16:11:27.056894,Strozzigasse,8,347078
2026-06-29T16:11:27.056894,Strozzigasse,8,347860
2026-06-29T16:11:27.056894,Strozzigasse,8,347688
2026-06-29T16:11:27.056894,Strozzigasse,8,348363
2026-06-29T16:11:27.056894,Yppengasse,14,345222
2026-06-29T16:11:27.056894,Yppengasse,14,345136
2026-06-29T16:11:27.056894,Yppengasse,14,345067
2026-06-29T16:11:27.056894,Yppengasse,14,345950
2026-06-29T16:11:27.056894,Yppengasse,14,346008
2026-06-29T16:11:27.056894,Yppengasse,14,346887
2026-06-29T16:11:27.056894,Yppengasse,14,346697
2026-06-29T16:11:27.056894,Yppengasse,14,347259
2026-06-29T16:11:27.056894,Yppengasse,14,347031
2026-06-29T16:11:27.056894,Yppengasse,14,347629
2026-06-29T16:11:27.056894,Yppengasse,14,348372
2026-06-29T16:11:27.056894,Yppengasse,14,398783
2026-06-29T16:11:27.056894,Yppengasse,14,398762
2026-06-29T16:11:27.056894,Yppengasse,14,398866
2026-06-29T16:11:27.056894,Brünnlbadgasse,8,345928
2026-06-29T16:11:27.056894,Brünnlbadgasse,8,345846
2026-06-29T16:11:27.056894,Brünnlbadgasse,8,346489
2026-06-29T16:11:27.056894,Brünnlbadgasse,8,346661
2026-06-29T16:11:27.056894,Brünnlbadgasse,8,347478
2026-06-29T16:11:27.056894,Brünnlbadgasse,8,347065
2026-06-29T16:11:27.056894,Brünnlbadgasse,8,347933
2026-06-29T16:11:27.056894,Brünnlbadgasse,8,348146
2026-06-29T16:11:27.056894,Obere Augartenstraße,14,345445
2026-06-29T16:11:27.056894,Obere Augartenstraße,14,345040
2026-06-29T16:11:27.056894,Obere Augartenstraße,14,345987
2026-06-29T16:11:27.056894,Obere Augartenstraße,14,345968
2026-06-29T16:11:27.056894,Obere Augartenstraße,14,345536
2026-06-29T16:11:27.056894,Obere Augartenstraße,14,346028
2026-06-29T16:11:27.056894,Obere Augartenstraße,14,346665
2026-06-29T16:11:27.056894,Obere Augartenstraße,14,347284
2026-06-29T16:11:27.056894,Obere Augartenstraße,14,347240
2026-06-29T16:11:27.056894,Obere Augartenstraße,14,347094
2026-06-29T16:11:27.056894,Obere Augartenstraße,14,348499
2026-06-29T16:11:27.056894,Obere Augartenstraße,14,348296
2026-06-29T16:11:27.056894,Obere Augartenstraße,14,348087
2026-06-29T16:11:27.056894,Obere Augartenstraße,14,348086
2026-06-29T16:11:27.056894,Gußhausstraße / Argentinierstraße,19,345300
2026-06-29T16:11:27.056894,Gußhausstraße / Argentinierstraße,19,345250
2026-06-29T16:11:27.056894,Gußhausstraße / Argentinierstraße,19,345973
2026-06-29T16:11:27.056894,Gußhausstraße / Argentinierstraße,19,345804
2026-06-29T16:11:27.056894,Gußhausstraße / Argentinierstraße,19,346217
2026-06-29T16:11:27.056894,Gußhausstraße / Argentinierstraße,19,346889
2026-06-29T16:11:27.056894,Gußhausstraße / Argentinierstraße,19,346829
2026-06-29T16:11:27.056894,Gußhausstraße / Argentinierstraße,19,346762
2026-06-29T16:11:27.056894,Gußhausstraße / Argentinierstraße,19,346738
2026-06-29T16:11:27.056894,Gußhausstraße / Argentinierstraße,19,346676
2026-06-29T16:11:27.056894,Gußhausstraße / Argentinierstraße,19,347197
2026-06-29T16:11:27.056894,Gußhausstraße / Argentinierstraße,19,347184
2026-06-29T16:11:27.056894,Gußhausstraße / Argentinierstraße,19,347117
2026-06-29T16:11:27.056894,Gußhausstraße / Argentinierstraße,19,347586
2026-06-29T16:11:27.056894,Gußhausstraße / Argentinierstraße,19,348263
2026-06-29T16:11:27.056894,Gußhausstraße / Argentinierstraße,19,348179
2026-06-29T16:11:27.056894,Gußhausstraße / Argentinierstraße,19,348646
2026-06-29T16:11:27.056894,Gußhausstraße / Argentinierstraße,19,348605
2026-06-29T16:11:27.056894,Gußhausstraße / Argentinierstraße,19,398714
2026-06-29T16:11:27.056894,Marschallplatz,1,345545
2026-06-29T16:11:27.056894,Ober St. Veit U,12,345479
2026-06-29T16:11:27.056894,Ober St. Veit U,12,345308
2026-06-29T16:11:27.056894,Ober St. Veit U,12,345104
2026-06-29T16:11:27.056894,Ober St. Veit U,12,346197
2026-06-29T16:11:27.056894,Ober St. Veit U,12,346144
2026-06-29T16:11:27.056894,Ober St. Veit U,12,346846
2026-06-29T16:11:27.056894,Ober St. Veit U,12,346750
2026-06-29T16:11:27.056894,Ober St. Veit U,12,347608
2026-06-29T16:11:27.056894,Ober St. Veit U,12,349069
2026-06-29T16:11:27.056894,Ober St. Veit U,12,348984
2026-06-29T16:11:27.056894,Ober St. Veit U,12,348907
2026-06-29T16:11:27.056894,Ober St. Veit U,12,349154
2026-06-29T16:11:27.056894,Auf der Schmelz,14,345469
2026-06-29T16:11:27.056894,Auf der Schmelz,14,345279
2026-06-29T16:11:27.056894,Auf der Schmelz,14,345255
2026-06-29T16:11:27.056894,Auf der Schmelz,14,345090
2026-06-29T16:11:27.056894,Auf der Schmelz,14,345753
2026-06-29T16:11:27.056894,Auf der Schmelz,14,345664
2026-06-29T16:11:27.056894,Auf der Schmelz,14,346389
2026-06-29T16:11:27.056894,Auf der Schmelz,14,346851
2026-06-29T16:11:27.056894,Auf der Schmelz,14,346525
2026-06-29T16:11:27.056894,Auf der Schmelz,14,347178
2026-06-29T16:11:27.056894,Auf der Schmelz,14,347730
2026-06-29T16:11:27.056894,Auf der Schmelz,14,348340
2026-06-29T16:11:27.056894,Auf der Schmelz,14,348043
2026-06-29T16:11:27.056894,Auf der Schmelz,14,348573
2026-06-29T16:11:27.056894,Grimmgasse,11,345213
2026-06-29T16:11:27.056894,Grimmgasse,11,345168
2026-06-29T16:11:27.056894,Grimmgasse,11,346423
2026-06-29T16:11:27.056894,Grimmgasse,11,346404
2026-06-29T16:11:27.056894,Grimmgasse,11,346164
2026-06-29T16:11:27.056894,Grimmgasse,11,346081
2026-06-29T16:11:27.056894,Grimmgasse,11,346956
2026-06-29T16:11:27.056894,Grimmgasse,11,346657
2026-06-29T16:11:27.056894,Grimmgasse,11,346593
2026-06-29T16:11:27.056894,Grimmgasse,11,347532
2026-06-29T16:11:27.056894,Grimmgasse,11,348022
2026-06-29T16:11:27.056894,Parhamerplatz,26,345448
2026-06-29T16:11:27.056894,Parhamerplatz,26,345229
2026-06-29T16:11:27.056894,Parhamerplatz,26,345152
2026-06-29T16:11:27.056894,Parhamerplatz,26,345961
2026-06-29T16:11:27.056894,Parhamerplatz,26,345923
2026-06-29T16:11:27.056894,Parhamerplatz,26,345893
2026-06-29T16:11:27.056894,Parhamerplatz,26,345841
2026-06-29T16:11:27.056894,Parhamerplatz,26,345790
2026-06-29T16:11:27.056894,Parhamerplatz,26,345719
2026-06-29T16:11:27.056894,Parhamerplatz,26,346459
2026-06-29T16:11:27.056894,Parhamerplatz,26,346222
2026-06-29T16:11:27.056894,Parhamerplatz,26,346160
2026-06-29T16:11:27.056894,Parhamerplatz,26,346880
2026-06-29T16:11:27.056894,Parhamerplatz,26,346825
2026-06-29T16:11:27.056894,Parhamerplatz,26,347244
2026-06-29T16:11:27.056894,Parhamerplatz,26,347032
2026-06-29T16:11:27.056894,Parhamerplatz,26,347989
2026-06-29T16:11:27.056894,Parhamerplatz,26,347975
2026-06-29T16:11:27.056894,Parhamerplatz,26,347759
2026-06-29T16:11:27.056894,Parhamerplatz,26,348023
2026-06-29T16:11:27.056894,Parhamerplatz,26,398853
2026-06-29T16:11:27.056894,Parhamerplatz,26,398842
2026-06-29T16:11:27.056894,Parhamerplatz,26,398755
2026-06-29T16:11:27.056894,Parhamerplatz,26,348866
2026-06-29T16:11:27.056894,Parhamerplatz,26,348846
2026-06-29T16:11:27.056894,Parhamerplatz,26,398864
2026-06-29T16:11:27.056894,Kendlerstraße U,13,345244
2026-06-29T16:11:27.056894,Kendlerstraße U,13,345118
2026-06-29T16:11:27.056894,Kendlerstraße U,13,345986
2026-06-29T16:11:27.056894,Kendlerstraße U,13,345962
2026-06-29T16:11:27.056894,Kendlerstraße U,13,345872
2026-06-29T16:11:27.056894,Kendlerstraße U,13,345692
2026-06-29T16:11:27.056894,Kendlerstraße U,13,345679
2026-06-29T16:11:27.056894,Kendlerstraße U,13,346324
2026-06-29T16:11:27.056894,Kendlerstraße U,13,346270
2026-06-29T16:11:27.056894,Kendlerstraße U,13,346126
2026-06-29T16:11:27.056894,Kendlerstraße U,13,348493
2026-06-29T16:11:27.056894,Kendlerstraße U,13,348236
2026-06-29T16:11:27.056894,Kendlerstraße U,13,348119
2026-06-29T16:11:27.056894,Dornerplatz,25,345482
2026-06-29T16:11:27.056894,Dornerplatz,25,345321
2026-06-29T16:11:27.056894,Dornerplatz,25,345208
2026-06-29T16:11:27.056894,Dornerplatz,25,345068
2026-06-29T16:11:27.056894,Dornerplatz,25,345065
2026-06-29T16:11:27.056894,Dornerplatz,25,345733
2026-06-29T16:11:27.056894,Dornerplatz,25,345686
2026-06-29T16:11:27.056894,Dornerplatz,25,345582
2026-06-29T16:11:27.056894,Dornerplatz,25,346236
2026-06-29T16:11:27.056894,Dornerplatz,25,346918
2026-06-29T16:11:27.056894,Dornerplatz,25,346745
2026-06-29T16:11:27.056894,Dornerplatz,25,346602
2026-06-29T16:11:27.056894,Dornerplatz,25,346601
2026-06-29T16:11:27.056894,Dornerplatz,25,346579
2026-06-29T16:11:27.056894,Dornerplatz,25,347409
2026-06-29T16:11:27.056894,Dornerplatz,25,347355
2026-06-29T16:11:27.056894,Dornerplatz,25,347283
2026-06-29T16:11:27.056894,Dornerplatz,25,347173
2026-06-29T16:11:27.056894,Dornerplatz,25,347084
2026-06-29T16:11:27.056894,Dornerplatz,25,347831
2026-06-29T16:11:27.056894,Dornerplatz,25,347700
2026-06-29T16:11:27.056894,Dornerplatz,25,348402
2026-06-29T16:11:27.056894,Dornerplatz,25,348285
2026-06-29T16:11:27.056894,Dornerplatz,25,348157
2026-06-29T16:11:27.056894,Dornerplatz,25,348842
2026-06-29T16:11:27.056894,Hernals S,26,345330
2026-06-29T16:11:27.056894,Hernals S,26,345310
2026-06-29T16:11:27.056894,Hernals S,26,345805
2026-06-29T16:11:27.056894,Hernals S,26,345786
2026-06-29T16:11:27.056894,Hernals S,26,345668
2026-06-29T16:11:27.056894,Hernals S,26,346072
2026-06-29T16:11:27.056894,Hernals S,26,346058
2026-06-29T16:11:27.056894,Hernals S,26,346848
2026-06-29T16:11:27.056894,Hernals S,26,346764
2026-06-29T16:11:27.056894,Hernals S,26,346564
2026-06-29T16:11:27.056894,Hernals S,26,346534
2026-06-29T16:11:27.056894,Hernals S,26,346516
2026-06-29T16:11:27.056894,Hernals S,26,347107
2026-06-29T16:11:27.056894,Hernals S,26,347696
2026-06-29T16:11:27.056894,Hernals S,26,347684
2026-06-29T16:11:27.056894,Hernals S,26,347579
2026-06-29T16:11:27.056894,Hernals S,26,348446
2026-06-29T16:11:27.056894,Hernals S,26,348410
2026-06-29T16:11:27.056894,Hernals S,26,348308
2026-06-29T16:11:27.056894,Hernals S,26,348305
2026-06-29T16:11:27.056894,Hernals S,26,348120
2026-06-29T16:11:27.056894,Hernals S,26,348082
2026-06-29T16:11:27.056894,Hernals S,26,348674
2026-06-29T16:11:27.056894,Hernals S,26,348604
2026-06-29T16:11:27.056894,Hernals S,26,348980
2026-06-29T16:11:27.056894,Hernals S,26,348952
2026-06-29T16:11:27.056894,Schmelzbrücke,16,345280
2026-06-29T16:11:27.056894,Schmelzbrücke,16,345978
2026-06-29T16:11:27.056894,Schmelzbrücke,16,345681
2026-06-29T16:11:27.056894,Schmelzbrücke,16,345600
2026-06-29T16:11:27.056894,Schmelzbrücke,16,345592
2026-06-29T16:11:27.056894,Schmelzbrücke,16,346428
2026-06-29T16:11:27.056894,Schmelzbrücke,16,346010
2026-06-29T16:11:27.056894,Schmelzbrücke,16,346566
2026-06-29T16:11:27.056894,Schmelzbrücke,16,347028
2026-06-29T16:11:27.056894,Schmelzbrücke,16,347974
2026-06-29T16:11:27.056894,Schmelzbrücke,16,347508
2026-06-29T16:11:27.056894,Schmelzbrücke,16,348281
2026-06-29T16:11:27.056894,Schmelzbrücke,16,348204
2026-06-29T16:11:27.056894,Schmelzbrücke,16,348712
2026-06-29T16:11:27.056894,Schmelzbrücke,16,398731
2026-06-29T16:11:27.056894,Schmelzbrücke,16,348981
2026-06-29T16:11:27.056894,Michelbeuern-AKH U,27,345425
2026-06-29T16:11:27.056894,Michelbeuern-AKH U,27,345170
2026-06-29T16:11:27.056894,Michelbeuern-AKH U,27,345083
2026-06-29T16:11:27.056894,Michelbeuern-AKH U,27,345983
2026-06-29T16:11:27.056894,Michelbeuern-AKH U,27,345969
2026-06-29T16:11:27.056894,Michelbeuern-AKH U,27,345891
2026-06-29T16:11:27.056894,Michelbeuern-AKH U,27,345877
2026-06-29T16:11:27.056894,Michelbeuern-AKH U,27,345701
2026-06-29T16:11:27.056894,Michelbeuern-AKH U,27,345527
2026-06-29T16:11:27.056894,Michelbeuern-AKH U,27,345518
2026-06-29T16:11:27.056894,Michelbeuern-AKH U,27,346448
2026-06-29T16:11:27.056894,Michelbeuern-AKH U,27,346388
2026-06-29T16:11:27.056894,Michelbeuern-AKH U,27,346334
2026-06-29T16:11:27.056894,Michelbeuern-AKH U,27,346102
2026-06-29T16:11:27.056894,Michelbeuern-AKH U,27,346950
2026-06-29T16:11:27.056894,Michelbeuern-AKH U,27,346946
2026-06-29T16:11:27.056894,Michelbeuern-AKH U,27,346898
2026-06-29T16:11:27.056894,Michelbeuern-AKH U,27,346836
2026-06-29T16:11:27.056894,Michelbeuern-AKH U,27,346667
2026-06-29T16:11:27.056894,Michelbeuern-AKH U,27,347278
2026-06-29T16:11:27.056894,Michelbeuern-AKH U,27,347237
2026-06-29T16:11:27.056894,Michelbeuern-AKH U,27,347166
2026-06-29T16:11:27.056894,Michelbeuern-AKH U,27,347110
2026-06-29T16:11:27.056894,Michelbeuern-AKH U,27,347988
2026-06-29T16:11:27.056894,Michelbeuern-AKH U,27,347868
2026-06-29T16:11:27.056894,Michelbeuern-AKH U,27,348104
2026-06-29T16:11:27.056894,Michelbeuern-AKH U,27,348680
2026-06-29T16:11:27.056894,Johann-Nepomuk-Vogl-Platz,3,345348
2026-06-29T16:11:27.056894,Johann-Nepomuk-Vogl-Platz,3,346395
2026-06-29T16:11:27.056894,Johann-Nepomuk-Vogl-Platz,3,346782
2026-06-29T16:11:27.056894,Mayerhofgasse,6,345864
2026-06-29T16:11:27.056894,Mayerhofgasse,6,346224
2026-06-29T16:11:27.056894,Mayerhofgasse,6,346854
2026-06-29T16:11:27.056894,Mayerhofgasse,6,347139
2026-06-29T16:11:27.056894,Mayerhofgasse,6,348613
2026-06-29T16:11:27.056894,Mayerhofgasse,6,348537
2026-06-29T16:11:27.056894,Westbahnstraße / Schottenfeldgasse,2,347952
2026-06-29T16:11:27.056894,Westbahnstraße / Schottenfeldgasse,2,348460
2026-06-29T16:11:27.056894,Vorgartenstraße U,2,345343
2026-06-29T16:11:27.056894,Vorgartenstraße U,2,346093
2026-06-29T16:11:27.056894,Krieau U,22,345249
2026-06-29T16:11:27.056894,Krieau U,22,345851
2026-06-29T16:11:27.056894,Krieau U,22,345638
2026-06-29T16:11:27.056894,Krieau U,22,346234
2026-06-29T16:11:27.056894,Krieau U,22,346030
2026-06-29T16:11:27.056894,Krieau U,22,346783
2026-06-29T16:11:27.056894,Krieau U,22,346690
2026-06-29T16:11:27.056894,Krieau U,22,346597
2026-06-29T16:11:27.056894,Krieau U,22,346558
2026-06-29T16:11:27.056894,Krieau U,22,347490
2026-06-29T16:11:27.056894,Krieau U,22,347484
2026-06-29T16:11:27.056894,Krieau U,22,347396
2026-06-29T16:11:27.056894,Krieau U,22,347359
2026-06-29T16:11:27.056894,Krieau U,22,347066
2026-06-29T16:11:27.056894,Krieau U,22,348272
2026-06-29T16:11:27.056894,Krieau U,22,348085
2026-06-29T16:11:27.056894,Krieau U,22,348049
2026-06-29T16:11:27.056894,Krieau U,22,348650
2026-06-29T16:11:27.056894,Krieau U,22,398838
2026-06-29T16:11:27.056894,Krieau U,22,349046
2026-06-29T16:11:27.056894,Krieau U,22,349013
2026-06-29T16:11:27.056894,Krieau U,22,349190
2026-06-29T16:11:27.056894,Ottakring S U,28,345293
2026-06-29T16:11:27.056894,Ottakring S U,28,345242
2026-06-29T16:11:27.056894,Ottakring S U,28,345869
2026-06-29T16:11:27.056894,Ottakring S U,28,345708
2026-06-29T16:11:27.056894,Ottakring S U,28,345607
2026-06-29T16:11:27.056894,Ottakring S U,28,346414
2026-06-29T16:11:27.056894,Ottakring S U,28,346378
2026-06-29T16:11:27.056894,Ottakring S U,28,346290
2026-06-29T16:11:27.056894,Ottakring S U,28,346963
2026-06-29T16:11:27.056894,Ottakring S U,28,346622
2026-06-29T16:11:27.056894,Ottakring S U,28,346586
2026-06-29T16:11:27.056894,Ottakring S U,28,347200
2026-06-29T16:11:27.056894,Ottakring S U,28,347013
2026-06-29T16:11:27.056894,Ottakring S U,28,347007
2026-06-29T16:11:27.056894,Ottakring S U,28,347823
2026-06-29T16:11:27.056894,Ottakring S U,28,347801
2026-06-29T16:11:27.056894,Ottakring S U,28,347741
2026-06-29T16:11:27.056894,Ottakring S U,28,347563
2026-06-29T16:11:27.056894,Ottakring S U,28,348438
2026-06-29T16:11:27.056894,Ottakring S U,28,348408
2026-06-29T16:11:27.056894,Ottakring S U,28,348149
2026-06-29T16:11:27.056894,Ottakring S U,28,348090
2026-06-29T16:11:27.056894,Ottakring S U,28,348706
2026-06-29T16:11:27.056894,Ottakring S U,28,348548
2026-06-29T16:11:27.056894,Ottakring S U,28,348517
2026-06-29T16:11:27.056894,Ottakring S U,28,398829
2026-06-29T16:11:27.056894,Ottakring S U,28,348938
2026-06-29T16:11:27.056894,Ottakring S U,28,348897
2026-06-29T16:11:27.056894,Hartmanngasse ,20,345273
2026-06-29T16:11:27.056894,Hartmanngasse ,20,346285
2026-06-29T16:11:27.056894,Hartmanngasse ,20,346639
2026-06-29T16:11:27.056894,Hartmanngasse ,20,346529
2026-06-29T16:11:27.056894,Hartmanngasse ,20,347494
2026-06-29T16:11:27.056894,Hartmanngasse ,20,347285
2026-06-29T16:11:27.056894,Hartmanngasse ,20,347264
2026-06-29T16:11:27.056894,Hartmanngasse ,20,347946
2026-06-29T16:11:27.056894,Hartmanngasse ,20,347789
2026-06-29T16:11:27.056894,Hartmanngasse ,20,347727
2026-06-29T16:11:27.056894,Hartmanngasse ,20,347574
2026-06-29T16:11:27.056894,Hartmanngasse ,20,347545
2026-06-29T16:11:27.056894,Hartmanngasse ,20,347525
2026-06-29T16:11:27.056894,Hartmanngasse ,20,348457
2026-06-29T16:11:27.056894,Hartmanngasse ,20,348397
2026-06-29T16:11:27.056894,Hartmanngasse ,20,348381
2026-06-29T16:11:27.056894,Hartmanngasse ,20,348339
2026-06-29T16:11:27.056894,Hartmanngasse ,20,348321
2026-06-29T16:11:27.056894,Hartmanngasse ,20,348688
2026-06-29T16:11:27.056894,Hartmanngasse ,20,349043
2026-06-29T16:11:27.056894,Nestroyplatz U,10,345020
2026-06-29T16:11:27.056894,Nestroyplatz U,10,345956
2026-06-29T16:11:27.056894,Nestroyplatz U,10,345778
2026-06-29T16:11:27.056894,Nestroyplatz U,10,346114
2026-06-29T16:11:27.056894,Nestroyplatz U,10,347454
2026-06-29T16:11:27.056894,Nestroyplatz U,10,347446
2026-06-29T16:11:27.056894,Nestroyplatz U,10,347411
2026-06-29T16:11:27.056894,Nestroyplatz U,10,347022
2026-06-29T16:11:27.056894,Nestroyplatz U,10,347513
2026-06-29T16:11:27.056894,Nestroyplatz U,10,348241
2026-06-29T16:11:27.056894,Messe-Prater U,25,345487
2026-06-29T16:11:27.056894,Messe-Prater U,25,345935
2026-06-29T16:11:27.056894,Messe-Prater U,25,346292
2026-06-29T16:11:27.056894,Messe-Prater U,25,346243
2026-06-29T16:11:27.056894,Messe-Prater U,25,346978
2026-06-29T16:11:27.056894,Messe-Prater U,25,346675
2026-06-29T16:11:27.056894,Messe-Prater U,25,346644
2026-06-29T16:11:27.056894,Messe-Prater U,25,346518
2026-06-29T16:11:27.056894,Messe-Prater U,25,347146
2026-06-29T16:11:27.056894,Messe-Prater U,25,347057
2026-06-29T16:11:27.056894,Messe-Prater U,25,347838
2026-06-29T16:11:27.056894,Messe-Prater U,25,347828
2026-06-29T16:11:27.056894,Messe-Prater U,25,347738
2026-06-29T16:11:27.056894,Messe-Prater U,25,347664
2026-06-29T16:11:27.056894,Messe-Prater U,25,348412
2026-06-29T16:11:27.056894,Messe-Prater U,25,348295
2026-06-29T16:11:27.056894,Messe-Prater U,25,348129
2026-06-29T16:11:27.056894,Messe-Prater U,25,348659
2026-06-29T16:11:27.056894,Messe-Prater U,25,348620
2026-06-29T16:11:27.056894,Messe-Prater U,25,348598
2026-06-29T16:11:27.056894,Messe-Prater U,25,348587
2026-06-29T16:11:27.056894,Messe-Prater U,25,398757
2026-06-29T16:11:27.056894,Messe-Prater U,25,348843
2026-06-29T16:11:27.056894,Messe-Prater U,25,349195
2026-06-29T16:11:27.056894,Messe-Prater U,25,349126
2026-06-29T16:11:27.056894,Loquaiplatz,3,345030
2026-06-29T16:11:27.056894,Loquaiplatz,3,345580
2026-06-29T16:11:27.056894,Loquaiplatz,3,347311
2026-06-29T16:11:27.056894,Rosensteingasse,21,345447
2026-06-29T16:11:27.056894,Rosensteingasse,21,345360
2026-06-29T16:11:27.056894,Rosensteingasse,21,345941
2026-06-29T16:11:27.056894,Rosensteingasse,21,345917
2026-06-29T16:11:27.056894,Rosensteingasse,21,345866
2026-06-29T16:11:27.056894,Rosensteingasse,21,345629
2026-06-29T16:11:27.056894,Rosensteingasse,21,346427
2026-06-29T16:11:27.056894,Rosensteingasse,21,346326
2026-06-29T16:11:27.056894,Rosensteingasse,21,346296
2026-06-29T16:11:27.056894,Rosensteingasse,21,346156
2026-06-29T16:11:27.056894,Rosensteingasse,21,346017
2026-06-29T16:11:27.056894,Rosensteingasse,21,346812
2026-06-29T16:11:27.056894,Rosensteingasse,21,346707
2026-06-29T16:11:27.056894,Rosensteingasse,21,346701
2026-06-29T16:11:27.056894,Rosensteingasse,21,346508
2026-06-29T16:11:27.056894,Rosensteingasse,21,347168
2026-06-29T16:11:27.056894,Rosensteingasse,21,347843
2026-06-29T16:11:27.056894,Rosensteingasse,21,347607
2026-06-29T16:11:27.056894,Rosensteingasse,21,348107
2026-06-29T16:11:27.056894,Rosensteingasse,21,348579
2026-06-29T16:11:27.056894,Rosensteingasse,21,398836
2026-06-29T16:11:27.056894,Gumpendorfer Gürtel,17,345422
2026-06-29T16:11:27.056894,Gumpendorfer Gürtel,17,345370
2026-06-29T16:11:27.056894,Gumpendorfer Gürtel,17,345267
2026-06-29T16:11:27.056894,Gumpendorfer Gürtel,17,345059
2026-06-29T16:11:27.056894,Gumpendorfer Gürtel,17,345822
2026-06-29T16:11:27.056894,Gumpendorfer Gürtel,17,345602
2026-06-29T16:11:27.056894,Gumpendorfer Gürtel,17,346383
2026-06-29T16:11:27.056894,Gumpendorfer Gürtel,17,346765
2026-06-29T16:11:27.056894,Gumpendorfer Gürtel,17,346706
2026-06-29T16:11:27.056894,Gumpendorfer Gürtel,17,346539
2026-06-29T16:11:27.056894,Gumpendorfer Gürtel,17,347459
2026-06-29T16:11:27.056894,Gumpendorfer Gürtel,17,348345
2026-06-29T16:11:27.056894,Gumpendorfer Gürtel,17,398724
2026-06-29T16:11:27.056894,Gumpendorfer Gürtel,17,349103
2026-06-29T16:11:27.056894,Gumpendorfer Gürtel,17,348995
2026-06-29T16:11:27.056894,Gumpendorfer Gürtel,17,348946
2026-06-29T16:11:27.056894,Gumpendorfer Gürtel,17,349189
2026-06-29T16:11:27.056894,Burggasse-Stadthalle U,10,345810
2026-06-29T16:11:27.056894,Burggasse-Stadthalle U,10,345759
2026-06-29T16:11:27.056894,Burggasse-Stadthalle U,10,345657
2026-06-29T16:11:27.056894,Burggasse-Stadthalle U,10,345608
2026-06-29T16:11:27.056894,Burggasse-Stadthalle U,10,346099
2026-06-29T16:11:27.056894,Burggasse-Stadthalle U,10,346809
2026-06-29T16:11:27.056894,Burggasse-Stadthalle U,10,347196
2026-06-29T16:11:27.056894,Burggasse-Stadthalle U,10,347524
2026-06-29T16:11:27.056894,Burggasse-Stadthalle U,10,348399
2026-06-29T16:11:27.056894,Burggasse-Stadthalle U,10,348231
2026-06-29T16:11:27.056894,Urban-Loritz-Platz,21,345398
2026-06-29T16:11:27.056894,Urban-Loritz-Platz,21,345384
2026-06-29T16:11:27.056894,Urban-Loritz-Platz,21,345646
2026-06-29T16:11:27.056894,Urban-Loritz-Platz,21,346317
2026-06-29T16:11:27.056894,Urban-Loritz-Platz,21,346025
2026-06-29T16:11:27.056894,Urban-Loritz-Platz,21,346023
2026-06-29T16:11:27.056894,Urban-Loritz-Platz,21,346001
2026-06-29T16:11:27.056894,Urban-Loritz-Platz,21,346983
2026-06-29T16:11:27.056894,Urban-Loritz-Platz,21,346892
2026-06-29T16:11:27.056894,Urban-Loritz-Platz,21,346650
2026-06-29T16:11:27.056894,Urban-Loritz-Platz,21,346594
2026-06-29T16:11:27.056894,Urban-Loritz-Platz,21,346546
2026-06-29T16:11:27.056894,Urban-Loritz-Platz,21,347134
2026-06-29T16:11:27.056894,Urban-Loritz-Platz,21,348466
2026-06-29T16:11:27.056894,Urban-Loritz-Platz,21,348398
2026-06-29T16:11:27.056894,Urban-Loritz-Platz,21,348300
2026-06-29T16:11:27.056894,Urban-Loritz-Platz,21,348151
2026-06-29T16:11:27.056894,Urban-Loritz-Platz,21,348070
2026-06-29T16:11:27.056894,Urban-Loritz-Platz,21,348029
2026-06-29T16:11:27.056894,Urban-Loritz-Platz,21,348608
2026-06-29T16:11:27.056894,Urban-Loritz-Platz,21,348559
2026-06-29T16:11:27.056894,Hanusch Krankenhaus,8,345314
2026-06-29T16:11:27.056894,Hanusch Krankenhaus,8,345649
2026-06-29T16:11:27.056894,Hanusch Krankenhaus,8,346198
2026-06-29T16:11:27.056894,Hanusch Krankenhaus,8,347056
2026-06-29T16:11:27.056894,Hanusch Krankenhaus,8,347575
2026-06-29T16:11:27.056894,Hanusch Krankenhaus,8,349096
2026-06-29T16:11:27.056894,Hanusch Krankenhaus,8,348875
2026-06-29T16:11:27.056894,Hanusch Krankenhaus,8,348855
2026-06-29T16:11:27.056894,Westbahnhof S U / Gerstnerstraße,24,345418
2026-06-29T16:11:27.056894,Westbahnhof S U / Gerstnerstraße,24,345041
2026-06-29T16:11:27.056894,Westbahnhof S U / Gerstnerstraße,24,345745
2026-06-29T16:11:27.056894,Westbahnhof S U / Gerstnerstraße,24,345620
2026-06-29T16:11:27.056894,Westbahnhof S U / Gerstnerstraße,24,346343
2026-06-29T16:11:27.056894,Westbahnhof S U / Gerstnerstraße,24,346209
2026-06-29T16:11:27.056894,Westbahnhof S U / Gerstnerstraße,24,346120
2026-06-29T16:11:27.056894,Westbahnhof S U / Gerstnerstraße,24,346119
2026-06-29T16:11:27.056894,Westbahnhof S U / Gerstnerstraße,24,346545
2026-06-29T16:11:27.056894,Westbahnhof S U / Gerstnerstraße,24,347415
2026-06-29T16:11:27.056894,Westbahnhof S U / Gerstnerstraße,24,347402
2026-06-29T16:11:27.056894,Westbahnhof S U / Gerstnerstraße,24,347394
2026-06-29T16:11:27.056894,Westbahnhof S U / Gerstnerstraße,24,347968
2026-06-29T16:11:27.056894,Westbahnhof S U / Gerstnerstraße,24,347934
2026-06-29T16:11:27.056894,Westbahnhof S U / Gerstnerstraße,24,347926
2026-06-29T16:11:27.056894,Westbahnhof S U / Gerstnerstraße,24,347912
2026-06-29T16:11:27.056894,Westbahnhof S U / Gerstnerstraße,24,347858
2026-06-29T16:11:27.056894,Westbahnhof S U / Gerstnerstraße,24,347766
2026-06-29T16:11:27.056894,Westbahnhof S U / Gerstnerstraße,24,347626
2026-06-29T16:11:27.056894,Westbahnhof S U / Gerstnerstraße,24,348088
2026-06-29T16:11:27.056894,Westbahnhof S U / Gerstnerstraße,24,348078
2026-06-29T16:11:27.056894,Westbahnhof S U / Gerstnerstraße,24,348034
2026-06-29T16:11:27.056894,Westbahnhof S U / Gerstnerstraße,24,348622
2026-06-29T16:11:27.056894,Westbahnhof S U / Gerstnerstraße,24,348584
2026-06-29T16:11:27.056894,Wieningerplatz,19,345264
2026-06-29T16:11:27.056894,Wieningerplatz,19,345224
2026-06-29T16:11:27.056894,Wieningerplatz,19,345999
2026-06-29T16:11:27.056894,Wieningerplatz,19,345836
2026-06-29T16:11:27.056894,Wieningerplatz,19,345770
2026-06-29T16:11:27.056894,Wieningerplatz,19,345626
2026-06-29T16:11:27.056894,Wieningerplatz,19,346329
2026-06-29T16:11:27.056894,Wieningerplatz,19,346798
2026-06-29T16:11:27.056894,Wieningerplatz,19,347246
2026-06-29T16:11:27.056894,Wieningerplatz,19,347243
2026-06-29T16:11:27.056894,Wieningerplatz,19,347189
2026-06-29T16:11:27.056894,Wieningerplatz,19,347765
2026-06-29T16:11:27.056894,Wieningerplatz,19,347749
2026-06-29T16:11:27.056894,Wieningerplatz,19,347683
2026-06-29T16:11:27.056894,Wieningerplatz,19,348293
2026-06-29T16:11:27.056894,Wieningerplatz,19,348217
2026-06-29T16:11:27.056894,Wieningerplatz,19,348057
2026-06-29T16:11:27.056894,Wieningerplatz,19,348669
2026-06-29T16:11:27.056894,Wieningerplatz,19,398809
2026-06-29T16:11:27.056894,Markgraf-Rüdiger Straße,23,345286
2026-06-29T16:11:27.056894,Markgraf-Rüdiger Straße,23,345975
2026-06-29T16:11:27.056894,Markgraf-Rüdiger Straße,23,345659
2026-06-29T16:11:27.056894,Markgraf-Rüdiger Straße,23,345564
2026-06-29T16:11:27.056894,Markgraf-Rüdiger Straße,23,346465
2026-06-29T16:11:27.056894,Markgraf-Rüdiger Straße,23,346439
2026-06-29T16:11:27.056894,Markgraf-Rüdiger Straße,23,346109
2026-06-29T16:11:27.056894,Markgraf-Rüdiger Straße,23,346062
2026-06-29T16:11:27.056894,Markgraf-Rüdiger Straße,23,346893
2026-06-29T16:11:27.056894,Markgraf-Rüdiger Straße,23,346686
2026-06-29T16:11:27.056894,Markgraf-Rüdiger Straße,23,346576
2026-06-29T16:11:27.056894,Markgraf-Rüdiger Straße,23,347302
2026-06-29T16:11:27.056894,Markgraf-Rüdiger Straße,23,348432
2026-06-29T16:11:27.056894,Markgraf-Rüdiger Straße,23,348338
2026-06-29T16:11:27.056894,Markgraf-Rüdiger Straße,23,348316
2026-06-29T16:11:27.056894,Markgraf-Rüdiger Straße,23,348250
2026-06-29T16:11:27.056894,Markgraf-Rüdiger Straße,23,348214
2026-06-29T16:11:27.056894,Markgraf-Rüdiger Straße,23,348165
2026-06-29T16:11:27.056894,Markgraf-Rüdiger Straße,23,348048
2026-06-29T16:11:27.056894,Markgraf-Rüdiger Straße,23,348564
2026-06-29T16:11:27.056894,Markgraf-Rüdiger Straße,23,398813
2026-06-29T16:11:27.056894,Markgraf-Rüdiger Straße,23,398785
2026-06-29T16:11:27.056894,Markgraf-Rüdiger Straße,23,349191
2026-06-29T16:11:27.056894,Plunkergasse,21,345499
2026-06-29T16:11:27.056894,Plunkergasse,21,345254
2026-06-29T16:11:27.056894,Plunkergasse,21,345012
2026-06-29T16:11:27.056894,Plunkergasse,21,345000
2026-06-29T16:11:27.056894,Plunkergasse,21,345945
2026-06-29T16:11:27.056894,Plunkergasse,21,345939
2026-06-29T16:11:27.056894,Plunkergasse,21,345732
2026-06-29T16:11:27.056894,Plunkergasse,21,345625
2026-06-29T16:11:27.056894,Plunkergasse,21,346480
2026-06-29T16:11:27.056894,Plunkergasse,21,346074
2026-06-29T16:11:27.056894,Plunkergasse,21,346823
2026-06-29T16:11:27.056894,Plunkergasse,21,347369
2026-06-29T16:11:27.056894,Plunkergasse,21,347145
2026-06-29T16:11:27.056894,Plunkergasse,21,347710
2026-06-29T16:11:27.056894,Plunkergasse,21,348304
2026-06-29T16:11:27.056894,Plunkergasse,21,348083
2026-06-29T16:11:27.056894,Plunkergasse,21,348064
2026-06-29T16:11:27.056894,Plunkergasse,21,398815
2026-06-29T16:11:27.056894,Plunkergasse,21,349054
2026-06-29T16:11:27.056894,Plunkergasse,21,349047
2026-06-29T16:11:27.056894,Plunkergasse,21,349196
2026-06-29T16:11:27.056894,Selzergasse,7,345491
2026-06-29T16:11:27.056894,Selzergasse,7,345901
2026-06-29T16:11:27.056894,Selzergasse,7,346816
2026-06-29T16:11:27.056894,Selzergasse,7,346705
2026-06-29T16:11:27.056894,Selzergasse,7,347175
2026-06-29T16:11:27.056894,Selzergasse,7,347877
2026-06-29T16:11:27.056894,Selzergasse,7,347832
2026-06-29T16:11:27.056894,Westbahnhof S U / Felberstraße,22,345495
2026-06-29T16:11:27.056894,Westbahnhof S U / Felberstraße,22,345478
2026-06-29T16:11:27.056894,Westbahnhof S U / Felberstraße,22,345410
2026-06-29T16:11:27.056894,Westbahnhof S U / Felberstraße,22,345380
2026-06-29T16:11:27.056894,Westbahnhof S U / Felberstraße,22,345227
2026-06-29T16:11:27.056894,Westbahnhof S U / Felberstraße,22,345158
2026-06-29T16:11:27.056894,Westbahnhof S U / Felberstraße,22,345103
2026-06-29T16:11:27.056894,Westbahnhof S U / Felberstraße,22,345069
2026-06-29T16:11:27.056894,Westbahnhof S U / Felberstraße,22,345954
2026-06-29T16:11:27.056894,Westbahnhof S U / Felberstraße,22,346447
2026-06-29T16:11:27.056894,Westbahnhof S U / Felberstraße,22,346429
2026-06-29T16:11:27.056894,Westbahnhof S U / Felberstraße,22,346265
2026-06-29T16:11:27.056894,Westbahnhof S U / Felberstraße,22,346048
2026-06-29T16:11:27.056894,Westbahnhof S U / Felberstraße,22,346725
2026-06-29T16:11:27.056894,Westbahnhof S U / Felberstraße,22,347304
2026-06-29T16:11:27.056894,Westbahnhof S U / Felberstraße,22,347998
2026-06-29T16:11:27.056894,Westbahnhof S U / Felberstraße,22,347663
2026-06-29T16:11:27.056894,Westbahnhof S U / Felberstraße,22,347556
2026-06-29T16:11:27.056894,Westbahnhof S U / Felberstraße,22,348264
2026-06-29T16:11:27.056894,Westbahnhof S U / Felberstraße,22,348705
2026-06-29T16:11:27.056894,Westbahnhof S U / Felberstraße,22,398715
2026-06-29T16:11:27.056894,Westbahnhof S U / Felberstraße,22,398796
2026-06-29T16:11:27.056894,Kundratstraße,4,345063
2026-06-29T16:11:27.056894,Kundratstraße,4,345504
2026-06-29T16:11:27.056894,Kundratstraße,4,346563
2026-06-29T16:11:27.056894,Kundratstraße,4,347645
2026-06-29T16:11:27.056894,Arthaberplatz,11,345413
2026-06-29T16:11:27.056894,Arthaberplatz,11,345407
2026-06-29T16:11:27.056894,Arthaberplatz,11,345857
2026-06-29T16:11:27.056894,Arthaberplatz,11,345801
2026-06-29T16:11:27.056894,Arthaberplatz,11,345617
2026-06-29T16:11:27.056894,Arthaberplatz,11,345529
2026-06-29T16:11:27.056894,Arthaberplatz,11,346369
2026-06-29T16:11:27.056894,Arthaberplatz,11,346095
2026-06-29T16:11:27.056894,Arthaberplatz,11,346612
2026-06-29T16:11:27.056894,Arthaberplatz,11,347400
2026-06-29T16:11:27.056894,Arthaberplatz,11,348818
2026-06-29T16:11:27.056894,Karmeliterplatz,21,345284
2026-06-29T16:11:27.056894,Karmeliterplatz,21,345106
2026-06-29T16:11:27.056894,Karmeliterplatz,21,345025
2026-06-29T16:11:27.056894,Karmeliterplatz,21,345022
2026-06-29T16:11:27.056894,Karmeliterplatz,21,345694
2026-06-29T16:11:27.056894,Karmeliterplatz,21,345671
2026-06-29T16:11:27.056894,Karmeliterplatz,21,346359
2026-06-29T16:11:27.056894,Karmeliterplatz,21,346115
2026-06-29T16:11:27.056894,Karmeliterplatz,21,346976
2026-06-29T16:11:27.056894,Karmeliterplatz,21,346604
2026-06-29T16:11:27.056894,Karmeliterplatz,21,347370
2026-06-29T16:11:27.056894,Karmeliterplatz,21,347349
2026-06-29T16:11:27.056894,Karmeliterplatz,21,347331
2026-06-29T16:11:27.056894,Karmeliterplatz,21,347325
2026-06-29T16:11:27.056894,Karmeliterplatz,21,347213
2026-06-29T16:11:27.056894,Karmeliterplatz,21,347025
2026-06-29T16:11:27.056894,Karmeliterplatz,21,347703
2026-06-29T16:11:27.056894,Karmeliterplatz,21,348223
2026-06-29T16:11:27.056894,Karmeliterplatz,21,348704
2026-06-29T16:11:27.056894,Karmeliterplatz,21,348617
2026-06-29T16:11:27.056894,Karmeliterplatz,21,348583
2026-06-29T16:11:27.056894,Fröbelgasse,23,345281
2026-06-29T16:11:27.056894,Fröbelgasse,23,345195
2026-06-29T16:11:27.056894,Fröbelgasse,23,345072
2026-06-29T16:11:27.056894,Fröbelgasse,23,345758
2026-06-29T16:11:27.056894,Fröbelgasse,23,345688
2026-06-29T16:11:27.056894,Fröbelgasse,23,345663
2026-06-29T16:11:27.056894,Fröbelgasse,23,345540
2026-06-29T16:11:27.056894,Fröbelgasse,23,346207
2026-06-29T16:11:27.056894,Fröbelgasse,23,346170
2026-06-29T16:11:27.056894,Fröbelgasse,23,346140
2026-06-29T16:11:27.056894,Fröbelgasse,23,346981
2026-06-29T16:11:27.056894,Fröbelgasse,23,346925
2026-06-29T16:11:27.056894,Fröbelgasse,23,346832
2026-06-29T16:11:27.056894,Fröbelgasse,23,346739
2026-06-29T16:11:27.056894,Fröbelgasse,23,346588
2026-06-29T16:11:27.056894,Fröbelgasse,23,347406
2026-06-29T16:11:27.056894,Fröbelgasse,23,347051
2026-06-29T16:11:27.056894,Fröbelgasse,23,347602
2026-06-29T16:11:27.056894,Fröbelgasse,23,347565
2026-06-29T16:11:27.056894,Fröbelgasse,23,348058
2026-06-29T16:11:27.056894,Fröbelgasse,23,348003
2026-06-29T16:11:27.056894,Fröbelgasse,23,398832
2026-06-29T16:11:27.056894,Fröbelgasse,23,349042
2026-06-29T16:11:27.056894,Reumannplatz U,25,345404
2026-06-29T16:11:27.056894,Reumannplatz U,25,345949
2026-06-29T16:11:27.056894,Reumannplatz U,25,345936
2026-06-29T16:11:27.056894,Reumannplatz U,25,345853
2026-06-29T16:11:27.056894,Reumannplatz U,25,345743
2026-06-29T16:11:27.056894,Reumannplatz U,25,345560
2026-06-29T16:11:27.056894,Reumannplatz U,25,346445
2026-06-29T16:11:27.056894,Reumannplatz U,25,346267
2026-06-29T16:11:27.056894,Reumannplatz U,25,346266
2026-06-29T16:11:27.056894,Reumannplatz U,25,346146
2026-06-29T16:11:27.056894,Reumannplatz U,25,346793
2026-06-29T16:11:27.056894,Reumannplatz U,25,346788
2026-06-29T16:11:27.056894,Reumannplatz U,25,346687
2026-06-29T16:11:27.056894,Reumannplatz U,25,346636
2026-06-29T16:11:27.056894,Reumannplatz U,25,346598
2026-06-29T16:11:27.056894,Reumannplatz U,25,346551
2026-06-29T16:11:27.056894,Reumannplatz U,25,347150
2026-06-29T16:11:27.056894,Reumannplatz U,25,347089
2026-06-29T16:11:27.056894,Reumannplatz U,25,347061
2026-06-29T16:11:27.056894,Reumannplatz U,25,347907
2026-06-29T16:11:27.056894,Reumannplatz U,25,347882
2026-06-29T16:11:27.056894,Reumannplatz U,25,347662
2026-06-29T16:11:27.056894,Reumannplatz U,25,347632
2026-06-29T16:11:27.056894,Reumannplatz U,25,348374
2026-06-29T16:11:27.056894,Reumannplatz U,25,348594
2026-06-29T16:11:27.056894,Brestelgasse,13,345338
2026-06-29T16:11:27.056894,Brestelgasse,13,345276
2026-06-29T16:11:27.056894,Brestelgasse,13,345221
2026-06-29T16:11:27.056894,Brestelgasse,13,345169
2026-06-29T16:11:27.056894,Brestelgasse,13,345996
2026-06-29T16:11:27.056894,Brestelgasse,13,345792
2026-06-29T16:11:27.056894,Brestelgasse,13,346360
2026-06-29T16:11:27.056894,Brestelgasse,13,347222
2026-06-29T16:11:27.056894,Brestelgasse,13,347111
2026-06-29T16:11:27.056894,Brestelgasse,13,347976
2026-06-29T16:11:27.056894,Brestelgasse,13,347633
2026-06-29T16:11:27.056894,Brestelgasse,13,348708
2026-06-29T16:11:27.056894,Brestelgasse,13,349057
2026-06-29T16:11:27.056894,Thaliastraße U,34,345357
2026-06-29T16:11:27.056894,Thaliastraße U,34,345217
2026-06-29T16:11:27.056894,Thaliastraße U,34,345109
2026-06-29T16:11:27.056894,Thaliastraße U,34,345056
2026-06-29T16:11:27.056894,Thaliastraße U,34,345964
2026-06-29T16:11:27.056894,Thaliastraße U,34,345547
2026-06-29T16:11:27.056894,Thaliastraße U,34,346415
2026-06-29T16:11:27.056894,Thaliastraße U,34,346406
2026-06-29T16:11:27.056894,Thaliastraße U,34,346342
2026-06-29T16:11:27.056894,Thaliastraße U,34,346770
2026-06-29T16:11:27.056894,Thaliastraße U,34,346749
2026-06-29T16:11:27.056894,Thaliastraße U,34,346573
2026-06-29T16:11:27.056894,Thaliastraße U,34,347412
2026-06-29T16:11:27.056894,Thaliastraße U,34,347395
2026-06-29T16:11:27.056894,Thaliastraße U,34,347299
2026-06-29T16:11:27.056894,Thaliastraße U,34,347294
2026-06-29T16:11:27.056894,Thaliastraße U,34,347203
2026-06-29T16:11:27.056894,Thaliastraße U,34,347100
2026-06-29T16:11:27.056894,Thaliastraße U,34,347082
2026-06-29T16:11:27.056894,Thaliastraße U,34,347017
2026-06-29T16:11:27.056894,Thaliastraße U,34,347980
2026-06-29T16:11:27.056894,Thaliastraße U,34,347896
2026-06-29T16:11:27.056894,Thaliastraße U,34,347787
2026-06-29T16:11:27.056894,Thaliastraße U,34,347641
2026-06-29T16:11:27.056894,Thaliastraße U,34,347588
2026-06-29T16:11:27.056894,Thaliastraße U,34,348465
2026-06-29T16:11:27.056894,Thaliastraße U,34,348415
2026-06-29T16:11:27.056894,Thaliastraße U,34,348377
2026-06-29T16:11:27.056894,Thaliastraße U,34,348341
2026-06-29T16:11:27.056894,Thaliastraße U,34,348274
2026-06-29T16:11:27.056894,Thaliastraße U,34,348137
2026-06-29T16:11:27.056894,Thaliastraße U,34,348121
2026-06-29T16:11:27.056894,Thaliastraße U,34,348560
2026-06-29T16:11:27.056894,Thaliastraße U,34,349140
2026-06-29T16:11:27.056894,Nussdorfer Straße S,3,346755
2026-06-29T16:11:27.056894,Nussdorfer Straße S,3,347081
2026-06-29T16:11:27.056894,Nussdorfer Straße S,3,348271
2026-06-29T16:11:27.056894,Elterleinplatz,18,345430
2026-06-29T16:11:27.056894,Elterleinplatz,18,345322
2026-06-29T16:11:27.056894,Elterleinplatz,18,345842
2026-06-29T16:11:27.056894,Elterleinplatz,18,345763
2026-06-29T16:11:27.056894,Elterleinplatz,18,345742
2026-06-29T16:11:27.056894,Elterleinplatz,18,345550
2026-06-29T16:11:27.056894,Elterleinplatz,18,346461
2026-06-29T16:11:27.056894,Elterleinplatz,18,346291
2026-06-29T16:11:27.056894,Elterleinplatz,18,346244
2026-06-29T16:11:27.056894,Elterleinplatz,18,346077
2026-06-29T16:11:27.056894,Elterleinplatz,18,346993
2026-06-29T16:11:27.056894,Elterleinplatz,18,346843
2026-06-29T16:11:27.056894,Elterleinplatz,18,346808
2026-06-29T16:11:27.056894,Elterleinplatz,18,347108
2026-06-29T16:11:27.056894,Elterleinplatz,18,347105
2026-06-29T16:11:27.056894,Elterleinplatz,18,347634
2026-06-29T16:11:27.056894,Elterleinplatz,18,348488
2026-06-29T16:11:27.056894,Elterleinplatz,18,348351
2026-06-29T16:11:27.056894,Canisiusgasse,14,345892
2026-06-29T16:11:27.056894,Canisiusgasse,14,345859
2026-06-29T16:11:27.056894,Canisiusgasse,14,345796
2026-06-29T16:11:27.056894,Canisiusgasse,14,345774
2026-06-29T16:11:27.056894,Canisiusgasse,14,345744
2026-06-29T16:11:27.056894,Canisiusgasse,14,345587
2026-06-29T16:11:27.056894,Canisiusgasse,14,346483
2026-06-29T16:11:27.056894,Canisiusgasse,14,346066
2026-06-29T16:11:27.056894,Canisiusgasse,14,346899
2026-06-29T16:11:27.056894,Canisiusgasse,14,347252
2026-06-29T16:11:27.056894,Canisiusgasse,14,347209
2026-06-29T16:11:27.056894,Canisiusgasse,14,347857
2026-06-29T16:11:27.056894,Canisiusgasse,14,347833
2026-06-29T16:11:27.056894,Canisiusgasse,14,347826
2026-06-29T16:11:27.056894,Meidling S U / Schedifkaplatz,8,345475
2026-06-29T16:11:27.056894,Meidling S U / Schedifkaplatz,8,345099
2026-06-29T16:11:27.056894,Meidling S U / Schedifkaplatz,8,345685
2026-06-29T16:11:27.056894,Meidling S U / Schedifkaplatz,8,346988
2026-06-29T16:11:27.056894,Meidling S U / Schedifkaplatz,8,347268
2026-06-29T16:11:27.056894,Meidling S U / Schedifkaplatz,8,347172
2026-06-29T16:11:27.056894,Meidling S U / Schedifkaplatz,8,348400
2026-06-29T16:11:27.056894,Meidling S U / Schedifkaplatz,8,348013
2026-06-29T16:11:27.056894,Palffygasse,20,345390
2026-06-29T16:11:27.056894,Palffygasse,20,345386
2026-06-29T16:11:27.056894,Palffygasse,20,345329
2026-06-29T16:11:27.056894,Palffygasse,20,345029
2026-06-29T16:11:27.056894,Palffygasse,20,346421
2026-06-29T16:11:27.056894,Palffygasse,20,346420
2026-06-29T16:11:27.056894,Palffygasse,20,346376
2026-06-29T16:11:27.056894,Palffygasse,20,346125
2026-06-29T16:11:27.056894,Palffygasse,20,346053
2026-06-29T16:11:27.056894,Palffygasse,20,346927
2026-06-29T16:11:27.056894,Palffygasse,20,346869
2026-06-29T16:11:27.056894,Palffygasse,20,347314
2026-06-29T16:11:27.056894,Palffygasse,20,347308
2026-06-29T16:11:27.056894,Palffygasse,20,347895
2026-06-29T16:11:27.056894,Palffygasse,20,347795
2026-06-29T16:11:27.056894,Palffygasse,20,347516
2026-06-29T16:11:27.056894,Palffygasse,20,347504
2026-06-29T16:11:27.056894,Palffygasse,20,348448
2026-06-29T16:11:27.056894,Palffygasse,20,348210
2026-06-29T16:11:27.056894,Palffygasse,20,349109
2026-06-29T16:11:27.056894,Gersthof S,9,345247
2026-06-29T16:11:27.056894,Gersthof S,9,345689
2026-06-29T16:11:27.056894,Gersthof S,9,347461
2026-06-29T16:11:27.056894,Gersthof S,9,347383
2026-06-29T16:11:27.056894,Gersthof S,9,347282
2026-06-29T16:11:27.056894,Gersthof S,9,348494
2026-06-29T16:11:27.056894,Gersthof S,9,348352
2026-06-29T16:11:27.056894,Gersthof S,9,348232
2026-06-29T16:11:27.056894,Gersthof S,9,349005
2026-06-29T16:11:27.056894,Reinprechtsdorfer Brücke,14,345948
2026-06-29T16:11:27.056894,Reinprechtsdorfer Brücke,14,345789
2026-06-29T16:11:27.056894,Reinprechtsdorfer Brücke,14,346419
2026-06-29T16:11:27.056894,Reinprechtsdorfer Brücke,14,346396
2026-06-29T16:11:27.056894,Reinprechtsdorfer Brücke,14,346282
2026-06-29T16:11:27.056894,Reinprechtsdorfer Brücke,14,346575
2026-06-29T16:11:27.056894,Reinprechtsdorfer Brücke,14,346517
2026-06-29T16:11:27.056894,Reinprechtsdorfer Brücke,14,347143
2026-06-29T16:11:27.056894,Reinprechtsdorfer Brücke,14,347132
2026-06-29T16:11:27.056894,Reinprechtsdorfer Brücke,14,347096
2026-06-29T16:11:27.056894,Reinprechtsdorfer Brücke,14,347885
2026-06-29T16:11:27.056894,Reinprechtsdorfer Brücke,14,347817
2026-06-29T16:11:27.056894,Reinprechtsdorfer Brücke,14,347803
2026-06-29T16:11:27.056894,Reinprechtsdorfer Brücke,14,348406
2026-06-29T16:11:27.056894,Siebenbrunnenplatz,10,345695
2026-06-29T16:11:27.056894,Siebenbrunnenplatz,10,346301
2026-06-29T16:11:27.056894,Siebenbrunnenplatz,10,346257
2026-06-29T16:11:27.056894,Siebenbrunnenplatz,10,346033
2026-06-29T16:11:27.056894,Siebenbrunnenplatz,10,346787
2026-06-29T16:11:27.056894,Siebenbrunnenplatz,10,347444
2026-06-29T16:11:27.056894,Siebenbrunnenplatz,10,347261
2026-06-29T16:11:27.056894,Siebenbrunnenplatz,10,347122
2026-06-29T16:11:27.056894,Siebenbrunnenplatz,10,347919
2026-06-29T16:11:27.056894,Siebenbrunnenplatz,10,347583
2026-06-29T16:11:27.056894,Rosensteingasse / Blumengasse,21,345277
2026-06-29T16:11:27.056894,Rosensteingasse / Blumengasse,21,345881
2026-06-29T16:11:27.056894,Rosensteingasse / Blumengasse,21,345603
2026-06-29T16:11:27.056894,Rosensteingasse / Blumengasse,21,346150
2026-06-29T16:11:27.056894,Rosensteingasse / Blumengasse,21,346047
2026-06-29T16:11:27.056894,Rosensteingasse / Blumengasse,21,346813
2026-06-29T16:11:27.056894,Rosensteingasse / Blumengasse,21,346744
2026-06-29T16:11:27.056894,Rosensteingasse / Blumengasse,21,346742
2026-06-29T16:11:27.056894,Rosensteingasse / Blumengasse,21,346670
2026-06-29T16:11:27.056894,Rosensteingasse / Blumengasse,21,347365
2026-06-29T16:11:27.056894,Rosensteingasse / Blumengasse,21,347942
2026-06-29T16:11:27.056894,Rosensteingasse / Blumengasse,21,347815
2026-06-29T16:11:27.056894,Rosensteingasse / Blumengasse,21,347746
2026-06-29T16:11:27.056894,Rosensteingasse / Blumengasse,21,348455
2026-06-29T16:11:27.056894,Rosensteingasse / Blumengasse,21,348273
2026-06-29T16:11:27.056894,Rosensteingasse / Blumengasse,21,348189
2026-06-29T16:11:27.056894,Rosensteingasse / Blumengasse,21,348127
2026-06-29T16:11:27.056894,Rosensteingasse / Blumengasse,21,348071
2026-06-29T16:11:27.056894,Rosensteingasse / Blumengasse,21,348630
2026-06-29T16:11:27.056894,Rosensteingasse / Blumengasse,21,348533
2026-06-29T16:11:27.056894,Rosensteingasse / Blumengasse,21,348987
2026-06-29T16:11:27.056894,Schottenring U /Herminengasse,4,347161
2026-06-29T16:11:27.056894,Schottenring U /Herminengasse,4,347131
2026-06-29T16:11:27.056894,Schottenring U /Herminengasse,4,348699
2026-06-29T16:11:27.056894,Schottenring U /Herminengasse,4,398805
2026-06-29T16:11:27.056894,Josefstädter Straße U,28,345345
2026-06-29T16:11:27.056894,Josefstädter Straße U,28,345328
2026-06-29T16:11:27.056894,Josefstädter Straße U,28,345134
2026-06-29T16:11:27.056894,Josefstädter Straße U,28,345089
2026-06-29T16:11:27.056894,Josefstädter Straße U,28,345082
2026-06-29T16:11:27.056894,Josefstädter Straße U,28,345965
2026-06-29T16:11:27.056894,Josefstädter Straße U,28,345916
2026-06-29T16:11:27.056894,Josefstädter Straße U,28,345858
2026-06-29T16:11:27.056894,Josefstädter Straße U,28,345598
2026-06-29T16:11:27.056894,Josefstädter Straße U,28,345554
2026-06-29T16:11:27.056894,Josefstädter Straße U,28,346218
2026-06-29T16:11:27.056894,Josefstädter Straße U,28,346147
2026-06-29T16:11:27.056894,Josefstädter Straße U,28,346831
2026-06-29T16:11:27.056894,Josefstädter Straße U,28,346781
2026-06-29T16:11:27.056894,Josefstädter Straße U,28,346674
2026-06-29T16:11:27.056894,Josefstädter Straße U,28,346547
2026-06-29T16:11:27.056894,Josefstädter Straße U,28,347326
2026-06-29T16:11:27.056894,Josefstädter Straße U,28,347288
2026-06-29T16:11:27.056894,Josefstädter Straße U,28,347228
2026-06-29T16:11:27.056894,Josefstädter Straße U,28,347123
2026-06-29T16:11:27.056894,Josefstädter Straße U,28,347893
2026-06-29T16:11:27.056894,Josefstädter Straße U,28,347792
2026-06-29T16:11:27.056894,Josefstädter Straße U,28,347677
2026-06-29T16:11:27.056894,Josefstädter Straße U,28,348238
2026-06-29T16:11:27.056894,Josefstädter Straße U,28,348007
2026-06-29T16:11:27.056894,Josefstädter Straße U,28,348595
2026-06-29T16:11:27.056894,Josefstädter Straße U,28,398768
2026-06-29T16:11:27.056894,Josefstädter Straße U,28,349087
2026-06-29T16:11:27.056894,Friedrich-Engels-Platz,14,345429
2026-06-29T16:11:27.056894,Friedrich-Engels-Platz,14,345780
2026-06-29T16:11:27.056894,Friedrich-Engels-Platz,14,345762
2026-06-29T16:11:27.056894,Friedrich-Engels-Platz,14,345577
2026-06-29T16:11:27.056894,Friedrich-Engels-Platz,14,346075
2026-06-29T16:11:27.056894,Friedrich-Engels-Platz,14,346012
2026-06-29T16:11:27.056894,Friedrich-Engels-Platz,14,346740
2026-06-29T16:11:27.056894,Friedrich-Engels-Platz,14,347389
2026-06-29T16:11:27.056894,Friedrich-Engels-Platz,14,347694
2026-06-29T16:11:27.056894,Friedrich-Engels-Platz,14,347620
2026-06-29T16:11:27.056894,Friedrich-Engels-Platz,14,347535
2026-06-29T16:11:27.056894,Friedrich-Engels-Platz,14,348453
2026-06-29T16:11:27.056894,Friedrich-Engels-Platz,14,348353
2026-06-29T16:11:27.056894,Friedrich-Engels-Platz,14,348230
2026-06-29T16:11:27.056894,Dresdner Straße U,4,345045
2026-06-29T16:11:27.056894,Dresdner Straße U,4,346614
2026-06-29T16:11:27.056894,Dresdner Straße U,4,348442
2026-06-29T16:11:27.056894,Dresdner Straße U,4,348068
2026-06-29T16:11:27.056894,Jägerstraße U,23,345474
2026-06-29T16:11:27.056894,Jägerstraße U,23,345389
2026-06-29T16:11:27.056894,Jägerstraße U,23,345806
2026-06-29T16:11:27.056894,Jägerstraße U,23,345761
2026-06-29T16:11:27.056894,Jägerstraße U,23,345589
2026-06-29T16:11:27.056894,Jägerstraße U,23,345579
2026-06-29T16:11:27.056894,Jägerstraße U,23,346449
2026-06-29T16:11:27.056894,Jägerstraße U,23,346384
2026-06-29T16:11:27.056894,Jägerstraße U,23,346363
2026-06-29T16:11:27.056894,Jägerstraße U,23,346206
2026-06-29T16:11:27.056894,Jägerstraße U,23,346086
2026-06-29T16:11:27.056894,Jägerstraße U,23,346084
2026-06-29T16:11:27.056894,Jägerstraße U,23,346924
2026-06-29T16:11:27.056894,Jägerstraße U,23,346772
2026-06-29T16:11:27.056894,Jägerstraße U,23,346756
2026-06-29T16:11:27.056894,Jägerstraße U,23,346536
2026-06-29T16:11:27.056894,Jägerstraße U,23,347328
2026-06-29T16:11:27.056894,Jägerstraße U,23,347899
2026-06-29T16:11:27.056894,Jägerstraße U,23,347712
2026-06-29T16:11:27.056894,Jägerstraße U,23,348375
2026-06-29T16:11:27.056894,Jägerstraße U,23,348284
2026-06-29T16:11:27.056894,Jägerstraße U,23,348095
2026-06-29T16:11:27.056894,Jägerstraße U,23,398744
2026-06-29T16:11:27.056894,Traisengasse S,10,345368
2026-06-29T16:11:27.056894,Traisengasse S,10,345017
2026-06-29T16:11:27.056894,Traisengasse S,10,345865
2026-06-29T16:11:27.056894,Traisengasse S,10,345817
2026-06-29T16:11:27.056894,Traisengasse S,10,347358
2026-06-29T16:11:27.056894,Traisengasse S,10,347062
2026-06-29T16:11:27.056894,Traisengasse S,10,347035
2026-06-29T16:11:27.056894,Traisengasse S,10,347944
2026-06-29T16:11:27.056894,Traisengasse S,10,347935
2026-06-29T16:11:27.056894,Traisengasse S,10,348392
2026-06-29T16:11:27.056894,Kettenbrückengasse U / Naschmarkt,9,345471
2026-06-29T16:11:27.056894,Kettenbrückengasse U / Naschmarkt,9,345393
2026-06-29T16:11:27.056894,Kettenbrückengasse U / Naschmarkt,9,346327
2026-06-29T16:11:27.056894,Kettenbrückengasse U / Naschmarkt,9,347104
2026-06-29T16:11:27.056894,Kettenbrückengasse U / Naschmarkt,9,347883
2026-06-29T16:11:27.056894,Kettenbrückengasse U / Naschmarkt,9,347875
2026-06-29T16:11:27.056894,Kettenbrückengasse U / Naschmarkt,9,348390
2026-06-29T16:11:27.056894,Kettenbrückengasse U / Naschmarkt,9,348647
2026-06-29T16:11:27.056894,Kettenbrückengasse U / Naschmarkt,9,349151
2026-06-29T16:11:27.056894,Aumannplatz,18,345050
2026-06-29T16:11:27.056894,Aumannplatz,18,345008
2026-06-29T16:11:27.056894,Aumannplatz,18,345875
2026-06-29T16:11:27.056894,Aumannplatz,18,346035
2026-06-29T16:11:27.056894,Aumannplatz,18,346934
2026-06-29T16:11:27.056894,Aumannplatz,18,346736
2026-06-29T16:11:27.056894,Aumannplatz,18,346618
2026-06-29T16:11:27.056894,Aumannplatz,18,347207
2026-06-29T16:11:27.056894,Aumannplatz,18,347194
2026-06-29T16:11:27.056894,Aumannplatz,18,347156
2026-06-29T16:11:27.056894,Aumannplatz,18,347151
2026-06-29T16:11:27.056894,Aumannplatz,18,347135
2026-06-29T16:11:27.056894,Aumannplatz,18,347098
2026-06-29T16:11:27.056894,Aumannplatz,18,347772
2026-06-29T16:11:27.056894,Aumannplatz,18,348444
2026-06-29T16:11:27.056894,Aumannplatz,18,348270
2026-06-29T16:11:27.056894,Aumannplatz,18,348224
2026-06-29T16:11:27.056894,Aumannplatz,18,348037
2026-06-29T16:11:27.056894,Längenfeldgasse U,34,345326
2026-06-29T16:11:27.056894,Längenfeldgasse U,34,345285
2026-06-29T16:11:27.056894,Längenfeldgasse U,34,345228
2026-06-29T16:11:27.056894,Längenfeldgasse U,34,345215
2026-06-29T16:11:27.056894,Längenfeldgasse U,34,345149
2026-06-29T16:11:27.056894,Längenfeldgasse U,34,345878
2026-06-29T16:11:27.056894,Längenfeldgasse U,34,345873
2026-06-29T16:11:27.056894,Längenfeldgasse U,34,345815
2026-06-29T16:11:27.056894,Längenfeldgasse U,34,345765
2026-06-29T16:11:27.056894,Längenfeldgasse U,34,346373
2026-06-29T16:11:27.056894,Längenfeldgasse U,34,346247
2026-06-29T16:11:27.056894,Längenfeldgasse U,34,346238
2026-06-29T16:11:27.056894,Längenfeldgasse U,34,346200
2026-06-29T16:11:27.056894,Längenfeldgasse U,34,346195
2026-06-29T16:11:27.056894,Längenfeldgasse U,34,346158
2026-06-29T16:11:27.056894,Längenfeldgasse U,34,346016
2026-06-29T16:11:27.056894,Längenfeldgasse U,34,346971
2026-06-29T16:11:27.056894,Längenfeldgasse U,34,346959
2026-06-29T16:11:27.056894,Längenfeldgasse U,34,346873
2026-06-29T16:11:27.056894,Längenfeldgasse U,34,346728
2026-06-29T16:11:27.056894,Längenfeldgasse U,34,346630
2026-06-29T16:11:27.056894,Längenfeldgasse U,34,346519
2026-06-29T16:11:27.056894,Längenfeldgasse U,34,347482
2026-06-29T16:11:27.056894,Längenfeldgasse U,34,347360
2026-06-29T16:11:27.056894,Längenfeldgasse U,34,347343
2026-06-29T16:11:27.056894,Längenfeldgasse U,34,347977
2026-06-29T16:11:27.056894,Längenfeldgasse U,34,347656
2026-06-29T16:11:27.056894,Längenfeldgasse U,34,347624
2026-06-29T16:11:27.056894,Längenfeldgasse U,34,347518
2026-06-29T16:11:27.056894,Längenfeldgasse U,34,348449
2026-06-29T16:11:27.056894,Längenfeldgasse U,34,348409
2026-06-29T16:11:27.056894,Längenfeldgasse U,34,348038
2026-06-29T16:11:27.056894,Längenfeldgasse U,34,348020
2026-06-29T16:11:27.056894,Längenfeldgasse U,34,398773
2026-06-29T16:11:27.056894,Althanstraße,19,345464
2026-06-29T16:11:27.056894,Althanstraße,19,345417
2026-06-29T16:11:27.056894,Althanstraße,19,345402
2026-06-29T16:11:27.056894,Althanstraße,19,345183
2026-06-29T16:11:27.056894,Althanstraße,19,345126
2026-06-29T16:11:27.056894,Althanstraße,19,345032
2026-06-29T16:11:27.056894,Althanstraße,19,345567
2026-06-29T16:11:27.056894,Althanstraße,19,346163
2026-06-29T16:11:27.056894,Althanstraße,19,346082
2026-06-29T16:11:27.056894,Althanstraße,19,346021
2026-06-29T16:11:27.056894,Althanstraße,19,346737
2026-06-29T16:11:27.056894,Althanstraße,19,347274
2026-06-29T16:11:27.056894,Althanstraße,19,347043
2026-06-29T16:11:27.056894,Althanstraße,19,347589
2026-06-29T16:11:27.056894,Althanstraße,19,348433
2026-06-29T16:11:27.056894,Althanstraße,19,348329
2026-06-29T16:11:27.056894,Althanstraße,19,348292
2026-06-29T16:11:27.056894,Althanstraße,19,348713
2026-06-29T16:11:27.056894,Althanstraße,19,348530
2026-06-29T16:11:27.056894,Schottentor U,24,345318
2026-06-29T16:11:27.056894,Schottentor U,24,345091
2026-06-29T16:11:27.056894,Schottentor U,24,345981
2026-06-29T16:11:27.056894,Schottentor U,24,345902
2026-06-29T16:11:27.056894,Schottentor U,24,345696
2026-06-29T16:11:27.056894,Schottentor U,24,346111
2026-06-29T16:11:27.056894,Schottentor U,24,346043
2026-06-29T16:11:27.056894,Schottentor U,24,346013
2026-06-29T16:11:27.056894,Schottentor U,24,346795
2026-06-29T16:11:27.056894,Schottentor U,24,346535
2026-06-29T16:11:27.056894,Schottentor U,24,347497
2026-06-29T16:11:27.056894,Schottentor U,24,347485
2026-06-29T16:11:27.056894,Schottentor U,24,347380
2026-06-29T16:11:27.056894,Schottentor U,24,347034
2026-06-29T16:11:27.056894,Schottentor U,24,347863
2026-06-29T16:11:27.056894,Schottentor U,24,347559
2026-06-29T16:11:27.056894,Schottentor U,24,348467
2026-06-29T16:11:27.056894,Schottentor U,24,348463
2026-06-29T16:11:27.056894,Schottentor U,24,348202
2026-06-29T16:11:27.056894,Schottentor U,24,348014
2026-06-29T16:11:27.056894,Schottentor U,24,348644
2026-06-29T16:11:27.056894,Schottentor U,24,348521
2026-06-29T16:11:27.056894,Schottentor U,24,398844
2026-06-29T16:11:27.056894,Schottentor U,24,398871
2026-06-29T16:11:27.056894,Neubaugasse U,5,345461
2026-06-29T16:11:27.056894,Neubaugasse U,5,345094
2026-06-29T16:11:27.056894,Neubaugasse U,5,346171
2026-06-29T16:11:27.056894,Neubaugasse U,5,347092
2026-06-29T16:11:27.056894,Neubaugasse U,5,347609
2026-06-29T16:11:27.056894,Museumsquartier U,37,345476
2026-06-29T16:11:27.056894,Museumsquartier U,37,345449
2026-06-29T16:11:27.056894,Museumsquartier U,37,345436
2026-06-29T16:11:27.056894,Museumsquartier U,37,345382
2026-06-29T16:11:27.056894,Museumsquartier U,37,345335
2026-06-29T16:11:27.056894,Museumsquartier U,37,345303
2026-06-29T16:11:27.056894,Museumsquartier U,37,345261
2026-06-29T16:11:27.056894,Museumsquartier U,37,345074
2026-06-29T16:11:27.056894,Museumsquartier U,37,345046
2026-06-29T16:11:27.056894,Museumsquartier U,37,345037
2026-06-29T16:11:27.056894,Museumsquartier U,37,345971
2026-06-29T16:11:27.056894,Museumsquartier U,37,345933
2026-06-29T16:11:27.056894,Museumsquartier U,37,345800
2026-06-29T16:11:27.056894,Museumsquartier U,37,346183
2026-06-29T16:11:27.056894,Museumsquartier U,37,346088
2026-06-29T16:11:27.056894,Museumsquartier U,37,346802
2026-06-29T16:11:27.056894,Museumsquartier U,37,346731
2026-06-29T16:11:27.056894,Museumsquartier U,37,346634
2026-06-29T16:11:27.056894,Museumsquartier U,37,347475
2026-06-29T16:11:27.056894,Museumsquartier U,37,347276
2026-06-29T16:11:27.056894,Museumsquartier U,37,347967
2026-06-29T16:11:27.056894,Museumsquartier U,37,347878
2026-06-29T16:11:27.056894,Museumsquartier U,37,347671
2026-06-29T16:11:27.056894,Museumsquartier U,37,347648
2026-06-29T16:11:27.056894,Museumsquartier U,37,347581
2026-06-29T16:11:27.056894,Museumsquartier U,37,347546
2026-06-29T16:11:27.056894,Museumsquartier U,37,347515
2026-06-29T16:11:27.056894,Museumsquartier U,37,348456
2026-06-29T16:11:27.056894,Museumsquartier U,37,348309
2026-06-29T16:11:27.056894,Museumsquartier U,37,348193
2026-06-29T16:11:27.056894,Museumsquartier U,37,348162
2026-06-29T16:11:27.056894,Museumsquartier U,37,348693
2026-06-29T16:11:27.056894,Museumsquartier U,37,348610
2026-06-29T16:11:27.056894,Museumsquartier U,37,348606
2026-06-29T16:11:27.056894,Museumsquartier U,37,348601
2026-06-29T16:11:27.056894,Museumsquartier U,37,348585
2026-06-29T16:11:27.056894,Museumsquartier U,37,398870
2026-06-29T16:11:27.056894,Johnstrasse U,8,345145
2026-06-29T16:11:27.056894,Johnstrasse U,8,345883
2026-06-29T16:11:27.056894,Johnstrasse U,8,345882
2026-06-29T16:11:27.056894,Johnstrasse U,8,346356
2026-06-29T16:11:27.056894,Johnstrasse U,8,346277
2026-06-29T16:11:27.056894,Johnstrasse U,8,346055
2026-06-29T16:11:27.056894,Johnstrasse U,8,347432
2026-06-29T16:11:27.056894,Johnstrasse U,8,398803
2026-06-29T16:11:27.056894,Turnergasse,10,345544
2026-06-29T16:11:27.056894,Turnergasse,10,346418
2026-06-29T16:11:27.056894,Turnergasse,10,346199
2026-06-29T16:11:27.056894,Turnergasse,10,346979
2026-06-29T16:11:27.056894,Turnergasse,10,346904
2026-06-29T16:11:27.056894,Turnergasse,10,346815
2026-06-29T16:11:27.056894,Turnergasse,10,347466
2026-06-29T16:11:27.056894,Turnergasse,10,347646
2026-06-29T16:11:27.056894,Turnergasse,10,348551
2026-06-29T16:11:27.056894,Turnergasse,10,398816
2026-06-29T16:11:27.056894,Kutschkergasse,3,347611
2026-06-29T16:11:27.056894,Kutschkergasse,3,348806
2026-06-29T16:11:27.056894,Kutschkergasse,3,349128
2026-06-29T16:11:27.056894,Stadion U,6,345093
2026-06-29T16:11:27.056894,Stadion U,6,345078
2026-06-29T16:11:27.056894,Stadion U,6,345521
2026-06-29T16:11:27.056894,Stadion U,6,346766
2026-06-29T16:11:27.056894,Stadion U,6,347093
2026-06-29T16:11:27.056894,Stadion U,6,348419
2026-06-29T16:11:27.056894,Brückengasse,7,345374
2026-06-29T16:11:27.056894,Brückengasse,7,345054
2026-06-29T16:11:27.056894,Brückengasse,7,345558
2026-06-29T16:11:27.056894,Brückengasse,7,346719
2026-06-29T16:11:27.056894,Brückengasse,7,347686
2026-06-29T16:11:27.056894,Brückengasse,7,347635
2026-06-29T16:11:27.056894,Brückengasse,7,348291
2026-06-29T16:11:27.056894,Schuhmeierplatz,15,345219
2026-06-29T16:11:27.056894,Schuhmeierplatz,15,345189
2026-06-29T16:11:27.056894,Schuhmeierplatz,15,345906
2026-06-29T16:11:27.056894,Schuhmeierplatz,15,345731
2026-06-29T16:11:27.056894,Schuhmeierplatz,15,345585
2026-06-29T16:11:27.056894,Schuhmeierplatz,15,346472
2026-06-29T16:11:27.056894,Schuhmeierplatz,15,347722
2026-06-29T16:11:27.056894,Schuhmeierplatz,15,347702
2026-06-29T16:11:27.056894,Schuhmeierplatz,15,347526
2026-06-29T16:11:27.056894,Schuhmeierplatz,15,348475
2026-06-29T16:11:27.056894,Schuhmeierplatz,15,348073
2026-06-29T16:11:27.056894,Schuhmeierplatz,15,348648
2026-06-29T16:11:27.056894,Schuhmeierplatz,15,348596
2026-06-29T16:11:27.056894,Schuhmeierplatz,15,348577
2026-06-29T16:11:27.056894,Schuhmeierplatz,15,398740
2026-06-29T16:11:27.056894,Schönbrunn U,11,345155
2026-06-29T16:11:27.056894,Schönbrunn U,11,346368
2026-06-29T16:11:27.056894,Schönbrunn U,11,346129
2026-06-29T16:11:27.056894,Schönbrunn U,11,346038
2026-06-29T16:11:27.056894,Schönbrunn U,11,346940
2026-06-29T16:11:27.056894,Schönbrunn U,11,346780
2026-06-29T16:11:27.056894,Schönbrunn U,11,347810
2026-06-29T16:11:27.056894,Schönbrunn U,11,347528
2026-06-29T16:11:27.056894,Schönbrunn U,11,348234
2026-06-29T16:11:27.056894,Schönbrunn U,11,348044
2026-06-29T16:11:27.056894,Schönbrunn U,11,348524
2026-06-29T16:11:27.056894,Hermesstraße / Oscar-Straus-Park ,6,345726
2026-06-29T16:11:27.056894,Hermesstraße / Oscar-Straus-Park ,6,346997
2026-06-29T16:11:27.056894,Hermesstraße / Oscar-Straus-Park ,6,346743
2026-06-29T16:11:27.056894,Hermesstraße / Oscar-Straus-Park ,6,348535
2026-06-29T16:11:27.056894,Hermesstraße / Oscar-Straus-Park ,6,349079
2026-06-29T16:11:27.056894,Hermesstraße / Oscar-Straus-Park ,6,349163
2026-06-29T16:11:27.056894,Modecenterstraße / The Marks,9,345004
2026-06-29T16:11:27.056894,Modecenterstraße / The Marks,9,346944
2026-06-29T16:11:27.056894,Modecenterstraße / The Marks,9,347388
2026-06-29T16:11:27.056894,Modecenterstraße / The Marks,9,347371
2026-06-29T16:11:27.056894,Modecenterstraße / The Marks,9,347718
2026-06-29T16:11:27.056894,Modecenterstraße / The Marks,9,348491
2026-06-29T16:11:27.056894,Modecenterstraße / The Marks,9,348211
2026-06-29T16:11:27.056894,Modecenterstraße / The Marks,9,348208
2026-06-29T16:11:27.056894,Modecenterstraße / The Marks,9,348985
2026-06-29T16:11:27.056894,Am Langen Felde,4,345473
2026-06-29T16:11:27.056894,Am Langen Felde,4,347385
2026-06-29T16:11:27.056894,Am Langen Felde,4,348347
2026-06-29T16:11:27.056894,Am Langen Felde,4,348830
2026-06-29T16:11:27.056894,Pilgramgasse U,13,345364
2026-06-29T16:11:27.056894,Pilgramgasse U,13,345225
2026-06-29T16:11:27.056894,Pilgramgasse U,13,345813
2026-06-29T16:11:27.056894,Pilgramgasse U,13,345642
2026-06-29T16:11:27.056894,Pilgramgasse U,13,346375
2026-06-29T16:11:27.056894,Pilgramgasse U,13,346269
2026-06-29T16:11:27.056894,Pilgramgasse U,13,346673
2026-06-29T16:11:27.056894,Pilgramgasse U,13,347430
2026-06-29T16:11:27.056894,Pilgramgasse U,13,347176
2026-06-29T16:11:27.056894,Pilgramgasse U,13,347141
2026-06-29T16:11:27.056894,Pilgramgasse U,13,347770
2026-06-29T16:11:27.056894,Pilgramgasse U,13,348047
2026-06-29T16:11:27.056894,Pilgramgasse U,13,348545
2026-06-29T16:11:27.056894,Purkytgasse ,10,345317
2026-06-29T16:11:27.056894,Purkytgasse ,10,345283
2026-06-29T16:11:27.056894,Purkytgasse ,10,345641
2026-06-29T16:11:27.056894,Purkytgasse ,10,346193
2026-06-29T16:11:27.056894,Purkytgasse ,10,346064
2026-06-29T16:11:27.056894,Purkytgasse ,10,347428
2026-06-29T16:11:27.056894,Purkytgasse ,10,347426
2026-06-29T16:11:27.056894,Purkytgasse ,10,347852
2026-06-29T16:11:27.056894,Purkytgasse ,10,347814
2026-06-29T16:11:27.056894,Purkytgasse ,10,348009
2026-06-29T16:11:27.056894,Neue Donau U,37,345460
2026-06-29T16:11:27.056894,Neue Donau U,37,345340
2026-06-29T16:11:27.056894,Neue Donau U,37,345294
2026-06-29T16:11:27.056894,Neue Donau U,37,345833
2026-06-29T16:11:27.056894,Neue Donau U,37,345798
2026-06-29T16:11:27.056894,Neue Donau U,37,345721
2026-06-29T16:11:27.056894,Neue Donau U,37,345648
2026-06-29T16:11:27.056894,Neue Donau U,37,346161
2026-06-29T16:11:27.056894,Neue Donau U,37,346011
2026-06-29T16:11:27.056894,Neue Donau U,37,346882
2026-06-29T16:11:27.056894,Neue Donau U,37,346856
2026-06-29T16:11:27.056894,Neue Donau U,37,346553
2026-06-29T16:11:27.056894,Neue Donau U,37,347489
2026-06-29T16:11:27.056894,Neue Donau U,37,347334
2026-06-29T16:11:27.056894,Neue Donau U,37,347050
2026-06-29T16:11:27.056894,Neue Donau U,37,347836
2026-06-29T16:11:27.056894,Neue Donau U,37,347723
2026-06-29T16:11:27.056894,Neue Donau U,37,347599
2026-06-29T16:11:27.056894,Neue Donau U,37,347590
2026-06-29T16:11:27.056894,Neue Donau U,37,347584
2026-06-29T16:11:27.056894,Neue Donau U,37,347582
2026-06-29T16:11:27.056894,Neue Donau U,37,348468
2026-06-29T16:11:27.056894,Neue Donau U,37,348394
2026-06-29T16:11:27.056894,Neue Donau U,37,348187
2026-06-29T16:11:27.056894,Neue Donau U,37,348054
2026-06-29T16:11:27.056894,Neue Donau U,37,348046
2026-06-29T16:11:27.056894,Neue Donau U,37,348028
2026-06-29T16:11:27.056894,Neue Donau U,37,348000
2026-06-29T16:11:27.056894,Neue Donau U,37,348654
2026-06-29T16:11:27.056894,Neue Donau U,37,348569
2026-06-29T16:11:27.056894,Neue Donau U,37,348565
2026-06-29T16:11:27.056894,Neue Donau U,37,348563
2026-06-29T16:11:27.056894,Neue Donau U,37,398729
2026-06-29T16:11:27.056894,Neue Donau U,37,349089
2026-06-29T16:11:27.056894,Neue Donau U,37,349070
2026-06-29T16:11:27.056894,Neue Donau U,37,348869
2026-06-29T16:11:27.056894,Neue Donau U,37,348837
2026-06-29T16:11:27.056894,Franz-Josef Bahnhof S,10,345363
2026-06-29T16:11:27.056894,Franz-Josef Bahnhof S,10,345061
2026-06-29T16:11:27.056894,Franz-Josef Bahnhof S,10,345021
2026-06-29T16:11:27.056894,Franz-Josef Bahnhof S,10,345814
2026-06-29T16:11:27.056894,Franz-Josef Bahnhof S,10,345783
2026-06-29T16:11:27.056894,Franz-Josef Bahnhof S,10,346487
2026-06-29T16:11:27.056894,Franz-Josef Bahnhof S,10,346271
2026-06-29T16:11:27.056894,Franz-Josef Bahnhof S,10,347230
2026-06-29T16:11:27.056894,Franz-Josef Bahnhof S,10,347964
2026-06-29T16:11:27.056894,Franz-Josef Bahnhof S,10,348100
2026-06-29T16:11:27.056894,Niederpointenstraße,2,347403
2026-06-29T16:11:27.056894,Niederpointenstraße,2,348889
2026-06-29T16:11:27.056894,Leopoldauer Platz,14,345211
2026-06-29T16:11:27.056894,Leopoldauer Platz,14,345002
2026-06-29T16:11:27.056894,Leopoldauer Platz,14,345974
2026-06-29T16:11:27.056894,Leopoldauer Platz,14,346330
2026-06-29T16:11:27.056894,Leopoldauer Platz,14,346175
2026-06-29T16:11:27.056894,Leopoldauer Platz,14,346532
2026-06-29T16:11:27.056894,Leopoldauer Platz,14,347476
2026-06-29T16:11:27.056894,Leopoldauer Platz,14,347241
2026-06-29T16:11:27.056894,Leopoldauer Platz,14,347210
2026-06-29T16:11:27.056894,Leopoldauer Platz,14,347800
2026-06-29T16:11:27.056894,Leopoldauer Platz,14,347743
2026-06-29T16:11:27.056894,Leopoldauer Platz,14,348062
2026-06-29T16:11:27.056894,Leopoldauer Platz,14,348684
2026-06-29T16:11:27.056894,Leopoldauer Platz,14,398737
2026-06-29T16:11:27.056894,ArbeiterInnenstrand,2,348653
2026-06-29T16:11:27.056894,ArbeiterInnenstrand,2,349146
2026-06-29T16:11:27.056894,Gewerbepark Stadlau,3,346567
2026-06-29T16:11:27.056894,Gewerbepark Stadlau,3,347915
2026-06-29T16:11:27.056894,Gewerbepark Stadlau,3,348125
2026-06-29T16:11:27.056894,Atzgersdorf Bildungscampus,4,345366
2026-06-29T16:11:27.056894,Atzgersdorf Bildungscampus,4,345543
2026-06-29T16:11:27.056894,Atzgersdorf Bildungscampus,4,347619
2026-06-29T16:11:27.056894,Atzgersdorf Bildungscampus,4,348614
2026-06-29T16:11:27.056894,Adelheid-Popp-Gasse,7,346933
2026-06-29T16:11:27.056894,Adelheid-Popp-Gasse,7,346828
2026-06-29T16:11:27.056894,Adelheid-Popp-Gasse,7,346763
2026-06-29T16:11:27.056894,Adelheid-Popp-Gasse,7,348229
2026-06-29T16:11:27.056894,Adelheid-Popp-Gasse,7,348174
2026-06-29T16:11:27.056894,Adelheid-Popp-Gasse,7,348527
2026-06-29T16:11:27.056894,Adelheid-Popp-Gasse,7,349145
2026-06-29T16:11:27.056894,VHS Kulturgarage,1,348196
2026-06-29T16:11:27.056894,Siebenbrunnenfeldgasse,3,347719
2026-06-29T16:11:27.056894,Siebenbrunnenfeldgasse,3,348671
2026-06-29T16:11:27.056894,Siebenbrunnenfeldgasse,3,348934
2026-06-29T16:11:27.056894,Technisches Museum,3,345298
2026-06-29T16:11:27.056894,Technisches Museum,3,345885
2026-06-29T16:11:27.056894,Technisches Museum,3,347873
2026-06-29T16:11:27.056894,Währinger Park,3,345148
2026-06-29T16:11:27.056894,Währinger Park,3,345793
2026-06-29T16:11:27.056894,Währinger Park,3,346092
2026-06-29T16:11:27.056894,Ettenreichgasse / Schulzentrum ,1,347992
2026-06-29T16:11:27.056894,Wendstattgasse,5,345820
2026-06-29T16:11:27.056894,Wendstattgasse,5,345569
2026-06-29T16:11:27.056894,Wendstattgasse,5,347867
2026-06-29T16:11:27.056894,Wendstattgasse,5,347849
2026-06-29T16:11:27.056894,Wendstattgasse,5,348318
2026-06-29T16:11:27.056894,Neilreichgasse,8,345669
2026-06-29T16:11:27.056894,Neilreichgasse,8,346295
2026-06-29T16:11:27.056894,Neilreichgasse,8,346643
2026-06-29T16:11:27.056894,Neilreichgasse,8,347866
2026-06-29T16:11:27.056894,Neilreichgasse,8,347505
2026-06-29T16:11:27.056894,Neilreichgasse,8,348847
2026-06-29T16:11:27.056894,Neilreichgasse,8,348822
2026-06-29T16:11:27.056894,Neilreichgasse,8,349173
2026-06-29T16:11:27.056894,Gutheil-Schoder-Gasse / Badner Bahn,9,345191
2026-06-29T16:11:27.056894,Gutheil-Schoder-Gasse / Badner Bahn,9,345513
2026-06-29T16:11:27.056894,Gutheil-Schoder-Gasse / Badner Bahn,9,346412
2026-06-29T16:11:27.056894,Gutheil-Schoder-Gasse / Badner Bahn,9,346411
2026-06-29T16:11:27.056894,Gutheil-Schoder-Gasse / Badner Bahn,9,346647
2026-06-29T16:11:27.056894,Gutheil-Schoder-Gasse / Badner Bahn,9,348401
2026-06-29T16:11:27.056894,Gutheil-Schoder-Gasse / Badner Bahn,9,348066
2026-06-29T16:11:27.056894,Gutheil-Schoder-Gasse / Badner Bahn,9,348975
2026-06-29T16:11:27.056894,Gutheil-Schoder-Gasse / Badner Bahn,9,348808
2026-06-29T16:11:27.056894,Neu Leopoldau,5,345943
2026-06-29T16:11:27.056894,Neu Leopoldau,5,346916
2026-06-29T16:11:27.056894,Neu Leopoldau,5,346852
2026-06-29T16:11:27.056894,Neu Leopoldau,5,347650
2026-06-29T16:11:27.056894,Neu Leopoldau,5,348552
2026-06-29T16:11:27.056894,Strebersdorf S,7,345220
2026-06-29T16:11:27.056894,Strebersdorf S,7,346495
2026-06-29T16:11:27.056894,Strebersdorf S,7,347870
2026-06-29T16:11:27.056894,Strebersdorf S,7,347618
2026-06-29T16:11:27.056894,Strebersdorf S,7,347530
2026-06-29T16:11:27.056894,Strebersdorf S,7,348426
2026-06-29T16:11:27.056894,Strebersdorf S,7,398841
2026-06-29T16:11:27.056894,Nussbaumallee,9,345334
2026-06-29T16:11:27.056894,Nussbaumallee,9,345192
2026-06-29T16:11:27.056894,Nussbaumallee,9,346436
2026-06-29T16:11:27.056894,Nussbaumallee,9,346370
2026-06-29T16:11:27.056894,Nussbaumallee,9,347307
2026-06-29T16:11:27.056894,Nussbaumallee,9,347183
2026-06-29T16:11:27.056894,Nussbaumallee,9,347002
2026-06-29T16:11:27.056894,Nussbaumallee,9,348428
2026-06-29T16:11:27.056894,Nussbaumallee,9,348365
2026-06-29T16:11:27.056894,Raxstraße,9,345070
2026-06-29T16:11:27.056894,Raxstraße,9,345674
2026-06-29T16:11:27.056894,Raxstraße,9,345623
2026-06-29T16:11:27.056894,Raxstraße,9,346233
2026-06-29T16:11:27.056894,Raxstraße,9,347046
2026-06-29T16:11:27.056894,Raxstraße,9,347958
2026-06-29T16:11:27.056894,Raxstraße,9,348414
2026-06-29T16:11:27.056894,Raxstraße,9,348407
2026-06-29T16:11:27.056894,Raxstraße,9,348261
2026-06-29T16:11:27.056894,Wattmanngasse,2,347085
2026-06-29T16:11:27.056894,Wattmanngasse,2,348935
2026-06-29T16:11:27.056894,Joachimsthaler Platz,6,345472
2026-06-29T16:11:27.056894,Joachimsthaler Platz,6,345976
2026-06-29T16:11:27.056894,Joachimsthaler Platz,6,346410
2026-06-29T16:11:27.056894,Joachimsthaler Platz,6,346935
2026-06-29T16:11:27.056894,Joachimsthaler Platz,6,348819
2026-06-29T16:11:27.056894,Joachimsthaler Platz,6,349186
2026-06-29T16:11:27.056894,Floridsdorfer Markt,5,345803
2026-06-29T16:11:27.056894,Floridsdorfer Markt,5,345722
2026-06-29T16:11:27.056894,Floridsdorfer Markt,5,347317
2026-06-29T16:11:27.056894,Floridsdorfer Markt,5,347614
2026-06-29T16:11:27.056894,Floridsdorfer Markt,5,347548
2026-06-29T16:11:27.056894,Nussdorf S,7,345291
2026-06-29T16:11:27.056894,Nussdorf S,7,345111
2026-06-29T16:11:27.056894,Nussdorf S,7,345055
2026-06-29T16:11:27.056894,Nussdorf S,7,347469
2026-06-29T16:11:27.056894,Nussdorf S,7,349048
2026-06-29T16:11:27.056894,Nussdorf S,7,348917
2026-06-29T16:11:27.056894,Nussdorf S,7,349149
2026-06-29T16:11:27.056894,Bertha-von-Suttner-Gasse,11,345143
2026-06-29T16:11:27.056894,Bertha-von-Suttner-Gasse,11,345832
2026-06-29T16:11:27.056894,Bertha-von-Suttner-Gasse,11,345720
2026-06-29T16:11:27.056894,Bertha-von-Suttner-Gasse,11,346122
2026-06-29T16:11:27.056894,Bertha-von-Suttner-Gasse,11,346835
2026-06-29T16:11:27.056894,Bertha-von-Suttner-Gasse,11,346609
2026-06-29T16:11:27.056894,Bertha-von-Suttner-Gasse,11,347162
2026-06-29T16:11:27.056894,Bertha-von-Suttner-Gasse,11,347014
2026-06-29T16:11:27.056894,Bertha-von-Suttner-Gasse,11,347783
2026-06-29T16:11:27.056894,Bertha-von-Suttner-Gasse,11,348198
2026-06-29T16:11:27.056894,Bertha-von-Suttner-Gasse,11,398732
2026-06-29T16:11:27.056894,Hauptbahnhof Ost,2,345938
2026-06-29T16:11:27.056894,Hauptbahnhof Ost,2,346669
2026-06-29T16:11:27.056894,Hafen Wien,8,346250
2026-06-29T16:11:27.056894,Hafen Wien,8,346999
2026-06-29T16:11:27.056894,Hafen Wien,8,346902
2026-06-29T16:11:27.056894,Hafen Wien,8,346824
2026-06-29T16:11:27.056894,Hafen Wien,8,347970
2026-06-29T16:11:27.056894,Hafen Wien,8,347887
2026-06-29T16:11:27.056894,Hafen Wien,8,347555
2026-06-29T16:11:27.056894,Hafen Wien,8,348472
2026-06-29T16:11:27.056894,Hundertwasserhaus,15,345922
2026-06-29T16:11:27.056894,Hundertwasserhaus,15,345920
2026-06-29T16:11:27.056894,Hundertwasserhaus,15,345849
2026-06-29T16:11:27.056894,Hundertwasserhaus,15,345616
2026-06-29T16:11:27.056894,Hundertwasserhaus,15,346196
2026-06-29T16:11:27.056894,Hundertwasserhaus,15,346878
2026-06-29T16:11:27.056894,Hundertwasserhaus,15,346837
2026-06-29T16:11:27.056894,Hundertwasserhaus,15,346834
2026-06-29T16:11:27.056894,Hundertwasserhaus,15,347088
2026-06-29T16:11:27.056894,Hundertwasserhaus,15,348251
2026-06-29T16:11:27.056894,Hundertwasserhaus,15,398787
2026-06-29T16:11:27.056894,Hundertwasserhaus,15,349071
2026-06-29T16:11:27.056894,Hundertwasserhaus,15,349018
2026-06-29T16:11:27.056894,Hundertwasserhaus,15,348845
2026-06-29T16:11:27.056894,Hundertwasserhaus,15,348827
2026-06-29T16:11:27.056894,Seestadt U - Lina-Bo-Bardi-Platz,5,345850
2026-06-29T16:11:27.056894,Seestadt U - Lina-Bo-Bardi-Platz,5,346177
2026-06-29T16:11:27.056894,Seestadt U - Lina-Bo-Bardi-Platz,5,347603
2026-06-29T16:11:27.056894,Seestadt U - Lina-Bo-Bardi-Platz,5,348354
2026-06-29T16:11:27.056894,Seestadt U - Lina-Bo-Bardi-Platz,5,348195
2026-06-29T16:11:27.056894,Barbara-Prammer-Allee,3,346754
2026-06-29T16:11:27.056894,Barbara-Prammer-Allee,3,347390
2026-06-29T16:11:27.056894,Barbara-Prammer-Allee,3,347047
2026-06-29T16:11:27.056894,Sonnenallee,12,345493
2026-06-29T16:11:27.056894,Sonnenallee,12,345823
2026-06-29T16:11:27.056894,Sonnenallee,12,345523
2026-06-29T16:11:27.056894,Sonnenallee,12,346113
2026-06-29T16:11:27.056894,Sonnenallee,12,346071
2026-06-29T16:11:27.056894,Sonnenallee,12,346708
2026-06-29T16:11:27.056894,Sonnenallee,12,347052
2026-06-29T16:11:27.056894,Sonnenallee,12,347778
2026-06-29T16:11:27.056894,Sonnenallee,12,398851
2026-06-29T16:11:27.056894,Sonnenallee,12,398800
2026-06-29T16:11:27.056894,Sonnenallee,12,398765
2026-06-29T16:11:27.056894,Sonnenallee,12,349074
2026-06-29T16:11:27.056894,AIT Austrian Institute of Technology / Giefinggasse ,5,345636
2026-06-29T16:11:27.056894,AIT Austrian Institute of Technology / Giefinggasse ,5,346718
2026-06-29T16:11:27.056894,AIT Austrian Institute of Technology / Giefinggasse ,5,347322
2026-06-29T16:11:27.056894,AIT Austrian Institute of Technology / Giefinggasse ,5,347764
2026-06-29T16:11:27.056894,AIT Austrian Institute of Technology / Giefinggasse ,5,347519
2026-06-29T16:11:27.056894,Hannovermarkt,16,345419
2026-06-29T16:11:27.056894,Hannovermarkt,16,345269
2026-06-29T16:11:27.056894,Hannovermarkt,16,346259
2026-06-29T16:11:27.056894,Hannovermarkt,16,346116
2026-06-29T16:11:27.056894,Hannovermarkt,16,346973
2026-06-29T16:11:27.056894,Hannovermarkt,16,346923
2026-06-29T16:11:27.056894,Hannovermarkt,16,346689
2026-06-29T16:11:27.056894,Hannovermarkt,16,346550
2026-06-29T16:11:27.056894,Hannovermarkt,16,347179
2026-06-29T16:11:27.056894,Hannovermarkt,16,347049
2026-06-29T16:11:27.056894,Hannovermarkt,16,347706
2026-06-29T16:11:27.056894,Hannovermarkt,16,347511
2026-06-29T16:11:27.056894,Hannovermarkt,16,348384
2026-06-29T16:11:27.056894,Hannovermarkt,16,348170
2026-06-29T16:11:27.056894,Hannovermarkt,16,348075
2026-06-29T16:11:27.056894,Hannovermarkt,16,398717
2026-06-29T16:11:27.056894,Blériotgasse,6,346603
2026-06-29T16:11:27.056894,Blériotgasse,6,347410
2026-06-29T16:11:27.056894,Blériotgasse,6,347377
2026-06-29T16:11:27.056894,Blériotgasse,6,347339
2026-06-29T16:11:27.056894,Blériotgasse,6,347884
2026-06-29T16:11:27.056894,Blériotgasse,6,347869
2026-06-29T16:11:27.056894,Vetmed Haupteingang,8,345524
2026-06-29T16:11:27.056894,Vetmed Haupteingang,8,346352
2026-06-29T16:11:27.056894,Vetmed Haupteingang,8,346245
2026-06-29T16:11:27.056894,Vetmed Haupteingang,8,346076
2026-06-29T16:11:27.056894,Vetmed Haupteingang,8,347458
2026-06-29T16:11:27.056894,Vetmed Haupteingang,8,347984
2026-06-29T16:11:27.056894,Vetmed Haupteingang,8,347733
2026-06-29T16:11:27.056894,Vetmed Haupteingang,8,347616
2026-06-29T16:11:27.056894,Vetmed UB,5,346178
2026-06-29T16:11:27.056894,Vetmed UB,5,346571
2026-06-29T16:11:27.056894,Vetmed UB,5,347990
2026-06-29T16:11:27.056894,Vetmed UB,5,348041
2026-06-29T16:11:27.056894,Vetmed UB,5,398735
2026-06-29T16:11:27.056894,Rebhanngasse / Nordbahnstrasse,7,345428
2026-06-29T16:11:27.056894,Rebhanngasse / Nordbahnstrasse,7,345240
2026-06-29T16:11:27.056894,Rebhanngasse / Nordbahnstrasse,7,345570
2026-06-29T16:11:27.056894,Rebhanngasse / Nordbahnstrasse,7,346855
2026-06-29T16:11:27.056894,Rebhanngasse / Nordbahnstrasse,7,347313
2026-06-29T16:11:27.056894,Rebhanngasse / Nordbahnstrasse,7,347729
2026-06-29T16:11:27.056894,Rebhanngasse / Nordbahnstrasse,7,347522
2026-06-29T16:11:27.056894,Nordbahnstrasse,4,346486
2026-06-29T16:11:27.056894,Nordbahnstrasse,4,346052
2026-06-29T16:11:27.056894,Nordbahnstrasse,4,346974
2026-06-29T16:11:27.056894,Nordbahnstrasse,4,348903
2026-06-29T16:11:27.056894,Ziegelofengasse / Margaretenstraße,4,346061
2026-06-29T16:11:27.056894,Ziegelofengasse / Margaretenstraße,4,347973
2026-06-29T16:11:27.056894,Ziegelofengasse / Margaretenstraße,4,348348
2026-06-29T16:11:27.056894,Ziegelofengasse / Margaretenstraße,4,348815
2026-06-29T16:11:27.056894,BIKE 345292,1,345292
2026-06-29T16:11:27.056894,BIKE 348851,1,348851
2026-06-29T16:11:27.056894,BIKE 349139,1,349139
2026-06-29T16:11:27.056894,BIKE 348040,1,348040
2026-06-29T16:11:27.056894,BIKE 349197,1,349197
2026-06-29T16:11:27.056894,BIKE 349059,1,349059
2026-06-29T16:11:27.056894,BIKE 348801,1,348801
2026-06-29T16:11:27.056894,BIKE 348863,1,348863
2026-06-29T16:11:27.056894,BIKE 348865,1,348865
2026-06-29T16:11:27.056894,BIKE 349164,1,349164
2026-06-29T16:11:27.056894,BIKE 349092,1,349092
2026-06-29T16:11:27.056894,BIKE 349060,1,349060
2026-06-29T16:11:27.056894,BIKE 348817,1,348817
2026-06-29T16:11:27.056894,BIKE 349198,1,349198
2026-06-29T16:11:27.056894,BIKE 346190,1,346190
2026-06-29T16:11:27.056894,BIKE 349185,1,349185
2026-06-29T16:11:27.056894,BIKE 398721,1,398721
2026-06-29T16:11:27.056894,BIKE 349162,1,349162
2026-06-29T16:11:27.056894,BIKE 345568,1,345568
2026-06-29T16:11:27.056894,BIKE 347807,1,347807
2026-06-29T16:11:27.056894,BIKE 347142,1,347142
2026-06-29T16:11:27.056894,BIKE 347171,1,347171
2026-06-29T16:11:27.056894,BIKE 347959,1,347959
2026-06-29T16:11:27.056894,BIKE 348255,1,348255
2026-06-29T16:11:27.056894,BIKE 348968,1,348968
2026-06-29T16:11:27.056894,BIKE 348957,1,348957
2026-06-29T16:11:27.056894,BIKE 347255,1,347255
2026-06-29T16:11:27.056894,BIKE 348939,1,348939
2026-06-29T16:11:27.056894,BIKE 348965,1,348965
2026-06-29T16:11:27.056894,BIKE 348881,1,348881
2026-06-29T16:11:27.056894,BIKE 348816,1,348816
2026-06-29T16:11:27.056894,BIKE 346810,1,346810
2026-06-29T16:11:27.056894,BIKE 349049,1,349049
2026-06-29T16:11:27.056894,BIKE 348948,1,348948
2026-06-29T16:11:27.056894,BIKE 348089,1,348089
2026-06-29T16:11:27.056894,BIKE 345773,1,345773
2026-06-29T16:11:27.056894,BIKE 349183,1,349183
2026-06-29T16:11:27.056894,BIKE 349150,1,349150
2026-06-29T16:11:27.056894,BIKE 349063,1,349063
2026-06-29T16:11:27.056894,BIKE 348868,1,348868
2026-06-29T16:11:27.056894,BIKE 349065,1,349065
2026-06-29T16:11:27.056894,BIKE 349011,1,349011
2026-06-29T16:11:27.056894,BIKE 349035,1,349035
2026-06-29T16:11:27.056894,BIKE 348899,1,348899
2026-06-29T16:11:27.056894,BIKE 349040,1,349040
2026-06-29T16:11:27.056894,BIKE 349116,1,349116
2026-06-29T16:11:27.056894,BIKE 347859,1,347859
2026-06-29T16:11:27.056894,BIKE 345635,1,345635
2026-06-29T16:11:27.056894,BIKE 347960,1,347960
2026-06-29T16:11:27.056894,BIKE 347754,1,347754
2026-06-29T16:11:27.056894,BIKE 349112,1,349112
2026-06-29T16:11:27.056894,BIKE 349161,1,349161
2026-06-29T16:11:27.056894,BIKE 349076,1,349076
2026-06-29T16:11:27.056894,BIKE 347182,1,347182
2026-06-29T16:11:27.056894,BIKE 346131,1,346131
2026-06-29T16:11:27.056894,BIKE 346572,1,346572
2026-06-29T16:11:27.056894,BIKE 346387,1,346387
2026-06-29T16:11:27.056894,BIKE 349124,1,349124
2026-06-29T16:11:27.056894,BIKE 345319,1,345319
2026-06-29T16:11:27.056894,BIKE 349123,1,349123
2026-06-29T16:11:27.056894,BIKE 348919,1,348919
2026-06-29T16:11:27.056894,BIKE 349030,1,349030
2026-06-29T16:11:27.056894,BIKE 346349,1,346349
2026-06-29T16:11:27.056894,BIKE 347704,1,347704
2026-06-29T16:11:27.056894,BIKE 349106,1,349106
2026-06-29T16:11:27.056894,BIKE 346390,1,346390
2026-06-29T16:11:27.056894,BIKE 347503,1,347503
2026-06-29T16:11:27.056894,BIKE 348164,1,348164
2026-06-29T16:11:27.056894,BIKE 347138,1,347138
2026-06-29T16:11:27.056894,BIKE 347760,1,347760
2026-06-29T16:11:27.056894,BIKE 346672,1,346672
2026-06-29T16:11:27.056894,BIKE 345454,1,345454
2026-06-29T16:11:27.056894,BIKE 348081,1,348081
2026-06-29T16:11:27.056894,BIKE 349157,1,349157
2026-06-29T16:11:27.056894,BIKE 347937,1,347937
2026-06-29T16:11:27.056894,BIKE 346386,1,346386
2026-06-29T16:11:27.056894,BIKE 348052,1,348052
2026-06-29T16:11:27.056894,BIKE 348589,1,348589
2026-06-29T16:11:27.056894,BIKE 346943,1,346943
2026-06-29T16:11:27.056894,BIKE 346251,1,346251
2026-06-29T16:11:27.056894,BIKE 347270,1,347270
2026-06-29T16:11:27.056894,BIKE 347862,1,347862
2026-06-29T16:11:27.056894,BIKE 348243,1,348243
2026-06-29T16:11:27.056894,BIKE 346704,1,346704
2026-06-29T16:11:27.056894,BIKE 346256,1,346256
2026-06-29T16:11:27.056894,BIKE 347732,1,347732
2026-06-29T16:11:27.056894,BIKE 345861,1,345861
2026-06-29T16:11:27.056894,BIKE 346668,1,346668
2026-06-29T16:11:27.056894,BIKE 347029,1,347029
2026-06-29T16:11:27.056894,BIKE 348443,1,348443
2026-06-29T16:11:27.056894,BIKE 347991,1,347991
2026-06-29T16:11:27.056894,BIKE 398801,1,398801
2026-06-29T16:11:27.056894,BIKE 347413,1,347413
2026-06-29T16:11:27.056894,BIKE 347796,1,347796
2026-06-29T16:11:27.056894,BIKE 348077,1,348077
2026-06-29T16:11:27.056894,BIKE 348870,1,348870
2026-06-29T16:11:27.056894,BIKE 347888,1,347888
2026-06-29T16:11:27.056894,BIKE 348191,1,348191
2026-06-29T16:11:27.056894,BIKE 349102,1,349102
2026-06-29T16:11:27.056894,BIKE 348299,1,348299
2026-06-29T16:11:27.056894,BIKE 347774,1,347774
2026-06-29T16:11:27.056894,BIKE 348550,1,348550
2026-06-29T16:11:27.056894,BIKE 348258,1,348258
2026-06-29T16:11:27.056894,BIKE 347114,1,347114
2026-06-29T16:11:27.056894,BIKE 347075,1,347075
2026-06-29T16:11:27.056894,BIKE 346456,1,346456
2026-06-29T16:11:27.056894,BIKE 345105,1,345105
2026-06-29T16:11:27.056894,BIKE 348042,1,348042
2026-06-29T16:11:27.056894,BIKE 346790,1,346790
2026-06-29T16:11:27.056894,BIKE 349114,1,349114
2026-06-29T16:11:27.056894,BIKE 347077,1,347077
2026-06-29T16:11:27.056894,BIKE 348893,1,348893
2026-06-29T16:11:27.056894,BIKE 398795,1,398795
2026-06-29T16:11:27.056894,BIKE 346471,1,346471
2026-06-29T16:11:27.056894,BIKE 348523,1,348523
2026-06-29T16:11:27.056894,BIKE 348685,1,348685
2026-06-29T16:11:27.056894,BIKE 348805,1,348805
2026-06-29T16:11:27.056894,BIKE 346710,1,346710
2026-06-29T16:11:27.056894,BIKE 348624,1,348624
2026-06-29T16:11:27.056894,BIKE 348139,1,348139
2026-06-29T16:11:27.056894,BIKE 345867,1,345867
2026-06-29T16:11:27.056894,BIKE 346117,1,346117
2026-06-29T16:11:27.056894,BIKE 348908,1,348908
2026-06-29T16:11:27.056894,BIKE 345444,1,345444
2026-06-29T16:11:27.056894,BIKE 348529,1,348529
2026-06-29T16:11:27.056894,BIKE 398752,1,398752
2026-06-29T16:11:27.056894,BIKE 348544,1,348544
2026-06-29T16:11:27.056894,BIKE 345131,1,345131
2026-06-29T16:11:27.056894,BIKE 346865,1,346865
2026-06-29T16:11:27.056894,BIKE 346353,1,346353
2026-06-29T16:11:27.056894,BIKE 346987,1,346987
2026-06-29T16:11:27.056894,BIKE 345830,1,345830
2026-06-29T16:11:27.056894,BIKE 347639,1,347639
2026-06-29T16:11:27.056894,BIKE 345660,1,345660
2026-06-29T16:11:27.056894,BIKE 346311,1,346311
2026-06-29T16:11:27.056894,BIKE 348574,1,348574
2026-06-29T16:11:27.056894,BIKE 347786,1,347786
2026-06-29T16:11:27.056894,BIKE 348017,1,348017
2026-06-29T16:11:27.056894,BIKE 398869,1,398869
2026-06-29T16:11:27.056894,BIKE 398843,1,398843
