timestamp,place_name,num_bikes,bike_number
2025-08-01T01:16:12.915670,Julius-Raab-Platz,2,347300
2025-08-01T01:16:12.915670,Julius-Raab-Platz,2,348871
2025-08-01T01:16:12.915670,Hoher Markt,21,345999
2025-08-01T01:16:12.915670,Hoher Markt,21,345951
2025-08-01T01:16:12.915670,Hoher Markt,21,345847
2025-08-01T01:16:12.915670,Hoher Markt,21,345739
2025-08-01T01:16:12.915670,Hoher Markt,21,346097
2025-08-01T01:16:12.915670,Hoher Markt,21,346946
2025-08-01T01:16:12.915670,Hoher Markt,21,346891
2025-08-01T01:16:12.915670,Hoher Markt,21,346839
2025-08-01T01:16:12.915670,Hoher Markt,21,346683
2025-08-01T01:16:12.915670,Hoher Markt,21,346562
2025-08-01T01:16:12.915670,Hoher Markt,21,346525
2025-08-01T01:16:12.915670,Hoher Markt,21,347428
2025-08-01T01:16:12.915670,Hoher Markt,21,347384
2025-08-01T01:16:12.915670,Hoher Markt,21,347042
2025-08-01T01:16:12.915670,Hoher Markt,21,347852
2025-08-01T01:16:12.915670,Hoher Markt,21,347774
2025-08-01T01:16:12.915670,Hoher Markt,21,347594
2025-08-01T01:16:12.915670,Hoher Markt,21,348295
2025-08-01T01:16:12.915670,Hoher Markt,21,348175
2025-08-01T01:16:12.915670,Hoher Markt,21,348152
2025-08-01T01:16:12.915670,Hoher Markt,21,348106
2025-08-01T01:16:12.915670,Oper,16,345328
2025-08-01T01:16:12.915670,Oper,16,345314
2025-08-01T01:16:12.915670,Oper,16,345215
2025-08-01T01:16:12.915670,Oper,16,345023
2025-08-01T01:16:12.915670,Oper,16,345003
2025-08-01T01:16:12.915670,Oper,16,345639
2025-08-01T01:16:12.915670,Oper,16,345535
2025-08-01T01:16:12.915670,Oper,16,346447
2025-08-01T01:16:12.915670,Oper,16,346387
2025-08-01T01:16:12.915670,Oper,16,346962
2025-08-01T01:16:12.915670,Oper,16,346754
2025-08-01T01:16:12.915670,Oper,16,346678
2025-08-01T01:16:12.915670,Oper,16,346667
2025-08-01T01:16:12.915670,Oper,16,347921
2025-08-01T01:16:12.915670,Oper,16,347905
2025-08-01T01:16:12.915670,Oper,16,348477
2025-08-01T01:16:12.915670,Stephansplatz U,4,346180
2025-08-01T01:16:12.915670,Stephansplatz U,4,346010
2025-08-01T01:16:12.915670,Stephansplatz U,4,347710
2025-08-01T01:16:12.915670,Stephansplatz U,4,348574
2025-08-01T01:16:12.915670,Taborstraße U,31,345334
2025-08-01T01:16:12.915670,Taborstraße U,31,345177
2025-08-01T01:16:12.915670,Taborstraße U,31,345084
2025-08-01T01:16:12.915670,Taborstraße U,31,345047
2025-08-01T01:16:12.915670,Taborstraße U,31,345831
2025-08-01T01:16:12.915670,Taborstraße U,31,345692
2025-08-01T01:16:12.915670,Taborstraße U,31,345549
2025-08-01T01:16:12.915670,Taborstraße U,31,345516
2025-08-01T01:16:12.915670,Taborstraße U,31,345503
2025-08-01T01:16:12.915670,Taborstraße U,31,346492
2025-08-01T01:16:12.915670,Taborstraße U,31,346182
2025-08-01T01:16:12.915670,Taborstraße U,31,346105
2025-08-01T01:16:12.915670,Taborstraße U,31,346907
2025-08-01T01:16:12.915670,Taborstraße U,31,346684
2025-08-01T01:16:12.915670,Taborstraße U,31,346545
2025-08-01T01:16:12.915670,Taborstraße U,31,346502
2025-08-01T01:16:12.915670,Taborstraße U,31,347387
2025-08-01T01:16:12.915670,Taborstraße U,31,347293
2025-08-01T01:16:12.915670,Taborstraße U,31,347185
2025-08-01T01:16:12.915670,Taborstraße U,31,347183
2025-08-01T01:16:12.915670,Taborstraße U,31,347930
2025-08-01T01:16:12.915670,Taborstraße U,31,347806
2025-08-01T01:16:12.915670,Taborstraße U,31,347757
2025-08-01T01:16:12.915670,Taborstraße U,31,348466
2025-08-01T01:16:12.915670,Taborstraße U,31,348370
2025-08-01T01:16:12.915670,Taborstraße U,31,348217
2025-08-01T01:16:12.915670,Taborstraße U,31,348211
2025-08-01T01:16:12.915670,Taborstraße U,31,348210
2025-08-01T01:16:12.915670,Taborstraße U,31,348170
2025-08-01T01:16:12.915670,Taborstraße U,31,348116
2025-08-01T01:16:12.915670,Taborstraße U,31,348653
2025-08-01T01:16:12.915670,WU-Campus / Südportalstraße ,17,345392
2025-08-01T01:16:12.915670,WU-Campus / Südportalstraße ,17,345151
2025-08-01T01:16:12.915670,WU-Campus / Südportalstraße ,17,345018
2025-08-01T01:16:12.915670,WU-Campus / Südportalstraße ,17,345017
2025-08-01T01:16:12.915670,WU-Campus / Südportalstraße ,17,345939
2025-08-01T01:16:12.915670,WU-Campus / Südportalstraße ,17,345911
2025-08-01T01:16:12.915670,WU-Campus / Südportalstraße ,17,346404
2025-08-01T01:16:12.915670,WU-Campus / Südportalstraße ,17,346713
2025-08-01T01:16:12.915670,WU-Campus / Südportalstraße ,17,347173
2025-08-01T01:16:12.915670,WU-Campus / Südportalstraße ,17,347116
2025-08-01T01:16:12.915670,WU-Campus / Südportalstraße ,17,347067
2025-08-01T01:16:12.915670,WU-Campus / Südportalstraße ,17,347038
2025-08-01T01:16:12.915670,WU-Campus / Südportalstraße ,17,347968
2025-08-01T01:16:12.915670,WU-Campus / Südportalstraße ,17,347798
2025-08-01T01:16:12.915670,WU-Campus / Südportalstraße ,17,348434
2025-08-01T01:16:12.915670,WU-Campus / Südportalstraße ,17,348197
2025-08-01T01:16:12.915670,WU-Campus / Südportalstraße ,17,348144
2025-08-01T01:16:12.915670,Radetzkyplatz,22,345248
2025-08-01T01:16:12.915670,Radetzkyplatz,22,345220
2025-08-01T01:16:12.915670,Radetzkyplatz,22,345155
2025-08-01T01:16:12.915670,Radetzkyplatz,22,345014
2025-08-01T01:16:12.915670,Radetzkyplatz,22,345676
2025-08-01T01:16:12.915670,Radetzkyplatz,22,345517
2025-08-01T01:16:12.915670,Radetzkyplatz,22,346822
2025-08-01T01:16:12.915670,Radetzkyplatz,22,346806
2025-08-01T01:16:12.915670,Radetzkyplatz,22,346798
2025-08-01T01:16:12.915670,Radetzkyplatz,22,346691
2025-08-01T01:16:12.915670,Radetzkyplatz,22,346579
2025-08-01T01:16:12.915670,Radetzkyplatz,22,347336
2025-08-01T01:16:12.915670,Radetzkyplatz,22,347201
2025-08-01T01:16:12.915670,Radetzkyplatz,22,347200
2025-08-01T01:16:12.915670,Radetzkyplatz,22,347974
2025-08-01T01:16:12.915670,Radetzkyplatz,22,347942
2025-08-01T01:16:12.915670,Radetzkyplatz,22,347941
2025-08-01T01:16:12.915670,Radetzkyplatz,22,347910
2025-08-01T01:16:12.915670,Radetzkyplatz,22,347881
2025-08-01T01:16:12.915670,Radetzkyplatz,22,347760
2025-08-01T01:16:12.915670,Radetzkyplatz,22,348498
2025-08-01T01:16:12.915670,Radetzkyplatz,22,348378
2025-08-01T01:16:12.915670,Bahngasse / mdw-University of Music and Performing Arts,4,345478
2025-08-01T01:16:12.915670,Bahngasse / mdw-University of Music and Performing Arts,4,346272
2025-08-01T01:16:12.915670,Bahngasse / mdw-University of Music and Performing Arts,4,347914
2025-08-01T01:16:12.915670,Bahngasse / mdw-University of Music and Performing Arts,4,347539
2025-08-01T01:16:12.915670,Erdberg U,9,345185
2025-08-01T01:16:12.915670,Erdberg U,9,345127
2025-08-01T01:16:12.915670,Erdberg U,9,345972
2025-08-01T01:16:12.915670,Erdberg U,9,345927
2025-08-01T01:16:12.915670,Erdberg U,9,347270
2025-08-01T01:16:12.915670,Erdberg U,9,347246
2025-08-01T01:16:12.915670,Erdberg U,9,347983
2025-08-01T01:16:12.915670,Erdberg U,9,347724
2025-08-01T01:16:12.915670,Erdberg U,9,348576
2025-08-01T01:16:12.915670,Media Quarter Marx,37,345411
2025-08-01T01:16:12.915670,Media Quarter Marx,37,345262
2025-08-01T01:16:12.915670,Media Quarter Marx,37,345149
2025-08-01T01:16:12.915670,Media Quarter Marx,37,345065
2025-08-01T01:16:12.915670,Media Quarter Marx,37,345954
2025-08-01T01:16:12.915670,Media Quarter Marx,37,345873
2025-08-01T01:16:12.915670,Media Quarter Marx,37,345801
2025-08-01T01:16:12.915670,Media Quarter Marx,37,345799
2025-08-01T01:16:12.915670,Media Quarter Marx,37,346426
2025-08-01T01:16:12.915670,Media Quarter Marx,37,346295
2025-08-01T01:16:12.915670,Media Quarter Marx,37,346290
2025-08-01T01:16:12.915670,Media Quarter Marx,37,346255
2025-08-01T01:16:12.915670,Media Quarter Marx,37,346185
2025-08-01T01:16:12.915670,Media Quarter Marx,37,346127
2025-08-01T01:16:12.915670,Media Quarter Marx,37,346066
2025-08-01T01:16:12.915670,Media Quarter Marx,37,346046
2025-08-01T01:16:12.915670,Media Quarter Marx,37,346973
2025-08-01T01:16:12.915670,Media Quarter Marx,37,346762
2025-08-01T01:16:12.915670,Media Quarter Marx,37,346703
2025-08-01T01:16:12.915670,Media Quarter Marx,37,347471
2025-08-01T01:16:12.915670,Media Quarter Marx,37,347373
2025-08-01T01:16:12.915670,Media Quarter Marx,37,347367
2025-08-01T01:16:12.915670,Media Quarter Marx,37,347318
2025-08-01T01:16:12.915670,Media Quarter Marx,37,347315
2025-08-01T01:16:12.915670,Media Quarter Marx,37,347303
2025-08-01T01:16:12.915670,Media Quarter Marx,37,347174
2025-08-01T01:16:12.915670,Media Quarter Marx,37,347853
2025-08-01T01:16:12.915670,Media Quarter Marx,37,347560
2025-08-01T01:16:12.915670,Media Quarter Marx,37,348396
2025-08-01T01:16:12.915670,Media Quarter Marx,37,348357
2025-08-01T01:16:12.915670,Media Quarter Marx,37,348320
2025-08-01T01:16:12.915670,Media Quarter Marx,37,348236
2025-08-01T01:16:12.915670,Media Quarter Marx,37,348104
2025-08-01T01:16:12.915670,Media Quarter Marx,37,348097
2025-08-01T01:16:12.915670,Media Quarter Marx,37,348068
2025-08-01T01:16:12.915670,Media Quarter Marx,37,348065
2025-08-01T01:16:12.915670,Media Quarter Marx,37,348632
2025-08-01T01:16:12.915670,Rennweg S,11,345298
2025-08-01T01:16:12.915670,Rennweg S,11,345099
2025-08-01T01:16:12.915670,Rennweg S,11,345743
2025-08-01T01:16:12.915670,Rennweg S,11,345627
2025-08-01T01:16:12.915670,Rennweg S,11,346486
2025-08-01T01:16:12.915670,Rennweg S,11,346125
2025-08-01T01:16:12.915670,Rennweg S,11,346997
2025-08-01T01:16:12.915670,Rennweg S,11,347742
2025-08-01T01:16:12.915670,Rennweg S,11,347603
2025-08-01T01:16:12.915670,Rennweg S,11,348400
2025-08-01T01:16:12.915670,Rennweg S,11,348529
2025-08-01T01:16:12.915670,Rochusmarkt,16,345493
2025-08-01T01:16:12.915670,Rochusmarkt,16,345259
2025-08-01T01:16:12.915670,Rochusmarkt,16,345568
2025-08-01T01:16:12.915670,Rochusmarkt,16,347339
2025-08-01T01:16:12.915670,Rochusmarkt,16,347165
2025-08-01T01:16:12.915670,Rochusmarkt,16,347158
2025-08-01T01:16:12.915670,Rochusmarkt,16,347029
2025-08-01T01:16:12.915670,Rochusmarkt,16,347992
2025-08-01T01:16:12.915670,Rochusmarkt,16,347944
2025-08-01T01:16:12.915670,Rochusmarkt,16,347838
2025-08-01T01:16:12.915670,Rochusmarkt,16,348494
2025-08-01T01:16:12.915670,Rochusmarkt,16,348283
2025-08-01T01:16:12.915670,Rochusmarkt,16,348128
2025-08-01T01:16:12.915670,Rochusmarkt,16,348121
2025-08-01T01:16:12.915670,Rochusmarkt,16,348034
2025-08-01T01:16:12.915670,Rochusmarkt,16,348545
2025-08-01T01:16:12.915670,Schwarzenbergplatz,1,345604
2025-08-01T01:16:12.915670,Heumühlgasse,1,346137
2025-08-01T01:16:12.915670,Margaretengürtel U,13,345221
2025-08-01T01:16:12.915670,Margaretengürtel U,13,345871
2025-08-01T01:16:12.915670,Margaretengürtel U,13,346493
2025-08-01T01:16:12.915670,Margaretengürtel U,13,346186
2025-08-01T01:16:12.915670,Margaretengürtel U,13,346817
2025-08-01T01:16:12.915670,Margaretengürtel U,13,347386
2025-08-01T01:16:12.915670,Margaretengürtel U,13,347114
2025-08-01T01:16:12.915670,Margaretengürtel U,13,347108
2025-08-01T01:16:12.915670,Margaretengürtel U,13,347938
2025-08-01T01:16:12.915670,Margaretengürtel U,13,347561
2025-08-01T01:16:12.915670,Margaretengürtel U,13,348424
2025-08-01T01:16:12.915670,Margaretengürtel U,13,348069
2025-08-01T01:16:12.915670,Margaretengürtel U,13,348572
2025-08-01T01:16:12.915670,Mittersteig,38,345494
2025-08-01T01:16:12.915670,Mittersteig,38,345476
2025-08-01T01:16:12.915670,Mittersteig,38,345375
2025-08-01T01:16:12.915670,Mittersteig,38,345350
2025-08-01T01:16:12.915670,Mittersteig,38,345137
2025-08-01T01:16:12.915670,Mittersteig,38,345925
2025-08-01T01:16:12.915670,Mittersteig,38,345834
2025-08-01T01:16:12.915670,Mittersteig,38,345686
2025-08-01T01:16:12.915670,Mittersteig,38,346477
2025-08-01T01:16:12.915670,Mittersteig,38,346433
2025-08-01T01:16:12.915670,Mittersteig,38,346309
2025-08-01T01:16:12.915670,Mittersteig,38,346202
2025-08-01T01:16:12.915670,Mittersteig,38,346174
2025-08-01T01:16:12.915670,Mittersteig,38,346163
2025-08-01T01:16:12.915670,Mittersteig,38,346035
2025-08-01T01:16:12.915670,Mittersteig,38,346874
2025-08-01T01:16:12.915670,Mittersteig,38,346775
2025-08-01T01:16:12.915670,Mittersteig,38,346701
2025-08-01T01:16:12.915670,Mittersteig,38,346636
2025-08-01T01:16:12.915670,Mittersteig,38,346635
2025-08-01T01:16:12.915670,Mittersteig,38,346570
2025-08-01T01:16:12.915670,Mittersteig,38,346541
2025-08-01T01:16:12.915670,Mittersteig,38,347079
2025-08-01T01:16:12.915670,Mittersteig,38,347057
2025-08-01T01:16:12.915670,Mittersteig,38,347909
2025-08-01T01:16:12.915670,Mittersteig,38,347754
2025-08-01T01:16:12.915670,Mittersteig,38,347592
2025-08-01T01:16:12.915670,Mittersteig,38,348428
2025-08-01T01:16:12.915670,Mittersteig,38,348409
2025-08-01T01:16:12.915670,Mittersteig,38,348343
2025-08-01T01:16:12.915670,Mittersteig,38,348317
2025-08-01T01:16:12.915670,Mittersteig,38,348206
2025-08-01T01:16:12.915670,Mittersteig,38,348039
2025-08-01T01:16:12.915670,Mittersteig,38,348703
2025-08-01T01:16:12.915670,Mittersteig,38,348660
2025-08-01T01:16:12.915670,Mittersteig,38,348565
2025-08-01T01:16:12.915670,Mittersteig,38,348557
2025-08-01T01:16:12.915670,Mittersteig,38,348515
2025-08-01T01:16:12.915670,Ceija-Stojka-Platz,1,346456
2025-08-01T01:16:12.915670,Volkstheater U,1,347645
2025-08-01T01:16:12.915670,Zieglergasse U,5,345892
2025-08-01T01:16:12.915670,Zieglergasse U,5,345867
2025-08-01T01:16:12.915670,Zieglergasse U,5,345573
2025-08-01T01:16:12.915670,Zieglergasse U,5,346498
2025-08-01T01:16:12.915670,Zieglergasse U,5,346297
2025-08-01T01:16:12.915670,Berggasse,6,345086
2025-08-01T01:16:12.915670,Berggasse,6,345975
2025-08-01T01:16:12.915670,Berggasse,6,345559
2025-08-01T01:16:12.915670,Berggasse,6,345502
2025-08-01T01:16:12.915670,Berggasse,6,346687
2025-08-01T01:16:12.915670,Berggasse,6,346568
2025-08-01T01:16:12.915670,Frankhplatz,7,345499
2025-08-01T01:16:12.915670,Frankhplatz,7,345943
2025-08-01T01:16:12.915670,Frankhplatz,7,345792
2025-08-01T01:16:12.915670,Frankhplatz,7,345506
2025-08-01T01:16:12.915670,Frankhplatz,7,346576
2025-08-01T01:16:12.915670,Frankhplatz,7,348394
2025-08-01T01:16:12.915670,Frankhplatz,7,348213
2025-08-01T01:16:12.915670,Friedensbrücke U,21,345356
2025-08-01T01:16:12.915670,Friedensbrücke U,21,345292
2025-08-01T01:16:12.915670,Friedensbrücke U,21,345121
2025-08-01T01:16:12.915670,Friedensbrücke U,21,345706
2025-08-01T01:16:12.915670,Friedensbrücke U,21,345649
2025-08-01T01:16:12.915670,Friedensbrücke U,21,346444
2025-08-01T01:16:12.915670,Friedensbrücke U,21,346281
2025-08-01T01:16:12.915670,Friedensbrücke U,21,346083
2025-08-01T01:16:12.915670,Friedensbrücke U,21,346014
2025-08-01T01:16:12.915670,Friedensbrücke U,21,346813
2025-08-01T01:16:12.915670,Friedensbrücke U,21,346730
2025-08-01T01:16:12.915670,Friedensbrücke U,21,346565
2025-08-01T01:16:12.915670,Friedensbrücke U,21,347151
2025-08-01T01:16:12.915670,Friedensbrücke U,21,347064
2025-08-01T01:16:12.915670,Friedensbrücke U,21,347847
2025-08-01T01:16:12.915670,Friedensbrücke U,21,347655
2025-08-01T01:16:12.915670,Friedensbrücke U,21,347639
2025-08-01T01:16:12.915670,Friedensbrücke U,21,347503
2025-08-01T01:16:12.915670,Friedensbrücke U,21,348406
2025-08-01T01:16:12.915670,Friedensbrücke U,21,348259
2025-08-01T01:16:12.915670,Friedensbrücke U,21,348625
2025-08-01T01:16:12.915670,Spittelau S U,18,345886
2025-08-01T01:16:12.915670,Spittelau S U,18,345673
2025-08-01T01:16:12.915670,Spittelau S U,18,345597
2025-08-01T01:16:12.915670,Spittelau S U,18,346469
2025-08-01T01:16:12.915670,Spittelau S U,18,346226
2025-08-01T01:16:12.915670,Spittelau S U,18,346150
2025-08-01T01:16:12.915670,Spittelau S U,18,346144
2025-08-01T01:16:12.915670,Spittelau S U,18,347275
2025-08-01T01:16:12.915670,Spittelau S U,18,347215
2025-08-01T01:16:12.915670,Spittelau S U,18,347171
2025-08-01T01:16:12.915670,Spittelau S U,18,347037
2025-08-01T01:16:12.915670,Spittelau S U,18,347708
2025-08-01T01:16:12.915670,Spittelau S U,18,347662
2025-08-01T01:16:12.915670,Spittelau S U,18,347520
2025-08-01T01:16:12.915670,Spittelau S U,18,348218
2025-08-01T01:16:12.915670,Spittelau S U,18,348165
2025-08-01T01:16:12.915670,Spittelau S U,18,348146
2025-08-01T01:16:12.915670,Spittelau S U,18,348571
2025-08-01T01:16:12.915670,Absbergbrücke / Alfred-Böhm-Park,2,345710
2025-08-01T01:16:12.915670,Absbergbrücke / Alfred-Böhm-Park,2,346485
2025-08-01T01:16:12.915670,Bloch-Bauer-Promenade,5,347326
2025-08-01T01:16:12.915670,Bloch-Bauer-Promenade,5,347226
2025-08-01T01:16:12.915670,Bloch-Bauer-Promenade,5,347071
2025-08-01T01:16:12.915670,Bloch-Bauer-Promenade,5,347519
2025-08-01T01:16:12.915670,Bloch-Bauer-Promenade,5,348680
2025-08-01T01:16:12.915670,Hauptbahnhof S U ,30,345449
2025-08-01T01:16:12.915670,Hauptbahnhof S U ,30,345308
2025-08-01T01:16:12.915670,Hauptbahnhof S U ,30,345050
2025-08-01T01:16:12.915670,Hauptbahnhof S U ,30,345986
2025-08-01T01:16:12.915670,Hauptbahnhof S U ,30,345611
2025-08-01T01:16:12.915670,Hauptbahnhof S U ,30,345539
2025-08-01T01:16:12.915670,Hauptbahnhof S U ,30,346489
2025-08-01T01:16:12.915670,Hauptbahnhof S U ,30,346298
2025-08-01T01:16:12.915670,Hauptbahnhof S U ,30,346264
2025-08-01T01:16:12.915670,Hauptbahnhof S U ,30,346238
2025-08-01T01:16:12.915670,Hauptbahnhof S U ,30,346955
2025-08-01T01:16:12.915670,Hauptbahnhof S U ,30,346894
2025-08-01T01:16:12.915670,Hauptbahnhof S U ,30,346566
2025-08-01T01:16:12.915670,Hauptbahnhof S U ,30,346553
2025-08-01T01:16:12.915670,Hauptbahnhof S U ,30,347345
2025-08-01T01:16:12.915670,Hauptbahnhof S U ,30,347211
2025-08-01T01:16:12.915670,Hauptbahnhof S U ,30,347048
2025-08-01T01:16:12.915670,Hauptbahnhof S U ,30,347001
2025-08-01T01:16:12.915670,Hauptbahnhof S U ,30,347997
2025-08-01T01:16:12.915670,Hauptbahnhof S U ,30,347501
2025-08-01T01:16:12.915670,Hauptbahnhof S U ,30,348356
2025-08-01T01:16:12.915670,Hauptbahnhof S U ,30,348289
2025-08-01T01:16:12.915670,Hauptbahnhof S U ,30,348187
2025-08-01T01:16:12.915670,Hauptbahnhof S U ,30,348168
2025-08-01T01:16:12.915670,Hauptbahnhof S U ,30,348089
2025-08-01T01:16:12.915670,Hauptbahnhof S U ,30,348550
2025-08-01T01:16:12.915670,Hauptbahnhof S U ,30,348532
2025-08-01T01:16:12.915670,Hauptbahnhof S U ,30,398740
2025-08-01T01:16:12.915670,Hauptbahnhof S U ,30,398739
2025-08-01T01:16:12.915670,Hauptbahnhof S U ,30,348994
2025-08-01T01:16:12.915670,Keplerplatz U,7,346484
2025-08-01T01:16:12.915670,Keplerplatz U,7,346216
2025-08-01T01:16:12.915670,Keplerplatz U,7,346987
2025-08-01T01:16:12.915670,Keplerplatz U,7,346528
2025-08-01T01:16:12.915670,Keplerplatz U,7,347620
2025-08-01T01:16:12.915670,Keplerplatz U,7,348279
2025-08-01T01:16:12.915670,Keplerplatz U,7,348555
2025-08-01T01:16:12.915670,Absberggasse,2,346510
2025-08-01T01:16:12.915670,Absberggasse,2,347794
2025-08-01T01:16:12.915670,Enkplatz U,9,345052
2025-08-01T01:16:12.915670,Enkplatz U,9,346990
2025-08-01T01:16:12.915670,Enkplatz U,9,346567
2025-08-01T01:16:12.915670,Enkplatz U,9,346533
2025-08-01T01:16:12.915670,Enkplatz U,9,346508
2025-08-01T01:16:12.915670,Enkplatz U,9,347019
2025-08-01T01:16:12.915670,Enkplatz U,9,347895
2025-08-01T01:16:12.915670,Enkplatz U,9,348411
2025-08-01T01:16:12.915670,Enkplatz U,9,348561
2025-08-01T01:16:12.915670,Gasometer U,12,345132
2025-08-01T01:16:12.915670,Gasometer U,12,345032
2025-08-01T01:16:12.915670,Gasometer U,12,345804
2025-08-01T01:16:12.915670,Gasometer U,12,345763
2025-08-01T01:16:12.915670,Gasometer U,12,345640
2025-08-01T01:16:12.915670,Gasometer U,12,345615
2025-08-01T01:16:12.915670,Gasometer U,12,346351
2025-08-01T01:16:12.915670,Gasometer U,12,346696
2025-08-01T01:16:12.915670,Gasometer U,12,348229
2025-08-01T01:16:12.915670,Gasometer U,12,348179
2025-08-01T01:16:12.915670,Gasometer U,12,348167
2025-08-01T01:16:12.915670,Gasometer U,12,348046
2025-08-01T01:16:12.915670,Geiselbergstraße S,6,345660
2025-08-01T01:16:12.915670,Geiselbergstraße S,6,346455
2025-08-01T01:16:12.915670,Geiselbergstraße S,6,346423
2025-08-01T01:16:12.915670,Geiselbergstraße S,6,346931
2025-08-01T01:16:12.915670,Geiselbergstraße S,6,347418
2025-08-01T01:16:12.915670,Geiselbergstraße S,6,348189
2025-08-01T01:16:12.915670,Simmering S U,2,345293
2025-08-01T01:16:12.915670,Simmering S U,2,348514
2025-08-01T01:16:12.915670,Niederhofstraße U,21,345456
2025-08-01T01:16:12.915670,Niederhofstraße U,21,345434
2025-08-01T01:16:12.915670,Niederhofstraße U,21,345394
2025-08-01T01:16:12.915670,Niederhofstraße U,21,345224
2025-08-01T01:16:12.915670,Niederhofstraße U,21,345767
2025-08-01T01:16:12.915670,Niederhofstraße U,21,345629
2025-08-01T01:16:12.915670,Niederhofstraße U,21,345616
2025-08-01T01:16:12.915670,Niederhofstraße U,21,346165
2025-08-01T01:16:12.915670,Niederhofstraße U,21,346893
2025-08-01T01:16:12.915670,Niederhofstraße U,21,346783
2025-08-01T01:16:12.915670,Niederhofstraße U,21,346736
2025-08-01T01:16:12.915670,Niederhofstraße U,21,346554
2025-08-01T01:16:12.915670,Niederhofstraße U,21,347232
2025-08-01T01:16:12.915670,Niederhofstraße U,21,347106
2025-08-01T01:16:12.915670,Niederhofstraße U,21,347994
2025-08-01T01:16:12.915670,Niederhofstraße U,21,347737
2025-08-01T01:16:12.915670,Niederhofstraße U,21,347583
2025-08-01T01:16:12.915670,Niederhofstraße U,21,347522
2025-08-01T01:16:12.915670,Niederhofstraße U,21,348287
2025-08-01T01:16:12.915670,Niederhofstraße U,21,348081
2025-08-01T01:16:12.915670,Niederhofstraße U,21,348073
2025-08-01T01:16:12.915670,Hietzing U,24,345393
2025-08-01T01:16:12.915670,Hietzing U,24,345297
2025-08-01T01:16:12.915670,Hietzing U,24,345059
2025-08-01T01:16:12.915670,Hietzing U,24,345038
2025-08-01T01:16:12.915670,Hietzing U,24,345937
2025-08-01T01:16:12.915670,Hietzing U,24,345698
2025-08-01T01:16:12.915670,Hietzing U,24,345655
2025-08-01T01:16:12.915670,Hietzing U,24,345566
2025-08-01T01:16:12.915670,Hietzing U,24,345515
2025-08-01T01:16:12.915670,Hietzing U,24,346407
2025-08-01T01:16:12.915670,Hietzing U,24,346273
2025-08-01T01:16:12.915670,Hietzing U,24,346251
2025-08-01T01:16:12.915670,Hietzing U,24,346138
2025-08-01T01:16:12.915670,Hietzing U,24,346134
2025-08-01T01:16:12.915670,Hietzing U,24,346768
2025-08-01T01:16:12.915670,Hietzing U,24,347421
2025-08-01T01:16:12.915670,Hietzing U,24,347408
2025-08-01T01:16:12.915670,Hietzing U,24,347167
2025-08-01T01:16:12.915670,Hietzing U,24,347124
2025-08-01T01:16:12.915670,Hietzing U,24,347927
2025-08-01T01:16:12.915670,Hietzing U,24,347773
2025-08-01T01:16:12.915670,Hietzing U,24,347605
2025-08-01T01:16:12.915670,Hietzing U,24,348420
2025-08-01T01:16:12.915670,Hietzing U,24,348304
2025-08-01T01:16:12.915670,Westbahnhof S U,29,345497
2025-08-01T01:16:12.915670,Westbahnhof S U,29,345244
2025-08-01T01:16:12.915670,Westbahnhof S U,29,345175
2025-08-01T01:16:12.915670,Westbahnhof S U,29,345798
2025-08-01T01:16:12.915670,Westbahnhof S U,29,345797
2025-08-01T01:16:12.915670,Westbahnhof S U,29,345690
2025-08-01T01:16:12.915670,Westbahnhof S U,29,345659
2025-08-01T01:16:12.915670,Westbahnhof S U,29,345540
2025-08-01T01:16:12.915670,Westbahnhof S U,29,345536
2025-08-01T01:16:12.915670,Westbahnhof S U,29,346479
2025-08-01T01:16:12.915670,Westbahnhof S U,29,346352
2025-08-01T01:16:12.915670,Westbahnhof S U,29,346070
2025-08-01T01:16:12.915670,Westbahnhof S U,29,346029
2025-08-01T01:16:12.915670,Westbahnhof S U,29,346936
2025-08-01T01:16:12.915670,Westbahnhof S U,29,346920
2025-08-01T01:16:12.915670,Westbahnhof S U,29,346880
2025-08-01T01:16:12.915670,Westbahnhof S U,29,346782
2025-08-01T01:16:12.915670,Westbahnhof S U,29,346734
2025-08-01T01:16:12.915670,Westbahnhof S U,29,346638
2025-08-01T01:16:12.915670,Westbahnhof S U,29,347233
2025-08-01T01:16:12.915670,Westbahnhof S U,29,347026
2025-08-01T01:16:12.915670,Westbahnhof S U,29,347714
2025-08-01T01:16:12.915670,Westbahnhof S U,29,347705
2025-08-01T01:16:12.915670,Westbahnhof S U,29,347626
2025-08-01T01:16:12.915670,Westbahnhof S U,29,348416
2025-08-01T01:16:12.915670,Westbahnhof S U,29,348369
2025-08-01T01:16:12.915670,Westbahnhof S U,29,348228
2025-08-01T01:16:12.915670,Westbahnhof S U,29,348056
2025-08-01T01:16:12.915670,Westbahnhof S U,29,348639
2025-08-01T01:16:12.915670,Richard-Wagner-Platz,16,345465
2025-08-01T01:16:12.915670,Richard-Wagner-Platz,16,345810
2025-08-01T01:16:12.915670,Richard-Wagner-Platz,16,345523
2025-08-01T01:16:12.915670,Richard-Wagner-Platz,16,346203
2025-08-01T01:16:12.915670,Richard-Wagner-Platz,16,346133
2025-08-01T01:16:12.915670,Richard-Wagner-Platz,16,346915
2025-08-01T01:16:12.915670,Richard-Wagner-Platz,16,346721
2025-08-01T01:16:12.915670,Richard-Wagner-Platz,16,347476
2025-08-01T01:16:12.915670,Richard-Wagner-Platz,16,347360
2025-08-01T01:16:12.915670,Richard-Wagner-Platz,16,347353
2025-08-01T01:16:12.915670,Richard-Wagner-Platz,16,347319
2025-08-01T01:16:12.915670,Richard-Wagner-Platz,16,347217
2025-08-01T01:16:12.915670,Richard-Wagner-Platz,16,347882
2025-08-01T01:16:12.915670,Richard-Wagner-Platz,16,347749
2025-08-01T01:16:12.915670,Richard-Wagner-Platz,16,348371
2025-08-01T01:16:12.915670,Richard-Wagner-Platz,16,348087
2025-08-01T01:16:12.915670,Alser Straße U,1,345930
2025-08-01T01:16:12.915670,Währinger Straße U,13,345807
2025-08-01T01:16:12.915670,Währinger Straße U,13,345783
2025-08-01T01:16:12.915670,Währinger Straße U,13,345770
2025-08-01T01:16:12.915670,Währinger Straße U,13,345586
2025-08-01T01:16:12.915670,Währinger Straße U,13,345510
2025-08-01T01:16:12.915670,Währinger Straße U,13,346032
2025-08-01T01:16:12.915670,Währinger Straße U,13,346965
2025-08-01T01:16:12.915670,Währinger Straße U,13,346898
2025-08-01T01:16:12.915670,Währinger Straße U,13,346787
2025-08-01T01:16:12.915670,Währinger Straße U,13,346710
2025-08-01T01:16:12.915670,Währinger Straße U,13,347099
2025-08-01T01:16:12.915670,Währinger Straße U,13,348025
2025-08-01T01:16:12.915670,Währinger Straße U,13,348007
2025-08-01T01:16:12.915670,Gymnasiumstraße,12,345157
2025-08-01T01:16:12.915670,Gymnasiumstraße,12,345680
2025-08-01T01:16:12.915670,Gymnasiumstraße,12,346779
2025-08-01T01:16:12.915670,Gymnasiumstraße,12,346538
2025-08-01T01:16:12.915670,Gymnasiumstraße,12,347377
2025-08-01T01:16:12.915670,Gymnasiumstraße,12,347375
2025-08-01T01:16:12.915670,Gymnasiumstraße,12,347340
2025-08-01T01:16:12.915670,Gymnasiumstraße,12,347266
2025-08-01T01:16:12.915670,Gymnasiumstraße,12,347204
2025-08-01T01:16:12.915670,Gymnasiumstraße,12,347197
2025-08-01T01:16:12.915670,Gymnasiumstraße,12,347549
2025-08-01T01:16:12.915670,Gymnasiumstraße,12,348338
2025-08-01T01:16:12.915670,Handelskai S U,21,345436
2025-08-01T01:16:12.915670,Handelskai S U,21,345260
2025-08-01T01:16:12.915670,Handelskai S U,21,345982
2025-08-01T01:16:12.915670,Handelskai S U,21,345899
2025-08-01T01:16:12.915670,Handelskai S U,21,345788
2025-08-01T01:16:12.915670,Handelskai S U,21,345664
2025-08-01T01:16:12.915670,Handelskai S U,21,345656
2025-08-01T01:16:12.915670,Handelskai S U,21,346411
2025-08-01T01:16:12.915670,Handelskai S U,21,346939
2025-08-01T01:16:12.915670,Handelskai S U,21,346910
2025-08-01T01:16:12.915670,Handelskai S U,21,346600
2025-08-01T01:16:12.915670,Handelskai S U,21,346581
2025-08-01T01:16:12.915670,Handelskai S U,21,347402
2025-08-01T01:16:12.915670,Handelskai S U,21,347292
2025-08-01T01:16:12.915670,Handelskai S U,21,347135
2025-08-01T01:16:12.915670,Handelskai S U,21,347117
2025-08-01T01:16:12.915670,Handelskai S U,21,347024
2025-08-01T01:16:12.915670,Handelskai S U,21,347935
2025-08-01T01:16:12.915670,Handelskai S U,21,347699
2025-08-01T01:16:12.915670,Handelskai S U,21,348301
2025-08-01T01:16:12.915670,Handelskai S U,21,348203
2025-08-01T01:16:12.915670,Wallensteinplatz,25,345461
2025-08-01T01:16:12.915670,Wallensteinplatz,25,345421
2025-08-01T01:16:12.915670,Wallensteinplatz,25,345418
2025-08-01T01:16:12.915670,Wallensteinplatz,25,345197
2025-08-01T01:16:12.915670,Wallensteinplatz,25,345749
2025-08-01T01:16:12.915670,Wallensteinplatz,25,345741
2025-08-01T01:16:12.915670,Wallensteinplatz,25,346319
2025-08-01T01:16:12.915670,Wallensteinplatz,25,346289
2025-08-01T01:16:12.915670,Wallensteinplatz,25,346213
2025-08-01T01:16:12.915670,Wallensteinplatz,25,346056
2025-08-01T01:16:12.915670,Wallensteinplatz,25,346536
2025-08-01T01:16:12.915670,Wallensteinplatz,25,347473
2025-08-01T01:16:12.915670,Wallensteinplatz,25,347452
2025-08-01T01:16:12.915670,Wallensteinplatz,25,347424
2025-08-01T01:16:12.915670,Wallensteinplatz,25,347342
2025-08-01T01:16:12.915670,Wallensteinplatz,25,347205
2025-08-01T01:16:12.915670,Wallensteinplatz,25,347177
2025-08-01T01:16:12.915670,Wallensteinplatz,25,347948
2025-08-01T01:16:12.915670,Wallensteinplatz,25,347547
2025-08-01T01:16:12.915670,Wallensteinplatz,25,348413
2025-08-01T01:16:12.915670,Wallensteinplatz,25,348385
2025-08-01T01:16:12.915670,Wallensteinplatz,25,348336
2025-08-01T01:16:12.915670,Wallensteinplatz,25,348240
2025-08-01T01:16:12.915670,Wallensteinplatz,25,348114
2025-08-01T01:16:12.915670,Wallensteinplatz,25,348102
2025-08-01T01:16:12.915670,Brünner Straße S,14,345337
2025-08-01T01:16:12.915670,Brünner Straße S,14,345225
2025-08-01T01:16:12.915670,Brünner Straße S,14,345213
2025-08-01T01:16:12.915670,Brünner Straße S,14,345922
2025-08-01T01:16:12.915670,Brünner Straße S,14,345607
2025-08-01T01:16:12.915670,Brünner Straße S,14,346373
2025-08-01T01:16:12.915670,Brünner Straße S,14,346274
2025-08-01T01:16:12.915670,Brünner Straße S,14,346259
2025-08-01T01:16:12.915670,Brünner Straße S,14,346690
2025-08-01T01:16:12.915670,Brünner Straße S,14,347274
2025-08-01T01:16:12.915670,Brünner Straße S,14,347995
2025-08-01T01:16:12.915670,Brünner Straße S,14,347697
2025-08-01T01:16:12.915670,Brünner Straße S,14,348035
2025-08-01T01:16:12.915670,Brünner Straße S,14,348670
2025-08-01T01:16:12.915670,Floridsdorf S U,23,345366
2025-08-01T01:16:12.915670,Floridsdorf S U,23,345906
2025-08-01T01:16:12.915670,Floridsdorf S U,23,345905
2025-08-01T01:16:12.915670,Floridsdorf S U,23,345868
2025-08-01T01:16:12.915670,Floridsdorf S U,23,345794
2025-08-01T01:16:12.915670,Floridsdorf S U,23,345543
2025-08-01T01:16:12.915670,Floridsdorf S U,23,346282
2025-08-01T01:16:12.915670,Floridsdorf S U,23,346276
2025-08-01T01:16:12.915670,Floridsdorf S U,23,346804
2025-08-01T01:16:12.915670,Floridsdorf S U,23,346786
2025-08-01T01:16:12.915670,Floridsdorf S U,23,346659
2025-08-01T01:16:12.915670,Floridsdorf S U,23,346534
2025-08-01T01:16:12.915670,Floridsdorf S U,23,347370
2025-08-01T01:16:12.915670,Floridsdorf S U,23,347291
2025-08-01T01:16:12.915670,Floridsdorf S U,23,347144
2025-08-01T01:16:12.915670,Floridsdorf S U,23,347050
2025-08-01T01:16:12.915670,Floridsdorf S U,23,347008
2025-08-01T01:16:12.915670,Floridsdorf S U,23,347734
2025-08-01T01:16:12.915670,Floridsdorf S U,23,347554
2025-08-01T01:16:12.915670,Floridsdorf S U,23,348245
2025-08-01T01:16:12.915670,Floridsdorf S U,23,348132
2025-08-01T01:16:12.915670,Floridsdorf S U,23,348673
2025-08-01T01:16:12.915670,Floridsdorf S U,23,348577
2025-08-01T01:16:12.915670,Großfeldsiedlung U,15,345481
2025-08-01T01:16:12.915670,Großfeldsiedlung U,15,345238
2025-08-01T01:16:12.915670,Großfeldsiedlung U,15,345214
2025-08-01T01:16:12.915670,Großfeldsiedlung U,15,345153
2025-08-01T01:16:12.915670,Großfeldsiedlung U,15,345653
2025-08-01T01:16:12.915670,Großfeldsiedlung U,15,346425
2025-08-01T01:16:12.915670,Großfeldsiedlung U,15,346093
2025-08-01T01:16:12.915670,Großfeldsiedlung U,15,346979
2025-08-01T01:16:12.915670,Großfeldsiedlung U,15,346892
2025-08-01T01:16:12.915670,Großfeldsiedlung U,15,346821
2025-08-01T01:16:12.915670,Großfeldsiedlung U,15,346588
2025-08-01T01:16:12.915670,Großfeldsiedlung U,15,347412
2025-08-01T01:16:12.915670,Großfeldsiedlung U,15,347883
2025-08-01T01:16:12.915670,Großfeldsiedlung U,15,347585
2025-08-01T01:16:12.915670,Großfeldsiedlung U,15,348018
2025-08-01T01:16:12.915670,Siemensstraße S,14,345203
2025-08-01T01:16:12.915670,Siemensstraße S,14,345840
2025-08-01T01:16:12.915670,Siemensstraße S,14,345750
2025-08-01T01:16:12.915670,Siemensstraße S,14,345550
2025-08-01T01:16:12.915670,Siemensstraße S,14,346453
2025-08-01T01:16:12.915670,Siemensstraße S,14,346686
2025-08-01T01:16:12.915670,Siemensstraße S,14,347401
2025-08-01T01:16:12.915670,Siemensstraße S,14,347335
2025-08-01T01:16:12.915670,Siemensstraße S,14,347015
2025-08-01T01:16:12.915670,Siemensstraße S,14,347917
2025-08-01T01:16:12.915670,Siemensstraße S,14,347634
2025-08-01T01:16:12.915670,Siemensstraße S,14,348443
2025-08-01T01:16:12.915670,Siemensstraße S,14,348272
2025-08-01T01:16:12.915670,Siemensstraße S,14,348047
2025-08-01T01:16:12.915670,Aspernstraße U,9,345210
2025-08-01T01:16:12.915670,Aspernstraße U,9,345958
2025-08-01T01:16:12.915670,Aspernstraße U,9,345865
2025-08-01T01:16:12.915670,Aspernstraße U,9,345860
2025-08-01T01:16:12.915670,Aspernstraße U,9,345714
2025-08-01T01:16:12.915670,Aspernstraße U,9,346260
2025-08-01T01:16:12.915670,Aspernstraße U,9,347069
2025-08-01T01:16:12.915670,Aspernstraße U,9,348375
2025-08-01T01:16:12.915670,Aspernstraße U,9,348098
2025-08-01T01:16:12.915670,Donauspital U,19,345472
2025-08-01T01:16:12.915670,Donauspital U,19,345376
2025-08-01T01:16:12.915670,Donauspital U,19,345239
2025-08-01T01:16:12.915670,Donauspital U,19,345869
2025-08-01T01:16:12.915670,Donauspital U,19,345838
2025-08-01T01:16:12.915670,Donauspital U,19,345707
2025-08-01T01:16:12.915670,Donauspital U,19,346496
2025-08-01T01:16:12.915670,Donauspital U,19,346412
2025-08-01T01:16:12.915670,Donauspital U,19,346188
2025-08-01T01:16:12.915670,Donauspital U,19,347238
2025-08-01T01:16:12.915670,Donauspital U,19,347198
2025-08-01T01:16:12.915670,Donauspital U,19,347899
2025-08-01T01:16:12.915670,Donauspital U,19,347753
2025-08-01T01:16:12.915670,Donauspital U,19,347526
2025-08-01T01:16:12.915670,Donauspital U,19,348281
2025-08-01T01:16:12.915670,Donauspital U,19,348256
2025-08-01T01:16:12.915670,Donauspital U,19,348684
2025-08-01T01:16:12.915670,Donauspital U,19,348638
2025-08-01T01:16:12.915670,Donauspital U,19,398730
2025-08-01T01:16:12.915670,Erzherzog-Karl-Straße S,6,345505
2025-08-01T01:16:12.915670,Erzherzog-Karl-Straße S,6,346383
2025-08-01T01:16:12.915670,Erzherzog-Karl-Straße S,6,347240
2025-08-01T01:16:12.915670,Erzherzog-Karl-Straße S,6,347748
2025-08-01T01:16:12.915670,Erzherzog-Karl-Straße S,6,348284
2025-08-01T01:16:12.915670,Erzherzog-Karl-Straße S,6,348690
2025-08-01T01:16:12.915670,Hausfeldstraße S U,17,345368
2025-08-01T01:16:12.915670,Hausfeldstraße S U,17,345117
2025-08-01T01:16:12.915670,Hausfeldstraße S U,17,345103
2025-08-01T01:16:12.915670,Hausfeldstraße S U,17,345833
2025-08-01T01:16:12.915670,Hausfeldstraße S U,17,346344
2025-08-01T01:16:12.915670,Hausfeldstraße S U,17,346258
2025-08-01T01:16:12.915670,Hausfeldstraße S U,17,346193
2025-08-01T01:16:12.915670,Hausfeldstraße S U,17,346033
2025-08-01T01:16:12.915670,Hausfeldstraße S U,17,346688
2025-08-01T01:16:12.915670,Hausfeldstraße S U,17,346604
2025-08-01T01:16:12.915670,Hausfeldstraße S U,17,347407
2025-08-01T01:16:12.915670,Hausfeldstraße S U,17,347095
2025-08-01T01:16:12.915670,Hausfeldstraße S U,17,347058
2025-08-01T01:16:12.915670,Hausfeldstraße S U,17,347801
2025-08-01T01:16:12.915670,Hausfeldstraße S U,17,347732
2025-08-01T01:16:12.915670,Hausfeldstraße S U,17,348636
2025-08-01T01:16:12.915670,Hausfeldstraße S U,17,348573
2025-08-01T01:16:12.915670,Kagran U,32,345482
2025-08-01T01:16:12.915670,Kagran U,32,345207
2025-08-01T01:16:12.915670,Kagran U,32,345096
2025-08-01T01:16:12.915670,Kagran U,32,345060
2025-08-01T01:16:12.915670,Kagran U,32,345915
2025-08-01T01:16:12.915670,Kagran U,32,345694
2025-08-01T01:16:12.915670,Kagran U,32,345677
2025-08-01T01:16:12.915670,Kagran U,32,345601
2025-08-01T01:16:12.915670,Kagran U,32,345599
2025-08-01T01:16:12.915670,Kagran U,32,346495
2025-08-01T01:16:12.915670,Kagran U,32,346227
2025-08-01T01:16:12.915670,Kagran U,32,346968
2025-08-01T01:16:12.915670,Kagran U,32,346913
2025-08-01T01:16:12.915670,Kagran U,32,346793
2025-08-01T01:16:12.915670,Kagran U,32,346722
2025-08-01T01:16:12.915670,Kagran U,32,346708
2025-08-01T01:16:12.915670,Kagran U,32,347350
2025-08-01T01:16:12.915670,Kagran U,32,347268
2025-08-01T01:16:12.915670,Kagran U,32,347176
2025-08-01T01:16:12.915670,Kagran U,32,347090
2025-08-01T01:16:12.915670,Kagran U,32,347031
2025-08-01T01:16:12.915670,Kagran U,32,347819
2025-08-01T01:16:12.915670,Kagran U,32,347614
2025-08-01T01:16:12.915670,Kagran U,32,347571
2025-08-01T01:16:12.915670,Kagran U,32,347544
2025-08-01T01:16:12.915670,Kagran U,32,348414
2025-08-01T01:16:12.915670,Kagran U,32,348354
2025-08-01T01:16:12.915670,Kagran U,32,348214
2025-08-01T01:16:12.915670,Kagran U,32,348148
2025-08-01T01:16:12.915670,Kagran U,32,348129
2025-08-01T01:16:12.915670,Kagran U,32,348001
2025-08-01T01:16:12.915670,Kagran U,32,348649
2025-08-01T01:16:12.915670,Maria-Tusch-Straße,15,345419
2025-08-01T01:16:12.915670,Maria-Tusch-Straße,15,345280
2025-08-01T01:16:12.915670,Maria-Tusch-Straße,15,345136
2025-08-01T01:16:12.915670,Maria-Tusch-Straße,15,345094
2025-08-01T01:16:12.915670,Maria-Tusch-Straße,15,345013
2025-08-01T01:16:12.915670,Maria-Tusch-Straße,15,345998
2025-08-01T01:16:12.915670,Maria-Tusch-Straße,15,345891
2025-08-01T01:16:12.915670,Maria-Tusch-Straße,15,345805
2025-08-01T01:16:12.915670,Maria-Tusch-Straße,15,345724
2025-08-01T01:16:12.915670,Maria-Tusch-Straße,15,345620
2025-08-01T01:16:12.915670,Maria-Tusch-Straße,15,346103
2025-08-01T01:16:12.915670,Maria-Tusch-Straße,15,347877
2025-08-01T01:16:12.915670,Maria-Tusch-Straße,15,347875
2025-08-01T01:16:12.915670,Maria-Tusch-Straße,15,348484
2025-08-01T01:16:12.915670,Maria-Tusch-Straße,15,348386
2025-08-01T01:16:12.915670,Rennbahnweg U,8,345490
2025-08-01T01:16:12.915670,Rennbahnweg U,8,345898
2025-08-01T01:16:12.915670,Rennbahnweg U,8,345887
2025-08-01T01:16:12.915670,Rennbahnweg U,8,345685
2025-08-01T01:16:12.915670,Rennbahnweg U,8,347044
2025-08-01T01:16:12.915670,Rennbahnweg U,8,347640
2025-08-01T01:16:12.915670,Rennbahnweg U,8,348382
2025-08-01T01:16:12.915670,Rennbahnweg U,8,348589
2025-08-01T01:16:12.915670,Schüttauplatz,6,345058
2025-08-01T01:16:12.915670,Schüttauplatz,6,345863
2025-08-01T01:16:12.915670,Schüttauplatz,6,347298
2025-08-01T01:16:12.915670,Schüttauplatz,6,347184
2025-08-01T01:16:12.915670,Schüttauplatz,6,347766
2025-08-01T01:16:12.915670,Schüttauplatz,6,347546
2025-08-01T01:16:12.915670,Stadlau U,12,345448
2025-08-01T01:16:12.915670,Stadlau U,12,345447
2025-08-01T01:16:12.915670,Stadlau U,12,345371
2025-08-01T01:16:12.915670,Stadlau U,12,345170
2025-08-01T01:16:12.915670,Stadlau U,12,346526
2025-08-01T01:16:12.915670,Stadlau U,12,347479
2025-08-01T01:16:12.915670,Stadlau U,12,347242
2025-08-01T01:16:12.915670,Stadlau U,12,347156
2025-08-01T01:16:12.915670,Stadlau U,12,347826
2025-08-01T01:16:12.915670,Stadlau U,12,347643
2025-08-01T01:16:12.915670,Stadlau U,12,348207
2025-08-01T01:16:12.915670,Stadlau U,12,348674
2025-08-01T01:16:12.915670,VIC Kaisermühlen U,14,345945
2025-08-01T01:16:12.915670,VIC Kaisermühlen U,14,345832
2025-08-01T01:16:12.915670,VIC Kaisermühlen U,14,345703
2025-08-01T01:16:12.915670,VIC Kaisermühlen U,14,346468
2025-08-01T01:16:12.915670,VIC Kaisermühlen U,14,346460
2025-08-01T01:16:12.915670,VIC Kaisermühlen U,14,346402
2025-08-01T01:16:12.915670,VIC Kaisermühlen U,14,346152
2025-08-01T01:16:12.915670,VIC Kaisermühlen U,14,346120
2025-08-01T01:16:12.915670,VIC Kaisermühlen U,14,346848
2025-08-01T01:16:12.915670,VIC Kaisermühlen U,14,346681
2025-08-01T01:16:12.915670,VIC Kaisermühlen U,14,347464
2025-08-01T01:16:12.915670,VIC Kaisermühlen U,14,347207
2025-08-01T01:16:12.915670,VIC Kaisermühlen U,14,347056
2025-08-01T01:16:12.915670,VIC Kaisermühlen U,14,347815
2025-08-01T01:16:12.915670,Kagraner Platz U,5,345066
2025-08-01T01:16:12.915670,Kagraner Platz U,5,345504
2025-08-01T01:16:12.915670,Kagraner Platz U,5,347087
2025-08-01T01:16:12.915670,Kagraner Platz U,5,347836
2025-08-01T01:16:12.915670,Kagraner Platz U,5,347713
2025-08-01T01:16:12.915670,Alterlaa U,4,345382
2025-08-01T01:16:12.915670,Alterlaa U,4,347234
2025-08-01T01:16:12.915670,Alterlaa U,4,347676
2025-08-01T01:16:12.915670,Alterlaa U,4,349022
2025-08-01T01:16:12.915670,Bacherplatz,17,345237
2025-08-01T01:16:12.915670,Bacherplatz,17,345054
2025-08-01T01:16:12.915670,Bacherplatz,17,345630
2025-08-01T01:16:12.915670,Bacherplatz,17,346473
2025-08-01T01:16:12.915670,Bacherplatz,17,346317
2025-08-01T01:16:12.915670,Bacherplatz,17,346211
2025-08-01T01:16:12.915670,Bacherplatz,17,346154
2025-08-01T01:16:12.915670,Bacherplatz,17,346092
2025-08-01T01:16:12.915670,Bacherplatz,17,347470
2025-08-01T01:16:12.915670,Bacherplatz,17,347413
2025-08-01T01:16:12.915670,Bacherplatz,17,347005
2025-08-01T01:16:12.915670,Bacherplatz,17,347618
2025-08-01T01:16:12.915670,Bacherplatz,17,348261
2025-08-01T01:16:12.915670,Bacherplatz,17,348195
2025-08-01T01:16:12.915670,Bacherplatz,17,348641
2025-08-01T01:16:12.915670,Bacherplatz,17,348602
2025-08-01T01:16:12.915670,Bacherplatz,17,348520
2025-08-01T01:16:12.915670,Carl-Appel-Straße,3,345377
2025-08-01T01:16:12.915670,Carl-Appel-Straße,3,345877
2025-08-01T01:16:12.915670,Carl-Appel-Straße,3,348527
2025-08-01T01:16:12.915670,Otto-Probst-Platz,19,345450
2025-08-01T01:16:12.915670,Otto-Probst-Platz,19,345386
2025-08-01T01:16:12.915670,Otto-Probst-Platz,19,345243
2025-08-01T01:16:12.915670,Otto-Probst-Platz,19,345074
2025-08-01T01:16:12.915670,Otto-Probst-Platz,19,345912
2025-08-01T01:16:12.915670,Otto-Probst-Platz,19,345744
2025-08-01T01:16:12.915670,Otto-Probst-Platz,19,346532
2025-08-01T01:16:12.915670,Otto-Probst-Platz,19,347155
2025-08-01T01:16:12.915670,Otto-Probst-Platz,19,347988
2025-08-01T01:16:12.915670,Otto-Probst-Platz,19,347894
2025-08-01T01:16:12.915670,Otto-Probst-Platz,19,347531
2025-08-01T01:16:12.915670,Otto-Probst-Platz,19,348395
2025-08-01T01:16:12.915670,Otto-Probst-Platz,19,348196
2025-08-01T01:16:12.915670,Otto-Probst-Platz,19,348699
2025-08-01T01:16:12.915670,Otto-Probst-Platz,19,348618
2025-08-01T01:16:12.915670,Otto-Probst-Platz,19,348617
2025-08-01T01:16:12.915670,Otto-Probst-Platz,19,348609
2025-08-01T01:16:12.915670,Otto-Probst-Platz,19,348599
2025-08-01T01:16:12.915670,Otto-Probst-Platz,19,348539
2025-08-01T01:16:12.915670,Alaudagasse U,3,346747
2025-08-01T01:16:12.915670,Alaudagasse U,3,348134
2025-08-01T01:16:12.915670,Alaudagasse U,3,348996
2025-08-01T01:16:12.915670,Svetelskystraße,3,346334
2025-08-01T01:16:12.915670,Svetelskystraße,3,346308
2025-08-01T01:16:12.915670,Svetelskystraße,3,347843
2025-08-01T01:16:12.915670,Weißenböckstraße,16,345470
2025-08-01T01:16:12.915670,Weißenböckstraße,16,345342
2025-08-01T01:16:12.915670,Weißenböckstraße,16,346390
2025-08-01T01:16:12.915670,Weißenböckstraße,16,346027
2025-08-01T01:16:12.915670,Weißenböckstraße,16,346543
2025-08-01T01:16:12.915670,Weißenböckstraße,16,346540
2025-08-01T01:16:12.915670,Weißenböckstraße,16,347202
2025-08-01T01:16:12.915670,Weißenböckstraße,16,347083
2025-08-01T01:16:12.915670,Weißenböckstraße,16,347777
2025-08-01T01:16:12.915670,Weißenböckstraße,16,347726
2025-08-01T01:16:12.915670,Weißenböckstraße,16,348455
2025-08-01T01:16:12.915670,Weißenböckstraße,16,348707
2025-08-01T01:16:12.915670,Weißenböckstraße,16,348650
2025-08-01T01:16:12.915670,Weißenböckstraße,16,348551
2025-08-01T01:16:12.915670,Weißenböckstraße,16,348538
2025-08-01T01:16:12.915670,Weißenböckstraße,16,398735
2025-08-01T01:16:12.915670,Zentralfriedhof 2. Tor,21,345442
2025-08-01T01:16:12.915670,Zentralfriedhof 2. Tor,21,345357
2025-08-01T01:16:12.915670,Zentralfriedhof 2. Tor,21,345351
2025-08-01T01:16:12.915670,Zentralfriedhof 2. Tor,21,345310
2025-08-01T01:16:12.915670,Zentralfriedhof 2. Tor,21,345241
2025-08-01T01:16:12.915670,Zentralfriedhof 2. Tor,21,345182
2025-08-01T01:16:12.915670,Zentralfriedhof 2. Tor,21,345846
2025-08-01T01:16:12.915670,Zentralfriedhof 2. Tor,21,345705
2025-08-01T01:16:12.915670,Zentralfriedhof 2. Tor,21,346053
2025-08-01T01:16:12.915670,Zentralfriedhof 2. Tor,21,347491
2025-08-01T01:16:12.915670,Zentralfriedhof 2. Tor,21,347463
2025-08-01T01:16:12.915670,Zentralfriedhof 2. Tor,21,347366
2025-08-01T01:16:12.915670,Zentralfriedhof 2. Tor,21,347295
2025-08-01T01:16:12.915670,Zentralfriedhof 2. Tor,21,347752
2025-08-01T01:16:12.915670,Zentralfriedhof 2. Tor,21,347635
2025-08-01T01:16:12.915670,Zentralfriedhof 2. Tor,21,347565
2025-08-01T01:16:12.915670,Zentralfriedhof 2. Tor,21,348307
2025-08-01T01:16:12.915670,Zentralfriedhof 2. Tor,21,348123
2025-08-01T01:16:12.915670,Zentralfriedhof 2. Tor,21,348672
2025-08-01T01:16:12.915670,Zentralfriedhof 2. Tor,21,348603
2025-08-01T01:16:12.915670,Zentralfriedhof 2. Tor,21,349018
2025-08-01T01:16:12.915670,Simoningplatz,10,346881
2025-08-01T01:16:12.915670,Simoningplatz,10,346841
2025-08-01T01:16:12.915670,Simoningplatz,10,347383
2025-08-01T01:16:12.915670,Simoningplatz,10,347320
2025-08-01T01:16:12.915670,Simoningplatz,10,347271
2025-08-01T01:16:12.915670,Simoningplatz,10,347082
2025-08-01T01:16:12.915670,Simoningplatz,10,347059
2025-08-01T01:16:12.915670,Simoningplatz,10,347545
2025-08-01T01:16:12.915670,Simoningplatz,10,348675
2025-08-01T01:16:12.915670,Simoningplatz,10,348630
2025-08-01T01:16:12.915670,Zippererstraße U,5,345619
2025-08-01T01:16:12.915670,Zippererstraße U,5,346291
2025-08-01T01:16:12.915670,Zippererstraße U,5,347669
2025-08-01T01:16:12.915670,Zippererstraße U,5,347591
2025-08-01T01:16:12.915670,Zippererstraße U,5,348921
2025-08-01T01:16:12.915670,Hetzendorf S,3,345033
2025-08-01T01:16:12.915670,Hetzendorf S,3,345603
2025-08-01T01:16:12.915670,Hetzendorf S,3,348251
2025-08-01T01:16:12.915670,Gatterhölzl,1,347307
2025-08-01T01:16:12.915670,Speising S,2,345067
2025-08-01T01:16:12.915670,Speising S,2,348246
2025-08-01T01:16:12.915670,Hasnerstraße / Hofferplatz,10,345300
2025-08-01T01:16:12.915670,Hasnerstraße / Hofferplatz,10,345917
2025-08-01T01:16:12.915670,Hasnerstraße / Hofferplatz,10,345614
2025-08-01T01:16:12.915670,Hasnerstraße / Hofferplatz,10,346207
2025-08-01T01:16:12.915670,Hasnerstraße / Hofferplatz,10,347396
2025-08-01T01:16:12.915670,Hasnerstraße / Hofferplatz,10,347221
2025-08-01T01:16:12.915670,Hasnerstraße / Hofferplatz,10,347128
2025-08-01T01:16:12.915670,Hasnerstraße / Hofferplatz,10,347839
2025-08-01T01:16:12.915670,Hasnerstraße / Hofferplatz,10,348222
2025-08-01T01:16:12.915670,Hasnerstraße / Hofferplatz,10,348177
2025-08-01T01:16:12.915670,Nietzscheplatz,7,345034
2025-08-01T01:16:12.915670,Nietzscheplatz,7,345689
2025-08-01T01:16:12.915670,Nietzscheplatz,7,346912
2025-08-01T01:16:12.915670,Nietzscheplatz,7,346518
2025-08-01T01:16:12.915670,Nietzscheplatz,7,347959
2025-08-01T01:16:12.915670,Nietzscheplatz,7,347857
2025-08-01T01:16:12.915670,Nietzscheplatz,7,347548
2025-08-01T01:16:12.915670,Wattgasse,9,345226
2025-08-01T01:16:12.915670,Wattgasse,9,345188
2025-08-01T01:16:12.915670,Wattgasse,9,345107
2025-08-01T01:16:12.915670,Wattgasse,9,345635
2025-08-01T01:16:12.915670,Wattgasse,9,346254
2025-08-01T01:16:12.915670,Wattgasse,9,346742
2025-08-01T01:16:12.915670,Wattgasse,9,347862
2025-08-01T01:16:12.915670,Wattgasse,9,347652
2025-08-01T01:16:12.915670,Wattgasse,9,348154
2025-08-01T01:16:12.915670,Grinzing,5,345385
2025-08-01T01:16:12.915670,Grinzing,5,346132
2025-08-01T01:16:12.915670,Grinzing,5,346030
2025-08-01T01:16:12.915670,Grinzing,5,346557
2025-08-01T01:16:12.915670,Grinzing,5,348372
2025-08-01T01:16:12.915670,Oberdöbling S,8,345042
2025-08-01T01:16:12.915670,Oberdöbling S,8,345882
2025-08-01T01:16:12.915670,Oberdöbling S,8,346155
2025-08-01T01:16:12.915670,Oberdöbling S,8,347989
2025-08-01T01:16:12.915670,Oberdöbling S,8,347890
2025-08-01T01:16:12.915670,Oberdöbling S,8,347718
2025-08-01T01:16:12.915670,Oberdöbling S,8,347505
2025-08-01T01:16:12.915670,Oberdöbling S,8,348524
2025-08-01T01:16:12.915670,Kantnergasse,12,345696
2025-08-01T01:16:12.915670,Kantnergasse,12,346980
2025-08-01T01:16:12.915670,Kantnergasse,12,346836
2025-08-01T01:16:12.915670,Kantnergasse,12,346784
2025-08-01T01:16:12.915670,Kantnergasse,12,347426
2025-08-01T01:16:12.915670,Kantnergasse,12,347089
2025-08-01T01:16:12.915670,Kantnergasse,12,347964
2025-08-01T01:16:12.915670,Kantnergasse,12,347911
2025-08-01T01:16:12.915670,Kantnergasse,12,348342
2025-08-01T01:16:12.915670,Kantnergasse,12,348028
2025-08-01T01:16:12.915670,Kantnergasse,12,348023
2025-08-01T01:16:12.915670,Kantnergasse,12,348585
2025-08-01T01:16:12.915670,Leopoldau S U,4,345422
2025-08-01T01:16:12.915670,Leopoldau S U,4,345521
2025-08-01T01:16:12.915670,Leopoldau S U,4,346878
2025-08-01T01:16:12.915670,Leopoldau S U,4,348642
2025-08-01T01:16:12.915670,Josef-Baumann-Gasse,26,345463
2025-08-01T01:16:12.915670,Josef-Baumann-Gasse,26,345452
2025-08-01T01:16:12.915670,Josef-Baumann-Gasse,26,345443
2025-08-01T01:16:12.915670,Josef-Baumann-Gasse,26,345162
2025-08-01T01:16:12.915670,Josef-Baumann-Gasse,26,345721
2025-08-01T01:16:12.915670,Josef-Baumann-Gasse,26,346436
2025-08-01T01:16:12.915670,Josef-Baumann-Gasse,26,346392
2025-08-01T01:16:12.915670,Josef-Baumann-Gasse,26,346263
2025-08-01T01:16:12.915670,Josef-Baumann-Gasse,26,346113
2025-08-01T01:16:12.915670,Josef-Baumann-Gasse,26,346109
2025-08-01T01:16:12.915670,Josef-Baumann-Gasse,26,346043
2025-08-01T01:16:12.915670,Josef-Baumann-Gasse,26,346007
2025-08-01T01:16:12.915670,Josef-Baumann-Gasse,26,346974
2025-08-01T01:16:12.915670,Josef-Baumann-Gasse,26,346882
2025-08-01T01:16:12.915670,Josef-Baumann-Gasse,26,346850
2025-08-01T01:16:12.915670,Josef-Baumann-Gasse,26,346698
2025-08-01T01:16:12.915670,Josef-Baumann-Gasse,26,346662
2025-08-01T01:16:12.915670,Josef-Baumann-Gasse,26,346547
2025-08-01T01:16:12.915670,Josef-Baumann-Gasse,26,347499
2025-08-01T01:16:12.915670,Josef-Baumann-Gasse,26,347444
2025-08-01T01:16:12.915670,Josef-Baumann-Gasse,26,347419
2025-08-01T01:16:12.915670,Josef-Baumann-Gasse,26,347068
2025-08-01T01:16:12.915670,Josef-Baumann-Gasse,26,347012
2025-08-01T01:16:12.915670,Josef-Baumann-Gasse,26,347949
2025-08-01T01:16:12.915670,Josef-Baumann-Gasse,26,348327
2025-08-01T01:16:12.915670,Josef-Baumann-Gasse,26,348158
2025-08-01T01:16:12.915670,Fultonstraße,7,345433
2025-08-01T01:16:12.915670,Fultonstraße,7,345258
2025-08-01T01:16:12.915670,Fultonstraße,7,345000
2025-08-01T01:16:12.915670,Fultonstraße,7,345765
2025-08-01T01:16:12.915670,Fultonstraße,7,348360
2025-08-01T01:16:12.915670,Fultonstraße,7,348605
2025-08-01T01:16:12.915670,Fultonstraße,7,348575
2025-08-01T01:16:12.915670,Hopfengasse,22,345030
2025-08-01T01:16:12.915670,Hopfengasse,22,345876
2025-08-01T01:16:12.915670,Hopfengasse,22,345800
2025-08-01T01:16:12.915670,Hopfengasse,22,346111
2025-08-01T01:16:12.915670,Hopfengasse,22,346873
2025-08-01T01:16:12.915670,Hopfengasse,22,346555
2025-08-01T01:16:12.915670,Hopfengasse,22,347482
2025-08-01T01:16:12.915670,Hopfengasse,22,347337
2025-08-01T01:16:12.915670,Hopfengasse,22,347324
2025-08-01T01:16:12.915670,Hopfengasse,22,347314
2025-08-01T01:16:12.915670,Hopfengasse,22,347302
2025-08-01T01:16:12.915670,Hopfengasse,22,347272
2025-08-01T01:16:12.915670,Hopfengasse,22,347218
2025-08-01T01:16:12.915670,Hopfengasse,22,347150
2025-08-01T01:16:12.915670,Hopfengasse,22,347991
2025-08-01T01:16:12.915670,Hopfengasse,22,347779
2025-08-01T01:16:12.915670,Hopfengasse,22,348472
2025-08-01T01:16:12.915670,Hopfengasse,22,348384
2025-08-01T01:16:12.915670,Hopfengasse,22,348282
2025-08-01T01:16:12.915670,Hopfengasse,22,348186
2025-08-01T01:16:12.915670,Hopfengasse,22,348026
2025-08-01T01:16:12.915670,Hopfengasse,22,348614
2025-08-01T01:16:12.915670,Jedlesee / Bellgasse,4,345173
2025-08-01T01:16:12.915670,Jedlesee / Bellgasse,4,345075
2025-08-01T01:16:12.915670,Jedlesee / Bellgasse,4,347821
2025-08-01T01:16:12.915670,Jedlesee / Bellgasse,4,348099
2025-08-01T01:16:12.915670,Jedleseer Friedhof,10,345435
2025-08-01T01:16:12.915670,Jedleseer Friedhof,10,345222
2025-08-01T01:16:12.915670,Jedleseer Friedhof,10,346947
2025-08-01T01:16:12.915670,Jedleseer Friedhof,10,346627
2025-08-01T01:16:12.915670,Jedleseer Friedhof,10,347481
2025-08-01T01:16:12.915670,Jedleseer Friedhof,10,347310
2025-08-01T01:16:12.915670,Jedleseer Friedhof,10,347231
2025-08-01T01:16:12.915670,Jedleseer Friedhof,10,347611
2025-08-01T01:16:12.915670,Jedleseer Friedhof,10,348422
2025-08-01T01:16:12.915670,Jedleseer Friedhof,10,348332
2025-08-01T01:16:12.915670,Strebersdorf / Edmund-Hawranek-Platz,16,345158
2025-08-01T01:16:12.915670,Strebersdorf / Edmund-Hawranek-Platz,16,345125
2025-08-01T01:16:12.915670,Strebersdorf / Edmund-Hawranek-Platz,16,346384
2025-08-01T01:16:12.915670,Strebersdorf / Edmund-Hawranek-Platz,16,346359
2025-08-01T01:16:12.915670,Strebersdorf / Edmund-Hawranek-Platz,16,346253
2025-08-01T01:16:12.915670,Strebersdorf / Edmund-Hawranek-Platz,16,346062
2025-08-01T01:16:12.915670,Strebersdorf / Edmund-Hawranek-Platz,16,346766
2025-08-01T01:16:12.915670,Strebersdorf / Edmund-Hawranek-Platz,16,347380
2025-08-01T01:16:12.915670,Strebersdorf / Edmund-Hawranek-Platz,16,347376
2025-08-01T01:16:12.915670,Strebersdorf / Edmund-Hawranek-Platz,16,347103
2025-08-01T01:16:12.915670,Strebersdorf / Edmund-Hawranek-Platz,16,347922
2025-08-01T01:16:12.915670,Strebersdorf / Edmund-Hawranek-Platz,16,347893
2025-08-01T01:16:12.915670,Strebersdorf / Edmund-Hawranek-Platz,16,348444
2025-08-01T01:16:12.915670,Strebersdorf / Edmund-Hawranek-Platz,16,348350
2025-08-01T01:16:12.915670,Strebersdorf / Edmund-Hawranek-Platz,16,348701
2025-08-01T01:16:12.915670,Strebersdorf / Edmund-Hawranek-Platz,16,348597
2025-08-01T01:16:12.915670,Kagraner Anger,3,346998
2025-08-01T01:16:12.915670,Kagraner Anger,3,347856
2025-08-01T01:16:12.915670,Kagraner Anger,3,348070
2025-08-01T01:16:12.915670,Stavangergasse,6,345015
2025-08-01T01:16:12.915670,Stavangergasse,6,345754
2025-08-01T01:16:12.915670,Stavangergasse,6,347438
2025-08-01T01:16:12.915670,Stavangergasse,6,347021
2025-08-01T01:16:12.915670,Stavangergasse,6,347925
2025-08-01T01:16:12.915670,Stavangergasse,6,348920
2025-08-01T01:16:12.915670,Hans-Steger-Gasse,13,345230
2025-08-01T01:16:12.915670,Hans-Steger-Gasse,13,345163
2025-08-01T01:16:12.915670,Hans-Steger-Gasse,13,345968
2025-08-01T01:16:12.915670,Hans-Steger-Gasse,13,345642
2025-08-01T01:16:12.915670,Hans-Steger-Gasse,13,346626
2025-08-01T01:16:12.915670,Hans-Steger-Gasse,13,346591
2025-08-01T01:16:12.915670,Hans-Steger-Gasse,13,346511
2025-08-01T01:16:12.915670,Hans-Steger-Gasse,13,347159
2025-08-01T01:16:12.915670,Hans-Steger-Gasse,13,347065
2025-08-01T01:16:12.915670,Hans-Steger-Gasse,13,347000
2025-08-01T01:16:12.915670,Hans-Steger-Gasse,13,347582
2025-08-01T01:16:12.915670,Hans-Steger-Gasse,13,348447
2025-08-01T01:16:12.915670,Hans-Steger-Gasse,13,348671
2025-08-01T01:16:12.915670,Hirschstetten S,12,345916
2025-08-01T01:16:12.915670,Hirschstetten S,12,345808
2025-08-01T01:16:12.915670,Hirschstetten S,12,345658
2025-08-01T01:16:12.915670,Hirschstetten S,12,346420
2025-08-01T01:16:12.915670,Hirschstetten S,12,346403
2025-08-01T01:16:12.915670,Hirschstetten S,12,346372
2025-08-01T01:16:12.915670,Hirschstetten S,12,346149
2025-08-01T01:16:12.915670,Hirschstetten S,12,346063
2025-08-01T01:16:12.915670,Hirschstetten S,12,346949
2025-08-01T01:16:12.915670,Hirschstetten S,12,347814
2025-08-01T01:16:12.915670,Hirschstetten S,12,347687
2025-08-01T01:16:12.915670,Hirschstetten S,12,348685
2025-08-01T01:16:12.915670,Atzgersdorf S,16,345438
2025-08-01T01:16:12.915670,Atzgersdorf S,16,345184
2025-08-01T01:16:12.915670,Atzgersdorf S,16,345926
2025-08-01T01:16:12.915670,Atzgersdorf S,16,345786
2025-08-01T01:16:12.915670,Atzgersdorf S,16,345637
2025-08-01T01:16:12.915670,Atzgersdorf S,16,346957
2025-08-01T01:16:12.915670,Atzgersdorf S,16,346859
2025-08-01T01:16:12.915670,Atzgersdorf S,16,346789
2025-08-01T01:16:12.915670,Atzgersdorf S,16,346563
2025-08-01T01:16:12.915670,Atzgersdorf S,16,347260
2025-08-01T01:16:12.915670,Atzgersdorf S,16,347166
2025-08-01T01:16:12.915670,Atzgersdorf S,16,347871
2025-08-01T01:16:12.915670,Atzgersdorf S,16,347776
2025-08-01T01:16:12.915670,Atzgersdorf S,16,347682
2025-08-01T01:16:12.915670,Atzgersdorf S,16,347666
2025-08-01T01:16:12.915670,Atzgersdorf S,16,348002
2025-08-01T01:16:12.915670,Siebenhirten U,3,346042
2025-08-01T01:16:12.915670,Siebenhirten U,3,346507
2025-08-01T01:16:12.915670,Siebenhirten U,3,347747
2025-08-01T01:16:12.915670,Perfektastraße U,13,345444
2025-08-01T01:16:12.915670,Perfektastraße U,13,345322
2025-08-01T01:16:12.915670,Perfektastraße U,13,345289
2025-08-01T01:16:12.915670,Perfektastraße U,13,345988
2025-08-01T01:16:12.915670,Perfektastraße U,13,345861
2025-08-01T01:16:12.915670,Perfektastraße U,13,346494
2025-08-01T01:16:12.915670,Perfektastraße U,13,346136
2025-08-01T01:16:12.915670,Perfektastraße U,13,346004
2025-08-01T01:16:12.915670,Perfektastraße U,13,346556
2025-08-01T01:16:12.915670,Perfektastraße U,13,347041
2025-08-01T01:16:12.915670,Perfektastraße U,13,347601
2025-08-01T01:16:12.915670,Perfektastraße U,13,348453
2025-08-01T01:16:12.915670,Perfektastraße U,13,348648
2025-08-01T01:16:12.915670,Praterstern Ausstellungsstraße,22,345446
2025-08-01T01:16:12.915670,Praterstern Ausstellungsstraße,22,345299
2025-08-01T01:16:12.915670,Praterstern Ausstellungsstraße,22,345290
2025-08-01T01:16:12.915670,Praterstern Ausstellungsstraße,22,345110
2025-08-01T01:16:12.915670,Praterstern Ausstellungsstraße,22,345687
2025-08-01T01:16:12.915670,Praterstern Ausstellungsstraße,22,346459
2025-08-01T01:16:12.915670,Praterstern Ausstellungsstraße,22,346395
2025-08-01T01:16:12.915670,Praterstern Ausstellungsstraße,22,346221
2025-08-01T01:16:12.915670,Praterstern Ausstellungsstraße,22,346141
2025-08-01T01:16:12.915670,Praterstern Ausstellungsstraße,22,346050
2025-08-01T01:16:12.915670,Praterstern Ausstellungsstraße,22,346875
2025-08-01T01:16:12.915670,Praterstern Ausstellungsstraße,22,346700
2025-08-01T01:16:12.915670,Praterstern Ausstellungsstraße,22,347061
2025-08-01T01:16:12.915670,Praterstern Ausstellungsstraße,22,347032
2025-08-01T01:16:12.915670,Praterstern Ausstellungsstraße,22,347681
2025-08-01T01:16:12.915670,Praterstern Ausstellungsstraße,22,347599
2025-08-01T01:16:12.915670,Praterstern Ausstellungsstraße,22,347593
2025-08-01T01:16:12.915670,Praterstern Ausstellungsstraße,22,347543
2025-08-01T01:16:12.915670,Praterstern Ausstellungsstraße,22,347527
2025-08-01T01:16:12.915670,Praterstern Ausstellungsstraße,22,348410
2025-08-01T01:16:12.915670,Praterstern Ausstellungsstraße,22,348322
2025-08-01T01:16:12.915670,Praterstern Ausstellungsstraße,22,348918
2025-08-01T01:16:12.915670,Muthgasse,10,345081
2025-08-01T01:16:12.915670,Muthgasse,10,345956
2025-08-01T01:16:12.915670,Muthgasse,10,346197
2025-08-01T01:16:12.915670,Muthgasse,10,346995
2025-08-01T01:16:12.915670,Muthgasse,10,347161
2025-08-01T01:16:12.915670,Muthgasse,10,347872
2025-08-01T01:16:12.915670,Muthgasse,10,347739
2025-08-01T01:16:12.915670,Muthgasse,10,348162
2025-08-01T01:16:12.915670,Muthgasse,10,348553
2025-08-01T01:16:12.915670,Muthgasse,10,348546
2025-08-01T01:16:12.915670,Liesing S,13,345329
2025-08-01T01:16:12.915670,Liesing S,13,345083
2025-08-01T01:16:12.915670,Liesing S,13,345678
2025-08-01T01:16:12.915670,Liesing S,13,346219
2025-08-01T01:16:12.915670,Liesing S,13,346928
2025-08-01T01:16:12.915670,Liesing S,13,346717
2025-08-01T01:16:12.915670,Liesing S,13,346625
2025-08-01T01:16:12.915670,Liesing S,13,347351
2025-08-01T01:16:12.915670,Liesing S,13,347886
2025-08-01T01:16:12.915670,Liesing S,13,347723
2025-08-01T01:16:12.915670,Liesing S,13,347709
2025-08-01T01:16:12.915670,Liesing S,13,348629
2025-08-01T01:16:12.915670,Liesing S,13,348567
2025-08-01T01:16:12.915670,Aspern Nord S U,13,345369
2025-08-01T01:16:12.915670,Aspern Nord S U,13,345267
2025-08-01T01:16:12.915670,Aspern Nord S U,13,345245
2025-08-01T01:16:12.915670,Aspern Nord S U,13,345851
2025-08-01T01:16:12.915670,Aspern Nord S U,13,345704
2025-08-01T01:16:12.915670,Aspern Nord S U,13,345500
2025-08-01T01:16:12.915670,Aspern Nord S U,13,346318
2025-08-01T01:16:12.915670,Aspern Nord S U,13,346311
2025-08-01T01:16:12.915670,Aspern Nord S U,13,346854
2025-08-01T01:16:12.915670,Aspern Nord S U,13,346663
2025-08-01T01:16:12.915670,Aspern Nord S U,13,348487
2025-08-01T01:16:12.915670,Aspern Nord S U,13,348231
2025-08-01T01:16:12.915670,Aspern Nord S U,13,348528
2025-08-01T01:16:12.915670,Seepark,3,347458
2025-08-01T01:16:12.915670,Seepark,3,347828
2025-08-01T01:16:12.915670,Seepark,3,348540
2025-08-01T01:16:12.915670,Seestadt U,10,345324
2025-08-01T01:16:12.915670,Seestadt U,10,345904
2025-08-01T01:16:12.915670,Seestadt U,10,346126
2025-08-01T01:16:12.915670,Seestadt U,10,346723
2025-08-01T01:16:12.915670,Seestadt U,10,346546
2025-08-01T01:16:12.915670,Seestadt U,10,347810
2025-08-01T01:16:12.915670,Seestadt U,10,348451
2025-08-01T01:16:12.915670,Seestadt U,10,348268
2025-08-01T01:16:12.915670,Seestadt U,10,348003
2025-08-01T01:16:12.915670,Seestadt U,10,348519
2025-08-01T01:16:12.915670,Schwedenplatz,14,345473
2025-08-01T01:16:12.915670,Schwedenplatz,14,345684
2025-08-01T01:16:12.915670,Schwedenplatz,14,345578
2025-08-01T01:16:12.915670,Schwedenplatz,14,346431
2025-08-01T01:16:12.915670,Schwedenplatz,14,346697
2025-08-01T01:16:12.915670,Schwedenplatz,14,346693
2025-08-01T01:16:12.915670,Schwedenplatz,14,347979
2025-08-01T01:16:12.915670,Schwedenplatz,14,347780
2025-08-01T01:16:12.915670,Schwedenplatz,14,347622
2025-08-01T01:16:12.915670,Schwedenplatz,14,347556
2025-08-01T01:16:12.915670,Schwedenplatz,14,348391
2025-08-01T01:16:12.915670,Schwedenplatz,14,348064
2025-08-01T01:16:12.915670,Schwedenplatz,14,348631
2025-08-01T01:16:12.915670,Schwedenplatz,14,348612
2025-08-01T01:16:12.915670,Kultursommer25 - Waldmüllerpark,17,345907
2025-08-01T01:16:12.915670,Kultursommer25 - Waldmüllerpark,17,345827
2025-08-01T01:16:12.915670,Kultursommer25 - Waldmüllerpark,17,345708
2025-08-01T01:16:12.915670,Kultursommer25 - Waldmüllerpark,17,346417
2025-08-01T01:16:12.915670,Kultursommer25 - Waldmüllerpark,17,346315
2025-08-01T01:16:12.915670,Kultursommer25 - Waldmüllerpark,17,346114
2025-08-01T01:16:12.915670,Kultursommer25 - Waldmüllerpark,17,346811
2025-08-01T01:16:12.915670,Kultursommer25 - Waldmüllerpark,17,346769
2025-08-01T01:16:12.915670,Kultursommer25 - Waldmüllerpark,17,346643
2025-08-01T01:16:12.915670,Kultursommer25 - Waldmüllerpark,17,347157
2025-08-01T01:16:12.915670,Kultursommer25 - Waldmüllerpark,17,347129
2025-08-01T01:16:12.915670,Kultursommer25 - Waldmüllerpark,17,347969
2025-08-01T01:16:12.915670,Kultursommer25 - Waldmüllerpark,17,347932
2025-08-01T01:16:12.915670,Kultursommer25 - Waldmüllerpark,17,347923
2025-08-01T01:16:12.915670,Kultursommer25 - Waldmüllerpark,17,347511
2025-08-01T01:16:12.915670,Kultursommer25 - Waldmüllerpark,17,348200
2025-08-01T01:16:12.915670,Kultursommer25 - Waldmüllerpark,17,348105
2025-08-01T01:16:12.915670,Landstraße - Wien Mitte S U,9,345420
2025-08-01T01:16:12.915670,Landstraße - Wien Mitte S U,9,345409
2025-08-01T01:16:12.915670,Landstraße - Wien Mitte S U,9,345881
2025-08-01T01:16:12.915670,Landstraße - Wien Mitte S U,9,346104
2025-08-01T01:16:12.915670,Landstraße - Wien Mitte S U,9,346826
2025-08-01T01:16:12.915670,Landstraße - Wien Mitte S U,9,347341
2025-08-01T01:16:12.915670,Landstraße - Wien Mitte S U,9,347257
2025-08-01T01:16:12.915670,Landstraße - Wien Mitte S U,9,347070
2025-08-01T01:16:12.915670,Landstraße - Wien Mitte S U,9,348139
2025-08-01T01:16:12.915670,Praterstern S U,47,345439
2025-08-01T01:16:12.915670,Praterstern S U,47,345362
2025-08-01T01:16:12.915670,Praterstern S U,47,345344
2025-08-01T01:16:12.915670,Praterstern S U,47,345172
2025-08-01T01:16:12.915670,Praterstern S U,47,345143
2025-08-01T01:16:12.915670,Praterstern S U,47,345118
2025-08-01T01:16:12.915670,Praterstern S U,47,345037
2025-08-01T01:16:12.915670,Praterstern S U,47,345994
2025-08-01T01:16:12.915670,Praterstern S U,47,345842
2025-08-01T01:16:12.915670,Praterstern S U,47,345532
2025-08-01T01:16:12.915670,Praterstern S U,47,346415
2025-08-01T01:16:12.915670,Praterstern S U,47,346375
2025-08-01T01:16:12.915670,Praterstern S U,47,346166
2025-08-01T01:16:12.915670,Praterstern S U,47,346102
2025-08-01T01:16:12.915670,Praterstern S U,47,346950
2025-08-01T01:16:12.915670,Praterstern S U,47,346857
2025-08-01T01:16:12.915670,Praterstern S U,47,346830
2025-08-01T01:16:12.915670,Praterstern S U,47,346825
2025-08-01T01:16:12.915670,Praterstern S U,47,346823
2025-08-01T01:16:12.915670,Praterstern S U,47,346765
2025-08-01T01:16:12.915670,Praterstern S U,47,346609
2025-08-01T01:16:12.915670,Praterstern S U,47,346514
2025-08-01T01:16:12.915670,Praterstern S U,47,347397
2025-08-01T01:16:12.915670,Praterstern S U,47,347392
2025-08-01T01:16:12.915670,Praterstern S U,47,347385
2025-08-01T01:16:12.915670,Praterstern S U,47,347379
2025-08-01T01:16:12.915670,Praterstern S U,47,347364
2025-08-01T01:16:12.915670,Praterstern S U,47,347359
2025-08-01T01:16:12.915670,Praterstern S U,47,347333
2025-08-01T01:16:12.915670,Praterstern S U,47,347258
2025-08-01T01:16:12.915670,Praterstern S U,47,347229
2025-08-01T01:16:12.915670,Praterstern S U,47,347209
2025-08-01T01:16:12.915670,Praterstern S U,47,347998
2025-08-01T01:16:12.915670,Praterstern S U,47,347996
2025-08-01T01:16:12.915670,Praterstern S U,47,347818
2025-08-01T01:16:12.915670,Praterstern S U,47,347813
2025-08-01T01:16:12.915670,Praterstern S U,47,347785
2025-08-01T01:16:12.915670,Praterstern S U,47,347746
2025-08-01T01:16:12.915670,Praterstern S U,47,347712
2025-08-01T01:16:12.915670,Praterstern S U,47,347658
2025-08-01T01:16:12.915670,Praterstern S U,47,347528
2025-08-01T01:16:12.915670,Praterstern S U,47,348457
2025-08-01T01:16:12.915670,Praterstern S U,47,348442
2025-08-01T01:16:12.915670,Praterstern S U,47,348407
2025-08-01T01:16:12.915670,Praterstern S U,47,348392
2025-08-01T01:16:12.915670,Praterstern S U,47,348044
2025-08-01T01:16:12.915670,Praterstern S U,47,348709
2025-08-01T01:16:12.915670,Rustengasse,11,345360
2025-08-01T01:16:12.915670,Rustengasse,11,346388
2025-08-01T01:16:12.915670,Rustengasse,11,346336
2025-08-01T01:16:12.915670,Rustengasse,11,346303
2025-08-01T01:16:12.915670,Rustengasse,11,346124
2025-08-01T01:16:12.915670,Rustengasse,11,346569
2025-08-01T01:16:12.915670,Rustengasse,11,347460
2025-08-01T01:16:12.915670,Rustengasse,11,347532
2025-08-01T01:16:12.915670,Rustengasse,11,348429
2025-08-01T01:16:12.915670,Rustengasse,11,348135
2025-08-01T01:16:12.915670,Rustengasse,11,348061
2025-08-01T01:16:12.915670,Heiligenstadt S U,22,345400
2025-08-01T01:16:12.915670,Heiligenstadt S U,22,345217
2025-08-01T01:16:12.915670,Heiligenstadt S U,22,346461
2025-08-01T01:16:12.915670,Heiligenstadt S U,22,346323
2025-08-01T01:16:12.915670,Heiligenstadt S U,22,346265
2025-08-01T01:16:12.915670,Heiligenstadt S U,22,346173
2025-08-01T01:16:12.915670,Heiligenstadt S U,22,346172
2025-08-01T01:16:12.915670,Heiligenstadt S U,22,346121
2025-08-01T01:16:12.915670,Heiligenstadt S U,22,346061
2025-08-01T01:16:12.915670,Heiligenstadt S U,22,346020
2025-08-01T01:16:12.915670,Heiligenstadt S U,22,347378
2025-08-01T01:16:12.915670,Heiligenstadt S U,22,347334
2025-08-01T01:16:12.915670,Heiligenstadt S U,22,347976
2025-08-01T01:16:12.915670,Heiligenstadt S U,22,347919
2025-08-01T01:16:12.915670,Heiligenstadt S U,22,347874
2025-08-01T01:16:12.915670,Heiligenstadt S U,22,347762
2025-08-01T01:16:12.915670,Heiligenstadt S U,22,347540
2025-08-01T01:16:12.915670,Heiligenstadt S U,22,348247
2025-08-01T01:16:12.915670,Heiligenstadt S U,22,348237
2025-08-01T01:16:12.915670,Heiligenstadt S U,22,348171
2025-08-01T01:16:12.915670,Heiligenstadt S U,22,348024
2025-08-01T01:16:12.915670,Heiligenstadt S U,22,348628
2025-08-01T01:16:12.915670,Hütteldorf  S U,22,345397
2025-08-01T01:16:12.915670,Hütteldorf  S U,22,345265
2025-08-01T01:16:12.915670,Hütteldorf  S U,22,345190
2025-08-01T01:16:12.915670,Hütteldorf  S U,22,345079
2025-08-01T01:16:12.915670,Hütteldorf  S U,22,345027
2025-08-01T01:16:12.915670,Hütteldorf  S U,22,345787
2025-08-01T01:16:12.915670,Hütteldorf  S U,22,345591
2025-08-01T01:16:12.915670,Hütteldorf  S U,22,346457
2025-08-01T01:16:12.915670,Hütteldorf  S U,22,346434
2025-08-01T01:16:12.915670,Hütteldorf  S U,22,346143
2025-08-01T01:16:12.915670,Hütteldorf  S U,22,346048
2025-08-01T01:16:12.915670,Hütteldorf  S U,22,346960
2025-08-01T01:16:12.915670,Hütteldorf  S U,22,346763
2025-08-01T01:16:12.915670,Hütteldorf  S U,22,346738
2025-08-01T01:16:12.915670,Hütteldorf  S U,22,346679
2025-08-01T01:16:12.915670,Hütteldorf  S U,22,347486
2025-08-01T01:16:12.915670,Hütteldorf  S U,22,347352
2025-08-01T01:16:12.915670,Hütteldorf  S U,22,347290
2025-08-01T01:16:12.915670,Hütteldorf  S U,22,347288
2025-08-01T01:16:12.915670,Hütteldorf  S U,22,347679
2025-08-01T01:16:12.915670,Hütteldorf  S U,22,347642
2025-08-01T01:16:12.915670,Hütteldorf  S U,22,348075
2025-08-01T01:16:12.915670,Hans-Mandl-Berufsschule,7,345379
2025-08-01T01:16:12.915670,Hans-Mandl-Berufsschule,7,345144
2025-08-01T01:16:12.915670,Hans-Mandl-Berufsschule,7,346190
2025-08-01T01:16:12.915670,Hans-Mandl-Berufsschule,7,347934
2025-08-01T01:16:12.915670,Hans-Mandl-Berufsschule,7,347678
2025-08-01T01:16:12.915670,Hans-Mandl-Berufsschule,7,348465
2025-08-01T01:16:12.915670,Hans-Mandl-Berufsschule,7,348235
2025-08-01T01:16:12.915670,Dänenstraße / BOKU,38,345283
2025-08-01T01:16:12.915670,Dänenstraße / BOKU,38,345111
2025-08-01T01:16:12.915670,Dänenstraße / BOKU,38,345961
2025-08-01T01:16:12.915670,Dänenstraße / BOKU,38,345924
2025-08-01T01:16:12.915670,Dänenstraße / BOKU,38,345795
2025-08-01T01:16:12.915670,Dänenstraße / BOKU,38,345726
2025-08-01T01:16:12.915670,Dänenstraße / BOKU,38,345624
2025-08-01T01:16:12.915670,Dänenstraße / BOKU,38,346279
2025-08-01T01:16:12.915670,Dänenstraße / BOKU,38,346242
2025-08-01T01:16:12.915670,Dänenstraße / BOKU,38,346145
2025-08-01T01:16:12.915670,Dänenstraße / BOKU,38,346086
2025-08-01T01:16:12.915670,Dänenstraße / BOKU,38,346078
2025-08-01T01:16:12.915670,Dänenstraße / BOKU,38,346855
2025-08-01T01:16:12.915670,Dänenstraße / BOKU,38,346774
2025-08-01T01:16:12.915670,Dänenstraße / BOKU,38,346707
2025-08-01T01:16:12.915670,Dänenstraße / BOKU,38,346641
2025-08-01T01:16:12.915670,Dänenstraße / BOKU,38,346606
2025-08-01T01:16:12.915670,Dänenstraße / BOKU,38,346605
2025-08-01T01:16:12.915670,Dänenstraße / BOKU,38,346524
2025-08-01T01:16:12.915670,Dänenstraße / BOKU,38,347425
2025-08-01T01:16:12.915670,Dänenstraße / BOKU,38,347289
2025-08-01T01:16:12.915670,Dänenstraße / BOKU,38,347269
2025-08-01T01:16:12.915670,Dänenstraße / BOKU,38,347098
2025-08-01T01:16:12.915670,Dänenstraße / BOKU,38,347004
2025-08-01T01:16:12.915670,Dänenstraße / BOKU,38,347963
2025-08-01T01:16:12.915670,Dänenstraße / BOKU,38,347675
2025-08-01T01:16:12.915670,Dänenstraße / BOKU,38,347664
2025-08-01T01:16:12.915670,Dänenstraße / BOKU,38,347584
2025-08-01T01:16:12.915670,Dänenstraße / BOKU,38,347502
2025-08-01T01:16:12.915670,Dänenstraße / BOKU,38,348460
2025-08-01T01:16:12.915670,Dänenstraße / BOKU,38,348341
2025-08-01T01:16:12.915670,Dänenstraße / BOKU,38,348313
2025-08-01T01:16:12.915670,Dänenstraße / BOKU,38,348248
2025-08-01T01:16:12.915670,Dänenstraße / BOKU,38,348176
2025-08-01T01:16:12.915670,Dänenstraße / BOKU,38,348078
2025-08-01T01:16:12.915670,Dänenstraße / BOKU,38,348706
2025-08-01T01:16:12.915670,Dänenstraße / BOKU,38,348683
2025-08-01T01:16:12.915670,Dänenstraße / BOKU,38,348542
2025-08-01T01:16:12.915670,Schloss Schönbrunn,24,345991
2025-08-01T01:16:12.915670,Schloss Schönbrunn,24,345878
2025-08-01T01:16:12.915670,Schloss Schönbrunn,24,345866
2025-08-01T01:16:12.915670,Schloss Schönbrunn,24,345768
2025-08-01T01:16:12.915670,Schloss Schönbrunn,24,345647
2025-08-01T01:16:12.915670,Schloss Schönbrunn,24,346330
2025-08-01T01:16:12.915670,Schloss Schönbrunn,24,346247
2025-08-01T01:16:12.915670,Schloss Schönbrunn,24,346187
2025-08-01T01:16:12.915670,Schloss Schönbrunn,24,346122
2025-08-01T01:16:12.915670,Schloss Schönbrunn,24,346039
2025-08-01T01:16:12.915670,Schloss Schönbrunn,24,346971
2025-08-01T01:16:12.915670,Schloss Schönbrunn,24,346940
2025-08-01T01:16:12.915670,Schloss Schönbrunn,24,347368
2025-08-01T01:16:12.915670,Schloss Schönbrunn,24,347308
2025-08-01T01:16:12.915670,Schloss Schönbrunn,24,347967
2025-08-01T01:16:12.915670,Schloss Schönbrunn,24,347947
2025-08-01T01:16:12.915670,Schloss Schönbrunn,24,347537
2025-08-01T01:16:12.915670,Schloss Schönbrunn,24,348467
2025-08-01T01:16:12.915670,Schloss Schönbrunn,24,348437
2025-08-01T01:16:12.915670,Schloss Schönbrunn,24,348435
2025-08-01T01:16:12.915670,Schloss Schönbrunn,24,348380
2025-08-01T01:16:12.915670,Schloss Schönbrunn,24,348275
2025-08-01T01:16:12.915670,Schloss Schönbrunn,24,348180
2025-08-01T01:16:12.915670,Schloss Schönbrunn,24,348000
2025-08-01T01:16:12.915670,Eslarngasse / Juchgasse,14,345469
2025-08-01T01:16:12.915670,Eslarngasse / Juchgasse,14,345291
2025-08-01T01:16:12.915670,Eslarngasse / Juchgasse,14,345091
2025-08-01T01:16:12.915670,Eslarngasse / Juchgasse,14,345610
2025-08-01T01:16:12.915670,Eslarngasse / Juchgasse,14,346206
2025-08-01T01:16:12.915670,Eslarngasse / Juchgasse,14,346147
2025-08-01T01:16:12.915670,Eslarngasse / Juchgasse,14,346746
2025-08-01T01:16:12.915670,Eslarngasse / Juchgasse,14,347465
2025-08-01T01:16:12.915670,Eslarngasse / Juchgasse,14,347283
2025-08-01T01:16:12.915670,Eslarngasse / Juchgasse,14,347276
2025-08-01T01:16:12.915670,Eslarngasse / Juchgasse,14,347961
2025-08-01T01:16:12.915670,Eslarngasse / Juchgasse,14,348193
2025-08-01T01:16:12.915670,Eslarngasse / Juchgasse,14,348072
2025-08-01T01:16:12.915670,Eslarngasse / Juchgasse,14,348633
2025-08-01T01:16:12.915670,Plößlgasse / Belvedere,14,345193
2025-08-01T01:16:12.915670,Plößlgasse / Belvedere,14,345109
2025-08-01T01:16:12.915670,Plößlgasse / Belvedere,14,345612
2025-08-01T01:16:12.915670,Plößlgasse / Belvedere,14,345602
2025-08-01T01:16:12.915670,Plößlgasse / Belvedere,14,346408
2025-08-01T01:16:12.915670,Plößlgasse / Belvedere,14,346369
2025-08-01T01:16:12.915670,Plößlgasse / Belvedere,14,346833
2025-08-01T01:16:12.915670,Plößlgasse / Belvedere,14,347323
2025-08-01T01:16:12.915670,Plößlgasse / Belvedere,14,347145
2025-08-01T01:16:12.915670,Plößlgasse / Belvedere,14,347034
2025-08-01T01:16:12.915670,Plößlgasse / Belvedere,14,347811
2025-08-01T01:16:12.915670,Plößlgasse / Belvedere,14,347727
2025-08-01T01:16:12.915670,Plößlgasse / Belvedere,14,348250
2025-08-01T01:16:12.915670,Plößlgasse / Belvedere,14,398715
2025-08-01T01:16:12.915670,Sankt-Elisabeth-Platz,16,345430
2025-08-01T01:16:12.915670,Sankt-Elisabeth-Platz,16,345303
2025-08-01T01:16:12.915670,Sankt-Elisabeth-Platz,16,345914
2025-08-01T01:16:12.915670,Sankt-Elisabeth-Platz,16,345547
2025-08-01T01:16:12.915670,Sankt-Elisabeth-Platz,16,346831
2025-08-01T01:16:12.915670,Sankt-Elisabeth-Platz,16,347468
2025-08-01T01:16:12.915670,Sankt-Elisabeth-Platz,16,347091
2025-08-01T01:16:12.915670,Sankt-Elisabeth-Platz,16,347085
2025-08-01T01:16:12.915670,Sankt-Elisabeth-Platz,16,347013
2025-08-01T01:16:12.915670,Sankt-Elisabeth-Platz,16,347889
2025-08-01T01:16:12.915670,Sankt-Elisabeth-Platz,16,347744
2025-08-01T01:16:12.915670,Sankt-Elisabeth-Platz,16,347632
2025-08-01T01:16:12.915670,Sankt-Elisabeth-Platz,16,347569
2025-08-01T01:16:12.915670,Sankt-Elisabeth-Platz,16,348468
2025-08-01T01:16:12.915670,Sankt-Elisabeth-Platz,16,348059
2025-08-01T01:16:12.915670,Sankt-Elisabeth-Platz,16,348554
2025-08-01T01:16:12.915670,Laudongasse / Schönbornpark,8,345407
2025-08-01T01:16:12.915670,Laudongasse / Schönbornpark,8,345928
2025-08-01T01:16:12.915670,Laudongasse / Schönbornpark,8,345901
2025-08-01T01:16:12.915670,Laudongasse / Schönbornpark,8,346016
2025-08-01T01:16:12.915670,Laudongasse / Schönbornpark,8,347273
2025-08-01T01:16:12.915670,Laudongasse / Schönbornpark,8,347831
2025-08-01T01:16:12.915670,Laudongasse / Schönbornpark,8,348483
2025-08-01T01:16:12.915670,Laudongasse / Schönbornpark,8,398721
2025-08-01T01:16:12.915670,Rossauer Lände U,11,346248
2025-08-01T01:16:12.915670,Rossauer Lände U,11,346205
2025-08-01T01:16:12.915670,Rossauer Lände U,11,346082
2025-08-01T01:16:12.915670,Rossauer Lände U,11,346065
2025-08-01T01:16:12.915670,Rossauer Lände U,11,346937
2025-08-01T01:16:12.915670,Rossauer Lände U,11,346927
2025-08-01T01:16:12.915670,Rossauer Lände U,11,346888
2025-08-01T01:16:12.915670,Rossauer Lände U,11,346845
2025-08-01T01:16:12.915670,Rossauer Lände U,11,347740
2025-08-01T01:16:12.915670,Rossauer Lände U,11,348398
2025-08-01T01:16:12.915670,Rossauer Lände U,11,348324
2025-08-01T01:16:12.915670,Lazarettgasse,20,345453
2025-08-01T01:16:12.915670,Lazarettgasse,20,345374
2025-08-01T01:16:12.915670,Lazarettgasse,20,345966
2025-08-01T01:16:12.915670,Lazarettgasse,20,345964
2025-08-01T01:16:12.915670,Lazarettgasse,20,345894
2025-08-01T01:16:12.915670,Lazarettgasse,20,345775
2025-08-01T01:16:12.915670,Lazarettgasse,20,345691
2025-08-01T01:16:12.915670,Lazarettgasse,20,345554
2025-08-01T01:16:12.915670,Lazarettgasse,20,346377
2025-08-01T01:16:12.915670,Lazarettgasse,20,346012
2025-08-01T01:16:12.915670,Lazarettgasse,20,346959
2025-08-01T01:16:12.915670,Lazarettgasse,20,346712
2025-08-01T01:16:12.915670,Lazarettgasse,20,347002
2025-08-01T01:16:12.915670,Lazarettgasse,20,347804
2025-08-01T01:16:12.915670,Lazarettgasse,20,347702
2025-08-01T01:16:12.915670,Lazarettgasse,20,347587
2025-08-01T01:16:12.915670,Lazarettgasse,20,347538
2025-08-01T01:16:12.915670,Lazarettgasse,20,348329
2025-08-01T01:16:12.915670,Lazarettgasse,20,348107
2025-08-01T01:16:12.915670,Lazarettgasse,20,348645
2025-08-01T01:16:12.915670,Edelsinnstraße,4,345194
2025-08-01T01:16:12.915670,Edelsinnstraße,4,346771
2025-08-01T01:16:12.915670,Edelsinnstraße,4,346761
2025-08-01T01:16:12.915670,Edelsinnstraße,4,347907
2025-08-01T01:16:12.915670,Karlsplatz U / TU Wien,2,347439
2025-08-01T01:16:12.915670,Karlsplatz U / TU Wien,2,347873
2025-08-01T01:16:12.915670,Amerlingstraße,1,347590
2025-08-01T01:16:12.915670,Albertgasse,13,345341
2025-08-01T01:16:12.915670,Albertgasse,13,345992
2025-08-01T01:16:12.915670,Albertgasse,13,346467
2025-08-01T01:16:12.915670,Albertgasse,13,346887
2025-08-01T01:16:12.915670,Albertgasse,13,346795
2025-08-01T01:16:12.915670,Albertgasse,13,346608
2025-08-01T01:16:12.915670,Albertgasse,13,346582
2025-08-01T01:16:12.915670,Albertgasse,13,346573
2025-08-01T01:16:12.915670,Albertgasse,13,347025
2025-08-01T01:16:12.915670,Albertgasse,13,348293
2025-08-01T01:16:12.915670,Albertgasse,13,348084
2025-08-01T01:16:12.915670,Albertgasse,13,348027
2025-08-01T01:16:12.915670,Albertgasse,13,348009
2025-08-01T01:16:12.915670,Universitätsring,1,347636
2025-08-01T01:16:12.915670,Sensengasse,6,345278
2025-08-01T01:16:12.915670,Sensengasse,6,346212
2025-08-01T01:16:12.915670,Sensengasse,6,346081
2025-08-01T01:16:12.915670,Sensengasse,6,346076
2025-08-01T01:16:12.915670,Sensengasse,6,346977
2025-08-01T01:16:12.915670,Sensengasse,6,348264
2025-08-01T01:16:12.915670,Belgradplatz,3,345585
2025-08-01T01:16:12.915670,Belgradplatz,3,348145
2025-08-01T01:16:12.915670,Belgradplatz,3,348665
2025-08-01T01:16:12.915670,Arbeitergasse - Gürtel,17,345031
2025-08-01T01:16:12.915670,Arbeitergasse - Gürtel,17,345843
2025-08-01T01:16:12.915670,Arbeitergasse - Gürtel,17,346481
2025-08-01T01:16:12.915670,Arbeitergasse - Gürtel,17,346194
2025-08-01T01:16:12.915670,Arbeitergasse - Gürtel,17,346773
2025-08-01T01:16:12.915670,Arbeitergasse - Gürtel,17,346674
2025-08-01T01:16:12.915670,Arbeitergasse - Gürtel,17,346661
2025-08-01T01:16:12.915670,Arbeitergasse - Gürtel,17,346517
2025-08-01T01:16:12.915670,Arbeitergasse - Gürtel,17,346513
2025-08-01T01:16:12.915670,Arbeitergasse - Gürtel,17,347251
2025-08-01T01:16:12.915670,Arbeitergasse - Gürtel,17,347139
2025-08-01T01:16:12.915670,Arbeitergasse - Gürtel,17,347787
2025-08-01T01:16:12.915670,Arbeitergasse - Gürtel,17,347755
2025-08-01T01:16:12.915670,Arbeitergasse - Gürtel,17,348362
2025-08-01T01:16:12.915670,Arbeitergasse - Gürtel,17,348607
2025-08-01T01:16:12.915670,Arbeitergasse - Gürtel,17,348556
2025-08-01T01:16:12.915670,Arbeitergasse - Gürtel,17,348516
2025-08-01T01:16:12.915670,Bauernfeldplatz / Palais Lichtenstein,18,345384
2025-08-01T01:16:12.915670,Bauernfeldplatz / Palais Lichtenstein,18,345250
2025-08-01T01:16:12.915670,Bauernfeldplatz / Palais Lichtenstein,18,345195
2025-08-01T01:16:12.915670,Bauernfeldplatz / Palais Lichtenstein,18,345045
2025-08-01T01:16:12.915670,Bauernfeldplatz / Palais Lichtenstein,18,345596
2025-08-01T01:16:12.915670,Bauernfeldplatz / Palais Lichtenstein,18,345563
2025-08-01T01:16:12.915670,Bauernfeldplatz / Palais Lichtenstein,18,345519
2025-08-01T01:16:12.915670,Bauernfeldplatz / Palais Lichtenstein,18,346249
2025-08-01T01:16:12.915670,Bauernfeldplatz / Palais Lichtenstein,18,346148
2025-08-01T01:16:12.915670,Bauernfeldplatz / Palais Lichtenstein,18,346750
2025-08-01T01:16:12.915670,Bauernfeldplatz / Palais Lichtenstein,18,346656
2025-08-01T01:16:12.915670,Bauernfeldplatz / Palais Lichtenstein,18,347487
2025-08-01T01:16:12.915670,Bauernfeldplatz / Palais Lichtenstein,18,347400
2025-08-01T01:16:12.915670,Bauernfeldplatz / Palais Lichtenstein,18,347820
2025-08-01T01:16:12.915670,Bauernfeldplatz / Palais Lichtenstein,18,347558
2025-08-01T01:16:12.915670,Bauernfeldplatz / Palais Lichtenstein,18,348232
2025-08-01T01:16:12.915670,Bauernfeldplatz / Palais Lichtenstein,18,348141
2025-08-01T01:16:12.915670,Bauernfeldplatz / Palais Lichtenstein,18,348055
2025-08-01T01:16:12.915670,Johannesgasse / Stadtpark,7,345935
2025-08-01T01:16:12.915670,Johannesgasse / Stadtpark,7,346363
2025-08-01T01:16:12.915670,Johannesgasse / Stadtpark,7,346316
2025-08-01T01:16:12.915670,Johannesgasse / Stadtpark,7,346071
2025-08-01T01:16:12.915670,Johannesgasse / Stadtpark,7,346816
2025-08-01T01:16:12.915670,Johannesgasse / Stadtpark,7,346618
2025-08-01T01:16:12.915670,Johannesgasse / Stadtpark,7,348112
2025-08-01T01:16:12.915670,Am Schöpfwerk U,14,345399
2025-08-01T01:16:12.915670,Am Schöpfwerk U,14,345321
2025-08-01T01:16:12.915670,Am Schöpfwerk U,14,345140
2025-08-01T01:16:12.915670,Am Schöpfwerk U,14,345885
2025-08-01T01:16:12.915670,Am Schöpfwerk U,14,346877
2025-08-01T01:16:12.915670,Am Schöpfwerk U,14,346852
2025-08-01T01:16:12.915670,Am Schöpfwerk U,14,346558
2025-08-01T01:16:12.915670,Am Schöpfwerk U,14,347459
2025-08-01T01:16:12.915670,Am Schöpfwerk U,14,347365
2025-08-01T01:16:12.915670,Am Schöpfwerk U,14,347213
2025-08-01T01:16:12.915670,Am Schöpfwerk U,14,347933
2025-08-01T01:16:12.915670,Am Schöpfwerk U,14,347825
2025-08-01T01:16:12.915670,Am Schöpfwerk U,14,398725
2025-08-01T01:16:12.915670,Am Schöpfwerk U,14,398724
2025-08-01T01:16:12.915670,Alserbachstraße,37,345287
2025-08-01T01:16:12.915670,Alserbachstraße,37,345233
2025-08-01T01:16:12.915670,Alserbachstraße,37,345196
2025-08-01T01:16:12.915670,Alserbachstraße,37,345131
2025-08-01T01:16:12.915670,Alserbachstraße,37,345071
2025-08-01T01:16:12.915670,Alserbachstraße,37,345989
2025-08-01T01:16:12.915670,Alserbachstraße,37,345932
2025-08-01T01:16:12.915670,Alserbachstraße,37,345815
2025-08-01T01:16:12.915670,Alserbachstraße,37,345717
2025-08-01T01:16:12.915670,Alserbachstraße,37,345674
2025-08-01T01:16:12.915670,Alserbachstraße,37,345650
2025-08-01T01:16:12.915670,Alserbachstraße,37,345589
2025-08-01T01:16:12.915670,Alserbachstraße,37,346338
2025-08-01T01:16:12.915670,Alserbachstraße,37,346085
2025-08-01T01:16:12.915670,Alserbachstraße,37,346041
2025-08-01T01:16:12.915670,Alserbachstraße,37,346953
2025-08-01T01:16:12.915670,Alserbachstraße,37,346883
2025-08-01T01:16:12.915670,Alserbachstraße,37,346860
2025-08-01T01:16:12.915670,Alserbachstraße,37,346814
2025-08-01T01:16:12.915670,Alserbachstraße,37,346749
2025-08-01T01:16:12.915670,Alserbachstraße,37,346621
2025-08-01T01:16:12.915670,Alserbachstraße,37,347467
2025-08-01T01:16:12.915670,Alserbachstraße,37,347241
2025-08-01T01:16:12.915670,Alserbachstraße,37,347122
2025-08-01T01:16:12.915670,Alserbachstraße,37,347003
2025-08-01T01:16:12.915670,Alserbachstraße,37,347931
2025-08-01T01:16:12.915670,Alserbachstraße,37,347869
2025-08-01T01:16:12.915670,Alserbachstraße,37,347535
2025-08-01T01:16:12.915670,Alserbachstraße,37,348431
2025-08-01T01:16:12.915670,Alserbachstraße,37,348426
2025-08-01T01:16:12.915670,Alserbachstraße,37,348159
2025-08-01T01:16:12.915670,Alserbachstraße,37,348143
2025-08-01T01:16:12.915670,Alserbachstraße,37,348016
2025-08-01T01:16:12.915670,Alserbachstraße,37,348004
2025-08-01T01:16:12.915670,Alserbachstraße,37,398738
2025-08-01T01:16:12.915670,Alserbachstraße,37,398718
2025-08-01T01:16:12.915670,Alserbachstraße,37,349025
2025-08-01T01:16:12.915670,Petrusgasse,23,345346
2025-08-01T01:16:12.915670,Petrusgasse,23,345849
2025-08-01T01:16:12.915670,Petrusgasse,23,345818
2025-08-01T01:16:12.915670,Petrusgasse,23,345570
2025-08-01T01:16:12.915670,Petrusgasse,23,346064
2025-08-01T01:16:12.915670,Petrusgasse,23,346037
2025-08-01T01:16:12.915670,Petrusgasse,23,346970
2025-08-01T01:16:12.915670,Petrusgasse,23,346969
2025-08-01T01:16:12.915670,Petrusgasse,23,346923
2025-08-01T01:16:12.915670,Petrusgasse,23,346858
2025-08-01T01:16:12.915670,Petrusgasse,23,346828
2025-08-01T01:16:12.915670,Petrusgasse,23,346680
2025-08-01T01:16:12.915670,Petrusgasse,23,347299
2025-08-01T01:16:12.915670,Petrusgasse,23,347863
2025-08-01T01:16:12.915670,Petrusgasse,23,347725
2025-08-01T01:16:12.915670,Petrusgasse,23,347683
2025-08-01T01:16:12.915670,Petrusgasse,23,347627
2025-08-01T01:16:12.915670,Petrusgasse,23,347557
2025-08-01T01:16:12.915670,Petrusgasse,23,347523
2025-08-01T01:16:12.915670,Petrusgasse,23,348449
2025-08-01T01:16:12.915670,Petrusgasse,23,348325
2025-08-01T01:16:12.915670,Petrusgasse,23,348137
2025-08-01T01:16:12.915670,Petrusgasse,23,348530
2025-08-01T01:16:12.915670,Wassergasse,7,346364
2025-08-01T01:16:12.915670,Wassergasse,7,346978
2025-08-01T01:16:12.915670,Wassergasse,7,347772
2025-08-01T01:16:12.915670,Wassergasse,7,348479
2025-08-01T01:16:12.915670,Wassergasse,7,348364
2025-08-01T01:16:12.915670,Wassergasse,7,348124
2025-08-01T01:16:12.915670,Wassergasse,7,348049
2025-08-01T01:16:12.915670,Löwengasse,18,345491
2025-08-01T01:16:12.915670,Löwengasse,18,345466
2025-08-01T01:16:12.915670,Löwengasse,18,345179
2025-08-01T01:16:12.915670,Löwengasse,18,345102
2025-08-01T01:16:12.915670,Löwengasse,18,345952
2025-08-01T01:16:12.915670,Löwengasse,18,345593
2025-08-01T01:16:12.915670,Löwengasse,18,346235
2025-08-01T01:16:12.915670,Löwengasse,18,346218
2025-08-01T01:16:12.915670,Löwengasse,18,346184
2025-08-01T01:16:12.915670,Löwengasse,18,346146
2025-08-01T01:16:12.915670,Löwengasse,18,346954
2025-08-01T01:16:12.915670,Löwengasse,18,346884
2025-08-01T01:16:12.915670,Löwengasse,18,347986
2025-08-01T01:16:12.915670,Löwengasse,18,347625
2025-08-01T01:16:12.915670,Löwengasse,18,348402
2025-08-01T01:16:12.915670,Löwengasse,18,348149
2025-08-01T01:16:12.915670,Löwengasse,18,348045
2025-08-01T01:16:12.915670,Löwengasse,18,348015
2025-08-01T01:16:12.915670,Kardinal-Nagl-Platz U,9,345590
2025-08-01T01:16:12.915670,Kardinal-Nagl-Platz U,9,346229
2025-08-01T01:16:12.915670,Kardinal-Nagl-Platz U,9,346984
2025-08-01T01:16:12.915670,Kardinal-Nagl-Platz U,9,347409
2025-08-01T01:16:12.915670,Kardinal-Nagl-Platz U,9,347143
2025-08-01T01:16:12.915670,Kardinal-Nagl-Platz U,9,347140
2025-08-01T01:16:12.915670,Kardinal-Nagl-Platz U,9,348397
2025-08-01T01:16:12.915670,Kardinal-Nagl-Platz U,9,348541
2025-08-01T01:16:12.915670,Kardinal-Nagl-Platz U,9,348877
2025-08-01T01:16:12.915670,Kärntner Ring,8,346842
2025-08-01T01:16:12.915670,Kärntner Ring,8,346624
2025-08-01T01:16:12.915670,Kärntner Ring,8,347454
2025-08-01T01:16:12.915670,Kärntner Ring,8,347281
2025-08-01T01:16:12.915670,Kärntner Ring,8,347261
2025-08-01T01:16:12.915670,Kärntner Ring,8,347223
2025-08-01T01:16:12.915670,Kärntner Ring,8,347051
2025-08-01T01:16:12.915670,Kärntner Ring,8,347028
2025-08-01T01:16:12.915670,Schottenring U,12,345440
2025-08-01T01:16:12.915670,Schottenring U,12,345167
2025-08-01T01:16:12.915670,Schottenring U,12,345129
2025-08-01T01:16:12.915670,Schottenring U,12,346416
2025-08-01T01:16:12.915670,Schottenring U,12,346414
2025-08-01T01:16:12.915670,Schottenring U,12,346925
2025-08-01T01:16:12.915670,Schottenring U,12,346644
2025-08-01T01:16:12.915670,Schottenring U,12,347186
2025-08-01T01:16:12.915670,Schottenring U,12,347018
2025-08-01T01:16:12.915670,Schottenring U,12,348244
2025-08-01T01:16:12.915670,Schottenring U,12,348711
2025-08-01T01:16:12.915670,Schottenring U,12,348656
2025-08-01T01:16:12.915670,Strozzigasse,4,345272
2025-08-01T01:16:12.915670,Strozzigasse,4,345008
2025-08-01T01:16:12.915670,Strozzigasse,4,348489
2025-08-01T01:16:12.915670,Strozzigasse,4,348071
2025-08-01T01:16:12.915670,Yppengasse,16,345313
2025-08-01T01:16:12.915670,Yppengasse,16,346381
2025-08-01T01:16:12.915670,Yppengasse,16,346835
2025-08-01T01:16:12.915670,Yppengasse,16,346714
2025-08-01T01:16:12.915670,Yppengasse,16,346660
2025-08-01T01:16:12.915670,Yppengasse,16,347472
2025-08-01T01:16:12.915670,Yppengasse,16,347354
2025-08-01T01:16:12.915670,Yppengasse,16,347196
2025-08-01T01:16:12.915670,Yppengasse,16,347092
2025-08-01T01:16:12.915670,Yppengasse,16,347011
2025-08-01T01:16:12.915670,Yppengasse,16,347738
2025-08-01T01:16:12.915670,Yppengasse,16,347598
2025-08-01T01:16:12.915670,Yppengasse,16,348415
2025-08-01T01:16:12.915670,Yppengasse,16,348691
2025-08-01T01:16:12.915670,Yppengasse,16,348522
2025-08-01T01:16:12.915670,Yppengasse,16,398722
2025-08-01T01:16:12.915670,Stefan-Fadinger-Platz,1,345555
2025-08-01T01:16:12.915670,Brünnlbadgasse,12,345897
2025-08-01T01:16:12.915670,Brünnlbadgasse,12,345562
2025-08-01T01:16:12.915670,Brünnlbadgasse,12,346454
2025-08-01T01:16:12.915670,Brünnlbadgasse,12,346733
2025-08-01T01:16:12.915670,Brünnlbadgasse,12,347466
2025-08-01T01:16:12.915670,Brünnlbadgasse,12,347348
2025-08-01T01:16:12.915670,Brünnlbadgasse,12,347259
2025-08-01T01:16:12.915670,Brünnlbadgasse,12,347966
2025-08-01T01:16:12.915670,Brünnlbadgasse,12,348312
2025-08-01T01:16:12.915670,Brünnlbadgasse,12,348560
2025-08-01T01:16:12.915670,Brünnlbadgasse,12,348547
2025-08-01T01:16:12.915670,Brünnlbadgasse,12,348518
2025-08-01T01:16:12.915670,Obere Augartenstraße,23,345480
2025-08-01T01:16:12.915670,Obere Augartenstraße,23,345417
2025-08-01T01:16:12.915670,Obere Augartenstraße,23,345348
2025-08-01T01:16:12.915670,Obere Augartenstraße,23,345156
2025-08-01T01:16:12.915670,Obere Augartenstraße,23,345152
2025-08-01T01:16:12.915670,Obere Augartenstraße,23,345148
2025-08-01T01:16:12.915670,Obere Augartenstraße,23,345983
2025-08-01T01:16:12.915670,Obere Augartenstraße,23,345663
2025-08-01T01:16:12.915670,Obere Augartenstraße,23,346499
2025-08-01T01:16:12.915670,Obere Augartenstraße,23,346293
2025-08-01T01:16:12.915670,Obere Augartenstraße,23,346006
2025-08-01T01:16:12.915670,Obere Augartenstraße,23,346885
2025-08-01T01:16:12.915670,Obere Augartenstraße,23,346631
2025-08-01T01:16:12.915670,Obere Augartenstraße,23,346628
2025-08-01T01:16:12.915670,Obere Augartenstraße,23,346610
2025-08-01T01:16:12.915670,Obere Augartenstraße,23,347284
2025-08-01T01:16:12.915670,Obere Augartenstraße,23,347641
2025-08-01T01:16:12.915670,Obere Augartenstraße,23,347628
2025-08-01T01:16:12.915670,Obere Augartenstraße,23,347542
2025-08-01T01:16:12.915670,Obere Augartenstraße,23,347506
2025-08-01T01:16:12.915670,Obere Augartenstraße,23,348280
2025-08-01T01:16:12.915670,Obere Augartenstraße,23,348202
2025-08-01T01:16:12.915670,Obere Augartenstraße,23,348606
2025-08-01T01:16:12.915670,Gußhausstraße / Argentinierstraße,3,346045
2025-08-01T01:16:12.915670,Gußhausstraße / Argentinierstraße,3,348355
2025-08-01T01:16:12.915670,Gußhausstraße / Argentinierstraße,3,348611
2025-08-01T01:16:12.915670,Marschallplatz,11,345777
2025-08-01T01:16:12.915670,Marschallplatz,11,345715
2025-08-01T01:16:12.915670,Marschallplatz,11,345646
2025-08-01T01:16:12.915670,Marschallplatz,11,346428
2025-08-01T01:16:12.915670,Marschallplatz,11,346401
2025-08-01T01:16:12.915670,Marschallplatz,11,346214
2025-08-01T01:16:12.915670,Marschallplatz,11,346142
2025-08-01T01:16:12.915670,Marschallplatz,11,346645
2025-08-01T01:16:12.915670,Marschallplatz,11,347950
2025-08-01T01:16:12.915670,Marschallplatz,11,348111
2025-08-01T01:16:12.915670,Marschallplatz,11,348676
2025-08-01T01:16:12.915670,Ober St. Veit U,17,345340
2025-08-01T01:16:12.915670,Ober St. Veit U,17,345249
2025-08-01T01:16:12.915670,Ober St. Veit U,17,345124
2025-08-01T01:16:12.915670,Ober St. Veit U,17,345772
2025-08-01T01:16:12.915670,Ober St. Veit U,17,345764
2025-08-01T01:16:12.915670,Ober St. Veit U,17,345617
2025-08-01T01:16:12.915670,Ober St. Veit U,17,346464
2025-08-01T01:16:12.915670,Ober St. Veit U,17,346441
2025-08-01T01:16:12.915670,Ober St. Veit U,17,346827
2025-08-01T01:16:12.915670,Ober St. Veit U,17,346732
2025-08-01T01:16:12.915670,Ober St. Veit U,17,346669
2025-08-01T01:16:12.915670,Ober St. Veit U,17,346599
2025-08-01T01:16:12.915670,Ober St. Veit U,17,347331
2025-08-01T01:16:12.915670,Ober St. Veit U,17,347123
2025-08-01T01:16:12.915670,Ober St. Veit U,17,347595
2025-08-01T01:16:12.915670,Ober St. Veit U,17,348622
2025-08-01T01:16:12.915670,Ober St. Veit U,17,348581
2025-08-01T01:16:12.915670,Auf der Schmelz,14,345496
2025-08-01T01:16:12.915670,Auf der Schmelz,14,345403
2025-08-01T01:16:12.915670,Auf der Schmelz,14,345304
2025-08-01T01:16:12.915670,Auf der Schmelz,14,345936
2025-08-01T01:16:12.915670,Auf der Schmelz,14,345872
2025-08-01T01:16:12.915670,Auf der Schmelz,14,345668
2025-08-01T01:16:12.915670,Auf der Schmelz,14,345564
2025-08-01T01:16:12.915670,Auf der Schmelz,14,346389
2025-08-01T01:16:12.915670,Auf der Schmelz,14,346376
2025-08-01T01:16:12.915670,Auf der Schmelz,14,346370
2025-08-01T01:16:12.915670,Auf der Schmelz,14,346673
2025-08-01T01:16:12.915670,Auf der Schmelz,14,346670
2025-08-01T01:16:12.915670,Auf der Schmelz,14,347009
2025-08-01T01:16:12.915670,Auf der Schmelz,14,347570
2025-08-01T01:16:12.915670,Grimmgasse,10,345251
2025-08-01T01:16:12.915670,Grimmgasse,10,345106
2025-08-01T01:16:12.915670,Grimmgasse,10,345719
2025-08-01T01:16:12.915670,Grimmgasse,10,345522
2025-08-01T01:16:12.915670,Grimmgasse,10,346745
2025-08-01T01:16:12.915670,Grimmgasse,10,347256
2025-08-01T01:16:12.915670,Grimmgasse,10,347192
2025-08-01T01:16:12.915670,Grimmgasse,10,347613
2025-08-01T01:16:12.915670,Grimmgasse,10,348388
2025-08-01T01:16:12.915670,Grimmgasse,10,348523
2025-08-01T01:16:12.915670,Parhamerplatz,22,345464
2025-08-01T01:16:12.915670,Parhamerplatz,22,345451
2025-08-01T01:16:12.915670,Parhamerplatz,22,345206
2025-08-01T01:16:12.915670,Parhamerplatz,22,345088
2025-08-01T01:16:12.915670,Parhamerplatz,22,345990
2025-08-01T01:16:12.915670,Parhamerplatz,22,345969
2025-08-01T01:16:12.915670,Parhamerplatz,22,345761
2025-08-01T01:16:12.915670,Parhamerplatz,22,346442
2025-08-01T01:16:12.915670,Parhamerplatz,22,346314
2025-08-01T01:16:12.915670,Parhamerplatz,22,346101
2025-08-01T01:16:12.915670,Parhamerplatz,22,346052
2025-08-01T01:16:12.915670,Parhamerplatz,22,346574
2025-08-01T01:16:12.915670,Parhamerplatz,22,347498
2025-08-01T01:16:12.915670,Parhamerplatz,22,347484
2025-08-01T01:16:12.915670,Parhamerplatz,22,347406
2025-08-01T01:16:12.915670,Parhamerplatz,22,347322
2025-08-01T01:16:12.915670,Parhamerplatz,22,347721
2025-08-01T01:16:12.915670,Parhamerplatz,22,348334
2025-08-01T01:16:12.915670,Parhamerplatz,22,348303
2025-08-01T01:16:12.915670,Parhamerplatz,22,348252
2025-08-01T01:16:12.915670,Parhamerplatz,22,348249
2025-08-01T01:16:12.915670,Parhamerplatz,22,348635
2025-08-01T01:16:12.915670,Kendlerstraße U,13,345462
2025-08-01T01:16:12.915670,Kendlerstraße U,13,345416
2025-08-01T01:16:12.915670,Kendlerstraße U,13,345931
2025-08-01T01:16:12.915670,Kendlerstraße U,13,345652
2025-08-01T01:16:12.915670,Kendlerstraße U,13,346340
2025-08-01T01:16:12.915670,Kendlerstraße U,13,346151
2025-08-01T01:16:12.915670,Kendlerstraße U,13,346837
2025-08-01T01:16:12.915670,Kendlerstraße U,13,346699
2025-08-01T01:16:12.915670,Kendlerstraße U,13,346549
2025-08-01T01:16:12.915670,Kendlerstraße U,13,347265
2025-08-01T01:16:12.915670,Kendlerstraße U,13,348155
2025-08-01T01:16:12.915670,Kendlerstraße U,13,348151
2025-08-01T01:16:12.915670,Kendlerstraße U,13,348130
2025-08-01T01:16:12.915670,Dornerplatz,13,345474
2025-08-01T01:16:12.915670,Dornerplatz,13,345317
2025-08-01T01:16:12.915670,Dornerplatz,13,345729
2025-08-01T01:16:12.915670,Dornerplatz,13,345628
2025-08-01T01:16:12.915670,Dornerplatz,13,346080
2025-08-01T01:16:12.915670,Dornerplatz,13,346981
2025-08-01T01:16:12.915670,Dornerplatz,13,346863
2025-08-01T01:16:12.915670,Dornerplatz,13,346731
2025-08-01T01:16:12.915670,Dornerplatz,13,346504
2025-08-01T01:16:12.915670,Dornerplatz,13,347435
2025-08-01T01:16:12.915670,Dornerplatz,13,347317
2025-08-01T01:16:12.915670,Dornerplatz,13,347074
2025-08-01T01:16:12.915670,Dornerplatz,13,348421
2025-08-01T01:16:12.915670,Hernals S,15,345358
2025-08-01T01:16:12.915670,Hernals S,15,345294
2025-08-01T01:16:12.915670,Hernals S,15,345830
2025-08-01T01:16:12.915670,Hernals S,15,345755
2025-08-01T01:16:12.915670,Hernals S,15,345669
2025-08-01T01:16:12.915670,Hernals S,15,346462
2025-08-01T01:16:12.915670,Hernals S,15,346204
2025-08-01T01:16:12.915670,Hernals S,15,346529
2025-08-01T01:16:12.915670,Hernals S,15,347280
2025-08-01T01:16:12.915670,Hernals S,15,347203
2025-08-01T01:16:12.915670,Hernals S,15,347943
2025-08-01T01:16:12.915670,Hernals S,15,347793
2025-08-01T01:16:12.915670,Hernals S,15,347672
2025-08-01T01:16:12.915670,Hernals S,15,347670
2025-08-01T01:16:12.915670,Hernals S,15,348590
2025-08-01T01:16:12.915670,Schmelzbrücke,18,345388
2025-08-01T01:16:12.915670,Schmelzbrücke,18,345307
2025-08-01T01:16:12.915670,Schmelzbrücke,18,345903
2025-08-01T01:16:12.915670,Schmelzbrücke,18,346131
2025-08-01T01:16:12.915670,Schmelzbrücke,18,346068
2025-08-01T01:16:12.915670,Schmelzbrücke,18,346051
2025-08-01T01:16:12.915670,Schmelzbrücke,18,346649
2025-08-01T01:16:12.915670,Schmelzbrücke,18,346632
2025-08-01T01:16:12.915670,Schmelzbrücke,18,347442
2025-08-01T01:16:12.915670,Schmelzbrücke,18,347163
2025-08-01T01:16:12.915670,Schmelzbrücke,18,347562
2025-08-01T01:16:12.915670,Schmelzbrücke,18,348297
2025-08-01T01:16:12.915670,Schmelzbrücke,18,348269
2025-08-01T01:16:12.915670,Schmelzbrücke,18,348166
2025-08-01T01:16:12.915670,Schmelzbrücke,18,348161
2025-08-01T01:16:12.915670,Schmelzbrücke,18,348088
2025-08-01T01:16:12.915670,Schmelzbrücke,18,348029
2025-08-01T01:16:12.915670,Schmelzbrücke,18,348621
2025-08-01T01:16:12.915670,Michelbeuern-AKH U,14,345011
2025-08-01T01:16:12.915670,Michelbeuern-AKH U,14,345884
2025-08-01T01:16:12.915670,Michelbeuern-AKH U,14,345880
2025-08-01T01:16:12.915670,Michelbeuern-AKH U,14,345814
2025-08-01T01:16:12.915670,Michelbeuern-AKH U,14,345769
2025-08-01T01:16:12.915670,Michelbeuern-AKH U,14,345631
2025-08-01T01:16:12.915670,Michelbeuern-AKH U,14,346991
2025-08-01T01:16:12.915670,Michelbeuern-AKH U,14,346808
2025-08-01T01:16:12.915670,Michelbeuern-AKH U,14,346689
2025-08-01T01:16:12.915670,Michelbeuern-AKH U,14,346586
2025-08-01T01:16:12.915670,Michelbeuern-AKH U,14,347440
2025-08-01T01:16:12.915670,Michelbeuern-AKH U,14,347210
2025-08-01T01:16:12.915670,Michelbeuern-AKH U,14,347928
2025-08-01T01:16:12.915670,Michelbeuern-AKH U,14,348057
2025-08-01T01:16:12.915670,Johann-Nepomuk-Vogl-Platz,12,345427
2025-08-01T01:16:12.915670,Johann-Nepomuk-Vogl-Platz,12,345582
2025-08-01T01:16:12.915670,Johann-Nepomuk-Vogl-Platz,12,346129
2025-08-01T01:16:12.915670,Johann-Nepomuk-Vogl-Platz,12,346930
2025-08-01T01:16:12.915670,Johann-Nepomuk-Vogl-Platz,12,346794
2025-08-01T01:16:12.915670,Johann-Nepomuk-Vogl-Platz,12,346595
2025-08-01T01:16:12.915670,Johann-Nepomuk-Vogl-Platz,12,346577
2025-08-01T01:16:12.915670,Johann-Nepomuk-Vogl-Platz,12,347474
2025-08-01T01:16:12.915670,Johann-Nepomuk-Vogl-Platz,12,347455
2025-08-01T01:16:12.915670,Johann-Nepomuk-Vogl-Platz,12,347133
2025-08-01T01:16:12.915670,Johann-Nepomuk-Vogl-Platz,12,347887
2025-08-01T01:16:12.915670,Johann-Nepomuk-Vogl-Platz,12,398733
2025-08-01T01:16:12.915670,Mayerhofgasse,6,345242
2025-08-01T01:16:12.915670,Mayerhofgasse,6,345941
2025-08-01T01:16:12.915670,Mayerhofgasse,6,346332
2025-08-01T01:16:12.915670,Mayerhofgasse,6,347430
2025-08-01T01:16:12.915670,Mayerhofgasse,6,347382
2025-08-01T01:16:12.915670,Mayerhofgasse,6,348233
2025-08-01T01:16:12.915670,Vorgartenstraße U,29,345326
2025-08-01T01:16:12.915670,Vorgartenstraße U,29,345246
2025-08-01T01:16:12.915670,Vorgartenstraße U,29,345077
2025-08-01T01:16:12.915670,Vorgartenstraße U,29,345019
2025-08-01T01:16:12.915670,Vorgartenstraße U,29,345957
2025-08-01T01:16:12.915670,Vorgartenstraße U,29,345953
2025-08-01T01:16:12.915670,Vorgartenstraße U,29,345781
2025-08-01T01:16:12.915670,Vorgartenstraße U,29,346421
2025-08-01T01:16:12.915670,Vorgartenstraße U,29,346362
2025-08-01T01:16:12.915670,Vorgartenstraße U,29,346252
2025-08-01T01:16:12.915670,Vorgartenstraße U,29,346175
2025-08-01T01:16:12.915670,Vorgartenstraße U,29,346057
2025-08-01T01:16:12.915670,Vorgartenstraße U,29,346943
2025-08-01T01:16:12.915670,Vorgartenstraße U,29,346752
2025-08-01T01:16:12.915670,Vorgartenstraße U,29,346719
2025-08-01T01:16:12.915670,Vorgartenstraße U,29,347147
2025-08-01T01:16:12.915670,Vorgartenstraße U,29,347054
2025-08-01T01:16:12.915670,Vorgartenstraße U,29,347951
2025-08-01T01:16:12.915670,Vorgartenstraße U,29,347736
2025-08-01T01:16:12.915670,Vorgartenstraße U,29,347607
2025-08-01T01:16:12.915670,Vorgartenstraße U,29,348326
2025-08-01T01:16:12.915670,Vorgartenstraße U,29,348318
2025-08-01T01:16:12.915670,Vorgartenstraße U,29,348276
2025-08-01T01:16:12.915670,Vorgartenstraße U,29,348185
2025-08-01T01:16:12.915670,Vorgartenstraße U,29,348109
2025-08-01T01:16:12.915670,Vorgartenstraße U,29,348095
2025-08-01T01:16:12.915670,Vorgartenstraße U,29,348022
2025-08-01T01:16:12.915670,Vorgartenstraße U,29,348601
2025-08-01T01:16:12.915670,Vorgartenstraße U,29,348594
2025-08-01T01:16:12.915670,Krieau U,26,345275
2025-08-01T01:16:12.915670,Krieau U,26,345978
2025-08-01T01:16:12.915670,Krieau U,26,345858
2025-08-01T01:16:12.915670,Krieau U,26,345746
2025-08-01T01:16:12.915670,Krieau U,26,346135
2025-08-01T01:16:12.915670,Krieau U,26,346942
2025-08-01T01:16:12.915670,Krieau U,26,346889
2025-08-01T01:16:12.915670,Krieau U,26,346785
2025-08-01T01:16:12.915670,Krieau U,26,346531
2025-08-01T01:16:12.915670,Krieau U,26,346512
2025-08-01T01:16:12.915670,Krieau U,26,347346
2025-08-01T01:16:12.915670,Krieau U,26,347343
2025-08-01T01:16:12.915670,Krieau U,26,347264
2025-08-01T01:16:12.915670,Krieau U,26,347227
2025-08-01T01:16:12.915670,Krieau U,26,347120
2025-08-01T01:16:12.915670,Krieau U,26,347896
2025-08-01T01:16:12.915670,Krieau U,26,347580
2025-08-01T01:16:12.915670,Krieau U,26,347507
2025-08-01T01:16:12.915670,Krieau U,26,348463
2025-08-01T01:16:12.915670,Krieau U,26,348448
2025-08-01T01:16:12.915670,Krieau U,26,348230
2025-08-01T01:16:12.915670,Krieau U,26,348140
2025-08-01T01:16:12.915670,Krieau U,26,348122
2025-08-01T01:16:12.915670,Krieau U,26,348669
2025-08-01T01:16:12.915670,Krieau U,26,348615
2025-08-01T01:16:12.915670,Krieau U,26,348593
2025-08-01T01:16:12.915670,Ottakring S U,25,345208
2025-08-01T01:16:12.915670,Ottakring S U,25,345855
2025-08-01T01:16:12.915670,Ottakring S U,25,345747
2025-08-01T01:16:12.915670,Ottakring S U,25,345716
2025-08-01T01:16:12.915670,Ottakring S U,25,346305
2025-08-01T01:16:12.915670,Ottakring S U,25,346107
2025-08-01T01:16:12.915670,Ottakring S U,25,346989
2025-08-01T01:16:12.915670,Ottakring S U,25,346856
2025-08-01T01:16:12.915670,Ottakring S U,25,346797
2025-08-01T01:16:12.915670,Ottakring S U,25,346780
2025-08-01T01:16:12.915670,Ottakring S U,25,347316
2025-08-01T01:16:12.915670,Ottakring S U,25,347224
2025-08-01T01:16:12.915670,Ottakring S U,25,347107
2025-08-01T01:16:12.915670,Ottakring S U,25,347046
2025-08-01T01:16:12.915670,Ottakring S U,25,347010
2025-08-01T01:16:12.915670,Ottakring S U,25,347007
2025-08-01T01:16:12.915670,Ottakring S U,25,347006
2025-08-01T01:16:12.915670,Ottakring S U,25,347778
2025-08-01T01:16:12.915670,Ottakring S U,25,347693
2025-08-01T01:16:12.915670,Ottakring S U,25,348277
2025-08-01T01:16:12.915670,Ottakring S U,25,348118
2025-08-01T01:16:12.915670,Ottakring S U,25,348012
2025-08-01T01:16:12.915670,Ottakring S U,25,348708
2025-08-01T01:16:12.915670,Ottakring S U,25,348588
2025-08-01T01:16:12.915670,Ottakring S U,25,348569
2025-08-01T01:16:12.915670,Hartmanngasse ,34,345471
2025-08-01T01:16:12.915670,Hartmanngasse ,34,345367
2025-08-01T01:16:12.915670,Hartmanngasse ,34,345364
2025-08-01T01:16:12.915670,Hartmanngasse ,34,345306
2025-08-01T01:16:12.915670,Hartmanngasse ,34,345281
2025-08-01T01:16:12.915670,Hartmanngasse ,34,345888
2025-08-01T01:16:12.915670,Hartmanngasse ,34,345766
2025-08-01T01:16:12.915670,Hartmanngasse ,34,345702
2025-08-01T01:16:12.915670,Hartmanngasse ,34,346487
2025-08-01T01:16:12.915670,Hartmanngasse ,34,346410
2025-08-01T01:16:12.915670,Hartmanngasse ,34,346400
2025-08-01T01:16:12.915670,Hartmanngasse ,34,346398
2025-08-01T01:16:12.915670,Hartmanngasse ,34,346245
2025-08-01T01:16:12.915670,Hartmanngasse ,34,346240
2025-08-01T01:16:12.915670,Hartmanngasse ,34,346100
2025-08-01T01:16:12.915670,Hartmanngasse ,34,346044
2025-08-01T01:16:12.915670,Hartmanngasse ,34,346890
2025-08-01T01:16:12.915670,Hartmanngasse ,34,346815
2025-08-01T01:16:12.915670,Hartmanngasse ,34,346523
2025-08-01T01:16:12.915670,Hartmanngasse ,34,347119
2025-08-01T01:16:12.915670,Hartmanngasse ,34,347101
2025-08-01T01:16:12.915670,Hartmanngasse ,34,347096
2025-08-01T01:16:12.915670,Hartmanngasse ,34,347094
2025-08-01T01:16:12.915670,Hartmanngasse ,34,347915
2025-08-01T01:16:12.915670,Hartmanngasse ,34,347566
2025-08-01T01:16:12.915670,Hartmanngasse ,34,348445
2025-08-01T01:16:12.915670,Hartmanngasse ,34,348344
2025-08-01T01:16:12.915670,Hartmanngasse ,34,348328
2025-08-01T01:16:12.915670,Hartmanngasse ,34,348270
2025-08-01T01:16:12.915670,Hartmanngasse ,34,348223
2025-08-01T01:16:12.915670,Hartmanngasse ,34,348191
2025-08-01T01:16:12.915670,Hartmanngasse ,34,348153
2025-08-01T01:16:12.915670,Hartmanngasse ,34,348658
2025-08-01T01:16:12.915670,Hartmanngasse ,34,398731
2025-08-01T01:16:12.915670,Messe-Prater U,12,345223
2025-08-01T01:16:12.915670,Messe-Prater U,12,345541
2025-08-01T01:16:12.915670,Messe-Prater U,12,345512
2025-08-01T01:16:12.915670,Messe-Prater U,12,346490
2025-08-01T01:16:12.915670,Messe-Prater U,12,346367
2025-08-01T01:16:12.915670,Messe-Prater U,12,346277
2025-08-01T01:16:12.915670,Messe-Prater U,12,347362
2025-08-01T01:16:12.915670,Messe-Prater U,12,347297
2025-08-01T01:16:12.915670,Messe-Prater U,12,347285
2025-08-01T01:16:12.915670,Messe-Prater U,12,347088
2025-08-01T01:16:12.915670,Messe-Prater U,12,347936
2025-08-01T01:16:12.915670,Messe-Prater U,12,348651
2025-08-01T01:16:12.915670,Loquaiplatz,12,345345
2025-08-01T01:16:12.915670,Loquaiplatz,12,345319
2025-08-01T01:16:12.915670,Loquaiplatz,12,345164
2025-08-01T01:16:12.915670,Loquaiplatz,12,345997
2025-08-01T01:16:12.915670,Loquaiplatz,12,345934
2025-08-01T01:16:12.915670,Loquaiplatz,12,346458
2025-08-01T01:16:12.915670,Loquaiplatz,12,346099
2025-08-01T01:16:12.915670,Loquaiplatz,12,347330
2025-08-01T01:16:12.915670,Loquaiplatz,12,347663
2025-08-01T01:16:12.915670,Loquaiplatz,12,347653
2025-08-01T01:16:12.915670,Loquaiplatz,12,348285
2025-08-01T01:16:12.915670,Loquaiplatz,12,348695
2025-08-01T01:16:12.915670,Rosensteingasse,7,345302
2025-08-01T01:16:12.915670,Rosensteingasse,7,345531
2025-08-01T01:16:12.915670,Rosensteingasse,7,345511
2025-08-01T01:16:12.915670,Rosensteingasse,7,346019
2025-08-01T01:16:12.915670,Rosensteingasse,7,347667
2025-08-01T01:16:12.915670,Rosensteingasse,7,348491
2025-08-01T01:16:12.915670,Rosensteingasse,7,348077
2025-08-01T01:16:12.915670,Gumpendorfer Gürtel,15,345108
2025-08-01T01:16:12.915670,Gumpendorfer Gürtel,15,345981
2025-08-01T01:16:12.915670,Gumpendorfer Gürtel,15,345837
2025-08-01T01:16:12.915670,Gumpendorfer Gürtel,15,345509
2025-08-01T01:16:12.915670,Gumpendorfer Gürtel,15,346239
2025-08-01T01:16:12.915670,Gumpendorfer Gürtel,15,346829
2025-08-01T01:16:12.915670,Gumpendorfer Gürtel,15,346805
2025-08-01T01:16:12.915670,Gumpendorfer Gürtel,15,346720
2025-08-01T01:16:12.915670,Gumpendorfer Gürtel,15,347328
2025-08-01T01:16:12.915670,Gumpendorfer Gürtel,15,347014
2025-08-01T01:16:12.915670,Gumpendorfer Gürtel,15,347706
2025-08-01T01:16:12.915670,Gumpendorfer Gürtel,15,347551
2025-08-01T01:16:12.915670,Gumpendorfer Gürtel,15,348481
2025-08-01T01:16:12.915670,Gumpendorfer Gürtel,15,348310
2025-08-01T01:16:12.915670,Gumpendorfer Gürtel,15,348037
2025-08-01T01:16:12.915670,Hanusch Krankenhaus,7,345406
2025-08-01T01:16:12.915670,Hanusch Krankenhaus,7,345361
2025-08-01T01:16:12.915670,Hanusch Krankenhaus,7,345736
2025-08-01T01:16:12.915670,Hanusch Krankenhaus,7,346985
2025-08-01T01:16:12.915670,Hanusch Krankenhaus,7,346862
2025-08-01T01:16:12.915670,Hanusch Krankenhaus,7,347711
2025-08-01T01:16:12.915670,Hanusch Krankenhaus,7,348298
2025-08-01T01:16:12.915670,Westbahnhof S U / Gerstnerstraße,15,345282
2025-08-01T01:16:12.915670,Westbahnhof S U / Gerstnerstraße,15,345115
2025-08-01T01:16:12.915670,Westbahnhof S U / Gerstnerstraße,15,345960
2025-08-01T01:16:12.915670,Westbahnhof S U / Gerstnerstraße,15,345828
2025-08-01T01:16:12.915670,Westbahnhof S U / Gerstnerstraße,15,345820
2025-08-01T01:16:12.915670,Westbahnhof S U / Gerstnerstraße,15,345638
2025-08-01T01:16:12.915670,Westbahnhof S U / Gerstnerstraße,15,346448
2025-08-01T01:16:12.915670,Westbahnhof S U / Gerstnerstraße,15,346419
2025-08-01T01:16:12.915670,Westbahnhof S U / Gerstnerstraße,15,346236
2025-08-01T01:16:12.915670,Westbahnhof S U / Gerstnerstraße,15,346178
2025-08-01T01:16:12.915670,Westbahnhof S U / Gerstnerstraße,15,346506
2025-08-01T01:16:12.915670,Westbahnhof S U / Gerstnerstraße,15,347237
2025-08-01T01:16:12.915670,Westbahnhof S U / Gerstnerstraße,15,347891
2025-08-01T01:16:12.915670,Westbahnhof S U / Gerstnerstraße,15,347524
2025-08-01T01:16:12.915670,Westbahnhof S U / Gerstnerstraße,15,348227
2025-08-01T01:16:12.915670,Wieningerplatz,12,345181
2025-08-01T01:16:12.915670,Wieningerplatz,12,345946
2025-08-01T01:16:12.915670,Wieningerplatz,12,346449
2025-08-01T01:16:12.915670,Wieningerplatz,12,346327
2025-08-01T01:16:12.915670,Wieningerplatz,12,346244
2025-08-01T01:16:12.915670,Wieningerplatz,12,346976
2025-08-01T01:16:12.915670,Wieningerplatz,12,346948
2025-08-01T01:16:12.915670,Wieningerplatz,12,346834
2025-08-01T01:16:12.915670,Wieningerplatz,12,346650
2025-08-01T01:16:12.915670,Wieningerplatz,12,346648
2025-08-01T01:16:12.915670,Wieningerplatz,12,347808
2025-08-01T01:16:12.915670,Wieningerplatz,12,348157
2025-08-01T01:16:12.915670,Markgraf-Rüdiger Straße,6,345204
2025-08-01T01:16:12.915670,Markgraf-Rüdiger Straße,6,345665
2025-08-01T01:16:12.915670,Markgraf-Rüdiger Straße,6,346516
2025-08-01T01:16:12.915670,Markgraf-Rüdiger Straße,6,347180
2025-08-01T01:16:12.915670,Markgraf-Rüdiger Straße,6,347534
2025-08-01T01:16:12.915670,Markgraf-Rüdiger Straße,6,348333
2025-08-01T01:16:12.915670,Plunkergasse,22,345489
2025-08-01T01:16:12.915670,Plunkergasse,22,345410
2025-08-01T01:16:12.915670,Plunkergasse,22,345186
2025-08-01T01:16:12.915670,Plunkergasse,22,345908
2025-08-01T01:16:12.915670,Plunkergasse,22,345688
2025-08-01T01:16:12.915670,Plunkergasse,22,346446
2025-08-01T01:16:12.915670,Plunkergasse,22,346243
2025-08-01T01:16:12.915670,Plunkergasse,22,346021
2025-08-01T01:16:12.915670,Plunkergasse,22,346916
2025-08-01T01:16:12.915670,Plunkergasse,22,346616
2025-08-01T01:16:12.915670,Plunkergasse,22,346575
2025-08-01T01:16:12.915670,Plunkergasse,22,346548
2025-08-01T01:16:12.915670,Plunkergasse,22,347250
2025-08-01T01:16:12.915670,Plunkergasse,22,347216
2025-08-01T01:16:12.915670,Plunkergasse,22,347093
2025-08-01T01:16:12.915670,Plunkergasse,22,347080
2025-08-01T01:16:12.915670,Plunkergasse,22,347030
2025-08-01T01:16:12.915670,Plunkergasse,22,347751
2025-08-01T01:16:12.915670,Plunkergasse,22,348475
2025-08-01T01:16:12.915670,Plunkergasse,22,348440
2025-08-01T01:16:12.915670,Plunkergasse,22,348219
2025-08-01T01:16:12.915670,Plunkergasse,22,348085
2025-08-01T01:16:12.915670,Selzergasse,11,345415
2025-08-01T01:16:12.915670,Selzergasse,11,345412
2025-08-01T01:16:12.915670,Selzergasse,11,345722
2025-08-01T01:16:12.915670,Selzergasse,11,345513
2025-08-01T01:16:12.915670,Selzergasse,11,346139
2025-08-01T01:16:12.915670,Selzergasse,11,346058
2025-08-01T01:16:12.915670,Selzergasse,11,346024
2025-08-01T01:16:12.915670,Selzergasse,11,346676
2025-08-01T01:16:12.915670,Selzergasse,11,347521
2025-08-01T01:16:12.915670,Selzergasse,11,348485
2025-08-01T01:16:12.915670,Selzergasse,11,348060
2025-08-01T01:16:12.915670,Westbahnhof S U / Felberstraße,31,345372
2025-08-01T01:16:12.915670,Westbahnhof S U / Felberstraße,31,345266
2025-08-01T01:16:12.915670,Westbahnhof S U / Felberstraße,31,345229
2025-08-01T01:16:12.915670,Westbahnhof S U / Felberstraße,31,345201
2025-08-01T01:16:12.915670,Westbahnhof S U / Felberstraße,31,345116
2025-08-01T01:16:12.915670,Westbahnhof S U / Felberstraße,31,345080
2025-08-01T01:16:12.915670,Westbahnhof S U / Felberstraße,31,345967
2025-08-01T01:16:12.915670,Westbahnhof S U / Felberstraße,31,345902
2025-08-01T01:16:12.915670,Westbahnhof S U / Felberstraße,31,345879
2025-08-01T01:16:12.915670,Westbahnhof S U / Felberstraße,31,345520
2025-08-01T01:16:12.915670,Westbahnhof S U / Felberstraße,31,345508
2025-08-01T01:16:12.915670,Westbahnhof S U / Felberstraße,31,346241
2025-08-01T01:16:12.915670,Westbahnhof S U / Felberstraße,31,346189
2025-08-01T01:16:12.915670,Westbahnhof S U / Felberstraße,31,346049
2025-08-01T01:16:12.915670,Westbahnhof S U / Felberstraße,31,346983
2025-08-01T01:16:12.915670,Westbahnhof S U / Felberstraße,31,346542
2025-08-01T01:16:12.915670,Westbahnhof S U / Felberstraße,31,347391
2025-08-01T01:16:12.915670,Westbahnhof S U / Felberstraße,31,347228
2025-08-01T01:16:12.915670,Westbahnhof S U / Felberstraße,31,347182
2025-08-01T01:16:12.915670,Westbahnhof S U / Felberstraße,31,347142
2025-08-01T01:16:12.915670,Westbahnhof S U / Felberstraße,31,347879
2025-08-01T01:16:12.915670,Westbahnhof S U / Felberstraße,31,347656
2025-08-01T01:16:12.915670,Westbahnhof S U / Felberstraße,31,347617
2025-08-01T01:16:12.915670,Westbahnhof S U / Felberstraße,31,347616
2025-08-01T01:16:12.915670,Westbahnhof S U / Felberstraße,31,348393
2025-08-01T01:16:12.915670,Westbahnhof S U / Felberstraße,31,348184
2025-08-01T01:16:12.915670,Westbahnhof S U / Felberstraße,31,348110
2025-08-01T01:16:12.915670,Westbahnhof S U / Felberstraße,31,348076
2025-08-01T01:16:12.915670,Westbahnhof S U / Felberstraße,31,348074
2025-08-01T01:16:12.915670,Westbahnhof S U / Felberstraße,31,348067
2025-08-01T01:16:12.915670,Westbahnhof S U / Felberstraße,31,348696
2025-08-01T01:16:12.915670,Kundratstraße,1,348610
2025-08-01T01:16:12.915670,Arthaberplatz,21,345255
2025-08-01T01:16:12.915670,Arthaberplatz,21,345072
2025-08-01T01:16:12.915670,Arthaberplatz,21,345051
2025-08-01T01:16:12.915670,Arthaberplatz,21,345835
2025-08-01T01:16:12.915670,Arthaberplatz,21,345773
2025-08-01T01:16:12.915670,Arthaberplatz,21,345758
2025-08-01T01:16:12.915670,Arthaberplatz,21,345553
2025-08-01T01:16:12.915670,Arthaberplatz,21,346430
2025-08-01T01:16:12.915670,Arthaberplatz,21,346615
2025-08-01T01:16:12.915670,Arthaberplatz,21,347208
2025-08-01T01:16:12.915670,Arthaberplatz,21,347154
2025-08-01T01:16:12.915670,Arthaberplatz,21,347807
2025-08-01T01:16:12.915670,Arthaberplatz,21,347698
2025-08-01T01:16:12.915670,Arthaberplatz,21,347668
2025-08-01T01:16:12.915670,Arthaberplatz,21,347647
2025-08-01T01:16:12.915670,Arthaberplatz,21,348315
2025-08-01T01:16:12.915670,Arthaberplatz,21,348136
2025-08-01T01:16:12.915670,Arthaberplatz,21,348036
2025-08-01T01:16:12.915670,Arthaberplatz,21,348021
2025-08-01T01:16:12.915670,Arthaberplatz,21,348688
2025-08-01T01:16:12.915670,Arthaberplatz,21,348579
2025-08-01T01:16:12.915670,Karmeliterplatz,21,345305
2025-08-01T01:16:12.915670,Karmeliterplatz,21,345012
2025-08-01T01:16:12.915670,Karmeliterplatz,21,345826
2025-08-01T01:16:12.915670,Karmeliterplatz,21,345622
2025-08-01T01:16:12.915670,Karmeliterplatz,21,345588
2025-08-01T01:16:12.915670,Karmeliterplatz,21,345542
2025-08-01T01:16:12.915670,Karmeliterplatz,21,346450
2025-08-01T01:16:12.915670,Karmeliterplatz,21,346237
2025-08-01T01:16:12.915670,Karmeliterplatz,21,346208
2025-08-01T01:16:12.915670,Karmeliterplatz,21,346003
2025-08-01T01:16:12.915670,Karmeliterplatz,21,346966
2025-08-01T01:16:12.915670,Karmeliterplatz,21,346743
2025-08-01T01:16:12.915670,Karmeliterplatz,21,346629
2025-08-01T01:16:12.915670,Karmeliterplatz,21,347066
2025-08-01T01:16:12.915670,Karmeliterplatz,21,347770
2025-08-01T01:16:12.915670,Karmeliterplatz,21,347651
2025-08-01T01:16:12.915670,Karmeliterplatz,21,347609
2025-08-01T01:16:12.915670,Karmeliterplatz,21,348383
2025-08-01T01:16:12.915670,Karmeliterplatz,21,348138
2025-08-01T01:16:12.915670,Karmeliterplatz,21,348681
2025-08-01T01:16:12.915670,Karmeliterplatz,21,348666
2025-08-01T01:16:12.915670,Fröbelgasse,12,345524
2025-08-01T01:16:12.915670,Fröbelgasse,12,346354
2025-08-01T01:16:12.915670,Fröbelgasse,12,346993
2025-08-01T01:16:12.915670,Fröbelgasse,12,346550
2025-08-01T01:16:12.915670,Fröbelgasse,12,347244
2025-08-01T01:16:12.915670,Fröbelgasse,12,347888
2025-08-01T01:16:12.915670,Fröbelgasse,12,347867
2025-08-01T01:16:12.915670,Fröbelgasse,12,347715
2025-08-01T01:16:12.915670,Fröbelgasse,12,348221
2025-08-01T01:16:12.915670,Fröbelgasse,12,348086
2025-08-01T01:16:12.915670,Fröbelgasse,12,348667
2025-08-01T01:16:12.915670,Fröbelgasse,12,348580
2025-08-01T01:16:12.915670,Reumannplatz U,20,345458
2025-08-01T01:16:12.915670,Reumannplatz U,20,346356
2025-08-01T01:16:12.915670,Reumannplatz U,20,346222
2025-08-01T01:16:12.915670,Reumannplatz U,20,346153
2025-08-01T01:16:12.915670,Reumannplatz U,20,346106
2025-08-01T01:16:12.915670,Reumannplatz U,20,346755
2025-08-01T01:16:12.915670,Reumannplatz U,20,346735
2025-08-01T01:16:12.915670,Reumannplatz U,20,346682
2025-08-01T01:16:12.915670,Reumannplatz U,20,346671
2025-08-01T01:16:12.915670,Reumannplatz U,20,347494
2025-08-01T01:16:12.915670,Reumannplatz U,20,347162
2025-08-01T01:16:12.915670,Reumannplatz U,20,347132
2025-08-01T01:16:12.915670,Reumannplatz U,20,347035
2025-08-01T01:16:12.915670,Reumannplatz U,20,347017
2025-08-01T01:16:12.915670,Reumannplatz U,20,347800
2025-08-01T01:16:12.915670,Reumannplatz U,20,347728
2025-08-01T01:16:12.915670,Reumannplatz U,20,347677
2025-08-01T01:16:12.915670,Reumannplatz U,20,347661
2025-08-01T01:16:12.915670,Reumannplatz U,20,348349
2025-08-01T01:16:12.915670,Reumannplatz U,20,348017
2025-08-01T01:16:12.915670,Brestelgasse,14,345273
2025-08-01T01:16:12.915670,Brestelgasse,14,345759
2025-08-01T01:16:12.915670,Brestelgasse,14,346157
2025-08-01T01:16:12.915670,Brestelgasse,14,346036
2025-08-01T01:16:12.915670,Brestelgasse,14,346791
2025-08-01T01:16:12.915670,Brestelgasse,14,346589
2025-08-01T01:16:12.915670,Brestelgasse,14,347427
2025-08-01T01:16:12.915670,Brestelgasse,14,347121
2025-08-01T01:16:12.915670,Brestelgasse,14,347105
2025-08-01T01:16:12.915670,Brestelgasse,14,347072
2025-08-01T01:16:12.915670,Brestelgasse,14,347840
2025-08-01T01:16:12.915670,Brestelgasse,14,347692
2025-08-01T01:16:12.915670,Brestelgasse,14,348278
2025-08-01T01:16:12.915670,Brestelgasse,14,398729
2025-08-01T01:16:12.915670,Thaliastraße U,8,345544
2025-08-01T01:16:12.915670,Thaliastraße U,8,346435
2025-08-01T01:16:12.915670,Thaliastraße U,8,346694
2025-08-01T01:16:12.915670,Thaliastraße U,8,346559
2025-08-01T01:16:12.915670,Thaliastraße U,8,346515
2025-08-01T01:16:12.915670,Thaliastraße U,8,347962
2025-08-01T01:16:12.915670,Thaliastraße U,8,348433
2025-08-01T01:16:12.915670,Thaliastraße U,8,348558
2025-08-01T01:16:12.915670,Nussdorfer Straße U,15,345235
2025-08-01T01:16:12.915670,Nussdorfer Straße U,15,345955
2025-08-01T01:16:12.915670,Nussdorfer Straße U,15,345641
2025-08-01T01:16:12.915670,Nussdorfer Straße U,15,346445
2025-08-01T01:16:12.915670,Nussdorfer Straße U,15,346089
2025-08-01T01:16:12.915670,Nussdorfer Straße U,15,346059
2025-08-01T01:16:12.915670,Nussdorfer Straße U,15,346025
2025-08-01T01:16:12.915670,Nussdorfer Straße U,15,346000
2025-08-01T01:16:12.915670,Nussdorfer Straße U,15,346740
2025-08-01T01:16:12.915670,Nussdorfer Straße U,15,347489
2025-08-01T01:16:12.915670,Nussdorfer Straße U,15,347461
2025-08-01T01:16:12.915670,Nussdorfer Straße U,15,347153
2025-08-01T01:16:12.915670,Nussdorfer Straße U,15,347741
2025-08-01T01:16:12.915670,Nussdorfer Straße U,15,347695
2025-08-01T01:16:12.915670,Nussdorfer Straße U,15,347553
2025-08-01T01:16:12.915670,Elterleinplatz,6,345365
2025-08-01T01:16:12.915670,Elterleinplatz,6,346072
2025-08-01T01:16:12.915670,Elterleinplatz,6,346952
2025-08-01T01:16:12.915670,Elterleinplatz,6,346944
2025-08-01T01:16:12.915670,Elterleinplatz,6,347646
2025-08-01T01:16:12.915670,Elterleinplatz,6,348267
2025-08-01T01:16:12.915670,Canisiusgasse,4,345040
2025-08-01T01:16:12.915670,Canisiusgasse,4,345662
2025-08-01T01:16:12.915670,Canisiusgasse,4,348496
2025-08-01T01:16:12.915670,Canisiusgasse,4,348381
2025-08-01T01:16:12.915670,Meidling S U / Schedifkaplatz,8,345355
2025-08-01T01:16:12.915670,Meidling S U / Schedifkaplatz,8,346846
2025-08-01T01:16:12.915670,Meidling S U / Schedifkaplatz,8,346844
2025-08-01T01:16:12.915670,Meidling S U / Schedifkaplatz,8,346597
2025-08-01T01:16:12.915670,Meidling S U / Schedifkaplatz,8,346522
2025-08-01T01:16:12.915670,Meidling S U / Schedifkaplatz,8,347369
2025-08-01T01:16:12.915670,Meidling S U / Schedifkaplatz,8,347020
2025-08-01T01:16:12.915670,Meidling S U / Schedifkaplatz,8,348062
2025-08-01T01:16:12.915670,Palffygasse,12,345428
2025-08-01T01:16:12.915670,Palffygasse,12,345339
2025-08-01T01:16:12.915670,Palffygasse,12,345232
2025-08-01T01:16:12.915670,Palffygasse,12,345134
2025-08-01T01:16:12.915670,Palffygasse,12,345095
2025-08-01T01:16:12.915670,Palffygasse,12,345918
2025-08-01T01:16:12.915670,Palffygasse,12,346932
2025-08-01T01:16:12.915670,Palffygasse,12,346509
2025-08-01T01:16:12.915670,Palffygasse,12,347480
2025-08-01T01:16:12.915670,Palffygasse,12,347844
2025-08-01T01:16:12.915670,Palffygasse,12,348173
2025-08-01T01:16:12.915670,Palffygasse,12,348163
2025-08-01T01:16:12.915670,Gersthof S,6,345147
2025-08-01T01:16:12.915670,Gersthof S,6,346480
2025-08-01T01:16:12.915670,Gersthof S,6,346519
2025-08-01T01:16:12.915670,Gersthof S,6,347448
2025-08-01T01:16:12.915670,Gersthof S,6,347187
2025-08-01T01:16:12.915670,Gersthof S,6,348469
2025-08-01T01:16:12.915670,Reinprechtsdorfer Brücke,19,345974
2025-08-01T01:16:12.915670,Reinprechtsdorfer Brücke,19,345823
2025-08-01T01:16:12.915670,Reinprechtsdorfer Brücke,19,345771
2025-08-01T01:16:12.915670,Reinprechtsdorfer Brücke,19,345738
2025-08-01T01:16:12.915670,Reinprechtsdorfer Brücke,19,345695
2025-08-01T01:16:12.915670,Reinprechtsdorfer Brücke,19,345682
2025-08-01T01:16:12.915670,Reinprechtsdorfer Brücke,19,345561
2025-08-01T01:16:12.915670,Reinprechtsdorfer Brücke,19,346171
2025-08-01T01:16:12.915670,Reinprechtsdorfer Brücke,19,346067
2025-08-01T01:16:12.915670,Reinprechtsdorfer Brücke,19,346047
2025-08-01T01:16:12.915670,Reinprechtsdorfer Brücke,19,346751
2025-08-01T01:16:12.915670,Reinprechtsdorfer Brücke,19,346737
2025-08-01T01:16:12.915670,Reinprechtsdorfer Brücke,19,347422
2025-08-01T01:16:12.915670,Reinprechtsdorfer Brücke,19,347325
2025-08-01T01:16:12.915670,Reinprechtsdorfer Brücke,19,347956
2025-08-01T01:16:12.915670,Reinprechtsdorfer Brücke,19,347812
2025-08-01T01:16:12.915670,Reinprechtsdorfer Brücke,19,347790
2025-08-01T01:16:12.915670,Reinprechtsdorfer Brücke,19,348108
2025-08-01T01:16:12.915670,Reinprechtsdorfer Brücke,19,348932
2025-08-01T01:16:12.915670,Siebensternplatz,1,347759
2025-08-01T01:16:12.915670,Siebenbrunnenplatz,15,345477
2025-08-01T01:16:12.915670,Siebenbrunnenplatz,15,345459
2025-08-01T01:16:12.915670,Siebenbrunnenplatz,15,346418
2025-08-01T01:16:12.915670,Siebenbrunnenplatz,15,346220
2025-08-01T01:16:12.915670,Siebenbrunnenplatz,15,346110
2025-08-01T01:16:12.915670,Siebenbrunnenplatz,15,346009
2025-08-01T01:16:12.915670,Siebenbrunnenplatz,15,346905
2025-08-01T01:16:12.915670,Siebenbrunnenplatz,15,346876
2025-08-01T01:16:12.915670,Siebenbrunnenplatz,15,346864
2025-08-01T01:16:12.915670,Siebenbrunnenplatz,15,346767
2025-08-01T01:16:12.915670,Siebenbrunnenplatz,15,346727
2025-08-01T01:16:12.915670,Siebenbrunnenplatz,15,347164
2025-08-01T01:16:12.915670,Siebenbrunnenplatz,15,347850
2025-08-01T01:16:12.915670,Siebenbrunnenplatz,15,347684
2025-08-01T01:16:12.915670,Siebenbrunnenplatz,15,348988
2025-08-01T01:16:12.915670,Rosensteingasse / Blumengasse,30,345423
2025-08-01T01:16:12.915670,Rosensteingasse / Blumengasse,30,345390
2025-08-01T01:16:12.915670,Rosensteingasse / Blumengasse,30,345092
2025-08-01T01:16:12.915670,Rosensteingasse / Blumengasse,30,345024
2025-08-01T01:16:12.915670,Rosensteingasse / Blumengasse,30,345919
2025-08-01T01:16:12.915670,Rosensteingasse / Blumengasse,30,345857
2025-08-01T01:16:12.915670,Rosensteingasse / Blumengasse,30,345675
2025-08-01T01:16:12.915670,Rosensteingasse / Blumengasse,30,346169
2025-08-01T01:16:12.915670,Rosensteingasse / Blumengasse,30,346164
2025-08-01T01:16:12.915670,Rosensteingasse / Blumengasse,30,346090
2025-08-01T01:16:12.915670,Rosensteingasse / Blumengasse,30,346008
2025-08-01T01:16:12.915670,Rosensteingasse / Blumengasse,30,346908
2025-08-01T01:16:12.915670,Rosensteingasse / Blumengasse,30,346899
2025-08-01T01:16:12.915670,Rosensteingasse / Blumengasse,30,346832
2025-08-01T01:16:12.915670,Rosensteingasse / Blumengasse,30,346646
2025-08-01T01:16:12.915670,Rosensteingasse / Blumengasse,30,346537
2025-08-01T01:16:12.915670,Rosensteingasse / Blumengasse,30,346530
2025-08-01T01:16:12.915670,Rosensteingasse / Blumengasse,30,347305
2025-08-01T01:16:12.915670,Rosensteingasse / Blumengasse,30,347267
2025-08-01T01:16:12.915670,Rosensteingasse / Blumengasse,30,347111
2025-08-01T01:16:12.915670,Rosensteingasse / Blumengasse,30,347885
2025-08-01T01:16:12.915670,Rosensteingasse / Blumengasse,30,347633
2025-08-01T01:16:12.915670,Rosensteingasse / Blumengasse,30,348331
2025-08-01T01:16:12.915670,Rosensteingasse / Blumengasse,30,348296
2025-08-01T01:16:12.915670,Rosensteingasse / Blumengasse,30,348125
2025-08-01T01:16:12.915670,Rosensteingasse / Blumengasse,30,348100
2025-08-01T01:16:12.915670,Rosensteingasse / Blumengasse,30,348712
2025-08-01T01:16:12.915670,Rosensteingasse / Blumengasse,30,348613
2025-08-01T01:16:12.915670,Rosensteingasse / Blumengasse,30,348583
2025-08-01T01:16:12.915670,Rosensteingasse / Blumengasse,30,398734
2025-08-01T01:16:12.915670,Schottenring U /Herminengasse,17,345347
2025-08-01T01:16:12.915670,Schottenring U /Herminengasse,17,345064
2025-08-01T01:16:12.915670,Schottenring U /Herminengasse,17,345046
2025-08-01T01:16:12.915670,Schottenring U /Herminengasse,17,345789
2025-08-01T01:16:12.915670,Schottenring U /Herminengasse,17,345782
2025-08-01T01:16:12.915670,Schottenring U /Herminengasse,17,346347
2025-08-01T01:16:12.915670,Schottenring U /Herminengasse,17,346914
2025-08-01T01:16:12.915670,Schottenring U /Herminengasse,17,346903
2025-08-01T01:16:12.915670,Schottenring U /Herminengasse,17,347462
2025-08-01T01:16:12.915670,Schottenring U /Herminengasse,17,347347
2025-08-01T01:16:12.915670,Schottenring U /Herminengasse,17,347138
2025-08-01T01:16:12.915670,Schottenring U /Herminengasse,17,347908
2025-08-01T01:16:12.915670,Schottenring U /Herminengasse,17,347802
2025-08-01T01:16:12.915670,Schottenring U /Herminengasse,17,348374
2025-08-01T01:16:12.915670,Schottenring U /Herminengasse,17,348226
2025-08-01T01:16:12.915670,Schottenring U /Herminengasse,17,348066
2025-08-01T01:16:12.915670,Schottenring U /Herminengasse,17,348598
2025-08-01T01:16:12.915670,Josefstädter Straße U,18,345485
2025-08-01T01:16:12.915670,Josefstädter Straße U,18,345454
2025-08-01T01:16:12.915670,Josefstädter Straße U,18,345263
2025-08-01T01:16:12.915670,Josefstädter Straße U,18,345199
2025-08-01T01:16:12.915670,Josefstädter Straße U,18,345159
2025-08-01T01:16:12.915670,Josefstädter Straße U,18,345980
2025-08-01T01:16:12.915670,Josefstädter Straße U,18,345666
2025-08-01T01:16:12.915670,Josefstädter Straße U,18,346475
2025-08-01T01:16:12.915670,Josefstädter Straße U,18,346432
2025-08-01T01:16:12.915670,Josefstädter Straße U,18,347797
2025-08-01T01:16:12.915670,Josefstädter Straße U,18,347686
2025-08-01T01:16:12.915670,Josefstädter Straße U,18,347674
2025-08-01T01:16:12.915670,Josefstädter Straße U,18,347576
2025-08-01T01:16:12.915670,Josefstädter Straße U,18,348316
2025-08-01T01:16:12.915670,Josefstädter Straße U,18,348682
2025-08-01T01:16:12.915670,Josefstädter Straße U,18,348544
2025-08-01T01:16:12.915670,Josefstädter Straße U,18,398737
2025-08-01T01:16:12.915670,Josefstädter Straße U,18,398736
2025-08-01T01:16:12.915670,Friedrich-Engels-Platz,13,345479
2025-08-01T01:16:12.915670,Friedrich-Engels-Platz,13,345352
2025-08-01T01:16:12.915670,Friedrich-Engels-Platz,13,345257
2025-08-01T01:16:12.915670,Friedrich-Engels-Platz,13,346778
2025-08-01T01:16:12.915670,Friedrich-Engels-Platz,13,347329
2025-08-01T01:16:12.915670,Friedrich-Engels-Platz,13,347939
2025-08-01T01:16:12.915670,Friedrich-Engels-Platz,13,347900
2025-08-01T01:16:12.915670,Friedrich-Engels-Platz,13,347515
2025-08-01T01:16:12.915670,Friedrich-Engels-Platz,13,348348
2025-08-01T01:16:12.915670,Friedrich-Engels-Platz,13,348051
2025-08-01T01:16:12.915670,Friedrich-Engels-Platz,13,348038
2025-08-01T01:16:12.915670,Friedrich-Engels-Platz,13,348006
2025-08-01T01:16:12.915670,Friedrich-Engels-Platz,13,348624
2025-08-01T01:16:12.915670,Dresdner Straße U,13,345041
2025-08-01T01:16:12.915670,Dresdner Straße U,13,345623
2025-08-01T01:16:12.915670,Dresdner Straße U,13,346929
2025-08-01T01:16:12.915670,Dresdner Straße U,13,346788
2025-08-01T01:16:12.915670,Dresdner Straße U,13,347483
2025-08-01T01:16:12.915670,Dresdner Straße U,13,347981
2025-08-01T01:16:12.915670,Dresdner Straße U,13,347929
2025-08-01T01:16:12.915670,Dresdner Straße U,13,347824
2025-08-01T01:16:12.915670,Dresdner Straße U,13,347720
2025-08-01T01:16:12.915670,Dresdner Straße U,13,347619
2025-08-01T01:16:12.915670,Dresdner Straße U,13,348390
2025-08-01T01:16:12.915670,Dresdner Straße U,13,348694
2025-08-01T01:16:12.915670,Dresdner Straße U,13,348647
2025-08-01T01:16:12.915670,Jägerstraße U,14,345370
2025-08-01T01:16:12.915670,Jägerstraße U,14,345165
2025-08-01T01:16:12.915670,Jägerstraße U,14,345043
2025-08-01T01:16:12.915670,Jägerstraße U,14,345909
2025-08-01T01:16:12.915670,Jägerstraße U,14,345852
2025-08-01T01:16:12.915670,Jägerstraße U,14,345718
2025-08-01T01:16:12.915670,Jägerstraße U,14,346465
2025-08-01T01:16:12.915670,Jägerstraße U,14,346438
2025-08-01T01:16:12.915670,Jägerstraße U,14,346300
2025-08-01T01:16:12.915670,Jägerstraße U,14,346013
2025-08-01T01:16:12.915670,Jägerstraße U,14,347436
2025-08-01T01:16:12.915670,Jägerstraße U,14,347199
2025-08-01T01:16:12.915670,Jägerstraße U,14,347954
2025-08-01T01:16:12.915670,Jägerstraße U,14,398719
2025-08-01T01:16:12.915670,Traisengasse S,15,345100
2025-08-01T01:16:12.915670,Traisengasse S,15,345731
2025-08-01T01:16:12.915670,Traisengasse S,15,346393
2025-08-01T01:16:12.915670,Traisengasse S,15,346361
2025-08-01T01:16:12.915670,Traisengasse S,15,346176
2025-08-01T01:16:12.915670,Traisengasse S,15,346617
2025-08-01T01:16:12.915670,Traisengasse S,15,347363
2025-08-01T01:16:12.915670,Traisengasse S,15,347971
2025-08-01T01:16:12.915670,Traisengasse S,15,347970
2025-08-01T01:16:12.915670,Traisengasse S,15,347761
2025-08-01T01:16:12.915670,Traisengasse S,15,347529
2025-08-01T01:16:12.915670,Traisengasse S,15,348302
2025-08-01T01:16:12.915670,Traisengasse S,15,348255
2025-08-01T01:16:12.915670,Traisengasse S,15,348253
2025-08-01T01:16:12.915670,Traisengasse S,15,348693
2025-08-01T01:16:12.915670,Kettenbrückengasse U / Naschmarkt,10,345353
2025-08-01T01:16:12.915670,Kettenbrückengasse U / Naschmarkt,10,345261
2025-08-01T01:16:12.915670,Kettenbrückengasse U / Naschmarkt,10,345240
2025-08-01T01:16:12.915670,Kettenbrückengasse U / Naschmarkt,10,345070
2025-08-01T01:16:12.915670,Kettenbrückengasse U / Naschmarkt,10,345784
2025-08-01T01:16:12.915670,Kettenbrückengasse U / Naschmarkt,10,345681
2025-08-01T01:16:12.915670,Kettenbrückengasse U / Naschmarkt,10,345518
2025-08-01T01:16:12.915670,Kettenbrückengasse U / Naschmarkt,10,346902
2025-08-01T01:16:12.915670,Kettenbrückengasse U / Naschmarkt,10,347789
2025-08-01T01:16:12.915670,Kettenbrückengasse U / Naschmarkt,10,347500
2025-08-01T01:16:12.915670,Aumannplatz,7,345055
2025-08-01T01:16:12.915670,Aumannplatz,7,345007
2025-08-01T01:16:12.915670,Aumannplatz,7,346310
2025-08-01T01:16:12.915670,Aumannplatz,7,346620
2025-08-01T01:16:12.915670,Aumannplatz,7,348306
2025-08-01T01:16:12.915670,Aumannplatz,7,348239
2025-08-01T01:16:12.915670,Aumannplatz,7,348548
2025-08-01T01:16:12.915670,Längenfeldgasse U,28,345311
2025-08-01T01:16:12.915670,Längenfeldgasse U,28,345211
2025-08-01T01:16:12.915670,Längenfeldgasse U,28,345174
2025-08-01T01:16:12.915670,Längenfeldgasse U,28,345985
2025-08-01T01:16:12.915670,Längenfeldgasse U,28,345963
2025-08-01T01:16:12.915670,Längenfeldgasse U,28,345699
2025-08-01T01:16:12.915670,Längenfeldgasse U,28,345545
2025-08-01T01:16:12.915670,Längenfeldgasse U,28,346424
2025-08-01T01:16:12.915670,Längenfeldgasse U,28,346349
2025-08-01T01:16:12.915670,Längenfeldgasse U,28,346257
2025-08-01T01:16:12.915670,Längenfeldgasse U,28,346201
2025-08-01T01:16:12.915670,Längenfeldgasse U,28,346167
2025-08-01T01:16:12.915670,Längenfeldgasse U,28,346520
2025-08-01T01:16:12.915670,Längenfeldgasse U,28,347495
2025-08-01T01:16:12.915670,Längenfeldgasse U,28,347450
2025-08-01T01:16:12.915670,Längenfeldgasse U,28,347239
2025-08-01T01:16:12.915670,Längenfeldgasse U,28,347172
2025-08-01T01:16:12.915670,Längenfeldgasse U,28,347990
2025-08-01T01:16:12.915670,Längenfeldgasse U,28,347984
2025-08-01T01:16:12.915670,Längenfeldgasse U,28,347965
2025-08-01T01:16:12.915670,Längenfeldgasse U,28,347841
2025-08-01T01:16:12.915670,Längenfeldgasse U,28,347768
2025-08-01T01:16:12.915670,Längenfeldgasse U,28,347696
2025-08-01T01:16:12.915670,Längenfeldgasse U,28,348482
2025-08-01T01:16:12.915670,Längenfeldgasse U,28,348351
2025-08-01T01:16:12.915670,Längenfeldgasse U,28,348299
2025-08-01T01:16:12.915670,Längenfeldgasse U,28,348643
2025-08-01T01:16:12.915670,Längenfeldgasse U,28,348600
2025-08-01T01:16:12.915670,Althanstraße,9,345218
2025-08-01T01:16:12.915670,Althanstraße,9,345948
2025-08-01T01:16:12.915670,Althanstraße,9,345796
2025-08-01T01:16:12.915670,Althanstraße,9,345778
2025-08-01T01:16:12.915670,Althanstraße,9,345679
2025-08-01T01:16:12.915670,Althanstraße,9,346087
2025-08-01T01:16:12.915670,Althanstraße,9,346002
2025-08-01T01:16:12.915670,Althanstraße,9,347860
2025-08-01T01:16:12.915670,Althanstraße,9,348582
2025-08-01T01:16:12.915670,Schottentor U,1,346210
2025-08-01T01:16:12.915670,Neubaugasse U,1,346038
2025-08-01T01:16:12.915670,Museumsquartier U,16,345335
2025-08-01T01:16:12.915670,Museumsquartier U,16,345247
2025-08-01T01:16:12.915670,Museumsquartier U,16,345101
2025-08-01T01:16:12.915670,Museumsquartier U,16,345848
2025-08-01T01:16:12.915670,Museumsquartier U,16,345711
2025-08-01T01:16:12.915670,Museumsquartier U,16,346938
2025-08-01T01:16:12.915670,Museumsquartier U,16,346561
2025-08-01T01:16:12.915670,Museumsquartier U,16,346503
2025-08-01T01:16:12.915670,Museumsquartier U,16,347490
2025-08-01T01:16:12.915670,Museumsquartier U,16,347880
2025-08-01T01:16:12.915670,Museumsquartier U,16,348480
2025-08-01T01:16:12.915670,Museumsquartier U,16,348436
2025-08-01T01:16:12.915670,Museumsquartier U,16,348224
2025-08-01T01:16:12.915670,Museumsquartier U,16,348174
2025-08-01T01:16:12.915670,Museumsquartier U,16,348160
2025-08-01T01:16:12.915670,Museumsquartier U,16,348011
2025-08-01T01:16:12.915670,Johnstrasse U,19,345425
2025-08-01T01:16:12.915670,Johnstrasse U,19,345212
2025-08-01T01:16:12.915670,Johnstrasse U,19,345556
2025-08-01T01:16:12.915670,Johnstrasse U,19,345525
2025-08-01T01:16:12.915670,Johnstrasse U,19,346119
2025-08-01T01:16:12.915670,Johnstrasse U,19,346060
2025-08-01T01:16:12.915670,Johnstrasse U,19,346055
2025-08-01T01:16:12.915670,Johnstrasse U,19,346011
2025-08-01T01:16:12.915670,Johnstrasse U,19,346651
2025-08-01T01:16:12.915670,Johnstrasse U,19,347449
2025-08-01T01:16:12.915670,Johnstrasse U,19,347420
2025-08-01T01:16:12.915670,Johnstrasse U,19,347358
2025-08-01T01:16:12.915670,Johnstrasse U,19,347765
2025-08-01T01:16:12.915670,Johnstrasse U,19,347716
2025-08-01T01:16:12.915670,Johnstrasse U,19,348461
2025-08-01T01:16:12.915670,Johnstrasse U,19,348419
2025-08-01T01:16:12.915670,Johnstrasse U,19,348234
2025-08-01T01:16:12.915670,Johnstrasse U,19,348662
2025-08-01T01:16:12.915670,Johnstrasse U,19,348535
2025-08-01T01:16:12.915670,Kutschkergasse,4,346963
2025-08-01T01:16:12.915670,Kutschkergasse,4,346716
2025-08-01T01:16:12.915670,Kutschkergasse,4,347918
2025-08-01T01:16:12.915670,Kutschkergasse,4,348664
2025-08-01T01:16:12.915670,Stadion U,42,345389
2025-08-01T01:16:12.915670,Stadion U,42,345139
2025-08-01T01:16:12.915670,Stadion U,42,345057
2025-08-01T01:16:12.915670,Stadion U,42,345005
2025-08-01T01:16:12.915670,Stadion U,42,345949
2025-08-01T01:16:12.915670,Stadion U,42,345947
2025-08-01T01:16:12.915670,Stadion U,42,345923
2025-08-01T01:16:12.915670,Stadion U,42,345850
2025-08-01T01:16:12.915670,Stadion U,42,345733
2025-08-01T01:16:12.915670,Stadion U,42,345600
2025-08-01T01:16:12.915670,Stadion U,42,345581
2025-08-01T01:16:12.915670,Stadion U,42,346357
2025-08-01T01:16:12.915670,Stadion U,42,346296
2025-08-01T01:16:12.915670,Stadion U,42,346288
2025-08-01T01:16:12.915670,Stadion U,42,346224
2025-08-01T01:16:12.915670,Stadion U,42,346223
2025-08-01T01:16:12.915670,Stadion U,42,346200
2025-08-01T01:16:12.915670,Stadion U,42,346084
2025-08-01T01:16:12.915670,Stadion U,42,346994
2025-08-01T01:16:12.915670,Stadion U,42,346819
2025-08-01T01:16:12.915670,Stadion U,42,346818
2025-08-01T01:16:12.915670,Stadion U,42,346724
2025-08-01T01:16:12.915670,Stadion U,42,346692
2025-08-01T01:16:12.915670,Stadion U,42,346677
2025-08-01T01:16:12.915670,Stadion U,42,346585
2025-08-01T01:16:12.915670,Stadion U,42,347429
2025-08-01T01:16:12.915670,Stadion U,42,347344
2025-08-01T01:16:12.915670,Stadion U,42,347219
2025-08-01T01:16:12.915670,Stadion U,42,347062
2025-08-01T01:16:12.915670,Stadion U,42,347045
2025-08-01T01:16:12.915670,Stadion U,42,347022
2025-08-01T01:16:12.915670,Stadion U,42,347993
2025-08-01T01:16:12.915670,Stadion U,42,347791
2025-08-01T01:16:12.915670,Stadion U,42,347685
2025-08-01T01:16:12.915670,Stadion U,42,347637
2025-08-01T01:16:12.915670,Stadion U,42,348417
2025-08-01T01:16:12.915670,Stadion U,42,348358
2025-08-01T01:16:12.915670,Stadion U,42,348266
2025-08-01T01:16:12.915670,Stadion U,42,348241
2025-08-01T01:16:12.915670,Stadion U,42,348172
2025-08-01T01:16:12.915670,Stadion U,42,348014
2025-08-01T01:16:12.915670,Stadion U,42,348591
2025-08-01T01:16:12.915670,Brückengasse,13,345460
2025-08-01T01:16:12.915670,Brückengasse,13,345429
2025-08-01T01:16:12.915670,Brückengasse,13,345404
2025-08-01T01:16:12.915670,Brückengasse,13,346355
2025-08-01T01:16:12.915670,Brückengasse,13,346665
2025-08-01T01:16:12.915670,Brückengasse,13,346580
2025-08-01T01:16:12.915670,Brückengasse,13,347405
2025-08-01T01:16:12.915670,Brückengasse,13,347100
2025-08-01T01:16:12.915670,Brückengasse,13,347504
2025-08-01T01:16:12.915670,Brückengasse,13,348470
2025-08-01T01:16:12.915670,Brückengasse,13,348401
2025-08-01T01:16:12.915670,Brückengasse,13,348238
2025-08-01T01:16:12.915670,Brückengasse,13,348119
2025-08-01T01:16:12.915670,Schuhmeierplatz,11,345487
2025-08-01T01:16:12.915670,Schuhmeierplatz,11,345910
2025-08-01T01:16:12.915670,Schuhmeierplatz,11,345776
2025-08-01T01:16:12.915670,Schuhmeierplatz,11,346935
2025-08-01T01:16:12.915670,Schuhmeierplatz,11,346810
2025-08-01T01:16:12.915670,Schuhmeierplatz,11,346801
2025-08-01T01:16:12.915670,Schuhmeierplatz,11,346672
2025-08-01T01:16:12.915670,Schuhmeierplatz,11,346612
2025-08-01T01:16:12.915670,Schuhmeierplatz,11,347999
2025-08-01T01:16:12.915670,Schuhmeierplatz,11,347769
2025-08-01T01:16:12.915670,Schuhmeierplatz,11,348209
2025-08-01T01:16:12.915670,Schönbrunn U,19,345933
2025-08-01T01:16:12.915670,Schönbrunn U,19,345900
2025-08-01T01:16:12.915670,Schönbrunn U,19,346378
2025-08-01T01:16:12.915670,Schönbrunn U,19,346895
2025-08-01T01:16:12.915670,Schönbrunn U,19,346861
2025-08-01T01:16:12.915670,Schönbrunn U,19,346666
2025-08-01T01:16:12.915670,Schönbrunn U,19,346654
2025-08-01T01:16:12.915670,Schönbrunn U,19,346571
2025-08-01T01:16:12.915670,Schönbrunn U,19,347451
2025-08-01T01:16:12.915670,Schönbrunn U,19,347403
2025-08-01T01:16:12.915670,Schönbrunn U,19,347357
2025-08-01T01:16:12.915670,Schönbrunn U,19,347327
2025-08-01T01:16:12.915670,Schönbrunn U,19,347312
2025-08-01T01:16:12.915670,Schönbrunn U,19,347788
2025-08-01T01:16:12.915670,Schönbrunn U,19,347775
2025-08-01T01:16:12.915670,Schönbrunn U,19,347689
2025-08-01T01:16:12.915670,Schönbrunn U,19,348471
2025-08-01T01:16:12.915670,Schönbrunn U,19,348314
2025-08-01T01:16:12.915670,Schönbrunn U,19,398717
2025-08-01T01:16:12.915670,Hermesstraße / Oscar-Straus-Park ,4,345318
2025-08-01T01:16:12.915670,Hermesstraße / Oscar-Straus-Park ,4,345264
2025-08-01T01:16:12.915670,Hermesstraße / Oscar-Straus-Park ,4,347784
2025-08-01T01:16:12.915670,Hermesstraße / Oscar-Straus-Park ,4,347707
2025-08-01T01:16:12.915670,Modecenterstraße / The Marks,18,345323
2025-08-01T01:16:12.915670,Modecenterstraße / The Marks,18,345146
2025-08-01T01:16:12.915670,Modecenterstraße / The Marks,18,345819
2025-08-01T01:16:12.915670,Modecenterstraße / The Marks,18,345806
2025-08-01T01:16:12.915670,Modecenterstraße / The Marks,18,345609
2025-08-01T01:16:12.915670,Modecenterstraße / The Marks,18,346292
2025-08-01T01:16:12.915670,Modecenterstraße / The Marks,18,346267
2025-08-01T01:16:12.915670,Modecenterstraße / The Marks,18,346228
2025-08-01T01:16:12.915670,Modecenterstraße / The Marks,18,346843
2025-08-01T01:16:12.915670,Modecenterstraße / The Marks,18,346613
2025-08-01T01:16:12.915670,Modecenterstraße / The Marks,18,347478
2025-08-01T01:16:12.915670,Modecenterstraße / The Marks,18,347076
2025-08-01T01:16:12.915670,Modecenterstraße / The Marks,18,347043
2025-08-01T01:16:12.915670,Modecenterstraße / The Marks,18,347975
2025-08-01T01:16:12.915670,Modecenterstraße / The Marks,18,348488
2025-08-01T01:16:12.915670,Modecenterstraße / The Marks,18,348345
2025-08-01T01:16:12.915670,Modecenterstraße / The Marks,18,348335
2025-08-01T01:16:12.915670,Modecenterstraße / The Marks,18,348254
2025-08-01T01:16:12.915670,Am Langen Felde,14,345380
2025-08-01T01:16:12.915670,Am Langen Felde,14,345209
2025-08-01T01:16:12.915670,Am Langen Felde,14,345987
2025-08-01T01:16:12.915670,Am Langen Felde,14,345913
2025-08-01T01:16:12.915670,Am Langen Felde,14,346128
2025-08-01T01:16:12.915670,Am Langen Felde,14,346705
2025-08-01T01:16:12.915670,Am Langen Felde,14,347255
2025-08-01T01:16:12.915670,Am Langen Felde,14,347982
2025-08-01T01:16:12.915670,Am Langen Felde,14,347851
2025-08-01T01:16:12.915670,Am Langen Felde,14,347600
2025-08-01T01:16:12.915670,Am Langen Felde,14,347525
2025-08-01T01:16:12.915670,Am Langen Felde,14,348452
2025-08-01T01:16:12.915670,Am Langen Felde,14,348292
2025-08-01T01:16:12.915670,Am Langen Felde,14,348201
2025-08-01T01:16:12.915670,eLastenräder- Modecenterstraße / The Marks,2,346192
2025-08-01T01:16:12.915670,eLastenräder- Modecenterstraße / The Marks,2,348503
2025-08-01T01:16:12.915670,Pilgramgasse U,14,345426
2025-08-01T01:16:12.915670,Pilgramgasse U,14,345063
2025-08-01T01:16:12.915670,Pilgramgasse U,14,345745
2025-08-01T01:16:12.915670,Pilgramgasse U,14,345667
2025-08-01T01:16:12.915670,Pilgramgasse U,14,345657
2025-08-01T01:16:12.915670,Pilgramgasse U,14,347195
2025-08-01T01:16:12.915670,Pilgramgasse U,14,347040
2025-08-01T01:16:12.915670,Pilgramgasse U,14,347846
2025-08-01T01:16:12.915670,Pilgramgasse U,14,347763
2025-08-01T01:16:12.915670,Pilgramgasse U,14,347665
2025-08-01T01:16:12.915670,Pilgramgasse U,14,347586
2025-08-01T01:16:12.915670,Pilgramgasse U,14,347581
2025-08-01T01:16:12.915670,Pilgramgasse U,14,348570
2025-08-01T01:16:12.915670,Pilgramgasse U,14,398732
2025-08-01T01:16:12.915670,eLastenräder - Am langen Felde,1,348192
2025-08-01T01:16:12.915670,eLastenräder - Bruno-Marek-Allee,7,345029
2025-08-01T01:16:12.915670,eLastenräder - Bruno-Marek-Allee,7,345579
2025-08-01T01:16:12.915670,eLastenräder - Bruno-Marek-Allee,7,346160
2025-08-01T01:16:12.915670,eLastenräder - Bruno-Marek-Allee,7,348432
2025-08-01T01:16:12.915670,eLastenräder - Bruno-Marek-Allee,7,348308
2025-08-01T01:16:12.915670,eLastenräder - Bruno-Marek-Allee,7,348090
2025-08-01T01:16:12.915670,eLastenräder - Bruno-Marek-Allee,7,348032
2025-08-01T01:16:12.915670,Purkytgasse ,2,346758
2025-08-01T01:16:12.915670,Purkytgasse ,2,348147
2025-08-01T01:16:12.915670,Neue Donau U,1,348476
2025-08-01T01:16:12.915670,Franz-Josef Bahnhof S,17,345219
2025-08-01T01:16:12.915670,Franz-Josef Bahnhof S,17,345006
2025-08-01T01:16:12.915670,Franz-Josef Bahnhof S,17,345606
2025-08-01T01:16:12.915670,Franz-Josef Bahnhof S,17,345569
2025-08-01T01:16:12.915670,Franz-Josef Bahnhof S,17,345548
2025-08-01T01:16:12.915670,Franz-Josef Bahnhof S,17,346463
2025-08-01T01:16:12.915670,Franz-Josef Bahnhof S,17,346028
2025-08-01T01:16:12.915670,Franz-Josef Bahnhof S,17,346988
2025-08-01T01:16:12.915670,Franz-Josef Bahnhof S,17,346933
2025-08-01T01:16:12.915670,Franz-Josef Bahnhof S,17,347497
2025-08-01T01:16:12.915670,Franz-Josef Bahnhof S,17,347349
2025-08-01T01:16:12.915670,Franz-Josef Bahnhof S,17,347837
2025-08-01T01:16:12.915670,Franz-Josef Bahnhof S,17,348405
2025-08-01T01:16:12.915670,Franz-Josef Bahnhof S,17,348321
2025-08-01T01:16:12.915670,Franz-Josef Bahnhof S,17,348126
2025-08-01T01:16:12.915670,Franz-Josef Bahnhof S,17,348117
2025-08-01T01:16:12.915670,Franz-Josef Bahnhof S,17,348063
2025-08-01T01:16:12.915670,Niederpointenstraße,2,346901
2025-08-01T01:16:12.915670,Niederpointenstraße,2,347731
2025-08-01T01:16:12.915670,Leopoldauer Platz,19,345484
2025-08-01T01:16:12.915670,Leopoldauer Platz,19,345343
2025-08-01T01:16:12.915670,Leopoldauer Platz,19,345284
2025-08-01T01:16:12.915670,Leopoldauer Platz,19,345178
2025-08-01T01:16:12.915670,Leopoldauer Platz,19,346360
2025-08-01T01:16:12.915670,Leopoldauer Platz,19,346233
2025-08-01T01:16:12.915670,Leopoldauer Platz,19,346117
2025-08-01T01:16:12.915670,Leopoldauer Platz,19,346015
2025-08-01T01:16:12.915670,Leopoldauer Platz,19,346906
2025-08-01T01:16:12.915670,Leopoldauer Platz,19,346867
2025-08-01T01:16:12.915670,Leopoldauer Platz,19,346725
2025-08-01T01:16:12.915670,Leopoldauer Platz,19,347355
2025-08-01T01:16:12.915670,Leopoldauer Platz,19,347104
2025-08-01T01:16:12.915670,Leopoldauer Platz,19,347953
2025-08-01T01:16:12.915670,Leopoldauer Platz,19,347855
2025-08-01T01:16:12.915670,Leopoldauer Platz,19,347700
2025-08-01T01:16:12.915670,Leopoldauer Platz,19,348305
2025-08-01T01:16:12.915670,Leopoldauer Platz,19,348263
2025-08-01T01:16:12.915670,Leopoldauer Platz,19,348584
2025-08-01T01:16:12.915670,ArbeiterInnenstrand,1,348020
2025-08-01T01:16:12.915670,Gewerbepark Stadlau,11,345331
2025-08-01T01:16:12.915670,Gewerbepark Stadlau,11,345254
2025-08-01T01:16:12.915670,Gewerbepark Stadlau,11,345105
2025-08-01T01:16:12.915670,Gewerbepark Stadlau,11,345004
2025-08-01T01:16:12.915670,Gewerbepark Stadlau,11,346312
2025-08-01T01:16:12.915670,Gewerbepark Stadlau,11,346017
2025-08-01T01:16:12.915670,Gewerbepark Stadlau,11,346921
2025-08-01T01:16:12.915670,Gewerbepark Stadlau,11,347394
2025-08-01T01:16:12.915670,Gewerbepark Stadlau,11,347189
2025-08-01T01:16:12.915670,Gewerbepark Stadlau,11,347866
2025-08-01T01:16:12.915670,Gewerbepark Stadlau,11,348115
2025-08-01T01:16:12.915670,Atzgersdorf Bildungscampus,2,345315
2025-08-01T01:16:12.915670,Atzgersdorf Bildungscampus,2,346964
2025-08-01T01:16:12.915670,Adelheid-Popp-Gasse,7,346917
2025-08-01T01:16:12.915670,Adelheid-Popp-Gasse,7,347940
2025-08-01T01:16:12.915670,Adelheid-Popp-Gasse,7,347906
2025-08-01T01:16:12.915670,Adelheid-Popp-Gasse,7,348311
2025-08-01T01:16:12.915670,Adelheid-Popp-Gasse,7,348079
2025-08-01T01:16:12.915670,Adelheid-Popp-Gasse,7,348655
2025-08-01T01:16:12.915670,Adelheid-Popp-Gasse,7,348608
2025-08-01T01:16:12.915670,Alte Donau U,19,345445
2025-08-01T01:16:12.915670,Alte Donau U,19,345205
2025-08-01T01:16:12.915670,Alte Donau U,19,345044
2025-08-01T01:16:12.915670,Alte Donau U,19,345856
2025-08-01T01:16:12.915670,Alte Donau U,19,346385
2025-08-01T01:16:12.915670,Alte Donau U,19,346368
2025-08-01T01:16:12.915670,Alte Donau U,19,346324
2025-08-01T01:16:12.915670,Alte Donau U,19,346158
2025-08-01T01:16:12.915670,Alte Donau U,19,346088
2025-08-01T01:16:12.915670,Alte Donau U,19,346812
2025-08-01T01:16:12.915670,Alte Donau U,19,346809
2025-08-01T01:16:12.915670,Alte Donau U,19,346653
2025-08-01T01:16:12.915670,Alte Donau U,19,347833
2025-08-01T01:16:12.915670,Alte Donau U,19,347816
2025-08-01T01:16:12.915670,Alte Donau U,19,347701
2025-08-01T01:16:12.915670,Alte Donau U,19,348418
2025-08-01T01:16:12.915670,Alte Donau U,19,348178
2025-08-01T01:16:12.915670,Alte Donau U,19,348619
2025-08-01T01:16:12.915670,Alte Donau U,19,348616
2025-08-01T01:16:12.915670,VHS Kulturgarage,21,345498
2025-08-01T01:16:12.915670,VHS Kulturgarage,21,345288
2025-08-01T01:16:12.915670,VHS Kulturgarage,21,345270
2025-08-01T01:16:12.915670,VHS Kulturgarage,21,345836
2025-08-01T01:16:12.915670,VHS Kulturgarage,21,345514
2025-08-01T01:16:12.915670,VHS Kulturgarage,21,346391
2025-08-01T01:16:12.915670,VHS Kulturgarage,21,346199
2025-08-01T01:16:12.915670,VHS Kulturgarage,21,346900
2025-08-01T01:16:12.915670,VHS Kulturgarage,21,346668
2025-08-01T01:16:12.915670,VHS Kulturgarage,21,346622
2025-08-01T01:16:12.915670,VHS Kulturgarage,21,346602
2025-08-01T01:16:12.915670,VHS Kulturgarage,21,346535
2025-08-01T01:16:12.915670,VHS Kulturgarage,21,347443
2025-08-01T01:16:12.915670,VHS Kulturgarage,21,347245
2025-08-01T01:16:12.915670,VHS Kulturgarage,21,348499
2025-08-01T01:16:12.915670,VHS Kulturgarage,21,348352
2025-08-01T01:16:12.915670,VHS Kulturgarage,21,348291
2025-08-01T01:16:12.915670,VHS Kulturgarage,21,348150
2025-08-01T01:16:12.915670,VHS Kulturgarage,21,348092
2025-08-01T01:16:12.915670,VHS Kulturgarage,21,348702
2025-08-01T01:16:12.915670,VHS Kulturgarage,21,348531
2025-08-01T01:16:12.915670,Siebenbrunnenfeldgasse,6,346476
2025-08-01T01:16:12.915670,Siebenbrunnenfeldgasse,6,346307
2025-08-01T01:16:12.915670,Siebenbrunnenfeldgasse,6,347937
2025-08-01T01:16:12.915670,Siebenbrunnenfeldgasse,6,347743
2025-08-01T01:16:12.915670,Siebenbrunnenfeldgasse,6,348243
2025-08-01T01:16:12.915670,Siebenbrunnenfeldgasse,6,348623
2025-08-01T01:16:12.915670,Technisches Museum,35,345475
2025-08-01T01:16:12.915670,Technisches Museum,35,345253
2025-08-01T01:16:12.915670,Technisches Museum,35,345053
2025-08-01T01:16:12.915670,Technisches Museum,35,345875
2025-08-01T01:16:12.915670,Technisches Museum,35,345829
2025-08-01T01:16:12.915670,Technisches Museum,35,345821
2025-08-01T01:16:12.915670,Technisches Museum,35,345753
2025-08-01T01:16:12.915670,Technisches Museum,35,345725
2025-08-01T01:16:12.915670,Technisches Museum,35,345572
2025-08-01T01:16:12.915670,Technisches Museum,35,345560
2025-08-01T01:16:12.915670,Technisches Museum,35,346409
2025-08-01T01:16:12.915670,Technisches Museum,35,346284
2025-08-01T01:16:12.915670,Technisches Museum,35,346919
2025-08-01T01:16:12.915670,Technisches Museum,35,346849
2025-08-01T01:16:12.915670,Technisches Museum,35,346709
2025-08-01T01:16:12.915670,Technisches Museum,35,346652
2025-08-01T01:16:12.915670,Technisches Museum,35,346603
2025-08-01T01:16:12.915670,Technisches Museum,35,346527
2025-08-01T01:16:12.915670,Technisches Museum,35,347235
2025-08-01T01:16:12.915670,Technisches Museum,35,347220
2025-08-01T01:16:12.915670,Technisches Museum,35,347178
2025-08-01T01:16:12.915670,Technisches Museum,35,347113
2025-08-01T01:16:12.915670,Technisches Museum,35,347097
2025-08-01T01:16:12.915670,Technisches Museum,35,347650
2025-08-01T01:16:12.915670,Technisches Museum,35,347574
2025-08-01T01:16:12.915670,Technisches Museum,35,347564
2025-08-01T01:16:12.915670,Technisches Museum,35,347530
2025-08-01T01:16:12.915670,Technisches Museum,35,348473
2025-08-01T01:16:12.915670,Technisches Museum,35,348441
2025-08-01T01:16:12.915670,Technisches Museum,35,348340
2025-08-01T01:16:12.915670,Technisches Museum,35,348290
2025-08-01T01:16:12.915670,Technisches Museum,35,348198
2025-08-01T01:16:12.915670,Technisches Museum,35,348142
2025-08-01T01:16:12.915670,Technisches Museum,35,348689
2025-08-01T01:16:12.915670,Technisches Museum,35,348537
2025-08-01T01:16:12.915670,Kultursommer25 - Währinger Park,11,345123
2025-08-01T01:16:12.915670,Kultursommer25 - Währinger Park,11,345113
2025-08-01T01:16:12.915670,Kultursommer25 - Währinger Park,11,345068
2025-08-01T01:16:12.915670,Kultursommer25 - Währinger Park,11,346406
2025-08-01T01:16:12.915670,Kultursommer25 - Währinger Park,11,346313
2025-08-01T01:16:12.915670,Kultursommer25 - Währinger Park,11,346285
2025-08-01T01:16:12.915670,Kultursommer25 - Währinger Park,11,346215
2025-08-01T01:16:12.915670,Kultursommer25 - Währinger Park,11,346596
2025-08-01T01:16:12.915670,Kultursommer25 - Währinger Park,11,347733
2025-08-01T01:16:12.915670,Kultursommer25 - Währinger Park,11,348204
2025-08-01T01:16:12.915670,Kultursommer25 - Währinger Park,11,348041
2025-08-01T01:16:12.915670,Wendstattgasse,15,345183
2025-08-01T01:16:12.915670,Wendstattgasse,15,345119
2025-08-01T01:16:12.915670,Wendstattgasse,15,345016
2025-08-01T01:16:12.915670,Wendstattgasse,15,345920
2025-08-01T01:16:12.915670,Wendstattgasse,15,345598
2025-08-01T01:16:12.915670,Wendstattgasse,15,346023
2025-08-01T01:16:12.915670,Wendstattgasse,15,346820
2025-08-01T01:16:12.915670,Wendstattgasse,15,346777
2025-08-01T01:16:12.915670,Wendstattgasse,15,346726
2025-08-01T01:16:12.915670,Wendstattgasse,15,346685
2025-08-01T01:16:12.915670,Wendstattgasse,15,347596
2025-08-01T01:16:12.915670,Wendstattgasse,15,348497
2025-08-01T01:16:12.915670,Wendstattgasse,15,348212
2025-08-01T01:16:12.915670,Wendstattgasse,15,348033
2025-08-01T01:16:12.915670,Wendstattgasse,15,348030
2025-08-01T01:16:12.915670,Neilreichgasse,2,345145
2025-08-01T01:16:12.915670,Neilreichgasse,2,348216
2025-08-01T01:16:12.915670,Gutheil-Schoder-Gasse / Badner Bahn,5,347301
2025-08-01T01:16:12.915670,Gutheil-Schoder-Gasse / Badner Bahn,5,347972
2025-08-01T01:16:12.915670,Gutheil-Schoder-Gasse / Badner Bahn,5,347604
2025-08-01T01:16:12.915670,Gutheil-Schoder-Gasse / Badner Bahn,5,348363
2025-08-01T01:16:12.915670,Gutheil-Schoder-Gasse / Badner Bahn,5,349039
2025-08-01T01:16:12.915670,Neu Leopoldau,12,345025
2025-08-01T01:16:12.915670,Neu Leopoldau,12,345929
2025-08-01T01:16:12.915670,Neu Leopoldau,12,345760
2025-08-01T01:16:12.915670,Neu Leopoldau,12,345651
2025-08-01T01:16:12.915670,Neu Leopoldau,12,346234
2025-08-01T01:16:12.915670,Neu Leopoldau,12,346578
2025-08-01T01:16:12.915670,Neu Leopoldau,12,347118
2025-08-01T01:16:12.915670,Neu Leopoldau,12,347514
2025-08-01T01:16:12.915670,Neu Leopoldau,12,348493
2025-08-01T01:16:12.915670,Neu Leopoldau,12,348031
2025-08-01T01:16:12.915670,Neu Leopoldau,12,348644
2025-08-01T01:16:12.915670,Neu Leopoldau,12,348566
2025-08-01T01:16:12.915670,Strebersdorf S,11,345338
2025-08-01T01:16:12.915670,Strebersdorf S,11,345332
2025-08-01T01:16:12.915670,Strebersdorf S,11,345853
2025-08-01T01:16:12.915670,Strebersdorf S,11,346328
2025-08-01T01:16:12.915670,Strebersdorf S,11,346280
2025-08-01T01:16:12.915670,Strebersdorf S,11,346675
2025-08-01T01:16:12.915670,Strebersdorf S,11,347252
2025-08-01T01:16:12.915670,Strebersdorf S,11,347078
2025-08-01T01:16:12.915670,Strebersdorf S,11,348492
2025-08-01T01:16:12.915670,Strebersdorf S,11,348377
2025-08-01T01:16:12.915670,Strebersdorf S,11,348578
2025-08-01T01:16:12.915670,Rodlergasse,2,345740
2025-08-01T01:16:12.915670,Rodlergasse,2,345501
2025-08-01T01:16:12.915670,Nussbaumallee,7,345378
2025-08-01T01:16:12.915670,Nussbaumallee,7,345269
2025-08-01T01:16:12.915670,Nussbaumallee,7,345841
2025-08-01T01:16:12.915670,Nussbaumallee,7,346924
2025-08-01T01:16:12.915670,Nussbaumallee,7,347654
2025-08-01T01:16:12.915670,Nussbaumallee,7,348404
2025-08-01T01:16:12.915670,Nussbaumallee,7,348133
2025-08-01T01:16:12.915670,Raxstraße,8,345492
2025-08-01T01:16:12.915670,Raxstraße,8,345634
2025-08-01T01:16:12.915670,Raxstraße,8,346879
2025-08-01T01:16:12.915670,Raxstraße,8,347191
2025-08-01T01:16:12.915670,Raxstraße,8,347868
2025-08-01T01:16:12.915670,Raxstraße,8,347858
2025-08-01T01:16:12.915670,Raxstraße,8,347750
2025-08-01T01:16:12.915670,Raxstraße,8,347508
2025-08-01T01:16:12.915670,Wattmanngasse,7,346999
2025-08-01T01:16:12.915670,Wattmanngasse,7,347456
2025-08-01T01:16:12.915670,Wattmanngasse,7,347447
2025-08-01T01:16:12.915670,Wattmanngasse,7,347230
2025-08-01T01:16:12.915670,Wattmanngasse,7,347960
2025-08-01T01:16:12.915670,Wattmanngasse,7,347767
2025-08-01T01:16:12.915670,Wattmanngasse,7,348008
2025-08-01T01:16:12.915670,Floridsdorfer Markt,2,346269
2025-08-01T01:16:12.915670,Floridsdorfer Markt,2,347803
2025-08-01T01:16:12.915670,Nussdorf S,25,345432
2025-08-01T01:16:12.915670,Nussdorf S,25,345414
2025-08-01T01:16:12.915670,Nussdorf S,25,345336
2025-08-01T01:16:12.915670,Nussdorf S,25,345274
2025-08-01T01:16:12.915670,Nussdorf S,25,345026
2025-08-01T01:16:12.915670,Nussdorf S,25,345883
2025-08-01T01:16:12.915670,Nussdorf S,25,345735
2025-08-01T01:16:12.915670,Nussdorf S,25,345723
2025-08-01T01:16:12.915670,Nussdorf S,25,345595
2025-08-01T01:16:12.915670,Nussdorf S,25,346472
2025-08-01T01:16:12.915670,Nussdorf S,25,346283
2025-08-01T01:16:12.915670,Nussdorf S,25,346886
2025-08-01T01:16:12.915670,Nussdorf S,25,346642
2025-08-01T01:16:12.915670,Nussdorf S,25,346598
2025-08-01T01:16:12.915670,Nussdorf S,25,347411
2025-08-01T01:16:12.915670,Nussdorf S,25,347287
2025-08-01T01:16:12.915670,Nussdorf S,25,347212
2025-08-01T01:16:12.915670,Nussdorf S,25,347125
2025-08-01T01:16:12.915670,Nussdorf S,25,347575
2025-08-01T01:16:12.915670,Nussdorf S,25,347568
2025-08-01T01:16:12.915670,Nussdorf S,25,348273
2025-08-01T01:16:12.915670,Nussdorf S,25,348271
2025-08-01T01:16:12.915670,Nussdorf S,25,348258
2025-08-01T01:16:12.915670,Nussdorf S,25,348169
2025-08-01T01:16:12.915670,Nussdorf S,25,348668
2025-08-01T01:16:12.915670,Kultursommer25 - Nordwestbahnhof,10,345405
2025-08-01T01:16:12.915670,Kultursommer25 - Nordwestbahnhof,10,345312
2025-08-01T01:16:12.915670,Kultursommer25 - Nordwestbahnhof,10,345166
2025-08-01T01:16:12.915670,Kultursommer25 - Nordwestbahnhof,10,345977
2025-08-01T01:16:12.915670,Kultursommer25 - Nordwestbahnhof,10,345670
2025-08-01T01:16:12.915670,Kultursommer25 - Nordwestbahnhof,10,346232
2025-08-01T01:16:12.915670,Kultursommer25 - Nordwestbahnhof,10,346992
2025-08-01T01:16:12.915670,Kultursommer25 - Nordwestbahnhof,10,347987
2025-08-01T01:16:12.915670,Kultursommer25 - Nordwestbahnhof,10,347978
2025-08-01T01:16:12.915670,Kultursommer25 - Nordwestbahnhof,10,348439
2025-08-01T01:16:12.915670,Kultursommer25 - Fußballverein 1210,16,345467
2025-08-01T01:16:12.915670,Kultursommer25 - Fußballverein 1210,16,345921
2025-08-01T01:16:12.915670,Kultursommer25 - Fußballverein 1210,16,345737
2025-08-01T01:16:12.915670,Kultursommer25 - Fußballverein 1210,16,345625
2025-08-01T01:16:12.915670,Kultursommer25 - Fußballverein 1210,16,345580
2025-08-01T01:16:12.915670,Kultursommer25 - Fußballverein 1210,16,346440
2025-08-01T01:16:12.915670,Kultursommer25 - Fußballverein 1210,16,346386
2025-08-01T01:16:12.915670,Kultursommer25 - Fußballverein 1210,16,346341
2025-08-01T01:16:12.915670,Kultursommer25 - Fußballverein 1210,16,346018
2025-08-01T01:16:12.915670,Kultursommer25 - Fußballverein 1210,16,346911
2025-08-01T01:16:12.915670,Kultursommer25 - Fußballverein 1210,16,347248
2025-08-01T01:16:12.915670,Kultursommer25 - Fußballverein 1210,16,347243
2025-08-01T01:16:12.915670,Kultursommer25 - Fußballverein 1210,16,347137
2025-08-01T01:16:12.915670,Kultursommer25 - Fußballverein 1210,16,348361
2025-08-01T01:16:12.915670,Kultursommer25 - Fußballverein 1210,16,348082
2025-08-01T01:16:12.915670,Kultursommer25 - Fußballverein 1210,16,348525
2025-08-01T01:16:12.915670,Kultursommer25 - Wilhelmsdorfer Park,1,345035
2025-08-01T01:16:12.915670,Kultursommer25 - Reithofferpark,3,345296
2025-08-01T01:16:12.915670,Kultursommer25 - Reithofferpark,3,345973
2025-08-01T01:16:12.915670,Kultursommer25 - Reithofferpark,3,347296
2025-08-01T01:16:12.915670,Bertha-von-Suttner-Gasse,10,346382
2025-08-01T01:16:12.915670,Bertha-von-Suttner-Gasse,10,346286
2025-08-01T01:16:12.915670,Bertha-von-Suttner-Gasse,10,347423
2025-08-01T01:16:12.915670,Bertha-von-Suttner-Gasse,10,347175
2025-08-01T01:16:12.915670,Bertha-von-Suttner-Gasse,10,347958
2025-08-01T01:16:12.915670,Bertha-von-Suttner-Gasse,10,347912
2025-08-01T01:16:12.915670,Bertha-von-Suttner-Gasse,10,347865
2025-08-01T01:16:12.915670,Bertha-von-Suttner-Gasse,10,347861
2025-08-01T01:16:12.915670,Bertha-von-Suttner-Gasse,10,348053
2025-08-01T01:16:12.915670,Bertha-von-Suttner-Gasse,10,348679
2025-08-01T01:16:12.915670,Hauptbahnhof Ost,11,345271
2025-08-01T01:16:12.915670,Hauptbahnhof Ost,11,345231
2025-08-01T01:16:12.915670,Hauptbahnhof Ost,11,346478
2025-08-01T01:16:12.915670,Hauptbahnhof Ost,11,346840
2025-08-01T01:16:12.915670,Hauptbahnhof Ost,11,346764
2025-08-01T01:16:12.915670,Hauptbahnhof Ost,11,346655
2025-08-01T01:16:12.915670,Hauptbahnhof Ost,11,346640
2025-08-01T01:16:12.915670,Hauptbahnhof Ost,11,347897
2025-08-01T01:16:12.915670,Hauptbahnhof Ost,11,347876
2025-08-01T01:16:12.915670,Hauptbahnhof Ost,11,347870
2025-08-01T01:16:12.915670,Hauptbahnhof Ost,11,348120
2025-08-01T01:16:12.915670,FH Technikum,13,345168
2025-08-01T01:16:12.915670,FH Technikum,13,345142
2025-08-01T01:16:12.915670,FH Technikum,13,345076
2025-08-01T01:16:12.915670,FH Technikum,13,345748
2025-08-01T01:16:12.915670,FH Technikum,13,346034
2025-08-01T01:16:12.915670,FH Technikum,13,346001
2025-08-01T01:16:12.915670,FH Technikum,13,346958
2025-08-01T01:16:12.915670,FH Technikum,13,346802
2025-08-01T01:16:12.915670,FH Technikum,13,347434
2025-08-01T01:16:12.915670,FH Technikum,13,347084
2025-08-01T01:16:12.915670,FH Technikum,13,348427
2025-08-01T01:16:12.915670,FH Technikum,13,348365
2025-08-01T01:16:12.915670,FH Technikum,13,348113
2025-08-01T01:16:12.915670,Hafen Wien,13,345431
2025-08-01T01:16:12.915670,Hafen Wien,13,345391
2025-08-01T01:16:12.915670,Hafen Wien,13,345996
2025-08-01T01:16:12.915670,Hafen Wien,13,345889
2025-08-01T01:16:12.915670,Hafen Wien,13,345571
2025-08-01T01:16:12.915670,Hafen Wien,13,345530
2025-08-01T01:16:12.915670,Hafen Wien,13,346439
2025-08-01T01:16:12.915670,Hafen Wien,13,346374
2025-08-01T01:16:12.915670,Hafen Wien,13,347415
2025-08-01T01:16:12.915670,Hafen Wien,13,347277
2025-08-01T01:16:12.915670,Hafen Wien,13,347588
2025-08-01T01:16:12.915670,Hafen Wien,13,348286
2025-08-01T01:16:12.915670,Hafen Wien,13,348705
2025-08-01T01:16:12.915670,Seestadt U - Lina-Bo-Bardi-Platz,1,346183
2025-08-01T01:16:12.915670,Barbara-Prammer-Allee,5,345022
2025-08-01T01:16:12.915670,Barbara-Prammer-Allee,5,346897
2025-08-01T01:16:12.915670,Barbara-Prammer-Allee,5,346505
2025-08-01T01:16:12.915670,Barbara-Prammer-Allee,5,348592
2025-08-01T01:16:12.915670,Barbara-Prammer-Allee,5,348552
2025-08-01T01:16:12.915670,Sonnenallee,1,346140
2025-08-01T01:16:12.915670,AIT Austrian Institute of Technology / Giefinggasse ,4,347410
2025-08-01T01:16:12.915670,AIT Austrian Institute of Technology / Giefinggasse ,4,347356
2025-08-01T01:16:12.915670,AIT Austrian Institute of Technology / Giefinggasse ,4,347916
2025-08-01T01:16:12.915670,AIT Austrian Institute of Technology / Giefinggasse ,4,347835
2025-08-01T01:16:12.915670,Blériotgasse,19,345483
2025-08-01T01:16:12.915670,Blériotgasse,19,345202
2025-08-01T01:16:12.915670,Blériotgasse,19,345028
2025-08-01T01:16:12.915670,Blériotgasse,19,345636
2025-08-01T01:16:12.915670,Blériotgasse,19,345577
2025-08-01T01:16:12.915670,Blériotgasse,19,346198
2025-08-01T01:16:12.915670,Blériotgasse,19,346572
2025-08-01T01:16:12.915670,Blériotgasse,19,347446
2025-08-01T01:16:12.915670,Blériotgasse,19,347441
2025-08-01T01:16:12.915670,Blériotgasse,19,347416
2025-08-01T01:16:12.915670,Blériotgasse,19,347399
2025-08-01T01:16:12.915670,Blériotgasse,19,347398
2025-08-01T01:16:12.915670,Blériotgasse,19,347190
2025-08-01T01:16:12.915670,Blériotgasse,19,347952
2025-08-01T01:16:12.915670,Blériotgasse,19,347903
2025-08-01T01:16:12.915670,Blériotgasse,19,347690
2025-08-01T01:16:12.915670,Blériotgasse,19,347555
2025-08-01T01:16:12.915670,Blériotgasse,19,347516
2025-08-01T01:16:12.915670,Blériotgasse,19,348659
2025-08-01T01:16:12.915670,Vetmed Haupteingang,8,346397
2025-08-01T01:16:12.915670,Vetmed Haupteingang,8,346108
2025-08-01T01:16:12.915670,Vetmed Haupteingang,8,346781
2025-08-01T01:16:12.915670,Vetmed Haupteingang,8,346583
2025-08-01T01:16:12.915670,Vetmed Haupteingang,8,347414
2025-08-01T01:16:12.915670,Vetmed Haupteingang,8,347848
2025-08-01T01:16:12.915670,Vetmed Haupteingang,8,348403
2025-08-01T01:16:12.915670,Vetmed Haupteingang,8,348040
2025-08-01T01:16:12.915670,Vetmed UB,8,346422
2025-08-01T01:16:12.915670,Vetmed UB,8,346256
2025-08-01T01:16:12.915670,Vetmed UB,8,346098
2025-08-01T01:16:12.915670,Vetmed UB,8,346741
2025-08-01T01:16:12.915670,Vetmed UB,8,348265
2025-08-01T01:16:12.915670,Vetmed UB,8,348093
2025-08-01T01:16:12.915670,Vetmed UB,8,348626
2025-08-01T01:16:12.915670,Vetmed UB,8,348596
2025-08-01T01:16:12.915670,Rebhanngasse / Nordbahnstrasse,14,345387
2025-08-01T01:16:12.915670,Rebhanngasse / Nordbahnstrasse,14,345950
2025-08-01T01:16:12.915670,Rebhanngasse / Nordbahnstrasse,14,346474
2025-08-01T01:16:12.915670,Rebhanngasse / Nordbahnstrasse,14,346427
2025-08-01T01:16:12.915670,Rebhanngasse / Nordbahnstrasse,14,346177
2025-08-01T01:16:12.915670,Rebhanngasse / Nordbahnstrasse,14,346868
2025-08-01T01:16:12.915670,Rebhanngasse / Nordbahnstrasse,14,346739
2025-08-01T01:16:12.915670,Rebhanngasse / Nordbahnstrasse,14,347395
2025-08-01T01:16:12.915670,Rebhanngasse / Nordbahnstrasse,14,347374
2025-08-01T01:16:12.915670,Rebhanngasse / Nordbahnstrasse,14,347236
2025-08-01T01:16:12.915670,Rebhanngasse / Nordbahnstrasse,14,348215
2025-08-01T01:16:12.915670,Rebhanngasse / Nordbahnstrasse,14,348080
2025-08-01T01:16:12.915670,Rebhanngasse / Nordbahnstrasse,14,348678
2025-08-01T01:16:12.915670,Rebhanngasse / Nordbahnstrasse,14,348917
2025-08-01T01:16:12.915670,Kultursommer25 - Atzgersdorf Stadtpark,11,345061
2025-08-01T01:16:12.915670,Kultursommer25 - Atzgersdorf Stadtpark,11,345995
2025-08-01T01:16:12.915670,Kultursommer25 - Atzgersdorf Stadtpark,11,345854
2025-08-01T01:16:12.915670,Kultursommer25 - Atzgersdorf Stadtpark,11,345552
2025-08-01T01:16:12.915670,Kultursommer25 - Atzgersdorf Stadtpark,11,346333
2025-08-01T01:16:12.915670,Kultursommer25 - Atzgersdorf Stadtpark,11,346329
2025-08-01T01:16:12.915670,Kultursommer25 - Atzgersdorf Stadtpark,11,346896
2025-08-01T01:16:12.915670,Kultursommer25 - Atzgersdorf Stadtpark,11,346870
2025-08-01T01:16:12.915670,Kultursommer25 - Atzgersdorf Stadtpark,11,347016
2025-08-01T01:16:12.915670,Kultursommer25 - Atzgersdorf Stadtpark,11,347638
2025-08-01T01:16:12.915670,Kultursommer25 - Atzgersdorf Stadtpark,11,348486
2025-08-01T01:16:12.915670,Kultursommer25 - Schrödingerplatz,8,345751
2025-08-01T01:16:12.915670,Kultursommer25 - Schrödingerplatz,8,346470
2025-08-01T01:16:12.915670,Kultursommer25 - Schrödingerplatz,8,346348
2025-08-01T01:16:12.915670,Kultursommer25 - Schrödingerplatz,8,347781
2025-08-01T01:16:12.915670,Kultursommer25 - Schrödingerplatz,8,347764
2025-08-01T01:16:12.915670,Kultursommer25 - Schrödingerplatz,8,348339
2025-08-01T01:16:12.915670,Kultursommer25 - Schrödingerplatz,8,348242
2025-08-01T01:16:12.915670,Kultursommer25 - Schrödingerplatz,8,348043
2025-08-01T01:16:12.915670,Karl Tornay Gasse ,12,345576
2025-08-01T01:16:12.915670,Karl Tornay Gasse ,12,345567
2025-08-01T01:16:12.915670,Karl Tornay Gasse ,12,345507
2025-08-01T01:16:12.915670,Karl Tornay Gasse ,12,346195
2025-08-01T01:16:12.915670,Karl Tornay Gasse ,12,346728
2025-08-01T01:16:12.915670,Karl Tornay Gasse ,12,346647
2025-08-01T01:16:12.915670,Karl Tornay Gasse ,12,347432
2025-08-01T01:16:12.915670,Karl Tornay Gasse ,12,347188
2025-08-01T01:16:12.915670,Karl Tornay Gasse ,12,347149
2025-08-01T01:16:12.915670,Karl Tornay Gasse ,12,347985
2025-08-01T01:16:12.915670,Karl Tornay Gasse ,12,347648
2025-08-01T01:16:12.915670,Karl Tornay Gasse ,12,348164
2025-08-01T01:16:12.915670,BIKE 348188,1,348188
2025-08-01T01:16:12.915670,BIKE 347945,1,347945
2025-08-01T01:16:12.915670,BIKE 347075,1,347075
2025-08-01T01:16:12.915670,BIKE 347304,1,347304
2025-08-01T01:16:12.915670,BIKE 348692,1,348692
2025-08-01T01:16:12.915670,BIKE 345402,1,345402
2025-08-01T01:16:12.915670,BIKE 346847,1,346847
2025-08-01T01:16:12.915670,BIKE 345192,1,345192
2025-08-01T01:16:12.915670,BIKE 345811,1,345811
2025-08-01T01:16:12.915670,BIKE 345349,1,345349
2025-08-01T01:16:12.915670,BIKE 348042,1,348042
2025-08-01T01:16:12.915670,BIKE 345128,1,345128
2025-08-01T01:16:12.915670,BIKE 346366,1,346366
2025-08-01T01:16:12.915670,BIKE 345809,1,345809
2025-08-01T01:16:12.915670,BIKE 346748,1,346748
2025-08-01T01:16:12.915670,BIKE 346379,1,346379
2025-08-01T01:16:12.915670,BIKE 347854,1,347854
2025-08-01T01:16:12.915670,BIKE 347060,1,347060
2025-08-01T01:16:12.915670,BIKE 346322,1,346322
2025-08-01T01:16:12.915670,BIKE 347884,1,347884
2025-08-01T01:16:12.915670,BIKE 347845,1,347845
2025-08-01T01:16:12.915670,BIKE 347792,1,347792
2025-08-01T01:16:12.915670,BIKE 348096,1,348096
2025-08-01T01:16:12.915670,BIKE 346945,1,346945
2025-08-01T01:16:12.915670,BIKE 347703,1,347703
2025-08-01T01:16:12.915670,BIKE 348274,1,348274
2025-08-01T01:16:12.915670,BIKE 345154,1,345154
2025-08-01T01:16:12.915670,BIKE 347573,1,347573
2025-08-01T01:16:12.915670,BIKE 346982,1,346982
2025-08-01T01:16:12.915670,BIKE 345441,1,345441
2025-08-01T01:16:12.915670,BIKE 346757,1,346757
2025-08-01T01:16:12.915670,BIKE 347282,1,347282
2025-08-01T01:16:12.915670,BIKE 346590,1,346590
2025-08-01T01:16:12.915670,BIKE 347286,1,347286
2025-08-01T01:16:12.915670,BIKE 346623,1,346623
2025-08-01T01:16:12.915670,BIKE 348521,1,348521
2025-08-01T01:16:12.915670,BIKE 346941,1,346941
2025-08-01T01:16:12.915670,BIKE 346584,1,346584
2025-08-01T01:16:12.915670,BIKE 348190,1,348190
2025-08-01T01:16:12.915670,BIKE 345141,1,345141
2025-08-01T01:16:12.915670,BIKE 398728,1,398728
2025-08-01T01:16:12.915670,BIKE 92411,1,92411
2025-08-01T01:16:12.915670,BIKE 347786,1,347786
2025-08-01T01:16:12.915670,BIKE 346630,1,346630
2025-08-01T01:16:12.915670,BIKE 347552,1,347552
2025-08-01T01:16:12.915670,BIKE 346326,1,346326
2025-08-01T01:16:12.915670,BIKE 345672,1,345672
2025-08-01T01:16:12.915670,BIKE 348704,1,348704
2025-08-01T01:16:12.915670,BIKE 347827,1,347827
2025-08-01T01:16:12.915670,BIKE 345859,1,345859
2025-08-01T01:16:12.915670,BIKE 346250,1,346250
2025-08-01T01:16:12.915670,BIKE 348052,1,348052
2025-08-01T01:16:12.915670,BIKE 345090,1,345090
2025-08-01T01:16:12.915670,BIKE 347920,1,347920
2025-08-01T01:16:12.915670,BIKE 345295,1,345295
2025-08-01T01:16:12.915670,BIKE 348604,1,348604
2025-08-01T01:16:12.915670,BIKE 347513,1,347513
2025-08-01T01:16:12.915670,BIKE 345301,1,345301
2025-08-01T01:16:12.915670,BIKE 346501,1,346501
2025-08-01T01:16:12.915670,BIKE 348698,1,348698
2025-08-01T01:16:12.915670,BIKE 348586,1,348586
2025-08-01T01:16:12.915670,BIKE 346564,1,346564
2025-08-01T01:16:12.915670,BIKE 345693,1,345693
2025-08-01T01:16:12.915670,BIKE 347771,1,347771
2025-08-01T01:16:12.915670,BIKE 348646,1,348646
2025-08-01T01:16:12.915670,BIKE 348700,1,348700
2025-08-01T01:16:12.915670,BIKE 345354,1,345354
2025-08-01T01:16:12.915670,BIKE 347782,1,347782
2025-08-01T01:16:12.915670,BIKE 348595,1,348595
2025-08-01T01:16:12.915670,BIKE 346544,1,346544
2025-08-01T01:16:12.915670,BIKE 346094,1,346094
2025-08-01T01:16:12.915670,BIKE 348054,1,348054
2025-08-01T01:16:12.915670,BIKE 346799,1,346799
2025-08-01T01:16:12.915670,BIKE 347371,1,347371
2025-08-01T01:16:12.915670,BIKE 346657,1,346657
2025-08-01T01:16:12.915670,BIKE 346800,1,346800
2025-08-01T01:16:12.915670,BIKE 347115,1,347115
2025-08-01T01:16:12.915670,BIKE 346601,1,346601
2025-08-01T01:16:12.915670,BIKE 347249,1,347249
2025-08-01T01:16:12.915670,BIKE 347579,1,347579
2025-08-01T01:16:12.915670,BIKE 345546,1,345546
2025-08-01T01:16:12.915670,BIKE 346587,1,346587
2025-08-01T01:16:12.915670,BIKE 347878,1,347878
2025-08-01T01:16:12.915670,BIKE 346191,1,346191
2025-08-01T01:16:12.915670,BIKE 345200,1,345200
2025-08-01T01:16:12.915670,BIKE 348563,1,348563
2025-08-01T01:16:12.915670,BIKE 346922,1,346922
2025-08-01T01:16:12.915670,BIKE 346069,1,346069
2025-08-01T01:16:12.915670,BIKE 346294,1,346294
2025-08-01T01:16:12.915670,BIKE 347152,1,347152
2025-08-01T01:16:12.915670,BIKE 347817,1,347817
2025-08-01T01:16:12.915670,BIKE 348533,1,348533
2025-08-01T01:16:12.915670,BIKE 348687,1,348687
2025-08-01T01:16:12.915670,BIKE 346343,1,346343
2025-08-01T01:16:12.915670,BIKE 347644,1,347644
2025-08-01T01:16:12.915670,BIKE 345486,1,345486
2025-08-01T01:16:12.915670,BIKE 345742,1,345742
2025-08-01T01:16:12.915670,BIKE 348300,1,348300
2025-08-01T01:16:12.915670,BIKE 347694,1,347694
2025-08-01T01:16:12.915670,BIKE 347730,1,347730
2025-08-01T01:16:12.915670,BIKE 348323,1,348323
2025-08-01T01:16:12.915670,BIKE 346225,1,346225
2025-08-01T01:16:12.915670,BIKE 346075,1,346075
2025-08-01T01:16:12.915670,BIKE 346552,1,346552
2025-08-01T01:16:12.915670,BIKE 346594,1,346594
2025-08-01T01:16:12.915670,BIKE 347572,1,347572
2025-08-01T01:16:12.915670,BIKE 347052,1,347052
2025-08-01T01:16:12.915670,BIKE 346396,1,346396
2025-08-01T01:16:12.915670,BIKE 348048,1,348048
2025-08-01T01:16:12.915670,BIKE 347148,1,347148
2025-08-01T01:16:12.915670,BIKE 345398,1,345398
2025-08-01T01:16:12.915670,BIKE 345408,1,345408
2025-08-01T01:16:12.915670,BIKE 347279,1,347279
2025-08-01T01:16:12.915670,BIKE 346619,1,346619
2025-08-01T01:16:12.915670,BIKE 348947,1,348947
2025-08-01T01:16:12.915670,BIKE 347313,1,347313
2025-08-01T01:16:12.915670,BIKE 346853,1,346853
2025-08-01T01:16:12.915670,BIKE 345824,1,345824
2025-08-01T01:16:12.915670,BIKE 347134,1,347134
2025-08-01T01:16:12.915670,BIKE 345537,1,345537
2025-08-01T01:16:12.915670,BIKE 346729,1,346729
2025-08-01T01:16:12.915670,BIKE 345971,1,345971
2025-08-01T01:16:12.915670,BIKE 348953,1,348953
2025-08-01T01:16:12.915670,BIKE 348010,1,348010
2025-08-01T01:16:12.915670,BIKE 347550,1,347550
2025-08-01T01:16:12.915670,BIKE 348425,1,348425
2025-08-01T01:16:12.915670,BIKE 347823,1,347823
2025-08-01T01:16:12.915670,BIKE 346951,1,346951
2025-08-01T01:16:12.915670,BIKE 345817,1,345817
2025-08-01T01:16:12.915670,BIKE 345727,1,345727
2025-08-01T01:16:12.915670,BIKE 347977,1,347977
2025-08-01T01:16:12.915670,BIKE 347783,1,347783
2025-08-01T01:16:12.915670,BIKE 345529,1,345529
2025-08-01T01:16:12.915670,BIKE 347053,1,347053
2025-08-01T01:16:12.915670,BIKE 347795,1,347795
2025-08-01T01:16:12.915670,BIKE 345584,1,345584
2025-08-01T01:16:12.915670,BIKE 347589,1,347589
2025-08-01T01:16:12.915670,BIKE 345276,1,345276
2025-08-01T01:16:12.915670,BIKE 347222,1,347222
2025-08-01T01:16:12.915670,BIKE 348495,1,348495
2025-08-01T01:16:12.915670,BIKE 345085,1,345085
2025-08-01T01:16:12.915670,BIKE 347294,1,347294
2025-08-01T01:16:12.915670,BIKE 345813,1,345813
2025-08-01T01:16:12.915670,BIKE 347469,1,347469
2025-08-01T01:16:12.915670,BIKE 346934,1,346934
2025-08-01T01:16:12.915670,BIKE 345279,1,345279
2025-08-01T01:16:12.915670,BIKE 348181,1,348181
2025-08-01T01:16:12.915670,BIKE 346335,1,346335
2025-08-01T01:16:12.915670,BIKE 348923,1,348923
2025-08-01T01:16:12.915670,BIKE 346634,1,346634
2025-08-01T03:26:16.549464,Julius-Raab-Platz,2,347300
2025-08-01T03:26:16.549464,Julius-Raab-Platz,2,348871
2025-08-01T03:26:16.549464,Hoher Markt,21,345999
2025-08-01T03:26:16.549464,Hoher Markt,21,345951
2025-08-01T03:26:16.549464,Hoher Markt,21,345847
2025-08-01T03:26:16.549464,Hoher Markt,21,345739
2025-08-01T03:26:16.549464,Hoher Markt,21,346097
2025-08-01T03:26:16.549464,Hoher Markt,21,346946
2025-08-01T03:26:16.549464,Hoher Markt,21,346891
2025-08-01T03:26:16.549464,Hoher Markt,21,346839
2025-08-01T03:26:16.549464,Hoher Markt,21,346683
2025-08-01T03:26:16.549464,Hoher Markt,21,346562
2025-08-01T03:26:16.549464,Hoher Markt,21,346525
2025-08-01T03:26:16.549464,Hoher Markt,21,347428
2025-08-01T03:26:16.549464,Hoher Markt,21,347384
2025-08-01T03:26:16.549464,Hoher Markt,21,347042
2025-08-01T03:26:16.549464,Hoher Markt,21,347852
2025-08-01T03:26:16.549464,Hoher Markt,21,347774
2025-08-01T03:26:16.549464,Hoher Markt,21,347594
2025-08-01T03:26:16.549464,Hoher Markt,21,348295
2025-08-01T03:26:16.549464,Hoher Markt,21,348175
2025-08-01T03:26:16.549464,Hoher Markt,21,348152
2025-08-01T03:26:16.549464,Hoher Markt,21,348106
2025-08-01T03:26:16.549464,Oper,17,345328
2025-08-01T03:26:16.549464,Oper,17,345314
2025-08-01T03:26:16.549464,Oper,17,345215
2025-08-01T03:26:16.549464,Oper,17,345023
2025-08-01T03:26:16.549464,Oper,17,345003
2025-08-01T03:26:16.549464,Oper,17,345639
2025-08-01T03:26:16.549464,Oper,17,345535
2025-08-01T03:26:16.549464,Oper,17,346447
2025-08-01T03:26:16.549464,Oper,17,346387
2025-08-01T03:26:16.549464,Oper,17,346962
2025-08-01T03:26:16.549464,Oper,17,346754
2025-08-01T03:26:16.549464,Oper,17,346678
2025-08-01T03:26:16.549464,Oper,17,346667
2025-08-01T03:26:16.549464,Oper,17,347921
2025-08-01T03:26:16.549464,Oper,17,347905
2025-08-01T03:26:16.549464,Oper,17,348477
2025-08-01T03:26:16.549464,Oper,17,348667
2025-08-01T03:26:16.549464,Stephansplatz U,4,346180
2025-08-01T03:26:16.549464,Stephansplatz U,4,346010
2025-08-01T03:26:16.549464,Stephansplatz U,4,347710
2025-08-01T03:26:16.549464,Stephansplatz U,4,348574
2025-08-01T03:26:16.549464,Taborstraße U,13,345334
2025-08-01T03:26:16.549464,Taborstraße U,13,345047
2025-08-01T03:26:16.549464,Taborstraße U,13,346492
2025-08-01T03:26:16.549464,Taborstraße U,13,346182
2025-08-01T03:26:16.549464,Taborstraße U,13,346105
2025-08-01T03:26:16.549464,Taborstraße U,13,346907
2025-08-01T03:26:16.549464,Taborstraße U,13,346545
2025-08-01T03:26:16.549464,Taborstraße U,13,347387
2025-08-01T03:26:16.549464,Taborstraße U,13,347183
2025-08-01T03:26:16.549464,Taborstraße U,13,347930
2025-08-01T03:26:16.549464,Taborstraße U,13,348466
2025-08-01T03:26:16.549464,Taborstraße U,13,348370
2025-08-01T03:26:16.549464,Taborstraße U,13,348116
2025-08-01T03:26:16.549464,WU-Campus / Südportalstraße ,17,345392
2025-08-01T03:26:16.549464,WU-Campus / Südportalstraße ,17,345151
2025-08-01T03:26:16.549464,WU-Campus / Südportalstraße ,17,345018
2025-08-01T03:26:16.549464,WU-Campus / Südportalstraße ,17,345017
2025-08-01T03:26:16.549464,WU-Campus / Südportalstraße ,17,345939
2025-08-01T03:26:16.549464,WU-Campus / Südportalstraße ,17,345911
2025-08-01T03:26:16.549464,WU-Campus / Südportalstraße ,17,346404
2025-08-01T03:26:16.549464,WU-Campus / Südportalstraße ,17,346713
2025-08-01T03:26:16.549464,WU-Campus / Südportalstraße ,17,347173
2025-08-01T03:26:16.549464,WU-Campus / Südportalstraße ,17,347116
2025-08-01T03:26:16.549464,WU-Campus / Südportalstraße ,17,347067
2025-08-01T03:26:16.549464,WU-Campus / Südportalstraße ,17,347038
2025-08-01T03:26:16.549464,WU-Campus / Südportalstraße ,17,347968
2025-08-01T03:26:16.549464,WU-Campus / Südportalstraße ,17,347798
2025-08-01T03:26:16.549464,WU-Campus / Südportalstraße ,17,348434
2025-08-01T03:26:16.549464,WU-Campus / Südportalstraße ,17,348197
2025-08-01T03:26:16.549464,WU-Campus / Südportalstraße ,17,348144
2025-08-01T03:26:16.549464,Radetzkyplatz,21,345248
2025-08-01T03:26:16.549464,Radetzkyplatz,21,345220
2025-08-01T03:26:16.549464,Radetzkyplatz,21,345155
2025-08-01T03:26:16.549464,Radetzkyplatz,21,345014
2025-08-01T03:26:16.549464,Radetzkyplatz,21,345676
2025-08-01T03:26:16.549464,Radetzkyplatz,21,345517
2025-08-01T03:26:16.549464,Radetzkyplatz,21,346822
2025-08-01T03:26:16.549464,Radetzkyplatz,21,346806
2025-08-01T03:26:16.549464,Radetzkyplatz,21,346798
2025-08-01T03:26:16.549464,Radetzkyplatz,21,346691
2025-08-01T03:26:16.549464,Radetzkyplatz,21,346579
2025-08-01T03:26:16.549464,Radetzkyplatz,21,347336
2025-08-01T03:26:16.549464,Radetzkyplatz,21,347201
2025-08-01T03:26:16.549464,Radetzkyplatz,21,347974
2025-08-01T03:26:16.549464,Radetzkyplatz,21,347942
2025-08-01T03:26:16.549464,Radetzkyplatz,21,347941
2025-08-01T03:26:16.549464,Radetzkyplatz,21,347910
2025-08-01T03:26:16.549464,Radetzkyplatz,21,347881
2025-08-01T03:26:16.549464,Radetzkyplatz,21,347760
2025-08-01T03:26:16.549464,Radetzkyplatz,21,348498
2025-08-01T03:26:16.549464,Radetzkyplatz,21,348378
2025-08-01T03:26:16.549464,Bahngasse / mdw-University of Music and Performing Arts,4,345478
2025-08-01T03:26:16.549464,Bahngasse / mdw-University of Music and Performing Arts,4,346272
2025-08-01T03:26:16.549464,Bahngasse / mdw-University of Music and Performing Arts,4,347914
2025-08-01T03:26:16.549464,Bahngasse / mdw-University of Music and Performing Arts,4,347539
2025-08-01T03:26:16.549464,Erdberg U,10,345185
2025-08-01T03:26:16.549464,Erdberg U,10,345127
2025-08-01T03:26:16.549464,Erdberg U,10,345972
2025-08-01T03:26:16.549464,Erdberg U,10,345927
2025-08-01T03:26:16.549464,Erdberg U,10,345819
2025-08-01T03:26:16.549464,Erdberg U,10,347270
2025-08-01T03:26:16.549464,Erdberg U,10,347246
2025-08-01T03:26:16.549464,Erdberg U,10,347983
2025-08-01T03:26:16.549464,Erdberg U,10,347724
2025-08-01T03:26:16.549464,Erdberg U,10,348576
2025-08-01T03:26:16.549464,Media Quarter Marx,38,345411
2025-08-01T03:26:16.549464,Media Quarter Marx,38,345262
2025-08-01T03:26:16.549464,Media Quarter Marx,38,345149
2025-08-01T03:26:16.549464,Media Quarter Marx,38,345065
2025-08-01T03:26:16.549464,Media Quarter Marx,38,345954
2025-08-01T03:26:16.549464,Media Quarter Marx,38,345873
2025-08-01T03:26:16.549464,Media Quarter Marx,38,345801
2025-08-01T03:26:16.549464,Media Quarter Marx,38,345799
2025-08-01T03:26:16.549464,Media Quarter Marx,38,346426
2025-08-01T03:26:16.549464,Media Quarter Marx,38,346295
2025-08-01T03:26:16.549464,Media Quarter Marx,38,346290
2025-08-01T03:26:16.549464,Media Quarter Marx,38,346255
2025-08-01T03:26:16.549464,Media Quarter Marx,38,346185
2025-08-01T03:26:16.549464,Media Quarter Marx,38,346127
2025-08-01T03:26:16.549464,Media Quarter Marx,38,346066
2025-08-01T03:26:16.549464,Media Quarter Marx,38,346046
2025-08-01T03:26:16.549464,Media Quarter Marx,38,346973
2025-08-01T03:26:16.549464,Media Quarter Marx,38,346762
2025-08-01T03:26:16.549464,Media Quarter Marx,38,346703
2025-08-01T03:26:16.549464,Media Quarter Marx,38,347471
2025-08-01T03:26:16.549464,Media Quarter Marx,38,347373
2025-08-01T03:26:16.549464,Media Quarter Marx,38,347367
2025-08-01T03:26:16.549464,Media Quarter Marx,38,347318
2025-08-01T03:26:16.549464,Media Quarter Marx,38,347315
2025-08-01T03:26:16.549464,Media Quarter Marx,38,347303
2025-08-01T03:26:16.549464,Media Quarter Marx,38,347174
2025-08-01T03:26:16.549464,Media Quarter Marx,38,347853
2025-08-01T03:26:16.549464,Media Quarter Marx,38,347560
2025-08-01T03:26:16.549464,Media Quarter Marx,38,348396
2025-08-01T03:26:16.549464,Media Quarter Marx,38,348357
2025-08-01T03:26:16.549464,Media Quarter Marx,38,348320
2025-08-01T03:26:16.549464,Media Quarter Marx,38,348236
2025-08-01T03:26:16.549464,Media Quarter Marx,38,348104
2025-08-01T03:26:16.549464,Media Quarter Marx,38,348097
2025-08-01T03:26:16.549464,Media Quarter Marx,38,348068
2025-08-01T03:26:16.549464,Media Quarter Marx,38,348065
2025-08-01T03:26:16.549464,Media Quarter Marx,38,348062
2025-08-01T03:26:16.549464,Media Quarter Marx,38,348632
2025-08-01T03:26:16.549464,Rennweg S,12,345298
2025-08-01T03:26:16.549464,Rennweg S,12,345099
2025-08-01T03:26:16.549464,Rennweg S,12,345743
2025-08-01T03:26:16.549464,Rennweg S,12,345627
2025-08-01T03:26:16.549464,Rennweg S,12,346486
2025-08-01T03:26:16.549464,Rennweg S,12,346125
2025-08-01T03:26:16.549464,Rennweg S,12,346997
2025-08-01T03:26:16.549464,Rennweg S,12,347742
2025-08-01T03:26:16.549464,Rennweg S,12,347603
2025-08-01T03:26:16.549464,Rennweg S,12,348400
2025-08-01T03:26:16.549464,Rennweg S,12,348160
2025-08-01T03:26:16.549464,Rennweg S,12,348529
2025-08-01T03:26:16.549464,Rochusmarkt,16,345493
2025-08-01T03:26:16.549464,Rochusmarkt,16,345259
2025-08-01T03:26:16.549464,Rochusmarkt,16,345568
2025-08-01T03:26:16.549464,Rochusmarkt,16,347339
2025-08-01T03:26:16.549464,Rochusmarkt,16,347165
2025-08-01T03:26:16.549464,Rochusmarkt,16,347158
2025-08-01T03:26:16.549464,Rochusmarkt,16,347029
2025-08-01T03:26:16.549464,Rochusmarkt,16,347992
2025-08-01T03:26:16.549464,Rochusmarkt,16,347944
2025-08-01T03:26:16.549464,Rochusmarkt,16,347838
2025-08-01T03:26:16.549464,Rochusmarkt,16,348494
2025-08-01T03:26:16.549464,Rochusmarkt,16,348283
2025-08-01T03:26:16.549464,Rochusmarkt,16,348128
2025-08-01T03:26:16.549464,Rochusmarkt,16,348121
2025-08-01T03:26:16.549464,Rochusmarkt,16,348034
2025-08-01T03:26:16.549464,Rochusmarkt,16,348545
2025-08-01T03:26:16.549464,Schwarzenbergplatz,1,345604
2025-08-01T03:26:16.549464,Heumühlgasse,1,346137
2025-08-01T03:26:16.549464,Margaretengürtel U,13,345221
2025-08-01T03:26:16.549464,Margaretengürtel U,13,345871
2025-08-01T03:26:16.549464,Margaretengürtel U,13,346493
2025-08-01T03:26:16.549464,Margaretengürtel U,13,346186
2025-08-01T03:26:16.549464,Margaretengürtel U,13,346817
2025-08-01T03:26:16.549464,Margaretengürtel U,13,346559
2025-08-01T03:26:16.549464,Margaretengürtel U,13,347386
2025-08-01T03:26:16.549464,Margaretengürtel U,13,347114
2025-08-01T03:26:16.549464,Margaretengürtel U,13,347108
2025-08-01T03:26:16.549464,Margaretengürtel U,13,347938
2025-08-01T03:26:16.549464,Margaretengürtel U,13,347561
2025-08-01T03:26:16.549464,Margaretengürtel U,13,348424
2025-08-01T03:26:16.549464,Margaretengürtel U,13,348069
2025-08-01T03:26:16.549464,Mittersteig,36,345494
2025-08-01T03:26:16.549464,Mittersteig,36,345476
2025-08-01T03:26:16.549464,Mittersteig,36,345375
2025-08-01T03:26:16.549464,Mittersteig,36,345350
2025-08-01T03:26:16.549464,Mittersteig,36,345137
2025-08-01T03:26:16.549464,Mittersteig,36,345834
2025-08-01T03:26:16.549464,Mittersteig,36,345686
2025-08-01T03:26:16.549464,Mittersteig,36,346477
2025-08-01T03:26:16.549464,Mittersteig,36,346433
2025-08-01T03:26:16.549464,Mittersteig,36,346309
2025-08-01T03:26:16.549464,Mittersteig,36,346202
2025-08-01T03:26:16.549464,Mittersteig,36,346174
2025-08-01T03:26:16.549464,Mittersteig,36,346035
2025-08-01T03:26:16.549464,Mittersteig,36,346874
2025-08-01T03:26:16.549464,Mittersteig,36,346775
2025-08-01T03:26:16.549464,Mittersteig,36,346701
2025-08-01T03:26:16.549464,Mittersteig,36,346636
2025-08-01T03:26:16.549464,Mittersteig,36,346635
2025-08-01T03:26:16.549464,Mittersteig,36,346570
2025-08-01T03:26:16.549464,Mittersteig,36,346541
2025-08-01T03:26:16.549464,Mittersteig,36,347079
2025-08-01T03:26:16.549464,Mittersteig,36,347057
2025-08-01T03:26:16.549464,Mittersteig,36,347909
2025-08-01T03:26:16.549464,Mittersteig,36,347754
2025-08-01T03:26:16.549464,Mittersteig,36,347592
2025-08-01T03:26:16.549464,Mittersteig,36,348428
2025-08-01T03:26:16.549464,Mittersteig,36,348409
2025-08-01T03:26:16.549464,Mittersteig,36,348343
2025-08-01T03:26:16.549464,Mittersteig,36,348317
2025-08-01T03:26:16.549464,Mittersteig,36,348206
2025-08-01T03:26:16.549464,Mittersteig,36,348039
2025-08-01T03:26:16.549464,Mittersteig,36,348703
2025-08-01T03:26:16.549464,Mittersteig,36,348660
2025-08-01T03:26:16.549464,Mittersteig,36,348565
2025-08-01T03:26:16.549464,Mittersteig,36,348557
2025-08-01T03:26:16.549464,Mittersteig,36,348515
2025-08-01T03:26:16.549464,Ceija-Stojka-Platz,1,346456
2025-08-01T03:26:16.549464,Zieglergasse U,7,345335
2025-08-01T03:26:16.549464,Zieglergasse U,7,345892
2025-08-01T03:26:16.549464,Zieglergasse U,7,345867
2025-08-01T03:26:16.549464,Zieglergasse U,7,345573
2025-08-01T03:26:16.549464,Zieglergasse U,7,346498
2025-08-01T03:26:16.549464,Zieglergasse U,7,346297
2025-08-01T03:26:16.549464,Zieglergasse U,7,348011
2025-08-01T03:26:16.549464,Berggasse,6,345086
2025-08-01T03:26:16.549464,Berggasse,6,345975
2025-08-01T03:26:16.549464,Berggasse,6,345559
2025-08-01T03:26:16.549464,Berggasse,6,345502
2025-08-01T03:26:16.549464,Berggasse,6,346687
2025-08-01T03:26:16.549464,Berggasse,6,346568
2025-08-01T03:26:16.549464,Frankhplatz,6,345499
2025-08-01T03:26:16.549464,Frankhplatz,6,345943
2025-08-01T03:26:16.549464,Frankhplatz,6,345506
2025-08-01T03:26:16.549464,Frankhplatz,6,346576
2025-08-01T03:26:16.549464,Frankhplatz,6,348394
2025-08-01T03:26:16.549464,Frankhplatz,6,348213
2025-08-01T03:26:16.549464,Friedensbrücke U,20,345356
2025-08-01T03:26:16.549464,Friedensbrücke U,20,345292
2025-08-01T03:26:16.549464,Friedensbrücke U,20,345121
2025-08-01T03:26:16.549464,Friedensbrücke U,20,345706
2025-08-01T03:26:16.549464,Friedensbrücke U,20,345649
2025-08-01T03:26:16.549464,Friedensbrücke U,20,346444
2025-08-01T03:26:16.549464,Friedensbrücke U,20,346083
2025-08-01T03:26:16.549464,Friedensbrücke U,20,346014
2025-08-01T03:26:16.549464,Friedensbrücke U,20,346813
2025-08-01T03:26:16.549464,Friedensbrücke U,20,346730
2025-08-01T03:26:16.549464,Friedensbrücke U,20,346565
2025-08-01T03:26:16.549464,Friedensbrücke U,20,347151
2025-08-01T03:26:16.549464,Friedensbrücke U,20,347064
2025-08-01T03:26:16.549464,Friedensbrücke U,20,347847
2025-08-01T03:26:16.549464,Friedensbrücke U,20,347655
2025-08-01T03:26:16.549464,Friedensbrücke U,20,347639
2025-08-01T03:26:16.549464,Friedensbrücke U,20,347503
2025-08-01T03:26:16.549464,Friedensbrücke U,20,348406
2025-08-01T03:26:16.549464,Friedensbrücke U,20,348259
2025-08-01T03:26:16.549464,Friedensbrücke U,20,348625
2025-08-01T03:26:16.549464,Spittelau S U,18,345886
2025-08-01T03:26:16.549464,Spittelau S U,18,345673
2025-08-01T03:26:16.549464,Spittelau S U,18,345597
2025-08-01T03:26:16.549464,Spittelau S U,18,346469
2025-08-01T03:26:16.549464,Spittelau S U,18,346226
2025-08-01T03:26:16.549464,Spittelau S U,18,346150
2025-08-01T03:26:16.549464,Spittelau S U,18,346144
2025-08-01T03:26:16.549464,Spittelau S U,18,347275
2025-08-01T03:26:16.549464,Spittelau S U,18,347215
2025-08-01T03:26:16.549464,Spittelau S U,18,347171
2025-08-01T03:26:16.549464,Spittelau S U,18,347037
2025-08-01T03:26:16.549464,Spittelau S U,18,347708
2025-08-01T03:26:16.549464,Spittelau S U,18,347662
2025-08-01T03:26:16.549464,Spittelau S U,18,347520
2025-08-01T03:26:16.549464,Spittelau S U,18,348218
2025-08-01T03:26:16.549464,Spittelau S U,18,348165
2025-08-01T03:26:16.549464,Spittelau S U,18,348146
2025-08-01T03:26:16.549464,Spittelau S U,18,348571
2025-08-01T03:26:16.549464,Absbergbrücke / Alfred-Böhm-Park,2,345710
2025-08-01T03:26:16.549464,Absbergbrücke / Alfred-Böhm-Park,2,346485
2025-08-01T03:26:16.549464,Altes Landgut U,1,345555
2025-08-01T03:26:16.549464,Bloch-Bauer-Promenade,5,347326
2025-08-01T03:26:16.549464,Bloch-Bauer-Promenade,5,347226
2025-08-01T03:26:16.549464,Bloch-Bauer-Promenade,5,347071
2025-08-01T03:26:16.549464,Bloch-Bauer-Promenade,5,347519
2025-08-01T03:26:16.549464,Bloch-Bauer-Promenade,5,348680
2025-08-01T03:26:16.549464,Hauptbahnhof S U ,34,345449
2025-08-01T03:26:16.549464,Hauptbahnhof S U ,34,345308
2025-08-01T03:26:16.549464,Hauptbahnhof S U ,34,345114
2025-08-01T03:26:16.549464,Hauptbahnhof S U ,34,345050
2025-08-01T03:26:16.549464,Hauptbahnhof S U ,34,345986
2025-08-01T03:26:16.549464,Hauptbahnhof S U ,34,345611
2025-08-01T03:26:16.549464,Hauptbahnhof S U ,34,345539
2025-08-01T03:26:16.549464,Hauptbahnhof S U ,34,346489
2025-08-01T03:26:16.549464,Hauptbahnhof S U ,34,346298
2025-08-01T03:26:16.549464,Hauptbahnhof S U ,34,346264
2025-08-01T03:26:16.549464,Hauptbahnhof S U ,34,346238
2025-08-01T03:26:16.549464,Hauptbahnhof S U ,34,346955
2025-08-01T03:26:16.549464,Hauptbahnhof S U ,34,346894
2025-08-01T03:26:16.549464,Hauptbahnhof S U ,34,346842
2025-08-01T03:26:16.549464,Hauptbahnhof S U ,34,346566
2025-08-01T03:26:16.549464,Hauptbahnhof S U ,34,346553
2025-08-01T03:26:16.549464,Hauptbahnhof S U ,34,347454
2025-08-01T03:26:16.549464,Hauptbahnhof S U ,34,347345
2025-08-01T03:26:16.549464,Hauptbahnhof S U ,34,347211
2025-08-01T03:26:16.549464,Hauptbahnhof S U ,34,347048
2025-08-01T03:26:16.549464,Hauptbahnhof S U ,34,347001
2025-08-01T03:26:16.549464,Hauptbahnhof S U ,34,347997
2025-08-01T03:26:16.549464,Hauptbahnhof S U ,34,347501
2025-08-01T03:26:16.549464,Hauptbahnhof S U ,34,348356
2025-08-01T03:26:16.549464,Hauptbahnhof S U ,34,348289
2025-08-01T03:26:16.549464,Hauptbahnhof S U ,34,348189
2025-08-01T03:26:16.549464,Hauptbahnhof S U ,34,348187
2025-08-01T03:26:16.549464,Hauptbahnhof S U ,34,348168
2025-08-01T03:26:16.549464,Hauptbahnhof S U ,34,348089
2025-08-01T03:26:16.549464,Hauptbahnhof S U ,34,348572
2025-08-01T03:26:16.549464,Hauptbahnhof S U ,34,348550
2025-08-01T03:26:16.549464,Hauptbahnhof S U ,34,348532
2025-08-01T03:26:16.549464,Hauptbahnhof S U ,34,398740
2025-08-01T03:26:16.549464,Hauptbahnhof S U ,34,398739
2025-08-01T03:26:16.549464,Keplerplatz U,7,346484
2025-08-01T03:26:16.549464,Keplerplatz U,7,346216
2025-08-01T03:26:16.549464,Keplerplatz U,7,346987
2025-08-01T03:26:16.549464,Keplerplatz U,7,346528
2025-08-01T03:26:16.549464,Keplerplatz U,7,347620
2025-08-01T03:26:16.549464,Keplerplatz U,7,348279
2025-08-01T03:26:16.549464,Keplerplatz U,7,348555
2025-08-01T03:26:16.549464,Absberggasse,2,346510
2025-08-01T03:26:16.549464,Absberggasse,2,347794
2025-08-01T03:26:16.549464,Enkplatz U,12,345052
2025-08-01T03:26:16.549464,Enkplatz U,12,345594
2025-08-01T03:26:16.549464,Enkplatz U,12,346990
2025-08-01T03:26:16.549464,Enkplatz U,12,346978
2025-08-01T03:26:16.549464,Enkplatz U,12,346567
2025-08-01T03:26:16.549464,Enkplatz U,12,346533
2025-08-01T03:26:16.549464,Enkplatz U,12,346508
2025-08-01T03:26:16.549464,Enkplatz U,12,347019
2025-08-01T03:26:16.549464,Enkplatz U,12,347895
2025-08-01T03:26:16.549464,Enkplatz U,12,348411
2025-08-01T03:26:16.549464,Enkplatz U,12,348677
2025-08-01T03:26:16.549464,Enkplatz U,12,348561
2025-08-01T03:26:16.549464,Gasometer U,12,345132
2025-08-01T03:26:16.549464,Gasometer U,12,345032
2025-08-01T03:26:16.549464,Gasometer U,12,345804
2025-08-01T03:26:16.549464,Gasometer U,12,345763
2025-08-01T03:26:16.549464,Gasometer U,12,345640
2025-08-01T03:26:16.549464,Gasometer U,12,345615
2025-08-01T03:26:16.549464,Gasometer U,12,346351
2025-08-01T03:26:16.549464,Gasometer U,12,346696
2025-08-01T03:26:16.549464,Gasometer U,12,348229
2025-08-01T03:26:16.549464,Gasometer U,12,348179
2025-08-01T03:26:16.549464,Gasometer U,12,348167
2025-08-01T03:26:16.549464,Gasometer U,12,348046
2025-08-01T03:26:16.549464,Geiselbergstraße S,5,345660
2025-08-01T03:26:16.549464,Geiselbergstraße S,5,346455
2025-08-01T03:26:16.549464,Geiselbergstraße S,5,346423
2025-08-01T03:26:16.549464,Geiselbergstraße S,5,346931
2025-08-01T03:26:16.549464,Geiselbergstraße S,5,347418
2025-08-01T03:26:16.549464,Simmering S U,2,345293
2025-08-01T03:26:16.549464,Simmering S U,2,348514
2025-08-01T03:26:16.549464,Niederhofstraße U,23,345456
2025-08-01T03:26:16.549464,Niederhofstraße U,23,345434
2025-08-01T03:26:16.549464,Niederhofstraße U,23,345394
2025-08-01T03:26:16.549464,Niederhofstraße U,23,345224
2025-08-01T03:26:16.549464,Niederhofstraße U,23,345767
2025-08-01T03:26:16.549464,Niederhofstraße U,23,345629
2025-08-01T03:26:16.549464,Niederhofstraße U,23,345616
2025-08-01T03:26:16.549464,Niederhofstraße U,23,346165
2025-08-01T03:26:16.549464,Niederhofstraße U,23,346893
2025-08-01T03:26:16.549464,Niederhofstraße U,23,346824
2025-08-01T03:26:16.549464,Niederhofstraße U,23,346783
2025-08-01T03:26:16.549464,Niederhofstraße U,23,346736
2025-08-01T03:26:16.549464,Niederhofstraße U,23,346554
2025-08-01T03:26:16.549464,Niederhofstraße U,23,347265
2025-08-01T03:26:16.549464,Niederhofstraße U,23,347232
2025-08-01T03:26:16.549464,Niederhofstraße U,23,347106
2025-08-01T03:26:16.549464,Niederhofstraße U,23,347994
2025-08-01T03:26:16.549464,Niederhofstraße U,23,347737
2025-08-01T03:26:16.549464,Niederhofstraße U,23,347583
2025-08-01T03:26:16.549464,Niederhofstraße U,23,347522
2025-08-01T03:26:16.549464,Niederhofstraße U,23,348287
2025-08-01T03:26:16.549464,Niederhofstraße U,23,348081
2025-08-01T03:26:16.549464,Niederhofstraße U,23,348073
2025-08-01T03:26:16.549464,Hietzing U,25,345393
2025-08-01T03:26:16.549464,Hietzing U,25,345297
2025-08-01T03:26:16.549464,Hietzing U,25,345059
2025-08-01T03:26:16.549464,Hietzing U,25,345038
2025-08-01T03:26:16.549464,Hietzing U,25,345937
2025-08-01T03:26:16.549464,Hietzing U,25,345698
2025-08-01T03:26:16.549464,Hietzing U,25,345655
2025-08-01T03:26:16.549464,Hietzing U,25,345566
2025-08-01T03:26:16.549464,Hietzing U,25,345515
2025-08-01T03:26:16.549464,Hietzing U,25,346407
2025-08-01T03:26:16.549464,Hietzing U,25,346273
2025-08-01T03:26:16.549464,Hietzing U,25,346251
2025-08-01T03:26:16.549464,Hietzing U,25,346138
2025-08-01T03:26:16.549464,Hietzing U,25,346134
2025-08-01T03:26:16.549464,Hietzing U,25,346768
2025-08-01T03:26:16.549464,Hietzing U,25,347421
2025-08-01T03:26:16.549464,Hietzing U,25,347408
2025-08-01T03:26:16.549464,Hietzing U,25,347167
2025-08-01T03:26:16.549464,Hietzing U,25,347124
2025-08-01T03:26:16.549464,Hietzing U,25,347927
2025-08-01T03:26:16.549464,Hietzing U,25,347773
2025-08-01T03:26:16.549464,Hietzing U,25,347605
2025-08-01T03:26:16.549464,Hietzing U,25,347548
2025-08-01T03:26:16.549464,Hietzing U,25,348420
2025-08-01T03:26:16.549464,Hietzing U,25,348304
2025-08-01T03:26:16.549464,Westbahnhof S U,30,345497
2025-08-01T03:26:16.549464,Westbahnhof S U,30,345244
2025-08-01T03:26:16.549464,Westbahnhof S U,30,345175
2025-08-01T03:26:16.549464,Westbahnhof S U,30,345798
2025-08-01T03:26:16.549464,Westbahnhof S U,30,345797
2025-08-01T03:26:16.549464,Westbahnhof S U,30,345690
2025-08-01T03:26:16.549464,Westbahnhof S U,30,345659
2025-08-01T03:26:16.549464,Westbahnhof S U,30,345540
2025-08-01T03:26:16.549464,Westbahnhof S U,30,345536
2025-08-01T03:26:16.549464,Westbahnhof S U,30,346479
2025-08-01T03:26:16.549464,Westbahnhof S U,30,346352
2025-08-01T03:26:16.549464,Westbahnhof S U,30,346070
2025-08-01T03:26:16.549464,Westbahnhof S U,30,346029
2025-08-01T03:26:16.549464,Westbahnhof S U,30,346936
2025-08-01T03:26:16.549464,Westbahnhof S U,30,346920
2025-08-01T03:26:16.549464,Westbahnhof S U,30,346880
2025-08-01T03:26:16.549464,Westbahnhof S U,30,346782
2025-08-01T03:26:16.549464,Westbahnhof S U,30,346734
2025-08-01T03:26:16.549464,Westbahnhof S U,30,346638
2025-08-01T03:26:16.549464,Westbahnhof S U,30,347233
2025-08-01T03:26:16.549464,Westbahnhof S U,30,347026
2025-08-01T03:26:16.549464,Westbahnhof S U,30,347714
2025-08-01T03:26:16.549464,Westbahnhof S U,30,347705
2025-08-01T03:26:16.549464,Westbahnhof S U,30,347663
2025-08-01T03:26:16.549464,Westbahnhof S U,30,347626
2025-08-01T03:26:16.549464,Westbahnhof S U,30,348416
2025-08-01T03:26:16.549464,Westbahnhof S U,30,348369
2025-08-01T03:26:16.549464,Westbahnhof S U,30,348228
2025-08-01T03:26:16.549464,Westbahnhof S U,30,348056
2025-08-01T03:26:16.549464,Westbahnhof S U,30,348639
2025-08-01T03:26:16.549464,Richard-Wagner-Platz,17,345465
2025-08-01T03:26:16.549464,Richard-Wagner-Platz,17,345810
2025-08-01T03:26:16.549464,Richard-Wagner-Platz,17,345523
2025-08-01T03:26:16.549464,Richard-Wagner-Platz,17,346380
2025-08-01T03:26:16.549464,Richard-Wagner-Platz,17,346203
2025-08-01T03:26:16.549464,Richard-Wagner-Platz,17,346133
2025-08-01T03:26:16.549464,Richard-Wagner-Platz,17,346915
2025-08-01T03:26:16.549464,Richard-Wagner-Platz,17,346721
2025-08-01T03:26:16.549464,Richard-Wagner-Platz,17,347476
2025-08-01T03:26:16.549464,Richard-Wagner-Platz,17,347360
2025-08-01T03:26:16.549464,Richard-Wagner-Platz,17,347353
2025-08-01T03:26:16.549464,Richard-Wagner-Platz,17,347319
2025-08-01T03:26:16.549464,Richard-Wagner-Platz,17,347217
2025-08-01T03:26:16.549464,Richard-Wagner-Platz,17,347882
2025-08-01T03:26:16.549464,Richard-Wagner-Platz,17,347749
2025-08-01T03:26:16.549464,Richard-Wagner-Platz,17,348371
2025-08-01T03:26:16.549464,Richard-Wagner-Platz,17,348087
2025-08-01T03:26:16.549464,Währinger Straße U,13,345807
2025-08-01T03:26:16.549464,Währinger Straße U,13,345783
2025-08-01T03:26:16.549464,Währinger Straße U,13,345770
2025-08-01T03:26:16.549464,Währinger Straße U,13,345586
2025-08-01T03:26:16.549464,Währinger Straße U,13,345510
2025-08-01T03:26:16.549464,Währinger Straße U,13,346032
2025-08-01T03:26:16.549464,Währinger Straße U,13,346965
2025-08-01T03:26:16.549464,Währinger Straße U,13,346898
2025-08-01T03:26:16.549464,Währinger Straße U,13,346787
2025-08-01T03:26:16.549464,Währinger Straße U,13,346710
2025-08-01T03:26:16.549464,Währinger Straße U,13,347099
2025-08-01T03:26:16.549464,Währinger Straße U,13,348025
2025-08-01T03:26:16.549464,Währinger Straße U,13,348007
2025-08-01T03:26:16.549464,Gymnasiumstraße,12,345157
2025-08-01T03:26:16.549464,Gymnasiumstraße,12,345680
2025-08-01T03:26:16.549464,Gymnasiumstraße,12,346779
2025-08-01T03:26:16.549464,Gymnasiumstraße,12,346538
2025-08-01T03:26:16.549464,Gymnasiumstraße,12,347377
2025-08-01T03:26:16.549464,Gymnasiumstraße,12,347375
2025-08-01T03:26:16.549464,Gymnasiumstraße,12,347340
2025-08-01T03:26:16.549464,Gymnasiumstraße,12,347266
2025-08-01T03:26:16.549464,Gymnasiumstraße,12,347204
2025-08-01T03:26:16.549464,Gymnasiumstraße,12,347197
2025-08-01T03:26:16.549464,Gymnasiumstraße,12,347549
2025-08-01T03:26:16.549464,Gymnasiumstraße,12,348338
2025-08-01T03:26:16.549464,Handelskai S U,20,345436
2025-08-01T03:26:16.549464,Handelskai S U,20,345260
2025-08-01T03:26:16.549464,Handelskai S U,20,345982
2025-08-01T03:26:16.549464,Handelskai S U,20,345899
2025-08-01T03:26:16.549464,Handelskai S U,20,345788
2025-08-01T03:26:16.549464,Handelskai S U,20,345656
2025-08-01T03:26:16.549464,Handelskai S U,20,346411
2025-08-01T03:26:16.549464,Handelskai S U,20,346939
2025-08-01T03:26:16.549464,Handelskai S U,20,346910
2025-08-01T03:26:16.549464,Handelskai S U,20,346600
2025-08-01T03:26:16.549464,Handelskai S U,20,346581
2025-08-01T03:26:16.549464,Handelskai S U,20,347402
2025-08-01T03:26:16.549464,Handelskai S U,20,347292
2025-08-01T03:26:16.549464,Handelskai S U,20,347135
2025-08-01T03:26:16.549464,Handelskai S U,20,347117
2025-08-01T03:26:16.549464,Handelskai S U,20,347024
2025-08-01T03:26:16.549464,Handelskai S U,20,347935
2025-08-01T03:26:16.549464,Handelskai S U,20,347699
2025-08-01T03:26:16.549464,Handelskai S U,20,348301
2025-08-01T03:26:16.549464,Handelskai S U,20,348203
2025-08-01T03:26:16.549464,Wallensteinplatz,26,345461
2025-08-01T03:26:16.549464,Wallensteinplatz,26,345421
2025-08-01T03:26:16.549464,Wallensteinplatz,26,345418
2025-08-01T03:26:16.549464,Wallensteinplatz,26,345197
2025-08-01T03:26:16.549464,Wallensteinplatz,26,345749
2025-08-01T03:26:16.549464,Wallensteinplatz,26,345741
2025-08-01T03:26:16.549464,Wallensteinplatz,26,346319
2025-08-01T03:26:16.549464,Wallensteinplatz,26,346289
2025-08-01T03:26:16.549464,Wallensteinplatz,26,346213
2025-08-01T03:26:16.549464,Wallensteinplatz,26,346056
2025-08-01T03:26:16.549464,Wallensteinplatz,26,346536
2025-08-01T03:26:16.549464,Wallensteinplatz,26,347473
2025-08-01T03:26:16.549464,Wallensteinplatz,26,347452
2025-08-01T03:26:16.549464,Wallensteinplatz,26,347424
2025-08-01T03:26:16.549464,Wallensteinplatz,26,347342
2025-08-01T03:26:16.549464,Wallensteinplatz,26,347205
2025-08-01T03:26:16.549464,Wallensteinplatz,26,347177
2025-08-01T03:26:16.549464,Wallensteinplatz,26,347948
2025-08-01T03:26:16.549464,Wallensteinplatz,26,347547
2025-08-01T03:26:16.549464,Wallensteinplatz,26,347500
2025-08-01T03:26:16.549464,Wallensteinplatz,26,348413
2025-08-01T03:26:16.549464,Wallensteinplatz,26,348385
2025-08-01T03:26:16.549464,Wallensteinplatz,26,348336
2025-08-01T03:26:16.549464,Wallensteinplatz,26,348240
2025-08-01T03:26:16.549464,Wallensteinplatz,26,348114
2025-08-01T03:26:16.549464,Wallensteinplatz,26,348102
2025-08-01T03:26:16.549464,Brünner Straße S,14,345337
2025-08-01T03:26:16.549464,Brünner Straße S,14,345225
2025-08-01T03:26:16.549464,Brünner Straße S,14,345213
2025-08-01T03:26:16.549464,Brünner Straße S,14,345922
2025-08-01T03:26:16.549464,Brünner Straße S,14,345607
2025-08-01T03:26:16.549464,Brünner Straße S,14,346373
2025-08-01T03:26:16.549464,Brünner Straße S,14,346274
2025-08-01T03:26:16.549464,Brünner Straße S,14,346259
2025-08-01T03:26:16.549464,Brünner Straße S,14,346690
2025-08-01T03:26:16.549464,Brünner Straße S,14,347274
2025-08-01T03:26:16.549464,Brünner Straße S,14,347995
2025-08-01T03:26:16.549464,Brünner Straße S,14,347697
2025-08-01T03:26:16.549464,Brünner Straße S,14,348035
2025-08-01T03:26:16.549464,Brünner Straße S,14,348670
2025-08-01T03:26:16.549464,Floridsdorf S U,23,345366
2025-08-01T03:26:16.549464,Floridsdorf S U,23,345906
2025-08-01T03:26:16.549464,Floridsdorf S U,23,345905
2025-08-01T03:26:16.549464,Floridsdorf S U,23,345868
2025-08-01T03:26:16.549464,Floridsdorf S U,23,345794
2025-08-01T03:26:16.549464,Floridsdorf S U,23,345543
2025-08-01T03:26:16.549464,Floridsdorf S U,23,346282
2025-08-01T03:26:16.549464,Floridsdorf S U,23,346276
2025-08-01T03:26:16.549464,Floridsdorf S U,23,346804
2025-08-01T03:26:16.549464,Floridsdorf S U,23,346786
2025-08-01T03:26:16.549464,Floridsdorf S U,23,346659
2025-08-01T03:26:16.549464,Floridsdorf S U,23,346534
2025-08-01T03:26:16.549464,Floridsdorf S U,23,347370
2025-08-01T03:26:16.549464,Floridsdorf S U,23,347291
2025-08-01T03:26:16.549464,Floridsdorf S U,23,347144
2025-08-01T03:26:16.549464,Floridsdorf S U,23,347050
2025-08-01T03:26:16.549464,Floridsdorf S U,23,347008
2025-08-01T03:26:16.549464,Floridsdorf S U,23,347734
2025-08-01T03:26:16.549464,Floridsdorf S U,23,347554
2025-08-01T03:26:16.549464,Floridsdorf S U,23,348245
2025-08-01T03:26:16.549464,Floridsdorf S U,23,348132
2025-08-01T03:26:16.549464,Floridsdorf S U,23,348673
2025-08-01T03:26:16.549464,Floridsdorf S U,23,348577
2025-08-01T03:26:16.549464,Großfeldsiedlung U,15,345481
2025-08-01T03:26:16.549464,Großfeldsiedlung U,15,345238
2025-08-01T03:26:16.549464,Großfeldsiedlung U,15,345214
2025-08-01T03:26:16.549464,Großfeldsiedlung U,15,345153
2025-08-01T03:26:16.549464,Großfeldsiedlung U,15,345653
2025-08-01T03:26:16.549464,Großfeldsiedlung U,15,346425
2025-08-01T03:26:16.549464,Großfeldsiedlung U,15,346093
2025-08-01T03:26:16.549464,Großfeldsiedlung U,15,346979
2025-08-01T03:26:16.549464,Großfeldsiedlung U,15,346892
2025-08-01T03:26:16.549464,Großfeldsiedlung U,15,346821
2025-08-01T03:26:16.549464,Großfeldsiedlung U,15,346588
2025-08-01T03:26:16.549464,Großfeldsiedlung U,15,347412
2025-08-01T03:26:16.549464,Großfeldsiedlung U,15,347883
2025-08-01T03:26:16.549464,Großfeldsiedlung U,15,347585
2025-08-01T03:26:16.549464,Großfeldsiedlung U,15,348018
2025-08-01T03:26:16.549464,Siemensstraße S,14,345203
2025-08-01T03:26:16.549464,Siemensstraße S,14,345840
2025-08-01T03:26:16.549464,Siemensstraße S,14,345750
2025-08-01T03:26:16.549464,Siemensstraße S,14,345550
2025-08-01T03:26:16.549464,Siemensstraße S,14,346453
2025-08-01T03:26:16.549464,Siemensstraße S,14,346686
2025-08-01T03:26:16.549464,Siemensstraße S,14,347401
2025-08-01T03:26:16.549464,Siemensstraße S,14,347335
2025-08-01T03:26:16.549464,Siemensstraße S,14,347015
2025-08-01T03:26:16.549464,Siemensstraße S,14,347917
2025-08-01T03:26:16.549464,Siemensstraße S,14,347634
2025-08-01T03:26:16.549464,Siemensstraße S,14,348443
2025-08-01T03:26:16.549464,Siemensstraße S,14,348272
2025-08-01T03:26:16.549464,Siemensstraße S,14,348047
2025-08-01T03:26:16.549464,Aspernstraße U,9,345210
2025-08-01T03:26:16.549464,Aspernstraße U,9,345958
2025-08-01T03:26:16.549464,Aspernstraße U,9,345865
2025-08-01T03:26:16.549464,Aspernstraße U,9,345860
2025-08-01T03:26:16.549464,Aspernstraße U,9,345714
2025-08-01T03:26:16.549464,Aspernstraße U,9,346260
2025-08-01T03:26:16.549464,Aspernstraße U,9,347069
2025-08-01T03:26:16.549464,Aspernstraße U,9,348375
2025-08-01T03:26:16.549464,Aspernstraße U,9,348098
2025-08-01T03:26:16.549464,Donauspital U,19,345472
2025-08-01T03:26:16.549464,Donauspital U,19,345376
2025-08-01T03:26:16.549464,Donauspital U,19,345239
2025-08-01T03:26:16.549464,Donauspital U,19,345869
2025-08-01T03:26:16.549464,Donauspital U,19,345838
2025-08-01T03:26:16.549464,Donauspital U,19,345707
2025-08-01T03:26:16.549464,Donauspital U,19,346496
2025-08-01T03:26:16.549464,Donauspital U,19,346412
2025-08-01T03:26:16.549464,Donauspital U,19,346188
2025-08-01T03:26:16.549464,Donauspital U,19,347238
2025-08-01T03:26:16.549464,Donauspital U,19,347198
2025-08-01T03:26:16.549464,Donauspital U,19,347899
2025-08-01T03:26:16.549464,Donauspital U,19,347753
2025-08-01T03:26:16.549464,Donauspital U,19,347526
2025-08-01T03:26:16.549464,Donauspital U,19,348281
2025-08-01T03:26:16.549464,Donauspital U,19,348256
2025-08-01T03:26:16.549464,Donauspital U,19,348684
2025-08-01T03:26:16.549464,Donauspital U,19,348638
2025-08-01T03:26:16.549464,Donauspital U,19,398730
2025-08-01T03:26:16.549464,Erzherzog-Karl-Straße S,7,345211
2025-08-01T03:26:16.549464,Erzherzog-Karl-Straße S,7,345505
2025-08-01T03:26:16.549464,Erzherzog-Karl-Straße S,7,346383
2025-08-01T03:26:16.549464,Erzherzog-Karl-Straße S,7,347240
2025-08-01T03:26:16.549464,Erzherzog-Karl-Straße S,7,347748
2025-08-01T03:26:16.549464,Erzherzog-Karl-Straße S,7,348284
2025-08-01T03:26:16.549464,Erzherzog-Karl-Straße S,7,348690
2025-08-01T03:26:16.549464,Hausfeldstraße S U,19,345368
2025-08-01T03:26:16.549464,Hausfeldstraße S U,19,345311
2025-08-01T03:26:16.549464,Hausfeldstraße S U,19,345117
2025-08-01T03:26:16.549464,Hausfeldstraße S U,19,345103
2025-08-01T03:26:16.549464,Hausfeldstraße S U,19,345833
2025-08-01T03:26:16.549464,Hausfeldstraße S U,19,345805
2025-08-01T03:26:16.549464,Hausfeldstraße S U,19,346344
2025-08-01T03:26:16.549464,Hausfeldstraße S U,19,346258
2025-08-01T03:26:16.549464,Hausfeldstraße S U,19,346193
2025-08-01T03:26:16.549464,Hausfeldstraße S U,19,346033
2025-08-01T03:26:16.549464,Hausfeldstraße S U,19,346688
2025-08-01T03:26:16.549464,Hausfeldstraße S U,19,346604
2025-08-01T03:26:16.549464,Hausfeldstraße S U,19,347407
2025-08-01T03:26:16.549464,Hausfeldstraße S U,19,347095
2025-08-01T03:26:16.549464,Hausfeldstraße S U,19,347058
2025-08-01T03:26:16.549464,Hausfeldstraße S U,19,347801
2025-08-01T03:26:16.549464,Hausfeldstraße S U,19,347732
2025-08-01T03:26:16.549464,Hausfeldstraße S U,19,348636
2025-08-01T03:26:16.549464,Hausfeldstraße S U,19,348573
2025-08-01T03:26:16.549464,Kagran U,32,345482
2025-08-01T03:26:16.549464,Kagran U,32,345207
2025-08-01T03:26:16.549464,Kagran U,32,345096
2025-08-01T03:26:16.549464,Kagran U,32,345060
2025-08-01T03:26:16.549464,Kagran U,32,345915
2025-08-01T03:26:16.549464,Kagran U,32,345694
2025-08-01T03:26:16.549464,Kagran U,32,345677
2025-08-01T03:26:16.549464,Kagran U,32,345601
2025-08-01T03:26:16.549464,Kagran U,32,345599
2025-08-01T03:26:16.549464,Kagran U,32,346495
2025-08-01T03:26:16.549464,Kagran U,32,346227
2025-08-01T03:26:16.549464,Kagran U,32,346968
2025-08-01T03:26:16.549464,Kagran U,32,346913
2025-08-01T03:26:16.549464,Kagran U,32,346793
2025-08-01T03:26:16.549464,Kagran U,32,346722
2025-08-01T03:26:16.549464,Kagran U,32,346708
2025-08-01T03:26:16.549464,Kagran U,32,347350
2025-08-01T03:26:16.549464,Kagran U,32,347268
2025-08-01T03:26:16.549464,Kagran U,32,347176
2025-08-01T03:26:16.549464,Kagran U,32,347090
2025-08-01T03:26:16.549464,Kagran U,32,347031
2025-08-01T03:26:16.549464,Kagran U,32,347819
2025-08-01T03:26:16.549464,Kagran U,32,347614
2025-08-01T03:26:16.549464,Kagran U,32,347571
2025-08-01T03:26:16.549464,Kagran U,32,347544
2025-08-01T03:26:16.549464,Kagran U,32,348414
2025-08-01T03:26:16.549464,Kagran U,32,348354
2025-08-01T03:26:16.549464,Kagran U,32,348214
2025-08-01T03:26:16.549464,Kagran U,32,348148
2025-08-01T03:26:16.549464,Kagran U,32,348129
2025-08-01T03:26:16.549464,Kagran U,32,348001
2025-08-01T03:26:16.549464,Kagran U,32,348649
2025-08-01T03:26:16.549464,Maria-Tusch-Straße,14,345419
2025-08-01T03:26:16.549464,Maria-Tusch-Straße,14,345280
2025-08-01T03:26:16.549464,Maria-Tusch-Straße,14,345136
2025-08-01T03:26:16.549464,Maria-Tusch-Straße,14,345094
2025-08-01T03:26:16.549464,Maria-Tusch-Straße,14,345013
2025-08-01T03:26:16.549464,Maria-Tusch-Straße,14,345998
2025-08-01T03:26:16.549464,Maria-Tusch-Straße,14,345891
2025-08-01T03:26:16.549464,Maria-Tusch-Straße,14,345724
2025-08-01T03:26:16.549464,Maria-Tusch-Straße,14,345620
2025-08-01T03:26:16.549464,Maria-Tusch-Straße,14,346103
2025-08-01T03:26:16.549464,Maria-Tusch-Straße,14,347877
2025-08-01T03:26:16.549464,Maria-Tusch-Straße,14,347875
2025-08-01T03:26:16.549464,Maria-Tusch-Straße,14,348484
2025-08-01T03:26:16.549464,Maria-Tusch-Straße,14,348386
2025-08-01T03:26:16.549464,Rennbahnweg U,8,345490
2025-08-01T03:26:16.549464,Rennbahnweg U,8,345898
2025-08-01T03:26:16.549464,Rennbahnweg U,8,345887
2025-08-01T03:26:16.549464,Rennbahnweg U,8,345685
2025-08-01T03:26:16.549464,Rennbahnweg U,8,347044
2025-08-01T03:26:16.549464,Rennbahnweg U,8,347640
2025-08-01T03:26:16.549464,Rennbahnweg U,8,348382
2025-08-01T03:26:16.549464,Rennbahnweg U,8,348589
2025-08-01T03:26:16.549464,Schüttauplatz,6,345058
2025-08-01T03:26:16.549464,Schüttauplatz,6,345863
2025-08-01T03:26:16.549464,Schüttauplatz,6,347298
2025-08-01T03:26:16.549464,Schüttauplatz,6,347184
2025-08-01T03:26:16.549464,Schüttauplatz,6,347766
2025-08-01T03:26:16.549464,Schüttauplatz,6,347546
2025-08-01T03:26:16.549464,Stadlau U,12,345448
2025-08-01T03:26:16.549464,Stadlau U,12,345447
2025-08-01T03:26:16.549464,Stadlau U,12,345371
2025-08-01T03:26:16.549464,Stadlau U,12,345170
2025-08-01T03:26:16.549464,Stadlau U,12,346526
2025-08-01T03:26:16.549464,Stadlau U,12,347479
2025-08-01T03:26:16.549464,Stadlau U,12,347242
2025-08-01T03:26:16.549464,Stadlau U,12,347156
2025-08-01T03:26:16.549464,Stadlau U,12,347826
2025-08-01T03:26:16.549464,Stadlau U,12,347643
2025-08-01T03:26:16.549464,Stadlau U,12,348207
2025-08-01T03:26:16.549464,Stadlau U,12,348674
2025-08-01T03:26:16.549464,VIC Kaisermühlen U,14,345945
2025-08-01T03:26:16.549464,VIC Kaisermühlen U,14,345832
2025-08-01T03:26:16.549464,VIC Kaisermühlen U,14,345703
2025-08-01T03:26:16.549464,VIC Kaisermühlen U,14,346468
2025-08-01T03:26:16.549464,VIC Kaisermühlen U,14,346460
2025-08-01T03:26:16.549464,VIC Kaisermühlen U,14,346402
2025-08-01T03:26:16.549464,VIC Kaisermühlen U,14,346152
2025-08-01T03:26:16.549464,VIC Kaisermühlen U,14,346120
2025-08-01T03:26:16.549464,VIC Kaisermühlen U,14,346848
2025-08-01T03:26:16.549464,VIC Kaisermühlen U,14,346681
2025-08-01T03:26:16.549464,VIC Kaisermühlen U,14,347464
2025-08-01T03:26:16.549464,VIC Kaisermühlen U,14,347207
2025-08-01T03:26:16.549464,VIC Kaisermühlen U,14,347056
2025-08-01T03:26:16.549464,VIC Kaisermühlen U,14,347815
2025-08-01T03:26:16.549464,Kagraner Platz U,5,345066
2025-08-01T03:26:16.549464,Kagraner Platz U,5,345504
2025-08-01T03:26:16.549464,Kagraner Platz U,5,347087
2025-08-01T03:26:16.549464,Kagraner Platz U,5,347836
2025-08-01T03:26:16.549464,Kagraner Platz U,5,347713
2025-08-01T03:26:16.549464,Alterlaa U,4,345382
2025-08-01T03:26:16.549464,Alterlaa U,4,347234
2025-08-01T03:26:16.549464,Alterlaa U,4,347676
2025-08-01T03:26:16.549464,Alterlaa U,4,349022
2025-08-01T03:26:16.549464,Bacherplatz,17,345237
2025-08-01T03:26:16.549464,Bacherplatz,17,345054
2025-08-01T03:26:16.549464,Bacherplatz,17,345630
2025-08-01T03:26:16.549464,Bacherplatz,17,346473
2025-08-01T03:26:16.549464,Bacherplatz,17,346317
2025-08-01T03:26:16.549464,Bacherplatz,17,346211
2025-08-01T03:26:16.549464,Bacherplatz,17,346154
2025-08-01T03:26:16.549464,Bacherplatz,17,346092
2025-08-01T03:26:16.549464,Bacherplatz,17,347470
2025-08-01T03:26:16.549464,Bacherplatz,17,347413
2025-08-01T03:26:16.549464,Bacherplatz,17,347005
2025-08-01T03:26:16.549464,Bacherplatz,17,347618
2025-08-01T03:26:16.549464,Bacherplatz,17,348261
2025-08-01T03:26:16.549464,Bacherplatz,17,348195
2025-08-01T03:26:16.549464,Bacherplatz,17,348641
2025-08-01T03:26:16.549464,Bacherplatz,17,348602
2025-08-01T03:26:16.549464,Bacherplatz,17,348520
2025-08-01T03:26:16.549464,Carl-Appel-Straße,2,345377
2025-08-01T03:26:16.549464,Carl-Appel-Straße,2,345877
2025-08-01T03:26:16.549464,Otto-Probst-Platz,19,345450
2025-08-01T03:26:16.549464,Otto-Probst-Platz,19,345386
2025-08-01T03:26:16.549464,Otto-Probst-Platz,19,345243
2025-08-01T03:26:16.549464,Otto-Probst-Platz,19,345074
2025-08-01T03:26:16.549464,Otto-Probst-Platz,19,345912
2025-08-01T03:26:16.549464,Otto-Probst-Platz,19,345744
2025-08-01T03:26:16.549464,Otto-Probst-Platz,19,346532
2025-08-01T03:26:16.549464,Otto-Probst-Platz,19,347155
2025-08-01T03:26:16.549464,Otto-Probst-Platz,19,347988
2025-08-01T03:26:16.549464,Otto-Probst-Platz,19,347894
2025-08-01T03:26:16.549464,Otto-Probst-Platz,19,347531
2025-08-01T03:26:16.549464,Otto-Probst-Platz,19,348395
2025-08-01T03:26:16.549464,Otto-Probst-Platz,19,348196
2025-08-01T03:26:16.549464,Otto-Probst-Platz,19,348699
2025-08-01T03:26:16.549464,Otto-Probst-Platz,19,348618
2025-08-01T03:26:16.549464,Otto-Probst-Platz,19,348617
2025-08-01T03:26:16.549464,Otto-Probst-Platz,19,348609
2025-08-01T03:26:16.549464,Otto-Probst-Platz,19,348599
2025-08-01T03:26:16.549464,Otto-Probst-Platz,19,348539
2025-08-01T03:26:16.549464,Alaudagasse U,3,345925
2025-08-01T03:26:16.549464,Alaudagasse U,3,346747
2025-08-01T03:26:16.549464,Alaudagasse U,3,348134
2025-08-01T03:26:16.549464,Svetelskystraße,3,346334
2025-08-01T03:26:16.549464,Svetelskystraße,3,346308
2025-08-01T03:26:16.549464,Svetelskystraße,3,347843
2025-08-01T03:26:16.549464,Weißenböckstraße,16,345470
2025-08-01T03:26:16.549464,Weißenböckstraße,16,345342
2025-08-01T03:26:16.549464,Weißenböckstraße,16,346390
2025-08-01T03:26:16.549464,Weißenböckstraße,16,346027
2025-08-01T03:26:16.549464,Weißenböckstraße,16,346543
2025-08-01T03:26:16.549464,Weißenböckstraße,16,346540
2025-08-01T03:26:16.549464,Weißenböckstraße,16,347202
2025-08-01T03:26:16.549464,Weißenböckstraße,16,347083
2025-08-01T03:26:16.549464,Weißenböckstraße,16,347777
2025-08-01T03:26:16.549464,Weißenböckstraße,16,347726
2025-08-01T03:26:16.549464,Weißenböckstraße,16,348455
2025-08-01T03:26:16.549464,Weißenböckstraße,16,348707
2025-08-01T03:26:16.549464,Weißenböckstraße,16,348650
2025-08-01T03:26:16.549464,Weißenböckstraße,16,348551
2025-08-01T03:26:16.549464,Weißenböckstraße,16,348538
2025-08-01T03:26:16.549464,Weißenböckstraße,16,398735
2025-08-01T03:26:16.549464,Zentralfriedhof 2. Tor,21,345442
2025-08-01T03:26:16.549464,Zentralfriedhof 2. Tor,21,345357
2025-08-01T03:26:16.549464,Zentralfriedhof 2. Tor,21,345351
2025-08-01T03:26:16.549464,Zentralfriedhof 2. Tor,21,345310
2025-08-01T03:26:16.549464,Zentralfriedhof 2. Tor,21,345241
2025-08-01T03:26:16.549464,Zentralfriedhof 2. Tor,21,345182
2025-08-01T03:26:16.549464,Zentralfriedhof 2. Tor,21,345846
2025-08-01T03:26:16.549464,Zentralfriedhof 2. Tor,21,345705
2025-08-01T03:26:16.549464,Zentralfriedhof 2. Tor,21,346053
2025-08-01T03:26:16.549464,Zentralfriedhof 2. Tor,21,347491
2025-08-01T03:26:16.549464,Zentralfriedhof 2. Tor,21,347463
2025-08-01T03:26:16.549464,Zentralfriedhof 2. Tor,21,347366
2025-08-01T03:26:16.549464,Zentralfriedhof 2. Tor,21,347295
2025-08-01T03:26:16.549464,Zentralfriedhof 2. Tor,21,347752
2025-08-01T03:26:16.549464,Zentralfriedhof 2. Tor,21,347635
2025-08-01T03:26:16.549464,Zentralfriedhof 2. Tor,21,347565
2025-08-01T03:26:16.549464,Zentralfriedhof 2. Tor,21,348307
2025-08-01T03:26:16.549464,Zentralfriedhof 2. Tor,21,348123
2025-08-01T03:26:16.549464,Zentralfriedhof 2. Tor,21,348672
2025-08-01T03:26:16.549464,Zentralfriedhof 2. Tor,21,348603
2025-08-01T03:26:16.549464,Zentralfriedhof 2. Tor,21,349018
2025-08-01T03:26:16.549464,Simoningplatz,11,345664
2025-08-01T03:26:16.549464,Simoningplatz,11,346881
2025-08-01T03:26:16.549464,Simoningplatz,11,346841
2025-08-01T03:26:16.549464,Simoningplatz,11,347383
2025-08-01T03:26:16.549464,Simoningplatz,11,347320
2025-08-01T03:26:16.549464,Simoningplatz,11,347271
2025-08-01T03:26:16.549464,Simoningplatz,11,347082
2025-08-01T03:26:16.549464,Simoningplatz,11,347059
2025-08-01T03:26:16.549464,Simoningplatz,11,347545
2025-08-01T03:26:16.549464,Simoningplatz,11,348675
2025-08-01T03:26:16.549464,Simoningplatz,11,348630
2025-08-01T03:26:16.549464,Zippererstraße U,5,345619
2025-08-01T03:26:16.549464,Zippererstraße U,5,346291
2025-08-01T03:26:16.549464,Zippererstraße U,5,347669
2025-08-01T03:26:16.549464,Zippererstraße U,5,347591
2025-08-01T03:26:16.549464,Zippererstraße U,5,348921
2025-08-01T03:26:16.549464,Hetzendorf S,3,345033
2025-08-01T03:26:16.549464,Hetzendorf S,3,345603
2025-08-01T03:26:16.549464,Hetzendorf S,3,348251
2025-08-01T03:26:16.549464,Gatterhölzl,1,347307
2025-08-01T03:26:16.549464,Speising S,2,345067
2025-08-01T03:26:16.549464,Speising S,2,348246
2025-08-01T03:26:16.549464,Hasnerstraße / Hofferplatz,10,345300
2025-08-01T03:26:16.549464,Hasnerstraße / Hofferplatz,10,345917
2025-08-01T03:26:16.549464,Hasnerstraße / Hofferplatz,10,345614
2025-08-01T03:26:16.549464,Hasnerstraße / Hofferplatz,10,346207
2025-08-01T03:26:16.549464,Hasnerstraße / Hofferplatz,10,347396
2025-08-01T03:26:16.549464,Hasnerstraße / Hofferplatz,10,347221
2025-08-01T03:26:16.549464,Hasnerstraße / Hofferplatz,10,347128
2025-08-01T03:26:16.549464,Hasnerstraße / Hofferplatz,10,347839
2025-08-01T03:26:16.549464,Hasnerstraße / Hofferplatz,10,348222
2025-08-01T03:26:16.549464,Hasnerstraße / Hofferplatz,10,348177
2025-08-01T03:26:16.549464,Nietzscheplatz,7,345034
2025-08-01T03:26:16.549464,Nietzscheplatz,7,345689
2025-08-01T03:26:16.549464,Nietzscheplatz,7,346912
2025-08-01T03:26:16.549464,Nietzscheplatz,7,346518
2025-08-01T03:26:16.549464,Nietzscheplatz,7,347959
2025-08-01T03:26:16.549464,Nietzscheplatz,7,347857
2025-08-01T03:26:16.549464,Nietzscheplatz,7,348029
2025-08-01T03:26:16.549464,Wattgasse,9,345226
2025-08-01T03:26:16.549464,Wattgasse,9,345188
2025-08-01T03:26:16.549464,Wattgasse,9,345107
2025-08-01T03:26:16.549464,Wattgasse,9,345635
2025-08-01T03:26:16.549464,Wattgasse,9,346254
2025-08-01T03:26:16.549464,Wattgasse,9,346742
2025-08-01T03:26:16.549464,Wattgasse,9,347862
2025-08-01T03:26:16.549464,Wattgasse,9,347652
2025-08-01T03:26:16.549464,Wattgasse,9,348154
2025-08-01T03:26:16.549464,Grinzing,5,345385
2025-08-01T03:26:16.549464,Grinzing,5,346132
2025-08-01T03:26:16.549464,Grinzing,5,346030
2025-08-01T03:26:16.549464,Grinzing,5,346557
2025-08-01T03:26:16.549464,Grinzing,5,348372
2025-08-01T03:26:16.549464,Oberdöbling S,8,345042
2025-08-01T03:26:16.549464,Oberdöbling S,8,345882
2025-08-01T03:26:16.549464,Oberdöbling S,8,346155
2025-08-01T03:26:16.549464,Oberdöbling S,8,347989
2025-08-01T03:26:16.549464,Oberdöbling S,8,347890
2025-08-01T03:26:16.549464,Oberdöbling S,8,347718
2025-08-01T03:26:16.549464,Oberdöbling S,8,347505
2025-08-01T03:26:16.549464,Oberdöbling S,8,348524
2025-08-01T03:26:16.549464,Kantnergasse,12,345696
2025-08-01T03:26:16.549464,Kantnergasse,12,346980
2025-08-01T03:26:16.549464,Kantnergasse,12,346836
2025-08-01T03:26:16.549464,Kantnergasse,12,346784
2025-08-01T03:26:16.549464,Kantnergasse,12,347426
2025-08-01T03:26:16.549464,Kantnergasse,12,347089
2025-08-01T03:26:16.549464,Kantnergasse,12,347964
2025-08-01T03:26:16.549464,Kantnergasse,12,347911
2025-08-01T03:26:16.549464,Kantnergasse,12,348342
2025-08-01T03:26:16.549464,Kantnergasse,12,348028
2025-08-01T03:26:16.549464,Kantnergasse,12,348023
2025-08-01T03:26:16.549464,Kantnergasse,12,348585
2025-08-01T03:26:16.549464,Leopoldau S U,4,345422
2025-08-01T03:26:16.549464,Leopoldau S U,4,345521
2025-08-01T03:26:16.549464,Leopoldau S U,4,346878
2025-08-01T03:26:16.549464,Leopoldau S U,4,348642
2025-08-01T03:26:16.549464,Josef-Baumann-Gasse,26,345463
2025-08-01T03:26:16.549464,Josef-Baumann-Gasse,26,345452
2025-08-01T03:26:16.549464,Josef-Baumann-Gasse,26,345443
2025-08-01T03:26:16.549464,Josef-Baumann-Gasse,26,345162
2025-08-01T03:26:16.549464,Josef-Baumann-Gasse,26,345721
2025-08-01T03:26:16.549464,Josef-Baumann-Gasse,26,346436
2025-08-01T03:26:16.549464,Josef-Baumann-Gasse,26,346392
2025-08-01T03:26:16.549464,Josef-Baumann-Gasse,26,346263
2025-08-01T03:26:16.549464,Josef-Baumann-Gasse,26,346113
2025-08-01T03:26:16.549464,Josef-Baumann-Gasse,26,346109
2025-08-01T03:26:16.549464,Josef-Baumann-Gasse,26,346043
2025-08-01T03:26:16.549464,Josef-Baumann-Gasse,26,346007
2025-08-01T03:26:16.549464,Josef-Baumann-Gasse,26,346974
2025-08-01T03:26:16.549464,Josef-Baumann-Gasse,26,346882
2025-08-01T03:26:16.549464,Josef-Baumann-Gasse,26,346850
2025-08-01T03:26:16.549464,Josef-Baumann-Gasse,26,346698
2025-08-01T03:26:16.549464,Josef-Baumann-Gasse,26,346662
2025-08-01T03:26:16.549464,Josef-Baumann-Gasse,26,346547
2025-08-01T03:26:16.549464,Josef-Baumann-Gasse,26,347499
2025-08-01T03:26:16.549464,Josef-Baumann-Gasse,26,347444
2025-08-01T03:26:16.549464,Josef-Baumann-Gasse,26,347419
2025-08-01T03:26:16.549464,Josef-Baumann-Gasse,26,347068
2025-08-01T03:26:16.549464,Josef-Baumann-Gasse,26,347012
2025-08-01T03:26:16.549464,Josef-Baumann-Gasse,26,347949
2025-08-01T03:26:16.549464,Josef-Baumann-Gasse,26,348327
2025-08-01T03:26:16.549464,Josef-Baumann-Gasse,26,348158
2025-08-01T03:26:16.549464,Fultonstraße,7,345433
2025-08-01T03:26:16.549464,Fultonstraße,7,345258
2025-08-01T03:26:16.549464,Fultonstraße,7,345000
2025-08-01T03:26:16.549464,Fultonstraße,7,345765
2025-08-01T03:26:16.549464,Fultonstraße,7,348360
2025-08-01T03:26:16.549464,Fultonstraße,7,348605
2025-08-01T03:26:16.549464,Fultonstraße,7,348575
2025-08-01T03:26:16.549464,Hopfengasse,22,345030
2025-08-01T03:26:16.549464,Hopfengasse,22,345876
2025-08-01T03:26:16.549464,Hopfengasse,22,345800
2025-08-01T03:26:16.549464,Hopfengasse,22,346111
2025-08-01T03:26:16.549464,Hopfengasse,22,346873
2025-08-01T03:26:16.549464,Hopfengasse,22,346555
2025-08-01T03:26:16.549464,Hopfengasse,22,347482
2025-08-01T03:26:16.549464,Hopfengasse,22,347337
2025-08-01T03:26:16.549464,Hopfengasse,22,347324
2025-08-01T03:26:16.549464,Hopfengasse,22,347314
2025-08-01T03:26:16.549464,Hopfengasse,22,347302
2025-08-01T03:26:16.549464,Hopfengasse,22,347272
2025-08-01T03:26:16.549464,Hopfengasse,22,347218
2025-08-01T03:26:16.549464,Hopfengasse,22,347150
2025-08-01T03:26:16.549464,Hopfengasse,22,347991
2025-08-01T03:26:16.549464,Hopfengasse,22,347779
2025-08-01T03:26:16.549464,Hopfengasse,22,348472
2025-08-01T03:26:16.549464,Hopfengasse,22,348384
2025-08-01T03:26:16.549464,Hopfengasse,22,348282
2025-08-01T03:26:16.549464,Hopfengasse,22,348186
2025-08-01T03:26:16.549464,Hopfengasse,22,348026
2025-08-01T03:26:16.549464,Hopfengasse,22,348614
2025-08-01T03:26:16.549464,Jedlesee / Bellgasse,4,345173
2025-08-01T03:26:16.549464,Jedlesee / Bellgasse,4,345075
2025-08-01T03:26:16.549464,Jedlesee / Bellgasse,4,347821
2025-08-01T03:26:16.549464,Jedlesee / Bellgasse,4,348099
2025-08-01T03:26:16.549464,Jedleseer Friedhof,10,345435
2025-08-01T03:26:16.549464,Jedleseer Friedhof,10,345222
2025-08-01T03:26:16.549464,Jedleseer Friedhof,10,346947
2025-08-01T03:26:16.549464,Jedleseer Friedhof,10,346627
2025-08-01T03:26:16.549464,Jedleseer Friedhof,10,347481
2025-08-01T03:26:16.549464,Jedleseer Friedhof,10,347310
2025-08-01T03:26:16.549464,Jedleseer Friedhof,10,347231
2025-08-01T03:26:16.549464,Jedleseer Friedhof,10,347611
2025-08-01T03:26:16.549464,Jedleseer Friedhof,10,348422
2025-08-01T03:26:16.549464,Jedleseer Friedhof,10,348332
2025-08-01T03:26:16.549464,Strebersdorf / Edmund-Hawranek-Platz,16,345158
2025-08-01T03:26:16.549464,Strebersdorf / Edmund-Hawranek-Platz,16,345125
2025-08-01T03:26:16.549464,Strebersdorf / Edmund-Hawranek-Platz,16,346384
2025-08-01T03:26:16.549464,Strebersdorf / Edmund-Hawranek-Platz,16,346359
2025-08-01T03:26:16.549464,Strebersdorf / Edmund-Hawranek-Platz,16,346253
2025-08-01T03:26:16.549464,Strebersdorf / Edmund-Hawranek-Platz,16,346062
2025-08-01T03:26:16.549464,Strebersdorf / Edmund-Hawranek-Platz,16,346766
2025-08-01T03:26:16.549464,Strebersdorf / Edmund-Hawranek-Platz,16,347380
2025-08-01T03:26:16.549464,Strebersdorf / Edmund-Hawranek-Platz,16,347376
2025-08-01T03:26:16.549464,Strebersdorf / Edmund-Hawranek-Platz,16,347103
2025-08-01T03:26:16.549464,Strebersdorf / Edmund-Hawranek-Platz,16,347922
2025-08-01T03:26:16.549464,Strebersdorf / Edmund-Hawranek-Platz,16,347893
2025-08-01T03:26:16.549464,Strebersdorf / Edmund-Hawranek-Platz,16,348444
2025-08-01T03:26:16.549464,Strebersdorf / Edmund-Hawranek-Platz,16,348350
2025-08-01T03:26:16.549464,Strebersdorf / Edmund-Hawranek-Platz,16,348701
2025-08-01T03:26:16.549464,Strebersdorf / Edmund-Hawranek-Platz,16,348597
2025-08-01T03:26:16.549464,Kagraner Anger,3,346998
2025-08-01T03:26:16.549464,Kagraner Anger,3,347856
2025-08-01T03:26:16.549464,Kagraner Anger,3,348070
2025-08-01T03:26:16.549464,Stavangergasse,6,345015
2025-08-01T03:26:16.549464,Stavangergasse,6,345754
2025-08-01T03:26:16.549464,Stavangergasse,6,347438
2025-08-01T03:26:16.549464,Stavangergasse,6,347021
2025-08-01T03:26:16.549464,Stavangergasse,6,347925
2025-08-01T03:26:16.549464,Stavangergasse,6,348920
2025-08-01T03:26:16.549464,Hans-Steger-Gasse,13,345230
2025-08-01T03:26:16.549464,Hans-Steger-Gasse,13,345163
2025-08-01T03:26:16.549464,Hans-Steger-Gasse,13,345968
2025-08-01T03:26:16.549464,Hans-Steger-Gasse,13,345642
2025-08-01T03:26:16.549464,Hans-Steger-Gasse,13,346626
2025-08-01T03:26:16.549464,Hans-Steger-Gasse,13,346591
2025-08-01T03:26:16.549464,Hans-Steger-Gasse,13,346511
2025-08-01T03:26:16.549464,Hans-Steger-Gasse,13,347159
2025-08-01T03:26:16.549464,Hans-Steger-Gasse,13,347065
2025-08-01T03:26:16.549464,Hans-Steger-Gasse,13,347000
2025-08-01T03:26:16.549464,Hans-Steger-Gasse,13,347582
2025-08-01T03:26:16.549464,Hans-Steger-Gasse,13,348447
2025-08-01T03:26:16.549464,Hans-Steger-Gasse,13,348671
2025-08-01T03:26:16.549464,Hirschstetten S,12,345916
2025-08-01T03:26:16.549464,Hirschstetten S,12,345808
2025-08-01T03:26:16.549464,Hirschstetten S,12,345658
2025-08-01T03:26:16.549464,Hirschstetten S,12,346420
2025-08-01T03:26:16.549464,Hirschstetten S,12,346403
2025-08-01T03:26:16.549464,Hirschstetten S,12,346372
2025-08-01T03:26:16.549464,Hirschstetten S,12,346149
2025-08-01T03:26:16.549464,Hirschstetten S,12,346063
2025-08-01T03:26:16.549464,Hirschstetten S,12,346949
2025-08-01T03:26:16.549464,Hirschstetten S,12,347814
2025-08-01T03:26:16.549464,Hirschstetten S,12,347687
2025-08-01T03:26:16.549464,Hirschstetten S,12,348685
2025-08-01T03:26:16.549464,Atzgersdorf S,16,345438
2025-08-01T03:26:16.549464,Atzgersdorf S,16,345184
2025-08-01T03:26:16.549464,Atzgersdorf S,16,345926
2025-08-01T03:26:16.549464,Atzgersdorf S,16,345786
2025-08-01T03:26:16.549464,Atzgersdorf S,16,345637
2025-08-01T03:26:16.549464,Atzgersdorf S,16,346957
2025-08-01T03:26:16.549464,Atzgersdorf S,16,346859
2025-08-01T03:26:16.549464,Atzgersdorf S,16,346789
2025-08-01T03:26:16.549464,Atzgersdorf S,16,346563
2025-08-01T03:26:16.549464,Atzgersdorf S,16,347260
2025-08-01T03:26:16.549464,Atzgersdorf S,16,347166
2025-08-01T03:26:16.549464,Atzgersdorf S,16,347871
2025-08-01T03:26:16.549464,Atzgersdorf S,16,347776
2025-08-01T03:26:16.549464,Atzgersdorf S,16,347682
2025-08-01T03:26:16.549464,Atzgersdorf S,16,347666
2025-08-01T03:26:16.549464,Atzgersdorf S,16,348002
2025-08-01T03:26:16.549464,Siebenhirten U,5,346042
2025-08-01T03:26:16.549464,Siebenhirten U,5,346637
2025-08-01T03:26:16.549464,Siebenhirten U,5,346507
2025-08-01T03:26:16.549464,Siebenhirten U,5,347747
2025-08-01T03:26:16.549464,Siebenhirten U,5,348928
2025-08-01T03:26:16.549464,Perfektastraße U,13,345444
2025-08-01T03:26:16.549464,Perfektastraße U,13,345322
2025-08-01T03:26:16.549464,Perfektastraße U,13,345289
2025-08-01T03:26:16.549464,Perfektastraße U,13,345988
2025-08-01T03:26:16.549464,Perfektastraße U,13,345861
2025-08-01T03:26:16.549464,Perfektastraße U,13,346494
2025-08-01T03:26:16.549464,Perfektastraße U,13,346136
2025-08-01T03:26:16.549464,Perfektastraße U,13,346004
2025-08-01T03:26:16.549464,Perfektastraße U,13,346556
2025-08-01T03:26:16.549464,Perfektastraße U,13,347041
2025-08-01T03:26:16.549464,Perfektastraße U,13,347601
2025-08-01T03:26:16.549464,Perfektastraße U,13,348453
2025-08-01T03:26:16.549464,Perfektastraße U,13,348648
2025-08-01T03:26:16.549464,Praterstern Ausstellungsstraße,12,345299
2025-08-01T03:26:16.549464,Praterstern Ausstellungsstraße,12,345290
2025-08-01T03:26:16.549464,Praterstern Ausstellungsstraße,12,345687
2025-08-01T03:26:16.549464,Praterstern Ausstellungsstraße,12,346459
2025-08-01T03:26:16.549464,Praterstern Ausstellungsstraße,12,346050
2025-08-01T03:26:16.549464,Praterstern Ausstellungsstraße,12,346875
2025-08-01T03:26:16.549464,Praterstern Ausstellungsstraße,12,346700
2025-08-01T03:26:16.549464,Praterstern Ausstellungsstraße,12,347032
2025-08-01T03:26:16.549464,Praterstern Ausstellungsstraße,12,347543
2025-08-01T03:26:16.549464,Praterstern Ausstellungsstraße,12,347527
2025-08-01T03:26:16.549464,Praterstern Ausstellungsstraße,12,348410
2025-08-01T03:26:16.549464,Praterstern Ausstellungsstraße,12,348918
2025-08-01T03:26:16.549464,Muthgasse,10,345081
2025-08-01T03:26:16.549464,Muthgasse,10,345956
2025-08-01T03:26:16.549464,Muthgasse,10,346197
2025-08-01T03:26:16.549464,Muthgasse,10,346995
2025-08-01T03:26:16.549464,Muthgasse,10,347161
2025-08-01T03:26:16.549464,Muthgasse,10,347872
2025-08-01T03:26:16.549464,Muthgasse,10,347739
2025-08-01T03:26:16.549464,Muthgasse,10,348162
2025-08-01T03:26:16.549464,Muthgasse,10,348553
2025-08-01T03:26:16.549464,Muthgasse,10,348546
2025-08-01T03:26:16.549464,Liesing S,13,345329
2025-08-01T03:26:16.549464,Liesing S,13,345083
2025-08-01T03:26:16.549464,Liesing S,13,345678
2025-08-01T03:26:16.549464,Liesing S,13,346219
2025-08-01T03:26:16.549464,Liesing S,13,346928
2025-08-01T03:26:16.549464,Liesing S,13,346717
2025-08-01T03:26:16.549464,Liesing S,13,346625
2025-08-01T03:26:16.549464,Liesing S,13,347351
2025-08-01T03:26:16.549464,Liesing S,13,347886
2025-08-01T03:26:16.549464,Liesing S,13,347723
2025-08-01T03:26:16.549464,Liesing S,13,347709
2025-08-01T03:26:16.549464,Liesing S,13,348629
2025-08-01T03:26:16.549464,Liesing S,13,348567
2025-08-01T03:26:16.549464,Aspern Nord S U,14,345486
2025-08-01T03:26:16.549464,Aspern Nord S U,14,345369
2025-08-01T03:26:16.549464,Aspern Nord S U,14,345267
2025-08-01T03:26:16.549464,Aspern Nord S U,14,345245
2025-08-01T03:26:16.549464,Aspern Nord S U,14,345851
2025-08-01T03:26:16.549464,Aspern Nord S U,14,345704
2025-08-01T03:26:16.549464,Aspern Nord S U,14,345500
2025-08-01T03:26:16.549464,Aspern Nord S U,14,346318
2025-08-01T03:26:16.549464,Aspern Nord S U,14,346311
2025-08-01T03:26:16.549464,Aspern Nord S U,14,346854
2025-08-01T03:26:16.549464,Aspern Nord S U,14,346663
2025-08-01T03:26:16.549464,Aspern Nord S U,14,348487
2025-08-01T03:26:16.549464,Aspern Nord S U,14,348231
2025-08-01T03:26:16.549464,Aspern Nord S U,14,348528
2025-08-01T03:26:16.549464,Seepark,3,347458
2025-08-01T03:26:16.549464,Seepark,3,347828
2025-08-01T03:26:16.549464,Seepark,3,348540
2025-08-01T03:26:16.549464,Seestadt U,10,345324
2025-08-01T03:26:16.549464,Seestadt U,10,345904
2025-08-01T03:26:16.549464,Seestadt U,10,346126
2025-08-01T03:26:16.549464,Seestadt U,10,346723
2025-08-01T03:26:16.549464,Seestadt U,10,346546
2025-08-01T03:26:16.549464,Seestadt U,10,347810
2025-08-01T03:26:16.549464,Seestadt U,10,348451
2025-08-01T03:26:16.549464,Seestadt U,10,348268
2025-08-01T03:26:16.549464,Seestadt U,10,348003
2025-08-01T03:26:16.549464,Seestadt U,10,348519
2025-08-01T03:26:16.549464,Schwedenplatz,12,345684
2025-08-01T03:26:16.549464,Schwedenplatz,12,345578
2025-08-01T03:26:16.549464,Schwedenplatz,12,346431
2025-08-01T03:26:16.549464,Schwedenplatz,12,346697
2025-08-01T03:26:16.549464,Schwedenplatz,12,346693
2025-08-01T03:26:16.549464,Schwedenplatz,12,347979
2025-08-01T03:26:16.549464,Schwedenplatz,12,347780
2025-08-01T03:26:16.549464,Schwedenplatz,12,347622
2025-08-01T03:26:16.549464,Schwedenplatz,12,348391
2025-08-01T03:26:16.549464,Schwedenplatz,12,348064
2025-08-01T03:26:16.549464,Schwedenplatz,12,348631
2025-08-01T03:26:16.549464,Schwedenplatz,12,348612
2025-08-01T03:26:16.549464,Kultursommer25 - Waldmüllerpark,17,345907
2025-08-01T03:26:16.549464,Kultursommer25 - Waldmüllerpark,17,345827
2025-08-01T03:26:16.549464,Kultursommer25 - Waldmüllerpark,17,345708
2025-08-01T03:26:16.549464,Kultursommer25 - Waldmüllerpark,17,346417
2025-08-01T03:26:16.549464,Kultursommer25 - Waldmüllerpark,17,346315
2025-08-01T03:26:16.549464,Kultursommer25 - Waldmüllerpark,17,346114
2025-08-01T03:26:16.549464,Kultursommer25 - Waldmüllerpark,17,346811
2025-08-01T03:26:16.549464,Kultursommer25 - Waldmüllerpark,17,346769
2025-08-01T03:26:16.549464,Kultursommer25 - Waldmüllerpark,17,346643
2025-08-01T03:26:16.549464,Kultursommer25 - Waldmüllerpark,17,347157
2025-08-01T03:26:16.549464,Kultursommer25 - Waldmüllerpark,17,347129
2025-08-01T03:26:16.549464,Kultursommer25 - Waldmüllerpark,17,347969
2025-08-01T03:26:16.549464,Kultursommer25 - Waldmüllerpark,17,347932
2025-08-01T03:26:16.549464,Kultursommer25 - Waldmüllerpark,17,347923
2025-08-01T03:26:16.549464,Kultursommer25 - Waldmüllerpark,17,347511
2025-08-01T03:26:16.549464,Kultursommer25 - Waldmüllerpark,17,348200
2025-08-01T03:26:16.549464,Kultursommer25 - Waldmüllerpark,17,348105
2025-08-01T03:26:16.549464,Landstraße - Wien Mitte S U,14,345473
2025-08-01T03:26:16.549464,Landstraße - Wien Mitte S U,14,345420
2025-08-01T03:26:16.549464,Landstraße - Wien Mitte S U,14,345409
2025-08-01T03:26:16.549464,Landstraße - Wien Mitte S U,14,345930
2025-08-01T03:26:16.549464,Landstraße - Wien Mitte S U,14,345881
2025-08-01T03:26:16.549464,Landstraße - Wien Mitte S U,14,346281
2025-08-01T03:26:16.549464,Landstraße - Wien Mitte S U,14,346104
2025-08-01T03:26:16.549464,Landstraße - Wien Mitte S U,14,346826
2025-08-01T03:26:16.549464,Landstraße - Wien Mitte S U,14,347341
2025-08-01T03:26:16.549464,Landstraße - Wien Mitte S U,14,347257
2025-08-01T03:26:16.549464,Landstraße - Wien Mitte S U,14,347070
2025-08-01T03:26:16.549464,Landstraße - Wien Mitte S U,14,347956
2025-08-01T03:26:16.549464,Landstraße - Wien Mitte S U,14,347556
2025-08-01T03:26:16.549464,Landstraße - Wien Mitte S U,14,348139
2025-08-01T03:26:16.549464,Praterstern S U,50,345439
2025-08-01T03:26:16.549464,Praterstern S U,50,345362
2025-08-01T03:26:16.549464,Praterstern S U,50,345344
2025-08-01T03:26:16.549464,Praterstern S U,50,345172
2025-08-01T03:26:16.549464,Praterstern S U,50,345143
2025-08-01T03:26:16.549464,Praterstern S U,50,345118
2025-08-01T03:26:16.549464,Praterstern S U,50,345037
2025-08-01T03:26:16.549464,Praterstern S U,50,345994
2025-08-01T03:26:16.549464,Praterstern S U,50,345953
2025-08-01T03:26:16.549464,Praterstern S U,50,345842
2025-08-01T03:26:16.549464,Praterstern S U,50,345532
2025-08-01T03:26:16.549464,Praterstern S U,50,346415
2025-08-01T03:26:16.549464,Praterstern S U,50,346375
2025-08-01T03:26:16.549464,Praterstern S U,50,346166
2025-08-01T03:26:16.549464,Praterstern S U,50,346102
2025-08-01T03:26:16.549464,Praterstern S U,50,346950
2025-08-01T03:26:16.549464,Praterstern S U,50,346929
2025-08-01T03:26:16.549464,Praterstern S U,50,346857
2025-08-01T03:26:16.549464,Praterstern S U,50,346830
2025-08-01T03:26:16.549464,Praterstern S U,50,346825
2025-08-01T03:26:16.549464,Praterstern S U,50,346823
2025-08-01T03:26:16.549464,Praterstern S U,50,346765
2025-08-01T03:26:16.549464,Praterstern S U,50,346609
2025-08-01T03:26:16.549464,Praterstern S U,50,346514
2025-08-01T03:26:16.549464,Praterstern S U,50,347397
2025-08-01T03:26:16.549464,Praterstern S U,50,347392
2025-08-01T03:26:16.549464,Praterstern S U,50,347385
2025-08-01T03:26:16.549464,Praterstern S U,50,347379
2025-08-01T03:26:16.549464,Praterstern S U,50,347364
2025-08-01T03:26:16.549464,Praterstern S U,50,347359
2025-08-01T03:26:16.549464,Praterstern S U,50,347333
2025-08-01T03:26:16.549464,Praterstern S U,50,347258
2025-08-01T03:26:16.549464,Praterstern S U,50,347229
2025-08-01T03:26:16.549464,Praterstern S U,50,347209
2025-08-01T03:26:16.549464,Praterstern S U,50,347998
2025-08-01T03:26:16.549464,Praterstern S U,50,347996
2025-08-01T03:26:16.549464,Praterstern S U,50,347818
2025-08-01T03:26:16.549464,Praterstern S U,50,347813
2025-08-01T03:26:16.549464,Praterstern S U,50,347785
2025-08-01T03:26:16.549464,Praterstern S U,50,347746
2025-08-01T03:26:16.549464,Praterstern S U,50,347712
2025-08-01T03:26:16.549464,Praterstern S U,50,347658
2025-08-01T03:26:16.549464,Praterstern S U,50,347528
2025-08-01T03:26:16.549464,Praterstern S U,50,348457
2025-08-01T03:26:16.549464,Praterstern S U,50,348442
2025-08-01T03:26:16.549464,Praterstern S U,50,348407
2025-08-01T03:26:16.549464,Praterstern S U,50,348392
2025-08-01T03:26:16.549464,Praterstern S U,50,348044
2025-08-01T03:26:16.549464,Praterstern S U,50,348709
2025-08-01T03:26:16.549464,Praterstern S U,50,348694
2025-08-01T03:26:16.549464,Rustengasse,11,345360
2025-08-01T03:26:16.549464,Rustengasse,11,346388
2025-08-01T03:26:16.549464,Rustengasse,11,346336
2025-08-01T03:26:16.549464,Rustengasse,11,346303
2025-08-01T03:26:16.549464,Rustengasse,11,346124
2025-08-01T03:26:16.549464,Rustengasse,11,346569
2025-08-01T03:26:16.549464,Rustengasse,11,347460
2025-08-01T03:26:16.549464,Rustengasse,11,347532
2025-08-01T03:26:16.549464,Rustengasse,11,348429
2025-08-01T03:26:16.549464,Rustengasse,11,348135
2025-08-01T03:26:16.549464,Rustengasse,11,348061
2025-08-01T03:26:16.549464,Heiligenstadt S U,22,345400
2025-08-01T03:26:16.549464,Heiligenstadt S U,22,345217
2025-08-01T03:26:16.549464,Heiligenstadt S U,22,346461
2025-08-01T03:26:16.549464,Heiligenstadt S U,22,346323
2025-08-01T03:26:16.549464,Heiligenstadt S U,22,346265
2025-08-01T03:26:16.549464,Heiligenstadt S U,22,346173
2025-08-01T03:26:16.549464,Heiligenstadt S U,22,346172
2025-08-01T03:26:16.549464,Heiligenstadt S U,22,346121
2025-08-01T03:26:16.549464,Heiligenstadt S U,22,346061
2025-08-01T03:26:16.549464,Heiligenstadt S U,22,346020
2025-08-01T03:26:16.549464,Heiligenstadt S U,22,347378
2025-08-01T03:26:16.549464,Heiligenstadt S U,22,347334
2025-08-01T03:26:16.549464,Heiligenstadt S U,22,347976
2025-08-01T03:26:16.549464,Heiligenstadt S U,22,347919
2025-08-01T03:26:16.549464,Heiligenstadt S U,22,347874
2025-08-01T03:26:16.549464,Heiligenstadt S U,22,347762
2025-08-01T03:26:16.549464,Heiligenstadt S U,22,347540
2025-08-01T03:26:16.549464,Heiligenstadt S U,22,348247
2025-08-01T03:26:16.549464,Heiligenstadt S U,22,348237
2025-08-01T03:26:16.549464,Heiligenstadt S U,22,348171
2025-08-01T03:26:16.549464,Heiligenstadt S U,22,348024
2025-08-01T03:26:16.549464,Heiligenstadt S U,22,348628
2025-08-01T03:26:16.549464,Hütteldorf  S U,21,345397
2025-08-01T03:26:16.549464,Hütteldorf  S U,21,345265
2025-08-01T03:26:16.549464,Hütteldorf  S U,21,345190
2025-08-01T03:26:16.549464,Hütteldorf  S U,21,345079
2025-08-01T03:26:16.549464,Hütteldorf  S U,21,345027
2025-08-01T03:26:16.549464,Hütteldorf  S U,21,345787
2025-08-01T03:26:16.549464,Hütteldorf  S U,21,345591
2025-08-01T03:26:16.549464,Hütteldorf  S U,21,346457
2025-08-01T03:26:16.549464,Hütteldorf  S U,21,346434
2025-08-01T03:26:16.549464,Hütteldorf  S U,21,346143
2025-08-01T03:26:16.549464,Hütteldorf  S U,21,346048
2025-08-01T03:26:16.549464,Hütteldorf  S U,21,346960
2025-08-01T03:26:16.549464,Hütteldorf  S U,21,346763
2025-08-01T03:26:16.549464,Hütteldorf  S U,21,346679
2025-08-01T03:26:16.549464,Hütteldorf  S U,21,347486
2025-08-01T03:26:16.549464,Hütteldorf  S U,21,347352
2025-08-01T03:26:16.549464,Hütteldorf  S U,21,347290
2025-08-01T03:26:16.549464,Hütteldorf  S U,21,347288
2025-08-01T03:26:16.549464,Hütteldorf  S U,21,347679
2025-08-01T03:26:16.549464,Hütteldorf  S U,21,347642
2025-08-01T03:26:16.549464,Hütteldorf  S U,21,348075
2025-08-01T03:26:16.549464,Hans-Mandl-Berufsschule,7,345379
2025-08-01T03:26:16.549464,Hans-Mandl-Berufsschule,7,345144
2025-08-01T03:26:16.549464,Hans-Mandl-Berufsschule,7,346190
2025-08-01T03:26:16.549464,Hans-Mandl-Berufsschule,7,347934
2025-08-01T03:26:16.549464,Hans-Mandl-Berufsschule,7,347678
2025-08-01T03:26:16.549464,Hans-Mandl-Berufsschule,7,348465
2025-08-01T03:26:16.549464,Hans-Mandl-Berufsschule,7,348235
2025-08-01T03:26:16.549464,Dänenstraße / BOKU,38,345283
2025-08-01T03:26:16.549464,Dänenstraße / BOKU,38,345111
2025-08-01T03:26:16.549464,Dänenstraße / BOKU,38,345961
2025-08-01T03:26:16.549464,Dänenstraße / BOKU,38,345924
2025-08-01T03:26:16.549464,Dänenstraße / BOKU,38,345795
2025-08-01T03:26:16.549464,Dänenstraße / BOKU,38,345726
2025-08-01T03:26:16.549464,Dänenstraße / BOKU,38,345624
2025-08-01T03:26:16.549464,Dänenstraße / BOKU,38,346279
2025-08-01T03:26:16.549464,Dänenstraße / BOKU,38,346242
2025-08-01T03:26:16.549464,Dänenstraße / BOKU,38,346145
2025-08-01T03:26:16.549464,Dänenstraße / BOKU,38,346086
2025-08-01T03:26:16.549464,Dänenstraße / BOKU,38,346078
2025-08-01T03:26:16.549464,Dänenstraße / BOKU,38,346855
2025-08-01T03:26:16.549464,Dänenstraße / BOKU,38,346774
2025-08-01T03:26:16.549464,Dänenstraße / BOKU,38,346707
2025-08-01T03:26:16.549464,Dänenstraße / BOKU,38,346641
2025-08-01T03:26:16.549464,Dänenstraße / BOKU,38,346606
2025-08-01T03:26:16.549464,Dänenstraße / BOKU,38,346605
2025-08-01T03:26:16.549464,Dänenstraße / BOKU,38,346524
2025-08-01T03:26:16.549464,Dänenstraße / BOKU,38,347425
2025-08-01T03:26:16.549464,Dänenstraße / BOKU,38,347289
2025-08-01T03:26:16.549464,Dänenstraße / BOKU,38,347269
2025-08-01T03:26:16.549464,Dänenstraße / BOKU,38,347098
2025-08-01T03:26:16.549464,Dänenstraße / BOKU,38,347004
2025-08-01T03:26:16.549464,Dänenstraße / BOKU,38,347963
2025-08-01T03:26:16.549464,Dänenstraße / BOKU,38,347675
2025-08-01T03:26:16.549464,Dänenstraße / BOKU,38,347664
2025-08-01T03:26:16.549464,Dänenstraße / BOKU,38,347584
2025-08-01T03:26:16.549464,Dänenstraße / BOKU,38,347502
2025-08-01T03:26:16.549464,Dänenstraße / BOKU,38,348460
2025-08-01T03:26:16.549464,Dänenstraße / BOKU,38,348341
2025-08-01T03:26:16.549464,Dänenstraße / BOKU,38,348313
2025-08-01T03:26:16.549464,Dänenstraße / BOKU,38,348248
2025-08-01T03:26:16.549464,Dänenstraße / BOKU,38,348176
2025-08-01T03:26:16.549464,Dänenstraße / BOKU,38,348078
2025-08-01T03:26:16.549464,Dänenstraße / BOKU,38,348706
2025-08-01T03:26:16.549464,Dänenstraße / BOKU,38,348683
2025-08-01T03:26:16.549464,Dänenstraße / BOKU,38,348542
2025-08-01T03:26:16.549464,Schloss Schönbrunn,24,345991
2025-08-01T03:26:16.549464,Schloss Schönbrunn,24,345878
2025-08-01T03:26:16.549464,Schloss Schönbrunn,24,345866
2025-08-01T03:26:16.549464,Schloss Schönbrunn,24,345768
2025-08-01T03:26:16.549464,Schloss Schönbrunn,24,345647
2025-08-01T03:26:16.549464,Schloss Schönbrunn,24,346330
2025-08-01T03:26:16.549464,Schloss Schönbrunn,24,346247
2025-08-01T03:26:16.549464,Schloss Schönbrunn,24,346187
2025-08-01T03:26:16.549464,Schloss Schönbrunn,24,346122
2025-08-01T03:26:16.549464,Schloss Schönbrunn,24,346039
2025-08-01T03:26:16.549464,Schloss Schönbrunn,24,346971
2025-08-01T03:26:16.549464,Schloss Schönbrunn,24,346940
2025-08-01T03:26:16.549464,Schloss Schönbrunn,24,347368
2025-08-01T03:26:16.549464,Schloss Schönbrunn,24,347308
2025-08-01T03:26:16.549464,Schloss Schönbrunn,24,347967
2025-08-01T03:26:16.549464,Schloss Schönbrunn,24,347947
2025-08-01T03:26:16.549464,Schloss Schönbrunn,24,347537
2025-08-01T03:26:16.549464,Schloss Schönbrunn,24,348467
2025-08-01T03:26:16.549464,Schloss Schönbrunn,24,348437
2025-08-01T03:26:16.549464,Schloss Schönbrunn,24,348435
2025-08-01T03:26:16.549464,Schloss Schönbrunn,24,348380
2025-08-01T03:26:16.549464,Schloss Schönbrunn,24,348275
2025-08-01T03:26:16.549464,Schloss Schönbrunn,24,348180
2025-08-01T03:26:16.549464,Schloss Schönbrunn,24,348000
2025-08-01T03:26:16.549464,Eslarngasse / Juchgasse,14,345469
2025-08-01T03:26:16.549464,Eslarngasse / Juchgasse,14,345291
2025-08-01T03:26:16.549464,Eslarngasse / Juchgasse,14,345091
2025-08-01T03:26:16.549464,Eslarngasse / Juchgasse,14,345610
2025-08-01T03:26:16.549464,Eslarngasse / Juchgasse,14,346206
2025-08-01T03:26:16.549464,Eslarngasse / Juchgasse,14,346147
2025-08-01T03:26:16.549464,Eslarngasse / Juchgasse,14,346746
2025-08-01T03:26:16.549464,Eslarngasse / Juchgasse,14,347465
2025-08-01T03:26:16.549464,Eslarngasse / Juchgasse,14,347283
2025-08-01T03:26:16.549464,Eslarngasse / Juchgasse,14,347276
2025-08-01T03:26:16.549464,Eslarngasse / Juchgasse,14,347961
2025-08-01T03:26:16.549464,Eslarngasse / Juchgasse,14,348193
2025-08-01T03:26:16.549464,Eslarngasse / Juchgasse,14,348072
2025-08-01T03:26:16.549464,Eslarngasse / Juchgasse,14,348633
2025-08-01T03:26:16.549464,Plößlgasse / Belvedere,14,345193
2025-08-01T03:26:16.549464,Plößlgasse / Belvedere,14,345109
2025-08-01T03:26:16.549464,Plößlgasse / Belvedere,14,345612
2025-08-01T03:26:16.549464,Plößlgasse / Belvedere,14,345602
2025-08-01T03:26:16.549464,Plößlgasse / Belvedere,14,346408
2025-08-01T03:26:16.549464,Plößlgasse / Belvedere,14,346369
2025-08-01T03:26:16.549464,Plößlgasse / Belvedere,14,346833
2025-08-01T03:26:16.549464,Plößlgasse / Belvedere,14,347323
2025-08-01T03:26:16.549464,Plößlgasse / Belvedere,14,347145
2025-08-01T03:26:16.549464,Plößlgasse / Belvedere,14,347034
2025-08-01T03:26:16.549464,Plößlgasse / Belvedere,14,347811
2025-08-01T03:26:16.549464,Plößlgasse / Belvedere,14,347727
2025-08-01T03:26:16.549464,Plößlgasse / Belvedere,14,348250
2025-08-01T03:26:16.549464,Plößlgasse / Belvedere,14,398715
2025-08-01T03:26:16.549464,Sankt-Elisabeth-Platz,16,345430
2025-08-01T03:26:16.549464,Sankt-Elisabeth-Platz,16,345303
2025-08-01T03:26:16.549464,Sankt-Elisabeth-Platz,16,345914
2025-08-01T03:26:16.549464,Sankt-Elisabeth-Platz,16,345547
2025-08-01T03:26:16.549464,Sankt-Elisabeth-Platz,16,346831
2025-08-01T03:26:16.549464,Sankt-Elisabeth-Platz,16,347468
2025-08-01T03:26:16.549464,Sankt-Elisabeth-Platz,16,347091
2025-08-01T03:26:16.549464,Sankt-Elisabeth-Platz,16,347085
2025-08-01T03:26:16.549464,Sankt-Elisabeth-Platz,16,347013
2025-08-01T03:26:16.549464,Sankt-Elisabeth-Platz,16,347889
2025-08-01T03:26:16.549464,Sankt-Elisabeth-Platz,16,347744
2025-08-01T03:26:16.549464,Sankt-Elisabeth-Platz,16,347632
2025-08-01T03:26:16.549464,Sankt-Elisabeth-Platz,16,347569
2025-08-01T03:26:16.549464,Sankt-Elisabeth-Platz,16,348468
2025-08-01T03:26:16.549464,Sankt-Elisabeth-Platz,16,348059
2025-08-01T03:26:16.549464,Sankt-Elisabeth-Platz,16,348554
2025-08-01T03:26:16.549464,Laudongasse / Schönbornpark,8,345407
2025-08-01T03:26:16.549464,Laudongasse / Schönbornpark,8,345928
2025-08-01T03:26:16.549464,Laudongasse / Schönbornpark,8,345901
2025-08-01T03:26:16.549464,Laudongasse / Schönbornpark,8,346016
2025-08-01T03:26:16.549464,Laudongasse / Schönbornpark,8,347273
2025-08-01T03:26:16.549464,Laudongasse / Schönbornpark,8,347831
2025-08-01T03:26:16.549464,Laudongasse / Schönbornpark,8,348483
2025-08-01T03:26:16.549464,Laudongasse / Schönbornpark,8,398721
2025-08-01T03:26:16.549464,Rossauer Lände U,11,346248
2025-08-01T03:26:16.549464,Rossauer Lände U,11,346205
2025-08-01T03:26:16.549464,Rossauer Lände U,11,346082
2025-08-01T03:26:16.549464,Rossauer Lände U,11,346065
2025-08-01T03:26:16.549464,Rossauer Lände U,11,346937
2025-08-01T03:26:16.549464,Rossauer Lände U,11,346927
2025-08-01T03:26:16.549464,Rossauer Lände U,11,346888
2025-08-01T03:26:16.549464,Rossauer Lände U,11,346845
2025-08-01T03:26:16.549464,Rossauer Lände U,11,347740
2025-08-01T03:26:16.549464,Rossauer Lände U,11,348398
2025-08-01T03:26:16.549464,Rossauer Lände U,11,348324
2025-08-01T03:26:16.549464,Lazarettgasse,20,345453
2025-08-01T03:26:16.549464,Lazarettgasse,20,345374
2025-08-01T03:26:16.549464,Lazarettgasse,20,345966
2025-08-01T03:26:16.549464,Lazarettgasse,20,345964
2025-08-01T03:26:16.549464,Lazarettgasse,20,345894
2025-08-01T03:26:16.549464,Lazarettgasse,20,345775
2025-08-01T03:26:16.549464,Lazarettgasse,20,345691
2025-08-01T03:26:16.549464,Lazarettgasse,20,345554
2025-08-01T03:26:16.549464,Lazarettgasse,20,346377
2025-08-01T03:26:16.549464,Lazarettgasse,20,346012
2025-08-01T03:26:16.549464,Lazarettgasse,20,346959
2025-08-01T03:26:16.549464,Lazarettgasse,20,346712
2025-08-01T03:26:16.549464,Lazarettgasse,20,347002
2025-08-01T03:26:16.549464,Lazarettgasse,20,347804
2025-08-01T03:26:16.549464,Lazarettgasse,20,347702
2025-08-01T03:26:16.549464,Lazarettgasse,20,347587
2025-08-01T03:26:16.549464,Lazarettgasse,20,347538
2025-08-01T03:26:16.549464,Lazarettgasse,20,348329
2025-08-01T03:26:16.549464,Lazarettgasse,20,348107
2025-08-01T03:26:16.549464,Lazarettgasse,20,348645
2025-08-01T03:26:16.549464,Edelsinnstraße,4,345194
2025-08-01T03:26:16.549464,Edelsinnstraße,4,346771
2025-08-01T03:26:16.549464,Edelsinnstraße,4,346761
2025-08-01T03:26:16.549464,Edelsinnstraße,4,347907
2025-08-01T03:26:16.549464,Karlsplatz U / TU Wien,2,347439
2025-08-01T03:26:16.549464,Karlsplatz U / TU Wien,2,347873
2025-08-01T03:26:16.549464,Amerlingstraße,1,347590
2025-08-01T03:26:16.549464,Albertgasse,14,345341
2025-08-01T03:26:16.549464,Albertgasse,14,345992
2025-08-01T03:26:16.549464,Albertgasse,14,346467
2025-08-01T03:26:16.549464,Albertgasse,14,346887
2025-08-01T03:26:16.549464,Albertgasse,14,346795
2025-08-01T03:26:16.549464,Albertgasse,14,346608
2025-08-01T03:26:16.549464,Albertgasse,14,346582
2025-08-01T03:26:16.549464,Albertgasse,14,346573
2025-08-01T03:26:16.549464,Albertgasse,14,347025
2025-08-01T03:26:16.549464,Albertgasse,14,347759
2025-08-01T03:26:16.549464,Albertgasse,14,348293
2025-08-01T03:26:16.549464,Albertgasse,14,348084
2025-08-01T03:26:16.549464,Albertgasse,14,348027
2025-08-01T03:26:16.549464,Albertgasse,14,348009
2025-08-01T03:26:16.549464,Sensengasse,6,345278
2025-08-01T03:26:16.549464,Sensengasse,6,346212
2025-08-01T03:26:16.549464,Sensengasse,6,346081
2025-08-01T03:26:16.549464,Sensengasse,6,346076
2025-08-01T03:26:16.549464,Sensengasse,6,346977
2025-08-01T03:26:16.549464,Sensengasse,6,348264
2025-08-01T03:26:16.549464,Belgradplatz,4,345242
2025-08-01T03:26:16.549464,Belgradplatz,4,345585
2025-08-01T03:26:16.549464,Belgradplatz,4,348145
2025-08-01T03:26:16.549464,Belgradplatz,4,348665
2025-08-01T03:26:16.549464,Arbeitergasse - Gürtel,17,345031
2025-08-01T03:26:16.549464,Arbeitergasse - Gürtel,17,345843
2025-08-01T03:26:16.549464,Arbeitergasse - Gürtel,17,346481
2025-08-01T03:26:16.549464,Arbeitergasse - Gürtel,17,346194
2025-08-01T03:26:16.549464,Arbeitergasse - Gürtel,17,346773
2025-08-01T03:26:16.549464,Arbeitergasse - Gürtel,17,346674
2025-08-01T03:26:16.549464,Arbeitergasse - Gürtel,17,346661
2025-08-01T03:26:16.549464,Arbeitergasse - Gürtel,17,346517
2025-08-01T03:26:16.549464,Arbeitergasse - Gürtel,17,346513
2025-08-01T03:26:16.549464,Arbeitergasse - Gürtel,17,347251
2025-08-01T03:26:16.549464,Arbeitergasse - Gürtel,17,347139
2025-08-01T03:26:16.549464,Arbeitergasse - Gürtel,17,347787
2025-08-01T03:26:16.549464,Arbeitergasse - Gürtel,17,347755
2025-08-01T03:26:16.549464,Arbeitergasse - Gürtel,17,348362
2025-08-01T03:26:16.549464,Arbeitergasse - Gürtel,17,348607
2025-08-01T03:26:16.549464,Arbeitergasse - Gürtel,17,348556
2025-08-01T03:26:16.549464,Arbeitergasse - Gürtel,17,348516
2025-08-01T03:26:16.549464,Bauernfeldplatz / Palais Lichtenstein,18,345384
2025-08-01T03:26:16.549464,Bauernfeldplatz / Palais Lichtenstein,18,345250
2025-08-01T03:26:16.549464,Bauernfeldplatz / Palais Lichtenstein,18,345195
2025-08-01T03:26:16.549464,Bauernfeldplatz / Palais Lichtenstein,18,345045
2025-08-01T03:26:16.549464,Bauernfeldplatz / Palais Lichtenstein,18,345596
2025-08-01T03:26:16.549464,Bauernfeldplatz / Palais Lichtenstein,18,345563
2025-08-01T03:26:16.549464,Bauernfeldplatz / Palais Lichtenstein,18,345519
2025-08-01T03:26:16.549464,Bauernfeldplatz / Palais Lichtenstein,18,346249
2025-08-01T03:26:16.549464,Bauernfeldplatz / Palais Lichtenstein,18,346148
2025-08-01T03:26:16.549464,Bauernfeldplatz / Palais Lichtenstein,18,346750
2025-08-01T03:26:16.549464,Bauernfeldplatz / Palais Lichtenstein,18,346656
2025-08-01T03:26:16.549464,Bauernfeldplatz / Palais Lichtenstein,18,347487
2025-08-01T03:26:16.549464,Bauernfeldplatz / Palais Lichtenstein,18,347400
2025-08-01T03:26:16.549464,Bauernfeldplatz / Palais Lichtenstein,18,347820
2025-08-01T03:26:16.549464,Bauernfeldplatz / Palais Lichtenstein,18,347558
2025-08-01T03:26:16.549464,Bauernfeldplatz / Palais Lichtenstein,18,348232
2025-08-01T03:26:16.549464,Bauernfeldplatz / Palais Lichtenstein,18,348141
2025-08-01T03:26:16.549464,Bauernfeldplatz / Palais Lichtenstein,18,348055
2025-08-01T03:26:16.549464,Johannesgasse / Stadtpark,7,345935
2025-08-01T03:26:16.549464,Johannesgasse / Stadtpark,7,346363
2025-08-01T03:26:16.549464,Johannesgasse / Stadtpark,7,346316
2025-08-01T03:26:16.549464,Johannesgasse / Stadtpark,7,346071
2025-08-01T03:26:16.549464,Johannesgasse / Stadtpark,7,346816
2025-08-01T03:26:16.549464,Johannesgasse / Stadtpark,7,346618
2025-08-01T03:26:16.549464,Johannesgasse / Stadtpark,7,348112
2025-08-01T03:26:16.549464,Am Schöpfwerk U,13,345399
2025-08-01T03:26:16.549464,Am Schöpfwerk U,13,345321
2025-08-01T03:26:16.549464,Am Schöpfwerk U,13,345885
2025-08-01T03:26:16.549464,Am Schöpfwerk U,13,346877
2025-08-01T03:26:16.549464,Am Schöpfwerk U,13,346852
2025-08-01T03:26:16.549464,Am Schöpfwerk U,13,346558
2025-08-01T03:26:16.549464,Am Schöpfwerk U,13,347459
2025-08-01T03:26:16.549464,Am Schöpfwerk U,13,347365
2025-08-01T03:26:16.549464,Am Schöpfwerk U,13,347213
2025-08-01T03:26:16.549464,Am Schöpfwerk U,13,347933
2025-08-01T03:26:16.549464,Am Schöpfwerk U,13,347825
2025-08-01T03:26:16.549464,Am Schöpfwerk U,13,398725
2025-08-01T03:26:16.549464,Am Schöpfwerk U,13,398724
2025-08-01T03:26:16.549464,Alserbachstraße,39,345287
2025-08-01T03:26:16.549464,Alserbachstraße,39,345233
2025-08-01T03:26:16.549464,Alserbachstraße,39,345196
2025-08-01T03:26:16.549464,Alserbachstraße,39,345131
2025-08-01T03:26:16.549464,Alserbachstraße,39,345071
2025-08-01T03:26:16.549464,Alserbachstraße,39,345989
2025-08-01T03:26:16.549464,Alserbachstraße,39,345932
2025-08-01T03:26:16.549464,Alserbachstraße,39,345815
2025-08-01T03:26:16.549464,Alserbachstraße,39,345717
2025-08-01T03:26:16.549464,Alserbachstraße,39,345700
2025-08-01T03:26:16.549464,Alserbachstraße,39,345674
2025-08-01T03:26:16.549464,Alserbachstraße,39,345650
2025-08-01T03:26:16.549464,Alserbachstraße,39,345589
2025-08-01T03:26:16.549464,Alserbachstraße,39,346338
2025-08-01T03:26:16.549464,Alserbachstraße,39,346335
2025-08-01T03:26:16.549464,Alserbachstraße,39,346085
2025-08-01T03:26:16.549464,Alserbachstraße,39,346041
2025-08-01T03:26:16.549464,Alserbachstraße,39,346953
2025-08-01T03:26:16.549464,Alserbachstraße,39,346883
2025-08-01T03:26:16.549464,Alserbachstraße,39,346860
2025-08-01T03:26:16.549464,Alserbachstraße,39,346814
2025-08-01T03:26:16.549464,Alserbachstraße,39,346749
2025-08-01T03:26:16.549464,Alserbachstraße,39,346621
2025-08-01T03:26:16.549464,Alserbachstraße,39,347467
2025-08-01T03:26:16.549464,Alserbachstraße,39,347241
2025-08-01T03:26:16.549464,Alserbachstraße,39,347122
2025-08-01T03:26:16.549464,Alserbachstraße,39,347003
2025-08-01T03:26:16.549464,Alserbachstraße,39,347931
2025-08-01T03:26:16.549464,Alserbachstraße,39,347869
2025-08-01T03:26:16.549464,Alserbachstraße,39,347535
2025-08-01T03:26:16.549464,Alserbachstraße,39,348431
2025-08-01T03:26:16.549464,Alserbachstraße,39,348426
2025-08-01T03:26:16.549464,Alserbachstraße,39,348159
2025-08-01T03:26:16.549464,Alserbachstraße,39,348143
2025-08-01T03:26:16.549464,Alserbachstraße,39,348016
2025-08-01T03:26:16.549464,Alserbachstraße,39,348004
2025-08-01T03:26:16.549464,Alserbachstraße,39,398738
2025-08-01T03:26:16.549464,Alserbachstraße,39,398718
2025-08-01T03:26:16.549464,Alserbachstraße,39,349025
2025-08-01T03:26:16.549464,Petrusgasse,23,345346
2025-08-01T03:26:16.549464,Petrusgasse,23,345849
2025-08-01T03:26:16.549464,Petrusgasse,23,345818
2025-08-01T03:26:16.549464,Petrusgasse,23,345570
2025-08-01T03:26:16.549464,Petrusgasse,23,346064
2025-08-01T03:26:16.549464,Petrusgasse,23,346037
2025-08-01T03:26:16.549464,Petrusgasse,23,346970
2025-08-01T03:26:16.549464,Petrusgasse,23,346969
2025-08-01T03:26:16.549464,Petrusgasse,23,346923
2025-08-01T03:26:16.549464,Petrusgasse,23,346858
2025-08-01T03:26:16.549464,Petrusgasse,23,346828
2025-08-01T03:26:16.549464,Petrusgasse,23,346680
2025-08-01T03:26:16.549464,Petrusgasse,23,347299
2025-08-01T03:26:16.549464,Petrusgasse,23,347863
2025-08-01T03:26:16.549464,Petrusgasse,23,347725
2025-08-01T03:26:16.549464,Petrusgasse,23,347683
2025-08-01T03:26:16.549464,Petrusgasse,23,347627
2025-08-01T03:26:16.549464,Petrusgasse,23,347557
2025-08-01T03:26:16.549464,Petrusgasse,23,347523
2025-08-01T03:26:16.549464,Petrusgasse,23,348449
2025-08-01T03:26:16.549464,Petrusgasse,23,348325
2025-08-01T03:26:16.549464,Petrusgasse,23,348137
2025-08-01T03:26:16.549464,Petrusgasse,23,348530
2025-08-01T03:26:16.549464,Wassergasse,6,346364
2025-08-01T03:26:16.549464,Wassergasse,6,347772
2025-08-01T03:26:16.549464,Wassergasse,6,348479
2025-08-01T03:26:16.549464,Wassergasse,6,348364
2025-08-01T03:26:16.549464,Wassergasse,6,348124
2025-08-01T03:26:16.549464,Wassergasse,6,348049
2025-08-01T03:26:16.549464,Löwengasse,19,345491
2025-08-01T03:26:16.549464,Löwengasse,19,345466
2025-08-01T03:26:16.549464,Löwengasse,19,345179
2025-08-01T03:26:16.549464,Löwengasse,19,345102
2025-08-01T03:26:16.549464,Löwengasse,19,345952
2025-08-01T03:26:16.549464,Löwengasse,19,345593
2025-08-01T03:26:16.549464,Löwengasse,19,346235
2025-08-01T03:26:16.549464,Löwengasse,19,346218
2025-08-01T03:26:16.549464,Löwengasse,19,346184
2025-08-01T03:26:16.549464,Löwengasse,19,346146
2025-08-01T03:26:16.549464,Löwengasse,19,346954
2025-08-01T03:26:16.549464,Löwengasse,19,346884
2025-08-01T03:26:16.549464,Löwengasse,19,347195
2025-08-01T03:26:16.549464,Löwengasse,19,347986
2025-08-01T03:26:16.549464,Löwengasse,19,347625
2025-08-01T03:26:16.549464,Löwengasse,19,348402
2025-08-01T03:26:16.549464,Löwengasse,19,348149
2025-08-01T03:26:16.549464,Löwengasse,19,348045
2025-08-01T03:26:16.549464,Löwengasse,19,348015
2025-08-01T03:26:16.549464,Kardinal-Nagl-Platz U,11,345590
2025-08-01T03:26:16.549464,Kardinal-Nagl-Platz U,11,346229
2025-08-01T03:26:16.549464,Kardinal-Nagl-Platz U,11,346984
2025-08-01T03:26:16.549464,Kardinal-Nagl-Platz U,11,347409
2025-08-01T03:26:16.549464,Kardinal-Nagl-Platz U,11,347143
2025-08-01T03:26:16.549464,Kardinal-Nagl-Platz U,11,347140
2025-08-01T03:26:16.549464,Kardinal-Nagl-Platz U,11,348397
2025-08-01T03:26:16.549464,Kardinal-Nagl-Platz U,11,348190
2025-08-01T03:26:16.549464,Kardinal-Nagl-Platz U,11,348620
2025-08-01T03:26:16.549464,Kardinal-Nagl-Platz U,11,348541
2025-08-01T03:26:16.549464,Kardinal-Nagl-Platz U,11,348877
2025-08-01T03:26:16.549464,Kärntner Ring,4,347281
2025-08-01T03:26:16.549464,Kärntner Ring,4,347261
2025-08-01T03:26:16.549464,Kärntner Ring,4,347051
2025-08-01T03:26:16.549464,Kärntner Ring,4,347028
2025-08-01T03:26:16.549464,Schottenring U,13,345440
2025-08-01T03:26:16.549464,Schottenring U,13,345167
2025-08-01T03:26:16.549464,Schottenring U,13,345129
2025-08-01T03:26:16.549464,Schottenring U,13,346416
2025-08-01T03:26:16.549464,Schottenring U,13,346414
2025-08-01T03:26:16.549464,Schottenring U,13,346925
2025-08-01T03:26:16.549464,Schottenring U,13,346664
2025-08-01T03:26:16.549464,Schottenring U,13,346644
2025-08-01T03:26:16.549464,Schottenring U,13,347186
2025-08-01T03:26:16.549464,Schottenring U,13,347018
2025-08-01T03:26:16.549464,Schottenring U,13,348244
2025-08-01T03:26:16.549464,Schottenring U,13,348711
2025-08-01T03:26:16.549464,Schottenring U,13,348656
2025-08-01T03:26:16.549464,Strozzigasse,4,345272
2025-08-01T03:26:16.549464,Strozzigasse,4,345008
2025-08-01T03:26:16.549464,Strozzigasse,4,348489
2025-08-01T03:26:16.549464,Strozzigasse,4,348071
2025-08-01T03:26:16.549464,Yppengasse,16,345313
2025-08-01T03:26:16.549464,Yppengasse,16,346381
2025-08-01T03:26:16.549464,Yppengasse,16,346835
2025-08-01T03:26:16.549464,Yppengasse,16,346714
2025-08-01T03:26:16.549464,Yppengasse,16,346660
2025-08-01T03:26:16.549464,Yppengasse,16,347472
2025-08-01T03:26:16.549464,Yppengasse,16,347354
2025-08-01T03:26:16.549464,Yppengasse,16,347196
2025-08-01T03:26:16.549464,Yppengasse,16,347092
2025-08-01T03:26:16.549464,Yppengasse,16,347011
2025-08-01T03:26:16.549464,Yppengasse,16,347738
2025-08-01T03:26:16.549464,Yppengasse,16,347598
2025-08-01T03:26:16.549464,Yppengasse,16,348415
2025-08-01T03:26:16.549464,Yppengasse,16,348691
2025-08-01T03:26:16.549464,Yppengasse,16,348522
2025-08-01T03:26:16.549464,Yppengasse,16,398722
2025-08-01T03:26:16.549464,Brünnlbadgasse,12,345897
2025-08-01T03:26:16.549464,Brünnlbadgasse,12,345562
2025-08-01T03:26:16.549464,Brünnlbadgasse,12,346454
2025-08-01T03:26:16.549464,Brünnlbadgasse,12,346733
2025-08-01T03:26:16.549464,Brünnlbadgasse,12,347466
2025-08-01T03:26:16.549464,Brünnlbadgasse,12,347348
2025-08-01T03:26:16.549464,Brünnlbadgasse,12,347259
2025-08-01T03:26:16.549464,Brünnlbadgasse,12,347966
2025-08-01T03:26:16.549464,Brünnlbadgasse,12,348312
2025-08-01T03:26:16.549464,Brünnlbadgasse,12,348560
2025-08-01T03:26:16.549464,Brünnlbadgasse,12,348547
2025-08-01T03:26:16.549464,Brünnlbadgasse,12,348518
2025-08-01T03:26:16.549464,Obere Augartenstraße,23,345480
2025-08-01T03:26:16.549464,Obere Augartenstraße,23,345417
2025-08-01T03:26:16.549464,Obere Augartenstraße,23,345348
2025-08-01T03:26:16.549464,Obere Augartenstraße,23,345156
2025-08-01T03:26:16.549464,Obere Augartenstraße,23,345152
2025-08-01T03:26:16.549464,Obere Augartenstraße,23,345148
2025-08-01T03:26:16.549464,Obere Augartenstraße,23,345983
2025-08-01T03:26:16.549464,Obere Augartenstraße,23,345663
2025-08-01T03:26:16.549464,Obere Augartenstraße,23,346499
2025-08-01T03:26:16.549464,Obere Augartenstraße,23,346293
2025-08-01T03:26:16.549464,Obere Augartenstraße,23,346006
2025-08-01T03:26:16.549464,Obere Augartenstraße,23,346885
2025-08-01T03:26:16.549464,Obere Augartenstraße,23,346631
2025-08-01T03:26:16.549464,Obere Augartenstraße,23,346628
2025-08-01T03:26:16.549464,Obere Augartenstraße,23,346610
2025-08-01T03:26:16.549464,Obere Augartenstraße,23,347284
2025-08-01T03:26:16.549464,Obere Augartenstraße,23,347641
2025-08-01T03:26:16.549464,Obere Augartenstraße,23,347628
2025-08-01T03:26:16.549464,Obere Augartenstraße,23,347542
2025-08-01T03:26:16.549464,Obere Augartenstraße,23,347506
2025-08-01T03:26:16.549464,Obere Augartenstraße,23,348280
2025-08-01T03:26:16.549464,Obere Augartenstraße,23,348202
2025-08-01T03:26:16.549464,Obere Augartenstraße,23,348606
2025-08-01T03:26:16.549464,Gußhausstraße / Argentinierstraße,3,346045
2025-08-01T03:26:16.549464,Gußhausstraße / Argentinierstraße,3,348355
2025-08-01T03:26:16.549464,Gußhausstraße / Argentinierstraße,3,348611
2025-08-01T03:26:16.549464,Marschallplatz,11,345777
2025-08-01T03:26:16.549464,Marschallplatz,11,345715
2025-08-01T03:26:16.549464,Marschallplatz,11,345646
2025-08-01T03:26:16.549464,Marschallplatz,11,346428
2025-08-01T03:26:16.549464,Marschallplatz,11,346401
2025-08-01T03:26:16.549464,Marschallplatz,11,346214
2025-08-01T03:26:16.549464,Marschallplatz,11,346142
2025-08-01T03:26:16.549464,Marschallplatz,11,346645
2025-08-01T03:26:16.549464,Marschallplatz,11,347950
2025-08-01T03:26:16.549464,Marschallplatz,11,348111
2025-08-01T03:26:16.549464,Marschallplatz,11,348676
2025-08-01T03:26:16.549464,Ober St. Veit U,17,345340
2025-08-01T03:26:16.549464,Ober St. Veit U,17,345249
2025-08-01T03:26:16.549464,Ober St. Veit U,17,345124
2025-08-01T03:26:16.549464,Ober St. Veit U,17,345772
2025-08-01T03:26:16.549464,Ober St. Veit U,17,345764
2025-08-01T03:26:16.549464,Ober St. Veit U,17,345617
2025-08-01T03:26:16.549464,Ober St. Veit U,17,346464
2025-08-01T03:26:16.549464,Ober St. Veit U,17,346441
2025-08-01T03:26:16.549464,Ober St. Veit U,17,346827
2025-08-01T03:26:16.549464,Ober St. Veit U,17,346732
2025-08-01T03:26:16.549464,Ober St. Veit U,17,346669
2025-08-01T03:26:16.549464,Ober St. Veit U,17,346599
2025-08-01T03:26:16.549464,Ober St. Veit U,17,347331
2025-08-01T03:26:16.549464,Ober St. Veit U,17,347123
2025-08-01T03:26:16.549464,Ober St. Veit U,17,347595
2025-08-01T03:26:16.549464,Ober St. Veit U,17,348622
2025-08-01T03:26:16.549464,Ober St. Veit U,17,348581
2025-08-01T03:26:16.549464,Auf der Schmelz,14,345496
2025-08-01T03:26:16.549464,Auf der Schmelz,14,345403
2025-08-01T03:26:16.549464,Auf der Schmelz,14,345304
2025-08-01T03:26:16.549464,Auf der Schmelz,14,345936
2025-08-01T03:26:16.549464,Auf der Schmelz,14,345872
2025-08-01T03:26:16.549464,Auf der Schmelz,14,345668
2025-08-01T03:26:16.549464,Auf der Schmelz,14,345564
2025-08-01T03:26:16.549464,Auf der Schmelz,14,346389
2025-08-01T03:26:16.549464,Auf der Schmelz,14,346376
2025-08-01T03:26:16.549464,Auf der Schmelz,14,346370
2025-08-01T03:26:16.549464,Auf der Schmelz,14,346673
2025-08-01T03:26:16.549464,Auf der Schmelz,14,346670
2025-08-01T03:26:16.549464,Auf der Schmelz,14,347009
2025-08-01T03:26:16.549464,Auf der Schmelz,14,347570
2025-08-01T03:26:16.549464,Grimmgasse,10,345251
2025-08-01T03:26:16.549464,Grimmgasse,10,345106
2025-08-01T03:26:16.549464,Grimmgasse,10,345719
2025-08-01T03:26:16.549464,Grimmgasse,10,345522
2025-08-01T03:26:16.549464,Grimmgasse,10,346745
2025-08-01T03:26:16.549464,Grimmgasse,10,347256
2025-08-01T03:26:16.549464,Grimmgasse,10,347192
2025-08-01T03:26:16.549464,Grimmgasse,10,347613
2025-08-01T03:26:16.549464,Grimmgasse,10,348388
2025-08-01T03:26:16.549464,Grimmgasse,10,348523
2025-08-01T03:26:16.549464,Parhamerplatz,22,345464
2025-08-01T03:26:16.549464,Parhamerplatz,22,345451
2025-08-01T03:26:16.549464,Parhamerplatz,22,345206
2025-08-01T03:26:16.549464,Parhamerplatz,22,345088
2025-08-01T03:26:16.549464,Parhamerplatz,22,345990
2025-08-01T03:26:16.549464,Parhamerplatz,22,345969
2025-08-01T03:26:16.549464,Parhamerplatz,22,345761
2025-08-01T03:26:16.549464,Parhamerplatz,22,346442
2025-08-01T03:26:16.549464,Parhamerplatz,22,346314
2025-08-01T03:26:16.549464,Parhamerplatz,22,346101
2025-08-01T03:26:16.549464,Parhamerplatz,22,346052
2025-08-01T03:26:16.549464,Parhamerplatz,22,346574
2025-08-01T03:26:16.549464,Parhamerplatz,22,347498
2025-08-01T03:26:16.549464,Parhamerplatz,22,347484
2025-08-01T03:26:16.549464,Parhamerplatz,22,347406
2025-08-01T03:26:16.549464,Parhamerplatz,22,347322
2025-08-01T03:26:16.549464,Parhamerplatz,22,347721
2025-08-01T03:26:16.549464,Parhamerplatz,22,348334
2025-08-01T03:26:16.549464,Parhamerplatz,22,348303
2025-08-01T03:26:16.549464,Parhamerplatz,22,348252
2025-08-01T03:26:16.549464,Parhamerplatz,22,348249
2025-08-01T03:26:16.549464,Parhamerplatz,22,348635
2025-08-01T03:26:16.549464,Kendlerstraße U,10,345462
2025-08-01T03:26:16.549464,Kendlerstraße U,10,345416
2025-08-01T03:26:16.549464,Kendlerstraße U,10,345652
2025-08-01T03:26:16.549464,Kendlerstraße U,10,346340
2025-08-01T03:26:16.549464,Kendlerstraße U,10,346151
2025-08-01T03:26:16.549464,Kendlerstraße U,10,346837
2025-08-01T03:26:16.549464,Kendlerstraße U,10,346699
2025-08-01T03:26:16.549464,Kendlerstraße U,10,348155
2025-08-01T03:26:16.549464,Kendlerstraße U,10,348151
2025-08-01T03:26:16.549464,Kendlerstraße U,10,348130
2025-08-01T03:26:16.549464,Dornerplatz,13,345474
2025-08-01T03:26:16.549464,Dornerplatz,13,345317
2025-08-01T03:26:16.549464,Dornerplatz,13,345729
2025-08-01T03:26:16.549464,Dornerplatz,13,345628
2025-08-01T03:26:16.549464,Dornerplatz,13,346080
2025-08-01T03:26:16.549464,Dornerplatz,13,346981
2025-08-01T03:26:16.549464,Dornerplatz,13,346863
2025-08-01T03:26:16.549464,Dornerplatz,13,346731
2025-08-01T03:26:16.549464,Dornerplatz,13,346504
2025-08-01T03:26:16.549464,Dornerplatz,13,347435
2025-08-01T03:26:16.549464,Dornerplatz,13,347317
2025-08-01T03:26:16.549464,Dornerplatz,13,347074
2025-08-01T03:26:16.549464,Dornerplatz,13,348421
2025-08-01T03:26:16.549464,Hernals S,15,345358
2025-08-01T03:26:16.549464,Hernals S,15,345294
2025-08-01T03:26:16.549464,Hernals S,15,345830
2025-08-01T03:26:16.549464,Hernals S,15,345755
2025-08-01T03:26:16.549464,Hernals S,15,345669
2025-08-01T03:26:16.549464,Hernals S,15,346462
2025-08-01T03:26:16.549464,Hernals S,15,346204
2025-08-01T03:26:16.549464,Hernals S,15,346529
2025-08-01T03:26:16.549464,Hernals S,15,347280
2025-08-01T03:26:16.549464,Hernals S,15,347203
2025-08-01T03:26:16.549464,Hernals S,15,347943
2025-08-01T03:26:16.549464,Hernals S,15,347793
2025-08-01T03:26:16.549464,Hernals S,15,347672
2025-08-01T03:26:16.549464,Hernals S,15,347670
2025-08-01T03:26:16.549464,Hernals S,15,348590
2025-08-01T03:26:16.549464,Schmelzbrücke,17,345388
2025-08-01T03:26:16.549464,Schmelzbrücke,17,345307
2025-08-01T03:26:16.549464,Schmelzbrücke,17,345903
2025-08-01T03:26:16.549464,Schmelzbrücke,17,346131
2025-08-01T03:26:16.549464,Schmelzbrücke,17,346068
2025-08-01T03:26:16.549464,Schmelzbrücke,17,346051
2025-08-01T03:26:16.549464,Schmelzbrücke,17,346649
2025-08-01T03:26:16.549464,Schmelzbrücke,17,346632
2025-08-01T03:26:16.549464,Schmelzbrücke,17,347442
2025-08-01T03:26:16.549464,Schmelzbrücke,17,347163
2025-08-01T03:26:16.549464,Schmelzbrücke,17,347562
2025-08-01T03:26:16.549464,Schmelzbrücke,17,348297
2025-08-01T03:26:16.549464,Schmelzbrücke,17,348269
2025-08-01T03:26:16.549464,Schmelzbrücke,17,348166
2025-08-01T03:26:16.549464,Schmelzbrücke,17,348161
2025-08-01T03:26:16.549464,Schmelzbrücke,17,348088
2025-08-01T03:26:16.549464,Schmelzbrücke,17,348621
2025-08-01T03:26:16.549464,Michelbeuern-AKH U,14,345011
2025-08-01T03:26:16.549464,Michelbeuern-AKH U,14,345884
2025-08-01T03:26:16.549464,Michelbeuern-AKH U,14,345880
2025-08-01T03:26:16.549464,Michelbeuern-AKH U,14,345814
2025-08-01T03:26:16.549464,Michelbeuern-AKH U,14,345769
2025-08-01T03:26:16.549464,Michelbeuern-AKH U,14,345631
2025-08-01T03:26:16.549464,Michelbeuern-AKH U,14,346991
2025-08-01T03:26:16.549464,Michelbeuern-AKH U,14,346808
2025-08-01T03:26:16.549464,Michelbeuern-AKH U,14,346689
2025-08-01T03:26:16.549464,Michelbeuern-AKH U,14,346586
2025-08-01T03:26:16.549464,Michelbeuern-AKH U,14,347440
2025-08-01T03:26:16.549464,Michelbeuern-AKH U,14,347210
2025-08-01T03:26:16.549464,Michelbeuern-AKH U,14,347928
2025-08-01T03:26:16.549464,Michelbeuern-AKH U,14,348057
2025-08-01T03:26:16.549464,Johann-Nepomuk-Vogl-Platz,15,345427
2025-08-01T03:26:16.549464,Johann-Nepomuk-Vogl-Platz,15,345918
2025-08-01T03:26:16.549464,Johann-Nepomuk-Vogl-Platz,15,345582
2025-08-01T03:26:16.549464,Johann-Nepomuk-Vogl-Platz,15,346129
2025-08-01T03:26:16.549464,Johann-Nepomuk-Vogl-Platz,15,346932
2025-08-01T03:26:16.549464,Johann-Nepomuk-Vogl-Platz,15,346930
2025-08-01T03:26:16.549464,Johann-Nepomuk-Vogl-Platz,15,346794
2025-08-01T03:26:16.549464,Johann-Nepomuk-Vogl-Platz,15,346595
2025-08-01T03:26:16.549464,Johann-Nepomuk-Vogl-Platz,15,346577
2025-08-01T03:26:16.549464,Johann-Nepomuk-Vogl-Platz,15,347474
2025-08-01T03:26:16.549464,Johann-Nepomuk-Vogl-Platz,15,347455
2025-08-01T03:26:16.549464,Johann-Nepomuk-Vogl-Platz,15,347133
2025-08-01T03:26:16.549464,Johann-Nepomuk-Vogl-Platz,15,347887
2025-08-01T03:26:16.549464,Johann-Nepomuk-Vogl-Platz,15,348173
2025-08-01T03:26:16.549464,Johann-Nepomuk-Vogl-Platz,15,398733
2025-08-01T03:26:16.549464,Mayerhofgasse,6,345941
2025-08-01T03:26:16.549464,Mayerhofgasse,6,346332
2025-08-01T03:26:16.549464,Mayerhofgasse,6,347430
2025-08-01T03:26:16.549464,Mayerhofgasse,6,347382
2025-08-01T03:26:16.549464,Mayerhofgasse,6,348233
2025-08-01T03:26:16.549464,Mayerhofgasse,6,348661
2025-08-01T03:26:16.549464,Vorgartenstraße U,27,345326
2025-08-01T03:26:16.549464,Vorgartenstraße U,27,345246
2025-08-01T03:26:16.549464,Vorgartenstraße U,27,345077
2025-08-01T03:26:16.549464,Vorgartenstraße U,27,345019
2025-08-01T03:26:16.549464,Vorgartenstraße U,27,345957
2025-08-01T03:26:16.549464,Vorgartenstraße U,27,345781
2025-08-01T03:26:16.549464,Vorgartenstraße U,27,346421
2025-08-01T03:26:16.549464,Vorgartenstraße U,27,346362
2025-08-01T03:26:16.549464,Vorgartenstraße U,27,346175
2025-08-01T03:26:16.549464,Vorgartenstraße U,27,346057
2025-08-01T03:26:16.549464,Vorgartenstraße U,27,346943
2025-08-01T03:26:16.549464,Vorgartenstraße U,27,346752
2025-08-01T03:26:16.549464,Vorgartenstraße U,27,346719
2025-08-01T03:26:16.549464,Vorgartenstraße U,27,347147
2025-08-01T03:26:16.549464,Vorgartenstraße U,27,347054
2025-08-01T03:26:16.549464,Vorgartenstraße U,27,347951
2025-08-01T03:26:16.549464,Vorgartenstraße U,27,347736
2025-08-01T03:26:16.549464,Vorgartenstraße U,27,347607
2025-08-01T03:26:16.549464,Vorgartenstraße U,27,348326
2025-08-01T03:26:16.549464,Vorgartenstraße U,27,348318
2025-08-01T03:26:16.549464,Vorgartenstraße U,27,348276
2025-08-01T03:26:16.549464,Vorgartenstraße U,27,348185
2025-08-01T03:26:16.549464,Vorgartenstraße U,27,348109
2025-08-01T03:26:16.549464,Vorgartenstraße U,27,348095
2025-08-01T03:26:16.549464,Vorgartenstraße U,27,348022
2025-08-01T03:26:16.549464,Vorgartenstraße U,27,348601
2025-08-01T03:26:16.549464,Vorgartenstraße U,27,348594
2025-08-01T03:26:16.549464,Krieau U,25,345275
2025-08-01T03:26:16.549464,Krieau U,25,345978
2025-08-01T03:26:16.549464,Krieau U,25,345746
2025-08-01T03:26:16.549464,Krieau U,25,346135
2025-08-01T03:26:16.549464,Krieau U,25,346942
2025-08-01T03:26:16.549464,Krieau U,25,346889
2025-08-01T03:26:16.549464,Krieau U,25,346785
2025-08-01T03:26:16.549464,Krieau U,25,346531
2025-08-01T03:26:16.549464,Krieau U,25,346512
2025-08-01T03:26:16.549464,Krieau U,25,347346
2025-08-01T03:26:16.549464,Krieau U,25,347343
2025-08-01T03:26:16.549464,Krieau U,25,347264
2025-08-01T03:26:16.549464,Krieau U,25,347227
2025-08-01T03:26:16.549464,Krieau U,25,347120
2025-08-01T03:26:16.549464,Krieau U,25,347896
2025-08-01T03:26:16.549464,Krieau U,25,347580
2025-08-01T03:26:16.549464,Krieau U,25,347507
2025-08-01T03:26:16.549464,Krieau U,25,348463
2025-08-01T03:26:16.549464,Krieau U,25,348448
2025-08-01T03:26:16.549464,Krieau U,25,348230
2025-08-01T03:26:16.549464,Krieau U,25,348140
2025-08-01T03:26:16.549464,Krieau U,25,348122
2025-08-01T03:26:16.549464,Krieau U,25,348669
2025-08-01T03:26:16.549464,Krieau U,25,348615
2025-08-01T03:26:16.549464,Krieau U,25,348593
2025-08-01T03:26:16.549464,Ottakring S U,25,345208
2025-08-01T03:26:16.549464,Ottakring S U,25,345855
2025-08-01T03:26:16.549464,Ottakring S U,25,345747
2025-08-01T03:26:16.549464,Ottakring S U,25,345716
2025-08-01T03:26:16.549464,Ottakring S U,25,346305
2025-08-01T03:26:16.549464,Ottakring S U,25,346107
2025-08-01T03:26:16.549464,Ottakring S U,25,346989
2025-08-01T03:26:16.549464,Ottakring S U,25,346856
2025-08-01T03:26:16.549464,Ottakring S U,25,346797
2025-08-01T03:26:16.549464,Ottakring S U,25,346780
2025-08-01T03:26:16.549464,Ottakring S U,25,347316
2025-08-01T03:26:16.549464,Ottakring S U,25,347224
2025-08-01T03:26:16.549464,Ottakring S U,25,347107
2025-08-01T03:26:16.549464,Ottakring S U,25,347046
2025-08-01T03:26:16.549464,Ottakring S U,25,347010
2025-08-01T03:26:16.549464,Ottakring S U,25,347007
2025-08-01T03:26:16.549464,Ottakring S U,25,347006
2025-08-01T03:26:16.549464,Ottakring S U,25,347778
2025-08-01T03:26:16.549464,Ottakring S U,25,347693
2025-08-01T03:26:16.549464,Ottakring S U,25,348277
2025-08-01T03:26:16.549464,Ottakring S U,25,348118
2025-08-01T03:26:16.549464,Ottakring S U,25,348012
2025-08-01T03:26:16.549464,Ottakring S U,25,348708
2025-08-01T03:26:16.549464,Ottakring S U,25,348588
2025-08-01T03:26:16.549464,Ottakring S U,25,348569
2025-08-01T03:26:16.549464,Hartmanngasse ,34,345471
2025-08-01T03:26:16.549464,Hartmanngasse ,34,345367
2025-08-01T03:26:16.549464,Hartmanngasse ,34,345364
2025-08-01T03:26:16.549464,Hartmanngasse ,34,345306
2025-08-01T03:26:16.549464,Hartmanngasse ,34,345281
2025-08-01T03:26:16.549464,Hartmanngasse ,34,345888
2025-08-01T03:26:16.549464,Hartmanngasse ,34,345766
2025-08-01T03:26:16.549464,Hartmanngasse ,34,345702
2025-08-01T03:26:16.549464,Hartmanngasse ,34,346487
2025-08-01T03:26:16.549464,Hartmanngasse ,34,346410
2025-08-01T03:26:16.549464,Hartmanngasse ,34,346400
2025-08-01T03:26:16.549464,Hartmanngasse ,34,346398
2025-08-01T03:26:16.549464,Hartmanngasse ,34,346245
2025-08-01T03:26:16.549464,Hartmanngasse ,34,346240
2025-08-01T03:26:16.549464,Hartmanngasse ,34,346100
2025-08-01T03:26:16.549464,Hartmanngasse ,34,346044
2025-08-01T03:26:16.549464,Hartmanngasse ,34,346890
2025-08-01T03:26:16.549464,Hartmanngasse ,34,346815
2025-08-01T03:26:16.549464,Hartmanngasse ,34,346523
2025-08-01T03:26:16.549464,Hartmanngasse ,34,347119
2025-08-01T03:26:16.549464,Hartmanngasse ,34,347101
2025-08-01T03:26:16.549464,Hartmanngasse ,34,347096
2025-08-01T03:26:16.549464,Hartmanngasse ,34,347094
2025-08-01T03:26:16.549464,Hartmanngasse ,34,347915
2025-08-01T03:26:16.549464,Hartmanngasse ,34,347566
2025-08-01T03:26:16.549464,Hartmanngasse ,34,348445
2025-08-01T03:26:16.549464,Hartmanngasse ,34,348344
2025-08-01T03:26:16.549464,Hartmanngasse ,34,348328
2025-08-01T03:26:16.549464,Hartmanngasse ,34,348270
2025-08-01T03:26:16.549464,Hartmanngasse ,34,348223
2025-08-01T03:26:16.549464,Hartmanngasse ,34,348191
2025-08-01T03:26:16.549464,Hartmanngasse ,34,348153
2025-08-01T03:26:16.549464,Hartmanngasse ,34,348658
2025-08-01T03:26:16.549464,Hartmanngasse ,34,398731
2025-08-01T03:26:16.549464,Messe-Prater U,13,345223
2025-08-01T03:26:16.549464,Messe-Prater U,13,345541
2025-08-01T03:26:16.549464,Messe-Prater U,13,345512
2025-08-01T03:26:16.549464,Messe-Prater U,13,346490
2025-08-01T03:26:16.549464,Messe-Prater U,13,346367
2025-08-01T03:26:16.549464,Messe-Prater U,13,346277
2025-08-01T03:26:16.549464,Messe-Prater U,13,347362
2025-08-01T03:26:16.549464,Messe-Prater U,13,347297
2025-08-01T03:26:16.549464,Messe-Prater U,13,347285
2025-08-01T03:26:16.549464,Messe-Prater U,13,347088
2025-08-01T03:26:16.549464,Messe-Prater U,13,347936
2025-08-01T03:26:16.549464,Messe-Prater U,13,348436
2025-08-01T03:26:16.549464,Messe-Prater U,13,348651
2025-08-01T03:26:16.549464,Loquaiplatz,11,345345
2025-08-01T03:26:16.549464,Loquaiplatz,11,345319
2025-08-01T03:26:16.549464,Loquaiplatz,11,345164
2025-08-01T03:26:16.549464,Loquaiplatz,11,345997
2025-08-01T03:26:16.549464,Loquaiplatz,11,345934
2025-08-01T03:26:16.549464,Loquaiplatz,11,346458
2025-08-01T03:26:16.549464,Loquaiplatz,11,346099
2025-08-01T03:26:16.549464,Loquaiplatz,11,347330
2025-08-01T03:26:16.549464,Loquaiplatz,11,347653
2025-08-01T03:26:16.549464,Loquaiplatz,11,348285
2025-08-01T03:26:16.549464,Loquaiplatz,11,348695
2025-08-01T03:26:16.549464,Rosensteingasse,7,345302
2025-08-01T03:26:16.549464,Rosensteingasse,7,345531
2025-08-01T03:26:16.549464,Rosensteingasse,7,345511
2025-08-01T03:26:16.549464,Rosensteingasse,7,346019
2025-08-01T03:26:16.549464,Rosensteingasse,7,347667
2025-08-01T03:26:16.549464,Rosensteingasse,7,348491
2025-08-01T03:26:16.549464,Rosensteingasse,7,348077
2025-08-01T03:26:16.549464,Gumpendorfer Gürtel,17,345140
2025-08-01T03:26:16.549464,Gumpendorfer Gürtel,17,345108
2025-08-01T03:26:16.549464,Gumpendorfer Gürtel,17,345101
2025-08-01T03:26:16.549464,Gumpendorfer Gürtel,17,345981
2025-08-01T03:26:16.549464,Gumpendorfer Gürtel,17,345837
2025-08-01T03:26:16.549464,Gumpendorfer Gürtel,17,345509
2025-08-01T03:26:16.549464,Gumpendorfer Gürtel,17,346239
2025-08-01T03:26:16.549464,Gumpendorfer Gürtel,17,346829
2025-08-01T03:26:16.549464,Gumpendorfer Gürtel,17,346805
2025-08-01T03:26:16.549464,Gumpendorfer Gürtel,17,346720
2025-08-01T03:26:16.549464,Gumpendorfer Gürtel,17,347328
2025-08-01T03:26:16.549464,Gumpendorfer Gürtel,17,347014
2025-08-01T03:26:16.549464,Gumpendorfer Gürtel,17,347706
2025-08-01T03:26:16.549464,Gumpendorfer Gürtel,17,347551
2025-08-01T03:26:16.549464,Gumpendorfer Gürtel,17,348481
2025-08-01T03:26:16.549464,Gumpendorfer Gürtel,17,348310
2025-08-01T03:26:16.549464,Gumpendorfer Gürtel,17,348037
2025-08-01T03:26:16.549464,Burggasse-Stadthalle U,1,346157
2025-08-01T03:26:16.549464,Hanusch Krankenhaus,7,345406
2025-08-01T03:26:16.549464,Hanusch Krankenhaus,7,345361
2025-08-01T03:26:16.549464,Hanusch Krankenhaus,7,345736
2025-08-01T03:26:16.549464,Hanusch Krankenhaus,7,346985
2025-08-01T03:26:16.549464,Hanusch Krankenhaus,7,346862
2025-08-01T03:26:16.549464,Hanusch Krankenhaus,7,347711
2025-08-01T03:26:16.549464,Hanusch Krankenhaus,7,348298
2025-08-01T03:26:16.549464,Westbahnhof S U / Gerstnerstraße,18,345282
2025-08-01T03:26:16.549464,Westbahnhof S U / Gerstnerstraße,18,345115
2025-08-01T03:26:16.549464,Westbahnhof S U / Gerstnerstraße,18,345960
2025-08-01T03:26:16.549464,Westbahnhof S U / Gerstnerstraße,18,345828
2025-08-01T03:26:16.549464,Westbahnhof S U / Gerstnerstraße,18,345820
2025-08-01T03:26:16.549464,Westbahnhof S U / Gerstnerstraße,18,345638
2025-08-01T03:26:16.549464,Westbahnhof S U / Gerstnerstraße,18,346448
2025-08-01T03:26:16.549464,Westbahnhof S U / Gerstnerstraße,18,346419
2025-08-01T03:26:16.549464,Westbahnhof S U / Gerstnerstraße,18,346236
2025-08-01T03:26:16.549464,Westbahnhof S U / Gerstnerstraße,18,346178
2025-08-01T03:26:16.549464,Westbahnhof S U / Gerstnerstraße,18,346506
2025-08-01T03:26:16.549464,Westbahnhof S U / Gerstnerstraße,18,346503
2025-08-01T03:26:16.549464,Westbahnhof S U / Gerstnerstraße,18,347891
2025-08-01T03:26:16.549464,Westbahnhof S U / Gerstnerstraße,18,347645
2025-08-01T03:26:16.549464,Westbahnhof S U / Gerstnerstraße,18,347636
2025-08-01T03:26:16.549464,Westbahnhof S U / Gerstnerstraße,18,347524
2025-08-01T03:26:16.549464,Westbahnhof S U / Gerstnerstraße,18,348480
2025-08-01T03:26:16.549464,Westbahnhof S U / Gerstnerstraße,18,348227
2025-08-01T03:26:16.549464,Wieningerplatz,12,345181
2025-08-01T03:26:16.549464,Wieningerplatz,12,345946
2025-08-01T03:26:16.549464,Wieningerplatz,12,346449
2025-08-01T03:26:16.549464,Wieningerplatz,12,346327
2025-08-01T03:26:16.549464,Wieningerplatz,12,346244
2025-08-01T03:26:16.549464,Wieningerplatz,12,346976
2025-08-01T03:26:16.549464,Wieningerplatz,12,346948
2025-08-01T03:26:16.549464,Wieningerplatz,12,346834
2025-08-01T03:26:16.549464,Wieningerplatz,12,346650
2025-08-01T03:26:16.549464,Wieningerplatz,12,346648
2025-08-01T03:26:16.549464,Wieningerplatz,12,347808
2025-08-01T03:26:16.549464,Wieningerplatz,12,348157
2025-08-01T03:26:16.549464,Markgraf-Rüdiger Straße,24,345204
2025-08-01T03:26:16.549464,Markgraf-Rüdiger Straße,24,345177
2025-08-01T03:26:16.549464,Markgraf-Rüdiger Straße,24,345084
2025-08-01T03:26:16.549464,Markgraf-Rüdiger Straße,24,345831
2025-08-01T03:26:16.549464,Markgraf-Rüdiger Straße,24,345692
2025-08-01T03:26:16.549464,Markgraf-Rüdiger Straße,24,345665
2025-08-01T03:26:16.549464,Markgraf-Rüdiger Straße,24,345549
2025-08-01T03:26:16.549464,Markgraf-Rüdiger Straße,24,345516
2025-08-01T03:26:16.549464,Markgraf-Rüdiger Straße,24,345503
2025-08-01T03:26:16.549464,Markgraf-Rüdiger Straße,24,346684
2025-08-01T03:26:16.549464,Markgraf-Rüdiger Straße,24,346516
2025-08-01T03:26:16.549464,Markgraf-Rüdiger Straße,24,346502
2025-08-01T03:26:16.549464,Markgraf-Rüdiger Straße,24,347293
2025-08-01T03:26:16.549464,Markgraf-Rüdiger Straße,24,347185
2025-08-01T03:26:16.549464,Markgraf-Rüdiger Straße,24,347180
2025-08-01T03:26:16.549464,Markgraf-Rüdiger Straße,24,347806
2025-08-01T03:26:16.549464,Markgraf-Rüdiger Straße,24,347757
2025-08-01T03:26:16.549464,Markgraf-Rüdiger Straße,24,347534
2025-08-01T03:26:16.549464,Markgraf-Rüdiger Straße,24,348333
2025-08-01T03:26:16.549464,Markgraf-Rüdiger Straße,24,348217
2025-08-01T03:26:16.549464,Markgraf-Rüdiger Straße,24,348211
2025-08-01T03:26:16.549464,Markgraf-Rüdiger Straße,24,348210
2025-08-01T03:26:16.549464,Markgraf-Rüdiger Straße,24,348170
2025-08-01T03:26:16.549464,Markgraf-Rüdiger Straße,24,348653
2025-08-01T03:26:16.549464,Plunkergasse,22,345489
2025-08-01T03:26:16.549464,Plunkergasse,22,345410
2025-08-01T03:26:16.549464,Plunkergasse,22,345186
2025-08-01T03:26:16.549464,Plunkergasse,22,345908
2025-08-01T03:26:16.549464,Plunkergasse,22,345688
2025-08-01T03:26:16.549464,Plunkergasse,22,346446
2025-08-01T03:26:16.549464,Plunkergasse,22,346243
2025-08-01T03:26:16.549464,Plunkergasse,22,346021
2025-08-01T03:26:16.549464,Plunkergasse,22,346916
2025-08-01T03:26:16.549464,Plunkergasse,22,346616
2025-08-01T03:26:16.549464,Plunkergasse,22,346575
2025-08-01T03:26:16.549464,Plunkergasse,22,346548
2025-08-01T03:26:16.549464,Plunkergasse,22,347250
2025-08-01T03:26:16.549464,Plunkergasse,22,347216
2025-08-01T03:26:16.549464,Plunkergasse,22,347093
2025-08-01T03:26:16.549464,Plunkergasse,22,347080
2025-08-01T03:26:16.549464,Plunkergasse,22,347030
2025-08-01T03:26:16.549464,Plunkergasse,22,347751
2025-08-01T03:26:16.549464,Plunkergasse,22,348475
2025-08-01T03:26:16.549464,Plunkergasse,22,348440
2025-08-01T03:26:16.549464,Plunkergasse,22,348219
2025-08-01T03:26:16.549464,Plunkergasse,22,348085
2025-08-01T03:26:16.549464,Selzergasse,13,345415
2025-08-01T03:26:16.549464,Selzergasse,13,345412
2025-08-01T03:26:16.549464,Selzergasse,13,345085
2025-08-01T03:26:16.549464,Selzergasse,13,345722
2025-08-01T03:26:16.549464,Selzergasse,13,345513
2025-08-01T03:26:16.549464,Selzergasse,13,346139
2025-08-01T03:26:16.549464,Selzergasse,13,346058
2025-08-01T03:26:16.549464,Selzergasse,13,346024
2025-08-01T03:26:16.549464,Selzergasse,13,346676
2025-08-01T03:26:16.549464,Selzergasse,13,347469
2025-08-01T03:26:16.549464,Selzergasse,13,347521
2025-08-01T03:26:16.549464,Selzergasse,13,348485
2025-08-01T03:26:16.549464,Selzergasse,13,348060
2025-08-01T03:26:16.549464,Westbahnhof S U / Felberstraße,30,345372
2025-08-01T03:26:16.549464,Westbahnhof S U / Felberstraße,30,345266
2025-08-01T03:26:16.549464,Westbahnhof S U / Felberstraße,30,345229
2025-08-01T03:26:16.549464,Westbahnhof S U / Felberstraße,30,345201
2025-08-01T03:26:16.549464,Westbahnhof S U / Felberstraße,30,345080
2025-08-01T03:26:16.549464,Westbahnhof S U / Felberstraße,30,345967
2025-08-01T03:26:16.549464,Westbahnhof S U / Felberstraße,30,345902
2025-08-01T03:26:16.549464,Westbahnhof S U / Felberstraße,30,345879
2025-08-01T03:26:16.549464,Westbahnhof S U / Felberstraße,30,345520
2025-08-01T03:26:16.549464,Westbahnhof S U / Felberstraße,30,345508
2025-08-01T03:26:16.549464,Westbahnhof S U / Felberstraße,30,346241
2025-08-01T03:26:16.549464,Westbahnhof S U / Felberstraße,30,346189
2025-08-01T03:26:16.549464,Westbahnhof S U / Felberstraße,30,346049
2025-08-01T03:26:16.549464,Westbahnhof S U / Felberstraße,30,346983
2025-08-01T03:26:16.549464,Westbahnhof S U / Felberstraße,30,346542
2025-08-01T03:26:16.549464,Westbahnhof S U / Felberstraße,30,347391
2025-08-01T03:26:16.549464,Westbahnhof S U / Felberstraße,30,347228
2025-08-01T03:26:16.549464,Westbahnhof S U / Felberstraße,30,347182
2025-08-01T03:26:16.549464,Westbahnhof S U / Felberstraße,30,347142
2025-08-01T03:26:16.549464,Westbahnhof S U / Felberstraße,30,347879
2025-08-01T03:26:16.549464,Westbahnhof S U / Felberstraße,30,347656
2025-08-01T03:26:16.549464,Westbahnhof S U / Felberstraße,30,347617
2025-08-01T03:26:16.549464,Westbahnhof S U / Felberstraße,30,347616
2025-08-01T03:26:16.549464,Westbahnhof S U / Felberstraße,30,348393
2025-08-01T03:26:16.549464,Westbahnhof S U / Felberstraße,30,348224
2025-08-01T03:26:16.549464,Westbahnhof S U / Felberstraße,30,348110
2025-08-01T03:26:16.549464,Westbahnhof S U / Felberstraße,30,348076
2025-08-01T03:26:16.549464,Westbahnhof S U / Felberstraße,30,348074
2025-08-01T03:26:16.549464,Westbahnhof S U / Felberstraße,30,348067
2025-08-01T03:26:16.549464,Westbahnhof S U / Felberstraße,30,348696
2025-08-01T03:26:16.549464,Kundratstraße,5,345381
2025-08-01T03:26:16.549464,Kundratstraße,5,346744
2025-08-01T03:26:16.549464,Kundratstraße,5,346607
2025-08-01T03:26:16.549464,Kundratstraße,5,347181
2025-08-01T03:26:16.549464,Kundratstraße,5,348610
2025-08-01T03:26:16.549464,Arthaberplatz,20,345255
2025-08-01T03:26:16.549464,Arthaberplatz,20,345072
2025-08-01T03:26:16.549464,Arthaberplatz,20,345051
2025-08-01T03:26:16.549464,Arthaberplatz,20,345835
2025-08-01T03:26:16.549464,Arthaberplatz,20,345773
2025-08-01T03:26:16.549464,Arthaberplatz,20,345758
2025-08-01T03:26:16.549464,Arthaberplatz,20,345553
2025-08-01T03:26:16.549464,Arthaberplatz,20,346430
2025-08-01T03:26:16.549464,Arthaberplatz,20,346615
2025-08-01T03:26:16.549464,Arthaberplatz,20,347208
2025-08-01T03:26:16.549464,Arthaberplatz,20,347807
2025-08-01T03:26:16.549464,Arthaberplatz,20,347698
2025-08-01T03:26:16.549464,Arthaberplatz,20,347668
2025-08-01T03:26:16.549464,Arthaberplatz,20,347647
2025-08-01T03:26:16.549464,Arthaberplatz,20,348315
2025-08-01T03:26:16.549464,Arthaberplatz,20,348136
2025-08-01T03:26:16.549464,Arthaberplatz,20,348036
2025-08-01T03:26:16.549464,Arthaberplatz,20,348021
2025-08-01T03:26:16.549464,Arthaberplatz,20,348688
2025-08-01T03:26:16.549464,Arthaberplatz,20,348579
2025-08-01T03:26:16.549464,Karmeliterplatz,21,345305
2025-08-01T03:26:16.549464,Karmeliterplatz,21,345012
2025-08-01T03:26:16.549464,Karmeliterplatz,21,345826
2025-08-01T03:26:16.549464,Karmeliterplatz,21,345622
2025-08-01T03:26:16.549464,Karmeliterplatz,21,345588
2025-08-01T03:26:16.549464,Karmeliterplatz,21,345542
2025-08-01T03:26:16.549464,Karmeliterplatz,21,346450
2025-08-01T03:26:16.549464,Karmeliterplatz,21,346237
2025-08-01T03:26:16.549464,Karmeliterplatz,21,346208
2025-08-01T03:26:16.549464,Karmeliterplatz,21,346003
2025-08-01T03:26:16.549464,Karmeliterplatz,21,346966
2025-08-01T03:26:16.549464,Karmeliterplatz,21,346743
2025-08-01T03:26:16.549464,Karmeliterplatz,21,346629
2025-08-01T03:26:16.549464,Karmeliterplatz,21,347066
2025-08-01T03:26:16.549464,Karmeliterplatz,21,347770
2025-08-01T03:26:16.549464,Karmeliterplatz,21,347651
2025-08-01T03:26:16.549464,Karmeliterplatz,21,347609
2025-08-01T03:26:16.549464,Karmeliterplatz,21,348383
2025-08-01T03:26:16.549464,Karmeliterplatz,21,348138
2025-08-01T03:26:16.549464,Karmeliterplatz,21,348681
2025-08-01T03:26:16.549464,Karmeliterplatz,21,348666
2025-08-01T03:26:16.549464,Fröbelgasse,12,345524
2025-08-01T03:26:16.549464,Fröbelgasse,12,346354
2025-08-01T03:26:16.549464,Fröbelgasse,12,346993
2025-08-01T03:26:16.549464,Fröbelgasse,12,346550
2025-08-01T03:26:16.549464,Fröbelgasse,12,347244
2025-08-01T03:26:16.549464,Fröbelgasse,12,347888
2025-08-01T03:26:16.549464,Fröbelgasse,12,347867
2025-08-01T03:26:16.549464,Fröbelgasse,12,347715
2025-08-01T03:26:16.549464,Fröbelgasse,12,348221
2025-08-01T03:26:16.549464,Fröbelgasse,12,348209
2025-08-01T03:26:16.549464,Fröbelgasse,12,348086
2025-08-01T03:26:16.549464,Fröbelgasse,12,348580
2025-08-01T03:26:16.549464,Reumannplatz U,20,345458
2025-08-01T03:26:16.549464,Reumannplatz U,20,346356
2025-08-01T03:26:16.549464,Reumannplatz U,20,346222
2025-08-01T03:26:16.549464,Reumannplatz U,20,346153
2025-08-01T03:26:16.549464,Reumannplatz U,20,346106
2025-08-01T03:26:16.549464,Reumannplatz U,20,346755
2025-08-01T03:26:16.549464,Reumannplatz U,20,346735
2025-08-01T03:26:16.549464,Reumannplatz U,20,346682
2025-08-01T03:26:16.549464,Reumannplatz U,20,346671
2025-08-01T03:26:16.549464,Reumannplatz U,20,347494
2025-08-01T03:26:16.549464,Reumannplatz U,20,347162
2025-08-01T03:26:16.549464,Reumannplatz U,20,347132
2025-08-01T03:26:16.549464,Reumannplatz U,20,347035
2025-08-01T03:26:16.549464,Reumannplatz U,20,347017
2025-08-01T03:26:16.549464,Reumannplatz U,20,347800
2025-08-01T03:26:16.549464,Reumannplatz U,20,347728
2025-08-01T03:26:16.549464,Reumannplatz U,20,347677
2025-08-01T03:26:16.549464,Reumannplatz U,20,347661
2025-08-01T03:26:16.549464,Reumannplatz U,20,348349
2025-08-01T03:26:16.549464,Reumannplatz U,20,348017
2025-08-01T03:26:16.549464,Brestelgasse,13,345273
2025-08-01T03:26:16.549464,Brestelgasse,13,345759
2025-08-01T03:26:16.549464,Brestelgasse,13,346036
2025-08-01T03:26:16.549464,Brestelgasse,13,346791
2025-08-01T03:26:16.549464,Brestelgasse,13,346589
2025-08-01T03:26:16.549464,Brestelgasse,13,347427
2025-08-01T03:26:16.549464,Brestelgasse,13,347121
2025-08-01T03:26:16.549464,Brestelgasse,13,347105
2025-08-01T03:26:16.549464,Brestelgasse,13,347072
2025-08-01T03:26:16.549464,Brestelgasse,13,347840
2025-08-01T03:26:16.549464,Brestelgasse,13,347692
2025-08-01T03:26:16.549464,Brestelgasse,13,348278
2025-08-01T03:26:16.549464,Brestelgasse,13,398729
2025-08-01T03:26:16.549464,Thaliastraße U,17,345446
2025-08-01T03:26:16.549464,Thaliastraße U,17,345110
2025-08-01T03:26:16.549464,Thaliastraße U,17,345544
2025-08-01T03:26:16.549464,Thaliastraße U,17,346435
2025-08-01T03:26:16.549464,Thaliastraße U,17,346395
2025-08-01T03:26:16.549464,Thaliastraße U,17,346221
2025-08-01T03:26:16.549464,Thaliastraße U,17,346141
2025-08-01T03:26:16.549464,Thaliastraße U,17,346694
2025-08-01T03:26:16.549464,Thaliastraße U,17,346515
2025-08-01T03:26:16.549464,Thaliastraße U,17,347061
2025-08-01T03:26:16.549464,Thaliastraße U,17,347962
2025-08-01T03:26:16.549464,Thaliastraße U,17,347681
2025-08-01T03:26:16.549464,Thaliastraße U,17,347599
2025-08-01T03:26:16.549464,Thaliastraße U,17,347593
2025-08-01T03:26:16.549464,Thaliastraße U,17,348433
2025-08-01T03:26:16.549464,Thaliastraße U,17,348322
2025-08-01T03:26:16.549464,Thaliastraße U,17,348558
2025-08-01T03:26:16.549464,Nussdorfer Straße U,16,345235
2025-08-01T03:26:16.549464,Nussdorfer Straße U,16,345165
2025-08-01T03:26:16.549464,Nussdorfer Straße U,16,345955
2025-08-01T03:26:16.549464,Nussdorfer Straße U,16,345641
2025-08-01T03:26:16.549464,Nussdorfer Straße U,16,346445
2025-08-01T03:26:16.549464,Nussdorfer Straße U,16,346089
2025-08-01T03:26:16.549464,Nussdorfer Straße U,16,346059
2025-08-01T03:26:16.549464,Nussdorfer Straße U,16,346025
2025-08-01T03:26:16.549464,Nussdorfer Straße U,16,346000
2025-08-01T03:26:16.549464,Nussdorfer Straße U,16,346740
2025-08-01T03:26:16.549464,Nussdorfer Straße U,16,347489
2025-08-01T03:26:16.549464,Nussdorfer Straße U,16,347461
2025-08-01T03:26:16.549464,Nussdorfer Straße U,16,347153
2025-08-01T03:26:16.549464,Nussdorfer Straße U,16,347741
2025-08-01T03:26:16.549464,Nussdorfer Straße U,16,347695
2025-08-01T03:26:16.549464,Nussdorfer Straße U,16,347553
2025-08-01T03:26:16.549464,Elterleinplatz,6,345365
2025-08-01T03:26:16.549464,Elterleinplatz,6,346072
2025-08-01T03:26:16.549464,Elterleinplatz,6,346952
2025-08-01T03:26:16.549464,Elterleinplatz,6,346944
2025-08-01T03:26:16.549464,Elterleinplatz,6,347646
2025-08-01T03:26:16.549464,Elterleinplatz,6,348267
2025-08-01T03:26:16.549464,Canisiusgasse,4,345040
2025-08-01T03:26:16.549464,Canisiusgasse,4,345662
2025-08-01T03:26:16.549464,Canisiusgasse,4,348496
2025-08-01T03:26:16.549464,Canisiusgasse,4,348381
2025-08-01T03:26:16.549464,Meidling S U / Schedifkaplatz,7,345355
2025-08-01T03:26:16.549464,Meidling S U / Schedifkaplatz,7,346846
2025-08-01T03:26:16.549464,Meidling S U / Schedifkaplatz,7,346844
2025-08-01T03:26:16.549464,Meidling S U / Schedifkaplatz,7,346597
2025-08-01T03:26:16.549464,Meidling S U / Schedifkaplatz,7,346522
2025-08-01T03:26:16.549464,Meidling S U / Schedifkaplatz,7,347369
2025-08-01T03:26:16.549464,Meidling S U / Schedifkaplatz,7,347020
2025-08-01T03:26:16.549464,Palffygasse,9,345428
2025-08-01T03:26:16.549464,Palffygasse,9,345339
2025-08-01T03:26:16.549464,Palffygasse,9,345232
2025-08-01T03:26:16.549464,Palffygasse,9,345134
2025-08-01T03:26:16.549464,Palffygasse,9,345095
2025-08-01T03:26:16.549464,Palffygasse,9,346509
2025-08-01T03:26:16.549464,Palffygasse,9,347480
2025-08-01T03:26:16.549464,Palffygasse,9,347844
2025-08-01T03:26:16.549464,Palffygasse,9,348163
2025-08-01T03:26:16.549464,Gersthof S,6,345147
2025-08-01T03:26:16.549464,Gersthof S,6,346480
2025-08-01T03:26:16.549464,Gersthof S,6,346519
2025-08-01T03:26:16.549464,Gersthof S,6,347448
2025-08-01T03:26:16.549464,Gersthof S,6,347187
2025-08-01T03:26:16.549464,Gersthof S,6,348469
2025-08-01T03:26:16.549464,Reinprechtsdorfer Brücke,19,345974
2025-08-01T03:26:16.549464,Reinprechtsdorfer Brücke,19,345823
2025-08-01T03:26:16.549464,Reinprechtsdorfer Brücke,19,345771
2025-08-01T03:26:16.549464,Reinprechtsdorfer Brücke,19,345738
2025-08-01T03:26:16.549464,Reinprechtsdorfer Brücke,19,345695
2025-08-01T03:26:16.549464,Reinprechtsdorfer Brücke,19,345682
2025-08-01T03:26:16.549464,Reinprechtsdorfer Brücke,19,345561
2025-08-01T03:26:16.549464,Reinprechtsdorfer Brücke,19,346171
2025-08-01T03:26:16.549464,Reinprechtsdorfer Brücke,19,346067
2025-08-01T03:26:16.549464,Reinprechtsdorfer Brücke,19,346047
2025-08-01T03:26:16.549464,Reinprechtsdorfer Brücke,19,346751
2025-08-01T03:26:16.549464,Reinprechtsdorfer Brücke,19,346737
2025-08-01T03:26:16.549464,Reinprechtsdorfer Brücke,19,347422
2025-08-01T03:26:16.549464,Reinprechtsdorfer Brücke,19,347325
2025-08-01T03:26:16.549464,Reinprechtsdorfer Brücke,19,347237
2025-08-01T03:26:16.549464,Reinprechtsdorfer Brücke,19,347812
2025-08-01T03:26:16.549464,Reinprechtsdorfer Brücke,19,347790
2025-08-01T03:26:16.549464,Reinprechtsdorfer Brücke,19,348108
2025-08-01T03:26:16.549464,Reinprechtsdorfer Brücke,19,348932
2025-08-01T03:26:16.549464,Siebenbrunnenplatz,15,345477
2025-08-01T03:26:16.549464,Siebenbrunnenplatz,15,345459
2025-08-01T03:26:16.549464,Siebenbrunnenplatz,15,346418
2025-08-01T03:26:16.549464,Siebenbrunnenplatz,15,346220
2025-08-01T03:26:16.549464,Siebenbrunnenplatz,15,346110
2025-08-01T03:26:16.549464,Siebenbrunnenplatz,15,346009
2025-08-01T03:26:16.549464,Siebenbrunnenplatz,15,346905
2025-08-01T03:26:16.549464,Siebenbrunnenplatz,15,346876
2025-08-01T03:26:16.549464,Siebenbrunnenplatz,15,346864
2025-08-01T03:26:16.549464,Siebenbrunnenplatz,15,346767
2025-08-01T03:26:16.549464,Siebenbrunnenplatz,15,346727
2025-08-01T03:26:16.549464,Siebenbrunnenplatz,15,347164
2025-08-01T03:26:16.549464,Siebenbrunnenplatz,15,347850
2025-08-01T03:26:16.549464,Siebenbrunnenplatz,15,347684
2025-08-01T03:26:16.549464,Siebenbrunnenplatz,15,348988
2025-08-01T03:26:16.549464,Rosensteingasse / Blumengasse,30,345423
2025-08-01T03:26:16.549464,Rosensteingasse / Blumengasse,30,345390
2025-08-01T03:26:16.549464,Rosensteingasse / Blumengasse,30,345092
2025-08-01T03:26:16.549464,Rosensteingasse / Blumengasse,30,345024
2025-08-01T03:26:16.549464,Rosensteingasse / Blumengasse,30,345919
2025-08-01T03:26:16.549464,Rosensteingasse / Blumengasse,30,345857
2025-08-01T03:26:16.549464,Rosensteingasse / Blumengasse,30,345675
2025-08-01T03:26:16.549464,Rosensteingasse / Blumengasse,30,346169
2025-08-01T03:26:16.549464,Rosensteingasse / Blumengasse,30,346164
2025-08-01T03:26:16.549464,Rosensteingasse / Blumengasse,30,346090
2025-08-01T03:26:16.549464,Rosensteingasse / Blumengasse,30,346008
2025-08-01T03:26:16.549464,Rosensteingasse / Blumengasse,30,346908
2025-08-01T03:26:16.549464,Rosensteingasse / Blumengasse,30,346899
2025-08-01T03:26:16.549464,Rosensteingasse / Blumengasse,30,346832
2025-08-01T03:26:16.549464,Rosensteingasse / Blumengasse,30,346646
2025-08-01T03:26:16.549464,Rosensteingasse / Blumengasse,30,346537
2025-08-01T03:26:16.549464,Rosensteingasse / Blumengasse,30,346530
2025-08-01T03:26:16.549464,Rosensteingasse / Blumengasse,30,347305
2025-08-01T03:26:16.549464,Rosensteingasse / Blumengasse,30,347267
2025-08-01T03:26:16.549464,Rosensteingasse / Blumengasse,30,347111
2025-08-01T03:26:16.549464,Rosensteingasse / Blumengasse,30,347885
2025-08-01T03:26:16.549464,Rosensteingasse / Blumengasse,30,347633
2025-08-01T03:26:16.549464,Rosensteingasse / Blumengasse,30,348331
2025-08-01T03:26:16.549464,Rosensteingasse / Blumengasse,30,348296
2025-08-01T03:26:16.549464,Rosensteingasse / Blumengasse,30,348125
2025-08-01T03:26:16.549464,Rosensteingasse / Blumengasse,30,348100
2025-08-01T03:26:16.549464,Rosensteingasse / Blumengasse,30,348712
2025-08-01T03:26:16.549464,Rosensteingasse / Blumengasse,30,348613
2025-08-01T03:26:16.549464,Rosensteingasse / Blumengasse,30,348583
2025-08-01T03:26:16.549464,Rosensteingasse / Blumengasse,30,398734
2025-08-01T03:26:16.549464,Schottenring U /Herminengasse,17,345347
2025-08-01T03:26:16.549464,Schottenring U /Herminengasse,17,345064
2025-08-01T03:26:16.549464,Schottenring U /Herminengasse,17,345046
2025-08-01T03:26:16.549464,Schottenring U /Herminengasse,17,345789
2025-08-01T03:26:16.549464,Schottenring U /Herminengasse,17,345782
2025-08-01T03:26:16.549464,Schottenring U /Herminengasse,17,346347
2025-08-01T03:26:16.549464,Schottenring U /Herminengasse,17,346914
2025-08-01T03:26:16.549464,Schottenring U /Herminengasse,17,346903
2025-08-01T03:26:16.549464,Schottenring U /Herminengasse,17,347462
2025-08-01T03:26:16.549464,Schottenring U /Herminengasse,17,347347
2025-08-01T03:26:16.549464,Schottenring U /Herminengasse,17,347138
2025-08-01T03:26:16.549464,Schottenring U /Herminengasse,17,347908
2025-08-01T03:26:16.549464,Schottenring U /Herminengasse,17,347802
2025-08-01T03:26:16.549464,Schottenring U /Herminengasse,17,348374
2025-08-01T03:26:16.549464,Schottenring U /Herminengasse,17,348226
2025-08-01T03:26:16.549464,Schottenring U /Herminengasse,17,348066
2025-08-01T03:26:16.549464,Schottenring U /Herminengasse,17,348598
2025-08-01T03:26:16.549464,Josefstädter Straße U,18,345485
2025-08-01T03:26:16.549464,Josefstädter Straße U,18,345454
2025-08-01T03:26:16.549464,Josefstädter Straße U,18,345263
2025-08-01T03:26:16.549464,Josefstädter Straße U,18,345199
2025-08-01T03:26:16.549464,Josefstädter Straße U,18,345159
2025-08-01T03:26:16.549464,Josefstädter Straße U,18,345980
2025-08-01T03:26:16.549464,Josefstädter Straße U,18,345666
2025-08-01T03:26:16.549464,Josefstädter Straße U,18,346475
2025-08-01T03:26:16.549464,Josefstädter Straße U,18,346432
2025-08-01T03:26:16.549464,Josefstädter Straße U,18,347797
2025-08-01T03:26:16.549464,Josefstädter Straße U,18,347686
2025-08-01T03:26:16.549464,Josefstädter Straße U,18,347674
2025-08-01T03:26:16.549464,Josefstädter Straße U,18,347576
2025-08-01T03:26:16.549464,Josefstädter Straße U,18,348316
2025-08-01T03:26:16.549464,Josefstädter Straße U,18,348682
2025-08-01T03:26:16.549464,Josefstädter Straße U,18,348544
2025-08-01T03:26:16.549464,Josefstädter Straße U,18,398737
2025-08-01T03:26:16.549464,Josefstädter Straße U,18,398736
2025-08-01T03:26:16.549464,Friedrich-Engels-Platz,12,345479
2025-08-01T03:26:16.549464,Friedrich-Engels-Platz,12,345352
2025-08-01T03:26:16.549464,Friedrich-Engels-Platz,12,345257
2025-08-01T03:26:16.549464,Friedrich-Engels-Platz,12,346778
2025-08-01T03:26:16.549464,Friedrich-Engels-Platz,12,347329
2025-08-01T03:26:16.549464,Friedrich-Engels-Platz,12,347939
2025-08-01T03:26:16.549464,Friedrich-Engels-Platz,12,347515
2025-08-01T03:26:16.549464,Friedrich-Engels-Platz,12,348348
2025-08-01T03:26:16.549464,Friedrich-Engels-Platz,12,348051
2025-08-01T03:26:16.549464,Friedrich-Engels-Platz,12,348038
2025-08-01T03:26:16.549464,Friedrich-Engels-Platz,12,348006
2025-08-01T03:26:16.549464,Friedrich-Engels-Platz,12,348624
2025-08-01T03:26:16.549464,Dresdner Straße U,11,345041
2025-08-01T03:26:16.549464,Dresdner Straße U,11,345623
2025-08-01T03:26:16.549464,Dresdner Straße U,11,346788
2025-08-01T03:26:16.549464,Dresdner Straße U,11,347483
2025-08-01T03:26:16.549464,Dresdner Straße U,11,347981
2025-08-01T03:26:16.549464,Dresdner Straße U,11,347929
2025-08-01T03:26:16.549464,Dresdner Straße U,11,347824
2025-08-01T03:26:16.549464,Dresdner Straße U,11,347720
2025-08-01T03:26:16.549464,Dresdner Straße U,11,347619
2025-08-01T03:26:16.549464,Dresdner Straße U,11,348390
2025-08-01T03:26:16.549464,Dresdner Straße U,11,348647
2025-08-01T03:26:16.549464,Jägerstraße U,13,345370
2025-08-01T03:26:16.549464,Jägerstraße U,13,345043
2025-08-01T03:26:16.549464,Jägerstraße U,13,345909
2025-08-01T03:26:16.549464,Jägerstraße U,13,345852
2025-08-01T03:26:16.549464,Jägerstraße U,13,345718
2025-08-01T03:26:16.549464,Jägerstraße U,13,346465
2025-08-01T03:26:16.549464,Jägerstraße U,13,346438
2025-08-01T03:26:16.549464,Jägerstraße U,13,346300
2025-08-01T03:26:16.549464,Jägerstraße U,13,346013
2025-08-01T03:26:16.549464,Jägerstraße U,13,347436
2025-08-01T03:26:16.549464,Jägerstraße U,13,347199
2025-08-01T03:26:16.549464,Jägerstraße U,13,347954
2025-08-01T03:26:16.549464,Jägerstraße U,13,398719
2025-08-01T03:26:16.549464,Traisengasse S,15,345100
2025-08-01T03:26:16.549464,Traisengasse S,15,345731
2025-08-01T03:26:16.549464,Traisengasse S,15,346393
2025-08-01T03:26:16.549464,Traisengasse S,15,346361
2025-08-01T03:26:16.549464,Traisengasse S,15,346176
2025-08-01T03:26:16.549464,Traisengasse S,15,346617
2025-08-01T03:26:16.549464,Traisengasse S,15,347363
2025-08-01T03:26:16.549464,Traisengasse S,15,347971
2025-08-01T03:26:16.549464,Traisengasse S,15,347970
2025-08-01T03:26:16.549464,Traisengasse S,15,347761
2025-08-01T03:26:16.549464,Traisengasse S,15,347529
2025-08-01T03:26:16.549464,Traisengasse S,15,348302
2025-08-01T03:26:16.549464,Traisengasse S,15,348255
2025-08-01T03:26:16.549464,Traisengasse S,15,348253
2025-08-01T03:26:16.549464,Traisengasse S,15,348693
2025-08-01T03:26:16.549464,Kettenbrückengasse U / Naschmarkt,11,345353
2025-08-01T03:26:16.549464,Kettenbrückengasse U / Naschmarkt,11,345261
2025-08-01T03:26:16.549464,Kettenbrückengasse U / Naschmarkt,11,345240
2025-08-01T03:26:16.549464,Kettenbrückengasse U / Naschmarkt,11,345070
2025-08-01T03:26:16.549464,Kettenbrückengasse U / Naschmarkt,11,345784
2025-08-01T03:26:16.549464,Kettenbrückengasse U / Naschmarkt,11,345681
2025-08-01T03:26:16.549464,Kettenbrückengasse U / Naschmarkt,11,345518
2025-08-01T03:26:16.549464,Kettenbrückengasse U / Naschmarkt,11,346902
2025-08-01T03:26:16.549464,Kettenbrückengasse U / Naschmarkt,11,346624
2025-08-01T03:26:16.549464,Kettenbrückengasse U / Naschmarkt,11,347223
2025-08-01T03:26:16.549464,Kettenbrückengasse U / Naschmarkt,11,347789
2025-08-01T03:26:16.549464,Aumannplatz,7,345055
2025-08-01T03:26:16.549464,Aumannplatz,7,345007
2025-08-01T03:26:16.549464,Aumannplatz,7,346310
2025-08-01T03:26:16.549464,Aumannplatz,7,346620
2025-08-01T03:26:16.549464,Aumannplatz,7,348306
2025-08-01T03:26:16.549464,Aumannplatz,7,348239
2025-08-01T03:26:16.549464,Aumannplatz,7,348548
2025-08-01T03:26:16.549464,Längenfeldgasse U,28,345174
2025-08-01T03:26:16.549464,Längenfeldgasse U,28,345985
2025-08-01T03:26:16.549464,Längenfeldgasse U,28,345963
2025-08-01T03:26:16.549464,Längenfeldgasse U,28,345699
2025-08-01T03:26:16.549464,Längenfeldgasse U,28,345545
2025-08-01T03:26:16.549464,Längenfeldgasse U,28,346424
2025-08-01T03:26:16.549464,Längenfeldgasse U,28,346349
2025-08-01T03:26:16.549464,Längenfeldgasse U,28,346257
2025-08-01T03:26:16.549464,Längenfeldgasse U,28,346201
2025-08-01T03:26:16.549464,Längenfeldgasse U,28,346167
2025-08-01T03:26:16.549464,Längenfeldgasse U,28,346520
2025-08-01T03:26:16.549464,Längenfeldgasse U,28,347495
2025-08-01T03:26:16.549464,Längenfeldgasse U,28,347450
2025-08-01T03:26:16.549464,Längenfeldgasse U,28,347239
2025-08-01T03:26:16.549464,Längenfeldgasse U,28,347172
2025-08-01T03:26:16.549464,Längenfeldgasse U,28,347136
2025-08-01T03:26:16.549464,Längenfeldgasse U,28,347990
2025-08-01T03:26:16.549464,Längenfeldgasse U,28,347984
2025-08-01T03:26:16.549464,Längenfeldgasse U,28,347965
2025-08-01T03:26:16.549464,Längenfeldgasse U,28,347841
2025-08-01T03:26:16.549464,Längenfeldgasse U,28,347768
2025-08-01T03:26:16.549464,Längenfeldgasse U,28,347696
2025-08-01T03:26:16.549464,Längenfeldgasse U,28,348482
2025-08-01T03:26:16.549464,Längenfeldgasse U,28,348351
2025-08-01T03:26:16.549464,Längenfeldgasse U,28,348299
2025-08-01T03:26:16.549464,Längenfeldgasse U,28,348643
2025-08-01T03:26:16.549464,Längenfeldgasse U,28,348600
2025-08-01T03:26:16.549464,Längenfeldgasse U,28,348527
2025-08-01T03:26:16.549464,Althanstraße,9,345218
2025-08-01T03:26:16.549464,Althanstraße,9,345948
2025-08-01T03:26:16.549464,Althanstraße,9,345796
2025-08-01T03:26:16.549464,Althanstraße,9,345778
2025-08-01T03:26:16.549464,Althanstraße,9,345679
2025-08-01T03:26:16.549464,Althanstraße,9,346087
2025-08-01T03:26:16.549464,Althanstraße,9,346002
2025-08-01T03:26:16.549464,Althanstraße,9,347860
2025-08-01T03:26:16.549464,Althanstraße,9,348582
2025-08-01T03:26:16.549464,Schottentor U,1,346210
2025-08-01T03:26:16.549464,Neubaugasse U,1,346038
2025-08-01T03:26:16.549464,Museumsquartier U,8,345247
2025-08-01T03:26:16.549464,Museumsquartier U,8,345848
2025-08-01T03:26:16.549464,Museumsquartier U,8,345711
2025-08-01T03:26:16.549464,Museumsquartier U,8,346938
2025-08-01T03:26:16.549464,Museumsquartier U,8,346561
2025-08-01T03:26:16.549464,Museumsquartier U,8,347490
2025-08-01T03:26:16.549464,Museumsquartier U,8,347880
2025-08-01T03:26:16.549464,Museumsquartier U,8,348174
2025-08-01T03:26:16.549464,Johnstrasse U,20,345425
2025-08-01T03:26:16.549464,Johnstrasse U,20,345212
2025-08-01T03:26:16.549464,Johnstrasse U,20,345556
2025-08-01T03:26:16.549464,Johnstrasse U,20,345525
2025-08-01T03:26:16.549464,Johnstrasse U,20,346119
2025-08-01T03:26:16.549464,Johnstrasse U,20,346060
2025-08-01T03:26:16.549464,Johnstrasse U,20,346055
2025-08-01T03:26:16.549464,Johnstrasse U,20,346011
2025-08-01T03:26:16.549464,Johnstrasse U,20,346651
2025-08-01T03:26:16.549464,Johnstrasse U,20,346549
2025-08-01T03:26:16.549464,Johnstrasse U,20,347449
2025-08-01T03:26:16.549464,Johnstrasse U,20,347420
2025-08-01T03:26:16.549464,Johnstrasse U,20,347358
2025-08-01T03:26:16.549464,Johnstrasse U,20,347765
2025-08-01T03:26:16.549464,Johnstrasse U,20,347716
2025-08-01T03:26:16.549464,Johnstrasse U,20,348461
2025-08-01T03:26:16.549464,Johnstrasse U,20,348419
2025-08-01T03:26:16.549464,Johnstrasse U,20,348234
2025-08-01T03:26:16.549464,Johnstrasse U,20,348662
2025-08-01T03:26:16.549464,Johnstrasse U,20,348535
2025-08-01T03:26:16.549464,Kutschkergasse,4,346963
2025-08-01T03:26:16.549464,Kutschkergasse,4,346716
2025-08-01T03:26:16.549464,Kutschkergasse,4,347918
2025-08-01T03:26:16.549464,Kutschkergasse,4,348664
2025-08-01T03:26:16.549464,Stadion U,43,345389
2025-08-01T03:26:16.549464,Stadion U,43,345139
2025-08-01T03:26:16.549464,Stadion U,43,345057
2025-08-01T03:26:16.549464,Stadion U,43,345005
2025-08-01T03:26:16.549464,Stadion U,43,345949
2025-08-01T03:26:16.549464,Stadion U,43,345947
2025-08-01T03:26:16.549464,Stadion U,43,345923
2025-08-01T03:26:16.549464,Stadion U,43,345850
2025-08-01T03:26:16.549464,Stadion U,43,345733
2025-08-01T03:26:16.549464,Stadion U,43,345600
2025-08-01T03:26:16.549464,Stadion U,43,345581
2025-08-01T03:26:16.549464,Stadion U,43,346357
2025-08-01T03:26:16.549464,Stadion U,43,346296
2025-08-01T03:26:16.549464,Stadion U,43,346288
2025-08-01T03:26:16.549464,Stadion U,43,346252
2025-08-01T03:26:16.549464,Stadion U,43,346224
2025-08-01T03:26:16.549464,Stadion U,43,346223
2025-08-01T03:26:16.549464,Stadion U,43,346200
2025-08-01T03:26:16.549464,Stadion U,43,346084
2025-08-01T03:26:16.549464,Stadion U,43,346994
2025-08-01T03:26:16.549464,Stadion U,43,346819
2025-08-01T03:26:16.549464,Stadion U,43,346818
2025-08-01T03:26:16.549464,Stadion U,43,346724
2025-08-01T03:26:16.549464,Stadion U,43,346692
2025-08-01T03:26:16.549464,Stadion U,43,346677
2025-08-01T03:26:16.549464,Stadion U,43,346585
2025-08-01T03:26:16.549464,Stadion U,43,347429
2025-08-01T03:26:16.549464,Stadion U,43,347344
2025-08-01T03:26:16.549464,Stadion U,43,347219
2025-08-01T03:26:16.549464,Stadion U,43,347062
2025-08-01T03:26:16.549464,Stadion U,43,347045
2025-08-01T03:26:16.549464,Stadion U,43,347022
2025-08-01T03:26:16.549464,Stadion U,43,347993
2025-08-01T03:26:16.549464,Stadion U,43,347791
2025-08-01T03:26:16.549464,Stadion U,43,347685
2025-08-01T03:26:16.549464,Stadion U,43,347637
2025-08-01T03:26:16.549464,Stadion U,43,348417
2025-08-01T03:26:16.549464,Stadion U,43,348358
2025-08-01T03:26:16.549464,Stadion U,43,348266
2025-08-01T03:26:16.549464,Stadion U,43,348241
2025-08-01T03:26:16.549464,Stadion U,43,348172
2025-08-01T03:26:16.549464,Stadion U,43,348014
2025-08-01T03:26:16.549464,Stadion U,43,348591
2025-08-01T03:26:16.549464,Brückengasse,13,345460
2025-08-01T03:26:16.549464,Brückengasse,13,345429
2025-08-01T03:26:16.549464,Brückengasse,13,345404
2025-08-01T03:26:16.549464,Brückengasse,13,346355
2025-08-01T03:26:16.549464,Brückengasse,13,346665
2025-08-01T03:26:16.549464,Brückengasse,13,346580
2025-08-01T03:26:16.549464,Brückengasse,13,347405
2025-08-01T03:26:16.549464,Brückengasse,13,347100
2025-08-01T03:26:16.549464,Brückengasse,13,347504
2025-08-01T03:26:16.549464,Brückengasse,13,348470
2025-08-01T03:26:16.549464,Brückengasse,13,348401
2025-08-01T03:26:16.549464,Brückengasse,13,348238
2025-08-01T03:26:16.549464,Brückengasse,13,348119
2025-08-01T03:26:16.549464,Schuhmeierplatz,10,345487
2025-08-01T03:26:16.549464,Schuhmeierplatz,10,345910
2025-08-01T03:26:16.549464,Schuhmeierplatz,10,345776
2025-08-01T03:26:16.549464,Schuhmeierplatz,10,346935
2025-08-01T03:26:16.549464,Schuhmeierplatz,10,346810
2025-08-01T03:26:16.549464,Schuhmeierplatz,10,346801
2025-08-01T03:26:16.549464,Schuhmeierplatz,10,346672
2025-08-01T03:26:16.549464,Schuhmeierplatz,10,346612
2025-08-01T03:26:16.549464,Schuhmeierplatz,10,347999
2025-08-01T03:26:16.549464,Schuhmeierplatz,10,347769
2025-08-01T03:26:16.549464,Schönbrunn U,19,345933
2025-08-01T03:26:16.549464,Schönbrunn U,19,345900
2025-08-01T03:26:16.549464,Schönbrunn U,19,346378
2025-08-01T03:26:16.549464,Schönbrunn U,19,346895
2025-08-01T03:26:16.549464,Schönbrunn U,19,346861
2025-08-01T03:26:16.549464,Schönbrunn U,19,346666
2025-08-01T03:26:16.549464,Schönbrunn U,19,346654
2025-08-01T03:26:16.549464,Schönbrunn U,19,346571
2025-08-01T03:26:16.549464,Schönbrunn U,19,347451
2025-08-01T03:26:16.549464,Schönbrunn U,19,347403
2025-08-01T03:26:16.549464,Schönbrunn U,19,347357
2025-08-01T03:26:16.549464,Schönbrunn U,19,347327
2025-08-01T03:26:16.549464,Schönbrunn U,19,347312
2025-08-01T03:26:16.549464,Schönbrunn U,19,347788
2025-08-01T03:26:16.549464,Schönbrunn U,19,347775
2025-08-01T03:26:16.549464,Schönbrunn U,19,347689
2025-08-01T03:26:16.549464,Schönbrunn U,19,348471
2025-08-01T03:26:16.549464,Schönbrunn U,19,348314
2025-08-01T03:26:16.549464,Schönbrunn U,19,398717
2025-08-01T03:26:16.549464,Hermesstraße / Oscar-Straus-Park ,4,345318
2025-08-01T03:26:16.549464,Hermesstraße / Oscar-Straus-Park ,4,345264
2025-08-01T03:26:16.549464,Hermesstraße / Oscar-Straus-Park ,4,347784
2025-08-01T03:26:16.549464,Hermesstraße / Oscar-Straus-Park ,4,347707
2025-08-01T03:26:16.549464,Modecenterstraße / The Marks,18,345323
2025-08-01T03:26:16.549464,Modecenterstraße / The Marks,18,345146
2025-08-01T03:26:16.549464,Modecenterstraße / The Marks,18,345806
2025-08-01T03:26:16.549464,Modecenterstraße / The Marks,18,345609
2025-08-01T03:26:16.549464,Modecenterstraße / The Marks,18,346292
2025-08-01T03:26:16.549464,Modecenterstraße / The Marks,18,346267
2025-08-01T03:26:16.549464,Modecenterstraße / The Marks,18,346228
2025-08-01T03:26:16.549464,Modecenterstraße / The Marks,18,346192
2025-08-01T03:26:16.549464,Modecenterstraße / The Marks,18,346843
2025-08-01T03:26:16.549464,Modecenterstraße / The Marks,18,346613
2025-08-01T03:26:16.549464,Modecenterstraße / The Marks,18,347478
2025-08-01T03:26:16.549464,Modecenterstraße / The Marks,18,347076
2025-08-01T03:26:16.549464,Modecenterstraße / The Marks,18,347043
2025-08-01T03:26:16.549464,Modecenterstraße / The Marks,18,347975
2025-08-01T03:26:16.549464,Modecenterstraße / The Marks,18,348488
2025-08-01T03:26:16.549464,Modecenterstraße / The Marks,18,348335
2025-08-01T03:26:16.549464,Modecenterstraße / The Marks,18,348254
2025-08-01T03:26:16.549464,Modecenterstraße / The Marks,18,348994
2025-08-01T03:26:16.549464,Am Langen Felde,14,345380
2025-08-01T03:26:16.549464,Am Langen Felde,14,345209
2025-08-01T03:26:16.549464,Am Langen Felde,14,345987
2025-08-01T03:26:16.549464,Am Langen Felde,14,345913
2025-08-01T03:26:16.549464,Am Langen Felde,14,346128
2025-08-01T03:26:16.549464,Am Langen Felde,14,346705
2025-08-01T03:26:16.549464,Am Langen Felde,14,347255
2025-08-01T03:26:16.549464,Am Langen Felde,14,347982
2025-08-01T03:26:16.549464,Am Langen Felde,14,347851
2025-08-01T03:26:16.549464,Am Langen Felde,14,347600
2025-08-01T03:26:16.549464,Am Langen Felde,14,347525
2025-08-01T03:26:16.549464,Am Langen Felde,14,348452
2025-08-01T03:26:16.549464,Am Langen Felde,14,348292
2025-08-01T03:26:16.549464,Am Langen Felde,14,348201
2025-08-01T03:26:16.549464,eLastenräder- Modecenterstraße / The Marks,1,348503
2025-08-01T03:26:16.549464,Pilgramgasse U,15,345426
2025-08-01T03:26:16.549464,Pilgramgasse U,15,345116
2025-08-01T03:26:16.549464,Pilgramgasse U,15,345063
2025-08-01T03:26:16.549464,Pilgramgasse U,15,345745
2025-08-01T03:26:16.549464,Pilgramgasse U,15,345667
2025-08-01T03:26:16.549464,Pilgramgasse U,15,345657
2025-08-01T03:26:16.549464,Pilgramgasse U,15,347040
2025-08-01T03:26:16.549464,Pilgramgasse U,15,347846
2025-08-01T03:26:16.549464,Pilgramgasse U,15,347763
2025-08-01T03:26:16.549464,Pilgramgasse U,15,347665
2025-08-01T03:26:16.549464,Pilgramgasse U,15,347586
2025-08-01T03:26:16.549464,Pilgramgasse U,15,347581
2025-08-01T03:26:16.549464,Pilgramgasse U,15,348184
2025-08-01T03:26:16.549464,Pilgramgasse U,15,348570
2025-08-01T03:26:16.549464,Pilgramgasse U,15,398732
2025-08-01T03:26:16.549464,eLastenräder - Am langen Felde,1,348192
2025-08-01T03:26:16.549464,eLastenräder - Bruno-Marek-Allee,7,345029
2025-08-01T03:26:16.549464,eLastenräder - Bruno-Marek-Allee,7,345579
2025-08-01T03:26:16.549464,eLastenräder - Bruno-Marek-Allee,7,346160
2025-08-01T03:26:16.549464,eLastenräder - Bruno-Marek-Allee,7,348432
2025-08-01T03:26:16.549464,eLastenräder - Bruno-Marek-Allee,7,348308
2025-08-01T03:26:16.549464,eLastenräder - Bruno-Marek-Allee,7,348090
2025-08-01T03:26:16.549464,eLastenräder - Bruno-Marek-Allee,7,348032
2025-08-01T03:26:16.549464,Purkytgasse ,2,346758
2025-08-01T03:26:16.549464,Purkytgasse ,2,348147
2025-08-01T03:26:16.549464,Neue Donau U,1,348476
2025-08-01T03:26:16.549464,Franz-Josef Bahnhof S,17,345219
2025-08-01T03:26:16.549464,Franz-Josef Bahnhof S,17,345006
2025-08-01T03:26:16.549464,Franz-Josef Bahnhof S,17,345606
2025-08-01T03:26:16.549464,Franz-Josef Bahnhof S,17,345569
2025-08-01T03:26:16.549464,Franz-Josef Bahnhof S,17,345548
2025-08-01T03:26:16.549464,Franz-Josef Bahnhof S,17,346463
2025-08-01T03:26:16.549464,Franz-Josef Bahnhof S,17,346028
2025-08-01T03:26:16.549464,Franz-Josef Bahnhof S,17,346988
2025-08-01T03:26:16.549464,Franz-Josef Bahnhof S,17,346933
2025-08-01T03:26:16.549464,Franz-Josef Bahnhof S,17,347497
2025-08-01T03:26:16.549464,Franz-Josef Bahnhof S,17,347349
2025-08-01T03:26:16.549464,Franz-Josef Bahnhof S,17,347837
2025-08-01T03:26:16.549464,Franz-Josef Bahnhof S,17,348405
2025-08-01T03:26:16.549464,Franz-Josef Bahnhof S,17,348321
2025-08-01T03:26:16.549464,Franz-Josef Bahnhof S,17,348126
2025-08-01T03:26:16.549464,Franz-Josef Bahnhof S,17,348117
2025-08-01T03:26:16.549464,Franz-Josef Bahnhof S,17,348063
2025-08-01T03:26:16.549464,Niederpointenstraße,2,346901
2025-08-01T03:26:16.549464,Niederpointenstraße,2,347731
2025-08-01T03:26:16.549464,Leopoldauer Platz,19,345484
2025-08-01T03:26:16.549464,Leopoldauer Platz,19,345343
2025-08-01T03:26:16.549464,Leopoldauer Platz,19,345284
2025-08-01T03:26:16.549464,Leopoldauer Platz,19,345178
2025-08-01T03:26:16.549464,Leopoldauer Platz,19,346360
2025-08-01T03:26:16.549464,Leopoldauer Platz,19,346233
2025-08-01T03:26:16.549464,Leopoldauer Platz,19,346117
2025-08-01T03:26:16.549464,Leopoldauer Platz,19,346015
2025-08-01T03:26:16.549464,Leopoldauer Platz,19,346906
2025-08-01T03:26:16.549464,Leopoldauer Platz,19,346867
2025-08-01T03:26:16.549464,Leopoldauer Platz,19,346725
2025-08-01T03:26:16.549464,Leopoldauer Platz,19,347355
2025-08-01T03:26:16.549464,Leopoldauer Platz,19,347104
2025-08-01T03:26:16.549464,Leopoldauer Platz,19,347953
2025-08-01T03:26:16.549464,Leopoldauer Platz,19,347855
2025-08-01T03:26:16.549464,Leopoldauer Platz,19,347700
2025-08-01T03:26:16.549464,Leopoldauer Platz,19,348305
2025-08-01T03:26:16.549464,Leopoldauer Platz,19,348263
2025-08-01T03:26:16.549464,Leopoldauer Platz,19,348584
2025-08-01T03:26:16.549464,ArbeiterInnenstrand,1,348020
2025-08-01T03:26:16.549464,Gewerbepark Stadlau,11,345331
2025-08-01T03:26:16.549464,Gewerbepark Stadlau,11,345254
2025-08-01T03:26:16.549464,Gewerbepark Stadlau,11,345105
2025-08-01T03:26:16.549464,Gewerbepark Stadlau,11,345004
2025-08-01T03:26:16.549464,Gewerbepark Stadlau,11,346312
2025-08-01T03:26:16.549464,Gewerbepark Stadlau,11,346017
2025-08-01T03:26:16.549464,Gewerbepark Stadlau,11,346921
2025-08-01T03:26:16.549464,Gewerbepark Stadlau,11,347394
2025-08-01T03:26:16.549464,Gewerbepark Stadlau,11,347189
2025-08-01T03:26:16.549464,Gewerbepark Stadlau,11,347866
2025-08-01T03:26:16.549464,Gewerbepark Stadlau,11,348115
2025-08-01T03:26:16.549464,Atzgersdorf Bildungscampus,2,345315
2025-08-01T03:26:16.549464,Atzgersdorf Bildungscampus,2,346964
2025-08-01T03:26:16.549464,Adelheid-Popp-Gasse,7,346917
2025-08-01T03:26:16.549464,Adelheid-Popp-Gasse,7,347940
2025-08-01T03:26:16.549464,Adelheid-Popp-Gasse,7,347906
2025-08-01T03:26:16.549464,Adelheid-Popp-Gasse,7,348311
2025-08-01T03:26:16.549464,Adelheid-Popp-Gasse,7,348079
2025-08-01T03:26:16.549464,Adelheid-Popp-Gasse,7,348655
2025-08-01T03:26:16.549464,Adelheid-Popp-Gasse,7,348608
2025-08-01T03:26:16.549464,Alte Donau U,19,345445
2025-08-01T03:26:16.549464,Alte Donau U,19,345205
2025-08-01T03:26:16.549464,Alte Donau U,19,345044
2025-08-01T03:26:16.549464,Alte Donau U,19,345856
2025-08-01T03:26:16.549464,Alte Donau U,19,346385
2025-08-01T03:26:16.549464,Alte Donau U,19,346368
2025-08-01T03:26:16.549464,Alte Donau U,19,346324
2025-08-01T03:26:16.549464,Alte Donau U,19,346158
2025-08-01T03:26:16.549464,Alte Donau U,19,346088
2025-08-01T03:26:16.549464,Alte Donau U,19,346812
2025-08-01T03:26:16.549464,Alte Donau U,19,346809
2025-08-01T03:26:16.549464,Alte Donau U,19,346653
2025-08-01T03:26:16.549464,Alte Donau U,19,347833
2025-08-01T03:26:16.549464,Alte Donau U,19,347816
2025-08-01T03:26:16.549464,Alte Donau U,19,347701
2025-08-01T03:26:16.549464,Alte Donau U,19,348418
2025-08-01T03:26:16.549464,Alte Donau U,19,348178
2025-08-01T03:26:16.549464,Alte Donau U,19,348619
2025-08-01T03:26:16.549464,Alte Donau U,19,348616
2025-08-01T03:26:16.549464,VHS Kulturgarage,21,345498
2025-08-01T03:26:16.549464,VHS Kulturgarage,21,345288
2025-08-01T03:26:16.549464,VHS Kulturgarage,21,345270
2025-08-01T03:26:16.549464,VHS Kulturgarage,21,345836
2025-08-01T03:26:16.549464,VHS Kulturgarage,21,345514
2025-08-01T03:26:16.549464,VHS Kulturgarage,21,346391
2025-08-01T03:26:16.549464,VHS Kulturgarage,21,346199
2025-08-01T03:26:16.549464,VHS Kulturgarage,21,346900
2025-08-01T03:26:16.549464,VHS Kulturgarage,21,346668
2025-08-01T03:26:16.549464,VHS Kulturgarage,21,346622
2025-08-01T03:26:16.549464,VHS Kulturgarage,21,346602
2025-08-01T03:26:16.549464,VHS Kulturgarage,21,346535
2025-08-01T03:26:16.549464,VHS Kulturgarage,21,347443
2025-08-01T03:26:16.549464,VHS Kulturgarage,21,347245
2025-08-01T03:26:16.549464,VHS Kulturgarage,21,348499
2025-08-01T03:26:16.549464,VHS Kulturgarage,21,348352
2025-08-01T03:26:16.549464,VHS Kulturgarage,21,348291
2025-08-01T03:26:16.549464,VHS Kulturgarage,21,348150
2025-08-01T03:26:16.549464,VHS Kulturgarage,21,348092
2025-08-01T03:26:16.549464,VHS Kulturgarage,21,348702
2025-08-01T03:26:16.549464,VHS Kulturgarage,21,348531
2025-08-01T03:26:16.549464,Siebenbrunnenfeldgasse,6,346476
2025-08-01T03:26:16.549464,Siebenbrunnenfeldgasse,6,346307
2025-08-01T03:26:16.549464,Siebenbrunnenfeldgasse,6,347937
2025-08-01T03:26:16.549464,Siebenbrunnenfeldgasse,6,347743
2025-08-01T03:26:16.549464,Siebenbrunnenfeldgasse,6,348243
2025-08-01T03:26:16.549464,Siebenbrunnenfeldgasse,6,348623
2025-08-01T03:26:16.549464,Technisches Museum,35,345475
2025-08-01T03:26:16.549464,Technisches Museum,35,345253
2025-08-01T03:26:16.549464,Technisches Museum,35,345053
2025-08-01T03:26:16.549464,Technisches Museum,35,345875
2025-08-01T03:26:16.549464,Technisches Museum,35,345829
2025-08-01T03:26:16.549464,Technisches Museum,35,345821
2025-08-01T03:26:16.549464,Technisches Museum,35,345753
2025-08-01T03:26:16.549464,Technisches Museum,35,345725
2025-08-01T03:26:16.549464,Technisches Museum,35,345572
2025-08-01T03:26:16.549464,Technisches Museum,35,345560
2025-08-01T03:26:16.549464,Technisches Museum,35,346409
2025-08-01T03:26:16.549464,Technisches Museum,35,346284
2025-08-01T03:26:16.549464,Technisches Museum,35,346919
2025-08-01T03:26:16.549464,Technisches Museum,35,346849
2025-08-01T03:26:16.549464,Technisches Museum,35,346709
2025-08-01T03:26:16.549464,Technisches Museum,35,346652
2025-08-01T03:26:16.549464,Technisches Museum,35,346603
2025-08-01T03:26:16.549464,Technisches Museum,35,346527
2025-08-01T03:26:16.549464,Technisches Museum,35,347235
2025-08-01T03:26:16.549464,Technisches Museum,35,347220
2025-08-01T03:26:16.549464,Technisches Museum,35,347178
2025-08-01T03:26:16.549464,Technisches Museum,35,347113
2025-08-01T03:26:16.549464,Technisches Museum,35,347097
2025-08-01T03:26:16.549464,Technisches Museum,35,347650
2025-08-01T03:26:16.549464,Technisches Museum,35,347574
2025-08-01T03:26:16.549464,Technisches Museum,35,347564
2025-08-01T03:26:16.549464,Technisches Museum,35,347530
2025-08-01T03:26:16.549464,Technisches Museum,35,348473
2025-08-01T03:26:16.549464,Technisches Museum,35,348441
2025-08-01T03:26:16.549464,Technisches Museum,35,348340
2025-08-01T03:26:16.549464,Technisches Museum,35,348290
2025-08-01T03:26:16.549464,Technisches Museum,35,348198
2025-08-01T03:26:16.549464,Technisches Museum,35,348142
2025-08-01T03:26:16.549464,Technisches Museum,35,348689
2025-08-01T03:26:16.549464,Technisches Museum,35,348537
2025-08-01T03:26:16.549464,Kultursommer25 - Währinger Park,11,345123
2025-08-01T03:26:16.549464,Kultursommer25 - Währinger Park,11,345113
2025-08-01T03:26:16.549464,Kultursommer25 - Währinger Park,11,345068
2025-08-01T03:26:16.549464,Kultursommer25 - Währinger Park,11,346406
2025-08-01T03:26:16.549464,Kultursommer25 - Währinger Park,11,346313
2025-08-01T03:26:16.549464,Kultursommer25 - Währinger Park,11,346285
2025-08-01T03:26:16.549464,Kultursommer25 - Währinger Park,11,346215
2025-08-01T03:26:16.549464,Kultursommer25 - Währinger Park,11,346596
2025-08-01T03:26:16.549464,Kultursommer25 - Währinger Park,11,347733
2025-08-01T03:26:16.549464,Kultursommer25 - Währinger Park,11,348204
2025-08-01T03:26:16.549464,Kultursommer25 - Währinger Park,11,348041
2025-08-01T03:26:16.549464,Wendstattgasse,15,345183
2025-08-01T03:26:16.549464,Wendstattgasse,15,345119
2025-08-01T03:26:16.549464,Wendstattgasse,15,345016
2025-08-01T03:26:16.549464,Wendstattgasse,15,345920
2025-08-01T03:26:16.549464,Wendstattgasse,15,345598
2025-08-01T03:26:16.549464,Wendstattgasse,15,346023
2025-08-01T03:26:16.549464,Wendstattgasse,15,346820
2025-08-01T03:26:16.549464,Wendstattgasse,15,346777
2025-08-01T03:26:16.549464,Wendstattgasse,15,346726
2025-08-01T03:26:16.549464,Wendstattgasse,15,346685
2025-08-01T03:26:16.549464,Wendstattgasse,15,347596
2025-08-01T03:26:16.549464,Wendstattgasse,15,348497
2025-08-01T03:26:16.549464,Wendstattgasse,15,348212
2025-08-01T03:26:16.549464,Wendstattgasse,15,348033
2025-08-01T03:26:16.549464,Wendstattgasse,15,348030
2025-08-01T03:26:16.549464,Neilreichgasse,2,345145
2025-08-01T03:26:16.549464,Neilreichgasse,2,348216
2025-08-01T03:26:16.549464,Gutheil-Schoder-Gasse / Badner Bahn,5,347301
2025-08-01T03:26:16.549464,Gutheil-Schoder-Gasse / Badner Bahn,5,347972
2025-08-01T03:26:16.549464,Gutheil-Schoder-Gasse / Badner Bahn,5,347604
2025-08-01T03:26:16.549464,Gutheil-Schoder-Gasse / Badner Bahn,5,348363
2025-08-01T03:26:16.549464,Gutheil-Schoder-Gasse / Badner Bahn,5,349039
2025-08-01T03:26:16.549464,Neu Leopoldau,12,345025
2025-08-01T03:26:16.549464,Neu Leopoldau,12,345929
2025-08-01T03:26:16.549464,Neu Leopoldau,12,345760
2025-08-01T03:26:16.549464,Neu Leopoldau,12,345651
2025-08-01T03:26:16.549464,Neu Leopoldau,12,346234
2025-08-01T03:26:16.549464,Neu Leopoldau,12,346578
2025-08-01T03:26:16.549464,Neu Leopoldau,12,347118
2025-08-01T03:26:16.549464,Neu Leopoldau,12,347514
2025-08-01T03:26:16.549464,Neu Leopoldau,12,348493
2025-08-01T03:26:16.549464,Neu Leopoldau,12,348031
2025-08-01T03:26:16.549464,Neu Leopoldau,12,348644
2025-08-01T03:26:16.549464,Neu Leopoldau,12,348566
2025-08-01T03:26:16.549464,Strebersdorf S,11,345338
2025-08-01T03:26:16.549464,Strebersdorf S,11,345332
2025-08-01T03:26:16.549464,Strebersdorf S,11,345853
2025-08-01T03:26:16.549464,Strebersdorf S,11,346328
2025-08-01T03:26:16.549464,Strebersdorf S,11,346280
2025-08-01T03:26:16.549464,Strebersdorf S,11,346675
2025-08-01T03:26:16.549464,Strebersdorf S,11,347252
2025-08-01T03:26:16.549464,Strebersdorf S,11,347078
2025-08-01T03:26:16.549464,Strebersdorf S,11,348492
2025-08-01T03:26:16.549464,Strebersdorf S,11,348377
2025-08-01T03:26:16.549464,Strebersdorf S,11,348578
2025-08-01T03:26:16.549464,Rodlergasse,2,345740
2025-08-01T03:26:16.549464,Rodlergasse,2,345501
2025-08-01T03:26:16.549464,Nussbaumallee,7,345378
2025-08-01T03:26:16.549464,Nussbaumallee,7,345269
2025-08-01T03:26:16.549464,Nussbaumallee,7,345841
2025-08-01T03:26:16.549464,Nussbaumallee,7,346924
2025-08-01T03:26:16.549464,Nussbaumallee,7,347654
2025-08-01T03:26:16.549464,Nussbaumallee,7,348404
2025-08-01T03:26:16.549464,Nussbaumallee,7,348133
2025-08-01T03:26:16.549464,Raxstraße,8,345492
2025-08-01T03:26:16.549464,Raxstraße,8,345634
2025-08-01T03:26:16.549464,Raxstraße,8,346879
2025-08-01T03:26:16.549464,Raxstraße,8,347191
2025-08-01T03:26:16.549464,Raxstraße,8,347868
2025-08-01T03:26:16.549464,Raxstraße,8,347858
2025-08-01T03:26:16.549464,Raxstraße,8,347750
2025-08-01T03:26:16.549464,Raxstraße,8,347508
2025-08-01T03:26:16.549464,Wattmanngasse,8,346999
2025-08-01T03:26:16.549464,Wattmanngasse,8,346738
2025-08-01T03:26:16.549464,Wattmanngasse,8,347456
2025-08-01T03:26:16.549464,Wattmanngasse,8,347447
2025-08-01T03:26:16.549464,Wattmanngasse,8,347230
2025-08-01T03:26:16.549464,Wattmanngasse,8,347960
2025-08-01T03:26:16.549464,Wattmanngasse,8,347767
2025-08-01T03:26:16.549464,Wattmanngasse,8,348008
2025-08-01T03:26:16.549464,Floridsdorfer Markt,2,346269
2025-08-01T03:26:16.549464,Floridsdorfer Markt,2,347803
2025-08-01T03:26:16.549464,Nussdorf S,25,345432
2025-08-01T03:26:16.549464,Nussdorf S,25,345414
2025-08-01T03:26:16.549464,Nussdorf S,25,345336
2025-08-01T03:26:16.549464,Nussdorf S,25,345274
2025-08-01T03:26:16.549464,Nussdorf S,25,345026
2025-08-01T03:26:16.549464,Nussdorf S,25,345883
2025-08-01T03:26:16.549464,Nussdorf S,25,345735
2025-08-01T03:26:16.549464,Nussdorf S,25,345723
2025-08-01T03:26:16.549464,Nussdorf S,25,345595
2025-08-01T03:26:16.549464,Nussdorf S,25,346472
2025-08-01T03:26:16.549464,Nussdorf S,25,346283
2025-08-01T03:26:16.549464,Nussdorf S,25,346886
2025-08-01T03:26:16.549464,Nussdorf S,25,346642
2025-08-01T03:26:16.549464,Nussdorf S,25,346598
2025-08-01T03:26:16.549464,Nussdorf S,25,347411
2025-08-01T03:26:16.549464,Nussdorf S,25,347287
2025-08-01T03:26:16.549464,Nussdorf S,25,347212
2025-08-01T03:26:16.549464,Nussdorf S,25,347125
2025-08-01T03:26:16.549464,Nussdorf S,25,347575
2025-08-01T03:26:16.549464,Nussdorf S,25,347568
2025-08-01T03:26:16.549464,Nussdorf S,25,348273
2025-08-01T03:26:16.549464,Nussdorf S,25,348271
2025-08-01T03:26:16.549464,Nussdorf S,25,348258
2025-08-01T03:26:16.549464,Nussdorf S,25,348169
2025-08-01T03:26:16.549464,Nussdorf S,25,348668
2025-08-01T03:26:16.549464,Kultursommer25 - Nordwestbahnhof,10,345405
2025-08-01T03:26:16.549464,Kultursommer25 - Nordwestbahnhof,10,345312
2025-08-01T03:26:16.549464,Kultursommer25 - Nordwestbahnhof,10,345166
2025-08-01T03:26:16.549464,Kultursommer25 - Nordwestbahnhof,10,345977
2025-08-01T03:26:16.549464,Kultursommer25 - Nordwestbahnhof,10,345670
2025-08-01T03:26:16.549464,Kultursommer25 - Nordwestbahnhof,10,346232
2025-08-01T03:26:16.549464,Kultursommer25 - Nordwestbahnhof,10,346992
2025-08-01T03:26:16.549464,Kultursommer25 - Nordwestbahnhof,10,347987
2025-08-01T03:26:16.549464,Kultursommer25 - Nordwestbahnhof,10,347978
2025-08-01T03:26:16.549464,Kultursommer25 - Nordwestbahnhof,10,348439
2025-08-01T03:26:16.549464,Kultursommer25 - Fußballverein 1210,16,345467
2025-08-01T03:26:16.549464,Kultursommer25 - Fußballverein 1210,16,345921
2025-08-01T03:26:16.549464,Kultursommer25 - Fußballverein 1210,16,345737
2025-08-01T03:26:16.549464,Kultursommer25 - Fußballverein 1210,16,345625
2025-08-01T03:26:16.549464,Kultursommer25 - Fußballverein 1210,16,345580
2025-08-01T03:26:16.549464,Kultursommer25 - Fußballverein 1210,16,346440
2025-08-01T03:26:16.549464,Kultursommer25 - Fußballverein 1210,16,346386
2025-08-01T03:26:16.549464,Kultursommer25 - Fußballverein 1210,16,346341
2025-08-01T03:26:16.549464,Kultursommer25 - Fußballverein 1210,16,346018
2025-08-01T03:26:16.549464,Kultursommer25 - Fußballverein 1210,16,346911
2025-08-01T03:26:16.549464,Kultursommer25 - Fußballverein 1210,16,347248
2025-08-01T03:26:16.549464,Kultursommer25 - Fußballverein 1210,16,347243
2025-08-01T03:26:16.549464,Kultursommer25 - Fußballverein 1210,16,347137
2025-08-01T03:26:16.549464,Kultursommer25 - Fußballverein 1210,16,348361
2025-08-01T03:26:16.549464,Kultursommer25 - Fußballverein 1210,16,348082
2025-08-01T03:26:16.549464,Kultursommer25 - Fußballverein 1210,16,348525
2025-08-01T03:26:16.549464,Kultursommer25 - Wilhelmsdorfer Park,2,345035
2025-08-01T03:26:16.549464,Kultursommer25 - Wilhelmsdorfer Park,2,346163
2025-08-01T03:26:16.549464,Kultursommer25 - Reithofferpark,3,345296
2025-08-01T03:26:16.549464,Kultursommer25 - Reithofferpark,3,345973
2025-08-01T03:26:16.549464,Kultursommer25 - Reithofferpark,3,347296
2025-08-01T03:26:16.549464,Bertha-von-Suttner-Gasse,10,346382
2025-08-01T03:26:16.549464,Bertha-von-Suttner-Gasse,10,346286
2025-08-01T03:26:16.549464,Bertha-von-Suttner-Gasse,10,347423
2025-08-01T03:26:16.549464,Bertha-von-Suttner-Gasse,10,347175
2025-08-01T03:26:16.549464,Bertha-von-Suttner-Gasse,10,347958
2025-08-01T03:26:16.549464,Bertha-von-Suttner-Gasse,10,347912
2025-08-01T03:26:16.549464,Bertha-von-Suttner-Gasse,10,347865
2025-08-01T03:26:16.549464,Bertha-von-Suttner-Gasse,10,347861
2025-08-01T03:26:16.549464,Bertha-von-Suttner-Gasse,10,348053
2025-08-01T03:26:16.549464,Bertha-von-Suttner-Gasse,10,348679
2025-08-01T03:26:16.549464,Hauptbahnhof Ost,11,345271
2025-08-01T03:26:16.549464,Hauptbahnhof Ost,11,345231
2025-08-01T03:26:16.549464,Hauptbahnhof Ost,11,346478
2025-08-01T03:26:16.549464,Hauptbahnhof Ost,11,346840
2025-08-01T03:26:16.549464,Hauptbahnhof Ost,11,346764
2025-08-01T03:26:16.549464,Hauptbahnhof Ost,11,346655
2025-08-01T03:26:16.549464,Hauptbahnhof Ost,11,346640
2025-08-01T03:26:16.549464,Hauptbahnhof Ost,11,347897
2025-08-01T03:26:16.549464,Hauptbahnhof Ost,11,347876
2025-08-01T03:26:16.549464,Hauptbahnhof Ost,11,347870
2025-08-01T03:26:16.549464,Hauptbahnhof Ost,11,348120
2025-08-01T03:26:16.549464,FH Technikum,13,345168
2025-08-01T03:26:16.549464,FH Technikum,13,345142
2025-08-01T03:26:16.549464,FH Technikum,13,345076
2025-08-01T03:26:16.549464,FH Technikum,13,345748
2025-08-01T03:26:16.549464,FH Technikum,13,346034
2025-08-01T03:26:16.549464,FH Technikum,13,346001
2025-08-01T03:26:16.549464,FH Technikum,13,346958
2025-08-01T03:26:16.549464,FH Technikum,13,346802
2025-08-01T03:26:16.549464,FH Technikum,13,347434
2025-08-01T03:26:16.549464,FH Technikum,13,347084
2025-08-01T03:26:16.549464,FH Technikum,13,348427
2025-08-01T03:26:16.549464,FH Technikum,13,348365
2025-08-01T03:26:16.549464,FH Technikum,13,348113
2025-08-01T03:26:16.549464,Hafen Wien,13,345431
2025-08-01T03:26:16.549464,Hafen Wien,13,345391
2025-08-01T03:26:16.549464,Hafen Wien,13,345996
2025-08-01T03:26:16.549464,Hafen Wien,13,345889
2025-08-01T03:26:16.549464,Hafen Wien,13,345571
2025-08-01T03:26:16.549464,Hafen Wien,13,345530
2025-08-01T03:26:16.549464,Hafen Wien,13,346439
2025-08-01T03:26:16.549464,Hafen Wien,13,346374
2025-08-01T03:26:16.549464,Hafen Wien,13,347415
2025-08-01T03:26:16.549464,Hafen Wien,13,347277
2025-08-01T03:26:16.549464,Hafen Wien,13,347588
2025-08-01T03:26:16.549464,Hafen Wien,13,348286
2025-08-01T03:26:16.549464,Hafen Wien,13,348705
2025-08-01T03:26:16.549464,Seestadt U - Lina-Bo-Bardi-Platz,1,346183
2025-08-01T03:26:16.549464,Barbara-Prammer-Allee,5,345022
2025-08-01T03:26:16.549464,Barbara-Prammer-Allee,5,346897
2025-08-01T03:26:16.549464,Barbara-Prammer-Allee,5,346505
2025-08-01T03:26:16.549464,Barbara-Prammer-Allee,5,348592
2025-08-01T03:26:16.549464,Barbara-Prammer-Allee,5,348552
2025-08-01T03:26:16.549464,Sonnenallee,1,346140
2025-08-01T03:26:16.549464,AIT Austrian Institute of Technology / Giefinggasse ,4,347410
2025-08-01T03:26:16.549464,AIT Austrian Institute of Technology / Giefinggasse ,4,347356
2025-08-01T03:26:16.549464,AIT Austrian Institute of Technology / Giefinggasse ,4,347916
2025-08-01T03:26:16.549464,AIT Austrian Institute of Technology / Giefinggasse ,4,347835
2025-08-01T03:26:16.549464,Blériotgasse,19,345483
2025-08-01T03:26:16.549464,Blériotgasse,19,345202
2025-08-01T03:26:16.549464,Blériotgasse,19,345028
2025-08-01T03:26:16.549464,Blériotgasse,19,345636
2025-08-01T03:26:16.549464,Blériotgasse,19,345577
2025-08-01T03:26:16.549464,Blériotgasse,19,346198
2025-08-01T03:26:16.549464,Blériotgasse,19,346572
2025-08-01T03:26:16.549464,Blériotgasse,19,347446
2025-08-01T03:26:16.549464,Blériotgasse,19,347441
2025-08-01T03:26:16.549464,Blériotgasse,19,347416
2025-08-01T03:26:16.549464,Blériotgasse,19,347399
2025-08-01T03:26:16.549464,Blériotgasse,19,347398
2025-08-01T03:26:16.549464,Blériotgasse,19,347190
2025-08-01T03:26:16.549464,Blériotgasse,19,347952
2025-08-01T03:26:16.549464,Blériotgasse,19,347903
2025-08-01T03:26:16.549464,Blériotgasse,19,347690
2025-08-01T03:26:16.549464,Blériotgasse,19,347555
2025-08-01T03:26:16.549464,Blériotgasse,19,347516
2025-08-01T03:26:16.549464,Blériotgasse,19,348659
2025-08-01T03:26:16.549464,Vetmed Haupteingang,8,346397
2025-08-01T03:26:16.549464,Vetmed Haupteingang,8,346108
2025-08-01T03:26:16.549464,Vetmed Haupteingang,8,346781
2025-08-01T03:26:16.549464,Vetmed Haupteingang,8,346583
2025-08-01T03:26:16.549464,Vetmed Haupteingang,8,347414
2025-08-01T03:26:16.549464,Vetmed Haupteingang,8,347848
2025-08-01T03:26:16.549464,Vetmed Haupteingang,8,348403
2025-08-01T03:26:16.549464,Vetmed Haupteingang,8,348040
2025-08-01T03:26:16.549464,Vetmed UB,8,346422
2025-08-01T03:26:16.549464,Vetmed UB,8,346256
2025-08-01T03:26:16.549464,Vetmed UB,8,346098
2025-08-01T03:26:16.549464,Vetmed UB,8,346741
2025-08-01T03:26:16.549464,Vetmed UB,8,348265
2025-08-01T03:26:16.549464,Vetmed UB,8,348093
2025-08-01T03:26:16.549464,Vetmed UB,8,348626
2025-08-01T03:26:16.549464,Vetmed UB,8,348596
2025-08-01T03:26:16.549464,Rebhanngasse / Nordbahnstrasse,14,345387
2025-08-01T03:26:16.549464,Rebhanngasse / Nordbahnstrasse,14,345950
2025-08-01T03:26:16.549464,Rebhanngasse / Nordbahnstrasse,14,346474
2025-08-01T03:26:16.549464,Rebhanngasse / Nordbahnstrasse,14,346427
2025-08-01T03:26:16.549464,Rebhanngasse / Nordbahnstrasse,14,346177
2025-08-01T03:26:16.549464,Rebhanngasse / Nordbahnstrasse,14,346868
2025-08-01T03:26:16.549464,Rebhanngasse / Nordbahnstrasse,14,346739
2025-08-01T03:26:16.549464,Rebhanngasse / Nordbahnstrasse,14,347395
2025-08-01T03:26:16.549464,Rebhanngasse / Nordbahnstrasse,14,347374
2025-08-01T03:26:16.549464,Rebhanngasse / Nordbahnstrasse,14,347236
2025-08-01T03:26:16.549464,Rebhanngasse / Nordbahnstrasse,14,348215
2025-08-01T03:26:16.549464,Rebhanngasse / Nordbahnstrasse,14,348080
2025-08-01T03:26:16.549464,Rebhanngasse / Nordbahnstrasse,14,348678
2025-08-01T03:26:16.549464,Rebhanngasse / Nordbahnstrasse,14,348917
2025-08-01T03:26:16.549464,Kultursommer25 - Atzgersdorf Stadtpark,13,345061
2025-08-01T03:26:16.549464,Kultursommer25 - Atzgersdorf Stadtpark,13,345995
2025-08-01T03:26:16.549464,Kultursommer25 - Atzgersdorf Stadtpark,13,345854
2025-08-01T03:26:16.549464,Kultursommer25 - Atzgersdorf Stadtpark,13,345552
2025-08-01T03:26:16.549464,Kultursommer25 - Atzgersdorf Stadtpark,13,346365
2025-08-01T03:26:16.549464,Kultursommer25 - Atzgersdorf Stadtpark,13,346333
2025-08-01T03:26:16.549464,Kultursommer25 - Atzgersdorf Stadtpark,13,346329
2025-08-01T03:26:16.549464,Kultursommer25 - Atzgersdorf Stadtpark,13,346054
2025-08-01T03:26:16.549464,Kultursommer25 - Atzgersdorf Stadtpark,13,346896
2025-08-01T03:26:16.549464,Kultursommer25 - Atzgersdorf Stadtpark,13,346870
2025-08-01T03:26:16.549464,Kultursommer25 - Atzgersdorf Stadtpark,13,347016
2025-08-01T03:26:16.549464,Kultursommer25 - Atzgersdorf Stadtpark,13,347638
2025-08-01T03:26:16.549464,Kultursommer25 - Atzgersdorf Stadtpark,13,348486
2025-08-01T03:26:16.549464,Kultursommer25 - Schrödingerplatz,8,345751
2025-08-01T03:26:16.549464,Kultursommer25 - Schrödingerplatz,8,346470
2025-08-01T03:26:16.549464,Kultursommer25 - Schrödingerplatz,8,346348
2025-08-01T03:26:16.549464,Kultursommer25 - Schrödingerplatz,8,347781
2025-08-01T03:26:16.549464,Kultursommer25 - Schrödingerplatz,8,347764
2025-08-01T03:26:16.549464,Kultursommer25 - Schrödingerplatz,8,348339
2025-08-01T03:26:16.549464,Kultursommer25 - Schrödingerplatz,8,348242
2025-08-01T03:26:16.549464,Kultursommer25 - Schrödingerplatz,8,348043
2025-08-01T03:26:16.549464,Karl Tornay Gasse ,12,345576
2025-08-01T03:26:16.549464,Karl Tornay Gasse ,12,345567
2025-08-01T03:26:16.549464,Karl Tornay Gasse ,12,345507
2025-08-01T03:26:16.549464,Karl Tornay Gasse ,12,346195
2025-08-01T03:26:16.549464,Karl Tornay Gasse ,12,346728
2025-08-01T03:26:16.549464,Karl Tornay Gasse ,12,346647
2025-08-01T03:26:16.549464,Karl Tornay Gasse ,12,347432
2025-08-01T03:26:16.549464,Karl Tornay Gasse ,12,347188
2025-08-01T03:26:16.549464,Karl Tornay Gasse ,12,347149
2025-08-01T03:26:16.549464,Karl Tornay Gasse ,12,347985
2025-08-01T03:26:16.549464,Karl Tornay Gasse ,12,347648
2025-08-01T03:26:16.549464,Karl Tornay Gasse ,12,348164
2025-08-01T03:26:16.549464,BIKE 348188,1,348188
2025-08-01T03:26:16.549464,BIKE 347945,1,347945
2025-08-01T03:26:16.549464,BIKE 347075,1,347075
2025-08-01T03:26:16.549464,BIKE 347304,1,347304
2025-08-01T03:26:16.549464,BIKE 345402,1,345402
2025-08-01T03:26:16.549464,BIKE 346847,1,346847
2025-08-01T03:26:16.549464,BIKE 345192,1,345192
2025-08-01T03:26:16.549464,BIKE 345811,1,345811
2025-08-01T03:26:16.549464,BIKE 345349,1,345349
2025-08-01T03:26:16.549464,BIKE 348042,1,348042
2025-08-01T03:26:16.549464,BIKE 345128,1,345128
2025-08-01T03:26:16.549464,BIKE 346366,1,346366
2025-08-01T03:26:16.549464,BIKE 345809,1,345809
2025-08-01T03:26:16.549464,BIKE 346748,1,346748
2025-08-01T03:26:16.549464,BIKE 346379,1,346379
2025-08-01T03:26:16.549464,BIKE 347854,1,347854
2025-08-01T03:26:16.549464,BIKE 347060,1,347060
2025-08-01T03:26:16.549464,BIKE 346322,1,346322
2025-08-01T03:26:16.549464,BIKE 347884,1,347884
2025-08-01T03:26:16.549464,BIKE 347845,1,347845
2025-08-01T03:26:16.549464,BIKE 347792,1,347792
2025-08-01T03:26:16.549464,BIKE 348096,1,348096
2025-08-01T03:26:16.549464,BIKE 346945,1,346945
2025-08-01T03:26:16.549464,BIKE 347703,1,347703
2025-08-01T03:26:16.549464,BIKE 348274,1,348274
2025-08-01T03:26:16.549464,BIKE 345154,1,345154
2025-08-01T03:26:16.549464,BIKE 347573,1,347573
2025-08-01T03:26:16.549464,BIKE 346982,1,346982
2025-08-01T03:26:16.549464,BIKE 346757,1,346757
2025-08-01T03:26:16.549464,BIKE 347282,1,347282
2025-08-01T03:26:16.549464,BIKE 346590,1,346590
2025-08-01T03:26:16.549464,BIKE 347286,1,347286
2025-08-01T03:26:16.549464,BIKE 348521,1,348521
2025-08-01T03:26:16.549464,BIKE 346941,1,346941
2025-08-01T03:26:16.549464,BIKE 346584,1,346584
2025-08-01T03:26:16.549464,BIKE 345141,1,345141
2025-08-01T03:26:16.549464,BIKE 398728,1,398728
2025-08-01T03:26:16.549464,BIKE 347786,1,347786
2025-08-01T03:26:16.549464,BIKE 347552,1,347552
2025-08-01T03:26:16.549464,BIKE 346326,1,346326
2025-08-01T03:26:16.549464,BIKE 345672,1,345672
2025-08-01T03:26:16.549464,BIKE 348704,1,348704
2025-08-01T03:26:16.549464,BIKE 347827,1,347827
2025-08-01T03:26:16.549464,BIKE 345859,1,345859
2025-08-01T03:26:16.549464,BIKE 346250,1,346250
2025-08-01T03:26:16.549464,BIKE 348052,1,348052
2025-08-01T03:26:16.549464,BIKE 345090,1,345090
2025-08-01T03:26:16.549464,BIKE 347920,1,347920
2025-08-01T03:26:16.549464,BIKE 345295,1,345295
2025-08-01T03:26:16.549464,BIKE 348604,1,348604
2025-08-01T03:26:16.549464,BIKE 347513,1,347513
2025-08-01T03:26:16.549464,BIKE 345301,1,345301
2025-08-01T03:26:16.549464,BIKE 346501,1,346501
2025-08-01T03:26:16.549464,BIKE 348698,1,348698
2025-08-01T03:26:16.549464,BIKE 348586,1,348586
2025-08-01T03:26:16.549464,BIKE 346564,1,346564
2025-08-01T03:26:16.549464,BIKE 345693,1,345693
2025-08-01T03:26:16.549464,BIKE 347771,1,347771
2025-08-01T03:26:16.549464,BIKE 348646,1,348646
2025-08-01T03:26:16.549464,BIKE 348700,1,348700
2025-08-01T03:26:16.549464,BIKE 345354,1,345354
2025-08-01T03:26:16.549464,BIKE 347782,1,347782
2025-08-01T03:26:16.549464,BIKE 348595,1,348595
2025-08-01T03:26:16.549464,BIKE 346094,1,346094
2025-08-01T03:26:16.549464,BIKE 348054,1,348054
2025-08-01T03:26:16.549464,BIKE 346799,1,346799
2025-08-01T03:26:16.549464,BIKE 347371,1,347371
2025-08-01T03:26:16.549464,BIKE 346657,1,346657
2025-08-01T03:26:16.549464,BIKE 346800,1,346800
2025-08-01T03:26:16.549464,BIKE 347115,1,347115
2025-08-01T03:26:16.549464,BIKE 346601,1,346601
2025-08-01T03:26:16.549464,BIKE 347249,1,347249
2025-08-01T03:26:16.549464,BIKE 347579,1,347579
2025-08-01T03:26:16.549464,BIKE 345546,1,345546
2025-08-01T03:26:16.549464,BIKE 346587,1,346587
2025-08-01T03:26:16.549464,BIKE 347878,1,347878
2025-08-01T03:26:16.549464,BIKE 346191,1,346191
2025-08-01T03:26:16.549464,BIKE 345200,1,345200
2025-08-01T03:26:16.549464,BIKE 348563,1,348563
2025-08-01T03:26:16.549464,BIKE 346922,1,346922
2025-08-01T03:26:16.549464,BIKE 346069,1,346069
2025-08-01T03:26:16.549464,BIKE 346294,1,346294
2025-08-01T03:26:16.549464,BIKE 347817,1,347817
2025-08-01T03:26:16.549464,BIKE 348533,1,348533
2025-08-01T03:26:16.549464,BIKE 348687,1,348687
2025-08-01T03:26:16.549464,BIKE 346343,1,346343
2025-08-01T03:26:16.549464,BIKE 347644,1,347644
2025-08-01T03:26:16.549464,BIKE 345742,1,345742
2025-08-01T03:26:16.549464,BIKE 348300,1,348300
2025-08-01T03:26:16.549464,BIKE 347694,1,347694
2025-08-01T03:26:16.549464,BIKE 347730,1,347730
2025-08-01T03:26:16.549464,BIKE 348323,1,348323
2025-08-01T03:26:16.549464,BIKE 346225,1,346225
2025-08-01T03:26:16.549464,BIKE 346075,1,346075
2025-08-01T03:26:16.549464,BIKE 346552,1,346552
2025-08-01T03:26:16.549464,BIKE 346594,1,346594
2025-08-01T03:26:16.549464,BIKE 347572,1,347572
2025-08-01T03:26:16.549464,BIKE 347052,1,347052
2025-08-01T03:26:16.549464,BIKE 346396,1,346396
2025-08-01T03:26:16.549464,BIKE 348048,1,348048
2025-08-01T03:26:16.549464,BIKE 347148,1,347148
2025-08-01T03:26:16.549464,BIKE 345398,1,345398
2025-08-01T03:26:16.549464,BIKE 345408,1,345408
2025-08-01T03:26:16.549464,BIKE 347279,1,347279
2025-08-01T03:26:16.549464,BIKE 346619,1,346619
2025-08-01T03:26:16.549464,BIKE 348947,1,348947
2025-08-01T03:26:16.549464,BIKE 347313,1,347313
2025-08-01T03:26:16.549464,BIKE 346853,1,346853
2025-08-01T03:26:16.549464,BIKE 345824,1,345824
2025-08-01T03:26:16.549464,BIKE 347134,1,347134
2025-08-01T03:26:16.549464,BIKE 345537,1,345537
2025-08-01T03:26:16.549464,BIKE 346729,1,346729
2025-08-01T03:26:16.549464,BIKE 345971,1,345971
2025-08-01T03:26:16.549464,BIKE 348953,1,348953
2025-08-01T03:26:16.549464,BIKE 348010,1,348010
2025-08-01T03:26:16.549464,BIKE 347550,1,347550
2025-08-01T03:26:16.549464,BIKE 346951,1,346951
2025-08-01T03:26:16.549464,BIKE 345817,1,345817
2025-08-01T03:26:16.549464,BIKE 345727,1,345727
2025-08-01T03:26:16.549464,BIKE 347977,1,347977
2025-08-01T03:26:16.549464,BIKE 347783,1,347783
2025-08-01T03:26:16.549464,BIKE 345529,1,345529
2025-08-01T03:26:16.549464,BIKE 347053,1,347053
2025-08-01T03:26:16.549464,BIKE 347795,1,347795
2025-08-01T03:26:16.549464,BIKE 345584,1,345584
2025-08-01T03:26:16.549464,BIKE 347589,1,347589
2025-08-01T03:26:16.549464,BIKE 345276,1,345276
2025-08-01T03:26:16.549464,BIKE 347222,1,347222
2025-08-01T03:26:16.549464,BIKE 348495,1,348495
2025-08-01T03:26:16.549464,BIKE 347294,1,347294
2025-08-01T03:26:16.549464,BIKE 345813,1,345813
2025-08-01T03:26:16.549464,BIKE 346934,1,346934
2025-08-01T03:26:16.549464,BIKE 348181,1,348181
2025-08-01T03:26:16.549464,BIKE 348923,1,348923
2025-08-01T03:26:16.549464,BIKE 346634,1,346634
2025-08-01T03:26:16.549464,BIKE 92411,1,92411
2025-08-01T03:26:16.549464,BIKE 348425,1,348425
2025-08-01T03:26:16.549464,BIKE 345279,1,345279
2025-08-01T03:26:16.549464,BIKE 345441,1,345441
2025-08-01T03:26:16.549464,BIKE 347823,1,347823
2025-08-01T03:26:16.549464,BIKE 347152,1,347152
2025-08-01T03:26:16.549464,BIKE 346623,1,346623
2025-08-01T03:26:16.549464,BIKE 348345,1,348345
2025-08-01T03:26:16.549464,BIKE 346630,1,346630
2025-08-01T03:26:16.549464,BIKE 348692,1,348692
2025-08-01T03:26:16.549464,BIKE 346544,1,346544
2025-08-01T03:26:16.549464,BIKE 345858,1,345858
2025-08-01T04:39:47.747684,Julius-Raab-Platz,2,347300
2025-08-01T04:39:47.747684,Julius-Raab-Platz,2,348871
2025-08-01T04:39:47.747684,Hoher Markt,21,345999
2025-08-01T04:39:47.747684,Hoher Markt,21,345951
2025-08-01T04:39:47.747684,Hoher Markt,21,345847
2025-08-01T04:39:47.747684,Hoher Markt,21,345739
2025-08-01T04:39:47.747684,Hoher Markt,21,346097
2025-08-01T04:39:47.747684,Hoher Markt,21,346946
2025-08-01T04:39:47.747684,Hoher Markt,21,346891
2025-08-01T04:39:47.747684,Hoher Markt,21,346839
2025-08-01T04:39:47.747684,Hoher Markt,21,346683
2025-08-01T04:39:47.747684,Hoher Markt,21,346562
2025-08-01T04:39:47.747684,Hoher Markt,21,346525
2025-08-01T04:39:47.747684,Hoher Markt,21,347428
2025-08-01T04:39:47.747684,Hoher Markt,21,347384
2025-08-01T04:39:47.747684,Hoher Markt,21,347042
2025-08-01T04:39:47.747684,Hoher Markt,21,347852
2025-08-01T04:39:47.747684,Hoher Markt,21,347774
2025-08-01T04:39:47.747684,Hoher Markt,21,347594
2025-08-01T04:39:47.747684,Hoher Markt,21,348295
2025-08-01T04:39:47.747684,Hoher Markt,21,348175
2025-08-01T04:39:47.747684,Hoher Markt,21,348152
2025-08-01T04:39:47.747684,Hoher Markt,21,348106
2025-08-01T04:39:47.747684,Oper,17,345328
2025-08-01T04:39:47.747684,Oper,17,345314
2025-08-01T04:39:47.747684,Oper,17,345215
2025-08-01T04:39:47.747684,Oper,17,345023
2025-08-01T04:39:47.747684,Oper,17,345003
2025-08-01T04:39:47.747684,Oper,17,345639
2025-08-01T04:39:47.747684,Oper,17,345535
2025-08-01T04:39:47.747684,Oper,17,346447
2025-08-01T04:39:47.747684,Oper,17,346387
2025-08-01T04:39:47.747684,Oper,17,346962
2025-08-01T04:39:47.747684,Oper,17,346754
2025-08-01T04:39:47.747684,Oper,17,346678
2025-08-01T04:39:47.747684,Oper,17,346667
2025-08-01T04:39:47.747684,Oper,17,347921
2025-08-01T04:39:47.747684,Oper,17,347905
2025-08-01T04:39:47.747684,Oper,17,348477
2025-08-01T04:39:47.747684,Oper,17,348667
2025-08-01T04:39:47.747684,Stephansplatz U,4,346010
2025-08-01T04:39:47.747684,Stephansplatz U,4,346810
2025-08-01T04:39:47.747684,Stephansplatz U,4,347710
2025-08-01T04:39:47.747684,Stephansplatz U,4,348574
2025-08-01T04:39:47.747684,Taborstraße U,13,345334
2025-08-01T04:39:47.747684,Taborstraße U,13,345047
2025-08-01T04:39:47.747684,Taborstraße U,13,346492
2025-08-01T04:39:47.747684,Taborstraße U,13,346182
2025-08-01T04:39:47.747684,Taborstraße U,13,346105
2025-08-01T04:39:47.747684,Taborstraße U,13,346907
2025-08-01T04:39:47.747684,Taborstraße U,13,346545
2025-08-01T04:39:47.747684,Taborstraße U,13,347387
2025-08-01T04:39:47.747684,Taborstraße U,13,347183
2025-08-01T04:39:47.747684,Taborstraße U,13,347930
2025-08-01T04:39:47.747684,Taborstraße U,13,348466
2025-08-01T04:39:47.747684,Taborstraße U,13,348370
2025-08-01T04:39:47.747684,Taborstraße U,13,348116
2025-08-01T04:39:47.747684,WU-Campus / Südportalstraße ,17,345392
2025-08-01T04:39:47.747684,WU-Campus / Südportalstraße ,17,345151
2025-08-01T04:39:47.747684,WU-Campus / Südportalstraße ,17,345018
2025-08-01T04:39:47.747684,WU-Campus / Südportalstraße ,17,345017
2025-08-01T04:39:47.747684,WU-Campus / Südportalstraße ,17,345939
2025-08-01T04:39:47.747684,WU-Campus / Südportalstraße ,17,345911
2025-08-01T04:39:47.747684,WU-Campus / Südportalstraße ,17,346404
2025-08-01T04:39:47.747684,WU-Campus / Südportalstraße ,17,346713
2025-08-01T04:39:47.747684,WU-Campus / Südportalstraße ,17,347173
2025-08-01T04:39:47.747684,WU-Campus / Südportalstraße ,17,347116
2025-08-01T04:39:47.747684,WU-Campus / Südportalstraße ,17,347067
2025-08-01T04:39:47.747684,WU-Campus / Südportalstraße ,17,347038
2025-08-01T04:39:47.747684,WU-Campus / Südportalstraße ,17,347968
2025-08-01T04:39:47.747684,WU-Campus / Südportalstraße ,17,347798
2025-08-01T04:39:47.747684,WU-Campus / Südportalstraße ,17,348434
2025-08-01T04:39:47.747684,WU-Campus / Südportalstraße ,17,348197
2025-08-01T04:39:47.747684,WU-Campus / Südportalstraße ,17,348144
2025-08-01T04:39:47.747684,Radetzkyplatz,22,345248
2025-08-01T04:39:47.747684,Radetzkyplatz,22,345220
2025-08-01T04:39:47.747684,Radetzkyplatz,22,345155
2025-08-01T04:39:47.747684,Radetzkyplatz,22,345014
2025-08-01T04:39:47.747684,Radetzkyplatz,22,345676
2025-08-01T04:39:47.747684,Radetzkyplatz,22,345517
2025-08-01T04:39:47.747684,Radetzkyplatz,22,346822
2025-08-01T04:39:47.747684,Radetzkyplatz,22,346806
2025-08-01T04:39:47.747684,Radetzkyplatz,22,346798
2025-08-01T04:39:47.747684,Radetzkyplatz,22,346691
2025-08-01T04:39:47.747684,Radetzkyplatz,22,346579
2025-08-01T04:39:47.747684,Radetzkyplatz,22,347336
2025-08-01T04:39:47.747684,Radetzkyplatz,22,347201
2025-08-01T04:39:47.747684,Radetzkyplatz,22,347974
2025-08-01T04:39:47.747684,Radetzkyplatz,22,347942
2025-08-01T04:39:47.747684,Radetzkyplatz,22,347941
2025-08-01T04:39:47.747684,Radetzkyplatz,22,347910
2025-08-01T04:39:47.747684,Radetzkyplatz,22,347881
2025-08-01T04:39:47.747684,Radetzkyplatz,22,347760
2025-08-01T04:39:47.747684,Radetzkyplatz,22,348498
2025-08-01T04:39:47.747684,Radetzkyplatz,22,348378
2025-08-01T04:39:47.747684,Radetzkyplatz,22,348096
2025-08-01T04:39:47.747684,Bahngasse / mdw-University of Music and Performing Arts,4,345478
2025-08-01T04:39:47.747684,Bahngasse / mdw-University of Music and Performing Arts,4,346272
2025-08-01T04:39:47.747684,Bahngasse / mdw-University of Music and Performing Arts,4,347914
2025-08-01T04:39:47.747684,Bahngasse / mdw-University of Music and Performing Arts,4,347539
2025-08-01T04:39:47.747684,Erdberg U,10,345185
2025-08-01T04:39:47.747684,Erdberg U,10,345127
2025-08-01T04:39:47.747684,Erdberg U,10,345972
2025-08-01T04:39:47.747684,Erdberg U,10,345927
2025-08-01T04:39:47.747684,Erdberg U,10,345819
2025-08-01T04:39:47.747684,Erdberg U,10,347270
2025-08-01T04:39:47.747684,Erdberg U,10,347246
2025-08-01T04:39:47.747684,Erdberg U,10,347983
2025-08-01T04:39:47.747684,Erdberg U,10,347724
2025-08-01T04:39:47.747684,Erdberg U,10,348576
2025-08-01T04:39:47.747684,Media Quarter Marx,38,345411
2025-08-01T04:39:47.747684,Media Quarter Marx,38,345262
2025-08-01T04:39:47.747684,Media Quarter Marx,38,345149
2025-08-01T04:39:47.747684,Media Quarter Marx,38,345065
2025-08-01T04:39:47.747684,Media Quarter Marx,38,345954
2025-08-01T04:39:47.747684,Media Quarter Marx,38,345873
2025-08-01T04:39:47.747684,Media Quarter Marx,38,345801
2025-08-01T04:39:47.747684,Media Quarter Marx,38,345799
2025-08-01T04:39:47.747684,Media Quarter Marx,38,346426
2025-08-01T04:39:47.747684,Media Quarter Marx,38,346295
2025-08-01T04:39:47.747684,Media Quarter Marx,38,346290
2025-08-01T04:39:47.747684,Media Quarter Marx,38,346255
2025-08-01T04:39:47.747684,Media Quarter Marx,38,346185
2025-08-01T04:39:47.747684,Media Quarter Marx,38,346127
2025-08-01T04:39:47.747684,Media Quarter Marx,38,346066
2025-08-01T04:39:47.747684,Media Quarter Marx,38,346046
2025-08-01T04:39:47.747684,Media Quarter Marx,38,346973
2025-08-01T04:39:47.747684,Media Quarter Marx,38,346762
2025-08-01T04:39:47.747684,Media Quarter Marx,38,346703
2025-08-01T04:39:47.747684,Media Quarter Marx,38,347471
2025-08-01T04:39:47.747684,Media Quarter Marx,38,347373
2025-08-01T04:39:47.747684,Media Quarter Marx,38,347367
2025-08-01T04:39:47.747684,Media Quarter Marx,38,347318
2025-08-01T04:39:47.747684,Media Quarter Marx,38,347315
2025-08-01T04:39:47.747684,Media Quarter Marx,38,347303
2025-08-01T04:39:47.747684,Media Quarter Marx,38,347174
2025-08-01T04:39:47.747684,Media Quarter Marx,38,347853
2025-08-01T04:39:47.747684,Media Quarter Marx,38,347560
2025-08-01T04:39:47.747684,Media Quarter Marx,38,348396
2025-08-01T04:39:47.747684,Media Quarter Marx,38,348357
2025-08-01T04:39:47.747684,Media Quarter Marx,38,348320
2025-08-01T04:39:47.747684,Media Quarter Marx,38,348236
2025-08-01T04:39:47.747684,Media Quarter Marx,38,348104
2025-08-01T04:39:47.747684,Media Quarter Marx,38,348097
2025-08-01T04:39:47.747684,Media Quarter Marx,38,348068
2025-08-01T04:39:47.747684,Media Quarter Marx,38,348065
2025-08-01T04:39:47.747684,Media Quarter Marx,38,348062
2025-08-01T04:39:47.747684,Media Quarter Marx,38,348632
2025-08-01T04:39:47.747684,Rennweg S,11,345298
2025-08-01T04:39:47.747684,Rennweg S,11,345099
2025-08-01T04:39:47.747684,Rennweg S,11,345743
2025-08-01T04:39:47.747684,Rennweg S,11,346486
2025-08-01T04:39:47.747684,Rennweg S,11,346125
2025-08-01T04:39:47.747684,Rennweg S,11,346997
2025-08-01T04:39:47.747684,Rennweg S,11,347742
2025-08-01T04:39:47.747684,Rennweg S,11,347603
2025-08-01T04:39:47.747684,Rennweg S,11,348400
2025-08-01T04:39:47.747684,Rennweg S,11,348160
2025-08-01T04:39:47.747684,Rennweg S,11,348529
2025-08-01T04:39:47.747684,Rochusmarkt,16,345493
2025-08-01T04:39:47.747684,Rochusmarkt,16,345259
2025-08-01T04:39:47.747684,Rochusmarkt,16,345568
2025-08-01T04:39:47.747684,Rochusmarkt,16,347339
2025-08-01T04:39:47.747684,Rochusmarkt,16,347165
2025-08-01T04:39:47.747684,Rochusmarkt,16,347158
2025-08-01T04:39:47.747684,Rochusmarkt,16,347029
2025-08-01T04:39:47.747684,Rochusmarkt,16,347992
2025-08-01T04:39:47.747684,Rochusmarkt,16,347944
2025-08-01T04:39:47.747684,Rochusmarkt,16,347838
2025-08-01T04:39:47.747684,Rochusmarkt,16,348494
2025-08-01T04:39:47.747684,Rochusmarkt,16,348283
2025-08-01T04:39:47.747684,Rochusmarkt,16,348128
2025-08-01T04:39:47.747684,Rochusmarkt,16,348121
2025-08-01T04:39:47.747684,Rochusmarkt,16,348034
2025-08-01T04:39:47.747684,Rochusmarkt,16,348545
2025-08-01T04:39:47.747684,Schwarzenbergplatz,1,345604
2025-08-01T04:39:47.747684,Heumühlgasse,3,345477
2025-08-01T04:39:47.747684,Heumühlgasse,3,346137
2025-08-01T04:39:47.747684,Heumühlgasse,3,348518
2025-08-01T04:39:47.747684,Margaretengürtel U,13,345221
2025-08-01T04:39:47.747684,Margaretengürtel U,13,345871
2025-08-01T04:39:47.747684,Margaretengürtel U,13,346493
2025-08-01T04:39:47.747684,Margaretengürtel U,13,346186
2025-08-01T04:39:47.747684,Margaretengürtel U,13,346817
2025-08-01T04:39:47.747684,Margaretengürtel U,13,346559
2025-08-01T04:39:47.747684,Margaretengürtel U,13,347386
2025-08-01T04:39:47.747684,Margaretengürtel U,13,347114
2025-08-01T04:39:47.747684,Margaretengürtel U,13,347108
2025-08-01T04:39:47.747684,Margaretengürtel U,13,347938
2025-08-01T04:39:47.747684,Margaretengürtel U,13,347561
2025-08-01T04:39:47.747684,Margaretengürtel U,13,348424
2025-08-01T04:39:47.747684,Margaretengürtel U,13,348069
2025-08-01T04:39:47.747684,Mittersteig,36,345494
2025-08-01T04:39:47.747684,Mittersteig,36,345476
2025-08-01T04:39:47.747684,Mittersteig,36,345375
2025-08-01T04:39:47.747684,Mittersteig,36,345350
2025-08-01T04:39:47.747684,Mittersteig,36,345137
2025-08-01T04:39:47.747684,Mittersteig,36,345834
2025-08-01T04:39:47.747684,Mittersteig,36,345686
2025-08-01T04:39:47.747684,Mittersteig,36,346477
2025-08-01T04:39:47.747684,Mittersteig,36,346433
2025-08-01T04:39:47.747684,Mittersteig,36,346309
2025-08-01T04:39:47.747684,Mittersteig,36,346202
2025-08-01T04:39:47.747684,Mittersteig,36,346174
2025-08-01T04:39:47.747684,Mittersteig,36,346035
2025-08-01T04:39:47.747684,Mittersteig,36,346874
2025-08-01T04:39:47.747684,Mittersteig,36,346775
2025-08-01T04:39:47.747684,Mittersteig,36,346701
2025-08-01T04:39:47.747684,Mittersteig,36,346636
2025-08-01T04:39:47.747684,Mittersteig,36,346635
2025-08-01T04:39:47.747684,Mittersteig,36,346570
2025-08-01T04:39:47.747684,Mittersteig,36,346541
2025-08-01T04:39:47.747684,Mittersteig,36,347079
2025-08-01T04:39:47.747684,Mittersteig,36,347057
2025-08-01T04:39:47.747684,Mittersteig,36,347909
2025-08-01T04:39:47.747684,Mittersteig,36,347754
2025-08-01T04:39:47.747684,Mittersteig,36,347592
2025-08-01T04:39:47.747684,Mittersteig,36,348428
2025-08-01T04:39:47.747684,Mittersteig,36,348409
2025-08-01T04:39:47.747684,Mittersteig,36,348343
2025-08-01T04:39:47.747684,Mittersteig,36,348317
2025-08-01T04:39:47.747684,Mittersteig,36,348206
2025-08-01T04:39:47.747684,Mittersteig,36,348039
2025-08-01T04:39:47.747684,Mittersteig,36,348703
2025-08-01T04:39:47.747684,Mittersteig,36,348660
2025-08-01T04:39:47.747684,Mittersteig,36,348565
2025-08-01T04:39:47.747684,Mittersteig,36,348557
2025-08-01T04:39:47.747684,Mittersteig,36,348515
2025-08-01T04:39:47.747684,Ceija-Stojka-Platz,1,346456
2025-08-01T04:39:47.747684,Zieglergasse U,5,345335
2025-08-01T04:39:47.747684,Zieglergasse U,5,345892
2025-08-01T04:39:47.747684,Zieglergasse U,5,345867
2025-08-01T04:39:47.747684,Zieglergasse U,5,345573
2025-08-01T04:39:47.747684,Zieglergasse U,5,346297
2025-08-01T04:39:47.747684,Berggasse,6,345086
2025-08-01T04:39:47.747684,Berggasse,6,345975
2025-08-01T04:39:47.747684,Berggasse,6,345559
2025-08-01T04:39:47.747684,Berggasse,6,345502
2025-08-01T04:39:47.747684,Berggasse,6,346687
2025-08-01T04:39:47.747684,Berggasse,6,346568
2025-08-01T04:39:47.747684,Frankhplatz,6,345499
2025-08-01T04:39:47.747684,Frankhplatz,6,345943
2025-08-01T04:39:47.747684,Frankhplatz,6,345506
2025-08-01T04:39:47.747684,Frankhplatz,6,346576
2025-08-01T04:39:47.747684,Frankhplatz,6,348394
2025-08-01T04:39:47.747684,Frankhplatz,6,348213
2025-08-01T04:39:47.747684,Friedensbrücke U,20,345356
2025-08-01T04:39:47.747684,Friedensbrücke U,20,345292
2025-08-01T04:39:47.747684,Friedensbrücke U,20,345121
2025-08-01T04:39:47.747684,Friedensbrücke U,20,345706
2025-08-01T04:39:47.747684,Friedensbrücke U,20,345649
2025-08-01T04:39:47.747684,Friedensbrücke U,20,346444
2025-08-01T04:39:47.747684,Friedensbrücke U,20,346083
2025-08-01T04:39:47.747684,Friedensbrücke U,20,346014
2025-08-01T04:39:47.747684,Friedensbrücke U,20,346813
2025-08-01T04:39:47.747684,Friedensbrücke U,20,346730
2025-08-01T04:39:47.747684,Friedensbrücke U,20,346644
2025-08-01T04:39:47.747684,Friedensbrücke U,20,346565
2025-08-01T04:39:47.747684,Friedensbrücke U,20,347151
2025-08-01T04:39:47.747684,Friedensbrücke U,20,347847
2025-08-01T04:39:47.747684,Friedensbrücke U,20,347655
2025-08-01T04:39:47.747684,Friedensbrücke U,20,347639
2025-08-01T04:39:47.747684,Friedensbrücke U,20,347628
2025-08-01T04:39:47.747684,Friedensbrücke U,20,347503
2025-08-01T04:39:47.747684,Friedensbrücke U,20,348406
2025-08-01T04:39:47.747684,Friedensbrücke U,20,348259
2025-08-01T04:39:47.747684,Spittelau S U,17,345673
2025-08-01T04:39:47.747684,Spittelau S U,17,345597
2025-08-01T04:39:47.747684,Spittelau S U,17,346469
2025-08-01T04:39:47.747684,Spittelau S U,17,346226
2025-08-01T04:39:47.747684,Spittelau S U,17,346150
2025-08-01T04:39:47.747684,Spittelau S U,17,346144
2025-08-01T04:39:47.747684,Spittelau S U,17,347275
2025-08-01T04:39:47.747684,Spittelau S U,17,347215
2025-08-01T04:39:47.747684,Spittelau S U,17,347171
2025-08-01T04:39:47.747684,Spittelau S U,17,347037
2025-08-01T04:39:47.747684,Spittelau S U,17,347708
2025-08-01T04:39:47.747684,Spittelau S U,17,347662
2025-08-01T04:39:47.747684,Spittelau S U,17,347520
2025-08-01T04:39:47.747684,Spittelau S U,17,348218
2025-08-01T04:39:47.747684,Spittelau S U,17,348165
2025-08-01T04:39:47.747684,Spittelau S U,17,348146
2025-08-01T04:39:47.747684,Spittelau S U,17,348571
2025-08-01T04:39:47.747684,Absbergbrücke / Alfred-Böhm-Park,2,345710
2025-08-01T04:39:47.747684,Absbergbrücke / Alfred-Böhm-Park,2,346485
2025-08-01T04:39:47.747684,Altes Landgut U,1,345555
2025-08-01T04:39:47.747684,Bloch-Bauer-Promenade,5,347326
2025-08-01T04:39:47.747684,Bloch-Bauer-Promenade,5,347226
2025-08-01T04:39:47.747684,Bloch-Bauer-Promenade,5,347071
2025-08-01T04:39:47.747684,Bloch-Bauer-Promenade,5,347519
2025-08-01T04:39:47.747684,Bloch-Bauer-Promenade,5,348680
2025-08-01T04:39:47.747684,Hauptbahnhof S U ,34,345449
2025-08-01T04:39:47.747684,Hauptbahnhof S U ,34,345308
2025-08-01T04:39:47.747684,Hauptbahnhof S U ,34,345114
2025-08-01T04:39:47.747684,Hauptbahnhof S U ,34,345050
2025-08-01T04:39:47.747684,Hauptbahnhof S U ,34,345986
2025-08-01T04:39:47.747684,Hauptbahnhof S U ,34,345611
2025-08-01T04:39:47.747684,Hauptbahnhof S U ,34,345539
2025-08-01T04:39:47.747684,Hauptbahnhof S U ,34,346489
2025-08-01T04:39:47.747684,Hauptbahnhof S U ,34,346298
2025-08-01T04:39:47.747684,Hauptbahnhof S U ,34,346264
2025-08-01T04:39:47.747684,Hauptbahnhof S U ,34,346238
2025-08-01T04:39:47.747684,Hauptbahnhof S U ,34,346955
2025-08-01T04:39:47.747684,Hauptbahnhof S U ,34,346894
2025-08-01T04:39:47.747684,Hauptbahnhof S U ,34,346842
2025-08-01T04:39:47.747684,Hauptbahnhof S U ,34,346566
2025-08-01T04:39:47.747684,Hauptbahnhof S U ,34,346553
2025-08-01T04:39:47.747684,Hauptbahnhof S U ,34,347454
2025-08-01T04:39:47.747684,Hauptbahnhof S U ,34,347345
2025-08-01T04:39:47.747684,Hauptbahnhof S U ,34,347211
2025-08-01T04:39:47.747684,Hauptbahnhof S U ,34,347048
2025-08-01T04:39:47.747684,Hauptbahnhof S U ,34,347001
2025-08-01T04:39:47.747684,Hauptbahnhof S U ,34,347997
2025-08-01T04:39:47.747684,Hauptbahnhof S U ,34,347501
2025-08-01T04:39:47.747684,Hauptbahnhof S U ,34,348356
2025-08-01T04:39:47.747684,Hauptbahnhof S U ,34,348289
2025-08-01T04:39:47.747684,Hauptbahnhof S U ,34,348279
2025-08-01T04:39:47.747684,Hauptbahnhof S U ,34,348189
2025-08-01T04:39:47.747684,Hauptbahnhof S U ,34,348187
2025-08-01T04:39:47.747684,Hauptbahnhof S U ,34,348168
2025-08-01T04:39:47.747684,Hauptbahnhof S U ,34,348089
2025-08-01T04:39:47.747684,Hauptbahnhof S U ,34,348572
2025-08-01T04:39:47.747684,Hauptbahnhof S U ,34,348532
2025-08-01T04:39:47.747684,Hauptbahnhof S U ,34,398740
2025-08-01T04:39:47.747684,Hauptbahnhof S U ,34,398739
2025-08-01T04:39:47.747684,Keplerplatz U,6,346484
2025-08-01T04:39:47.747684,Keplerplatz U,6,346216
2025-08-01T04:39:47.747684,Keplerplatz U,6,346987
2025-08-01T04:39:47.747684,Keplerplatz U,6,346528
2025-08-01T04:39:47.747684,Keplerplatz U,6,347620
2025-08-01T04:39:47.747684,Keplerplatz U,6,348555
2025-08-01T04:39:47.747684,Absberggasse,2,346510
2025-08-01T04:39:47.747684,Absberggasse,2,347794
2025-08-01T04:39:47.747684,Enkplatz U,12,345052
2025-08-01T04:39:47.747684,Enkplatz U,12,345594
2025-08-01T04:39:47.747684,Enkplatz U,12,346990
2025-08-01T04:39:47.747684,Enkplatz U,12,346978
2025-08-01T04:39:47.747684,Enkplatz U,12,346567
2025-08-01T04:39:47.747684,Enkplatz U,12,346533
2025-08-01T04:39:47.747684,Enkplatz U,12,346508
2025-08-01T04:39:47.747684,Enkplatz U,12,347019
2025-08-01T04:39:47.747684,Enkplatz U,12,347895
2025-08-01T04:39:47.747684,Enkplatz U,12,348411
2025-08-01T04:39:47.747684,Enkplatz U,12,348677
2025-08-01T04:39:47.747684,Enkplatz U,12,348561
2025-08-01T04:39:47.747684,Gasometer U,13,345132
2025-08-01T04:39:47.747684,Gasometer U,13,345032
2025-08-01T04:39:47.747684,Gasometer U,13,345804
2025-08-01T04:39:47.747684,Gasometer U,13,345763
2025-08-01T04:39:47.747684,Gasometer U,13,345640
2025-08-01T04:39:47.747684,Gasometer U,13,345615
2025-08-01T04:39:47.747684,Gasometer U,13,346351
2025-08-01T04:39:47.747684,Gasometer U,13,346696
2025-08-01T04:39:47.747684,Gasometer U,13,347900
2025-08-01T04:39:47.747684,Gasometer U,13,348229
2025-08-01T04:39:47.747684,Gasometer U,13,348179
2025-08-01T04:39:47.747684,Gasometer U,13,348167
2025-08-01T04:39:47.747684,Gasometer U,13,348046
2025-08-01T04:39:47.747684,Geiselbergstraße S,5,345660
2025-08-01T04:39:47.747684,Geiselbergstraße S,5,346455
2025-08-01T04:39:47.747684,Geiselbergstraße S,5,346423
2025-08-01T04:39:47.747684,Geiselbergstraße S,5,346931
2025-08-01T04:39:47.747684,Geiselbergstraße S,5,347418
2025-08-01T04:39:47.747684,Simmering S U,2,345293
2025-08-01T04:39:47.747684,Simmering S U,2,348514
2025-08-01T04:39:47.747684,Niederhofstraße U,23,345456
2025-08-01T04:39:47.747684,Niederhofstraße U,23,345434
2025-08-01T04:39:47.747684,Niederhofstraße U,23,345394
2025-08-01T04:39:47.747684,Niederhofstraße U,23,345224
2025-08-01T04:39:47.747684,Niederhofstraße U,23,345767
2025-08-01T04:39:47.747684,Niederhofstraße U,23,345629
2025-08-01T04:39:47.747684,Niederhofstraße U,23,345616
2025-08-01T04:39:47.747684,Niederhofstraße U,23,346165
2025-08-01T04:39:47.747684,Niederhofstraße U,23,346893
2025-08-01T04:39:47.747684,Niederhofstraße U,23,346824
2025-08-01T04:39:47.747684,Niederhofstraße U,23,346783
2025-08-01T04:39:47.747684,Niederhofstraße U,23,346736
2025-08-01T04:39:47.747684,Niederhofstraße U,23,346554
2025-08-01T04:39:47.747684,Niederhofstraße U,23,347265
2025-08-01T04:39:47.747684,Niederhofstraße U,23,347232
2025-08-01T04:39:47.747684,Niederhofstraße U,23,347106
2025-08-01T04:39:47.747684,Niederhofstraße U,23,347994
2025-08-01T04:39:47.747684,Niederhofstraße U,23,347737
2025-08-01T04:39:47.747684,Niederhofstraße U,23,347583
2025-08-01T04:39:47.747684,Niederhofstraße U,23,347522
2025-08-01T04:39:47.747684,Niederhofstraße U,23,348287
2025-08-01T04:39:47.747684,Niederhofstraße U,23,348081
2025-08-01T04:39:47.747684,Niederhofstraße U,23,348073
2025-08-01T04:39:47.747684,Hietzing U,25,345393
2025-08-01T04:39:47.747684,Hietzing U,25,345297
2025-08-01T04:39:47.747684,Hietzing U,25,345059
2025-08-01T04:39:47.747684,Hietzing U,25,345038
2025-08-01T04:39:47.747684,Hietzing U,25,345937
2025-08-01T04:39:47.747684,Hietzing U,25,345698
2025-08-01T04:39:47.747684,Hietzing U,25,345655
2025-08-01T04:39:47.747684,Hietzing U,25,345566
2025-08-01T04:39:47.747684,Hietzing U,25,345515
2025-08-01T04:39:47.747684,Hietzing U,25,346407
2025-08-01T04:39:47.747684,Hietzing U,25,346273
2025-08-01T04:39:47.747684,Hietzing U,25,346251
2025-08-01T04:39:47.747684,Hietzing U,25,346138
2025-08-01T04:39:47.747684,Hietzing U,25,346134
2025-08-01T04:39:47.747684,Hietzing U,25,346768
2025-08-01T04:39:47.747684,Hietzing U,25,347421
2025-08-01T04:39:47.747684,Hietzing U,25,347408
2025-08-01T04:39:47.747684,Hietzing U,25,347167
2025-08-01T04:39:47.747684,Hietzing U,25,347124
2025-08-01T04:39:47.747684,Hietzing U,25,347927
2025-08-01T04:39:47.747684,Hietzing U,25,347773
2025-08-01T04:39:47.747684,Hietzing U,25,347605
2025-08-01T04:39:47.747684,Hietzing U,25,347548
2025-08-01T04:39:47.747684,Hietzing U,25,348420
2025-08-01T04:39:47.747684,Hietzing U,25,348304
2025-08-01T04:39:47.747684,Westbahnhof S U,31,345497
2025-08-01T04:39:47.747684,Westbahnhof S U,31,345244
2025-08-01T04:39:47.747684,Westbahnhof S U,31,345175
2025-08-01T04:39:47.747684,Westbahnhof S U,31,345798
2025-08-01T04:39:47.747684,Westbahnhof S U,31,345797
2025-08-01T04:39:47.747684,Westbahnhof S U,31,345690
2025-08-01T04:39:47.747684,Westbahnhof S U,31,345659
2025-08-01T04:39:47.747684,Westbahnhof S U,31,345540
2025-08-01T04:39:47.747684,Westbahnhof S U,31,345536
2025-08-01T04:39:47.747684,Westbahnhof S U,31,346479
2025-08-01T04:39:47.747684,Westbahnhof S U,31,346352
2025-08-01T04:39:47.747684,Westbahnhof S U,31,346070
2025-08-01T04:39:47.747684,Westbahnhof S U,31,346029
2025-08-01T04:39:47.747684,Westbahnhof S U,31,346936
2025-08-01T04:39:47.747684,Westbahnhof S U,31,346920
2025-08-01T04:39:47.747684,Westbahnhof S U,31,346880
2025-08-01T04:39:47.747684,Westbahnhof S U,31,346782
2025-08-01T04:39:47.747684,Westbahnhof S U,31,346734
2025-08-01T04:39:47.747684,Westbahnhof S U,31,346638
2025-08-01T04:39:47.747684,Westbahnhof S U,31,347233
2025-08-01T04:39:47.747684,Westbahnhof S U,31,347026
2025-08-01T04:39:47.747684,Westbahnhof S U,31,347714
2025-08-01T04:39:47.747684,Westbahnhof S U,31,347705
2025-08-01T04:39:47.747684,Westbahnhof S U,31,347663
2025-08-01T04:39:47.747684,Westbahnhof S U,31,347626
2025-08-01T04:39:47.747684,Westbahnhof S U,31,348416
2025-08-01T04:39:47.747684,Westbahnhof S U,31,348369
2025-08-01T04:39:47.747684,Westbahnhof S U,31,348228
2025-08-01T04:39:47.747684,Westbahnhof S U,31,348157
2025-08-01T04:39:47.747684,Westbahnhof S U,31,348056
2025-08-01T04:39:47.747684,Westbahnhof S U,31,348639
2025-08-01T04:39:47.747684,Richard-Wagner-Platz,17,345465
2025-08-01T04:39:47.747684,Richard-Wagner-Platz,17,345810
2025-08-01T04:39:47.747684,Richard-Wagner-Platz,17,345523
2025-08-01T04:39:47.747684,Richard-Wagner-Platz,17,346380
2025-08-01T04:39:47.747684,Richard-Wagner-Platz,17,346203
2025-08-01T04:39:47.747684,Richard-Wagner-Platz,17,346133
2025-08-01T04:39:47.747684,Richard-Wagner-Platz,17,346915
2025-08-01T04:39:47.747684,Richard-Wagner-Platz,17,346721
2025-08-01T04:39:47.747684,Richard-Wagner-Platz,17,347476
2025-08-01T04:39:47.747684,Richard-Wagner-Platz,17,347360
2025-08-01T04:39:47.747684,Richard-Wagner-Platz,17,347353
2025-08-01T04:39:47.747684,Richard-Wagner-Platz,17,347319
2025-08-01T04:39:47.747684,Richard-Wagner-Platz,17,347217
2025-08-01T04:39:47.747684,Richard-Wagner-Platz,17,347882
2025-08-01T04:39:47.747684,Richard-Wagner-Platz,17,347749
2025-08-01T04:39:47.747684,Richard-Wagner-Platz,17,348371
2025-08-01T04:39:47.747684,Richard-Wagner-Platz,17,348087
2025-08-01T04:39:47.747684,Alser Straße U,2,346036
2025-08-01T04:39:47.747684,Alser Straße U,2,347765
2025-08-01T04:39:47.747684,Währinger Straße U,13,345807
2025-08-01T04:39:47.747684,Währinger Straße U,13,345783
2025-08-01T04:39:47.747684,Währinger Straße U,13,345770
2025-08-01T04:39:47.747684,Währinger Straße U,13,345586
2025-08-01T04:39:47.747684,Währinger Straße U,13,345510
2025-08-01T04:39:47.747684,Währinger Straße U,13,346032
2025-08-01T04:39:47.747684,Währinger Straße U,13,346965
2025-08-01T04:39:47.747684,Währinger Straße U,13,346898
2025-08-01T04:39:47.747684,Währinger Straße U,13,346787
2025-08-01T04:39:47.747684,Währinger Straße U,13,346710
2025-08-01T04:39:47.747684,Währinger Straße U,13,347099
2025-08-01T04:39:47.747684,Währinger Straße U,13,348025
2025-08-01T04:39:47.747684,Währinger Straße U,13,348007
2025-08-01T04:39:47.747684,Gymnasiumstraße,12,345157
2025-08-01T04:39:47.747684,Gymnasiumstraße,12,345680
2025-08-01T04:39:47.747684,Gymnasiumstraße,12,346779
2025-08-01T04:39:47.747684,Gymnasiumstraße,12,346538
2025-08-01T04:39:47.747684,Gymnasiumstraße,12,347377
2025-08-01T04:39:47.747684,Gymnasiumstraße,12,347375
2025-08-01T04:39:47.747684,Gymnasiumstraße,12,347340
2025-08-01T04:39:47.747684,Gymnasiumstraße,12,347266
2025-08-01T04:39:47.747684,Gymnasiumstraße,12,347204
2025-08-01T04:39:47.747684,Gymnasiumstraße,12,347197
2025-08-01T04:39:47.747684,Gymnasiumstraße,12,347549
2025-08-01T04:39:47.747684,Gymnasiumstraße,12,348338
2025-08-01T04:39:47.747684,Handelskai S U,19,345436
2025-08-01T04:39:47.747684,Handelskai S U,19,345982
2025-08-01T04:39:47.747684,Handelskai S U,19,345899
2025-08-01T04:39:47.747684,Handelskai S U,19,345788
2025-08-01T04:39:47.747684,Handelskai S U,19,345656
2025-08-01T04:39:47.747684,Handelskai S U,19,346411
2025-08-01T04:39:47.747684,Handelskai S U,19,346939
2025-08-01T04:39:47.747684,Handelskai S U,19,346910
2025-08-01T04:39:47.747684,Handelskai S U,19,346600
2025-08-01T04:39:47.747684,Handelskai S U,19,346581
2025-08-01T04:39:47.747684,Handelskai S U,19,347402
2025-08-01T04:39:47.747684,Handelskai S U,19,347292
2025-08-01T04:39:47.747684,Handelskai S U,19,347135
2025-08-01T04:39:47.747684,Handelskai S U,19,347117
2025-08-01T04:39:47.747684,Handelskai S U,19,347024
2025-08-01T04:39:47.747684,Handelskai S U,19,347935
2025-08-01T04:39:47.747684,Handelskai S U,19,347699
2025-08-01T04:39:47.747684,Handelskai S U,19,348301
2025-08-01T04:39:47.747684,Handelskai S U,19,348203
2025-08-01T04:39:47.747684,Wallensteinplatz,26,345461
2025-08-01T04:39:47.747684,Wallensteinplatz,26,345421
2025-08-01T04:39:47.747684,Wallensteinplatz,26,345418
2025-08-01T04:39:47.747684,Wallensteinplatz,26,345197
2025-08-01T04:39:47.747684,Wallensteinplatz,26,345749
2025-08-01T04:39:47.747684,Wallensteinplatz,26,345741
2025-08-01T04:39:47.747684,Wallensteinplatz,26,346319
2025-08-01T04:39:47.747684,Wallensteinplatz,26,346289
2025-08-01T04:39:47.747684,Wallensteinplatz,26,346213
2025-08-01T04:39:47.747684,Wallensteinplatz,26,346056
2025-08-01T04:39:47.747684,Wallensteinplatz,26,346536
2025-08-01T04:39:47.747684,Wallensteinplatz,26,347473
2025-08-01T04:39:47.747684,Wallensteinplatz,26,347452
2025-08-01T04:39:47.747684,Wallensteinplatz,26,347424
2025-08-01T04:39:47.747684,Wallensteinplatz,26,347342
2025-08-01T04:39:47.747684,Wallensteinplatz,26,347205
2025-08-01T04:39:47.747684,Wallensteinplatz,26,347177
2025-08-01T04:39:47.747684,Wallensteinplatz,26,347948
2025-08-01T04:39:47.747684,Wallensteinplatz,26,347547
2025-08-01T04:39:47.747684,Wallensteinplatz,26,347500
2025-08-01T04:39:47.747684,Wallensteinplatz,26,348413
2025-08-01T04:39:47.747684,Wallensteinplatz,26,348385
2025-08-01T04:39:47.747684,Wallensteinplatz,26,348336
2025-08-01T04:39:47.747684,Wallensteinplatz,26,348240
2025-08-01T04:39:47.747684,Wallensteinplatz,26,348114
2025-08-01T04:39:47.747684,Wallensteinplatz,26,348102
2025-08-01T04:39:47.747684,Brünner Straße S,14,345337
2025-08-01T04:39:47.747684,Brünner Straße S,14,345225
2025-08-01T04:39:47.747684,Brünner Straße S,14,345213
2025-08-01T04:39:47.747684,Brünner Straße S,14,345922
2025-08-01T04:39:47.747684,Brünner Straße S,14,345607
2025-08-01T04:39:47.747684,Brünner Straße S,14,346373
2025-08-01T04:39:47.747684,Brünner Straße S,14,346274
2025-08-01T04:39:47.747684,Brünner Straße S,14,346259
2025-08-01T04:39:47.747684,Brünner Straße S,14,346690
2025-08-01T04:39:47.747684,Brünner Straße S,14,347274
2025-08-01T04:39:47.747684,Brünner Straße S,14,347995
2025-08-01T04:39:47.747684,Brünner Straße S,14,347697
2025-08-01T04:39:47.747684,Brünner Straße S,14,348035
2025-08-01T04:39:47.747684,Brünner Straße S,14,348670
2025-08-01T04:39:47.747684,Floridsdorf S U,23,345366
2025-08-01T04:39:47.747684,Floridsdorf S U,23,345906
2025-08-01T04:39:47.747684,Floridsdorf S U,23,345905
2025-08-01T04:39:47.747684,Floridsdorf S U,23,345868
2025-08-01T04:39:47.747684,Floridsdorf S U,23,345794
2025-08-01T04:39:47.747684,Floridsdorf S U,23,345543
2025-08-01T04:39:47.747684,Floridsdorf S U,23,346282
2025-08-01T04:39:47.747684,Floridsdorf S U,23,346276
2025-08-01T04:39:47.747684,Floridsdorf S U,23,346804
2025-08-01T04:39:47.747684,Floridsdorf S U,23,346786
2025-08-01T04:39:47.747684,Floridsdorf S U,23,346659
2025-08-01T04:39:47.747684,Floridsdorf S U,23,346534
2025-08-01T04:39:47.747684,Floridsdorf S U,23,347370
2025-08-01T04:39:47.747684,Floridsdorf S U,23,347291
2025-08-01T04:39:47.747684,Floridsdorf S U,23,347144
2025-08-01T04:39:47.747684,Floridsdorf S U,23,347050
2025-08-01T04:39:47.747684,Floridsdorf S U,23,347008
2025-08-01T04:39:47.747684,Floridsdorf S U,23,347734
2025-08-01T04:39:47.747684,Floridsdorf S U,23,347554
2025-08-01T04:39:47.747684,Floridsdorf S U,23,348245
2025-08-01T04:39:47.747684,Floridsdorf S U,23,348132
2025-08-01T04:39:47.747684,Floridsdorf S U,23,348673
2025-08-01T04:39:47.747684,Floridsdorf S U,23,348577
2025-08-01T04:39:47.747684,Großfeldsiedlung U,15,345481
2025-08-01T04:39:47.747684,Großfeldsiedlung U,15,345238
2025-08-01T04:39:47.747684,Großfeldsiedlung U,15,345214
2025-08-01T04:39:47.747684,Großfeldsiedlung U,15,345153
2025-08-01T04:39:47.747684,Großfeldsiedlung U,15,345653
2025-08-01T04:39:47.747684,Großfeldsiedlung U,15,346425
2025-08-01T04:39:47.747684,Großfeldsiedlung U,15,346093
2025-08-01T04:39:47.747684,Großfeldsiedlung U,15,346979
2025-08-01T04:39:47.747684,Großfeldsiedlung U,15,346892
2025-08-01T04:39:47.747684,Großfeldsiedlung U,15,346821
2025-08-01T04:39:47.747684,Großfeldsiedlung U,15,346588
2025-08-01T04:39:47.747684,Großfeldsiedlung U,15,347412
2025-08-01T04:39:47.747684,Großfeldsiedlung U,15,347883
2025-08-01T04:39:47.747684,Großfeldsiedlung U,15,347585
2025-08-01T04:39:47.747684,Großfeldsiedlung U,15,348018
2025-08-01T04:39:47.747684,Siemensstraße S,14,345203
2025-08-01T04:39:47.747684,Siemensstraße S,14,345840
2025-08-01T04:39:47.747684,Siemensstraße S,14,345750
2025-08-01T04:39:47.747684,Siemensstraße S,14,345550
2025-08-01T04:39:47.747684,Siemensstraße S,14,346453
2025-08-01T04:39:47.747684,Siemensstraße S,14,346686
2025-08-01T04:39:47.747684,Siemensstraße S,14,347401
2025-08-01T04:39:47.747684,Siemensstraße S,14,347335
2025-08-01T04:39:47.747684,Siemensstraße S,14,347015
2025-08-01T04:39:47.747684,Siemensstraße S,14,347917
2025-08-01T04:39:47.747684,Siemensstraße S,14,347634
2025-08-01T04:39:47.747684,Siemensstraße S,14,348443
2025-08-01T04:39:47.747684,Siemensstraße S,14,348272
2025-08-01T04:39:47.747684,Siemensstraße S,14,348047
2025-08-01T04:39:47.747684,Aspernstraße U,9,345210
2025-08-01T04:39:47.747684,Aspernstraße U,9,345958
2025-08-01T04:39:47.747684,Aspernstraße U,9,345865
2025-08-01T04:39:47.747684,Aspernstraße U,9,345860
2025-08-01T04:39:47.747684,Aspernstraße U,9,345714
2025-08-01T04:39:47.747684,Aspernstraße U,9,346260
2025-08-01T04:39:47.747684,Aspernstraße U,9,347069
2025-08-01T04:39:47.747684,Aspernstraße U,9,348375
2025-08-01T04:39:47.747684,Aspernstraße U,9,348098
2025-08-01T04:39:47.747684,Donauspital U,19,345472
2025-08-01T04:39:47.747684,Donauspital U,19,345376
2025-08-01T04:39:47.747684,Donauspital U,19,345239
2025-08-01T04:39:47.747684,Donauspital U,19,345869
2025-08-01T04:39:47.747684,Donauspital U,19,345838
2025-08-01T04:39:47.747684,Donauspital U,19,345707
2025-08-01T04:39:47.747684,Donauspital U,19,346496
2025-08-01T04:39:47.747684,Donauspital U,19,346412
2025-08-01T04:39:47.747684,Donauspital U,19,346188
2025-08-01T04:39:47.747684,Donauspital U,19,347238
2025-08-01T04:39:47.747684,Donauspital U,19,347198
2025-08-01T04:39:47.747684,Donauspital U,19,347899
2025-08-01T04:39:47.747684,Donauspital U,19,347753
2025-08-01T04:39:47.747684,Donauspital U,19,347526
2025-08-01T04:39:47.747684,Donauspital U,19,348281
2025-08-01T04:39:47.747684,Donauspital U,19,348256
2025-08-01T04:39:47.747684,Donauspital U,19,348684
2025-08-01T04:39:47.747684,Donauspital U,19,348638
2025-08-01T04:39:47.747684,Donauspital U,19,398730
2025-08-01T04:39:47.747684,Erzherzog-Karl-Straße S,7,345211
2025-08-01T04:39:47.747684,Erzherzog-Karl-Straße S,7,345505
2025-08-01T04:39:47.747684,Erzherzog-Karl-Straße S,7,346383
2025-08-01T04:39:47.747684,Erzherzog-Karl-Straße S,7,347240
2025-08-01T04:39:47.747684,Erzherzog-Karl-Straße S,7,347748
2025-08-01T04:39:47.747684,Erzherzog-Karl-Straße S,7,348284
2025-08-01T04:39:47.747684,Erzherzog-Karl-Straße S,7,348690
2025-08-01T04:39:47.747684,Hausfeldstraße S U,19,345368
2025-08-01T04:39:47.747684,Hausfeldstraße S U,19,345311
2025-08-01T04:39:47.747684,Hausfeldstraße S U,19,345117
2025-08-01T04:39:47.747684,Hausfeldstraße S U,19,345103
2025-08-01T04:39:47.747684,Hausfeldstraße S U,19,345833
2025-08-01T04:39:47.747684,Hausfeldstraße S U,19,345805
2025-08-01T04:39:47.747684,Hausfeldstraße S U,19,346344
2025-08-01T04:39:47.747684,Hausfeldstraße S U,19,346258
2025-08-01T04:39:47.747684,Hausfeldstraße S U,19,346193
2025-08-01T04:39:47.747684,Hausfeldstraße S U,19,346033
2025-08-01T04:39:47.747684,Hausfeldstraße S U,19,346688
2025-08-01T04:39:47.747684,Hausfeldstraße S U,19,346604
2025-08-01T04:39:47.747684,Hausfeldstraße S U,19,347407
2025-08-01T04:39:47.747684,Hausfeldstraße S U,19,347095
2025-08-01T04:39:47.747684,Hausfeldstraße S U,19,347058
2025-08-01T04:39:47.747684,Hausfeldstraße S U,19,347801
2025-08-01T04:39:47.747684,Hausfeldstraße S U,19,347732
2025-08-01T04:39:47.747684,Hausfeldstraße S U,19,348636
2025-08-01T04:39:47.747684,Hausfeldstraße S U,19,348573
2025-08-01T04:39:47.747684,Kagran U,32,345482
2025-08-01T04:39:47.747684,Kagran U,32,345207
2025-08-01T04:39:47.747684,Kagran U,32,345096
2025-08-01T04:39:47.747684,Kagran U,32,345060
2025-08-01T04:39:47.747684,Kagran U,32,345915
2025-08-01T04:39:47.747684,Kagran U,32,345694
2025-08-01T04:39:47.747684,Kagran U,32,345677
2025-08-01T04:39:47.747684,Kagran U,32,345601
2025-08-01T04:39:47.747684,Kagran U,32,345599
2025-08-01T04:39:47.747684,Kagran U,32,346495
2025-08-01T04:39:47.747684,Kagran U,32,346227
2025-08-01T04:39:47.747684,Kagran U,32,346968
2025-08-01T04:39:47.747684,Kagran U,32,346913
2025-08-01T04:39:47.747684,Kagran U,32,346793
2025-08-01T04:39:47.747684,Kagran U,32,346722
2025-08-01T04:39:47.747684,Kagran U,32,346708
2025-08-01T04:39:47.747684,Kagran U,32,347350
2025-08-01T04:39:47.747684,Kagran U,32,347268
2025-08-01T04:39:47.747684,Kagran U,32,347176
2025-08-01T04:39:47.747684,Kagran U,32,347090
2025-08-01T04:39:47.747684,Kagran U,32,347031
2025-08-01T04:39:47.747684,Kagran U,32,347819
2025-08-01T04:39:47.747684,Kagran U,32,347614
2025-08-01T04:39:47.747684,Kagran U,32,347571
2025-08-01T04:39:47.747684,Kagran U,32,347544
2025-08-01T04:39:47.747684,Kagran U,32,348414
2025-08-01T04:39:47.747684,Kagran U,32,348354
2025-08-01T04:39:47.747684,Kagran U,32,348214
2025-08-01T04:39:47.747684,Kagran U,32,348148
2025-08-01T04:39:47.747684,Kagran U,32,348129
2025-08-01T04:39:47.747684,Kagran U,32,348001
2025-08-01T04:39:47.747684,Kagran U,32,348649
2025-08-01T04:39:47.747684,Maria-Tusch-Straße,12,345419
2025-08-01T04:39:47.747684,Maria-Tusch-Straße,12,345280
2025-08-01T04:39:47.747684,Maria-Tusch-Straße,12,345136
2025-08-01T04:39:47.747684,Maria-Tusch-Straße,12,345013
2025-08-01T04:39:47.747684,Maria-Tusch-Straße,12,345998
2025-08-01T04:39:47.747684,Maria-Tusch-Straße,12,345891
2025-08-01T04:39:47.747684,Maria-Tusch-Straße,12,345724
2025-08-01T04:39:47.747684,Maria-Tusch-Straße,12,345620
2025-08-01T04:39:47.747684,Maria-Tusch-Straße,12,346103
2025-08-01T04:39:47.747684,Maria-Tusch-Straße,12,347877
2025-08-01T04:39:47.747684,Maria-Tusch-Straße,12,347875
2025-08-01T04:39:47.747684,Maria-Tusch-Straße,12,348386
2025-08-01T04:39:47.747684,Rennbahnweg U,8,345490
2025-08-01T04:39:47.747684,Rennbahnweg U,8,345898
2025-08-01T04:39:47.747684,Rennbahnweg U,8,345887
2025-08-01T04:39:47.747684,Rennbahnweg U,8,345685
2025-08-01T04:39:47.747684,Rennbahnweg U,8,347044
2025-08-01T04:39:47.747684,Rennbahnweg U,8,347640
2025-08-01T04:39:47.747684,Rennbahnweg U,8,348382
2025-08-01T04:39:47.747684,Rennbahnweg U,8,348589
2025-08-01T04:39:47.747684,Schüttauplatz,6,345058
2025-08-01T04:39:47.747684,Schüttauplatz,6,345863
2025-08-01T04:39:47.747684,Schüttauplatz,6,347298
2025-08-01T04:39:47.747684,Schüttauplatz,6,347184
2025-08-01T04:39:47.747684,Schüttauplatz,6,347766
2025-08-01T04:39:47.747684,Schüttauplatz,6,347546
2025-08-01T04:39:47.747684,Stadlau U,12,345448
2025-08-01T04:39:47.747684,Stadlau U,12,345447
2025-08-01T04:39:47.747684,Stadlau U,12,345371
2025-08-01T04:39:47.747684,Stadlau U,12,345170
2025-08-01T04:39:47.747684,Stadlau U,12,346526
2025-08-01T04:39:47.747684,Stadlau U,12,347479
2025-08-01T04:39:47.747684,Stadlau U,12,347242
2025-08-01T04:39:47.747684,Stadlau U,12,347156
2025-08-01T04:39:47.747684,Stadlau U,12,347826
2025-08-01T04:39:47.747684,Stadlau U,12,347643
2025-08-01T04:39:47.747684,Stadlau U,12,348207
2025-08-01T04:39:47.747684,Stadlau U,12,348674
2025-08-01T04:39:47.747684,VIC Kaisermühlen U,14,345945
2025-08-01T04:39:47.747684,VIC Kaisermühlen U,14,345832
2025-08-01T04:39:47.747684,VIC Kaisermühlen U,14,345703
2025-08-01T04:39:47.747684,VIC Kaisermühlen U,14,346468
2025-08-01T04:39:47.747684,VIC Kaisermühlen U,14,346460
2025-08-01T04:39:47.747684,VIC Kaisermühlen U,14,346402
2025-08-01T04:39:47.747684,VIC Kaisermühlen U,14,346152
2025-08-01T04:39:47.747684,VIC Kaisermühlen U,14,346120
2025-08-01T04:39:47.747684,VIC Kaisermühlen U,14,346848
2025-08-01T04:39:47.747684,VIC Kaisermühlen U,14,346681
2025-08-01T04:39:47.747684,VIC Kaisermühlen U,14,347464
2025-08-01T04:39:47.747684,VIC Kaisermühlen U,14,347207
2025-08-01T04:39:47.747684,VIC Kaisermühlen U,14,347056
2025-08-01T04:39:47.747684,VIC Kaisermühlen U,14,347815
2025-08-01T04:39:47.747684,Kagraner Platz U,3,345066
2025-08-01T04:39:47.747684,Kagraner Platz U,3,347836
2025-08-01T04:39:47.747684,Kagraner Platz U,3,347713
2025-08-01T04:39:47.747684,Alterlaa U,4,345382
2025-08-01T04:39:47.747684,Alterlaa U,4,347234
2025-08-01T04:39:47.747684,Alterlaa U,4,347676
2025-08-01T04:39:47.747684,Alterlaa U,4,349022
2025-08-01T04:39:47.747684,Bacherplatz,17,345237
2025-08-01T04:39:47.747684,Bacherplatz,17,345054
2025-08-01T04:39:47.747684,Bacherplatz,17,345630
2025-08-01T04:39:47.747684,Bacherplatz,17,346473
2025-08-01T04:39:47.747684,Bacherplatz,17,346317
2025-08-01T04:39:47.747684,Bacherplatz,17,346211
2025-08-01T04:39:47.747684,Bacherplatz,17,346154
2025-08-01T04:39:47.747684,Bacherplatz,17,346092
2025-08-01T04:39:47.747684,Bacherplatz,17,347470
2025-08-01T04:39:47.747684,Bacherplatz,17,347413
2025-08-01T04:39:47.747684,Bacherplatz,17,347005
2025-08-01T04:39:47.747684,Bacherplatz,17,347618
2025-08-01T04:39:47.747684,Bacherplatz,17,348261
2025-08-01T04:39:47.747684,Bacherplatz,17,348195
2025-08-01T04:39:47.747684,Bacherplatz,17,348641
2025-08-01T04:39:47.747684,Bacherplatz,17,348602
2025-08-01T04:39:47.747684,Bacherplatz,17,348520
2025-08-01T04:39:47.747684,Carl-Appel-Straße,2,345377
2025-08-01T04:39:47.747684,Carl-Appel-Straße,2,345877
2025-08-01T04:39:47.747684,Otto-Probst-Platz,20,345450
2025-08-01T04:39:47.747684,Otto-Probst-Platz,20,345386
2025-08-01T04:39:47.747684,Otto-Probst-Platz,20,345243
2025-08-01T04:39:47.747684,Otto-Probst-Platz,20,345074
2025-08-01T04:39:47.747684,Otto-Probst-Platz,20,345912
2025-08-01T04:39:47.747684,Otto-Probst-Platz,20,345744
2025-08-01T04:39:47.747684,Otto-Probst-Platz,20,346532
2025-08-01T04:39:47.747684,Otto-Probst-Platz,20,347155
2025-08-01T04:39:47.747684,Otto-Probst-Platz,20,347154
2025-08-01T04:39:47.747684,Otto-Probst-Platz,20,347988
2025-08-01T04:39:47.747684,Otto-Probst-Platz,20,347894
2025-08-01T04:39:47.747684,Otto-Probst-Platz,20,347531
2025-08-01T04:39:47.747684,Otto-Probst-Platz,20,348395
2025-08-01T04:39:47.747684,Otto-Probst-Platz,20,348196
2025-08-01T04:39:47.747684,Otto-Probst-Platz,20,348699
2025-08-01T04:39:47.747684,Otto-Probst-Platz,20,348618
2025-08-01T04:39:47.747684,Otto-Probst-Platz,20,348617
2025-08-01T04:39:47.747684,Otto-Probst-Platz,20,348609
2025-08-01T04:39:47.747684,Otto-Probst-Platz,20,348599
2025-08-01T04:39:47.747684,Otto-Probst-Platz,20,348539
2025-08-01T04:39:47.747684,Alaudagasse U,3,345925
2025-08-01T04:39:47.747684,Alaudagasse U,3,346747
2025-08-01T04:39:47.747684,Alaudagasse U,3,348134
2025-08-01T04:39:47.747684,Svetelskystraße,3,346334
2025-08-01T04:39:47.747684,Svetelskystraße,3,346308
2025-08-01T04:39:47.747684,Svetelskystraße,3,347843
2025-08-01T04:39:47.747684,Weißenböckstraße,16,345470
2025-08-01T04:39:47.747684,Weißenböckstraße,16,345342
2025-08-01T04:39:47.747684,Weißenböckstraße,16,346390
2025-08-01T04:39:47.747684,Weißenböckstraße,16,346027
2025-08-01T04:39:47.747684,Weißenböckstraße,16,346543
2025-08-01T04:39:47.747684,Weißenböckstraße,16,346540
2025-08-01T04:39:47.747684,Weißenböckstraße,16,347202
2025-08-01T04:39:47.747684,Weißenböckstraße,16,347083
2025-08-01T04:39:47.747684,Weißenböckstraße,16,347777
2025-08-01T04:39:47.747684,Weißenböckstraße,16,347726
2025-08-01T04:39:47.747684,Weißenböckstraße,16,348455
2025-08-01T04:39:47.747684,Weißenböckstraße,16,348707
2025-08-01T04:39:47.747684,Weißenböckstraße,16,348650
2025-08-01T04:39:47.747684,Weißenböckstraße,16,348551
2025-08-01T04:39:47.747684,Weißenböckstraße,16,348538
2025-08-01T04:39:47.747684,Weißenböckstraße,16,398735
2025-08-01T04:39:47.747684,Zentralfriedhof 2. Tor,21,345442
2025-08-01T04:39:47.747684,Zentralfriedhof 2. Tor,21,345357
2025-08-01T04:39:47.747684,Zentralfriedhof 2. Tor,21,345351
2025-08-01T04:39:47.747684,Zentralfriedhof 2. Tor,21,345310
2025-08-01T04:39:47.747684,Zentralfriedhof 2. Tor,21,345241
2025-08-01T04:39:47.747684,Zentralfriedhof 2. Tor,21,345182
2025-08-01T04:39:47.747684,Zentralfriedhof 2. Tor,21,345846
2025-08-01T04:39:47.747684,Zentralfriedhof 2. Tor,21,345705
2025-08-01T04:39:47.747684,Zentralfriedhof 2. Tor,21,346053
2025-08-01T04:39:47.747684,Zentralfriedhof 2. Tor,21,347491
2025-08-01T04:39:47.747684,Zentralfriedhof 2. Tor,21,347463
2025-08-01T04:39:47.747684,Zentralfriedhof 2. Tor,21,347366
2025-08-01T04:39:47.747684,Zentralfriedhof 2. Tor,21,347295
2025-08-01T04:39:47.747684,Zentralfriedhof 2. Tor,21,347752
2025-08-01T04:39:47.747684,Zentralfriedhof 2. Tor,21,347635
2025-08-01T04:39:47.747684,Zentralfriedhof 2. Tor,21,347565
2025-08-01T04:39:47.747684,Zentralfriedhof 2. Tor,21,348307
2025-08-01T04:39:47.747684,Zentralfriedhof 2. Tor,21,348123
2025-08-01T04:39:47.747684,Zentralfriedhof 2. Tor,21,348672
2025-08-01T04:39:47.747684,Zentralfriedhof 2. Tor,21,348603
2025-08-01T04:39:47.747684,Zentralfriedhof 2. Tor,21,349018
2025-08-01T04:39:47.747684,Simoningplatz,11,345664
2025-08-01T04:39:47.747684,Simoningplatz,11,346881
2025-08-01T04:39:47.747684,Simoningplatz,11,346841
2025-08-01T04:39:47.747684,Simoningplatz,11,347383
2025-08-01T04:39:47.747684,Simoningplatz,11,347320
2025-08-01T04:39:47.747684,Simoningplatz,11,347271
2025-08-01T04:39:47.747684,Simoningplatz,11,347082
2025-08-01T04:39:47.747684,Simoningplatz,11,347059
2025-08-01T04:39:47.747684,Simoningplatz,11,347545
2025-08-01T04:39:47.747684,Simoningplatz,11,348675
2025-08-01T04:39:47.747684,Simoningplatz,11,348630
2025-08-01T04:39:47.747684,Zippererstraße U,5,345619
2025-08-01T04:39:47.747684,Zippererstraße U,5,346291
2025-08-01T04:39:47.747684,Zippererstraße U,5,347669
2025-08-01T04:39:47.747684,Zippererstraße U,5,347591
2025-08-01T04:39:47.747684,Zippererstraße U,5,348921
2025-08-01T04:39:47.747684,Hetzendorf S,3,345033
2025-08-01T04:39:47.747684,Hetzendorf S,3,345603
2025-08-01T04:39:47.747684,Hetzendorf S,3,348251
2025-08-01T04:39:47.747684,Gatterhölzl,1,347307
2025-08-01T04:39:47.747684,Speising S,2,345067
2025-08-01T04:39:47.747684,Speising S,2,348246
2025-08-01T04:39:47.747684,Hasnerstraße / Hofferplatz,10,345300
2025-08-01T04:39:47.747684,Hasnerstraße / Hofferplatz,10,345917
2025-08-01T04:39:47.747684,Hasnerstraße / Hofferplatz,10,345614
2025-08-01T04:39:47.747684,Hasnerstraße / Hofferplatz,10,346207
2025-08-01T04:39:47.747684,Hasnerstraße / Hofferplatz,10,347396
2025-08-01T04:39:47.747684,Hasnerstraße / Hofferplatz,10,347221
2025-08-01T04:39:47.747684,Hasnerstraße / Hofferplatz,10,347128
2025-08-01T04:39:47.747684,Hasnerstraße / Hofferplatz,10,347839
2025-08-01T04:39:47.747684,Hasnerstraße / Hofferplatz,10,348222
2025-08-01T04:39:47.747684,Hasnerstraße / Hofferplatz,10,348177
2025-08-01T04:39:47.747684,Nietzscheplatz,7,345034
2025-08-01T04:39:47.747684,Nietzscheplatz,7,345689
2025-08-01T04:39:47.747684,Nietzscheplatz,7,346912
2025-08-01T04:39:47.747684,Nietzscheplatz,7,346518
2025-08-01T04:39:47.747684,Nietzscheplatz,7,347959
2025-08-01T04:39:47.747684,Nietzscheplatz,7,347857
2025-08-01T04:39:47.747684,Nietzscheplatz,7,348029
2025-08-01T04:39:47.747684,Wattgasse,9,345226
2025-08-01T04:39:47.747684,Wattgasse,9,345188
2025-08-01T04:39:47.747684,Wattgasse,9,345107
2025-08-01T04:39:47.747684,Wattgasse,9,345635
2025-08-01T04:39:47.747684,Wattgasse,9,346254
2025-08-01T04:39:47.747684,Wattgasse,9,346742
2025-08-01T04:39:47.747684,Wattgasse,9,347862
2025-08-01T04:39:47.747684,Wattgasse,9,347652
2025-08-01T04:39:47.747684,Wattgasse,9,348154
2025-08-01T04:39:47.747684,Grinzing,5,345385
2025-08-01T04:39:47.747684,Grinzing,5,346132
2025-08-01T04:39:47.747684,Grinzing,5,346030
2025-08-01T04:39:47.747684,Grinzing,5,346557
2025-08-01T04:39:47.747684,Grinzing,5,348372
2025-08-01T04:39:47.747684,Oberdöbling S,8,345042
2025-08-01T04:39:47.747684,Oberdöbling S,8,345882
2025-08-01T04:39:47.747684,Oberdöbling S,8,346155
2025-08-01T04:39:47.747684,Oberdöbling S,8,347989
2025-08-01T04:39:47.747684,Oberdöbling S,8,347890
2025-08-01T04:39:47.747684,Oberdöbling S,8,347718
2025-08-01T04:39:47.747684,Oberdöbling S,8,347505
2025-08-01T04:39:47.747684,Oberdöbling S,8,348524
2025-08-01T04:39:47.747684,Kantnergasse,12,345696
2025-08-01T04:39:47.747684,Kantnergasse,12,346980
2025-08-01T04:39:47.747684,Kantnergasse,12,346836
2025-08-01T04:39:47.747684,Kantnergasse,12,346784
2025-08-01T04:39:47.747684,Kantnergasse,12,347426
2025-08-01T04:39:47.747684,Kantnergasse,12,347089
2025-08-01T04:39:47.747684,Kantnergasse,12,347964
2025-08-01T04:39:47.747684,Kantnergasse,12,347911
2025-08-01T04:39:47.747684,Kantnergasse,12,348342
2025-08-01T04:39:47.747684,Kantnergasse,12,348028
2025-08-01T04:39:47.747684,Kantnergasse,12,348023
2025-08-01T04:39:47.747684,Kantnergasse,12,348585
2025-08-01T04:39:47.747684,Leopoldau S U,4,345422
2025-08-01T04:39:47.747684,Leopoldau S U,4,345521
2025-08-01T04:39:47.747684,Leopoldau S U,4,346878
2025-08-01T04:39:47.747684,Leopoldau S U,4,348642
2025-08-01T04:39:47.747684,Josef-Baumann-Gasse,26,345463
2025-08-01T04:39:47.747684,Josef-Baumann-Gasse,26,345452
2025-08-01T04:39:47.747684,Josef-Baumann-Gasse,26,345443
2025-08-01T04:39:47.747684,Josef-Baumann-Gasse,26,345162
2025-08-01T04:39:47.747684,Josef-Baumann-Gasse,26,345721
2025-08-01T04:39:47.747684,Josef-Baumann-Gasse,26,346436
2025-08-01T04:39:47.747684,Josef-Baumann-Gasse,26,346392
2025-08-01T04:39:47.747684,Josef-Baumann-Gasse,26,346263
2025-08-01T04:39:47.747684,Josef-Baumann-Gasse,26,346113
2025-08-01T04:39:47.747684,Josef-Baumann-Gasse,26,346109
2025-08-01T04:39:47.747684,Josef-Baumann-Gasse,26,346043
2025-08-01T04:39:47.747684,Josef-Baumann-Gasse,26,346007
2025-08-01T04:39:47.747684,Josef-Baumann-Gasse,26,346974
2025-08-01T04:39:47.747684,Josef-Baumann-Gasse,26,346882
2025-08-01T04:39:47.747684,Josef-Baumann-Gasse,26,346850
2025-08-01T04:39:47.747684,Josef-Baumann-Gasse,26,346698
2025-08-01T04:39:47.747684,Josef-Baumann-Gasse,26,346662
2025-08-01T04:39:47.747684,Josef-Baumann-Gasse,26,346547
2025-08-01T04:39:47.747684,Josef-Baumann-Gasse,26,347499
2025-08-01T04:39:47.747684,Josef-Baumann-Gasse,26,347444
2025-08-01T04:39:47.747684,Josef-Baumann-Gasse,26,347419
2025-08-01T04:39:47.747684,Josef-Baumann-Gasse,26,347068
2025-08-01T04:39:47.747684,Josef-Baumann-Gasse,26,347012
2025-08-01T04:39:47.747684,Josef-Baumann-Gasse,26,347949
2025-08-01T04:39:47.747684,Josef-Baumann-Gasse,26,348327
2025-08-01T04:39:47.747684,Josef-Baumann-Gasse,26,348158
2025-08-01T04:39:47.747684,Fultonstraße,7,345433
2025-08-01T04:39:47.747684,Fultonstraße,7,345258
2025-08-01T04:39:47.747684,Fultonstraße,7,345000
2025-08-01T04:39:47.747684,Fultonstraße,7,345765
2025-08-01T04:39:47.747684,Fultonstraße,7,348360
2025-08-01T04:39:47.747684,Fultonstraße,7,348605
2025-08-01T04:39:47.747684,Fultonstraße,7,348575
2025-08-01T04:39:47.747684,Hopfengasse,22,345030
2025-08-01T04:39:47.747684,Hopfengasse,22,345876
2025-08-01T04:39:47.747684,Hopfengasse,22,345800
2025-08-01T04:39:47.747684,Hopfengasse,22,346111
2025-08-01T04:39:47.747684,Hopfengasse,22,346873
2025-08-01T04:39:47.747684,Hopfengasse,22,346555
2025-08-01T04:39:47.747684,Hopfengasse,22,347482
2025-08-01T04:39:47.747684,Hopfengasse,22,347337
2025-08-01T04:39:47.747684,Hopfengasse,22,347324
2025-08-01T04:39:47.747684,Hopfengasse,22,347314
2025-08-01T04:39:47.747684,Hopfengasse,22,347302
2025-08-01T04:39:47.747684,Hopfengasse,22,347272
2025-08-01T04:39:47.747684,Hopfengasse,22,347218
2025-08-01T04:39:47.747684,Hopfengasse,22,347150
2025-08-01T04:39:47.747684,Hopfengasse,22,347991
2025-08-01T04:39:47.747684,Hopfengasse,22,347779
2025-08-01T04:39:47.747684,Hopfengasse,22,348472
2025-08-01T04:39:47.747684,Hopfengasse,22,348384
2025-08-01T04:39:47.747684,Hopfengasse,22,348282
2025-08-01T04:39:47.747684,Hopfengasse,22,348186
2025-08-01T04:39:47.747684,Hopfengasse,22,348026
2025-08-01T04:39:47.747684,Hopfengasse,22,348614
2025-08-01T04:39:47.747684,Jedlesee / Bellgasse,4,345173
2025-08-01T04:39:47.747684,Jedlesee / Bellgasse,4,345075
2025-08-01T04:39:47.747684,Jedlesee / Bellgasse,4,347821
2025-08-01T04:39:47.747684,Jedlesee / Bellgasse,4,348099
2025-08-01T04:39:47.747684,Jedleseer Friedhof,10,345435
2025-08-01T04:39:47.747684,Jedleseer Friedhof,10,345222
2025-08-01T04:39:47.747684,Jedleseer Friedhof,10,346947
2025-08-01T04:39:47.747684,Jedleseer Friedhof,10,346627
2025-08-01T04:39:47.747684,Jedleseer Friedhof,10,347481
2025-08-01T04:39:47.747684,Jedleseer Friedhof,10,347310
2025-08-01T04:39:47.747684,Jedleseer Friedhof,10,347231
2025-08-01T04:39:47.747684,Jedleseer Friedhof,10,347611
2025-08-01T04:39:47.747684,Jedleseer Friedhof,10,348422
2025-08-01T04:39:47.747684,Jedleseer Friedhof,10,348332
2025-08-01T04:39:47.747684,Strebersdorf / Edmund-Hawranek-Platz,16,345158
2025-08-01T04:39:47.747684,Strebersdorf / Edmund-Hawranek-Platz,16,345125
2025-08-01T04:39:47.747684,Strebersdorf / Edmund-Hawranek-Platz,16,346384
2025-08-01T04:39:47.747684,Strebersdorf / Edmund-Hawranek-Platz,16,346359
2025-08-01T04:39:47.747684,Strebersdorf / Edmund-Hawranek-Platz,16,346253
2025-08-01T04:39:47.747684,Strebersdorf / Edmund-Hawranek-Platz,16,346062
2025-08-01T04:39:47.747684,Strebersdorf / Edmund-Hawranek-Platz,16,346766
2025-08-01T04:39:47.747684,Strebersdorf / Edmund-Hawranek-Platz,16,347380
2025-08-01T04:39:47.747684,Strebersdorf / Edmund-Hawranek-Platz,16,347376
2025-08-01T04:39:47.747684,Strebersdorf / Edmund-Hawranek-Platz,16,347103
2025-08-01T04:39:47.747684,Strebersdorf / Edmund-Hawranek-Platz,16,347922
2025-08-01T04:39:47.747684,Strebersdorf / Edmund-Hawranek-Platz,16,347893
2025-08-01T04:39:47.747684,Strebersdorf / Edmund-Hawranek-Platz,16,348444
2025-08-01T04:39:47.747684,Strebersdorf / Edmund-Hawranek-Platz,16,348350
2025-08-01T04:39:47.747684,Strebersdorf / Edmund-Hawranek-Platz,16,348701
2025-08-01T04:39:47.747684,Strebersdorf / Edmund-Hawranek-Platz,16,348597
2025-08-01T04:39:47.747684,Kagraner Anger,3,346998
2025-08-01T04:39:47.747684,Kagraner Anger,3,347856
2025-08-01T04:39:47.747684,Kagraner Anger,3,348070
2025-08-01T04:39:47.747684,Stavangergasse,6,345015
2025-08-01T04:39:47.747684,Stavangergasse,6,345754
2025-08-01T04:39:47.747684,Stavangergasse,6,347438
2025-08-01T04:39:47.747684,Stavangergasse,6,347021
2025-08-01T04:39:47.747684,Stavangergasse,6,347925
2025-08-01T04:39:47.747684,Stavangergasse,6,348920
2025-08-01T04:39:47.747684,Hans-Steger-Gasse,13,345230
2025-08-01T04:39:47.747684,Hans-Steger-Gasse,13,345163
2025-08-01T04:39:47.747684,Hans-Steger-Gasse,13,345968
2025-08-01T04:39:47.747684,Hans-Steger-Gasse,13,345642
2025-08-01T04:39:47.747684,Hans-Steger-Gasse,13,346626
2025-08-01T04:39:47.747684,Hans-Steger-Gasse,13,346591
2025-08-01T04:39:47.747684,Hans-Steger-Gasse,13,346511
2025-08-01T04:39:47.747684,Hans-Steger-Gasse,13,347159
2025-08-01T04:39:47.747684,Hans-Steger-Gasse,13,347065
2025-08-01T04:39:47.747684,Hans-Steger-Gasse,13,347000
2025-08-01T04:39:47.747684,Hans-Steger-Gasse,13,347582
2025-08-01T04:39:47.747684,Hans-Steger-Gasse,13,348447
2025-08-01T04:39:47.747684,Hans-Steger-Gasse,13,348671
2025-08-01T04:39:47.747684,Hirschstetten S,12,345916
2025-08-01T04:39:47.747684,Hirschstetten S,12,345808
2025-08-01T04:39:47.747684,Hirschstetten S,12,345658
2025-08-01T04:39:47.747684,Hirschstetten S,12,346420
2025-08-01T04:39:47.747684,Hirschstetten S,12,346403
2025-08-01T04:39:47.747684,Hirschstetten S,12,346372
2025-08-01T04:39:47.747684,Hirschstetten S,12,346149
2025-08-01T04:39:47.747684,Hirschstetten S,12,346063
2025-08-01T04:39:47.747684,Hirschstetten S,12,346949
2025-08-01T04:39:47.747684,Hirschstetten S,12,347814
2025-08-01T04:39:47.747684,Hirschstetten S,12,347687
2025-08-01T04:39:47.747684,Hirschstetten S,12,348685
2025-08-01T04:39:47.747684,Atzgersdorf S,16,345438
2025-08-01T04:39:47.747684,Atzgersdorf S,16,345184
2025-08-01T04:39:47.747684,Atzgersdorf S,16,345926
2025-08-01T04:39:47.747684,Atzgersdorf S,16,345786
2025-08-01T04:39:47.747684,Atzgersdorf S,16,345637
2025-08-01T04:39:47.747684,Atzgersdorf S,16,346957
2025-08-01T04:39:47.747684,Atzgersdorf S,16,346859
2025-08-01T04:39:47.747684,Atzgersdorf S,16,346789
2025-08-01T04:39:47.747684,Atzgersdorf S,16,346563
2025-08-01T04:39:47.747684,Atzgersdorf S,16,347260
2025-08-01T04:39:47.747684,Atzgersdorf S,16,347166
2025-08-01T04:39:47.747684,Atzgersdorf S,16,347871
2025-08-01T04:39:47.747684,Atzgersdorf S,16,347776
2025-08-01T04:39:47.747684,Atzgersdorf S,16,347682
2025-08-01T04:39:47.747684,Atzgersdorf S,16,347666
2025-08-01T04:39:47.747684,Atzgersdorf S,16,348002
2025-08-01T04:39:47.747684,Siebenhirten U,5,346042
2025-08-01T04:39:47.747684,Siebenhirten U,5,346637
2025-08-01T04:39:47.747684,Siebenhirten U,5,346507
2025-08-01T04:39:47.747684,Siebenhirten U,5,347747
2025-08-01T04:39:47.747684,Siebenhirten U,5,348928
2025-08-01T04:39:47.747684,Perfektastraße U,13,345444
2025-08-01T04:39:47.747684,Perfektastraße U,13,345322
2025-08-01T04:39:47.747684,Perfektastraße U,13,345289
2025-08-01T04:39:47.747684,Perfektastraße U,13,345988
2025-08-01T04:39:47.747684,Perfektastraße U,13,345861
2025-08-01T04:39:47.747684,Perfektastraße U,13,346494
2025-08-01T04:39:47.747684,Perfektastraße U,13,346136
2025-08-01T04:39:47.747684,Perfektastraße U,13,346004
2025-08-01T04:39:47.747684,Perfektastraße U,13,346556
2025-08-01T04:39:47.747684,Perfektastraße U,13,347041
2025-08-01T04:39:47.747684,Perfektastraße U,13,347601
2025-08-01T04:39:47.747684,Perfektastraße U,13,348453
2025-08-01T04:39:47.747684,Perfektastraße U,13,348648
2025-08-01T04:39:47.747684,Praterstern Ausstellungsstraße,12,345299
2025-08-01T04:39:47.747684,Praterstern Ausstellungsstraße,12,345290
2025-08-01T04:39:47.747684,Praterstern Ausstellungsstraße,12,345687
2025-08-01T04:39:47.747684,Praterstern Ausstellungsstraße,12,346459
2025-08-01T04:39:47.747684,Praterstern Ausstellungsstraße,12,346050
2025-08-01T04:39:47.747684,Praterstern Ausstellungsstraße,12,346875
2025-08-01T04:39:47.747684,Praterstern Ausstellungsstraße,12,346700
2025-08-01T04:39:47.747684,Praterstern Ausstellungsstraße,12,347032
2025-08-01T04:39:47.747684,Praterstern Ausstellungsstraße,12,347543
2025-08-01T04:39:47.747684,Praterstern Ausstellungsstraße,12,347527
2025-08-01T04:39:47.747684,Praterstern Ausstellungsstraße,12,348410
2025-08-01T04:39:47.747684,Praterstern Ausstellungsstraße,12,348918
2025-08-01T04:39:47.747684,Muthgasse,10,345081
2025-08-01T04:39:47.747684,Muthgasse,10,345956
2025-08-01T04:39:47.747684,Muthgasse,10,346197
2025-08-01T04:39:47.747684,Muthgasse,10,346995
2025-08-01T04:39:47.747684,Muthgasse,10,347161
2025-08-01T04:39:47.747684,Muthgasse,10,347872
2025-08-01T04:39:47.747684,Muthgasse,10,347739
2025-08-01T04:39:47.747684,Muthgasse,10,348162
2025-08-01T04:39:47.747684,Muthgasse,10,348553
2025-08-01T04:39:47.747684,Muthgasse,10,348546
2025-08-01T04:39:47.747684,Liesing S,14,345329
2025-08-01T04:39:47.747684,Liesing S,14,345083
2025-08-01T04:39:47.747684,Liesing S,14,345678
2025-08-01T04:39:47.747684,Liesing S,14,346219
2025-08-01T04:39:47.747684,Liesing S,14,346928
2025-08-01T04:39:47.747684,Liesing S,14,346717
2025-08-01T04:39:47.747684,Liesing S,14,346625
2025-08-01T04:39:47.747684,Liesing S,14,347351
2025-08-01T04:39:47.747684,Liesing S,14,347886
2025-08-01T04:39:47.747684,Liesing S,14,347783
2025-08-01T04:39:47.747684,Liesing S,14,347723
2025-08-01T04:39:47.747684,Liesing S,14,347709
2025-08-01T04:39:47.747684,Liesing S,14,348629
2025-08-01T04:39:47.747684,Liesing S,14,348567
2025-08-01T04:39:47.747684,Aspern Nord S U,14,345486
2025-08-01T04:39:47.747684,Aspern Nord S U,14,345369
2025-08-01T04:39:47.747684,Aspern Nord S U,14,345267
2025-08-01T04:39:47.747684,Aspern Nord S U,14,345245
2025-08-01T04:39:47.747684,Aspern Nord S U,14,345851
2025-08-01T04:39:47.747684,Aspern Nord S U,14,345704
2025-08-01T04:39:47.747684,Aspern Nord S U,14,345500
2025-08-01T04:39:47.747684,Aspern Nord S U,14,346318
2025-08-01T04:39:47.747684,Aspern Nord S U,14,346311
2025-08-01T04:39:47.747684,Aspern Nord S U,14,346854
2025-08-01T04:39:47.747684,Aspern Nord S U,14,346663
2025-08-01T04:39:47.747684,Aspern Nord S U,14,348487
2025-08-01T04:39:47.747684,Aspern Nord S U,14,348231
2025-08-01T04:39:47.747684,Aspern Nord S U,14,348528
2025-08-01T04:39:47.747684,Seepark,3,347458
2025-08-01T04:39:47.747684,Seepark,3,347828
2025-08-01T04:39:47.747684,Seepark,3,348540
2025-08-01T04:39:47.747684,Seestadt U,11,345324
2025-08-01T04:39:47.747684,Seestadt U,11,345094
2025-08-01T04:39:47.747684,Seestadt U,11,345904
2025-08-01T04:39:47.747684,Seestadt U,11,346126
2025-08-01T04:39:47.747684,Seestadt U,11,346723
2025-08-01T04:39:47.747684,Seestadt U,11,346546
2025-08-01T04:39:47.747684,Seestadt U,11,347810
2025-08-01T04:39:47.747684,Seestadt U,11,348451
2025-08-01T04:39:47.747684,Seestadt U,11,348268
2025-08-01T04:39:47.747684,Seestadt U,11,348003
2025-08-01T04:39:47.747684,Seestadt U,11,348519
2025-08-01T04:39:47.747684,Schwedenplatz,10,345578
2025-08-01T04:39:47.747684,Schwedenplatz,10,346431
2025-08-01T04:39:47.747684,Schwedenplatz,10,346697
2025-08-01T04:39:47.747684,Schwedenplatz,10,346693
2025-08-01T04:39:47.747684,Schwedenplatz,10,347979
2025-08-01T04:39:47.747684,Schwedenplatz,10,347780
2025-08-01T04:39:47.747684,Schwedenplatz,10,347622
2025-08-01T04:39:47.747684,Schwedenplatz,10,348391
2025-08-01T04:39:47.747684,Schwedenplatz,10,348064
2025-08-01T04:39:47.747684,Schwedenplatz,10,348631
2025-08-01T04:39:47.747684,Kultursommer25 - Waldmüllerpark,17,345907
2025-08-01T04:39:47.747684,Kultursommer25 - Waldmüllerpark,17,345827
2025-08-01T04:39:47.747684,Kultursommer25 - Waldmüllerpark,17,345708
2025-08-01T04:39:47.747684,Kultursommer25 - Waldmüllerpark,17,346417
2025-08-01T04:39:47.747684,Kultursommer25 - Waldmüllerpark,17,346315
2025-08-01T04:39:47.747684,Kultursommer25 - Waldmüllerpark,17,346114
2025-08-01T04:39:47.747684,Kultursommer25 - Waldmüllerpark,17,346811
2025-08-01T04:39:47.747684,Kultursommer25 - Waldmüllerpark,17,346769
2025-08-01T04:39:47.747684,Kultursommer25 - Waldmüllerpark,17,346643
2025-08-01T04:39:47.747684,Kultursommer25 - Waldmüllerpark,17,347157
2025-08-01T04:39:47.747684,Kultursommer25 - Waldmüllerpark,17,347129
2025-08-01T04:39:47.747684,Kultursommer25 - Waldmüllerpark,17,347969
2025-08-01T04:39:47.747684,Kultursommer25 - Waldmüllerpark,17,347932
2025-08-01T04:39:47.747684,Kultursommer25 - Waldmüllerpark,17,347923
2025-08-01T04:39:47.747684,Kultursommer25 - Waldmüllerpark,17,347511
2025-08-01T04:39:47.747684,Kultursommer25 - Waldmüllerpark,17,348200
2025-08-01T04:39:47.747684,Kultursommer25 - Waldmüllerpark,17,348105
2025-08-01T04:39:47.747684,Landstraße - Wien Mitte S U,14,345473
2025-08-01T04:39:47.747684,Landstraße - Wien Mitte S U,14,345420
2025-08-01T04:39:47.747684,Landstraße - Wien Mitte S U,14,345409
2025-08-01T04:39:47.747684,Landstraße - Wien Mitte S U,14,345930
2025-08-01T04:39:47.747684,Landstraße - Wien Mitte S U,14,345881
2025-08-01T04:39:47.747684,Landstraße - Wien Mitte S U,14,346281
2025-08-01T04:39:47.747684,Landstraße - Wien Mitte S U,14,346104
2025-08-01T04:39:47.747684,Landstraße - Wien Mitte S U,14,346826
2025-08-01T04:39:47.747684,Landstraße - Wien Mitte S U,14,347341
2025-08-01T04:39:47.747684,Landstraße - Wien Mitte S U,14,347257
2025-08-01T04:39:47.747684,Landstraße - Wien Mitte S U,14,347070
2025-08-01T04:39:47.747684,Landstraße - Wien Mitte S U,14,347956
2025-08-01T04:39:47.747684,Landstraße - Wien Mitte S U,14,347556
2025-08-01T04:39:47.747684,Landstraße - Wien Mitte S U,14,348139
2025-08-01T04:39:47.747684,Praterstern S U,50,345439
2025-08-01T04:39:47.747684,Praterstern S U,50,345362
2025-08-01T04:39:47.747684,Praterstern S U,50,345344
2025-08-01T04:39:47.747684,Praterstern S U,50,345172
2025-08-01T04:39:47.747684,Praterstern S U,50,345143
2025-08-01T04:39:47.747684,Praterstern S U,50,345118
2025-08-01T04:39:47.747684,Praterstern S U,50,345037
2025-08-01T04:39:47.747684,Praterstern S U,50,345953
2025-08-01T04:39:47.747684,Praterstern S U,50,345842
2025-08-01T04:39:47.747684,Praterstern S U,50,345532
2025-08-01T04:39:47.747684,Praterstern S U,50,346415
2025-08-01T04:39:47.747684,Praterstern S U,50,346375
2025-08-01T04:39:47.747684,Praterstern S U,50,346180
2025-08-01T04:39:47.747684,Praterstern S U,50,346166
2025-08-01T04:39:47.747684,Praterstern S U,50,346102
2025-08-01T04:39:47.747684,Praterstern S U,50,346950
2025-08-01T04:39:47.747684,Praterstern S U,50,346929
2025-08-01T04:39:47.747684,Praterstern S U,50,346857
2025-08-01T04:39:47.747684,Praterstern S U,50,346830
2025-08-01T04:39:47.747684,Praterstern S U,50,346825
2025-08-01T04:39:47.747684,Praterstern S U,50,346823
2025-08-01T04:39:47.747684,Praterstern S U,50,346765
2025-08-01T04:39:47.747684,Praterstern S U,50,346609
2025-08-01T04:39:47.747684,Praterstern S U,50,346514
2025-08-01T04:39:47.747684,Praterstern S U,50,347397
2025-08-01T04:39:47.747684,Praterstern S U,50,347392
2025-08-01T04:39:47.747684,Praterstern S U,50,347385
2025-08-01T04:39:47.747684,Praterstern S U,50,347379
2025-08-01T04:39:47.747684,Praterstern S U,50,347364
2025-08-01T04:39:47.747684,Praterstern S U,50,347359
2025-08-01T04:39:47.747684,Praterstern S U,50,347333
2025-08-01T04:39:47.747684,Praterstern S U,50,347258
2025-08-01T04:39:47.747684,Praterstern S U,50,347229
2025-08-01T04:39:47.747684,Praterstern S U,50,347209
2025-08-01T04:39:47.747684,Praterstern S U,50,347998
2025-08-01T04:39:47.747684,Praterstern S U,50,347996
2025-08-01T04:39:47.747684,Praterstern S U,50,347818
2025-08-01T04:39:47.747684,Praterstern S U,50,347813
2025-08-01T04:39:47.747684,Praterstern S U,50,347785
2025-08-01T04:39:47.747684,Praterstern S U,50,347746
2025-08-01T04:39:47.747684,Praterstern S U,50,347712
2025-08-01T04:39:47.747684,Praterstern S U,50,347658
2025-08-01T04:39:47.747684,Praterstern S U,50,347528
2025-08-01T04:39:47.747684,Praterstern S U,50,348457
2025-08-01T04:39:47.747684,Praterstern S U,50,348442
2025-08-01T04:39:47.747684,Praterstern S U,50,348407
2025-08-01T04:39:47.747684,Praterstern S U,50,348392
2025-08-01T04:39:47.747684,Praterstern S U,50,348044
2025-08-01T04:39:47.747684,Praterstern S U,50,348709
2025-08-01T04:39:47.747684,Praterstern S U,50,348694
2025-08-01T04:39:47.747684,Rustengasse,12,345360
2025-08-01T04:39:47.747684,Rustengasse,12,346388
2025-08-01T04:39:47.747684,Rustengasse,12,346336
2025-08-01T04:39:47.747684,Rustengasse,12,346303
2025-08-01T04:39:47.747684,Rustengasse,12,346124
2025-08-01T04:39:47.747684,Rustengasse,12,346569
2025-08-01T04:39:47.747684,Rustengasse,12,347460
2025-08-01T04:39:47.747684,Rustengasse,12,347532
2025-08-01T04:39:47.747684,Rustengasse,12,348429
2025-08-01T04:39:47.747684,Rustengasse,12,348135
2025-08-01T04:39:47.747684,Rustengasse,12,348061
2025-08-01T04:39:47.747684,Rustengasse,12,348621
2025-08-01T04:39:47.747684,Heiligenstadt S U,22,345400
2025-08-01T04:39:47.747684,Heiligenstadt S U,22,345217
2025-08-01T04:39:47.747684,Heiligenstadt S U,22,346461
2025-08-01T04:39:47.747684,Heiligenstadt S U,22,346323
2025-08-01T04:39:47.747684,Heiligenstadt S U,22,346265
2025-08-01T04:39:47.747684,Heiligenstadt S U,22,346173
2025-08-01T04:39:47.747684,Heiligenstadt S U,22,346172
2025-08-01T04:39:47.747684,Heiligenstadt S U,22,346121
2025-08-01T04:39:47.747684,Heiligenstadt S U,22,346061
2025-08-01T04:39:47.747684,Heiligenstadt S U,22,346020
2025-08-01T04:39:47.747684,Heiligenstadt S U,22,347378
2025-08-01T04:39:47.747684,Heiligenstadt S U,22,347334
2025-08-01T04:39:47.747684,Heiligenstadt S U,22,347976
2025-08-01T04:39:47.747684,Heiligenstadt S U,22,347919
2025-08-01T04:39:47.747684,Heiligenstadt S U,22,347874
2025-08-01T04:39:47.747684,Heiligenstadt S U,22,347762
2025-08-01T04:39:47.747684,Heiligenstadt S U,22,347540
2025-08-01T04:39:47.747684,Heiligenstadt S U,22,348247
2025-08-01T04:39:47.747684,Heiligenstadt S U,22,348237
2025-08-01T04:39:47.747684,Heiligenstadt S U,22,348171
2025-08-01T04:39:47.747684,Heiligenstadt S U,22,348024
2025-08-01T04:39:47.747684,Heiligenstadt S U,22,348628
2025-08-01T04:39:47.747684,Hütteldorf  S U,21,345397
2025-08-01T04:39:47.747684,Hütteldorf  S U,21,345265
2025-08-01T04:39:47.747684,Hütteldorf  S U,21,345190
2025-08-01T04:39:47.747684,Hütteldorf  S U,21,345079
2025-08-01T04:39:47.747684,Hütteldorf  S U,21,345027
2025-08-01T04:39:47.747684,Hütteldorf  S U,21,345787
2025-08-01T04:39:47.747684,Hütteldorf  S U,21,345591
2025-08-01T04:39:47.747684,Hütteldorf  S U,21,346457
2025-08-01T04:39:47.747684,Hütteldorf  S U,21,346434
2025-08-01T04:39:47.747684,Hütteldorf  S U,21,346143
2025-08-01T04:39:47.747684,Hütteldorf  S U,21,346048
2025-08-01T04:39:47.747684,Hütteldorf  S U,21,346960
2025-08-01T04:39:47.747684,Hütteldorf  S U,21,346763
2025-08-01T04:39:47.747684,Hütteldorf  S U,21,346679
2025-08-01T04:39:47.747684,Hütteldorf  S U,21,347486
2025-08-01T04:39:47.747684,Hütteldorf  S U,21,347352
2025-08-01T04:39:47.747684,Hütteldorf  S U,21,347290
2025-08-01T04:39:47.747684,Hütteldorf  S U,21,347288
2025-08-01T04:39:47.747684,Hütteldorf  S U,21,347679
2025-08-01T04:39:47.747684,Hütteldorf  S U,21,347642
2025-08-01T04:39:47.747684,Hütteldorf  S U,21,348075
2025-08-01T04:39:47.747684,Hans-Mandl-Berufsschule,7,345379
2025-08-01T04:39:47.747684,Hans-Mandl-Berufsschule,7,345144
2025-08-01T04:39:47.747684,Hans-Mandl-Berufsschule,7,346190
2025-08-01T04:39:47.747684,Hans-Mandl-Berufsschule,7,347934
2025-08-01T04:39:47.747684,Hans-Mandl-Berufsschule,7,347678
2025-08-01T04:39:47.747684,Hans-Mandl-Berufsschule,7,348465
2025-08-01T04:39:47.747684,Hans-Mandl-Berufsschule,7,348235
2025-08-01T04:39:47.747684,Dänenstraße / BOKU,38,345283
2025-08-01T04:39:47.747684,Dänenstraße / BOKU,38,345111
2025-08-01T04:39:47.747684,Dänenstraße / BOKU,38,345961
2025-08-01T04:39:47.747684,Dänenstraße / BOKU,38,345924
2025-08-01T04:39:47.747684,Dänenstraße / BOKU,38,345795
2025-08-01T04:39:47.747684,Dänenstraße / BOKU,38,345726
2025-08-01T04:39:47.747684,Dänenstraße / BOKU,38,345624
2025-08-01T04:39:47.747684,Dänenstraße / BOKU,38,346279
2025-08-01T04:39:47.747684,Dänenstraße / BOKU,38,346242
2025-08-01T04:39:47.747684,Dänenstraße / BOKU,38,346145
2025-08-01T04:39:47.747684,Dänenstraße / BOKU,38,346086
2025-08-01T04:39:47.747684,Dänenstraße / BOKU,38,346078
2025-08-01T04:39:47.747684,Dänenstraße / BOKU,38,346855
2025-08-01T04:39:47.747684,Dänenstraße / BOKU,38,346774
2025-08-01T04:39:47.747684,Dänenstraße / BOKU,38,346707
2025-08-01T04:39:47.747684,Dänenstraße / BOKU,38,346641
2025-08-01T04:39:47.747684,Dänenstraße / BOKU,38,346606
2025-08-01T04:39:47.747684,Dänenstraße / BOKU,38,346605
2025-08-01T04:39:47.747684,Dänenstraße / BOKU,38,346524
2025-08-01T04:39:47.747684,Dänenstraße / BOKU,38,347425
2025-08-01T04:39:47.747684,Dänenstraße / BOKU,38,347289
2025-08-01T04:39:47.747684,Dänenstraße / BOKU,38,347269
2025-08-01T04:39:47.747684,Dänenstraße / BOKU,38,347098
2025-08-01T04:39:47.747684,Dänenstraße / BOKU,38,347004
2025-08-01T04:39:47.747684,Dänenstraße / BOKU,38,347963
2025-08-01T04:39:47.747684,Dänenstraße / BOKU,38,347675
2025-08-01T04:39:47.747684,Dänenstraße / BOKU,38,347664
2025-08-01T04:39:47.747684,Dänenstraße / BOKU,38,347584
2025-08-01T04:39:47.747684,Dänenstraße / BOKU,38,347502
2025-08-01T04:39:47.747684,Dänenstraße / BOKU,38,348460
2025-08-01T04:39:47.747684,Dänenstraße / BOKU,38,348341
2025-08-01T04:39:47.747684,Dänenstraße / BOKU,38,348313
2025-08-01T04:39:47.747684,Dänenstraße / BOKU,38,348248
2025-08-01T04:39:47.747684,Dänenstraße / BOKU,38,348176
2025-08-01T04:39:47.747684,Dänenstraße / BOKU,38,348078
2025-08-01T04:39:47.747684,Dänenstraße / BOKU,38,348706
2025-08-01T04:39:47.747684,Dänenstraße / BOKU,38,348683
2025-08-01T04:39:47.747684,Dänenstraße / BOKU,38,348542
2025-08-01T04:39:47.747684,Schloss Schönbrunn,24,345991
2025-08-01T04:39:47.747684,Schloss Schönbrunn,24,345878
2025-08-01T04:39:47.747684,Schloss Schönbrunn,24,345866
2025-08-01T04:39:47.747684,Schloss Schönbrunn,24,345768
2025-08-01T04:39:47.747684,Schloss Schönbrunn,24,345647
2025-08-01T04:39:47.747684,Schloss Schönbrunn,24,346330
2025-08-01T04:39:47.747684,Schloss Schönbrunn,24,346247
2025-08-01T04:39:47.747684,Schloss Schönbrunn,24,346187
2025-08-01T04:39:47.747684,Schloss Schönbrunn,24,346122
2025-08-01T04:39:47.747684,Schloss Schönbrunn,24,346039
2025-08-01T04:39:47.747684,Schloss Schönbrunn,24,346971
2025-08-01T04:39:47.747684,Schloss Schönbrunn,24,346940
2025-08-01T04:39:47.747684,Schloss Schönbrunn,24,347368
2025-08-01T04:39:47.747684,Schloss Schönbrunn,24,347308
2025-08-01T04:39:47.747684,Schloss Schönbrunn,24,347967
2025-08-01T04:39:47.747684,Schloss Schönbrunn,24,347947
2025-08-01T04:39:47.747684,Schloss Schönbrunn,24,347537
2025-08-01T04:39:47.747684,Schloss Schönbrunn,24,348467
2025-08-01T04:39:47.747684,Schloss Schönbrunn,24,348437
2025-08-01T04:39:47.747684,Schloss Schönbrunn,24,348435
2025-08-01T04:39:47.747684,Schloss Schönbrunn,24,348380
2025-08-01T04:39:47.747684,Schloss Schönbrunn,24,348275
2025-08-01T04:39:47.747684,Schloss Schönbrunn,24,348180
2025-08-01T04:39:47.747684,Schloss Schönbrunn,24,348000
2025-08-01T04:39:47.747684,Eslarngasse / Juchgasse,14,345469
2025-08-01T04:39:47.747684,Eslarngasse / Juchgasse,14,345291
2025-08-01T04:39:47.747684,Eslarngasse / Juchgasse,14,345091
2025-08-01T04:39:47.747684,Eslarngasse / Juchgasse,14,345610
2025-08-01T04:39:47.747684,Eslarngasse / Juchgasse,14,346206
2025-08-01T04:39:47.747684,Eslarngasse / Juchgasse,14,346147
2025-08-01T04:39:47.747684,Eslarngasse / Juchgasse,14,346746
2025-08-01T04:39:47.747684,Eslarngasse / Juchgasse,14,347465
2025-08-01T04:39:47.747684,Eslarngasse / Juchgasse,14,347283
2025-08-01T04:39:47.747684,Eslarngasse / Juchgasse,14,347276
2025-08-01T04:39:47.747684,Eslarngasse / Juchgasse,14,347961
2025-08-01T04:39:47.747684,Eslarngasse / Juchgasse,14,348193
2025-08-01T04:39:47.747684,Eslarngasse / Juchgasse,14,348072
2025-08-01T04:39:47.747684,Eslarngasse / Juchgasse,14,348633
2025-08-01T04:39:47.747684,Plößlgasse / Belvedere,14,345193
2025-08-01T04:39:47.747684,Plößlgasse / Belvedere,14,345109
2025-08-01T04:39:47.747684,Plößlgasse / Belvedere,14,345612
2025-08-01T04:39:47.747684,Plößlgasse / Belvedere,14,345602
2025-08-01T04:39:47.747684,Plößlgasse / Belvedere,14,346408
2025-08-01T04:39:47.747684,Plößlgasse / Belvedere,14,346369
2025-08-01T04:39:47.747684,Plößlgasse / Belvedere,14,346833
2025-08-01T04:39:47.747684,Plößlgasse / Belvedere,14,347323
2025-08-01T04:39:47.747684,Plößlgasse / Belvedere,14,347145
2025-08-01T04:39:47.747684,Plößlgasse / Belvedere,14,347034
2025-08-01T04:39:47.747684,Plößlgasse / Belvedere,14,347811
2025-08-01T04:39:47.747684,Plößlgasse / Belvedere,14,347727
2025-08-01T04:39:47.747684,Plößlgasse / Belvedere,14,348250
2025-08-01T04:39:47.747684,Plößlgasse / Belvedere,14,398715
2025-08-01T04:39:47.747684,Sankt-Elisabeth-Platz,16,345430
2025-08-01T04:39:47.747684,Sankt-Elisabeth-Platz,16,345303
2025-08-01T04:39:47.747684,Sankt-Elisabeth-Platz,16,345914
2025-08-01T04:39:47.747684,Sankt-Elisabeth-Platz,16,345547
2025-08-01T04:39:47.747684,Sankt-Elisabeth-Platz,16,346831
2025-08-01T04:39:47.747684,Sankt-Elisabeth-Platz,16,347468
2025-08-01T04:39:47.747684,Sankt-Elisabeth-Platz,16,347091
2025-08-01T04:39:47.747684,Sankt-Elisabeth-Platz,16,347085
2025-08-01T04:39:47.747684,Sankt-Elisabeth-Platz,16,347013
2025-08-01T04:39:47.747684,Sankt-Elisabeth-Platz,16,347889
2025-08-01T04:39:47.747684,Sankt-Elisabeth-Platz,16,347744
2025-08-01T04:39:47.747684,Sankt-Elisabeth-Platz,16,347632
2025-08-01T04:39:47.747684,Sankt-Elisabeth-Platz,16,347569
2025-08-01T04:39:47.747684,Sankt-Elisabeth-Platz,16,348468
2025-08-01T04:39:47.747684,Sankt-Elisabeth-Platz,16,348059
2025-08-01T04:39:47.747684,Sankt-Elisabeth-Platz,16,348554
2025-08-01T04:39:47.747684,Laudongasse / Schönbornpark,8,345407
2025-08-01T04:39:47.747684,Laudongasse / Schönbornpark,8,345928
2025-08-01T04:39:47.747684,Laudongasse / Schönbornpark,8,345901
2025-08-01T04:39:47.747684,Laudongasse / Schönbornpark,8,346016
2025-08-01T04:39:47.747684,Laudongasse / Schönbornpark,8,347273
2025-08-01T04:39:47.747684,Laudongasse / Schönbornpark,8,347831
2025-08-01T04:39:47.747684,Laudongasse / Schönbornpark,8,348483
2025-08-01T04:39:47.747684,Laudongasse / Schönbornpark,8,398721
2025-08-01T04:39:47.747684,Rossauer Lände U,10,346248
2025-08-01T04:39:47.747684,Rossauer Lände U,10,346205
2025-08-01T04:39:47.747684,Rossauer Lände U,10,346082
2025-08-01T04:39:47.747684,Rossauer Lände U,10,346065
2025-08-01T04:39:47.747684,Rossauer Lände U,10,346937
2025-08-01T04:39:47.747684,Rossauer Lände U,10,346927
2025-08-01T04:39:47.747684,Rossauer Lände U,10,346888
2025-08-01T04:39:47.747684,Rossauer Lände U,10,347740
2025-08-01T04:39:47.747684,Rossauer Lände U,10,348398
2025-08-01T04:39:47.747684,Rossauer Lände U,10,348324
2025-08-01T04:39:47.747684,Lazarettgasse,20,345453
2025-08-01T04:39:47.747684,Lazarettgasse,20,345374
2025-08-01T04:39:47.747684,Lazarettgasse,20,345966
2025-08-01T04:39:47.747684,Lazarettgasse,20,345964
2025-08-01T04:39:47.747684,Lazarettgasse,20,345894
2025-08-01T04:39:47.747684,Lazarettgasse,20,345775
2025-08-01T04:39:47.747684,Lazarettgasse,20,345691
2025-08-01T04:39:47.747684,Lazarettgasse,20,345554
2025-08-01T04:39:47.747684,Lazarettgasse,20,346377
2025-08-01T04:39:47.747684,Lazarettgasse,20,346012
2025-08-01T04:39:47.747684,Lazarettgasse,20,346959
2025-08-01T04:39:47.747684,Lazarettgasse,20,346712
2025-08-01T04:39:47.747684,Lazarettgasse,20,347002
2025-08-01T04:39:47.747684,Lazarettgasse,20,347804
2025-08-01T04:39:47.747684,Lazarettgasse,20,347702
2025-08-01T04:39:47.747684,Lazarettgasse,20,347587
2025-08-01T04:39:47.747684,Lazarettgasse,20,347538
2025-08-01T04:39:47.747684,Lazarettgasse,20,348329
2025-08-01T04:39:47.747684,Lazarettgasse,20,348107
2025-08-01T04:39:47.747684,Lazarettgasse,20,348645
2025-08-01T04:39:47.747684,Edelsinnstraße,4,345194
2025-08-01T04:39:47.747684,Edelsinnstraße,4,346771
2025-08-01T04:39:47.747684,Edelsinnstraße,4,346761
2025-08-01T04:39:47.747684,Edelsinnstraße,4,347907
2025-08-01T04:39:47.747684,Karlsplatz U / TU Wien,3,347439
2025-08-01T04:39:47.747684,Karlsplatz U / TU Wien,3,347200
2025-08-01T04:39:47.747684,Karlsplatz U / TU Wien,3,347873
2025-08-01T04:39:47.747684,Amerlingstraße,1,347590
2025-08-01T04:39:47.747684,Albertgasse,14,345341
2025-08-01T04:39:47.747684,Albertgasse,14,345992
2025-08-01T04:39:47.747684,Albertgasse,14,346467
2025-08-01T04:39:47.747684,Albertgasse,14,346887
2025-08-01T04:39:47.747684,Albertgasse,14,346795
2025-08-01T04:39:47.747684,Albertgasse,14,346608
2025-08-01T04:39:47.747684,Albertgasse,14,346582
2025-08-01T04:39:47.747684,Albertgasse,14,346573
2025-08-01T04:39:47.747684,Albertgasse,14,347025
2025-08-01T04:39:47.747684,Albertgasse,14,347759
2025-08-01T04:39:47.747684,Albertgasse,14,348293
2025-08-01T04:39:47.747684,Albertgasse,14,348084
2025-08-01T04:39:47.747684,Albertgasse,14,348027
2025-08-01T04:39:47.747684,Albertgasse,14,348009
2025-08-01T04:39:47.747684,Sensengasse,6,345278
2025-08-01T04:39:47.747684,Sensengasse,6,346212
2025-08-01T04:39:47.747684,Sensengasse,6,346081
2025-08-01T04:39:47.747684,Sensengasse,6,346076
2025-08-01T04:39:47.747684,Sensengasse,6,346977
2025-08-01T04:39:47.747684,Sensengasse,6,348264
2025-08-01T04:39:47.747684,Belgradplatz,4,345242
2025-08-01T04:39:47.747684,Belgradplatz,4,345585
2025-08-01T04:39:47.747684,Belgradplatz,4,348145
2025-08-01T04:39:47.747684,Belgradplatz,4,348665
2025-08-01T04:39:47.747684,Arbeitergasse - Gürtel,17,345031
2025-08-01T04:39:47.747684,Arbeitergasse - Gürtel,17,345843
2025-08-01T04:39:47.747684,Arbeitergasse - Gürtel,17,346481
2025-08-01T04:39:47.747684,Arbeitergasse - Gürtel,17,346194
2025-08-01T04:39:47.747684,Arbeitergasse - Gürtel,17,346773
2025-08-01T04:39:47.747684,Arbeitergasse - Gürtel,17,346674
2025-08-01T04:39:47.747684,Arbeitergasse - Gürtel,17,346661
2025-08-01T04:39:47.747684,Arbeitergasse - Gürtel,17,346517
2025-08-01T04:39:47.747684,Arbeitergasse - Gürtel,17,346513
2025-08-01T04:39:47.747684,Arbeitergasse - Gürtel,17,347251
2025-08-01T04:39:47.747684,Arbeitergasse - Gürtel,17,347139
2025-08-01T04:39:47.747684,Arbeitergasse - Gürtel,17,347787
2025-08-01T04:39:47.747684,Arbeitergasse - Gürtel,17,347755
2025-08-01T04:39:47.747684,Arbeitergasse - Gürtel,17,348362
2025-08-01T04:39:47.747684,Arbeitergasse - Gürtel,17,348607
2025-08-01T04:39:47.747684,Arbeitergasse - Gürtel,17,348556
2025-08-01T04:39:47.747684,Arbeitergasse - Gürtel,17,348516
2025-08-01T04:39:47.747684,Bauernfeldplatz / Palais Lichtenstein,17,345384
2025-08-01T04:39:47.747684,Bauernfeldplatz / Palais Lichtenstein,17,345250
2025-08-01T04:39:47.747684,Bauernfeldplatz / Palais Lichtenstein,17,345195
2025-08-01T04:39:47.747684,Bauernfeldplatz / Palais Lichtenstein,17,345045
2025-08-01T04:39:47.747684,Bauernfeldplatz / Palais Lichtenstein,17,345596
2025-08-01T04:39:47.747684,Bauernfeldplatz / Palais Lichtenstein,17,345563
2025-08-01T04:39:47.747684,Bauernfeldplatz / Palais Lichtenstein,17,345519
2025-08-01T04:39:47.747684,Bauernfeldplatz / Palais Lichtenstein,17,346249
2025-08-01T04:39:47.747684,Bauernfeldplatz / Palais Lichtenstein,17,346148
2025-08-01T04:39:47.747684,Bauernfeldplatz / Palais Lichtenstein,17,346750
2025-08-01T04:39:47.747684,Bauernfeldplatz / Palais Lichtenstein,17,347487
2025-08-01T04:39:47.747684,Bauernfeldplatz / Palais Lichtenstein,17,347400
2025-08-01T04:39:47.747684,Bauernfeldplatz / Palais Lichtenstein,17,347820
2025-08-01T04:39:47.747684,Bauernfeldplatz / Palais Lichtenstein,17,347558
2025-08-01T04:39:47.747684,Bauernfeldplatz / Palais Lichtenstein,17,348232
2025-08-01T04:39:47.747684,Bauernfeldplatz / Palais Lichtenstein,17,348141
2025-08-01T04:39:47.747684,Bauernfeldplatz / Palais Lichtenstein,17,348055
2025-08-01T04:39:47.747684,Johannesgasse / Stadtpark,7,345935
2025-08-01T04:39:47.747684,Johannesgasse / Stadtpark,7,346363
2025-08-01T04:39:47.747684,Johannesgasse / Stadtpark,7,346316
2025-08-01T04:39:47.747684,Johannesgasse / Stadtpark,7,346071
2025-08-01T04:39:47.747684,Johannesgasse / Stadtpark,7,346816
2025-08-01T04:39:47.747684,Johannesgasse / Stadtpark,7,346618
2025-08-01T04:39:47.747684,Johannesgasse / Stadtpark,7,348112
2025-08-01T04:39:47.747684,Am Schöpfwerk U,13,345399
2025-08-01T04:39:47.747684,Am Schöpfwerk U,13,345321
2025-08-01T04:39:47.747684,Am Schöpfwerk U,13,345885
2025-08-01T04:39:47.747684,Am Schöpfwerk U,13,346877
2025-08-01T04:39:47.747684,Am Schöpfwerk U,13,346852
2025-08-01T04:39:47.747684,Am Schöpfwerk U,13,346558
2025-08-01T04:39:47.747684,Am Schöpfwerk U,13,347459
2025-08-01T04:39:47.747684,Am Schöpfwerk U,13,347365
2025-08-01T04:39:47.747684,Am Schöpfwerk U,13,347213
2025-08-01T04:39:47.747684,Am Schöpfwerk U,13,347933
2025-08-01T04:39:47.747684,Am Schöpfwerk U,13,347825
2025-08-01T04:39:47.747684,Am Schöpfwerk U,13,398725
2025-08-01T04:39:47.747684,Am Schöpfwerk U,13,398724
2025-08-01T04:39:47.747684,Alserbachstraße,39,345287
2025-08-01T04:39:47.747684,Alserbachstraße,39,345233
2025-08-01T04:39:47.747684,Alserbachstraße,39,345196
2025-08-01T04:39:47.747684,Alserbachstraße,39,345131
2025-08-01T04:39:47.747684,Alserbachstraße,39,345071
2025-08-01T04:39:47.747684,Alserbachstraße,39,345989
2025-08-01T04:39:47.747684,Alserbachstraße,39,345932
2025-08-01T04:39:47.747684,Alserbachstraße,39,345815
2025-08-01T04:39:47.747684,Alserbachstraße,39,345717
2025-08-01T04:39:47.747684,Alserbachstraße,39,345700
2025-08-01T04:39:47.747684,Alserbachstraße,39,345674
2025-08-01T04:39:47.747684,Alserbachstraße,39,345650
2025-08-01T04:39:47.747684,Alserbachstraße,39,345589
2025-08-01T04:39:47.747684,Alserbachstraße,39,346338
2025-08-01T04:39:47.747684,Alserbachstraße,39,346335
2025-08-01T04:39:47.747684,Alserbachstraße,39,346085
2025-08-01T04:39:47.747684,Alserbachstraße,39,346041
2025-08-01T04:39:47.747684,Alserbachstraße,39,346953
2025-08-01T04:39:47.747684,Alserbachstraße,39,346883
2025-08-01T04:39:47.747684,Alserbachstraße,39,346860
2025-08-01T04:39:47.747684,Alserbachstraße,39,346814
2025-08-01T04:39:47.747684,Alserbachstraße,39,346749
2025-08-01T04:39:47.747684,Alserbachstraße,39,346621
2025-08-01T04:39:47.747684,Alserbachstraße,39,347467
2025-08-01T04:39:47.747684,Alserbachstraße,39,347241
2025-08-01T04:39:47.747684,Alserbachstraße,39,347122
2025-08-01T04:39:47.747684,Alserbachstraße,39,347003
2025-08-01T04:39:47.747684,Alserbachstraße,39,347931
2025-08-01T04:39:47.747684,Alserbachstraße,39,347869
2025-08-01T04:39:47.747684,Alserbachstraße,39,347535
2025-08-01T04:39:47.747684,Alserbachstraße,39,348431
2025-08-01T04:39:47.747684,Alserbachstraße,39,348426
2025-08-01T04:39:47.747684,Alserbachstraße,39,348159
2025-08-01T04:39:47.747684,Alserbachstraße,39,348143
2025-08-01T04:39:47.747684,Alserbachstraße,39,348016
2025-08-01T04:39:47.747684,Alserbachstraße,39,348004
2025-08-01T04:39:47.747684,Alserbachstraße,39,398738
2025-08-01T04:39:47.747684,Alserbachstraße,39,398718
2025-08-01T04:39:47.747684,Alserbachstraße,39,349025
2025-08-01T04:39:47.747684,Petrusgasse,23,345346
2025-08-01T04:39:47.747684,Petrusgasse,23,345849
2025-08-01T04:39:47.747684,Petrusgasse,23,345818
2025-08-01T04:39:47.747684,Petrusgasse,23,345570
2025-08-01T04:39:47.747684,Petrusgasse,23,346064
2025-08-01T04:39:47.747684,Petrusgasse,23,346037
2025-08-01T04:39:47.747684,Petrusgasse,23,346970
2025-08-01T04:39:47.747684,Petrusgasse,23,346969
2025-08-01T04:39:47.747684,Petrusgasse,23,346923
2025-08-01T04:39:47.747684,Petrusgasse,23,346858
2025-08-01T04:39:47.747684,Petrusgasse,23,346828
2025-08-01T04:39:47.747684,Petrusgasse,23,346680
2025-08-01T04:39:47.747684,Petrusgasse,23,347299
2025-08-01T04:39:47.747684,Petrusgasse,23,347863
2025-08-01T04:39:47.747684,Petrusgasse,23,347725
2025-08-01T04:39:47.747684,Petrusgasse,23,347683
2025-08-01T04:39:47.747684,Petrusgasse,23,347627
2025-08-01T04:39:47.747684,Petrusgasse,23,347557
2025-08-01T04:39:47.747684,Petrusgasse,23,347523
2025-08-01T04:39:47.747684,Petrusgasse,23,348449
2025-08-01T04:39:47.747684,Petrusgasse,23,348325
2025-08-01T04:39:47.747684,Petrusgasse,23,348137
2025-08-01T04:39:47.747684,Petrusgasse,23,348530
2025-08-01T04:39:47.747684,Wassergasse,6,346364
2025-08-01T04:39:47.747684,Wassergasse,6,347772
2025-08-01T04:39:47.747684,Wassergasse,6,348479
2025-08-01T04:39:47.747684,Wassergasse,6,348364
2025-08-01T04:39:47.747684,Wassergasse,6,348124
2025-08-01T04:39:47.747684,Wassergasse,6,348049
2025-08-01T04:39:47.747684,Löwengasse,18,345491
2025-08-01T04:39:47.747684,Löwengasse,18,345466
2025-08-01T04:39:47.747684,Löwengasse,18,345102
2025-08-01T04:39:47.747684,Löwengasse,18,345952
2025-08-01T04:39:47.747684,Löwengasse,18,345593
2025-08-01T04:39:47.747684,Löwengasse,18,346235
2025-08-01T04:39:47.747684,Löwengasse,18,346218
2025-08-01T04:39:47.747684,Löwengasse,18,346184
2025-08-01T04:39:47.747684,Löwengasse,18,346146
2025-08-01T04:39:47.747684,Löwengasse,18,346954
2025-08-01T04:39:47.747684,Löwengasse,18,346884
2025-08-01T04:39:47.747684,Löwengasse,18,347195
2025-08-01T04:39:47.747684,Löwengasse,18,347986
2025-08-01T04:39:47.747684,Löwengasse,18,347625
2025-08-01T04:39:47.747684,Löwengasse,18,348402
2025-08-01T04:39:47.747684,Löwengasse,18,348149
2025-08-01T04:39:47.747684,Löwengasse,18,348045
2025-08-01T04:39:47.747684,Löwengasse,18,348015
2025-08-01T04:39:47.747684,Kardinal-Nagl-Platz U,10,345590
2025-08-01T04:39:47.747684,Kardinal-Nagl-Platz U,10,346229
2025-08-01T04:39:47.747684,Kardinal-Nagl-Platz U,10,346984
2025-08-01T04:39:47.747684,Kardinal-Nagl-Platz U,10,347409
2025-08-01T04:39:47.747684,Kardinal-Nagl-Platz U,10,347143
2025-08-01T04:39:47.747684,Kardinal-Nagl-Platz U,10,348397
2025-08-01T04:39:47.747684,Kardinal-Nagl-Platz U,10,348190
2025-08-01T04:39:47.747684,Kardinal-Nagl-Platz U,10,348620
2025-08-01T04:39:47.747684,Kardinal-Nagl-Platz U,10,348541
2025-08-01T04:39:47.747684,Kardinal-Nagl-Platz U,10,348877
2025-08-01T04:39:47.747684,Kärntner Ring,4,347281
2025-08-01T04:39:47.747684,Kärntner Ring,4,347261
2025-08-01T04:39:47.747684,Kärntner Ring,4,347051
2025-08-01T04:39:47.747684,Kärntner Ring,4,347028
2025-08-01T04:39:47.747684,Schottenring U,13,345440
2025-08-01T04:39:47.747684,Schottenring U,13,345167
2025-08-01T04:39:47.747684,Schottenring U,13,345129
2025-08-01T04:39:47.747684,Schottenring U,13,346416
2025-08-01T04:39:47.747684,Schottenring U,13,346414
2025-08-01T04:39:47.747684,Schottenring U,13,346925
2025-08-01T04:39:47.747684,Schottenring U,13,346845
2025-08-01T04:39:47.747684,Schottenring U,13,346664
2025-08-01T04:39:47.747684,Schottenring U,13,347186
2025-08-01T04:39:47.747684,Schottenring U,13,347018
2025-08-01T04:39:47.747684,Schottenring U,13,348244
2025-08-01T04:39:47.747684,Schottenring U,13,348711
2025-08-01T04:39:47.747684,Schottenring U,13,348656
2025-08-01T04:39:47.747684,Strozzigasse,4,345272
2025-08-01T04:39:47.747684,Strozzigasse,4,345008
2025-08-01T04:39:47.747684,Strozzigasse,4,348489
2025-08-01T04:39:47.747684,Strozzigasse,4,348071
2025-08-01T04:39:47.747684,Yppengasse,16,345313
2025-08-01T04:39:47.747684,Yppengasse,16,346381
2025-08-01T04:39:47.747684,Yppengasse,16,346835
2025-08-01T04:39:47.747684,Yppengasse,16,346714
2025-08-01T04:39:47.747684,Yppengasse,16,346660
2025-08-01T04:39:47.747684,Yppengasse,16,347472
2025-08-01T04:39:47.747684,Yppengasse,16,347354
2025-08-01T04:39:47.747684,Yppengasse,16,347196
2025-08-01T04:39:47.747684,Yppengasse,16,347092
2025-08-01T04:39:47.747684,Yppengasse,16,347011
2025-08-01T04:39:47.747684,Yppengasse,16,347738
2025-08-01T04:39:47.747684,Yppengasse,16,347598
2025-08-01T04:39:47.747684,Yppengasse,16,348415
2025-08-01T04:39:47.747684,Yppengasse,16,348691
2025-08-01T04:39:47.747684,Yppengasse,16,348522
2025-08-01T04:39:47.747684,Yppengasse,16,398722
2025-08-01T04:39:47.747684,Brünnlbadgasse,11,345897
2025-08-01T04:39:47.747684,Brünnlbadgasse,11,345562
2025-08-01T04:39:47.747684,Brünnlbadgasse,11,346454
2025-08-01T04:39:47.747684,Brünnlbadgasse,11,346733
2025-08-01T04:39:47.747684,Brünnlbadgasse,11,347466
2025-08-01T04:39:47.747684,Brünnlbadgasse,11,347348
2025-08-01T04:39:47.747684,Brünnlbadgasse,11,347259
2025-08-01T04:39:47.747684,Brünnlbadgasse,11,347966
2025-08-01T04:39:47.747684,Brünnlbadgasse,11,348312
2025-08-01T04:39:47.747684,Brünnlbadgasse,11,348560
2025-08-01T04:39:47.747684,Brünnlbadgasse,11,348547
2025-08-01T04:39:47.747684,Obere Augartenstraße,22,345480
2025-08-01T04:39:47.747684,Obere Augartenstraße,22,345417
2025-08-01T04:39:47.747684,Obere Augartenstraße,22,345348
2025-08-01T04:39:47.747684,Obere Augartenstraße,22,345156
2025-08-01T04:39:47.747684,Obere Augartenstraße,22,345152
2025-08-01T04:39:47.747684,Obere Augartenstraße,22,345148
2025-08-01T04:39:47.747684,Obere Augartenstraße,22,345983
2025-08-01T04:39:47.747684,Obere Augartenstraße,22,345663
2025-08-01T04:39:47.747684,Obere Augartenstraße,22,346499
2025-08-01T04:39:47.747684,Obere Augartenstraße,22,346293
2025-08-01T04:39:47.747684,Obere Augartenstraße,22,346006
2025-08-01T04:39:47.747684,Obere Augartenstraße,22,346885
2025-08-01T04:39:47.747684,Obere Augartenstraße,22,346631
2025-08-01T04:39:47.747684,Obere Augartenstraße,22,346628
2025-08-01T04:39:47.747684,Obere Augartenstraße,22,346610
2025-08-01T04:39:47.747684,Obere Augartenstraße,22,347284
2025-08-01T04:39:47.747684,Obere Augartenstraße,22,347641
2025-08-01T04:39:47.747684,Obere Augartenstraße,22,347542
2025-08-01T04:39:47.747684,Obere Augartenstraße,22,347506
2025-08-01T04:39:47.747684,Obere Augartenstraße,22,348280
2025-08-01T04:39:47.747684,Obere Augartenstraße,22,348202
2025-08-01T04:39:47.747684,Obere Augartenstraße,22,348606
2025-08-01T04:39:47.747684,Gußhausstraße / Argentinierstraße,3,346045
2025-08-01T04:39:47.747684,Gußhausstraße / Argentinierstraße,3,348355
2025-08-01T04:39:47.747684,Gußhausstraße / Argentinierstraße,3,348611
2025-08-01T04:39:47.747684,Marschallplatz,11,345777
2025-08-01T04:39:47.747684,Marschallplatz,11,345715
2025-08-01T04:39:47.747684,Marschallplatz,11,345646
2025-08-01T04:39:47.747684,Marschallplatz,11,346428
2025-08-01T04:39:47.747684,Marschallplatz,11,346401
2025-08-01T04:39:47.747684,Marschallplatz,11,346214
2025-08-01T04:39:47.747684,Marschallplatz,11,346142
2025-08-01T04:39:47.747684,Marschallplatz,11,346645
2025-08-01T04:39:47.747684,Marschallplatz,11,347950
2025-08-01T04:39:47.747684,Marschallplatz,11,348111
2025-08-01T04:39:47.747684,Marschallplatz,11,348676
2025-08-01T04:39:47.747684,Ober St. Veit U,17,345340
2025-08-01T04:39:47.747684,Ober St. Veit U,17,345249
2025-08-01T04:39:47.747684,Ober St. Veit U,17,345124
2025-08-01T04:39:47.747684,Ober St. Veit U,17,345772
2025-08-01T04:39:47.747684,Ober St. Veit U,17,345764
2025-08-01T04:39:47.747684,Ober St. Veit U,17,345617
2025-08-01T04:39:47.747684,Ober St. Veit U,17,346464
2025-08-01T04:39:47.747684,Ober St. Veit U,17,346441
2025-08-01T04:39:47.747684,Ober St. Veit U,17,346827
2025-08-01T04:39:47.747684,Ober St. Veit U,17,346732
2025-08-01T04:39:47.747684,Ober St. Veit U,17,346669
2025-08-01T04:39:47.747684,Ober St. Veit U,17,346599
2025-08-01T04:39:47.747684,Ober St. Veit U,17,347331
2025-08-01T04:39:47.747684,Ober St. Veit U,17,347123
2025-08-01T04:39:47.747684,Ober St. Veit U,17,347595
2025-08-01T04:39:47.747684,Ober St. Veit U,17,348622
2025-08-01T04:39:47.747684,Ober St. Veit U,17,348581
2025-08-01T04:39:47.747684,Auf der Schmelz,14,345496
2025-08-01T04:39:47.747684,Auf der Schmelz,14,345403
2025-08-01T04:39:47.747684,Auf der Schmelz,14,345304
2025-08-01T04:39:47.747684,Auf der Schmelz,14,345936
2025-08-01T04:39:47.747684,Auf der Schmelz,14,345872
2025-08-01T04:39:47.747684,Auf der Schmelz,14,345668
2025-08-01T04:39:47.747684,Auf der Schmelz,14,345564
2025-08-01T04:39:47.747684,Auf der Schmelz,14,346389
2025-08-01T04:39:47.747684,Auf der Schmelz,14,346376
2025-08-01T04:39:47.747684,Auf der Schmelz,14,346370
2025-08-01T04:39:47.747684,Auf der Schmelz,14,346673
2025-08-01T04:39:47.747684,Auf der Schmelz,14,346670
2025-08-01T04:39:47.747684,Auf der Schmelz,14,347009
2025-08-01T04:39:47.747684,Auf der Schmelz,14,347570
2025-08-01T04:39:47.747684,Grimmgasse,9,345251
2025-08-01T04:39:47.747684,Grimmgasse,9,345106
2025-08-01T04:39:47.747684,Grimmgasse,9,345522
2025-08-01T04:39:47.747684,Grimmgasse,9,346745
2025-08-01T04:39:47.747684,Grimmgasse,9,347256
2025-08-01T04:39:47.747684,Grimmgasse,9,347192
2025-08-01T04:39:47.747684,Grimmgasse,9,347613
2025-08-01T04:39:47.747684,Grimmgasse,9,348388
2025-08-01T04:39:47.747684,Grimmgasse,9,348523
2025-08-01T04:39:47.747684,Parhamerplatz,22,345464
2025-08-01T04:39:47.747684,Parhamerplatz,22,345451
2025-08-01T04:39:47.747684,Parhamerplatz,22,345206
2025-08-01T04:39:47.747684,Parhamerplatz,22,345088
2025-08-01T04:39:47.747684,Parhamerplatz,22,345990
2025-08-01T04:39:47.747684,Parhamerplatz,22,345969
2025-08-01T04:39:47.747684,Parhamerplatz,22,345761
2025-08-01T04:39:47.747684,Parhamerplatz,22,346442
2025-08-01T04:39:47.747684,Parhamerplatz,22,346314
2025-08-01T04:39:47.747684,Parhamerplatz,22,346101
2025-08-01T04:39:47.747684,Parhamerplatz,22,346052
2025-08-01T04:39:47.747684,Parhamerplatz,22,346574
2025-08-01T04:39:47.747684,Parhamerplatz,22,347498
2025-08-01T04:39:47.747684,Parhamerplatz,22,347484
2025-08-01T04:39:47.747684,Parhamerplatz,22,347406
2025-08-01T04:39:47.747684,Parhamerplatz,22,347322
2025-08-01T04:39:47.747684,Parhamerplatz,22,347721
2025-08-01T04:39:47.747684,Parhamerplatz,22,348334
2025-08-01T04:39:47.747684,Parhamerplatz,22,348303
2025-08-01T04:39:47.747684,Parhamerplatz,22,348252
2025-08-01T04:39:47.747684,Parhamerplatz,22,348249
2025-08-01T04:39:47.747684,Parhamerplatz,22,348635
2025-08-01T04:39:47.747684,Kendlerstraße U,10,345462
2025-08-01T04:39:47.747684,Kendlerstraße U,10,345416
2025-08-01T04:39:47.747684,Kendlerstraße U,10,345652
2025-08-01T04:39:47.747684,Kendlerstraße U,10,346340
2025-08-01T04:39:47.747684,Kendlerstraße U,10,346151
2025-08-01T04:39:47.747684,Kendlerstraße U,10,346837
2025-08-01T04:39:47.747684,Kendlerstraße U,10,346699
2025-08-01T04:39:47.747684,Kendlerstraße U,10,348155
2025-08-01T04:39:47.747684,Kendlerstraße U,10,348151
2025-08-01T04:39:47.747684,Kendlerstraße U,10,348130
2025-08-01T04:39:47.747684,Dornerplatz,13,345474
2025-08-01T04:39:47.747684,Dornerplatz,13,345317
2025-08-01T04:39:47.747684,Dornerplatz,13,345729
2025-08-01T04:39:47.747684,Dornerplatz,13,345628
2025-08-01T04:39:47.747684,Dornerplatz,13,346080
2025-08-01T04:39:47.747684,Dornerplatz,13,346981
2025-08-01T04:39:47.747684,Dornerplatz,13,346863
2025-08-01T04:39:47.747684,Dornerplatz,13,346731
2025-08-01T04:39:47.747684,Dornerplatz,13,346504
2025-08-01T04:39:47.747684,Dornerplatz,13,347435
2025-08-01T04:39:47.747684,Dornerplatz,13,347317
2025-08-01T04:39:47.747684,Dornerplatz,13,347074
2025-08-01T04:39:47.747684,Dornerplatz,13,348421
2025-08-01T04:39:47.747684,Hernals S,15,345358
2025-08-01T04:39:47.747684,Hernals S,15,345294
2025-08-01T04:39:47.747684,Hernals S,15,345830
2025-08-01T04:39:47.747684,Hernals S,15,345755
2025-08-01T04:39:47.747684,Hernals S,15,345669
2025-08-01T04:39:47.747684,Hernals S,15,346462
2025-08-01T04:39:47.747684,Hernals S,15,346204
2025-08-01T04:39:47.747684,Hernals S,15,346529
2025-08-01T04:39:47.747684,Hernals S,15,347280
2025-08-01T04:39:47.747684,Hernals S,15,347203
2025-08-01T04:39:47.747684,Hernals S,15,347943
2025-08-01T04:39:47.747684,Hernals S,15,347793
2025-08-01T04:39:47.747684,Hernals S,15,347672
2025-08-01T04:39:47.747684,Hernals S,15,347670
2025-08-01T04:39:47.747684,Hernals S,15,348590
2025-08-01T04:39:47.747684,Schmelzbrücke,16,345388
2025-08-01T04:39:47.747684,Schmelzbrücke,16,345307
2025-08-01T04:39:47.747684,Schmelzbrücke,16,345903
2025-08-01T04:39:47.747684,Schmelzbrücke,16,346131
2025-08-01T04:39:47.747684,Schmelzbrücke,16,346068
2025-08-01T04:39:47.747684,Schmelzbrücke,16,346051
2025-08-01T04:39:47.747684,Schmelzbrücke,16,346649
2025-08-01T04:39:47.747684,Schmelzbrücke,16,346632
2025-08-01T04:39:47.747684,Schmelzbrücke,16,347442
2025-08-01T04:39:47.747684,Schmelzbrücke,16,347163
2025-08-01T04:39:47.747684,Schmelzbrücke,16,347562
2025-08-01T04:39:47.747684,Schmelzbrücke,16,348297
2025-08-01T04:39:47.747684,Schmelzbrücke,16,348269
2025-08-01T04:39:47.747684,Schmelzbrücke,16,348166
2025-08-01T04:39:47.747684,Schmelzbrücke,16,348161
2025-08-01T04:39:47.747684,Schmelzbrücke,16,348088
2025-08-01T04:39:47.747684,Michelbeuern-AKH U,14,345011
2025-08-01T04:39:47.747684,Michelbeuern-AKH U,14,345884
2025-08-01T04:39:47.747684,Michelbeuern-AKH U,14,345880
2025-08-01T04:39:47.747684,Michelbeuern-AKH U,14,345814
2025-08-01T04:39:47.747684,Michelbeuern-AKH U,14,345769
2025-08-01T04:39:47.747684,Michelbeuern-AKH U,14,345631
2025-08-01T04:39:47.747684,Michelbeuern-AKH U,14,346991
2025-08-01T04:39:47.747684,Michelbeuern-AKH U,14,346808
2025-08-01T04:39:47.747684,Michelbeuern-AKH U,14,346689
2025-08-01T04:39:47.747684,Michelbeuern-AKH U,14,346586
2025-08-01T04:39:47.747684,Michelbeuern-AKH U,14,347440
2025-08-01T04:39:47.747684,Michelbeuern-AKH U,14,347210
2025-08-01T04:39:47.747684,Michelbeuern-AKH U,14,347928
2025-08-01T04:39:47.747684,Michelbeuern-AKH U,14,348057
2025-08-01T04:39:47.747684,Johann-Nepomuk-Vogl-Platz,15,345427
2025-08-01T04:39:47.747684,Johann-Nepomuk-Vogl-Platz,15,345918
2025-08-01T04:39:47.747684,Johann-Nepomuk-Vogl-Platz,15,345582
2025-08-01T04:39:47.747684,Johann-Nepomuk-Vogl-Platz,15,346129
2025-08-01T04:39:47.747684,Johann-Nepomuk-Vogl-Platz,15,346932
2025-08-01T04:39:47.747684,Johann-Nepomuk-Vogl-Platz,15,346930
2025-08-01T04:39:47.747684,Johann-Nepomuk-Vogl-Platz,15,346794
2025-08-01T04:39:47.747684,Johann-Nepomuk-Vogl-Platz,15,346595
2025-08-01T04:39:47.747684,Johann-Nepomuk-Vogl-Platz,15,346577
2025-08-01T04:39:47.747684,Johann-Nepomuk-Vogl-Platz,15,347474
2025-08-01T04:39:47.747684,Johann-Nepomuk-Vogl-Platz,15,347455
2025-08-01T04:39:47.747684,Johann-Nepomuk-Vogl-Platz,15,347133
2025-08-01T04:39:47.747684,Johann-Nepomuk-Vogl-Platz,15,347887
2025-08-01T04:39:47.747684,Johann-Nepomuk-Vogl-Platz,15,348173
2025-08-01T04:39:47.747684,Johann-Nepomuk-Vogl-Platz,15,398733
2025-08-01T04:39:47.747684,Mayerhofgasse,5,346332
2025-08-01T04:39:47.747684,Mayerhofgasse,5,347430
2025-08-01T04:39:47.747684,Mayerhofgasse,5,347382
2025-08-01T04:39:47.747684,Mayerhofgasse,5,348233
2025-08-01T04:39:47.747684,Mayerhofgasse,5,348661
2025-08-01T04:39:47.747684,Vorgartenstraße U,27,345326
2025-08-01T04:39:47.747684,Vorgartenstraße U,27,345246
2025-08-01T04:39:47.747684,Vorgartenstraße U,27,345077
2025-08-01T04:39:47.747684,Vorgartenstraße U,27,345019
2025-08-01T04:39:47.747684,Vorgartenstraße U,27,345957
2025-08-01T04:39:47.747684,Vorgartenstraße U,27,345781
2025-08-01T04:39:47.747684,Vorgartenstraße U,27,346421
2025-08-01T04:39:47.747684,Vorgartenstraße U,27,346362
2025-08-01T04:39:47.747684,Vorgartenstraße U,27,346175
2025-08-01T04:39:47.747684,Vorgartenstraße U,27,346057
2025-08-01T04:39:47.747684,Vorgartenstraße U,27,346943
2025-08-01T04:39:47.747684,Vorgartenstraße U,27,346752
2025-08-01T04:39:47.747684,Vorgartenstraße U,27,346719
2025-08-01T04:39:47.747684,Vorgartenstraße U,27,347147
2025-08-01T04:39:47.747684,Vorgartenstraße U,27,347054
2025-08-01T04:39:47.747684,Vorgartenstraße U,27,347951
2025-08-01T04:39:47.747684,Vorgartenstraße U,27,347736
2025-08-01T04:39:47.747684,Vorgartenstraße U,27,347607
2025-08-01T04:39:47.747684,Vorgartenstraße U,27,348326
2025-08-01T04:39:47.747684,Vorgartenstraße U,27,348318
2025-08-01T04:39:47.747684,Vorgartenstraße U,27,348276
2025-08-01T04:39:47.747684,Vorgartenstraße U,27,348185
2025-08-01T04:39:47.747684,Vorgartenstraße U,27,348109
2025-08-01T04:39:47.747684,Vorgartenstraße U,27,348095
2025-08-01T04:39:47.747684,Vorgartenstraße U,27,348022
2025-08-01T04:39:47.747684,Vorgartenstraße U,27,348601
2025-08-01T04:39:47.747684,Vorgartenstraße U,27,348594
2025-08-01T04:39:47.747684,Krieau U,25,345275
2025-08-01T04:39:47.747684,Krieau U,25,345978
2025-08-01T04:39:47.747684,Krieau U,25,345746
2025-08-01T04:39:47.747684,Krieau U,25,346135
2025-08-01T04:39:47.747684,Krieau U,25,346942
2025-08-01T04:39:47.747684,Krieau U,25,346889
2025-08-01T04:39:47.747684,Krieau U,25,346785
2025-08-01T04:39:47.747684,Krieau U,25,346531
2025-08-01T04:39:47.747684,Krieau U,25,346512
2025-08-01T04:39:47.747684,Krieau U,25,347346
2025-08-01T04:39:47.747684,Krieau U,25,347343
2025-08-01T04:39:47.747684,Krieau U,25,347264
2025-08-01T04:39:47.747684,Krieau U,25,347227
2025-08-01T04:39:47.747684,Krieau U,25,347120
2025-08-01T04:39:47.747684,Krieau U,25,347896
2025-08-01T04:39:47.747684,Krieau U,25,347580
2025-08-01T04:39:47.747684,Krieau U,25,347507
2025-08-01T04:39:47.747684,Krieau U,25,348463
2025-08-01T04:39:47.747684,Krieau U,25,348448
2025-08-01T04:39:47.747684,Krieau U,25,348230
2025-08-01T04:39:47.747684,Krieau U,25,348140
2025-08-01T04:39:47.747684,Krieau U,25,348122
2025-08-01T04:39:47.747684,Krieau U,25,348669
2025-08-01T04:39:47.747684,Krieau U,25,348615
2025-08-01T04:39:47.747684,Krieau U,25,348593
2025-08-01T04:39:47.747684,Ottakring S U,25,345208
2025-08-01T04:39:47.747684,Ottakring S U,25,345855
2025-08-01T04:39:47.747684,Ottakring S U,25,345747
2025-08-01T04:39:47.747684,Ottakring S U,25,345716
2025-08-01T04:39:47.747684,Ottakring S U,25,346305
2025-08-01T04:39:47.747684,Ottakring S U,25,346107
2025-08-01T04:39:47.747684,Ottakring S U,25,346989
2025-08-01T04:39:47.747684,Ottakring S U,25,346856
2025-08-01T04:39:47.747684,Ottakring S U,25,346797
2025-08-01T04:39:47.747684,Ottakring S U,25,346780
2025-08-01T04:39:47.747684,Ottakring S U,25,347316
2025-08-01T04:39:47.747684,Ottakring S U,25,347224
2025-08-01T04:39:47.747684,Ottakring S U,25,347107
2025-08-01T04:39:47.747684,Ottakring S U,25,347046
2025-08-01T04:39:47.747684,Ottakring S U,25,347010
2025-08-01T04:39:47.747684,Ottakring S U,25,347007
2025-08-01T04:39:47.747684,Ottakring S U,25,347006
2025-08-01T04:39:47.747684,Ottakring S U,25,347778
2025-08-01T04:39:47.747684,Ottakring S U,25,347693
2025-08-01T04:39:47.747684,Ottakring S U,25,348277
2025-08-01T04:39:47.747684,Ottakring S U,25,348118
2025-08-01T04:39:47.747684,Ottakring S U,25,348012
2025-08-01T04:39:47.747684,Ottakring S U,25,348708
2025-08-01T04:39:47.747684,Ottakring S U,25,348588
2025-08-01T04:39:47.747684,Ottakring S U,25,348569
2025-08-01T04:39:47.747684,Hartmanngasse ,34,345471
2025-08-01T04:39:47.747684,Hartmanngasse ,34,345367
2025-08-01T04:39:47.747684,Hartmanngasse ,34,345364
2025-08-01T04:39:47.747684,Hartmanngasse ,34,345306
2025-08-01T04:39:47.747684,Hartmanngasse ,34,345281
2025-08-01T04:39:47.747684,Hartmanngasse ,34,345888
2025-08-01T04:39:47.747684,Hartmanngasse ,34,345766
2025-08-01T04:39:47.747684,Hartmanngasse ,34,345702
2025-08-01T04:39:47.747684,Hartmanngasse ,34,346487
2025-08-01T04:39:47.747684,Hartmanngasse ,34,346410
2025-08-01T04:39:47.747684,Hartmanngasse ,34,346400
2025-08-01T04:39:47.747684,Hartmanngasse ,34,346398
2025-08-01T04:39:47.747684,Hartmanngasse ,34,346245
2025-08-01T04:39:47.747684,Hartmanngasse ,34,346240
2025-08-01T04:39:47.747684,Hartmanngasse ,34,346100
2025-08-01T04:39:47.747684,Hartmanngasse ,34,346044
2025-08-01T04:39:47.747684,Hartmanngasse ,34,346890
2025-08-01T04:39:47.747684,Hartmanngasse ,34,346815
2025-08-01T04:39:47.747684,Hartmanngasse ,34,346523
2025-08-01T04:39:47.747684,Hartmanngasse ,34,347119
2025-08-01T04:39:47.747684,Hartmanngasse ,34,347101
2025-08-01T04:39:47.747684,Hartmanngasse ,34,347096
2025-08-01T04:39:47.747684,Hartmanngasse ,34,347094
2025-08-01T04:39:47.747684,Hartmanngasse ,34,347915
2025-08-01T04:39:47.747684,Hartmanngasse ,34,347566
2025-08-01T04:39:47.747684,Hartmanngasse ,34,348445
2025-08-01T04:39:47.747684,Hartmanngasse ,34,348344
2025-08-01T04:39:47.747684,Hartmanngasse ,34,348328
2025-08-01T04:39:47.747684,Hartmanngasse ,34,348270
2025-08-01T04:39:47.747684,Hartmanngasse ,34,348223
2025-08-01T04:39:47.747684,Hartmanngasse ,34,348191
2025-08-01T04:39:47.747684,Hartmanngasse ,34,348153
2025-08-01T04:39:47.747684,Hartmanngasse ,34,348658
2025-08-01T04:39:47.747684,Hartmanngasse ,34,398731
2025-08-01T04:39:47.747684,Messe-Prater U,14,345223
2025-08-01T04:39:47.747684,Messe-Prater U,14,345179
2025-08-01T04:39:47.747684,Messe-Prater U,14,345541
2025-08-01T04:39:47.747684,Messe-Prater U,14,345512
2025-08-01T04:39:47.747684,Messe-Prater U,14,346490
2025-08-01T04:39:47.747684,Messe-Prater U,14,346367
2025-08-01T04:39:47.747684,Messe-Prater U,14,346277
2025-08-01T04:39:47.747684,Messe-Prater U,14,347362
2025-08-01T04:39:47.747684,Messe-Prater U,14,347297
2025-08-01T04:39:47.747684,Messe-Prater U,14,347285
2025-08-01T04:39:47.747684,Messe-Prater U,14,347088
2025-08-01T04:39:47.747684,Messe-Prater U,14,347936
2025-08-01T04:39:47.747684,Messe-Prater U,14,348436
2025-08-01T04:39:47.747684,Messe-Prater U,14,348651
2025-08-01T04:39:47.747684,Loquaiplatz,11,345345
2025-08-01T04:39:47.747684,Loquaiplatz,11,345319
2025-08-01T04:39:47.747684,Loquaiplatz,11,345164
2025-08-01T04:39:47.747684,Loquaiplatz,11,345997
2025-08-01T04:39:47.747684,Loquaiplatz,11,345934
2025-08-01T04:39:47.747684,Loquaiplatz,11,346458
2025-08-01T04:39:47.747684,Loquaiplatz,11,346099
2025-08-01T04:39:47.747684,Loquaiplatz,11,347330
2025-08-01T04:39:47.747684,Loquaiplatz,11,347653
2025-08-01T04:39:47.747684,Loquaiplatz,11,348285
2025-08-01T04:39:47.747684,Loquaiplatz,11,348695
2025-08-01T04:39:47.747684,Rosensteingasse,7,345302
2025-08-01T04:39:47.747684,Rosensteingasse,7,345531
2025-08-01T04:39:47.747684,Rosensteingasse,7,345511
2025-08-01T04:39:47.747684,Rosensteingasse,7,346019
2025-08-01T04:39:47.747684,Rosensteingasse,7,347667
2025-08-01T04:39:47.747684,Rosensteingasse,7,348491
2025-08-01T04:39:47.747684,Rosensteingasse,7,348077
2025-08-01T04:39:47.747684,Gumpendorfer Gürtel,17,345140
2025-08-01T04:39:47.747684,Gumpendorfer Gürtel,17,345108
2025-08-01T04:39:47.747684,Gumpendorfer Gürtel,17,345101
2025-08-01T04:39:47.747684,Gumpendorfer Gürtel,17,345981
2025-08-01T04:39:47.747684,Gumpendorfer Gürtel,17,345837
2025-08-01T04:39:47.747684,Gumpendorfer Gürtel,17,345509
2025-08-01T04:39:47.747684,Gumpendorfer Gürtel,17,346239
2025-08-01T04:39:47.747684,Gumpendorfer Gürtel,17,346829
2025-08-01T04:39:47.747684,Gumpendorfer Gürtel,17,346805
2025-08-01T04:39:47.747684,Gumpendorfer Gürtel,17,346720
2025-08-01T04:39:47.747684,Gumpendorfer Gürtel,17,347328
2025-08-01T04:39:47.747684,Gumpendorfer Gürtel,17,347014
2025-08-01T04:39:47.747684,Gumpendorfer Gürtel,17,347706
2025-08-01T04:39:47.747684,Gumpendorfer Gürtel,17,347551
2025-08-01T04:39:47.747684,Gumpendorfer Gürtel,17,348481
2025-08-01T04:39:47.747684,Gumpendorfer Gürtel,17,348310
2025-08-01T04:39:47.747684,Gumpendorfer Gürtel,17,348037
2025-08-01T04:39:47.747684,Hanusch Krankenhaus,7,345406
2025-08-01T04:39:47.747684,Hanusch Krankenhaus,7,345361
2025-08-01T04:39:47.747684,Hanusch Krankenhaus,7,345736
2025-08-01T04:39:47.747684,Hanusch Krankenhaus,7,346985
2025-08-01T04:39:47.747684,Hanusch Krankenhaus,7,346862
2025-08-01T04:39:47.747684,Hanusch Krankenhaus,7,347711
2025-08-01T04:39:47.747684,Hanusch Krankenhaus,7,348298
2025-08-01T04:39:47.747684,Westbahnhof S U / Gerstnerstraße,18,345282
2025-08-01T04:39:47.747684,Westbahnhof S U / Gerstnerstraße,18,345115
2025-08-01T04:39:47.747684,Westbahnhof S U / Gerstnerstraße,18,345960
2025-08-01T04:39:47.747684,Westbahnhof S U / Gerstnerstraße,18,345828
2025-08-01T04:39:47.747684,Westbahnhof S U / Gerstnerstraße,18,345820
2025-08-01T04:39:47.747684,Westbahnhof S U / Gerstnerstraße,18,345638
2025-08-01T04:39:47.747684,Westbahnhof S U / Gerstnerstraße,18,346448
2025-08-01T04:39:47.747684,Westbahnhof S U / Gerstnerstraße,18,346419
2025-08-01T04:39:47.747684,Westbahnhof S U / Gerstnerstraße,18,346236
2025-08-01T04:39:47.747684,Westbahnhof S U / Gerstnerstraße,18,346178
2025-08-01T04:39:47.747684,Westbahnhof S U / Gerstnerstraße,18,346506
2025-08-01T04:39:47.747684,Westbahnhof S U / Gerstnerstraße,18,346503
2025-08-01T04:39:47.747684,Westbahnhof S U / Gerstnerstraße,18,347891
2025-08-01T04:39:47.747684,Westbahnhof S U / Gerstnerstraße,18,347645
2025-08-01T04:39:47.747684,Westbahnhof S U / Gerstnerstraße,18,347636
2025-08-01T04:39:47.747684,Westbahnhof S U / Gerstnerstraße,18,347524
2025-08-01T04:39:47.747684,Westbahnhof S U / Gerstnerstraße,18,348480
2025-08-01T04:39:47.747684,Westbahnhof S U / Gerstnerstraße,18,348227
2025-08-01T04:39:47.747684,Wieningerplatz,11,345181
2025-08-01T04:39:47.747684,Wieningerplatz,11,345946
2025-08-01T04:39:47.747684,Wieningerplatz,11,346449
2025-08-01T04:39:47.747684,Wieningerplatz,11,346327
2025-08-01T04:39:47.747684,Wieningerplatz,11,346244
2025-08-01T04:39:47.747684,Wieningerplatz,11,346976
2025-08-01T04:39:47.747684,Wieningerplatz,11,346948
2025-08-01T04:39:47.747684,Wieningerplatz,11,346834
2025-08-01T04:39:47.747684,Wieningerplatz,11,346650
2025-08-01T04:39:47.747684,Wieningerplatz,11,346648
2025-08-01T04:39:47.747684,Wieningerplatz,11,347808
2025-08-01T04:39:47.747684,Markgraf-Rüdiger Straße,24,345204
2025-08-01T04:39:47.747684,Markgraf-Rüdiger Straße,24,345177
2025-08-01T04:39:47.747684,Markgraf-Rüdiger Straße,24,345084
2025-08-01T04:39:47.747684,Markgraf-Rüdiger Straße,24,345831
2025-08-01T04:39:47.747684,Markgraf-Rüdiger Straße,24,345692
2025-08-01T04:39:47.747684,Markgraf-Rüdiger Straße,24,345665
2025-08-01T04:39:47.747684,Markgraf-Rüdiger Straße,24,345549
2025-08-01T04:39:47.747684,Markgraf-Rüdiger Straße,24,345516
2025-08-01T04:39:47.747684,Markgraf-Rüdiger Straße,24,345503
2025-08-01T04:39:47.747684,Markgraf-Rüdiger Straße,24,346684
2025-08-01T04:39:47.747684,Markgraf-Rüdiger Straße,24,346516
2025-08-01T04:39:47.747684,Markgraf-Rüdiger Straße,24,346502
2025-08-01T04:39:47.747684,Markgraf-Rüdiger Straße,24,347293
2025-08-01T04:39:47.747684,Markgraf-Rüdiger Straße,24,347185
2025-08-01T04:39:47.747684,Markgraf-Rüdiger Straße,24,347180
2025-08-01T04:39:47.747684,Markgraf-Rüdiger Straße,24,347806
2025-08-01T04:39:47.747684,Markgraf-Rüdiger Straße,24,347757
2025-08-01T04:39:47.747684,Markgraf-Rüdiger Straße,24,347534
2025-08-01T04:39:47.747684,Markgraf-Rüdiger Straße,24,348333
2025-08-01T04:39:47.747684,Markgraf-Rüdiger Straße,24,348217
2025-08-01T04:39:47.747684,Markgraf-Rüdiger Straße,24,348211
2025-08-01T04:39:47.747684,Markgraf-Rüdiger Straße,24,348210
2025-08-01T04:39:47.747684,Markgraf-Rüdiger Straße,24,348170
2025-08-01T04:39:47.747684,Markgraf-Rüdiger Straße,24,348653
2025-08-01T04:39:47.747684,Plunkergasse,21,345489
2025-08-01T04:39:47.747684,Plunkergasse,21,345410
2025-08-01T04:39:47.747684,Plunkergasse,21,345186
2025-08-01T04:39:47.747684,Plunkergasse,21,345908
2025-08-01T04:39:47.747684,Plunkergasse,21,346446
2025-08-01T04:39:47.747684,Plunkergasse,21,346243
2025-08-01T04:39:47.747684,Plunkergasse,21,346021
2025-08-01T04:39:47.747684,Plunkergasse,21,346916
2025-08-01T04:39:47.747684,Plunkergasse,21,346616
2025-08-01T04:39:47.747684,Plunkergasse,21,346575
2025-08-01T04:39:47.747684,Plunkergasse,21,346548
2025-08-01T04:39:47.747684,Plunkergasse,21,347250
2025-08-01T04:39:47.747684,Plunkergasse,21,347216
2025-08-01T04:39:47.747684,Plunkergasse,21,347093
2025-08-01T04:39:47.747684,Plunkergasse,21,347080
2025-08-01T04:39:47.747684,Plunkergasse,21,347030
2025-08-01T04:39:47.747684,Plunkergasse,21,347751
2025-08-01T04:39:47.747684,Plunkergasse,21,348475
2025-08-01T04:39:47.747684,Plunkergasse,21,348440
2025-08-01T04:39:47.747684,Plunkergasse,21,348219
2025-08-01T04:39:47.747684,Plunkergasse,21,348085
2025-08-01T04:39:47.747684,Selzergasse,12,345415
2025-08-01T04:39:47.747684,Selzergasse,12,345412
2025-08-01T04:39:47.747684,Selzergasse,12,345085
2025-08-01T04:39:47.747684,Selzergasse,12,345722
2025-08-01T04:39:47.747684,Selzergasse,12,345513
2025-08-01T04:39:47.747684,Selzergasse,12,346139
2025-08-01T04:39:47.747684,Selzergasse,12,346058
2025-08-01T04:39:47.747684,Selzergasse,12,346676
2025-08-01T04:39:47.747684,Selzergasse,12,347469
2025-08-01T04:39:47.747684,Selzergasse,12,347521
2025-08-01T04:39:47.747684,Selzergasse,12,348485
2025-08-01T04:39:47.747684,Selzergasse,12,348060
2025-08-01T04:39:47.747684,Westbahnhof S U / Felberstraße,30,345372
2025-08-01T04:39:47.747684,Westbahnhof S U / Felberstraße,30,345266
2025-08-01T04:39:47.747684,Westbahnhof S U / Felberstraße,30,345229
2025-08-01T04:39:47.747684,Westbahnhof S U / Felberstraße,30,345201
2025-08-01T04:39:47.747684,Westbahnhof S U / Felberstraße,30,345080
2025-08-01T04:39:47.747684,Westbahnhof S U / Felberstraße,30,345967
2025-08-01T04:39:47.747684,Westbahnhof S U / Felberstraße,30,345902
2025-08-01T04:39:47.747684,Westbahnhof S U / Felberstraße,30,345879
2025-08-01T04:39:47.747684,Westbahnhof S U / Felberstraße,30,345520
2025-08-01T04:39:47.747684,Westbahnhof S U / Felberstraße,30,345508
2025-08-01T04:39:47.747684,Westbahnhof S U / Felberstraße,30,346241
2025-08-01T04:39:47.747684,Westbahnhof S U / Felberstraße,30,346189
2025-08-01T04:39:47.747684,Westbahnhof S U / Felberstraße,30,346049
2025-08-01T04:39:47.747684,Westbahnhof S U / Felberstraße,30,346983
2025-08-01T04:39:47.747684,Westbahnhof S U / Felberstraße,30,346542
2025-08-01T04:39:47.747684,Westbahnhof S U / Felberstraße,30,347391
2025-08-01T04:39:47.747684,Westbahnhof S U / Felberstraße,30,347228
2025-08-01T04:39:47.747684,Westbahnhof S U / Felberstraße,30,347182
2025-08-01T04:39:47.747684,Westbahnhof S U / Felberstraße,30,347142
2025-08-01T04:39:47.747684,Westbahnhof S U / Felberstraße,30,347879
2025-08-01T04:39:47.747684,Westbahnhof S U / Felberstraße,30,347656
2025-08-01T04:39:47.747684,Westbahnhof S U / Felberstraße,30,347617
2025-08-01T04:39:47.747684,Westbahnhof S U / Felberstraße,30,347616
2025-08-01T04:39:47.747684,Westbahnhof S U / Felberstraße,30,348393
2025-08-01T04:39:47.747684,Westbahnhof S U / Felberstraße,30,348224
2025-08-01T04:39:47.747684,Westbahnhof S U / Felberstraße,30,348110
2025-08-01T04:39:47.747684,Westbahnhof S U / Felberstraße,30,348076
2025-08-01T04:39:47.747684,Westbahnhof S U / Felberstraße,30,348074
2025-08-01T04:39:47.747684,Westbahnhof S U / Felberstraße,30,348067
2025-08-01T04:39:47.747684,Westbahnhof S U / Felberstraße,30,348696
2025-08-01T04:39:47.747684,Kundratstraße,5,345381
2025-08-01T04:39:47.747684,Kundratstraße,5,346744
2025-08-01T04:39:47.747684,Kundratstraße,5,346607
2025-08-01T04:39:47.747684,Kundratstraße,5,347181
2025-08-01T04:39:47.747684,Kundratstraße,5,348610
2025-08-01T04:39:47.747684,Arthaberplatz,20,345255
2025-08-01T04:39:47.747684,Arthaberplatz,20,345072
2025-08-01T04:39:47.747684,Arthaberplatz,20,345051
2025-08-01T04:39:47.747684,Arthaberplatz,20,345835
2025-08-01T04:39:47.747684,Arthaberplatz,20,345773
2025-08-01T04:39:47.747684,Arthaberplatz,20,345758
2025-08-01T04:39:47.747684,Arthaberplatz,20,345553
2025-08-01T04:39:47.747684,Arthaberplatz,20,346430
2025-08-01T04:39:47.747684,Arthaberplatz,20,346615
2025-08-01T04:39:47.747684,Arthaberplatz,20,347208
2025-08-01T04:39:47.747684,Arthaberplatz,20,347807
2025-08-01T04:39:47.747684,Arthaberplatz,20,347698
2025-08-01T04:39:47.747684,Arthaberplatz,20,347668
2025-08-01T04:39:47.747684,Arthaberplatz,20,347647
2025-08-01T04:39:47.747684,Arthaberplatz,20,348315
2025-08-01T04:39:47.747684,Arthaberplatz,20,348136
2025-08-01T04:39:47.747684,Arthaberplatz,20,348036
2025-08-01T04:39:47.747684,Arthaberplatz,20,348021
2025-08-01T04:39:47.747684,Arthaberplatz,20,348688
2025-08-01T04:39:47.747684,Arthaberplatz,20,348579
2025-08-01T04:39:47.747684,Karmeliterplatz,21,345305
2025-08-01T04:39:47.747684,Karmeliterplatz,21,345012
2025-08-01T04:39:47.747684,Karmeliterplatz,21,345826
2025-08-01T04:39:47.747684,Karmeliterplatz,21,345622
2025-08-01T04:39:47.747684,Karmeliterplatz,21,345588
2025-08-01T04:39:47.747684,Karmeliterplatz,21,345542
2025-08-01T04:39:47.747684,Karmeliterplatz,21,346450
2025-08-01T04:39:47.747684,Karmeliterplatz,21,346237
2025-08-01T04:39:47.747684,Karmeliterplatz,21,346208
2025-08-01T04:39:47.747684,Karmeliterplatz,21,346003
2025-08-01T04:39:47.747684,Karmeliterplatz,21,346966
2025-08-01T04:39:47.747684,Karmeliterplatz,21,346743
2025-08-01T04:39:47.747684,Karmeliterplatz,21,346629
2025-08-01T04:39:47.747684,Karmeliterplatz,21,347066
2025-08-01T04:39:47.747684,Karmeliterplatz,21,347770
2025-08-01T04:39:47.747684,Karmeliterplatz,21,347651
2025-08-01T04:39:47.747684,Karmeliterplatz,21,347609
2025-08-01T04:39:47.747684,Karmeliterplatz,21,348383
2025-08-01T04:39:47.747684,Karmeliterplatz,21,348138
2025-08-01T04:39:47.747684,Karmeliterplatz,21,348681
2025-08-01T04:39:47.747684,Karmeliterplatz,21,348666
2025-08-01T04:39:47.747684,Fröbelgasse,12,345524
2025-08-01T04:39:47.747684,Fröbelgasse,12,346354
2025-08-01T04:39:47.747684,Fröbelgasse,12,346993
2025-08-01T04:39:47.747684,Fröbelgasse,12,346550
2025-08-01T04:39:47.747684,Fröbelgasse,12,347244
2025-08-01T04:39:47.747684,Fröbelgasse,12,347888
2025-08-01T04:39:47.747684,Fröbelgasse,12,347867
2025-08-01T04:39:47.747684,Fröbelgasse,12,347715
2025-08-01T04:39:47.747684,Fröbelgasse,12,348221
2025-08-01T04:39:47.747684,Fröbelgasse,12,348209
2025-08-01T04:39:47.747684,Fröbelgasse,12,348086
2025-08-01T04:39:47.747684,Fröbelgasse,12,348580
2025-08-01T04:39:47.747684,Reumannplatz U,20,345458
2025-08-01T04:39:47.747684,Reumannplatz U,20,346356
2025-08-01T04:39:47.747684,Reumannplatz U,20,346222
2025-08-01T04:39:47.747684,Reumannplatz U,20,346153
2025-08-01T04:39:47.747684,Reumannplatz U,20,346106
2025-08-01T04:39:47.747684,Reumannplatz U,20,346755
2025-08-01T04:39:47.747684,Reumannplatz U,20,346735
2025-08-01T04:39:47.747684,Reumannplatz U,20,346682
2025-08-01T04:39:47.747684,Reumannplatz U,20,346671
2025-08-01T04:39:47.747684,Reumannplatz U,20,347494
2025-08-01T04:39:47.747684,Reumannplatz U,20,347162
2025-08-01T04:39:47.747684,Reumannplatz U,20,347132
2025-08-01T04:39:47.747684,Reumannplatz U,20,347035
2025-08-01T04:39:47.747684,Reumannplatz U,20,347017
2025-08-01T04:39:47.747684,Reumannplatz U,20,347800
2025-08-01T04:39:47.747684,Reumannplatz U,20,347728
2025-08-01T04:39:47.747684,Reumannplatz U,20,347677
2025-08-01T04:39:47.747684,Reumannplatz U,20,347661
2025-08-01T04:39:47.747684,Reumannplatz U,20,348349
2025-08-01T04:39:47.747684,Reumannplatz U,20,348017
2025-08-01T04:39:47.747684,Brestelgasse,12,345273
2025-08-01T04:39:47.747684,Brestelgasse,12,345759
2025-08-01T04:39:47.747684,Brestelgasse,12,346791
2025-08-01T04:39:47.747684,Brestelgasse,12,346589
2025-08-01T04:39:47.747684,Brestelgasse,12,347427
2025-08-01T04:39:47.747684,Brestelgasse,12,347121
2025-08-01T04:39:47.747684,Brestelgasse,12,347105
2025-08-01T04:39:47.747684,Brestelgasse,12,347072
2025-08-01T04:39:47.747684,Brestelgasse,12,347840
2025-08-01T04:39:47.747684,Brestelgasse,12,347692
2025-08-01T04:39:47.747684,Brestelgasse,12,348278
2025-08-01T04:39:47.747684,Brestelgasse,12,398729
2025-08-01T04:39:47.747684,Thaliastraße U,17,345446
2025-08-01T04:39:47.747684,Thaliastraße U,17,345110
2025-08-01T04:39:47.747684,Thaliastraße U,17,345544
2025-08-01T04:39:47.747684,Thaliastraße U,17,346435
2025-08-01T04:39:47.747684,Thaliastraße U,17,346395
2025-08-01T04:39:47.747684,Thaliastraße U,17,346221
2025-08-01T04:39:47.747684,Thaliastraße U,17,346141
2025-08-01T04:39:47.747684,Thaliastraße U,17,346694
2025-08-01T04:39:47.747684,Thaliastraße U,17,346515
2025-08-01T04:39:47.747684,Thaliastraße U,17,347061
2025-08-01T04:39:47.747684,Thaliastraße U,17,347962
2025-08-01T04:39:47.747684,Thaliastraße U,17,347681
2025-08-01T04:39:47.747684,Thaliastraße U,17,347599
2025-08-01T04:39:47.747684,Thaliastraße U,17,347593
2025-08-01T04:39:47.747684,Thaliastraße U,17,348433
2025-08-01T04:39:47.747684,Thaliastraße U,17,348322
2025-08-01T04:39:47.747684,Thaliastraße U,17,348558
2025-08-01T04:39:47.747684,Nussdorfer Straße U,16,345235
2025-08-01T04:39:47.747684,Nussdorfer Straße U,16,345165
2025-08-01T04:39:47.747684,Nussdorfer Straße U,16,345955
2025-08-01T04:39:47.747684,Nussdorfer Straße U,16,345641
2025-08-01T04:39:47.747684,Nussdorfer Straße U,16,346445
2025-08-01T04:39:47.747684,Nussdorfer Straße U,16,346089
2025-08-01T04:39:47.747684,Nussdorfer Straße U,16,346059
2025-08-01T04:39:47.747684,Nussdorfer Straße U,16,346025
2025-08-01T04:39:47.747684,Nussdorfer Straße U,16,346000
2025-08-01T04:39:47.747684,Nussdorfer Straße U,16,346740
2025-08-01T04:39:47.747684,Nussdorfer Straße U,16,347489
2025-08-01T04:39:47.747684,Nussdorfer Straße U,16,347461
2025-08-01T04:39:47.747684,Nussdorfer Straße U,16,347153
2025-08-01T04:39:47.747684,Nussdorfer Straße U,16,347741
2025-08-01T04:39:47.747684,Nussdorfer Straße U,16,347695
2025-08-01T04:39:47.747684,Nussdorfer Straße U,16,347553
2025-08-01T04:39:47.747684,Elterleinplatz,5,345365
2025-08-01T04:39:47.747684,Elterleinplatz,5,346072
2025-08-01T04:39:47.747684,Elterleinplatz,5,346952
2025-08-01T04:39:47.747684,Elterleinplatz,5,347646
2025-08-01T04:39:47.747684,Elterleinplatz,5,348267
2025-08-01T04:39:47.747684,Canisiusgasse,4,345040
2025-08-01T04:39:47.747684,Canisiusgasse,4,345662
2025-08-01T04:39:47.747684,Canisiusgasse,4,348496
2025-08-01T04:39:47.747684,Canisiusgasse,4,348381
2025-08-01T04:39:47.747684,Meidling S U / Schedifkaplatz,8,345355
2025-08-01T04:39:47.747684,Meidling S U / Schedifkaplatz,8,346157
2025-08-01T04:39:47.747684,Meidling S U / Schedifkaplatz,8,346846
2025-08-01T04:39:47.747684,Meidling S U / Schedifkaplatz,8,346844
2025-08-01T04:39:47.747684,Meidling S U / Schedifkaplatz,8,346597
2025-08-01T04:39:47.747684,Meidling S U / Schedifkaplatz,8,346522
2025-08-01T04:39:47.747684,Meidling S U / Schedifkaplatz,8,347369
2025-08-01T04:39:47.747684,Meidling S U / Schedifkaplatz,8,347020
2025-08-01T04:39:47.747684,Palffygasse,9,345428
2025-08-01T04:39:47.747684,Palffygasse,9,345339
2025-08-01T04:39:47.747684,Palffygasse,9,345232
2025-08-01T04:39:47.747684,Palffygasse,9,345134
2025-08-01T04:39:47.747684,Palffygasse,9,345095
2025-08-01T04:39:47.747684,Palffygasse,9,346509
2025-08-01T04:39:47.747684,Palffygasse,9,347480
2025-08-01T04:39:47.747684,Palffygasse,9,347844
2025-08-01T04:39:47.747684,Palffygasse,9,348163
2025-08-01T04:39:47.747684,Gersthof S,6,345147
2025-08-01T04:39:47.747684,Gersthof S,6,346480
2025-08-01T04:39:47.747684,Gersthof S,6,346519
2025-08-01T04:39:47.747684,Gersthof S,6,347448
2025-08-01T04:39:47.747684,Gersthof S,6,347187
2025-08-01T04:39:47.747684,Gersthof S,6,348469
2025-08-01T04:39:47.747684,Reinprechtsdorfer Brücke,19,345974
2025-08-01T04:39:47.747684,Reinprechtsdorfer Brücke,19,345823
2025-08-01T04:39:47.747684,Reinprechtsdorfer Brücke,19,345771
2025-08-01T04:39:47.747684,Reinprechtsdorfer Brücke,19,345738
2025-08-01T04:39:47.747684,Reinprechtsdorfer Brücke,19,345695
2025-08-01T04:39:47.747684,Reinprechtsdorfer Brücke,19,345682
2025-08-01T04:39:47.747684,Reinprechtsdorfer Brücke,19,345561
2025-08-01T04:39:47.747684,Reinprechtsdorfer Brücke,19,346171
2025-08-01T04:39:47.747684,Reinprechtsdorfer Brücke,19,346067
2025-08-01T04:39:47.747684,Reinprechtsdorfer Brücke,19,346047
2025-08-01T04:39:47.747684,Reinprechtsdorfer Brücke,19,346751
2025-08-01T04:39:47.747684,Reinprechtsdorfer Brücke,19,346737
2025-08-01T04:39:47.747684,Reinprechtsdorfer Brücke,19,347422
2025-08-01T04:39:47.747684,Reinprechtsdorfer Brücke,19,347325
2025-08-01T04:39:47.747684,Reinprechtsdorfer Brücke,19,347237
2025-08-01T04:39:47.747684,Reinprechtsdorfer Brücke,19,347812
2025-08-01T04:39:47.747684,Reinprechtsdorfer Brücke,19,347790
2025-08-01T04:39:47.747684,Reinprechtsdorfer Brücke,19,348108
2025-08-01T04:39:47.747684,Reinprechtsdorfer Brücke,19,348932
2025-08-01T04:39:47.747684,Siebensternplatz,1,346498
2025-08-01T04:39:47.747684,Siebenbrunnenplatz,13,345459
2025-08-01T04:39:47.747684,Siebenbrunnenplatz,13,346418
2025-08-01T04:39:47.747684,Siebenbrunnenplatz,13,346220
2025-08-01T04:39:47.747684,Siebenbrunnenplatz,13,346110
2025-08-01T04:39:47.747684,Siebenbrunnenplatz,13,346009
2025-08-01T04:39:47.747684,Siebenbrunnenplatz,13,346905
2025-08-01T04:39:47.747684,Siebenbrunnenplatz,13,346876
2025-08-01T04:39:47.747684,Siebenbrunnenplatz,13,346864
2025-08-01T04:39:47.747684,Siebenbrunnenplatz,13,346767
2025-08-01T04:39:47.747684,Siebenbrunnenplatz,13,346727
2025-08-01T04:39:47.747684,Siebenbrunnenplatz,13,347164
2025-08-01T04:39:47.747684,Siebenbrunnenplatz,13,347850
2025-08-01T04:39:47.747684,Siebenbrunnenplatz,13,348988
2025-08-01T04:39:47.747684,Rosensteingasse / Blumengasse,30,345423
2025-08-01T04:39:47.747684,Rosensteingasse / Blumengasse,30,345390
2025-08-01T04:39:47.747684,Rosensteingasse / Blumengasse,30,345092
2025-08-01T04:39:47.747684,Rosensteingasse / Blumengasse,30,345024
2025-08-01T04:39:47.747684,Rosensteingasse / Blumengasse,30,345919
2025-08-01T04:39:47.747684,Rosensteingasse / Blumengasse,30,345857
2025-08-01T04:39:47.747684,Rosensteingasse / Blumengasse,30,345675
2025-08-01T04:39:47.747684,Rosensteingasse / Blumengasse,30,346169
2025-08-01T04:39:47.747684,Rosensteingasse / Blumengasse,30,346164
2025-08-01T04:39:47.747684,Rosensteingasse / Blumengasse,30,346090
2025-08-01T04:39:47.747684,Rosensteingasse / Blumengasse,30,346008
2025-08-01T04:39:47.747684,Rosensteingasse / Blumengasse,30,346908
2025-08-01T04:39:47.747684,Rosensteingasse / Blumengasse,30,346899
2025-08-01T04:39:47.747684,Rosensteingasse / Blumengasse,30,346832
2025-08-01T04:39:47.747684,Rosensteingasse / Blumengasse,30,346646
2025-08-01T04:39:47.747684,Rosensteingasse / Blumengasse,30,346537
2025-08-01T04:39:47.747684,Rosensteingasse / Blumengasse,30,346530
2025-08-01T04:39:47.747684,Rosensteingasse / Blumengasse,30,347305
2025-08-01T04:39:47.747684,Rosensteingasse / Blumengasse,30,347267
2025-08-01T04:39:47.747684,Rosensteingasse / Blumengasse,30,347111
2025-08-01T04:39:47.747684,Rosensteingasse / Blumengasse,30,347885
2025-08-01T04:39:47.747684,Rosensteingasse / Blumengasse,30,347633
2025-08-01T04:39:47.747684,Rosensteingasse / Blumengasse,30,348331
2025-08-01T04:39:47.747684,Rosensteingasse / Blumengasse,30,348296
2025-08-01T04:39:47.747684,Rosensteingasse / Blumengasse,30,348125
2025-08-01T04:39:47.747684,Rosensteingasse / Blumengasse,30,348100
2025-08-01T04:39:47.747684,Rosensteingasse / Blumengasse,30,348712
2025-08-01T04:39:47.747684,Rosensteingasse / Blumengasse,30,348613
2025-08-01T04:39:47.747684,Rosensteingasse / Blumengasse,30,348583
2025-08-01T04:39:47.747684,Rosensteingasse / Blumengasse,30,398734
2025-08-01T04:39:47.747684,Schottenring U /Herminengasse,18,345347
2025-08-01T04:39:47.747684,Schottenring U /Herminengasse,18,345064
2025-08-01T04:39:47.747684,Schottenring U /Herminengasse,18,345046
2025-08-01T04:39:47.747684,Schottenring U /Herminengasse,18,345789
2025-08-01T04:39:47.747684,Schottenring U /Herminengasse,18,345782
2025-08-01T04:39:47.747684,Schottenring U /Herminengasse,18,345684
2025-08-01T04:39:47.747684,Schottenring U /Herminengasse,18,346347
2025-08-01T04:39:47.747684,Schottenring U /Herminengasse,18,346914
2025-08-01T04:39:47.747684,Schottenring U /Herminengasse,18,346903
2025-08-01T04:39:47.747684,Schottenring U /Herminengasse,18,347462
2025-08-01T04:39:47.747684,Schottenring U /Herminengasse,18,347347
2025-08-01T04:39:47.747684,Schottenring U /Herminengasse,18,347138
2025-08-01T04:39:47.747684,Schottenring U /Herminengasse,18,347908
2025-08-01T04:39:47.747684,Schottenring U /Herminengasse,18,347802
2025-08-01T04:39:47.747684,Schottenring U /Herminengasse,18,348374
2025-08-01T04:39:47.747684,Schottenring U /Herminengasse,18,348226
2025-08-01T04:39:47.747684,Schottenring U /Herminengasse,18,348066
2025-08-01T04:39:47.747684,Schottenring U /Herminengasse,18,348598
2025-08-01T04:39:47.747684,Josefstädter Straße U,18,345485
2025-08-01T04:39:47.747684,Josefstädter Straße U,18,345454
2025-08-01T04:39:47.747684,Josefstädter Straße U,18,345263
2025-08-01T04:39:47.747684,Josefstädter Straße U,18,345199
2025-08-01T04:39:47.747684,Josefstädter Straße U,18,345159
2025-08-01T04:39:47.747684,Josefstädter Straße U,18,345980
2025-08-01T04:39:47.747684,Josefstädter Straße U,18,345666
2025-08-01T04:39:47.747684,Josefstädter Straße U,18,346475
2025-08-01T04:39:47.747684,Josefstädter Straße U,18,346432
2025-08-01T04:39:47.747684,Josefstädter Straße U,18,347797
2025-08-01T04:39:47.747684,Josefstädter Straße U,18,347686
2025-08-01T04:39:47.747684,Josefstädter Straße U,18,347674
2025-08-01T04:39:47.747684,Josefstädter Straße U,18,347576
2025-08-01T04:39:47.747684,Josefstädter Straße U,18,348316
2025-08-01T04:39:47.747684,Josefstädter Straße U,18,348682
2025-08-01T04:39:47.747684,Josefstädter Straße U,18,348544
2025-08-01T04:39:47.747684,Josefstädter Straße U,18,398737
2025-08-01T04:39:47.747684,Josefstädter Straße U,18,398736
2025-08-01T04:39:47.747684,Friedrich-Engels-Platz,12,345479
2025-08-01T04:39:47.747684,Friedrich-Engels-Platz,12,345352
2025-08-01T04:39:47.747684,Friedrich-Engels-Platz,12,345257
2025-08-01T04:39:47.747684,Friedrich-Engels-Platz,12,346778
2025-08-01T04:39:47.747684,Friedrich-Engels-Platz,12,347329
2025-08-01T04:39:47.747684,Friedrich-Engels-Platz,12,347939
2025-08-01T04:39:47.747684,Friedrich-Engels-Platz,12,347515
2025-08-01T04:39:47.747684,Friedrich-Engels-Platz,12,348348
2025-08-01T04:39:47.747684,Friedrich-Engels-Platz,12,348051
2025-08-01T04:39:47.747684,Friedrich-Engels-Platz,12,348038
2025-08-01T04:39:47.747684,Friedrich-Engels-Platz,12,348006
2025-08-01T04:39:47.747684,Friedrich-Engels-Platz,12,348624
2025-08-01T04:39:47.747684,Dresdner Straße U,11,345041
2025-08-01T04:39:47.747684,Dresdner Straße U,11,345623
2025-08-01T04:39:47.747684,Dresdner Straße U,11,346788
2025-08-01T04:39:47.747684,Dresdner Straße U,11,347483
2025-08-01T04:39:47.747684,Dresdner Straße U,11,347981
2025-08-01T04:39:47.747684,Dresdner Straße U,11,347929
2025-08-01T04:39:47.747684,Dresdner Straße U,11,347824
2025-08-01T04:39:47.747684,Dresdner Straße U,11,347720
2025-08-01T04:39:47.747684,Dresdner Straße U,11,347619
2025-08-01T04:39:47.747684,Dresdner Straße U,11,348390
2025-08-01T04:39:47.747684,Dresdner Straße U,11,348647
2025-08-01T04:39:47.747684,Jägerstraße U,13,345370
2025-08-01T04:39:47.747684,Jägerstraße U,13,345043
2025-08-01T04:39:47.747684,Jägerstraße U,13,345909
2025-08-01T04:39:47.747684,Jägerstraße U,13,345852
2025-08-01T04:39:47.747684,Jägerstraße U,13,345718
2025-08-01T04:39:47.747684,Jägerstraße U,13,346465
2025-08-01T04:39:47.747684,Jägerstraße U,13,346438
2025-08-01T04:39:47.747684,Jägerstraße U,13,346300
2025-08-01T04:39:47.747684,Jägerstraße U,13,346013
2025-08-01T04:39:47.747684,Jägerstraße U,13,347436
2025-08-01T04:39:47.747684,Jägerstraße U,13,347199
2025-08-01T04:39:47.747684,Jägerstraße U,13,347954
2025-08-01T04:39:47.747684,Jägerstraße U,13,398719
2025-08-01T04:39:47.747684,Traisengasse S,15,345100
2025-08-01T04:39:47.747684,Traisengasse S,15,345731
2025-08-01T04:39:47.747684,Traisengasse S,15,346393
2025-08-01T04:39:47.747684,Traisengasse S,15,346361
2025-08-01T04:39:47.747684,Traisengasse S,15,346176
2025-08-01T04:39:47.747684,Traisengasse S,15,346617
2025-08-01T04:39:47.747684,Traisengasse S,15,347363
2025-08-01T04:39:47.747684,Traisengasse S,15,347971
2025-08-01T04:39:47.747684,Traisengasse S,15,347970
2025-08-01T04:39:47.747684,Traisengasse S,15,347761
2025-08-01T04:39:47.747684,Traisengasse S,15,347529
2025-08-01T04:39:47.747684,Traisengasse S,15,348302
2025-08-01T04:39:47.747684,Traisengasse S,15,348255
2025-08-01T04:39:47.747684,Traisengasse S,15,348253
2025-08-01T04:39:47.747684,Traisengasse S,15,348693
2025-08-01T04:39:47.747684,Kettenbrückengasse U / Naschmarkt,11,345353
2025-08-01T04:39:47.747684,Kettenbrückengasse U / Naschmarkt,11,345261
2025-08-01T04:39:47.747684,Kettenbrückengasse U / Naschmarkt,11,345240
2025-08-01T04:39:47.747684,Kettenbrückengasse U / Naschmarkt,11,345070
2025-08-01T04:39:47.747684,Kettenbrückengasse U / Naschmarkt,11,345784
2025-08-01T04:39:47.747684,Kettenbrückengasse U / Naschmarkt,11,345681
2025-08-01T04:39:47.747684,Kettenbrückengasse U / Naschmarkt,11,345518
2025-08-01T04:39:47.747684,Kettenbrückengasse U / Naschmarkt,11,346902
2025-08-01T04:39:47.747684,Kettenbrückengasse U / Naschmarkt,11,346624
2025-08-01T04:39:47.747684,Kettenbrückengasse U / Naschmarkt,11,347223
2025-08-01T04:39:47.747684,Kettenbrückengasse U / Naschmarkt,11,347789
2025-08-01T04:39:47.747684,Aumannplatz,8,345055
2025-08-01T04:39:47.747684,Aumannplatz,8,345007
2025-08-01T04:39:47.747684,Aumannplatz,8,346310
2025-08-01T04:39:47.747684,Aumannplatz,8,346944
2025-08-01T04:39:47.747684,Aumannplatz,8,346620
2025-08-01T04:39:47.747684,Aumannplatz,8,348306
2025-08-01T04:39:47.747684,Aumannplatz,8,348239
2025-08-01T04:39:47.747684,Aumannplatz,8,348548
2025-08-01T04:39:47.747684,Längenfeldgasse U,29,345174
2025-08-01T04:39:47.747684,Längenfeldgasse U,29,345985
2025-08-01T04:39:47.747684,Längenfeldgasse U,29,345963
2025-08-01T04:39:47.747684,Längenfeldgasse U,29,345719
2025-08-01T04:39:47.747684,Längenfeldgasse U,29,345699
2025-08-01T04:39:47.747684,Längenfeldgasse U,29,345545
2025-08-01T04:39:47.747684,Längenfeldgasse U,29,346424
2025-08-01T04:39:47.747684,Längenfeldgasse U,29,346349
2025-08-01T04:39:47.747684,Längenfeldgasse U,29,346257
2025-08-01T04:39:47.747684,Längenfeldgasse U,29,346201
2025-08-01T04:39:47.747684,Längenfeldgasse U,29,346167
2025-08-01T04:39:47.747684,Längenfeldgasse U,29,346520
2025-08-01T04:39:47.747684,Längenfeldgasse U,29,347495
2025-08-01T04:39:47.747684,Längenfeldgasse U,29,347450
2025-08-01T04:39:47.747684,Längenfeldgasse U,29,347239
2025-08-01T04:39:47.747684,Längenfeldgasse U,29,347172
2025-08-01T04:39:47.747684,Längenfeldgasse U,29,347136
2025-08-01T04:39:47.747684,Längenfeldgasse U,29,347990
2025-08-01T04:39:47.747684,Längenfeldgasse U,29,347984
2025-08-01T04:39:47.747684,Längenfeldgasse U,29,347965
2025-08-01T04:39:47.747684,Längenfeldgasse U,29,347841
2025-08-01T04:39:47.747684,Längenfeldgasse U,29,347768
2025-08-01T04:39:47.747684,Längenfeldgasse U,29,347696
2025-08-01T04:39:47.747684,Längenfeldgasse U,29,348482
2025-08-01T04:39:47.747684,Längenfeldgasse U,29,348351
2025-08-01T04:39:47.747684,Längenfeldgasse U,29,348299
2025-08-01T04:39:47.747684,Längenfeldgasse U,29,348643
2025-08-01T04:39:47.747684,Längenfeldgasse U,29,348600
2025-08-01T04:39:47.747684,Längenfeldgasse U,29,348527
2025-08-01T04:39:47.747684,Althanstraße,9,345218
2025-08-01T04:39:47.747684,Althanstraße,9,345948
2025-08-01T04:39:47.747684,Althanstraße,9,345796
2025-08-01T04:39:47.747684,Althanstraße,9,345778
2025-08-01T04:39:47.747684,Althanstraße,9,345679
2025-08-01T04:39:47.747684,Althanstraße,9,346087
2025-08-01T04:39:47.747684,Althanstraße,9,346002
2025-08-01T04:39:47.747684,Althanstraße,9,347860
2025-08-01T04:39:47.747684,Althanstraße,9,348582
2025-08-01T04:39:47.747684,Schottentor U,3,345627
2025-08-01T04:39:47.747684,Schottentor U,3,346210
2025-08-01T04:39:47.747684,Schottentor U,3,346024
2025-08-01T04:39:47.747684,Neubaugasse U,1,346038
2025-08-01T04:39:47.747684,Museumsquartier U,8,345247
2025-08-01T04:39:47.747684,Museumsquartier U,8,345848
2025-08-01T04:39:47.747684,Museumsquartier U,8,345711
2025-08-01T04:39:47.747684,Museumsquartier U,8,346938
2025-08-01T04:39:47.747684,Museumsquartier U,8,346561
2025-08-01T04:39:47.747684,Museumsquartier U,8,347490
2025-08-01T04:39:47.747684,Museumsquartier U,8,347880
2025-08-01T04:39:47.747684,Museumsquartier U,8,348174
2025-08-01T04:39:47.747684,Johnstrasse U,19,345425
2025-08-01T04:39:47.747684,Johnstrasse U,19,345212
2025-08-01T04:39:47.747684,Johnstrasse U,19,345556
2025-08-01T04:39:47.747684,Johnstrasse U,19,345525
2025-08-01T04:39:47.747684,Johnstrasse U,19,346119
2025-08-01T04:39:47.747684,Johnstrasse U,19,346060
2025-08-01T04:39:47.747684,Johnstrasse U,19,346055
2025-08-01T04:39:47.747684,Johnstrasse U,19,346011
2025-08-01T04:39:47.747684,Johnstrasse U,19,346651
2025-08-01T04:39:47.747684,Johnstrasse U,19,346549
2025-08-01T04:39:47.747684,Johnstrasse U,19,347449
2025-08-01T04:39:47.747684,Johnstrasse U,19,347420
2025-08-01T04:39:47.747684,Johnstrasse U,19,347358
2025-08-01T04:39:47.747684,Johnstrasse U,19,347716
2025-08-01T04:39:47.747684,Johnstrasse U,19,348461
2025-08-01T04:39:47.747684,Johnstrasse U,19,348419
2025-08-01T04:39:47.747684,Johnstrasse U,19,348234
2025-08-01T04:39:47.747684,Johnstrasse U,19,348662
2025-08-01T04:39:47.747684,Johnstrasse U,19,348535
2025-08-01T04:39:47.747684,Kutschkergasse,4,346963
2025-08-01T04:39:47.747684,Kutschkergasse,4,346716
2025-08-01T04:39:47.747684,Kutschkergasse,4,347918
2025-08-01T04:39:47.747684,Kutschkergasse,4,348664
2025-08-01T04:39:47.747684,Stadion U,43,345389
2025-08-01T04:39:47.747684,Stadion U,43,345139
2025-08-01T04:39:47.747684,Stadion U,43,345057
2025-08-01T04:39:47.747684,Stadion U,43,345005
2025-08-01T04:39:47.747684,Stadion U,43,345949
2025-08-01T04:39:47.747684,Stadion U,43,345947
2025-08-01T04:39:47.747684,Stadion U,43,345923
2025-08-01T04:39:47.747684,Stadion U,43,345850
2025-08-01T04:39:47.747684,Stadion U,43,345733
2025-08-01T04:39:47.747684,Stadion U,43,345600
2025-08-01T04:39:47.747684,Stadion U,43,345581
2025-08-01T04:39:47.747684,Stadion U,43,346357
2025-08-01T04:39:47.747684,Stadion U,43,346296
2025-08-01T04:39:47.747684,Stadion U,43,346288
2025-08-01T04:39:47.747684,Stadion U,43,346252
2025-08-01T04:39:47.747684,Stadion U,43,346224
2025-08-01T04:39:47.747684,Stadion U,43,346223
2025-08-01T04:39:47.747684,Stadion U,43,346200
2025-08-01T04:39:47.747684,Stadion U,43,346084
2025-08-01T04:39:47.747684,Stadion U,43,346994
2025-08-01T04:39:47.747684,Stadion U,43,346819
2025-08-01T04:39:47.747684,Stadion U,43,346818
2025-08-01T04:39:47.747684,Stadion U,43,346724
2025-08-01T04:39:47.747684,Stadion U,43,346692
2025-08-01T04:39:47.747684,Stadion U,43,346677
2025-08-01T04:39:47.747684,Stadion U,43,346585
2025-08-01T04:39:47.747684,Stadion U,43,347429
2025-08-01T04:39:47.747684,Stadion U,43,347344
2025-08-01T04:39:47.747684,Stadion U,43,347219
2025-08-01T04:39:47.747684,Stadion U,43,347062
2025-08-01T04:39:47.747684,Stadion U,43,347045
2025-08-01T04:39:47.747684,Stadion U,43,347022
2025-08-01T04:39:47.747684,Stadion U,43,347993
2025-08-01T04:39:47.747684,Stadion U,43,347791
2025-08-01T04:39:47.747684,Stadion U,43,347685
2025-08-01T04:39:47.747684,Stadion U,43,347637
2025-08-01T04:39:47.747684,Stadion U,43,348417
2025-08-01T04:39:47.747684,Stadion U,43,348358
2025-08-01T04:39:47.747684,Stadion U,43,348266
2025-08-01T04:39:47.747684,Stadion U,43,348241
2025-08-01T04:39:47.747684,Stadion U,43,348172
2025-08-01T04:39:47.747684,Stadion U,43,348014
2025-08-01T04:39:47.747684,Stadion U,43,348591
2025-08-01T04:39:47.747684,Brückengasse,14,345460
2025-08-01T04:39:47.747684,Brückengasse,14,345429
2025-08-01T04:39:47.747684,Brückengasse,14,345404
2025-08-01T04:39:47.747684,Brückengasse,14,345792
2025-08-01T04:39:47.747684,Brückengasse,14,346355
2025-08-01T04:39:47.747684,Brückengasse,14,346665
2025-08-01T04:39:47.747684,Brückengasse,14,346580
2025-08-01T04:39:47.747684,Brückengasse,14,347405
2025-08-01T04:39:47.747684,Brückengasse,14,347100
2025-08-01T04:39:47.747684,Brückengasse,14,347504
2025-08-01T04:39:47.747684,Brückengasse,14,348470
2025-08-01T04:39:47.747684,Brückengasse,14,348401
2025-08-01T04:39:47.747684,Brückengasse,14,348238
2025-08-01T04:39:47.747684,Brückengasse,14,348119
2025-08-01T04:39:47.747684,Schuhmeierplatz,9,345487
2025-08-01T04:39:47.747684,Schuhmeierplatz,9,345910
2025-08-01T04:39:47.747684,Schuhmeierplatz,9,345776
2025-08-01T04:39:47.747684,Schuhmeierplatz,9,346935
2025-08-01T04:39:47.747684,Schuhmeierplatz,9,346801
2025-08-01T04:39:47.747684,Schuhmeierplatz,9,346672
2025-08-01T04:39:47.747684,Schuhmeierplatz,9,346612
2025-08-01T04:39:47.747684,Schuhmeierplatz,9,347999
2025-08-01T04:39:47.747684,Schuhmeierplatz,9,347769
2025-08-01T04:39:47.747684,Schönbrunn U,19,345933
2025-08-01T04:39:47.747684,Schönbrunn U,19,345900
2025-08-01T04:39:47.747684,Schönbrunn U,19,346378
2025-08-01T04:39:47.747684,Schönbrunn U,19,346895
2025-08-01T04:39:47.747684,Schönbrunn U,19,346861
2025-08-01T04:39:47.747684,Schönbrunn U,19,346666
2025-08-01T04:39:47.747684,Schönbrunn U,19,346654
2025-08-01T04:39:47.747684,Schönbrunn U,19,346571
2025-08-01T04:39:47.747684,Schönbrunn U,19,347451
2025-08-01T04:39:47.747684,Schönbrunn U,19,347403
2025-08-01T04:39:47.747684,Schönbrunn U,19,347357
2025-08-01T04:39:47.747684,Schönbrunn U,19,347327
2025-08-01T04:39:47.747684,Schönbrunn U,19,347312
2025-08-01T04:39:47.747684,Schönbrunn U,19,347788
2025-08-01T04:39:47.747684,Schönbrunn U,19,347775
2025-08-01T04:39:47.747684,Schönbrunn U,19,347689
2025-08-01T04:39:47.747684,Schönbrunn U,19,348471
2025-08-01T04:39:47.747684,Schönbrunn U,19,348314
2025-08-01T04:39:47.747684,Schönbrunn U,19,398717
2025-08-01T04:39:47.747684,Hermesstraße / Oscar-Straus-Park ,4,345318
2025-08-01T04:39:47.747684,Hermesstraße / Oscar-Straus-Park ,4,345264
2025-08-01T04:39:47.747684,Hermesstraße / Oscar-Straus-Park ,4,347784
2025-08-01T04:39:47.747684,Hermesstraße / Oscar-Straus-Park ,4,347707
2025-08-01T04:39:47.747684,Modecenterstraße / The Marks,18,345323
2025-08-01T04:39:47.747684,Modecenterstraße / The Marks,18,345146
2025-08-01T04:39:47.747684,Modecenterstraße / The Marks,18,345806
2025-08-01T04:39:47.747684,Modecenterstraße / The Marks,18,345609
2025-08-01T04:39:47.747684,Modecenterstraße / The Marks,18,346292
2025-08-01T04:39:47.747684,Modecenterstraße / The Marks,18,346267
2025-08-01T04:39:47.747684,Modecenterstraße / The Marks,18,346228
2025-08-01T04:39:47.747684,Modecenterstraße / The Marks,18,346192
2025-08-01T04:39:47.747684,Modecenterstraße / The Marks,18,346843
2025-08-01T04:39:47.747684,Modecenterstraße / The Marks,18,346613
2025-08-01T04:39:47.747684,Modecenterstraße / The Marks,18,347478
2025-08-01T04:39:47.747684,Modecenterstraße / The Marks,18,347076
2025-08-01T04:39:47.747684,Modecenterstraße / The Marks,18,347043
2025-08-01T04:39:47.747684,Modecenterstraße / The Marks,18,347975
2025-08-01T04:39:47.747684,Modecenterstraße / The Marks,18,348488
2025-08-01T04:39:47.747684,Modecenterstraße / The Marks,18,348335
2025-08-01T04:39:47.747684,Modecenterstraße / The Marks,18,348254
2025-08-01T04:39:47.747684,Modecenterstraße / The Marks,18,348994
2025-08-01T04:39:47.747684,Am Langen Felde,14,345380
2025-08-01T04:39:47.747684,Am Langen Felde,14,345209
2025-08-01T04:39:47.747684,Am Langen Felde,14,345987
2025-08-01T04:39:47.747684,Am Langen Felde,14,345913
2025-08-01T04:39:47.747684,Am Langen Felde,14,346128
2025-08-01T04:39:47.747684,Am Langen Felde,14,346705
2025-08-01T04:39:47.747684,Am Langen Felde,14,347255
2025-08-01T04:39:47.747684,Am Langen Felde,14,347982
2025-08-01T04:39:47.747684,Am Langen Felde,14,347851
2025-08-01T04:39:47.747684,Am Langen Felde,14,347600
2025-08-01T04:39:47.747684,Am Langen Felde,14,347525
2025-08-01T04:39:47.747684,Am Langen Felde,14,348452
2025-08-01T04:39:47.747684,Am Langen Felde,14,348292
2025-08-01T04:39:47.747684,Am Langen Felde,14,348201
2025-08-01T04:39:47.747684,eLastenräder- Modecenterstraße / The Marks,1,348503
2025-08-01T04:39:47.747684,Pilgramgasse U,15,345426
2025-08-01T04:39:47.747684,Pilgramgasse U,15,345116
2025-08-01T04:39:47.747684,Pilgramgasse U,15,345063
2025-08-01T04:39:47.747684,Pilgramgasse U,15,345745
2025-08-01T04:39:47.747684,Pilgramgasse U,15,345667
2025-08-01T04:39:47.747684,Pilgramgasse U,15,345657
2025-08-01T04:39:47.747684,Pilgramgasse U,15,347040
2025-08-01T04:39:47.747684,Pilgramgasse U,15,347846
2025-08-01T04:39:47.747684,Pilgramgasse U,15,347763
2025-08-01T04:39:47.747684,Pilgramgasse U,15,347665
2025-08-01T04:39:47.747684,Pilgramgasse U,15,347586
2025-08-01T04:39:47.747684,Pilgramgasse U,15,347581
2025-08-01T04:39:47.747684,Pilgramgasse U,15,348184
2025-08-01T04:39:47.747684,Pilgramgasse U,15,348570
2025-08-01T04:39:47.747684,Pilgramgasse U,15,398732
2025-08-01T04:39:47.747684,eLastenräder - Am langen Felde,1,348192
2025-08-01T04:39:47.747684,eLastenräder - Bruno-Marek-Allee,8,345029
2025-08-01T04:39:47.747684,eLastenräder - Bruno-Marek-Allee,8,345941
2025-08-01T04:39:47.747684,eLastenräder - Bruno-Marek-Allee,8,345579
2025-08-01T04:39:47.747684,eLastenräder - Bruno-Marek-Allee,8,346160
2025-08-01T04:39:47.747684,eLastenräder - Bruno-Marek-Allee,8,348432
2025-08-01T04:39:47.747684,eLastenräder - Bruno-Marek-Allee,8,348308
2025-08-01T04:39:47.747684,eLastenräder - Bruno-Marek-Allee,8,348090
2025-08-01T04:39:47.747684,eLastenräder - Bruno-Marek-Allee,8,348032
2025-08-01T04:39:47.747684,Purkytgasse ,2,346758
2025-08-01T04:39:47.747684,Purkytgasse ,2,348147
2025-08-01T04:39:47.747684,Neue Donau U,2,345260
2025-08-01T04:39:47.747684,Neue Donau U,2,348476
2025-08-01T04:39:47.747684,Franz-Josef Bahnhof S,18,345219
2025-08-01T04:39:47.747684,Franz-Josef Bahnhof S,18,345006
2025-08-01T04:39:47.747684,Franz-Josef Bahnhof S,18,345606
2025-08-01T04:39:47.747684,Franz-Josef Bahnhof S,18,345569
2025-08-01T04:39:47.747684,Franz-Josef Bahnhof S,18,345548
2025-08-01T04:39:47.747684,Franz-Josef Bahnhof S,18,346463
2025-08-01T04:39:47.747684,Franz-Josef Bahnhof S,18,346028
2025-08-01T04:39:47.747684,Franz-Josef Bahnhof S,18,346988
2025-08-01T04:39:47.747684,Franz-Josef Bahnhof S,18,346933
2025-08-01T04:39:47.747684,Franz-Josef Bahnhof S,18,346656
2025-08-01T04:39:47.747684,Franz-Josef Bahnhof S,18,347497
2025-08-01T04:39:47.747684,Franz-Josef Bahnhof S,18,347349
2025-08-01T04:39:47.747684,Franz-Josef Bahnhof S,18,347837
2025-08-01T04:39:47.747684,Franz-Josef Bahnhof S,18,348405
2025-08-01T04:39:47.747684,Franz-Josef Bahnhof S,18,348321
2025-08-01T04:39:47.747684,Franz-Josef Bahnhof S,18,348126
2025-08-01T04:39:47.747684,Franz-Josef Bahnhof S,18,348117
2025-08-01T04:39:47.747684,Franz-Josef Bahnhof S,18,348063
2025-08-01T04:39:47.747684,Niederpointenstraße,2,346901
2025-08-01T04:39:47.747684,Niederpointenstraße,2,347731
2025-08-01T04:39:47.747684,Leopoldauer Platz,19,345484
2025-08-01T04:39:47.747684,Leopoldauer Platz,19,345343
2025-08-01T04:39:47.747684,Leopoldauer Platz,19,345284
2025-08-01T04:39:47.747684,Leopoldauer Platz,19,345178
2025-08-01T04:39:47.747684,Leopoldauer Platz,19,346360
2025-08-01T04:39:47.747684,Leopoldauer Platz,19,346233
2025-08-01T04:39:47.747684,Leopoldauer Platz,19,346117
2025-08-01T04:39:47.747684,Leopoldauer Platz,19,346015
2025-08-01T04:39:47.747684,Leopoldauer Platz,19,346906
2025-08-01T04:39:47.747684,Leopoldauer Platz,19,346867
2025-08-01T04:39:47.747684,Leopoldauer Platz,19,346725
2025-08-01T04:39:47.747684,Leopoldauer Platz,19,347355
2025-08-01T04:39:47.747684,Leopoldauer Platz,19,347104
2025-08-01T04:39:47.747684,Leopoldauer Platz,19,347953
2025-08-01T04:39:47.747684,Leopoldauer Platz,19,347855
2025-08-01T04:39:47.747684,Leopoldauer Platz,19,347700
2025-08-01T04:39:47.747684,Leopoldauer Platz,19,348305
2025-08-01T04:39:47.747684,Leopoldauer Platz,19,348263
2025-08-01T04:39:47.747684,Leopoldauer Platz,19,348584
2025-08-01T04:39:47.747684,ArbeiterInnenstrand,1,348020
2025-08-01T04:39:47.747684,Gewerbepark Stadlau,11,345331
2025-08-01T04:39:47.747684,Gewerbepark Stadlau,11,345254
2025-08-01T04:39:47.747684,Gewerbepark Stadlau,11,345105
2025-08-01T04:39:47.747684,Gewerbepark Stadlau,11,345004
2025-08-01T04:39:47.747684,Gewerbepark Stadlau,11,346312
2025-08-01T04:39:47.747684,Gewerbepark Stadlau,11,346017
2025-08-01T04:39:47.747684,Gewerbepark Stadlau,11,346921
2025-08-01T04:39:47.747684,Gewerbepark Stadlau,11,347394
2025-08-01T04:39:47.747684,Gewerbepark Stadlau,11,347189
2025-08-01T04:39:47.747684,Gewerbepark Stadlau,11,347866
2025-08-01T04:39:47.747684,Gewerbepark Stadlau,11,348115
2025-08-01T04:39:47.747684,Atzgersdorf Bildungscampus,2,345315
2025-08-01T04:39:47.747684,Atzgersdorf Bildungscampus,2,346964
2025-08-01T04:39:47.747684,Adelheid-Popp-Gasse,7,346917
2025-08-01T04:39:47.747684,Adelheid-Popp-Gasse,7,347940
2025-08-01T04:39:47.747684,Adelheid-Popp-Gasse,7,347906
2025-08-01T04:39:47.747684,Adelheid-Popp-Gasse,7,348311
2025-08-01T04:39:47.747684,Adelheid-Popp-Gasse,7,348079
2025-08-01T04:39:47.747684,Adelheid-Popp-Gasse,7,348655
2025-08-01T04:39:47.747684,Adelheid-Popp-Gasse,7,348608
2025-08-01T04:39:47.747684,Alte Donau U,19,345445
2025-08-01T04:39:47.747684,Alte Donau U,19,345205
2025-08-01T04:39:47.747684,Alte Donau U,19,345044
2025-08-01T04:39:47.747684,Alte Donau U,19,345856
2025-08-01T04:39:47.747684,Alte Donau U,19,346385
2025-08-01T04:39:47.747684,Alte Donau U,19,346368
2025-08-01T04:39:47.747684,Alte Donau U,19,346324
2025-08-01T04:39:47.747684,Alte Donau U,19,346158
2025-08-01T04:39:47.747684,Alte Donau U,19,346088
2025-08-01T04:39:47.747684,Alte Donau U,19,346812
2025-08-01T04:39:47.747684,Alte Donau U,19,346809
2025-08-01T04:39:47.747684,Alte Donau U,19,346653
2025-08-01T04:39:47.747684,Alte Donau U,19,347833
2025-08-01T04:39:47.747684,Alte Donau U,19,347816
2025-08-01T04:39:47.747684,Alte Donau U,19,347701
2025-08-01T04:39:47.747684,Alte Donau U,19,348418
2025-08-01T04:39:47.747684,Alte Donau U,19,348178
2025-08-01T04:39:47.747684,Alte Donau U,19,348619
2025-08-01T04:39:47.747684,Alte Donau U,19,348616
2025-08-01T04:39:47.747684,VHS Kulturgarage,22,345498
2025-08-01T04:39:47.747684,VHS Kulturgarage,22,345288
2025-08-01T04:39:47.747684,VHS Kulturgarage,22,345270
2025-08-01T04:39:47.747684,VHS Kulturgarage,22,345836
2025-08-01T04:39:47.747684,VHS Kulturgarage,22,345514
2025-08-01T04:39:47.747684,VHS Kulturgarage,22,346391
2025-08-01T04:39:47.747684,VHS Kulturgarage,22,346199
2025-08-01T04:39:47.747684,VHS Kulturgarage,22,346900
2025-08-01T04:39:47.747684,VHS Kulturgarage,22,346668
2025-08-01T04:39:47.747684,VHS Kulturgarage,22,346622
2025-08-01T04:39:47.747684,VHS Kulturgarage,22,346602
2025-08-01T04:39:47.747684,VHS Kulturgarage,22,346535
2025-08-01T04:39:47.747684,VHS Kulturgarage,22,347443
2025-08-01T04:39:47.747684,VHS Kulturgarage,22,347245
2025-08-01T04:39:47.747684,VHS Kulturgarage,22,348499
2025-08-01T04:39:47.747684,VHS Kulturgarage,22,348484
2025-08-01T04:39:47.747684,VHS Kulturgarage,22,348352
2025-08-01T04:39:47.747684,VHS Kulturgarage,22,348291
2025-08-01T04:39:47.747684,VHS Kulturgarage,22,348150
2025-08-01T04:39:47.747684,VHS Kulturgarage,22,348092
2025-08-01T04:39:47.747684,VHS Kulturgarage,22,348702
2025-08-01T04:39:47.747684,VHS Kulturgarage,22,348531
2025-08-01T04:39:47.747684,Siebenbrunnenfeldgasse,6,346476
2025-08-01T04:39:47.747684,Siebenbrunnenfeldgasse,6,346307
2025-08-01T04:39:47.747684,Siebenbrunnenfeldgasse,6,347937
2025-08-01T04:39:47.747684,Siebenbrunnenfeldgasse,6,347743
2025-08-01T04:39:47.747684,Siebenbrunnenfeldgasse,6,348243
2025-08-01T04:39:47.747684,Siebenbrunnenfeldgasse,6,348623
2025-08-01T04:39:47.747684,Technisches Museum,35,345475
2025-08-01T04:39:47.747684,Technisches Museum,35,345253
2025-08-01T04:39:47.747684,Technisches Museum,35,345053
2025-08-01T04:39:47.747684,Technisches Museum,35,345875
2025-08-01T04:39:47.747684,Technisches Museum,35,345829
2025-08-01T04:39:47.747684,Technisches Museum,35,345821
2025-08-01T04:39:47.747684,Technisches Museum,35,345753
2025-08-01T04:39:47.747684,Technisches Museum,35,345725
2025-08-01T04:39:47.747684,Technisches Museum,35,345572
2025-08-01T04:39:47.747684,Technisches Museum,35,345560
2025-08-01T04:39:47.747684,Technisches Museum,35,346409
2025-08-01T04:39:47.747684,Technisches Museum,35,346284
2025-08-01T04:39:47.747684,Technisches Museum,35,346919
2025-08-01T04:39:47.747684,Technisches Museum,35,346849
2025-08-01T04:39:47.747684,Technisches Museum,35,346709
2025-08-01T04:39:47.747684,Technisches Museum,35,346652
2025-08-01T04:39:47.747684,Technisches Museum,35,346603
2025-08-01T04:39:47.747684,Technisches Museum,35,346527
2025-08-01T04:39:47.747684,Technisches Museum,35,347235
2025-08-01T04:39:47.747684,Technisches Museum,35,347220
2025-08-01T04:39:47.747684,Technisches Museum,35,347178
2025-08-01T04:39:47.747684,Technisches Museum,35,347113
2025-08-01T04:39:47.747684,Technisches Museum,35,347097
2025-08-01T04:39:47.747684,Technisches Museum,35,347650
2025-08-01T04:39:47.747684,Technisches Museum,35,347574
2025-08-01T04:39:47.747684,Technisches Museum,35,347564
2025-08-01T04:39:47.747684,Technisches Museum,35,347530
2025-08-01T04:39:47.747684,Technisches Museum,35,348473
2025-08-01T04:39:47.747684,Technisches Museum,35,348441
2025-08-01T04:39:47.747684,Technisches Museum,35,348340
2025-08-01T04:39:47.747684,Technisches Museum,35,348290
2025-08-01T04:39:47.747684,Technisches Museum,35,348198
2025-08-01T04:39:47.747684,Technisches Museum,35,348142
2025-08-01T04:39:47.747684,Technisches Museum,35,348689
2025-08-01T04:39:47.747684,Technisches Museum,35,348537
2025-08-01T04:39:47.747684,Kultursommer25 - Währinger Park,11,345123
2025-08-01T04:39:47.747684,Kultursommer25 - Währinger Park,11,345113
2025-08-01T04:39:47.747684,Kultursommer25 - Währinger Park,11,345068
2025-08-01T04:39:47.747684,Kultursommer25 - Währinger Park,11,346406
2025-08-01T04:39:47.747684,Kultursommer25 - Währinger Park,11,346313
2025-08-01T04:39:47.747684,Kultursommer25 - Währinger Park,11,346285
2025-08-01T04:39:47.747684,Kultursommer25 - Währinger Park,11,346215
2025-08-01T04:39:47.747684,Kultursommer25 - Währinger Park,11,346596
2025-08-01T04:39:47.747684,Kultursommer25 - Währinger Park,11,347733
2025-08-01T04:39:47.747684,Kultursommer25 - Währinger Park,11,348204
2025-08-01T04:39:47.747684,Kultursommer25 - Währinger Park,11,348041
2025-08-01T04:39:47.747684,Wendstattgasse,15,345183
2025-08-01T04:39:47.747684,Wendstattgasse,15,345119
2025-08-01T04:39:47.747684,Wendstattgasse,15,345016
2025-08-01T04:39:47.747684,Wendstattgasse,15,345920
2025-08-01T04:39:47.747684,Wendstattgasse,15,345598
2025-08-01T04:39:47.747684,Wendstattgasse,15,346023
2025-08-01T04:39:47.747684,Wendstattgasse,15,346820
2025-08-01T04:39:47.747684,Wendstattgasse,15,346777
2025-08-01T04:39:47.747684,Wendstattgasse,15,346726
2025-08-01T04:39:47.747684,Wendstattgasse,15,346685
2025-08-01T04:39:47.747684,Wendstattgasse,15,347596
2025-08-01T04:39:47.747684,Wendstattgasse,15,348497
2025-08-01T04:39:47.747684,Wendstattgasse,15,348212
2025-08-01T04:39:47.747684,Wendstattgasse,15,348033
2025-08-01T04:39:47.747684,Wendstattgasse,15,348030
2025-08-01T04:39:47.747684,Neilreichgasse,2,345145
2025-08-01T04:39:47.747684,Neilreichgasse,2,348216
2025-08-01T04:39:47.747684,Gutheil-Schoder-Gasse / Badner Bahn,5,347301
2025-08-01T04:39:47.747684,Gutheil-Schoder-Gasse / Badner Bahn,5,347972
2025-08-01T04:39:47.747684,Gutheil-Schoder-Gasse / Badner Bahn,5,347604
2025-08-01T04:39:47.747684,Gutheil-Schoder-Gasse / Badner Bahn,5,348363
2025-08-01T04:39:47.747684,Gutheil-Schoder-Gasse / Badner Bahn,5,349039
2025-08-01T04:39:47.747684,Neu Leopoldau,12,345025
2025-08-01T04:39:47.747684,Neu Leopoldau,12,345929
2025-08-01T04:39:47.747684,Neu Leopoldau,12,345760
2025-08-01T04:39:47.747684,Neu Leopoldau,12,345651
2025-08-01T04:39:47.747684,Neu Leopoldau,12,346234
2025-08-01T04:39:47.747684,Neu Leopoldau,12,346578
2025-08-01T04:39:47.747684,Neu Leopoldau,12,347118
2025-08-01T04:39:47.747684,Neu Leopoldau,12,347514
2025-08-01T04:39:47.747684,Neu Leopoldau,12,348493
2025-08-01T04:39:47.747684,Neu Leopoldau,12,348031
2025-08-01T04:39:47.747684,Neu Leopoldau,12,348644
2025-08-01T04:39:47.747684,Neu Leopoldau,12,348566
2025-08-01T04:39:47.747684,Strebersdorf S,11,345338
2025-08-01T04:39:47.747684,Strebersdorf S,11,345332
2025-08-01T04:39:47.747684,Strebersdorf S,11,345853
2025-08-01T04:39:47.747684,Strebersdorf S,11,346328
2025-08-01T04:39:47.747684,Strebersdorf S,11,346280
2025-08-01T04:39:47.747684,Strebersdorf S,11,346675
2025-08-01T04:39:47.747684,Strebersdorf S,11,347252
2025-08-01T04:39:47.747684,Strebersdorf S,11,347078
2025-08-01T04:39:47.747684,Strebersdorf S,11,348492
2025-08-01T04:39:47.747684,Strebersdorf S,11,348377
2025-08-01T04:39:47.747684,Strebersdorf S,11,348578
2025-08-01T04:39:47.747684,Rodlergasse,2,345740
2025-08-01T04:39:47.747684,Rodlergasse,2,345501
2025-08-01T04:39:47.747684,Nussbaumallee,7,345378
2025-08-01T04:39:47.747684,Nussbaumallee,7,345269
2025-08-01T04:39:47.747684,Nussbaumallee,7,345841
2025-08-01T04:39:47.747684,Nussbaumallee,7,346924
2025-08-01T04:39:47.747684,Nussbaumallee,7,347654
2025-08-01T04:39:47.747684,Nussbaumallee,7,348404
2025-08-01T04:39:47.747684,Nussbaumallee,7,348133
2025-08-01T04:39:47.747684,Raxstraße,8,345492
2025-08-01T04:39:47.747684,Raxstraße,8,345634
2025-08-01T04:39:47.747684,Raxstraße,8,346879
2025-08-01T04:39:47.747684,Raxstraße,8,347191
2025-08-01T04:39:47.747684,Raxstraße,8,347868
2025-08-01T04:39:47.747684,Raxstraße,8,347858
2025-08-01T04:39:47.747684,Raxstraße,8,347750
2025-08-01T04:39:47.747684,Raxstraße,8,347508
2025-08-01T04:39:47.747684,Wattmanngasse,8,346999
2025-08-01T04:39:47.747684,Wattmanngasse,8,346738
2025-08-01T04:39:47.747684,Wattmanngasse,8,347456
2025-08-01T04:39:47.747684,Wattmanngasse,8,347447
2025-08-01T04:39:47.747684,Wattmanngasse,8,347230
2025-08-01T04:39:47.747684,Wattmanngasse,8,347960
2025-08-01T04:39:47.747684,Wattmanngasse,8,347767
2025-08-01T04:39:47.747684,Wattmanngasse,8,348008
2025-08-01T04:39:47.747684,Floridsdorfer Markt,2,346269
2025-08-01T04:39:47.747684,Floridsdorfer Markt,2,347803
2025-08-01T04:39:47.747684,Nussdorf S,25,345432
2025-08-01T04:39:47.747684,Nussdorf S,25,345414
2025-08-01T04:39:47.747684,Nussdorf S,25,345336
2025-08-01T04:39:47.747684,Nussdorf S,25,345274
2025-08-01T04:39:47.747684,Nussdorf S,25,345026
2025-08-01T04:39:47.747684,Nussdorf S,25,345883
2025-08-01T04:39:47.747684,Nussdorf S,25,345735
2025-08-01T04:39:47.747684,Nussdorf S,25,345723
2025-08-01T04:39:47.747684,Nussdorf S,25,345595
2025-08-01T04:39:47.747684,Nussdorf S,25,346472
2025-08-01T04:39:47.747684,Nussdorf S,25,346283
2025-08-01T04:39:47.747684,Nussdorf S,25,346886
2025-08-01T04:39:47.747684,Nussdorf S,25,346642
2025-08-01T04:39:47.747684,Nussdorf S,25,346598
2025-08-01T04:39:47.747684,Nussdorf S,25,347411
2025-08-01T04:39:47.747684,Nussdorf S,25,347287
2025-08-01T04:39:47.747684,Nussdorf S,25,347212
2025-08-01T04:39:47.747684,Nussdorf S,25,347125
2025-08-01T04:39:47.747684,Nussdorf S,25,347575
2025-08-01T04:39:47.747684,Nussdorf S,25,347568
2025-08-01T04:39:47.747684,Nussdorf S,25,348273
2025-08-01T04:39:47.747684,Nussdorf S,25,348271
2025-08-01T04:39:47.747684,Nussdorf S,25,348258
2025-08-01T04:39:47.747684,Nussdorf S,25,348169
2025-08-01T04:39:47.747684,Nussdorf S,25,348668
2025-08-01T04:39:47.747684,Kultursommer25 - Nordwestbahnhof,10,345405
2025-08-01T04:39:47.747684,Kultursommer25 - Nordwestbahnhof,10,345312
2025-08-01T04:39:47.747684,Kultursommer25 - Nordwestbahnhof,10,345166
2025-08-01T04:39:47.747684,Kultursommer25 - Nordwestbahnhof,10,345977
2025-08-01T04:39:47.747684,Kultursommer25 - Nordwestbahnhof,10,345670
2025-08-01T04:39:47.747684,Kultursommer25 - Nordwestbahnhof,10,346232
2025-08-01T04:39:47.747684,Kultursommer25 - Nordwestbahnhof,10,346992
2025-08-01T04:39:47.747684,Kultursommer25 - Nordwestbahnhof,10,347987
2025-08-01T04:39:47.747684,Kultursommer25 - Nordwestbahnhof,10,347978
2025-08-01T04:39:47.747684,Kultursommer25 - Nordwestbahnhof,10,348439
2025-08-01T04:39:47.747684,Kultursommer25 - Fußballverein 1210,16,345467
2025-08-01T04:39:47.747684,Kultursommer25 - Fußballverein 1210,16,345921
2025-08-01T04:39:47.747684,Kultursommer25 - Fußballverein 1210,16,345737
2025-08-01T04:39:47.747684,Kultursommer25 - Fußballverein 1210,16,345625
2025-08-01T04:39:47.747684,Kultursommer25 - Fußballverein 1210,16,345580
2025-08-01T04:39:47.747684,Kultursommer25 - Fußballverein 1210,16,346440
2025-08-01T04:39:47.747684,Kultursommer25 - Fußballverein 1210,16,346386
2025-08-01T04:39:47.747684,Kultursommer25 - Fußballverein 1210,16,346341
2025-08-01T04:39:47.747684,Kultursommer25 - Fußballverein 1210,16,346018
2025-08-01T04:39:47.747684,Kultursommer25 - Fußballverein 1210,16,346911
2025-08-01T04:39:47.747684,Kultursommer25 - Fußballverein 1210,16,347248
2025-08-01T04:39:47.747684,Kultursommer25 - Fußballverein 1210,16,347243
2025-08-01T04:39:47.747684,Kultursommer25 - Fußballverein 1210,16,347137
2025-08-01T04:39:47.747684,Kultursommer25 - Fußballverein 1210,16,348361
2025-08-01T04:39:47.747684,Kultursommer25 - Fußballverein 1210,16,348082
2025-08-01T04:39:47.747684,Kultursommer25 - Fußballverein 1210,16,348525
2025-08-01T04:39:47.747684,Kultursommer25 - Wilhelmsdorfer Park,2,345035
2025-08-01T04:39:47.747684,Kultursommer25 - Wilhelmsdorfer Park,2,346163
2025-08-01T04:39:47.747684,Kultursommer25 - Reithofferpark,3,345296
2025-08-01T04:39:47.747684,Kultursommer25 - Reithofferpark,3,345973
2025-08-01T04:39:47.747684,Kultursommer25 - Reithofferpark,3,347296
2025-08-01T04:39:47.747684,Bertha-von-Suttner-Gasse,9,346382
2025-08-01T04:39:47.747684,Bertha-von-Suttner-Gasse,9,346286
2025-08-01T04:39:47.747684,Bertha-von-Suttner-Gasse,9,347423
2025-08-01T04:39:47.747684,Bertha-von-Suttner-Gasse,9,347175
2025-08-01T04:39:47.747684,Bertha-von-Suttner-Gasse,9,347958
2025-08-01T04:39:47.747684,Bertha-von-Suttner-Gasse,9,347912
2025-08-01T04:39:47.747684,Bertha-von-Suttner-Gasse,9,347865
2025-08-01T04:39:47.747684,Bertha-von-Suttner-Gasse,9,347861
2025-08-01T04:39:47.747684,Bertha-von-Suttner-Gasse,9,348053
2025-08-01T04:39:47.747684,Hauptbahnhof Ost,11,345271
2025-08-01T04:39:47.747684,Hauptbahnhof Ost,11,345231
2025-08-01T04:39:47.747684,Hauptbahnhof Ost,11,346478
2025-08-01T04:39:47.747684,Hauptbahnhof Ost,11,346840
2025-08-01T04:39:47.747684,Hauptbahnhof Ost,11,346764
2025-08-01T04:39:47.747684,Hauptbahnhof Ost,11,346655
2025-08-01T04:39:47.747684,Hauptbahnhof Ost,11,346640
2025-08-01T04:39:47.747684,Hauptbahnhof Ost,11,347897
2025-08-01T04:39:47.747684,Hauptbahnhof Ost,11,347876
2025-08-01T04:39:47.747684,Hauptbahnhof Ost,11,347870
2025-08-01T04:39:47.747684,Hauptbahnhof Ost,11,348120
2025-08-01T04:39:47.747684,FH Technikum,13,345168
2025-08-01T04:39:47.747684,FH Technikum,13,345142
2025-08-01T04:39:47.747684,FH Technikum,13,345076
2025-08-01T04:39:47.747684,FH Technikum,13,345748
2025-08-01T04:39:47.747684,FH Technikum,13,346034
2025-08-01T04:39:47.747684,FH Technikum,13,346001
2025-08-01T04:39:47.747684,FH Technikum,13,346958
2025-08-01T04:39:47.747684,FH Technikum,13,346802
2025-08-01T04:39:47.747684,FH Technikum,13,347434
2025-08-01T04:39:47.747684,FH Technikum,13,347084
2025-08-01T04:39:47.747684,FH Technikum,13,348427
2025-08-01T04:39:47.747684,FH Technikum,13,348365
2025-08-01T04:39:47.747684,FH Technikum,13,348113
2025-08-01T04:39:47.747684,Hafen Wien,13,345431
2025-08-01T04:39:47.747684,Hafen Wien,13,345391
2025-08-01T04:39:47.747684,Hafen Wien,13,345996
2025-08-01T04:39:47.747684,Hafen Wien,13,345889
2025-08-01T04:39:47.747684,Hafen Wien,13,345571
2025-08-01T04:39:47.747684,Hafen Wien,13,345530
2025-08-01T04:39:47.747684,Hafen Wien,13,346439
2025-08-01T04:39:47.747684,Hafen Wien,13,346374
2025-08-01T04:39:47.747684,Hafen Wien,13,347415
2025-08-01T04:39:47.747684,Hafen Wien,13,347277
2025-08-01T04:39:47.747684,Hafen Wien,13,347588
2025-08-01T04:39:47.747684,Hafen Wien,13,348286
2025-08-01T04:39:47.747684,Hafen Wien,13,348705
2025-08-01T04:39:47.747684,Seestadt U - Lina-Bo-Bardi-Platz,1,346183
2025-08-01T04:39:47.747684,Barbara-Prammer-Allee,5,345022
2025-08-01T04:39:47.747684,Barbara-Prammer-Allee,5,346897
2025-08-01T04:39:47.747684,Barbara-Prammer-Allee,5,346505
2025-08-01T04:39:47.747684,Barbara-Prammer-Allee,5,348592
2025-08-01T04:39:47.747684,Barbara-Prammer-Allee,5,348552
2025-08-01T04:39:47.747684,Sonnenallee,1,346140
2025-08-01T04:39:47.747684,AIT Austrian Institute of Technology / Giefinggasse ,4,347410
2025-08-01T04:39:47.747684,AIT Austrian Institute of Technology / Giefinggasse ,4,347356
2025-08-01T04:39:47.747684,AIT Austrian Institute of Technology / Giefinggasse ,4,347916
2025-08-01T04:39:47.747684,AIT Austrian Institute of Technology / Giefinggasse ,4,347835
2025-08-01T04:39:47.747684,Blériotgasse,19,345483
2025-08-01T04:39:47.747684,Blériotgasse,19,345202
2025-08-01T04:39:47.747684,Blériotgasse,19,345028
2025-08-01T04:39:47.747684,Blériotgasse,19,345636
2025-08-01T04:39:47.747684,Blériotgasse,19,345577
2025-08-01T04:39:47.747684,Blériotgasse,19,346198
2025-08-01T04:39:47.747684,Blériotgasse,19,346572
2025-08-01T04:39:47.747684,Blériotgasse,19,347446
2025-08-01T04:39:47.747684,Blériotgasse,19,347441
2025-08-01T04:39:47.747684,Blériotgasse,19,347416
2025-08-01T04:39:47.747684,Blériotgasse,19,347399
2025-08-01T04:39:47.747684,Blériotgasse,19,347398
2025-08-01T04:39:47.747684,Blériotgasse,19,347190
2025-08-01T04:39:47.747684,Blériotgasse,19,347952
2025-08-01T04:39:47.747684,Blériotgasse,19,347903
2025-08-01T04:39:47.747684,Blériotgasse,19,347690
2025-08-01T04:39:47.747684,Blériotgasse,19,347555
2025-08-01T04:39:47.747684,Blériotgasse,19,347516
2025-08-01T04:39:47.747684,Blériotgasse,19,348659
2025-08-01T04:39:47.747684,Vetmed Haupteingang,8,346397
2025-08-01T04:39:47.747684,Vetmed Haupteingang,8,346108
2025-08-01T04:39:47.747684,Vetmed Haupteingang,8,346781
2025-08-01T04:39:47.747684,Vetmed Haupteingang,8,346583
2025-08-01T04:39:47.747684,Vetmed Haupteingang,8,347414
2025-08-01T04:39:47.747684,Vetmed Haupteingang,8,347848
2025-08-01T04:39:47.747684,Vetmed Haupteingang,8,348403
2025-08-01T04:39:47.747684,Vetmed Haupteingang,8,348040
2025-08-01T04:39:47.747684,Vetmed UB,8,346422
2025-08-01T04:39:47.747684,Vetmed UB,8,346256
2025-08-01T04:39:47.747684,Vetmed UB,8,346098
2025-08-01T04:39:47.747684,Vetmed UB,8,346741
2025-08-01T04:39:47.747684,Vetmed UB,8,348265
2025-08-01T04:39:47.747684,Vetmed UB,8,348093
2025-08-01T04:39:47.747684,Vetmed UB,8,348626
2025-08-01T04:39:47.747684,Vetmed UB,8,348596
2025-08-01T04:39:47.747684,Rebhanngasse / Nordbahnstrasse,14,345387
2025-08-01T04:39:47.747684,Rebhanngasse / Nordbahnstrasse,14,345950
2025-08-01T04:39:47.747684,Rebhanngasse / Nordbahnstrasse,14,346474
2025-08-01T04:39:47.747684,Rebhanngasse / Nordbahnstrasse,14,346427
2025-08-01T04:39:47.747684,Rebhanngasse / Nordbahnstrasse,14,346177
2025-08-01T04:39:47.747684,Rebhanngasse / Nordbahnstrasse,14,346868
2025-08-01T04:39:47.747684,Rebhanngasse / Nordbahnstrasse,14,346739
2025-08-01T04:39:47.747684,Rebhanngasse / Nordbahnstrasse,14,347395
2025-08-01T04:39:47.747684,Rebhanngasse / Nordbahnstrasse,14,347374
2025-08-01T04:39:47.747684,Rebhanngasse / Nordbahnstrasse,14,347236
2025-08-01T04:39:47.747684,Rebhanngasse / Nordbahnstrasse,14,348215
2025-08-01T04:39:47.747684,Rebhanngasse / Nordbahnstrasse,14,348080
2025-08-01T04:39:47.747684,Rebhanngasse / Nordbahnstrasse,14,348678
2025-08-01T04:39:47.747684,Rebhanngasse / Nordbahnstrasse,14,348917
2025-08-01T04:39:47.747684,Kultursommer25 - Atzgersdorf Stadtpark,13,345061
2025-08-01T04:39:47.747684,Kultursommer25 - Atzgersdorf Stadtpark,13,345995
2025-08-01T04:39:47.747684,Kultursommer25 - Atzgersdorf Stadtpark,13,345854
2025-08-01T04:39:47.747684,Kultursommer25 - Atzgersdorf Stadtpark,13,345552
2025-08-01T04:39:47.747684,Kultursommer25 - Atzgersdorf Stadtpark,13,346365
2025-08-01T04:39:47.747684,Kultursommer25 - Atzgersdorf Stadtpark,13,346333
2025-08-01T04:39:47.747684,Kultursommer25 - Atzgersdorf Stadtpark,13,346329
2025-08-01T04:39:47.747684,Kultursommer25 - Atzgersdorf Stadtpark,13,346054
2025-08-01T04:39:47.747684,Kultursommer25 - Atzgersdorf Stadtpark,13,346896
2025-08-01T04:39:47.747684,Kultursommer25 - Atzgersdorf Stadtpark,13,346870
2025-08-01T04:39:47.747684,Kultursommer25 - Atzgersdorf Stadtpark,13,347016
2025-08-01T04:39:47.747684,Kultursommer25 - Atzgersdorf Stadtpark,13,347638
2025-08-01T04:39:47.747684,Kultursommer25 - Atzgersdorf Stadtpark,13,348486
2025-08-01T04:39:47.747684,Kultursommer25 - Schrödingerplatz,8,345751
2025-08-01T04:39:47.747684,Kultursommer25 - Schrödingerplatz,8,346470
2025-08-01T04:39:47.747684,Kultursommer25 - Schrödingerplatz,8,346348
2025-08-01T04:39:47.747684,Kultursommer25 - Schrödingerplatz,8,347781
2025-08-01T04:39:47.747684,Kultursommer25 - Schrödingerplatz,8,347764
2025-08-01T04:39:47.747684,Kultursommer25 - Schrödingerplatz,8,348339
2025-08-01T04:39:47.747684,Kultursommer25 - Schrödingerplatz,8,348242
2025-08-01T04:39:47.747684,Kultursommer25 - Schrödingerplatz,8,348043
2025-08-01T04:39:47.747684,Karl Tornay Gasse ,12,345576
2025-08-01T04:39:47.747684,Karl Tornay Gasse ,12,345567
2025-08-01T04:39:47.747684,Karl Tornay Gasse ,12,345507
2025-08-01T04:39:47.747684,Karl Tornay Gasse ,12,346195
2025-08-01T04:39:47.747684,Karl Tornay Gasse ,12,346728
2025-08-01T04:39:47.747684,Karl Tornay Gasse ,12,346647
2025-08-01T04:39:47.747684,Karl Tornay Gasse ,12,347432
2025-08-01T04:39:47.747684,Karl Tornay Gasse ,12,347188
2025-08-01T04:39:47.747684,Karl Tornay Gasse ,12,347149
2025-08-01T04:39:47.747684,Karl Tornay Gasse ,12,347985
2025-08-01T04:39:47.747684,Karl Tornay Gasse ,12,347648
2025-08-01T04:39:47.747684,Karl Tornay Gasse ,12,348164
2025-08-01T04:39:47.747684,BIKE 348188,1,348188
2025-08-01T04:39:47.747684,BIKE 347945,1,347945
2025-08-01T04:39:47.747684,BIKE 347075,1,347075
2025-08-01T04:39:47.747684,BIKE 347304,1,347304
2025-08-01T04:39:47.747684,BIKE 345402,1,345402
2025-08-01T04:39:47.747684,BIKE 346847,1,346847
2025-08-01T04:39:47.747684,BIKE 345192,1,345192
2025-08-01T04:39:47.747684,BIKE 345811,1,345811
2025-08-01T04:39:47.747684,BIKE 345349,1,345349
2025-08-01T04:39:47.747684,BIKE 348042,1,348042
2025-08-01T04:39:47.747684,BIKE 345128,1,345128
2025-08-01T04:39:47.747684,BIKE 346366,1,346366
2025-08-01T04:39:47.747684,BIKE 345809,1,345809
2025-08-01T04:39:47.747684,BIKE 346748,1,346748
2025-08-01T04:39:47.747684,BIKE 346379,1,346379
2025-08-01T04:39:47.747684,BIKE 347854,1,347854
2025-08-01T04:39:47.747684,BIKE 347060,1,347060
2025-08-01T04:39:47.747684,BIKE 346322,1,346322
2025-08-01T04:39:47.747684,BIKE 347884,1,347884
2025-08-01T04:39:47.747684,BIKE 347845,1,347845
2025-08-01T04:39:47.747684,BIKE 347792,1,347792
2025-08-01T04:39:47.747684,BIKE 346945,1,346945
2025-08-01T04:39:47.747684,BIKE 347703,1,347703
2025-08-01T04:39:47.747684,BIKE 348274,1,348274
2025-08-01T04:39:47.747684,BIKE 345154,1,345154
2025-08-01T04:39:47.747684,BIKE 347573,1,347573
2025-08-01T04:39:47.747684,BIKE 346982,1,346982
2025-08-01T04:39:47.747684,BIKE 346757,1,346757
2025-08-01T04:39:47.747684,BIKE 347282,1,347282
2025-08-01T04:39:47.747684,BIKE 346590,1,346590
2025-08-01T04:39:47.747684,BIKE 347286,1,347286
2025-08-01T04:39:47.747684,BIKE 348521,1,348521
2025-08-01T04:39:47.747684,BIKE 346941,1,346941
2025-08-01T04:39:47.747684,BIKE 346584,1,346584
2025-08-01T04:39:47.747684,BIKE 345141,1,345141
2025-08-01T04:39:47.747684,BIKE 398728,1,398728
2025-08-01T04:39:47.747684,BIKE 347786,1,347786
2025-08-01T04:39:47.747684,BIKE 347552,1,347552
2025-08-01T04:39:47.747684,BIKE 346326,1,346326
2025-08-01T04:39:47.747684,BIKE 345672,1,345672
2025-08-01T04:39:47.747684,BIKE 348704,1,348704
2025-08-01T04:39:47.747684,BIKE 347827,1,347827
2025-08-01T04:39:47.747684,BIKE 345859,1,345859
2025-08-01T04:39:47.747684,BIKE 346250,1,346250
2025-08-01T04:39:47.747684,BIKE 348052,1,348052
2025-08-01T04:39:47.747684,BIKE 345090,1,345090
2025-08-01T04:39:47.747684,BIKE 347920,1,347920
2025-08-01T04:39:47.747684,BIKE 345295,1,345295
2025-08-01T04:39:47.747684,BIKE 348604,1,348604
2025-08-01T04:39:47.747684,BIKE 347513,1,347513
2025-08-01T04:39:47.747684,BIKE 345301,1,345301
2025-08-01T04:39:47.747684,BIKE 346501,1,346501
2025-08-01T04:39:47.747684,BIKE 348698,1,348698
2025-08-01T04:39:47.747684,BIKE 348586,1,348586
2025-08-01T04:39:47.747684,BIKE 346564,1,346564
2025-08-01T04:39:47.747684,BIKE 345693,1,345693
2025-08-01T04:39:47.747684,BIKE 347771,1,347771
2025-08-01T04:39:47.747684,BIKE 348646,1,348646
2025-08-01T04:39:47.747684,BIKE 348700,1,348700
2025-08-01T04:39:47.747684,BIKE 345354,1,345354
2025-08-01T04:39:47.747684,BIKE 347782,1,347782
2025-08-01T04:39:47.747684,BIKE 348595,1,348595
2025-08-01T04:39:47.747684,BIKE 346094,1,346094
2025-08-01T04:39:47.747684,BIKE 348054,1,348054
2025-08-01T04:39:47.747684,BIKE 347371,1,347371
2025-08-01T04:39:47.747684,BIKE 346657,1,346657
2025-08-01T04:39:47.747684,BIKE 346800,1,346800
2025-08-01T04:39:47.747684,BIKE 347115,1,347115
2025-08-01T04:39:47.747684,BIKE 346601,1,346601
2025-08-01T04:39:47.747684,BIKE 347249,1,347249
2025-08-01T04:39:47.747684,BIKE 347579,1,347579
2025-08-01T04:39:47.747684,BIKE 345546,1,345546
2025-08-01T04:39:47.747684,BIKE 346587,1,346587
2025-08-01T04:39:47.747684,BIKE 347878,1,347878
2025-08-01T04:39:47.747684,BIKE 346191,1,346191
2025-08-01T04:39:47.747684,BIKE 345200,1,345200
2025-08-01T04:39:47.747684,BIKE 348563,1,348563
2025-08-01T04:39:47.747684,BIKE 346922,1,346922
2025-08-01T04:39:47.747684,BIKE 346069,1,346069
2025-08-01T04:39:47.747684,BIKE 346294,1,346294
2025-08-01T04:39:47.747684,BIKE 347817,1,347817
2025-08-01T04:39:47.747684,BIKE 348533,1,348533
2025-08-01T04:39:47.747684,BIKE 348687,1,348687
2025-08-01T04:39:47.747684,BIKE 346343,1,346343
2025-08-01T04:39:47.747684,BIKE 347644,1,347644
2025-08-01T04:39:47.747684,BIKE 345742,1,345742
2025-08-01T04:39:47.747684,BIKE 347694,1,347694
2025-08-01T04:39:47.747684,BIKE 347730,1,347730
2025-08-01T04:39:47.747684,BIKE 348323,1,348323
2025-08-01T04:39:47.747684,BIKE 346225,1,346225
2025-08-01T04:39:47.747684,BIKE 346075,1,346075
2025-08-01T04:39:47.747684,BIKE 346552,1,346552
2025-08-01T04:39:47.747684,BIKE 346594,1,346594
2025-08-01T04:39:47.747684,BIKE 347572,1,347572
2025-08-01T04:39:47.747684,BIKE 347052,1,347052
2025-08-01T04:39:47.747684,BIKE 346396,1,346396
2025-08-01T04:39:47.747684,BIKE 348048,1,348048
2025-08-01T04:39:47.747684,BIKE 347148,1,347148
2025-08-01T04:39:47.747684,BIKE 345398,1,345398
2025-08-01T04:39:47.747684,BIKE 345408,1,345408
2025-08-01T04:39:47.747684,BIKE 347279,1,347279
2025-08-01T04:39:47.747684,BIKE 346619,1,346619
2025-08-01T04:39:47.747684,BIKE 348947,1,348947
2025-08-01T04:39:47.747684,BIKE 347313,1,347313
2025-08-01T04:39:47.747684,BIKE 346853,1,346853
2025-08-01T04:39:47.747684,BIKE 345824,1,345824
2025-08-01T04:39:47.747684,BIKE 347134,1,347134
2025-08-01T04:39:47.747684,BIKE 345537,1,345537
2025-08-01T04:39:47.747684,BIKE 346729,1,346729
2025-08-01T04:39:47.747684,BIKE 345971,1,345971
2025-08-01T04:39:47.747684,BIKE 348953,1,348953
2025-08-01T04:39:47.747684,BIKE 348010,1,348010
2025-08-01T04:39:47.747684,BIKE 347550,1,347550
2025-08-01T04:39:47.747684,BIKE 346951,1,346951
2025-08-01T04:39:47.747684,BIKE 345817,1,345817
2025-08-01T04:39:47.747684,BIKE 345727,1,345727
2025-08-01T04:39:47.747684,BIKE 347977,1,347977
2025-08-01T04:39:47.747684,BIKE 345529,1,345529
2025-08-01T04:39:47.747684,BIKE 347053,1,347053
2025-08-01T04:39:47.747684,BIKE 347795,1,347795
2025-08-01T04:39:47.747684,BIKE 345584,1,345584
2025-08-01T04:39:47.747684,BIKE 347589,1,347589
2025-08-01T04:39:47.747684,BIKE 345276,1,345276
2025-08-01T04:39:47.747684,BIKE 347222,1,347222
2025-08-01T04:39:47.747684,BIKE 348495,1,348495
2025-08-01T04:39:47.747684,BIKE 347294,1,347294
2025-08-01T04:39:47.747684,BIKE 345813,1,345813
2025-08-01T04:39:47.747684,BIKE 346934,1,346934
2025-08-01T04:39:47.747684,BIKE 348181,1,348181
2025-08-01T04:39:47.747684,BIKE 348923,1,348923
2025-08-01T04:39:47.747684,BIKE 346634,1,346634
2025-08-01T04:39:47.747684,BIKE 92411,1,92411
2025-08-01T04:39:47.747684,BIKE 348425,1,348425
2025-08-01T04:39:47.747684,BIKE 345279,1,345279
2025-08-01T04:39:47.747684,BIKE 345441,1,345441
2025-08-01T04:39:47.747684,BIKE 347823,1,347823
2025-08-01T04:39:47.747684,BIKE 347152,1,347152
2025-08-01T04:39:47.747684,BIKE 346623,1,346623
2025-08-01T04:39:47.747684,BIKE 348345,1,348345
2025-08-01T04:39:47.747684,BIKE 346630,1,346630
2025-08-01T04:39:47.747684,BIKE 348692,1,348692
2025-08-01T04:39:47.747684,BIKE 346544,1,346544
2025-08-01T04:39:47.747684,BIKE 345858,1,345858
2025-08-01T04:39:47.747684,BIKE 348300,1,348300
2025-08-01T04:39:47.747684,BIKE 346799,1,346799
2025-08-01T05:21:18.737139,Julius-Raab-Platz,3,346205
2025-08-01T05:21:18.737139,Julius-Raab-Platz,3,347300
2025-08-01T05:21:18.737139,Julius-Raab-Platz,3,348871
2025-08-01T05:21:18.737139,Hoher Markt,21,345999
2025-08-01T05:21:18.737139,Hoher Markt,21,345951
2025-08-01T05:21:18.737139,Hoher Markt,21,345847
2025-08-01T05:21:18.737139,Hoher Markt,21,345739
2025-08-01T05:21:18.737139,Hoher Markt,21,346097
2025-08-01T05:21:18.737139,Hoher Markt,21,346946
2025-08-01T05:21:18.737139,Hoher Markt,21,346891
2025-08-01T05:21:18.737139,Hoher Markt,21,346839
2025-08-01T05:21:18.737139,Hoher Markt,21,346683
2025-08-01T05:21:18.737139,Hoher Markt,21,346562
2025-08-01T05:21:18.737139,Hoher Markt,21,346525
2025-08-01T05:21:18.737139,Hoher Markt,21,347428
2025-08-01T05:21:18.737139,Hoher Markt,21,347384
2025-08-01T05:21:18.737139,Hoher Markt,21,347042
2025-08-01T05:21:18.737139,Hoher Markt,21,347852
2025-08-01T05:21:18.737139,Hoher Markt,21,347774
2025-08-01T05:21:18.737139,Hoher Markt,21,347594
2025-08-01T05:21:18.737139,Hoher Markt,21,348295
2025-08-01T05:21:18.737139,Hoher Markt,21,348175
2025-08-01T05:21:18.737139,Hoher Markt,21,348152
2025-08-01T05:21:18.737139,Hoher Markt,21,348106
2025-08-01T05:21:18.737139,Oper,17,345328
2025-08-01T05:21:18.737139,Oper,17,345314
2025-08-01T05:21:18.737139,Oper,17,345215
2025-08-01T05:21:18.737139,Oper,17,345023
2025-08-01T05:21:18.737139,Oper,17,345003
2025-08-01T05:21:18.737139,Oper,17,345639
2025-08-01T05:21:18.737139,Oper,17,345535
2025-08-01T05:21:18.737139,Oper,17,346447
2025-08-01T05:21:18.737139,Oper,17,346387
2025-08-01T05:21:18.737139,Oper,17,346962
2025-08-01T05:21:18.737139,Oper,17,346754
2025-08-01T05:21:18.737139,Oper,17,346678
2025-08-01T05:21:18.737139,Oper,17,346667
2025-08-01T05:21:18.737139,Oper,17,347921
2025-08-01T05:21:18.737139,Oper,17,347905
2025-08-01T05:21:18.737139,Oper,17,348477
2025-08-01T05:21:18.737139,Oper,17,348667
2025-08-01T05:21:18.737139,Stephansplatz U,4,346010
2025-08-01T05:21:18.737139,Stephansplatz U,4,346810
2025-08-01T05:21:18.737139,Stephansplatz U,4,347710
2025-08-01T05:21:18.737139,Stephansplatz U,4,348574
2025-08-01T05:21:18.737139,Taborstraße U,13,345334
2025-08-01T05:21:18.737139,Taborstraße U,13,345047
2025-08-01T05:21:18.737139,Taborstraße U,13,346182
2025-08-01T05:21:18.737139,Taborstraße U,13,346105
2025-08-01T05:21:18.737139,Taborstraße U,13,346907
2025-08-01T05:21:18.737139,Taborstraße U,13,346545
2025-08-01T05:21:18.737139,Taborstraße U,13,347387
2025-08-01T05:21:18.737139,Taborstraße U,13,347183
2025-08-01T05:21:18.737139,Taborstraße U,13,347930
2025-08-01T05:21:18.737139,Taborstraße U,13,348466
2025-08-01T05:21:18.737139,Taborstraße U,13,348370
2025-08-01T05:21:18.737139,Taborstraße U,13,348116
2025-08-01T05:21:18.737139,Taborstraße U,13,348011
2025-08-01T05:21:18.737139,WU-Campus / Südportalstraße ,17,345392
2025-08-01T05:21:18.737139,WU-Campus / Südportalstraße ,17,345151
2025-08-01T05:21:18.737139,WU-Campus / Südportalstraße ,17,345018
2025-08-01T05:21:18.737139,WU-Campus / Südportalstraße ,17,345017
2025-08-01T05:21:18.737139,WU-Campus / Südportalstraße ,17,345939
2025-08-01T05:21:18.737139,WU-Campus / Südportalstraße ,17,345911
2025-08-01T05:21:18.737139,WU-Campus / Südportalstraße ,17,346404
2025-08-01T05:21:18.737139,WU-Campus / Südportalstraße ,17,346713
2025-08-01T05:21:18.737139,WU-Campus / Südportalstraße ,17,347173
2025-08-01T05:21:18.737139,WU-Campus / Südportalstraße ,17,347116
2025-08-01T05:21:18.737139,WU-Campus / Südportalstraße ,17,347067
2025-08-01T05:21:18.737139,WU-Campus / Südportalstraße ,17,347038
2025-08-01T05:21:18.737139,WU-Campus / Südportalstraße ,17,347968
2025-08-01T05:21:18.737139,WU-Campus / Südportalstraße ,17,347798
2025-08-01T05:21:18.737139,WU-Campus / Südportalstraße ,17,348434
2025-08-01T05:21:18.737139,WU-Campus / Südportalstraße ,17,348197
2025-08-01T05:21:18.737139,WU-Campus / Südportalstraße ,17,348144
2025-08-01T05:21:18.737139,Radetzkyplatz,21,345248
2025-08-01T05:21:18.737139,Radetzkyplatz,21,345220
2025-08-01T05:21:18.737139,Radetzkyplatz,21,345155
2025-08-01T05:21:18.737139,Radetzkyplatz,21,345014
2025-08-01T05:21:18.737139,Radetzkyplatz,21,345676
2025-08-01T05:21:18.737139,Radetzkyplatz,21,345517
2025-08-01T05:21:18.737139,Radetzkyplatz,21,346822
2025-08-01T05:21:18.737139,Radetzkyplatz,21,346806
2025-08-01T05:21:18.737139,Radetzkyplatz,21,346798
2025-08-01T05:21:18.737139,Radetzkyplatz,21,346691
2025-08-01T05:21:18.737139,Radetzkyplatz,21,347336
2025-08-01T05:21:18.737139,Radetzkyplatz,21,347201
2025-08-01T05:21:18.737139,Radetzkyplatz,21,347974
2025-08-01T05:21:18.737139,Radetzkyplatz,21,347942
2025-08-01T05:21:18.737139,Radetzkyplatz,21,347941
2025-08-01T05:21:18.737139,Radetzkyplatz,21,347910
2025-08-01T05:21:18.737139,Radetzkyplatz,21,347881
2025-08-01T05:21:18.737139,Radetzkyplatz,21,347760
2025-08-01T05:21:18.737139,Radetzkyplatz,21,348498
2025-08-01T05:21:18.737139,Radetzkyplatz,21,348378
2025-08-01T05:21:18.737139,Radetzkyplatz,21,348096
2025-08-01T05:21:18.737139,Bahngasse / mdw-University of Music and Performing Arts,4,345478
2025-08-01T05:21:18.737139,Bahngasse / mdw-University of Music and Performing Arts,4,346272
2025-08-01T05:21:18.737139,Bahngasse / mdw-University of Music and Performing Arts,4,347914
2025-08-01T05:21:18.737139,Bahngasse / mdw-University of Music and Performing Arts,4,347539
2025-08-01T05:21:18.737139,Erdberg U,10,345185
2025-08-01T05:21:18.737139,Erdberg U,10,345127
2025-08-01T05:21:18.737139,Erdberg U,10,345972
2025-08-01T05:21:18.737139,Erdberg U,10,345927
2025-08-01T05:21:18.737139,Erdberg U,10,345819
2025-08-01T05:21:18.737139,Erdberg U,10,347270
2025-08-01T05:21:18.737139,Erdberg U,10,347246
2025-08-01T05:21:18.737139,Erdberg U,10,347983
2025-08-01T05:21:18.737139,Erdberg U,10,347724
2025-08-01T05:21:18.737139,Erdberg U,10,348576
2025-08-01T05:21:18.737139,Media Quarter Marx,39,345411
2025-08-01T05:21:18.737139,Media Quarter Marx,39,345262
2025-08-01T05:21:18.737139,Media Quarter Marx,39,345149
2025-08-01T05:21:18.737139,Media Quarter Marx,39,345065
2025-08-01T05:21:18.737139,Media Quarter Marx,39,345954
2025-08-01T05:21:18.737139,Media Quarter Marx,39,345873
2025-08-01T05:21:18.737139,Media Quarter Marx,39,345801
2025-08-01T05:21:18.737139,Media Quarter Marx,39,345799
2025-08-01T05:21:18.737139,Media Quarter Marx,39,346426
2025-08-01T05:21:18.737139,Media Quarter Marx,39,346295
2025-08-01T05:21:18.737139,Media Quarter Marx,39,346290
2025-08-01T05:21:18.737139,Media Quarter Marx,39,346255
2025-08-01T05:21:18.737139,Media Quarter Marx,39,346185
2025-08-01T05:21:18.737139,Media Quarter Marx,39,346127
2025-08-01T05:21:18.737139,Media Quarter Marx,39,346066
2025-08-01T05:21:18.737139,Media Quarter Marx,39,346046
2025-08-01T05:21:18.737139,Media Quarter Marx,39,346973
2025-08-01T05:21:18.737139,Media Quarter Marx,39,346762
2025-08-01T05:21:18.737139,Media Quarter Marx,39,346703
2025-08-01T05:21:18.737139,Media Quarter Marx,39,347471
2025-08-01T05:21:18.737139,Media Quarter Marx,39,347373
2025-08-01T05:21:18.737139,Media Quarter Marx,39,347367
2025-08-01T05:21:18.737139,Media Quarter Marx,39,347318
2025-08-01T05:21:18.737139,Media Quarter Marx,39,347315
2025-08-01T05:21:18.737139,Media Quarter Marx,39,347303
2025-08-01T05:21:18.737139,Media Quarter Marx,39,347174
2025-08-01T05:21:18.737139,Media Quarter Marx,39,347853
2025-08-01T05:21:18.737139,Media Quarter Marx,39,347560
2025-08-01T05:21:18.737139,Media Quarter Marx,39,348396
2025-08-01T05:21:18.737139,Media Quarter Marx,39,348357
2025-08-01T05:21:18.737139,Media Quarter Marx,39,348320
2025-08-01T05:21:18.737139,Media Quarter Marx,39,348236
2025-08-01T05:21:18.737139,Media Quarter Marx,39,348104
2025-08-01T05:21:18.737139,Media Quarter Marx,39,348097
2025-08-01T05:21:18.737139,Media Quarter Marx,39,348068
2025-08-01T05:21:18.737139,Media Quarter Marx,39,348065
2025-08-01T05:21:18.737139,Media Quarter Marx,39,348062
2025-08-01T05:21:18.737139,Media Quarter Marx,39,348632
2025-08-01T05:21:18.737139,Media Quarter Marx,39,348550
2025-08-01T05:21:18.737139,Rennweg S,10,345298
2025-08-01T05:21:18.737139,Rennweg S,10,345099
2025-08-01T05:21:18.737139,Rennweg S,10,345743
2025-08-01T05:21:18.737139,Rennweg S,10,346486
2025-08-01T05:21:18.737139,Rennweg S,10,346125
2025-08-01T05:21:18.737139,Rennweg S,10,346997
2025-08-01T05:21:18.737139,Rennweg S,10,347742
2025-08-01T05:21:18.737139,Rennweg S,10,347603
2025-08-01T05:21:18.737139,Rennweg S,10,348400
2025-08-01T05:21:18.737139,Rennweg S,10,348529
2025-08-01T05:21:18.737139,Rochusmarkt,15,345493
2025-08-01T05:21:18.737139,Rochusmarkt,15,345259
2025-08-01T05:21:18.737139,Rochusmarkt,15,345568
2025-08-01T05:21:18.737139,Rochusmarkt,15,347339
2025-08-01T05:21:18.737139,Rochusmarkt,15,347165
2025-08-01T05:21:18.737139,Rochusmarkt,15,347158
2025-08-01T05:21:18.737139,Rochusmarkt,15,347029
2025-08-01T05:21:18.737139,Rochusmarkt,15,347992
2025-08-01T05:21:18.737139,Rochusmarkt,15,347944
2025-08-01T05:21:18.737139,Rochusmarkt,15,347838
2025-08-01T05:21:18.737139,Rochusmarkt,15,348494
2025-08-01T05:21:18.737139,Rochusmarkt,15,348283
2025-08-01T05:21:18.737139,Rochusmarkt,15,348128
2025-08-01T05:21:18.737139,Rochusmarkt,15,348034
2025-08-01T05:21:18.737139,Rochusmarkt,15,348545
2025-08-01T05:21:18.737139,Schwarzenbergplatz,1,345604
2025-08-01T05:21:18.737139,Heumühlgasse,3,345477
2025-08-01T05:21:18.737139,Heumühlgasse,3,346137
2025-08-01T05:21:18.737139,Heumühlgasse,3,348518
2025-08-01T05:21:18.737139,Margaretengürtel U,13,345221
2025-08-01T05:21:18.737139,Margaretengürtel U,13,345871
2025-08-01T05:21:18.737139,Margaretengürtel U,13,346493
2025-08-01T05:21:18.737139,Margaretengürtel U,13,346186
2025-08-01T05:21:18.737139,Margaretengürtel U,13,346817
2025-08-01T05:21:18.737139,Margaretengürtel U,13,346559
2025-08-01T05:21:18.737139,Margaretengürtel U,13,347386
2025-08-01T05:21:18.737139,Margaretengürtel U,13,347114
2025-08-01T05:21:18.737139,Margaretengürtel U,13,347108
2025-08-01T05:21:18.737139,Margaretengürtel U,13,347938
2025-08-01T05:21:18.737139,Margaretengürtel U,13,347561
2025-08-01T05:21:18.737139,Margaretengürtel U,13,348424
2025-08-01T05:21:18.737139,Margaretengürtel U,13,348069
2025-08-01T05:21:18.737139,Mittersteig,36,345494
2025-08-01T05:21:18.737139,Mittersteig,36,345476
2025-08-01T05:21:18.737139,Mittersteig,36,345375
2025-08-01T05:21:18.737139,Mittersteig,36,345350
2025-08-01T05:21:18.737139,Mittersteig,36,345137
2025-08-01T05:21:18.737139,Mittersteig,36,345834
2025-08-01T05:21:18.737139,Mittersteig,36,345686
2025-08-01T05:21:18.737139,Mittersteig,36,346477
2025-08-01T05:21:18.737139,Mittersteig,36,346433
2025-08-01T05:21:18.737139,Mittersteig,36,346309
2025-08-01T05:21:18.737139,Mittersteig,36,346202
2025-08-01T05:21:18.737139,Mittersteig,36,346174
2025-08-01T05:21:18.737139,Mittersteig,36,346035
2025-08-01T05:21:18.737139,Mittersteig,36,346874
2025-08-01T05:21:18.737139,Mittersteig,36,346775
2025-08-01T05:21:18.737139,Mittersteig,36,346701
2025-08-01T05:21:18.737139,Mittersteig,36,346636
2025-08-01T05:21:18.737139,Mittersteig,36,346635
2025-08-01T05:21:18.737139,Mittersteig,36,346570
2025-08-01T05:21:18.737139,Mittersteig,36,346541
2025-08-01T05:21:18.737139,Mittersteig,36,347079
2025-08-01T05:21:18.737139,Mittersteig,36,347057
2025-08-01T05:21:18.737139,Mittersteig,36,347909
2025-08-01T05:21:18.737139,Mittersteig,36,347754
2025-08-01T05:21:18.737139,Mittersteig,36,347592
2025-08-01T05:21:18.737139,Mittersteig,36,348428
2025-08-01T05:21:18.737139,Mittersteig,36,348409
2025-08-01T05:21:18.737139,Mittersteig,36,348343
2025-08-01T05:21:18.737139,Mittersteig,36,348317
2025-08-01T05:21:18.737139,Mittersteig,36,348206
2025-08-01T05:21:18.737139,Mittersteig,36,348039
2025-08-01T05:21:18.737139,Mittersteig,36,348703
2025-08-01T05:21:18.737139,Mittersteig,36,348660
2025-08-01T05:21:18.737139,Mittersteig,36,348565
2025-08-01T05:21:18.737139,Mittersteig,36,348557
2025-08-01T05:21:18.737139,Mittersteig,36,348515
2025-08-01T05:21:18.737139,Ceija-Stojka-Platz,1,346456
2025-08-01T05:21:18.737139,Zieglergasse U,4,345892
2025-08-01T05:21:18.737139,Zieglergasse U,4,345867
2025-08-01T05:21:18.737139,Zieglergasse U,4,345573
2025-08-01T05:21:18.737139,Zieglergasse U,4,346297
2025-08-01T05:21:18.737139,Berggasse,5,345086
2025-08-01T05:21:18.737139,Berggasse,5,345975
2025-08-01T05:21:18.737139,Berggasse,5,345559
2025-08-01T05:21:18.737139,Berggasse,5,345502
2025-08-01T05:21:18.737139,Berggasse,5,346687
2025-08-01T05:21:18.737139,Frankhplatz,6,345499
2025-08-01T05:21:18.737139,Frankhplatz,6,345943
2025-08-01T05:21:18.737139,Frankhplatz,6,345506
2025-08-01T05:21:18.737139,Frankhplatz,6,346576
2025-08-01T05:21:18.737139,Frankhplatz,6,348394
2025-08-01T05:21:18.737139,Frankhplatz,6,348213
2025-08-01T05:21:18.737139,Friedensbrücke U,17,345356
2025-08-01T05:21:18.737139,Friedensbrücke U,17,345167
2025-08-01T05:21:18.737139,Friedensbrücke U,17,345121
2025-08-01T05:21:18.737139,Friedensbrücke U,17,345706
2025-08-01T05:21:18.737139,Friedensbrücke U,17,345649
2025-08-01T05:21:18.737139,Friedensbrücke U,17,346444
2025-08-01T05:21:18.737139,Friedensbrücke U,17,346083
2025-08-01T05:21:18.737139,Friedensbrücke U,17,346014
2025-08-01T05:21:18.737139,Friedensbrücke U,17,346813
2025-08-01T05:21:18.737139,Friedensbrücke U,17,346730
2025-08-01T05:21:18.737139,Friedensbrücke U,17,346565
2025-08-01T05:21:18.737139,Friedensbrücke U,17,347151
2025-08-01T05:21:18.737139,Friedensbrücke U,17,347847
2025-08-01T05:21:18.737139,Friedensbrücke U,17,347655
2025-08-01T05:21:18.737139,Friedensbrücke U,17,347639
2025-08-01T05:21:18.737139,Friedensbrücke U,17,347628
2025-08-01T05:21:18.737139,Friedensbrücke U,17,347503
2025-08-01T05:21:18.737139,Spittelau S U,17,345673
2025-08-01T05:21:18.737139,Spittelau S U,17,345597
2025-08-01T05:21:18.737139,Spittelau S U,17,346469
2025-08-01T05:21:18.737139,Spittelau S U,17,346226
2025-08-01T05:21:18.737139,Spittelau S U,17,346150
2025-08-01T05:21:18.737139,Spittelau S U,17,346144
2025-08-01T05:21:18.737139,Spittelau S U,17,347275
2025-08-01T05:21:18.737139,Spittelau S U,17,347215
2025-08-01T05:21:18.737139,Spittelau S U,17,347171
2025-08-01T05:21:18.737139,Spittelau S U,17,347037
2025-08-01T05:21:18.737139,Spittelau S U,17,347708
2025-08-01T05:21:18.737139,Spittelau S U,17,347662
2025-08-01T05:21:18.737139,Spittelau S U,17,347520
2025-08-01T05:21:18.737139,Spittelau S U,17,348218
2025-08-01T05:21:18.737139,Spittelau S U,17,348165
2025-08-01T05:21:18.737139,Spittelau S U,17,348146
2025-08-01T05:21:18.737139,Spittelau S U,17,348571
2025-08-01T05:21:18.737139,Absbergbrücke / Alfred-Böhm-Park,1,345710
2025-08-01T05:21:18.737139,Altes Landgut U,1,345555
2025-08-01T05:21:18.737139,Bloch-Bauer-Promenade,5,347326
2025-08-01T05:21:18.737139,Bloch-Bauer-Promenade,5,347226
2025-08-01T05:21:18.737139,Bloch-Bauer-Promenade,5,347071
2025-08-01T05:21:18.737139,Bloch-Bauer-Promenade,5,347519
2025-08-01T05:21:18.737139,Bloch-Bauer-Promenade,5,348680
2025-08-01T05:21:18.737139,Hauptbahnhof S U ,31,345449
2025-08-01T05:21:18.737139,Hauptbahnhof S U ,31,345308
2025-08-01T05:21:18.737139,Hauptbahnhof S U ,31,345114
2025-08-01T05:21:18.737139,Hauptbahnhof S U ,31,345050
2025-08-01T05:21:18.737139,Hauptbahnhof S U ,31,345986
2025-08-01T05:21:18.737139,Hauptbahnhof S U ,31,345611
2025-08-01T05:21:18.737139,Hauptbahnhof S U ,31,345539
2025-08-01T05:21:18.737139,Hauptbahnhof S U ,31,346298
2025-08-01T05:21:18.737139,Hauptbahnhof S U ,31,346264
2025-08-01T05:21:18.737139,Hauptbahnhof S U ,31,346238
2025-08-01T05:21:18.737139,Hauptbahnhof S U ,31,346955
2025-08-01T05:21:18.737139,Hauptbahnhof S U ,31,346894
2025-08-01T05:21:18.737139,Hauptbahnhof S U ,31,346566
2025-08-01T05:21:18.737139,Hauptbahnhof S U ,31,346553
2025-08-01T05:21:18.737139,Hauptbahnhof S U ,31,347454
2025-08-01T05:21:18.737139,Hauptbahnhof S U ,31,347345
2025-08-01T05:21:18.737139,Hauptbahnhof S U ,31,347211
2025-08-01T05:21:18.737139,Hauptbahnhof S U ,31,347048
2025-08-01T05:21:18.737139,Hauptbahnhof S U ,31,347001
2025-08-01T05:21:18.737139,Hauptbahnhof S U ,31,347997
2025-08-01T05:21:18.737139,Hauptbahnhof S U ,31,347501
2025-08-01T05:21:18.737139,Hauptbahnhof S U ,31,348356
2025-08-01T05:21:18.737139,Hauptbahnhof S U ,31,348289
2025-08-01T05:21:18.737139,Hauptbahnhof S U ,31,348279
2025-08-01T05:21:18.737139,Hauptbahnhof S U ,31,348189
2025-08-01T05:21:18.737139,Hauptbahnhof S U ,31,348187
2025-08-01T05:21:18.737139,Hauptbahnhof S U ,31,348168
2025-08-01T05:21:18.737139,Hauptbahnhof S U ,31,348089
2025-08-01T05:21:18.737139,Hauptbahnhof S U ,31,348532
2025-08-01T05:21:18.737139,Hauptbahnhof S U ,31,398740
2025-08-01T05:21:18.737139,Hauptbahnhof S U ,31,398739
2025-08-01T05:21:18.737139,Keplerplatz U,8,345495
2025-08-01T05:21:18.737139,Keplerplatz U,8,346484
2025-08-01T05:21:18.737139,Keplerplatz U,8,346216
2025-08-01T05:21:18.737139,Keplerplatz U,8,346987
2025-08-01T05:21:18.737139,Keplerplatz U,8,346614
2025-08-01T05:21:18.737139,Keplerplatz U,8,346528
2025-08-01T05:21:18.737139,Keplerplatz U,8,347620
2025-08-01T05:21:18.737139,Keplerplatz U,8,348555
2025-08-01T05:21:18.737139,Absberggasse,2,346510
2025-08-01T05:21:18.737139,Absberggasse,2,347794
2025-08-01T05:21:18.737139,Enkplatz U,12,345052
2025-08-01T05:21:18.737139,Enkplatz U,12,345594
2025-08-01T05:21:18.737139,Enkplatz U,12,346990
2025-08-01T05:21:18.737139,Enkplatz U,12,346978
2025-08-01T05:21:18.737139,Enkplatz U,12,346567
2025-08-01T05:21:18.737139,Enkplatz U,12,346533
2025-08-01T05:21:18.737139,Enkplatz U,12,346508
2025-08-01T05:21:18.737139,Enkplatz U,12,347019
2025-08-01T05:21:18.737139,Enkplatz U,12,347895
2025-08-01T05:21:18.737139,Enkplatz U,12,348411
2025-08-01T05:21:18.737139,Enkplatz U,12,348677
2025-08-01T05:21:18.737139,Enkplatz U,12,348561
2025-08-01T05:21:18.737139,Gasometer U,13,345132
2025-08-01T05:21:18.737139,Gasometer U,13,345032
2025-08-01T05:21:18.737139,Gasometer U,13,345804
2025-08-01T05:21:18.737139,Gasometer U,13,345763
2025-08-01T05:21:18.737139,Gasometer U,13,345640
2025-08-01T05:21:18.737139,Gasometer U,13,345615
2025-08-01T05:21:18.737139,Gasometer U,13,346351
2025-08-01T05:21:18.737139,Gasometer U,13,346696
2025-08-01T05:21:18.737139,Gasometer U,13,347900
2025-08-01T05:21:18.737139,Gasometer U,13,348229
2025-08-01T05:21:18.737139,Gasometer U,13,348179
2025-08-01T05:21:18.737139,Gasometer U,13,348167
2025-08-01T05:21:18.737139,Gasometer U,13,348046
2025-08-01T05:21:18.737139,Geiselbergstraße S,5,345660
2025-08-01T05:21:18.737139,Geiselbergstraße S,5,346455
2025-08-01T05:21:18.737139,Geiselbergstraße S,5,346423
2025-08-01T05:21:18.737139,Geiselbergstraße S,5,346931
2025-08-01T05:21:18.737139,Geiselbergstraße S,5,347418
2025-08-01T05:21:18.737139,Simmering S U,2,345293
2025-08-01T05:21:18.737139,Simmering S U,2,348514
2025-08-01T05:21:18.737139,Niederhofstraße U,24,345456
2025-08-01T05:21:18.737139,Niederhofstraße U,24,345434
2025-08-01T05:21:18.737139,Niederhofstraße U,24,345394
2025-08-01T05:21:18.737139,Niederhofstraße U,24,345224
2025-08-01T05:21:18.737139,Niederhofstraße U,24,345767
2025-08-01T05:21:18.737139,Niederhofstraße U,24,345629
2025-08-01T05:21:18.737139,Niederhofstraße U,24,345616
2025-08-01T05:21:18.737139,Niederhofstraße U,24,346165
2025-08-01T05:21:18.737139,Niederhofstraße U,24,346893
2025-08-01T05:21:18.737139,Niederhofstraße U,24,346824
2025-08-01T05:21:18.737139,Niederhofstraße U,24,346783
2025-08-01T05:21:18.737139,Niederhofstraße U,24,346736
2025-08-01T05:21:18.737139,Niederhofstraße U,24,346554
2025-08-01T05:21:18.737139,Niederhofstraße U,24,347307
2025-08-01T05:21:18.737139,Niederhofstraße U,24,347265
2025-08-01T05:21:18.737139,Niederhofstraße U,24,347232
2025-08-01T05:21:18.737139,Niederhofstraße U,24,347106
2025-08-01T05:21:18.737139,Niederhofstraße U,24,347994
2025-08-01T05:21:18.737139,Niederhofstraße U,24,347737
2025-08-01T05:21:18.737139,Niederhofstraße U,24,347583
2025-08-01T05:21:18.737139,Niederhofstraße U,24,347522
2025-08-01T05:21:18.737139,Niederhofstraße U,24,348287
2025-08-01T05:21:18.737139,Niederhofstraße U,24,348081
2025-08-01T05:21:18.737139,Niederhofstraße U,24,348073
2025-08-01T05:21:18.737139,Hietzing U,25,345393
2025-08-01T05:21:18.737139,Hietzing U,25,345297
2025-08-01T05:21:18.737139,Hietzing U,25,345059
2025-08-01T05:21:18.737139,Hietzing U,25,345038
2025-08-01T05:21:18.737139,Hietzing U,25,345937
2025-08-01T05:21:18.737139,Hietzing U,25,345698
2025-08-01T05:21:18.737139,Hietzing U,25,345655
2025-08-01T05:21:18.737139,Hietzing U,25,345566
2025-08-01T05:21:18.737139,Hietzing U,25,345515
2025-08-01T05:21:18.737139,Hietzing U,25,346407
2025-08-01T05:21:18.737139,Hietzing U,25,346273
2025-08-01T05:21:18.737139,Hietzing U,25,346251
2025-08-01T05:21:18.737139,Hietzing U,25,346138
2025-08-01T05:21:18.737139,Hietzing U,25,346134
2025-08-01T05:21:18.737139,Hietzing U,25,346768
2025-08-01T05:21:18.737139,Hietzing U,25,347421
2025-08-01T05:21:18.737139,Hietzing U,25,347408
2025-08-01T05:21:18.737139,Hietzing U,25,347167
2025-08-01T05:21:18.737139,Hietzing U,25,347124
2025-08-01T05:21:18.737139,Hietzing U,25,347927
2025-08-01T05:21:18.737139,Hietzing U,25,347773
2025-08-01T05:21:18.737139,Hietzing U,25,347605
2025-08-01T05:21:18.737139,Hietzing U,25,347548
2025-08-01T05:21:18.737139,Hietzing U,25,348420
2025-08-01T05:21:18.737139,Hietzing U,25,348304
2025-08-01T05:21:18.737139,Westbahnhof S U,31,345497
2025-08-01T05:21:18.737139,Westbahnhof S U,31,345244
2025-08-01T05:21:18.737139,Westbahnhof S U,31,345175
2025-08-01T05:21:18.737139,Westbahnhof S U,31,345798
2025-08-01T05:21:18.737139,Westbahnhof S U,31,345797
2025-08-01T05:21:18.737139,Westbahnhof S U,31,345690
2025-08-01T05:21:18.737139,Westbahnhof S U,31,345659
2025-08-01T05:21:18.737139,Westbahnhof S U,31,345540
2025-08-01T05:21:18.737139,Westbahnhof S U,31,345536
2025-08-01T05:21:18.737139,Westbahnhof S U,31,346479
2025-08-01T05:21:18.737139,Westbahnhof S U,31,346352
2025-08-01T05:21:18.737139,Westbahnhof S U,31,346070
2025-08-01T05:21:18.737139,Westbahnhof S U,31,346029
2025-08-01T05:21:18.737139,Westbahnhof S U,31,346936
2025-08-01T05:21:18.737139,Westbahnhof S U,31,346920
2025-08-01T05:21:18.737139,Westbahnhof S U,31,346880
2025-08-01T05:21:18.737139,Westbahnhof S U,31,346782
2025-08-01T05:21:18.737139,Westbahnhof S U,31,346734
2025-08-01T05:21:18.737139,Westbahnhof S U,31,346638
2025-08-01T05:21:18.737139,Westbahnhof S U,31,347233
2025-08-01T05:21:18.737139,Westbahnhof S U,31,347026
2025-08-01T05:21:18.737139,Westbahnhof S U,31,347714
2025-08-01T05:21:18.737139,Westbahnhof S U,31,347705
2025-08-01T05:21:18.737139,Westbahnhof S U,31,347663
2025-08-01T05:21:18.737139,Westbahnhof S U,31,347626
2025-08-01T05:21:18.737139,Westbahnhof S U,31,348416
2025-08-01T05:21:18.737139,Westbahnhof S U,31,348369
2025-08-01T05:21:18.737139,Westbahnhof S U,31,348228
2025-08-01T05:21:18.737139,Westbahnhof S U,31,348157
2025-08-01T05:21:18.737139,Westbahnhof S U,31,348056
2025-08-01T05:21:18.737139,Westbahnhof S U,31,348639
2025-08-01T05:21:18.737139,Richard-Wagner-Platz,17,345465
2025-08-01T05:21:18.737139,Richard-Wagner-Platz,17,345810
2025-08-01T05:21:18.737139,Richard-Wagner-Platz,17,345523
2025-08-01T05:21:18.737139,Richard-Wagner-Platz,17,346380
2025-08-01T05:21:18.737139,Richard-Wagner-Platz,17,346203
2025-08-01T05:21:18.737139,Richard-Wagner-Platz,17,346133
2025-08-01T05:21:18.737139,Richard-Wagner-Platz,17,346915
2025-08-01T05:21:18.737139,Richard-Wagner-Platz,17,346721
2025-08-01T05:21:18.737139,Richard-Wagner-Platz,17,347476
2025-08-01T05:21:18.737139,Richard-Wagner-Platz,17,347360
2025-08-01T05:21:18.737139,Richard-Wagner-Platz,17,347353
2025-08-01T05:21:18.737139,Richard-Wagner-Platz,17,347319
2025-08-01T05:21:18.737139,Richard-Wagner-Platz,17,347217
2025-08-01T05:21:18.737139,Richard-Wagner-Platz,17,347882
2025-08-01T05:21:18.737139,Richard-Wagner-Platz,17,347749
2025-08-01T05:21:18.737139,Richard-Wagner-Platz,17,348371
2025-08-01T05:21:18.737139,Richard-Wagner-Platz,17,348087
2025-08-01T05:21:18.737139,Alser Straße U,3,346036
2025-08-01T05:21:18.737139,Alser Straße U,3,347765
2025-08-01T05:21:18.737139,Alser Straße U,3,348590
2025-08-01T05:21:18.737139,Währinger Straße U,13,345807
2025-08-01T05:21:18.737139,Währinger Straße U,13,345783
2025-08-01T05:21:18.737139,Währinger Straße U,13,345770
2025-08-01T05:21:18.737139,Währinger Straße U,13,345586
2025-08-01T05:21:18.737139,Währinger Straße U,13,345510
2025-08-01T05:21:18.737139,Währinger Straße U,13,346032
2025-08-01T05:21:18.737139,Währinger Straße U,13,346965
2025-08-01T05:21:18.737139,Währinger Straße U,13,346898
2025-08-01T05:21:18.737139,Währinger Straße U,13,346787
2025-08-01T05:21:18.737139,Währinger Straße U,13,346710
2025-08-01T05:21:18.737139,Währinger Straße U,13,347099
2025-08-01T05:21:18.737139,Währinger Straße U,13,348025
2025-08-01T05:21:18.737139,Währinger Straße U,13,348007
2025-08-01T05:21:18.737139,Gymnasiumstraße,12,345157
2025-08-01T05:21:18.737139,Gymnasiumstraße,12,345680
2025-08-01T05:21:18.737139,Gymnasiumstraße,12,346779
2025-08-01T05:21:18.737139,Gymnasiumstraße,12,346538
2025-08-01T05:21:18.737139,Gymnasiumstraße,12,347377
2025-08-01T05:21:18.737139,Gymnasiumstraße,12,347375
2025-08-01T05:21:18.737139,Gymnasiumstraße,12,347340
2025-08-01T05:21:18.737139,Gymnasiumstraße,12,347266
2025-08-01T05:21:18.737139,Gymnasiumstraße,12,347204
2025-08-01T05:21:18.737139,Gymnasiumstraße,12,347197
2025-08-01T05:21:18.737139,Gymnasiumstraße,12,347549
2025-08-01T05:21:18.737139,Gymnasiumstraße,12,348338
2025-08-01T05:21:18.737139,Handelskai S U,20,345436
2025-08-01T05:21:18.737139,Handelskai S U,20,345982
2025-08-01T05:21:18.737139,Handelskai S U,20,345899
2025-08-01T05:21:18.737139,Handelskai S U,20,345788
2025-08-01T05:21:18.737139,Handelskai S U,20,345656
2025-08-01T05:21:18.737139,Handelskai S U,20,346411
2025-08-01T05:21:18.737139,Handelskai S U,20,346939
2025-08-01T05:21:18.737139,Handelskai S U,20,346910
2025-08-01T05:21:18.737139,Handelskai S U,20,346600
2025-08-01T05:21:18.737139,Handelskai S U,20,346581
2025-08-01T05:21:18.737139,Handelskai S U,20,347402
2025-08-01T05:21:18.737139,Handelskai S U,20,347292
2025-08-01T05:21:18.737139,Handelskai S U,20,347135
2025-08-01T05:21:18.737139,Handelskai S U,20,347117
2025-08-01T05:21:18.737139,Handelskai S U,20,347024
2025-08-01T05:21:18.737139,Handelskai S U,20,347935
2025-08-01T05:21:18.737139,Handelskai S U,20,347699
2025-08-01T05:21:18.737139,Handelskai S U,20,348301
2025-08-01T05:21:18.737139,Handelskai S U,20,348203
2025-08-01T05:21:18.737139,Handelskai S U,20,348709
2025-08-01T05:21:18.737139,Wallensteinplatz,25,345461
2025-08-01T05:21:18.737139,Wallensteinplatz,25,345421
2025-08-01T05:21:18.737139,Wallensteinplatz,25,345418
2025-08-01T05:21:18.737139,Wallensteinplatz,25,345197
2025-08-01T05:21:18.737139,Wallensteinplatz,25,345749
2025-08-01T05:21:18.737139,Wallensteinplatz,25,345741
2025-08-01T05:21:18.737139,Wallensteinplatz,25,346319
2025-08-01T05:21:18.737139,Wallensteinplatz,25,346289
2025-08-01T05:21:18.737139,Wallensteinplatz,25,346056
2025-08-01T05:21:18.737139,Wallensteinplatz,25,346536
2025-08-01T05:21:18.737139,Wallensteinplatz,25,347473
2025-08-01T05:21:18.737139,Wallensteinplatz,25,347452
2025-08-01T05:21:18.737139,Wallensteinplatz,25,347424
2025-08-01T05:21:18.737139,Wallensteinplatz,25,347342
2025-08-01T05:21:18.737139,Wallensteinplatz,25,347205
2025-08-01T05:21:18.737139,Wallensteinplatz,25,347177
2025-08-01T05:21:18.737139,Wallensteinplatz,25,347948
2025-08-01T05:21:18.737139,Wallensteinplatz,25,347547
2025-08-01T05:21:18.737139,Wallensteinplatz,25,347500
2025-08-01T05:21:18.737139,Wallensteinplatz,25,348413
2025-08-01T05:21:18.737139,Wallensteinplatz,25,348385
2025-08-01T05:21:18.737139,Wallensteinplatz,25,348336
2025-08-01T05:21:18.737139,Wallensteinplatz,25,348240
2025-08-01T05:21:18.737139,Wallensteinplatz,25,348114
2025-08-01T05:21:18.737139,Wallensteinplatz,25,348102
2025-08-01T05:21:18.737139,Brünner Straße S,15,345337
2025-08-01T05:21:18.737139,Brünner Straße S,15,345225
2025-08-01T05:21:18.737139,Brünner Straße S,15,345213
2025-08-01T05:21:18.737139,Brünner Straße S,15,345922
2025-08-01T05:21:18.737139,Brünner Straße S,15,345607
2025-08-01T05:21:18.737139,Brünner Straße S,15,346373
2025-08-01T05:21:18.737139,Brünner Straße S,15,346274
2025-08-01T05:21:18.737139,Brünner Straße S,15,346259
2025-08-01T05:21:18.737139,Brünner Straße S,15,346690
2025-08-01T05:21:18.737139,Brünner Straße S,15,347274
2025-08-01T05:21:18.737139,Brünner Straße S,15,347140
2025-08-01T05:21:18.737139,Brünner Straße S,15,347995
2025-08-01T05:21:18.737139,Brünner Straße S,15,347697
2025-08-01T05:21:18.737139,Brünner Straße S,15,348035
2025-08-01T05:21:18.737139,Brünner Straße S,15,348670
2025-08-01T05:21:18.737139,Floridsdorf S U,23,345366
2025-08-01T05:21:18.737139,Floridsdorf S U,23,345906
2025-08-01T05:21:18.737139,Floridsdorf S U,23,345905
2025-08-01T05:21:18.737139,Floridsdorf S U,23,345868
2025-08-01T05:21:18.737139,Floridsdorf S U,23,345794
2025-08-01T05:21:18.737139,Floridsdorf S U,23,345543
2025-08-01T05:21:18.737139,Floridsdorf S U,23,346282
2025-08-01T05:21:18.737139,Floridsdorf S U,23,346276
2025-08-01T05:21:18.737139,Floridsdorf S U,23,346804
2025-08-01T05:21:18.737139,Floridsdorf S U,23,346786
2025-08-01T05:21:18.737139,Floridsdorf S U,23,346659
2025-08-01T05:21:18.737139,Floridsdorf S U,23,346534
2025-08-01T05:21:18.737139,Floridsdorf S U,23,347370
2025-08-01T05:21:18.737139,Floridsdorf S U,23,347291
2025-08-01T05:21:18.737139,Floridsdorf S U,23,347144
2025-08-01T05:21:18.737139,Floridsdorf S U,23,347050
2025-08-01T05:21:18.737139,Floridsdorf S U,23,347008
2025-08-01T05:21:18.737139,Floridsdorf S U,23,347734
2025-08-01T05:21:18.737139,Floridsdorf S U,23,347554
2025-08-01T05:21:18.737139,Floridsdorf S U,23,348245
2025-08-01T05:21:18.737139,Floridsdorf S U,23,348132
2025-08-01T05:21:18.737139,Floridsdorf S U,23,348673
2025-08-01T05:21:18.737139,Floridsdorf S U,23,348577
2025-08-01T05:21:18.737139,Großfeldsiedlung U,15,345481
2025-08-01T05:21:18.737139,Großfeldsiedlung U,15,345238
2025-08-01T05:21:18.737139,Großfeldsiedlung U,15,345214
2025-08-01T05:21:18.737139,Großfeldsiedlung U,15,345153
2025-08-01T05:21:18.737139,Großfeldsiedlung U,15,345653
2025-08-01T05:21:18.737139,Großfeldsiedlung U,15,346425
2025-08-01T05:21:18.737139,Großfeldsiedlung U,15,346093
2025-08-01T05:21:18.737139,Großfeldsiedlung U,15,346979
2025-08-01T05:21:18.737139,Großfeldsiedlung U,15,346892
2025-08-01T05:21:18.737139,Großfeldsiedlung U,15,346821
2025-08-01T05:21:18.737139,Großfeldsiedlung U,15,346588
2025-08-01T05:21:18.737139,Großfeldsiedlung U,15,347412
2025-08-01T05:21:18.737139,Großfeldsiedlung U,15,347883
2025-08-01T05:21:18.737139,Großfeldsiedlung U,15,347585
2025-08-01T05:21:18.737139,Großfeldsiedlung U,15,348018
2025-08-01T05:21:18.737139,Siemensstraße S,15,345203
2025-08-01T05:21:18.737139,Siemensstraße S,15,345840
2025-08-01T05:21:18.737139,Siemensstraße S,15,345750
2025-08-01T05:21:18.737139,Siemensstraße S,15,345550
2025-08-01T05:21:18.737139,Siemensstraße S,15,346453
2025-08-01T05:21:18.737139,Siemensstraße S,15,346686
2025-08-01T05:21:18.737139,Siemensstraße S,15,347401
2025-08-01T05:21:18.737139,Siemensstraße S,15,347335
2025-08-01T05:21:18.737139,Siemensstraße S,15,347015
2025-08-01T05:21:18.737139,Siemensstraße S,15,347917
2025-08-01T05:21:18.737139,Siemensstraße S,15,347634
2025-08-01T05:21:18.737139,Siemensstraße S,15,348443
2025-08-01T05:21:18.737139,Siemensstraße S,15,348272
2025-08-01T05:21:18.737139,Siemensstraße S,15,348047
2025-08-01T05:21:18.737139,Siemensstraße S,15,348700
2025-08-01T05:21:18.737139,Aspernstraße U,9,345210
2025-08-01T05:21:18.737139,Aspernstraße U,9,345958
2025-08-01T05:21:18.737139,Aspernstraße U,9,345865
2025-08-01T05:21:18.737139,Aspernstraße U,9,345860
2025-08-01T05:21:18.737139,Aspernstraße U,9,345714
2025-08-01T05:21:18.737139,Aspernstraße U,9,346260
2025-08-01T05:21:18.737139,Aspernstraße U,9,347069
2025-08-01T05:21:18.737139,Aspernstraße U,9,348375
2025-08-01T05:21:18.737139,Aspernstraße U,9,348098
2025-08-01T05:21:18.737139,Donauspital U,19,345472
2025-08-01T05:21:18.737139,Donauspital U,19,345376
2025-08-01T05:21:18.737139,Donauspital U,19,345239
2025-08-01T05:21:18.737139,Donauspital U,19,345869
2025-08-01T05:21:18.737139,Donauspital U,19,345838
2025-08-01T05:21:18.737139,Donauspital U,19,345707
2025-08-01T05:21:18.737139,Donauspital U,19,346496
2025-08-01T05:21:18.737139,Donauspital U,19,346412
2025-08-01T05:21:18.737139,Donauspital U,19,346188
2025-08-01T05:21:18.737139,Donauspital U,19,347238
2025-08-01T05:21:18.737139,Donauspital U,19,347198
2025-08-01T05:21:18.737139,Donauspital U,19,347899
2025-08-01T05:21:18.737139,Donauspital U,19,347753
2025-08-01T05:21:18.737139,Donauspital U,19,347526
2025-08-01T05:21:18.737139,Donauspital U,19,348281
2025-08-01T05:21:18.737139,Donauspital U,19,348256
2025-08-01T05:21:18.737139,Donauspital U,19,348684
2025-08-01T05:21:18.737139,Donauspital U,19,348638
2025-08-01T05:21:18.737139,Donauspital U,19,398730
2025-08-01T05:21:18.737139,Erzherzog-Karl-Straße S,7,345211
2025-08-01T05:21:18.737139,Erzherzog-Karl-Straße S,7,345505
2025-08-01T05:21:18.737139,Erzherzog-Karl-Straße S,7,346383
2025-08-01T05:21:18.737139,Erzherzog-Karl-Straße S,7,347240
2025-08-01T05:21:18.737139,Erzherzog-Karl-Straße S,7,347748
2025-08-01T05:21:18.737139,Erzherzog-Karl-Straße S,7,348284
2025-08-01T05:21:18.737139,Erzherzog-Karl-Straße S,7,348690
2025-08-01T05:21:18.737139,Hausfeldstraße S U,19,345368
2025-08-01T05:21:18.737139,Hausfeldstraße S U,19,345311
2025-08-01T05:21:18.737139,Hausfeldstraße S U,19,345117
2025-08-01T05:21:18.737139,Hausfeldstraße S U,19,345103
2025-08-01T05:21:18.737139,Hausfeldstraße S U,19,345833
2025-08-01T05:21:18.737139,Hausfeldstraße S U,19,345805
2025-08-01T05:21:18.737139,Hausfeldstraße S U,19,346344
2025-08-01T05:21:18.737139,Hausfeldstraße S U,19,346258
2025-08-01T05:21:18.737139,Hausfeldstraße S U,19,346193
2025-08-01T05:21:18.737139,Hausfeldstraße S U,19,346033
2025-08-01T05:21:18.737139,Hausfeldstraße S U,19,346688
2025-08-01T05:21:18.737139,Hausfeldstraße S U,19,346604
2025-08-01T05:21:18.737139,Hausfeldstraße S U,19,347407
2025-08-01T05:21:18.737139,Hausfeldstraße S U,19,347095
2025-08-01T05:21:18.737139,Hausfeldstraße S U,19,347058
2025-08-01T05:21:18.737139,Hausfeldstraße S U,19,347801
2025-08-01T05:21:18.737139,Hausfeldstraße S U,19,347732
2025-08-01T05:21:18.737139,Hausfeldstraße S U,19,348636
2025-08-01T05:21:18.737139,Hausfeldstraße S U,19,348573
2025-08-01T05:21:18.737139,Kagran U,31,345482
2025-08-01T05:21:18.737139,Kagran U,31,345207
2025-08-01T05:21:18.737139,Kagran U,31,345096
2025-08-01T05:21:18.737139,Kagran U,31,345060
2025-08-01T05:21:18.737139,Kagran U,31,345915
2025-08-01T05:21:18.737139,Kagran U,31,345694
2025-08-01T05:21:18.737139,Kagran U,31,345677
2025-08-01T05:21:18.737139,Kagran U,31,345601
2025-08-01T05:21:18.737139,Kagran U,31,345599
2025-08-01T05:21:18.737139,Kagran U,31,346495
2025-08-01T05:21:18.737139,Kagran U,31,346227
2025-08-01T05:21:18.737139,Kagran U,31,346968
2025-08-01T05:21:18.737139,Kagran U,31,346913
2025-08-01T05:21:18.737139,Kagran U,31,346793
2025-08-01T05:21:18.737139,Kagran U,31,346708
2025-08-01T05:21:18.737139,Kagran U,31,347350
2025-08-01T05:21:18.737139,Kagran U,31,347268
2025-08-01T05:21:18.737139,Kagran U,31,347176
2025-08-01T05:21:18.737139,Kagran U,31,347090
2025-08-01T05:21:18.737139,Kagran U,31,347031
2025-08-01T05:21:18.737139,Kagran U,31,347819
2025-08-01T05:21:18.737139,Kagran U,31,347614
2025-08-01T05:21:18.737139,Kagran U,31,347571
2025-08-01T05:21:18.737139,Kagran U,31,347544
2025-08-01T05:21:18.737139,Kagran U,31,348414
2025-08-01T05:21:18.737139,Kagran U,31,348354
2025-08-01T05:21:18.737139,Kagran U,31,348214
2025-08-01T05:21:18.737139,Kagran U,31,348148
2025-08-01T05:21:18.737139,Kagran U,31,348129
2025-08-01T05:21:18.737139,Kagran U,31,348053
2025-08-01T05:21:18.737139,Kagran U,31,348001
2025-08-01T05:21:18.737139,Maria-Tusch-Straße,11,345419
2025-08-01T05:21:18.737139,Maria-Tusch-Straße,11,345280
2025-08-01T05:21:18.737139,Maria-Tusch-Straße,11,345136
2025-08-01T05:21:18.737139,Maria-Tusch-Straße,11,345013
2025-08-01T05:21:18.737139,Maria-Tusch-Straße,11,345998
2025-08-01T05:21:18.737139,Maria-Tusch-Straße,11,345724
2025-08-01T05:21:18.737139,Maria-Tusch-Straße,11,345620
2025-08-01T05:21:18.737139,Maria-Tusch-Straße,11,346103
2025-08-01T05:21:18.737139,Maria-Tusch-Straße,11,347877
2025-08-01T05:21:18.737139,Maria-Tusch-Straße,11,347875
2025-08-01T05:21:18.737139,Maria-Tusch-Straße,11,348386
2025-08-01T05:21:18.737139,Rennbahnweg U,9,345490
2025-08-01T05:21:18.737139,Rennbahnweg U,9,345898
2025-08-01T05:21:18.737139,Rennbahnweg U,9,345887
2025-08-01T05:21:18.737139,Rennbahnweg U,9,345685
2025-08-01T05:21:18.737139,Rennbahnweg U,9,347044
2025-08-01T05:21:18.737139,Rennbahnweg U,9,347640
2025-08-01T05:21:18.737139,Rennbahnweg U,9,348382
2025-08-01T05:21:18.737139,Rennbahnweg U,9,348679
2025-08-01T05:21:18.737139,Rennbahnweg U,9,348589
2025-08-01T05:21:18.737139,Schüttauplatz,6,345058
2025-08-01T05:21:18.737139,Schüttauplatz,6,345863
2025-08-01T05:21:18.737139,Schüttauplatz,6,347298
2025-08-01T05:21:18.737139,Schüttauplatz,6,347184
2025-08-01T05:21:18.737139,Schüttauplatz,6,347766
2025-08-01T05:21:18.737139,Schüttauplatz,6,347546
2025-08-01T05:21:18.737139,Stadlau U,12,345448
2025-08-01T05:21:18.737139,Stadlau U,12,345447
2025-08-01T05:21:18.737139,Stadlau U,12,345371
2025-08-01T05:21:18.737139,Stadlau U,12,345170
2025-08-01T05:21:18.737139,Stadlau U,12,346526
2025-08-01T05:21:18.737139,Stadlau U,12,347479
2025-08-01T05:21:18.737139,Stadlau U,12,347242
2025-08-01T05:21:18.737139,Stadlau U,12,347156
2025-08-01T05:21:18.737139,Stadlau U,12,347826
2025-08-01T05:21:18.737139,Stadlau U,12,347643
2025-08-01T05:21:18.737139,Stadlau U,12,348207
2025-08-01T05:21:18.737139,Stadlau U,12,348674
2025-08-01T05:21:18.737139,VIC Kaisermühlen U,16,345141
2025-08-01T05:21:18.737139,VIC Kaisermühlen U,16,345945
2025-08-01T05:21:18.737139,VIC Kaisermühlen U,16,345832
2025-08-01T05:21:18.737139,VIC Kaisermühlen U,16,345703
2025-08-01T05:21:18.737139,VIC Kaisermühlen U,16,345504
2025-08-01T05:21:18.737139,VIC Kaisermühlen U,16,346468
2025-08-01T05:21:18.737139,VIC Kaisermühlen U,16,346460
2025-08-01T05:21:18.737139,VIC Kaisermühlen U,16,346402
2025-08-01T05:21:18.737139,VIC Kaisermühlen U,16,346152
2025-08-01T05:21:18.737139,VIC Kaisermühlen U,16,346120
2025-08-01T05:21:18.737139,VIC Kaisermühlen U,16,346848
2025-08-01T05:21:18.737139,VIC Kaisermühlen U,16,346681
2025-08-01T05:21:18.737139,VIC Kaisermühlen U,16,347464
2025-08-01T05:21:18.737139,VIC Kaisermühlen U,16,347207
2025-08-01T05:21:18.737139,VIC Kaisermühlen U,16,347056
2025-08-01T05:21:18.737139,VIC Kaisermühlen U,16,347815
2025-08-01T05:21:18.737139,Kagraner Platz U,3,345066
2025-08-01T05:21:18.737139,Kagraner Platz U,3,347836
2025-08-01T05:21:18.737139,Kagraner Platz U,3,347713
2025-08-01T05:21:18.737139,Alterlaa U,4,345382
2025-08-01T05:21:18.737139,Alterlaa U,4,347234
2025-08-01T05:21:18.737139,Alterlaa U,4,347676
2025-08-01T05:21:18.737139,Alterlaa U,4,349022
2025-08-01T05:21:18.737139,Bacherplatz,17,345237
2025-08-01T05:21:18.737139,Bacherplatz,17,345054
2025-08-01T05:21:18.737139,Bacherplatz,17,345630
2025-08-01T05:21:18.737139,Bacherplatz,17,346473
2025-08-01T05:21:18.737139,Bacherplatz,17,346317
2025-08-01T05:21:18.737139,Bacherplatz,17,346211
2025-08-01T05:21:18.737139,Bacherplatz,17,346154
2025-08-01T05:21:18.737139,Bacherplatz,17,346092
2025-08-01T05:21:18.737139,Bacherplatz,17,347470
2025-08-01T05:21:18.737139,Bacherplatz,17,347413
2025-08-01T05:21:18.737139,Bacherplatz,17,347005
2025-08-01T05:21:18.737139,Bacherplatz,17,347618
2025-08-01T05:21:18.737139,Bacherplatz,17,348261
2025-08-01T05:21:18.737139,Bacherplatz,17,348195
2025-08-01T05:21:18.737139,Bacherplatz,17,348641
2025-08-01T05:21:18.737139,Bacherplatz,17,348602
2025-08-01T05:21:18.737139,Bacherplatz,17,348520
2025-08-01T05:21:18.737139,Carl-Appel-Straße,2,345377
2025-08-01T05:21:18.737139,Carl-Appel-Straße,2,345877
2025-08-01T05:21:18.737139,Otto-Probst-Platz,20,345450
2025-08-01T05:21:18.737139,Otto-Probst-Platz,20,345386
2025-08-01T05:21:18.737139,Otto-Probst-Platz,20,345243
2025-08-01T05:21:18.737139,Otto-Probst-Platz,20,345074
2025-08-01T05:21:18.737139,Otto-Probst-Platz,20,345912
2025-08-01T05:21:18.737139,Otto-Probst-Platz,20,345744
2025-08-01T05:21:18.737139,Otto-Probst-Platz,20,346532
2025-08-01T05:21:18.737139,Otto-Probst-Platz,20,347155
2025-08-01T05:21:18.737139,Otto-Probst-Platz,20,347154
2025-08-01T05:21:18.737139,Otto-Probst-Platz,20,347988
2025-08-01T05:21:18.737139,Otto-Probst-Platz,20,347894
2025-08-01T05:21:18.737139,Otto-Probst-Platz,20,347531
2025-08-01T05:21:18.737139,Otto-Probst-Platz,20,348395
2025-08-01T05:21:18.737139,Otto-Probst-Platz,20,348196
2025-08-01T05:21:18.737139,Otto-Probst-Platz,20,348699
2025-08-01T05:21:18.737139,Otto-Probst-Platz,20,348618
2025-08-01T05:21:18.737139,Otto-Probst-Platz,20,348617
2025-08-01T05:21:18.737139,Otto-Probst-Platz,20,348609
2025-08-01T05:21:18.737139,Otto-Probst-Platz,20,348599
2025-08-01T05:21:18.737139,Otto-Probst-Platz,20,348539
2025-08-01T05:21:18.737139,Alaudagasse U,3,345925
2025-08-01T05:21:18.737139,Alaudagasse U,3,346747
2025-08-01T05:21:18.737139,Alaudagasse U,3,348134
2025-08-01T05:21:18.737139,Svetelskystraße,3,346334
2025-08-01T05:21:18.737139,Svetelskystraße,3,346308
2025-08-01T05:21:18.737139,Svetelskystraße,3,347843
2025-08-01T05:21:18.737139,Weißenböckstraße,16,345470
2025-08-01T05:21:18.737139,Weißenböckstraße,16,345342
2025-08-01T05:21:18.737139,Weißenböckstraße,16,346390
2025-08-01T05:21:18.737139,Weißenböckstraße,16,346027
2025-08-01T05:21:18.737139,Weißenböckstraße,16,346543
2025-08-01T05:21:18.737139,Weißenböckstraße,16,346540
2025-08-01T05:21:18.737139,Weißenböckstraße,16,347202
2025-08-01T05:21:18.737139,Weißenböckstraße,16,347083
2025-08-01T05:21:18.737139,Weißenböckstraße,16,347777
2025-08-01T05:21:18.737139,Weißenböckstraße,16,347726
2025-08-01T05:21:18.737139,Weißenböckstraße,16,348455
2025-08-01T05:21:18.737139,Weißenböckstraße,16,348707
2025-08-01T05:21:18.737139,Weißenböckstraße,16,348650
2025-08-01T05:21:18.737139,Weißenböckstraße,16,348551
2025-08-01T05:21:18.737139,Weißenböckstraße,16,348538
2025-08-01T05:21:18.737139,Weißenböckstraße,16,398735
2025-08-01T05:21:18.737139,Zentralfriedhof 2. Tor,21,345442
2025-08-01T05:21:18.737139,Zentralfriedhof 2. Tor,21,345357
2025-08-01T05:21:18.737139,Zentralfriedhof 2. Tor,21,345351
2025-08-01T05:21:18.737139,Zentralfriedhof 2. Tor,21,345310
2025-08-01T05:21:18.737139,Zentralfriedhof 2. Tor,21,345241
2025-08-01T05:21:18.737139,Zentralfriedhof 2. Tor,21,345182
2025-08-01T05:21:18.737139,Zentralfriedhof 2. Tor,21,345846
2025-08-01T05:21:18.737139,Zentralfriedhof 2. Tor,21,345705
2025-08-01T05:21:18.737139,Zentralfriedhof 2. Tor,21,346053
2025-08-01T05:21:18.737139,Zentralfriedhof 2. Tor,21,347491
2025-08-01T05:21:18.737139,Zentralfriedhof 2. Tor,21,347463
2025-08-01T05:21:18.737139,Zentralfriedhof 2. Tor,21,347366
2025-08-01T05:21:18.737139,Zentralfriedhof 2. Tor,21,347295
2025-08-01T05:21:18.737139,Zentralfriedhof 2. Tor,21,347752
2025-08-01T05:21:18.737139,Zentralfriedhof 2. Tor,21,347635
2025-08-01T05:21:18.737139,Zentralfriedhof 2. Tor,21,347565
2025-08-01T05:21:18.737139,Zentralfriedhof 2. Tor,21,348307
2025-08-01T05:21:18.737139,Zentralfriedhof 2. Tor,21,348123
2025-08-01T05:21:18.737139,Zentralfriedhof 2. Tor,21,348672
2025-08-01T05:21:18.737139,Zentralfriedhof 2. Tor,21,348603
2025-08-01T05:21:18.737139,Zentralfriedhof 2. Tor,21,349018
2025-08-01T05:21:18.737139,Simoningplatz,11,345664
2025-08-01T05:21:18.737139,Simoningplatz,11,346881
2025-08-01T05:21:18.737139,Simoningplatz,11,346841
2025-08-01T05:21:18.737139,Simoningplatz,11,347383
2025-08-01T05:21:18.737139,Simoningplatz,11,347320
2025-08-01T05:21:18.737139,Simoningplatz,11,347271
2025-08-01T05:21:18.737139,Simoningplatz,11,347082
2025-08-01T05:21:18.737139,Simoningplatz,11,347059
2025-08-01T05:21:18.737139,Simoningplatz,11,347545
2025-08-01T05:21:18.737139,Simoningplatz,11,348675
2025-08-01T05:21:18.737139,Simoningplatz,11,348630
2025-08-01T05:21:18.737139,Zippererstraße U,5,345619
2025-08-01T05:21:18.737139,Zippererstraße U,5,346291
2025-08-01T05:21:18.737139,Zippererstraße U,5,347669
2025-08-01T05:21:18.737139,Zippererstraße U,5,347591
2025-08-01T05:21:18.737139,Zippererstraße U,5,348921
2025-08-01T05:21:18.737139,Hetzendorf S,3,345033
2025-08-01T05:21:18.737139,Hetzendorf S,3,345603
2025-08-01T05:21:18.737139,Hetzendorf S,3,348251
2025-08-01T05:21:18.737139,Speising S,2,345067
2025-08-01T05:21:18.737139,Speising S,2,348246
2025-08-01T05:21:18.737139,Hasnerstraße / Hofferplatz,10,345300
2025-08-01T05:21:18.737139,Hasnerstraße / Hofferplatz,10,345917
2025-08-01T05:21:18.737139,Hasnerstraße / Hofferplatz,10,345614
2025-08-01T05:21:18.737139,Hasnerstraße / Hofferplatz,10,346207
2025-08-01T05:21:18.737139,Hasnerstraße / Hofferplatz,10,347396
2025-08-01T05:21:18.737139,Hasnerstraße / Hofferplatz,10,347221
2025-08-01T05:21:18.737139,Hasnerstraße / Hofferplatz,10,347128
2025-08-01T05:21:18.737139,Hasnerstraße / Hofferplatz,10,347839
2025-08-01T05:21:18.737139,Hasnerstraße / Hofferplatz,10,348222
2025-08-01T05:21:18.737139,Hasnerstraße / Hofferplatz,10,348177
2025-08-01T05:21:18.737139,Nietzscheplatz,7,345034
2025-08-01T05:21:18.737139,Nietzscheplatz,7,345689
2025-08-01T05:21:18.737139,Nietzscheplatz,7,346912
2025-08-01T05:21:18.737139,Nietzscheplatz,7,346518
2025-08-01T05:21:18.737139,Nietzscheplatz,7,347959
2025-08-01T05:21:18.737139,Nietzscheplatz,7,347857
2025-08-01T05:21:18.737139,Nietzscheplatz,7,348029
2025-08-01T05:21:18.737139,Wattgasse,9,345226
2025-08-01T05:21:18.737139,Wattgasse,9,345188
2025-08-01T05:21:18.737139,Wattgasse,9,345107
2025-08-01T05:21:18.737139,Wattgasse,9,345635
2025-08-01T05:21:18.737139,Wattgasse,9,346254
2025-08-01T05:21:18.737139,Wattgasse,9,346742
2025-08-01T05:21:18.737139,Wattgasse,9,347862
2025-08-01T05:21:18.737139,Wattgasse,9,347652
2025-08-01T05:21:18.737139,Wattgasse,9,348154
2025-08-01T05:21:18.737139,Grinzing,5,345385
2025-08-01T05:21:18.737139,Grinzing,5,346132
2025-08-01T05:21:18.737139,Grinzing,5,346030
2025-08-01T05:21:18.737139,Grinzing,5,346557
2025-08-01T05:21:18.737139,Grinzing,5,348372
2025-08-01T05:21:18.737139,Oberdöbling S,8,345042
2025-08-01T05:21:18.737139,Oberdöbling S,8,345882
2025-08-01T05:21:18.737139,Oberdöbling S,8,346155
2025-08-01T05:21:18.737139,Oberdöbling S,8,347989
2025-08-01T05:21:18.737139,Oberdöbling S,8,347890
2025-08-01T05:21:18.737139,Oberdöbling S,8,347718
2025-08-01T05:21:18.737139,Oberdöbling S,8,347505
2025-08-01T05:21:18.737139,Oberdöbling S,8,348524
2025-08-01T05:21:18.737139,Kantnergasse,12,345696
2025-08-01T05:21:18.737139,Kantnergasse,12,346980
2025-08-01T05:21:18.737139,Kantnergasse,12,346836
2025-08-01T05:21:18.737139,Kantnergasse,12,346784
2025-08-01T05:21:18.737139,Kantnergasse,12,347426
2025-08-01T05:21:18.737139,Kantnergasse,12,347089
2025-08-01T05:21:18.737139,Kantnergasse,12,347964
2025-08-01T05:21:18.737139,Kantnergasse,12,347911
2025-08-01T05:21:18.737139,Kantnergasse,12,348342
2025-08-01T05:21:18.737139,Kantnergasse,12,348028
2025-08-01T05:21:18.737139,Kantnergasse,12,348023
2025-08-01T05:21:18.737139,Kantnergasse,12,348585
2025-08-01T05:21:18.737139,Leopoldau S U,4,345422
2025-08-01T05:21:18.737139,Leopoldau S U,4,345521
2025-08-01T05:21:18.737139,Leopoldau S U,4,346878
2025-08-01T05:21:18.737139,Leopoldau S U,4,348642
2025-08-01T05:21:18.737139,Josef-Baumann-Gasse,26,345463
2025-08-01T05:21:18.737139,Josef-Baumann-Gasse,26,345452
2025-08-01T05:21:18.737139,Josef-Baumann-Gasse,26,345443
2025-08-01T05:21:18.737139,Josef-Baumann-Gasse,26,345162
2025-08-01T05:21:18.737139,Josef-Baumann-Gasse,26,345721
2025-08-01T05:21:18.737139,Josef-Baumann-Gasse,26,346436
2025-08-01T05:21:18.737139,Josef-Baumann-Gasse,26,346392
2025-08-01T05:21:18.737139,Josef-Baumann-Gasse,26,346263
2025-08-01T05:21:18.737139,Josef-Baumann-Gasse,26,346113
2025-08-01T05:21:18.737139,Josef-Baumann-Gasse,26,346109
2025-08-01T05:21:18.737139,Josef-Baumann-Gasse,26,346043
2025-08-01T05:21:18.737139,Josef-Baumann-Gasse,26,346007
2025-08-01T05:21:18.737139,Josef-Baumann-Gasse,26,346974
2025-08-01T05:21:18.737139,Josef-Baumann-Gasse,26,346882
2025-08-01T05:21:18.737139,Josef-Baumann-Gasse,26,346850
2025-08-01T05:21:18.737139,Josef-Baumann-Gasse,26,346698
2025-08-01T05:21:18.737139,Josef-Baumann-Gasse,26,346662
2025-08-01T05:21:18.737139,Josef-Baumann-Gasse,26,346547
2025-08-01T05:21:18.737139,Josef-Baumann-Gasse,26,347499
2025-08-01T05:21:18.737139,Josef-Baumann-Gasse,26,347444
2025-08-01T05:21:18.737139,Josef-Baumann-Gasse,26,347419
2025-08-01T05:21:18.737139,Josef-Baumann-Gasse,26,347068
2025-08-01T05:21:18.737139,Josef-Baumann-Gasse,26,347012
2025-08-01T05:21:18.737139,Josef-Baumann-Gasse,26,347949
2025-08-01T05:21:18.737139,Josef-Baumann-Gasse,26,348327
2025-08-01T05:21:18.737139,Josef-Baumann-Gasse,26,348158
2025-08-01T05:21:18.737139,Fultonstraße,7,345433
2025-08-01T05:21:18.737139,Fultonstraße,7,345258
2025-08-01T05:21:18.737139,Fultonstraße,7,345000
2025-08-01T05:21:18.737139,Fultonstraße,7,345765
2025-08-01T05:21:18.737139,Fultonstraße,7,348360
2025-08-01T05:21:18.737139,Fultonstraße,7,348605
2025-08-01T05:21:18.737139,Fultonstraße,7,348575
2025-08-01T05:21:18.737139,Hopfengasse,22,345030
2025-08-01T05:21:18.737139,Hopfengasse,22,345876
2025-08-01T05:21:18.737139,Hopfengasse,22,345800
2025-08-01T05:21:18.737139,Hopfengasse,22,346111
2025-08-01T05:21:18.737139,Hopfengasse,22,346873
2025-08-01T05:21:18.737139,Hopfengasse,22,346555
2025-08-01T05:21:18.737139,Hopfengasse,22,347482
2025-08-01T05:21:18.737139,Hopfengasse,22,347337
2025-08-01T05:21:18.737139,Hopfengasse,22,347324
2025-08-01T05:21:18.737139,Hopfengasse,22,347314
2025-08-01T05:21:18.737139,Hopfengasse,22,347302
2025-08-01T05:21:18.737139,Hopfengasse,22,347272
2025-08-01T05:21:18.737139,Hopfengasse,22,347218
2025-08-01T05:21:18.737139,Hopfengasse,22,347150
2025-08-01T05:21:18.737139,Hopfengasse,22,347991
2025-08-01T05:21:18.737139,Hopfengasse,22,347779
2025-08-01T05:21:18.737139,Hopfengasse,22,348472
2025-08-01T05:21:18.737139,Hopfengasse,22,348384
2025-08-01T05:21:18.737139,Hopfengasse,22,348282
2025-08-01T05:21:18.737139,Hopfengasse,22,348186
2025-08-01T05:21:18.737139,Hopfengasse,22,348026
2025-08-01T05:21:18.737139,Hopfengasse,22,348614
2025-08-01T05:21:18.737139,Jedlesee / Bellgasse,3,345173
2025-08-01T05:21:18.737139,Jedlesee / Bellgasse,3,347821
2025-08-01T05:21:18.737139,Jedlesee / Bellgasse,3,348099
2025-08-01T05:21:18.737139,Jedleseer Friedhof,10,345435
2025-08-01T05:21:18.737139,Jedleseer Friedhof,10,345222
2025-08-01T05:21:18.737139,Jedleseer Friedhof,10,346947
2025-08-01T05:21:18.737139,Jedleseer Friedhof,10,346627
2025-08-01T05:21:18.737139,Jedleseer Friedhof,10,347481
2025-08-01T05:21:18.737139,Jedleseer Friedhof,10,347310
2025-08-01T05:21:18.737139,Jedleseer Friedhof,10,347231
2025-08-01T05:21:18.737139,Jedleseer Friedhof,10,347611
2025-08-01T05:21:18.737139,Jedleseer Friedhof,10,348422
2025-08-01T05:21:18.737139,Jedleseer Friedhof,10,348332
2025-08-01T05:21:18.737139,Strebersdorf / Edmund-Hawranek-Platz,16,345158
2025-08-01T05:21:18.737139,Strebersdorf / Edmund-Hawranek-Platz,16,345125
2025-08-01T05:21:18.737139,Strebersdorf / Edmund-Hawranek-Platz,16,346384
2025-08-01T05:21:18.737139,Strebersdorf / Edmund-Hawranek-Platz,16,346359
2025-08-01T05:21:18.737139,Strebersdorf / Edmund-Hawranek-Platz,16,346253
2025-08-01T05:21:18.737139,Strebersdorf / Edmund-Hawranek-Platz,16,346062
2025-08-01T05:21:18.737139,Strebersdorf / Edmund-Hawranek-Platz,16,346766
2025-08-01T05:21:18.737139,Strebersdorf / Edmund-Hawranek-Platz,16,347380
2025-08-01T05:21:18.737139,Strebersdorf / Edmund-Hawranek-Platz,16,347376
2025-08-01T05:21:18.737139,Strebersdorf / Edmund-Hawranek-Platz,16,347103
2025-08-01T05:21:18.737139,Strebersdorf / Edmund-Hawranek-Platz,16,347922
2025-08-01T05:21:18.737139,Strebersdorf / Edmund-Hawranek-Platz,16,347893
2025-08-01T05:21:18.737139,Strebersdorf / Edmund-Hawranek-Platz,16,348444
2025-08-01T05:21:18.737139,Strebersdorf / Edmund-Hawranek-Platz,16,348350
2025-08-01T05:21:18.737139,Strebersdorf / Edmund-Hawranek-Platz,16,348701
2025-08-01T05:21:18.737139,Strebersdorf / Edmund-Hawranek-Platz,16,348597
2025-08-01T05:21:18.737139,Kagraner Anger,3,346998
2025-08-01T05:21:18.737139,Kagraner Anger,3,347856
2025-08-01T05:21:18.737139,Kagraner Anger,3,348070
2025-08-01T05:21:18.737139,Stavangergasse,6,345015
2025-08-01T05:21:18.737139,Stavangergasse,6,345754
2025-08-01T05:21:18.737139,Stavangergasse,6,347438
2025-08-01T05:21:18.737139,Stavangergasse,6,347021
2025-08-01T05:21:18.737139,Stavangergasse,6,347925
2025-08-01T05:21:18.737139,Stavangergasse,6,348920
2025-08-01T05:21:18.737139,Hans-Steger-Gasse,13,345230
2025-08-01T05:21:18.737139,Hans-Steger-Gasse,13,345163
2025-08-01T05:21:18.737139,Hans-Steger-Gasse,13,345968
2025-08-01T05:21:18.737139,Hans-Steger-Gasse,13,345642
2025-08-01T05:21:18.737139,Hans-Steger-Gasse,13,346626
2025-08-01T05:21:18.737139,Hans-Steger-Gasse,13,346591
2025-08-01T05:21:18.737139,Hans-Steger-Gasse,13,346511
2025-08-01T05:21:18.737139,Hans-Steger-Gasse,13,347159
2025-08-01T05:21:18.737139,Hans-Steger-Gasse,13,347065
2025-08-01T05:21:18.737139,Hans-Steger-Gasse,13,347000
2025-08-01T05:21:18.737139,Hans-Steger-Gasse,13,347582
2025-08-01T05:21:18.737139,Hans-Steger-Gasse,13,348447
2025-08-01T05:21:18.737139,Hans-Steger-Gasse,13,348671
2025-08-01T05:21:18.737139,Hirschstetten S,12,345916
2025-08-01T05:21:18.737139,Hirschstetten S,12,345808
2025-08-01T05:21:18.737139,Hirschstetten S,12,345658
2025-08-01T05:21:18.737139,Hirschstetten S,12,346420
2025-08-01T05:21:18.737139,Hirschstetten S,12,346403
2025-08-01T05:21:18.737139,Hirschstetten S,12,346372
2025-08-01T05:21:18.737139,Hirschstetten S,12,346149
2025-08-01T05:21:18.737139,Hirschstetten S,12,346063
2025-08-01T05:21:18.737139,Hirschstetten S,12,346949
2025-08-01T05:21:18.737139,Hirschstetten S,12,347814
2025-08-01T05:21:18.737139,Hirschstetten S,12,347687
2025-08-01T05:21:18.737139,Hirschstetten S,12,348685
2025-08-01T05:21:18.737139,Atzgersdorf S,16,345438
2025-08-01T05:21:18.737139,Atzgersdorf S,16,345184
2025-08-01T05:21:18.737139,Atzgersdorf S,16,345926
2025-08-01T05:21:18.737139,Atzgersdorf S,16,345786
2025-08-01T05:21:18.737139,Atzgersdorf S,16,345637
2025-08-01T05:21:18.737139,Atzgersdorf S,16,346957
2025-08-01T05:21:18.737139,Atzgersdorf S,16,346859
2025-08-01T05:21:18.737139,Atzgersdorf S,16,346789
2025-08-01T05:21:18.737139,Atzgersdorf S,16,346563
2025-08-01T05:21:18.737139,Atzgersdorf S,16,347260
2025-08-01T05:21:18.737139,Atzgersdorf S,16,347166
2025-08-01T05:21:18.737139,Atzgersdorf S,16,347871
2025-08-01T05:21:18.737139,Atzgersdorf S,16,347776
2025-08-01T05:21:18.737139,Atzgersdorf S,16,347682
2025-08-01T05:21:18.737139,Atzgersdorf S,16,347666
2025-08-01T05:21:18.737139,Atzgersdorf S,16,348002
2025-08-01T05:21:18.737139,Siebenhirten U,5,346042
2025-08-01T05:21:18.737139,Siebenhirten U,5,346637
2025-08-01T05:21:18.737139,Siebenhirten U,5,346507
2025-08-01T05:21:18.737139,Siebenhirten U,5,347747
2025-08-01T05:21:18.737139,Siebenhirten U,5,348928
2025-08-01T05:21:18.737139,Perfektastraße U,12,345444
2025-08-01T05:21:18.737139,Perfektastraße U,12,345322
2025-08-01T05:21:18.737139,Perfektastraße U,12,345289
2025-08-01T05:21:18.737139,Perfektastraße U,12,345988
2025-08-01T05:21:18.737139,Perfektastraße U,12,345861
2025-08-01T05:21:18.737139,Perfektastraße U,12,346494
2025-08-01T05:21:18.737139,Perfektastraße U,12,346136
2025-08-01T05:21:18.737139,Perfektastraße U,12,346004
2025-08-01T05:21:18.737139,Perfektastraße U,12,346556
2025-08-01T05:21:18.737139,Perfektastraße U,12,347041
2025-08-01T05:21:18.737139,Perfektastraße U,12,347601
2025-08-01T05:21:18.737139,Perfektastraße U,12,348453
2025-08-01T05:21:18.737139,Praterstern Ausstellungsstraße,12,345299
2025-08-01T05:21:18.737139,Praterstern Ausstellungsstraße,12,345290
2025-08-01T05:21:18.737139,Praterstern Ausstellungsstraße,12,345687
2025-08-01T05:21:18.737139,Praterstern Ausstellungsstraße,12,346459
2025-08-01T05:21:18.737139,Praterstern Ausstellungsstraße,12,346050
2025-08-01T05:21:18.737139,Praterstern Ausstellungsstraße,12,346875
2025-08-01T05:21:18.737139,Praterstern Ausstellungsstraße,12,346700
2025-08-01T05:21:18.737139,Praterstern Ausstellungsstraße,12,347032
2025-08-01T05:21:18.737139,Praterstern Ausstellungsstraße,12,347543
2025-08-01T05:21:18.737139,Praterstern Ausstellungsstraße,12,347527
2025-08-01T05:21:18.737139,Praterstern Ausstellungsstraße,12,348410
2025-08-01T05:21:18.737139,Praterstern Ausstellungsstraße,12,348918
2025-08-01T05:21:18.737139,Muthgasse,11,345081
2025-08-01T05:21:18.737139,Muthgasse,11,345075
2025-08-01T05:21:18.737139,Muthgasse,11,345956
2025-08-01T05:21:18.737139,Muthgasse,11,346197
2025-08-01T05:21:18.737139,Muthgasse,11,346995
2025-08-01T05:21:18.737139,Muthgasse,11,347161
2025-08-01T05:21:18.737139,Muthgasse,11,347872
2025-08-01T05:21:18.737139,Muthgasse,11,347739
2025-08-01T05:21:18.737139,Muthgasse,11,348162
2025-08-01T05:21:18.737139,Muthgasse,11,348553
2025-08-01T05:21:18.737139,Muthgasse,11,348546
2025-08-01T05:21:18.737139,Liesing S,14,345329
2025-08-01T05:21:18.737139,Liesing S,14,345083
2025-08-01T05:21:18.737139,Liesing S,14,345678
2025-08-01T05:21:18.737139,Liesing S,14,346219
2025-08-01T05:21:18.737139,Liesing S,14,346928
2025-08-01T05:21:18.737139,Liesing S,14,346717
2025-08-01T05:21:18.737139,Liesing S,14,346625
2025-08-01T05:21:18.737139,Liesing S,14,347351
2025-08-01T05:21:18.737139,Liesing S,14,347886
2025-08-01T05:21:18.737139,Liesing S,14,347783
2025-08-01T05:21:18.737139,Liesing S,14,347723
2025-08-01T05:21:18.737139,Liesing S,14,347709
2025-08-01T05:21:18.737139,Liesing S,14,348629
2025-08-01T05:21:18.737139,Liesing S,14,348567
2025-08-01T05:21:18.737139,Aspern Nord S U,14,345486
2025-08-01T05:21:18.737139,Aspern Nord S U,14,345369
2025-08-01T05:21:18.737139,Aspern Nord S U,14,345267
2025-08-01T05:21:18.737139,Aspern Nord S U,14,345245
2025-08-01T05:21:18.737139,Aspern Nord S U,14,345851
2025-08-01T05:21:18.737139,Aspern Nord S U,14,345704
2025-08-01T05:21:18.737139,Aspern Nord S U,14,345500
2025-08-01T05:21:18.737139,Aspern Nord S U,14,346318
2025-08-01T05:21:18.737139,Aspern Nord S U,14,346311
2025-08-01T05:21:18.737139,Aspern Nord S U,14,346854
2025-08-01T05:21:18.737139,Aspern Nord S U,14,346663
2025-08-01T05:21:18.737139,Aspern Nord S U,14,348487
2025-08-01T05:21:18.737139,Aspern Nord S U,14,348231
2025-08-01T05:21:18.737139,Aspern Nord S U,14,348528
2025-08-01T05:21:18.737139,Seepark,3,347458
2025-08-01T05:21:18.737139,Seepark,3,347828
2025-08-01T05:21:18.737139,Seepark,3,348540
2025-08-01T05:21:18.737139,Seestadt U,12,345324
2025-08-01T05:21:18.737139,Seestadt U,12,345094
2025-08-01T05:21:18.737139,Seestadt U,12,345904
2025-08-01T05:21:18.737139,Seestadt U,12,345891
2025-08-01T05:21:18.737139,Seestadt U,12,346126
2025-08-01T05:21:18.737139,Seestadt U,12,346723
2025-08-01T05:21:18.737139,Seestadt U,12,346546
2025-08-01T05:21:18.737139,Seestadt U,12,347810
2025-08-01T05:21:18.737139,Seestadt U,12,348451
2025-08-01T05:21:18.737139,Seestadt U,12,348268
2025-08-01T05:21:18.737139,Seestadt U,12,348003
2025-08-01T05:21:18.737139,Seestadt U,12,348519
2025-08-01T05:21:18.737139,Schwedenplatz,10,345578
2025-08-01T05:21:18.737139,Schwedenplatz,10,346431
2025-08-01T05:21:18.737139,Schwedenplatz,10,346697
2025-08-01T05:21:18.737139,Schwedenplatz,10,346693
2025-08-01T05:21:18.737139,Schwedenplatz,10,347979
2025-08-01T05:21:18.737139,Schwedenplatz,10,347780
2025-08-01T05:21:18.737139,Schwedenplatz,10,347622
2025-08-01T05:21:18.737139,Schwedenplatz,10,348391
2025-08-01T05:21:18.737139,Schwedenplatz,10,348064
2025-08-01T05:21:18.737139,Schwedenplatz,10,348631
2025-08-01T05:21:18.737139,Kultursommer25 - Waldmüllerpark,17,345907
2025-08-01T05:21:18.737139,Kultursommer25 - Waldmüllerpark,17,345827
2025-08-01T05:21:18.737139,Kultursommer25 - Waldmüllerpark,17,345708
2025-08-01T05:21:18.737139,Kultursommer25 - Waldmüllerpark,17,346417
2025-08-01T05:21:18.737139,Kultursommer25 - Waldmüllerpark,17,346315
2025-08-01T05:21:18.737139,Kultursommer25 - Waldmüllerpark,17,346114
2025-08-01T05:21:18.737139,Kultursommer25 - Waldmüllerpark,17,346811
2025-08-01T05:21:18.737139,Kultursommer25 - Waldmüllerpark,17,346769
2025-08-01T05:21:18.737139,Kultursommer25 - Waldmüllerpark,17,346643
2025-08-01T05:21:18.737139,Kultursommer25 - Waldmüllerpark,17,347157
2025-08-01T05:21:18.737139,Kultursommer25 - Waldmüllerpark,17,347129
2025-08-01T05:21:18.737139,Kultursommer25 - Waldmüllerpark,17,347969
2025-08-01T05:21:18.737139,Kultursommer25 - Waldmüllerpark,17,347932
2025-08-01T05:21:18.737139,Kultursommer25 - Waldmüllerpark,17,347923
2025-08-01T05:21:18.737139,Kultursommer25 - Waldmüllerpark,17,347511
2025-08-01T05:21:18.737139,Kultursommer25 - Waldmüllerpark,17,348200
2025-08-01T05:21:18.737139,Kultursommer25 - Waldmüllerpark,17,348105
2025-08-01T05:21:18.737139,Landstraße - Wien Mitte S U,15,345473
2025-08-01T05:21:18.737139,Landstraße - Wien Mitte S U,15,345420
2025-08-01T05:21:18.737139,Landstraße - Wien Mitte S U,15,345409
2025-08-01T05:21:18.737139,Landstraße - Wien Mitte S U,15,345930
2025-08-01T05:21:18.737139,Landstraße - Wien Mitte S U,15,345881
2025-08-01T05:21:18.737139,Landstraße - Wien Mitte S U,15,346281
2025-08-01T05:21:18.737139,Landstraße - Wien Mitte S U,15,346104
2025-08-01T05:21:18.737139,Landstraße - Wien Mitte S U,15,346826
2025-08-01T05:21:18.737139,Landstraße - Wien Mitte S U,15,347341
2025-08-01T05:21:18.737139,Landstraße - Wien Mitte S U,15,347257
2025-08-01T05:21:18.737139,Landstraße - Wien Mitte S U,15,347070
2025-08-01T05:21:18.737139,Landstraße - Wien Mitte S U,15,347956
2025-08-01T05:21:18.737139,Landstraße - Wien Mitte S U,15,347556
2025-08-01T05:21:18.737139,Landstraße - Wien Mitte S U,15,348406
2025-08-01T05:21:18.737139,Landstraße - Wien Mitte S U,15,348139
2025-08-01T05:21:18.737139,Praterstern S U,49,345439
2025-08-01T05:21:18.737139,Praterstern S U,49,345362
2025-08-01T05:21:18.737139,Praterstern S U,49,345344
2025-08-01T05:21:18.737139,Praterstern S U,49,345172
2025-08-01T05:21:18.737139,Praterstern S U,49,345143
2025-08-01T05:21:18.737139,Praterstern S U,49,345118
2025-08-01T05:21:18.737139,Praterstern S U,49,345037
2025-08-01T05:21:18.737139,Praterstern S U,49,345953
2025-08-01T05:21:18.737139,Praterstern S U,49,345842
2025-08-01T05:21:18.737139,Praterstern S U,49,345532
2025-08-01T05:21:18.737139,Praterstern S U,49,346415
2025-08-01T05:21:18.737139,Praterstern S U,49,346375
2025-08-01T05:21:18.737139,Praterstern S U,49,346180
2025-08-01T05:21:18.737139,Praterstern S U,49,346166
2025-08-01T05:21:18.737139,Praterstern S U,49,346102
2025-08-01T05:21:18.737139,Praterstern S U,49,346950
2025-08-01T05:21:18.737139,Praterstern S U,49,346929
2025-08-01T05:21:18.737139,Praterstern S U,49,346857
2025-08-01T05:21:18.737139,Praterstern S U,49,346830
2025-08-01T05:21:18.737139,Praterstern S U,49,346825
2025-08-01T05:21:18.737139,Praterstern S U,49,346823
2025-08-01T05:21:18.737139,Praterstern S U,49,346765
2025-08-01T05:21:18.737139,Praterstern S U,49,346609
2025-08-01T05:21:18.737139,Praterstern S U,49,346514
2025-08-01T05:21:18.737139,Praterstern S U,49,347397
2025-08-01T05:21:18.737139,Praterstern S U,49,347392
2025-08-01T05:21:18.737139,Praterstern S U,49,347385
2025-08-01T05:21:18.737139,Praterstern S U,49,347379
2025-08-01T05:21:18.737139,Praterstern S U,49,347364
2025-08-01T05:21:18.737139,Praterstern S U,49,347359
2025-08-01T05:21:18.737139,Praterstern S U,49,347333
2025-08-01T05:21:18.737139,Praterstern S U,49,347258
2025-08-01T05:21:18.737139,Praterstern S U,49,347229
2025-08-01T05:21:18.737139,Praterstern S U,49,347209
2025-08-01T05:21:18.737139,Praterstern S U,49,347998
2025-08-01T05:21:18.737139,Praterstern S U,49,347996
2025-08-01T05:21:18.737139,Praterstern S U,49,347818
2025-08-01T05:21:18.737139,Praterstern S U,49,347813
2025-08-01T05:21:18.737139,Praterstern S U,49,347785
2025-08-01T05:21:18.737139,Praterstern S U,49,347746
2025-08-01T05:21:18.737139,Praterstern S U,49,347712
2025-08-01T05:21:18.737139,Praterstern S U,49,347658
2025-08-01T05:21:18.737139,Praterstern S U,49,347528
2025-08-01T05:21:18.737139,Praterstern S U,49,348457
2025-08-01T05:21:18.737139,Praterstern S U,49,348442
2025-08-01T05:21:18.737139,Praterstern S U,49,348407
2025-08-01T05:21:18.737139,Praterstern S U,49,348392
2025-08-01T05:21:18.737139,Praterstern S U,49,348044
2025-08-01T05:21:18.737139,Praterstern S U,49,348694
2025-08-01T05:21:18.737139,Rustengasse,12,345360
2025-08-01T05:21:18.737139,Rustengasse,12,346388
2025-08-01T05:21:18.737139,Rustengasse,12,346336
2025-08-01T05:21:18.737139,Rustengasse,12,346303
2025-08-01T05:21:18.737139,Rustengasse,12,346124
2025-08-01T05:21:18.737139,Rustengasse,12,346569
2025-08-01T05:21:18.737139,Rustengasse,12,347460
2025-08-01T05:21:18.737139,Rustengasse,12,347532
2025-08-01T05:21:18.737139,Rustengasse,12,348429
2025-08-01T05:21:18.737139,Rustengasse,12,348135
2025-08-01T05:21:18.737139,Rustengasse,12,348061
2025-08-01T05:21:18.737139,Rustengasse,12,348621
2025-08-01T05:21:18.737139,Heiligenstadt S U,22,345400
2025-08-01T05:21:18.737139,Heiligenstadt S U,22,345217
2025-08-01T05:21:18.737139,Heiligenstadt S U,22,346461
2025-08-01T05:21:18.737139,Heiligenstadt S U,22,346323
2025-08-01T05:21:18.737139,Heiligenstadt S U,22,346265
2025-08-01T05:21:18.737139,Heiligenstadt S U,22,346173
2025-08-01T05:21:18.737139,Heiligenstadt S U,22,346172
2025-08-01T05:21:18.737139,Heiligenstadt S U,22,346121
2025-08-01T05:21:18.737139,Heiligenstadt S U,22,346061
2025-08-01T05:21:18.737139,Heiligenstadt S U,22,346020
2025-08-01T05:21:18.737139,Heiligenstadt S U,22,347378
2025-08-01T05:21:18.737139,Heiligenstadt S U,22,347334
2025-08-01T05:21:18.737139,Heiligenstadt S U,22,347976
2025-08-01T05:21:18.737139,Heiligenstadt S U,22,347919
2025-08-01T05:21:18.737139,Heiligenstadt S U,22,347874
2025-08-01T05:21:18.737139,Heiligenstadt S U,22,347762
2025-08-01T05:21:18.737139,Heiligenstadt S U,22,347540
2025-08-01T05:21:18.737139,Heiligenstadt S U,22,348247
2025-08-01T05:21:18.737139,Heiligenstadt S U,22,348237
2025-08-01T05:21:18.737139,Heiligenstadt S U,22,348171
2025-08-01T05:21:18.737139,Heiligenstadt S U,22,348024
2025-08-01T05:21:18.737139,Heiligenstadt S U,22,348628
2025-08-01T05:21:18.737139,Hütteldorf  S U,21,345397
2025-08-01T05:21:18.737139,Hütteldorf  S U,21,345265
2025-08-01T05:21:18.737139,Hütteldorf  S U,21,345190
2025-08-01T05:21:18.737139,Hütteldorf  S U,21,345079
2025-08-01T05:21:18.737139,Hütteldorf  S U,21,345027
2025-08-01T05:21:18.737139,Hütteldorf  S U,21,345787
2025-08-01T05:21:18.737139,Hütteldorf  S U,21,345591
2025-08-01T05:21:18.737139,Hütteldorf  S U,21,346457
2025-08-01T05:21:18.737139,Hütteldorf  S U,21,346434
2025-08-01T05:21:18.737139,Hütteldorf  S U,21,346143
2025-08-01T05:21:18.737139,Hütteldorf  S U,21,346048
2025-08-01T05:21:18.737139,Hütteldorf  S U,21,346960
2025-08-01T05:21:18.737139,Hütteldorf  S U,21,346763
2025-08-01T05:21:18.737139,Hütteldorf  S U,21,346679
2025-08-01T05:21:18.737139,Hütteldorf  S U,21,347486
2025-08-01T05:21:18.737139,Hütteldorf  S U,21,347352
2025-08-01T05:21:18.737139,Hütteldorf  S U,21,347290
2025-08-01T05:21:18.737139,Hütteldorf  S U,21,347288
2025-08-01T05:21:18.737139,Hütteldorf  S U,21,347679
2025-08-01T05:21:18.737139,Hütteldorf  S U,21,347642
2025-08-01T05:21:18.737139,Hütteldorf  S U,21,348075
2025-08-01T05:21:18.737139,Hans-Mandl-Berufsschule,7,345379
2025-08-01T05:21:18.737139,Hans-Mandl-Berufsschule,7,345144
2025-08-01T05:21:18.737139,Hans-Mandl-Berufsschule,7,346190
2025-08-01T05:21:18.737139,Hans-Mandl-Berufsschule,7,347934
2025-08-01T05:21:18.737139,Hans-Mandl-Berufsschule,7,347678
2025-08-01T05:21:18.737139,Hans-Mandl-Berufsschule,7,348465
2025-08-01T05:21:18.737139,Hans-Mandl-Berufsschule,7,348235
2025-08-01T05:21:18.737139,Dänenstraße / BOKU,38,345283
2025-08-01T05:21:18.737139,Dänenstraße / BOKU,38,345111
2025-08-01T05:21:18.737139,Dänenstraße / BOKU,38,345961
2025-08-01T05:21:18.737139,Dänenstraße / BOKU,38,345924
2025-08-01T05:21:18.737139,Dänenstraße / BOKU,38,345795
2025-08-01T05:21:18.737139,Dänenstraße / BOKU,38,345726
2025-08-01T05:21:18.737139,Dänenstraße / BOKU,38,345624
2025-08-01T05:21:18.737139,Dänenstraße / BOKU,38,346279
2025-08-01T05:21:18.737139,Dänenstraße / BOKU,38,346242
2025-08-01T05:21:18.737139,Dänenstraße / BOKU,38,346145
2025-08-01T05:21:18.737139,Dänenstraße / BOKU,38,346086
2025-08-01T05:21:18.737139,Dänenstraße / BOKU,38,346078
2025-08-01T05:21:18.737139,Dänenstraße / BOKU,38,346855
2025-08-01T05:21:18.737139,Dänenstraße / BOKU,38,346774
2025-08-01T05:21:18.737139,Dänenstraße / BOKU,38,346707
2025-08-01T05:21:18.737139,Dänenstraße / BOKU,38,346641
2025-08-01T05:21:18.737139,Dänenstraße / BOKU,38,346606
2025-08-01T05:21:18.737139,Dänenstraße / BOKU,38,346605
2025-08-01T05:21:18.737139,Dänenstraße / BOKU,38,346524
2025-08-01T05:21:18.737139,Dänenstraße / BOKU,38,347425
2025-08-01T05:21:18.737139,Dänenstraße / BOKU,38,347289
2025-08-01T05:21:18.737139,Dänenstraße / BOKU,38,347269
2025-08-01T05:21:18.737139,Dänenstraße / BOKU,38,347098
2025-08-01T05:21:18.737139,Dänenstraße / BOKU,38,347004
2025-08-01T05:21:18.737139,Dänenstraße / BOKU,38,347963
2025-08-01T05:21:18.737139,Dänenstraße / BOKU,38,347675
2025-08-01T05:21:18.737139,Dänenstraße / BOKU,38,347664
2025-08-01T05:21:18.737139,Dänenstraße / BOKU,38,347584
2025-08-01T05:21:18.737139,Dänenstraße / BOKU,38,347502
2025-08-01T05:21:18.737139,Dänenstraße / BOKU,38,348460
2025-08-01T05:21:18.737139,Dänenstraße / BOKU,38,348341
2025-08-01T05:21:18.737139,Dänenstraße / BOKU,38,348313
2025-08-01T05:21:18.737139,Dänenstraße / BOKU,38,348248
2025-08-01T05:21:18.737139,Dänenstraße / BOKU,38,348176
2025-08-01T05:21:18.737139,Dänenstraße / BOKU,38,348078
2025-08-01T05:21:18.737139,Dänenstraße / BOKU,38,348706
2025-08-01T05:21:18.737139,Dänenstraße / BOKU,38,348683
2025-08-01T05:21:18.737139,Dänenstraße / BOKU,38,348542
2025-08-01T05:21:18.737139,Schloss Schönbrunn,24,345991
2025-08-01T05:21:18.737139,Schloss Schönbrunn,24,345878
2025-08-01T05:21:18.737139,Schloss Schönbrunn,24,345866
2025-08-01T05:21:18.737139,Schloss Schönbrunn,24,345768
2025-08-01T05:21:18.737139,Schloss Schönbrunn,24,345647
2025-08-01T05:21:18.737139,Schloss Schönbrunn,24,346330
2025-08-01T05:21:18.737139,Schloss Schönbrunn,24,346247
2025-08-01T05:21:18.737139,Schloss Schönbrunn,24,346187
2025-08-01T05:21:18.737139,Schloss Schönbrunn,24,346122
2025-08-01T05:21:18.737139,Schloss Schönbrunn,24,346039
2025-08-01T05:21:18.737139,Schloss Schönbrunn,24,346971
2025-08-01T05:21:18.737139,Schloss Schönbrunn,24,346940
2025-08-01T05:21:18.737139,Schloss Schönbrunn,24,347368
2025-08-01T05:21:18.737139,Schloss Schönbrunn,24,347308
2025-08-01T05:21:18.737139,Schloss Schönbrunn,24,347967
2025-08-01T05:21:18.737139,Schloss Schönbrunn,24,347947
2025-08-01T05:21:18.737139,Schloss Schönbrunn,24,347537
2025-08-01T05:21:18.737139,Schloss Schönbrunn,24,348467
2025-08-01T05:21:18.737139,Schloss Schönbrunn,24,348437
2025-08-01T05:21:18.737139,Schloss Schönbrunn,24,348435
2025-08-01T05:21:18.737139,Schloss Schönbrunn,24,348380
2025-08-01T05:21:18.737139,Schloss Schönbrunn,24,348275
2025-08-01T05:21:18.737139,Schloss Schönbrunn,24,348180
2025-08-01T05:21:18.737139,Schloss Schönbrunn,24,348000
2025-08-01T05:21:18.737139,Eslarngasse / Juchgasse,14,345469
2025-08-01T05:21:18.737139,Eslarngasse / Juchgasse,14,345291
2025-08-01T05:21:18.737139,Eslarngasse / Juchgasse,14,345091
2025-08-01T05:21:18.737139,Eslarngasse / Juchgasse,14,345610
2025-08-01T05:21:18.737139,Eslarngasse / Juchgasse,14,346206
2025-08-01T05:21:18.737139,Eslarngasse / Juchgasse,14,346147
2025-08-01T05:21:18.737139,Eslarngasse / Juchgasse,14,346746
2025-08-01T05:21:18.737139,Eslarngasse / Juchgasse,14,347465
2025-08-01T05:21:18.737139,Eslarngasse / Juchgasse,14,347283
2025-08-01T05:21:18.737139,Eslarngasse / Juchgasse,14,347276
2025-08-01T05:21:18.737139,Eslarngasse / Juchgasse,14,347961
2025-08-01T05:21:18.737139,Eslarngasse / Juchgasse,14,348193
2025-08-01T05:21:18.737139,Eslarngasse / Juchgasse,14,348072
2025-08-01T05:21:18.737139,Eslarngasse / Juchgasse,14,348633
2025-08-01T05:21:18.737139,Plößlgasse / Belvedere,14,345193
2025-08-01T05:21:18.737139,Plößlgasse / Belvedere,14,345109
2025-08-01T05:21:18.737139,Plößlgasse / Belvedere,14,345612
2025-08-01T05:21:18.737139,Plößlgasse / Belvedere,14,345602
2025-08-01T05:21:18.737139,Plößlgasse / Belvedere,14,346408
2025-08-01T05:21:18.737139,Plößlgasse / Belvedere,14,346369
2025-08-01T05:21:18.737139,Plößlgasse / Belvedere,14,346833
2025-08-01T05:21:18.737139,Plößlgasse / Belvedere,14,347323
2025-08-01T05:21:18.737139,Plößlgasse / Belvedere,14,347145
2025-08-01T05:21:18.737139,Plößlgasse / Belvedere,14,347034
2025-08-01T05:21:18.737139,Plößlgasse / Belvedere,14,347811
2025-08-01T05:21:18.737139,Plößlgasse / Belvedere,14,347727
2025-08-01T05:21:18.737139,Plößlgasse / Belvedere,14,348250
2025-08-01T05:21:18.737139,Plößlgasse / Belvedere,14,398715
2025-08-01T05:21:18.737139,Sankt-Elisabeth-Platz,16,345430
2025-08-01T05:21:18.737139,Sankt-Elisabeth-Platz,16,345303
2025-08-01T05:21:18.737139,Sankt-Elisabeth-Platz,16,345914
2025-08-01T05:21:18.737139,Sankt-Elisabeth-Platz,16,345547
2025-08-01T05:21:18.737139,Sankt-Elisabeth-Platz,16,346831
2025-08-01T05:21:18.737139,Sankt-Elisabeth-Platz,16,347468
2025-08-01T05:21:18.737139,Sankt-Elisabeth-Platz,16,347091
2025-08-01T05:21:18.737139,Sankt-Elisabeth-Platz,16,347085
2025-08-01T05:21:18.737139,Sankt-Elisabeth-Platz,16,347013
2025-08-01T05:21:18.737139,Sankt-Elisabeth-Platz,16,347889
2025-08-01T05:21:18.737139,Sankt-Elisabeth-Platz,16,347744
2025-08-01T05:21:18.737139,Sankt-Elisabeth-Platz,16,347632
2025-08-01T05:21:18.737139,Sankt-Elisabeth-Platz,16,347569
2025-08-01T05:21:18.737139,Sankt-Elisabeth-Platz,16,348468
2025-08-01T05:21:18.737139,Sankt-Elisabeth-Platz,16,348059
2025-08-01T05:21:18.737139,Sankt-Elisabeth-Platz,16,348554
2025-08-01T05:21:18.737139,Laudongasse / Schönbornpark,8,345407
2025-08-01T05:21:18.737139,Laudongasse / Schönbornpark,8,345928
2025-08-01T05:21:18.737139,Laudongasse / Schönbornpark,8,345901
2025-08-01T05:21:18.737139,Laudongasse / Schönbornpark,8,346016
2025-08-01T05:21:18.737139,Laudongasse / Schönbornpark,8,347273
2025-08-01T05:21:18.737139,Laudongasse / Schönbornpark,8,347831
2025-08-01T05:21:18.737139,Laudongasse / Schönbornpark,8,348483
2025-08-01T05:21:18.737139,Laudongasse / Schönbornpark,8,398721
2025-08-01T05:21:18.737139,Rossauer Lände U,6,346082
2025-08-01T05:21:18.737139,Rossauer Lände U,6,346937
2025-08-01T05:21:18.737139,Rossauer Lände U,6,346888
2025-08-01T05:21:18.737139,Rossauer Lände U,6,347740
2025-08-01T05:21:18.737139,Rossauer Lände U,6,348398
2025-08-01T05:21:18.737139,Rossauer Lände U,6,348324
2025-08-01T05:21:18.737139,Lazarettgasse,20,345453
2025-08-01T05:21:18.737139,Lazarettgasse,20,345374
2025-08-01T05:21:18.737139,Lazarettgasse,20,345966
2025-08-01T05:21:18.737139,Lazarettgasse,20,345964
2025-08-01T05:21:18.737139,Lazarettgasse,20,345894
2025-08-01T05:21:18.737139,Lazarettgasse,20,345775
2025-08-01T05:21:18.737139,Lazarettgasse,20,345691
2025-08-01T05:21:18.737139,Lazarettgasse,20,345554
2025-08-01T05:21:18.737139,Lazarettgasse,20,346377
2025-08-01T05:21:18.737139,Lazarettgasse,20,346012
2025-08-01T05:21:18.737139,Lazarettgasse,20,346959
2025-08-01T05:21:18.737139,Lazarettgasse,20,346712
2025-08-01T05:21:18.737139,Lazarettgasse,20,347002
2025-08-01T05:21:18.737139,Lazarettgasse,20,347804
2025-08-01T05:21:18.737139,Lazarettgasse,20,347702
2025-08-01T05:21:18.737139,Lazarettgasse,20,347587
2025-08-01T05:21:18.737139,Lazarettgasse,20,347538
2025-08-01T05:21:18.737139,Lazarettgasse,20,348329
2025-08-01T05:21:18.737139,Lazarettgasse,20,348107
2025-08-01T05:21:18.737139,Lazarettgasse,20,348645
2025-08-01T05:21:18.737139,Edelsinnstraße,4,345194
2025-08-01T05:21:18.737139,Edelsinnstraße,4,346771
2025-08-01T05:21:18.737139,Edelsinnstraße,4,346761
2025-08-01T05:21:18.737139,Edelsinnstraße,4,347907
2025-08-01T05:21:18.737139,Karlsplatz U / TU Wien,4,346245
2025-08-01T05:21:18.737139,Karlsplatz U / TU Wien,4,347439
2025-08-01T05:21:18.737139,Karlsplatz U / TU Wien,4,347200
2025-08-01T05:21:18.737139,Karlsplatz U / TU Wien,4,347873
2025-08-01T05:21:18.737139,Amerlingstraße,1,347590
2025-08-01T05:21:18.737139,Albertgasse,13,345341
2025-08-01T05:21:18.737139,Albertgasse,13,345992
2025-08-01T05:21:18.737139,Albertgasse,13,346467
2025-08-01T05:21:18.737139,Albertgasse,13,346887
2025-08-01T05:21:18.737139,Albertgasse,13,346795
2025-08-01T05:21:18.737139,Albertgasse,13,346608
2025-08-01T05:21:18.737139,Albertgasse,13,346582
2025-08-01T05:21:18.737139,Albertgasse,13,346573
2025-08-01T05:21:18.737139,Albertgasse,13,347025
2025-08-01T05:21:18.737139,Albertgasse,13,347759
2025-08-01T05:21:18.737139,Albertgasse,13,348293
2025-08-01T05:21:18.737139,Albertgasse,13,348084
2025-08-01T05:21:18.737139,Albertgasse,13,348009
2025-08-01T05:21:18.737139,Herrengasse U,1,348027
2025-08-01T05:21:18.737139,Sensengasse,6,345278
2025-08-01T05:21:18.737139,Sensengasse,6,346212
2025-08-01T05:21:18.737139,Sensengasse,6,346081
2025-08-01T05:21:18.737139,Sensengasse,6,346076
2025-08-01T05:21:18.737139,Sensengasse,6,346977
2025-08-01T05:21:18.737139,Sensengasse,6,348264
2025-08-01T05:21:18.737139,Belgradplatz,4,345242
2025-08-01T05:21:18.737139,Belgradplatz,4,345585
2025-08-01T05:21:18.737139,Belgradplatz,4,348145
2025-08-01T05:21:18.737139,Belgradplatz,4,348665
2025-08-01T05:21:18.737139,Arbeitergasse - Gürtel,16,345031
2025-08-01T05:21:18.737139,Arbeitergasse - Gürtel,16,345843
2025-08-01T05:21:18.737139,Arbeitergasse - Gürtel,16,346481
2025-08-01T05:21:18.737139,Arbeitergasse - Gürtel,16,346194
2025-08-01T05:21:18.737139,Arbeitergasse - Gürtel,16,346773
2025-08-01T05:21:18.737139,Arbeitergasse - Gürtel,16,346674
2025-08-01T05:21:18.737139,Arbeitergasse - Gürtel,16,346661
2025-08-01T05:21:18.737139,Arbeitergasse - Gürtel,16,346513
2025-08-01T05:21:18.737139,Arbeitergasse - Gürtel,16,347251
2025-08-01T05:21:18.737139,Arbeitergasse - Gürtel,16,347139
2025-08-01T05:21:18.737139,Arbeitergasse - Gürtel,16,347787
2025-08-01T05:21:18.737139,Arbeitergasse - Gürtel,16,347755
2025-08-01T05:21:18.737139,Arbeitergasse - Gürtel,16,348362
2025-08-01T05:21:18.737139,Arbeitergasse - Gürtel,16,348607
2025-08-01T05:21:18.737139,Arbeitergasse - Gürtel,16,348556
2025-08-01T05:21:18.737139,Arbeitergasse - Gürtel,16,348516
2025-08-01T05:21:18.737139,Bauernfeldplatz / Palais Lichtenstein,17,345384
2025-08-01T05:21:18.737139,Bauernfeldplatz / Palais Lichtenstein,17,345250
2025-08-01T05:21:18.737139,Bauernfeldplatz / Palais Lichtenstein,17,345195
2025-08-01T05:21:18.737139,Bauernfeldplatz / Palais Lichtenstein,17,345045
2025-08-01T05:21:18.737139,Bauernfeldplatz / Palais Lichtenstein,17,345596
2025-08-01T05:21:18.737139,Bauernfeldplatz / Palais Lichtenstein,17,345563
2025-08-01T05:21:18.737139,Bauernfeldplatz / Palais Lichtenstein,17,345519
2025-08-01T05:21:18.737139,Bauernfeldplatz / Palais Lichtenstein,17,346249
2025-08-01T05:21:18.737139,Bauernfeldplatz / Palais Lichtenstein,17,346148
2025-08-01T05:21:18.737139,Bauernfeldplatz / Palais Lichtenstein,17,346750
2025-08-01T05:21:18.737139,Bauernfeldplatz / Palais Lichtenstein,17,347487
2025-08-01T05:21:18.737139,Bauernfeldplatz / Palais Lichtenstein,17,347400
2025-08-01T05:21:18.737139,Bauernfeldplatz / Palais Lichtenstein,17,347820
2025-08-01T05:21:18.737139,Bauernfeldplatz / Palais Lichtenstein,17,347558
2025-08-01T05:21:18.737139,Bauernfeldplatz / Palais Lichtenstein,17,348232
2025-08-01T05:21:18.737139,Bauernfeldplatz / Palais Lichtenstein,17,348141
2025-08-01T05:21:18.737139,Bauernfeldplatz / Palais Lichtenstein,17,348055
2025-08-01T05:21:18.737139,Johannesgasse / Stadtpark,7,345935
2025-08-01T05:21:18.737139,Johannesgasse / Stadtpark,7,346363
2025-08-01T05:21:18.737139,Johannesgasse / Stadtpark,7,346316
2025-08-01T05:21:18.737139,Johannesgasse / Stadtpark,7,346071
2025-08-01T05:21:18.737139,Johannesgasse / Stadtpark,7,346816
2025-08-01T05:21:18.737139,Johannesgasse / Stadtpark,7,346618
2025-08-01T05:21:18.737139,Johannesgasse / Stadtpark,7,348112
2025-08-01T05:21:18.737139,Am Schöpfwerk U,13,345399
2025-08-01T05:21:18.737139,Am Schöpfwerk U,13,345321
2025-08-01T05:21:18.737139,Am Schöpfwerk U,13,345885
2025-08-01T05:21:18.737139,Am Schöpfwerk U,13,346877
2025-08-01T05:21:18.737139,Am Schöpfwerk U,13,346852
2025-08-01T05:21:18.737139,Am Schöpfwerk U,13,346558
2025-08-01T05:21:18.737139,Am Schöpfwerk U,13,347459
2025-08-01T05:21:18.737139,Am Schöpfwerk U,13,347365
2025-08-01T05:21:18.737139,Am Schöpfwerk U,13,347213
2025-08-01T05:21:18.737139,Am Schöpfwerk U,13,347933
2025-08-01T05:21:18.737139,Am Schöpfwerk U,13,347825
2025-08-01T05:21:18.737139,Am Schöpfwerk U,13,398725
2025-08-01T05:21:18.737139,Am Schöpfwerk U,13,398724
2025-08-01T05:21:18.737139,Alserbachstraße,39,345287
2025-08-01T05:21:18.737139,Alserbachstraße,39,345233
2025-08-01T05:21:18.737139,Alserbachstraße,39,345196
2025-08-01T05:21:18.737139,Alserbachstraße,39,345131
2025-08-01T05:21:18.737139,Alserbachstraße,39,345071
2025-08-01T05:21:18.737139,Alserbachstraße,39,345989
2025-08-01T05:21:18.737139,Alserbachstraße,39,345932
2025-08-01T05:21:18.737139,Alserbachstraße,39,345815
2025-08-01T05:21:18.737139,Alserbachstraße,39,345717
2025-08-01T05:21:18.737139,Alserbachstraße,39,345700
2025-08-01T05:21:18.737139,Alserbachstraße,39,345674
2025-08-01T05:21:18.737139,Alserbachstraße,39,345650
2025-08-01T05:21:18.737139,Alserbachstraße,39,345589
2025-08-01T05:21:18.737139,Alserbachstraße,39,346338
2025-08-01T05:21:18.737139,Alserbachstraße,39,346335
2025-08-01T05:21:18.737139,Alserbachstraße,39,346085
2025-08-01T05:21:18.737139,Alserbachstraße,39,346041
2025-08-01T05:21:18.737139,Alserbachstraße,39,346953
2025-08-01T05:21:18.737139,Alserbachstraße,39,346883
2025-08-01T05:21:18.737139,Alserbachstraße,39,346860
2025-08-01T05:21:18.737139,Alserbachstraße,39,346814
2025-08-01T05:21:18.737139,Alserbachstraße,39,346749
2025-08-01T05:21:18.737139,Alserbachstraße,39,346621
2025-08-01T05:21:18.737139,Alserbachstraße,39,347467
2025-08-01T05:21:18.737139,Alserbachstraße,39,347241
2025-08-01T05:21:18.737139,Alserbachstraße,39,347122
2025-08-01T05:21:18.737139,Alserbachstraße,39,347003
2025-08-01T05:21:18.737139,Alserbachstraße,39,347931
2025-08-01T05:21:18.737139,Alserbachstraße,39,347869
2025-08-01T05:21:18.737139,Alserbachstraße,39,347535
2025-08-01T05:21:18.737139,Alserbachstraße,39,348431
2025-08-01T05:21:18.737139,Alserbachstraße,39,348426
2025-08-01T05:21:18.737139,Alserbachstraße,39,348159
2025-08-01T05:21:18.737139,Alserbachstraße,39,348143
2025-08-01T05:21:18.737139,Alserbachstraße,39,348016
2025-08-01T05:21:18.737139,Alserbachstraße,39,348004
2025-08-01T05:21:18.737139,Alserbachstraße,39,398738
2025-08-01T05:21:18.737139,Alserbachstraße,39,398718
2025-08-01T05:21:18.737139,Alserbachstraße,39,349025
2025-08-01T05:21:18.737139,Petrusgasse,23,345346
2025-08-01T05:21:18.737139,Petrusgasse,23,345849
2025-08-01T05:21:18.737139,Petrusgasse,23,345818
2025-08-01T05:21:18.737139,Petrusgasse,23,345570
2025-08-01T05:21:18.737139,Petrusgasse,23,346064
2025-08-01T05:21:18.737139,Petrusgasse,23,346037
2025-08-01T05:21:18.737139,Petrusgasse,23,346970
2025-08-01T05:21:18.737139,Petrusgasse,23,346969
2025-08-01T05:21:18.737139,Petrusgasse,23,346923
2025-08-01T05:21:18.737139,Petrusgasse,23,346858
2025-08-01T05:21:18.737139,Petrusgasse,23,346828
2025-08-01T05:21:18.737139,Petrusgasse,23,346680
2025-08-01T05:21:18.737139,Petrusgasse,23,347299
2025-08-01T05:21:18.737139,Petrusgasse,23,347863
2025-08-01T05:21:18.737139,Petrusgasse,23,347725
2025-08-01T05:21:18.737139,Petrusgasse,23,347683
2025-08-01T05:21:18.737139,Petrusgasse,23,347627
2025-08-01T05:21:18.737139,Petrusgasse,23,347557
2025-08-01T05:21:18.737139,Petrusgasse,23,347523
2025-08-01T05:21:18.737139,Petrusgasse,23,348449
2025-08-01T05:21:18.737139,Petrusgasse,23,348325
2025-08-01T05:21:18.737139,Petrusgasse,23,348137
2025-08-01T05:21:18.737139,Petrusgasse,23,348530
2025-08-01T05:21:18.737139,Wassergasse,6,346364
2025-08-01T05:21:18.737139,Wassergasse,6,347772
2025-08-01T05:21:18.737139,Wassergasse,6,348479
2025-08-01T05:21:18.737139,Wassergasse,6,348364
2025-08-01T05:21:18.737139,Wassergasse,6,348124
2025-08-01T05:21:18.737139,Wassergasse,6,348049
2025-08-01T05:21:18.737139,Löwengasse,19,345491
2025-08-01T05:21:18.737139,Löwengasse,19,345466
2025-08-01T05:21:18.737139,Löwengasse,19,345102
2025-08-01T05:21:18.737139,Löwengasse,19,345952
2025-08-01T05:21:18.737139,Löwengasse,19,345886
2025-08-01T05:21:18.737139,Löwengasse,19,345593
2025-08-01T05:21:18.737139,Löwengasse,19,346235
2025-08-01T05:21:18.737139,Löwengasse,19,346218
2025-08-01T05:21:18.737139,Löwengasse,19,346184
2025-08-01T05:21:18.737139,Löwengasse,19,346146
2025-08-01T05:21:18.737139,Löwengasse,19,346954
2025-08-01T05:21:18.737139,Löwengasse,19,346884
2025-08-01T05:21:18.737139,Löwengasse,19,347195
2025-08-01T05:21:18.737139,Löwengasse,19,347986
2025-08-01T05:21:18.737139,Löwengasse,19,347625
2025-08-01T05:21:18.737139,Löwengasse,19,348402
2025-08-01T05:21:18.737139,Löwengasse,19,348149
2025-08-01T05:21:18.737139,Löwengasse,19,348045
2025-08-01T05:21:18.737139,Löwengasse,19,348015
2025-08-01T05:21:18.737139,Kardinal-Nagl-Platz U,10,345590
2025-08-01T05:21:18.737139,Kardinal-Nagl-Platz U,10,346229
2025-08-01T05:21:18.737139,Kardinal-Nagl-Platz U,10,346984
2025-08-01T05:21:18.737139,Kardinal-Nagl-Platz U,10,347409
2025-08-01T05:21:18.737139,Kardinal-Nagl-Platz U,10,347143
2025-08-01T05:21:18.737139,Kardinal-Nagl-Platz U,10,348397
2025-08-01T05:21:18.737139,Kardinal-Nagl-Platz U,10,348190
2025-08-01T05:21:18.737139,Kardinal-Nagl-Platz U,10,348620
2025-08-01T05:21:18.737139,Kardinal-Nagl-Platz U,10,348541
2025-08-01T05:21:18.737139,Kardinal-Nagl-Platz U,10,348877
2025-08-01T05:21:18.737139,Kärntner Ring,4,347281
2025-08-01T05:21:18.737139,Kärntner Ring,4,347261
2025-08-01T05:21:18.737139,Kärntner Ring,4,347051
2025-08-01T05:21:18.737139,Kärntner Ring,4,347028
2025-08-01T05:21:18.737139,Schottenring U,14,345440
2025-08-01T05:21:18.737139,Schottenring U,14,345129
2025-08-01T05:21:18.737139,Schottenring U,14,346416
2025-08-01T05:21:18.737139,Schottenring U,14,346414
2025-08-01T05:21:18.737139,Schottenring U,14,346065
2025-08-01T05:21:18.737139,Schottenring U,14,346925
2025-08-01T05:21:18.737139,Schottenring U,14,346845
2025-08-01T05:21:18.737139,Schottenring U,14,346664
2025-08-01T05:21:18.737139,Schottenring U,14,347186
2025-08-01T05:21:18.737139,Schottenring U,14,347018
2025-08-01T05:21:18.737139,Schottenring U,14,348244
2025-08-01T05:21:18.737139,Schottenring U,14,348711
2025-08-01T05:21:18.737139,Schottenring U,14,348656
2025-08-01T05:21:18.737139,Schottenring U,14,348625
2025-08-01T05:21:18.737139,Strozzigasse,3,345008
2025-08-01T05:21:18.737139,Strozzigasse,3,348489
2025-08-01T05:21:18.737139,Strozzigasse,3,348071
2025-08-01T05:21:18.737139,Yppengasse,16,345313
2025-08-01T05:21:18.737139,Yppengasse,16,346381
2025-08-01T05:21:18.737139,Yppengasse,16,346835
2025-08-01T05:21:18.737139,Yppengasse,16,346714
2025-08-01T05:21:18.737139,Yppengasse,16,346660
2025-08-01T05:21:18.737139,Yppengasse,16,347472
2025-08-01T05:21:18.737139,Yppengasse,16,347354
2025-08-01T05:21:18.737139,Yppengasse,16,347196
2025-08-01T05:21:18.737139,Yppengasse,16,347092
2025-08-01T05:21:18.737139,Yppengasse,16,347011
2025-08-01T05:21:18.737139,Yppengasse,16,347738
2025-08-01T05:21:18.737139,Yppengasse,16,347598
2025-08-01T05:21:18.737139,Yppengasse,16,348415
2025-08-01T05:21:18.737139,Yppengasse,16,348691
2025-08-01T05:21:18.737139,Yppengasse,16,348522
2025-08-01T05:21:18.737139,Yppengasse,16,398722
2025-08-01T05:21:18.737139,Brünnlbadgasse,11,345897
2025-08-01T05:21:18.737139,Brünnlbadgasse,11,345562
2025-08-01T05:21:18.737139,Brünnlbadgasse,11,346454
2025-08-01T05:21:18.737139,Brünnlbadgasse,11,346733
2025-08-01T05:21:18.737139,Brünnlbadgasse,11,347466
2025-08-01T05:21:18.737139,Brünnlbadgasse,11,347348
2025-08-01T05:21:18.737139,Brünnlbadgasse,11,347259
2025-08-01T05:21:18.737139,Brünnlbadgasse,11,347966
2025-08-01T05:21:18.737139,Brünnlbadgasse,11,348312
2025-08-01T05:21:18.737139,Brünnlbadgasse,11,348560
2025-08-01T05:21:18.737139,Brünnlbadgasse,11,348547
2025-08-01T05:21:18.737139,Obere Augartenstraße,9,345348
2025-08-01T05:21:18.737139,Obere Augartenstraße,9,345156
2025-08-01T05:21:18.737139,Obere Augartenstraße,9,345983
2025-08-01T05:21:18.737139,Obere Augartenstraße,9,345663
2025-08-01T05:21:18.737139,Obere Augartenstraße,9,346293
2025-08-01T05:21:18.737139,Obere Augartenstraße,9,346628
2025-08-01T05:21:18.737139,Obere Augartenstraße,9,347641
2025-08-01T05:21:18.737139,Obere Augartenstraße,9,347542
2025-08-01T05:21:18.737139,Obere Augartenstraße,9,348606
2025-08-01T05:21:18.737139,Gußhausstraße / Argentinierstraße,3,346045
2025-08-01T05:21:18.737139,Gußhausstraße / Argentinierstraße,3,348355
2025-08-01T05:21:18.737139,Gußhausstraße / Argentinierstraße,3,348611
2025-08-01T05:21:18.737139,Marschallplatz,11,345777
2025-08-01T05:21:18.737139,Marschallplatz,11,345715
2025-08-01T05:21:18.737139,Marschallplatz,11,345646
2025-08-01T05:21:18.737139,Marschallplatz,11,346428
2025-08-01T05:21:18.737139,Marschallplatz,11,346401
2025-08-01T05:21:18.737139,Marschallplatz,11,346214
2025-08-01T05:21:18.737139,Marschallplatz,11,346142
2025-08-01T05:21:18.737139,Marschallplatz,11,346645
2025-08-01T05:21:18.737139,Marschallplatz,11,347950
2025-08-01T05:21:18.737139,Marschallplatz,11,348111
2025-08-01T05:21:18.737139,Marschallplatz,11,348676
2025-08-01T05:21:18.737139,Ober St. Veit U,17,345340
2025-08-01T05:21:18.737139,Ober St. Veit U,17,345249
2025-08-01T05:21:18.737139,Ober St. Veit U,17,345124
2025-08-01T05:21:18.737139,Ober St. Veit U,17,345772
2025-08-01T05:21:18.737139,Ober St. Veit U,17,345764
2025-08-01T05:21:18.737139,Ober St. Veit U,17,345617
2025-08-01T05:21:18.737139,Ober St. Veit U,17,346464
2025-08-01T05:21:18.737139,Ober St. Veit U,17,346441
2025-08-01T05:21:18.737139,Ober St. Veit U,17,346827
2025-08-01T05:21:18.737139,Ober St. Veit U,17,346732
2025-08-01T05:21:18.737139,Ober St. Veit U,17,346669
2025-08-01T05:21:18.737139,Ober St. Veit U,17,346599
2025-08-01T05:21:18.737139,Ober St. Veit U,17,347331
2025-08-01T05:21:18.737139,Ober St. Veit U,17,347123
2025-08-01T05:21:18.737139,Ober St. Veit U,17,347595
2025-08-01T05:21:18.737139,Ober St. Veit U,17,348622
2025-08-01T05:21:18.737139,Ober St. Veit U,17,348581
2025-08-01T05:21:18.737139,Auf der Schmelz,14,345496
2025-08-01T05:21:18.737139,Auf der Schmelz,14,345403
2025-08-01T05:21:18.737139,Auf der Schmelz,14,345304
2025-08-01T05:21:18.737139,Auf der Schmelz,14,345936
2025-08-01T05:21:18.737139,Auf der Schmelz,14,345872
2025-08-01T05:21:18.737139,Auf der Schmelz,14,345668
2025-08-01T05:21:18.737139,Auf der Schmelz,14,345564
2025-08-01T05:21:18.737139,Auf der Schmelz,14,346389
2025-08-01T05:21:18.737139,Auf der Schmelz,14,346376
2025-08-01T05:21:18.737139,Auf der Schmelz,14,346370
2025-08-01T05:21:18.737139,Auf der Schmelz,14,346673
2025-08-01T05:21:18.737139,Auf der Schmelz,14,346670
2025-08-01T05:21:18.737139,Auf der Schmelz,14,347009
2025-08-01T05:21:18.737139,Auf der Schmelz,14,347570
2025-08-01T05:21:18.737139,Grimmgasse,9,345251
2025-08-01T05:21:18.737139,Grimmgasse,9,345106
2025-08-01T05:21:18.737139,Grimmgasse,9,345522
2025-08-01T05:21:18.737139,Grimmgasse,9,346745
2025-08-01T05:21:18.737139,Grimmgasse,9,347256
2025-08-01T05:21:18.737139,Grimmgasse,9,347192
2025-08-01T05:21:18.737139,Grimmgasse,9,347613
2025-08-01T05:21:18.737139,Grimmgasse,9,348388
2025-08-01T05:21:18.737139,Grimmgasse,9,348523
2025-08-01T05:21:18.737139,Parhamerplatz,22,345464
2025-08-01T05:21:18.737139,Parhamerplatz,22,345451
2025-08-01T05:21:18.737139,Parhamerplatz,22,345206
2025-08-01T05:21:18.737139,Parhamerplatz,22,345088
2025-08-01T05:21:18.737139,Parhamerplatz,22,345990
2025-08-01T05:21:18.737139,Parhamerplatz,22,345969
2025-08-01T05:21:18.737139,Parhamerplatz,22,345761
2025-08-01T05:21:18.737139,Parhamerplatz,22,346442
2025-08-01T05:21:18.737139,Parhamerplatz,22,346314
2025-08-01T05:21:18.737139,Parhamerplatz,22,346101
2025-08-01T05:21:18.737139,Parhamerplatz,22,346052
2025-08-01T05:21:18.737139,Parhamerplatz,22,346574
2025-08-01T05:21:18.737139,Parhamerplatz,22,347498
2025-08-01T05:21:18.737139,Parhamerplatz,22,347484
2025-08-01T05:21:18.737139,Parhamerplatz,22,347406
2025-08-01T05:21:18.737139,Parhamerplatz,22,347322
2025-08-01T05:21:18.737139,Parhamerplatz,22,347721
2025-08-01T05:21:18.737139,Parhamerplatz,22,348334
2025-08-01T05:21:18.737139,Parhamerplatz,22,348303
2025-08-01T05:21:18.737139,Parhamerplatz,22,348252
2025-08-01T05:21:18.737139,Parhamerplatz,22,348249
2025-08-01T05:21:18.737139,Parhamerplatz,22,348635
2025-08-01T05:21:18.737139,Kendlerstraße U,10,345462
2025-08-01T05:21:18.737139,Kendlerstraße U,10,345416
2025-08-01T05:21:18.737139,Kendlerstraße U,10,345652
2025-08-01T05:21:18.737139,Kendlerstraße U,10,346340
2025-08-01T05:21:18.737139,Kendlerstraße U,10,346151
2025-08-01T05:21:18.737139,Kendlerstraße U,10,346837
2025-08-01T05:21:18.737139,Kendlerstraße U,10,346699
2025-08-01T05:21:18.737139,Kendlerstraße U,10,348155
2025-08-01T05:21:18.737139,Kendlerstraße U,10,348151
2025-08-01T05:21:18.737139,Kendlerstraße U,10,348130
2025-08-01T05:21:18.737139,Dornerplatz,13,345474
2025-08-01T05:21:18.737139,Dornerplatz,13,345317
2025-08-01T05:21:18.737139,Dornerplatz,13,345729
2025-08-01T05:21:18.737139,Dornerplatz,13,345628
2025-08-01T05:21:18.737139,Dornerplatz,13,346080
2025-08-01T05:21:18.737139,Dornerplatz,13,346981
2025-08-01T05:21:18.737139,Dornerplatz,13,346863
2025-08-01T05:21:18.737139,Dornerplatz,13,346731
2025-08-01T05:21:18.737139,Dornerplatz,13,346504
2025-08-01T05:21:18.737139,Dornerplatz,13,347435
2025-08-01T05:21:18.737139,Dornerplatz,13,347317
2025-08-01T05:21:18.737139,Dornerplatz,13,347074
2025-08-01T05:21:18.737139,Dornerplatz,13,348421
2025-08-01T05:21:18.737139,Hernals S,14,345358
2025-08-01T05:21:18.737139,Hernals S,14,345294
2025-08-01T05:21:18.737139,Hernals S,14,345830
2025-08-01T05:21:18.737139,Hernals S,14,345755
2025-08-01T05:21:18.737139,Hernals S,14,345669
2025-08-01T05:21:18.737139,Hernals S,14,346462
2025-08-01T05:21:18.737139,Hernals S,14,346204
2025-08-01T05:21:18.737139,Hernals S,14,346529
2025-08-01T05:21:18.737139,Hernals S,14,347280
2025-08-01T05:21:18.737139,Hernals S,14,347203
2025-08-01T05:21:18.737139,Hernals S,14,347943
2025-08-01T05:21:18.737139,Hernals S,14,347793
2025-08-01T05:21:18.737139,Hernals S,14,347672
2025-08-01T05:21:18.737139,Hernals S,14,347670
2025-08-01T05:21:18.737139,Schmelzbrücke,15,345388
2025-08-01T05:21:18.737139,Schmelzbrücke,15,345307
2025-08-01T05:21:18.737139,Schmelzbrücke,15,345903
2025-08-01T05:21:18.737139,Schmelzbrücke,15,346131
2025-08-01T05:21:18.737139,Schmelzbrücke,15,346068
2025-08-01T05:21:18.737139,Schmelzbrücke,15,346051
2025-08-01T05:21:18.737139,Schmelzbrücke,15,346649
2025-08-01T05:21:18.737139,Schmelzbrücke,15,347442
2025-08-01T05:21:18.737139,Schmelzbrücke,15,347163
2025-08-01T05:21:18.737139,Schmelzbrücke,15,347562
2025-08-01T05:21:18.737139,Schmelzbrücke,15,348297
2025-08-01T05:21:18.737139,Schmelzbrücke,15,348269
2025-08-01T05:21:18.737139,Schmelzbrücke,15,348166
2025-08-01T05:21:18.737139,Schmelzbrücke,15,348161
2025-08-01T05:21:18.737139,Schmelzbrücke,15,348088
2025-08-01T05:21:18.737139,Michelbeuern-AKH U,14,345011
2025-08-01T05:21:18.737139,Michelbeuern-AKH U,14,345884
2025-08-01T05:21:18.737139,Michelbeuern-AKH U,14,345880
2025-08-01T05:21:18.737139,Michelbeuern-AKH U,14,345814
2025-08-01T05:21:18.737139,Michelbeuern-AKH U,14,345769
2025-08-01T05:21:18.737139,Michelbeuern-AKH U,14,345631
2025-08-01T05:21:18.737139,Michelbeuern-AKH U,14,346991
2025-08-01T05:21:18.737139,Michelbeuern-AKH U,14,346808
2025-08-01T05:21:18.737139,Michelbeuern-AKH U,14,346689
2025-08-01T05:21:18.737139,Michelbeuern-AKH U,14,346586
2025-08-01T05:21:18.737139,Michelbeuern-AKH U,14,347440
2025-08-01T05:21:18.737139,Michelbeuern-AKH U,14,347210
2025-08-01T05:21:18.737139,Michelbeuern-AKH U,14,347928
2025-08-01T05:21:18.737139,Michelbeuern-AKH U,14,348057
2025-08-01T05:21:18.737139,Johann-Nepomuk-Vogl-Platz,15,345427
2025-08-01T05:21:18.737139,Johann-Nepomuk-Vogl-Platz,15,345918
2025-08-01T05:21:18.737139,Johann-Nepomuk-Vogl-Platz,15,345582
2025-08-01T05:21:18.737139,Johann-Nepomuk-Vogl-Platz,15,346129
2025-08-01T05:21:18.737139,Johann-Nepomuk-Vogl-Platz,15,346932
2025-08-01T05:21:18.737139,Johann-Nepomuk-Vogl-Platz,15,346930
2025-08-01T05:21:18.737139,Johann-Nepomuk-Vogl-Platz,15,346794
2025-08-01T05:21:18.737139,Johann-Nepomuk-Vogl-Platz,15,346595
2025-08-01T05:21:18.737139,Johann-Nepomuk-Vogl-Platz,15,346577
2025-08-01T05:21:18.737139,Johann-Nepomuk-Vogl-Platz,15,347474
2025-08-01T05:21:18.737139,Johann-Nepomuk-Vogl-Platz,15,347455
2025-08-01T05:21:18.737139,Johann-Nepomuk-Vogl-Platz,15,347133
2025-08-01T05:21:18.737139,Johann-Nepomuk-Vogl-Platz,15,347887
2025-08-01T05:21:18.737139,Johann-Nepomuk-Vogl-Platz,15,348173
2025-08-01T05:21:18.737139,Johann-Nepomuk-Vogl-Platz,15,398733
2025-08-01T05:21:18.737139,Mayerhofgasse,5,346332
2025-08-01T05:21:18.737139,Mayerhofgasse,5,347430
2025-08-01T05:21:18.737139,Mayerhofgasse,5,347382
2025-08-01T05:21:18.737139,Mayerhofgasse,5,348233
2025-08-01T05:21:18.737139,Mayerhofgasse,5,348661
2025-08-01T05:21:18.737139,Vorgartenstraße U,27,345326
2025-08-01T05:21:18.737139,Vorgartenstraße U,27,345246
2025-08-01T05:21:18.737139,Vorgartenstraße U,27,345077
2025-08-01T05:21:18.737139,Vorgartenstraße U,27,345019
2025-08-01T05:21:18.737139,Vorgartenstraße U,27,345957
2025-08-01T05:21:18.737139,Vorgartenstraße U,27,345781
2025-08-01T05:21:18.737139,Vorgartenstraße U,27,346421
2025-08-01T05:21:18.737139,Vorgartenstraße U,27,346362
2025-08-01T05:21:18.737139,Vorgartenstraße U,27,346175
2025-08-01T05:21:18.737139,Vorgartenstraße U,27,346057
2025-08-01T05:21:18.737139,Vorgartenstraße U,27,346943
2025-08-01T05:21:18.737139,Vorgartenstraße U,27,346752
2025-08-01T05:21:18.737139,Vorgartenstraße U,27,346719
2025-08-01T05:21:18.737139,Vorgartenstraße U,27,347147
2025-08-01T05:21:18.737139,Vorgartenstraße U,27,347054
2025-08-01T05:21:18.737139,Vorgartenstraße U,27,347951
2025-08-01T05:21:18.737139,Vorgartenstraße U,27,347736
2025-08-01T05:21:18.737139,Vorgartenstraße U,27,347607
2025-08-01T05:21:18.737139,Vorgartenstraße U,27,348326
2025-08-01T05:21:18.737139,Vorgartenstraße U,27,348318
2025-08-01T05:21:18.737139,Vorgartenstraße U,27,348276
2025-08-01T05:21:18.737139,Vorgartenstraße U,27,348185
2025-08-01T05:21:18.737139,Vorgartenstraße U,27,348109
2025-08-01T05:21:18.737139,Vorgartenstraße U,27,348095
2025-08-01T05:21:18.737139,Vorgartenstraße U,27,348022
2025-08-01T05:21:18.737139,Vorgartenstraße U,27,348601
2025-08-01T05:21:18.737139,Vorgartenstraße U,27,348594
2025-08-01T05:21:18.737139,Krieau U,25,345275
2025-08-01T05:21:18.737139,Krieau U,25,345978
2025-08-01T05:21:18.737139,Krieau U,25,345746
2025-08-01T05:21:18.737139,Krieau U,25,346135
2025-08-01T05:21:18.737139,Krieau U,25,346942
2025-08-01T05:21:18.737139,Krieau U,25,346889
2025-08-01T05:21:18.737139,Krieau U,25,346785
2025-08-01T05:21:18.737139,Krieau U,25,346531
2025-08-01T05:21:18.737139,Krieau U,25,346512
2025-08-01T05:21:18.737139,Krieau U,25,347346
2025-08-01T05:21:18.737139,Krieau U,25,347343
2025-08-01T05:21:18.737139,Krieau U,25,347264
2025-08-01T05:21:18.737139,Krieau U,25,347227
2025-08-01T05:21:18.737139,Krieau U,25,347120
2025-08-01T05:21:18.737139,Krieau U,25,347896
2025-08-01T05:21:18.737139,Krieau U,25,347580
2025-08-01T05:21:18.737139,Krieau U,25,347507
2025-08-01T05:21:18.737139,Krieau U,25,348463
2025-08-01T05:21:18.737139,Krieau U,25,348448
2025-08-01T05:21:18.737139,Krieau U,25,348230
2025-08-01T05:21:18.737139,Krieau U,25,348140
2025-08-01T05:21:18.737139,Krieau U,25,348122
2025-08-01T05:21:18.737139,Krieau U,25,348669
2025-08-01T05:21:18.737139,Krieau U,25,348615
2025-08-01T05:21:18.737139,Krieau U,25,348593
2025-08-01T05:21:18.737139,Ottakring S U,25,345208
2025-08-01T05:21:18.737139,Ottakring S U,25,345855
2025-08-01T05:21:18.737139,Ottakring S U,25,345747
2025-08-01T05:21:18.737139,Ottakring S U,25,345716
2025-08-01T05:21:18.737139,Ottakring S U,25,346305
2025-08-01T05:21:18.737139,Ottakring S U,25,346107
2025-08-01T05:21:18.737139,Ottakring S U,25,346989
2025-08-01T05:21:18.737139,Ottakring S U,25,346856
2025-08-01T05:21:18.737139,Ottakring S U,25,346797
2025-08-01T05:21:18.737139,Ottakring S U,25,346780
2025-08-01T05:21:18.737139,Ottakring S U,25,347316
2025-08-01T05:21:18.737139,Ottakring S U,25,347224
2025-08-01T05:21:18.737139,Ottakring S U,25,347107
2025-08-01T05:21:18.737139,Ottakring S U,25,347046
2025-08-01T05:21:18.737139,Ottakring S U,25,347010
2025-08-01T05:21:18.737139,Ottakring S U,25,347007
2025-08-01T05:21:18.737139,Ottakring S U,25,347006
2025-08-01T05:21:18.737139,Ottakring S U,25,347778
2025-08-01T05:21:18.737139,Ottakring S U,25,347693
2025-08-01T05:21:18.737139,Ottakring S U,25,348277
2025-08-01T05:21:18.737139,Ottakring S U,25,348118
2025-08-01T05:21:18.737139,Ottakring S U,25,348012
2025-08-01T05:21:18.737139,Ottakring S U,25,348708
2025-08-01T05:21:18.737139,Ottakring S U,25,348588
2025-08-01T05:21:18.737139,Ottakring S U,25,348569
2025-08-01T05:21:18.737139,Hartmanngasse ,34,345471
2025-08-01T05:21:18.737139,Hartmanngasse ,34,345367
2025-08-01T05:21:18.737139,Hartmanngasse ,34,345364
2025-08-01T05:21:18.737139,Hartmanngasse ,34,345306
2025-08-01T05:21:18.737139,Hartmanngasse ,34,345281
2025-08-01T05:21:18.737139,Hartmanngasse ,34,345994
2025-08-01T05:21:18.737139,Hartmanngasse ,34,345888
2025-08-01T05:21:18.737139,Hartmanngasse ,34,345766
2025-08-01T05:21:18.737139,Hartmanngasse ,34,345702
2025-08-01T05:21:18.737139,Hartmanngasse ,34,346487
2025-08-01T05:21:18.737139,Hartmanngasse ,34,346410
2025-08-01T05:21:18.737139,Hartmanngasse ,34,346400
2025-08-01T05:21:18.737139,Hartmanngasse ,34,346398
2025-08-01T05:21:18.737139,Hartmanngasse ,34,346240
2025-08-01T05:21:18.737139,Hartmanngasse ,34,346100
2025-08-01T05:21:18.737139,Hartmanngasse ,34,346044
2025-08-01T05:21:18.737139,Hartmanngasse ,34,346890
2025-08-01T05:21:18.737139,Hartmanngasse ,34,346815
2025-08-01T05:21:18.737139,Hartmanngasse ,34,346523
2025-08-01T05:21:18.737139,Hartmanngasse ,34,347119
2025-08-01T05:21:18.737139,Hartmanngasse ,34,347101
2025-08-01T05:21:18.737139,Hartmanngasse ,34,347096
2025-08-01T05:21:18.737139,Hartmanngasse ,34,347094
2025-08-01T05:21:18.737139,Hartmanngasse ,34,347915
2025-08-01T05:21:18.737139,Hartmanngasse ,34,347566
2025-08-01T05:21:18.737139,Hartmanngasse ,34,348445
2025-08-01T05:21:18.737139,Hartmanngasse ,34,348344
2025-08-01T05:21:18.737139,Hartmanngasse ,34,348328
2025-08-01T05:21:18.737139,Hartmanngasse ,34,348270
2025-08-01T05:21:18.737139,Hartmanngasse ,34,348223
2025-08-01T05:21:18.737139,Hartmanngasse ,34,348191
2025-08-01T05:21:18.737139,Hartmanngasse ,34,348153
2025-08-01T05:21:18.737139,Hartmanngasse ,34,348658
2025-08-01T05:21:18.737139,Hartmanngasse ,34,398731
2025-08-01T05:21:18.737139,Messe-Prater U,13,345223
2025-08-01T05:21:18.737139,Messe-Prater U,13,345179
2025-08-01T05:21:18.737139,Messe-Prater U,13,345541
2025-08-01T05:21:18.737139,Messe-Prater U,13,345512
2025-08-01T05:21:18.737139,Messe-Prater U,13,346490
2025-08-01T05:21:18.737139,Messe-Prater U,13,346367
2025-08-01T05:21:18.737139,Messe-Prater U,13,346277
2025-08-01T05:21:18.737139,Messe-Prater U,13,347362
2025-08-01T05:21:18.737139,Messe-Prater U,13,347297
2025-08-01T05:21:18.737139,Messe-Prater U,13,347285
2025-08-01T05:21:18.737139,Messe-Prater U,13,347088
2025-08-01T05:21:18.737139,Messe-Prater U,13,347936
2025-08-01T05:21:18.737139,Messe-Prater U,13,348436
2025-08-01T05:21:18.737139,Loquaiplatz,11,345345
2025-08-01T05:21:18.737139,Loquaiplatz,11,345319
2025-08-01T05:21:18.737139,Loquaiplatz,11,345164
2025-08-01T05:21:18.737139,Loquaiplatz,11,345997
2025-08-01T05:21:18.737139,Loquaiplatz,11,345934
2025-08-01T05:21:18.737139,Loquaiplatz,11,346458
2025-08-01T05:21:18.737139,Loquaiplatz,11,346099
2025-08-01T05:21:18.737139,Loquaiplatz,11,347330
2025-08-01T05:21:18.737139,Loquaiplatz,11,347653
2025-08-01T05:21:18.737139,Loquaiplatz,11,348285
2025-08-01T05:21:18.737139,Loquaiplatz,11,348695
2025-08-01T05:21:18.737139,Rosensteingasse,5,345302
2025-08-01T05:21:18.737139,Rosensteingasse,5,346019
2025-08-01T05:21:18.737139,Rosensteingasse,5,347667
2025-08-01T05:21:18.737139,Rosensteingasse,5,348491
2025-08-01T05:21:18.737139,Rosensteingasse,5,348077
2025-08-01T05:21:18.737139,Gumpendorfer Gürtel,17,345140
2025-08-01T05:21:18.737139,Gumpendorfer Gürtel,17,345108
2025-08-01T05:21:18.737139,Gumpendorfer Gürtel,17,345101
2025-08-01T05:21:18.737139,Gumpendorfer Gürtel,17,345981
2025-08-01T05:21:18.737139,Gumpendorfer Gürtel,17,345837
2025-08-01T05:21:18.737139,Gumpendorfer Gürtel,17,345509
2025-08-01T05:21:18.737139,Gumpendorfer Gürtel,17,346239
2025-08-01T05:21:18.737139,Gumpendorfer Gürtel,17,346829
2025-08-01T05:21:18.737139,Gumpendorfer Gürtel,17,346805
2025-08-01T05:21:18.737139,Gumpendorfer Gürtel,17,346720
2025-08-01T05:21:18.737139,Gumpendorfer Gürtel,17,347328
2025-08-01T05:21:18.737139,Gumpendorfer Gürtel,17,347014
2025-08-01T05:21:18.737139,Gumpendorfer Gürtel,17,347706
2025-08-01T05:21:18.737139,Gumpendorfer Gürtel,17,347551
2025-08-01T05:21:18.737139,Gumpendorfer Gürtel,17,348481
2025-08-01T05:21:18.737139,Gumpendorfer Gürtel,17,348310
2025-08-01T05:21:18.737139,Gumpendorfer Gürtel,17,348037
2025-08-01T05:21:18.737139,Hanusch Krankenhaus,7,345406
2025-08-01T05:21:18.737139,Hanusch Krankenhaus,7,345361
2025-08-01T05:21:18.737139,Hanusch Krankenhaus,7,345736
2025-08-01T05:21:18.737139,Hanusch Krankenhaus,7,346985
2025-08-01T05:21:18.737139,Hanusch Krankenhaus,7,346862
2025-08-01T05:21:18.737139,Hanusch Krankenhaus,7,347711
2025-08-01T05:21:18.737139,Hanusch Krankenhaus,7,348298
2025-08-01T05:21:18.737139,Westbahnhof S U / Gerstnerstraße,18,345282
2025-08-01T05:21:18.737139,Westbahnhof S U / Gerstnerstraße,18,345115
2025-08-01T05:21:18.737139,Westbahnhof S U / Gerstnerstraße,18,345960
2025-08-01T05:21:18.737139,Westbahnhof S U / Gerstnerstraße,18,345828
2025-08-01T05:21:18.737139,Westbahnhof S U / Gerstnerstraße,18,345820
2025-08-01T05:21:18.737139,Westbahnhof S U / Gerstnerstraße,18,345638
2025-08-01T05:21:18.737139,Westbahnhof S U / Gerstnerstraße,18,346448
2025-08-01T05:21:18.737139,Westbahnhof S U / Gerstnerstraße,18,346419
2025-08-01T05:21:18.737139,Westbahnhof S U / Gerstnerstraße,18,346236
2025-08-01T05:21:18.737139,Westbahnhof S U / Gerstnerstraße,18,346178
2025-08-01T05:21:18.737139,Westbahnhof S U / Gerstnerstraße,18,346506
2025-08-01T05:21:18.737139,Westbahnhof S U / Gerstnerstraße,18,346503
2025-08-01T05:21:18.737139,Westbahnhof S U / Gerstnerstraße,18,347891
2025-08-01T05:21:18.737139,Westbahnhof S U / Gerstnerstraße,18,347645
2025-08-01T05:21:18.737139,Westbahnhof S U / Gerstnerstraße,18,347636
2025-08-01T05:21:18.737139,Westbahnhof S U / Gerstnerstraße,18,347524
2025-08-01T05:21:18.737139,Westbahnhof S U / Gerstnerstraße,18,348480
2025-08-01T05:21:18.737139,Westbahnhof S U / Gerstnerstraße,18,348227
2025-08-01T05:21:18.737139,Wieningerplatz,11,345181
2025-08-01T05:21:18.737139,Wieningerplatz,11,345946
2025-08-01T05:21:18.737139,Wieningerplatz,11,346449
2025-08-01T05:21:18.737139,Wieningerplatz,11,346327
2025-08-01T05:21:18.737139,Wieningerplatz,11,346244
2025-08-01T05:21:18.737139,Wieningerplatz,11,346976
2025-08-01T05:21:18.737139,Wieningerplatz,11,346948
2025-08-01T05:21:18.737139,Wieningerplatz,11,346834
2025-08-01T05:21:18.737139,Wieningerplatz,11,346650
2025-08-01T05:21:18.737139,Wieningerplatz,11,346648
2025-08-01T05:21:18.737139,Wieningerplatz,11,347808
2025-08-01T05:21:18.737139,Markgraf-Rüdiger Straße,24,345204
2025-08-01T05:21:18.737139,Markgraf-Rüdiger Straße,24,345177
2025-08-01T05:21:18.737139,Markgraf-Rüdiger Straße,24,345084
2025-08-01T05:21:18.737139,Markgraf-Rüdiger Straße,24,345831
2025-08-01T05:21:18.737139,Markgraf-Rüdiger Straße,24,345692
2025-08-01T05:21:18.737139,Markgraf-Rüdiger Straße,24,345665
2025-08-01T05:21:18.737139,Markgraf-Rüdiger Straße,24,345549
2025-08-01T05:21:18.737139,Markgraf-Rüdiger Straße,24,345516
2025-08-01T05:21:18.737139,Markgraf-Rüdiger Straße,24,345503
2025-08-01T05:21:18.737139,Markgraf-Rüdiger Straße,24,346684
2025-08-01T05:21:18.737139,Markgraf-Rüdiger Straße,24,346516
2025-08-01T05:21:18.737139,Markgraf-Rüdiger Straße,24,346502
2025-08-01T05:21:18.737139,Markgraf-Rüdiger Straße,24,347293
2025-08-01T05:21:18.737139,Markgraf-Rüdiger Straße,24,347185
2025-08-01T05:21:18.737139,Markgraf-Rüdiger Straße,24,347180
2025-08-01T05:21:18.737139,Markgraf-Rüdiger Straße,24,347806
2025-08-01T05:21:18.737139,Markgraf-Rüdiger Straße,24,347757
2025-08-01T05:21:18.737139,Markgraf-Rüdiger Straße,24,347534
2025-08-01T05:21:18.737139,Markgraf-Rüdiger Straße,24,348333
2025-08-01T05:21:18.737139,Markgraf-Rüdiger Straße,24,348217
2025-08-01T05:21:18.737139,Markgraf-Rüdiger Straße,24,348211
2025-08-01T05:21:18.737139,Markgraf-Rüdiger Straße,24,348210
2025-08-01T05:21:18.737139,Markgraf-Rüdiger Straße,24,348170
2025-08-01T05:21:18.737139,Markgraf-Rüdiger Straße,24,348653
2025-08-01T05:21:18.737139,Plunkergasse,20,345489
2025-08-01T05:21:18.737139,Plunkergasse,20,345410
2025-08-01T05:21:18.737139,Plunkergasse,20,345186
2025-08-01T05:21:18.737139,Plunkergasse,20,345908
2025-08-01T05:21:18.737139,Plunkergasse,20,346446
2025-08-01T05:21:18.737139,Plunkergasse,20,346243
2025-08-01T05:21:18.737139,Plunkergasse,20,346021
2025-08-01T05:21:18.737139,Plunkergasse,20,346916
2025-08-01T05:21:18.737139,Plunkergasse,20,346616
2025-08-01T05:21:18.737139,Plunkergasse,20,346575
2025-08-01T05:21:18.737139,Plunkergasse,20,346548
2025-08-01T05:21:18.737139,Plunkergasse,20,347250
2025-08-01T05:21:18.737139,Plunkergasse,20,347216
2025-08-01T05:21:18.737139,Plunkergasse,20,347093
2025-08-01T05:21:18.737139,Plunkergasse,20,347080
2025-08-01T05:21:18.737139,Plunkergasse,20,347030
2025-08-01T05:21:18.737139,Plunkergasse,20,347751
2025-08-01T05:21:18.737139,Plunkergasse,20,348475
2025-08-01T05:21:18.737139,Plunkergasse,20,348440
2025-08-01T05:21:18.737139,Plunkergasse,20,348219
2025-08-01T05:21:18.737139,Selzergasse,12,345415
2025-08-01T05:21:18.737139,Selzergasse,12,345412
2025-08-01T05:21:18.737139,Selzergasse,12,345085
2025-08-01T05:21:18.737139,Selzergasse,12,345722
2025-08-01T05:21:18.737139,Selzergasse,12,345513
2025-08-01T05:21:18.737139,Selzergasse,12,346139
2025-08-01T05:21:18.737139,Selzergasse,12,346058
2025-08-01T05:21:18.737139,Selzergasse,12,346676
2025-08-01T05:21:18.737139,Selzergasse,12,347469
2025-08-01T05:21:18.737139,Selzergasse,12,347521
2025-08-01T05:21:18.737139,Selzergasse,12,348485
2025-08-01T05:21:18.737139,Selzergasse,12,348060
2025-08-01T05:21:18.737139,Westbahnhof S U / Felberstraße,31,345372
2025-08-01T05:21:18.737139,Westbahnhof S U / Felberstraße,31,345266
2025-08-01T05:21:18.737139,Westbahnhof S U / Felberstraße,31,345229
2025-08-01T05:21:18.737139,Westbahnhof S U / Felberstraße,31,345201
2025-08-01T05:21:18.737139,Westbahnhof S U / Felberstraße,31,345080
2025-08-01T05:21:18.737139,Westbahnhof S U / Felberstraße,31,345967
2025-08-01T05:21:18.737139,Westbahnhof S U / Felberstraße,31,345902
2025-08-01T05:21:18.737139,Westbahnhof S U / Felberstraße,31,345879
2025-08-01T05:21:18.737139,Westbahnhof S U / Felberstraße,31,345520
2025-08-01T05:21:18.737139,Westbahnhof S U / Felberstraße,31,345508
2025-08-01T05:21:18.737139,Westbahnhof S U / Felberstraße,31,346379
2025-08-01T05:21:18.737139,Westbahnhof S U / Felberstraße,31,346241
2025-08-01T05:21:18.737139,Westbahnhof S U / Felberstraße,31,346189
2025-08-01T05:21:18.737139,Westbahnhof S U / Felberstraße,31,346049
2025-08-01T05:21:18.737139,Westbahnhof S U / Felberstraße,31,346983
2025-08-01T05:21:18.737139,Westbahnhof S U / Felberstraße,31,346542
2025-08-01T05:21:18.737139,Westbahnhof S U / Felberstraße,31,347391
2025-08-01T05:21:18.737139,Westbahnhof S U / Felberstraße,31,347228
2025-08-01T05:21:18.737139,Westbahnhof S U / Felberstraße,31,347182
2025-08-01T05:21:18.737139,Westbahnhof S U / Felberstraße,31,347142
2025-08-01T05:21:18.737139,Westbahnhof S U / Felberstraße,31,347879
2025-08-01T05:21:18.737139,Westbahnhof S U / Felberstraße,31,347656
2025-08-01T05:21:18.737139,Westbahnhof S U / Felberstraße,31,347617
2025-08-01T05:21:18.737139,Westbahnhof S U / Felberstraße,31,347616
2025-08-01T05:21:18.737139,Westbahnhof S U / Felberstraße,31,348393
2025-08-01T05:21:18.737139,Westbahnhof S U / Felberstraße,31,348224
2025-08-01T05:21:18.737139,Westbahnhof S U / Felberstraße,31,348110
2025-08-01T05:21:18.737139,Westbahnhof S U / Felberstraße,31,348076
2025-08-01T05:21:18.737139,Westbahnhof S U / Felberstraße,31,348074
2025-08-01T05:21:18.737139,Westbahnhof S U / Felberstraße,31,348067
2025-08-01T05:21:18.737139,Westbahnhof S U / Felberstraße,31,348696
2025-08-01T05:21:18.737139,Kundratstraße,4,345381
2025-08-01T05:21:18.737139,Kundratstraße,4,346744
2025-08-01T05:21:18.737139,Kundratstraße,4,346607
2025-08-01T05:21:18.737139,Kundratstraße,4,348610
2025-08-01T05:21:18.737139,Arthaberplatz,20,345255
2025-08-01T05:21:18.737139,Arthaberplatz,20,345072
2025-08-01T05:21:18.737139,Arthaberplatz,20,345051
2025-08-01T05:21:18.737139,Arthaberplatz,20,345835
2025-08-01T05:21:18.737139,Arthaberplatz,20,345773
2025-08-01T05:21:18.737139,Arthaberplatz,20,345758
2025-08-01T05:21:18.737139,Arthaberplatz,20,345553
2025-08-01T05:21:18.737139,Arthaberplatz,20,346430
2025-08-01T05:21:18.737139,Arthaberplatz,20,346615
2025-08-01T05:21:18.737139,Arthaberplatz,20,347208
2025-08-01T05:21:18.737139,Arthaberplatz,20,347807
2025-08-01T05:21:18.737139,Arthaberplatz,20,347698
2025-08-01T05:21:18.737139,Arthaberplatz,20,347668
2025-08-01T05:21:18.737139,Arthaberplatz,20,347647
2025-08-01T05:21:18.737139,Arthaberplatz,20,348315
2025-08-01T05:21:18.737139,Arthaberplatz,20,348136
2025-08-01T05:21:18.737139,Arthaberplatz,20,348036
2025-08-01T05:21:18.737139,Arthaberplatz,20,348021
2025-08-01T05:21:18.737139,Arthaberplatz,20,348688
2025-08-01T05:21:18.737139,Arthaberplatz,20,348579
2025-08-01T05:21:18.737139,Karmeliterplatz,21,345305
2025-08-01T05:21:18.737139,Karmeliterplatz,21,345012
2025-08-01T05:21:18.737139,Karmeliterplatz,21,345826
2025-08-01T05:21:18.737139,Karmeliterplatz,21,345622
2025-08-01T05:21:18.737139,Karmeliterplatz,21,345588
2025-08-01T05:21:18.737139,Karmeliterplatz,21,345542
2025-08-01T05:21:18.737139,Karmeliterplatz,21,346450
2025-08-01T05:21:18.737139,Karmeliterplatz,21,346237
2025-08-01T05:21:18.737139,Karmeliterplatz,21,346208
2025-08-01T05:21:18.737139,Karmeliterplatz,21,346003
2025-08-01T05:21:18.737139,Karmeliterplatz,21,346966
2025-08-01T05:21:18.737139,Karmeliterplatz,21,346743
2025-08-01T05:21:18.737139,Karmeliterplatz,21,346629
2025-08-01T05:21:18.737139,Karmeliterplatz,21,347066
2025-08-01T05:21:18.737139,Karmeliterplatz,21,347770
2025-08-01T05:21:18.737139,Karmeliterplatz,21,347651
2025-08-01T05:21:18.737139,Karmeliterplatz,21,347609
2025-08-01T05:21:18.737139,Karmeliterplatz,21,348383
2025-08-01T05:21:18.737139,Karmeliterplatz,21,348138
2025-08-01T05:21:18.737139,Karmeliterplatz,21,348681
2025-08-01T05:21:18.737139,Karmeliterplatz,21,348666
2025-08-01T05:21:18.737139,Fröbelgasse,10,345524
2025-08-01T05:21:18.737139,Fröbelgasse,10,346993
2025-08-01T05:21:18.737139,Fröbelgasse,10,346550
2025-08-01T05:21:18.737139,Fröbelgasse,10,347244
2025-08-01T05:21:18.737139,Fröbelgasse,10,347888
2025-08-01T05:21:18.737139,Fröbelgasse,10,347867
2025-08-01T05:21:18.737139,Fröbelgasse,10,347715
2025-08-01T05:21:18.737139,Fröbelgasse,10,348209
2025-08-01T05:21:18.737139,Fröbelgasse,10,348086
2025-08-01T05:21:18.737139,Fröbelgasse,10,348580
2025-08-01T05:21:18.737139,Reumannplatz U,20,345458
2025-08-01T05:21:18.737139,Reumannplatz U,20,346356
2025-08-01T05:21:18.737139,Reumannplatz U,20,346222
2025-08-01T05:21:18.737139,Reumannplatz U,20,346153
2025-08-01T05:21:18.737139,Reumannplatz U,20,346106
2025-08-01T05:21:18.737139,Reumannplatz U,20,346755
2025-08-01T05:21:18.737139,Reumannplatz U,20,346735
2025-08-01T05:21:18.737139,Reumannplatz U,20,346682
2025-08-01T05:21:18.737139,Reumannplatz U,20,346671
2025-08-01T05:21:18.737139,Reumannplatz U,20,347494
2025-08-01T05:21:18.737139,Reumannplatz U,20,347162
2025-08-01T05:21:18.737139,Reumannplatz U,20,347132
2025-08-01T05:21:18.737139,Reumannplatz U,20,347035
2025-08-01T05:21:18.737139,Reumannplatz U,20,347017
2025-08-01T05:21:18.737139,Reumannplatz U,20,347800
2025-08-01T05:21:18.737139,Reumannplatz U,20,347728
2025-08-01T05:21:18.737139,Reumannplatz U,20,347677
2025-08-01T05:21:18.737139,Reumannplatz U,20,347661
2025-08-01T05:21:18.737139,Reumannplatz U,20,348349
2025-08-01T05:21:18.737139,Reumannplatz U,20,348017
2025-08-01T05:21:18.737139,Brestelgasse,12,345273
2025-08-01T05:21:18.737139,Brestelgasse,12,345759
2025-08-01T05:21:18.737139,Brestelgasse,12,346791
2025-08-01T05:21:18.737139,Brestelgasse,12,346589
2025-08-01T05:21:18.737139,Brestelgasse,12,347427
2025-08-01T05:21:18.737139,Brestelgasse,12,347121
2025-08-01T05:21:18.737139,Brestelgasse,12,347105
2025-08-01T05:21:18.737139,Brestelgasse,12,347072
2025-08-01T05:21:18.737139,Brestelgasse,12,347840
2025-08-01T05:21:18.737139,Brestelgasse,12,347692
2025-08-01T05:21:18.737139,Brestelgasse,12,348278
2025-08-01T05:21:18.737139,Brestelgasse,12,398729
2025-08-01T05:21:18.737139,Thaliastraße U,18,345446
2025-08-01T05:21:18.737139,Thaliastraße U,18,345110
2025-08-01T05:21:18.737139,Thaliastraße U,18,345544
2025-08-01T05:21:18.737139,Thaliastraße U,18,346435
2025-08-01T05:21:18.737139,Thaliastraße U,18,346395
2025-08-01T05:21:18.737139,Thaliastraße U,18,346354
2025-08-01T05:21:18.737139,Thaliastraße U,18,346221
2025-08-01T05:21:18.737139,Thaliastraße U,18,346141
2025-08-01T05:21:18.737139,Thaliastraße U,18,346694
2025-08-01T05:21:18.737139,Thaliastraße U,18,346515
2025-08-01T05:21:18.737139,Thaliastraße U,18,347061
2025-08-01T05:21:18.737139,Thaliastraße U,18,347962
2025-08-01T05:21:18.737139,Thaliastraße U,18,347681
2025-08-01T05:21:18.737139,Thaliastraße U,18,347599
2025-08-01T05:21:18.737139,Thaliastraße U,18,347593
2025-08-01T05:21:18.737139,Thaliastraße U,18,348433
2025-08-01T05:21:18.737139,Thaliastraße U,18,348322
2025-08-01T05:21:18.737139,Thaliastraße U,18,348558
2025-08-01T05:21:18.737139,Nussdorfer Straße U,16,345235
2025-08-01T05:21:18.737139,Nussdorfer Straße U,16,345165
2025-08-01T05:21:18.737139,Nussdorfer Straße U,16,345955
2025-08-01T05:21:18.737139,Nussdorfer Straße U,16,345641
2025-08-01T05:21:18.737139,Nussdorfer Straße U,16,346445
2025-08-01T05:21:18.737139,Nussdorfer Straße U,16,346089
2025-08-01T05:21:18.737139,Nussdorfer Straße U,16,346059
2025-08-01T05:21:18.737139,Nussdorfer Straße U,16,346025
2025-08-01T05:21:18.737139,Nussdorfer Straße U,16,346000
2025-08-01T05:21:18.737139,Nussdorfer Straße U,16,346740
2025-08-01T05:21:18.737139,Nussdorfer Straße U,16,347489
2025-08-01T05:21:18.737139,Nussdorfer Straße U,16,347461
2025-08-01T05:21:18.737139,Nussdorfer Straße U,16,347153
2025-08-01T05:21:18.737139,Nussdorfer Straße U,16,347741
2025-08-01T05:21:18.737139,Nussdorfer Straße U,16,347695
2025-08-01T05:21:18.737139,Nussdorfer Straße U,16,347553
2025-08-01T05:21:18.737139,Elterleinplatz,4,345365
2025-08-01T05:21:18.737139,Elterleinplatz,4,346952
2025-08-01T05:21:18.737139,Elterleinplatz,4,347684
2025-08-01T05:21:18.737139,Elterleinplatz,4,348267
2025-08-01T05:21:18.737139,Canisiusgasse,4,345040
2025-08-01T05:21:18.737139,Canisiusgasse,4,345662
2025-08-01T05:21:18.737139,Canisiusgasse,4,348496
2025-08-01T05:21:18.737139,Canisiusgasse,4,348381
2025-08-01T05:21:18.737139,Meidling S U / Schedifkaplatz,8,345355
2025-08-01T05:21:18.737139,Meidling S U / Schedifkaplatz,8,346157
2025-08-01T05:21:18.737139,Meidling S U / Schedifkaplatz,8,346846
2025-08-01T05:21:18.737139,Meidling S U / Schedifkaplatz,8,346844
2025-08-01T05:21:18.737139,Meidling S U / Schedifkaplatz,8,346597
2025-08-01T05:21:18.737139,Meidling S U / Schedifkaplatz,8,346522
2025-08-01T05:21:18.737139,Meidling S U / Schedifkaplatz,8,347369
2025-08-01T05:21:18.737139,Meidling S U / Schedifkaplatz,8,347020
2025-08-01T05:21:18.737139,Palffygasse,10,345428
2025-08-01T05:21:18.737139,Palffygasse,10,345339
2025-08-01T05:21:18.737139,Palffygasse,10,345232
2025-08-01T05:21:18.737139,Palffygasse,10,345134
2025-08-01T05:21:18.737139,Palffygasse,10,345095
2025-08-01T05:21:18.737139,Palffygasse,10,346509
2025-08-01T05:21:18.737139,Palffygasse,10,347480
2025-08-01T05:21:18.737139,Palffygasse,10,347844
2025-08-01T05:21:18.737139,Palffygasse,10,348163
2025-08-01T05:21:18.737139,Palffygasse,10,348085
2025-08-01T05:21:18.737139,Gersthof S,6,345147
2025-08-01T05:21:18.737139,Gersthof S,6,346480
2025-08-01T05:21:18.737139,Gersthof S,6,346519
2025-08-01T05:21:18.737139,Gersthof S,6,347448
2025-08-01T05:21:18.737139,Gersthof S,6,347187
2025-08-01T05:21:18.737139,Gersthof S,6,348469
2025-08-01T05:21:18.737139,Reinprechtsdorfer Brücke,18,345974
2025-08-01T05:21:18.737139,Reinprechtsdorfer Brücke,18,345823
2025-08-01T05:21:18.737139,Reinprechtsdorfer Brücke,18,345771
2025-08-01T05:21:18.737139,Reinprechtsdorfer Brücke,18,345738
2025-08-01T05:21:18.737139,Reinprechtsdorfer Brücke,18,345695
2025-08-01T05:21:18.737139,Reinprechtsdorfer Brücke,18,345682
2025-08-01T05:21:18.737139,Reinprechtsdorfer Brücke,18,345561
2025-08-01T05:21:18.737139,Reinprechtsdorfer Brücke,18,346171
2025-08-01T05:21:18.737139,Reinprechtsdorfer Brücke,18,346067
2025-08-01T05:21:18.737139,Reinprechtsdorfer Brücke,18,346047
2025-08-01T05:21:18.737139,Reinprechtsdorfer Brücke,18,346751
2025-08-01T05:21:18.737139,Reinprechtsdorfer Brücke,18,346737
2025-08-01T05:21:18.737139,Reinprechtsdorfer Brücke,18,347422
2025-08-01T05:21:18.737139,Reinprechtsdorfer Brücke,18,347325
2025-08-01T05:21:18.737139,Reinprechtsdorfer Brücke,18,347812
2025-08-01T05:21:18.737139,Reinprechtsdorfer Brücke,18,347790
2025-08-01T05:21:18.737139,Reinprechtsdorfer Brücke,18,348108
2025-08-01T05:21:18.737139,Reinprechtsdorfer Brücke,18,348932
2025-08-01T05:21:18.737139,Siebensternplatz,2,346498
2025-08-01T05:21:18.737139,Siebensternplatz,2,348160
2025-08-01T05:21:18.737139,Siebenbrunnenplatz,13,345459
2025-08-01T05:21:18.737139,Siebenbrunnenplatz,13,346418
2025-08-01T05:21:18.737139,Siebenbrunnenplatz,13,346220
2025-08-01T05:21:18.737139,Siebenbrunnenplatz,13,346110
2025-08-01T05:21:18.737139,Siebenbrunnenplatz,13,346009
2025-08-01T05:21:18.737139,Siebenbrunnenplatz,13,346905
2025-08-01T05:21:18.737139,Siebenbrunnenplatz,13,346876
2025-08-01T05:21:18.737139,Siebenbrunnenplatz,13,346864
2025-08-01T05:21:18.737139,Siebenbrunnenplatz,13,346767
2025-08-01T05:21:18.737139,Siebenbrunnenplatz,13,346727
2025-08-01T05:21:18.737139,Siebenbrunnenplatz,13,347164
2025-08-01T05:21:18.737139,Siebenbrunnenplatz,13,347850
2025-08-01T05:21:18.737139,Siebenbrunnenplatz,13,348988
2025-08-01T05:21:18.737139,Rosensteingasse / Blumengasse,30,345423
2025-08-01T05:21:18.737139,Rosensteingasse / Blumengasse,30,345390
2025-08-01T05:21:18.737139,Rosensteingasse / Blumengasse,30,345092
2025-08-01T05:21:18.737139,Rosensteingasse / Blumengasse,30,345024
2025-08-01T05:21:18.737139,Rosensteingasse / Blumengasse,30,345919
2025-08-01T05:21:18.737139,Rosensteingasse / Blumengasse,30,345857
2025-08-01T05:21:18.737139,Rosensteingasse / Blumengasse,30,345675
2025-08-01T05:21:18.737139,Rosensteingasse / Blumengasse,30,346169
2025-08-01T05:21:18.737139,Rosensteingasse / Blumengasse,30,346164
2025-08-01T05:21:18.737139,Rosensteingasse / Blumengasse,30,346090
2025-08-01T05:21:18.737139,Rosensteingasse / Blumengasse,30,346008
2025-08-01T05:21:18.737139,Rosensteingasse / Blumengasse,30,346908
2025-08-01T05:21:18.737139,Rosensteingasse / Blumengasse,30,346899
2025-08-01T05:21:18.737139,Rosensteingasse / Blumengasse,30,346832
2025-08-01T05:21:18.737139,Rosensteingasse / Blumengasse,30,346646
2025-08-01T05:21:18.737139,Rosensteingasse / Blumengasse,30,346537
2025-08-01T05:21:18.737139,Rosensteingasse / Blumengasse,30,346530
2025-08-01T05:21:18.737139,Rosensteingasse / Blumengasse,30,347305
2025-08-01T05:21:18.737139,Rosensteingasse / Blumengasse,30,347267
2025-08-01T05:21:18.737139,Rosensteingasse / Blumengasse,30,347111
2025-08-01T05:21:18.737139,Rosensteingasse / Blumengasse,30,347885
2025-08-01T05:21:18.737139,Rosensteingasse / Blumengasse,30,347633
2025-08-01T05:21:18.737139,Rosensteingasse / Blumengasse,30,348331
2025-08-01T05:21:18.737139,Rosensteingasse / Blumengasse,30,348296
2025-08-01T05:21:18.737139,Rosensteingasse / Blumengasse,30,348125
2025-08-01T05:21:18.737139,Rosensteingasse / Blumengasse,30,348100
2025-08-01T05:21:18.737139,Rosensteingasse / Blumengasse,30,348712
2025-08-01T05:21:18.737139,Rosensteingasse / Blumengasse,30,348613
2025-08-01T05:21:18.737139,Rosensteingasse / Blumengasse,30,348583
2025-08-01T05:21:18.737139,Rosensteingasse / Blumengasse,30,398734
2025-08-01T05:21:18.737139,Schottenring U /Herminengasse,18,345347
2025-08-01T05:21:18.737139,Schottenring U /Herminengasse,18,345064
2025-08-01T05:21:18.737139,Schottenring U /Herminengasse,18,345046
2025-08-01T05:21:18.737139,Schottenring U /Herminengasse,18,345789
2025-08-01T05:21:18.737139,Schottenring U /Herminengasse,18,345782
2025-08-01T05:21:18.737139,Schottenring U /Herminengasse,18,345684
2025-08-01T05:21:18.737139,Schottenring U /Herminengasse,18,346347
2025-08-01T05:21:18.737139,Schottenring U /Herminengasse,18,346914
2025-08-01T05:21:18.737139,Schottenring U /Herminengasse,18,346903
2025-08-01T05:21:18.737139,Schottenring U /Herminengasse,18,347462
2025-08-01T05:21:18.737139,Schottenring U /Herminengasse,18,347347
2025-08-01T05:21:18.737139,Schottenring U /Herminengasse,18,347138
2025-08-01T05:21:18.737139,Schottenring U /Herminengasse,18,347908
2025-08-01T05:21:18.737139,Schottenring U /Herminengasse,18,347802
2025-08-01T05:21:18.737139,Schottenring U /Herminengasse,18,348374
2025-08-01T05:21:18.737139,Schottenring U /Herminengasse,18,348226
2025-08-01T05:21:18.737139,Schottenring U /Herminengasse,18,348066
2025-08-01T05:21:18.737139,Schottenring U /Herminengasse,18,348598
2025-08-01T05:21:18.737139,Josefstädter Straße U,18,345485
2025-08-01T05:21:18.737139,Josefstädter Straße U,18,345454
2025-08-01T05:21:18.737139,Josefstädter Straße U,18,345263
2025-08-01T05:21:18.737139,Josefstädter Straße U,18,345199
2025-08-01T05:21:18.737139,Josefstädter Straße U,18,345159
2025-08-01T05:21:18.737139,Josefstädter Straße U,18,345980
2025-08-01T05:21:18.737139,Josefstädter Straße U,18,345666
2025-08-01T05:21:18.737139,Josefstädter Straße U,18,346475
2025-08-01T05:21:18.737139,Josefstädter Straße U,18,346432
2025-08-01T05:21:18.737139,Josefstädter Straße U,18,347797
2025-08-01T05:21:18.737139,Josefstädter Straße U,18,347686
2025-08-01T05:21:18.737139,Josefstädter Straße U,18,347674
2025-08-01T05:21:18.737139,Josefstädter Straße U,18,347576
2025-08-01T05:21:18.737139,Josefstädter Straße U,18,348316
2025-08-01T05:21:18.737139,Josefstädter Straße U,18,348682
2025-08-01T05:21:18.737139,Josefstädter Straße U,18,348544
2025-08-01T05:21:18.737139,Josefstädter Straße U,18,398737
2025-08-01T05:21:18.737139,Josefstädter Straße U,18,398736
2025-08-01T05:21:18.737139,Friedrich-Engels-Platz,12,345479
2025-08-01T05:21:18.737139,Friedrich-Engels-Platz,12,345352
2025-08-01T05:21:18.737139,Friedrich-Engels-Platz,12,345257
2025-08-01T05:21:18.737139,Friedrich-Engels-Platz,12,346778
2025-08-01T05:21:18.737139,Friedrich-Engels-Platz,12,347329
2025-08-01T05:21:18.737139,Friedrich-Engels-Platz,12,347939
2025-08-01T05:21:18.737139,Friedrich-Engels-Platz,12,347515
2025-08-01T05:21:18.737139,Friedrich-Engels-Platz,12,348348
2025-08-01T05:21:18.737139,Friedrich-Engels-Platz,12,348051
2025-08-01T05:21:18.737139,Friedrich-Engels-Platz,12,348038
2025-08-01T05:21:18.737139,Friedrich-Engels-Platz,12,348006
2025-08-01T05:21:18.737139,Friedrich-Engels-Platz,12,348624
2025-08-01T05:21:18.737139,Dresdner Straße U,11,345041
2025-08-01T05:21:18.737139,Dresdner Straße U,11,345623
2025-08-01T05:21:18.737139,Dresdner Straße U,11,346788
2025-08-01T05:21:18.737139,Dresdner Straße U,11,347483
2025-08-01T05:21:18.737139,Dresdner Straße U,11,347981
2025-08-01T05:21:18.737139,Dresdner Straße U,11,347929
2025-08-01T05:21:18.737139,Dresdner Straße U,11,347824
2025-08-01T05:21:18.737139,Dresdner Straße U,11,347720
2025-08-01T05:21:18.737139,Dresdner Straße U,11,347619
2025-08-01T05:21:18.737139,Dresdner Straße U,11,348390
2025-08-01T05:21:18.737139,Dresdner Straße U,11,348647
2025-08-01T05:21:18.737139,Jägerstraße U,12,345370
2025-08-01T05:21:18.737139,Jägerstraße U,12,345043
2025-08-01T05:21:18.737139,Jägerstraße U,12,345909
2025-08-01T05:21:18.737139,Jägerstraße U,12,345718
2025-08-01T05:21:18.737139,Jägerstraße U,12,346465
2025-08-01T05:21:18.737139,Jägerstraße U,12,346438
2025-08-01T05:21:18.737139,Jägerstraße U,12,346300
2025-08-01T05:21:18.737139,Jägerstraße U,12,346013
2025-08-01T05:21:18.737139,Jägerstraße U,12,347436
2025-08-01T05:21:18.737139,Jägerstraße U,12,347199
2025-08-01T05:21:18.737139,Jägerstraße U,12,347954
2025-08-01T05:21:18.737139,Jägerstraße U,12,398719
2025-08-01T05:21:18.737139,Traisengasse S,16,345100
2025-08-01T05:21:18.737139,Traisengasse S,16,345731
2025-08-01T05:21:18.737139,Traisengasse S,16,346393
2025-08-01T05:21:18.737139,Traisengasse S,16,346361
2025-08-01T05:21:18.737139,Traisengasse S,16,346176
2025-08-01T05:21:18.737139,Traisengasse S,16,346617
2025-08-01T05:21:18.737139,Traisengasse S,16,346568
2025-08-01T05:21:18.737139,Traisengasse S,16,347363
2025-08-01T05:21:18.737139,Traisengasse S,16,347971
2025-08-01T05:21:18.737139,Traisengasse S,16,347970
2025-08-01T05:21:18.737139,Traisengasse S,16,347761
2025-08-01T05:21:18.737139,Traisengasse S,16,347529
2025-08-01T05:21:18.737139,Traisengasse S,16,348302
2025-08-01T05:21:18.737139,Traisengasse S,16,348255
2025-08-01T05:21:18.737139,Traisengasse S,16,348253
2025-08-01T05:21:18.737139,Traisengasse S,16,348693
2025-08-01T05:21:18.737139,Kettenbrückengasse U / Naschmarkt,11,345353
2025-08-01T05:21:18.737139,Kettenbrückengasse U / Naschmarkt,11,345261
2025-08-01T05:21:18.737139,Kettenbrückengasse U / Naschmarkt,11,345240
2025-08-01T05:21:18.737139,Kettenbrückengasse U / Naschmarkt,11,345070
2025-08-01T05:21:18.737139,Kettenbrückengasse U / Naschmarkt,11,345784
2025-08-01T05:21:18.737139,Kettenbrückengasse U / Naschmarkt,11,345681
2025-08-01T05:21:18.737139,Kettenbrückengasse U / Naschmarkt,11,345518
2025-08-01T05:21:18.737139,Kettenbrückengasse U / Naschmarkt,11,346902
2025-08-01T05:21:18.737139,Kettenbrückengasse U / Naschmarkt,11,346624
2025-08-01T05:21:18.737139,Kettenbrückengasse U / Naschmarkt,11,347223
2025-08-01T05:21:18.737139,Kettenbrückengasse U / Naschmarkt,11,347789
2025-08-01T05:21:18.737139,Aumannplatz,8,345055
2025-08-01T05:21:18.737139,Aumannplatz,8,345007
2025-08-01T05:21:18.737139,Aumannplatz,8,346310
2025-08-01T05:21:18.737139,Aumannplatz,8,346944
2025-08-01T05:21:18.737139,Aumannplatz,8,346620
2025-08-01T05:21:18.737139,Aumannplatz,8,348306
2025-08-01T05:21:18.737139,Aumannplatz,8,348239
2025-08-01T05:21:18.737139,Aumannplatz,8,348548
2025-08-01T05:21:18.737139,Längenfeldgasse U,29,345174
2025-08-01T05:21:18.737139,Längenfeldgasse U,29,345985
2025-08-01T05:21:18.737139,Längenfeldgasse U,29,345963
2025-08-01T05:21:18.737139,Längenfeldgasse U,29,345719
2025-08-01T05:21:18.737139,Längenfeldgasse U,29,345699
2025-08-01T05:21:18.737139,Längenfeldgasse U,29,345545
2025-08-01T05:21:18.737139,Längenfeldgasse U,29,346424
2025-08-01T05:21:18.737139,Längenfeldgasse U,29,346349
2025-08-01T05:21:18.737139,Längenfeldgasse U,29,346257
2025-08-01T05:21:18.737139,Längenfeldgasse U,29,346201
2025-08-01T05:21:18.737139,Längenfeldgasse U,29,346167
2025-08-01T05:21:18.737139,Längenfeldgasse U,29,346520
2025-08-01T05:21:18.737139,Längenfeldgasse U,29,347495
2025-08-01T05:21:18.737139,Längenfeldgasse U,29,347450
2025-08-01T05:21:18.737139,Längenfeldgasse U,29,347239
2025-08-01T05:21:18.737139,Längenfeldgasse U,29,347172
2025-08-01T05:21:18.737139,Längenfeldgasse U,29,347136
2025-08-01T05:21:18.737139,Längenfeldgasse U,29,347990
2025-08-01T05:21:18.737139,Längenfeldgasse U,29,347984
2025-08-01T05:21:18.737139,Längenfeldgasse U,29,347965
2025-08-01T05:21:18.737139,Längenfeldgasse U,29,347841
2025-08-01T05:21:18.737139,Längenfeldgasse U,29,347768
2025-08-01T05:21:18.737139,Längenfeldgasse U,29,347696
2025-08-01T05:21:18.737139,Längenfeldgasse U,29,348482
2025-08-01T05:21:18.737139,Längenfeldgasse U,29,348351
2025-08-01T05:21:18.737139,Längenfeldgasse U,29,348299
2025-08-01T05:21:18.737139,Längenfeldgasse U,29,348643
2025-08-01T05:21:18.737139,Längenfeldgasse U,29,348600
2025-08-01T05:21:18.737139,Längenfeldgasse U,29,348527
2025-08-01T05:21:18.737139,Althanstraße,9,345218
2025-08-01T05:21:18.737139,Althanstraße,9,345948
2025-08-01T05:21:18.737139,Althanstraße,9,345796
2025-08-01T05:21:18.737139,Althanstraße,9,345778
2025-08-01T05:21:18.737139,Althanstraße,9,345679
2025-08-01T05:21:18.737139,Althanstraße,9,346087
2025-08-01T05:21:18.737139,Althanstraße,9,346002
2025-08-01T05:21:18.737139,Althanstraße,9,347860
2025-08-01T05:21:18.737139,Althanstraße,9,348582
2025-08-01T05:21:18.737139,Schottentor U,5,345627
2025-08-01T05:21:18.737139,Schottentor U,5,345511
2025-08-01T05:21:18.737139,Schottentor U,5,346210
2025-08-01T05:21:18.737139,Schottentor U,5,346072
2025-08-01T05:21:18.737139,Schottentor U,5,346024
2025-08-01T05:21:18.737139,Neubaugasse U,1,346038
2025-08-01T05:21:18.737139,Museumsquartier U,8,345247
2025-08-01T05:21:18.737139,Museumsquartier U,8,345848
2025-08-01T05:21:18.737139,Museumsquartier U,8,345711
2025-08-01T05:21:18.737139,Museumsquartier U,8,346938
2025-08-01T05:21:18.737139,Museumsquartier U,8,346561
2025-08-01T05:21:18.737139,Museumsquartier U,8,347490
2025-08-01T05:21:18.737139,Museumsquartier U,8,347880
2025-08-01T05:21:18.737139,Museumsquartier U,8,348174
2025-08-01T05:21:18.737139,Johnstrasse U,19,345425
2025-08-01T05:21:18.737139,Johnstrasse U,19,345212
2025-08-01T05:21:18.737139,Johnstrasse U,19,345556
2025-08-01T05:21:18.737139,Johnstrasse U,19,345525
2025-08-01T05:21:18.737139,Johnstrasse U,19,346119
2025-08-01T05:21:18.737139,Johnstrasse U,19,346060
2025-08-01T05:21:18.737139,Johnstrasse U,19,346055
2025-08-01T05:21:18.737139,Johnstrasse U,19,346011
2025-08-01T05:21:18.737139,Johnstrasse U,19,346651
2025-08-01T05:21:18.737139,Johnstrasse U,19,346549
2025-08-01T05:21:18.737139,Johnstrasse U,19,347449
2025-08-01T05:21:18.737139,Johnstrasse U,19,347420
2025-08-01T05:21:18.737139,Johnstrasse U,19,347358
2025-08-01T05:21:18.737139,Johnstrasse U,19,347716
2025-08-01T05:21:18.737139,Johnstrasse U,19,348461
2025-08-01T05:21:18.737139,Johnstrasse U,19,348419
2025-08-01T05:21:18.737139,Johnstrasse U,19,348234
2025-08-01T05:21:18.737139,Johnstrasse U,19,348662
2025-08-01T05:21:18.737139,Johnstrasse U,19,348535
2025-08-01T05:21:18.737139,Kutschkergasse,4,346963
2025-08-01T05:21:18.737139,Kutschkergasse,4,346716
2025-08-01T05:21:18.737139,Kutschkergasse,4,347918
2025-08-01T05:21:18.737139,Kutschkergasse,4,348664
2025-08-01T05:21:18.737139,Stadion U,43,345389
2025-08-01T05:21:18.737139,Stadion U,43,345139
2025-08-01T05:21:18.737139,Stadion U,43,345057
2025-08-01T05:21:18.737139,Stadion U,43,345005
2025-08-01T05:21:18.737139,Stadion U,43,345949
2025-08-01T05:21:18.737139,Stadion U,43,345947
2025-08-01T05:21:18.737139,Stadion U,43,345923
2025-08-01T05:21:18.737139,Stadion U,43,345850
2025-08-01T05:21:18.737139,Stadion U,43,345733
2025-08-01T05:21:18.737139,Stadion U,43,345600
2025-08-01T05:21:18.737139,Stadion U,43,345581
2025-08-01T05:21:18.737139,Stadion U,43,346357
2025-08-01T05:21:18.737139,Stadion U,43,346296
2025-08-01T05:21:18.737139,Stadion U,43,346288
2025-08-01T05:21:18.737139,Stadion U,43,346252
2025-08-01T05:21:18.737139,Stadion U,43,346224
2025-08-01T05:21:18.737139,Stadion U,43,346223
2025-08-01T05:21:18.737139,Stadion U,43,346200
2025-08-01T05:21:18.737139,Stadion U,43,346084
2025-08-01T05:21:18.737139,Stadion U,43,346994
2025-08-01T05:21:18.737139,Stadion U,43,346819
2025-08-01T05:21:18.737139,Stadion U,43,346818
2025-08-01T05:21:18.737139,Stadion U,43,346724
2025-08-01T05:21:18.737139,Stadion U,43,346692
2025-08-01T05:21:18.737139,Stadion U,43,346677
2025-08-01T05:21:18.737139,Stadion U,43,346585
2025-08-01T05:21:18.737139,Stadion U,43,347429
2025-08-01T05:21:18.737139,Stadion U,43,347344
2025-08-01T05:21:18.737139,Stadion U,43,347219
2025-08-01T05:21:18.737139,Stadion U,43,347062
2025-08-01T05:21:18.737139,Stadion U,43,347045
2025-08-01T05:21:18.737139,Stadion U,43,347022
2025-08-01T05:21:18.737139,Stadion U,43,347993
2025-08-01T05:21:18.737139,Stadion U,43,347791
2025-08-01T05:21:18.737139,Stadion U,43,347685
2025-08-01T05:21:18.737139,Stadion U,43,347637
2025-08-01T05:21:18.737139,Stadion U,43,348417
2025-08-01T05:21:18.737139,Stadion U,43,348358
2025-08-01T05:21:18.737139,Stadion U,43,348266
2025-08-01T05:21:18.737139,Stadion U,43,348241
2025-08-01T05:21:18.737139,Stadion U,43,348172
2025-08-01T05:21:18.737139,Stadion U,43,348014
2025-08-01T05:21:18.737139,Stadion U,43,348591
2025-08-01T05:21:18.737139,Brückengasse,14,345460
2025-08-01T05:21:18.737139,Brückengasse,14,345429
2025-08-01T05:21:18.737139,Brückengasse,14,345404
2025-08-01T05:21:18.737139,Brückengasse,14,345792
2025-08-01T05:21:18.737139,Brückengasse,14,346355
2025-08-01T05:21:18.737139,Brückengasse,14,346665
2025-08-01T05:21:18.737139,Brückengasse,14,346580
2025-08-01T05:21:18.737139,Brückengasse,14,347405
2025-08-01T05:21:18.737139,Brückengasse,14,347100
2025-08-01T05:21:18.737139,Brückengasse,14,347504
2025-08-01T05:21:18.737139,Brückengasse,14,348470
2025-08-01T05:21:18.737139,Brückengasse,14,348401
2025-08-01T05:21:18.737139,Brückengasse,14,348238
2025-08-01T05:21:18.737139,Brückengasse,14,348119
2025-08-01T05:21:18.737139,Schuhmeierplatz,10,345487
2025-08-01T05:21:18.737139,Schuhmeierplatz,10,345910
2025-08-01T05:21:18.737139,Schuhmeierplatz,10,345776
2025-08-01T05:21:18.737139,Schuhmeierplatz,10,346935
2025-08-01T05:21:18.737139,Schuhmeierplatz,10,346801
2025-08-01T05:21:18.737139,Schuhmeierplatz,10,346672
2025-08-01T05:21:18.737139,Schuhmeierplatz,10,346612
2025-08-01T05:21:18.737139,Schuhmeierplatz,10,347999
2025-08-01T05:21:18.737139,Schuhmeierplatz,10,347769
2025-08-01T05:21:18.737139,Schuhmeierplatz,10,348221
2025-08-01T05:21:18.737139,Schönbrunn U,19,345933
2025-08-01T05:21:18.737139,Schönbrunn U,19,345900
2025-08-01T05:21:18.737139,Schönbrunn U,19,346378
2025-08-01T05:21:18.737139,Schönbrunn U,19,346895
2025-08-01T05:21:18.737139,Schönbrunn U,19,346861
2025-08-01T05:21:18.737139,Schönbrunn U,19,346666
2025-08-01T05:21:18.737139,Schönbrunn U,19,346654
2025-08-01T05:21:18.737139,Schönbrunn U,19,346571
2025-08-01T05:21:18.737139,Schönbrunn U,19,347451
2025-08-01T05:21:18.737139,Schönbrunn U,19,347403
2025-08-01T05:21:18.737139,Schönbrunn U,19,347357
2025-08-01T05:21:18.737139,Schönbrunn U,19,347327
2025-08-01T05:21:18.737139,Schönbrunn U,19,347312
2025-08-01T05:21:18.737139,Schönbrunn U,19,347788
2025-08-01T05:21:18.737139,Schönbrunn U,19,347775
2025-08-01T05:21:18.737139,Schönbrunn U,19,347689
2025-08-01T05:21:18.737139,Schönbrunn U,19,348471
2025-08-01T05:21:18.737139,Schönbrunn U,19,348314
2025-08-01T05:21:18.737139,Schönbrunn U,19,398717
2025-08-01T05:21:18.737139,Hermesstraße / Oscar-Straus-Park ,4,345318
2025-08-01T05:21:18.737139,Hermesstraße / Oscar-Straus-Park ,4,345264
2025-08-01T05:21:18.737139,Hermesstraße / Oscar-Straus-Park ,4,347784
2025-08-01T05:21:18.737139,Hermesstraße / Oscar-Straus-Park ,4,347707
2025-08-01T05:21:18.737139,Modecenterstraße / The Marks,18,345323
2025-08-01T05:21:18.737139,Modecenterstraße / The Marks,18,345146
2025-08-01T05:21:18.737139,Modecenterstraße / The Marks,18,345806
2025-08-01T05:21:18.737139,Modecenterstraße / The Marks,18,345609
2025-08-01T05:21:18.737139,Modecenterstraße / The Marks,18,346292
2025-08-01T05:21:18.737139,Modecenterstraße / The Marks,18,346267
2025-08-01T05:21:18.737139,Modecenterstraße / The Marks,18,346228
2025-08-01T05:21:18.737139,Modecenterstraße / The Marks,18,346192
2025-08-01T05:21:18.737139,Modecenterstraße / The Marks,18,346843
2025-08-01T05:21:18.737139,Modecenterstraße / The Marks,18,346613
2025-08-01T05:21:18.737139,Modecenterstraße / The Marks,18,347478
2025-08-01T05:21:18.737139,Modecenterstraße / The Marks,18,347076
2025-08-01T05:21:18.737139,Modecenterstraße / The Marks,18,347043
2025-08-01T05:21:18.737139,Modecenterstraße / The Marks,18,347975
2025-08-01T05:21:18.737139,Modecenterstraße / The Marks,18,348488
2025-08-01T05:21:18.737139,Modecenterstraße / The Marks,18,348335
2025-08-01T05:21:18.737139,Modecenterstraße / The Marks,18,348254
2025-08-01T05:21:18.737139,Modecenterstraße / The Marks,18,348994
2025-08-01T05:21:18.737139,Am Langen Felde,14,345380
2025-08-01T05:21:18.737139,Am Langen Felde,14,345209
2025-08-01T05:21:18.737139,Am Langen Felde,14,345987
2025-08-01T05:21:18.737139,Am Langen Felde,14,345913
2025-08-01T05:21:18.737139,Am Langen Felde,14,346128
2025-08-01T05:21:18.737139,Am Langen Felde,14,346705
2025-08-01T05:21:18.737139,Am Langen Felde,14,347255
2025-08-01T05:21:18.737139,Am Langen Felde,14,347982
2025-08-01T05:21:18.737139,Am Langen Felde,14,347851
2025-08-01T05:21:18.737139,Am Langen Felde,14,347600
2025-08-01T05:21:18.737139,Am Langen Felde,14,347525
2025-08-01T05:21:18.737139,Am Langen Felde,14,348452
2025-08-01T05:21:18.737139,Am Langen Felde,14,348292
2025-08-01T05:21:18.737139,Am Langen Felde,14,348201
2025-08-01T05:21:18.737139,eLastenräder- Modecenterstraße / The Marks,1,348503
2025-08-01T05:21:18.737139,Pilgramgasse U,16,345426
2025-08-01T05:21:18.737139,Pilgramgasse U,16,345116
2025-08-01T05:21:18.737139,Pilgramgasse U,16,345063
2025-08-01T05:21:18.737139,Pilgramgasse U,16,345745
2025-08-01T05:21:18.737139,Pilgramgasse U,16,345688
2025-08-01T05:21:18.737139,Pilgramgasse U,16,345667
2025-08-01T05:21:18.737139,Pilgramgasse U,16,345657
2025-08-01T05:21:18.737139,Pilgramgasse U,16,347040
2025-08-01T05:21:18.737139,Pilgramgasse U,16,347846
2025-08-01T05:21:18.737139,Pilgramgasse U,16,347763
2025-08-01T05:21:18.737139,Pilgramgasse U,16,347665
2025-08-01T05:21:18.737139,Pilgramgasse U,16,347586
2025-08-01T05:21:18.737139,Pilgramgasse U,16,347581
2025-08-01T05:21:18.737139,Pilgramgasse U,16,348184
2025-08-01T05:21:18.737139,Pilgramgasse U,16,348570
2025-08-01T05:21:18.737139,Pilgramgasse U,16,398732
2025-08-01T05:21:18.737139,eLastenräder - Am langen Felde,1,348192
2025-08-01T05:21:18.737139,eLastenräder - Bruno-Marek-Allee,8,345029
2025-08-01T05:21:18.737139,eLastenräder - Bruno-Marek-Allee,8,345941
2025-08-01T05:21:18.737139,eLastenräder - Bruno-Marek-Allee,8,345579
2025-08-01T05:21:18.737139,eLastenräder - Bruno-Marek-Allee,8,346160
2025-08-01T05:21:18.737139,eLastenräder - Bruno-Marek-Allee,8,348432
2025-08-01T05:21:18.737139,eLastenräder - Bruno-Marek-Allee,8,348308
2025-08-01T05:21:18.737139,eLastenräder - Bruno-Marek-Allee,8,348090
2025-08-01T05:21:18.737139,eLastenräder - Bruno-Marek-Allee,8,348032
2025-08-01T05:21:18.737139,Purkytgasse ,2,346758
2025-08-01T05:21:18.737139,Purkytgasse ,2,348147
2025-08-01T05:21:18.737139,Neue Donau U,2,345260
2025-08-01T05:21:18.737139,Neue Donau U,2,348476
2025-08-01T05:21:18.737139,Franz-Josef Bahnhof S,18,345219
2025-08-01T05:21:18.737139,Franz-Josef Bahnhof S,18,345006
2025-08-01T05:21:18.737139,Franz-Josef Bahnhof S,18,345606
2025-08-01T05:21:18.737139,Franz-Josef Bahnhof S,18,345569
2025-08-01T05:21:18.737139,Franz-Josef Bahnhof S,18,345548
2025-08-01T05:21:18.737139,Franz-Josef Bahnhof S,18,346463
2025-08-01T05:21:18.737139,Franz-Josef Bahnhof S,18,346028
2025-08-01T05:21:18.737139,Franz-Josef Bahnhof S,18,346988
2025-08-01T05:21:18.737139,Franz-Josef Bahnhof S,18,346933
2025-08-01T05:21:18.737139,Franz-Josef Bahnhof S,18,346656
2025-08-01T05:21:18.737139,Franz-Josef Bahnhof S,18,347497
2025-08-01T05:21:18.737139,Franz-Josef Bahnhof S,18,347349
2025-08-01T05:21:18.737139,Franz-Josef Bahnhof S,18,347837
2025-08-01T05:21:18.737139,Franz-Josef Bahnhof S,18,348405
2025-08-01T05:21:18.737139,Franz-Josef Bahnhof S,18,348321
2025-08-01T05:21:18.737139,Franz-Josef Bahnhof S,18,348126
2025-08-01T05:21:18.737139,Franz-Josef Bahnhof S,18,348117
2025-08-01T05:21:18.737139,Franz-Josef Bahnhof S,18,348063
2025-08-01T05:21:18.737139,Niederpointenstraße,2,346901
2025-08-01T05:21:18.737139,Niederpointenstraße,2,347731
2025-08-01T05:21:18.737139,Leopoldauer Platz,19,345484
2025-08-01T05:21:18.737139,Leopoldauer Platz,19,345343
2025-08-01T05:21:18.737139,Leopoldauer Platz,19,345284
2025-08-01T05:21:18.737139,Leopoldauer Platz,19,345178
2025-08-01T05:21:18.737139,Leopoldauer Platz,19,346360
2025-08-01T05:21:18.737139,Leopoldauer Platz,19,346233
2025-08-01T05:21:18.737139,Leopoldauer Platz,19,346117
2025-08-01T05:21:18.737139,Leopoldauer Platz,19,346015
2025-08-01T05:21:18.737139,Leopoldauer Platz,19,346906
2025-08-01T05:21:18.737139,Leopoldauer Platz,19,346867
2025-08-01T05:21:18.737139,Leopoldauer Platz,19,346725
2025-08-01T05:21:18.737139,Leopoldauer Platz,19,347355
2025-08-01T05:21:18.737139,Leopoldauer Platz,19,347104
2025-08-01T05:21:18.737139,Leopoldauer Platz,19,347953
2025-08-01T05:21:18.737139,Leopoldauer Platz,19,347855
2025-08-01T05:21:18.737139,Leopoldauer Platz,19,347700
2025-08-01T05:21:18.737139,Leopoldauer Platz,19,348305
2025-08-01T05:21:18.737139,Leopoldauer Platz,19,348263
2025-08-01T05:21:18.737139,Leopoldauer Platz,19,348584
2025-08-01T05:21:18.737139,ArbeiterInnenstrand,1,348020
2025-08-01T05:21:18.737139,Gewerbepark Stadlau,11,345331
2025-08-01T05:21:18.737139,Gewerbepark Stadlau,11,345254
2025-08-01T05:21:18.737139,Gewerbepark Stadlau,11,345105
2025-08-01T05:21:18.737139,Gewerbepark Stadlau,11,345004
2025-08-01T05:21:18.737139,Gewerbepark Stadlau,11,346312
2025-08-01T05:21:18.737139,Gewerbepark Stadlau,11,346017
2025-08-01T05:21:18.737139,Gewerbepark Stadlau,11,346921
2025-08-01T05:21:18.737139,Gewerbepark Stadlau,11,347394
2025-08-01T05:21:18.737139,Gewerbepark Stadlau,11,347189
2025-08-01T05:21:18.737139,Gewerbepark Stadlau,11,347866
2025-08-01T05:21:18.737139,Gewerbepark Stadlau,11,348115
2025-08-01T05:21:18.737139,Atzgersdorf Bildungscampus,2,345315
2025-08-01T05:21:18.737139,Atzgersdorf Bildungscampus,2,346964
2025-08-01T05:21:18.737139,Adelheid-Popp-Gasse,7,346917
2025-08-01T05:21:18.737139,Adelheid-Popp-Gasse,7,347940
2025-08-01T05:21:18.737139,Adelheid-Popp-Gasse,7,347906
2025-08-01T05:21:18.737139,Adelheid-Popp-Gasse,7,348311
2025-08-01T05:21:18.737139,Adelheid-Popp-Gasse,7,348079
2025-08-01T05:21:18.737139,Adelheid-Popp-Gasse,7,348655
2025-08-01T05:21:18.737139,Adelheid-Popp-Gasse,7,348608
2025-08-01T05:21:18.737139,Alte Donau U,19,345445
2025-08-01T05:21:18.737139,Alte Donau U,19,345205
2025-08-01T05:21:18.737139,Alte Donau U,19,345044
2025-08-01T05:21:18.737139,Alte Donau U,19,345856
2025-08-01T05:21:18.737139,Alte Donau U,19,346385
2025-08-01T05:21:18.737139,Alte Donau U,19,346368
2025-08-01T05:21:18.737139,Alte Donau U,19,346324
2025-08-01T05:21:18.737139,Alte Donau U,19,346158
2025-08-01T05:21:18.737139,Alte Donau U,19,346088
2025-08-01T05:21:18.737139,Alte Donau U,19,346812
2025-08-01T05:21:18.737139,Alte Donau U,19,346809
2025-08-01T05:21:18.737139,Alte Donau U,19,346653
2025-08-01T05:21:18.737139,Alte Donau U,19,347833
2025-08-01T05:21:18.737139,Alte Donau U,19,347816
2025-08-01T05:21:18.737139,Alte Donau U,19,347701
2025-08-01T05:21:18.737139,Alte Donau U,19,348418
2025-08-01T05:21:18.737139,Alte Donau U,19,348178
2025-08-01T05:21:18.737139,Alte Donau U,19,348619
2025-08-01T05:21:18.737139,Alte Donau U,19,348616
2025-08-01T05:21:18.737139,VHS Kulturgarage,22,345498
2025-08-01T05:21:18.737139,VHS Kulturgarage,22,345288
2025-08-01T05:21:18.737139,VHS Kulturgarage,22,345270
2025-08-01T05:21:18.737139,VHS Kulturgarage,22,345836
2025-08-01T05:21:18.737139,VHS Kulturgarage,22,345514
2025-08-01T05:21:18.737139,VHS Kulturgarage,22,346391
2025-08-01T05:21:18.737139,VHS Kulturgarage,22,346199
2025-08-01T05:21:18.737139,VHS Kulturgarage,22,346900
2025-08-01T05:21:18.737139,VHS Kulturgarage,22,346668
2025-08-01T05:21:18.737139,VHS Kulturgarage,22,346622
2025-08-01T05:21:18.737139,VHS Kulturgarage,22,346602
2025-08-01T05:21:18.737139,VHS Kulturgarage,22,346535
2025-08-01T05:21:18.737139,VHS Kulturgarage,22,347443
2025-08-01T05:21:18.737139,VHS Kulturgarage,22,347245
2025-08-01T05:21:18.737139,VHS Kulturgarage,22,348499
2025-08-01T05:21:18.737139,VHS Kulturgarage,22,348484
2025-08-01T05:21:18.737139,VHS Kulturgarage,22,348352
2025-08-01T05:21:18.737139,VHS Kulturgarage,22,348291
2025-08-01T05:21:18.737139,VHS Kulturgarage,22,348150
2025-08-01T05:21:18.737139,VHS Kulturgarage,22,348092
2025-08-01T05:21:18.737139,VHS Kulturgarage,22,348702
2025-08-01T05:21:18.737139,VHS Kulturgarage,22,348531
2025-08-01T05:21:18.737139,Siebenbrunnenfeldgasse,6,346476
2025-08-01T05:21:18.737139,Siebenbrunnenfeldgasse,6,346307
2025-08-01T05:21:18.737139,Siebenbrunnenfeldgasse,6,347937
2025-08-01T05:21:18.737139,Siebenbrunnenfeldgasse,6,347743
2025-08-01T05:21:18.737139,Siebenbrunnenfeldgasse,6,348243
2025-08-01T05:21:18.737139,Siebenbrunnenfeldgasse,6,348623
2025-08-01T05:21:18.737139,Technisches Museum,35,345475
2025-08-01T05:21:18.737139,Technisches Museum,35,345253
2025-08-01T05:21:18.737139,Technisches Museum,35,345053
2025-08-01T05:21:18.737139,Technisches Museum,35,345875
2025-08-01T05:21:18.737139,Technisches Museum,35,345829
2025-08-01T05:21:18.737139,Technisches Museum,35,345821
2025-08-01T05:21:18.737139,Technisches Museum,35,345753
2025-08-01T05:21:18.737139,Technisches Museum,35,345725
2025-08-01T05:21:18.737139,Technisches Museum,35,345572
2025-08-01T05:21:18.737139,Technisches Museum,35,345560
2025-08-01T05:21:18.737139,Technisches Museum,35,346409
2025-08-01T05:21:18.737139,Technisches Museum,35,346284
2025-08-01T05:21:18.737139,Technisches Museum,35,346919
2025-08-01T05:21:18.737139,Technisches Museum,35,346849
2025-08-01T05:21:18.737139,Technisches Museum,35,346709
2025-08-01T05:21:18.737139,Technisches Museum,35,346652
2025-08-01T05:21:18.737139,Technisches Museum,35,346603
2025-08-01T05:21:18.737139,Technisches Museum,35,346527
2025-08-01T05:21:18.737139,Technisches Museum,35,347235
2025-08-01T05:21:18.737139,Technisches Museum,35,347220
2025-08-01T05:21:18.737139,Technisches Museum,35,347178
2025-08-01T05:21:18.737139,Technisches Museum,35,347113
2025-08-01T05:21:18.737139,Technisches Museum,35,347097
2025-08-01T05:21:18.737139,Technisches Museum,35,347650
2025-08-01T05:21:18.737139,Technisches Museum,35,347574
2025-08-01T05:21:18.737139,Technisches Museum,35,347564
2025-08-01T05:21:18.737139,Technisches Museum,35,347530
2025-08-01T05:21:18.737139,Technisches Museum,35,348473
2025-08-01T05:21:18.737139,Technisches Museum,35,348441
2025-08-01T05:21:18.737139,Technisches Museum,35,348340
2025-08-01T05:21:18.737139,Technisches Museum,35,348290
2025-08-01T05:21:18.737139,Technisches Museum,35,348198
2025-08-01T05:21:18.737139,Technisches Museum,35,348142
2025-08-01T05:21:18.737139,Technisches Museum,35,348689
2025-08-01T05:21:18.737139,Technisches Museum,35,348537
2025-08-01T05:21:18.737139,Kultursommer25 - Währinger Park,11,345123
2025-08-01T05:21:18.737139,Kultursommer25 - Währinger Park,11,345113
2025-08-01T05:21:18.737139,Kultursommer25 - Währinger Park,11,345068
2025-08-01T05:21:18.737139,Kultursommer25 - Währinger Park,11,346406
2025-08-01T05:21:18.737139,Kultursommer25 - Währinger Park,11,346313
2025-08-01T05:21:18.737139,Kultursommer25 - Währinger Park,11,346285
2025-08-01T05:21:18.737139,Kultursommer25 - Währinger Park,11,346215
2025-08-01T05:21:18.737139,Kultursommer25 - Währinger Park,11,346596
2025-08-01T05:21:18.737139,Kultursommer25 - Währinger Park,11,347733
2025-08-01T05:21:18.737139,Kultursommer25 - Währinger Park,11,348204
2025-08-01T05:21:18.737139,Kultursommer25 - Währinger Park,11,348041
2025-08-01T05:21:18.737139,Wendstattgasse,15,345183
2025-08-01T05:21:18.737139,Wendstattgasse,15,345119
2025-08-01T05:21:18.737139,Wendstattgasse,15,345016
2025-08-01T05:21:18.737139,Wendstattgasse,15,345920
2025-08-01T05:21:18.737139,Wendstattgasse,15,345598
2025-08-01T05:21:18.737139,Wendstattgasse,15,346023
2025-08-01T05:21:18.737139,Wendstattgasse,15,346820
2025-08-01T05:21:18.737139,Wendstattgasse,15,346777
2025-08-01T05:21:18.737139,Wendstattgasse,15,346726
2025-08-01T05:21:18.737139,Wendstattgasse,15,346685
2025-08-01T05:21:18.737139,Wendstattgasse,15,347596
2025-08-01T05:21:18.737139,Wendstattgasse,15,348497
2025-08-01T05:21:18.737139,Wendstattgasse,15,348212
2025-08-01T05:21:18.737139,Wendstattgasse,15,348033
2025-08-01T05:21:18.737139,Wendstattgasse,15,348030
2025-08-01T05:21:18.737139,Neilreichgasse,2,345145
2025-08-01T05:21:18.737139,Neilreichgasse,2,348216
2025-08-01T05:21:18.737139,Gutheil-Schoder-Gasse / Badner Bahn,5,347301
2025-08-01T05:21:18.737139,Gutheil-Schoder-Gasse / Badner Bahn,5,347972
2025-08-01T05:21:18.737139,Gutheil-Schoder-Gasse / Badner Bahn,5,347604
2025-08-01T05:21:18.737139,Gutheil-Schoder-Gasse / Badner Bahn,5,348363
2025-08-01T05:21:18.737139,Gutheil-Schoder-Gasse / Badner Bahn,5,349039
2025-08-01T05:21:18.737139,Neu Leopoldau,12,345025
2025-08-01T05:21:18.737139,Neu Leopoldau,12,345929
2025-08-01T05:21:18.737139,Neu Leopoldau,12,345760
2025-08-01T05:21:18.737139,Neu Leopoldau,12,345651
2025-08-01T05:21:18.737139,Neu Leopoldau,12,346234
2025-08-01T05:21:18.737139,Neu Leopoldau,12,346578
2025-08-01T05:21:18.737139,Neu Leopoldau,12,347118
2025-08-01T05:21:18.737139,Neu Leopoldau,12,347514
2025-08-01T05:21:18.737139,Neu Leopoldau,12,348493
2025-08-01T05:21:18.737139,Neu Leopoldau,12,348031
2025-08-01T05:21:18.737139,Neu Leopoldau,12,348644
2025-08-01T05:21:18.737139,Neu Leopoldau,12,348566
2025-08-01T05:21:18.737139,Strebersdorf S,11,345338
2025-08-01T05:21:18.737139,Strebersdorf S,11,345332
2025-08-01T05:21:18.737139,Strebersdorf S,11,345853
2025-08-01T05:21:18.737139,Strebersdorf S,11,346328
2025-08-01T05:21:18.737139,Strebersdorf S,11,346280
2025-08-01T05:21:18.737139,Strebersdorf S,11,346675
2025-08-01T05:21:18.737139,Strebersdorf S,11,347252
2025-08-01T05:21:18.737139,Strebersdorf S,11,347078
2025-08-01T05:21:18.737139,Strebersdorf S,11,348492
2025-08-01T05:21:18.737139,Strebersdorf S,11,348377
2025-08-01T05:21:18.737139,Strebersdorf S,11,348578
2025-08-01T05:21:18.737139,Rodlergasse,2,345740
2025-08-01T05:21:18.737139,Rodlergasse,2,345501
2025-08-01T05:21:18.737139,Nussbaumallee,7,345378
2025-08-01T05:21:18.737139,Nussbaumallee,7,345269
2025-08-01T05:21:18.737139,Nussbaumallee,7,345841
2025-08-01T05:21:18.737139,Nussbaumallee,7,346924
2025-08-01T05:21:18.737139,Nussbaumallee,7,347654
2025-08-01T05:21:18.737139,Nussbaumallee,7,348404
2025-08-01T05:21:18.737139,Nussbaumallee,7,348133
2025-08-01T05:21:18.737139,Raxstraße,8,345492
2025-08-01T05:21:18.737139,Raxstraße,8,345634
2025-08-01T05:21:18.737139,Raxstraße,8,346879
2025-08-01T05:21:18.737139,Raxstraße,8,347191
2025-08-01T05:21:18.737139,Raxstraße,8,347868
2025-08-01T05:21:18.737139,Raxstraße,8,347858
2025-08-01T05:21:18.737139,Raxstraße,8,347750
2025-08-01T05:21:18.737139,Raxstraße,8,347508
2025-08-01T05:21:18.737139,Wattmanngasse,8,346999
2025-08-01T05:21:18.737139,Wattmanngasse,8,346738
2025-08-01T05:21:18.737139,Wattmanngasse,8,347456
2025-08-01T05:21:18.737139,Wattmanngasse,8,347447
2025-08-01T05:21:18.737139,Wattmanngasse,8,347230
2025-08-01T05:21:18.737139,Wattmanngasse,8,347960
2025-08-01T05:21:18.737139,Wattmanngasse,8,347767
2025-08-01T05:21:18.737139,Wattmanngasse,8,348008
2025-08-01T05:21:18.737139,Floridsdorfer Markt,2,346269
2025-08-01T05:21:18.737139,Floridsdorfer Markt,2,347803
2025-08-01T05:21:18.737139,Nussdorf S,24,345432
2025-08-01T05:21:18.737139,Nussdorf S,24,345414
2025-08-01T05:21:18.737139,Nussdorf S,24,345336
2025-08-01T05:21:18.737139,Nussdorf S,24,345274
2025-08-01T05:21:18.737139,Nussdorf S,24,345026
2025-08-01T05:21:18.737139,Nussdorf S,24,345883
2025-08-01T05:21:18.737139,Nussdorf S,24,345735
2025-08-01T05:21:18.737139,Nussdorf S,24,345723
2025-08-01T05:21:18.737139,Nussdorf S,24,345595
2025-08-01T05:21:18.737139,Nussdorf S,24,346472
2025-08-01T05:21:18.737139,Nussdorf S,24,346283
2025-08-01T05:21:18.737139,Nussdorf S,24,346886
2025-08-01T05:21:18.737139,Nussdorf S,24,346642
2025-08-01T05:21:18.737139,Nussdorf S,24,346598
2025-08-01T05:21:18.737139,Nussdorf S,24,347411
2025-08-01T05:21:18.737139,Nussdorf S,24,347287
2025-08-01T05:21:18.737139,Nussdorf S,24,347212
2025-08-01T05:21:18.737139,Nussdorf S,24,347125
2025-08-01T05:21:18.737139,Nussdorf S,24,347575
2025-08-01T05:21:18.737139,Nussdorf S,24,348273
2025-08-01T05:21:18.737139,Nussdorf S,24,348271
2025-08-01T05:21:18.737139,Nussdorf S,24,348258
2025-08-01T05:21:18.737139,Nussdorf S,24,348169
2025-08-01T05:21:18.737139,Nussdorf S,24,348668
2025-08-01T05:21:18.737139,Kultursommer25 - Nordwestbahnhof,10,345405
2025-08-01T05:21:18.737139,Kultursommer25 - Nordwestbahnhof,10,345312
2025-08-01T05:21:18.737139,Kultursommer25 - Nordwestbahnhof,10,345166
2025-08-01T05:21:18.737139,Kultursommer25 - Nordwestbahnhof,10,345977
2025-08-01T05:21:18.737139,Kultursommer25 - Nordwestbahnhof,10,345670
2025-08-01T05:21:18.737139,Kultursommer25 - Nordwestbahnhof,10,346232
2025-08-01T05:21:18.737139,Kultursommer25 - Nordwestbahnhof,10,346992
2025-08-01T05:21:18.737139,Kultursommer25 - Nordwestbahnhof,10,347987
2025-08-01T05:21:18.737139,Kultursommer25 - Nordwestbahnhof,10,347978
2025-08-01T05:21:18.737139,Kultursommer25 - Nordwestbahnhof,10,348439
2025-08-01T05:21:18.737139,Kultursommer25 - Fußballverein 1210,16,345467
2025-08-01T05:21:18.737139,Kultursommer25 - Fußballverein 1210,16,345921
2025-08-01T05:21:18.737139,Kultursommer25 - Fußballverein 1210,16,345737
2025-08-01T05:21:18.737139,Kultursommer25 - Fußballverein 1210,16,345625
2025-08-01T05:21:18.737139,Kultursommer25 - Fußballverein 1210,16,345580
2025-08-01T05:21:18.737139,Kultursommer25 - Fußballverein 1210,16,346440
2025-08-01T05:21:18.737139,Kultursommer25 - Fußballverein 1210,16,346386
2025-08-01T05:21:18.737139,Kultursommer25 - Fußballverein 1210,16,346341
2025-08-01T05:21:18.737139,Kultursommer25 - Fußballverein 1210,16,346018
2025-08-01T05:21:18.737139,Kultursommer25 - Fußballverein 1210,16,346911
2025-08-01T05:21:18.737139,Kultursommer25 - Fußballverein 1210,16,347248
2025-08-01T05:21:18.737139,Kultursommer25 - Fußballverein 1210,16,347243
2025-08-01T05:21:18.737139,Kultursommer25 - Fußballverein 1210,16,347137
2025-08-01T05:21:18.737139,Kultursommer25 - Fußballverein 1210,16,348361
2025-08-01T05:21:18.737139,Kultursommer25 - Fußballverein 1210,16,348082
2025-08-01T05:21:18.737139,Kultursommer25 - Fußballverein 1210,16,348525
2025-08-01T05:21:18.737139,Kultursommer25 - Wilhelmsdorfer Park,2,345035
2025-08-01T05:21:18.737139,Kultursommer25 - Wilhelmsdorfer Park,2,346163
2025-08-01T05:21:18.737139,Kultursommer25 - Reithofferpark,3,345296
2025-08-01T05:21:18.737139,Kultursommer25 - Reithofferpark,3,345973
2025-08-01T05:21:18.737139,Kultursommer25 - Reithofferpark,3,347296
2025-08-01T05:21:18.737139,Bertha-von-Suttner-Gasse,8,346382
2025-08-01T05:21:18.737139,Bertha-von-Suttner-Gasse,8,346286
2025-08-01T05:21:18.737139,Bertha-von-Suttner-Gasse,8,347423
2025-08-01T05:21:18.737139,Bertha-von-Suttner-Gasse,8,347175
2025-08-01T05:21:18.737139,Bertha-von-Suttner-Gasse,8,347958
2025-08-01T05:21:18.737139,Bertha-von-Suttner-Gasse,8,347912
2025-08-01T05:21:18.737139,Bertha-von-Suttner-Gasse,8,347865
2025-08-01T05:21:18.737139,Bertha-von-Suttner-Gasse,8,347861
2025-08-01T05:21:18.737139,Hauptbahnhof Ost,10,345271
2025-08-01T05:21:18.737139,Hauptbahnhof Ost,10,345231
2025-08-01T05:21:18.737139,Hauptbahnhof Ost,10,346478
2025-08-01T05:21:18.737139,Hauptbahnhof Ost,10,346840
2025-08-01T05:21:18.737139,Hauptbahnhof Ost,10,346764
2025-08-01T05:21:18.737139,Hauptbahnhof Ost,10,346655
2025-08-01T05:21:18.737139,Hauptbahnhof Ost,10,346640
2025-08-01T05:21:18.737139,Hauptbahnhof Ost,10,347897
2025-08-01T05:21:18.737139,Hauptbahnhof Ost,10,347876
2025-08-01T05:21:18.737139,Hauptbahnhof Ost,10,348120
2025-08-01T05:21:18.737139,FH Technikum,12,345168
2025-08-01T05:21:18.737139,FH Technikum,12,345142
2025-08-01T05:21:18.737139,FH Technikum,12,345076
2025-08-01T05:21:18.737139,FH Technikum,12,345748
2025-08-01T05:21:18.737139,FH Technikum,12,346034
2025-08-01T05:21:18.737139,FH Technikum,12,346001
2025-08-01T05:21:18.737139,FH Technikum,12,346958
2025-08-01T05:21:18.737139,FH Technikum,12,347434
2025-08-01T05:21:18.737139,FH Technikum,12,347084
2025-08-01T05:21:18.737139,FH Technikum,12,348427
2025-08-01T05:21:18.737139,FH Technikum,12,348365
2025-08-01T05:21:18.737139,FH Technikum,12,348113
2025-08-01T05:21:18.737139,Hafen Wien,13,345431
2025-08-01T05:21:18.737139,Hafen Wien,13,345391
2025-08-01T05:21:18.737139,Hafen Wien,13,345996
2025-08-01T05:21:18.737139,Hafen Wien,13,345889
2025-08-01T05:21:18.737139,Hafen Wien,13,345571
2025-08-01T05:21:18.737139,Hafen Wien,13,345530
2025-08-01T05:21:18.737139,Hafen Wien,13,346439
2025-08-01T05:21:18.737139,Hafen Wien,13,346374
2025-08-01T05:21:18.737139,Hafen Wien,13,347415
2025-08-01T05:21:18.737139,Hafen Wien,13,347277
2025-08-01T05:21:18.737139,Hafen Wien,13,347588
2025-08-01T05:21:18.737139,Hafen Wien,13,348286
2025-08-01T05:21:18.737139,Hafen Wien,13,348705
2025-08-01T05:21:18.737139,Seestadt U - Lina-Bo-Bardi-Platz,1,346183
2025-08-01T05:21:18.737139,Barbara-Prammer-Allee,5,345022
2025-08-01T05:21:18.737139,Barbara-Prammer-Allee,5,346897
2025-08-01T05:21:18.737139,Barbara-Prammer-Allee,5,346505
2025-08-01T05:21:18.737139,Barbara-Prammer-Allee,5,348592
2025-08-01T05:21:18.737139,Barbara-Prammer-Allee,5,348552
2025-08-01T05:21:18.737139,Sonnenallee,1,346140
2025-08-01T05:21:18.737139,AIT Austrian Institute of Technology / Giefinggasse ,4,347410
2025-08-01T05:21:18.737139,AIT Austrian Institute of Technology / Giefinggasse ,4,347356
2025-08-01T05:21:18.737139,AIT Austrian Institute of Technology / Giefinggasse ,4,347916
2025-08-01T05:21:18.737139,AIT Austrian Institute of Technology / Giefinggasse ,4,347835
2025-08-01T05:21:18.737139,Blériotgasse,19,345483
2025-08-01T05:21:18.737139,Blériotgasse,19,345202
2025-08-01T05:21:18.737139,Blériotgasse,19,345028
2025-08-01T05:21:18.737139,Blériotgasse,19,345636
2025-08-01T05:21:18.737139,Blériotgasse,19,345577
2025-08-01T05:21:18.737139,Blériotgasse,19,346198
2025-08-01T05:21:18.737139,Blériotgasse,19,346572
2025-08-01T05:21:18.737139,Blériotgasse,19,347446
2025-08-01T05:21:18.737139,Blériotgasse,19,347441
2025-08-01T05:21:18.737139,Blériotgasse,19,347416
2025-08-01T05:21:18.737139,Blériotgasse,19,347399
2025-08-01T05:21:18.737139,Blériotgasse,19,347398
2025-08-01T05:21:18.737139,Blériotgasse,19,347190
2025-08-01T05:21:18.737139,Blériotgasse,19,347952
2025-08-01T05:21:18.737139,Blériotgasse,19,347903
2025-08-01T05:21:18.737139,Blériotgasse,19,347690
2025-08-01T05:21:18.737139,Blériotgasse,19,347555
2025-08-01T05:21:18.737139,Blériotgasse,19,347516
2025-08-01T05:21:18.737139,Blériotgasse,19,348659
2025-08-01T05:21:18.737139,Vetmed Haupteingang,8,346397
2025-08-01T05:21:18.737139,Vetmed Haupteingang,8,346108
2025-08-01T05:21:18.737139,Vetmed Haupteingang,8,346781
2025-08-01T05:21:18.737139,Vetmed Haupteingang,8,346583
2025-08-01T05:21:18.737139,Vetmed Haupteingang,8,347414
2025-08-01T05:21:18.737139,Vetmed Haupteingang,8,347848
2025-08-01T05:21:18.737139,Vetmed Haupteingang,8,348403
2025-08-01T05:21:18.737139,Vetmed Haupteingang,8,348040
2025-08-01T05:21:18.737139,Vetmed UB,8,346422
2025-08-01T05:21:18.737139,Vetmed UB,8,346256
2025-08-01T05:21:18.737139,Vetmed UB,8,346098
2025-08-01T05:21:18.737139,Vetmed UB,8,346741
2025-08-01T05:21:18.737139,Vetmed UB,8,348265
2025-08-01T05:21:18.737139,Vetmed UB,8,348093
2025-08-01T05:21:18.737139,Vetmed UB,8,348626
2025-08-01T05:21:18.737139,Vetmed UB,8,348596
2025-08-01T05:21:18.737139,Rebhanngasse / Nordbahnstrasse,13,345387
2025-08-01T05:21:18.737139,Rebhanngasse / Nordbahnstrasse,13,345950
2025-08-01T05:21:18.737139,Rebhanngasse / Nordbahnstrasse,13,346474
2025-08-01T05:21:18.737139,Rebhanngasse / Nordbahnstrasse,13,346427
2025-08-01T05:21:18.737139,Rebhanngasse / Nordbahnstrasse,13,346177
2025-08-01T05:21:18.737139,Rebhanngasse / Nordbahnstrasse,13,346868
2025-08-01T05:21:18.737139,Rebhanngasse / Nordbahnstrasse,13,346739
2025-08-01T05:21:18.737139,Rebhanngasse / Nordbahnstrasse,13,347395
2025-08-01T05:21:18.737139,Rebhanngasse / Nordbahnstrasse,13,347374
2025-08-01T05:21:18.737139,Rebhanngasse / Nordbahnstrasse,13,347236
2025-08-01T05:21:18.737139,Rebhanngasse / Nordbahnstrasse,13,348215
2025-08-01T05:21:18.737139,Rebhanngasse / Nordbahnstrasse,13,348080
2025-08-01T05:21:18.737139,Rebhanngasse / Nordbahnstrasse,13,348678
2025-08-01T05:21:18.737139,Kultursommer25 - Atzgersdorf Stadtpark,13,345061
2025-08-01T05:21:18.737139,Kultursommer25 - Atzgersdorf Stadtpark,13,345995
2025-08-01T05:21:18.737139,Kultursommer25 - Atzgersdorf Stadtpark,13,345854
2025-08-01T05:21:18.737139,Kultursommer25 - Atzgersdorf Stadtpark,13,345552
2025-08-01T05:21:18.737139,Kultursommer25 - Atzgersdorf Stadtpark,13,346365
2025-08-01T05:21:18.737139,Kultursommer25 - Atzgersdorf Stadtpark,13,346333
2025-08-01T05:21:18.737139,Kultursommer25 - Atzgersdorf Stadtpark,13,346329
2025-08-01T05:21:18.737139,Kultursommer25 - Atzgersdorf Stadtpark,13,346054
2025-08-01T05:21:18.737139,Kultursommer25 - Atzgersdorf Stadtpark,13,346896
2025-08-01T05:21:18.737139,Kultursommer25 - Atzgersdorf Stadtpark,13,346870
2025-08-01T05:21:18.737139,Kultursommer25 - Atzgersdorf Stadtpark,13,347016
2025-08-01T05:21:18.737139,Kultursommer25 - Atzgersdorf Stadtpark,13,347638
2025-08-01T05:21:18.737139,Kultursommer25 - Atzgersdorf Stadtpark,13,348486
2025-08-01T05:21:18.737139,Kultursommer25 - Schrödingerplatz,8,345751
2025-08-01T05:21:18.737139,Kultursommer25 - Schrödingerplatz,8,346470
2025-08-01T05:21:18.737139,Kultursommer25 - Schrödingerplatz,8,346348
2025-08-01T05:21:18.737139,Kultursommer25 - Schrödingerplatz,8,347781
2025-08-01T05:21:18.737139,Kultursommer25 - Schrödingerplatz,8,347764
2025-08-01T05:21:18.737139,Kultursommer25 - Schrödingerplatz,8,348339
2025-08-01T05:21:18.737139,Kultursommer25 - Schrödingerplatz,8,348242
2025-08-01T05:21:18.737139,Kultursommer25 - Schrödingerplatz,8,348043
2025-08-01T05:21:18.737139,Karl Tornay Gasse ,12,345576
2025-08-01T05:21:18.737139,Karl Tornay Gasse ,12,345567
2025-08-01T05:21:18.737139,Karl Tornay Gasse ,12,345507
2025-08-01T05:21:18.737139,Karl Tornay Gasse ,12,346195
2025-08-01T05:21:18.737139,Karl Tornay Gasse ,12,346728
2025-08-01T05:21:18.737139,Karl Tornay Gasse ,12,346647
2025-08-01T05:21:18.737139,Karl Tornay Gasse ,12,347432
2025-08-01T05:21:18.737139,Karl Tornay Gasse ,12,347188
2025-08-01T05:21:18.737139,Karl Tornay Gasse ,12,347149
2025-08-01T05:21:18.737139,Karl Tornay Gasse ,12,347985
2025-08-01T05:21:18.737139,Karl Tornay Gasse ,12,347648
2025-08-01T05:21:18.737139,Karl Tornay Gasse ,12,348164
2025-08-01T05:21:18.737139,BIKE 348188,1,348188
2025-08-01T05:21:18.737139,BIKE 347945,1,347945
2025-08-01T05:21:18.737139,BIKE 347075,1,347075
2025-08-01T05:21:18.737139,BIKE 345402,1,345402
2025-08-01T05:21:18.737139,BIKE 346847,1,346847
2025-08-01T05:21:18.737139,BIKE 347854,1,347854
2025-08-01T05:21:18.737139,BIKE 347884,1,347884
2025-08-01T05:21:18.737139,BIKE 346945,1,346945
2025-08-01T05:21:18.737139,BIKE 348274,1,348274
2025-08-01T05:21:18.737139,BIKE 345154,1,345154
2025-08-01T05:21:18.737139,BIKE 347573,1,347573
2025-08-01T05:21:18.737139,BIKE 346757,1,346757
2025-08-01T05:21:18.737139,BIKE 347282,1,347282
2025-08-01T05:21:18.737139,BIKE 346590,1,346590
2025-08-01T05:21:18.737139,BIKE 347286,1,347286
2025-08-01T05:21:18.737139,BIKE 346584,1,346584
2025-08-01T05:21:18.737139,BIKE 398728,1,398728
2025-08-01T05:21:18.737139,BIKE 347786,1,347786
2025-08-01T05:21:18.737139,BIKE 347552,1,347552
2025-08-01T05:21:18.737139,BIKE 346326,1,346326
2025-08-01T05:21:18.737139,BIKE 345672,1,345672
2025-08-01T05:21:18.737139,BIKE 348704,1,348704
2025-08-01T05:21:18.737139,BIKE 347827,1,347827
2025-08-01T05:21:18.737139,BIKE 345859,1,345859
2025-08-01T05:21:18.737139,BIKE 346250,1,346250
2025-08-01T05:21:18.737139,BIKE 348052,1,348052
2025-08-01T05:21:18.737139,BIKE 345090,1,345090
2025-08-01T05:21:18.737139,BIKE 347920,1,347920
2025-08-01T05:21:18.737139,BIKE 345295,1,345295
2025-08-01T05:21:18.737139,BIKE 348604,1,348604
2025-08-01T05:21:18.737139,BIKE 347513,1,347513
2025-08-01T05:21:18.737139,BIKE 345301,1,345301
2025-08-01T05:21:18.737139,BIKE 346501,1,346501
2025-08-01T05:21:18.737139,BIKE 348698,1,348698
2025-08-01T05:21:18.737139,BIKE 348586,1,348586
2025-08-01T05:21:18.737139,BIKE 346564,1,346564
2025-08-01T05:21:18.737139,BIKE 345693,1,345693
2025-08-01T05:21:18.737139,BIKE 347771,1,347771
2025-08-01T05:21:18.737139,BIKE 348646,1,348646
2025-08-01T05:21:18.737139,BIKE 345354,1,345354
2025-08-01T05:21:18.737139,BIKE 347782,1,347782
2025-08-01T05:21:18.737139,BIKE 348595,1,348595
2025-08-01T05:21:18.737139,BIKE 346094,1,346094
2025-08-01T05:21:18.737139,BIKE 348054,1,348054
2025-08-01T05:21:18.737139,BIKE 347371,1,347371
2025-08-01T05:21:18.737139,BIKE 346657,1,346657
2025-08-01T05:21:18.737139,BIKE 346800,1,346800
2025-08-01T05:21:18.737139,BIKE 347115,1,347115
2025-08-01T05:21:18.737139,BIKE 346601,1,346601
2025-08-01T05:21:18.737139,BIKE 347249,1,347249
2025-08-01T05:21:18.737139,BIKE 347579,1,347579
2025-08-01T05:21:18.737139,BIKE 345546,1,345546
2025-08-01T05:21:18.737139,BIKE 346587,1,346587
2025-08-01T05:21:18.737139,BIKE 347878,1,347878
2025-08-01T05:21:18.737139,BIKE 346191,1,346191
2025-08-01T05:21:18.737139,BIKE 345200,1,345200
2025-08-01T05:21:18.737139,BIKE 348563,1,348563
2025-08-01T05:21:18.737139,BIKE 346922,1,346922
2025-08-01T05:21:18.737139,BIKE 346069,1,346069
2025-08-01T05:21:18.737139,BIKE 346294,1,346294
2025-08-01T05:21:18.737139,BIKE 347817,1,347817
2025-08-01T05:21:18.737139,BIKE 348533,1,348533
2025-08-01T05:21:18.737139,BIKE 347644,1,347644
2025-08-01T05:21:18.737139,BIKE 345742,1,345742
2025-08-01T05:21:18.737139,BIKE 348323,1,348323
2025-08-01T05:21:18.737139,BIKE 346225,1,346225
2025-08-01T05:21:18.737139,BIKE 346075,1,346075
2025-08-01T05:21:18.737139,BIKE 346552,1,346552
2025-08-01T05:21:18.737139,BIKE 346594,1,346594
2025-08-01T05:21:18.737139,BIKE 347572,1,347572
2025-08-01T05:21:18.737139,BIKE 347052,1,347052
2025-08-01T05:21:18.737139,BIKE 346396,1,346396
2025-08-01T05:21:18.737139,BIKE 348048,1,348048
2025-08-01T05:21:18.737139,BIKE 347148,1,347148
2025-08-01T05:21:18.737139,BIKE 345398,1,345398
2025-08-01T05:21:18.737139,BIKE 345408,1,345408
2025-08-01T05:21:18.737139,BIKE 347279,1,347279
2025-08-01T05:21:18.737139,BIKE 346619,1,346619
2025-08-01T05:21:18.737139,BIKE 348947,1,348947
2025-08-01T05:21:18.737139,BIKE 347313,1,347313
2025-08-01T05:21:18.737139,BIKE 346853,1,346853
2025-08-01T05:21:18.737139,BIKE 345824,1,345824
2025-08-01T05:21:18.737139,BIKE 345537,1,345537
2025-08-01T05:21:18.737139,BIKE 346729,1,346729
2025-08-01T05:21:18.737139,BIKE 345971,1,345971
2025-08-01T05:21:18.737139,BIKE 348953,1,348953
2025-08-01T05:21:18.737139,BIKE 348010,1,348010
2025-08-01T05:21:18.737139,BIKE 347550,1,347550
2025-08-01T05:21:18.737139,BIKE 346951,1,346951
2025-08-01T05:21:18.737139,BIKE 345817,1,345817
2025-08-01T05:21:18.737139,BIKE 345727,1,345727
2025-08-01T05:21:18.737139,BIKE 347977,1,347977
2025-08-01T05:21:18.737139,BIKE 345529,1,345529
2025-08-01T05:21:18.737139,BIKE 347053,1,347053
2025-08-01T05:21:18.737139,BIKE 347795,1,347795
2025-08-01T05:21:18.737139,BIKE 345584,1,345584
2025-08-01T05:21:18.737139,BIKE 347589,1,347589
2025-08-01T05:21:18.737139,BIKE 345276,1,345276
2025-08-01T05:21:18.737139,BIKE 347222,1,347222
2025-08-01T05:21:18.737139,BIKE 348495,1,348495
2025-08-01T05:21:18.737139,BIKE 347294,1,347294
2025-08-01T05:21:18.737139,BIKE 345813,1,345813
2025-08-01T05:21:18.737139,BIKE 346934,1,346934
2025-08-01T05:21:18.737139,BIKE 348181,1,348181
2025-08-01T05:21:18.737139,BIKE 348923,1,348923
2025-08-01T05:21:18.737139,BIKE 346634,1,346634
2025-08-01T05:21:18.737139,BIKE 92411,1,92411
2025-08-01T05:21:18.737139,BIKE 348425,1,348425
2025-08-01T05:21:18.737139,BIKE 345279,1,345279
2025-08-01T05:21:18.737139,BIKE 345441,1,345441
2025-08-01T05:21:18.737139,BIKE 347823,1,347823
2025-08-01T05:21:18.737139,BIKE 347152,1,347152
2025-08-01T05:21:18.737139,BIKE 346623,1,346623
2025-08-01T05:21:18.737139,BIKE 348345,1,348345
2025-08-01T05:21:18.737139,BIKE 346630,1,346630
2025-08-01T05:21:18.737139,BIKE 348692,1,348692
2025-08-01T05:21:18.737139,BIKE 346544,1,346544
2025-08-01T05:21:18.737139,BIKE 345858,1,345858
2025-08-01T05:21:18.737139,BIKE 348300,1,348300
2025-08-01T05:21:18.737139,BIKE 346799,1,346799
2025-08-01T05:21:18.737139,BIKE 348042,1,348042
2025-08-01T05:21:18.737139,BIKE 345192,1,345192
2025-08-01T05:21:18.737139,BIKE 348687,1,348687
2025-08-01T05:21:18.737139,BIKE 346322,1,346322
2025-08-01T05:21:18.737139,BIKE 347730,1,347730
2025-08-01T05:21:18.737139,BIKE 347304,1,347304
2025-08-01T05:21:18.737139,BIKE 345811,1,345811
2025-08-01T05:21:18.737139,BIKE 345349,1,345349
2025-08-01T05:21:18.737139,BIKE 346343,1,346343
2025-08-01T05:21:18.737139,BIKE 347134,1,347134
2025-08-01T05:21:18.737139,BIKE 346366,1,346366
2025-08-01T05:21:18.737139,BIKE 347792,1,347792
2025-08-01T05:21:18.737139,BIKE 348521,1,348521
2025-08-01T05:21:18.737139,BIKE 345809,1,345809
2025-08-01T05:21:18.737139,BIKE 345128,1,345128
2025-08-01T05:21:18.737139,BIKE 347703,1,347703
2025-08-01T05:21:18.737139,BIKE 347060,1,347060
2025-08-01T05:21:18.737139,BIKE 346748,1,346748
2025-08-01T05:21:18.737139,BIKE 347845,1,347845
2025-08-01T05:21:18.737139,BIKE 346982,1,346982
2025-08-01T05:21:18.737139,BIKE 347694,1,347694
2025-08-01T05:21:18.737139,BIKE 346941,1,346941
