timestamp,place_name,num_bikes,bike_number
2025-08-02T01:09:23.087585,Julius-Raab-Platz,15,345372
2025-08-02T01:09:23.087585,Julius-Raab-Platz,15,345113
2025-08-02T01:09:23.087585,Julius-Raab-Platz,15,345095
2025-08-02T01:09:23.087585,Julius-Raab-Platz,15,345977
2025-08-02T01:09:23.087585,Julius-Raab-Platz,15,345627
2025-08-02T01:09:23.087585,Julius-Raab-Platz,15,346185
2025-08-02T01:09:23.087585,Julius-Raab-Platz,15,346132
2025-08-02T01:09:23.087585,Julius-Raab-Platz,15,346072
2025-08-02T01:09:23.087585,Julius-Raab-Platz,15,346516
2025-08-02T01:09:23.087585,Julius-Raab-Platz,15,347473
2025-08-02T01:09:23.087585,Julius-Raab-Platz,15,347031
2025-08-02T01:09:23.087585,Julius-Raab-Platz,15,347838
2025-08-02T01:09:23.087585,Julius-Raab-Platz,15,348476
2025-08-02T01:09:23.087585,Julius-Raab-Platz,15,348310
2025-08-02T01:09:23.087585,Julius-Raab-Platz,15,348579
2025-08-02T01:09:23.087585,Hoher Markt,15,345348
2025-08-02T01:09:23.087585,Hoher Markt,15,345999
2025-08-02T01:09:23.087585,Hoher Markt,15,345847
2025-08-02T01:09:23.087585,Hoher Markt,15,345783
2025-08-02T01:09:23.087585,Hoher Markt,15,345663
2025-08-02T01:09:23.087585,Hoher Markt,15,347042
2025-08-02T01:09:23.087585,Hoher Markt,15,347665
2025-08-02T01:09:23.087585,Hoher Markt,15,347594
2025-08-02T01:09:23.087585,Hoher Markt,15,348383
2025-08-02T01:09:23.087585,Hoher Markt,15,348324
2025-08-02T01:09:23.087585,Hoher Markt,15,348152
2025-08-02T01:09:23.087585,Hoher Markt,15,348106
2025-08-02T01:09:23.087585,Hoher Markt,15,348071
2025-08-02T01:09:23.087585,Hoher Markt,15,348070
2025-08-02T01:09:23.087585,Hoher Markt,15,348571
2025-08-02T01:09:23.087585,Oper,15,345314
2025-08-02T01:09:23.087585,Oper,15,345196
2025-08-02T01:09:23.087585,Oper,15,345023
2025-08-02T01:09:23.087585,Oper,15,345008
2025-08-02T01:09:23.087585,Oper,15,345610
2025-08-02T01:09:23.087585,Oper,15,346987
2025-08-02T01:09:23.087585,Oper,15,346712
2025-08-02T01:09:23.087585,Oper,15,346620
2025-08-02T01:09:23.087585,Oper,15,347296
2025-08-02T01:09:23.087585,Oper,15,347201
2025-08-02T01:09:23.087585,Oper,15,347076
2025-08-02T01:09:23.087585,Oper,15,347030
2025-08-02T01:09:23.087585,Oper,15,347921
2025-08-02T01:09:23.087585,Oper,15,347837
2025-08-02T01:09:23.087585,Oper,15,347716
2025-08-02T01:09:23.087585,Stephansplatz U,9,345826
2025-08-02T01:09:23.087585,Stephansplatz U,9,345511
2025-08-02T01:09:23.087585,Stephansplatz U,9,346447
2025-08-02T01:09:23.087585,Stephansplatz U,9,346148
2025-08-02T01:09:23.087585,Stephansplatz U,9,346891
2025-08-02T01:09:23.087585,Stephansplatz U,9,347384
2025-08-02T01:09:23.087585,Stephansplatz U,9,347070
2025-08-02T01:09:23.087585,Stephansplatz U,9,347655
2025-08-02T01:09:23.087585,Stephansplatz U,9,348189
2025-08-02T01:09:23.087585,Taborstraße U,20,345166
2025-08-02T01:09:23.087585,Taborstraße U,20,345047
2025-08-02T01:09:23.087585,Taborstraße U,20,345928
2025-08-02T01:09:23.087585,Taborstraße U,20,345676
2025-08-02T01:09:23.087585,Taborstraße U,20,345589
2025-08-02T01:09:23.087585,Taborstraße U,20,346474
2025-08-02T01:09:23.087585,Taborstraße U,20,346316
2025-08-02T01:09:23.087585,Taborstraße U,20,346125
2025-08-02T01:09:23.087585,Taborstraße U,20,346902
2025-08-02T01:09:23.087585,Taborstraße U,20,346634
2025-08-02T01:09:23.087585,Taborstraße U,20,346528
2025-08-02T01:09:23.087585,Taborstraße U,20,347387
2025-08-02T01:09:23.087585,Taborstraße U,20,347239
2025-08-02T01:09:23.087585,Taborstraße U,20,347171
2025-08-02T01:09:23.087585,Taborstraße U,20,347930
2025-08-02T01:09:23.087585,Taborstraße U,20,348396
2025-08-02T01:09:23.087585,Taborstraße U,20,348370
2025-08-02T01:09:23.087585,Taborstraße U,20,348157
2025-08-02T01:09:23.087585,Taborstraße U,20,348665
2025-08-02T01:09:23.087585,Taborstraße U,20,348546
2025-08-02T01:09:23.087585,WU-Campus / Südportalstraße ,10,345091
2025-08-02T01:09:23.087585,WU-Campus / Südportalstraße ,10,345017
2025-08-02T01:09:23.087585,WU-Campus / Südportalstraße ,10,345501
2025-08-02T01:09:23.087585,WU-Campus / Südportalstraße ,10,346769
2025-08-02T01:09:23.087585,WU-Campus / Südportalstraße ,10,346713
2025-08-02T01:09:23.087585,WU-Campus / Südportalstraße ,10,347468
2025-08-02T01:09:23.087585,WU-Campus / Südportalstraße ,10,347173
2025-08-02T01:09:23.087585,WU-Campus / Südportalstraße ,10,347038
2025-08-02T01:09:23.087585,WU-Campus / Südportalstraße ,10,348375
2025-08-02T01:09:23.087585,WU-Campus / Südportalstraße ,10,348651
2025-08-02T01:09:23.087585,Radetzkyplatz,17,345155
2025-08-02T01:09:23.087585,Radetzkyplatz,17,345014
2025-08-02T01:09:23.087585,Radetzkyplatz,17,345932
2025-08-02T01:09:23.087585,Radetzkyplatz,17,346993
2025-08-02T01:09:23.087585,Radetzkyplatz,17,346938
2025-08-02T01:09:23.087585,Radetzkyplatz,17,346595
2025-08-02T01:09:23.087585,Radetzkyplatz,17,347447
2025-08-02T01:09:23.087585,Radetzkyplatz,17,347942
2025-08-02T01:09:23.087585,Radetzkyplatz,17,347910
2025-08-02T01:09:23.087585,Radetzkyplatz,17,347905
2025-08-02T01:09:23.087585,Radetzkyplatz,17,347881
2025-08-02T01:09:23.087585,Radetzkyplatz,17,347760
2025-08-02T01:09:23.087585,Radetzkyplatz,17,347708
2025-08-02T01:09:23.087585,Radetzkyplatz,17,347590
2025-08-02T01:09:23.087585,Radetzkyplatz,17,347578
2025-08-02T01:09:23.087585,Radetzkyplatz,17,348381
2025-08-02T01:09:23.087585,Radetzkyplatz,17,348000
2025-08-02T01:09:23.087585,Bahngasse / mdw-University of Music and Performing Arts,17,345478
2025-08-02T01:09:23.087585,Bahngasse / mdw-University of Music and Performing Arts,17,345407
2025-08-02T01:09:23.087585,Bahngasse / mdw-University of Music and Performing Arts,17,345141
2025-08-02T01:09:23.087585,Bahngasse / mdw-University of Music and Performing Arts,17,345126
2025-08-02T01:09:23.087585,Bahngasse / mdw-University of Music and Performing Arts,17,345743
2025-08-02T01:09:23.087585,Bahngasse / mdw-University of Music and Performing Arts,17,345563
2025-08-02T01:09:23.087585,Bahngasse / mdw-University of Music and Performing Arts,17,346272
2025-08-02T01:09:23.087585,Bahngasse / mdw-University of Music and Performing Arts,17,346139
2025-08-02T01:09:23.087585,Bahngasse / mdw-University of Music and Performing Arts,17,346952
2025-08-02T01:09:23.087585,Bahngasse / mdw-University of Music and Performing Arts,17,346656
2025-08-02T01:09:23.087585,Bahngasse / mdw-University of Music and Performing Arts,17,347484
2025-08-02T01:09:23.087585,Bahngasse / mdw-University of Music and Performing Arts,17,347115
2025-08-02T01:09:23.087585,Bahngasse / mdw-University of Music and Performing Arts,17,347951
2025-08-02T01:09:23.087585,Bahngasse / mdw-University of Music and Performing Arts,17,347914
2025-08-02T01:09:23.087585,Bahngasse / mdw-University of Music and Performing Arts,17,347539
2025-08-02T01:09:23.087585,Bahngasse / mdw-University of Music and Performing Arts,17,348664
2025-08-02T01:09:23.087585,Bahngasse / mdw-University of Music and Performing Arts,17,348570
2025-08-02T01:09:23.087585,Erdberg U,5,345127
2025-08-02T01:09:23.087585,Erdberg U,5,346601
2025-08-02T01:09:23.087585,Erdberg U,5,347344
2025-08-02T01:09:23.087585,Erdberg U,5,347236
2025-08-02T01:09:23.087585,Erdberg U,5,348166
2025-08-02T01:09:23.087585,Media Quarter Marx,3,345353
2025-08-02T01:09:23.087585,Media Quarter Marx,3,346137
2025-08-02T01:09:23.087585,Media Quarter Marx,3,346962
2025-08-02T01:09:23.087585,Rennweg S,8,345247
2025-08-02T01:09:23.087585,Rennweg S,8,345065
2025-08-02T01:09:23.087585,Rennweg S,8,346956
2025-08-02T01:09:23.087585,Rennweg S,8,346915
2025-08-02T01:09:23.087585,Rennweg S,8,347373
2025-08-02T01:09:23.087585,Rennweg S,8,347289
2025-08-02T01:09:23.087585,Rennweg S,8,347132
2025-08-02T01:09:23.087585,Rennweg S,8,348279
2025-08-02T01:09:23.087585,Rochusmarkt,8,345259
2025-08-02T01:09:23.087585,Rochusmarkt,8,345223
2025-08-02T01:09:23.087585,Rochusmarkt,8,346456
2025-08-02T01:09:23.087585,Rochusmarkt,8,346003
2025-08-02T01:09:23.087585,Rochusmarkt,8,347339
2025-08-02T01:09:23.087585,Rochusmarkt,8,347075
2025-08-02T01:09:23.087585,Rochusmarkt,8,347503
2025-08-02T01:09:23.087585,Rochusmarkt,8,348128
2025-08-02T01:09:23.087585,Schwarzenbergplatz,13,345226
2025-08-02T01:09:23.087585,Schwarzenbergplatz,13,345866
2025-08-02T01:09:23.087585,Schwarzenbergplatz,13,345711
2025-08-02T01:09:23.087585,Schwarzenbergplatz,13,345595
2025-08-02T01:09:23.087585,Schwarzenbergplatz,13,346254
2025-08-02T01:09:23.087585,Schwarzenbergplatz,13,346884
2025-08-02T01:09:23.087585,Schwarzenbergplatz,13,346831
2025-08-02T01:09:23.087585,Schwarzenbergplatz,13,346828
2025-08-02T01:09:23.087585,Schwarzenbergplatz,13,347811
2025-08-02T01:09:23.087585,Schwarzenbergplatz,13,348397
2025-08-02T01:09:23.087585,Schwarzenbergplatz,13,348293
2025-08-02T01:09:23.087585,Schwarzenbergplatz,13,348239
2025-08-02T01:09:23.087585,Schwarzenbergplatz,13,348038
2025-08-02T01:09:23.087585,Heumühlgasse,12,345318
2025-08-02T01:09:23.087585,Heumühlgasse,12,345303
2025-08-02T01:09:23.087585,Heumühlgasse,12,345767
2025-08-02T01:09:23.087585,Heumühlgasse,12,345672
2025-08-02T01:09:23.087585,Heumühlgasse,12,345646
2025-08-02T01:09:23.087585,Heumühlgasse,12,345540
2025-08-02T01:09:23.087585,Heumühlgasse,12,346490
2025-08-02T01:09:23.087585,Heumühlgasse,12,346381
2025-08-02T01:09:23.087585,Heumühlgasse,12,346983
2025-08-02T01:09:23.087585,Heumühlgasse,12,346773
2025-08-02T01:09:23.087585,Heumühlgasse,12,347879
2025-08-02T01:09:23.087585,Heumühlgasse,12,348076
2025-08-02T01:09:23.087585,Margaretengürtel U,11,345784
2025-08-02T01:09:23.087585,Margaretengürtel U,11,345706
2025-08-02T01:09:23.087585,Margaretengürtel U,11,346493
2025-08-02T01:09:23.087585,Margaretengürtel U,11,346754
2025-08-02T01:09:23.087585,Margaretengürtel U,11,347938
2025-08-02T01:09:23.087585,Margaretengürtel U,11,347561
2025-08-02T01:09:23.087585,Margaretengürtel U,11,348424
2025-08-02T01:09:23.087585,Margaretengürtel U,11,348406
2025-08-02T01:09:23.087585,Margaretengürtel U,11,348086
2025-08-02T01:09:23.087585,Margaretengürtel U,11,348069
2025-08-02T01:09:23.087585,Margaretengürtel U,11,348515
2025-08-02T01:09:23.087585,Mittersteig,30,345494
2025-08-02T01:09:23.087585,Mittersteig,30,345476
2025-08-02T01:09:23.087585,Mittersteig,30,345195
2025-08-02T01:09:23.087585,Mittersteig,30,345137
2025-08-02T01:09:23.087585,Mittersteig,30,345114
2025-08-02T01:09:23.087585,Mittersteig,30,345811
2025-08-02T01:09:23.087585,Mittersteig,30,345810
2025-08-02T01:09:23.087585,Mittersteig,30,345775
2025-08-02T01:09:23.087585,Mittersteig,30,345519
2025-08-02T01:09:23.087585,Mittersteig,30,346489
2025-08-02T01:09:23.087585,Mittersteig,30,346477
2025-08-02T01:09:23.087585,Mittersteig,30,346408
2025-08-02T01:09:23.087585,Mittersteig,30,346309
2025-08-02T01:09:23.087585,Mittersteig,30,346229
2025-08-02T01:09:23.087585,Mittersteig,30,346874
2025-08-02T01:09:23.087585,Mittersteig,30,346858
2025-08-02T01:09:23.087585,Mittersteig,30,346775
2025-08-02T01:09:23.087585,Mittersteig,30,346636
2025-08-02T01:09:23.087585,Mittersteig,30,347180
2025-08-02T01:09:23.087585,Mittersteig,30,347057
2025-08-02T01:09:23.087585,Mittersteig,30,347909
2025-08-02T01:09:23.087585,Mittersteig,30,347831
2025-08-02T01:09:23.087585,Mittersteig,30,347511
2025-08-02T01:09:23.087585,Mittersteig,30,348419
2025-08-02T01:09:23.087585,Mittersteig,30,348409
2025-08-02T01:09:23.087585,Mittersteig,30,348165
2025-08-02T01:09:23.087585,Mittersteig,30,348154
2025-08-02T01:09:23.087585,Mittersteig,30,348565
2025-08-02T01:09:23.087585,Mittersteig,30,348535
2025-08-02T01:09:23.087585,Mittersteig,30,348516
2025-08-02T01:09:23.087585,Ceija-Stojka-Platz,10,345421
2025-08-02T01:09:23.087585,Ceija-Stojka-Platz,10,345393
2025-08-02T01:09:23.087585,Ceija-Stojka-Platz,10,346303
2025-08-02T01:09:23.087585,Ceija-Stojka-Platz,10,346213
2025-08-02T01:09:23.087585,Ceija-Stojka-Platz,10,346819
2025-08-02T01:09:23.087585,Ceija-Stojka-Platz,10,346550
2025-08-02T01:09:23.087585,Ceija-Stojka-Platz,10,347054
2025-08-02T01:09:23.087585,Ceija-Stojka-Platz,10,347742
2025-08-02T01:09:23.087585,Ceija-Stojka-Platz,10,347552
2025-08-02T01:09:23.087585,Ceija-Stojka-Platz,10,347521
2025-08-02T01:09:23.087585,Volkstheater U,2,347244
2025-08-02T01:09:23.087585,Volkstheater U,2,347605
2025-08-02T01:09:23.087585,Berggasse,24,345474
2025-08-02T01:09:23.087585,Berggasse,24,345308
2025-08-02T01:09:23.087585,Berggasse,24,345233
2025-08-02T01:09:23.087585,Berggasse,24,345217
2025-08-02T01:09:23.087585,Berggasse,24,345175
2025-08-02T01:09:23.087585,Berggasse,24,345992
2025-08-02T01:09:23.087585,Berggasse,24,345975
2025-08-02T01:09:23.087585,Berggasse,24,345930
2025-08-02T01:09:23.087585,Berggasse,24,345899
2025-08-02T01:09:23.087585,Berggasse,24,345559
2025-08-02T01:09:23.087585,Berggasse,24,346955
2025-08-02T01:09:23.087585,Berggasse,24,346880
2025-08-02T01:09:23.087585,Berggasse,24,346875
2025-08-02T01:09:23.087585,Berggasse,24,346829
2025-08-02T01:09:23.087585,Berggasse,24,346573
2025-08-02T01:09:23.087585,Berggasse,24,347330
2025-08-02T01:09:23.087585,Berggasse,24,347318
2025-08-02T01:09:23.087585,Berggasse,24,347229
2025-08-02T01:09:23.087585,Berggasse,24,347153
2025-08-02T01:09:23.087585,Berggasse,24,347941
2025-08-02T01:09:23.087585,Berggasse,24,347740
2025-08-02T01:09:23.087585,Berggasse,24,347547
2025-08-02T01:09:23.087585,Berggasse,24,348302
2025-08-02T01:09:23.087585,Berggasse,24,348541
2025-08-02T01:09:23.087585,Frankhplatz,1,347147
2025-08-02T01:09:23.087585,Friedensbrücke U,3,346172
2025-08-02T01:09:23.087585,Friedensbrücke U,3,347326
2025-08-02T01:09:23.087585,Friedensbrücke U,3,348475
2025-08-02T01:09:23.087585,Spittelau S U,30,345477
2025-08-02T01:09:23.087585,Spittelau S U,30,345430
2025-08-02T01:09:23.087585,Spittelau S U,30,345121
2025-08-02T01:09:23.087585,Spittelau S U,30,345084
2025-08-02T01:09:23.087585,Spittelau S U,30,345857
2025-08-02T01:09:23.087585,Spittelau S U,30,346300
2025-08-02T01:09:23.087585,Spittelau S U,30,346226
2025-08-02T01:09:23.087585,Spittelau S U,30,346146
2025-08-02T01:09:23.087585,Spittelau S U,30,346144
2025-08-02T01:09:23.087585,Spittelau S U,30,346133
2025-08-02T01:09:23.087585,Spittelau S U,30,346014
2025-08-02T01:09:23.087585,Spittelau S U,30,346929
2025-08-02T01:09:23.087585,Spittelau S U,30,346816
2025-08-02T01:09:23.087585,Spittelau S U,30,346525
2025-08-02T01:09:23.087585,Spittelau S U,30,346510
2025-08-02T01:09:23.087585,Spittelau S U,30,347466
2025-08-02T01:09:23.087585,Spittelau S U,30,347363
2025-08-02T01:09:23.087585,Spittelau S U,30,347333
2025-08-02T01:09:23.087585,Spittelau S U,30,347313
2025-08-02T01:09:23.087585,Spittelau S U,30,347275
2025-08-02T01:09:23.087585,Spittelau S U,30,347215
2025-08-02T01:09:23.087585,Spittelau S U,30,347138
2025-08-02T01:09:23.087585,Spittelau S U,30,347047
2025-08-02T01:09:23.087585,Spittelau S U,30,347975
2025-08-02T01:09:23.087585,Spittelau S U,30,347744
2025-08-02T01:09:23.087585,Spittelau S U,30,348323
2025-08-02T01:09:23.087585,Spittelau S U,30,348249
2025-08-02T01:09:23.087585,Spittelau S U,30,348104
2025-08-02T01:09:23.087585,Spittelau S U,30,348532
2025-08-02T01:09:23.087585,Spittelau S U,30,348520
2025-08-02T01:09:23.087585,Absbergbrücke / Alfred-Böhm-Park,20,345389
2025-08-02T01:09:23.087585,Absbergbrücke / Alfred-Böhm-Park,20,345057
2025-08-02T01:09:23.087585,Absbergbrücke / Alfred-Böhm-Park,20,345923
2025-08-02T01:09:23.087585,Absbergbrücke / Alfred-Böhm-Park,20,345850
2025-08-02T01:09:23.087585,Absbergbrücke / Alfred-Böhm-Park,20,345733
2025-08-02T01:09:23.087585,Absbergbrücke / Alfred-Böhm-Park,20,345600
2025-08-02T01:09:23.087585,Absbergbrücke / Alfred-Böhm-Park,20,345581
2025-08-02T01:09:23.087585,Absbergbrücke / Alfred-Böhm-Park,20,346357
2025-08-02T01:09:23.087585,Absbergbrücke / Alfred-Böhm-Park,20,346296
2025-08-02T01:09:23.087585,Absbergbrücke / Alfred-Böhm-Park,20,346200
2025-08-02T01:09:23.087585,Absbergbrücke / Alfred-Böhm-Park,20,346818
2025-08-02T01:09:23.087585,Absbergbrücke / Alfred-Böhm-Park,20,346692
2025-08-02T01:09:23.087585,Absbergbrücke / Alfred-Böhm-Park,20,346585
2025-08-02T01:09:23.087585,Absbergbrücke / Alfred-Böhm-Park,20,347067
2025-08-02T01:09:23.087585,Absbergbrücke / Alfred-Böhm-Park,20,347045
2025-08-02T01:09:23.087585,Absbergbrücke / Alfred-Böhm-Park,20,347791
2025-08-02T01:09:23.087585,Absbergbrücke / Alfred-Böhm-Park,20,347637
2025-08-02T01:09:23.087585,Absbergbrücke / Alfred-Böhm-Park,20,348417
2025-08-02T01:09:23.087585,Absbergbrücke / Alfred-Böhm-Park,20,348358
2025-08-02T01:09:23.087585,Absbergbrücke / Alfred-Böhm-Park,20,348550
2025-08-02T01:09:23.087585,Altes Landgut U,17,345357
2025-08-02T01:09:23.087585,Altes Landgut U,17,345301
2025-08-02T01:09:23.087585,Altes Landgut U,17,345182
2025-08-02T01:09:23.087585,Altes Landgut U,17,345555
2025-08-02T01:09:23.087585,Altes Landgut U,17,346069
2025-08-02T01:09:23.087585,Altes Landgut U,17,346053
2025-08-02T01:09:23.087585,Altes Landgut U,17,347463
2025-08-02T01:09:23.087585,Altes Landgut U,17,347366
2025-08-02T01:09:23.087585,Altes Landgut U,17,347295
2025-08-02T01:09:23.087585,Altes Landgut U,17,347977
2025-08-02T01:09:23.087585,Altes Landgut U,17,347920
2025-08-02T01:09:23.087585,Altes Landgut U,17,347752
2025-08-02T01:09:23.087585,Altes Landgut U,17,348425
2025-08-02T01:09:23.087585,Altes Landgut U,17,348307
2025-08-02T01:09:23.087585,Altes Landgut U,17,348054
2025-08-02T01:09:23.087585,Altes Landgut U,17,348672
2025-08-02T01:09:23.087585,Altes Landgut U,17,348603
2025-08-02T01:09:23.087585,Hauptbahnhof S U ,45,345449
2025-08-02T01:09:23.087585,Hauptbahnhof S U ,45,345168
2025-08-02T01:09:23.087585,Hauptbahnhof S U ,45,345143
2025-08-02T01:09:23.087585,Hauptbahnhof S U ,45,345012
2025-08-02T01:09:23.087585,Hauptbahnhof S U ,45,345994
2025-08-02T01:09:23.087585,Hauptbahnhof S U ,45,345986
2025-08-02T01:09:23.087585,Hauptbahnhof S U ,45,345952
2025-08-02T01:09:23.087585,Hauptbahnhof S U ,45,345822
2025-08-02T01:09:23.087585,Hauptbahnhof S U ,45,345799
2025-08-02T01:09:23.087585,Hauptbahnhof S U ,45,345596
2025-08-02T01:09:23.087585,Hauptbahnhof S U ,45,345518
2025-08-02T01:09:23.087585,Hauptbahnhof S U ,45,346419
2025-08-02T01:09:23.087585,Hauptbahnhof S U ,45,346375
2025-08-02T01:09:23.087585,Hauptbahnhof S U ,45,346361
2025-08-02T01:09:23.087585,Hauptbahnhof S U ,45,346295
2025-08-02T01:09:23.087585,Hauptbahnhof S U ,45,346255
2025-08-02T01:09:23.087585,Hauptbahnhof S U ,45,346127
2025-08-02T01:09:23.087585,Hauptbahnhof S U ,45,346046
2025-08-02T01:09:23.087585,Hauptbahnhof S U ,45,346010
2025-08-02T01:09:23.087585,Hauptbahnhof S U ,45,346001
2025-08-02T01:09:23.087585,Hauptbahnhof S U ,45,346894
2025-08-02T01:09:23.087585,Hauptbahnhof S U ,45,346813
2025-08-02T01:09:23.087585,Hauptbahnhof S U ,45,346751
2025-08-02T01:09:23.087585,Hauptbahnhof S U ,45,346640
2025-08-02T01:09:23.087585,Hauptbahnhof S U ,45,346614
2025-08-02T01:09:23.087585,Hauptbahnhof S U ,45,346566
2025-08-02T01:09:23.087585,Hauptbahnhof S U ,45,347454
2025-08-02T01:09:23.087585,Hauptbahnhof S U ,45,347367
2025-08-02T01:09:23.087585,Hauptbahnhof S U ,45,347211
2025-08-02T01:09:23.087585,Hauptbahnhof S U ,45,347997
2025-08-02T01:09:23.087585,Hauptbahnhof S U ,45,347749
2025-08-02T01:09:23.087585,Hauptbahnhof S U ,45,347728
2025-08-02T01:09:23.087585,Hauptbahnhof S U ,45,347715
2025-08-02T01:09:23.087585,Hauptbahnhof S U ,45,347636
2025-08-02T01:09:23.087585,Hauptbahnhof S U ,45,348401
2025-08-02T01:09:23.087585,Hauptbahnhof S U ,45,348357
2025-08-02T01:09:23.087585,Hauptbahnhof S U ,45,348316
2025-08-02T01:09:23.087585,Hauptbahnhof S U ,45,348289
2025-08-02T01:09:23.087585,Hauptbahnhof S U ,45,348187
2025-08-02T01:09:23.087585,Hauptbahnhof S U ,45,348089
2025-08-02T01:09:23.087585,Hauptbahnhof S U ,45,398740
2025-08-02T01:09:23.087585,Hauptbahnhof S U ,45,398739
2025-08-02T01:09:23.087585,Hauptbahnhof S U ,45,349003
2025-08-02T01:09:23.087585,Hauptbahnhof S U ,45,348952
2025-08-02T01:09:23.087585,Hauptbahnhof S U ,45,348889
2025-08-02T01:09:23.087585,Keplerplatz U,13,345351
2025-08-02T01:09:23.087585,Keplerplatz U,13,345244
2025-08-02T01:09:23.087585,Keplerplatz U,13,345070
2025-08-02T01:09:23.087585,Keplerplatz U,13,345979
2025-08-02T01:09:23.087585,Keplerplatz U,13,346163
2025-08-02T01:09:23.087585,Keplerplatz U,13,347360
2025-08-02T01:09:23.087585,Keplerplatz U,13,347319
2025-08-02T01:09:23.087585,Keplerplatz U,13,347233
2025-08-02T01:09:23.087585,Keplerplatz U,13,347846
2025-08-02T01:09:23.087585,Keplerplatz U,13,347620
2025-08-02T01:09:23.087585,Keplerplatz U,13,348123
2025-08-02T01:09:23.087585,Keplerplatz U,13,348096
2025-08-02T01:09:23.087585,Keplerplatz U,13,348625
2025-08-02T01:09:23.087585,Enkplatz U,13,345052
2025-08-02T01:09:23.087585,Enkplatz U,13,345892
2025-08-02T01:09:23.087585,Enkplatz U,13,345763
2025-08-02T01:09:23.087585,Enkplatz U,13,346990
2025-08-02T01:09:23.087585,Enkplatz U,13,346567
2025-08-02T01:09:23.087585,Enkplatz U,13,346533
2025-08-02T01:09:23.087585,Enkplatz U,13,346508
2025-08-02T01:09:23.087585,Enkplatz U,13,347019
2025-08-02T01:09:23.087585,Enkplatz U,13,347895
2025-08-02T01:09:23.087585,Enkplatz U,13,348411
2025-08-02T01:09:23.087585,Enkplatz U,13,348320
2025-08-02T01:09:23.087585,Enkplatz U,13,348677
2025-08-02T01:09:23.087585,Enkplatz U,13,348529
2025-08-02T01:09:23.087585,Gasometer U,20,345420
2025-08-02T01:09:23.087585,Gasometer U,20,345263
2025-08-02T01:09:23.087585,Gasometer U,20,345139
2025-08-02T01:09:23.087585,Gasometer U,20,345132
2025-08-02T01:09:23.087585,Gasometer U,20,345032
2025-08-02T01:09:23.087585,Gasometer U,20,345841
2025-08-02T01:09:23.087585,Gasometer U,20,345792
2025-08-02T01:09:23.087585,Gasometer U,20,346351
2025-08-02T01:09:23.087585,Gasometer U,20,346288
2025-08-02T01:09:23.087585,Gasometer U,20,346165
2025-08-02T01:09:23.087585,Gasometer U,20,346696
2025-08-02T01:09:23.087585,Gasometer U,20,347383
2025-08-02T01:09:23.087585,Gasometer U,20,347329
2025-08-02T01:09:23.087585,Gasometer U,20,347900
2025-08-02T01:09:23.087585,Gasometer U,20,347654
2025-08-02T01:09:23.087585,Gasometer U,20,348469
2025-08-02T01:09:23.087585,Gasometer U,20,348229
2025-08-02T01:09:23.087585,Gasometer U,20,348217
2025-08-02T01:09:23.087585,Gasometer U,20,348167
2025-08-02T01:09:23.087585,Gasometer U,20,348046
2025-08-02T01:09:23.087585,Geiselbergstraße S,6,345660
2025-08-02T01:09:23.087585,Geiselbergstraße S,6,346423
2025-08-02T01:09:23.087585,Geiselbergstraße S,6,346192
2025-08-02T01:09:23.087585,Geiselbergstraße S,6,346177
2025-08-02T01:09:23.087585,Geiselbergstraße S,6,347418
2025-08-02T01:09:23.087585,Geiselbergstraße S,6,348514
2025-08-02T01:09:23.087585,Niederhofstraße U,23,345456
2025-08-02T01:09:23.087585,Niederhofstraße U,23,345434
2025-08-02T01:09:23.087585,Niederhofstraße U,23,345394
2025-08-02T01:09:23.087585,Niederhofstraße U,23,345224
2025-08-02T01:09:23.087585,Niederhofstraße U,23,345629
2025-08-02T01:09:23.087585,Niederhofstraße U,23,345616
2025-08-02T01:09:23.087585,Niederhofstraße U,23,346893
2025-08-02T01:09:23.087585,Niederhofstraße U,23,346783
2025-08-02T01:09:23.087585,Niederhofstraße U,23,346736
2025-08-02T01:09:23.087585,Niederhofstraße U,23,347307
2025-08-02T01:09:23.087585,Niederhofstraße U,23,347232
2025-08-02T01:09:23.087585,Niederhofstraße U,23,347106
2025-08-02T01:09:23.087585,Niederhofstraße U,23,347994
2025-08-02T01:09:23.087585,Niederhofstraße U,23,347891
2025-08-02T01:09:23.087585,Niederhofstraße U,23,347737
2025-08-02T01:09:23.087585,Niederhofstraße U,23,347646
2025-08-02T01:09:23.087585,Niederhofstraße U,23,347530
2025-08-02T01:09:23.087585,Niederhofstraße U,23,347522
2025-08-02T01:09:23.087585,Niederhofstraße U,23,348287
2025-08-02T01:09:23.087585,Niederhofstraße U,23,348233
2025-08-02T01:09:23.087585,Niederhofstraße U,23,348081
2025-08-02T01:09:23.087585,Niederhofstraße U,23,348073
2025-08-02T01:09:23.087585,Niederhofstraße U,23,348611
2025-08-02T01:09:23.087585,Hietzing U,22,345465
2025-08-02T01:09:23.087585,Hietzing U,22,345321
2025-08-02T01:09:23.087585,Hietzing U,22,345297
2025-08-02T01:09:23.087585,Hietzing U,22,345059
2025-08-02T01:09:23.087585,Hietzing U,22,345055
2025-08-02T01:09:23.087585,Hietzing U,22,345038
2025-08-02T01:09:23.087585,Hietzing U,22,345741
2025-08-02T01:09:23.087585,Hietzing U,22,345566
2025-08-02T01:09:23.087585,Hietzing U,22,345547
2025-08-02T01:09:23.087585,Hietzing U,22,346407
2025-08-02T01:09:23.087585,Hietzing U,22,346273
2025-08-02T01:09:23.087585,Hietzing U,22,346180
2025-08-02T01:09:23.087585,Hietzing U,22,346138
2025-08-02T01:09:23.087585,Hietzing U,22,346134
2025-08-02T01:09:23.087585,Hietzing U,22,346110
2025-08-02T01:09:23.087585,Hietzing U,22,346738
2025-08-02T01:09:23.087585,Hietzing U,22,346632
2025-08-02T01:09:23.087585,Hietzing U,22,347421
2025-08-02T01:09:23.087585,Hietzing U,22,347408
2025-08-02T01:09:23.087585,Hietzing U,22,347927
2025-08-02T01:09:23.087585,Hietzing U,22,348299
2025-08-02T01:09:23.087585,Hietzing U,22,348607
2025-08-02T01:09:23.087585,Westbahnhof S U,8,345797
2025-08-02T01:09:23.087585,Westbahnhof S U,8,349049
2025-08-02T01:09:23.087585,Westbahnhof S U,8,349008
2025-08-02T01:09:23.087585,Westbahnhof S U,8,348975
2025-08-02T01:09:23.087585,Westbahnhof S U,8,348970
2025-08-02T01:09:23.087585,Westbahnhof S U,8,348925
2025-08-02T01:09:23.087585,Westbahnhof S U,8,348919
2025-08-02T01:09:23.087585,Westbahnhof S U,8,348915
2025-08-02T01:09:23.087585,Richard-Wagner-Platz,11,345362
2025-08-02T01:09:23.087585,Richard-Wagner-Platz,11,345300
2025-08-02T01:09:23.087585,Richard-Wagner-Platz,11,346415
2025-08-02T01:09:23.087585,Richard-Wagner-Platz,11,346325
2025-08-02T01:09:23.087585,Richard-Wagner-Platz,11,346825
2025-08-02T01:09:23.087585,Richard-Wagner-Platz,11,346721
2025-08-02T01:09:23.087585,Richard-Wagner-Platz,11,347217
2025-08-02T01:09:23.087585,Richard-Wagner-Platz,11,347882
2025-08-02T01:09:23.087585,Richard-Wagner-Platz,11,347608
2025-08-02T01:09:23.087585,Richard-Wagner-Platz,11,348392
2025-08-02T01:09:23.087585,Richard-Wagner-Platz,11,348087
2025-08-02T01:09:23.087585,Alser Straße U,2,346036
2025-08-02T01:09:23.087585,Alser Straße U,2,347694
2025-08-02T01:09:23.087585,Währinger Straße U,9,345919
2025-08-02T01:09:23.087585,Währinger Straße U,9,345807
2025-08-02T01:09:23.087585,Währinger Straße U,9,345770
2025-08-02T01:09:23.087585,Währinger Straße U,9,345602
2025-08-02T01:09:23.087585,Währinger Straße U,9,345544
2025-08-02T01:09:23.087585,Währinger Straße U,9,345510
2025-08-02T01:09:23.087585,Währinger Straße U,9,347145
2025-08-02T01:09:23.087585,Währinger Straße U,9,347802
2025-08-02T01:09:23.087585,Währinger Straße U,9,348696
2025-08-02T01:09:23.087585,Gymnasiumstraße,21,345473
2025-08-02T01:09:23.087585,Gymnasiumstraße,21,345461
2025-08-02T01:09:23.087585,Gymnasiumstraße,21,345274
2025-08-02T01:09:23.087585,Gymnasiumstraße,21,346472
2025-08-02T01:09:23.087585,Gymnasiumstraße,21,346992
2025-08-02T01:09:23.087585,Gymnasiumstraße,21,346970
2025-08-02T01:09:23.087585,Gymnasiumstraße,21,346700
2025-08-02T01:09:23.087585,Gymnasiumstraße,21,346642
2025-08-02T01:09:23.087585,Gymnasiumstraße,21,347377
2025-08-02T01:09:23.087585,Gymnasiumstraße,21,347340
2025-08-02T01:09:23.087585,Gymnasiumstraße,21,347266
2025-08-02T01:09:23.087585,Gymnasiumstraße,21,347204
2025-08-02T01:09:23.087585,Gymnasiumstraße,21,347197
2025-08-02T01:09:23.087585,Gymnasiumstraße,21,347074
2025-08-02T01:09:23.087585,Gymnasiumstraße,21,347029
2025-08-02T01:09:23.087585,Gymnasiumstraße,21,347562
2025-08-02T01:09:23.087585,Gymnasiumstraße,21,347556
2025-08-02T01:09:23.087585,Gymnasiumstraße,21,348338
2025-08-02T01:09:23.087585,Gymnasiumstraße,21,348273
2025-08-02T01:09:23.087585,Gymnasiumstraße,21,348633
2025-08-02T01:09:23.087585,Gymnasiumstraße,21,348527
2025-08-02T01:09:23.087585,Wallensteinplatz,28,345433
2025-08-02T01:09:23.087585,Wallensteinplatz,28,345418
2025-08-02T01:09:23.087585,Wallensteinplatz,28,345338
2025-08-02T01:09:23.087585,Wallensteinplatz,28,345235
2025-08-02T01:09:23.087585,Wallensteinplatz,28,345981
2025-08-02T01:09:23.087585,Wallensteinplatz,28,345749
2025-08-02T01:09:23.087585,Wallensteinplatz,28,346470
2025-08-02T01:09:23.087585,Wallensteinplatz,28,346414
2025-08-02T01:09:23.087585,Wallensteinplatz,28,346348
2025-08-02T01:09:23.087585,Wallensteinplatz,28,346289
2025-08-02T01:09:23.087585,Wallensteinplatz,28,346206
2025-08-02T01:09:23.087585,Wallensteinplatz,28,346184
2025-08-02T01:09:23.087585,Wallensteinplatz,28,346104
2025-08-02T01:09:23.087585,Wallensteinplatz,28,346056
2025-08-02T01:09:23.087585,Wallensteinplatz,28,346804
2025-08-02T01:09:23.087585,Wallensteinplatz,28,346687
2025-08-02T01:09:23.087585,Wallensteinplatz,28,347396
2025-08-02T01:09:23.087585,Wallensteinplatz,28,347177
2025-08-02T01:09:23.087585,Wallensteinplatz,28,347794
2025-08-02T01:09:23.087585,Wallensteinplatz,28,347765
2025-08-02T01:09:23.087585,Wallensteinplatz,28,347730
2025-08-02T01:09:23.087585,Wallensteinplatz,28,347724
2025-08-02T01:09:23.087585,Wallensteinplatz,28,347699
2025-08-02T01:09:23.087585,Wallensteinplatz,28,348385
2025-08-02T01:09:23.087585,Wallensteinplatz,28,348336
2025-08-02T01:09:23.087585,Wallensteinplatz,28,348333
2025-08-02T01:09:23.087585,Wallensteinplatz,28,348012
2025-08-02T01:09:23.087585,Wallensteinplatz,28,348709
2025-08-02T01:09:23.087585,Brünner Straße S,8,345213
2025-08-02T01:09:23.087585,Brünner Straße S,8,345607
2025-08-02T01:09:23.087585,Brünner Straße S,8,346373
2025-08-02T01:09:23.087585,Brünner Straße S,8,346259
2025-08-02T01:09:23.087585,Brünner Straße S,8,347423
2025-08-02T01:09:23.087585,Brünner Straße S,8,347274
2025-08-02T01:09:23.087585,Brünner Straße S,8,347995
2025-08-02T01:09:23.087585,Brünner Straße S,8,348035
2025-08-02T01:09:23.087585,Floridsdorf S U,23,345186
2025-08-02T01:09:23.087585,Floridsdorf S U,23,345868
2025-08-02T01:09:23.087585,Floridsdorf S U,23,345543
2025-08-02T01:09:23.087585,Floridsdorf S U,23,345537
2025-08-02T01:09:23.087585,Floridsdorf S U,23,346404
2025-08-02T01:09:23.087585,Floridsdorf S U,23,346328
2025-08-02T01:09:23.087585,Floridsdorf S U,23,346322
2025-08-02T01:09:23.087585,Floridsdorf S U,23,346276
2025-08-02T01:09:23.087585,Floridsdorf S U,23,346657
2025-08-02T01:09:23.087585,Floridsdorf S U,23,346584
2025-08-02T01:09:23.087585,Floridsdorf S U,23,346557
2025-08-02T01:09:23.087585,Floridsdorf S U,23,346555
2025-08-02T01:09:23.087585,Floridsdorf S U,23,346534
2025-08-02T01:09:23.087585,Floridsdorf S U,23,347370
2025-08-02T01:09:23.087585,Floridsdorf S U,23,347140
2025-08-02T01:09:23.087585,Floridsdorf S U,23,347008
2025-08-02T01:09:23.087585,Floridsdorf S U,23,347897
2025-08-02T01:09:23.087585,Floridsdorf S U,23,347689
2025-08-02T01:09:23.087585,Floridsdorf S U,23,347685
2025-08-02T01:09:23.087585,Floridsdorf S U,23,348178
2025-08-02T01:09:23.087585,Floridsdorf S U,23,348129
2025-08-02T01:09:23.087585,Floridsdorf S U,23,348099
2025-08-02T01:09:23.087585,Floridsdorf S U,23,348624
2025-08-02T01:09:23.087585,Großfeldsiedlung U,23,345481
2025-08-02T01:09:23.087585,Großfeldsiedlung U,23,345343
2025-08-02T01:09:23.087585,Großfeldsiedlung U,23,345238
2025-08-02T01:09:23.087585,Großfeldsiedlung U,23,345214
2025-08-02T01:09:23.087585,Großfeldsiedlung U,23,345153
2025-08-02T01:09:23.087585,Großfeldsiedlung U,23,345906
2025-08-02T01:09:23.087585,Großfeldsiedlung U,23,345794
2025-08-02T01:09:23.087585,Großfeldsiedlung U,23,345653
2025-08-02T01:09:23.087585,Großfeldsiedlung U,23,346425
2025-08-02T01:09:23.087585,Großfeldsiedlung U,23,346093
2025-08-02T01:09:23.087585,Großfeldsiedlung U,23,346979
2025-08-02T01:09:23.087585,Großfeldsiedlung U,23,346906
2025-08-02T01:09:23.087585,Großfeldsiedlung U,23,346892
2025-08-02T01:09:23.087585,Großfeldsiedlung U,23,346836
2025-08-02T01:09:23.087585,Großfeldsiedlung U,23,346821
2025-08-02T01:09:23.087585,Großfeldsiedlung U,23,346588
2025-08-02T01:09:23.087585,Großfeldsiedlung U,23,347246
2025-08-02T01:09:23.087585,Großfeldsiedlung U,23,347104
2025-08-02T01:09:23.087585,Großfeldsiedlung U,23,347883
2025-08-02T01:09:23.087585,Großfeldsiedlung U,23,347554
2025-08-02T01:09:23.087585,Großfeldsiedlung U,23,348018
2025-08-02T01:09:23.087585,Großfeldsiedlung U,23,348585
2025-08-02T01:09:23.087585,Großfeldsiedlung U,23,348584
2025-08-02T01:09:23.087585,Siemensstraße S,21,345337
2025-08-02T01:09:23.087585,Siemensstraße S,21,345203
2025-08-02T01:09:23.087585,Siemensstraße S,21,345840
2025-08-02T01:09:23.087585,Siemensstraße S,21,345750
2025-08-02T01:09:23.087585,Siemensstraße S,21,345550
2025-08-02T01:09:23.087585,Siemensstraße S,21,346453
2025-08-02T01:09:23.087585,Siemensstraße S,21,346282
2025-08-02T01:09:23.087585,Siemensstraße S,21,346980
2025-08-02T01:09:23.087585,Siemensstraße S,21,346686
2025-08-02T01:09:23.087585,Siemensstraße S,21,347401
2025-08-02T01:09:23.087585,Siemensstraße S,21,347356
2025-08-02T01:09:23.087585,Siemensstraße S,21,347335
2025-08-02T01:09:23.087585,Siemensstraße S,21,347089
2025-08-02T01:09:23.087585,Siemensstraße S,21,347087
2025-08-02T01:09:23.087585,Siemensstraße S,21,347015
2025-08-02T01:09:23.087585,Siemensstraße S,21,347917
2025-08-02T01:09:23.087585,Siemensstraße S,21,347916
2025-08-02T01:09:23.087585,Siemensstraße S,21,347634
2025-08-02T01:09:23.087585,Siemensstraße S,21,348443
2025-08-02T01:09:23.087585,Siemensstraße S,21,348272
2025-08-02T01:09:23.087585,Siemensstraße S,21,348700
2025-08-02T01:09:23.087585,Aspernstraße U,9,345210
2025-08-02T01:09:23.087585,Aspernstraße U,9,345958
2025-08-02T01:09:23.087585,Aspernstraße U,9,345865
2025-08-02T01:09:23.087585,Aspernstraße U,9,345860
2025-08-02T01:09:23.087585,Aspernstraße U,9,345714
2025-08-02T01:09:23.087585,Aspernstraße U,9,346260
2025-08-02T01:09:23.087585,Aspernstraße U,9,347069
2025-08-02T01:09:23.087585,Aspernstraße U,9,348311
2025-08-02T01:09:23.087585,Aspernstraße U,9,348098
2025-08-02T01:09:23.087585,Donauspital U,16,345472
2025-08-02T01:09:23.087585,Donauspital U,16,345376
2025-08-02T01:09:23.087585,Donauspital U,16,345239
2025-08-02T01:09:23.087585,Donauspital U,16,345185
2025-08-02T01:09:23.087585,Donauspital U,16,345869
2025-08-02T01:09:23.087585,Donauspital U,16,345838
2025-08-02T01:09:23.087585,Donauspital U,16,345707
2025-08-02T01:09:23.087585,Donauspital U,16,346496
2025-08-02T01:09:23.087585,Donauspital U,16,346412
2025-08-02T01:09:23.087585,Donauspital U,16,347238
2025-08-02T01:09:23.087585,Donauspital U,16,347198
2025-08-02T01:09:23.087585,Donauspital U,16,347753
2025-08-02T01:09:23.087585,Donauspital U,16,347526
2025-08-02T01:09:23.087585,Donauspital U,16,348256
2025-08-02T01:09:23.087585,Donauspital U,16,348684
2025-08-02T01:09:23.087585,Donauspital U,16,348638
2025-08-02T01:09:23.087585,Erzherzog-Karl-Straße S,10,345311
2025-08-02T01:09:23.087585,Erzherzog-Karl-Straße S,10,345211
2025-08-02T01:09:23.087585,Erzherzog-Karl-Straße S,10,345505
2025-08-02T01:09:23.087585,Erzherzog-Karl-Straße S,10,347240
2025-08-02T01:09:23.087585,Erzherzog-Karl-Straße S,10,347748
2025-08-02T01:09:23.087585,Erzherzog-Karl-Straße S,10,348400
2025-08-02T01:09:23.087585,Erzherzog-Karl-Straße S,10,348284
2025-08-02T01:09:23.087585,Erzherzog-Karl-Straße S,10,348695
2025-08-02T01:09:23.087585,Erzherzog-Karl-Straße S,10,348655
2025-08-02T01:09:23.087585,Erzherzog-Karl-Straße S,10,348590
2025-08-02T01:09:23.087585,Hausfeldstraße S U,14,345117
2025-08-02T01:09:23.087585,Hausfeldstraße S U,14,345103
2025-08-02T01:09:23.087585,Hausfeldstraße S U,14,345833
2025-08-02T01:09:23.087585,Hausfeldstraße S U,14,345805
2025-08-02T01:09:23.087585,Hausfeldstraße S U,14,346193
2025-08-02T01:09:23.087585,Hausfeldstraße S U,14,346033
2025-08-02T01:09:23.087585,Hausfeldstraße S U,14,346688
2025-08-02T01:09:23.087585,Hausfeldstraße S U,14,346604
2025-08-02T01:09:23.087585,Hausfeldstraße S U,14,347407
2025-08-02T01:09:23.087585,Hausfeldstraße S U,14,347095
2025-08-02T01:09:23.087585,Hausfeldstraße S U,14,347058
2025-08-02T01:09:23.087585,Hausfeldstraße S U,14,347732
2025-08-02T01:09:23.087585,Hausfeldstraße S U,14,348636
2025-08-02T01:09:23.087585,Hausfeldstraße S U,14,348573
2025-08-02T01:09:23.087585,Kagran U,36,345482
2025-08-02T01:09:23.087585,Kagran U,36,345436
2025-08-02T01:09:23.087585,Kagran U,36,345402
2025-08-02T01:09:23.087585,Kagran U,36,345248
2025-08-02T01:09:23.087585,Kagran U,36,345220
2025-08-02T01:09:23.087585,Kagran U,36,345207
2025-08-02T01:09:23.087585,Kagran U,36,345096
2025-08-02T01:09:23.087585,Kagran U,36,345066
2025-08-02T01:09:23.087585,Kagran U,36,345060
2025-08-02T01:09:23.087585,Kagran U,36,345915
2025-08-02T01:09:23.087585,Kagran U,36,345694
2025-08-02T01:09:23.087585,Kagran U,36,345677
2025-08-02T01:09:23.087585,Kagran U,36,346495
2025-08-02T01:09:23.087585,Kagran U,36,346793
2025-08-02T01:09:23.087585,Kagran U,36,346708
2025-08-02T01:09:23.087585,Kagran U,36,346678
2025-08-02T01:09:23.087585,Kagran U,36,347412
2025-08-02T01:09:23.087585,Kagran U,36,347350
2025-08-02T01:09:23.087585,Kagran U,36,347268
2025-08-02T01:09:23.087585,Kagran U,36,347176
2025-08-02T01:09:23.087585,Kagran U,36,347051
2025-08-02T01:09:23.087585,Kagran U,36,347050
2025-08-02T01:09:23.087585,Kagran U,36,347968
2025-08-02T01:09:23.087585,Kagran U,36,347964
2025-08-02T01:09:23.087585,Kagran U,36,347819
2025-08-02T01:09:23.087585,Kagran U,36,347580
2025-08-02T01:09:23.087585,Kagran U,36,347571
2025-08-02T01:09:23.087585,Kagran U,36,347544
2025-08-02T01:09:23.087585,Kagran U,36,348360
2025-08-02T01:09:23.087585,Kagran U,36,348354
2025-08-02T01:09:23.087585,Kagran U,36,348228
2025-08-02T01:09:23.087585,Kagran U,36,348214
2025-08-02T01:09:23.087585,Kagran U,36,348148
2025-08-02T01:09:23.087585,Kagran U,36,348053
2025-08-02T01:09:23.087585,Kagran U,36,348001
2025-08-02T01:09:23.087585,Kagran U,36,348576
2025-08-02T01:09:23.087585,Maria-Tusch-Straße,16,345419
2025-08-02T01:09:23.087585,Maria-Tusch-Straße,16,345324
2025-08-02T01:09:23.087585,Maria-Tusch-Straße,16,345280
2025-08-02T01:09:23.087585,Maria-Tusch-Straße,16,345136
2025-08-02T01:09:23.087585,Maria-Tusch-Straße,16,345013
2025-08-02T01:09:23.087585,Maria-Tusch-Straße,16,345998
2025-08-02T01:09:23.087585,Maria-Tusch-Straße,16,345754
2025-08-02T01:09:23.087585,Maria-Tusch-Straße,16,345724
2025-08-02T01:09:23.087585,Maria-Tusch-Straße,16,346103
2025-08-02T01:09:23.087585,Maria-Tusch-Straße,16,347341
2025-08-02T01:09:23.087585,Maria-Tusch-Straße,16,347877
2025-08-02T01:09:23.087585,Maria-Tusch-Straße,16,347875
2025-08-02T01:09:23.087585,Maria-Tusch-Straße,16,348487
2025-08-02T01:09:23.087585,Maria-Tusch-Straße,16,348451
2025-08-02T01:09:23.087585,Maria-Tusch-Straße,16,348704
2025-08-02T01:09:23.087585,Maria-Tusch-Straße,16,348592
2025-08-02T01:09:23.087585,Rennbahnweg U,8,345898
2025-08-02T01:09:23.087585,Rennbahnweg U,8,345685
2025-08-02T01:09:23.087585,Rennbahnweg U,8,346186
2025-08-02T01:09:23.087585,Rennbahnweg U,8,346968
2025-08-02T01:09:23.087585,Rennbahnweg U,8,347175
2025-08-02T01:09:23.087585,Rennbahnweg U,8,347044
2025-08-02T01:09:23.087585,Rennbahnweg U,8,347640
2025-08-02T01:09:23.087585,Rennbahnweg U,8,348382
2025-08-02T01:09:23.087585,Schüttauplatz,9,345499
2025-08-02T01:09:23.087585,Schüttauplatz,9,345058
2025-08-02T01:09:23.087585,Schüttauplatz,9,346940
2025-08-02T01:09:23.087585,Schüttauplatz,9,346629
2025-08-02T01:09:23.087585,Schüttauplatz,9,347298
2025-08-02T01:09:23.087585,Schüttauplatz,9,347184
2025-08-02T01:09:23.087585,Schüttauplatz,9,347546
2025-08-02T01:09:23.087585,Schüttauplatz,9,348250
2025-08-02T01:09:23.087585,Schüttauplatz,9,348068
2025-08-02T01:09:23.087585,Stadlau U,16,345447
2025-08-02T01:09:23.087585,Stadlau U,16,345377
2025-08-02T01:09:23.087585,Stadlau U,16,345371
2025-08-02T01:09:23.087585,Stadlau U,16,345339
2025-08-02T01:09:23.087585,Stadlau U,16,345232
2025-08-02T01:09:23.087585,Stadlau U,16,345170
2025-08-02T01:09:23.087585,Stadlau U,16,346383
2025-08-02T01:09:23.087585,Stadlau U,16,346097
2025-08-02T01:09:23.087585,Stadlau U,16,346644
2025-08-02T01:09:23.087585,Stadlau U,16,347378
2025-08-02T01:09:23.087585,Stadlau U,16,347242
2025-08-02T01:09:23.087585,Stadlau U,16,347156
2025-08-02T01:09:23.087585,Stadlau U,16,347826
2025-08-02T01:09:23.087585,Stadlau U,16,347643
2025-08-02T01:09:23.087585,Stadlau U,16,348209
2025-08-02T01:09:23.087585,Stadlau U,16,348687
2025-08-02T01:09:23.087585,VIC Kaisermühlen U,1,345703
2025-08-02T01:09:23.087585,Kagraner Platz U,5,345939
2025-08-02T01:09:23.087585,Kagraner Platz U,5,345887
2025-08-02T01:09:23.087585,Kagraner Platz U,5,347410
2025-08-02T01:09:23.087585,Kagraner Platz U,5,347836
2025-08-02T01:09:23.087585,Kagraner Platz U,5,398722
2025-08-02T01:09:23.087585,Alterlaa U,2,347234
2025-08-02T01:09:23.087585,Alterlaa U,2,348886
2025-08-02T01:09:23.087585,Bacherplatz,27,345237
2025-08-02T01:09:23.087585,Bacherplatz,27,345063
2025-08-02T01:09:23.087585,Bacherplatz,27,345054
2025-08-02T01:09:23.087585,Bacherplatz,27,345951
2025-08-02T01:09:23.087585,Bacherplatz,27,345917
2025-08-02T01:09:23.087585,Bacherplatz,27,345630
2025-08-02T01:09:23.087585,Bacherplatz,27,345606
2025-08-02T01:09:23.087585,Bacherplatz,27,345578
2025-08-02T01:09:23.087585,Bacherplatz,27,345524
2025-08-02T01:09:23.087585,Bacherplatz,27,346473
2025-08-02T01:09:23.087585,Bacherplatz,27,346248
2025-08-02T01:09:23.087585,Bacherplatz,27,346205
2025-08-02T01:09:23.087585,Bacherplatz,27,346092
2025-08-02T01:09:23.087585,Bacherplatz,27,346934
2025-08-02T01:09:23.087585,Bacherplatz,27,347470
2025-08-02T01:09:23.087585,Bacherplatz,27,347413
2025-08-02T01:09:23.087585,Bacherplatz,27,347294
2025-08-02T01:09:23.087585,Bacherplatz,27,347191
2025-08-02T01:09:23.087585,Bacherplatz,27,347174
2025-08-02T01:09:23.087585,Bacherplatz,27,347005
2025-08-02T01:09:23.087585,Bacherplatz,27,347736
2025-08-02T01:09:23.087585,Bacherplatz,27,347702
2025-08-02T01:09:23.087585,Bacherplatz,27,347618
2025-08-02T01:09:23.087585,Bacherplatz,27,348348
2025-08-02T01:09:23.087585,Bacherplatz,27,348681
2025-08-02T01:09:23.087585,Bacherplatz,27,348602
2025-08-02T01:09:23.087585,Bacherplatz,27,348543
2025-08-02T01:09:23.087585,Carl-Appel-Straße,13,345403
2025-08-02T01:09:23.087585,Carl-Appel-Straße,13,345138
2025-08-02T01:09:23.087585,Carl-Appel-Straße,13,345779
2025-08-02T01:09:23.087585,Carl-Appel-Straße,13,345648
2025-08-02T01:09:23.087585,Carl-Appel-Straße,13,345585
2025-08-02T01:09:23.087585,Carl-Appel-Straße,13,346715
2025-08-02T01:09:23.087585,Carl-Appel-Straße,13,347369
2025-08-02T01:09:23.087585,Carl-Appel-Straße,13,347332
2025-08-02T01:09:23.087585,Carl-Appel-Straße,13,347898
2025-08-02T01:09:23.087585,Carl-Appel-Straße,13,347717
2025-08-02T01:09:23.087585,Carl-Appel-Straße,13,348379
2025-08-02T01:09:23.087585,Carl-Appel-Straße,13,348194
2025-08-02T01:09:23.087585,Carl-Appel-Straße,13,348101
2025-08-02T01:09:23.087585,Otto-Probst-Platz,19,345450
2025-08-02T01:09:23.087585,Otto-Probst-Platz,19,345386
2025-08-02T01:09:23.087585,Otto-Probst-Platz,19,345243
2025-08-02T01:09:23.087585,Otto-Probst-Platz,19,345074
2025-08-02T01:09:23.087585,Otto-Probst-Platz,19,345912
2025-08-02T01:09:23.087585,Otto-Probst-Platz,19,345744
2025-08-02T01:09:23.087585,Otto-Probst-Platz,19,347155
2025-08-02T01:09:23.087585,Otto-Probst-Platz,19,347154
2025-08-02T01:09:23.087585,Otto-Probst-Platz,19,347988
2025-08-02T01:09:23.087585,Otto-Probst-Platz,19,347894
2025-08-02T01:09:23.087585,Otto-Probst-Platz,19,347531
2025-08-02T01:09:23.087585,Otto-Probst-Platz,19,348395
2025-08-02T01:09:23.087585,Otto-Probst-Platz,19,348196
2025-08-02T01:09:23.087585,Otto-Probst-Platz,19,348699
2025-08-02T01:09:23.087585,Otto-Probst-Platz,19,348618
2025-08-02T01:09:23.087585,Otto-Probst-Platz,19,348617
2025-08-02T01:09:23.087585,Otto-Probst-Platz,19,348609
2025-08-02T01:09:23.087585,Otto-Probst-Platz,19,348599
2025-08-02T01:09:23.087585,Otto-Probst-Platz,19,348539
2025-08-02T01:09:23.087585,Alaudagasse U,3,345925
2025-08-02T01:09:23.087585,Alaudagasse U,3,346747
2025-08-02T01:09:23.087585,Alaudagasse U,3,348134
2025-08-02T01:09:23.087585,Svetelskystraße,5,345293
2025-08-02T01:09:23.087585,Svetelskystraße,5,346334
2025-08-02T01:09:23.087585,Svetelskystraße,5,347843
2025-08-02T01:09:23.087585,Svetelskystraße,5,347565
2025-08-02T01:09:23.087585,Svetelskystraße,5,348407
2025-08-02T01:09:23.087585,Weißenböckstraße,18,345470
2025-08-02T01:09:23.087585,Weißenböckstraße,18,345342
2025-08-02T01:09:23.087585,Weißenböckstraße,18,345611
2025-08-02T01:09:23.087585,Weißenböckstraße,18,346390
2025-08-02T01:09:23.087585,Weißenböckstraße,18,346027
2025-08-02T01:09:23.087585,Weißenböckstraße,18,346543
2025-08-02T01:09:23.087585,Weißenböckstraße,18,346540
2025-08-02T01:09:23.087585,Weißenböckstraße,18,347202
2025-08-02T01:09:23.087585,Weißenböckstraße,18,347083
2025-08-02T01:09:23.087585,Weißenböckstraße,18,347777
2025-08-02T01:09:23.087585,Weißenböckstraße,18,347726
2025-08-02T01:09:23.087585,Weißenböckstraße,18,348455
2025-08-02T01:09:23.087585,Weißenböckstraße,18,348255
2025-08-02T01:09:23.087585,Weißenböckstraße,18,348707
2025-08-02T01:09:23.087585,Weißenböckstraße,18,348650
2025-08-02T01:09:23.087585,Weißenböckstraße,18,348551
2025-08-02T01:09:23.087585,Weißenböckstraße,18,348538
2025-08-02T01:09:23.087585,Weißenböckstraße,18,398735
2025-08-02T01:09:23.087585,Zentralfriedhof 2. Tor,1,345705
2025-08-02T01:09:23.087585,Simoningplatz,14,345260
2025-08-02T01:09:23.087585,Simoningplatz,14,345877
2025-08-02T01:09:23.087585,Simoningplatz,14,345664
2025-08-02T01:09:23.087585,Simoningplatz,14,346922
2025-08-02T01:09:23.087585,Simoningplatz,14,346881
2025-08-02T01:09:23.087585,Simoningplatz,14,346841
2025-08-02T01:09:23.087585,Simoningplatz,14,347320
2025-08-02T01:09:23.087585,Simoningplatz,14,347271
2025-08-02T01:09:23.087585,Simoningplatz,14,347082
2025-08-02T01:09:23.087585,Simoningplatz,14,347059
2025-08-02T01:09:23.087585,Simoningplatz,14,347545
2025-08-02T01:09:23.087585,Simoningplatz,14,348404
2025-08-02T01:09:23.087585,Simoningplatz,14,348675
2025-08-02T01:09:23.087585,Simoningplatz,14,348630
2025-08-02T01:09:23.087585,Zippererstraße U,2,345619
2025-08-02T01:09:23.087585,Zippererstraße U,2,346291
2025-08-02T01:09:23.087585,Hetzendorf S,4,345603
2025-08-02T01:09:23.087585,Hetzendorf S,4,346964
2025-08-02T01:09:23.087585,Hetzendorf S,4,346597
2025-08-02T01:09:23.087585,Hetzendorf S,4,348251
2025-08-02T01:09:23.087585,Gatterhölzl,5,345183
2025-08-02T01:09:23.087585,Gatterhölzl,5,345789
2025-08-02T01:09:23.087585,Gatterhölzl,5,345640
2025-08-02T01:09:23.087585,Gatterhölzl,5,347345
2025-08-02T01:09:23.087585,Gatterhölzl,5,348232
2025-08-02T01:09:23.087585,Speising S,2,347450
2025-08-02T01:09:23.087585,Speising S,2,348246
2025-08-02T01:09:23.087585,Hasnerstraße / Hofferplatz,3,346389
2025-08-02T01:09:23.087585,Hasnerstraße / Hofferplatz,3,347839
2025-08-02T01:09:23.087585,Hasnerstraße / Hofferplatz,3,348222
2025-08-02T01:09:23.087585,Nietzscheplatz,7,345689
2025-08-02T01:09:23.087585,Nietzscheplatz,7,346912
2025-08-02T01:09:23.087585,Nietzscheplatz,7,346518
2025-08-02T01:09:23.087585,Nietzscheplatz,7,347959
2025-08-02T01:09:23.087585,Nietzscheplatz,7,347857
2025-08-02T01:09:23.087585,Nietzscheplatz,7,348029
2025-08-02T01:09:23.087585,Nietzscheplatz,7,348868
2025-08-02T01:09:23.087585,Wattgasse,2,346742
2025-08-02T01:09:23.087585,Wattgasse,2,348465
2025-08-02T01:09:23.087585,Grinzing,1,346030
2025-08-02T01:09:23.087585,Oberdöbling S,10,345042
2025-08-02T01:09:23.087585,Oberdöbling S,10,345882
2025-08-02T01:09:23.087585,Oberdöbling S,10,346458
2025-08-02T01:09:23.087585,Oberdöbling S,10,346155
2025-08-02T01:09:23.087585,Oberdöbling S,10,346795
2025-08-02T01:09:23.087585,Oberdöbling S,10,347890
2025-08-02T01:09:23.087585,Oberdöbling S,10,347505
2025-08-02T01:09:23.087585,Oberdöbling S,10,348480
2025-08-02T01:09:23.087585,Oberdöbling S,10,348241
2025-08-02T01:09:23.087585,Oberdöbling S,10,348015
2025-08-02T01:09:23.087585,Kantnergasse,6,345696
2025-08-02T01:09:23.087585,Kantnergasse,6,347911
2025-08-02T01:09:23.087585,Kantnergasse,6,347764
2025-08-02T01:09:23.087585,Kantnergasse,6,348342
2025-08-02T01:09:23.087585,Kantnergasse,6,348028
2025-08-02T01:09:23.087585,Kantnergasse,6,348023
2025-08-02T01:09:23.087585,Leopoldau S U,3,345422
2025-08-02T01:09:23.087585,Leopoldau S U,3,345521
2025-08-02T01:09:23.087585,Leopoldau S U,3,348642
2025-08-02T01:09:23.087585,Josef-Baumann-Gasse,30,345463
2025-08-02T01:09:23.087585,Josef-Baumann-Gasse,30,345452
2025-08-02T01:09:23.087585,Josef-Baumann-Gasse,30,345443
2025-08-02T01:09:23.087585,Josef-Baumann-Gasse,30,345162
2025-08-02T01:09:23.087585,Josef-Baumann-Gasse,30,345721
2025-08-02T01:09:23.087585,Josef-Baumann-Gasse,30,346436
2025-08-02T01:09:23.087585,Josef-Baumann-Gasse,30,346392
2025-08-02T01:09:23.087585,Josef-Baumann-Gasse,30,346263
2025-08-02T01:09:23.087585,Josef-Baumann-Gasse,30,346113
2025-08-02T01:09:23.087585,Josef-Baumann-Gasse,30,346109
2025-08-02T01:09:23.087585,Josef-Baumann-Gasse,30,346061
2025-08-02T01:09:23.087585,Josef-Baumann-Gasse,30,346043
2025-08-02T01:09:23.087585,Josef-Baumann-Gasse,30,346007
2025-08-02T01:09:23.087585,Josef-Baumann-Gasse,30,346937
2025-08-02T01:09:23.087585,Josef-Baumann-Gasse,30,346882
2025-08-02T01:09:23.087585,Josef-Baumann-Gasse,30,346850
2025-08-02T01:09:23.087585,Josef-Baumann-Gasse,30,346698
2025-08-02T01:09:23.087585,Josef-Baumann-Gasse,30,346662
2025-08-02T01:09:23.087585,Josef-Baumann-Gasse,30,346547
2025-08-02T01:09:23.087585,Josef-Baumann-Gasse,30,347499
2025-08-02T01:09:23.087585,Josef-Baumann-Gasse,30,347444
2025-08-02T01:09:23.087585,Josef-Baumann-Gasse,30,347419
2025-08-02T01:09:23.087585,Josef-Baumann-Gasse,30,347303
2025-08-02T01:09:23.087585,Josef-Baumann-Gasse,30,347012
2025-08-02T01:09:23.087585,Josef-Baumann-Gasse,30,347949
2025-08-02T01:09:23.087585,Josef-Baumann-Gasse,30,348449
2025-08-02T01:09:23.087585,Josef-Baumann-Gasse,30,348327
2025-08-02T01:09:23.087585,Josef-Baumann-Gasse,30,348203
2025-08-02T01:09:23.087585,Josef-Baumann-Gasse,30,348158
2025-08-02T01:09:23.087585,Josef-Baumann-Gasse,30,398719
2025-08-02T01:09:23.087585,Fultonstraße,13,345493
2025-08-02T01:09:23.087585,Fultonstraße,13,345000
2025-08-02T01:09:23.087585,Fultonstraße,13,345922
2025-08-02T01:09:23.087585,Fultonstraße,13,345765
2025-08-02T01:09:23.087585,Fultonstraße,13,345684
2025-08-02T01:09:23.087585,Fultonstraße,13,346421
2025-08-02T01:09:23.087585,Fultonstraße,13,346691
2025-08-02T01:09:23.087585,Fultonstraße,13,346659
2025-08-02T01:09:23.087585,Fultonstraße,13,347946
2025-08-02T01:09:23.087585,Fultonstraße,13,347803
2025-08-02T01:09:23.087585,Fultonstraße,13,348653
2025-08-02T01:09:23.087585,Fultonstraße,13,348605
2025-08-02T01:09:23.087585,Fultonstraße,13,349045
2025-08-02T01:09:23.087585,Hopfengasse,17,345366
2025-08-02T01:09:23.087585,Hopfengasse,17,345030
2025-08-02T01:09:23.087585,Hopfengasse,17,345876
2025-08-02T01:09:23.087585,Hopfengasse,17,345800
2025-08-02T01:09:23.087585,Hopfengasse,17,346111
2025-08-02T01:09:23.087585,Hopfengasse,17,346873
2025-08-02T01:09:23.087585,Hopfengasse,17,347482
2025-08-02T01:09:23.087585,Hopfengasse,17,347337
2025-08-02T01:09:23.087585,Hopfengasse,17,347324
2025-08-02T01:09:23.087585,Hopfengasse,17,347314
2025-08-02T01:09:23.087585,Hopfengasse,17,347272
2025-08-02T01:09:23.087585,Hopfengasse,17,347218
2025-08-02T01:09:23.087585,Hopfengasse,17,347150
2025-08-02T01:09:23.087585,Hopfengasse,17,347991
2025-08-02T01:09:23.087585,Hopfengasse,17,348384
2025-08-02T01:09:23.087585,Hopfengasse,17,348282
2025-08-02T01:09:23.087585,Hopfengasse,17,348026
2025-08-02T01:09:23.087585,Jedlesee / Bellgasse,5,345662
2025-08-02T01:09:23.087585,Jedlesee / Bellgasse,5,346082
2025-08-02T01:09:23.087585,Jedlesee / Bellgasse,5,346501
2025-08-02T01:09:23.087585,Jedlesee / Bellgasse,5,347821
2025-08-02T01:09:23.087585,Jedlesee / Bellgasse,5,348600
2025-08-02T01:09:23.087585,Jedleseer Friedhof,10,345435
2025-08-02T01:09:23.087585,Jedleseer Friedhof,10,345222
2025-08-02T01:09:23.087585,Jedleseer Friedhof,10,346947
2025-08-02T01:09:23.087585,Jedleseer Friedhof,10,346627
2025-08-02T01:09:23.087585,Jedleseer Friedhof,10,347481
2025-08-02T01:09:23.087585,Jedleseer Friedhof,10,347231
2025-08-02T01:09:23.087585,Jedleseer Friedhof,10,347611
2025-08-02T01:09:23.087585,Jedleseer Friedhof,10,348422
2025-08-02T01:09:23.087585,Jedleseer Friedhof,10,348398
2025-08-02T01:09:23.087585,Jedleseer Friedhof,10,348332
2025-08-02T01:09:23.087585,Strebersdorf / Edmund-Hawranek-Platz,15,345158
2025-08-02T01:09:23.087585,Strebersdorf / Edmund-Hawranek-Platz,15,345125
2025-08-02T01:09:23.087585,Strebersdorf / Edmund-Hawranek-Platz,15,346384
2025-08-02T01:09:23.087585,Strebersdorf / Edmund-Hawranek-Platz,15,346359
2025-08-02T01:09:23.087585,Strebersdorf / Edmund-Hawranek-Platz,15,346253
2025-08-02T01:09:23.087585,Strebersdorf / Edmund-Hawranek-Platz,15,346062
2025-08-02T01:09:23.087585,Strebersdorf / Edmund-Hawranek-Platz,15,346766
2025-08-02T01:09:23.087585,Strebersdorf / Edmund-Hawranek-Platz,15,347380
2025-08-02T01:09:23.087585,Strebersdorf / Edmund-Hawranek-Platz,15,347376
2025-08-02T01:09:23.087585,Strebersdorf / Edmund-Hawranek-Platz,15,347103
2025-08-02T01:09:23.087585,Strebersdorf / Edmund-Hawranek-Platz,15,347922
2025-08-02T01:09:23.087585,Strebersdorf / Edmund-Hawranek-Platz,15,347893
2025-08-02T01:09:23.087585,Strebersdorf / Edmund-Hawranek-Platz,15,348444
2025-08-02T01:09:23.087585,Strebersdorf / Edmund-Hawranek-Platz,15,348350
2025-08-02T01:09:23.087585,Strebersdorf / Edmund-Hawranek-Platz,15,348701
2025-08-02T01:09:23.087585,Kagraner Anger,6,345751
2025-08-02T01:09:23.087585,Kagraner Anger,6,346037
2025-08-02T01:09:23.087585,Kagraner Anger,6,346998
2025-08-02T01:09:23.087585,Kagraner Anger,6,347856
2025-08-02T01:09:23.087585,Kagraner Anger,6,347780
2025-08-02T01:09:23.087585,Kagraner Anger,6,348614
2025-08-02T01:09:23.087585,Stavangergasse,5,345015
2025-08-02T01:09:23.087585,Stavangergasse,5,347438
2025-08-02T01:09:23.087585,Stavangergasse,5,347021
2025-08-02T01:09:23.087585,Stavangergasse,5,347925
2025-08-02T01:09:23.087585,Stavangergasse,5,348608
2025-08-02T01:09:23.087585,Hans-Steger-Gasse,13,345230
2025-08-02T01:09:23.087585,Hans-Steger-Gasse,13,345163
2025-08-02T01:09:23.087585,Hans-Steger-Gasse,13,345968
2025-08-02T01:09:23.087585,Hans-Steger-Gasse,13,345642
2025-08-02T01:09:23.087585,Hans-Steger-Gasse,13,346626
2025-08-02T01:09:23.087585,Hans-Steger-Gasse,13,346591
2025-08-02T01:09:23.087585,Hans-Steger-Gasse,13,346511
2025-08-02T01:09:23.087585,Hans-Steger-Gasse,13,347159
2025-08-02T01:09:23.087585,Hans-Steger-Gasse,13,347065
2025-08-02T01:09:23.087585,Hans-Steger-Gasse,13,347000
2025-08-02T01:09:23.087585,Hans-Steger-Gasse,13,347582
2025-08-02T01:09:23.087585,Hans-Steger-Gasse,13,348447
2025-08-02T01:09:23.087585,Hans-Steger-Gasse,13,348671
2025-08-02T01:09:23.087585,Hirschstetten S,15,345916
2025-08-02T01:09:23.087585,Hirschstetten S,15,345808
2025-08-02T01:09:23.087585,Hirschstetten S,15,345658
2025-08-02T01:09:23.087585,Hirschstetten S,15,346420
2025-08-02T01:09:23.087585,Hirschstetten S,15,346403
2025-08-02T01:09:23.087585,Hirschstetten S,15,346372
2025-08-02T01:09:23.087585,Hirschstetten S,15,346344
2025-08-02T01:09:23.087585,Hirschstetten S,15,346149
2025-08-02T01:09:23.087585,Hirschstetten S,15,346120
2025-08-02T01:09:23.087585,Hirschstetten S,15,346063
2025-08-02T01:09:23.087585,Hirschstetten S,15,346949
2025-08-02T01:09:23.087585,Hirschstetten S,15,347814
2025-08-02T01:09:23.087585,Hirschstetten S,15,347687
2025-08-02T01:09:23.087585,Hirschstetten S,15,348690
2025-08-02T01:09:23.087585,Hirschstetten S,15,348685
2025-08-02T01:09:23.087585,Atzgersdorf S,16,345438
2025-08-02T01:09:23.087585,Atzgersdorf S,16,345184
2025-08-02T01:09:23.087585,Atzgersdorf S,16,345926
2025-08-02T01:09:23.087585,Atzgersdorf S,16,345786
2025-08-02T01:09:23.087585,Atzgersdorf S,16,345637
2025-08-02T01:09:23.087585,Atzgersdorf S,16,346957
2025-08-02T01:09:23.087585,Atzgersdorf S,16,346859
2025-08-02T01:09:23.087585,Atzgersdorf S,16,346789
2025-08-02T01:09:23.087585,Atzgersdorf S,16,346563
2025-08-02T01:09:23.087585,Atzgersdorf S,16,347260
2025-08-02T01:09:23.087585,Atzgersdorf S,16,347166
2025-08-02T01:09:23.087585,Atzgersdorf S,16,347871
2025-08-02T01:09:23.087585,Atzgersdorf S,16,347776
2025-08-02T01:09:23.087585,Atzgersdorf S,16,347682
2025-08-02T01:09:23.087585,Atzgersdorf S,16,347666
2025-08-02T01:09:23.087585,Atzgersdorf S,16,348002
2025-08-02T01:09:23.087585,Siebenhirten U,5,345382
2025-08-02T01:09:23.087585,Siebenhirten U,5,345525
2025-08-02T01:09:23.087585,Siebenhirten U,5,346042
2025-08-02T01:09:23.087585,Siebenhirten U,5,346637
2025-08-02T01:09:23.087585,Siebenhirten U,5,346507
2025-08-02T01:09:23.087585,Perfektastraße U,18,345444
2025-08-02T01:09:23.087585,Perfektastraße U,18,345399
2025-08-02T01:09:23.087585,Perfektastraße U,18,345289
2025-08-02T01:09:23.087585,Perfektastraße U,18,345988
2025-08-02T01:09:23.087585,Perfektastraße U,18,345885
2025-08-02T01:09:23.087585,Perfektastraße U,18,345861
2025-08-02T01:09:23.087585,Perfektastraße U,18,345574
2025-08-02T01:09:23.087585,Perfektastraße U,18,346494
2025-08-02T01:09:23.087585,Perfektastraße U,18,346136
2025-08-02T01:09:23.087585,Perfektastraße U,18,346004
2025-08-02T01:09:23.087585,Perfektastraße U,18,346625
2025-08-02T01:09:23.087585,Perfektastraße U,18,346556
2025-08-02T01:09:23.087585,Perfektastraße U,18,347041
2025-08-02T01:09:23.087585,Perfektastraße U,18,347834
2025-08-02T01:09:23.087585,Perfektastraße U,18,347825
2025-08-02T01:09:23.087585,Perfektastraße U,18,347601
2025-08-02T01:09:23.087585,Perfektastraße U,18,348453
2025-08-02T01:09:23.087585,Perfektastraße U,18,348629
2025-08-02T01:09:23.087585,Praterstern Ausstellungsstraße,14,345050
2025-08-02T01:09:23.087585,Praterstern Ausstellungsstraße,14,345905
2025-08-02T01:09:23.087585,Praterstern Ausstellungsstraße,14,345823
2025-08-02T01:09:23.087585,Praterstern Ausstellungsstraße,14,346768
2025-08-02T01:09:23.087585,Praterstern Ausstellungsstraße,14,347251
2025-08-02T01:09:23.087585,Praterstern Ausstellungsstraße,14,347134
2025-08-02T01:09:23.087585,Praterstern Ausstellungsstraße,14,347899
2025-08-02T01:09:23.087585,Praterstern Ausstellungsstraße,14,347727
2025-08-02T01:09:23.087585,Praterstern Ausstellungsstraße,14,348326
2025-08-02T01:09:23.087585,Praterstern Ausstellungsstraße,14,348281
2025-08-02T01:09:23.087585,Praterstern Ausstellungsstraße,14,348197
2025-08-02T01:09:23.087585,Praterstern Ausstellungsstraße,14,348103
2025-08-02T01:09:23.087585,Praterstern Ausstellungsstraße,14,398730
2025-08-02T01:09:23.087585,Praterstern Ausstellungsstraße,14,348918
2025-08-02T01:09:23.087585,Muthgasse,14,345479
2025-08-02T01:09:23.087585,Muthgasse,14,345115
2025-08-02T01:09:23.087585,Muthgasse,14,345075
2025-08-02T01:09:23.087585,Muthgasse,14,345956
2025-08-02T01:09:23.087585,Muthgasse,14,346297
2025-08-02T01:09:23.087585,Muthgasse,14,346197
2025-08-02T01:09:23.087585,Muthgasse,14,346995
2025-08-02T01:09:23.087585,Muthgasse,14,347161
2025-08-02T01:09:23.087585,Muthgasse,14,347872
2025-08-02T01:09:23.087585,Muthgasse,14,347739
2025-08-02T01:09:23.087585,Muthgasse,14,347501
2025-08-02T01:09:23.087585,Muthgasse,14,348216
2025-08-02T01:09:23.087585,Muthgasse,14,348162
2025-08-02T01:09:23.087585,Muthgasse,14,348095
2025-08-02T01:09:23.087585,Liesing S,12,345083
2025-08-02T01:09:23.087585,Liesing S,12,345678
2025-08-02T01:09:23.087585,Liesing S,12,346219
2025-08-02T01:09:23.087585,Liesing S,12,346928
2025-08-02T01:09:23.087585,Liesing S,12,346717
2025-08-02T01:09:23.087585,Liesing S,12,347351
2025-08-02T01:09:23.087585,Liesing S,12,347886
2025-08-02T01:09:23.087585,Liesing S,12,347783
2025-08-02T01:09:23.087585,Liesing S,12,347723
2025-08-02T01:09:23.087585,Liesing S,12,347676
2025-08-02T01:09:23.087585,Liesing S,12,348145
2025-08-02T01:09:23.087585,Liesing S,12,348567
2025-08-02T01:09:23.087585,Aspern Nord S U,12,345486
2025-08-02T01:09:23.087585,Aspern Nord S U,12,345369
2025-08-02T01:09:23.087585,Aspern Nord S U,12,345245
2025-08-02T01:09:23.087585,Aspern Nord S U,12,345851
2025-08-02T01:09:23.087585,Aspern Nord S U,12,345704
2025-08-02T01:09:23.087585,Aspern Nord S U,12,345500
2025-08-02T01:09:23.087585,Aspern Nord S U,12,346318
2025-08-02T01:09:23.087585,Aspern Nord S U,12,346311
2025-08-02T01:09:23.087585,Aspern Nord S U,12,346854
2025-08-02T01:09:23.087585,Aspern Nord S U,12,346663
2025-08-02T01:09:23.087585,Aspern Nord S U,12,348231
2025-08-02T01:09:23.087585,Aspern Nord S U,12,348531
2025-08-02T01:09:23.087585,Seepark,1,348540
2025-08-02T01:09:23.087585,Seestadt U,14,345094
2025-08-02T01:09:23.087585,Seestadt U,14,345904
2025-08-02T01:09:23.087585,Seestadt U,14,345891
2025-08-02T01:09:23.087585,Seestadt U,14,345620
2025-08-02T01:09:23.087585,Seestadt U,14,346126
2025-08-02T01:09:23.087585,Seestadt U,14,346723
2025-08-02T01:09:23.087585,Seestadt U,14,346546
2025-08-02T01:09:23.087585,Seestadt U,14,347270
2025-08-02T01:09:23.087585,Seestadt U,14,347703
2025-08-02T01:09:23.087585,Seestadt U,14,348386
2025-08-02T01:09:23.087585,Seestadt U,14,348268
2025-08-02T01:09:23.087585,Seestadt U,14,348072
2025-08-02T01:09:23.087585,Seestadt U,14,348003
2025-08-02T01:09:23.087585,Seestadt U,14,348552
2025-08-02T01:09:23.087585,Schwedenplatz,24,345221
2025-08-02T01:09:23.087585,Schwedenplatz,24,345628
2025-08-02T01:09:23.087585,Schwedenplatz,24,346498
2025-08-02T01:09:23.087585,Schwedenplatz,24,346427
2025-08-02T01:09:23.087585,Schwedenplatz,24,346065
2025-08-02T01:09:23.087585,Schwedenplatz,24,346057
2025-08-02T01:09:23.087585,Schwedenplatz,24,346927
2025-08-02T01:09:23.087585,Schwedenplatz,24,346925
2025-08-02T01:09:23.087585,Schwedenplatz,24,346843
2025-08-02T01:09:23.087585,Schwedenplatz,24,346693
2025-08-02T01:09:23.087585,Schwedenplatz,24,346575
2025-08-02T01:09:23.087585,Schwedenplatz,24,346548
2025-08-02T01:09:23.087585,Schwedenplatz,24,347186
2025-08-02T01:09:23.087585,Schwedenplatz,24,347860
2025-08-02T01:09:23.087585,Schwedenplatz,24,347852
2025-08-02T01:09:23.087585,Schwedenplatz,24,347658
2025-08-02T01:09:23.087585,Schwedenplatz,24,347617
2025-08-02T01:09:23.087585,Schwedenplatz,24,347581
2025-08-02T01:09:23.087585,Schwedenplatz,24,348433
2025-08-02T01:09:23.087585,Schwedenplatz,24,348240
2025-08-02T01:09:23.087585,Schwedenplatz,24,348226
2025-08-02T01:09:23.087585,Schwedenplatz,24,348085
2025-08-02T01:09:23.087585,Schwedenplatz,24,348064
2025-08-02T01:09:23.087585,Schwedenplatz,24,348523
2025-08-02T01:09:23.087585,Kultursommer25 - Waldmüllerpark,15,345907
2025-08-02T01:09:23.087585,Kultursommer25 - Waldmüllerpark,15,345827
2025-08-02T01:09:23.087585,Kultursommer25 - Waldmüllerpark,15,345708
2025-08-02T01:09:23.087585,Kultursommer25 - Waldmüllerpark,15,346417
2025-08-02T01:09:23.087585,Kultursommer25 - Waldmüllerpark,15,346315
2025-08-02T01:09:23.087585,Kultursommer25 - Waldmüllerpark,15,346035
2025-08-02T01:09:23.087585,Kultursommer25 - Waldmüllerpark,15,346811
2025-08-02T01:09:23.087585,Kultursommer25 - Waldmüllerpark,15,346643
2025-08-02T01:09:23.087585,Kultursommer25 - Waldmüllerpark,15,347157
2025-08-02T01:09:23.087585,Kultursommer25 - Waldmüllerpark,15,347129
2025-08-02T01:09:23.087585,Kultursommer25 - Waldmüllerpark,15,347923
2025-08-02T01:09:23.087585,Kultursommer25 - Waldmüllerpark,15,348238
2025-08-02T01:09:23.087585,Kultursommer25 - Waldmüllerpark,15,348200
2025-08-02T01:09:23.087585,Kultursommer25 - Waldmüllerpark,15,348105
2025-08-02T01:09:23.087585,Kultursommer25 - Waldmüllerpark,15,348563
2025-08-02T01:09:23.087585,Stubentor U,7,346118
2025-08-02T01:09:23.087585,Stubentor U,7,346049
2025-08-02T01:09:23.087585,Stubentor U,7,346044
2025-08-02T01:09:23.087585,Stubentor U,7,346926
2025-08-02T01:09:23.087585,Stubentor U,7,346709
2025-08-02T01:09:23.087585,Stubentor U,7,348108
2025-08-02T01:09:23.087585,Stubentor U,7,348062
2025-08-02T01:09:23.087585,Landstraße - Wien Mitte S U,30,345491
2025-08-02T01:09:23.087585,Landstraße - Wien Mitte S U,30,345417
2025-08-02T01:09:23.087585,Landstraße - Wien Mitte S U,30,345409
2025-08-02T01:09:23.087585,Landstraße - Wien Mitte S U,30,345390
2025-08-02T01:09:23.087585,Landstraße - Wien Mitte S U,30,345292
2025-08-02T01:09:23.087585,Landstraße - Wien Mitte S U,30,345118
2025-08-02T01:09:23.087585,Landstraße - Wien Mitte S U,30,345831
2025-08-02T01:09:23.087585,Landstraße - Wien Mitte S U,30,346051
2025-08-02T01:09:23.087585,Landstraße - Wien Mitte S U,30,346050
2025-08-02T01:09:23.087585,Landstraße - Wien Mitte S U,30,346624
2025-08-02T01:09:23.087585,Landstraße - Wien Mitte S U,30,346608
2025-08-02T01:09:23.087585,Landstraße - Wien Mitte S U,30,347353
2025-08-02T01:09:23.087585,Landstraße - Wien Mitte S U,30,347257
2025-08-02T01:09:23.087585,Landstraße - Wien Mitte S U,30,347224
2025-08-02T01:09:23.087585,Landstraße - Wien Mitte S U,30,347209
2025-08-02T01:09:23.087585,Landstraße - Wien Mitte S U,30,347181
2025-08-02T01:09:23.087585,Landstraße - Wien Mitte S U,30,347152
2025-08-02T01:09:23.087585,Landstraße - Wien Mitte S U,30,347870
2025-08-02T01:09:23.087585,Landstraße - Wien Mitte S U,30,347662
2025-08-02T01:09:23.087585,Landstraße - Wien Mitte S U,30,347589
2025-08-02T01:09:23.087585,Landstraße - Wien Mitte S U,30,347564
2025-08-02T01:09:23.087585,Landstraße - Wien Mitte S U,30,348498
2025-08-02T01:09:23.087585,Landstraße - Wien Mitte S U,30,348477
2025-08-02T01:09:23.087585,Landstraße - Wien Mitte S U,30,348428
2025-08-02T01:09:23.087585,Landstraße - Wien Mitte S U,30,348351
2025-08-02T01:09:23.087585,Landstraße - Wien Mitte S U,30,348211
2025-08-02T01:09:23.087585,Landstraße - Wien Mitte S U,30,348160
2025-08-02T01:09:23.087585,Landstraße - Wien Mitte S U,30,348139
2025-08-02T01:09:23.087585,Landstraße - Wien Mitte S U,30,348044
2025-08-02T01:09:23.087585,Landstraße - Wien Mitte S U,30,348574
2025-08-02T01:09:23.087585,Praterstern S U,37,345469
2025-08-02T01:09:23.087585,Praterstern S U,37,345453
2025-08-02T01:09:23.087585,Praterstern S U,37,345392
2025-08-02T01:09:23.087585,Praterstern S U,37,345349
2025-08-02T01:09:23.087585,Praterstern S U,37,345037
2025-08-02T01:09:23.087585,Praterstern S U,37,345943
2025-08-02T01:09:23.087585,Praterstern S U,37,345695
2025-08-02T01:09:23.087585,Praterstern S U,37,345657
2025-08-02T01:09:23.087585,Praterstern S U,37,345553
2025-08-02T01:09:23.087585,Praterstern S U,37,346450
2025-08-02T01:09:23.087585,Praterstern S U,37,346366
2025-08-02T01:09:23.087585,Praterstern S U,37,346064
2025-08-02T01:09:23.087585,Praterstern S U,37,346959
2025-08-02T01:09:23.087585,Praterstern S U,37,346830
2025-08-02T01:09:23.087585,Praterstern S U,37,346822
2025-08-02T01:09:23.087585,Praterstern S U,37,346514
2025-08-02T01:09:23.087585,Praterstern S U,37,347471
2025-08-02T01:09:23.087585,Praterstern S U,37,347464
2025-08-02T01:09:23.087585,Praterstern S U,37,347392
2025-08-02T01:09:23.087585,Praterstern S U,37,347364
2025-08-02T01:09:23.087585,Praterstern S U,37,347144
2025-08-02T01:09:23.087585,Praterstern S U,37,347133
2025-08-02T01:09:23.087585,Praterstern S U,37,347117
2025-08-02T01:09:23.087585,Praterstern S U,37,347996
2025-08-02T01:09:23.087585,Praterstern S U,37,347981
2025-08-02T01:09:23.087585,Praterstern S U,37,347818
2025-08-02T01:09:23.087585,Praterstern S U,37,347798
2025-08-02T01:09:23.087585,Praterstern S U,37,347607
2025-08-02T01:09:23.087585,Praterstern S U,37,347603
2025-08-02T01:09:23.087585,Praterstern S U,37,348429
2025-08-02T01:09:23.087585,Praterstern S U,37,348414
2025-08-02T01:09:23.087585,Praterstern S U,37,348059
2025-08-02T01:09:23.087585,Praterstern S U,37,348703
2025-08-02T01:09:23.087585,Praterstern S U,37,348674
2025-08-02T01:09:23.087585,Praterstern S U,37,348666
2025-08-02T01:09:23.087585,Praterstern S U,37,348649
2025-08-02T01:09:23.087585,Praterstern S U,37,348537
2025-08-02T01:09:23.087585,Rustengasse,7,345793
2025-08-02T01:09:23.087585,Rustengasse,7,346354
2025-08-02T01:09:23.087585,Rustengasse,7,346336
2025-08-02T01:09:23.087585,Rustengasse,7,346824
2025-08-02T01:09:23.087585,Rustengasse,7,346569
2025-08-02T01:09:23.087585,Rustengasse,7,347460
2025-08-02T01:09:23.087585,Rustengasse,7,348061
2025-08-02T01:09:23.087585,Heiligenstadt S U,23,345400
2025-08-02T01:09:23.087585,Heiligenstadt S U,23,345173
2025-08-02T01:09:23.087585,Heiligenstadt S U,23,346461
2025-08-02T01:09:23.087585,Heiligenstadt S U,23,346323
2025-08-02T01:09:23.087585,Heiligenstadt S U,23,346265
2025-08-02T01:09:23.087585,Heiligenstadt S U,23,346121
2025-08-02T01:09:23.087585,Heiligenstadt S U,23,346951
2025-08-02T01:09:23.087585,Heiligenstadt S U,23,346946
2025-08-02T01:09:23.087585,Heiligenstadt S U,23,346848
2025-08-02T01:09:23.087585,Heiligenstadt S U,23,347334
2025-08-02T01:09:23.087585,Heiligenstadt S U,23,347976
2025-08-02T01:09:23.087585,Heiligenstadt S U,23,347919
2025-08-02T01:09:23.087585,Heiligenstadt S U,23,347774
2025-08-02T01:09:23.087585,Heiligenstadt S U,23,347762
2025-08-02T01:09:23.087585,Heiligenstadt S U,23,347625
2025-08-02T01:09:23.087585,Heiligenstadt S U,23,347622
2025-08-02T01:09:23.087585,Heiligenstadt S U,23,347540
2025-08-02T01:09:23.087585,Heiligenstadt S U,23,348318
2025-08-02T01:09:23.087585,Heiligenstadt S U,23,348247
2025-08-02T01:09:23.087585,Heiligenstadt S U,23,348193
2025-08-02T01:09:23.087585,Heiligenstadt S U,23,348171
2025-08-02T01:09:23.087585,Heiligenstadt S U,23,348024
2025-08-02T01:09:23.087585,Heiligenstadt S U,23,348022
2025-08-02T01:09:23.087585,Hütteldorf  S U,17,345397
2025-08-02T01:09:23.087585,Hütteldorf  S U,17,345265
2025-08-02T01:09:23.087585,Hütteldorf  S U,17,345190
2025-08-02T01:09:23.087585,Hütteldorf  S U,17,345079
2025-08-02T01:09:23.087585,Hütteldorf  S U,17,345034
2025-08-02T01:09:23.087585,Hütteldorf  S U,17,345027
2025-08-02T01:09:23.087585,Hütteldorf  S U,17,345787
2025-08-02T01:09:23.087585,Hütteldorf  S U,17,345591
2025-08-02T01:09:23.087585,Hütteldorf  S U,17,346457
2025-08-02T01:09:23.087585,Hütteldorf  S U,17,346434
2025-08-02T01:09:23.087585,Hütteldorf  S U,17,346143
2025-08-02T01:09:23.087585,Hütteldorf  S U,17,346048
2025-08-02T01:09:23.087585,Hütteldorf  S U,17,346763
2025-08-02T01:09:23.087585,Hütteldorf  S U,17,347352
2025-08-02T01:09:23.087585,Hütteldorf  S U,17,347290
2025-08-02T01:09:23.087585,Hütteldorf  S U,17,347288
2025-08-02T01:09:23.087585,Hütteldorf  S U,17,347731
2025-08-02T01:09:23.087585,Rathaus U,10,345423
2025-08-02T01:09:23.087585,Rathaus U,10,346099
2025-08-02T01:09:23.087585,Rathaus U,10,346868
2025-08-02T01:09:23.087585,Rathaus U,10,346676
2025-08-02T01:09:23.087585,Rathaus U,10,346506
2025-08-02T01:09:23.087585,Rathaus U,10,347237
2025-08-02T01:09:23.087585,Rathaus U,10,347652
2025-08-02T01:09:23.087585,Rathaus U,10,347543
2025-08-02T01:09:23.087585,Rathaus U,10,348137
2025-08-02T01:09:23.087585,Rathaus U,10,348021
2025-08-02T01:09:23.087585,Hans-Mandl-Berufsschule,5,345144
2025-08-02T01:09:23.087585,Hans-Mandl-Berufsschule,5,346654
2025-08-02T01:09:23.087585,Hans-Mandl-Berufsschule,5,346618
2025-08-02T01:09:23.087585,Hans-Mandl-Berufsschule,5,347934
2025-08-02T01:09:23.087585,Hans-Mandl-Berufsschule,5,347678
2025-08-02T01:09:23.087585,Dänenstraße / BOKU,34,345283
2025-08-02T01:09:23.087585,Dänenstraße / BOKU,34,345961
2025-08-02T01:09:23.087585,Dänenstraße / BOKU,34,345924
2025-08-02T01:09:23.087585,Dänenstraße / BOKU,34,345795
2025-08-02T01:09:23.087585,Dänenstraße / BOKU,34,345726
2025-08-02T01:09:23.087585,Dänenstraße / BOKU,34,345624
2025-08-02T01:09:23.087585,Dänenstraße / BOKU,34,345597
2025-08-02T01:09:23.087585,Dänenstraße / BOKU,34,346279
2025-08-02T01:09:23.087585,Dänenstraße / BOKU,34,346145
2025-08-02T01:09:23.087585,Dänenstraße / BOKU,34,346086
2025-08-02T01:09:23.087585,Dänenstraße / BOKU,34,346078
2025-08-02T01:09:23.087585,Dänenstraße / BOKU,34,346774
2025-08-02T01:09:23.087585,Dänenstraße / BOKU,34,346707
2025-08-02T01:09:23.087585,Dänenstraße / BOKU,34,346641
2025-08-02T01:09:23.087585,Dänenstraße / BOKU,34,346606
2025-08-02T01:09:23.087585,Dänenstraße / BOKU,34,346605
2025-08-02T01:09:23.087585,Dänenstraße / BOKU,34,347425
2025-08-02T01:09:23.087585,Dänenstraße / BOKU,34,347269
2025-08-02T01:09:23.087585,Dänenstraße / BOKU,34,347098
2025-08-02T01:09:23.087585,Dänenstraße / BOKU,34,347004
2025-08-02T01:09:23.087585,Dänenstraße / BOKU,34,347963
2025-08-02T01:09:23.087585,Dänenstraße / BOKU,34,347675
2025-08-02T01:09:23.087585,Dänenstraße / BOKU,34,347664
2025-08-02T01:09:23.087585,Dänenstraße / BOKU,34,347584
2025-08-02T01:09:23.087585,Dänenstraße / BOKU,34,347502
2025-08-02T01:09:23.087585,Dänenstraße / BOKU,34,348460
2025-08-02T01:09:23.087585,Dänenstraße / BOKU,34,348341
2025-08-02T01:09:23.087585,Dänenstraße / BOKU,34,348313
2025-08-02T01:09:23.087585,Dänenstraße / BOKU,34,348248
2025-08-02T01:09:23.087585,Dänenstraße / BOKU,34,348176
2025-08-02T01:09:23.087585,Dänenstraße / BOKU,34,348078
2025-08-02T01:09:23.087585,Dänenstraße / BOKU,34,348683
2025-08-02T01:09:23.087585,Dänenstraße / BOKU,34,348678
2025-08-02T01:09:23.087585,Dänenstraße / BOKU,34,348542
2025-08-02T01:09:23.087585,Schloss Schönbrunn,29,345991
2025-08-02T01:09:23.087585,Schloss Schönbrunn,29,345647
2025-08-02T01:09:23.087585,Schloss Schönbrunn,29,346330
2025-08-02T01:09:23.087585,Schloss Schönbrunn,29,346317
2025-08-02T01:09:23.087585,Schloss Schönbrunn,29,346247
2025-08-02T01:09:23.087585,Schloss Schönbrunn,29,346157
2025-08-02T01:09:23.087585,Schloss Schönbrunn,29,346039
2025-08-02T01:09:23.087585,Schloss Schönbrunn,29,346950
2025-08-02T01:09:23.087585,Schloss Schönbrunn,29,346679
2025-08-02T01:09:23.087585,Schloss Schönbrunn,29,346607
2025-08-02T01:09:23.087585,Schloss Schönbrunn,29,346549
2025-08-02T01:09:23.087585,Schloss Schönbrunn,29,347368
2025-08-02T01:09:23.087585,Schloss Schönbrunn,29,347308
2025-08-02T01:09:23.087585,Schloss Schönbrunn,29,347998
2025-08-02T01:09:23.087585,Schloss Schönbrunn,29,347967
2025-08-02T01:09:23.087585,Schloss Schönbrunn,29,347962
2025-08-02T01:09:23.087585,Schloss Schönbrunn,29,347947
2025-08-02T01:09:23.087585,Schloss Schönbrunn,29,347757
2025-08-02T01:09:23.087585,Schloss Schönbrunn,29,347746
2025-08-02T01:09:23.087585,Schloss Schönbrunn,29,347537
2025-08-02T01:09:23.087585,Schloss Schönbrunn,29,348467
2025-08-02T01:09:23.087585,Schloss Schönbrunn,29,348437
2025-08-02T01:09:23.087585,Schloss Schönbrunn,29,348435
2025-08-02T01:09:23.087585,Schloss Schönbrunn,29,348393
2025-08-02T01:09:23.087585,Schloss Schönbrunn,29,348380
2025-08-02T01:09:23.087585,Schloss Schönbrunn,29,348275
2025-08-02T01:09:23.087585,Schloss Schönbrunn,29,348180
2025-08-02T01:09:23.087585,Schloss Schönbrunn,29,348088
2025-08-02T01:09:23.087585,Schloss Schönbrunn,29,348077
2025-08-02T01:09:23.087585,Eslarngasse / Juchgasse,14,345151
2025-08-02T01:09:23.087585,Eslarngasse / Juchgasse,14,345848
2025-08-02T01:09:23.087585,Eslarngasse / Juchgasse,14,345615
2025-08-02T01:09:23.087585,Eslarngasse / Juchgasse,14,346203
2025-08-02T01:09:23.087585,Eslarngasse / Juchgasse,14,346863
2025-08-02T01:09:23.087585,Eslarngasse / Juchgasse,14,346746
2025-08-02T01:09:23.087585,Eslarngasse / Juchgasse,14,346655
2025-08-02T01:09:23.087585,Eslarngasse / Juchgasse,14,347478
2025-08-02T01:09:23.087585,Eslarngasse / Juchgasse,14,347465
2025-08-02T01:09:23.087585,Eslarngasse / Juchgasse,14,347342
2025-08-02T01:09:23.087585,Eslarngasse / Juchgasse,14,347283
2025-08-02T01:09:23.087585,Eslarngasse / Juchgasse,14,348436
2025-08-02T01:09:23.087585,Eslarngasse / Juchgasse,14,348661
2025-08-02T01:09:23.087585,Eslarngasse / Juchgasse,14,348877
2025-08-02T01:09:23.087585,Plößlgasse / Belvedere,11,345193
2025-08-02T01:09:23.087585,Plößlgasse / Belvedere,11,345109
2025-08-02T01:09:23.087585,Plößlgasse / Belvedere,11,346833
2025-08-02T01:09:23.087585,Plößlgasse / Belvedere,11,347347
2025-08-02T01:09:23.087585,Plößlgasse / Belvedere,11,347323
2025-08-02T01:09:23.087585,Plößlgasse / Belvedere,11,347285
2025-08-02T01:09:23.087585,Plößlgasse / Belvedere,11,347918
2025-08-02T01:09:23.087585,Plößlgasse / Belvedere,11,347844
2025-08-02T01:09:23.087585,Plößlgasse / Belvedere,11,348394
2025-08-02T01:09:23.087585,Plößlgasse / Belvedere,11,348544
2025-08-02T01:09:23.087585,Plößlgasse / Belvedere,11,398715
2025-08-02T01:09:23.087585,Sankt-Elisabeth-Platz,5,345411
2025-08-02T01:09:23.087585,Sankt-Elisabeth-Platz,5,346523
2025-08-02T01:09:23.087585,Sankt-Elisabeth-Platz,5,347091
2025-08-02T01:09:23.087585,Sankt-Elisabeth-Platz,5,347013
2025-08-02T01:09:23.087585,Sankt-Elisabeth-Platz,5,348880
2025-08-02T01:09:23.087585,Laudongasse / Schönbornpark,6,346683
2025-08-02T01:09:23.087585,Laudongasse / Schönbornpark,6,346562
2025-08-02T01:09:23.087585,Laudongasse / Schönbornpark,6,347273
2025-08-02T01:09:23.087585,Laudongasse / Schönbornpark,6,348364
2025-08-02T01:09:23.087585,Laudongasse / Schönbornpark,6,348294
2025-08-02T01:09:23.087585,Laudongasse / Schönbornpark,6,348185
2025-08-02T01:09:23.087585,Rossauer Lände U,3,345828
2025-08-02T01:09:23.087585,Rossauer Lände U,3,347549
2025-08-02T01:09:23.087585,Rossauer Lände U,3,348711
2025-08-02T01:09:23.087585,Lazarettgasse,17,345429
2025-08-02T01:09:23.087585,Lazarettgasse,17,345374
2025-08-02T01:09:23.087585,Lazarettgasse,17,345964
2025-08-02T01:09:23.087585,Lazarettgasse,17,345894
2025-08-02T01:09:23.087585,Lazarettgasse,17,345691
2025-08-02T01:09:23.087585,Lazarettgasse,17,345652
2025-08-02T01:09:23.087585,Lazarettgasse,17,345554
2025-08-02T01:09:23.087585,Lazarettgasse,17,346377
2025-08-02T01:09:23.087585,Lazarettgasse,17,346012
2025-08-02T01:09:23.087585,Lazarettgasse,17,347084
2025-08-02T01:09:23.087585,Lazarettgasse,17,347804
2025-08-02T01:09:23.087585,Lazarettgasse,17,347587
2025-08-02T01:09:23.087585,Lazarettgasse,17,347538
2025-08-02T01:09:23.087585,Lazarettgasse,17,348329
2025-08-02T01:09:23.087585,Lazarettgasse,17,348025
2025-08-02T01:09:23.087585,Lazarettgasse,17,348645
2025-08-02T01:09:23.087585,Lazarettgasse,17,348522
2025-08-02T01:09:23.087585,Edelsinnstraße,1,347907
2025-08-02T01:09:23.087585,Karlsplatz U / TU Wien,23,345379
2025-08-02T01:09:23.087585,Karlsplatz U / TU Wien,23,345593
2025-08-02T01:09:23.087585,Karlsplatz U / TU Wien,23,345579
2025-08-02T01:09:23.087585,Karlsplatz U / TU Wien,23,345523
2025-08-02T01:09:23.087585,Karlsplatz U / TU Wien,23,345508
2025-08-02T01:09:23.087585,Karlsplatz U / TU Wien,23,346131
2025-08-02T01:09:23.087585,Karlsplatz U / TU Wien,23,346986
2025-08-02T01:09:23.087585,Karlsplatz U / TU Wien,23,346932
2025-08-02T01:09:23.087585,Karlsplatz U / TU Wien,23,346905
2025-08-02T01:09:23.087585,Karlsplatz U / TU Wien,23,346734
2025-08-02T01:09:23.087585,Karlsplatz U / TU Wien,23,346701
2025-08-02T01:09:23.087585,Karlsplatz U / TU Wien,23,346616
2025-08-02T01:09:23.087585,Karlsplatz U / TU Wien,23,347439
2025-08-02T01:09:23.087585,Karlsplatz U / TU Wien,23,347385
2025-08-02T01:09:23.087585,Karlsplatz U / TU Wien,23,347120
2025-08-02T01:09:23.087585,Karlsplatz U / TU Wien,23,347937
2025-08-02T01:09:23.087585,Karlsplatz U / TU Wien,23,347790
2025-08-02T01:09:23.087585,Karlsplatz U / TU Wien,23,348470
2025-08-02T01:09:23.087585,Karlsplatz U / TU Wien,23,348468
2025-08-02T01:09:23.087585,Karlsplatz U / TU Wien,23,348314
2025-08-02T01:09:23.087585,Karlsplatz U / TU Wien,23,348168
2025-08-02T01:09:23.087585,Karlsplatz U / TU Wien,23,348110
2025-08-02T01:09:23.087585,Karlsplatz U / TU Wien,23,348554
2025-08-02T01:09:23.087585,Albertgasse,8,345067
2025-08-02T01:09:23.087585,Albertgasse,8,346264
2025-08-02T01:09:23.087585,Albertgasse,8,346901
2025-08-02T01:09:23.087585,Albertgasse,8,346582
2025-08-02T01:09:23.087585,Albertgasse,8,347888
2025-08-02T01:09:23.087585,Albertgasse,8,348237
2025-08-02T01:09:23.087585,Albertgasse,8,348009
2025-08-02T01:09:23.087585,Albertgasse,8,348641
2025-08-02T01:09:23.087585,Herrengasse U,18,345497
2025-08-02T01:09:23.087585,Herrengasse U,18,345282
2025-08-02T01:09:23.087585,Herrengasse U,18,345148
2025-08-02T01:09:23.087585,Herrengasse U,18,345982
2025-08-02T01:09:23.087585,Herrengasse U,18,345638
2025-08-02T01:09:23.087585,Herrengasse U,18,345622
2025-08-02T01:09:23.087585,Herrengasse U,18,346806
2025-08-02T01:09:23.087585,Herrengasse U,18,346697
2025-08-02T01:09:23.087585,Herrengasse U,18,346544
2025-08-02T01:09:23.087585,Herrengasse U,18,347490
2025-08-02T01:09:23.087585,Herrengasse U,18,347430
2025-08-02T01:09:23.087585,Herrengasse U,18,347135
2025-08-02T01:09:23.087585,Herrengasse U,18,347024
2025-08-02T01:09:23.087585,Herrengasse U,18,347827
2025-08-02T01:09:23.087585,Herrengasse U,18,347759
2025-08-02T01:09:23.087585,Herrengasse U,18,348301
2025-08-02T01:09:23.087585,Herrengasse U,18,348079
2025-08-02T01:09:23.087585,Herrengasse U,18,348594
2025-08-02T01:09:23.087585,Sensengasse,12,345365
2025-08-02T01:09:23.087585,Sensengasse,12,345240
2025-08-02T01:09:23.087585,Sensengasse,12,345966
2025-08-02T01:09:23.087585,Sensengasse,12,345880
2025-08-02T01:09:23.087585,Sensengasse,12,345631
2025-08-02T01:09:23.087585,Sensengasse,12,346478
2025-08-02T01:09:23.087585,Sensengasse,12,346455
2025-08-02T01:09:23.087585,Sensengasse,12,346448
2025-08-02T01:09:23.087585,Sensengasse,12,346081
2025-08-02T01:09:23.087585,Sensengasse,12,346991
2025-08-02T01:09:23.087585,Sensengasse,12,346977
2025-08-02T01:09:23.087585,Sensengasse,12,347718
2025-08-02T01:09:23.087585,Belgradplatz,1,345329
2025-08-02T01:09:23.087585,Rathausplatz / Burgtheater,1,347889
2025-08-02T01:09:23.087585,Arbeitergasse - Gürtel,21,345116
2025-08-02T01:09:23.087585,Arbeitergasse - Gürtel,21,345031
2025-08-02T01:09:23.087585,Arbeitergasse - Gürtel,21,345843
2025-08-02T01:09:23.087585,Arbeitergasse - Gürtel,21,345830
2025-08-02T01:09:23.087585,Arbeitergasse - Gürtel,21,345641
2025-08-02T01:09:23.087585,Arbeitergasse - Gürtel,21,346481
2025-08-02T01:09:23.087585,Arbeitergasse - Gürtel,21,346340
2025-08-02T01:09:23.087585,Arbeitergasse - Gürtel,21,346936
2025-08-02T01:09:23.087585,Arbeitergasse - Gürtel,21,346674
2025-08-02T01:09:23.087585,Arbeitergasse - Gürtel,21,346522
2025-08-02T01:09:23.087585,Arbeitergasse - Gürtel,21,347379
2025-08-02T01:09:23.087585,Arbeitergasse - Gürtel,21,347328
2025-08-02T01:09:23.087585,Arbeitergasse - Gürtel,21,347099
2025-08-02T01:09:23.087585,Arbeitergasse - Gürtel,21,347787
2025-08-02T01:09:23.087585,Arbeitergasse - Gürtel,21,347755
2025-08-02T01:09:23.087585,Arbeitergasse - Gürtel,21,348479
2025-08-02T01:09:23.087585,Arbeitergasse - Gürtel,21,348235
2025-08-02T01:09:23.087585,Arbeitergasse - Gürtel,21,348118
2025-08-02T01:09:23.087585,Arbeitergasse - Gürtel,21,348682
2025-08-02T01:09:23.087585,Arbeitergasse - Gürtel,21,348673
2025-08-02T01:09:23.087585,Arbeitergasse - Gürtel,21,348581
2025-08-02T01:09:23.087585,Bauernfeldplatz / Palais Lichtenstein,19,345384
2025-08-02T01:09:23.087585,Bauernfeldplatz / Palais Lichtenstein,19,345334
2025-08-02T01:09:23.087585,Bauernfeldplatz / Palais Lichtenstein,19,345313
2025-08-02T01:09:23.087585,Bauernfeldplatz / Palais Lichtenstein,19,345305
2025-08-02T01:09:23.087585,Bauernfeldplatz / Palais Lichtenstein,19,345145
2025-08-02T01:09:23.087585,Bauernfeldplatz / Palais Lichtenstein,19,345099
2025-08-02T01:09:23.087585,Bauernfeldplatz / Palais Lichtenstein,19,345045
2025-08-02T01:09:23.087585,Bauernfeldplatz / Palais Lichtenstein,19,345973
2025-08-02T01:09:23.087585,Bauernfeldplatz / Palais Lichtenstein,19,345909
2025-08-02T01:09:23.087585,Bauernfeldplatz / Palais Lichtenstein,19,345881
2025-08-02T01:09:23.087585,Bauernfeldplatz / Palais Lichtenstein,19,345588
2025-08-02T01:09:23.087585,Bauernfeldplatz / Palais Lichtenstein,19,346435
2025-08-02T01:09:23.087585,Bauernfeldplatz / Palais Lichtenstein,19,346249
2025-08-02T01:09:23.087585,Bauernfeldplatz / Palais Lichtenstein,19,346750
2025-08-02T01:09:23.087585,Bauernfeldplatz / Palais Lichtenstein,19,347151
2025-08-02T01:09:23.087585,Bauernfeldplatz / Palais Lichtenstein,19,347812
2025-08-02T01:09:23.087585,Bauernfeldplatz / Palais Lichtenstein,19,347569
2025-08-02T01:09:23.087585,Bauernfeldplatz / Palais Lichtenstein,19,348317
2025-08-02T01:09:23.087585,Bauernfeldplatz / Palais Lichtenstein,19,348264
2025-08-02T01:09:23.087585,Johannesgasse / Stadtpark,5,345281
2025-08-02T01:09:23.087585,Johannesgasse / Stadtpark,5,345945
2025-08-02T01:09:23.087585,Johannesgasse / Stadtpark,5,346431
2025-08-02T01:09:23.087585,Johannesgasse / Stadtpark,5,346067
2025-08-02T01:09:23.087585,Johannesgasse / Stadtpark,5,348994
2025-08-02T01:09:23.087585,Am Schöpfwerk U,10,345576
2025-08-02T01:09:23.087585,Am Schöpfwerk U,10,346877
2025-08-02T01:09:23.087585,Am Schöpfwerk U,10,346558
2025-08-02T01:09:23.087585,Am Schöpfwerk U,10,347459
2025-08-02T01:09:23.087585,Am Schöpfwerk U,10,347365
2025-08-02T01:09:23.087585,Am Schöpfwerk U,10,347213
2025-08-02T01:09:23.087585,Am Schöpfwerk U,10,347188
2025-08-02T01:09:23.087585,Am Schöpfwerk U,10,347933
2025-08-02T01:09:23.087585,Am Schöpfwerk U,10,398725
2025-08-02T01:09:23.087585,Am Schöpfwerk U,10,398724
2025-08-02T01:09:23.087585,Alserbachstraße,31,345428
2025-08-02T01:09:23.087585,Alserbachstraße,31,345364
2025-08-02T01:09:23.087585,Alserbachstraße,31,345071
2025-08-02T01:09:23.087585,Alserbachstraße,31,345989
2025-08-02T01:09:23.087585,Alserbachstraße,31,345950
2025-08-02T01:09:23.087585,Alserbachstraße,31,345788
2025-08-02T01:09:23.087585,Alserbachstraße,31,345717
2025-08-02T01:09:23.087585,Alserbachstraße,31,345700
2025-08-02T01:09:23.087585,Alserbachstraße,31,345650
2025-08-02T01:09:23.087585,Alserbachstraße,31,346338
2025-08-02T01:09:23.087585,Alserbachstraße,31,346176
2025-08-02T01:09:23.087585,Alserbachstraße,31,346000
2025-08-02T01:09:23.087585,Alserbachstraße,31,346965
2025-08-02T01:09:23.087585,Alserbachstraße,31,346883
2025-08-02T01:09:23.087585,Alserbachstraße,31,346814
2025-08-02T01:09:23.087585,Alserbachstraße,31,346749
2025-08-02T01:09:23.087585,Alserbachstraße,31,347003
2025-08-02T01:09:23.087585,Alserbachstraße,31,347931
2025-08-02T01:09:23.087585,Alserbachstraße,31,347869
2025-08-02T01:09:23.087585,Alserbachstraße,31,347535
2025-08-02T01:09:23.087585,Alserbachstraße,31,348431
2025-08-02T01:09:23.087585,Alserbachstraße,31,348426
2025-08-02T01:09:23.087585,Alserbachstraße,31,348283
2025-08-02T01:09:23.087585,Alserbachstraße,31,348244
2025-08-02T01:09:23.087585,Alserbachstraße,31,348159
2025-08-02T01:09:23.087585,Alserbachstraße,31,348144
2025-08-02T01:09:23.087585,Alserbachstraße,31,348143
2025-08-02T01:09:23.087585,Alserbachstraße,31,348094
2025-08-02T01:09:23.087585,Alserbachstraße,31,348004
2025-08-02T01:09:23.087585,Alserbachstraße,31,398738
2025-08-02T01:09:23.087585,Alserbachstraße,31,398718
2025-08-02T01:09:23.087585,Petrusgasse,22,345352
2025-08-02T01:09:23.087585,Petrusgasse,22,345346
2025-08-02T01:09:23.087585,Petrusgasse,22,345804
2025-08-02T01:09:23.087585,Petrusgasse,22,345639
2025-08-02T01:09:23.087585,Petrusgasse,22,346485
2025-08-02T01:09:23.087585,Petrusgasse,22,346969
2025-08-02T01:09:23.087585,Petrusgasse,22,346861
2025-08-02T01:09:23.087585,Petrusgasse,22,346743
2025-08-02T01:09:23.087585,Petrusgasse,22,346666
2025-08-02T01:09:23.087585,Petrusgasse,22,347395
2025-08-02T01:09:23.087585,Petrusgasse,22,347312
2025-08-02T01:09:23.087585,Petrusgasse,22,347299
2025-08-02T01:09:23.087585,Petrusgasse,22,347100
2025-08-02T01:09:23.087585,Petrusgasse,22,347725
2025-08-02T01:09:23.087585,Petrusgasse,22,347683
2025-08-02T01:09:23.087585,Petrusgasse,22,347632
2025-08-02T01:09:23.087585,Petrusgasse,22,347627
2025-08-02T01:09:23.087585,Petrusgasse,22,347557
2025-08-02T01:09:23.087585,Petrusgasse,22,347523
2025-08-02T01:09:23.087585,Petrusgasse,22,348325
2025-08-02T01:09:23.087585,Petrusgasse,22,348011
2025-08-02T01:09:23.087585,Petrusgasse,22,348006
2025-08-02T01:09:23.087585,Wassergasse,19,345296
2025-08-02T01:09:23.087585,Wassergasse,19,345191
2025-08-02T01:09:23.087585,Wassergasse,19,345100
2025-08-02T01:09:23.087585,Wassergasse,19,346307
2025-08-02T01:09:23.087585,Wassergasse,19,346227
2025-08-02T01:09:23.087585,Wassergasse,19,346101
2025-08-02T01:09:23.087585,Wassergasse,19,346028
2025-08-02T01:09:23.087585,Wassergasse,19,346978
2025-08-02T01:09:23.087585,Wassergasse,19,346842
2025-08-02T01:09:23.087585,Wassergasse,19,346703
2025-08-02T01:09:23.087585,Wassergasse,19,347961
2025-08-02T01:09:23.087585,Wassergasse,19,347639
2025-08-02T01:09:23.087585,Wassergasse,19,347591
2025-08-02T01:09:23.087585,Wassergasse,19,348355
2025-08-02T01:09:23.087585,Wassergasse,19,348124
2025-08-02T01:09:23.087585,Wassergasse,19,348112
2025-08-02T01:09:23.087585,Wassergasse,19,348667
2025-08-02T01:09:23.087585,Wassergasse,19,348601
2025-08-02T01:09:23.087585,Wassergasse,19,348547
2025-08-02T01:09:23.087585,Löwengasse,37,345157
2025-08-02T01:09:23.087585,Löwengasse,37,345927
2025-08-02T01:09:23.087585,Löwengasse,37,345819
2025-08-02T01:09:23.087585,Löwengasse,37,345739
2025-08-02T01:09:23.087585,Löwengasse,37,345656
2025-08-02T01:09:23.087585,Löwengasse,37,346387
2025-08-02T01:09:23.087585,Löwengasse,37,346235
2025-08-02T01:09:23.087585,Löwengasse,37,346218
2025-08-02T01:09:23.087585,Löwengasse,37,346153
2025-08-02T01:09:23.087585,Löwengasse,37,346151
2025-08-02T01:09:23.087585,Löwengasse,37,346024
2025-08-02T01:09:23.087585,Löwengasse,37,346988
2025-08-02T01:09:23.087585,Löwengasse,37,346954
2025-08-02T01:09:23.087585,Löwengasse,37,346910
2025-08-02T01:09:23.087585,Löwengasse,37,346837
2025-08-02T01:09:23.087585,Löwengasse,37,346798
2025-08-02T01:09:23.087585,Löwengasse,37,346664
2025-08-02T01:09:23.087585,Löwengasse,37,346576
2025-08-02T01:09:23.087585,Löwengasse,37,346503
2025-08-02T01:09:23.087585,Löwengasse,37,347494
2025-08-02T01:09:23.087585,Löwengasse,37,347403
2025-08-02T01:09:23.087585,Löwengasse,37,347986
2025-08-02T01:09:23.087585,Löwengasse,37,347944
2025-08-02T01:09:23.087585,Löwengasse,37,347850
2025-08-02T01:09:23.087585,Löwengasse,37,347800
2025-08-02T01:09:23.087585,Löwengasse,37,347568
2025-08-02T01:09:23.087585,Löwengasse,37,348466
2025-08-02T01:09:23.087585,Löwengasse,37,348402
2025-08-02T01:09:23.087585,Löwengasse,37,348236
2025-08-02T01:09:23.087585,Löwengasse,37,348202
2025-08-02T01:09:23.087585,Löwengasse,37,348149
2025-08-02T01:09:23.087585,Löwengasse,37,348097
2025-08-02T01:09:23.087585,Löwengasse,37,348055
2025-08-02T01:09:23.087585,Löwengasse,37,348051
2025-08-02T01:09:23.087585,Löwengasse,37,348049
2025-08-02T01:09:23.087585,Löwengasse,37,348045
2025-08-02T01:09:23.087585,Löwengasse,37,348530
2025-08-02T01:09:23.087585,Kardinal-Nagl-Platz U,21,345370
2025-08-02T01:09:23.087585,Kardinal-Nagl-Platz U,21,345957
2025-08-02T01:09:23.087585,Kardinal-Nagl-Platz U,21,345849
2025-08-02T01:09:23.087585,Kardinal-Nagl-Platz U,21,345824
2025-08-02T01:09:23.087585,Kardinal-Nagl-Platz U,21,345818
2025-08-02T01:09:23.087585,Kardinal-Nagl-Platz U,21,345590
2025-08-02T01:09:23.087585,Kardinal-Nagl-Platz U,21,345542
2025-08-02T01:09:23.087585,Kardinal-Nagl-Platz U,21,346943
2025-08-02T01:09:23.087585,Kardinal-Nagl-Platz U,21,346933
2025-08-02T01:09:23.087585,Kardinal-Nagl-Platz U,21,347467
2025-08-02T01:09:23.087585,Kardinal-Nagl-Platz U,21,347409
2025-08-02T01:09:23.087585,Kardinal-Nagl-Platz U,21,347371
2025-08-02T01:09:23.087585,Kardinal-Nagl-Platz U,21,347291
2025-08-02T01:09:23.087585,Kardinal-Nagl-Platz U,21,347199
2025-08-02T01:09:23.087585,Kardinal-Nagl-Platz U,21,347143
2025-08-02T01:09:23.087585,Kardinal-Nagl-Platz U,21,347583
2025-08-02T01:09:23.087585,Kardinal-Nagl-Platz U,21,348496
2025-08-02T01:09:23.087585,Kardinal-Nagl-Platz U,21,348442
2025-08-02T01:09:23.087585,Kardinal-Nagl-Platz U,21,348190
2025-08-02T01:09:23.087585,Kardinal-Nagl-Platz U,21,348578
2025-08-02T01:09:23.087585,Kardinal-Nagl-Platz U,21,348920
2025-08-02T01:09:23.087585,Kärntner Ring,16,345873
2025-08-02T01:09:23.087585,Kärntner Ring,16,345687
2025-08-02T01:09:23.087585,Kärntner Ring,16,345632
2025-08-02T01:09:23.087585,Kärntner Ring,16,346966
2025-08-02T01:09:23.087585,Kärntner Ring,16,346778
2025-08-02T01:09:23.087585,Kärntner Ring,16,346744
2025-08-02T01:09:23.087585,Kärntner Ring,16,346737
2025-08-02T01:09:23.087585,Kärntner Ring,16,347281
2025-08-02T01:09:23.087585,Kärntner Ring,16,347261
2025-08-02T01:09:23.087585,Kärntner Ring,16,347064
2025-08-02T01:09:23.087585,Kärntner Ring,16,347028
2025-08-02T01:09:23.087585,Kärntner Ring,16,347022
2025-08-02T01:09:23.087585,Kärntner Ring,16,347714
2025-08-02T01:09:23.087585,Kärntner Ring,16,347705
2025-08-02T01:09:23.087585,Kärntner Ring,16,348331
2025-08-02T01:09:23.087585,Kärntner Ring,16,348016
2025-08-02T01:09:23.087585,Schottenring U,13,345440
2025-08-02T01:09:23.087585,Schottenring U,13,345541
2025-08-02T01:09:23.087585,Schottenring U,13,346444
2025-08-02T01:09:23.087585,Schottenring U,13,346274
2025-08-02T01:09:23.087585,Schottenring U,13,346757
2025-08-02T01:09:23.087585,Schottenring U,13,346714
2025-08-02T01:09:23.087585,Schottenring U,13,347310
2025-08-02T01:09:23.087585,Schottenring U,13,347297
2025-08-02T01:09:23.087585,Schottenring U,13,347037
2025-08-02T01:09:23.087585,Schottenring U,13,347878
2025-08-02T01:09:23.087585,Schottenring U,13,347593
2025-08-02T01:09:23.087585,Schottenring U,13,348060
2025-08-02T01:09:23.087585,Schottenring U,13,348656
2025-08-02T01:09:23.087585,Strozzigasse,7,345307
2025-08-02T01:09:23.087585,Strozzigasse,7,346211
2025-08-02T01:09:23.087585,Strozzigasse,7,346194
2025-08-02T01:09:23.087585,Strozzigasse,7,346542
2025-08-02T01:09:23.087585,Strozzigasse,7,347247
2025-08-02T01:09:23.087585,Strozzigasse,7,347628
2025-08-02T01:09:23.087585,Strozzigasse,7,348174
2025-08-02T01:09:23.087585,Yppengasse,13,345107
2025-08-02T01:09:23.087585,Yppengasse,13,345910
2025-08-02T01:09:23.087585,Yppengasse,13,346388
2025-08-02T01:09:23.087585,Yppengasse,13,346290
2025-08-02T01:09:23.087585,Yppengasse,13,346903
2025-08-02T01:09:23.087585,Yppengasse,13,346765
2025-08-02T01:09:23.087585,Yppengasse,13,346633
2025-08-02T01:09:23.087585,Yppengasse,13,347259
2025-08-02T01:09:23.087585,Yppengasse,13,347011
2025-08-02T01:09:23.087585,Yppengasse,13,347598
2025-08-02T01:09:23.087585,Yppengasse,13,347524
2025-08-02T01:09:23.087585,Yppengasse,13,348210
2025-08-02T01:09:23.087585,Yppengasse,13,348632
2025-08-02T01:09:23.087585,Stefan-Fadinger-Platz,15,345077
2025-08-02T01:09:23.087585,Stefan-Fadinger-Platz,15,345781
2025-08-02T01:09:23.087585,Stefan-Fadinger-Platz,15,345504
2025-08-02T01:09:23.087585,Stefan-Fadinger-Platz,15,346468
2025-08-02T01:09:23.087585,Stefan-Fadinger-Platz,15,346402
2025-08-02T01:09:23.087585,Stefan-Fadinger-Platz,15,346367
2025-08-02T01:09:23.087585,Stefan-Fadinger-Platz,15,346277
2025-08-02T01:09:23.087585,Stefan-Fadinger-Platz,15,346102
2025-08-02T01:09:23.087585,Stefan-Fadinger-Platz,15,346953
2025-08-02T01:09:23.087585,Stefan-Fadinger-Platz,15,346767
2025-08-02T01:09:23.087585,Stefan-Fadinger-Platz,15,347207
2025-08-02T01:09:23.087585,Stefan-Fadinger-Platz,15,347092
2025-08-02T01:09:23.087585,Stefan-Fadinger-Platz,15,347090
2025-08-02T01:09:23.087585,Stefan-Fadinger-Platz,15,347056
2025-08-02T01:09:23.087585,Stefan-Fadinger-Platz,15,348224
2025-08-02T01:09:23.087585,Brünnlbadgasse,9,345335
2025-08-02T01:09:23.087585,Brünnlbadgasse,9,345011
2025-08-02T01:09:23.087585,Brünnlbadgasse,9,345725
2025-08-02T01:09:23.087585,Brünnlbadgasse,9,345612
2025-08-02T01:09:23.087585,Brünnlbadgasse,9,346733
2025-08-02T01:09:23.087585,Brünnlbadgasse,9,347348
2025-08-02T01:09:23.087585,Brünnlbadgasse,9,347205
2025-08-02T01:09:23.087585,Brünnlbadgasse,9,347061
2025-08-02T01:09:23.087585,Brünnlbadgasse,9,348328
2025-08-02T01:09:23.087585,Obere Augartenstraße,15,345317
2025-08-02T01:09:23.087585,Obere Augartenstraße,15,345051
2025-08-02T01:09:23.087585,Obere Augartenstraße,15,345983
2025-08-02T01:09:23.087585,Obere Augartenstraße,15,345935
2025-08-02T01:09:23.087585,Obere Augartenstraße,15,346245
2025-08-02T01:09:23.087585,Obere Augartenstraße,15,346029
2025-08-02T01:09:23.087585,Obere Augartenstraße,15,346944
2025-08-02T01:09:23.087585,Obere Augartenstraße,15,346895
2025-08-02T01:09:23.087585,Obere Augartenstraße,15,346849
2025-08-02T01:09:23.087585,Obere Augartenstraße,15,346504
2025-08-02T01:09:23.087585,Obere Augartenstraße,15,347183
2025-08-02T01:09:23.087585,Obere Augartenstraße,15,347970
2025-08-02T01:09:23.087585,Obere Augartenstraße,15,347641
2025-08-02T01:09:23.087585,Obere Augartenstraße,15,348254
2025-08-02T01:09:23.087585,Obere Augartenstraße,15,348142
2025-08-02T01:09:23.087585,Marschallplatz,10,345777
2025-08-02T01:09:23.087585,Marschallplatz,10,345715
2025-08-02T01:09:23.087585,Marschallplatz,10,346428
2025-08-02T01:09:23.087585,Marschallplatz,10,346401
2025-08-02T01:09:23.087585,Marschallplatz,10,346214
2025-08-02T01:09:23.087585,Marschallplatz,10,346142
2025-08-02T01:09:23.087585,Marschallplatz,10,346645
2025-08-02T01:09:23.087585,Marschallplatz,10,347950
2025-08-02T01:09:23.087585,Marschallplatz,10,348111
2025-08-02T01:09:23.087585,Marschallplatz,10,348676
2025-08-02T01:09:23.087585,Ober St. Veit U,16,345340
2025-08-02T01:09:23.087585,Ober St. Veit U,16,345249
2025-08-02T01:09:23.087585,Ober St. Veit U,16,345124
2025-08-02T01:09:23.087585,Ober St. Veit U,16,345764
2025-08-02T01:09:23.087585,Ober St. Veit U,16,345698
2025-08-02T01:09:23.087585,Ober St. Veit U,16,345617
2025-08-02T01:09:23.087585,Ober St. Veit U,16,346464
2025-08-02T01:09:23.087585,Ober St. Veit U,16,346441
2025-08-02T01:09:23.087585,Ober St. Veit U,16,346827
2025-08-02T01:09:23.087585,Ober St. Veit U,16,346732
2025-08-02T01:09:23.087585,Ober St. Veit U,16,346669
2025-08-02T01:09:23.087585,Ober St. Veit U,16,346599
2025-08-02T01:09:23.087585,Ober St. Veit U,16,347331
2025-08-02T01:09:23.087585,Ober St. Veit U,16,347123
2025-08-02T01:09:23.087585,Ober St. Veit U,16,347595
2025-08-02T01:09:23.087585,Ober St. Veit U,16,348622
2025-08-02T01:09:23.087585,Auf der Schmelz,12,345496
2025-08-02T01:09:23.087585,Auf der Schmelz,12,345304
2025-08-02T01:09:23.087585,Auf der Schmelz,12,345134
2025-08-02T01:09:23.087585,Auf der Schmelz,12,345668
2025-08-02T01:09:23.087585,Auf der Schmelz,12,345564
2025-08-02T01:09:23.087585,Auf der Schmelz,12,346370
2025-08-02T01:09:23.087585,Auf der Schmelz,12,346221
2025-08-02T01:09:23.087585,Auf der Schmelz,12,346670
2025-08-02T01:09:23.087585,Auf der Schmelz,12,347009
2025-08-02T01:09:23.087585,Auf der Schmelz,12,347570
2025-08-02T01:09:23.087585,Auf der Schmelz,12,348662
2025-08-02T01:09:23.087585,Auf der Schmelz,12,348595
2025-08-02T01:09:23.087585,Grimmgasse,15,345485
2025-08-02T01:09:23.087585,Grimmgasse,15,345251
2025-08-02T01:09:23.087585,Grimmgasse,15,345106
2025-08-02T01:09:23.087585,Grimmgasse,15,345056
2025-08-02T01:09:23.087585,Grimmgasse,15,345522
2025-08-02T01:09:23.087585,Grimmgasse,15,346745
2025-08-02T01:09:23.087585,Grimmgasse,15,347386
2025-08-02T01:09:23.087585,Grimmgasse,15,347256
2025-08-02T01:09:23.087585,Grimmgasse,15,347221
2025-08-02T01:09:23.087585,Grimmgasse,15,347192
2025-08-02T01:09:23.087585,Grimmgasse,15,347613
2025-08-02T01:09:23.087585,Grimmgasse,15,348388
2025-08-02T01:09:23.087585,Grimmgasse,15,348058
2025-08-02T01:09:23.087585,Grimmgasse,15,348648
2025-08-02T01:09:23.087585,Grimmgasse,15,349009
2025-08-02T01:09:23.087585,Parhamerplatz,21,345464
2025-08-02T01:09:23.087585,Parhamerplatz,21,345451
2025-08-02T01:09:23.087585,Parhamerplatz,21,345206
2025-08-02T01:09:23.087585,Parhamerplatz,21,345088
2025-08-02T01:09:23.087585,Parhamerplatz,21,345969
2025-08-02T01:09:23.087585,Parhamerplatz,21,345761
2025-08-02T01:09:23.087585,Parhamerplatz,21,345727
2025-08-02T01:09:23.087585,Parhamerplatz,21,346442
2025-08-02T01:09:23.087585,Parhamerplatz,21,346369
2025-08-02T01:09:23.087585,Parhamerplatz,21,346314
2025-08-02T01:09:23.087585,Parhamerplatz,21,346236
2025-08-02T01:09:23.087585,Parhamerplatz,21,346052
2025-08-02T01:09:23.087585,Parhamerplatz,21,346574
2025-08-02T01:09:23.087585,Parhamerplatz,21,347498
2025-08-02T01:09:23.087585,Parhamerplatz,21,347406
2025-08-02T01:09:23.087585,Parhamerplatz,21,347085
2025-08-02T01:09:23.087585,Parhamerplatz,21,347823
2025-08-02T01:09:23.087585,Parhamerplatz,21,348334
2025-08-02T01:09:23.087585,Parhamerplatz,21,348252
2025-08-02T01:09:23.087585,Parhamerplatz,21,348680
2025-08-02T01:09:23.087585,Parhamerplatz,21,348635
2025-08-02T01:09:23.087585,Kendlerstraße U,19,345462
2025-08-02T01:09:23.087585,Kendlerstraße U,19,345931
2025-08-02T01:09:23.087585,Kendlerstraße U,19,345710
2025-08-02T01:09:23.087585,Kendlerstraße U,19,345699
2025-08-02T01:09:23.087585,Kendlerstraße U,19,345562
2025-08-02T01:09:23.087585,Kendlerstraße U,19,346424
2025-08-02T01:09:23.087585,Kendlerstraße U,19,346257
2025-08-02T01:09:23.087585,Kendlerstraße U,19,346989
2025-08-02T01:09:23.087585,Kendlerstraße U,19,346782
2025-08-02T01:09:23.087585,Kendlerstraße U,19,346699
2025-08-02T01:09:23.087585,Kendlerstraße U,19,346520
2025-08-02T01:09:23.087585,Kendlerstraße U,19,347422
2025-08-02T01:09:23.087585,Kendlerstraße U,19,347178
2025-08-02T01:09:23.087585,Kendlerstraße U,19,347136
2025-08-02T01:09:23.087585,Kendlerstraße U,19,347841
2025-08-02T01:09:23.087585,Kendlerstraße U,19,347696
2025-08-02T01:09:23.087585,Kendlerstraße U,19,347663
2025-08-02T01:09:23.087585,Kendlerstraße U,19,348482
2025-08-02T01:09:23.087585,Kendlerstraße U,19,348643
2025-08-02T01:09:23.087585,Dornerplatz,7,345174
2025-08-02T01:09:23.087585,Dornerplatz,7,345937
2025-08-02T01:09:23.087585,Dornerplatz,7,346166
2025-08-02T01:09:23.087585,Dornerplatz,7,346731
2025-08-02T01:09:23.087585,Dornerplatz,7,346600
2025-08-02T01:09:23.087585,Dornerplatz,7,346579
2025-08-02T01:09:23.087585,Dornerplatz,7,348243
2025-08-02T01:09:23.087585,Hernals S,13,345358
2025-08-02T01:09:23.087585,Hernals S,13,345294
2025-08-02T01:09:23.087585,Hernals S,13,345878
2025-08-02T01:09:23.087585,Hernals S,13,345669
2025-08-02T01:09:23.087585,Hernals S,13,346462
2025-08-02T01:09:23.087585,Hernals S,13,346809
2025-08-02T01:09:23.087585,Hernals S,13,346529
2025-08-02T01:09:23.087585,Hernals S,13,347203
2025-08-02T01:09:23.087585,Hernals S,13,347943
2025-08-02T01:09:23.087585,Hernals S,13,347793
2025-08-02T01:09:23.087585,Hernals S,13,347789
2025-08-02T01:09:23.087585,Hernals S,13,347672
2025-08-02T01:09:23.087585,Hernals S,13,347670
2025-08-02T01:09:23.087585,Schmelzbrücke,10,345903
2025-08-02T01:09:23.087585,Schmelzbrücke,10,345729
2025-08-02T01:09:23.087585,Schmelzbrücke,10,346068
2025-08-02T01:09:23.087585,Schmelzbrücke,10,346649
2025-08-02T01:09:23.087585,Schmelzbrücke,10,347163
2025-08-02T01:09:23.087585,Schmelzbrücke,10,347073
2025-08-02T01:09:23.087585,Schmelzbrücke,10,348297
2025-08-02T01:09:23.087585,Schmelzbrücke,10,348269
2025-08-02T01:09:23.087585,Schmelzbrücke,10,348261
2025-08-02T01:09:23.087585,Schmelzbrücke,10,348161
2025-08-02T01:09:23.087585,Michelbeuern-AKH U,2,347440
2025-08-02T01:09:23.087585,Michelbeuern-AKH U,2,347210
2025-08-02T01:09:23.087585,Johann-Nepomuk-Vogl-Platz,9,345427
2025-08-02T01:09:23.087585,Johann-Nepomuk-Vogl-Platz,9,345582
2025-08-02T01:09:23.087585,Johann-Nepomuk-Vogl-Platz,9,346129
2025-08-02T01:09:23.087585,Johann-Nepomuk-Vogl-Platz,9,346930
2025-08-02T01:09:23.087585,Johann-Nepomuk-Vogl-Platz,9,347474
2025-08-02T01:09:23.087585,Johann-Nepomuk-Vogl-Platz,9,347455
2025-08-02T01:09:23.087585,Johann-Nepomuk-Vogl-Platz,9,347887
2025-08-02T01:09:23.087585,Johann-Nepomuk-Vogl-Platz,9,347693
2025-08-02T01:09:23.087585,Johann-Nepomuk-Vogl-Platz,9,348173
2025-08-02T01:09:23.087585,Mayerhofgasse,8,345398
2025-08-02T01:09:23.087585,Mayerhofgasse,8,345298
2025-08-02T01:09:23.087585,Mayerhofgasse,8,345035
2025-08-02T01:09:23.087585,Mayerhofgasse,8,346536
2025-08-02T01:09:23.087585,Mayerhofgasse,8,347226
2025-08-02T01:09:23.087585,Mayerhofgasse,8,347071
2025-08-02T01:09:23.087585,Mayerhofgasse,8,347806
2025-08-02T01:09:23.087585,Mayerhofgasse,8,347560
2025-08-02T01:09:23.087585,Westbahnstraße / Schottenfeldgasse,5,345347
2025-08-02T01:09:23.087585,Westbahnstraße / Schottenfeldgasse,5,345867
2025-08-02T01:09:23.087585,Westbahnstraße / Schottenfeldgasse,5,345693
2025-08-02T01:09:23.087585,Westbahnstraße / Schottenfeldgasse,5,347775
2025-08-02T01:09:23.087585,Westbahnstraße / Schottenfeldgasse,5,348135
2025-08-02T01:09:23.087585,Vorgartenstraße U,20,345495
2025-08-02T01:09:23.087585,Vorgartenstraße U,20,345167
2025-08-02T01:09:23.087585,Vorgartenstraße U,20,345019
2025-08-02T01:09:23.087585,Vorgartenstraße U,20,345997
2025-08-02T01:09:23.087585,Vorgartenstraße U,20,345679
2025-08-02T01:09:23.087585,Vorgartenstraße U,20,346281
2025-08-02T01:09:23.087585,Vorgartenstraße U,20,346210
2025-08-02T01:09:23.087585,Vorgartenstraße U,20,346182
2025-08-02T01:09:23.087585,Vorgartenstraße U,20,346984
2025-08-02T01:09:23.087585,Vorgartenstraße U,20,346958
2025-08-02T01:09:23.087585,Vorgartenstraße U,20,346787
2025-08-02T01:09:23.087585,Vorgartenstraße U,20,346719
2025-08-02T01:09:23.087585,Vorgartenstraße U,20,347322
2025-08-02T01:09:23.087585,Vorgartenstraße U,20,347196
2025-08-02T01:09:23.087585,Vorgartenstraße U,20,347701
2025-08-02T01:09:23.087585,Vorgartenstraße U,20,348494
2025-08-02T01:09:23.087585,Vorgartenstraße U,20,348295
2025-08-02T01:09:23.087585,Vorgartenstraße U,20,348121
2025-08-02T01:09:23.087585,Vorgartenstraße U,20,348575
2025-08-02T01:09:23.087585,Vorgartenstraße U,20,349014
2025-08-02T01:09:23.087585,Krieau U,17,345978
2025-08-02T01:09:23.087585,Krieau U,17,345746
2025-08-02T01:09:23.087585,Krieau U,17,346232
2025-08-02T01:09:23.087585,Krieau U,17,346175
2025-08-02T01:09:23.087585,Krieau U,17,346791
2025-08-02T01:09:23.087585,Krieau U,17,346785
2025-08-02T01:09:23.087585,Krieau U,17,346531
2025-08-02T01:09:23.087585,Krieau U,17,347487
2025-08-02T01:09:23.087585,Krieau U,17,347429
2025-08-02T01:09:23.087585,Krieau U,17,347400
2025-08-02T01:09:23.087585,Krieau U,17,347343
2025-08-02T01:09:23.087585,Krieau U,17,347264
2025-08-02T01:09:23.087585,Krieau U,17,347195
2025-08-02T01:09:23.087585,Krieau U,17,347896
2025-08-02T01:09:23.087585,Krieau U,17,348140
2025-08-02T01:09:23.087585,Krieau U,17,348122
2025-08-02T01:09:23.087585,Krieau U,17,348598
2025-08-02T01:09:23.087585,Ottakring S U,21,345416
2025-08-02T01:09:23.087585,Ottakring S U,21,345344
2025-08-02T01:09:23.087585,Ottakring S U,21,345208
2025-08-02T01:09:23.087585,Ottakring S U,21,345855
2025-08-02T01:09:23.087585,Ottakring S U,21,345747
2025-08-02T01:09:23.087585,Ottakring S U,21,345716
2025-08-02T01:09:23.087585,Ottakring S U,21,345635
2025-08-02T01:09:23.087585,Ottakring S U,21,346141
2025-08-02T01:09:23.087585,Ottakring S U,21,346107
2025-08-02T01:09:23.087585,Ottakring S U,21,346735
2025-08-02T01:09:23.087585,Ottakring S U,21,347316
2025-08-02T01:09:23.087585,Ottakring S U,21,347107
2025-08-02T01:09:23.087585,Ottakring S U,21,347046
2025-08-02T01:09:23.087585,Ottakring S U,21,347035
2025-08-02T01:09:23.087585,Ottakring S U,21,347010
2025-08-02T01:09:23.087585,Ottakring S U,21,347007
2025-08-02T01:09:23.087585,Ottakring S U,21,347006
2025-08-02T01:09:23.087585,Ottakring S U,21,347778
2025-08-02T01:09:23.087585,Ottakring S U,21,347661
2025-08-02T01:09:23.087585,Ottakring S U,21,347651
2025-08-02T01:09:23.087585,Ottakring S U,21,347528
2025-08-02T01:09:23.087585,Hartmanngasse ,19,345306
2025-08-02T01:09:23.087585,Hartmanngasse ,19,345766
2025-08-02T01:09:23.087585,Hartmanngasse ,19,345702
2025-08-02T01:09:23.087585,Hartmanngasse ,19,346378
2025-08-02T01:09:23.087585,Hartmanngasse ,19,346352
2025-08-02T01:09:23.087585,Hartmanngasse ,19,346016
2025-08-02T01:09:23.087585,Hartmanngasse ,19,346963
2025-08-02T01:09:23.087585,Hartmanngasse ,19,346890
2025-08-02T01:09:23.087585,Hartmanngasse ,19,347375
2025-08-02T01:09:23.087585,Hartmanngasse ,19,347119
2025-08-02T01:09:23.087585,Hartmanngasse ,19,347094
2025-08-02T01:09:23.087585,Hartmanngasse ,19,347014
2025-08-02T01:09:23.087585,Hartmanngasse ,19,347915
2025-08-02T01:09:23.087585,Hartmanngasse ,19,347773
2025-08-02T01:09:23.087585,Hartmanngasse ,19,348445
2025-08-02T01:09:23.087585,Hartmanngasse ,19,348344
2025-08-02T01:09:23.087585,Hartmanngasse ,19,348223
2025-08-02T01:09:23.087585,Hartmanngasse ,19,398731
2025-08-02T01:09:23.087585,Hartmanngasse ,19,398728
2025-08-02T01:09:23.087585,Messe-Prater U,17,345257
2025-08-02T01:09:23.087585,Messe-Prater U,17,345852
2025-08-02T01:09:23.087585,Messe-Prater U,17,345568
2025-08-02T01:09:23.087585,Messe-Prater U,17,346223
2025-08-02T01:09:23.087585,Messe-Prater U,17,346106
2025-08-02T01:09:23.087585,Messe-Prater U,17,346009
2025-08-02T01:09:23.087585,Messe-Prater U,17,346646
2025-08-02T01:09:23.087585,Messe-Prater U,17,347219
2025-08-02T01:09:23.087585,Messe-Prater U,17,347108
2025-08-02T01:09:23.087585,Messe-Prater U,17,347721
2025-08-02T01:09:23.087585,Messe-Prater U,17,347542
2025-08-02T01:09:23.087585,Messe-Prater U,17,348434
2025-08-02T01:09:23.087585,Messe-Prater U,17,348410
2025-08-02T01:09:23.087585,Messe-Prater U,17,348304
2025-08-02T01:09:23.087585,Messe-Prater U,17,348146
2025-08-02T01:09:23.087585,Messe-Prater U,17,348063
2025-08-02T01:09:23.087585,Messe-Prater U,17,348631
2025-08-02T01:09:23.087585,Loquaiplatz,13,345356
2025-08-02T01:09:23.087585,Loquaiplatz,13,345164
2025-08-02T01:09:23.087585,Loquaiplatz,13,345846
2025-08-02T01:09:23.087585,Loquaiplatz,13,345573
2025-08-02T01:09:23.087585,Loquaiplatz,13,346476
2025-08-02T01:09:23.087585,Loquaiplatz,13,346319
2025-08-02T01:09:23.087585,Loquaiplatz,13,346208
2025-08-02T01:09:23.087585,Loquaiplatz,13,346122
2025-08-02T01:09:23.087585,Loquaiplatz,13,346716
2025-08-02T01:09:23.087585,Loquaiplatz,13,346577
2025-08-02T01:09:23.087585,Loquaiplatz,13,347391
2025-08-02T01:09:23.087585,Loquaiplatz,13,348285
2025-08-02T01:09:23.087585,Loquaiplatz,13,348116
2025-08-02T01:09:23.087585,Rosensteingasse,17,345275
2025-08-02T01:09:23.087585,Rosensteingasse,17,345914
2025-08-02T01:09:23.087585,Rosensteingasse,17,345901
2025-08-02T01:09:23.087585,Rosensteingasse,17,345771
2025-08-02T01:09:23.087585,Rosensteingasse,17,346305
2025-08-02T01:09:23.087585,Rosensteingasse,17,346135
2025-08-02T01:09:23.087585,Rosensteingasse,17,346942
2025-08-02T01:09:23.087585,Rosensteingasse,17,346857
2025-08-02T01:09:23.087585,Rosensteingasse,17,347346
2025-08-02T01:09:23.087585,Rosensteingasse,17,347227
2025-08-02T01:09:23.087585,Rosensteingasse,17,347025
2025-08-02T01:09:23.087585,Rosensteingasse,17,347500
2025-08-02T01:09:23.087585,Rosensteingasse,17,348391
2025-08-02T01:09:23.087585,Rosensteingasse,17,348321
2025-08-02T01:09:23.087585,Rosensteingasse,17,348230
2025-08-02T01:09:23.087585,Rosensteingasse,17,348669
2025-08-02T01:09:23.087585,Rosensteingasse,17,348524
2025-08-02T01:09:23.087585,Gumpendorfer Gürtel,20,345388
2025-08-02T01:09:23.087585,Gumpendorfer Gürtel,20,345328
2025-08-02T01:09:23.087585,Gumpendorfer Gürtel,20,345262
2025-08-02T01:09:23.087585,Gumpendorfer Gürtel,20,345140
2025-08-02T01:09:23.087585,Gumpendorfer Gürtel,20,345108
2025-08-02T01:09:23.087585,Gumpendorfer Gürtel,20,345531
2025-08-02T01:09:23.087585,Gumpendorfer Gürtel,20,345509
2025-08-02T01:09:23.087585,Gumpendorfer Gürtel,20,346239
2025-08-02T01:09:23.087585,Gumpendorfer Gürtel,20,346080
2025-08-02T01:09:23.087585,Gumpendorfer Gürtel,20,346720
2025-08-02T01:09:23.087585,Gumpendorfer Gürtel,20,346673
2025-08-02T01:09:23.087585,Gumpendorfer Gürtel,20,346617
2025-08-02T01:09:23.087585,Gumpendorfer Gürtel,20,347139
2025-08-02T01:09:23.087585,Gumpendorfer Gürtel,20,347706
2025-08-02T01:09:23.087585,Gumpendorfer Gürtel,20,347551
2025-08-02T01:09:23.087585,Gumpendorfer Gürtel,20,348481
2025-08-02T01:09:23.087585,Gumpendorfer Gürtel,20,348114
2025-08-02T01:09:23.087585,Gumpendorfer Gürtel,20,348037
2025-08-02T01:09:23.087585,Gumpendorfer Gürtel,20,348660
2025-08-02T01:09:23.087585,Gumpendorfer Gürtel,20,348903
2025-08-02T01:09:23.087585,Burggasse-Stadthalle U,5,345319
2025-08-02T01:09:23.087585,Burggasse-Stadthalle U,5,345172
2025-08-02T01:09:23.087585,Burggasse-Stadthalle U,5,345680
2025-08-02T01:09:23.087585,Burggasse-Stadthalle U,5,346060
2025-08-02T01:09:23.087585,Burggasse-Stadthalle U,5,346538
2025-08-02T01:09:23.087585,Urban-Loritz-Platz,17,345345
2025-08-02T01:09:23.087585,Urban-Loritz-Platz,17,345215
2025-08-02T01:09:23.087585,Urban-Loritz-Platz,17,345955
2025-08-02T01:09:23.087585,Urban-Loritz-Platz,17,345936
2025-08-02T01:09:23.087585,Urban-Loritz-Platz,17,345900
2025-08-02T01:09:23.087585,Urban-Loritz-Platz,17,346124
2025-08-02T01:09:23.087585,Urban-Loritz-Platz,17,346834
2025-08-02T01:09:23.087585,Urban-Loritz-Platz,17,346661
2025-08-02T01:09:23.087585,Urban-Loritz-Platz,17,347435
2025-08-02T01:09:23.087585,Urban-Loritz-Platz,17,347357
2025-08-02T01:09:23.087585,Urban-Loritz-Platz,17,347327
2025-08-02T01:09:23.087585,Urban-Loritz-Platz,17,347200
2025-08-02T01:09:23.087585,Urban-Loritz-Platz,17,347788
2025-08-02T01:09:23.087585,Urban-Loritz-Platz,17,348471
2025-08-02T01:09:23.087585,Urban-Loritz-Platz,17,348306
2025-08-02T01:09:23.087585,Urban-Loritz-Platz,17,348577
2025-08-02T01:09:23.087585,Urban-Loritz-Platz,17,348894
2025-08-02T01:09:23.087585,Hanusch Krankenhaus,7,345361
2025-08-02T01:09:23.087585,Hanusch Krankenhaus,7,345736
2025-08-02T01:09:23.087585,Hanusch Krankenhaus,7,346985
2025-08-02T01:09:23.087585,Hanusch Krankenhaus,7,346862
2025-08-02T01:09:23.087585,Hanusch Krankenhaus,7,347989
2025-08-02T01:09:23.087585,Hanusch Krankenhaus,7,347711
2025-08-02T01:09:23.087585,Hanusch Krankenhaus,7,348298
2025-08-02T01:09:23.087585,Westbahnhof S U / Gerstnerstraße,4,345040
2025-08-02T01:09:23.087585,Westbahnhof S U / Gerstnerstraße,4,345560
2025-08-02T01:09:23.087585,Westbahnhof S U / Gerstnerstraße,4,346545
2025-08-02T01:09:23.087585,Westbahnhof S U / Gerstnerstraße,4,348227
2025-08-02T01:09:23.087585,Wieningerplatz,16,345181
2025-08-02T01:09:23.087585,Wieningerplatz,16,345946
2025-08-02T01:09:23.087585,Wieningerplatz,16,345655
2025-08-02T01:09:23.087585,Wieningerplatz,16,346449
2025-08-02T01:09:23.087585,Wieningerplatz,16,346327
2025-08-02T01:09:23.087585,Wieningerplatz,16,346244
2025-08-02T01:09:23.087585,Wieningerplatz,16,346976
2025-08-02T01:09:23.087585,Wieningerplatz,16,346948
2025-08-02T01:09:23.087585,Wieningerplatz,16,346817
2025-08-02T01:09:23.087585,Wieningerplatz,16,346764
2025-08-02T01:09:23.087585,Wieningerplatz,16,346650
2025-08-02T01:09:23.087585,Wieningerplatz,16,346648
2025-08-02T01:09:23.087585,Wieningerplatz,16,347026
2025-08-02T01:09:23.087585,Wieningerplatz,16,347939
2025-08-02T01:09:23.087585,Wieningerplatz,16,347808
2025-08-02T01:09:23.087585,Wieningerplatz,16,348588
2025-08-02T01:09:23.087585,Markgraf-Rüdiger Straße,16,345406
2025-08-02T01:09:23.087585,Markgraf-Rüdiger Straße,16,345177
2025-08-02T01:09:23.087585,Markgraf-Rüdiger Straße,16,345897
2025-08-02T01:09:23.087585,Markgraf-Rüdiger Straße,16,345886
2025-08-02T01:09:23.087585,Markgraf-Rüdiger Straße,16,345722
2025-08-02T01:09:23.087585,Markgraf-Rüdiger Straße,16,345692
2025-08-02T01:09:23.087585,Markgraf-Rüdiger Straße,16,345665
2025-08-02T01:09:23.087585,Markgraf-Rüdiger Straße,16,345549
2025-08-02T01:09:23.087585,Markgraf-Rüdiger Straße,16,345516
2025-08-02T01:09:23.087585,Markgraf-Rüdiger Straße,16,345503
2025-08-02T01:09:23.087585,Markgraf-Rüdiger Straße,16,346835
2025-08-02T01:09:23.087585,Markgraf-Rüdiger Straße,16,346684
2025-08-02T01:09:23.087585,Markgraf-Rüdiger Straße,16,346502
2025-08-02T01:09:23.087585,Markgraf-Rüdiger Straße,16,347185
2025-08-02T01:09:23.087585,Markgraf-Rüdiger Straße,16,347534
2025-08-02T01:09:23.087585,Markgraf-Rüdiger Straße,16,349042
2025-08-02T01:09:23.087585,Plunkergasse,10,345489
2025-08-02T01:09:23.087585,Plunkergasse,10,345410
2025-08-02T01:09:23.087585,Plunkergasse,10,345772
2025-08-02T01:09:23.087585,Plunkergasse,10,346418
2025-08-02T01:09:23.087585,Plunkergasse,10,346332
2025-08-02T01:09:23.087585,Plunkergasse,10,347250
2025-08-02T01:09:23.087585,Plunkergasse,10,347216
2025-08-02T01:09:23.087585,Plunkergasse,10,347093
2025-08-02T01:09:23.087585,Plunkergasse,10,348416
2025-08-02T01:09:23.087585,Plunkergasse,10,348219
2025-08-02T01:09:23.087585,Selzergasse,13,345415
2025-08-02T01:09:23.087585,Selzergasse,13,345322
2025-08-02T01:09:23.087585,Selzergasse,13,345130
2025-08-02T01:09:23.087585,Selzergasse,13,345644
2025-08-02T01:09:23.087585,Selzergasse,13,345608
2025-08-02T01:09:23.087585,Selzergasse,13,346429
2025-08-02T01:09:23.087585,Selzergasse,13,346339
2025-08-02T01:09:23.087585,Selzergasse,13,346639
2025-08-02T01:09:23.087585,Selzergasse,13,347039
2025-08-02T01:09:23.087585,Selzergasse,13,347809
2025-08-02T01:09:23.087585,Selzergasse,13,348478
2025-08-02T01:09:23.087585,Selzergasse,13,348458
2025-08-02T01:09:23.087585,Selzergasse,13,398741
2025-08-02T01:09:23.087585,Westbahnhof S U / Felberstraße,20,345266
2025-08-02T01:09:23.087585,Westbahnhof S U / Felberstraße,20,345229
2025-08-02T01:09:23.087585,Westbahnhof S U / Felberstraße,20,345201
2025-08-02T01:09:23.087585,Westbahnhof S U / Felberstraße,20,345080
2025-08-02T01:09:23.087585,Westbahnhof S U / Felberstraße,20,345879
2025-08-02T01:09:23.087585,Westbahnhof S U / Felberstraße,20,345520
2025-08-02T01:09:23.087585,Westbahnhof S U / Felberstraße,20,346379
2025-08-02T01:09:23.087585,Westbahnhof S U / Felberstraße,20,346243
2025-08-02T01:09:23.087585,Westbahnhof S U / Felberstraße,20,346241
2025-08-02T01:09:23.087585,Westbahnhof S U / Felberstraße,20,346189
2025-08-02T01:09:23.087585,Westbahnhof S U / Felberstraße,20,346916
2025-08-02T01:09:23.087585,Westbahnhof S U / Felberstraße,20,346689
2025-08-02T01:09:23.087585,Westbahnhof S U / Felberstraße,20,347397
2025-08-02T01:09:23.087585,Westbahnhof S U / Felberstraße,20,347182
2025-08-02T01:09:23.087585,Westbahnhof S U / Felberstraße,20,347656
2025-08-02T01:09:23.087585,Westbahnhof S U / Felberstraße,20,347616
2025-08-02T01:09:23.087585,Westbahnhof S U / Felberstraße,20,348440
2025-08-02T01:09:23.087585,Westbahnhof S U / Felberstraße,20,348277
2025-08-02T01:09:23.087585,Westbahnhof S U / Felberstraße,20,348155
2025-08-02T01:09:23.087585,Westbahnhof S U / Felberstraße,20,348067
2025-08-02T01:09:23.087585,Arthaberplatz,13,345255
2025-08-02T01:09:23.087585,Arthaberplatz,13,345072
2025-08-02T01:09:23.087585,Arthaberplatz,13,345773
2025-08-02T01:09:23.087585,Arthaberplatz,13,345758
2025-08-02T01:09:23.087585,Arthaberplatz,13,346430
2025-08-02T01:09:23.087585,Arthaberplatz,13,346615
2025-08-02T01:09:23.087585,Arthaberplatz,13,347208
2025-08-02T01:09:23.087585,Arthaberplatz,13,347807
2025-08-02T01:09:23.087585,Arthaberplatz,13,347698
2025-08-02T01:09:23.087585,Arthaberplatz,13,347668
2025-08-02T01:09:23.087585,Arthaberplatz,13,348136
2025-08-02T01:09:23.087585,Arthaberplatz,13,348036
2025-08-02T01:09:23.087585,Arthaberplatz,13,348688
2025-08-02T01:09:23.087585,Karmeliterplatz,4,345179
2025-08-02T01:09:23.087585,Karmeliterplatz,4,346512
2025-08-02T01:09:23.087585,Karmeliterplatz,4,347847
2025-08-02T01:09:23.087585,Karmeliterplatz,4,349040
2025-08-02T01:09:23.087585,Fröbelgasse,21,345471
2025-08-02T01:09:23.087585,Fröbelgasse,21,345295
2025-08-02T01:09:23.087585,Fröbelgasse,21,345258
2025-08-02T01:09:23.087585,Fröbelgasse,21,345101
2025-08-02T01:09:23.087585,Fröbelgasse,21,345888
2025-08-02T01:09:23.087585,Fröbelgasse,21,345872
2025-08-02T01:09:23.087585,Fröbelgasse,21,346398
2025-08-02T01:09:23.087585,Fröbelgasse,21,346240
2025-08-02T01:09:23.087585,Fröbelgasse,21,346100
2025-08-02T01:09:23.087585,Fröbelgasse,21,346076
2025-08-02T01:09:23.087585,Fröbelgasse,21,346045
2025-08-02T01:09:23.087585,Fröbelgasse,21,346815
2025-08-02T01:09:23.087585,Fröbelgasse,21,347101
2025-08-02T01:09:23.087585,Fröbelgasse,21,347096
2025-08-02T01:09:23.087585,Fröbelgasse,21,347867
2025-08-02T01:09:23.087585,Fröbelgasse,21,347566
2025-08-02T01:09:23.087585,Fröbelgasse,21,348191
2025-08-02T01:09:23.087585,Fröbelgasse,21,348153
2025-08-02T01:09:23.087585,Fröbelgasse,21,348010
2025-08-02T01:09:23.087585,Fröbelgasse,21,348658
2025-08-02T01:09:23.087585,Fröbelgasse,21,348580
2025-08-02T01:09:23.087585,Reumannplatz U,11,345290
2025-08-02T01:09:23.087585,Reumannplatz U,11,345165
2025-08-02T01:09:23.087585,Reumannplatz U,11,345046
2025-08-02T01:09:23.087585,Reumannplatz U,11,345748
2025-08-02T01:09:23.087585,Reumannplatz U,11,346356
2025-08-02T01:09:23.087585,Reumannplatz U,11,346682
2025-08-02T01:09:23.087585,Reumannplatz U,11,346671
2025-08-02T01:09:23.087585,Reumannplatz U,11,347017
2025-08-02T01:09:23.087585,Reumannplatz U,11,347868
2025-08-02T01:09:23.087585,Reumannplatz U,11,347677
2025-08-02T01:09:23.087585,Reumannplatz U,11,348245
2025-08-02T01:09:23.087585,Brestelgasse,14,345273
2025-08-02T01:09:23.087585,Brestelgasse,14,345960
2025-08-02T01:09:23.087585,Brestelgasse,14,345759
2025-08-02T01:09:23.087585,Brestelgasse,14,346589
2025-08-02T01:09:23.087585,Brestelgasse,14,347491
2025-08-02T01:09:23.087585,Brestelgasse,14,347427
2025-08-02T01:09:23.087585,Brestelgasse,14,347354
2025-08-02T01:09:23.087585,Brestelgasse,14,347280
2025-08-02T01:09:23.087585,Brestelgasse,14,347121
2025-08-02T01:09:23.087585,Brestelgasse,14,347072
2025-08-02T01:09:23.087585,Brestelgasse,14,347674
2025-08-02T01:09:23.087585,Brestelgasse,14,348278
2025-08-02T01:09:23.087585,Brestelgasse,14,348557
2025-08-02T01:09:23.087585,Brestelgasse,14,398729
2025-08-02T01:09:23.087585,Thaliastraße U,14,345446
2025-08-02T01:09:23.087585,Thaliastraße U,14,345381
2025-08-02T01:09:23.087585,Thaliastraße U,14,345188
2025-08-02T01:09:23.087585,Thaliastraße U,14,345110
2025-08-02T01:09:23.087585,Thaliastraße U,14,345918
2025-08-02T01:09:23.087585,Thaliastraße U,14,345517
2025-08-02T01:09:23.087585,Thaliastraße U,14,346152
2025-08-02T01:09:23.087585,Thaliastraße U,14,346888
2025-08-02T01:09:23.087585,Thaliastraße U,14,346856
2025-08-02T01:09:23.087585,Thaliastraße U,14,346694
2025-08-02T01:09:23.087585,Thaliastraße U,14,347158
2025-08-02T01:09:23.087585,Thaliastraße U,14,347128
2025-08-02T01:09:23.087585,Thaliastraße U,14,347105
2025-08-02T01:09:23.087585,Thaliastraße U,14,348322
2025-08-02T01:09:23.087585,Nussdorfer Straße U,13,345085
2025-08-02T01:09:23.087585,Nussdorfer Straße U,13,346445
2025-08-02T01:09:23.087585,Nussdorfer Straße U,13,346410
2025-08-02T01:09:23.087585,Nussdorfer Straße U,13,346089
2025-08-02T01:09:23.087585,Nussdorfer Straße U,13,346075
2025-08-02T01:09:23.087585,Nussdorfer Straße U,13,346025
2025-08-02T01:09:23.087585,Nussdorfer Straße U,13,346740
2025-08-02T01:09:23.087585,Nussdorfer Straße U,13,347461
2025-08-02T01:09:23.087585,Nussdorfer Straße U,13,347741
2025-08-02T01:09:23.087585,Nussdorfer Straße U,13,347695
2025-08-02T01:09:23.087585,Nussdorfer Straße U,13,347553
2025-08-02T01:09:23.087585,Nussdorfer Straße U,13,347532
2025-08-02T01:09:23.087585,Nussdorfer Straße U,13,348405
2025-08-02T01:09:23.087585,Elterleinplatz,4,346480
2025-08-02T01:09:23.087585,Elterleinplatz,4,346565
2025-08-02T01:09:23.087585,Elterleinplatz,4,347304
2025-08-02T01:09:23.087585,Elterleinplatz,4,348693
2025-08-02T01:09:23.087585,Canisiusgasse,5,345690
2025-08-02T01:09:23.087585,Canisiusgasse,5,346487
2025-08-02T01:09:23.087585,Canisiusgasse,5,347489
2025-08-02T01:09:23.087585,Canisiusgasse,5,347034
2025-08-02T01:09:23.087585,Canisiusgasse,5,348606
2025-08-02T01:09:23.087585,Meidling S U / Schedifkaplatz,4,345355
2025-08-02T01:09:23.087585,Meidling S U / Schedifkaplatz,4,346846
2025-08-02T01:09:23.087585,Meidling S U / Schedifkaplatz,4,346844
2025-08-02T01:09:23.087585,Meidling S U / Schedifkaplatz,4,347020
2025-08-02T01:09:23.087585,Palffygasse,15,345326
2025-08-02T01:09:23.087585,Palffygasse,15,345272
2025-08-02T01:09:23.087585,Palffygasse,15,345990
2025-08-02T01:09:23.087585,Palffygasse,15,345832
2025-08-02T01:09:23.087585,Palffygasse,15,346839
2025-08-02T01:09:23.087585,Palffygasse,15,346826
2025-08-02T01:09:23.087585,Palffygasse,15,346515
2025-08-02T01:09:23.087585,Palffygasse,15,347428
2025-08-02T01:09:23.087585,Palffygasse,15,347088
2025-08-02T01:09:23.087585,Palffygasse,15,347081
2025-08-02T01:09:23.087585,Palffygasse,15,347048
2025-08-02T01:09:23.087585,Palffygasse,15,347681
2025-08-02T01:09:23.087585,Palffygasse,15,348303
2025-08-02T01:09:23.087585,Palffygasse,15,348175
2025-08-02T01:09:23.087585,Palffygasse,15,348593
2025-08-02T01:09:23.087585,Gersthof S,12,345480
2025-08-02T01:09:23.087585,Gersthof S,12,345147
2025-08-02T01:09:23.087585,Gersthof S,12,346499
2025-08-02T01:09:23.087585,Gersthof S,12,346238
2025-08-02T01:09:23.087585,Gersthof S,12,346207
2025-08-02T01:09:23.087585,Gersthof S,12,346006
2025-08-02T01:09:23.087585,Gersthof S,12,346885
2025-08-02T01:09:23.087585,Gersthof S,12,346748
2025-08-02T01:09:23.087585,Gersthof S,12,347284
2025-08-02T01:09:23.087585,Gersthof S,12,347187
2025-08-02T01:09:23.087585,Gersthof S,12,348461
2025-08-02T01:09:23.087585,Gersthof S,12,348280
2025-08-02T01:09:23.087585,Reinprechtsdorfer Brücke,13,345081
2025-08-02T01:09:23.087585,Reinprechtsdorfer Brücke,13,345974
2025-08-02T01:09:23.087585,Reinprechtsdorfer Brücke,13,345842
2025-08-02T01:09:23.087585,Reinprechtsdorfer Brücke,13,345561
2025-08-02T01:09:23.087585,Reinprechtsdorfer Brücke,13,346484
2025-08-02T01:09:23.087585,Reinprechtsdorfer Brücke,13,346171
2025-08-02T01:09:23.087585,Reinprechtsdorfer Brücke,13,346047
2025-08-02T01:09:23.087585,Reinprechtsdorfer Brücke,13,346823
2025-08-02T01:09:23.087585,Reinprechtsdorfer Brücke,13,346554
2025-08-02T01:09:23.087585,Reinprechtsdorfer Brücke,13,347325
2025-08-02T01:09:23.087585,Reinprechtsdorfer Brücke,13,347770
2025-08-02T01:09:23.087585,Reinprechtsdorfer Brücke,13,348369
2025-08-02T01:09:23.087585,Reinprechtsdorfer Brücke,13,348119
2025-08-02T01:09:23.087585,Siebensternplatz,12,345934
2025-08-02T01:09:23.087585,Siebensternplatz,12,345604
2025-08-02T01:09:23.087585,Siebensternplatz,12,345506
2025-08-02T01:09:23.087585,Siebensternplatz,12,346355
2025-08-02T01:09:23.087585,Siebensternplatz,12,346931
2025-08-02T01:09:23.087585,Siebensternplatz,12,346561
2025-08-02T01:09:23.087585,Siebensternplatz,12,347265
2025-08-02T01:09:23.087585,Siebensternplatz,12,347669
2025-08-02T01:09:23.087585,Siebensternplatz,12,348184
2025-08-02T01:09:23.087585,Siebensternplatz,12,348120
2025-08-02T01:09:23.087585,Siebensternplatz,12,348074
2025-08-02T01:09:23.087585,Siebensternplatz,12,348694
2025-08-02T01:09:23.087585,Siebenbrunnenplatz,9,345204
2025-08-02T01:09:23.087585,Siebenbrunnenplatz,9,345539
2025-08-02T01:09:23.087585,Siebenbrunnenplatz,9,346467
2025-08-02T01:09:23.087585,Siebenbrunnenplatz,9,346220
2025-08-02T01:09:23.087585,Siebenbrunnenplatz,9,346727
2025-08-02T01:09:23.087585,Siebenbrunnenplatz,9,346526
2025-08-02T01:09:23.087585,Siebenbrunnenplatz,9,347743
2025-08-02T01:09:23.087585,Siebenbrunnenplatz,9,348195
2025-08-02T01:09:23.087585,Siebenbrunnenplatz,9,348170
2025-08-02T01:09:23.087585,Rosensteingasse / Blumengasse,24,345092
2025-08-02T01:09:23.087585,Rosensteingasse / Blumengasse,24,345024
2025-08-02T01:09:23.087585,Rosensteingasse / Blumengasse,24,345675
2025-08-02T01:09:23.087585,Rosensteingasse / Blumengasse,24,346169
2025-08-02T01:09:23.087585,Rosensteingasse / Blumengasse,24,346164
2025-08-02T01:09:23.087585,Rosensteingasse / Blumengasse,24,346090
2025-08-02T01:09:23.087585,Rosensteingasse / Blumengasse,24,346032
2025-08-02T01:09:23.087585,Rosensteingasse / Blumengasse,24,346008
2025-08-02T01:09:23.087585,Rosensteingasse / Blumengasse,24,346908
2025-08-02T01:09:23.087585,Rosensteingasse / Blumengasse,24,346899
2025-08-02T01:09:23.087585,Rosensteingasse / Blumengasse,24,346832
2025-08-02T01:09:23.087585,Rosensteingasse / Blumengasse,24,346808
2025-08-02T01:09:23.087585,Rosensteingasse / Blumengasse,24,346537
2025-08-02T01:09:23.087585,Rosensteingasse / Blumengasse,24,346530
2025-08-02T01:09:23.087585,Rosensteingasse / Blumengasse,24,347267
2025-08-02T01:09:23.087585,Rosensteingasse / Blumengasse,24,347111
2025-08-02T01:09:23.087585,Rosensteingasse / Blumengasse,24,347885
2025-08-02T01:09:23.087585,Rosensteingasse / Blumengasse,24,347840
2025-08-02T01:09:23.087585,Rosensteingasse / Blumengasse,24,347633
2025-08-02T01:09:23.087585,Rosensteingasse / Blumengasse,24,348296
2025-08-02T01:09:23.087585,Rosensteingasse / Blumengasse,24,348125
2025-08-02T01:09:23.087585,Rosensteingasse / Blumengasse,24,348100
2025-08-02T01:09:23.087585,Rosensteingasse / Blumengasse,24,348712
2025-08-02T01:09:23.087585,Rosensteingasse / Blumengasse,24,398734
2025-08-02T01:09:23.087585,Schottenring U /Herminengasse,9,345448
2025-08-02T01:09:23.087585,Schottenring U /Herminengasse,9,345064
2025-08-02T01:09:23.087585,Schottenring U /Herminengasse,9,345584
2025-08-02T01:09:23.087585,Schottenring U /Herminengasse,9,346347
2025-08-02T01:09:23.087585,Schottenring U /Herminengasse,9,346914
2025-08-02T01:09:23.087585,Schottenring U /Herminengasse,9,347462
2025-08-02T01:09:23.087585,Schottenring U /Herminengasse,9,347908
2025-08-02T01:09:23.087585,Schottenring U /Herminengasse,9,347795
2025-08-02T01:09:23.087585,Schottenring U /Herminengasse,9,348066
2025-08-02T01:09:23.087585,Josefstädter Straße U,21,345454
2025-08-02T01:09:23.087585,Josefstädter Straße U,21,345159
2025-08-02T01:09:23.087585,Josefstädter Straße U,21,345785
2025-08-02T01:09:23.087585,Josefstädter Straße U,21,345666
2025-08-02T01:09:23.087585,Josefstädter Straße U,21,346475
2025-08-02T01:09:23.087585,Josefstädter Straße U,21,346432
2025-08-02T01:09:23.087585,Josefstädter Straße U,21,346426
2025-08-02T01:09:23.087585,Josefstädter Straße U,21,346021
2025-08-02T01:09:23.087585,Josefstädter Straße U,21,346802
2025-08-02T01:09:23.087585,Josefstädter Straße U,21,346586
2025-08-02T01:09:23.087585,Josefstädter Straße U,21,347223
2025-08-02T01:09:23.087585,Josefstädter Straße U,21,347686
2025-08-02T01:09:23.087585,Josefstädter Straße U,21,347653
2025-08-02T01:09:23.087585,Josefstädter Straße U,21,347626
2025-08-02T01:09:23.087585,Josefstädter Straße U,21,347576
2025-08-02T01:09:23.087585,Josefstädter Straße U,21,348177
2025-08-02T01:09:23.087585,Josefstädter Straße U,21,348708
2025-08-02T01:09:23.087585,Josefstädter Straße U,21,348639
2025-08-02T01:09:23.087585,Josefstädter Straße U,21,348591
2025-08-02T01:09:23.087585,Josefstädter Straße U,21,348569
2025-08-02T01:09:23.087585,Josefstädter Straße U,21,398737
2025-08-02T01:09:23.087585,Friedrich-Engels-Platz,15,345385
2025-08-02T01:09:23.087585,Friedrich-Engels-Platz,15,345884
2025-08-02T01:09:23.087585,Friedrich-Engels-Platz,15,345871
2025-08-02T01:09:23.087585,Friedrich-Engels-Platz,15,345512
2025-08-02T01:09:23.087585,Friedrich-Engels-Platz,15,346845
2025-08-02T01:09:23.087585,Friedrich-Engels-Platz,15,347382
2025-08-02T01:09:23.087585,Friedrich-Engels-Platz,15,347317
2025-08-02T01:09:23.087585,Friedrich-Engels-Platz,15,347302
2025-08-02T01:09:23.087585,Friedrich-Engels-Platz,15,347928
2025-08-02T01:09:23.087585,Friedrich-Engels-Platz,15,347873
2025-08-02T01:09:23.087585,Friedrich-Engels-Platz,15,348472
2025-08-02T01:09:23.087585,Friedrich-Engels-Platz,15,348372
2025-08-02T01:09:23.087585,Friedrich-Engels-Platz,15,348371
2025-08-02T01:09:23.087585,Friedrich-Engels-Platz,15,348057
2025-08-02T01:09:23.087585,Friedrich-Engels-Platz,15,348613
2025-08-02T01:09:23.087585,Dresdner Straße U,18,345408
2025-08-02T01:09:23.087585,Dresdner Straße U,18,345041
2025-08-02T01:09:23.087585,Dresdner Straße U,18,345623
2025-08-02T01:09:23.087585,Dresdner Straße U,18,346805
2025-08-02T01:09:23.087585,Dresdner Straße U,18,346788
2025-08-02T01:09:23.087585,Dresdner Straße U,18,346519
2025-08-02T01:09:23.087585,Dresdner Straße U,18,347483
2025-08-02T01:09:23.087585,Dresdner Straße U,18,347948
2025-08-02T01:09:23.087585,Dresdner Straße U,18,347929
2025-08-02T01:09:23.087585,Dresdner Straße U,18,347863
2025-08-02T01:09:23.087585,Dresdner Straße U,18,347824
2025-08-02T01:09:23.087585,Dresdner Straße U,18,347720
2025-08-02T01:09:23.087585,Dresdner Straße U,18,347619
2025-08-02T01:09:23.087585,Dresdner Straße U,18,348390
2025-08-02T01:09:23.087585,Dresdner Straße U,18,348706
2025-08-02T01:09:23.087585,Dresdner Straße U,18,348647
2025-08-02T01:09:23.087585,Dresdner Straße U,18,348572
2025-08-02T01:09:23.087585,Dresdner Straße U,18,398721
2025-08-02T01:09:23.087585,Jägerstraße U,21,345404
2025-08-02T01:09:23.087585,Jägerstraße U,21,345332
2025-08-02T01:09:23.087585,Jägerstraße U,21,345086
2025-08-02T01:09:23.087585,Jägerstraße U,21,345043
2025-08-02T01:09:23.087585,Jägerstraße U,21,345029
2025-08-02T01:09:23.087585,Jägerstraße U,21,345718
2025-08-02T01:09:23.087585,Jägerstraße U,21,346465
2025-08-02T01:09:23.087585,Jägerstraße U,21,346460
2025-08-02T01:09:23.087585,Jägerstraße U,21,346459
2025-08-02T01:09:23.087585,Jägerstraße U,21,346438
2025-08-02T01:09:23.087585,Jägerstraße U,21,346201
2025-08-02T01:09:23.087585,Jägerstraße U,21,346173
2025-08-02T01:09:23.087585,Jägerstraße U,21,346681
2025-08-02T01:09:23.087585,Jägerstraße U,21,346672
2025-08-02T01:09:23.087585,Jägerstraße U,21,346581
2025-08-02T01:09:23.087585,Jägerstraße U,21,347452
2025-08-02T01:09:23.087585,Jägerstraße U,21,347436
2025-08-02T01:09:23.087585,Jägerstraße U,21,347954
2025-08-02T01:09:23.087585,Jägerstraße U,21,348215
2025-08-02T01:09:23.087585,Jägerstraße U,21,348117
2025-08-02T01:09:23.087585,Jägerstraße U,21,348080
2025-08-02T01:09:23.087585,Traisengasse S,10,345250
2025-08-02T01:09:23.087585,Traisengasse S,10,345556
2025-08-02T01:09:23.087585,Traisengasse S,10,346150
2025-08-02T01:09:23.087585,Traisengasse S,10,346517
2025-08-02T01:09:23.087585,Traisengasse S,10,347300
2025-08-02T01:09:23.087585,Traisengasse S,10,347066
2025-08-02T01:09:23.087585,Traisengasse S,10,347971
2025-08-02T01:09:23.087585,Traisengasse S,10,347548
2025-08-02T01:09:23.087585,Traisengasse S,10,348276
2025-08-02T01:09:23.087585,Traisengasse S,10,348179
2025-08-02T01:09:23.087585,Kettenbrückengasse U / Naschmarkt,17,345261
2025-08-02T01:09:23.087585,Kettenbrückengasse U / Naschmarkt,17,345801
2025-08-02T01:09:23.087585,Kettenbrückengasse U / Naschmarkt,17,346492
2025-08-02T01:09:23.087585,Kettenbrückengasse U / Naschmarkt,17,346251
2025-08-02T01:09:23.087585,Kettenbrückengasse U / Naschmarkt,17,346204
2025-08-02T01:09:23.087585,Kettenbrückengasse U / Naschmarkt,17,346114
2025-08-02T01:09:23.087585,Kettenbrückengasse U / Naschmarkt,17,346920
2025-08-02T01:09:23.087585,Kettenbrückengasse U / Naschmarkt,17,346524
2025-08-02T01:09:23.087585,Kettenbrückengasse U / Naschmarkt,17,347712
2025-08-02T01:09:23.087585,Kettenbrückengasse U / Naschmarkt,17,347692
2025-08-02T01:09:23.087585,Kettenbrückengasse U / Naschmarkt,17,347558
2025-08-02T01:09:23.087585,Kettenbrückengasse U / Naschmarkt,17,348489
2025-08-02T01:09:23.087585,Kettenbrückengasse U / Naschmarkt,17,348420
2025-08-02T01:09:23.087585,Kettenbrückengasse U / Naschmarkt,17,348415
2025-08-02T01:09:23.087585,Kettenbrückengasse U / Naschmarkt,17,348141
2025-08-02T01:09:23.087585,Kettenbrückengasse U / Naschmarkt,17,348109
2025-08-02T01:09:23.087585,Kettenbrückengasse U / Naschmarkt,17,348621
2025-08-02T01:09:23.087585,Aumannplatz,16,345432
2025-08-02T01:09:23.087585,Aumannplatz,16,345414
2025-08-02T01:09:23.087585,Aumannplatz,16,345152
2025-08-02T01:09:23.087585,Aumannplatz,16,345007
2025-08-02T01:09:23.087585,Aumannplatz,16,345883
2025-08-02T01:09:23.087585,Aumannplatz,16,346310
2025-08-02T01:09:23.087585,Aumannplatz,16,346283
2025-08-02T01:09:23.087585,Aumannplatz,16,346070
2025-08-02T01:09:23.087585,Aumannplatz,16,346886
2025-08-02T01:09:23.087585,Aumannplatz,16,346660
2025-08-02T01:09:23.087585,Aumannplatz,16,346631
2025-08-02T01:09:23.087585,Aumannplatz,16,346598
2025-08-02T01:09:23.087585,Aumannplatz,16,347575
2025-08-02T01:09:23.087585,Aumannplatz,16,348169
2025-08-02T01:09:23.087585,Aumannplatz,16,348668
2025-08-02T01:09:23.087585,Aumannplatz,16,348548
2025-08-02T01:09:23.087585,Längenfeldgasse U,19,345460
2025-08-02T01:09:23.087585,Längenfeldgasse U,19,345360
2025-08-02T01:09:23.087585,Längenfeldgasse U,19,345197
2025-08-02T01:09:23.087585,Längenfeldgasse U,19,345033
2025-08-02T01:09:23.087585,Längenfeldgasse U,19,345985
2025-08-02T01:09:23.087585,Längenfeldgasse U,19,345967
2025-08-02T01:09:23.087585,Längenfeldgasse U,19,345963
2025-08-02T01:09:23.087585,Längenfeldgasse U,19,345649
2025-08-02T01:09:23.087585,Längenfeldgasse U,19,346167
2025-08-02T01:09:23.087585,Längenfeldgasse U,19,346154
2025-08-02T01:09:23.087585,Längenfeldgasse U,19,346941
2025-08-02T01:09:23.087585,Längenfeldgasse U,19,346638
2025-08-02T01:09:23.087585,Längenfeldgasse U,19,347495
2025-08-02T01:09:23.087585,Längenfeldgasse U,19,347448
2025-08-02T01:09:23.087585,Längenfeldgasse U,19,347172
2025-08-02T01:09:23.087585,Längenfeldgasse U,19,347984
2025-08-02T01:09:23.087585,Längenfeldgasse U,19,347965
2025-08-02T01:09:23.087585,Längenfeldgasse U,19,347642
2025-08-02T01:09:23.087585,Längenfeldgasse U,19,348620
2025-08-02T01:09:23.087585,Althanstraße,8,345218
2025-08-02T01:09:23.087585,Althanstraße,8,345948
2025-08-02T01:09:23.087585,Althanstraße,8,345738
2025-08-02T01:09:23.087585,Althanstraße,8,345731
2025-08-02T01:09:23.087585,Althanstraße,8,346486
2025-08-02T01:09:23.087585,Althanstraße,8,346395
2025-08-02T01:09:23.087585,Althanstraße,8,346059
2025-08-02T01:09:23.087585,Althanstraße,8,346002
2025-08-02T01:09:23.087585,Schottentor U,22,345287
2025-08-02T01:09:23.087585,Schottentor U,22,345111
2025-08-02T01:09:23.087585,Schottentor U,22,345532
2025-08-02T01:09:23.087585,Schottentor U,22,346376
2025-08-02T01:09:23.087585,Schottentor U,22,346228
2025-08-02T01:09:23.087585,Schottentor U,22,346187
2025-08-02T01:09:23.087585,Schottentor U,22,346085
2025-08-02T01:09:23.087585,Schottentor U,22,346887
2025-08-02T01:09:23.087585,Schottentor U,22,346855
2025-08-02T01:09:23.087585,Schottentor U,22,346794
2025-08-02T01:09:23.087585,Schottentor U,22,346752
2025-08-02T01:09:23.087585,Schottentor U,22,346628
2025-08-02T01:09:23.087585,Schottentor U,22,347442
2025-08-02T01:09:23.087585,Schottentor U,22,347336
2025-08-02T01:09:23.087585,Schottentor U,22,347292
2025-08-02T01:09:23.087585,Schottentor U,22,347228
2025-08-02T01:09:23.087585,Schottentor U,22,347969
2025-08-02T01:09:23.087585,Schottentor U,22,347966
2025-08-02T01:09:23.087585,Schottentor U,22,347645
2025-08-02T01:09:23.087585,Schottentor U,22,348463
2025-08-02T01:09:23.087585,Schottentor U,22,348374
2025-08-02T01:09:23.087585,Schottentor U,22,348270
2025-08-02T01:09:23.087585,Neubaugasse U,1,346038
2025-08-02T01:09:23.087585,Museumsquartier U,8,345442
2025-08-02T01:09:23.087585,Museumsquartier U,8,346335
2025-08-02T01:09:23.087585,Museumsquartier U,8,346105
2025-08-02T01:09:23.087585,Museumsquartier U,8,346860
2025-08-02T01:09:23.087585,Museumsquartier U,8,346810
2025-08-02T01:09:23.087585,Museumsquartier U,8,347480
2025-08-02T01:09:23.087585,Museumsquartier U,8,347679
2025-08-02T01:09:23.087585,Museumsquartier U,8,348186
2025-08-02T01:09:23.087585,Johnstrasse U,11,345425
2025-08-02T01:09:23.087585,Johnstrasse U,11,345412
2025-08-02T01:09:23.087585,Johnstrasse U,11,345212
2025-08-02T01:09:23.087585,Johnstrasse U,11,346055
2025-08-02T01:09:23.087585,Johnstrasse U,11,346011
2025-08-02T01:09:23.087585,Johnstrasse U,11,346651
2025-08-02T01:09:23.087585,Johnstrasse U,11,346553
2025-08-02T01:09:23.087585,Johnstrasse U,11,347449
2025-08-02T01:09:23.087585,Johnstrasse U,11,347420
2025-08-02T01:09:23.087585,Johnstrasse U,11,347358
2025-08-02T01:09:23.087585,Johnstrasse U,11,348234
2025-08-02T01:09:23.087585,Turnergasse,2,345796
2025-08-02T01:09:23.087585,Turnergasse,2,348922
2025-08-02T01:09:23.087585,Kutschkergasse,5,346041
2025-08-02T01:09:23.087585,Kutschkergasse,5,346973
2025-08-02T01:09:23.087585,Kutschkergasse,5,348491
2025-08-02T01:09:23.087585,Kutschkergasse,5,348555
2025-08-02T01:09:23.087585,Kutschkergasse,5,348878
2025-08-02T01:09:23.087585,Stadion U,26,345375
2025-08-02T01:09:23.087585,Stadion U,26,345005
2025-08-02T01:09:23.087585,Stadion U,26,345980
2025-08-02T01:09:23.087585,Stadion U,26,345949
2025-08-02T01:09:23.087585,Stadion U,26,345947
2025-08-02T01:09:23.087585,Stadion U,26,345570
2025-08-02T01:09:23.087585,Stadion U,26,345515
2025-08-02T01:09:23.087585,Stadion U,26,346479
2025-08-02T01:09:23.087585,Stadion U,26,346411
2025-08-02T01:09:23.087585,Stadion U,26,346258
2025-08-02T01:09:23.087585,Stadion U,26,346084
2025-08-02T01:09:23.087585,Stadion U,26,346083
2025-08-02T01:09:23.087585,Stadion U,26,346677
2025-08-02T01:09:23.087585,Stadion U,26,346559
2025-08-02T01:09:23.087585,Stadion U,26,347122
2025-08-02T01:09:23.087585,Stadion U,26,347062
2025-08-02T01:09:23.087585,Stadion U,26,347993
2025-08-02T01:09:23.087585,Stadion U,26,348362
2025-08-02T01:09:23.087585,Stadion U,26,348335
2025-08-02T01:09:23.087585,Stadion U,26,348266
2025-08-02T01:09:23.087585,Stadion U,26,348172
2025-08-02T01:09:23.087585,Stadion U,26,348163
2025-08-02T01:09:23.087585,Stadion U,26,348102
2025-08-02T01:09:23.087585,Stadion U,26,348056
2025-08-02T01:09:23.087585,Stadion U,26,348014
2025-08-02T01:09:23.087585,Stadion U,26,348556
2025-08-02T01:09:23.087585,Brückengasse,8,345908
2025-08-02T01:09:23.087585,Brückengasse,8,345902
2025-08-02T01:09:23.087585,Brückengasse,8,346864
2025-08-02T01:09:23.087585,Brückengasse,8,346665
2025-08-02T01:09:23.087585,Brückengasse,8,346532
2025-08-02T01:09:23.087585,Brückengasse,8,347405
2025-08-02T01:09:23.087585,Brückengasse,8,347504
2025-08-02T01:09:23.087585,Brückengasse,8,348207
2025-08-02T01:09:23.087585,Schuhmeierplatz,28,345487
2025-08-02T01:09:23.087585,Schuhmeierplatz,28,345834
2025-08-02T01:09:23.087585,Schuhmeierplatz,28,345776
2025-08-02T01:09:23.087585,Schuhmeierplatz,28,345755
2025-08-02T01:09:23.087585,Schuhmeierplatz,28,346433
2025-08-02T01:09:23.087585,Schuhmeierplatz,28,346202
2025-08-02T01:09:23.087585,Schuhmeierplatz,28,346174
2025-08-02T01:09:23.087585,Schuhmeierplatz,28,346119
2025-08-02T01:09:23.087585,Schuhmeierplatz,28,346935
2025-08-02T01:09:23.087585,Schuhmeierplatz,28,346801
2025-08-02T01:09:23.087585,Schuhmeierplatz,28,346780
2025-08-02T01:09:23.087585,Schuhmeierplatz,28,346635
2025-08-02T01:09:23.087585,Schuhmeierplatz,28,346612
2025-08-02T01:09:23.087585,Schuhmeierplatz,28,346570
2025-08-02T01:09:23.087585,Schuhmeierplatz,28,346541
2025-08-02T01:09:23.087585,Schuhmeierplatz,28,346513
2025-08-02T01:09:23.087585,Schuhmeierplatz,28,347114
2025-08-02T01:09:23.087585,Schuhmeierplatz,28,347080
2025-08-02T01:09:23.087585,Schuhmeierplatz,28,347079
2025-08-02T01:09:23.087585,Schuhmeierplatz,28,347999
2025-08-02T01:09:23.087585,Schuhmeierplatz,28,347769
2025-08-02T01:09:23.087585,Schuhmeierplatz,28,347754
2025-08-02T01:09:23.087585,Schuhmeierplatz,28,347719
2025-08-02T01:09:23.087585,Schuhmeierplatz,28,347631
2025-08-02T01:09:23.087585,Schuhmeierplatz,28,347592
2025-08-02T01:09:23.087585,Schuhmeierplatz,28,348343
2025-08-02T01:09:23.087585,Schuhmeierplatz,28,348221
2025-08-02T01:09:23.087585,Schuhmeierplatz,28,348213
2025-08-02T01:09:23.087585,Schönbrunn U,6,345933
2025-08-02T01:09:23.087585,Schönbrunn U,6,345533
2025-08-02T01:09:23.087585,Schönbrunn U,6,346190
2025-08-02T01:09:23.087585,Schönbrunn U,6,346971
2025-08-02T01:09:23.087585,Schönbrunn U,6,347451
2025-08-02T01:09:23.087585,Schönbrunn U,6,398717
2025-08-02T01:09:23.087585,Hermesstraße / Oscar-Straus-Park ,3,345264
2025-08-02T01:09:23.087585,Hermesstraße / Oscar-Straus-Park ,3,347784
2025-08-02T01:09:23.087585,Hermesstraße / Oscar-Straus-Park ,3,347707
2025-08-02T01:09:23.087585,Modecenterstraße / The Marks,24,345323
2025-08-02T01:09:23.087585,Modecenterstraße / The Marks,24,345291
2025-08-02T01:09:23.087585,Modecenterstraße / The Marks,24,345146
2025-08-02T01:09:23.087585,Modecenterstraße / The Marks,24,345837
2025-08-02T01:09:23.087585,Modecenterstraße / The Marks,24,345735
2025-08-02T01:09:23.087585,Modecenterstraße / The Marks,24,345609
2025-08-02T01:09:23.087585,Modecenterstraße / The Marks,24,345594
2025-08-02T01:09:23.087585,Modecenterstraße / The Marks,24,346292
2025-08-02T01:09:23.087585,Modecenterstraße / The Marks,24,346188
2025-08-02T01:09:23.087585,Modecenterstraße / The Marks,24,346779
2025-08-02T01:09:23.087585,Modecenterstraße / The Marks,24,346613
2025-08-02T01:09:23.087585,Modecenterstraße / The Marks,24,347276
2025-08-02T01:09:23.087585,Modecenterstraße / The Marks,24,347164
2025-08-02T01:09:23.087585,Modecenterstraße / The Marks,24,347116
2025-08-02T01:09:23.087585,Modecenterstraße / The Marks,24,347043
2025-08-02T01:09:23.087585,Modecenterstraße / The Marks,24,347001
2025-08-02T01:09:23.087585,Modecenterstraße / The Marks,24,347853
2025-08-02T01:09:23.087585,Modecenterstraße / The Marks,24,347738
2025-08-02T01:09:23.087585,Modecenterstraße / The Marks,24,347529
2025-08-02T01:09:23.087585,Modecenterstraße / The Marks,24,347519
2025-08-02T01:09:23.087585,Modecenterstraße / The Marks,24,348345
2025-08-02T01:09:23.087585,Modecenterstraße / The Marks,24,348253
2025-08-02T01:09:23.087585,Modecenterstraße / The Marks,24,348065
2025-08-02T01:09:23.087585,Modecenterstraße / The Marks,24,348558
2025-08-02T01:09:23.087585,Am Langen Felde,13,345380
2025-08-02T01:09:23.087585,Am Langen Felde,13,345209
2025-08-02T01:09:23.087585,Am Langen Felde,13,345987
2025-08-02T01:09:23.087585,Am Langen Felde,13,345913
2025-08-02T01:09:23.087585,Am Langen Felde,13,345686
2025-08-02T01:09:23.087585,Am Langen Felde,13,347255
2025-08-02T01:09:23.087585,Am Langen Felde,13,347861
2025-08-02T01:09:23.087585,Am Langen Felde,13,347525
2025-08-02T01:09:23.087585,Am Langen Felde,13,348452
2025-08-02T01:09:23.087585,Am Langen Felde,13,348292
2025-08-02T01:09:23.087585,Am Langen Felde,13,348201
2025-08-02T01:09:23.087585,Am Langen Felde,13,348612
2025-08-02T01:09:23.087585,Am Langen Felde,13,348519
2025-08-02T01:09:23.087585,eLastenräder- Modecenterstraße / The Marks,3,347936
2025-08-02T01:09:23.087585,eLastenräder- Modecenterstraße / The Marks,3,348485
2025-08-02T01:09:23.087585,eLastenräder- Modecenterstraße / The Marks,3,348502
2025-08-02T01:09:23.087585,Pilgramgasse U,18,345426
2025-08-02T01:09:23.087585,Pilgramgasse U,18,345302
2025-08-02T01:09:23.087585,Pilgramgasse U,18,345194
2025-08-02T01:09:23.087585,Pilgramgasse U,18,345102
2025-08-02T01:09:23.087585,Pilgramgasse U,18,345820
2025-08-02T01:09:23.087585,Pilgramgasse U,18,345745
2025-08-02T01:09:23.087585,Pilgramgasse U,18,345667
2025-08-02T01:09:23.087585,Pilgramgasse U,18,345513
2025-08-02T01:09:23.087585,Pilgramgasse U,18,346237
2025-08-02T01:09:23.087585,Pilgramgasse U,18,346981
2025-08-02T01:09:23.087585,Pilgramgasse U,18,346761
2025-08-02T01:09:23.087585,Pilgramgasse U,18,346729
2025-08-02T01:09:23.087585,Pilgramgasse U,18,347040
2025-08-02T01:09:23.087585,Pilgramgasse U,18,347586
2025-08-02T01:09:23.087585,Pilgramgasse U,18,348457
2025-08-02T01:09:23.087585,Pilgramgasse U,18,348084
2025-08-02T01:09:23.087585,Pilgramgasse U,18,348691
2025-08-02T01:09:23.087585,Pilgramgasse U,18,398732
2025-08-02T01:09:23.087585,eLastenräder - Am langen Felde,4,346913
2025-08-02T01:09:23.087585,eLastenräder - Am langen Felde,4,346705
2025-08-02T01:09:23.087585,eLastenräder - Am langen Felde,4,347982
2025-08-02T01:09:23.087585,eLastenräder - Am langen Felde,4,348192
2025-08-02T01:09:23.087585,eLastenräder - Bruno-Marek-Allee,8,345129
2025-08-02T01:09:23.087585,eLastenräder - Bruno-Marek-Allee,8,346469
2025-08-02T01:09:23.087585,eLastenräder - Bruno-Marek-Allee,8,347815
2025-08-02T01:09:23.087585,eLastenräder - Bruno-Marek-Allee,8,347813
2025-08-02T01:09:23.087585,eLastenräder - Bruno-Marek-Allee,8,347786
2025-08-02T01:09:23.087585,eLastenräder - Bruno-Marek-Allee,8,348432
2025-08-02T01:09:23.087585,eLastenräder - Bruno-Marek-Allee,8,348090
2025-08-02T01:09:23.087585,eLastenräder - Bruno-Marek-Allee,8,348032
2025-08-02T01:09:23.087585,eLastenräder - Am Tabor,4,345697
2025-08-02T01:09:23.087585,eLastenräder - Am Tabor,4,345674
2025-08-02T01:09:23.087585,eLastenräder - Am Tabor,4,346724
2025-08-02T01:09:23.087585,eLastenräder - Am Tabor,4,348421
2025-08-02T01:09:23.087585,Purkytgasse ,2,346758
2025-08-02T01:09:23.087585,Purkytgasse ,2,348610
2025-08-02T01:09:23.087585,Neue Donau U,11,345445
2025-08-02T01:09:23.087585,Neue Donau U,11,345205
2025-08-02T01:09:23.087585,Neue Donau U,11,347479
2025-08-02T01:09:23.087585,Neue Donau U,11,347476
2025-08-02T01:09:23.087585,Neue Donau U,11,347792
2025-08-02T01:09:23.087585,Neue Donau U,11,347507
2025-08-02T01:09:23.087585,Neue Donau U,11,348300
2025-08-02T01:09:23.087585,Neue Donau U,11,348020
2025-08-02T01:09:23.087585,Neue Donau U,11,348017
2025-08-02T01:09:23.087585,Neue Donau U,11,348698
2025-08-02T01:09:23.087585,Neue Donau U,11,348582
2025-08-02T01:09:23.087585,Franz-Josef Bahnhof S,27,345459
2025-08-02T01:09:23.087585,Franz-Josef Bahnhof S,27,345387
2025-08-02T01:09:23.087585,Franz-Josef Bahnhof S,27,345269
2025-08-02T01:09:23.087585,Franz-Josef Bahnhof S,27,345219
2025-08-02T01:09:23.087585,Franz-Josef Bahnhof S,27,345006
2025-08-02T01:09:23.087585,Franz-Josef Bahnhof S,27,345954
2025-08-02T01:09:23.087585,Franz-Josef Bahnhof S,27,345719
2025-08-02T01:09:23.087585,Franz-Josef Bahnhof S,27,345586
2025-08-02T01:09:23.087585,Franz-Josef Bahnhof S,27,345548
2025-08-02T01:09:23.087585,Franz-Josef Bahnhof S,27,346463
2025-08-02T01:09:23.087585,Franz-Josef Bahnhof S,27,346400
2025-08-02T01:09:23.087585,Franz-Josef Bahnhof S,27,346363
2025-08-02T01:09:23.087585,Franz-Josef Bahnhof S,27,346216
2025-08-02T01:09:23.087585,Franz-Josef Bahnhof S,27,346087
2025-08-02T01:09:23.087585,Franz-Josef Bahnhof S,27,346013
2025-08-02T01:09:23.087585,Franz-Josef Bahnhof S,27,346898
2025-08-02T01:09:23.087585,Franz-Josef Bahnhof S,27,346797
2025-08-02T01:09:23.087585,Franz-Josef Bahnhof S,27,346710
2025-08-02T01:09:23.087585,Franz-Josef Bahnhof S,27,347497
2025-08-02T01:09:23.087585,Franz-Josef Bahnhof S,27,347349
2025-08-02T01:09:23.087585,Franz-Josef Bahnhof S,27,347241
2025-08-02T01:09:23.087585,Franz-Josef Bahnhof S,27,347018
2025-08-02T01:09:23.087585,Franz-Josef Bahnhof S,27,348378
2025-08-02T01:09:23.087585,Franz-Josef Bahnhof S,27,348007
2025-08-02T01:09:23.087585,Franz-Josef Bahnhof S,27,348623
2025-08-02T01:09:23.087585,Franz-Josef Bahnhof S,27,348583
2025-08-02T01:09:23.087585,Franz-Josef Bahnhof S,27,348560
2025-08-02T01:09:23.087585,Leopoldauer Platz,16,345484
2025-08-02T01:09:23.087585,Leopoldauer Platz,16,345284
2025-08-02T01:09:23.087585,Leopoldauer Platz,16,345178
2025-08-02T01:09:23.087585,Leopoldauer Platz,16,346360
2025-08-02T01:09:23.087585,Leopoldauer Platz,16,346233
2025-08-02T01:09:23.087585,Leopoldauer Platz,16,346117
2025-08-02T01:09:23.087585,Leopoldauer Platz,16,346015
2025-08-02T01:09:23.087585,Leopoldauer Platz,16,346867
2025-08-02T01:09:23.087585,Leopoldauer Platz,16,346725
2025-08-02T01:09:23.087585,Leopoldauer Platz,16,346509
2025-08-02T01:09:23.087585,Leopoldauer Platz,16,347355
2025-08-02T01:09:23.087585,Leopoldauer Platz,16,347953
2025-08-02T01:09:23.087585,Leopoldauer Platz,16,347855
2025-08-02T01:09:23.087585,Leopoldauer Platz,16,347700
2025-08-02T01:09:23.087585,Leopoldauer Platz,16,348305
2025-08-02T01:09:23.087585,Leopoldauer Platz,16,348263
2025-08-02T01:09:23.087585,Gewerbepark Stadlau,16,345331
2025-08-02T01:09:23.087585,Gewerbepark Stadlau,16,345254
2025-08-02T01:09:23.087585,Gewerbepark Stadlau,16,345105
2025-08-02T01:09:23.087585,Gewerbepark Stadlau,16,345004
2025-08-02T01:09:23.087585,Gewerbepark Stadlau,16,345601
2025-08-02T01:09:23.087585,Gewerbepark Stadlau,16,346312
2025-08-02T01:09:23.087585,Gewerbepark Stadlau,16,346017
2025-08-02T01:09:23.087585,Gewerbepark Stadlau,16,346939
2025-08-02T01:09:23.087585,Gewerbepark Stadlau,16,346921
2025-08-02T01:09:23.087585,Gewerbepark Stadlau,16,346786
2025-08-02T01:09:23.087585,Gewerbepark Stadlau,16,347394
2025-08-02T01:09:23.087585,Gewerbepark Stadlau,16,347189
2025-08-02T01:09:23.087585,Gewerbepark Stadlau,16,347866
2025-08-02T01:09:23.087585,Gewerbepark Stadlau,16,347779
2025-08-02T01:09:23.087585,Gewerbepark Stadlau,16,347713
2025-08-02T01:09:23.087585,Gewerbepark Stadlau,16,348115
2025-08-02T01:09:23.087585,Adelheid-Popp-Gasse,3,346917
2025-08-02T01:09:23.087585,Adelheid-Popp-Gasse,3,347940
2025-08-02T01:09:23.087585,Adelheid-Popp-Gasse,3,347906
2025-08-02T01:09:23.087585,Alte Donau U,12,345044
2025-08-02T01:09:23.087585,Alte Donau U,12,346385
2025-08-02T01:09:23.087585,Alte Donau U,12,346368
2025-08-02T01:09:23.087585,Alte Donau U,12,346324
2025-08-02T01:09:23.087585,Alte Donau U,12,346158
2025-08-02T01:09:23.087585,Alte Donau U,12,346088
2025-08-02T01:09:23.087585,Alte Donau U,12,346923
2025-08-02T01:09:23.087585,Alte Donau U,12,346812
2025-08-02T01:09:23.087585,Alte Donau U,12,346653
2025-08-02T01:09:23.087585,Alte Donau U,12,347833
2025-08-02T01:09:23.087585,Alte Donau U,12,347816
2025-08-02T01:09:23.087585,Alte Donau U,12,347763
2025-08-02T01:09:23.087585,VHS Kulturgarage,22,345498
2025-08-02T01:09:23.087585,VHS Kulturgarage,22,345288
2025-08-02T01:09:23.087585,VHS Kulturgarage,22,345270
2025-08-02T01:09:23.087585,VHS Kulturgarage,22,345267
2025-08-02T01:09:23.087585,VHS Kulturgarage,22,345514
2025-08-02T01:09:23.087585,VHS Kulturgarage,22,346391
2025-08-02T01:09:23.087585,VHS Kulturgarage,22,346199
2025-08-02T01:09:23.087585,VHS Kulturgarage,22,346900
2025-08-02T01:09:23.087585,VHS Kulturgarage,22,346668
2025-08-02T01:09:23.087585,VHS Kulturgarage,22,346622
2025-08-02T01:09:23.087585,VHS Kulturgarage,22,346602
2025-08-02T01:09:23.087585,VHS Kulturgarage,22,346535
2025-08-02T01:09:23.087585,VHS Kulturgarage,22,347443
2025-08-02T01:09:23.087585,VHS Kulturgarage,22,347245
2025-08-02T01:09:23.087585,VHS Kulturgarage,22,347810
2025-08-02T01:09:23.087585,VHS Kulturgarage,22,348499
2025-08-02T01:09:23.087585,VHS Kulturgarage,22,348484
2025-08-02T01:09:23.087585,VHS Kulturgarage,22,348352
2025-08-02T01:09:23.087585,VHS Kulturgarage,22,348291
2025-08-02T01:09:23.087585,VHS Kulturgarage,22,348092
2025-08-02T01:09:23.087585,VHS Kulturgarage,22,348702
2025-08-02T01:09:23.087585,VHS Kulturgarage,22,348528
2025-08-02T01:09:23.087585,Siebenbrunnenfeldgasse,2,348027
2025-08-02T01:09:23.087585,Siebenbrunnenfeldgasse,2,348553
2025-08-02T01:09:23.087585,Technisches Museum,31,345475
2025-08-02T01:09:23.087585,Technisches Museum,31,345253
2025-08-02T01:09:23.087585,Technisches Museum,31,345053
2025-08-02T01:09:23.087585,Technisches Museum,31,345875
2025-08-02T01:09:23.087585,Technisches Museum,31,345829
2025-08-02T01:09:23.087585,Technisches Museum,31,345821
2025-08-02T01:09:23.087585,Technisches Museum,31,345753
2025-08-02T01:09:23.087585,Technisches Museum,31,345572
2025-08-02T01:09:23.087585,Technisches Museum,31,346409
2025-08-02T01:09:23.087585,Technisches Museum,31,346284
2025-08-02T01:09:23.087585,Technisches Museum,31,346919
2025-08-02T01:09:23.087585,Technisches Museum,31,346840
2025-08-02T01:09:23.087585,Technisches Museum,31,346680
2025-08-02T01:09:23.087585,Technisches Museum,31,346652
2025-08-02T01:09:23.087585,Technisches Museum,31,346603
2025-08-02T01:09:23.087585,Technisches Museum,31,346527
2025-08-02T01:09:23.087585,Technisches Museum,31,347235
2025-08-02T01:09:23.087585,Technisches Museum,31,347220
2025-08-02T01:09:23.087585,Technisches Museum,31,347113
2025-08-02T01:09:23.087585,Technisches Museum,31,347097
2025-08-02T01:09:23.087585,Technisches Museum,31,347768
2025-08-02T01:09:23.087585,Technisches Museum,31,347650
2025-08-02T01:09:23.087585,Technisches Museum,31,347574
2025-08-02T01:09:23.087585,Technisches Museum,31,348473
2025-08-02T01:09:23.087585,Technisches Museum,31,348441
2025-08-02T01:09:23.087585,Technisches Museum,31,348340
2025-08-02T01:09:23.087585,Technisches Museum,31,348290
2025-08-02T01:09:23.087585,Technisches Museum,31,348274
2025-08-02T01:09:23.087585,Technisches Museum,31,348198
2025-08-02T01:09:23.087585,Technisches Museum,31,348689
2025-08-02T01:09:23.087585,Technisches Museum,31,348533
2025-08-02T01:09:23.087585,Kultursommer25 - Währinger Park,10,345123
2025-08-02T01:09:23.087585,Kultursommer25 - Währinger Park,10,345068
2025-08-02T01:09:23.087585,Kultursommer25 - Währinger Park,10,346406
2025-08-02T01:09:23.087585,Kultursommer25 - Währinger Park,10,346313
2025-08-02T01:09:23.087585,Kultursommer25 - Währinger Park,10,346285
2025-08-02T01:09:23.087585,Kultursommer25 - Währinger Park,10,346215
2025-08-02T01:09:23.087585,Kultursommer25 - Währinger Park,10,346596
2025-08-02T01:09:23.087585,Kultursommer25 - Währinger Park,10,347733
2025-08-02T01:09:23.087585,Kultursommer25 - Währinger Park,10,348204
2025-08-02T01:09:23.087585,Kultursommer25 - Währinger Park,10,348041
2025-08-02T01:09:23.087585,Wendstattgasse,14,345119
2025-08-02T01:09:23.087585,Wendstattgasse,14,345016
2025-08-02T01:09:23.087585,Wendstattgasse,14,345920
2025-08-02T01:09:23.087585,Wendstattgasse,14,345598
2025-08-02T01:09:23.087585,Wendstattgasse,14,346023
2025-08-02T01:09:23.087585,Wendstattgasse,14,346820
2025-08-02T01:09:23.087585,Wendstattgasse,14,346777
2025-08-02T01:09:23.087585,Wendstattgasse,14,346726
2025-08-02T01:09:23.087585,Wendstattgasse,14,346685
2025-08-02T01:09:23.087585,Wendstattgasse,14,347596
2025-08-02T01:09:23.087585,Wendstattgasse,14,348497
2025-08-02T01:09:23.087585,Wendstattgasse,14,348212
2025-08-02T01:09:23.087585,Wendstattgasse,14,348033
2025-08-02T01:09:23.087585,Wendstattgasse,14,348030
2025-08-02T01:09:23.087585,Neilreichgasse,2,348315
2025-08-02T01:09:23.087585,Neilreichgasse,2,348151
2025-08-02T01:09:23.087585,Gutheil-Schoder-Gasse / Badner Bahn,7,345241
2025-08-02T01:09:23.087585,Gutheil-Schoder-Gasse / Badner Bahn,7,347301
2025-08-02T01:09:23.087585,Gutheil-Schoder-Gasse / Badner Bahn,7,347972
2025-08-02T01:09:23.087585,Gutheil-Schoder-Gasse / Badner Bahn,7,347747
2025-08-02T01:09:23.087585,Gutheil-Schoder-Gasse / Badner Bahn,7,347604
2025-08-02T01:09:23.087585,Gutheil-Schoder-Gasse / Badner Bahn,7,348363
2025-08-02T01:09:23.087585,Gutheil-Schoder-Gasse / Badner Bahn,7,348147
2025-08-02T01:09:23.087585,Neu Leopoldau,12,345025
2025-08-02T01:09:23.087585,Neu Leopoldau,12,345929
2025-08-02T01:09:23.087585,Neu Leopoldau,12,345760
2025-08-02T01:09:23.087585,Neu Leopoldau,12,345651
2025-08-02T01:09:23.087585,Neu Leopoldau,12,346234
2025-08-02T01:09:23.087585,Neu Leopoldau,12,346878
2025-08-02T01:09:23.087585,Neu Leopoldau,12,346578
2025-08-02T01:09:23.087585,Neu Leopoldau,12,347118
2025-08-02T01:09:23.087585,Neu Leopoldau,12,347514
2025-08-02T01:09:23.087585,Neu Leopoldau,12,348493
2025-08-02T01:09:23.087585,Neu Leopoldau,12,348031
2025-08-02T01:09:23.087585,Neu Leopoldau,12,348566
2025-08-02T01:09:23.087585,Strebersdorf S,10,345853
2025-08-02T01:09:23.087585,Strebersdorf S,10,346280
2025-08-02T01:09:23.087585,Strebersdorf S,10,346675
2025-08-02T01:09:23.087585,Strebersdorf S,10,347252
2025-08-02T01:09:23.087585,Strebersdorf S,10,347078
2025-08-02T01:09:23.087585,Strebersdorf S,10,347697
2025-08-02T01:09:23.087585,Strebersdorf S,10,348492
2025-08-02T01:09:23.087585,Strebersdorf S,10,348377
2025-08-02T01:09:23.087585,Strebersdorf S,10,348628
2025-08-02T01:09:23.087585,Strebersdorf S,10,348597
2025-08-02T01:09:23.087585,Rodlergasse,1,346630
2025-08-02T01:09:23.087585,Nussbaumallee,4,345378
2025-08-02T01:09:23.087585,Nussbaumallee,4,345131
2025-08-02T01:09:23.087585,Nussbaumallee,4,346924
2025-08-02T01:09:23.087585,Nussbaumallee,4,348133
2025-08-02T01:09:23.087585,Raxstraße,9,345492
2025-08-02T01:09:23.087585,Raxstraße,9,345458
2025-08-02T01:09:23.087585,Raxstraße,9,345634
2025-08-02T01:09:23.087585,Raxstraße,9,346222
2025-08-02T01:09:23.087585,Raxstraße,9,346879
2025-08-02T01:09:23.087585,Raxstraße,9,346755
2025-08-02T01:09:23.087585,Raxstraße,9,347858
2025-08-02T01:09:23.087585,Raxstraße,9,347508
2025-08-02T01:09:23.087585,Raxstraße,9,348349
2025-08-02T01:09:23.087585,Wattmanngasse,6,346999
2025-08-02T01:09:23.087585,Wattmanngasse,6,347456
2025-08-02T01:09:23.087585,Wattmanngasse,6,347230
2025-08-02T01:09:23.087585,Wattmanngasse,6,347960
2025-08-02T01:09:23.087585,Wattmanngasse,6,347767
2025-08-02T01:09:23.087585,Wattmanngasse,6,348008
2025-08-02T01:09:23.087585,Floridsdorfer Markt,4,346269
2025-08-02T01:09:23.087585,Floridsdorfer Markt,4,346784
2025-08-02T01:09:23.087585,Floridsdorfer Markt,4,347426
2025-08-02T01:09:23.087585,Floridsdorfer Markt,4,347585
2025-08-02T01:09:23.087585,Nussdorf S,14,345336
2025-08-02T01:09:23.087585,Nussdorf S,14,345026
2025-08-02T01:09:23.087585,Nussdorf S,14,345003
2025-08-02T01:09:23.087585,Nussdorf S,14,345889
2025-08-02T01:09:23.087585,Nussdorf S,14,345723
2025-08-02T01:09:23.087585,Nussdorf S,14,347411
2025-08-02T01:09:23.087585,Nussdorf S,14,347287
2025-08-02T01:09:23.087585,Nussdorf S,14,347212
2025-08-02T01:09:23.087585,Nussdorf S,14,347142
2025-08-02T01:09:23.087585,Nussdorf S,14,347880
2025-08-02T01:09:23.087585,Nussdorf S,14,347609
2025-08-02T01:09:23.087585,Nussdorf S,14,348271
2025-08-02T01:09:23.087585,Nussdorf S,14,348258
2025-08-02T01:09:23.087585,Nussdorf S,14,348705
2025-08-02T01:09:23.087585,Kultursommer25 - Nordwestbahnhof,8,345312
2025-08-02T01:09:23.087585,Kultursommer25 - Nordwestbahnhof,8,345246
2025-08-02T01:09:23.087585,Kultursommer25 - Nordwestbahnhof,8,345778
2025-08-02T01:09:23.087585,Kultursommer25 - Nordwestbahnhof,8,345670
2025-08-02T01:09:23.087585,Kultursommer25 - Nordwestbahnhof,8,346568
2025-08-02T01:09:23.087585,Kultursommer25 - Nordwestbahnhof,8,347305
2025-08-02T01:09:23.087585,Kultursommer25 - Nordwestbahnhof,8,347978
2025-08-02T01:09:23.087585,Kultursommer25 - Nordwestbahnhof,8,398733
2025-08-02T01:09:23.087585,Kultursommer25 - Fußballverein 1210,16,345467
2025-08-02T01:09:23.087585,Kultursommer25 - Fußballverein 1210,16,345921
2025-08-02T01:09:23.087585,Kultursommer25 - Fußballverein 1210,16,345737
2025-08-02T01:09:23.087585,Kultursommer25 - Fußballverein 1210,16,345625
2025-08-02T01:09:23.087585,Kultursommer25 - Fußballverein 1210,16,345580
2025-08-02T01:09:23.087585,Kultursommer25 - Fußballverein 1210,16,346440
2025-08-02T01:09:23.087585,Kultursommer25 - Fußballverein 1210,16,346386
2025-08-02T01:09:23.087585,Kultursommer25 - Fußballverein 1210,16,346341
2025-08-02T01:09:23.087585,Kultursommer25 - Fußballverein 1210,16,346018
2025-08-02T01:09:23.087585,Kultursommer25 - Fußballverein 1210,16,346911
2025-08-02T01:09:23.087585,Kultursommer25 - Fußballverein 1210,16,347248
2025-08-02T01:09:23.087585,Kultursommer25 - Fußballverein 1210,16,347243
2025-08-02T01:09:23.087585,Kultursommer25 - Fußballverein 1210,16,347137
2025-08-02T01:09:23.087585,Kultursommer25 - Fußballverein 1210,16,348361
2025-08-02T01:09:23.087585,Kultursommer25 - Fußballverein 1210,16,348082
2025-08-02T01:09:23.087585,Kultursommer25 - Fußballverein 1210,16,348525
2025-08-02T01:09:23.087585,Kultursommer25 - Wilhelmsdorfer Park,2,346454
2025-08-02T01:09:23.087585,Kultursommer25 - Wilhelmsdorfer Park,2,348905
2025-08-02T01:09:23.087585,Bertha-von-Suttner-Gasse,12,345490
2025-08-02T01:09:23.087585,Bertha-von-Suttner-Gasse,12,345856
2025-08-02T01:09:23.087585,Bertha-von-Suttner-Gasse,12,346382
2025-08-02T01:09:23.087585,Bertha-von-Suttner-Gasse,12,346286
2025-08-02T01:09:23.087585,Bertha-von-Suttner-Gasse,12,347359
2025-08-02T01:09:23.087585,Bertha-von-Suttner-Gasse,12,347958
2025-08-02T01:09:23.087585,Bertha-von-Suttner-Gasse,12,347912
2025-08-02T01:09:23.087585,Bertha-von-Suttner-Gasse,12,347851
2025-08-02T01:09:23.087585,Bertha-von-Suttner-Gasse,12,347710
2025-08-02T01:09:23.087585,Bertha-von-Suttner-Gasse,12,347600
2025-08-02T01:09:23.087585,Bertha-von-Suttner-Gasse,12,348679
2025-08-02T01:09:23.087585,Bertha-von-Suttner-Gasse,12,348619
2025-08-02T01:09:23.087585,Hauptbahnhof Ost,8,345310
2025-08-02T01:09:23.087585,Hauptbahnhof Ost,8,345271
2025-08-02T01:09:23.087585,Hauptbahnhof Ost,8,345231
2025-08-02T01:09:23.087585,Hauptbahnhof Ost,8,345599
2025-08-02T01:09:23.087585,Hauptbahnhof Ost,8,345502
2025-08-02T01:09:23.087585,Hauptbahnhof Ost,8,346242
2025-08-02T01:09:23.087585,Hauptbahnhof Ost,8,346876
2025-08-02T01:09:23.087585,Hauptbahnhof Ost,8,347876
2025-08-02T01:09:23.087585,FH Technikum,13,345439
2025-08-02T01:09:23.087585,FH Technikum,13,345142
2025-08-02T01:09:23.087585,FH Technikum,13,345076
2025-08-02T01:09:23.087585,FH Technikum,13,345806
2025-08-02T01:09:23.087585,FH Technikum,13,345688
2025-08-02T01:09:23.087585,FH Technikum,13,346034
2025-08-02T01:09:23.087585,FH Technikum,13,347434
2025-08-02T01:09:23.087585,FH Technikum,13,347258
2025-08-02T01:09:23.087585,FH Technikum,13,348483
2025-08-02T01:09:23.087585,FH Technikum,13,348427
2025-08-02T01:09:23.087585,FH Technikum,13,348365
2025-08-02T01:09:23.087585,FH Technikum,13,348113
2025-08-02T01:09:23.087585,FH Technikum,13,348996
2025-08-02T01:09:23.087585,Hafen Wien,11,345431
2025-08-02T01:09:23.087585,Hafen Wien,11,345391
2025-08-02T01:09:23.087585,Hafen Wien,11,345996
2025-08-02T01:09:23.087585,Hafen Wien,11,345571
2025-08-02T01:09:23.087585,Hafen Wien,11,345530
2025-08-02T01:09:23.087585,Hafen Wien,11,346439
2025-08-02T01:09:23.087585,Hafen Wien,11,346374
2025-08-02T01:09:23.087585,Hafen Wien,11,347415
2025-08-02T01:09:23.087585,Hafen Wien,11,347277
2025-08-02T01:09:23.087585,Hafen Wien,11,347588
2025-08-02T01:09:23.087585,Hafen Wien,11,348286
2025-08-02T01:09:23.087585,Seestadt U - Lina-Bo-Bardi-Platz,2,345836
2025-08-02T01:09:23.087585,Seestadt U - Lina-Bo-Bardi-Platz,2,346183
2025-08-02T01:09:23.087585,Barbara-Prammer-Allee,6,345022
2025-08-02T01:09:23.087585,Barbara-Prammer-Allee,6,346897
2025-08-02T01:09:23.087585,Barbara-Prammer-Allee,6,346505
2025-08-02T01:09:23.087585,Barbara-Prammer-Allee,6,347458
2025-08-02T01:09:23.087585,Barbara-Prammer-Allee,6,347983
2025-08-02T01:09:23.087585,Barbara-Prammer-Allee,6,347828
2025-08-02T01:09:23.087585,Sonnenallee,1,346140
2025-08-02T01:09:23.087585,AIT Austrian Institute of Technology / Giefinggasse ,2,347835
2025-08-02T01:09:23.087585,AIT Austrian Institute of Technology / Giefinggasse ,2,347614
2025-08-02T01:09:23.087585,Blériotgasse,21,345483
2025-08-02T01:09:23.087585,Blériotgasse,21,345202
2025-08-02T01:09:23.087585,Blériotgasse,21,345028
2025-08-02T01:09:23.087585,Blériotgasse,21,345636
2025-08-02T01:09:23.087585,Blériotgasse,21,345577
2025-08-02T01:09:23.087585,Blériotgasse,21,346198
2025-08-02T01:09:23.087585,Blériotgasse,21,346667
2025-08-02T01:09:23.087585,Blériotgasse,21,346572
2025-08-02T01:09:23.087585,Blériotgasse,21,347446
2025-08-02T01:09:23.087585,Blériotgasse,21,347441
2025-08-02T01:09:23.087585,Blériotgasse,21,347416
2025-08-02T01:09:23.087585,Blériotgasse,21,347399
2025-08-02T01:09:23.087585,Blériotgasse,21,347398
2025-08-02T01:09:23.087585,Blériotgasse,21,347315
2025-08-02T01:09:23.087585,Blériotgasse,21,347190
2025-08-02T01:09:23.087585,Blériotgasse,21,347952
2025-08-02T01:09:23.087585,Blériotgasse,21,347903
2025-08-02T01:09:23.087585,Blériotgasse,21,347690
2025-08-02T01:09:23.087585,Blériotgasse,21,347555
2025-08-02T01:09:23.087585,Blériotgasse,21,347516
2025-08-02T01:09:23.087585,Blériotgasse,21,348659
2025-08-02T01:09:23.087585,Vetmed Haupteingang,9,346397
2025-08-02T01:09:23.087585,Vetmed Haupteingang,9,346108
2025-08-02T01:09:23.087585,Vetmed Haupteingang,9,346974
2025-08-02T01:09:23.087585,Vetmed Haupteingang,9,346781
2025-08-02T01:09:23.087585,Vetmed Haupteingang,9,346583
2025-08-02T01:09:23.087585,Vetmed Haupteingang,9,347414
2025-08-02T01:09:23.087585,Vetmed Haupteingang,9,347848
2025-08-02T01:09:23.087585,Vetmed Haupteingang,9,348403
2025-08-02T01:09:23.087585,Vetmed Haupteingang,9,348040
2025-08-02T01:09:23.087585,Vetmed UB,9,345341
2025-08-02T01:09:23.087585,Vetmed UB,9,346422
2025-08-02T01:09:23.087585,Vetmed UB,9,346256
2025-08-02T01:09:23.087585,Vetmed UB,9,346098
2025-08-02T01:09:23.087585,Vetmed UB,9,346741
2025-08-02T01:09:23.087585,Vetmed UB,9,348265
2025-08-02T01:09:23.087585,Vetmed UB,9,348093
2025-08-02T01:09:23.087585,Vetmed UB,9,348626
2025-08-02T01:09:23.087585,Vetmed UB,9,348596
2025-08-02T01:09:23.087585,Rebhanngasse / Nordbahnstrasse,15,345062
2025-08-02T01:09:23.087585,Rebhanngasse / Nordbahnstrasse,15,345972
2025-08-02T01:09:23.087585,Rebhanngasse / Nordbahnstrasse,15,345941
2025-08-02T01:09:23.087585,Rebhanngasse / Nordbahnstrasse,15,345782
2025-08-02T01:09:23.087585,Rebhanngasse / Nordbahnstrasse,15,345535
2025-08-02T01:09:23.087585,Rebhanngasse / Nordbahnstrasse,15,346907
2025-08-02T01:09:23.087585,Rebhanngasse / Nordbahnstrasse,15,346739
2025-08-02T01:09:23.087585,Rebhanngasse / Nordbahnstrasse,15,347374
2025-08-02T01:09:23.087585,Rebhanngasse / Nordbahnstrasse,15,347874
2025-08-02T01:09:23.087585,Rebhanngasse / Nordbahnstrasse,15,347761
2025-08-02T01:09:23.087585,Rebhanngasse / Nordbahnstrasse,15,347527
2025-08-02T01:09:23.087585,Rebhanngasse / Nordbahnstrasse,15,347515
2025-08-02T01:09:23.087585,Rebhanngasse / Nordbahnstrasse,15,348448
2025-08-02T01:09:23.087585,Rebhanngasse / Nordbahnstrasse,15,348308
2025-08-02T01:09:23.087585,Rebhanngasse / Nordbahnstrasse,15,398736
2025-08-02T01:09:23.087585,Kultursommer25 - Atzgersdorf Stadtpark,14,345315
2025-08-02T01:09:23.087585,Kultursommer25 - Atzgersdorf Stadtpark,14,345061
2025-08-02T01:09:23.087585,Kultursommer25 - Atzgersdorf Stadtpark,14,345995
2025-08-02T01:09:23.087585,Kultursommer25 - Atzgersdorf Stadtpark,14,345854
2025-08-02T01:09:23.087585,Kultursommer25 - Atzgersdorf Stadtpark,14,345552
2025-08-02T01:09:23.087585,Kultursommer25 - Atzgersdorf Stadtpark,14,346365
2025-08-02T01:09:23.087585,Kultursommer25 - Atzgersdorf Stadtpark,14,346333
2025-08-02T01:09:23.087585,Kultursommer25 - Atzgersdorf Stadtpark,14,346329
2025-08-02T01:09:23.087585,Kultursommer25 - Atzgersdorf Stadtpark,14,346054
2025-08-02T01:09:23.087585,Kultursommer25 - Atzgersdorf Stadtpark,14,346896
2025-08-02T01:09:23.087585,Kultursommer25 - Atzgersdorf Stadtpark,14,346870
2025-08-02T01:09:23.087585,Kultursommer25 - Atzgersdorf Stadtpark,14,347016
2025-08-02T01:09:23.087585,Kultursommer25 - Atzgersdorf Stadtpark,14,347638
2025-08-02T01:09:23.087585,Kultursommer25 - Atzgersdorf Stadtpark,14,348486
2025-08-02T01:09:23.087585,Kultursommer25 - Schrödingerplatz,8,345405
2025-08-02T01:09:23.087585,Kultursommer25 - Schrödingerplatz,8,345199
2025-08-02T01:09:23.087585,Kultursommer25 - Schrödingerplatz,8,347992
2025-08-02T01:09:23.087585,Kultursommer25 - Schrödingerplatz,8,347781
2025-08-02T01:09:23.087585,Kultursommer25 - Schrödingerplatz,8,348339
2025-08-02T01:09:23.087585,Kultursommer25 - Schrödingerplatz,8,348242
2025-08-02T01:09:23.087585,Kultursommer25 - Schrödingerplatz,8,348138
2025-08-02T01:09:23.087585,Kultursommer25 - Schrödingerplatz,8,348043
2025-08-02T01:09:23.087585,Karl Tornay Gasse ,10,345567
2025-08-02T01:09:23.087585,Karl Tornay Gasse ,10,345507
2025-08-02T01:09:23.087585,Karl Tornay Gasse ,10,346195
2025-08-02T01:09:23.087585,Karl Tornay Gasse ,10,346728
2025-08-02T01:09:23.087585,Karl Tornay Gasse ,10,346647
2025-08-02T01:09:23.087585,Karl Tornay Gasse ,10,347432
2025-08-02T01:09:23.087585,Karl Tornay Gasse ,10,347149
2025-08-02T01:09:23.087585,Karl Tornay Gasse ,10,347985
2025-08-02T01:09:23.087585,Karl Tornay Gasse ,10,347648
2025-08-02T01:09:23.087585,Karl Tornay Gasse ,10,348164
2025-08-02T01:09:23.087585,BIKE 348188,1,348188
2025-08-02T01:09:23.087585,BIKE 347945,1,347945
2025-08-02T01:09:23.087585,BIKE 345466,1,345466
2025-08-02T01:09:23.087585,BIKE 346799,1,346799
2025-08-02T01:09:23.087585,BIKE 346587,1,346587
2025-08-02T01:09:23.087585,BIKE 346160,1,346160
2025-08-02T01:09:23.087585,BIKE 345742,1,345742
2025-08-02T01:09:23.087585,BIKE 347148,1,347148
2025-08-02T01:09:23.087585,BIKE 346446,1,346446
2025-08-02T01:09:23.087585,BIKE 348132,1,348132
2025-08-02T01:09:23.087585,BIKE 346396,1,346396
2025-08-02T01:09:23.087585,BIKE 347990,1,347990
2025-08-02T01:09:23.087585,BIKE 346847,1,346847
2025-08-02T01:09:23.087585,BIKE 345971,1,345971
2025-08-02T01:09:23.087585,BIKE 347550,1,347550
2025-08-02T01:09:23.087585,BIKE 348561,1,348561
2025-08-02T01:09:23.087585,BIKE 346294,1,346294
2025-08-02T01:09:23.087585,BIKE 348418,1,348418
2025-08-02T01:09:23.087585,BIKE 345659,1,345659
2025-08-02T01:09:23.087585,BIKE 348042,1,348042
2025-08-02T01:09:23.087585,BIKE 347206,1,347206
2025-08-02T01:09:23.087585,BIKE 345587,1,345587
2025-08-02T01:09:23.087585,BIKE 345149,1,345149
2025-08-02T01:09:23.087585,BIKE 348126,1,348126
2025-08-02T01:09:23.087585,BIKE 347772,1,347772
2025-08-02T01:09:23.087585,BIKE 346343,1,346343
2025-08-02T01:09:23.087585,BIKE 348521,1,348521
2025-08-02T01:09:23.087585,BIKE 345128,1,345128
2025-08-02T01:09:23.087585,BIKE 346982,1,346982
2025-08-02T01:09:23.087585,BIKE 347845,1,347845
2025-08-02T01:09:23.087585,BIKE 347854,1,347854
2025-08-02T01:09:23.087585,BIKE 346945,1,346945
2025-08-02T01:09:23.087585,BIKE 347884,1,347884
2025-08-02T01:09:23.087585,BIKE 345815,1,345815
2025-08-02T01:09:23.087585,BIKE 345278,1,345278
2025-08-02T01:09:23.087585,BIKE 347647,1,347647
2025-08-02T01:09:23.087585,BIKE 347286,1,347286
2025-08-02T01:09:23.087585,BIKE 346690,1,346690
2025-08-02T01:09:23.087585,BIKE 345154,1,345154
2025-08-02T01:09:23.087585,BIKE 347282,1,347282
2025-08-02T01:09:23.087585,BIKE 347002,1,347002
2025-08-02T01:09:23.087585,BIKE 345018,1,345018
2025-08-02T01:09:23.087585,BIKE 347362,1,347362
2025-08-02T01:09:23.087585,BIKE 347573,1,347573
2025-08-02T01:09:23.087585,BIKE 92411,1,92411
2025-08-02T01:09:23.087585,BIKE 345441,1,345441
2025-08-02T01:09:23.087585,BIKE 348034,1,348034
2025-08-02T01:09:23.087585,BIKE 346621,1,346621
2025-08-02T01:09:23.087585,BIKE 348615,1,348615
2025-08-02T01:09:23.087585,BIKE 346326,1,346326
2025-08-02T01:09:23.087585,BIKE 347667,1,347667
2025-08-02T01:09:23.087585,BIKE 348052,1,348052
2025-08-02T01:09:23.087585,BIKE 345673,1,345673
2025-08-02T01:09:23.087585,BIKE 348503,1,348503
2025-08-02T01:09:23.087585,BIKE 346019,1,346019
2025-08-02T01:09:23.087585,BIKE 345859,1,345859
2025-08-02T01:09:23.087585,BIKE 345276,1,345276
2025-08-02T01:09:23.087585,BIKE 346250,1,346250
2025-08-02T01:09:23.087585,BIKE 348150,1,348150
2025-08-02T01:09:23.087585,BIKE 347053,1,347053
2025-08-02T01:09:23.087585,BIKE 345098,1,345098
2025-08-02T01:09:23.087585,BIKE 345090,1,345090
2025-08-02T01:09:23.087585,BIKE 348356,1,348356
2025-08-02T01:09:23.087585,BIKE 347513,1,347513
2025-08-02T01:09:23.087585,BIKE 348589,1,348589
2025-08-02T01:09:23.087585,BIKE 346178,1,346178
2025-08-02T01:09:23.087585,BIKE 347424,1,347424
2025-08-02T01:09:23.087585,BIKE 348646,1,348646
2025-08-02T01:09:23.087585,BIKE 348488,1,348488
2025-08-02T01:09:23.087585,BIKE 348545,1,348545
2025-08-02T01:09:23.087585,BIKE 345569,1,345569
2025-08-02T01:09:23.087585,BIKE 348604,1,348604
2025-08-02T01:09:23.087585,BIKE 346094,1,346094
2025-08-02T01:09:23.087585,BIKE 347751,1,347751
2025-08-02T01:09:23.087585,BIKE 347771,1,347771
2025-08-02T01:09:23.087585,BIKE 347486,1,347486
2025-08-02T01:09:23.087585,BIKE 348692,1,348692
2025-08-02T01:09:23.087585,BIKE 345354,1,345354
2025-08-02T01:09:23.087585,BIKE 348181,1,348181
2025-08-02T01:09:23.087585,BIKE 345546,1,345546
2025-08-02T01:09:23.087585,BIKE 347956,1,347956
2025-08-02T01:09:23.087585,BIKE 345614,1,345614
2025-08-02T01:09:23.087585,BIKE 346128,1,346128
2025-08-02T01:09:23.087585,BIKE 347249,1,347249
2025-08-02T01:09:23.087585,BIKE 346800,1,346800
2025-08-02T01:09:23.087585,BIKE 346564,1,346564
2025-08-02T01:09:23.087585,BIKE 347987,1,347987
2025-08-02T01:09:23.087585,BIKE 347032,1,347032
2025-08-02T01:09:23.087585,BIKE 347124,1,347124
2025-08-02T01:09:23.087585,BIKE 348876,1,348876
2025-08-02T01:09:23.087585,BIKE 346609,1,346609
2025-08-02T01:09:23.087585,BIKE 345200,1,345200
2025-08-02T01:09:23.087585,BIKE 347472,1,347472
2025-08-02T01:09:23.087585,BIKE 346960,1,346960
2025-08-02T01:09:23.087585,BIKE 347817,1,347817
2025-08-02T01:09:23.087585,BIKE 348206,1,348206
2025-08-02T01:09:23.087585,BIKE 347644,1,347644
2025-08-02T01:09:23.087585,BIKE 346191,1,346191
2025-08-02T01:09:23.087585,BIKE 346594,1,346594
2025-08-02T01:09:23.087585,BIKE 346225,1,346225
2025-08-02T01:09:23.087585,BIKE 349026,1,349026
2025-08-02T01:09:23.087585,BIKE 348075,1,348075
2025-08-02T01:09:23.087585,BIKE 345279,1,345279
2025-08-02T01:09:23.087585,BIKE 347599,1,347599
2025-08-02T01:09:23.087585,BIKE 345681,1,345681
2025-08-02T01:09:23.087585,BIKE 346853,1,346853
2025-08-02T01:09:23.087585,BIKE 346552,1,346552
2025-08-02T01:09:23.087585,BIKE 346619,1,346619
2025-08-02T01:09:23.087585,BIKE 347162,1,347162
2025-08-02T01:09:23.087585,BIKE 345299,1,345299
2025-08-02T01:09:23.087585,BIKE 346997,1,346997
2025-08-02T01:09:23.087585,BIKE 346267,1,346267
2025-08-02T01:09:23.087585,BIKE 347572,1,347572
2025-08-02T01:09:23.087585,BIKE 346362,1,346362
2025-08-02T01:09:23.087585,BIKE 345814,1,345814
2025-08-02T01:09:23.087585,BIKE 348965,1,348965
2025-08-02T01:09:23.087585,BIKE 345911,1,345911
2025-08-02T01:09:23.087585,BIKE 347782,1,347782
2025-08-02T01:09:23.087585,BIKE 346471,1,346471
2025-08-02T01:09:23.087585,BIKE 349039,1,349039
2025-08-02T01:09:23.087585,BIKE 347293,1,347293
2025-08-02T01:09:23.087585,BIKE 347279,1,347279
2025-08-02T01:09:23.087585,BIKE 348047,1,348047
2025-08-02T01:09:23.087585,BIKE 345192,1,345192
2025-08-02T01:09:23.087585,BIKE 348107,1,348107
2025-08-02T01:09:23.087585,BIKE 345817,1,345817
2025-08-02T01:09:23.087585,BIKE 347052,1,347052
2025-08-02T01:09:23.087585,BIKE 347579,1,347579
2025-08-02T01:09:23.087585,BIKE 347797,1,347797
2025-08-02T01:09:23.087585,BIKE 348267,1,348267
2025-08-02T01:09:23.087585,BIKE 346580,1,346580
2025-08-02T01:09:23.087585,BIKE 345740,1,345740
2025-08-02T01:09:23.087585,BIKE 345529,1,345529
2025-08-02T01:09:23.087585,BIKE 345769,1,345769
2025-08-02T01:09:23.087585,BIKE 348960,1,348960
2025-08-02T01:09:23.087585,BIKE 345813,1,345813
2025-08-02T01:09:23.087585,BIKE 345798,1,345798
2025-08-02T01:09:23.087585,BIKE 347222,1,347222
2025-08-02T01:09:23.087585,BIKE 348495,1,348495
2025-08-02T01:09:23.087585,BIKE 348048,1,348048
2025-08-02T01:09:23.087585,BIKE 346224,1,346224
2025-08-02T01:09:23.087585,BIKE 345367,1,345367
2025-08-02T01:09:23.087585,BIKE 346852,1,346852
2025-08-02T01:09:23.087585,BIKE 345780,1,345780
2025-08-02T01:09:23.087585,BIKE 347734,1,347734
2025-08-02T01:09:23.087585,BIKE 347862,1,347862
2025-08-02T01:09:23.087585,BIKE 346590,1,346590
2025-08-02T01:09:23.087585,BIKE 346298,1,346298
2025-08-02T01:09:23.087585,BIKE 349022,1,349022
2025-08-02T01:09:23.087585,BIKE 348987,1,348987
2025-08-02T01:09:23.087585,BIKE 346393,1,346393
2025-08-02T01:09:23.087585,BIKE 348916,1,348916
2025-08-02T01:09:23.087585,BIKE 348926,1,348926
