timestamp,place_name,num_bikes,bike_number
2025-10-18T00:00:39.942273,Julius-Raab-Platz,5,345332
2025-10-18T00:00:39.942273,Julius-Raab-Platz,5,346762
2025-10-18T00:00:39.942273,Julius-Raab-Platz,5,346700
2025-10-18T00:00:39.942273,Julius-Raab-Platz,5,347070
2025-10-18T00:00:39.942273,Julius-Raab-Platz,5,349001
2025-10-18T00:00:39.942273,Hoher Markt,23,345361
2025-10-18T00:00:39.942273,Hoher Markt,23,345345
2025-10-18T00:00:39.942273,Hoher Markt,23,345343
2025-10-18T00:00:39.942273,Hoher Markt,23,345321
2025-10-18T00:00:39.942273,Hoher Markt,23,345205
2025-10-18T00:00:39.942273,Hoher Markt,23,345172
2025-10-18T00:00:39.942273,Hoher Markt,23,345036
2025-10-18T00:00:39.942273,Hoher Markt,23,345698
2025-10-18T00:00:39.942273,Hoher Markt,23,345590
2025-10-18T00:00:39.942273,Hoher Markt,23,345573
2025-10-18T00:00:39.942273,Hoher Markt,23,346412
2025-10-18T00:00:39.942273,Hoher Markt,23,346223
2025-10-18T00:00:39.942273,Hoher Markt,23,346008
2025-10-18T00:00:39.942273,Hoher Markt,23,346689
2025-10-18T00:00:39.942273,Hoher Markt,23,346532
2025-10-18T00:00:39.942273,Hoher Markt,23,347238
2025-10-18T00:00:39.942273,Hoher Markt,23,347134
2025-10-18T00:00:39.942273,Hoher Markt,23,347998
2025-10-18T00:00:39.942273,Hoher Markt,23,347941
2025-10-18T00:00:39.942273,Hoher Markt,23,347739
2025-10-18T00:00:39.942273,Hoher Markt,23,348656
2025-10-18T00:00:39.942273,Hoher Markt,23,348595
2025-10-18T00:00:39.942273,Hoher Markt,23,398740
2025-10-18T00:00:39.942273,Oper,24,345425
2025-10-18T00:00:39.942273,Oper,24,345311
2025-10-18T00:00:39.942273,Oper,24,345305
2025-10-18T00:00:39.942273,Oper,24,345051
2025-10-18T00:00:39.942273,Oper,24,345949
2025-10-18T00:00:39.942273,Oper,24,345928
2025-10-18T00:00:39.942273,Oper,24,345858
2025-10-18T00:00:39.942273,Oper,24,345806
2025-10-18T00:00:39.942273,Oper,24,345790
2025-10-18T00:00:39.942273,Oper,24,345748
2025-10-18T00:00:39.942273,Oper,24,346275
2025-10-18T00:00:39.942273,Oper,24,346960
2025-10-18T00:00:39.942273,Oper,24,346959
2025-10-18T00:00:39.942273,Oper,24,347107
2025-10-18T00:00:39.942273,Oper,24,347067
2025-10-18T00:00:39.942273,Oper,24,347709
2025-10-18T00:00:39.942273,Oper,24,348301
2025-10-18T00:00:39.942273,Oper,24,348275
2025-10-18T00:00:39.942273,Oper,24,348151
2025-10-18T00:00:39.942273,Oper,24,348092
2025-10-18T00:00:39.942273,Oper,24,348596
2025-10-18T00:00:39.942273,Oper,24,348569
2025-10-18T00:00:39.942273,Oper,24,349071
2025-10-18T00:00:39.942273,Oper,24,349018
2025-10-18T00:00:39.942273,Volksgarten,5,345664
2025-10-18T00:00:39.942273,Volksgarten,5,347835
2025-10-18T00:00:39.942273,Volksgarten,5,347652
2025-10-18T00:00:39.942273,Volksgarten,5,348270
2025-10-18T00:00:39.942273,Volksgarten,5,349000
2025-10-18T00:00:39.942273,Stephansplatz U,28,345993
2025-10-18T00:00:39.942273,Stephansplatz U,28,345822
2025-10-18T00:00:39.942273,Stephansplatz U,28,345710
2025-10-18T00:00:39.942273,Stephansplatz U,28,345676
2025-10-18T00:00:39.942273,Stephansplatz U,28,345661
2025-10-18T00:00:39.942273,Stephansplatz U,28,345543
2025-10-18T00:00:39.942273,Stephansplatz U,28,346486
2025-10-18T00:00:39.942273,Stephansplatz U,28,346453
2025-10-18T00:00:39.942273,Stephansplatz U,28,346322
2025-10-18T00:00:39.942273,Stephansplatz U,28,346186
2025-10-18T00:00:39.942273,Stephansplatz U,28,346151
2025-10-18T00:00:39.942273,Stephansplatz U,28,346933
2025-10-18T00:00:39.942273,Stephansplatz U,28,346852
2025-10-18T00:00:39.942273,Stephansplatz U,28,346707
2025-10-18T00:00:39.942273,Stephansplatz U,28,346522
2025-10-18T00:00:39.942273,Stephansplatz U,28,347470
2025-10-18T00:00:39.942273,Stephansplatz U,28,347389
2025-10-18T00:00:39.942273,Stephansplatz U,28,347044
2025-10-18T00:00:39.942273,Stephansplatz U,28,347802
2025-10-18T00:00:39.942273,Stephansplatz U,28,347685
2025-10-18T00:00:39.942273,Stephansplatz U,28,347675
2025-10-18T00:00:39.942273,Stephansplatz U,28,347637
2025-10-18T00:00:39.942273,Stephansplatz U,28,347584
2025-10-18T00:00:39.942273,Stephansplatz U,28,348095
2025-10-18T00:00:39.942273,Stephansplatz U,28,348584
2025-10-18T00:00:39.942273,Stephansplatz U,28,398815
2025-10-18T00:00:39.942273,Stephansplatz U,28,398753
2025-10-18T00:00:39.942273,Stephansplatz U,28,398725
2025-10-18T00:00:39.942273,Taborstraße U,13,345128
2025-10-18T00:00:39.942273,Taborstraße U,13,345078
2025-10-18T00:00:39.942273,Taborstraße U,13,345978
2025-10-18T00:00:39.942273,Taborstraße U,13,345865
2025-10-18T00:00:39.942273,Taborstraße U,13,346189
2025-10-18T00:00:39.942273,Taborstraße U,13,346686
2025-10-18T00:00:39.942273,Taborstraße U,13,347251
2025-10-18T00:00:39.942273,Taborstraße U,13,347197
2025-10-18T00:00:39.942273,Taborstraße U,13,347736
2025-10-18T00:00:39.942273,Taborstraße U,13,348080
2025-10-18T00:00:39.942273,Taborstraße U,13,348606
2025-10-18T00:00:39.942273,Taborstraße U,13,348558
2025-10-18T00:00:39.942273,Taborstraße U,13,349145
2025-10-18T00:00:39.942273,WU-Campus / Südportalstraße ,18,345366
2025-10-18T00:00:39.942273,WU-Campus / Südportalstraße ,18,345140
2025-10-18T00:00:39.942273,WU-Campus / Südportalstraße ,18,345117
2025-10-18T00:00:39.942273,WU-Campus / Südportalstraße ,18,345027
2025-10-18T00:00:39.942273,WU-Campus / Südportalstraße ,18,345965
2025-10-18T00:00:39.942273,WU-Campus / Südportalstraße ,18,345851
2025-10-18T00:00:39.942273,WU-Campus / Südportalstraße ,18,346498
2025-10-18T00:00:39.942273,WU-Campus / Südportalstraße ,18,346150
2025-10-18T00:00:39.942273,WU-Campus / Südportalstraße ,18,346947
2025-10-18T00:00:39.942273,WU-Campus / Südportalstraße ,18,346877
2025-10-18T00:00:39.942273,WU-Campus / Südportalstraße ,18,346742
2025-10-18T00:00:39.942273,WU-Campus / Südportalstraße ,18,346734
2025-10-18T00:00:39.942273,WU-Campus / Südportalstraße ,18,347889
2025-10-18T00:00:39.942273,WU-Campus / Südportalstraße ,18,347738
2025-10-18T00:00:39.942273,WU-Campus / Südportalstraße ,18,348488
2025-10-18T00:00:39.942273,WU-Campus / Südportalstraße ,18,348471
2025-10-18T00:00:39.942273,WU-Campus / Südportalstraße ,18,349087
2025-10-18T00:00:39.942273,WU-Campus / Südportalstraße ,18,348887
2025-10-18T00:00:39.942273,Radetzkyplatz,30,345186
2025-10-18T00:00:39.942273,Radetzkyplatz,30,345083
2025-10-18T00:00:39.942273,Radetzkyplatz,30,345996
2025-10-18T00:00:39.942273,Radetzkyplatz,30,345974
2025-10-18T00:00:39.942273,Radetzkyplatz,30,345937
2025-10-18T00:00:39.942273,Radetzkyplatz,30,345885
2025-10-18T00:00:39.942273,Radetzkyplatz,30,345693
2025-10-18T00:00:39.942273,Radetzkyplatz,30,346426
2025-10-18T00:00:39.942273,Radetzkyplatz,30,346380
2025-10-18T00:00:39.942273,Radetzkyplatz,30,346154
2025-10-18T00:00:39.942273,Radetzkyplatz,30,346132
2025-10-18T00:00:39.942273,Radetzkyplatz,30,346985
2025-10-18T00:00:39.942273,Radetzkyplatz,30,346937
2025-10-18T00:00:39.942273,Radetzkyplatz,30,346922
2025-10-18T00:00:39.942273,Radetzkyplatz,30,346782
2025-10-18T00:00:39.942273,Radetzkyplatz,30,347316
2025-10-18T00:00:39.942273,Radetzkyplatz,30,347203
2025-10-18T00:00:39.942273,Radetzkyplatz,30,347004
2025-10-18T00:00:39.942273,Radetzkyplatz,30,347977
2025-10-18T00:00:39.942273,Radetzkyplatz,30,347740
2025-10-18T00:00:39.942273,Radetzkyplatz,30,347681
2025-10-18T00:00:39.942273,Radetzkyplatz,30,347641
2025-10-18T00:00:39.942273,Radetzkyplatz,30,348485
2025-10-18T00:00:39.942273,Radetzkyplatz,30,348204
2025-10-18T00:00:39.942273,Radetzkyplatz,30,348178
2025-10-18T00:00:39.942273,Radetzkyplatz,30,348147
2025-10-18T00:00:39.942273,Radetzkyplatz,30,348085
2025-10-18T00:00:39.942273,Radetzkyplatz,30,348653
2025-10-18T00:00:39.942273,Radetzkyplatz,30,349097
2025-10-18T00:00:39.942273,Radetzkyplatz,30,349031
2025-10-18T00:00:39.942273,Erdberg U,16,345459
2025-10-18T00:00:39.942273,Erdberg U,16,345667
2025-10-18T00:00:39.942273,Erdberg U,16,345540
2025-10-18T00:00:39.942273,Erdberg U,16,346046
2025-10-18T00:00:39.942273,Erdberg U,16,346898
2025-10-18T00:00:39.942273,Erdberg U,16,346773
2025-10-18T00:00:39.942273,Erdberg U,16,347481
2025-10-18T00:00:39.942273,Erdberg U,16,347346
2025-10-18T00:00:39.942273,Erdberg U,16,347041
2025-10-18T00:00:39.942273,Erdberg U,16,347933
2025-10-18T00:00:39.942273,Erdberg U,16,347692
2025-10-18T00:00:39.942273,Erdberg U,16,348437
2025-10-18T00:00:39.942273,Erdberg U,16,348605
2025-10-18T00:00:39.942273,Erdberg U,16,348556
2025-10-18T00:00:39.942273,Erdberg U,16,348529
2025-10-18T00:00:39.942273,Erdberg U,16,398812
2025-10-18T00:00:39.942273,Media Quarter Marx,22,345494
2025-10-18T00:00:39.942273,Media Quarter Marx,22,345479
2025-10-18T00:00:39.942273,Media Quarter Marx,22,345262
2025-10-18T00:00:39.942273,Media Quarter Marx,22,345010
2025-10-18T00:00:39.942273,Media Quarter Marx,22,345900
2025-10-18T00:00:39.942273,Media Quarter Marx,22,345629
2025-10-18T00:00:39.942273,Media Quarter Marx,22,346215
2025-10-18T00:00:39.942273,Media Quarter Marx,22,346082
2025-10-18T00:00:39.942273,Media Quarter Marx,22,346033
2025-10-18T00:00:39.942273,Media Quarter Marx,22,346962
2025-10-18T00:00:39.942273,Media Quarter Marx,22,346802
2025-10-18T00:00:39.942273,Media Quarter Marx,22,346613
2025-10-18T00:00:39.942273,Media Quarter Marx,22,347188
2025-10-18T00:00:39.942273,Media Quarter Marx,22,347788
2025-10-18T00:00:39.942273,Media Quarter Marx,22,347776
2025-10-18T00:00:39.942273,Media Quarter Marx,22,347699
2025-10-18T00:00:39.942273,Media Quarter Marx,22,348312
2025-10-18T00:00:39.942273,Media Quarter Marx,22,348232
2025-10-18T00:00:39.942273,Media Quarter Marx,22,348046
2025-10-18T00:00:39.942273,Media Quarter Marx,22,348020
2025-10-18T00:00:39.942273,Media Quarter Marx,22,348573
2025-10-18T00:00:39.942273,Media Quarter Marx,22,398862
2025-10-18T00:00:39.942273,Rennweg S,15,345948
2025-10-18T00:00:39.942273,Rennweg S,15,345947
2025-10-18T00:00:39.942273,Rennweg S,15,345580
2025-10-18T00:00:39.942273,Rennweg S,15,346438
2025-10-18T00:00:39.942273,Rennweg S,15,346428
2025-10-18T00:00:39.942273,Rennweg S,15,346903
2025-10-18T00:00:39.942273,Rennweg S,15,346527
2025-10-18T00:00:39.942273,Rennweg S,15,347411
2025-10-18T00:00:39.942273,Rennweg S,15,347164
2025-10-18T00:00:39.942273,Rennweg S,15,347955
2025-10-18T00:00:39.942273,Rennweg S,15,348497
2025-10-18T00:00:39.942273,Rennweg S,15,348935
2025-10-18T00:00:39.942273,Rennweg S,15,348877
2025-10-18T00:00:39.942273,Rennweg S,15,348837
2025-10-18T00:00:39.942273,Rennweg S,15,349181
2025-10-18T00:00:39.942273,Rochusmarkt,8,346653
2025-10-18T00:00:39.942273,Rochusmarkt,8,347449
2025-10-18T00:00:39.942273,Rochusmarkt,8,347388
2025-10-18T00:00:39.942273,Rochusmarkt,8,347762
2025-10-18T00:00:39.942273,Rochusmarkt,8,348405
2025-10-18T00:00:39.942273,Rochusmarkt,8,348156
2025-10-18T00:00:39.942273,Rochusmarkt,8,348599
2025-10-18T00:00:39.942273,Rochusmarkt,8,348929
2025-10-18T00:00:39.942273,Schwarzenbergplatz,8,345892
2025-10-18T00:00:39.942273,Schwarzenbergplatz,8,346448
2025-10-18T00:00:39.942273,Schwarzenbergplatz,8,346273
2025-10-18T00:00:39.942273,Schwarzenbergplatz,8,347320
2025-10-18T00:00:39.942273,Schwarzenbergplatz,8,347170
2025-10-18T00:00:39.942273,Schwarzenbergplatz,8,347843
2025-10-18T00:00:39.942273,Schwarzenbergplatz,8,348141
2025-10-18T00:00:39.942273,Schwarzenbergplatz,8,348992
2025-10-18T00:00:39.942273,Heumühlgasse,20,345416
2025-10-18T00:00:39.942273,Heumühlgasse,20,345254
2025-10-18T00:00:39.942273,Heumühlgasse,20,345973
2025-10-18T00:00:39.942273,Heumühlgasse,20,345961
2025-10-18T00:00:39.942273,Heumühlgasse,20,345939
2025-10-18T00:00:39.942273,Heumühlgasse,20,345639
2025-10-18T00:00:39.942273,Heumühlgasse,20,346232
2025-10-18T00:00:39.942273,Heumühlgasse,20,346093
2025-10-18T00:00:39.942273,Heumühlgasse,20,346546
2025-10-18T00:00:39.942273,Heumühlgasse,20,347442
2025-10-18T00:00:39.942273,Heumühlgasse,20,347425
2025-10-18T00:00:39.942273,Heumühlgasse,20,347217
2025-10-18T00:00:39.942273,Heumühlgasse,20,347124
2025-10-18T00:00:39.942273,Heumühlgasse,20,347040
2025-10-18T00:00:39.942273,Heumühlgasse,20,347029
2025-10-18T00:00:39.942273,Heumühlgasse,20,347962
2025-10-18T00:00:39.942273,Heumühlgasse,20,347849
2025-10-18T00:00:39.942273,Heumühlgasse,20,347624
2025-10-18T00:00:39.942273,Heumühlgasse,20,347620
2025-10-18T00:00:39.942273,Heumühlgasse,20,398842
2025-10-18T00:00:39.942273,Margaretengürtel U,36,345429
2025-10-18T00:00:39.942273,Margaretengürtel U,36,345284
2025-10-18T00:00:39.942273,Margaretengürtel U,36,345070
2025-10-18T00:00:39.942273,Margaretengürtel U,36,345052
2025-10-18T00:00:39.942273,Margaretengürtel U,36,345044
2025-10-18T00:00:39.942273,Margaretengürtel U,36,345873
2025-10-18T00:00:39.942273,Margaretengürtel U,36,345766
2025-10-18T00:00:39.942273,Margaretengürtel U,36,345724
2025-10-18T00:00:39.942273,Margaretengürtel U,36,346200
2025-10-18T00:00:39.942273,Margaretengürtel U,36,346054
2025-10-18T00:00:39.942273,Margaretengürtel U,36,346934
2025-10-18T00:00:39.942273,Margaretengürtel U,36,346682
2025-10-18T00:00:39.942273,Margaretengürtel U,36,346668
2025-10-18T00:00:39.942273,Margaretengürtel U,36,346651
2025-10-18T00:00:39.942273,Margaretengürtel U,36,346631
2025-10-18T00:00:39.942273,Margaretengürtel U,36,347394
2025-10-18T00:00:39.942273,Margaretengürtel U,36,347135
2025-10-18T00:00:39.942273,Margaretengürtel U,36,347089
2025-10-18T00:00:39.942273,Margaretengürtel U,36,347985
2025-10-18T00:00:39.942273,Margaretengürtel U,36,347931
2025-10-18T00:00:39.942273,Margaretengürtel U,36,347832
2025-10-18T00:00:39.942273,Margaretengürtel U,36,347764
2025-10-18T00:00:39.942273,Margaretengürtel U,36,347760
2025-10-18T00:00:39.942273,Margaretengürtel U,36,347702
2025-10-18T00:00:39.942273,Margaretengürtel U,36,347666
2025-10-18T00:00:39.942273,Margaretengürtel U,36,347640
2025-10-18T00:00:39.942273,Margaretengürtel U,36,348443
2025-10-18T00:00:39.942273,Margaretengürtel U,36,348356
2025-10-18T00:00:39.942273,Margaretengürtel U,36,348313
2025-10-18T00:00:39.942273,Margaretengürtel U,36,348110
2025-10-18T00:00:39.942273,Margaretengürtel U,36,348052
2025-10-18T00:00:39.942273,Margaretengürtel U,36,398816
2025-10-18T00:00:39.942273,Margaretengürtel U,36,398806
2025-10-18T00:00:39.942273,Margaretengürtel U,36,398768
2025-10-18T00:00:39.942273,Margaretengürtel U,36,348812
2025-10-18T00:00:39.942273,Margaretengürtel U,36,349136
2025-10-18T00:00:39.942273,Mittersteig,20,345299
2025-10-18T00:00:39.942273,Mittersteig,20,345275
2025-10-18T00:00:39.942273,Mittersteig,20,345960
2025-10-18T00:00:39.942273,Mittersteig,20,345566
2025-10-18T00:00:39.942273,Mittersteig,20,346207
2025-10-18T00:00:39.942273,Mittersteig,20,346119
2025-10-18T00:00:39.942273,Mittersteig,20,346000
2025-10-18T00:00:39.942273,Mittersteig,20,346910
2025-10-18T00:00:39.942273,Mittersteig,20,346620
2025-10-18T00:00:39.942273,Mittersteig,20,347491
2025-10-18T00:00:39.942273,Mittersteig,20,347191
2025-10-18T00:00:39.942273,Mittersteig,20,347156
2025-10-18T00:00:39.942273,Mittersteig,20,347059
2025-10-18T00:00:39.942273,Mittersteig,20,347911
2025-10-18T00:00:39.942273,Mittersteig,20,348229
2025-10-18T00:00:39.942273,Mittersteig,20,348079
2025-10-18T00:00:39.942273,Mittersteig,20,348534
2025-10-18T00:00:39.942273,Mittersteig,20,398776
2025-10-18T00:00:39.942273,Mittersteig,20,348836
2025-10-18T00:00:39.942273,Mittersteig,20,349177
2025-10-18T00:00:39.942273,Ceija-Stojka-Platz,1,347893
2025-10-18T00:00:39.942273,Volkstheater U,14,345173
2025-10-18T00:00:39.942273,Volkstheater U,14,345658
2025-10-18T00:00:39.942273,Volkstheater U,14,346815
2025-10-18T00:00:39.942273,Volkstheater U,14,347133
2025-10-18T00:00:39.942273,Volkstheater U,14,347103
2025-10-18T00:00:39.942273,Volkstheater U,14,347069
2025-10-18T00:00:39.942273,Volkstheater U,14,347791
2025-10-18T00:00:39.942273,Volkstheater U,14,347534
2025-10-18T00:00:39.942273,Volkstheater U,14,348055
2025-10-18T00:00:39.942273,Volkstheater U,14,348028
2025-10-18T00:00:39.942273,Volkstheater U,14,398813
2025-10-18T00:00:39.942273,Volkstheater U,14,349047
2025-10-18T00:00:39.942273,Volkstheater U,14,349028
2025-10-18T00:00:39.942273,Volkstheater U,14,348993
2025-10-18T00:00:39.942273,Zieglergasse U,2,345164
2025-10-18T00:00:39.942273,Zieglergasse U,2,348153
2025-10-18T00:00:39.942273,Oskar-Morgenstern-Platz,45,345367
2025-10-18T00:00:39.942273,Oskar-Morgenstern-Platz,45,345333
2025-10-18T00:00:39.942273,Oskar-Morgenstern-Platz,45,345240
2025-10-18T00:00:39.942273,Oskar-Morgenstern-Platz,45,345159
2025-10-18T00:00:39.942273,Oskar-Morgenstern-Platz,45,345056
2025-10-18T00:00:39.942273,Oskar-Morgenstern-Platz,45,345024
2025-10-18T00:00:39.942273,Oskar-Morgenstern-Platz,45,345003
2025-10-18T00:00:39.942273,Oskar-Morgenstern-Platz,45,345962
2025-10-18T00:00:39.942273,Oskar-Morgenstern-Platz,45,345957
2025-10-18T00:00:39.942273,Oskar-Morgenstern-Platz,45,345855
2025-10-18T00:00:39.942273,Oskar-Morgenstern-Platz,45,345798
2025-10-18T00:00:39.942273,Oskar-Morgenstern-Platz,45,345764
2025-10-18T00:00:39.942273,Oskar-Morgenstern-Platz,45,345744
2025-10-18T00:00:39.942273,Oskar-Morgenstern-Platz,45,345640
2025-10-18T00:00:39.942273,Oskar-Morgenstern-Platz,45,345620
2025-10-18T00:00:39.942273,Oskar-Morgenstern-Platz,45,345546
2025-10-18T00:00:39.942273,Oskar-Morgenstern-Platz,45,345504
2025-10-18T00:00:39.942273,Oskar-Morgenstern-Platz,45,346432
2025-10-18T00:00:39.942273,Oskar-Morgenstern-Platz,45,346356
2025-10-18T00:00:39.942273,Oskar-Morgenstern-Platz,45,346193
2025-10-18T00:00:39.942273,Oskar-Morgenstern-Platz,45,346163
2025-10-18T00:00:39.942273,Oskar-Morgenstern-Platz,45,346157
2025-10-18T00:00:39.942273,Oskar-Morgenstern-Platz,45,346066
2025-10-18T00:00:39.942273,Oskar-Morgenstern-Platz,45,346748
2025-10-18T00:00:39.942273,Oskar-Morgenstern-Platz,45,346587
2025-10-18T00:00:39.942273,Oskar-Morgenstern-Platz,45,347459
2025-10-18T00:00:39.942273,Oskar-Morgenstern-Platz,45,347077
2025-10-18T00:00:39.942273,Oskar-Morgenstern-Platz,45,347061
2025-10-18T00:00:39.942273,Oskar-Morgenstern-Platz,45,347952
2025-10-18T00:00:39.942273,Oskar-Morgenstern-Platz,45,347926
2025-10-18T00:00:39.942273,Oskar-Morgenstern-Platz,45,347865
2025-10-18T00:00:39.942273,Oskar-Morgenstern-Platz,45,347796
2025-10-18T00:00:39.942273,Oskar-Morgenstern-Platz,45,347715
2025-10-18T00:00:39.942273,Oskar-Morgenstern-Platz,45,347578
2025-10-18T00:00:39.942273,Oskar-Morgenstern-Platz,45,348447
2025-10-18T00:00:39.942273,Oskar-Morgenstern-Platz,45,348414
2025-10-18T00:00:39.942273,Oskar-Morgenstern-Platz,45,348390
2025-10-18T00:00:39.942273,Oskar-Morgenstern-Platz,45,348385
2025-10-18T00:00:39.942273,Oskar-Morgenstern-Platz,45,348283
2025-10-18T00:00:39.942273,Oskar-Morgenstern-Platz,45,348273
2025-10-18T00:00:39.942273,Oskar-Morgenstern-Platz,45,348038
2025-10-18T00:00:39.942273,Oskar-Morgenstern-Platz,45,348017
2025-10-18T00:00:39.942273,Oskar-Morgenstern-Platz,45,398838
2025-10-18T00:00:39.942273,Oskar-Morgenstern-Platz,45,398790
2025-10-18T00:00:39.942273,Oskar-Morgenstern-Platz,45,398719
2025-10-18T00:00:39.942273,Frankhplatz,17,345238
2025-10-18T00:00:39.942273,Frankhplatz,17,345225
2025-10-18T00:00:39.942273,Frankhplatz,17,345980
2025-10-18T00:00:39.942273,Frankhplatz,17,345909
2025-10-18T00:00:39.942273,Frankhplatz,17,345763
2025-10-18T00:00:39.942273,Frankhplatz,17,345537
2025-10-18T00:00:39.942273,Frankhplatz,17,346270
2025-10-18T00:00:39.942273,Frankhplatz,17,346105
2025-10-18T00:00:39.942273,Frankhplatz,17,346102
2025-10-18T00:00:39.942273,Frankhplatz,17,346953
2025-10-18T00:00:39.942273,Frankhplatz,17,346541
2025-10-18T00:00:39.942273,Frankhplatz,17,347618
2025-10-18T00:00:39.942273,Frankhplatz,17,398759
2025-10-18T00:00:39.942273,Frankhplatz,17,349030
2025-10-18T00:00:39.942273,Frankhplatz,17,348906
2025-10-18T00:00:39.942273,Frankhplatz,17,348830
2025-10-18T00:00:39.942273,Frankhplatz,17,349139
2025-10-18T00:00:39.942273,Friedensbrücke U,16,345475
2025-10-18T00:00:39.942273,Friedensbrücke U,16,345469
2025-10-18T00:00:39.942273,Friedensbrücke U,16,345414
2025-10-18T00:00:39.942273,Friedensbrücke U,16,345313
2025-10-18T00:00:39.942273,Friedensbrücke U,16,345986
2025-10-18T00:00:39.942273,Friedensbrücke U,16,345605
2025-10-18T00:00:39.942273,Friedensbrücke U,16,346339
2025-10-18T00:00:39.942273,Friedensbrücke U,16,346324
2025-10-18T00:00:39.942273,Friedensbrücke U,16,346034
2025-10-18T00:00:39.942273,Friedensbrücke U,16,346764
2025-10-18T00:00:39.942273,Friedensbrücke U,16,346552
2025-10-18T00:00:39.942273,Friedensbrücke U,16,347426
2025-10-18T00:00:39.942273,Friedensbrücke U,16,347990
2025-10-18T00:00:39.942273,Friedensbrücke U,16,347701
2025-10-18T00:00:39.942273,Friedensbrücke U,16,348384
2025-10-18T00:00:39.942273,Friedensbrücke U,16,348597
2025-10-18T00:00:39.942273,Spittelau S U,36,345492
2025-10-18T00:00:39.942273,Spittelau S U,36,345351
2025-10-18T00:00:39.942273,Spittelau S U,36,345307
2025-10-18T00:00:39.942273,Spittelau S U,36,345273
2025-10-18T00:00:39.942273,Spittelau S U,36,345204
2025-10-18T00:00:39.942273,Spittelau S U,36,345202
2025-10-18T00:00:39.942273,Spittelau S U,36,345148
2025-10-18T00:00:39.942273,Spittelau S U,36,345043
2025-10-18T00:00:39.942273,Spittelau S U,36,345800
2025-10-18T00:00:39.942273,Spittelau S U,36,345736
2025-10-18T00:00:39.942273,Spittelau S U,36,345700
2025-10-18T00:00:39.942273,Spittelau S U,36,345691
2025-10-18T00:00:39.942273,Spittelau S U,36,345606
2025-10-18T00:00:39.942273,Spittelau S U,36,345588
2025-10-18T00:00:39.942273,Spittelau S U,36,346265
2025-10-18T00:00:39.942273,Spittelau S U,36,346123
2025-10-18T00:00:39.942273,Spittelau S U,36,346092
2025-10-18T00:00:39.942273,Spittelau S U,36,346987
2025-10-18T00:00:39.942273,Spittelau S U,36,346799
2025-10-18T00:00:39.942273,Spittelau S U,36,346581
2025-10-18T00:00:39.942273,Spittelau S U,36,347476
2025-10-18T00:00:39.942273,Spittelau S U,36,347443
2025-10-18T00:00:39.942273,Spittelau S U,36,347364
2025-10-18T00:00:39.942273,Spittelau S U,36,347122
2025-10-18T00:00:39.942273,Spittelau S U,36,347907
2025-10-18T00:00:39.942273,Spittelau S U,36,347906
2025-10-18T00:00:39.942273,Spittelau S U,36,347836
2025-10-18T00:00:39.942273,Spittelau S U,36,347826
2025-10-18T00:00:39.942273,Spittelau S U,36,347684
2025-10-18T00:00:39.942273,Spittelau S U,36,347515
2025-10-18T00:00:39.942273,Spittelau S U,36,348646
2025-10-18T00:00:39.942273,Spittelau S U,36,348532
2025-10-18T00:00:39.942273,Spittelau S U,36,398853
2025-10-18T00:00:39.942273,Spittelau S U,36,398824
2025-10-18T00:00:39.942273,Spittelau S U,36,398784
2025-10-18T00:00:39.942273,Spittelau S U,36,349057
2025-10-18T00:00:39.942273,Absbergbrücke ,22,345436
2025-10-18T00:00:39.942273,Absbergbrücke ,22,345963
2025-10-18T00:00:39.942273,Absbergbrücke ,22,345722
2025-10-18T00:00:39.942273,Absbergbrücke ,22,346992
2025-10-18T00:00:39.942273,Absbergbrücke ,22,346935
2025-10-18T00:00:39.942273,Absbergbrücke ,22,346639
2025-10-18T00:00:39.942273,Absbergbrücke ,22,347434
2025-10-18T00:00:39.942273,Absbergbrücke ,22,347341
2025-10-18T00:00:39.942273,Absbergbrücke ,22,347052
2025-10-18T00:00:39.942273,Absbergbrücke ,22,347526
2025-10-18T00:00:39.942273,Absbergbrücke ,22,348429
2025-10-18T00:00:39.942273,Absbergbrücke ,22,348251
2025-10-18T00:00:39.942273,Absbergbrücke ,22,348115
2025-10-18T00:00:39.942273,Absbergbrücke ,22,348586
2025-10-18T00:00:39.942273,Absbergbrücke ,22,398764
2025-10-18T00:00:39.942273,Absbergbrücke ,22,398757
2025-10-18T00:00:39.942273,Absbergbrücke ,22,398746
2025-10-18T00:00:39.942273,Absbergbrücke ,22,349020
2025-10-18T00:00:39.942273,Absbergbrücke ,22,348989
2025-10-18T00:00:39.942273,Absbergbrücke ,22,348967
2025-10-18T00:00:39.942273,Absbergbrücke ,22,349193
2025-10-18T00:00:39.942273,Absbergbrücke ,22,349188
2025-10-18T00:00:39.942273,Altes Landgut U,28,345478
2025-10-18T00:00:39.942273,Altes Landgut U,28,345377
2025-10-18T00:00:39.942273,Altes Landgut U,28,345220
2025-10-18T00:00:39.942273,Altes Landgut U,28,345196
2025-10-18T00:00:39.942273,Altes Landgut U,28,345762
2025-10-18T00:00:39.942273,Altes Landgut U,28,345727
2025-10-18T00:00:39.942273,Altes Landgut U,28,345509
2025-10-18T00:00:39.942273,Altes Landgut U,28,346358
2025-10-18T00:00:39.942273,Altes Landgut U,28,346865
2025-10-18T00:00:39.942273,Altes Landgut U,28,346800
2025-10-18T00:00:39.942273,Altes Landgut U,28,346628
2025-10-18T00:00:39.942273,Altes Landgut U,28,347407
2025-10-18T00:00:39.942273,Altes Landgut U,28,347397
2025-10-18T00:00:39.942273,Altes Landgut U,28,347997
2025-10-18T00:00:39.942273,Altes Landgut U,28,347939
2025-10-18T00:00:39.942273,Altes Landgut U,28,347812
2025-10-18T00:00:39.942273,Altes Landgut U,28,347627
2025-10-18T00:00:39.942273,Altes Landgut U,28,348453
2025-10-18T00:00:39.942273,Altes Landgut U,28,348264
2025-10-18T00:00:39.942273,Altes Landgut U,28,348594
2025-10-18T00:00:39.942273,Altes Landgut U,28,348581
2025-10-18T00:00:39.942273,Altes Landgut U,28,348571
2025-10-18T00:00:39.942273,Altes Landgut U,28,348533
2025-10-18T00:00:39.942273,Altes Landgut U,28,348983
2025-10-18T00:00:39.942273,Altes Landgut U,28,348934
2025-10-18T00:00:39.942273,Altes Landgut U,28,348927
2025-10-18T00:00:39.942273,Altes Landgut U,28,348839
2025-10-18T00:00:39.942273,Altes Landgut U,28,348833
2025-10-18T00:00:39.942273,Bloch-Bauer-Promenade,9,346334
2025-10-18T00:00:39.942273,Bloch-Bauer-Promenade,9,346988
2025-10-18T00:00:39.942273,Bloch-Bauer-Promenade,9,347951
2025-10-18T00:00:39.942273,Bloch-Bauer-Promenade,9,347530
2025-10-18T00:00:39.942273,Bloch-Bauer-Promenade,9,349108
2025-10-18T00:00:39.942273,Bloch-Bauer-Promenade,9,349002
2025-10-18T00:00:39.942273,Bloch-Bauer-Promenade,9,348880
2025-10-18T00:00:39.942273,Bloch-Bauer-Promenade,9,348814
2025-10-18T00:00:39.942273,Bloch-Bauer-Promenade,9,349162
2025-10-18T00:00:39.942273,Hauptbahnhof S U ,49,345381
2025-10-18T00:00:39.942273,Hauptbahnhof S U ,49,345314
2025-10-18T00:00:39.942273,Hauptbahnhof S U ,49,345296
2025-10-18T00:00:39.942273,Hauptbahnhof S U ,49,345041
2025-10-18T00:00:39.942273,Hauptbahnhof S U ,49,345981
2025-10-18T00:00:39.942273,Hauptbahnhof S U ,49,345917
2025-10-18T00:00:39.942273,Hauptbahnhof S U ,49,345913
2025-10-18T00:00:39.942273,Hauptbahnhof S U ,49,345907
2025-10-18T00:00:39.942273,Hauptbahnhof S U ,49,345820
2025-10-18T00:00:39.942273,Hauptbahnhof S U ,49,345812
2025-10-18T00:00:39.942273,Hauptbahnhof S U ,49,345742
2025-10-18T00:00:39.942273,Hauptbahnhof S U ,49,345692
2025-10-18T00:00:39.942273,Hauptbahnhof S U ,49,345649
2025-10-18T00:00:39.942273,Hauptbahnhof S U ,49,345574
2025-10-18T00:00:39.942273,Hauptbahnhof S U ,49,345535
2025-10-18T00:00:39.942273,Hauptbahnhof S U ,49,346364
2025-10-18T00:00:39.942273,Hauptbahnhof S U ,49,346319
2025-10-18T00:00:39.942273,Hauptbahnhof S U ,49,346234
2025-10-18T00:00:39.942273,Hauptbahnhof S U ,49,346231
2025-10-18T00:00:39.942273,Hauptbahnhof S U ,49,346097
2025-10-18T00:00:39.942273,Hauptbahnhof S U ,49,346853
2025-10-18T00:00:39.942273,Hauptbahnhof S U ,49,346770
2025-10-18T00:00:39.942273,Hauptbahnhof S U ,49,346584
2025-10-18T00:00:39.942273,Hauptbahnhof S U ,49,346564
2025-10-18T00:00:39.942273,Hauptbahnhof S U ,49,346503
2025-10-18T00:00:39.942273,Hauptbahnhof S U ,49,347435
2025-10-18T00:00:39.942273,Hauptbahnhof S U ,49,347387
2025-10-18T00:00:39.942273,Hauptbahnhof S U ,49,347347
2025-10-18T00:00:39.942273,Hauptbahnhof S U ,49,347281
2025-10-18T00:00:39.942273,Hauptbahnhof S U ,49,347202
2025-10-18T00:00:39.942273,Hauptbahnhof S U ,49,347172
2025-10-18T00:00:39.942273,Hauptbahnhof S U ,49,347979
2025-10-18T00:00:39.942273,Hauptbahnhof S U ,49,347781
2025-10-18T00:00:39.942273,Hauptbahnhof S U ,49,348415
2025-10-18T00:00:39.942273,Hauptbahnhof S U ,49,348157
2025-10-18T00:00:39.942273,Hauptbahnhof S U ,49,348582
2025-10-18T00:00:39.942273,Hauptbahnhof S U ,49,398863
2025-10-18T00:00:39.942273,Hauptbahnhof S U ,49,398828
2025-10-18T00:00:39.942273,Hauptbahnhof S U ,49,398770
2025-10-18T00:00:39.942273,Hauptbahnhof S U ,49,398726
2025-10-18T00:00:39.942273,Hauptbahnhof S U ,49,349095
2025-10-18T00:00:39.942273,Hauptbahnhof S U ,49,349088
2025-10-18T00:00:39.942273,Hauptbahnhof S U ,49,349072
2025-10-18T00:00:39.942273,Hauptbahnhof S U ,49,348961
2025-10-18T00:00:39.942273,Hauptbahnhof S U ,49,348903
2025-10-18T00:00:39.942273,Hauptbahnhof S U ,49,348869
2025-10-18T00:00:39.942273,Hauptbahnhof S U ,49,349173
2025-10-18T00:00:39.942273,Hauptbahnhof S U ,49,349169
2025-10-18T00:00:39.942273,Hauptbahnhof S U ,49,349166
2025-10-18T00:00:39.942273,Keplerplatz U,9,345399
2025-10-18T00:00:39.942273,Keplerplatz U,9,345930
2025-10-18T00:00:39.942273,Keplerplatz U,9,345847
2025-10-18T00:00:39.942273,Keplerplatz U,9,345539
2025-10-18T00:00:39.942273,Keplerplatz U,9,346020
2025-10-18T00:00:39.942273,Keplerplatz U,9,346875
2025-10-18T00:00:39.942273,Keplerplatz U,9,347448
2025-10-18T00:00:39.942273,Keplerplatz U,9,348349
2025-10-18T00:00:39.942273,Keplerplatz U,9,348339
2025-10-18T00:00:39.942273,Puchsbaumgasse,6,349013
2025-10-18T00:00:39.942273,Puchsbaumgasse,6,348943
2025-10-18T00:00:39.942273,Puchsbaumgasse,6,348921
2025-10-18T00:00:39.942273,Puchsbaumgasse,6,348888
2025-10-18T00:00:39.942273,Puchsbaumgasse,6,348874
2025-10-18T00:00:39.942273,Puchsbaumgasse,6,348845
2025-10-18T00:00:39.942273,Enkplatz U,10,345328
2025-10-18T00:00:39.942273,Enkplatz U,10,345127
2025-10-18T00:00:39.942273,Enkplatz U,10,345505
2025-10-18T00:00:39.942273,Enkplatz U,10,346225
2025-10-18T00:00:39.942273,Enkplatz U,10,346149
2025-10-18T00:00:39.942273,Enkplatz U,10,347090
2025-10-18T00:00:39.942273,Enkplatz U,10,347000
2025-10-18T00:00:39.942273,Enkplatz U,10,348363
2025-10-18T00:00:39.942273,Enkplatz U,10,348146
2025-10-18T00:00:39.942273,Enkplatz U,10,398771
2025-10-18T00:00:39.942273,Gasometer U,14,345495
2025-10-18T00:00:39.942273,Gasometer U,14,345964
2025-10-18T00:00:39.942273,Gasometer U,14,345894
2025-10-18T00:00:39.942273,Gasometer U,14,345840
2025-10-18T00:00:39.942273,Gasometer U,14,346479
2025-10-18T00:00:39.942273,Gasometer U,14,346017
2025-10-18T00:00:39.942273,Gasometer U,14,346646
2025-10-18T00:00:39.942273,Gasometer U,14,346640
2025-10-18T00:00:39.942273,Gasometer U,14,346538
2025-10-18T00:00:39.942273,Gasometer U,14,347376
2025-10-18T00:00:39.942273,Gasometer U,14,347317
2025-10-18T00:00:39.942273,Gasometer U,14,398761
2025-10-18T00:00:39.942273,Gasometer U,14,348952
2025-10-18T00:00:39.942273,Gasometer U,14,398870
2025-10-18T00:00:39.942273,Geiselbergstraße S,13,345179
2025-10-18T00:00:39.942273,Geiselbergstraße S,13,345936
2025-10-18T00:00:39.942273,Geiselbergstraße S,13,345801
2025-10-18T00:00:39.942273,Geiselbergstraße S,13,345782
2025-10-18T00:00:39.942273,Geiselbergstraße S,13,345604
2025-10-18T00:00:39.942273,Geiselbergstraße S,13,346312
2025-10-18T00:00:39.942273,Geiselbergstraße S,13,346308
2025-10-18T00:00:39.942273,Geiselbergstraße S,13,347087
2025-10-18T00:00:39.942273,Geiselbergstraße S,13,347928
2025-10-18T00:00:39.942273,Geiselbergstraße S,13,347659
2025-10-18T00:00:39.942273,Geiselbergstraße S,13,348285
2025-10-18T00:00:39.942273,Geiselbergstraße S,13,348011
2025-10-18T00:00:39.942273,Geiselbergstraße S,13,348825
2025-10-18T00:00:39.942273,Simmering S U,4,345082
2025-10-18T00:00:39.942273,Simmering S U,4,346294
2025-10-18T00:00:39.942273,Simmering S U,4,346518
2025-10-18T00:00:39.942273,Simmering S U,4,348519
2025-10-18T00:00:39.942273,Niederhofstraße U,20,345194
2025-10-18T00:00:39.942273,Niederhofstraße U,20,345968
2025-10-18T00:00:39.942273,Niederhofstraße U,20,345564
2025-10-18T00:00:39.942273,Niederhofstraße U,20,345553
2025-10-18T00:00:39.942273,Niederhofstraße U,20,346415
2025-10-18T00:00:39.942273,Niederhofstraße U,20,346393
2025-10-18T00:00:39.942273,Niederhofstraße U,20,346133
2025-10-18T00:00:39.942273,Niederhofstraße U,20,346625
2025-10-18T00:00:39.942273,Niederhofstraße U,20,347424
2025-10-18T00:00:39.942273,Niederhofstraße U,20,347260
2025-10-18T00:00:39.942273,Niederhofstraße U,20,347057
2025-10-18T00:00:39.942273,Niederhofstraße U,20,347048
2025-10-18T00:00:39.942273,Niederhofstraße U,20,347733
2025-10-18T00:00:39.942273,Niederhofstraße U,20,347513
2025-10-18T00:00:39.942273,Niederhofstraße U,20,348338
2025-10-18T00:00:39.942273,Niederhofstraße U,20,348280
2025-10-18T00:00:39.942273,Niederhofstraße U,20,348254
2025-10-18T00:00:39.942273,Niederhofstraße U,20,348143
2025-10-18T00:00:39.942273,Niederhofstraße U,20,348007
2025-10-18T00:00:39.942273,Niederhofstraße U,20,349069
2025-10-18T00:00:39.942273,Hietzing U,22,345184
2025-10-18T00:00:39.942273,Hietzing U,22,345137
2025-10-18T00:00:39.942273,Hietzing U,22,345031
2025-10-18T00:00:39.942273,Hietzing U,22,345922
2025-10-18T00:00:39.942273,Hietzing U,22,345530
2025-10-18T00:00:39.942273,Hietzing U,22,346419
2025-10-18T00:00:39.942273,Hietzing U,22,346315
2025-10-18T00:00:39.942273,Hietzing U,22,346211
2025-10-18T00:00:39.942273,Hietzing U,22,346074
2025-10-18T00:00:39.942273,Hietzing U,22,347487
2025-10-18T00:00:39.942273,Hietzing U,22,347447
2025-10-18T00:00:39.942273,Hietzing U,22,347098
2025-10-18T00:00:39.942273,Hietzing U,22,347035
2025-10-18T00:00:39.942273,Hietzing U,22,347921
2025-10-18T00:00:39.942273,Hietzing U,22,347854
2025-10-18T00:00:39.942273,Hietzing U,22,347806
2025-10-18T00:00:39.942273,Hietzing U,22,348348
2025-10-18T00:00:39.942273,Hietzing U,22,348210
2025-10-18T00:00:39.942273,Hietzing U,22,348069
2025-10-18T00:00:39.942273,Hietzing U,22,398834
2025-10-18T00:00:39.942273,Hietzing U,22,398765
2025-10-18T00:00:39.942273,Hietzing U,22,348997
2025-10-18T00:00:39.942273,Westbahnhof S U,26,345113
2025-10-18T00:00:39.942273,Westbahnhof S U,26,345105
2025-10-18T00:00:39.942273,Westbahnhof S U,26,345100
2025-10-18T00:00:39.942273,Westbahnhof S U,26,345680
2025-10-18T00:00:39.942273,Westbahnhof S U,26,346307
2025-10-18T00:00:39.942273,Westbahnhof S U,26,346031
2025-10-18T00:00:39.942273,Westbahnhof S U,26,346738
2025-10-18T00:00:39.942273,Westbahnhof S U,26,346642
2025-10-18T00:00:39.942273,Westbahnhof S U,26,346586
2025-10-18T00:00:39.942273,Westbahnhof S U,26,347383
2025-10-18T00:00:39.942273,Westbahnhof S U,26,347378
2025-10-18T00:00:39.942273,Westbahnhof S U,26,347190
2025-10-18T00:00:39.942273,Westbahnhof S U,26,347157
2025-10-18T00:00:39.942273,Westbahnhof S U,26,347149
2025-10-18T00:00:39.942273,Westbahnhof S U,26,347857
2025-10-18T00:00:39.942273,Westbahnhof S U,26,347803
2025-10-18T00:00:39.942273,Westbahnhof S U,26,347747
2025-10-18T00:00:39.942273,Westbahnhof S U,26,348457
2025-10-18T00:00:39.942273,Westbahnhof S U,26,348316
2025-10-18T00:00:39.942273,Westbahnhof S U,26,348231
2025-10-18T00:00:39.942273,Westbahnhof S U,26,348220
2025-10-18T00:00:39.942273,Westbahnhof S U,26,348191
2025-10-18T00:00:39.942273,Westbahnhof S U,26,348170
2025-10-18T00:00:39.942273,Westbahnhof S U,26,348712
2025-10-18T00:00:39.942273,Westbahnhof S U,26,348684
2025-10-18T00:00:39.942273,Westbahnhof S U,26,348948
2025-10-18T00:00:39.942273,Richard-Wagner-Platz,19,345884
2025-10-18T00:00:39.942273,Richard-Wagner-Platz,19,345786
2025-10-18T00:00:39.942273,Richard-Wagner-Platz,19,346384
2025-10-18T00:00:39.942273,Richard-Wagner-Platz,19,346344
2025-10-18T00:00:39.942273,Richard-Wagner-Platz,19,346343
2025-10-18T00:00:39.942273,Richard-Wagner-Platz,19,346233
2025-10-18T00:00:39.942273,Richard-Wagner-Platz,19,346636
2025-10-18T00:00:39.942273,Richard-Wagner-Platz,19,346500
2025-10-18T00:00:39.942273,Richard-Wagner-Platz,19,347430
2025-10-18T00:00:39.942273,Richard-Wagner-Platz,19,347868
2025-10-18T00:00:39.942273,Richard-Wagner-Platz,19,347516
2025-10-18T00:00:39.942273,Richard-Wagner-Platz,19,347500
2025-10-18T00:00:39.942273,Richard-Wagner-Platz,19,348246
2025-10-18T00:00:39.942273,Richard-Wagner-Platz,19,348240
2025-10-18T00:00:39.942273,Richard-Wagner-Platz,19,348053
2025-10-18T00:00:39.942273,Richard-Wagner-Platz,19,348676
2025-10-18T00:00:39.942273,Richard-Wagner-Platz,19,348618
2025-10-18T00:00:39.942273,Richard-Wagner-Platz,19,398835
2025-10-18T00:00:39.942273,Richard-Wagner-Platz,19,349089
2025-10-18T00:00:39.942273,Alser Straße U,6,345769
2025-10-18T00:00:39.942273,Alser Straße U,6,346021
2025-10-18T00:00:39.942273,Alser Straße U,6,346789
2025-10-18T00:00:39.942273,Alser Straße U,6,346575
2025-10-18T00:00:39.942273,Alser Straße U,6,347025
2025-10-18T00:00:39.942273,Alser Straße U,6,398795
2025-10-18T00:00:39.942273,Währinger Straße U,27,345440
2025-10-18T00:00:39.942273,Währinger Straße U,27,345141
2025-10-18T00:00:39.942273,Währinger Straße U,27,345768
2025-10-18T00:00:39.942273,Währinger Straße U,27,345572
2025-10-18T00:00:39.942273,Währinger Straße U,27,346475
2025-10-18T00:00:39.942273,Währinger Straße U,27,346288
2025-10-18T00:00:39.942273,Währinger Straße U,27,346194
2025-10-18T00:00:39.942273,Währinger Straße U,27,346892
2025-10-18T00:00:39.942273,Währinger Straße U,27,346615
2025-10-18T00:00:39.942273,Währinger Straße U,27,346520
2025-10-18T00:00:39.942273,Währinger Straße U,27,346505
2025-10-18T00:00:39.942273,Währinger Straße U,27,347409
2025-10-18T00:00:39.942273,Währinger Straße U,27,347379
2025-10-18T00:00:39.942273,Währinger Straße U,27,347322
2025-10-18T00:00:39.942273,Währinger Straße U,27,347265
2025-10-18T00:00:39.942273,Währinger Straße U,27,347056
2025-10-18T00:00:39.942273,Währinger Straße U,27,347946
2025-10-18T00:00:39.942273,Währinger Straße U,27,347886
2025-10-18T00:00:39.942273,Währinger Straße U,27,347737
2025-10-18T00:00:39.942273,Währinger Straße U,27,347698
2025-10-18T00:00:39.942273,Währinger Straße U,27,347623
2025-10-18T00:00:39.942273,Währinger Straße U,27,347610
2025-10-18T00:00:39.942273,Währinger Straße U,27,348242
2025-10-18T00:00:39.942273,Währinger Straße U,27,348706
2025-10-18T00:00:39.942273,Währinger Straße U,27,398830
2025-10-18T00:00:39.942273,Währinger Straße U,27,398781
2025-10-18T00:00:39.942273,Währinger Straße U,27,398777
2025-10-18T00:00:39.942273,Hardtgasse,5,345897
2025-10-18T00:00:39.942273,Hardtgasse,5,346878
2025-10-18T00:00:39.942273,Hardtgasse,5,347486
2025-10-18T00:00:39.942273,Hardtgasse,5,347654
2025-10-18T00:00:39.942273,Hardtgasse,5,348109
2025-10-18T00:00:39.942273,Handelskai S U,18,345303
2025-10-18T00:00:39.942273,Handelskai S U,18,345046
2025-10-18T00:00:39.942273,Handelskai S U,18,345013
2025-10-18T00:00:39.942273,Handelskai S U,18,346463
2025-10-18T00:00:39.942273,Handelskai S U,18,346009
2025-10-18T00:00:39.942273,Handelskai S U,18,346775
2025-10-18T00:00:39.942273,Handelskai S U,18,346712
2025-10-18T00:00:39.942273,Handelskai S U,18,347475
2025-10-18T00:00:39.942273,Handelskai S U,18,347438
2025-10-18T00:00:39.942273,Handelskai S U,18,347404
2025-10-18T00:00:39.942273,Handelskai S U,18,347255
2025-10-18T00:00:39.942273,Handelskai S U,18,347128
2025-10-18T00:00:39.942273,Handelskai S U,18,347899
2025-10-18T00:00:39.942273,Handelskai S U,18,347872
2025-10-18T00:00:39.942273,Handelskai S U,18,347756
2025-10-18T00:00:39.942273,Handelskai S U,18,348105
2025-10-18T00:00:39.942273,Handelskai S U,18,348033
2025-10-18T00:00:39.942273,Handelskai S U,18,348521
2025-10-18T00:00:39.942273,Wallensteinplatz,18,345354
2025-10-18T00:00:39.942273,Wallensteinplatz,18,345032
2025-10-18T00:00:39.942273,Wallensteinplatz,18,345630
2025-10-18T00:00:39.942273,Wallensteinplatz,18,345579
2025-10-18T00:00:39.942273,Wallensteinplatz,18,346495
2025-10-18T00:00:39.942273,Wallensteinplatz,18,346444
2025-10-18T00:00:39.942273,Wallensteinplatz,18,346166
2025-10-18T00:00:39.942273,Wallensteinplatz,18,346980
2025-10-18T00:00:39.942273,Wallensteinplatz,18,346890
2025-10-18T00:00:39.942273,Wallensteinplatz,18,347093
2025-10-18T00:00:39.942273,Wallensteinplatz,18,347913
2025-10-18T00:00:39.942273,Wallensteinplatz,18,347562
2025-10-18T00:00:39.942273,Wallensteinplatz,18,348466
2025-10-18T00:00:39.942273,Wallensteinplatz,18,348205
2025-10-18T00:00:39.942273,Wallensteinplatz,18,348039
2025-10-18T00:00:39.942273,Wallensteinplatz,18,398843
2025-10-18T00:00:39.942273,Wallensteinplatz,18,398741
2025-10-18T00:00:39.942273,Wallensteinplatz,18,349024
2025-10-18T00:00:39.942273,Brünner Straße S,21,345334
2025-10-18T00:00:39.942273,Brünner Straße S,21,345286
2025-10-18T00:00:39.942273,Brünner Straße S,21,345911
2025-10-18T00:00:39.942273,Brünner Straße S,21,345708
2025-10-18T00:00:39.942273,Brünner Straße S,21,346435
2025-10-18T00:00:39.942273,Brünner Straße S,21,346196
2025-10-18T00:00:39.942273,Brünner Straße S,21,346181
2025-10-18T00:00:39.942273,Brünner Straße S,21,346001
2025-10-18T00:00:39.942273,Brünner Straße S,21,346993
2025-10-18T00:00:39.942273,Brünner Straße S,21,346781
2025-10-18T00:00:39.942273,Brünner Straße S,21,346766
2025-10-18T00:00:39.942273,Brünner Straße S,21,347363
2025-10-18T00:00:39.942273,Brünner Straße S,21,347271
2025-10-18T00:00:39.942273,Brünner Straße S,21,347201
2025-10-18T00:00:39.942273,Brünner Straße S,21,347116
2025-10-18T00:00:39.942273,Brünner Straße S,21,347559
2025-10-18T00:00:39.942273,Brünner Straße S,21,348326
2025-10-18T00:00:39.942273,Brünner Straße S,21,348180
2025-10-18T00:00:39.942273,Brünner Straße S,21,348152
2025-10-18T00:00:39.942273,Brünner Straße S,21,348040
2025-10-18T00:00:39.942273,Brünner Straße S,21,348650
2025-10-18T00:00:39.942273,Floridsdorf S U,19,345368
2025-10-18T00:00:39.942273,Floridsdorf S U,19,345227
2025-10-18T00:00:39.942273,Floridsdorf S U,19,345094
2025-10-18T00:00:39.942273,Floridsdorf S U,19,345684
2025-10-18T00:00:39.942273,Floridsdorf S U,19,345626
2025-10-18T00:00:39.942273,Floridsdorf S U,19,346431
2025-10-18T00:00:39.942273,Floridsdorf S U,19,346276
2025-10-18T00:00:39.942273,Floridsdorf S U,19,346262
2025-10-18T00:00:39.942273,Floridsdorf S U,19,346876
2025-10-18T00:00:39.942273,Floridsdorf S U,19,346709
2025-10-18T00:00:39.942273,Floridsdorf S U,19,347355
2025-10-18T00:00:39.942273,Floridsdorf S U,19,347940
2025-10-18T00:00:39.942273,Floridsdorf S U,19,348426
2025-10-18T00:00:39.942273,Floridsdorf S U,19,348661
2025-10-18T00:00:39.942273,Floridsdorf S U,19,349023
2025-10-18T00:00:39.942273,Floridsdorf S U,19,348995
2025-10-18T00:00:39.942273,Floridsdorf S U,19,348882
2025-10-18T00:00:39.942273,Floridsdorf S U,19,348879
2025-10-18T00:00:39.942273,Floridsdorf S U,19,348855
2025-10-18T00:00:39.942273,Großfeldsiedlung U,17,345213
2025-10-18T00:00:39.942273,Großfeldsiedlung U,17,345745
2025-10-18T00:00:39.942273,Großfeldsiedlung U,17,345550
2025-10-18T00:00:39.942273,Großfeldsiedlung U,17,346172
2025-10-18T00:00:39.942273,Großfeldsiedlung U,17,346688
2025-10-18T00:00:39.942273,Großfeldsiedlung U,17,347352
2025-10-18T00:00:39.942273,Großfeldsiedlung U,17,347318
2025-10-18T00:00:39.942273,Großfeldsiedlung U,17,347286
2025-10-18T00:00:39.942273,Großfeldsiedlung U,17,347285
2025-10-18T00:00:39.942273,Großfeldsiedlung U,17,347269
2025-10-18T00:00:39.942273,Großfeldsiedlung U,17,347096
2025-10-18T00:00:39.942273,Großfeldsiedlung U,17,347037
2025-10-18T00:00:39.942273,Großfeldsiedlung U,17,347983
2025-10-18T00:00:39.942273,Großfeldsiedlung U,17,347761
2025-10-18T00:00:39.942273,Großfeldsiedlung U,17,347662
2025-10-18T00:00:39.942273,Großfeldsiedlung U,17,348647
2025-10-18T00:00:39.942273,Großfeldsiedlung U,17,349126
2025-10-18T00:00:39.942273,Siemensstraße S,11,345598
2025-10-18T00:00:39.942273,Siemensstraße S,11,346295
2025-10-18T00:00:39.942273,Siemensstraße S,11,346542
2025-10-18T00:00:39.942273,Siemensstraße S,11,347713
2025-10-18T00:00:39.942273,Siemensstraße S,11,348224
2025-10-18T00:00:39.942273,Siemensstraße S,11,348212
2025-10-18T00:00:39.942273,Siemensstraße S,11,348044
2025-10-18T00:00:39.942273,Siemensstraße S,11,348665
2025-10-18T00:00:39.942273,Siemensstraße S,11,348570
2025-10-18T00:00:39.942273,Siemensstraße S,11,348559
2025-10-18T00:00:39.942273,Siemensstraße S,11,398730
2025-10-18T00:00:39.942273,Aspernstraße U,7,345431
2025-10-18T00:00:39.942273,Aspernstraße U,7,345703
2025-10-18T00:00:39.942273,Aspernstraße U,7,346238
2025-10-18T00:00:39.942273,Aspernstraße U,7,347769
2025-10-18T00:00:39.942273,Aspernstraße U,7,347518
2025-10-18T00:00:39.942273,Aspernstraße U,7,348006
2025-10-18T00:00:39.942273,Aspernstraße U,7,348540
2025-10-18T00:00:39.942273,Donauspital U,13,345476
2025-10-18T00:00:39.942273,Donauspital U,13,345355
2025-10-18T00:00:39.942273,Donauspital U,13,345231
2025-10-18T00:00:39.942273,Donauspital U,13,345734
2025-10-18T00:00:39.942273,Donauspital U,13,345547
2025-10-18T00:00:39.942273,Donauspital U,13,346464
2025-10-18T00:00:39.942273,Donauspital U,13,346961
2025-10-18T00:00:39.942273,Donauspital U,13,346635
2025-10-18T00:00:39.942273,Donauspital U,13,346525
2025-10-18T00:00:39.942273,Donauspital U,13,347360
2025-10-18T00:00:39.942273,Donauspital U,13,348418
2025-10-18T00:00:39.942273,Donauspital U,13,348022
2025-10-18T00:00:39.942273,Donauspital U,13,398715
2025-10-18T00:00:39.942273,Erzherzog-Karl-Straße S,7,345040
2025-10-18T00:00:39.942273,Erzherzog-Karl-Straße S,7,346204
2025-10-18T00:00:39.942273,Erzherzog-Karl-Straße S,7,346174
2025-10-18T00:00:39.942273,Erzherzog-Karl-Straße S,7,346978
2025-10-18T00:00:39.942273,Erzherzog-Karl-Straße S,7,347302
2025-10-18T00:00:39.942273,Erzherzog-Karl-Straße S,7,347632
2025-10-18T00:00:39.942273,Erzherzog-Karl-Straße S,7,348193
2025-10-18T00:00:39.942273,Hausfeldstraße S U,16,345242
2025-10-18T00:00:39.942273,Hausfeldstraße S U,16,345610
2025-10-18T00:00:39.942273,Hausfeldstraße S U,16,345555
2025-10-18T00:00:39.942273,Hausfeldstraße S U,16,346311
2025-10-18T00:00:39.942273,Hausfeldstraße S U,16,346229
2025-10-18T00:00:39.942273,Hausfeldstraße S U,16,347465
2025-10-18T00:00:39.942273,Hausfeldstraße S U,16,347264
2025-10-18T00:00:39.942273,Hausfeldstraße S U,16,347158
2025-10-18T00:00:39.942273,Hausfeldstraße S U,16,347905
2025-10-18T00:00:39.942273,Hausfeldstraße S U,16,347793
2025-10-18T00:00:39.942273,Hausfeldstraße S U,16,347507
2025-10-18T00:00:39.942273,Hausfeldstraße S U,16,348161
2025-10-18T00:00:39.942273,Hausfeldstraße S U,16,348072
2025-10-18T00:00:39.942273,Hausfeldstraße S U,16,348679
2025-10-18T00:00:39.942273,Hausfeldstraße S U,16,348672
2025-10-18T00:00:39.942273,Hausfeldstraße S U,16,348846
2025-10-18T00:00:39.942273,Kagran U,3,347440
2025-10-18T00:00:39.942273,Kagran U,3,347948
2025-10-18T00:00:39.942273,Kagran U,3,347839
2025-10-18T00:00:39.942273,Maria-Tusch-Straße,15,345467
2025-10-18T00:00:39.942273,Maria-Tusch-Straße,15,345247
2025-10-18T00:00:39.942273,Maria-Tusch-Straße,15,345188
2025-10-18T00:00:39.942273,Maria-Tusch-Straße,15,345932
2025-10-18T00:00:39.942273,Maria-Tusch-Straße,15,345696
2025-10-18T00:00:39.942273,Maria-Tusch-Straße,15,346011
2025-10-18T00:00:39.942273,Maria-Tusch-Straße,15,346006
2025-10-18T00:00:39.942273,Maria-Tusch-Straße,15,346508
2025-10-18T00:00:39.942273,Maria-Tusch-Straße,15,347332
2025-10-18T00:00:39.942273,Maria-Tusch-Straße,15,347547
2025-10-18T00:00:39.942273,Maria-Tusch-Straße,15,347502
2025-10-18T00:00:39.942273,Maria-Tusch-Straße,15,348014
2025-10-18T00:00:39.942273,Maria-Tusch-Straße,15,348694
2025-10-18T00:00:39.942273,Maria-Tusch-Straße,15,348892
2025-10-18T00:00:39.942273,Maria-Tusch-Straße,15,348884
2025-10-18T00:00:39.942273,Rennbahnweg U,18,345183
2025-10-18T00:00:39.942273,Rennbahnweg U,18,345886
2025-10-18T00:00:39.942273,Rennbahnweg U,18,345774
2025-10-18T00:00:39.942273,Rennbahnweg U,18,345516
2025-10-18T00:00:39.942273,Rennbahnweg U,18,346401
2025-10-18T00:00:39.942273,Rennbahnweg U,18,346086
2025-10-18T00:00:39.942273,Rennbahnweg U,18,346995
2025-10-18T00:00:39.942273,Rennbahnweg U,18,346828
2025-10-18T00:00:39.942273,Rennbahnweg U,18,346722
2025-10-18T00:00:39.942273,Rennbahnweg U,18,347125
2025-10-18T00:00:39.942273,Rennbahnweg U,18,347646
2025-10-18T00:00:39.942273,Rennbahnweg U,18,347537
2025-10-18T00:00:39.942273,Rennbahnweg U,18,348407
2025-10-18T00:00:39.942273,Rennbahnweg U,18,348073
2025-10-18T00:00:39.942273,Rennbahnweg U,18,348563
2025-10-18T00:00:39.942273,Rennbahnweg U,18,348520
2025-10-18T00:00:39.942273,Rennbahnweg U,18,348853
2025-10-18T00:00:39.942273,Rennbahnweg U,18,349133
2025-10-18T00:00:39.942273,Schüttauplatz,2,348103
2025-10-18T00:00:39.942273,Schüttauplatz,2,348885
2025-10-18T00:00:39.942273,Stadlau U,13,345935
2025-10-18T00:00:39.942273,Stadlau U,13,345893
2025-10-18T00:00:39.942273,Stadlau U,13,346143
2025-10-18T00:00:39.942273,Stadlau U,13,346090
2025-10-18T00:00:39.942273,Stadlau U,13,347340
2025-10-18T00:00:39.942273,Stadlau U,13,348403
2025-10-18T00:00:39.942273,Stadlau U,13,348249
2025-10-18T00:00:39.942273,Stadlau U,13,348081
2025-10-18T00:00:39.942273,Stadlau U,13,348056
2025-10-18T00:00:39.942273,Stadlau U,13,348713
2025-10-18T00:00:39.942273,Stadlau U,13,348678
2025-10-18T00:00:39.942273,Stadlau U,13,348518
2025-10-18T00:00:39.942273,Stadlau U,13,349060
2025-10-18T00:00:39.942273,VIC Kaisermühlen U,5,347240
2025-10-18T00:00:39.942273,VIC Kaisermühlen U,5,347143
2025-10-18T00:00:39.942273,VIC Kaisermühlen U,5,349061
2025-10-18T00:00:39.942273,VIC Kaisermühlen U,5,349012
2025-10-18T00:00:39.942273,VIC Kaisermühlen U,5,348958
2025-10-18T00:00:39.942273,Kagraner Platz U,9,345784
2025-10-18T00:00:39.942273,Kagraner Platz U,9,346404
2025-10-18T00:00:39.942273,Kagraner Platz U,9,346832
2025-10-18T00:00:39.942273,Kagraner Platz U,9,347428
2025-10-18T00:00:39.942273,Kagraner Platz U,9,347179
2025-10-18T00:00:39.942273,Kagraner Platz U,9,347882
2025-10-18T00:00:39.942273,Kagraner Platz U,9,347668
2025-10-18T00:00:39.942273,Kagraner Platz U,9,347663
2025-10-18T00:00:39.942273,Kagraner Platz U,9,348710
2025-10-18T00:00:39.942273,Alterlaa U,12,345450
2025-10-18T00:00:39.942273,Alterlaa U,12,345426
2025-10-18T00:00:39.942273,Alterlaa U,12,345197
2025-10-18T00:00:39.942273,Alterlaa U,12,345645
2025-10-18T00:00:39.942273,Alterlaa U,12,346664
2025-10-18T00:00:39.942273,Alterlaa U,12,347396
2025-10-18T00:00:39.942273,Alterlaa U,12,347690
2025-10-18T00:00:39.942273,Alterlaa U,12,348410
2025-10-18T00:00:39.942273,Alterlaa U,12,348060
2025-10-18T00:00:39.942273,Alterlaa U,12,348542
2025-10-18T00:00:39.942273,Alterlaa U,12,398823
2025-10-18T00:00:39.942273,Alterlaa U,12,349008
2025-10-18T00:00:39.942273,Bacherplatz,6,346916
2025-10-18T00:00:39.942273,Bacherplatz,6,347049
2025-10-18T00:00:39.942273,Bacherplatz,6,347607
2025-10-18T00:00:39.942273,Bacherplatz,6,347585
2025-10-18T00:00:39.942273,Bacherplatz,6,348323
2025-10-18T00:00:39.942273,Bacherplatz,6,348690
2025-10-18T00:00:39.942273,Carl-Appel-Straße,5,346420
2025-10-18T00:00:39.942273,Carl-Appel-Straße,5,346281
2025-10-18T00:00:39.942273,Carl-Appel-Straße,5,346599
2025-10-18T00:00:39.942273,Carl-Appel-Straße,5,349085
2025-10-18T00:00:39.942273,Carl-Appel-Straße,5,349056
2025-10-18T00:00:39.942273,Otto-Probst-Platz,7,346087
2025-10-18T00:00:39.942273,Otto-Probst-Platz,7,347303
2025-10-18T00:00:39.942273,Otto-Probst-Platz,7,347766
2025-10-18T00:00:39.942273,Otto-Probst-Platz,7,347571
2025-10-18T00:00:39.942273,Otto-Probst-Platz,7,348474
2025-10-18T00:00:39.942273,Otto-Probst-Platz,7,348460
2025-10-18T00:00:39.942273,Otto-Probst-Platz,7,348396
2025-10-18T00:00:39.942273,Alaudagasse U,2,346436
2025-10-18T00:00:39.942273,Alaudagasse U,2,398797
2025-10-18T00:00:39.942273,Svetelskystraße,11,345410
2025-10-18T00:00:39.942273,Svetelskystraße,11,345819
2025-10-18T00:00:39.942273,Svetelskystraße,11,345545
2025-10-18T00:00:39.942273,Svetelskystraße,11,346856
2025-10-18T00:00:39.942273,Svetelskystraße,11,347180
2025-10-18T00:00:39.942273,Svetelskystraße,11,347920
2025-10-18T00:00:39.942273,Svetelskystraße,11,348036
2025-10-18T00:00:39.942273,Svetelskystraße,11,398810
2025-10-18T00:00:39.942273,Svetelskystraße,11,349014
2025-10-18T00:00:39.942273,Svetelskystraße,11,348810
2025-10-18T00:00:39.942273,Svetelskystraße,11,349186
2025-10-18T00:00:39.942273,Weißenböckstraße,13,345471
2025-10-18T00:00:39.942273,Weißenböckstraße,13,345624
2025-10-18T00:00:39.942273,Weißenböckstraße,13,346382
2025-10-18T00:00:39.942273,Weißenböckstraße,13,346285
2025-10-18T00:00:39.942273,Weißenböckstraße,13,346731
2025-10-18T00:00:39.942273,Weißenböckstraße,13,346596
2025-10-18T00:00:39.942273,Weißenböckstraße,13,347422
2025-10-18T00:00:39.942273,Weißenböckstraße,13,347246
2025-10-18T00:00:39.942273,Weißenböckstraße,13,347775
2025-10-18T00:00:39.942273,Weißenböckstraße,13,348268
2025-10-18T00:00:39.942273,Weißenböckstraße,13,348976
2025-10-18T00:00:39.942273,Weißenböckstraße,13,348963
2025-10-18T00:00:39.942273,Weißenböckstraße,13,348910
2025-10-18T00:00:39.942273,Zentralfriedhof 2. Tor,8,345045
2025-10-18T00:00:39.942273,Zentralfriedhof 2. Tor,8,346761
2025-10-18T00:00:39.942273,Zentralfriedhof 2. Tor,8,347463
2025-10-18T00:00:39.942273,Zentralfriedhof 2. Tor,8,347410
2025-10-18T00:00:39.942273,Zentralfriedhof 2. Tor,8,348561
2025-10-18T00:00:39.942273,Zentralfriedhof 2. Tor,8,349034
2025-10-18T00:00:39.942273,Zentralfriedhof 2. Tor,8,349029
2025-10-18T00:00:39.942273,Zentralfriedhof 2. Tor,8,349197
2025-10-18T00:00:39.942273,Simoningplatz,21,345344
2025-10-18T00:00:39.942273,Simoningplatz,21,345060
2025-10-18T00:00:39.942273,Simoningplatz,21,345959
2025-10-18T00:00:39.942273,Simoningplatz,21,345871
2025-10-18T00:00:39.942273,Simoningplatz,21,346472
2025-10-18T00:00:39.942273,Simoningplatz,21,346441
2025-10-18T00:00:39.942273,Simoningplatz,21,346277
2025-10-18T00:00:39.942273,Simoningplatz,21,346823
2025-10-18T00:00:39.942273,Simoningplatz,21,346821
2025-10-18T00:00:39.942273,Simoningplatz,21,346663
2025-10-18T00:00:39.942273,Simoningplatz,21,346530
2025-10-18T00:00:39.942273,Simoningplatz,21,347466
2025-10-18T00:00:39.942273,Simoningplatz,21,347331
2025-10-18T00:00:39.942273,Simoningplatz,21,347094
2025-10-18T00:00:39.942273,Simoningplatz,21,347016
2025-10-18T00:00:39.942273,Simoningplatz,21,347908
2025-10-18T00:00:39.942273,Simoningplatz,21,347811
2025-10-18T00:00:39.942273,Simoningplatz,21,347628
2025-10-18T00:00:39.942273,Simoningplatz,21,348272
2025-10-18T00:00:39.942273,Simoningplatz,21,348160
2025-10-18T00:00:39.942273,Simoningplatz,21,348648
2025-10-18T00:00:39.942273,Etrichstraße,10,346032
2025-10-18T00:00:39.942273,Etrichstraße,10,346965
2025-10-18T00:00:39.942273,Etrichstraße,10,346881
2025-10-18T00:00:39.942273,Etrichstraße,10,346597
2025-10-18T00:00:39.942273,Etrichstraße,10,347294
2025-10-18T00:00:39.942273,Etrichstraße,10,347205
2025-10-18T00:00:39.942273,Etrichstraße,10,347187
2025-10-18T00:00:39.942273,Etrichstraße,10,347982
2025-10-18T00:00:39.942273,Etrichstraße,10,348538
2025-10-18T00:00:39.942273,Etrichstraße,10,398787
2025-10-18T00:00:39.942273,Zippererstraße U,15,345575
2025-10-18T00:00:39.942273,Zippererstraße U,15,346461
2025-10-18T00:00:39.942273,Zippererstraße U,15,346303
2025-10-18T00:00:39.942273,Zippererstraße U,15,346930
2025-10-18T00:00:39.942273,Zippererstraße U,15,346752
2025-10-18T00:00:39.942273,Zippererstraße U,15,347795
2025-10-18T00:00:39.942273,Zippererstraße U,15,348345
2025-10-18T00:00:39.942273,Zippererstraße U,15,348239
2025-10-18T00:00:39.942273,Zippererstraße U,15,348082
2025-10-18T00:00:39.942273,Zippererstraße U,15,348607
2025-10-18T00:00:39.942273,Zippererstraße U,15,348589
2025-10-18T00:00:39.942273,Zippererstraße U,15,348515
2025-10-18T00:00:39.942273,Zippererstraße U,15,348900
2025-10-18T00:00:39.942273,Zippererstraße U,15,348844
2025-10-18T00:00:39.942273,Zippererstraße U,15,349143
2025-10-18T00:00:39.942273,Hetzendorf S,6,345848
2025-10-18T00:00:39.942273,Hetzendorf S,6,346968
2025-10-18T00:00:39.942273,Hetzendorf S,6,346733
2025-10-18T00:00:39.942273,Hetzendorf S,6,347330
2025-10-18T00:00:39.942273,Hetzendorf S,6,347277
2025-10-18T00:00:39.942273,Hetzendorf S,6,347058
2025-10-18T00:00:39.942273,Gatterhölzl,7,345319
2025-10-18T00:00:39.942273,Gatterhölzl,7,345210
2025-10-18T00:00:39.942273,Gatterhölzl,7,346629
2025-10-18T00:00:39.942273,Gatterhölzl,7,347877
2025-10-18T00:00:39.942273,Gatterhölzl,7,347670
2025-10-18T00:00:39.942273,Gatterhölzl,7,398852
2025-10-18T00:00:39.942273,Gatterhölzl,7,398754
2025-10-18T00:00:39.942273,Speising S,12,345979
2025-10-18T00:00:39.942273,Speising S,12,346469
2025-10-18T00:00:39.942273,Speising S,12,346120
2025-10-18T00:00:39.942273,Speising S,12,346070
2025-10-18T00:00:39.942273,Speising S,12,346002
2025-10-18T00:00:39.942273,Speising S,12,346923
2025-10-18T00:00:39.942273,Speising S,12,347444
2025-10-18T00:00:39.942273,Speising S,12,348491
2025-10-18T00:00:39.942273,Speising S,12,348171
2025-10-18T00:00:39.942273,Speising S,12,348003
2025-10-18T00:00:39.942273,Speising S,12,398802
2025-10-18T00:00:39.942273,Speising S,12,348899
2025-10-18T00:00:39.942273,Hasnerstraße / Hofferplatz,4,346333
2025-10-18T00:00:39.942273,Hasnerstraße / Hofferplatz,4,346078
2025-10-18T00:00:39.942273,Hasnerstraße / Hofferplatz,4,348572
2025-10-18T00:00:39.942273,Hasnerstraße / Hofferplatz,4,398866
2025-10-18T00:00:39.942273,Nietzscheplatz,1,345655
2025-10-18T00:00:39.942273,Wattgasse,15,345208
2025-10-18T00:00:39.942273,Wattgasse,15,345888
2025-10-18T00:00:39.942273,Wattgasse,15,346957
2025-10-18T00:00:39.942273,Wattgasse,15,346844
2025-10-18T00:00:39.942273,Wattgasse,15,346608
2025-10-18T00:00:39.942273,Wattgasse,15,346602
2025-10-18T00:00:39.942273,Wattgasse,15,346588
2025-10-18T00:00:39.942273,Wattgasse,15,347403
2025-10-18T00:00:39.942273,Wattgasse,15,347349
2025-10-18T00:00:39.942273,Wattgasse,15,347154
2025-10-18T00:00:39.942273,Wattgasse,15,347986
2025-10-18T00:00:39.942273,Wattgasse,15,348304
2025-10-18T00:00:39.942273,Wattgasse,15,348700
2025-10-18T00:00:39.942273,Wattgasse,15,348659
2025-10-18T00:00:39.942273,Wattgasse,15,348620
2025-10-18T00:00:39.942273,Oberdöbling S,1,349039
2025-10-18T00:00:39.942273,Kantnergasse,10,345287
2025-10-18T00:00:39.942273,Kantnergasse,10,345095
2025-10-18T00:00:39.942273,Kantnergasse,10,346291
2025-10-18T00:00:39.942273,Kantnergasse,10,346141
2025-10-18T00:00:39.942273,Kantnergasse,10,346787
2025-10-18T00:00:39.942273,Kantnergasse,10,346681
2025-10-18T00:00:39.942273,Kantnergasse,10,347453
2025-10-18T00:00:39.942273,Kantnergasse,10,347019
2025-10-18T00:00:39.942273,Kantnergasse,10,347770
2025-10-18T00:00:39.942273,Kantnergasse,10,348434
2025-10-18T00:00:39.942273,Leopoldau S U,3,346732
2025-10-18T00:00:39.942273,Leopoldau S U,3,348317
2025-10-18T00:00:39.942273,Leopoldau S U,3,348575
2025-10-18T00:00:39.942273,Josef-Baumann-Gasse,8,345952
2025-10-18T00:00:39.942273,Josef-Baumann-Gasse,8,345650
2025-10-18T00:00:39.942273,Josef-Baumann-Gasse,8,345554
2025-10-18T00:00:39.942273,Josef-Baumann-Gasse,8,346254
2025-10-18T00:00:39.942273,Josef-Baumann-Gasse,8,346759
2025-10-18T00:00:39.942273,Josef-Baumann-Gasse,8,348093
2025-10-18T00:00:39.942273,Josef-Baumann-Gasse,8,348026
2025-10-18T00:00:39.942273,Josef-Baumann-Gasse,8,348527
2025-10-18T00:00:39.942273,Fultonstraße,18,345382
2025-10-18T00:00:39.942273,Fultonstraße,18,345086
2025-10-18T00:00:39.942273,Fultonstraße,18,345699
2025-10-18T00:00:39.942273,Fultonstraße,18,345689
2025-10-18T00:00:39.942273,Fultonstraße,18,346214
2025-10-18T00:00:39.942273,Fultonstraße,18,346578
2025-10-18T00:00:39.942273,Fultonstraße,18,347392
2025-10-18T00:00:39.942273,Fultonstraße,18,347758
2025-10-18T00:00:39.942273,Fultonstraße,18,347603
2025-10-18T00:00:39.942273,Fultonstraße,18,348168
2025-10-18T00:00:39.942273,Fultonstraße,18,348123
2025-10-18T00:00:39.942273,Fultonstraße,18,398829
2025-10-18T00:00:39.942273,Fultonstraße,18,349050
2025-10-18T00:00:39.942273,Fultonstraße,18,349027
2025-10-18T00:00:39.942273,Fultonstraße,18,348953
2025-10-18T00:00:39.942273,Fultonstraße,18,348809
2025-10-18T00:00:39.942273,Fultonstraße,18,349163
2025-10-18T00:00:39.942273,Fultonstraße,18,349128
2025-10-18T00:00:39.942273,Hopfengasse,18,345378
2025-10-18T00:00:39.942273,Hopfengasse,18,345990
2025-10-18T00:00:39.942273,Hopfengasse,18,345688
2025-10-18T00:00:39.942273,Hopfengasse,18,345632
2025-10-18T00:00:39.942273,Hopfengasse,18,345597
2025-10-18T00:00:39.942273,Hopfengasse,18,345582
2025-10-18T00:00:39.942273,Hopfengasse,18,346256
2025-10-18T00:00:39.942273,Hopfengasse,18,346023
2025-10-18T00:00:39.942273,Hopfengasse,18,346749
2025-10-18T00:00:39.942273,Hopfengasse,18,347005
2025-10-18T00:00:39.942273,Hopfengasse,18,347800
2025-10-18T00:00:39.942273,Hopfengasse,18,347538
2025-10-18T00:00:39.942273,Hopfengasse,18,348441
2025-10-18T00:00:39.942273,Hopfengasse,18,348279
2025-10-18T00:00:39.942273,Hopfengasse,18,348707
2025-10-18T00:00:39.942273,Hopfengasse,18,348609
2025-10-18T00:00:39.942273,Hopfengasse,18,398800
2025-10-18T00:00:39.942273,Hopfengasse,18,348971
2025-10-18T00:00:39.942273,Jedlesee / Bellgasse,5,345875
2025-10-18T00:00:39.942273,Jedlesee / Bellgasse,5,346462
2025-10-18T00:00:39.942273,Jedlesee / Bellgasse,5,346235
2025-10-18T00:00:39.942273,Jedlesee / Bellgasse,5,346047
2025-10-18T00:00:39.942273,Jedlesee / Bellgasse,5,349041
2025-10-18T00:00:39.942273,Jedleseer Friedhof,6,345244
2025-10-18T00:00:39.942273,Jedleseer Friedhof,6,345026
2025-10-18T00:00:39.942273,Jedleseer Friedhof,6,346868
2025-10-18T00:00:39.942273,Jedleseer Friedhof,6,347369
2025-10-18T00:00:39.942273,Jedleseer Friedhof,6,348062
2025-10-18T00:00:39.942273,Jedleseer Friedhof,6,348639
2025-10-18T00:00:39.942273,Strebersdorf / Edmund-Hawranek-Platz,12,345340
2025-10-18T00:00:39.942273,Strebersdorf / Edmund-Hawranek-Platz,12,345152
2025-10-18T00:00:39.942273,Strebersdorf / Edmund-Hawranek-Platz,12,345740
2025-10-18T00:00:39.942273,Strebersdorf / Edmund-Hawranek-Platz,12,345660
2025-10-18T00:00:39.942273,Strebersdorf / Edmund-Hawranek-Platz,12,345577
2025-10-18T00:00:39.942273,Strebersdorf / Edmund-Hawranek-Platz,12,346188
2025-10-18T00:00:39.942273,Strebersdorf / Edmund-Hawranek-Platz,12,346684
2025-10-18T00:00:39.942273,Strebersdorf / Edmund-Hawranek-Platz,12,347047
2025-10-18T00:00:39.942273,Strebersdorf / Edmund-Hawranek-Platz,12,347988
2025-10-18T00:00:39.942273,Strebersdorf / Edmund-Hawranek-Platz,12,347674
2025-10-18T00:00:39.942273,Strebersdorf / Edmund-Hawranek-Platz,12,347639
2025-10-18T00:00:39.942273,Strebersdorf / Edmund-Hawranek-Platz,12,348096
2025-10-18T00:00:39.942273,Kagraner Anger,7,345047
2025-10-18T00:00:39.942273,Kagraner Anger,7,346427
2025-10-18T00:00:39.942273,Kagraner Anger,7,347146
2025-10-18T00:00:39.942273,Kagraner Anger,7,347909
2025-10-18T00:00:39.942273,Kagraner Anger,7,347876
2025-10-18T00:00:39.942273,Kagraner Anger,7,348643
2025-10-18T00:00:39.942273,Kagraner Anger,7,348890
2025-10-18T00:00:39.942273,Stavangergasse,12,345430
2025-10-18T00:00:39.942273,Stavangergasse,12,345290
2025-10-18T00:00:39.942273,Stavangergasse,12,345919
2025-10-18T00:00:39.942273,Stavangergasse,12,345687
2025-10-18T00:00:39.942273,Stavangergasse,12,345506
2025-10-18T00:00:39.942273,Stavangergasse,12,346152
2025-10-18T00:00:39.942273,Stavangergasse,12,348658
2025-10-18T00:00:39.942273,Stavangergasse,12,348613
2025-10-18T00:00:39.942273,Stavangergasse,12,348557
2025-10-18T00:00:39.942273,Stavangergasse,12,348525
2025-10-18T00:00:39.942273,Stavangergasse,12,349040
2025-10-18T00:00:39.942273,Stavangergasse,12,348964
2025-10-18T00:00:39.942273,Hans-Steger-Gasse,14,345350
2025-10-18T00:00:39.942273,Hans-Steger-Gasse,14,345926
2025-10-18T00:00:39.942273,Hans-Steger-Gasse,14,346347
2025-10-18T00:00:39.942273,Hans-Steger-Gasse,14,346286
2025-10-18T00:00:39.942273,Hans-Steger-Gasse,14,346142
2025-10-18T00:00:39.942273,Hans-Steger-Gasse,14,347400
2025-10-18T00:00:39.942273,Hans-Steger-Gasse,14,348258
2025-10-18T00:00:39.942273,Hans-Steger-Gasse,14,348206
2025-10-18T00:00:39.942273,Hans-Steger-Gasse,14,348154
2025-10-18T00:00:39.942273,Hans-Steger-Gasse,14,348121
2025-10-18T00:00:39.942273,Hans-Steger-Gasse,14,348693
2025-10-18T00:00:39.942273,Hans-Steger-Gasse,14,348585
2025-10-18T00:00:39.942273,Hans-Steger-Gasse,14,348543
2025-10-18T00:00:39.942273,Hans-Steger-Gasse,14,398851
2025-10-18T00:00:39.942273,Hirschstetten S,6,345102
2025-10-18T00:00:39.942273,Hirschstetten S,6,345697
2025-10-18T00:00:39.942273,Hirschstetten S,6,346368
2025-10-18T00:00:39.942273,Hirschstetten S,6,346822
2025-10-18T00:00:39.942273,Hirschstetten S,6,347879
2025-10-18T00:00:39.942273,Hirschstetten S,6,348001
2025-10-18T00:00:39.942273,Atzgersdorf S,5,345474
2025-10-18T00:00:39.942273,Atzgersdorf S,5,345563
2025-10-18T00:00:39.942273,Atzgersdorf S,5,346227
2025-10-18T00:00:39.942273,Atzgersdorf S,5,346746
2025-10-18T00:00:39.942273,Atzgersdorf S,5,347432
2025-10-18T00:00:39.942273,Erlaaer Straße U,7,346986
2025-10-18T00:00:39.942273,Erlaaer Straße U,7,346973
2025-10-18T00:00:39.942273,Erlaaer Straße U,7,346644
2025-10-18T00:00:39.942273,Erlaaer Straße U,7,347820
2025-10-18T00:00:39.942273,Erlaaer Straße U,7,347664
2025-10-18T00:00:39.942273,Erlaaer Straße U,7,348333
2025-10-18T00:00:39.942273,Erlaaer Straße U,7,348928
2025-10-18T00:00:39.942273,Praterstern Ausstellungsstraße,9,345323
2025-10-18T00:00:39.942273,Praterstern Ausstellungsstraße,9,345665
2025-10-18T00:00:39.942273,Praterstern Ausstellungsstraße,9,346454
2025-10-18T00:00:39.942273,Praterstern Ausstellungsstraße,9,346372
2025-10-18T00:00:39.942273,Praterstern Ausstellungsstraße,9,346798
2025-10-18T00:00:39.942273,Praterstern Ausstellungsstraße,9,347367
2025-10-18T00:00:39.942273,Praterstern Ausstellungsstraße,9,348483
2025-10-18T00:00:39.942273,Praterstern Ausstellungsstraße,9,348197
2025-10-18T00:00:39.942273,Praterstern Ausstellungsstraße,9,349074
2025-10-18T00:00:39.942273,Muthgasse,18,345386
2025-10-18T00:00:39.942273,Muthgasse,18,345901
2025-10-18T00:00:39.942273,Muthgasse,18,345823
2025-10-18T00:00:39.942273,Muthgasse,18,345728
2025-10-18T00:00:39.942273,Muthgasse,18,345609
2025-10-18T00:00:39.942273,Muthgasse,18,346456
2025-10-18T00:00:39.942273,Muthgasse,18,346352
2025-10-18T00:00:39.942273,Muthgasse,18,346176
2025-10-18T00:00:39.942273,Muthgasse,18,346015
2025-10-18T00:00:39.942273,Muthgasse,18,346614
2025-10-18T00:00:39.942273,Muthgasse,18,347050
2025-10-18T00:00:39.942273,Muthgasse,18,347860
2025-10-18T00:00:39.942273,Muthgasse,18,347830
2025-10-18T00:00:39.942273,Muthgasse,18,347785
2025-10-18T00:00:39.942273,Muthgasse,18,348354
2025-10-18T00:00:39.942273,Muthgasse,18,348340
2025-10-18T00:00:39.942273,Muthgasse,18,348179
2025-10-18T00:00:39.942273,Muthgasse,18,348644
2025-10-18T00:00:39.942273,Liesing S,8,345349
2025-10-18T00:00:39.942273,Liesing S,8,346029
2025-10-18T00:00:39.942273,Liesing S,8,348590
2025-10-18T00:00:39.942273,Liesing S,8,348955
2025-10-18T00:00:39.942273,Liesing S,8,348939
2025-10-18T00:00:39.942273,Liesing S,8,348905
2025-10-18T00:00:39.942273,Liesing S,8,348904
2025-10-18T00:00:39.942273,Liesing S,8,348828
2025-10-18T00:00:39.942273,Aspern Nord S U,4,345670
2025-10-18T00:00:39.942273,Aspern Nord S U,4,345536
2025-10-18T00:00:39.942273,Aspern Nord S U,4,347243
2025-10-18T00:00:39.942273,Aspern Nord S U,4,348310
2025-10-18T00:00:39.942273,Seepark,6,345091
2025-10-18T00:00:39.942273,Seepark,6,345622
2025-10-18T00:00:39.942273,Seepark,6,345514
2025-10-18T00:00:39.942273,Seepark,6,346056
2025-10-18T00:00:39.942273,Seepark,6,347279
2025-10-18T00:00:39.942273,Seepark,6,348619
2025-10-18T00:00:39.942273,Seestadt U,3,346784
2025-10-18T00:00:39.942273,Seestadt U,3,347455
2025-10-18T00:00:39.942273,Seestadt U,3,347174
2025-10-18T00:00:39.942273,Schwedenplatz,17,345423
2025-10-18T00:00:39.942273,Schwedenplatz,17,345201
2025-10-18T00:00:39.942273,Schwedenplatz,17,346499
2025-10-18T00:00:39.942273,Schwedenplatz,17,346394
2025-10-18T00:00:39.942273,Schwedenplatz,17,346239
2025-10-18T00:00:39.942273,Schwedenplatz,17,346059
2025-10-18T00:00:39.942273,Schwedenplatz,17,346039
2025-10-18T00:00:39.942273,Schwedenplatz,17,347406
2025-10-18T00:00:39.942273,Schwedenplatz,17,347323
2025-10-18T00:00:39.942273,Schwedenplatz,17,347017
2025-10-18T00:00:39.942273,Schwedenplatz,17,347896
2025-10-18T00:00:39.942273,Schwedenplatz,17,347794
2025-10-18T00:00:39.942273,Schwedenplatz,17,348104
2025-10-18T00:00:39.942273,Schwedenplatz,17,348088
2025-10-18T00:00:39.942273,Schwedenplatz,17,349015
2025-10-18T00:00:39.942273,Schwedenplatz,17,348858
2025-10-18T00:00:39.942273,Schwedenplatz,17,349131
2025-10-18T00:00:39.942273,Waldmüllerpark,11,345292
2025-10-18T00:00:39.942273,Waldmüllerpark,11,345946
2025-10-18T00:00:39.942273,Waldmüllerpark,11,345637
2025-10-18T00:00:39.942273,Waldmüllerpark,11,346195
2025-10-18T00:00:39.942273,Waldmüllerpark,11,347384
2025-10-18T00:00:39.942273,Waldmüllerpark,11,348099
2025-10-18T00:00:39.942273,Waldmüllerpark,11,348032
2025-10-18T00:00:39.942273,Waldmüllerpark,11,348531
2025-10-18T00:00:39.942273,Waldmüllerpark,11,398723
2025-10-18T00:00:39.942273,Waldmüllerpark,11,348973
2025-10-18T00:00:39.942273,Waldmüllerpark,11,349134
2025-10-18T00:00:39.942273,Stubentor U,20,345214
2025-10-18T00:00:39.942273,Stubentor U,20,345845
2025-10-18T00:00:39.942273,Stubentor U,20,345835
2025-10-18T00:00:39.942273,Stubentor U,20,345829
2025-10-18T00:00:39.942273,Stubentor U,20,345750
2025-10-18T00:00:39.942273,Stubentor U,20,345733
2025-10-18T00:00:39.942273,Stubentor U,20,346459
2025-10-18T00:00:39.942273,Stubentor U,20,346387
2025-10-18T00:00:39.942273,Stubentor U,20,347365
2025-10-18T00:00:39.942273,Stubentor U,20,347123
2025-10-18T00:00:39.942273,Stubentor U,20,347118
2025-10-18T00:00:39.942273,Stubentor U,20,347881
2025-10-18T00:00:39.942273,Stubentor U,20,347609
2025-10-18T00:00:39.942273,Stubentor U,20,347600
2025-10-18T00:00:39.942273,Stubentor U,20,349083
2025-10-18T00:00:39.942273,Stubentor U,20,349068
2025-10-18T00:00:39.942273,Stubentor U,20,349022
2025-10-18T00:00:39.942273,Stubentor U,20,348918
2025-10-18T00:00:39.942273,Stubentor U,20,348896
2025-10-18T00:00:39.942273,Stubentor U,20,348821
2025-10-18T00:00:39.942273,Landstraße - Wien Mitte S U,24,345482
2025-10-18T00:00:39.942273,Landstraße - Wien Mitte S U,24,345442
2025-10-18T00:00:39.942273,Landstraße - Wien Mitte S U,24,345411
2025-10-18T00:00:39.942273,Landstraße - Wien Mitte S U,24,345336
2025-10-18T00:00:39.942273,Landstraße - Wien Mitte S U,24,345335
2025-10-18T00:00:39.942273,Landstraße - Wien Mitte S U,24,345219
2025-10-18T00:00:39.942273,Landstraße - Wien Mitte S U,24,345528
2025-10-18T00:00:39.942273,Landstraße - Wien Mitte S U,24,346948
2025-10-18T00:00:39.942273,Landstraße - Wien Mitte S U,24,346913
2025-10-18T00:00:39.942273,Landstraße - Wien Mitte S U,24,346574
2025-10-18T00:00:39.942273,Landstraße - Wien Mitte S U,24,347454
2025-10-18T00:00:39.942273,Landstraße - Wien Mitte S U,24,347216
2025-10-18T00:00:39.942273,Landstraße - Wien Mitte S U,24,347083
2025-10-18T00:00:39.942273,Landstraße - Wien Mitte S U,24,347045
2025-10-18T00:00:39.942273,Landstraße - Wien Mitte S U,24,347617
2025-10-18T00:00:39.942273,Landstraße - Wien Mitte S U,24,348445
2025-10-18T00:00:39.942273,Landstraße - Wien Mitte S U,24,348155
2025-10-18T00:00:39.942273,Landstraße - Wien Mitte S U,24,348601
2025-10-18T00:00:39.942273,Landstraße - Wien Mitte S U,24,398820
2025-10-18T00:00:39.942273,Landstraße - Wien Mitte S U,24,349104
2025-10-18T00:00:39.942273,Landstraße - Wien Mitte S U,24,349058
2025-10-18T00:00:39.942273,Landstraße - Wien Mitte S U,24,348826
2025-10-18T00:00:39.942273,Landstraße - Wien Mitte S U,24,348800
2025-10-18T00:00:39.942273,Landstraße - Wien Mitte S U,24,349198
2025-10-18T00:00:39.942273,Praterstern S U,12,345264
2025-10-18T00:00:39.942273,Praterstern S U,12,345110
2025-10-18T00:00:39.942273,Praterstern S U,12,345037
2025-10-18T00:00:39.942273,Praterstern S U,12,346061
2025-10-18T00:00:39.942273,Praterstern S U,12,346911
2025-10-18T00:00:39.942273,Praterstern S U,12,347488
2025-10-18T00:00:39.942273,Praterstern S U,12,347870
2025-10-18T00:00:39.942273,Praterstern S U,12,347574
2025-10-18T00:00:39.942273,Praterstern S U,12,348186
2025-10-18T00:00:39.942273,Praterstern S U,12,348708
2025-10-18T00:00:39.942273,Praterstern S U,12,348578
2025-10-18T00:00:39.942273,Praterstern S U,12,348959
2025-10-18T00:00:39.942273,Rustengasse,10,345387
2025-10-18T00:00:39.942273,Rustengasse,10,345601
2025-10-18T00:00:39.942273,Rustengasse,10,346455
2025-10-18T00:00:39.942273,Rustengasse,10,346561
2025-10-18T00:00:39.942273,Rustengasse,10,347252
2025-10-18T00:00:39.942273,Rustengasse,10,347198
2025-10-18T00:00:39.942273,Rustengasse,10,347954
2025-10-18T00:00:39.942273,Rustengasse,10,347735
2025-10-18T00:00:39.942273,Rustengasse,10,348266
2025-10-18T00:00:39.942273,Rustengasse,10,348187
2025-10-18T00:00:39.942273,Heiligenstadt S U,7,346529
2025-10-18T00:00:39.942273,Heiligenstadt S U,7,347861
2025-10-18T00:00:39.942273,Heiligenstadt S U,7,347772
2025-10-18T00:00:39.942273,Heiligenstadt S U,7,347520
2025-10-18T00:00:39.942273,Heiligenstadt S U,7,348699
2025-10-18T00:00:39.942273,Heiligenstadt S U,7,398801
2025-10-18T00:00:39.942273,Heiligenstadt S U,7,348851
2025-10-18T00:00:39.942273,Hütteldorf  S U,14,345480
2025-10-18T00:00:39.942273,Hütteldorf  S U,14,345352
2025-10-18T00:00:39.942273,Hütteldorf  S U,14,345923
2025-10-18T00:00:39.942273,Hütteldorf  S U,14,345749
2025-10-18T00:00:39.942273,Hütteldorf  S U,14,345613
2025-10-18T00:00:39.942273,Hütteldorf  S U,14,346027
2025-10-18T00:00:39.942273,Hütteldorf  S U,14,347338
2025-10-18T00:00:39.942273,Hütteldorf  S U,14,347245
2025-10-18T00:00:39.942273,Hütteldorf  S U,14,347053
2025-10-18T00:00:39.942273,Hütteldorf  S U,14,347902
2025-10-18T00:00:39.942273,Hütteldorf  S U,14,347901
2025-10-18T00:00:39.942273,Hütteldorf  S U,14,347814
2025-10-18T00:00:39.942273,Hütteldorf  S U,14,347614
2025-10-18T00:00:39.942273,Hütteldorf  S U,14,348265
2025-10-18T00:00:39.942273,Rathaus U,44,345462
2025-10-18T00:00:39.942273,Rathaus U,44,345454
2025-10-18T00:00:39.942273,Rathaus U,44,345330
2025-10-18T00:00:39.942273,Rathaus U,44,345153
2025-10-18T00:00:39.942273,Rathaus U,44,345119
2025-10-18T00:00:39.942273,Rathaus U,44,345099
2025-10-18T00:00:39.942273,Rathaus U,44,345096
2025-10-18T00:00:39.942273,Rathaus U,44,345059
2025-10-18T00:00:39.942273,Rathaus U,44,345000
2025-10-18T00:00:39.942273,Rathaus U,44,345906
2025-10-18T00:00:39.942273,Rathaus U,44,345730
2025-10-18T00:00:39.942273,Rathaus U,44,345600
2025-10-18T00:00:39.942273,Rathaus U,44,345571
2025-10-18T00:00:39.942273,Rathaus U,44,345549
2025-10-18T00:00:39.942273,Rathaus U,44,345501
2025-10-18T00:00:39.942273,Rathaus U,44,346360
2025-10-18T00:00:39.942273,Rathaus U,44,346257
2025-10-18T00:00:39.942273,Rathaus U,44,346565
2025-10-18T00:00:39.942273,Rathaus U,44,346539
2025-10-18T00:00:39.942273,Rathaus U,44,347497
2025-10-18T00:00:39.942273,Rathaus U,44,347117
2025-10-18T00:00:39.942273,Rathaus U,44,347001
2025-10-18T00:00:39.942273,Rathaus U,44,347996
2025-10-18T00:00:39.942273,Rathaus U,44,347971
2025-10-18T00:00:39.942273,Rathaus U,44,347967
2025-10-18T00:00:39.942273,Rathaus U,44,347897
2025-10-18T00:00:39.942273,Rathaus U,44,347722
2025-10-18T00:00:39.942273,Rathaus U,44,347697
2025-10-18T00:00:39.942273,Rathaus U,44,347682
2025-10-18T00:00:39.942273,Rathaus U,44,347669
2025-10-18T00:00:39.942273,Rathaus U,44,347544
2025-10-18T00:00:39.942273,Rathaus U,44,347505
2025-10-18T00:00:39.942273,Rathaus U,44,348451
2025-10-18T00:00:39.942273,Rathaus U,44,348172
2025-10-18T00:00:39.942273,Rathaus U,44,348158
2025-10-18T00:00:39.942273,Rathaus U,44,348139
2025-10-18T00:00:39.942273,Rathaus U,44,348094
2025-10-18T00:00:39.942273,Rathaus U,44,348045
2025-10-18T00:00:39.942273,Rathaus U,44,348019
2025-10-18T00:00:39.942273,Rathaus U,44,348013
2025-10-18T00:00:39.942273,Rathaus U,44,348550
2025-10-18T00:00:39.942273,Rathaus U,44,398807
2025-10-18T00:00:39.942273,Rathaus U,44,398773
2025-10-18T00:00:39.942273,Rathaus U,44,398756
2025-10-18T00:00:39.942273,Hans-Mandl-Berufsschule,17,345221
2025-10-18T00:00:39.942273,Hans-Mandl-Berufsschule,17,345602
2025-10-18T00:00:39.942273,Hans-Mandl-Berufsschule,17,345519
2025-10-18T00:00:39.942273,Hans-Mandl-Berufsschule,17,345507
2025-10-18T00:00:39.942273,Hans-Mandl-Berufsschule,17,346450
2025-10-18T00:00:39.942273,Hans-Mandl-Berufsschule,17,346363
2025-10-18T00:00:39.942273,Hans-Mandl-Berufsschule,17,346242
2025-10-18T00:00:39.942273,Hans-Mandl-Berufsschule,17,346747
2025-10-18T00:00:39.942273,Hans-Mandl-Berufsschule,17,346670
2025-10-18T00:00:39.942273,Hans-Mandl-Berufsschule,17,347464
2025-10-18T00:00:39.942273,Hans-Mandl-Berufsschule,17,347291
2025-10-18T00:00:39.942273,Hans-Mandl-Berufsschule,17,347230
2025-10-18T00:00:39.942273,Hans-Mandl-Berufsschule,17,347859
2025-10-18T00:00:39.942273,Hans-Mandl-Berufsschule,17,347563
2025-10-18T00:00:39.942273,Hans-Mandl-Berufsschule,17,348603
2025-10-18T00:00:39.942273,Hans-Mandl-Berufsschule,17,398796
2025-10-18T00:00:39.942273,Hans-Mandl-Berufsschule,17,398867
2025-10-18T00:00:39.942273,Dänenstraße / BOKU,15,345364
2025-10-18T00:00:39.942273,Dänenstraße / BOKU,15,345295
2025-10-18T00:00:39.942273,Dänenstraße / BOKU,15,345256
2025-10-18T00:00:39.942273,Dänenstraße / BOKU,15,345136
2025-10-18T00:00:39.942273,Dänenstraße / BOKU,15,345106
2025-10-18T00:00:39.942273,Dänenstraße / BOKU,15,346318
2025-10-18T00:00:39.942273,Dänenstraße / BOKU,15,346263
2025-10-18T00:00:39.942273,Dänenstraße / BOKU,15,346711
2025-10-18T00:00:39.942273,Dänenstraße / BOKU,15,346571
2025-10-18T00:00:39.942273,Dänenstraße / BOKU,15,347368
2025-10-18T00:00:39.942273,Dänenstraße / BOKU,15,347076
2025-10-18T00:00:39.942273,Dänenstraße / BOKU,15,347616
2025-10-18T00:00:39.942273,Dänenstraße / BOKU,15,348113
2025-10-18T00:00:39.942273,Dänenstraße / BOKU,15,348101
2025-10-18T00:00:39.942273,Dänenstraße / BOKU,15,398836
2025-10-18T00:00:39.942273,Schloss Schönbrunn,17,345421
2025-10-18T00:00:39.942273,Schloss Schönbrunn,17,345272
2025-10-18T00:00:39.942273,Schloss Schönbrunn,17,345021
2025-10-18T00:00:39.942273,Schloss Schönbrunn,17,345883
2025-10-18T00:00:39.942273,Schloss Schönbrunn,17,345731
2025-10-18T00:00:39.942273,Schloss Schönbrunn,17,346272
2025-10-18T00:00:39.942273,Schloss Schönbrunn,17,346177
2025-10-18T00:00:39.942273,Schloss Schönbrunn,17,346169
2025-10-18T00:00:39.942273,Schloss Schönbrunn,17,346122
2025-10-18T00:00:39.942273,Schloss Schönbrunn,17,346905
2025-10-18T00:00:39.942273,Schloss Schönbrunn,17,346744
2025-10-18T00:00:39.942273,Schloss Schönbrunn,17,347375
2025-10-18T00:00:39.942273,Schloss Schönbrunn,17,347131
2025-10-18T00:00:39.942273,Schloss Schönbrunn,17,347595
2025-10-18T00:00:39.942273,Schloss Schönbrunn,17,348388
2025-10-18T00:00:39.942273,Schloss Schönbrunn,17,348207
2025-10-18T00:00:39.942273,Schloss Schönbrunn,17,348709
2025-10-18T00:00:39.942273,Eslarngasse / Juchgasse,24,345280
2025-10-18T00:00:39.942273,Eslarngasse / Juchgasse,24,345265
2025-10-18T00:00:39.942273,Eslarngasse / Juchgasse,24,345224
2025-10-18T00:00:39.942273,Eslarngasse / Juchgasse,24,345685
2025-10-18T00:00:39.942273,Eslarngasse / Juchgasse,24,345593
2025-10-18T00:00:39.942273,Eslarngasse / Juchgasse,24,346439
2025-10-18T00:00:39.942273,Eslarngasse / Juchgasse,24,346369
2025-10-18T00:00:39.942273,Eslarngasse / Juchgasse,24,346247
2025-10-18T00:00:39.942273,Eslarngasse / Juchgasse,24,346075
2025-10-18T00:00:39.942273,Eslarngasse / Juchgasse,24,346065
2025-10-18T00:00:39.942273,Eslarngasse / Juchgasse,24,346928
2025-10-18T00:00:39.942273,Eslarngasse / Juchgasse,24,346917
2025-10-18T00:00:39.942273,Eslarngasse / Juchgasse,24,346915
2025-10-18T00:00:39.942273,Eslarngasse / Juchgasse,24,346882
2025-10-18T00:00:39.942273,Eslarngasse / Juchgasse,24,346841
2025-10-18T00:00:39.942273,Eslarngasse / Juchgasse,24,347377
2025-10-18T00:00:39.942273,Eslarngasse / Juchgasse,24,347362
2025-10-18T00:00:39.942273,Eslarngasse / Juchgasse,24,347114
2025-10-18T00:00:39.942273,Eslarngasse / Juchgasse,24,347006
2025-10-18T00:00:39.942273,Eslarngasse / Juchgasse,24,347969
2025-10-18T00:00:39.942273,Eslarngasse / Juchgasse,24,348398
2025-10-18T00:00:39.942273,Eslarngasse / Juchgasse,24,348355
2025-10-18T00:00:39.942273,Eslarngasse / Juchgasse,24,348129
2025-10-18T00:00:39.942273,Eslarngasse / Juchgasse,24,348086
2025-10-18T00:00:39.942273,Plößlgasse / Belvedere,25,345103
2025-10-18T00:00:39.942273,Plößlgasse / Belvedere,25,345075
2025-10-18T00:00:39.942273,Plößlgasse / Belvedere,25,345030
2025-10-18T00:00:39.942273,Plößlgasse / Belvedere,25,346485
2025-10-18T00:00:39.942273,Plößlgasse / Belvedere,25,346377
2025-10-18T00:00:39.942273,Plößlgasse / Belvedere,25,346264
2025-10-18T00:00:39.942273,Plößlgasse / Belvedere,25,346991
2025-10-18T00:00:39.942273,Plößlgasse / Belvedere,25,346893
2025-10-18T00:00:39.942273,Plößlgasse / Belvedere,25,346879
2025-10-18T00:00:39.942273,Plößlgasse / Belvedere,25,346710
2025-10-18T00:00:39.942273,Plößlgasse / Belvedere,25,346570
2025-10-18T00:00:39.942273,Plößlgasse / Belvedere,25,347456
2025-10-18T00:00:39.942273,Plößlgasse / Belvedere,25,347220
2025-10-18T00:00:39.942273,Plößlgasse / Belvedere,25,347214
2025-10-18T00:00:39.942273,Plößlgasse / Belvedere,25,347007
2025-10-18T00:00:39.942273,Plößlgasse / Belvedere,25,347853
2025-10-18T00:00:39.942273,Plößlgasse / Belvedere,25,348496
2025-10-18T00:00:39.942273,Plößlgasse / Belvedere,25,348440
2025-10-18T00:00:39.942273,Plößlgasse / Belvedere,25,348306
2025-10-18T00:00:39.942273,Plößlgasse / Belvedere,25,348253
2025-10-18T00:00:39.942273,Plößlgasse / Belvedere,25,348228
2025-10-18T00:00:39.942273,Plößlgasse / Belvedere,25,348098
2025-10-18T00:00:39.942273,Plößlgasse / Belvedere,25,348004
2025-10-18T00:00:39.942273,Plößlgasse / Belvedere,25,349183
2025-10-18T00:00:39.942273,Plößlgasse / Belvedere,25,398871
2025-10-18T00:00:39.942273,Sankt-Elisabeth-Platz,18,345200
2025-10-18T00:00:39.942273,Sankt-Elisabeth-Platz,18,345878
2025-10-18T00:00:39.942273,Sankt-Elisabeth-Platz,18,345830
2025-10-18T00:00:39.942273,Sankt-Elisabeth-Platz,18,345662
2025-10-18T00:00:39.942273,Sankt-Elisabeth-Platz,18,346305
2025-10-18T00:00:39.942273,Sankt-Elisabeth-Platz,18,346940
2025-10-18T00:00:39.942273,Sankt-Elisabeth-Platz,18,347451
2025-10-18T00:00:39.942273,Sankt-Elisabeth-Platz,18,347228
2025-10-18T00:00:39.942273,Sankt-Elisabeth-Platz,18,347706
2025-10-18T00:00:39.942273,Sankt-Elisabeth-Platz,18,348406
2025-10-18T00:00:39.942273,Sankt-Elisabeth-Platz,18,348371
2025-10-18T00:00:39.942273,Sankt-Elisabeth-Platz,18,348560
2025-10-18T00:00:39.942273,Sankt-Elisabeth-Platz,18,398718
2025-10-18T00:00:39.942273,Sankt-Elisabeth-Platz,18,349096
2025-10-18T00:00:39.942273,Sankt-Elisabeth-Platz,18,349091
2025-10-18T00:00:39.942273,Sankt-Elisabeth-Platz,18,348979
2025-10-18T00:00:39.942273,Sankt-Elisabeth-Platz,18,348920
2025-10-18T00:00:39.942273,Sankt-Elisabeth-Platz,18,349120
2025-10-18T00:00:39.942273,Laudongasse / Schönbornpark,23,345444
2025-10-18T00:00:39.942273,Laudongasse / Schönbornpark,23,345077
2025-10-18T00:00:39.942273,Laudongasse / Schönbornpark,23,345956
2025-10-18T00:00:39.942273,Laudongasse / Schönbornpark,23,345520
2025-10-18T00:00:39.942273,Laudongasse / Schönbornpark,23,346206
2025-10-18T00:00:39.942273,Laudongasse / Schönbornpark,23,346053
2025-10-18T00:00:39.942273,Laudongasse / Schönbornpark,23,346990
2025-10-18T00:00:39.942273,Laudongasse / Schönbornpark,23,346989
2025-10-18T00:00:39.942273,Laudongasse / Schönbornpark,23,346708
2025-10-18T00:00:39.942273,Laudongasse / Schönbornpark,23,347489
2025-10-18T00:00:39.942273,Laudongasse / Schönbornpark,23,347231
2025-10-18T00:00:39.942273,Laudongasse / Schönbornpark,23,347102
2025-10-18T00:00:39.942273,Laudongasse / Schönbornpark,23,347020
2025-10-18T00:00:39.942273,Laudongasse / Schönbornpark,23,347871
2025-10-18T00:00:39.942273,Laudongasse / Schönbornpark,23,347754
2025-10-18T00:00:39.942273,Laudongasse / Schönbornpark,23,347730
2025-10-18T00:00:39.942273,Laudongasse / Schönbornpark,23,347567
2025-10-18T00:00:39.942273,Laudongasse / Schönbornpark,23,348267
2025-10-18T00:00:39.942273,Laudongasse / Schönbornpark,23,348245
2025-10-18T00:00:39.942273,Laudongasse / Schönbornpark,23,348630
2025-10-18T00:00:39.942273,Laudongasse / Schönbornpark,23,398854
2025-10-18T00:00:39.942273,Laudongasse / Schönbornpark,23,398743
2025-10-18T00:00:39.942273,Laudongasse / Schönbornpark,23,398721
2025-10-18T00:00:39.942273,Rossauer Lände U,31,345326
2025-10-18T00:00:39.942273,Rossauer Lände U,31,345111
2025-10-18T00:00:39.942273,Rossauer Lände U,31,345716
2025-10-18T00:00:39.942273,Rossauer Lände U,31,345628
2025-10-18T00:00:39.942273,Rossauer Lände U,31,345584
2025-10-18T00:00:39.942273,Rossauer Lände U,31,346411
2025-10-18T00:00:39.942273,Rossauer Lände U,31,346314
2025-10-18T00:00:39.942273,Rossauer Lände U,31,346104
2025-10-18T00:00:39.942273,Rossauer Lände U,31,346834
2025-10-18T00:00:39.942273,Rossauer Lände U,31,346779
2025-10-18T00:00:39.942273,Rossauer Lände U,31,346643
2025-10-18T00:00:39.942273,Rossauer Lände U,31,347344
2025-10-18T00:00:39.942273,Rossauer Lände U,31,347242
2025-10-18T00:00:39.942273,Rossauer Lände U,31,347192
2025-10-18T00:00:39.942273,Rossauer Lände U,31,347155
2025-10-18T00:00:39.942273,Rossauer Lände U,31,347031
2025-10-18T00:00:39.942273,Rossauer Lände U,31,347784
2025-10-18T00:00:39.942273,Rossauer Lände U,31,347752
2025-10-18T00:00:39.942273,Rossauer Lände U,31,347725
2025-10-18T00:00:39.942273,Rossauer Lände U,31,347710
2025-10-18T00:00:39.942273,Rossauer Lände U,31,348495
2025-10-18T00:00:39.942273,Rossauer Lände U,31,348327
2025-10-18T00:00:39.942273,Rossauer Lände U,31,348284
2025-10-18T00:00:39.942273,Rossauer Lände U,31,348214
2025-10-18T00:00:39.942273,Rossauer Lände U,31,348118
2025-10-18T00:00:39.942273,Rossauer Lände U,31,348061
2025-10-18T00:00:39.942273,Rossauer Lände U,31,348701
2025-10-18T00:00:39.942273,Rossauer Lände U,31,398822
2025-10-18T00:00:39.942273,Rossauer Lände U,31,349076
2025-10-18T00:00:39.942273,Rossauer Lände U,31,348817
2025-10-18T00:00:39.942273,Rossauer Lände U,31,398873
2025-10-18T00:00:39.942273,Lazarettgasse,10,346808
2025-10-18T00:00:39.942273,Lazarettgasse,10,347373
2025-10-18T00:00:39.942273,Lazarettgasse,10,347667
2025-10-18T00:00:39.942273,Lazarettgasse,10,348135
2025-10-18T00:00:39.942273,Lazarettgasse,10,348116
2025-10-18T00:00:39.942273,Lazarettgasse,10,348010
2025-10-18T00:00:39.942273,Lazarettgasse,10,398792
2025-10-18T00:00:39.942273,Lazarettgasse,10,398788
2025-10-18T00:00:39.942273,Lazarettgasse,10,348975
2025-10-18T00:00:39.942273,Lazarettgasse,10,349122
2025-10-18T00:00:39.942273,Edelsinnstraße,9,345329
2025-10-18T00:00:39.942273,Edelsinnstraße,9,345212
2025-10-18T00:00:39.942273,Edelsinnstraße,9,346701
2025-10-18T00:00:39.942273,Edelsinnstraße,9,347259
2025-10-18T00:00:39.942273,Edelsinnstraße,9,347570
2025-10-18T00:00:39.942273,Edelsinnstraße,9,348616
2025-10-18T00:00:39.942273,Edelsinnstraße,9,398817
2025-10-18T00:00:39.942273,Edelsinnstraße,9,348901
2025-10-18T00:00:39.942273,Edelsinnstraße,9,349127
2025-10-18T00:00:39.942273,Karlsplatz U / TU Wien,19,345468
2025-10-18T00:00:39.942273,Karlsplatz U / TU Wien,19,345050
2025-10-18T00:00:39.942273,Karlsplatz U / TU Wien,19,345007
2025-10-18T00:00:39.942273,Karlsplatz U / TU Wien,19,345672
2025-10-18T00:00:39.942273,Karlsplatz U / TU Wien,19,346338
2025-10-18T00:00:39.942273,Karlsplatz U / TU Wien,19,346228
2025-10-18T00:00:39.942273,Karlsplatz U / TU Wien,19,346540
2025-10-18T00:00:39.942273,Karlsplatz U / TU Wien,19,347066
2025-10-18T00:00:39.942273,Karlsplatz U / TU Wien,19,347880
2025-10-18T00:00:39.942273,Karlsplatz U / TU Wien,19,347807
2025-10-18T00:00:39.942273,Karlsplatz U / TU Wien,19,347782
2025-10-18T00:00:39.942273,Karlsplatz U / TU Wien,19,347729
2025-10-18T00:00:39.942273,Karlsplatz U / TU Wien,19,347696
2025-10-18T00:00:39.942273,Karlsplatz U / TU Wien,19,347689
2025-10-18T00:00:39.942273,Karlsplatz U / TU Wien,19,347598
2025-10-18T00:00:39.942273,Karlsplatz U / TU Wien,19,347529
2025-10-18T00:00:39.942273,Karlsplatz U / TU Wien,19,348470
2025-10-18T00:00:39.942273,Karlsplatz U / TU Wien,19,348090
2025-10-18T00:00:39.942273,Karlsplatz U / TU Wien,19,348514
2025-10-18T00:00:39.942273,Amerlingstraße,1,345945
2025-10-18T00:00:39.942273,Albertgasse,5,345306
2025-10-18T00:00:39.942273,Albertgasse,5,345903
2025-10-18T00:00:39.942273,Albertgasse,5,346376
2025-10-18T00:00:39.942273,Albertgasse,5,346178
2025-10-18T00:00:39.942273,Albertgasse,5,346044
2025-10-18T00:00:39.942273,Universitätsring,44,345370
2025-10-18T00:00:39.942273,Universitätsring,44,345324
2025-10-18T00:00:39.942273,Universitätsring,44,345239
2025-10-18T00:00:39.942273,Universitätsring,44,345218
2025-10-18T00:00:39.942273,Universitätsring,44,345916
2025-10-18T00:00:39.942273,Universitätsring,44,345862
2025-10-18T00:00:39.942273,Universitätsring,44,345826
2025-10-18T00:00:39.942273,Universitätsring,44,345753
2025-10-18T00:00:39.942273,Universitätsring,44,345718
2025-10-18T00:00:39.942273,Universitätsring,44,345673
2025-10-18T00:00:39.942273,Universitätsring,44,345648
2025-10-18T00:00:39.942273,Universitätsring,44,345619
2025-10-18T00:00:39.942273,Universitätsring,44,345513
2025-10-18T00:00:39.942273,Universitätsring,44,346460
2025-10-18T00:00:39.942273,Universitätsring,44,346425
2025-10-18T00:00:39.942273,Universitätsring,44,346389
2025-10-18T00:00:39.942273,Universitätsring,44,346260
2025-10-18T00:00:39.942273,Universitätsring,44,346067
2025-10-18T00:00:39.942273,Universitätsring,44,346048
2025-10-18T00:00:39.942273,Universitätsring,44,346977
2025-10-18T00:00:39.942273,Universitätsring,44,346820
2025-10-18T00:00:39.942273,Universitätsring,44,346736
2025-10-18T00:00:39.942273,Universitätsring,44,346683
2025-10-18T00:00:39.942273,Universitätsring,44,346609
2025-10-18T00:00:39.942273,Universitätsring,44,346535
2025-10-18T00:00:39.942273,Universitätsring,44,346526
2025-10-18T00:00:39.942273,Universitätsring,44,347461
2025-10-18T00:00:39.942273,Universitätsring,44,347374
2025-10-18T00:00:39.942273,Universitätsring,44,347342
2025-10-18T00:00:39.942273,Universitätsring,44,347229
2025-10-18T00:00:39.942273,Universitätsring,44,347139
2025-10-18T00:00:39.942273,Universitätsring,44,347013
2025-10-18T00:00:39.942273,Universitätsring,44,347999
2025-10-18T00:00:39.942273,Universitätsring,44,347993
2025-10-18T00:00:39.942273,Universitätsring,44,347980
2025-10-18T00:00:39.942273,Universitätsring,44,347824
2025-10-18T00:00:39.942273,Universitätsring,44,347631
2025-10-18T00:00:39.942273,Universitätsring,44,347604
2025-10-18T00:00:39.942273,Universitätsring,44,347503
2025-10-18T00:00:39.942273,Universitätsring,44,348444
2025-10-18T00:00:39.942273,Universitätsring,44,348163
2025-10-18T00:00:39.942273,Universitätsring,44,348023
2025-10-18T00:00:39.942273,Universitätsring,44,348624
2025-10-18T00:00:39.942273,Universitätsring,44,348545
2025-10-18T00:00:39.942273,Herrengasse U,29,345424
2025-10-18T00:00:39.942273,Herrengasse U,29,345114
2025-10-18T00:00:39.942273,Herrengasse U,29,345108
2025-10-18T00:00:39.942273,Herrengasse U,29,345975
2025-10-18T00:00:39.942273,Herrengasse U,29,345934
2025-10-18T00:00:39.942273,Herrengasse U,29,345856
2025-10-18T00:00:39.942273,Herrengasse U,29,345852
2025-10-18T00:00:39.942273,Herrengasse U,29,346480
2025-10-18T00:00:39.942273,Herrengasse U,29,346139
2025-10-18T00:00:39.942273,Herrengasse U,29,346121
2025-10-18T00:00:39.942273,Herrengasse U,29,346012
2025-10-18T00:00:39.942273,Herrengasse U,29,346926
2025-10-18T00:00:39.942273,Herrengasse U,29,346920
2025-10-18T00:00:39.942273,Herrengasse U,29,346873
2025-10-18T00:00:39.942273,Herrengasse U,29,346566
2025-10-18T00:00:39.942273,Herrengasse U,29,347479
2025-10-18T00:00:39.942273,Herrengasse U,29,347358
2025-10-18T00:00:39.942273,Herrengasse U,29,347343
2025-10-18T00:00:39.942273,Herrengasse U,29,347301
2025-10-18T00:00:39.942273,Herrengasse U,29,347234
2025-10-18T00:00:39.942273,Herrengasse U,29,347078
2025-10-18T00:00:39.942273,Herrengasse U,29,348465
2025-10-18T00:00:39.942273,Herrengasse U,29,348353
2025-10-18T00:00:39.942273,Herrengasse U,29,348235
2025-10-18T00:00:39.942273,Herrengasse U,29,348131
2025-10-18T00:00:39.942273,Herrengasse U,29,348108
2025-10-18T00:00:39.942273,Herrengasse U,29,348691
2025-10-18T00:00:39.942273,Herrengasse U,29,398841
2025-10-18T00:00:39.942273,Herrengasse U,29,349185
2025-10-18T00:00:39.942273,Sensengasse,26,345317
2025-10-18T00:00:39.942273,Sensengasse,26,345005
2025-10-18T00:00:39.942273,Sensengasse,26,345828
2025-10-18T00:00:39.942273,Sensengasse,26,345647
2025-10-18T00:00:39.942273,Sensengasse,26,345592
2025-10-18T00:00:39.942273,Sensengasse,26,346252
2025-10-18T00:00:39.942273,Sensengasse,26,346222
2025-10-18T00:00:39.942273,Sensengasse,26,346220
2025-10-18T00:00:39.942273,Sensengasse,26,346118
2025-10-18T00:00:39.942273,Sensengasse,26,346109
2025-10-18T00:00:39.942273,Sensengasse,26,346851
2025-10-18T00:00:39.942273,Sensengasse,26,346848
2025-10-18T00:00:39.942273,Sensengasse,26,346637
2025-10-18T00:00:39.942273,Sensengasse,26,346536
2025-10-18T00:00:39.942273,Sensengasse,26,347327
2025-10-18T00:00:39.942273,Sensengasse,26,347236
2025-10-18T00:00:39.942273,Sensengasse,26,347185
2025-10-18T00:00:39.942273,Sensengasse,26,347074
2025-10-18T00:00:39.942273,Sensengasse,26,347922
2025-10-18T00:00:39.942273,Sensengasse,26,347903
2025-10-18T00:00:39.942273,Sensengasse,26,347867
2025-10-18T00:00:39.942273,Sensengasse,26,348409
2025-10-18T00:00:39.942273,Sensengasse,26,348164
2025-10-18T00:00:39.942273,Sensengasse,26,348016
2025-10-18T00:00:39.942273,Sensengasse,26,348673
2025-10-18T00:00:39.942273,Sensengasse,26,348622
2025-10-18T00:00:39.942273,Belgradplatz,12,345357
2025-10-18T00:00:39.942273,Belgradplatz,12,345758
2025-10-18T00:00:39.942273,Belgradplatz,12,346250
2025-10-18T00:00:39.942273,Belgradplatz,12,346084
2025-10-18T00:00:39.942273,Belgradplatz,12,346880
2025-10-18T00:00:39.942273,Belgradplatz,12,346863
2025-10-18T00:00:39.942273,Belgradplatz,12,346560
2025-10-18T00:00:39.942273,Belgradplatz,12,347975
2025-10-18T00:00:39.942273,Belgradplatz,12,347837
2025-10-18T00:00:39.942273,Belgradplatz,12,347750
2025-10-18T00:00:39.942273,Belgradplatz,12,349084
2025-10-18T00:00:39.942273,Belgradplatz,12,348923
2025-10-18T00:00:39.942273,Rathausplatz / Burgtheater,18,345879
2025-10-18T00:00:39.942273,Rathausplatz / Burgtheater,18,345552
2025-10-18T00:00:39.942273,Rathausplatz / Burgtheater,18,346416
2025-10-18T00:00:39.942273,Rathausplatz / Burgtheater,18,346407
2025-10-18T00:00:39.942273,Rathausplatz / Burgtheater,18,346385
2025-10-18T00:00:39.942273,Rathausplatz / Burgtheater,18,346210
2025-10-18T00:00:39.942273,Rathausplatz / Burgtheater,18,346138
2025-10-18T00:00:39.942273,Rathausplatz / Burgtheater,18,346057
2025-10-18T00:00:39.942273,Rathausplatz / Burgtheater,18,346774
2025-10-18T00:00:39.942273,Rathausplatz / Burgtheater,18,347127
2025-10-18T00:00:39.942273,Rathausplatz / Burgtheater,18,347963
2025-10-18T00:00:39.942273,Rathausplatz / Burgtheater,18,347704
2025-10-18T00:00:39.942273,Rathausplatz / Burgtheater,18,348681
2025-10-18T00:00:39.942273,Rathausplatz / Burgtheater,18,348632
2025-10-18T00:00:39.942273,Rathausplatz / Burgtheater,18,398779
2025-10-18T00:00:39.942273,Rathausplatz / Burgtheater,18,349026
2025-10-18T00:00:39.942273,Rathausplatz / Burgtheater,18,348857
2025-10-18T00:00:39.942273,Rathausplatz / Burgtheater,18,349124
2025-10-18T00:00:39.942273,Arbeitergasse - Gürtel,36,345403
2025-10-18T00:00:39.942273,Arbeitergasse - Gürtel,36,345353
2025-10-18T00:00:39.942273,Arbeitergasse - Gürtel,36,345310
2025-10-18T00:00:39.942273,Arbeitergasse - Gürtel,36,345115
2025-10-18T00:00:39.942273,Arbeitergasse - Gürtel,36,345933
2025-10-18T00:00:39.942273,Arbeitergasse - Gürtel,36,345754
2025-10-18T00:00:39.942273,Arbeitergasse - Gürtel,36,346471
2025-10-18T00:00:39.942273,Arbeitergasse - Gürtel,36,346350
2025-10-18T00:00:39.942273,Arbeitergasse - Gürtel,36,346135
2025-10-18T00:00:39.942273,Arbeitergasse - Gürtel,36,346071
2025-10-18T00:00:39.942273,Arbeitergasse - Gürtel,36,346919
2025-10-18T00:00:39.942273,Arbeitergasse - Gürtel,36,346855
2025-10-18T00:00:39.942273,Arbeitergasse - Gürtel,36,346816
2025-10-18T00:00:39.942273,Arbeitergasse - Gürtel,36,346692
2025-10-18T00:00:39.942273,Arbeitergasse - Gürtel,36,346652
2025-10-18T00:00:39.942273,Arbeitergasse - Gürtel,36,346572
2025-10-18T00:00:39.942273,Arbeitergasse - Gürtel,36,347436
2025-10-18T00:00:39.942273,Arbeitergasse - Gürtel,36,347270
2025-10-18T00:00:39.942273,Arbeitergasse - Gürtel,36,347181
2025-10-18T00:00:39.942273,Arbeitergasse - Gürtel,36,347168
2025-10-18T00:00:39.942273,Arbeitergasse - Gürtel,36,347034
2025-10-18T00:00:39.942273,Arbeitergasse - Gürtel,36,347912
2025-10-18T00:00:39.942273,Arbeitergasse - Gürtel,36,347650
2025-10-18T00:00:39.942273,Arbeitergasse - Gürtel,36,347508
2025-10-18T00:00:39.942273,Arbeitergasse - Gürtel,36,348357
2025-10-18T00:00:39.942273,Arbeitergasse - Gürtel,36,348300
2025-10-18T00:00:39.942273,Arbeitergasse - Gürtel,36,348263
2025-10-18T00:00:39.942273,Arbeitergasse - Gürtel,36,348255
2025-10-18T00:00:39.942273,Arbeitergasse - Gürtel,36,348068
2025-10-18T00:00:39.942273,Arbeitergasse - Gürtel,36,348018
2025-10-18T00:00:39.942273,Arbeitergasse - Gürtel,36,348614
2025-10-18T00:00:39.942273,Arbeitergasse - Gürtel,36,398858
2025-10-18T00:00:39.942273,Arbeitergasse - Gürtel,36,398798
2025-10-18T00:00:39.942273,Arbeitergasse - Gürtel,36,398783
2025-10-18T00:00:39.942273,Arbeitergasse - Gürtel,36,348987
2025-10-18T00:00:39.942273,Arbeitergasse - Gürtel,36,398865
2025-10-18T00:00:39.942273,Bauernfeldplatz / Palais Lichtenstein,36,345487
2025-10-18T00:00:39.942273,Bauernfeldplatz / Palais Lichtenstein,36,345002
2025-10-18T00:00:39.942273,Bauernfeldplatz / Palais Lichtenstein,36,345778
2025-10-18T00:00:39.942273,Bauernfeldplatz / Palais Lichtenstein,36,345773
2025-10-18T00:00:39.942273,Bauernfeldplatz / Palais Lichtenstein,36,345719
2025-10-18T00:00:39.942273,Bauernfeldplatz / Palais Lichtenstein,36,345644
2025-10-18T00:00:39.942273,Bauernfeldplatz / Palais Lichtenstein,36,346224
2025-10-18T00:00:39.942273,Bauernfeldplatz / Palais Lichtenstein,36,346158
2025-10-18T00:00:39.942273,Bauernfeldplatz / Palais Lichtenstein,36,346083
2025-10-18T00:00:39.942273,Bauernfeldplatz / Palais Lichtenstein,36,346818
2025-10-18T00:00:39.942273,Bauernfeldplatz / Palais Lichtenstein,36,346675
2025-10-18T00:00:39.942273,Bauernfeldplatz / Palais Lichtenstein,36,346647
2025-10-18T00:00:39.942273,Bauernfeldplatz / Palais Lichtenstein,36,346547
2025-10-18T00:00:39.942273,Bauernfeldplatz / Palais Lichtenstein,36,347478
2025-10-18T00:00:39.942273,Bauernfeldplatz / Palais Lichtenstein,36,347402
2025-10-18T00:00:39.942273,Bauernfeldplatz / Palais Lichtenstein,36,347306
2025-10-18T00:00:39.942273,Bauernfeldplatz / Palais Lichtenstein,36,347148
2025-10-18T00:00:39.942273,Bauernfeldplatz / Palais Lichtenstein,36,347119
2025-10-18T00:00:39.942273,Bauernfeldplatz / Palais Lichtenstein,36,347071
2025-10-18T00:00:39.942273,Bauernfeldplatz / Palais Lichtenstein,36,347915
2025-10-18T00:00:39.942273,Bauernfeldplatz / Palais Lichtenstein,36,347890
2025-10-18T00:00:39.942273,Bauernfeldplatz / Palais Lichtenstein,36,347594
2025-10-18T00:00:39.942273,Bauernfeldplatz / Palais Lichtenstein,36,347589
2025-10-18T00:00:39.942273,Bauernfeldplatz / Palais Lichtenstein,36,347586
2025-10-18T00:00:39.942273,Bauernfeldplatz / Palais Lichtenstein,36,347519
2025-10-18T00:00:39.942273,Bauernfeldplatz / Palais Lichtenstein,36,348492
2025-10-18T00:00:39.942273,Bauernfeldplatz / Palais Lichtenstein,36,348482
2025-10-18T00:00:39.942273,Bauernfeldplatz / Palais Lichtenstein,36,348305
2025-10-18T00:00:39.942273,Bauernfeldplatz / Palais Lichtenstein,36,348195
2025-10-18T00:00:39.942273,Bauernfeldplatz / Palais Lichtenstein,36,348711
2025-10-18T00:00:39.942273,Bauernfeldplatz / Palais Lichtenstein,36,348687
2025-10-18T00:00:39.942273,Bauernfeldplatz / Palais Lichtenstein,36,348666
2025-10-18T00:00:39.942273,Bauernfeldplatz / Palais Lichtenstein,36,348663
2025-10-18T00:00:39.942273,Bauernfeldplatz / Palais Lichtenstein,36,348530
2025-10-18T00:00:39.942273,Bauernfeldplatz / Palais Lichtenstein,36,398748
2025-10-18T00:00:39.942273,Bauernfeldplatz / Palais Lichtenstein,36,349155
2025-10-18T00:00:39.942273,Johannesgasse / Stadtpark,17,345375
2025-10-18T00:00:39.942273,Johannesgasse / Stadtpark,17,345925
2025-10-18T00:00:39.942273,Johannesgasse / Stadtpark,17,345738
2025-10-18T00:00:39.942273,Johannesgasse / Stadtpark,17,345690
2025-10-18T00:00:39.942273,Johannesgasse / Stadtpark,17,345668
2025-10-18T00:00:39.942273,Johannesgasse / Stadtpark,17,346274
2025-10-18T00:00:39.942273,Johannesgasse / Stadtpark,17,346203
2025-10-18T00:00:39.942273,Johannesgasse / Stadtpark,17,346185
2025-10-18T00:00:39.942273,Johannesgasse / Stadtpark,17,346137
2025-10-18T00:00:39.942273,Johannesgasse / Stadtpark,17,347472
2025-10-18T00:00:39.942273,Johannesgasse / Stadtpark,17,347468
2025-10-18T00:00:39.942273,Johannesgasse / Stadtpark,17,347356
2025-10-18T00:00:39.942273,Johannesgasse / Stadtpark,17,347884
2025-10-18T00:00:39.942273,Johannesgasse / Stadtpark,17,347846
2025-10-18T00:00:39.942273,Johannesgasse / Stadtpark,17,347671
2025-10-18T00:00:39.942273,Johannesgasse / Stadtpark,17,348463
2025-10-18T00:00:39.942273,Johannesgasse / Stadtpark,17,398775
2025-10-18T00:00:39.942273,Bischof-Faber-Platz,3,347960
2025-10-18T00:00:39.942273,Bischof-Faber-Platz,3,348990
2025-10-18T00:00:39.942273,Bischof-Faber-Platz,3,348831
2025-10-18T00:00:39.942273,Am Schöpfwerk U,24,345131
2025-10-18T00:00:39.942273,Am Schöpfwerk U,24,345760
2025-10-18T00:00:39.942273,Am Schöpfwerk U,24,346340
2025-10-18T00:00:39.942273,Am Schöpfwerk U,24,346280
2025-10-18T00:00:39.942273,Am Schöpfwerk U,24,346236
2025-10-18T00:00:39.942273,Am Schöpfwerk U,24,346218
2025-10-18T00:00:39.942273,Am Schöpfwerk U,24,346126
2025-10-18T00:00:39.942273,Am Schöpfwerk U,24,346114
2025-10-18T00:00:39.942273,Am Schöpfwerk U,24,346970
2025-10-18T00:00:39.942273,Am Schöpfwerk U,24,346950
2025-10-18T00:00:39.942273,Am Schöpfwerk U,24,346719
2025-10-18T00:00:39.942273,Am Schöpfwerk U,24,346610
2025-10-18T00:00:39.942273,Am Schöpfwerk U,24,347484
2025-10-18T00:00:39.942273,Am Schöpfwerk U,24,347162
2025-10-18T00:00:39.942273,Am Schöpfwerk U,24,347987
2025-10-18T00:00:39.942273,Am Schöpfwerk U,24,347841
2025-10-18T00:00:39.942273,Am Schöpfwerk U,24,347771
2025-10-18T00:00:39.942273,Am Schöpfwerk U,24,347554
2025-10-18T00:00:39.942273,Am Schöpfwerk U,24,347549
2025-10-18T00:00:39.942273,Am Schöpfwerk U,24,347535
2025-10-18T00:00:39.942273,Am Schöpfwerk U,24,347528
2025-10-18T00:00:39.942273,Am Schöpfwerk U,24,398825
2025-10-18T00:00:39.942273,Am Schöpfwerk U,24,349094
2025-10-18T00:00:39.942273,Am Schöpfwerk U,24,348883
2025-10-18T00:00:39.942273,Alserbachstraße,17,345222
2025-10-18T00:00:39.942273,Alserbachstraße,17,345813
2025-10-18T00:00:39.942273,Alserbachstraße,17,345804
2025-10-18T00:00:39.942273,Alserbachstraße,17,345625
2025-10-18T00:00:39.942273,Alserbachstraße,17,346290
2025-10-18T00:00:39.942273,Alserbachstraße,17,346024
2025-10-18T00:00:39.942273,Alserbachstraße,17,346756
2025-10-18T00:00:39.942273,Alserbachstraße,17,346696
2025-10-18T00:00:39.942273,Alserbachstraße,17,346543
2025-10-18T00:00:39.942273,Alserbachstraße,17,346504
2025-10-18T00:00:39.942273,Alserbachstraße,17,347215
2025-10-18T00:00:39.942273,Alserbachstraße,17,347095
2025-10-18T00:00:39.942273,Alserbachstraße,17,347088
2025-10-18T00:00:39.942273,Alserbachstraße,17,348498
2025-10-18T00:00:39.942273,Alserbachstraße,17,348308
2025-10-18T00:00:39.942273,Alserbachstraße,17,398769
2025-10-18T00:00:39.942273,Alserbachstraße,17,398717
2025-10-18T00:00:39.942273,Petrusgasse,19,345439
2025-10-18T00:00:39.942273,Petrusgasse,19,345270
2025-10-18T00:00:39.942273,Petrusgasse,19,345969
2025-10-18T00:00:39.942273,Petrusgasse,19,345777
2025-10-18T00:00:39.942273,Petrusgasse,19,346354
2025-10-18T00:00:39.942273,Petrusgasse,19,346330
2025-10-18T00:00:39.942273,Petrusgasse,19,346212
2025-10-18T00:00:39.942273,Petrusgasse,19,346921
2025-10-18T00:00:39.942273,Petrusgasse,19,346894
2025-10-18T00:00:39.942273,Petrusgasse,19,347416
2025-10-18T00:00:39.942273,Petrusgasse,19,347976
2025-10-18T00:00:39.942273,Petrusgasse,19,347973
2025-10-18T00:00:39.942273,Petrusgasse,19,347895
2025-10-18T00:00:39.942273,Petrusgasse,19,347647
2025-10-18T00:00:39.942273,Petrusgasse,19,348221
2025-10-18T00:00:39.942273,Petrusgasse,19,348051
2025-10-18T00:00:39.942273,Petrusgasse,19,348574
2025-10-18T00:00:39.942273,Petrusgasse,19,398808
2025-10-18T00:00:39.942273,Petrusgasse,19,349092
2025-10-18T00:00:39.942273,Wassergasse,3,345795
2025-10-18T00:00:39.942273,Wassergasse,3,347956
2025-10-18T00:00:39.942273,Wassergasse,3,349003
2025-10-18T00:00:39.942273,Löwengasse,24,345432
2025-10-18T00:00:39.942273,Löwengasse,24,345206
2025-10-18T00:00:39.942273,Löwengasse,24,345109
2025-10-18T00:00:39.942273,Löwengasse,24,345834
2025-10-18T00:00:39.942273,Löwengasse,24,345827
2025-10-18T00:00:39.942273,Löwengasse,24,346361
2025-10-18T00:00:39.942273,Löwengasse,24,346348
2025-10-18T00:00:39.942273,Löwengasse,24,346175
2025-10-18T00:00:39.942273,Löwengasse,24,346136
2025-10-18T00:00:39.942273,Löwengasse,24,346094
2025-10-18T00:00:39.942273,Löwengasse,24,346809
2025-10-18T00:00:39.942273,Löwengasse,24,346562
2025-10-18T00:00:39.942273,Löwengasse,24,346559
2025-10-18T00:00:39.942273,Löwengasse,24,347276
2025-10-18T00:00:39.942273,Löwengasse,24,347875
2025-10-18T00:00:39.942273,Löwengasse,24,347825
2025-10-18T00:00:39.942273,Löwengasse,24,347683
2025-10-18T00:00:39.942273,Löwengasse,24,347608
2025-10-18T00:00:39.942273,Löwengasse,24,348329
2025-10-18T00:00:39.942273,Löwengasse,24,348314
2025-10-18T00:00:39.942273,Löwengasse,24,348587
2025-10-18T00:00:39.942273,Löwengasse,24,398857
2025-10-18T00:00:39.942273,Löwengasse,24,349082
2025-10-18T00:00:39.942273,Löwengasse,24,349170
2025-10-18T00:00:39.942273,Kardinal-Nagl-Platz U,19,345372
2025-10-18T00:00:39.942273,Kardinal-Nagl-Platz U,19,345233
2025-10-18T00:00:39.942273,Kardinal-Nagl-Platz U,19,345081
2025-10-18T00:00:39.942273,Kardinal-Nagl-Platz U,19,345034
2025-10-18T00:00:39.942273,Kardinal-Nagl-Platz U,19,345759
2025-10-18T00:00:39.942273,Kardinal-Nagl-Platz U,19,345569
2025-10-18T00:00:39.942273,Kardinal-Nagl-Platz U,19,346473
2025-10-18T00:00:39.942273,Kardinal-Nagl-Platz U,19,346446
2025-10-18T00:00:39.942273,Kardinal-Nagl-Platz U,19,346089
2025-10-18T00:00:39.942273,Kardinal-Nagl-Platz U,19,346660
2025-10-18T00:00:39.942273,Kardinal-Nagl-Platz U,19,347311
2025-10-18T00:00:39.942273,Kardinal-Nagl-Platz U,19,347981
2025-10-18T00:00:39.942273,Kardinal-Nagl-Platz U,19,348281
2025-10-18T00:00:39.942273,Kardinal-Nagl-Platz U,19,348703
2025-10-18T00:00:39.942273,Kardinal-Nagl-Platz U,19,348682
2025-10-18T00:00:39.942273,Kardinal-Nagl-Platz U,19,398780
2025-10-18T00:00:39.942273,Kardinal-Nagl-Platz U,19,349009
2025-10-18T00:00:39.942273,Kardinal-Nagl-Platz U,19,348922
2025-10-18T00:00:39.942273,Kardinal-Nagl-Platz U,19,398868
2025-10-18T00:00:39.942273,Kärntner Ring,14,345258
2025-10-18T00:00:39.942273,Kärntner Ring,14,346496
2025-10-18T00:00:39.942273,Kärntner Ring,14,346982
2025-10-18T00:00:39.942273,Kärntner Ring,14,346955
2025-10-18T00:00:39.942273,Kärntner Ring,14,346932
2025-10-18T00:00:39.942273,Kärntner Ring,14,346654
2025-10-18T00:00:39.942273,Kärntner Ring,14,346506
2025-10-18T00:00:39.942273,Kärntner Ring,14,348442
2025-10-18T00:00:39.942273,Kärntner Ring,14,348436
2025-10-18T00:00:39.942273,Kärntner Ring,14,348296
2025-10-18T00:00:39.942273,Kärntner Ring,14,348290
2025-10-18T00:00:39.942273,Kärntner Ring,14,348030
2025-10-18T00:00:39.942273,Kärntner Ring,14,348024
2025-10-18T00:00:39.942273,Kärntner Ring,14,398789
2025-10-18T00:00:39.942273,Schottenring U,28,345358
2025-10-18T00:00:39.942273,Schottenring U,28,345263
2025-10-18T00:00:39.942273,Schottenring U,28,345191
2025-10-18T00:00:39.942273,Schottenring U,28,345018
2025-10-18T00:00:39.942273,Schottenring U,28,345954
2025-10-18T00:00:39.942273,Schottenring U,28,345785
2025-10-18T00:00:39.942273,Schottenring U,28,345608
2025-10-18T00:00:39.942273,Schottenring U,28,345524
2025-10-18T00:00:39.942273,Schottenring U,28,346489
2025-10-18T00:00:39.942273,Schottenring U,28,346392
2025-10-18T00:00:39.942273,Schottenring U,28,346325
2025-10-18T00:00:39.942273,Schottenring U,28,346296
2025-10-18T00:00:39.942273,Schottenring U,28,346217
2025-10-18T00:00:39.942273,Schottenring U,28,346050
2025-10-18T00:00:39.942273,Schottenring U,28,346035
2025-10-18T00:00:39.942273,Schottenring U,28,346946
2025-10-18T00:00:39.942273,Schottenring U,28,346801
2025-10-18T00:00:39.942273,Schottenring U,28,347490
2025-10-18T00:00:39.942273,Schottenring U,28,347408
2025-10-18T00:00:39.942273,Schottenring U,28,347390
2025-10-18T00:00:39.942273,Schottenring U,28,347173
2025-10-18T00:00:39.942273,Schottenring U,28,347165
2025-10-18T00:00:39.942273,Schottenring U,28,347916
2025-10-18T00:00:39.942273,Schottenring U,28,347904
2025-10-18T00:00:39.942273,Schottenring U,28,347658
2025-10-18T00:00:39.942273,Schottenring U,28,348287
2025-10-18T00:00:39.942273,Schottenring U,28,348617
2025-10-18T00:00:39.942273,Schottenring U,28,348893
2025-10-18T00:00:39.942273,Strozzigasse,6,346373
2025-10-18T00:00:39.942273,Strozzigasse,6,346786
2025-10-18T00:00:39.942273,Strozzigasse,6,347235
2025-10-18T00:00:39.942273,Strozzigasse,6,347113
2025-10-18T00:00:39.942273,Strozzigasse,6,347521
2025-10-18T00:00:39.942273,Strozzigasse,6,348536
2025-10-18T00:00:39.942273,Yppengasse,12,345300
2025-10-18T00:00:39.942273,Yppengasse,12,345185
2025-10-18T00:00:39.942273,Yppengasse,12,345720
2025-10-18T00:00:39.942273,Yppengasse,12,346672
2025-10-18T00:00:39.942273,Yppengasse,12,346605
2025-10-18T00:00:39.942273,Yppengasse,12,346573
2025-10-18T00:00:39.942273,Yppengasse,12,347779
2025-10-18T00:00:39.942273,Yppengasse,12,348295
2025-10-18T00:00:39.942273,Yppengasse,12,348271
2025-10-18T00:00:39.942273,Yppengasse,12,348241
2025-10-18T00:00:39.942273,Yppengasse,12,348236
2025-10-18T00:00:39.942273,Yppengasse,12,348059
2025-10-18T00:00:39.942273,Stefan-Fadinger-Platz,3,345488
2025-10-18T00:00:39.942273,Stefan-Fadinger-Platz,3,348970
2025-10-18T00:00:39.942273,Stefan-Fadinger-Platz,3,348932
2025-10-18T00:00:39.942273,Brünnlbadgasse,3,345385
2025-10-18T00:00:39.942273,Brünnlbadgasse,3,345241
2025-10-18T00:00:39.942273,Brünnlbadgasse,3,347167
2025-10-18T00:00:39.942273,Obere Augartenstraße,10,345433
2025-10-18T00:00:39.942273,Obere Augartenstraße,10,345252
2025-10-18T00:00:39.942273,Obere Augartenstraße,10,346244
2025-10-18T00:00:39.942273,Obere Augartenstraße,10,346199
2025-10-18T00:00:39.942273,Obere Augartenstraße,10,347421
2025-10-18T00:00:39.942273,Obere Augartenstraße,10,347232
2025-10-18T00:00:39.942273,Obere Augartenstraße,10,347753
2025-10-18T00:00:39.942273,Obere Augartenstraße,10,347543
2025-10-18T00:00:39.942273,Obere Augartenstraße,10,398827
2025-10-18T00:00:39.942273,Obere Augartenstraße,10,349101
2025-10-18T00:00:39.942273,Gußhausstraße / Argentinierstraße,10,345016
2025-10-18T00:00:39.942273,Gußhausstraße / Argentinierstraße,10,345877
2025-10-18T00:00:39.942273,Gußhausstraße / Argentinierstraße,10,346983
2025-10-18T00:00:39.942273,Gußhausstraße / Argentinierstraße,10,347462
2025-10-18T00:00:39.942273,Gußhausstraße / Argentinierstraße,10,347014
2025-10-18T00:00:39.942273,Gußhausstraße / Argentinierstraße,10,347703
2025-10-18T00:00:39.942273,Gußhausstraße / Argentinierstraße,10,349010
2025-10-18T00:00:39.942273,Gußhausstraße / Argentinierstraße,10,348912
2025-10-18T00:00:39.942273,Gußhausstraße / Argentinierstraße,10,348894
2025-10-18T00:00:39.942273,Gußhausstraße / Argentinierstraße,10,398864
2025-10-18T00:00:39.942273,Marschallplatz,2,345485
2025-10-18T00:00:39.942273,Marschallplatz,2,347874
2025-10-18T00:00:39.942273,Ober St. Veit U,15,345346
2025-10-18T00:00:39.942273,Ober St. Veit U,15,345941
2025-10-18T00:00:39.942273,Ober St. Veit U,15,345747
2025-10-18T00:00:39.942273,Ober St. Veit U,15,346493
2025-10-18T00:00:39.942273,Ober St. Veit U,15,346110
2025-10-18T00:00:39.942273,Ober St. Veit U,15,346757
2025-10-18T00:00:39.942273,Ober St. Veit U,15,346723
2025-10-18T00:00:39.942273,Ober St. Veit U,15,347974
2025-10-18T00:00:39.942273,Ober St. Veit U,15,347765
2025-10-18T00:00:39.942273,Ober St. Veit U,15,348324
2025-10-18T00:00:39.942273,Ober St. Veit U,15,398846
2025-10-18T00:00:39.942273,Ober St. Veit U,15,398833
2025-10-18T00:00:39.942273,Ober St. Veit U,15,398762
2025-10-18T00:00:39.942273,Ober St. Veit U,15,348911
2025-10-18T00:00:39.942273,Ober St. Veit U,15,349116
2025-10-18T00:00:39.942273,Auf der Schmelz,22,345389
2025-10-18T00:00:39.942273,Auf der Schmelz,22,345341
2025-10-18T00:00:39.942273,Auf der Schmelz,22,345312
2025-10-18T00:00:39.942273,Auf der Schmelz,22,345246
2025-10-18T00:00:39.942273,Auf der Schmelz,22,345207
2025-10-18T00:00:39.942273,Auf der Schmelz,22,345192
2025-10-18T00:00:39.942273,Auf der Schmelz,22,345521
2025-10-18T00:00:39.942273,Auf der Schmelz,22,346378
2025-10-18T00:00:39.942273,Auf der Schmelz,22,346191
2025-10-18T00:00:39.942273,Auf der Schmelz,22,346567
2025-10-18T00:00:39.942273,Auf der Schmelz,22,346516
2025-10-18T00:00:39.942273,Auf der Schmelz,22,347136
2025-10-18T00:00:39.942273,Auf der Schmelz,22,347968
2025-10-18T00:00:39.942273,Auf der Schmelz,22,347847
2025-10-18T00:00:39.942273,Auf der Schmelz,22,347648
2025-10-18T00:00:39.942273,Auf der Schmelz,22,348278
2025-10-18T00:00:39.942273,Auf der Schmelz,22,348259
2025-10-18T00:00:39.942273,Auf der Schmelz,22,348174
2025-10-18T00:00:39.942273,Auf der Schmelz,22,348692
2025-10-18T00:00:39.942273,Auf der Schmelz,22,398821
2025-10-18T00:00:39.942273,Auf der Schmelz,22,349189
2025-10-18T00:00:39.942273,Auf der Schmelz,22,349180
2025-10-18T00:00:39.942273,Grimmgasse,26,345496
2025-10-18T00:00:39.942273,Grimmgasse,26,345484
2025-10-18T00:00:39.942273,Grimmgasse,26,345477
2025-10-18T00:00:39.942273,Grimmgasse,26,345408
2025-10-18T00:00:39.942273,Grimmgasse,26,345404
2025-10-18T00:00:39.942273,Grimmgasse,26,345203
2025-10-18T00:00:39.942273,Grimmgasse,26,345166
2025-10-18T00:00:39.942273,Grimmgasse,26,345646
2025-10-18T00:00:39.942273,Grimmgasse,26,345611
2025-10-18T00:00:39.942273,Grimmgasse,26,346445
2025-10-18T00:00:39.942273,Grimmgasse,26,346979
2025-10-18T00:00:39.942273,Grimmgasse,26,346623
2025-10-18T00:00:39.942273,Grimmgasse,26,347250
2025-10-18T00:00:39.942273,Grimmgasse,26,347210
2025-10-18T00:00:39.942273,Grimmgasse,26,347075
2025-10-18T00:00:39.942273,Grimmgasse,26,347965
2025-10-18T00:00:39.942273,Grimmgasse,26,347887
2025-10-18T00:00:39.942273,Grimmgasse,26,347783
2025-10-18T00:00:39.942273,Grimmgasse,26,347751
2025-10-18T00:00:39.942273,Grimmgasse,26,348439
2025-10-18T00:00:39.942273,Grimmgasse,26,348400
2025-10-18T00:00:39.942273,Grimmgasse,26,348379
2025-10-18T00:00:39.942273,Grimmgasse,26,348328
2025-10-18T00:00:39.942273,Grimmgasse,26,348041
2025-10-18T00:00:39.942273,Grimmgasse,26,398724
2025-10-18T00:00:39.942273,Grimmgasse,26,349007
2025-10-18T00:00:39.942273,Parhamerplatz,1,345675
2025-10-18T00:00:39.942273,Kendlerstraße U,26,345453
2025-10-18T00:00:39.942273,Kendlerstraße U,26,345441
2025-10-18T00:00:39.942273,Kendlerstraße U,26,345380
2025-10-18T00:00:39.942273,Kendlerstraße U,26,345348
2025-10-18T00:00:39.942273,Kendlerstraße U,26,345308
2025-10-18T00:00:39.942273,Kendlerstraße U,26,345126
2025-10-18T00:00:39.942273,Kendlerstraße U,26,345065
2025-10-18T00:00:39.942273,Kendlerstraße U,26,345992
2025-10-18T00:00:39.942273,Kendlerstraße U,26,345989
2025-10-18T00:00:39.942273,Kendlerstraße U,26,345642
2025-10-18T00:00:39.942273,Kendlerstraße U,26,346026
2025-10-18T00:00:39.942273,Kendlerstraße U,26,346007
2025-10-18T00:00:39.942273,Kendlerstraße U,26,346914
2025-10-18T00:00:39.942273,Kendlerstraße U,26,346887
2025-10-18T00:00:39.942273,Kendlerstraße U,26,346785
2025-10-18T00:00:39.942273,Kendlerstraße U,26,346772
2025-10-18T00:00:39.942273,Kendlerstraße U,26,346754
2025-10-18T00:00:39.942273,Kendlerstraße U,26,347091
2025-10-18T00:00:39.942273,Kendlerstraße U,26,347819
2025-10-18T00:00:39.942273,Kendlerstraße U,26,347611
2025-10-18T00:00:39.942273,Kendlerstraße U,26,348469
2025-10-18T00:00:39.942273,Kendlerstraße U,26,348302
2025-10-18T00:00:39.942273,Kendlerstraße U,26,348183
2025-10-18T00:00:39.942273,Kendlerstraße U,26,348149
2025-10-18T00:00:39.942273,Kendlerstraße U,26,349070
2025-10-18T00:00:39.942273,Kendlerstraße U,26,348803
2025-10-18T00:00:39.942273,Dornerplatz,4,346101
2025-10-18T00:00:39.942273,Dornerplatz,4,346981
2025-10-18T00:00:39.942273,Dornerplatz,4,346827
2025-10-18T00:00:39.942273,Dornerplatz,4,347207
2025-10-18T00:00:39.942273,Hernals S,22,345461
2025-10-18T00:00:39.942273,Hernals S,22,345927
2025-10-18T00:00:39.942273,Hernals S,22,345681
2025-10-18T00:00:39.942273,Hernals S,22,346951
2025-10-18T00:00:39.942273,Hernals S,22,346861
2025-10-18T00:00:39.942273,Hernals S,22,346777
2025-10-18T00:00:39.942273,Hernals S,22,346727
2025-10-18T00:00:39.942273,Hernals S,22,347483
2025-10-18T00:00:39.942273,Hernals S,22,347209
2025-10-18T00:00:39.942273,Hernals S,22,347038
2025-10-18T00:00:39.942273,Hernals S,22,347885
2025-10-18T00:00:39.942273,Hernals S,22,347852
2025-10-18T00:00:39.942273,Hernals S,22,347777
2025-10-18T00:00:39.942273,Hernals S,22,347642
2025-10-18T00:00:39.942273,Hernals S,22,347572
2025-10-18T00:00:39.942273,Hernals S,22,348468
2025-10-18T00:00:39.942273,Hernals S,22,348286
2025-10-18T00:00:39.942273,Hernals S,22,348175
2025-10-18T00:00:39.942273,Hernals S,22,348128
2025-10-18T00:00:39.942273,Hernals S,22,348685
2025-10-18T00:00:39.942273,Hernals S,22,348553
2025-10-18T00:00:39.942273,Hernals S,22,349110
2025-10-18T00:00:39.942273,Schmelzbrücke,6,345910
2025-10-18T00:00:39.942273,Schmelzbrücke,6,345567
2025-10-18T00:00:39.942273,Schmelzbrücke,6,345518
2025-10-18T00:00:39.942273,Schmelzbrücke,6,346705
2025-10-18T00:00:39.942273,Schmelzbrücke,6,347030
2025-10-18T00:00:39.942273,Schmelzbrücke,6,347728
2025-10-18T00:00:39.942273,Michelbeuern-AKH U,5,346160
2025-10-18T00:00:39.942273,Michelbeuern-AKH U,5,346750
2025-10-18T00:00:39.942273,Michelbeuern-AKH U,5,347429
2025-10-18T00:00:39.942273,Michelbeuern-AKH U,5,347773
2025-10-18T00:00:39.942273,Michelbeuern-AKH U,5,347545
2025-10-18T00:00:39.942273,Johann-Nepomuk-Vogl-Platz,5,345101
2025-10-18T00:00:39.942273,Johann-Nepomuk-Vogl-Platz,5,345891
2025-10-18T00:00:39.942273,Johann-Nepomuk-Vogl-Platz,5,347994
2025-10-18T00:00:39.942273,Johann-Nepomuk-Vogl-Platz,5,347558
2025-10-18T00:00:39.942273,Johann-Nepomuk-Vogl-Platz,5,348133
2025-10-18T00:00:39.942273,Mayerhofgasse,26,345394
2025-10-18T00:00:39.942273,Mayerhofgasse,26,345181
2025-10-18T00:00:39.942273,Mayerhofgasse,26,345157
2025-10-18T00:00:39.942273,Mayerhofgasse,26,345603
2025-10-18T00:00:39.942273,Mayerhofgasse,26,346187
2025-10-18T00:00:39.942273,Mayerhofgasse,26,346795
2025-10-18T00:00:39.942273,Mayerhofgasse,26,346607
2025-10-18T00:00:39.942273,Mayerhofgasse,26,347370
2025-10-18T00:00:39.942273,Mayerhofgasse,26,347328
2025-10-18T00:00:39.942273,Mayerhofgasse,26,347196
2025-10-18T00:00:39.942273,Mayerhofgasse,26,347042
2025-10-18T00:00:39.942273,Mayerhofgasse,26,347810
2025-10-18T00:00:39.942273,Mayerhofgasse,26,347665
2025-10-18T00:00:39.942273,Mayerhofgasse,26,347636
2025-10-18T00:00:39.942273,Mayerhofgasse,26,347510
2025-10-18T00:00:39.942273,Mayerhofgasse,26,347506
2025-10-18T00:00:39.942273,Mayerhofgasse,26,348459
2025-10-18T00:00:39.942273,Mayerhofgasse,26,348421
2025-10-18T00:00:39.942273,Mayerhofgasse,26,348269
2025-10-18T00:00:39.942273,Mayerhofgasse,26,348107
2025-10-18T00:00:39.942273,Mayerhofgasse,26,348698
2025-10-18T00:00:39.942273,Mayerhofgasse,26,348651
2025-10-18T00:00:39.942273,Mayerhofgasse,26,348628
2025-10-18T00:00:39.942273,Mayerhofgasse,26,348579
2025-10-18T00:00:39.942273,Mayerhofgasse,26,348926
2025-10-18T00:00:39.942273,Mayerhofgasse,26,348856
2025-10-18T00:00:39.942273,Westbahnstraße / Schottenfeldgasse,1,348395
2025-10-18T00:00:39.942273,Vorgartenstraße U,17,345066
2025-10-18T00:00:39.942273,Vorgartenstraße U,17,345707
2025-10-18T00:00:39.942273,Vorgartenstraße U,17,346068
2025-10-18T00:00:39.942273,Vorgartenstraße U,17,347295
2025-10-18T00:00:39.942273,Vorgartenstraße U,17,347189
2025-10-18T00:00:39.942273,Vorgartenstraße U,17,347145
2025-10-18T00:00:39.942273,Vorgartenstraße U,17,347022
2025-10-18T00:00:39.942273,Vorgartenstraße U,17,348416
2025-10-18T00:00:39.942273,Vorgartenstraße U,17,348336
2025-10-18T00:00:39.942273,Vorgartenstraße U,17,348237
2025-10-18T00:00:39.942273,Vorgartenstraße U,17,348150
2025-10-18T00:00:39.942273,Vorgartenstraße U,17,348077
2025-10-18T00:00:39.942273,Vorgartenstraße U,17,348043
2025-10-18T00:00:39.942273,Vorgartenstraße U,17,348027
2025-10-18T00:00:39.942273,Vorgartenstraße U,17,348544
2025-10-18T00:00:39.942273,Vorgartenstraße U,17,349148
2025-10-18T00:00:39.942273,Vorgartenstraße U,17,349144
2025-10-18T00:00:39.942273,Krieau U,13,345107
2025-10-18T00:00:39.942273,Krieau U,13,345038
2025-10-18T00:00:39.942273,Krieau U,13,346328
2025-10-18T00:00:39.942273,Krieau U,13,346249
2025-10-18T00:00:39.942273,Krieau U,13,346622
2025-10-18T00:00:39.942273,Krieau U,13,347106
2025-10-18T00:00:39.942273,Krieau U,13,347072
2025-10-18T00:00:39.942273,Krieau U,13,348419
2025-10-18T00:00:39.942273,Krieau U,13,348048
2025-10-18T00:00:39.942273,Krieau U,13,348704
2025-10-18T00:00:39.942273,Krieau U,13,398736
2025-10-18T00:00:39.942273,Krieau U,13,349016
2025-10-18T00:00:39.942273,Krieau U,13,348933
2025-10-18T00:00:39.942273,Ottakring S U,15,345294
2025-10-18T00:00:39.942273,Ottakring S U,15,345076
2025-10-18T00:00:39.942273,Ottakring S U,15,345741
2025-10-18T00:00:39.942273,Ottakring S U,15,346945
2025-10-18T00:00:39.942273,Ottakring S U,15,346931
2025-10-18T00:00:39.942273,Ottakring S U,15,346836
2025-10-18T00:00:39.942273,Ottakring S U,15,346568
2025-10-18T00:00:39.942273,Ottakring S U,15,346509
2025-10-18T00:00:39.942273,Ottakring S U,15,347314
2025-10-18T00:00:39.942273,Ottakring S U,15,347643
2025-10-18T00:00:39.942273,Ottakring S U,15,348343
2025-10-18T00:00:39.942273,Ottakring S U,15,348294
2025-10-18T00:00:39.942273,Ottakring S U,15,348184
2025-10-18T00:00:39.942273,Ottakring S U,15,348047
2025-10-18T00:00:39.942273,Ottakring S U,15,348641
2025-10-18T00:00:39.942273,Hartmanngasse ,15,345493
2025-10-18T00:00:39.942273,Hartmanngasse ,15,345072
2025-10-18T00:00:39.942273,Hartmanngasse ,15,345953
2025-10-18T00:00:39.942273,Hartmanngasse ,15,345814
2025-10-18T00:00:39.942273,Hartmanngasse ,15,345715
2025-10-18T00:00:39.942273,Hartmanngasse ,15,345617
2025-10-18T00:00:39.942273,Hartmanngasse ,15,346867
2025-10-18T00:00:39.942273,Hartmanngasse ,15,347351
2025-10-18T00:00:39.942273,Hartmanngasse ,15,347336
2025-10-18T00:00:39.942273,Hartmanngasse ,15,347227
2025-10-18T00:00:39.942273,Hartmanngasse ,15,347944
2025-10-18T00:00:39.942273,Hartmanngasse ,15,347932
2025-10-18T00:00:39.942273,Hartmanngasse ,15,348350
2025-10-18T00:00:39.942273,Hartmanngasse ,15,348876
2025-10-18T00:00:39.942273,Hartmanngasse ,15,348870
2025-10-18T00:00:39.942273,Messe-Prater U,12,345261
2025-10-18T00:00:39.942273,Messe-Prater U,12,345035
2025-10-18T00:00:39.942273,Messe-Prater U,12,345977
2025-10-18T00:00:39.942273,Messe-Prater U,12,345797
2025-10-18T00:00:39.942273,Messe-Prater U,12,346826
2025-10-18T00:00:39.942273,Messe-Prater U,12,346649
2025-10-18T00:00:39.942273,Messe-Prater U,12,346514
2025-10-18T00:00:39.942273,Messe-Prater U,12,347337
2025-10-18T00:00:39.942273,Messe-Prater U,12,347003
2025-10-18T00:00:39.942273,Messe-Prater U,12,347635
2025-10-18T00:00:39.942273,Messe-Prater U,12,348493
2025-10-18T00:00:39.942273,Messe-Prater U,12,348965
2025-10-18T00:00:39.942273,Rosensteingasse,16,345255
2025-10-18T00:00:39.942273,Rosensteingasse,16,345209
2025-10-18T00:00:39.942273,Rosensteingasse,16,345142
2025-10-18T00:00:39.942273,Rosensteingasse,16,345881
2025-10-18T00:00:39.942273,Rosensteingasse,16,345866
2025-10-18T00:00:39.942273,Rosensteingasse,16,345674
2025-10-18T00:00:39.942273,Rosensteingasse,16,346497
2025-10-18T00:00:39.942273,Rosensteingasse,16,346397
2025-10-18T00:00:39.942273,Rosensteingasse,16,346902
2025-10-18T00:00:39.942273,Rosensteingasse,16,346630
2025-10-18T00:00:39.942273,Rosensteingasse,16,346598
2025-10-18T00:00:39.942273,Rosensteingasse,16,347274
2025-10-18T00:00:39.942273,Rosensteingasse,16,347950
2025-10-18T00:00:39.942273,Rosensteingasse,16,347823
2025-10-18T00:00:39.942273,Rosensteingasse,16,348438
2025-10-18T00:00:39.942273,Rosensteingasse,16,348427
2025-10-18T00:00:39.942273,Gumpendorfer Gürtel,28,345458
2025-10-18T00:00:39.942273,Gumpendorfer Gürtel,28,345327
2025-10-18T00:00:39.942273,Gumpendorfer Gürtel,28,345118
2025-10-18T00:00:39.942273,Gumpendorfer Gürtel,28,345869
2025-10-18T00:00:39.942273,Gumpendorfer Gürtel,28,345860
2025-10-18T00:00:39.942273,Gumpendorfer Gürtel,28,346465
2025-10-18T00:00:39.942273,Gumpendorfer Gürtel,28,346417
2025-10-18T00:00:39.942273,Gumpendorfer Gürtel,28,346357
2025-10-18T00:00:39.942273,Gumpendorfer Gürtel,28,346248
2025-10-18T00:00:39.942273,Gumpendorfer Gürtel,28,346226
2025-10-18T00:00:39.942273,Gumpendorfer Gürtel,28,346107
2025-10-18T00:00:39.942273,Gumpendorfer Gürtel,28,346081
2025-10-18T00:00:39.942273,Gumpendorfer Gürtel,28,346077
2025-10-18T00:00:39.942273,Gumpendorfer Gürtel,28,346042
2025-10-18T00:00:39.942273,Gumpendorfer Gürtel,28,346925
2025-10-18T00:00:39.942273,Gumpendorfer Gürtel,28,346883
2025-10-18T00:00:39.942273,Gumpendorfer Gürtel,28,346854
2025-10-18T00:00:39.942273,Gumpendorfer Gürtel,28,346659
2025-10-18T00:00:39.942273,Gumpendorfer Gürtel,28,347221
2025-10-18T00:00:39.942273,Gumpendorfer Gürtel,28,347138
2025-10-18T00:00:39.942273,Gumpendorfer Gürtel,28,347957
2025-10-18T00:00:39.942273,Gumpendorfer Gürtel,28,347780
2025-10-18T00:00:39.942273,Gumpendorfer Gürtel,28,347742
2025-10-18T00:00:39.942273,Gumpendorfer Gürtel,28,347613
2025-10-18T00:00:39.942273,Gumpendorfer Gürtel,28,348472
2025-10-18T00:00:39.942273,Gumpendorfer Gürtel,28,348404
2025-10-18T00:00:39.942273,Gumpendorfer Gürtel,28,348120
2025-10-18T00:00:39.942273,Gumpendorfer Gürtel,28,348054
2025-10-18T00:00:39.942273,Burggasse-Stadthalle U,1,346219
2025-10-18T00:00:39.942273,Urban-Loritz-Platz,12,345899
2025-10-18T00:00:39.942273,Urban-Loritz-Platz,12,345867
2025-10-18T00:00:39.942273,Urban-Loritz-Platz,12,345587
2025-10-18T00:00:39.942273,Urban-Loritz-Platz,12,346117
2025-10-18T00:00:39.942273,Urban-Loritz-Platz,12,346936
2025-10-18T00:00:39.942273,Urban-Loritz-Platz,12,346601
2025-10-18T00:00:39.942273,Urban-Loritz-Platz,12,347414
2025-10-18T00:00:39.942273,Urban-Loritz-Platz,12,347121
2025-10-18T00:00:39.942273,Urban-Loritz-Platz,12,347010
2025-10-18T00:00:39.942273,Urban-Loritz-Platz,12,348358
2025-10-18T00:00:39.942273,Urban-Loritz-Platz,12,348277
2025-10-18T00:00:39.942273,Urban-Loritz-Platz,12,348998
2025-10-18T00:00:39.942273,Hanusch Krankenhaus,10,345653
2025-10-18T00:00:39.942273,Hanusch Krankenhaus,10,347551
2025-10-18T00:00:39.942273,Hanusch Krankenhaus,10,348130
2025-10-18T00:00:39.942273,Hanusch Krankenhaus,10,348642
2025-10-18T00:00:39.942273,Hanusch Krankenhaus,10,349100
2025-10-18T00:00:39.942273,Hanusch Krankenhaus,10,349049
2025-10-18T00:00:39.942273,Hanusch Krankenhaus,10,348907
2025-10-18T00:00:39.942273,Hanusch Krankenhaus,10,348862
2025-10-18T00:00:39.942273,Hanusch Krankenhaus,10,348807
2025-10-18T00:00:39.942273,Hanusch Krankenhaus,10,349149
2025-10-18T00:00:39.942273,Westbahnhof S U / Gerstnerstraße,17,345356
2025-10-18T00:00:39.942273,Westbahnhof S U / Gerstnerstraße,17,345267
2025-10-18T00:00:39.942273,Westbahnhof S U / Gerstnerstraße,17,345144
2025-10-18T00:00:39.942273,Westbahnhof S U / Gerstnerstraße,17,345134
2025-10-18T00:00:39.942273,Westbahnhof S U / Gerstnerstraße,17,345008
2025-10-18T00:00:39.942273,Westbahnhof S U / Gerstnerstraße,17,345810
2025-10-18T00:00:39.942273,Westbahnhof S U / Gerstnerstraße,17,345612
2025-10-18T00:00:39.942273,Westbahnhof S U / Gerstnerstraße,17,345523
2025-10-18T00:00:39.942273,Westbahnhof S U / Gerstnerstraße,17,346964
2025-10-18T00:00:39.942273,Westbahnhof S U / Gerstnerstraße,17,346819
2025-10-18T00:00:39.942273,Westbahnhof S U / Gerstnerstraße,17,347441
2025-10-18T00:00:39.942273,Westbahnhof S U / Gerstnerstraße,17,347130
2025-10-18T00:00:39.942273,Westbahnhof S U / Gerstnerstraße,17,347804
2025-10-18T00:00:39.942273,Westbahnhof S U / Gerstnerstraße,17,347744
2025-10-18T00:00:39.942273,Westbahnhof S U / Gerstnerstraße,17,347523
2025-10-18T00:00:39.942273,Westbahnhof S U / Gerstnerstraße,17,348177
2025-10-18T00:00:39.942273,Westbahnhof S U / Gerstnerstraße,17,348946
2025-10-18T00:00:39.942273,Wieningerplatz,18,345360
2025-10-18T00:00:39.942273,Wieningerplatz,18,345171
2025-10-18T00:00:39.942273,Wieningerplatz,18,345882
2025-10-18T00:00:39.942273,Wieningerplatz,18,345833
2025-10-18T00:00:39.942273,Wieningerplatz,18,345811
2025-10-18T00:00:39.942273,Wieningerplatz,18,346183
2025-10-18T00:00:39.942273,Wieningerplatz,18,346153
2025-10-18T00:00:39.942273,Wieningerplatz,18,346140
2025-10-18T00:00:39.942273,Wieningerplatz,18,346055
2025-10-18T00:00:39.942273,Wieningerplatz,18,346713
2025-10-18T00:00:39.942273,Wieningerplatz,18,346591
2025-10-18T00:00:39.942273,Wieningerplatz,18,347471
2025-10-18T00:00:39.942273,Wieningerplatz,18,347359
2025-10-18T00:00:39.942273,Wieningerplatz,18,347239
2025-10-18T00:00:39.942273,Wieningerplatz,18,348494
2025-10-18T00:00:39.942273,Wieningerplatz,18,348132
2025-10-18T00:00:39.942273,Wieningerplatz,18,348671
2025-10-18T00:00:39.942273,Wieningerplatz,18,348588
2025-10-18T00:00:39.942273,Markgraf-Rüdiger Straße,13,345761
2025-10-18T00:00:39.942273,Markgraf-Rüdiger Straße,13,346383
2025-10-18T00:00:39.942273,Markgraf-Rüdiger Straße,13,346129
2025-10-18T00:00:39.942273,Markgraf-Rüdiger Straße,13,346740
2025-10-18T00:00:39.942273,Markgraf-Rüdiger Straße,13,346554
2025-10-18T00:00:39.942273,Markgraf-Rüdiger Straße,13,347289
2025-10-18T00:00:39.942273,Markgraf-Rüdiger Straße,13,347199
2025-10-18T00:00:39.942273,Markgraf-Rüdiger Straße,13,347878
2025-10-18T00:00:39.942273,Markgraf-Rüdiger Straße,13,348181
2025-10-18T00:00:39.942273,Markgraf-Rüdiger Straße,13,348119
2025-10-18T00:00:39.942273,Markgraf-Rüdiger Straße,13,348089
2025-10-18T00:00:39.942273,Markgraf-Rüdiger Straße,13,348012
2025-10-18T00:00:39.942273,Markgraf-Rüdiger Straße,13,349174
2025-10-18T00:00:39.942273,Plunkergasse,10,345419
2025-10-18T00:00:39.942273,Plunkergasse,10,345177
2025-10-18T00:00:39.942273,Plunkergasse,10,345705
2025-10-18T00:00:39.942273,Plunkergasse,10,346739
2025-10-18T00:00:39.942273,Plunkergasse,10,347009
2025-10-18T00:00:39.942273,Plunkergasse,10,347638
2025-10-18T00:00:39.942273,Plunkergasse,10,348374
2025-10-18T00:00:39.942273,Plunkergasse,10,348071
2025-10-18T00:00:39.942273,Plunkergasse,10,348066
2025-10-18T00:00:39.942273,Plunkergasse,10,348670
2025-10-18T00:00:39.942273,Selzergasse,5,347910
2025-10-18T00:00:39.942273,Selzergasse,5,347801
2025-10-18T00:00:39.942273,Selzergasse,5,348209
2025-10-18T00:00:39.942273,Selzergasse,5,349078
2025-10-18T00:00:39.942273,Selzergasse,5,349055
2025-10-18T00:00:39.942273,Westbahnhof S U / Felberstraße,22,345457
2025-10-18T00:00:39.942273,Westbahnhof S U / Felberstraße,22,345067
2025-10-18T00:00:39.942273,Westbahnhof S U / Felberstraße,22,345988
2025-10-18T00:00:39.942273,Westbahnhof S U / Felberstraße,22,345920
2025-10-18T00:00:39.942273,Westbahnhof S U / Felberstraße,22,345861
2025-10-18T00:00:39.942273,Westbahnhof S U / Felberstraße,22,345717
2025-10-18T00:00:39.942273,Westbahnhof S U / Felberstraße,22,345591
2025-10-18T00:00:39.942273,Westbahnhof S U / Felberstraße,22,346300
2025-10-18T00:00:39.942273,Westbahnhof S U / Felberstraße,22,346284
2025-10-18T00:00:39.942273,Westbahnhof S U / Felberstraße,22,346253
2025-10-18T00:00:39.942273,Westbahnhof S U / Felberstraße,22,346043
2025-10-18T00:00:39.942273,Westbahnhof S U / Felberstraße,22,346036
2025-10-18T00:00:39.942273,Westbahnhof S U / Felberstraße,22,346839
2025-10-18T00:00:39.942273,Westbahnhof S U / Felberstraße,22,346677
2025-10-18T00:00:39.942273,Westbahnhof S U / Felberstraße,22,347224
2025-10-18T00:00:39.942273,Westbahnhof S U / Felberstraße,22,347105
2025-10-18T00:00:39.942273,Westbahnhof S U / Felberstraße,22,347966
2025-10-18T00:00:39.942273,Westbahnhof S U / Felberstraße,22,348386
2025-10-18T00:00:39.942273,Westbahnhof S U / Felberstraße,22,398729
2025-10-18T00:00:39.942273,Westbahnhof S U / Felberstraße,22,349046
2025-10-18T00:00:39.942273,Westbahnhof S U / Felberstraße,22,348872
2025-10-18T00:00:39.942273,Westbahnhof S U / Felberstraße,22,348820
2025-10-18T00:00:39.942273,Kundratstraße,13,345402
2025-10-18T00:00:39.942273,Kundratstraße,13,345918
2025-10-18T00:00:39.942273,Kundratstraße,13,345771
2025-10-18T00:00:39.942273,Kundratstraße,13,345586
2025-10-18T00:00:39.942273,Kundratstraße,13,346374
2025-10-18T00:00:39.942273,Kundratstraße,13,346072
2025-10-18T00:00:39.942273,Kundratstraße,13,346895
2025-10-18T00:00:39.942273,Kundratstraße,13,347218
2025-10-18T00:00:39.942273,Kundratstraße,13,347140
2025-10-18T00:00:39.942273,Kundratstraße,13,347557
2025-10-18T00:00:39.942273,Kundratstraße,13,348322
2025-10-18T00:00:39.942273,Kundratstraße,13,348535
2025-10-18T00:00:39.942273,Kundratstraße,13,349106
2025-10-18T00:00:39.942273,Arthaberplatz,14,345397
2025-10-18T00:00:39.942273,Arthaberplatz,14,345908
2025-10-18T00:00:39.942273,Arthaberplatz,14,346396
2025-10-18T00:00:39.942273,Arthaberplatz,14,346128
2025-10-18T00:00:39.942273,Arthaberplatz,14,346045
2025-10-18T00:00:39.942273,Arthaberplatz,14,346037
2025-10-18T00:00:39.942273,Arthaberplatz,14,346831
2025-10-18T00:00:39.942273,Arthaberplatz,14,346632
2025-10-18T00:00:39.942273,Arthaberplatz,14,346533
2025-10-18T00:00:39.942273,Arthaberplatz,14,347319
2025-10-18T00:00:39.942273,Arthaberplatz,14,347258
2025-10-18T00:00:39.942273,Arthaberplatz,14,347813
2025-10-18T00:00:39.942273,Arthaberplatz,14,347732
2025-10-18T00:00:39.942273,Arthaberplatz,14,347626
2025-10-18T00:00:39.942273,Karmeliterplatz,17,345452
2025-10-18T00:00:39.942273,Karmeliterplatz,17,345383
2025-10-18T00:00:39.942273,Karmeliterplatz,17,345369
2025-10-18T00:00:39.942273,Karmeliterplatz,17,346481
2025-10-18T00:00:39.942273,Karmeliterplatz,17,346433
2025-10-18T00:00:39.942273,Karmeliterplatz,17,346144
2025-10-18T00:00:39.942273,Karmeliterplatz,17,346939
2025-10-18T00:00:39.942273,Karmeliterplatz,17,346842
2025-10-18T00:00:39.942273,Karmeliterplatz,17,346824
2025-10-18T00:00:39.942273,Karmeliterplatz,17,347445
2025-10-18T00:00:39.942273,Karmeliterplatz,17,347015
2025-10-18T00:00:39.942273,Karmeliterplatz,17,348473
2025-10-18T00:00:39.942273,Karmeliterplatz,17,348142
2025-10-18T00:00:39.942273,Karmeliterplatz,17,348070
2025-10-18T00:00:39.942273,Karmeliterplatz,17,348802
2025-10-18T00:00:39.942273,Karmeliterplatz,17,349154
2025-10-18T00:00:39.942273,Karmeliterplatz,17,349123
2025-10-18T00:00:39.942273,Fröbelgasse,23,345301
2025-10-18T00:00:39.942273,Fröbelgasse,23,345174
2025-10-18T00:00:39.942273,Fröbelgasse,23,345146
2025-10-18T00:00:39.942273,Fröbelgasse,23,345079
2025-10-18T00:00:39.942273,Fröbelgasse,23,345071
2025-10-18T00:00:39.942273,Fröbelgasse,23,345983
2025-10-18T00:00:39.942273,Fröbelgasse,23,345864
2025-10-18T00:00:39.942273,Fröbelgasse,23,345729
2025-10-18T00:00:39.942273,Fröbelgasse,23,345542
2025-10-18T00:00:39.942273,Fröbelgasse,23,346309
2025-10-18T00:00:39.942273,Fröbelgasse,23,346791
2025-10-18T00:00:39.942273,Fröbelgasse,23,346729
2025-10-18T00:00:39.942273,Fröbelgasse,23,347213
2025-10-18T00:00:39.942273,Fröbelgasse,23,347856
2025-10-18T00:00:39.942273,Fröbelgasse,23,347550
2025-10-18T00:00:39.942273,Fröbelgasse,23,347540
2025-10-18T00:00:39.942273,Fröbelgasse,23,348112
2025-10-18T00:00:39.942273,Fröbelgasse,23,348636
2025-10-18T00:00:39.942273,Fröbelgasse,23,348549
2025-10-18T00:00:39.942273,Fröbelgasse,23,349099
2025-10-18T00:00:39.942273,Fröbelgasse,23,348841
2025-10-18T00:00:39.942273,Fröbelgasse,23,348827
2025-10-18T00:00:39.942273,Fröbelgasse,23,349157
2025-10-18T00:00:39.942273,Reumannplatz U,15,345139
2025-10-18T00:00:39.942273,Reumannplatz U,15,345958
2025-10-18T00:00:39.942273,Reumannplatz U,15,346691
2025-10-18T00:00:39.942273,Reumannplatz U,15,347499
2025-10-18T00:00:39.942273,Reumannplatz U,15,347176
2025-10-18T00:00:39.942273,Reumannplatz U,15,347748
2025-10-18T00:00:39.942273,Reumannplatz U,15,347711
2025-10-18T00:00:39.942273,Reumannplatz U,15,347686
2025-10-18T00:00:39.942273,Reumannplatz U,15,348435
2025-10-18T00:00:39.942273,Reumannplatz U,15,348392
2025-10-18T00:00:39.942273,Reumannplatz U,15,348334
2025-10-18T00:00:39.942273,Reumannplatz U,15,348274
2025-10-18T00:00:39.942273,Reumannplatz U,15,348148
2025-10-18T00:00:39.942273,Reumannplatz U,15,349059
2025-10-18T00:00:39.942273,Reumannplatz U,15,349036
2025-10-18T00:00:39.942273,Brestelgasse,14,345088
2025-10-18T00:00:39.942273,Brestelgasse,14,345967
2025-10-18T00:00:39.942273,Brestelgasse,14,345924
2025-10-18T00:00:39.942273,Brestelgasse,14,346241
2025-10-18T00:00:39.942273,Brestelgasse,14,346886
2025-10-18T00:00:39.942273,Brestelgasse,14,346793
2025-10-18T00:00:39.942273,Brestelgasse,14,347382
2025-10-18T00:00:39.942273,Brestelgasse,14,347002
2025-10-18T00:00:39.942273,Brestelgasse,14,347953
2025-10-18T00:00:39.942273,Brestelgasse,14,347827
2025-10-18T00:00:39.942273,Brestelgasse,14,347645
2025-10-18T00:00:39.942273,Brestelgasse,14,347504
2025-10-18T00:00:39.942273,Brestelgasse,14,348137
2025-10-18T00:00:39.942273,Brestelgasse,14,348102
2025-10-18T00:00:39.942273,Thaliastraße U,22,345347
2025-10-18T00:00:39.942273,Thaliastraße U,22,345318
2025-10-18T00:00:39.942273,Thaliastraße U,22,345155
2025-10-18T00:00:39.942273,Thaliastraße U,22,345872
2025-10-18T00:00:39.942273,Thaliastraße U,22,345568
2025-10-18T00:00:39.942273,Thaliastraße U,22,346258
2025-10-18T00:00:39.942273,Thaliastraße U,22,346899
2025-10-18T00:00:39.942273,Thaliastraße U,22,346730
2025-10-18T00:00:39.942273,Thaliastraße U,22,346521
2025-10-18T00:00:39.942273,Thaliastraße U,22,347401
2025-10-18T00:00:39.942273,Thaliastraße U,22,347267
2025-10-18T00:00:39.942273,Thaliastraße U,22,347175
2025-10-18T00:00:39.942273,Thaliastraße U,22,347163
2025-10-18T00:00:39.942273,Thaliastraße U,22,347942
2025-10-18T00:00:39.942273,Thaliastraße U,22,347850
2025-10-18T00:00:39.942273,Thaliastraße U,22,347831
2025-10-18T00:00:39.942273,Thaliastraße U,22,347721
2025-10-18T00:00:39.942273,Thaliastraße U,22,348145
2025-10-18T00:00:39.942273,Thaliastraße U,22,398793
2025-10-18T00:00:39.942273,Thaliastraße U,22,349006
2025-10-18T00:00:39.942273,Thaliastraße U,22,349190
2025-10-18T00:00:39.942273,Thaliastraße U,22,349146
2025-10-18T00:00:39.942273,Nussdorfer Straße U,19,345794
2025-10-18T00:00:39.942273,Nussdorfer Straße U,19,345775
2025-10-18T00:00:39.942273,Nussdorfer Straße U,19,346476
2025-10-18T00:00:39.942273,Nussdorfer Straße U,19,346336
2025-10-18T00:00:39.942273,Nussdorfer Straße U,19,346213
2025-10-18T00:00:39.942273,Nussdorfer Straße U,19,346100
2025-10-18T00:00:39.942273,Nussdorfer Straße U,19,346900
2025-10-18T00:00:39.942273,Nussdorfer Straße U,19,346661
2025-10-18T00:00:39.942273,Nussdorfer Straße U,19,346618
2025-10-18T00:00:39.942273,Nussdorfer Straße U,19,346583
2025-10-18T00:00:39.942273,Nussdorfer Straße U,19,346544
2025-10-18T00:00:39.942273,Nussdorfer Straße U,19,347304
2025-10-18T00:00:39.942273,Nussdorfer Straße U,19,347995
2025-10-18T00:00:39.942273,Nussdorfer Straße U,19,347687
2025-10-18T00:00:39.942273,Nussdorfer Straße U,19,348372
2025-10-18T00:00:39.942273,Nussdorfer Straße U,19,348202
2025-10-18T00:00:39.942273,Nussdorfer Straße U,19,348078
2025-10-18T00:00:39.942273,Nussdorfer Straße U,19,398735
2025-10-18T00:00:39.942273,Nussdorfer Straße U,19,398720
2025-10-18T00:00:39.942273,Elterleinplatz,5,345376
2025-10-18T00:00:39.942273,Elterleinplatz,5,347039
2025-10-18T00:00:39.942273,Elterleinplatz,5,348190
2025-10-18T00:00:39.942273,Elterleinplatz,5,348635
2025-10-18T00:00:39.942273,Elterleinplatz,5,348555
2025-10-18T00:00:39.942273,Canisiusgasse,12,345466
2025-10-18T00:00:39.942273,Canisiusgasse,12,345260
2025-10-18T00:00:39.942273,Canisiusgasse,12,345841
2025-10-18T00:00:39.942273,Canisiusgasse,12,345532
2025-10-18T00:00:39.942273,Canisiusgasse,12,346906
2025-10-18T00:00:39.942273,Canisiusgasse,12,347834
2025-10-18T00:00:39.942273,Canisiusgasse,12,348389
2025-10-18T00:00:39.942273,Canisiusgasse,12,348361
2025-10-18T00:00:39.942273,Canisiusgasse,12,348166
2025-10-18T00:00:39.942273,Canisiusgasse,12,398758
2025-10-18T00:00:39.942273,Canisiusgasse,12,398722
2025-10-18T00:00:39.942273,Canisiusgasse,12,349021
2025-10-18T00:00:39.942273,Meidling S U / Schedifkaplatz,2,345085
2025-10-18T00:00:39.942273,Meidling S U / Schedifkaplatz,2,347268
2025-10-18T00:00:39.942273,Palffygasse,10,345876
2025-10-18T00:00:39.942273,Palffygasse,10,345843
2025-10-18T00:00:39.942273,Palffygasse,10,345817
2025-10-18T00:00:39.942273,Palffygasse,10,346478
2025-10-18T00:00:39.942273,Palffygasse,10,346457
2025-10-18T00:00:39.942273,Palffygasse,10,346386
2025-10-18T00:00:39.942273,Palffygasse,10,346243
2025-10-18T00:00:39.942273,Palffygasse,10,346726
2025-10-18T00:00:39.942273,Palffygasse,10,346645
2025-10-18T00:00:39.942273,Palffygasse,10,347054
2025-10-18T00:00:39.942273,Gersthof S,16,345062
2025-10-18T00:00:39.942273,Gersthof S,16,345686
2025-10-18T00:00:39.942273,Gersthof S,16,346202
2025-10-18T00:00:39.942273,Gersthof S,16,346164
2025-10-18T00:00:39.942273,Gersthof S,16,346156
2025-10-18T00:00:39.942273,Gersthof S,16,346843
2025-10-18T00:00:39.942273,Gersthof S,16,346699
2025-10-18T00:00:39.942273,Gersthof S,16,347008
2025-10-18T00:00:39.942273,Gersthof S,16,347787
2025-10-18T00:00:39.942273,Gersthof S,16,347778
2025-10-18T00:00:39.942273,Gersthof S,16,347712
2025-10-18T00:00:39.942273,Gersthof S,16,347676
2025-10-18T00:00:39.942273,Gersthof S,16,348244
2025-10-18T00:00:39.942273,Gersthof S,16,348201
2025-10-18T00:00:39.942273,Gersthof S,16,398839
2025-10-18T00:00:39.942273,Gersthof S,16,349204
2025-10-18T00:00:39.942273,Reinprechtsdorfer Brücke,16,345315
2025-10-18T00:00:39.942273,Reinprechtsdorfer Brücke,16,345149
2025-10-18T00:00:39.942273,Reinprechtsdorfer Brücke,16,345123
2025-10-18T00:00:39.942273,Reinprechtsdorfer Brücke,16,345739
2025-10-18T00:00:39.942273,Reinprechtsdorfer Brücke,16,345585
2025-10-18T00:00:39.942273,Reinprechtsdorfer Brücke,16,346388
2025-10-18T00:00:39.942273,Reinprechtsdorfer Brücke,16,346367
2025-10-18T00:00:39.942273,Reinprechtsdorfer Brücke,16,346146
2025-10-18T00:00:39.942273,Reinprechtsdorfer Brücke,16,346830
2025-10-18T00:00:39.942273,Reinprechtsdorfer Brücke,16,347313
2025-10-18T00:00:39.942273,Reinprechtsdorfer Brücke,16,347930
2025-10-18T00:00:39.942273,Reinprechtsdorfer Brücke,16,347755
2025-10-18T00:00:39.942273,Reinprechtsdorfer Brücke,16,347514
2025-10-18T00:00:39.942273,Reinprechtsdorfer Brücke,16,348554
2025-10-18T00:00:39.942273,Reinprechtsdorfer Brücke,16,349081
2025-10-18T00:00:39.942273,Reinprechtsdorfer Brücke,16,348897
2025-10-18T00:00:39.942273,Siebensterngasse,1,398832
2025-10-18T00:00:39.942273,Siebenbrunnenplatz,8,345199
2025-10-18T00:00:39.942273,Siebenbrunnenplatz,8,345638
2025-10-18T00:00:39.942273,Siebenbrunnenplatz,8,346974
2025-10-18T00:00:39.942273,Siebenbrunnenplatz,8,346758
2025-10-18T00:00:39.942273,Siebenbrunnenplatz,8,347958
2025-10-18T00:00:39.942273,Siebenbrunnenplatz,8,348057
2025-10-18T00:00:39.942273,Siebenbrunnenplatz,8,348638
2025-10-18T00:00:39.942273,Siebenbrunnenplatz,8,348881
2025-10-18T00:00:39.942273,Rosensteingasse / Blumengasse,21,345143
2025-10-18T00:00:39.942273,Rosensteingasse / Blumengasse,21,345976
2025-10-18T00:00:39.942273,Rosensteingasse / Blumengasse,21,345880
2025-10-18T00:00:39.942273,Rosensteingasse / Blumengasse,21,345770
2025-10-18T00:00:39.942273,Rosensteingasse / Blumengasse,21,346414
2025-10-18T00:00:39.942273,Rosensteingasse / Blumengasse,21,346403
2025-10-18T00:00:39.942273,Rosensteingasse / Blumengasse,21,346984
2025-10-18T00:00:39.942273,Rosensteingasse / Blumengasse,21,346810
2025-10-18T00:00:39.942273,Rosensteingasse / Blumengasse,21,347482
2025-10-18T00:00:39.942273,Rosensteingasse / Blumengasse,21,347305
2025-10-18T00:00:39.942273,Rosensteingasse / Blumengasse,21,347718
2025-10-18T00:00:39.942273,Rosensteingasse / Blumengasse,21,348454
2025-10-18T00:00:39.942273,Rosensteingasse / Blumengasse,21,348417
2025-10-18T00:00:39.942273,Rosensteingasse / Blumengasse,21,348042
2025-10-18T00:00:39.942273,Rosensteingasse / Blumengasse,21,348035
2025-10-18T00:00:39.942273,Rosensteingasse / Blumengasse,21,348009
2025-10-18T00:00:39.942273,Rosensteingasse / Blumengasse,21,398860
2025-10-18T00:00:39.942273,Rosensteingasse / Blumengasse,21,348945
2025-10-18T00:00:39.942273,Rosensteingasse / Blumengasse,21,348913
2025-10-18T00:00:39.942273,Rosensteingasse / Blumengasse,21,348871
2025-10-18T00:00:39.942273,Rosensteingasse / Blumengasse,21,349167
2025-10-18T00:00:39.942273,Schottenring U /Herminengasse,22,345438
2025-10-18T00:00:39.942273,Schottenring U /Herminengasse,22,345165
2025-10-18T00:00:39.942273,Schottenring U /Herminengasse,22,345931
2025-10-18T00:00:39.942273,Schottenring U /Herminengasse,22,345912
2025-10-18T00:00:39.942273,Schottenring U /Herminengasse,22,345887
2025-10-18T00:00:39.942273,Schottenring U /Herminengasse,22,345607
2025-10-18T00:00:39.942273,Schottenring U /Herminengasse,22,345595
2025-10-18T00:00:39.942273,Schottenring U /Herminengasse,22,346422
2025-10-18T00:00:39.942273,Schottenring U /Herminengasse,22,346370
2025-10-18T00:00:39.942273,Schottenring U /Herminengasse,22,346259
2025-10-18T00:00:39.942273,Schottenring U /Herminengasse,22,346924
2025-10-18T00:00:39.942273,Schottenring U /Herminengasse,22,346678
2025-10-18T00:00:39.942273,Schottenring U /Herminengasse,22,347413
2025-10-18T00:00:39.942273,Schottenring U /Herminengasse,22,347371
2025-10-18T00:00:39.942273,Schottenring U /Herminengasse,22,347153
2025-10-18T00:00:39.942273,Schottenring U /Herminengasse,22,347026
2025-10-18T00:00:39.942273,Schottenring U /Herminengasse,22,347580
2025-10-18T00:00:39.942273,Schottenring U /Herminengasse,22,348393
2025-10-18T00:00:39.942273,Schottenring U /Herminengasse,22,348664
2025-10-18T00:00:39.942273,Schottenring U /Herminengasse,22,348583
2025-10-18T00:00:39.942273,Schottenring U /Herminengasse,22,348565
2025-10-18T00:00:39.942273,Schottenring U /Herminengasse,22,398737
2025-10-18T00:00:39.942273,Josefstädter Straße U,9,345522
2025-10-18T00:00:39.942273,Josefstädter Straße U,9,346321
2025-10-18T00:00:39.942273,Josefstädter Straße U,9,346014
2025-10-18T00:00:39.942273,Josefstädter Straße U,9,346814
2025-10-18T00:00:39.942273,Josefstädter Straße U,9,346743
2025-10-18T00:00:39.942273,Josefstädter Straße U,9,347299
2025-10-18T00:00:39.942273,Josefstädter Straße U,9,347533
2025-10-18T00:00:39.942273,Josefstädter Straße U,9,348660
2025-10-18T00:00:39.942273,Josefstädter Straße U,9,348548
2025-10-18T00:00:39.942273,Friedrich-Engels-Platz,18,345162
2025-10-18T00:00:39.942273,Friedrich-Engels-Platz,18,345063
2025-10-18T00:00:39.942273,Friedrich-Engels-Platz,18,345581
2025-10-18T00:00:39.942273,Friedrich-Engels-Platz,18,346434
2025-10-18T00:00:39.942273,Friedrich-Engels-Platz,18,346695
2025-10-18T00:00:39.942273,Friedrich-Engels-Platz,18,346569
2025-10-18T00:00:39.942273,Friedrich-Engels-Platz,18,347297
2025-10-18T00:00:39.942273,Friedrich-Engels-Platz,18,347200
2025-10-18T00:00:39.942273,Friedrich-Engels-Platz,18,347184
2025-10-18T00:00:39.942273,Friedrich-Engels-Platz,18,347085
2025-10-18T00:00:39.942273,Friedrich-Engels-Platz,18,347079
2025-10-18T00:00:39.942273,Friedrich-Engels-Platz,18,347978
2025-10-18T00:00:39.942273,Friedrich-Engels-Platz,18,347524
2025-10-18T00:00:39.942273,Friedrich-Engels-Platz,18,348375
2025-10-18T00:00:39.942273,Friedrich-Engels-Platz,18,348243
2025-10-18T00:00:39.942273,Friedrich-Engels-Platz,18,348087
2025-10-18T00:00:39.942273,Friedrich-Engels-Platz,18,348526
2025-10-18T00:00:39.942273,Friedrich-Engels-Platz,18,398848
2025-10-18T00:00:39.942273,Dresdner Straße U,14,345028
2025-10-18T00:00:39.942273,Dresdner Straße U,14,347381
2025-10-18T00:00:39.942273,Dresdner Straße U,14,347283
2025-10-18T00:00:39.942273,Dresdner Straße U,14,347266
2025-10-18T00:00:39.942273,Dresdner Straße U,14,347097
2025-10-18T00:00:39.942273,Dresdner Straße U,14,347062
2025-10-18T00:00:39.942273,Dresdner Straße U,14,347934
2025-10-18T00:00:39.942273,Dresdner Straße U,14,347869
2025-10-18T00:00:39.942273,Dresdner Straße U,14,347844
2025-10-18T00:00:39.942273,Dresdner Straße U,14,347546
2025-10-18T00:00:39.942273,Dresdner Straße U,14,348381
2025-10-18T00:00:39.942273,Dresdner Straße U,14,348346
2025-10-18T00:00:39.942273,Dresdner Straße U,14,348610
2025-10-18T00:00:39.942273,Dresdner Straße U,14,348940
2025-10-18T00:00:39.942273,Jägerstraße U,27,345428
2025-10-18T00:00:39.942273,Jägerstraße U,27,345283
2025-10-18T00:00:39.942273,Jägerstraße U,27,345274
2025-10-18T00:00:39.942273,Jägerstraße U,27,345235
2025-10-18T00:00:39.942273,Jägerstraße U,27,345132
2025-10-18T00:00:39.942273,Jägerstraße U,27,345838
2025-10-18T00:00:39.942273,Jägerstraße U,27,345726
2025-10-18T00:00:39.942273,Jägerstraße U,27,346405
2025-10-18T00:00:39.942273,Jägerstraße U,27,346299
2025-10-18T00:00:39.942273,Jägerstraße U,27,346283
2025-10-18T00:00:39.942273,Jägerstraße U,27,346282
2025-10-18T00:00:39.942273,Jägerstraße U,27,346062
2025-10-18T00:00:39.942273,Jägerstraße U,27,346811
2025-10-18T00:00:39.942273,Jägerstraße U,27,346755
2025-10-18T00:00:39.942273,Jägerstraße U,27,346551
2025-10-18T00:00:39.942273,Jägerstraße U,27,347458
2025-10-18T00:00:39.942273,Jägerstraße U,27,347412
2025-10-18T00:00:39.942273,Jägerstraße U,27,347256
2025-10-18T00:00:39.942273,Jägerstraße U,27,347693
2025-10-18T00:00:39.942273,Jägerstraße U,27,347629
2025-10-18T00:00:39.942273,Jägerstraße U,27,347501
2025-10-18T00:00:39.942273,Jägerstraße U,27,348311
2025-10-18T00:00:39.942273,Jägerstraße U,27,348134
2025-10-18T00:00:39.942273,Jägerstraße U,27,348695
2025-10-18T00:00:39.942273,Jägerstraße U,27,348683
2025-10-18T00:00:39.942273,Jägerstraße U,27,348592
2025-10-18T00:00:39.942273,Jägerstraße U,27,348875
2025-10-18T00:00:39.942273,Traisengasse S,13,345182
2025-10-18T00:00:39.942273,Traisengasse S,13,345011
2025-10-18T00:00:39.942273,Traisengasse S,13,345999
2025-10-18T00:00:39.942273,Traisengasse S,13,345743
2025-10-18T00:00:39.942273,Traisengasse S,13,346430
2025-10-18T00:00:39.942273,Traisengasse S,13,346209
2025-10-18T00:00:39.942273,Traisengasse S,13,347417
2025-10-18T00:00:39.942273,Traisengasse S,13,347970
2025-10-18T00:00:39.942273,Traisengasse S,13,348448
2025-10-18T00:00:39.942273,Traisengasse S,13,348298
2025-10-18T00:00:39.942273,Traisengasse S,13,398763
2025-10-18T00:00:39.942273,Traisengasse S,13,349196
2025-10-18T00:00:39.942273,Traisengasse S,13,349168
2025-10-18T00:00:39.942273,Kettenbrückengasse U / Naschmarkt,10,345445
2025-10-18T00:00:39.942273,Kettenbrückengasse U / Naschmarkt,10,345004
2025-10-18T00:00:39.942273,Kettenbrückengasse U / Naschmarkt,10,346069
2025-10-18T00:00:39.942273,Kettenbrückengasse U / Naschmarkt,10,347419
2025-10-18T00:00:39.942273,Kettenbrückengasse U / Naschmarkt,10,347296
2025-10-18T00:00:39.942273,Kettenbrückengasse U / Naschmarkt,10,347212
2025-10-18T00:00:39.942273,Kettenbrückengasse U / Naschmarkt,10,347208
2025-10-18T00:00:39.942273,Kettenbrückengasse U / Naschmarkt,10,347918
2025-10-18T00:00:39.942273,Kettenbrückengasse U / Naschmarkt,10,347888
2025-10-18T00:00:39.942273,Kettenbrückengasse U / Naschmarkt,10,348667
2025-10-18T00:00:39.942273,Aumannplatz,24,345448
2025-10-18T00:00:39.942273,Aumannplatz,24,345422
2025-10-18T00:00:39.942273,Aumannplatz,24,345288
2025-10-18T00:00:39.942273,Aumannplatz,24,345053
2025-10-18T00:00:39.942273,Aumannplatz,24,345859
2025-10-18T00:00:39.942273,Aumannplatz,24,345815
2025-10-18T00:00:39.942273,Aumannplatz,24,345641
2025-10-18T00:00:39.942273,Aumannplatz,24,345502
2025-10-18T00:00:39.942273,Aumannplatz,24,346408
2025-10-18T00:00:39.942273,Aumannplatz,24,346976
2025-10-18T00:00:39.942273,Aumannplatz,24,346938
2025-10-18T00:00:39.942273,Aumannplatz,24,346860
2025-10-18T00:00:39.942273,Aumannplatz,24,346519
2025-10-18T00:00:39.942273,Aumannplatz,24,346511
2025-10-18T00:00:39.942273,Aumannplatz,24,347335
2025-10-18T00:00:39.942273,Aumannplatz,24,347244
2025-10-18T00:00:39.942273,Aumannplatz,24,347716
2025-10-18T00:00:39.942273,Aumannplatz,24,347566
2025-10-18T00:00:39.942273,Aumannplatz,24,348382
2025-10-18T00:00:39.942273,Aumannplatz,24,348352
2025-10-18T00:00:39.942273,Aumannplatz,24,348222
2025-10-18T00:00:39.942273,Aumannplatz,24,348074
2025-10-18T00:00:39.942273,Aumannplatz,24,349142
2025-10-18T00:00:39.942273,Aumannplatz,24,398872
2025-10-18T00:00:39.942273,Längenfeldgasse U,13,345483
2025-10-18T00:00:39.942273,Längenfeldgasse U,13,345342
2025-10-18T00:00:39.942273,Längenfeldgasse U,13,345902
2025-10-18T00:00:39.942273,Längenfeldgasse U,13,345803
2025-10-18T00:00:39.942273,Längenfeldgasse U,13,345596
2025-10-18T00:00:39.942273,Längenfeldgasse U,13,346399
2025-10-18T00:00:39.942273,Längenfeldgasse U,13,346040
2025-10-18T00:00:39.942273,Längenfeldgasse U,13,346737
2025-10-18T00:00:39.942273,Längenfeldgasse U,13,346721
2025-10-18T00:00:39.942273,Längenfeldgasse U,13,347060
2025-10-18T00:00:39.942273,Längenfeldgasse U,13,347858
2025-10-18T00:00:39.942273,Längenfeldgasse U,13,347818
2025-10-18T00:00:39.942273,Längenfeldgasse U,13,348859
2025-10-18T00:00:39.942273,Althanstraße,23,345446
2025-10-18T00:00:39.942273,Althanstraße,23,345694
2025-10-18T00:00:39.942273,Althanstraße,23,345627
2025-10-18T00:00:39.942273,Althanstraße,23,345558
2025-10-18T00:00:39.942273,Althanstraße,23,345533
2025-10-18T00:00:39.942273,Althanstraße,23,345512
2025-10-18T00:00:39.942273,Althanstraße,23,346317
2025-10-18T00:00:39.942273,Althanstraße,23,346310
2025-10-18T00:00:39.942273,Althanstraße,23,346278
2025-10-18T00:00:39.942273,Althanstraße,23,346912
2025-10-18T00:00:39.942273,Althanstraße,23,346624
2025-10-18T00:00:39.942273,Althanstraße,23,347348
2025-10-18T00:00:39.942273,Althanstraße,23,347241
2025-10-18T00:00:39.942273,Althanstraße,23,347226
2025-10-18T00:00:39.942273,Althanstraße,23,347073
2025-10-18T00:00:39.942273,Althanstraße,23,347923
2025-10-18T00:00:39.942273,Althanstraße,23,347763
2025-10-18T00:00:39.942273,Althanstraße,23,348428
2025-10-18T00:00:39.942273,Althanstraße,23,348185
2025-10-18T00:00:39.942273,Althanstraße,23,348655
2025-10-18T00:00:39.942273,Althanstraße,23,398804
2025-10-18T00:00:39.942273,Althanstraße,23,398791
2025-10-18T00:00:39.942273,Althanstraße,23,398786
2025-10-18T00:00:39.942273,Schottentor U,48,345362
2025-10-18T00:00:39.942273,Schottentor U,48,345279
2025-10-18T00:00:39.942273,Schottentor U,48,345250
2025-10-18T00:00:39.942273,Schottentor U,48,345249
2025-10-18T00:00:39.942273,Schottentor U,48,345243
2025-10-18T00:00:39.942273,Schottentor U,48,345178
2025-10-18T00:00:39.942273,Schottentor U,48,345147
2025-10-18T00:00:39.942273,Schottentor U,48,345049
2025-10-18T00:00:39.942273,Schottentor U,48,345850
2025-10-18T00:00:39.942273,Schottentor U,48,345846
2025-10-18T00:00:39.942273,Schottentor U,48,345792
2025-10-18T00:00:39.942273,Schottentor U,48,345711
2025-10-18T00:00:39.942273,Schottentor U,48,345534
2025-10-18T00:00:39.942273,Schottentor U,48,345500
2025-10-18T00:00:39.942273,Schottentor U,48,346409
2025-10-18T00:00:39.942273,Schottentor U,48,346327
2025-10-18T00:00:39.942273,Schottentor U,48,346058
2025-10-18T00:00:39.942273,Schottentor U,48,346013
2025-10-18T00:00:39.942273,Schottentor U,48,346825
2025-10-18T00:00:39.942273,Schottentor U,48,346745
2025-10-18T00:00:39.942273,Schottentor U,48,346655
2025-10-18T00:00:39.942273,Schottentor U,48,346626
2025-10-18T00:00:39.942273,Schottentor U,48,346579
2025-10-18T00:00:39.942273,Schottentor U,48,346557
2025-10-18T00:00:39.942273,Schottentor U,48,346555
2025-10-18T00:00:39.942273,Schottentor U,48,347325
2025-10-18T00:00:39.942273,Schottentor U,48,347308
2025-10-18T00:00:39.942273,Schottentor U,48,347293
2025-10-18T00:00:39.942273,Schottentor U,48,347178
2025-10-18T00:00:39.942273,Schottentor U,48,347032
2025-10-18T00:00:39.942273,Schottentor U,48,347984
2025-10-18T00:00:39.942273,Schottentor U,48,347972
2025-10-18T00:00:39.942273,Schottentor U,48,347937
2025-10-18T00:00:39.942273,Schottentor U,48,347873
2025-10-18T00:00:39.942273,Schottentor U,48,347838
2025-10-18T00:00:39.942273,Schottentor U,48,347798
2025-10-18T00:00:39.942273,Schottentor U,48,347727
2025-10-18T00:00:39.942273,Schottentor U,48,347678
2025-10-18T00:00:39.942273,Schottentor U,48,347644
2025-10-18T00:00:39.942273,Schottentor U,48,347612
2025-10-18T00:00:39.942273,Schottentor U,48,347592
2025-10-18T00:00:39.942273,Schottentor U,48,347577
2025-10-18T00:00:39.942273,Schottentor U,48,348248
2025-10-18T00:00:39.942273,Schottentor U,48,348127
2025-10-18T00:00:39.942273,Schottentor U,48,348106
2025-10-18T00:00:39.942273,Schottentor U,48,348000
2025-10-18T00:00:39.942273,Schottentor U,48,348680
2025-10-18T00:00:39.942273,Schottentor U,48,398766
2025-10-18T00:00:39.942273,Neubaugasse U,1,347929
2025-10-18T00:00:39.942273,Museumsquartier U,45,345499
2025-10-18T00:00:39.942273,Museumsquartier U,45,345489
2025-10-18T00:00:39.942273,Museumsquartier U,45,345338
2025-10-18T00:00:39.942273,Museumsquartier U,45,345215
2025-10-18T00:00:39.942273,Museumsquartier U,45,345863
2025-10-18T00:00:39.942273,Museumsquartier U,45,345857
2025-10-18T00:00:39.942273,Museumsquartier U,45,345818
2025-10-18T00:00:39.942273,Museumsquartier U,45,345594
2025-10-18T00:00:39.942273,Museumsquartier U,45,346381
2025-10-18T00:00:39.942273,Museumsquartier U,45,346190
2025-10-18T00:00:39.942273,Museumsquartier U,45,346018
2025-10-18T00:00:39.942273,Museumsquartier U,45,346969
2025-10-18T00:00:39.942273,Museumsquartier U,45,346904
2025-10-18T00:00:39.942273,Museumsquartier U,45,346840
2025-10-18T00:00:39.942273,Museumsquartier U,45,346835
2025-10-18T00:00:39.942273,Museumsquartier U,45,346833
2025-10-18T00:00:39.942273,Museumsquartier U,45,346776
2025-10-18T00:00:39.942273,Museumsquartier U,45,346671
2025-10-18T00:00:39.942273,Museumsquartier U,45,346621
2025-10-18T00:00:39.942273,Museumsquartier U,45,346550
2025-10-18T00:00:39.942273,Museumsquartier U,45,347460
2025-10-18T00:00:39.942273,Museumsquartier U,45,347398
2025-10-18T00:00:39.942273,Museumsquartier U,45,347329
2025-10-18T00:00:39.942273,Museumsquartier U,45,347300
2025-10-18T00:00:39.942273,Museumsquartier U,45,347211
2025-10-18T00:00:39.942273,Museumsquartier U,45,347195
2025-10-18T00:00:39.942273,Museumsquartier U,45,347111
2025-10-18T00:00:39.942273,Museumsquartier U,45,347989
2025-10-18T00:00:39.942273,Museumsquartier U,45,347959
2025-10-18T00:00:39.942273,Museumsquartier U,45,347935
2025-10-18T00:00:39.942273,Museumsquartier U,45,347815
2025-10-18T00:00:39.942273,Museumsquartier U,45,347576
2025-10-18T00:00:39.942273,Museumsquartier U,45,348479
2025-10-18T00:00:39.942273,Museumsquartier U,45,348411
2025-10-18T00:00:39.942273,Museumsquartier U,45,348252
2025-10-18T00:00:39.942273,Museumsquartier U,45,348192
2025-10-18T00:00:39.942273,Museumsquartier U,45,348122
2025-10-18T00:00:39.942273,Museumsquartier U,45,348669
2025-10-18T00:00:39.942273,Museumsquartier U,45,348611
2025-10-18T00:00:39.942273,Museumsquartier U,45,348539
2025-10-18T00:00:39.942273,Museumsquartier U,45,348523
2025-10-18T00:00:39.942273,Museumsquartier U,45,398751
2025-10-18T00:00:39.942273,Museumsquartier U,45,398745
2025-10-18T00:00:39.942273,Museumsquartier U,45,349086
2025-10-18T00:00:39.942273,Museumsquartier U,45,348886
2025-10-18T00:00:39.942273,Johnstrasse U,10,345788
2025-10-18T00:00:39.942273,Johnstrasse U,10,346477
2025-10-18T00:00:39.942273,Johnstrasse U,10,346240
2025-10-18T00:00:39.942273,Johnstrasse U,10,346673
2025-10-18T00:00:39.942273,Johnstrasse U,10,346524
2025-10-18T00:00:39.942273,Johnstrasse U,10,347366
2025-10-18T00:00:39.942273,Johnstrasse U,10,347129
2025-10-18T00:00:39.942273,Johnstrasse U,10,347548
2025-10-18T00:00:39.942273,Johnstrasse U,10,348075
2025-10-18T00:00:39.942273,Johnstrasse U,10,349111
2025-10-18T00:00:39.942273,Turnergasse,14,345406
2025-10-18T00:00:39.942273,Turnergasse,14,345322
2025-10-18T00:00:39.942273,Turnergasse,14,345223
2025-10-18T00:00:39.942273,Turnergasse,14,345898
2025-10-18T00:00:39.942273,Turnergasse,14,345723
2025-10-18T00:00:39.942273,Turnergasse,14,345616
2025-10-18T00:00:39.942273,Turnergasse,14,345510
2025-10-18T00:00:39.942273,Turnergasse,14,346870
2025-10-18T00:00:39.942273,Turnergasse,14,346594
2025-10-18T00:00:39.942273,Turnergasse,14,346558
2025-10-18T00:00:39.942273,Turnergasse,14,347183
2025-10-18T00:00:39.942273,Turnergasse,14,348211
2025-10-18T00:00:39.942273,Turnergasse,14,348037
2025-10-18T00:00:39.942273,Turnergasse,14,349038
2025-10-18T00:00:39.942273,Kutschkergasse,17,345498
2025-10-18T00:00:39.942273,Kutschkergasse,17,345304
2025-10-18T00:00:39.942273,Kutschkergasse,17,345921
2025-10-18T00:00:39.942273,Kutschkergasse,17,345914
2025-10-18T00:00:39.942273,Kutschkergasse,17,345889
2025-10-18T00:00:39.942273,Kutschkergasse,17,346716
2025-10-18T00:00:39.942273,Kutschkergasse,17,346706
2025-10-18T00:00:39.942273,Kutschkergasse,17,346694
2025-10-18T00:00:39.942273,Kutschkergasse,17,347399
2025-10-18T00:00:39.942273,Kutschkergasse,17,347273
2025-10-18T00:00:39.942273,Kutschkergasse,17,347862
2025-10-18T00:00:39.942273,Kutschkergasse,17,348402
2025-10-18T00:00:39.942273,Kutschkergasse,17,348203
2025-10-18T00:00:39.942273,Kutschkergasse,17,348176
2025-10-18T00:00:39.942273,Kutschkergasse,17,348049
2025-10-18T00:00:39.942273,Kutschkergasse,17,348674
2025-10-18T00:00:39.942273,Kutschkergasse,17,398785
2025-10-18T00:00:39.942273,Stadion U,8,345420
2025-10-18T00:00:39.942273,Stadion U,8,345793
2025-10-18T00:00:39.942273,Stadion U,8,346484
2025-10-18T00:00:39.942273,Stadion U,8,346857
2025-10-18T00:00:39.942273,Stadion U,8,346512
2025-10-18T00:00:39.942273,Stadion U,8,347177
2025-10-18T00:00:39.942273,Stadion U,8,347917
2025-10-18T00:00:39.942273,Stadion U,8,348815
2025-10-18T00:00:39.942273,Brückengasse,21,345371
2025-10-18T00:00:39.942273,Brückengasse,21,345259
2025-10-18T00:00:39.942273,Brückengasse,21,345725
2025-10-18T00:00:39.942273,Brückengasse,21,345636
2025-10-18T00:00:39.942273,Brückengasse,21,345559
2025-10-18T00:00:39.942273,Brückengasse,21,346492
2025-10-18T00:00:39.942273,Brückengasse,21,346362
2025-10-18T00:00:39.942273,Brückengasse,21,346124
2025-10-18T00:00:39.942273,Brückengasse,21,346665
2025-10-18T00:00:39.942273,Brückengasse,21,347386
2025-10-18T00:00:39.942273,Brückengasse,21,347354
2025-10-18T00:00:39.942273,Brückengasse,21,347334
2025-10-18T00:00:39.942273,Brückengasse,21,347204
2025-10-18T00:00:39.942273,Brückengasse,21,347708
2025-10-18T00:00:39.942273,Brückengasse,21,348477
2025-10-18T00:00:39.942273,Brückengasse,21,348476
2025-10-18T00:00:39.942273,Brückengasse,21,348475
2025-10-18T00:00:39.942273,Brückengasse,21,348299
2025-10-18T00:00:39.942273,Brückengasse,21,348097
2025-10-18T00:00:39.942273,Brückengasse,21,348689
2025-10-18T00:00:39.942273,Brückengasse,21,348621
2025-10-18T00:00:39.942273,Schuhmeierplatz,19,345481
2025-10-18T00:00:39.942273,Schuhmeierplatz,19,345391
2025-10-18T00:00:39.942273,Schuhmeierplatz,19,345331
2025-10-18T00:00:39.942273,Schuhmeierplatz,19,345257
2025-10-18T00:00:39.942273,Schuhmeierplatz,19,345721
2025-10-18T00:00:39.942273,Schuhmeierplatz,19,345663
2025-10-18T00:00:39.942273,Schuhmeierplatz,19,346451
2025-10-18T00:00:39.942273,Schuhmeierplatz,19,346180
2025-10-18T00:00:39.942273,Schuhmeierplatz,19,346859
2025-10-18T00:00:39.942273,Schuhmeierplatz,19,346714
2025-10-18T00:00:39.942273,Schuhmeierplatz,19,347395
2025-10-18T00:00:39.942273,Schuhmeierplatz,19,347254
2025-10-18T00:00:39.942273,Schuhmeierplatz,19,347677
2025-10-18T00:00:39.942273,Schuhmeierplatz,19,347591
2025-10-18T00:00:39.942273,Schuhmeierplatz,19,348365
2025-10-18T00:00:39.942273,Schuhmeierplatz,19,348568
2025-10-18T00:00:39.942273,Schuhmeierplatz,19,398750
2025-10-18T00:00:39.942273,Schuhmeierplatz,19,398749
2025-10-18T00:00:39.942273,Schuhmeierplatz,19,349033
2025-10-18T00:00:39.942273,Schönbrunn U,16,345384
2025-10-18T00:00:39.942273,Schönbrunn U,16,345232
2025-10-18T00:00:39.942273,Schönbrunn U,16,346064
2025-10-18T00:00:39.942273,Schönbrunn U,16,346720
2025-10-18T00:00:39.942273,Schönbrunn U,16,347147
2025-10-18T00:00:39.942273,Schönbrunn U,16,347021
2025-10-18T00:00:39.942273,Schönbrunn U,16,347817
2025-10-18T00:00:39.942273,Schönbrunn U,16,347808
2025-10-18T00:00:39.942273,Schönbrunn U,16,347555
2025-10-18T00:00:39.942273,Schönbrunn U,16,348369
2025-10-18T00:00:39.942273,Schönbrunn U,16,348029
2025-10-18T00:00:39.942273,Schönbrunn U,16,398814
2025-10-18T00:00:39.942273,Schönbrunn U,16,349079
2025-10-18T00:00:39.942273,Schönbrunn U,16,349051
2025-10-18T00:00:39.942273,Schönbrunn U,16,348924
2025-10-18T00:00:39.942273,Schönbrunn U,16,348829
2025-10-18T00:00:39.942273,Hermesstraße / Oscar-Straus-Park ,16,345057
2025-10-18T00:00:39.942273,Hermesstraße / Oscar-Straus-Park ,16,346400
2025-10-18T00:00:39.942273,Hermesstraße / Oscar-Straus-Park ,16,346326
2025-10-18T00:00:39.942273,Hermesstraße / Oscar-Straus-Park ,16,346717
2025-10-18T00:00:39.942273,Hermesstraße / Oscar-Straus-Park ,16,346703
2025-10-18T00:00:39.942273,Hermesstraße / Oscar-Straus-Park ,16,346650
2025-10-18T00:00:39.942273,Hermesstraße / Oscar-Straus-Park ,16,347101
2025-10-18T00:00:39.942273,Hermesstraße / Oscar-Straus-Park ,16,347749
2025-10-18T00:00:39.942273,Hermesstraße / Oscar-Straus-Park ,16,347661
2025-10-18T00:00:39.942273,Hermesstraße / Oscar-Straus-Park ,16,348425
2025-10-18T00:00:39.942273,Hermesstraße / Oscar-Straus-Park ,16,348397
2025-10-18T00:00:39.942273,Hermesstraße / Oscar-Straus-Park ,16,348957
2025-10-18T00:00:39.942273,Hermesstraße / Oscar-Straus-Park ,16,348895
2025-10-18T00:00:39.942273,Hermesstraße / Oscar-Straus-Park ,16,348840
2025-10-18T00:00:39.942273,Hermesstraße / Oscar-Straus-Park ,16,348805
2025-10-18T00:00:39.942273,Hermesstraße / Oscar-Straus-Park ,16,349150
2025-10-18T00:00:39.942273,Modecenterstraße / The Marks,19,345776
2025-10-18T00:00:39.942273,Modecenterstraße / The Marks,19,346192
2025-10-18T00:00:39.942273,Modecenterstraße / The Marks,19,346085
2025-10-18T00:00:39.942273,Modecenterstraße / The Marks,19,346998
2025-10-18T00:00:39.942273,Modecenterstraße / The Marks,19,346956
2025-10-18T00:00:39.942273,Modecenterstraße / The Marks,19,346907
2025-10-18T00:00:39.942273,Modecenterstraße / The Marks,19,346846
2025-10-18T00:00:39.942273,Modecenterstraße / The Marks,19,346778
2025-10-18T00:00:39.942273,Modecenterstraße / The Marks,19,346751
2025-10-18T00:00:39.942273,Modecenterstraße / The Marks,19,346577
2025-10-18T00:00:39.942273,Modecenterstraße / The Marks,19,347452
2025-10-18T00:00:39.942273,Modecenterstraße / The Marks,19,347275
2025-10-18T00:00:39.942273,Modecenterstraße / The Marks,19,347120
2025-10-18T00:00:39.942273,Modecenterstraße / The Marks,19,347797
2025-10-18T00:00:39.942273,Modecenterstraße / The Marks,19,347786
2025-10-18T00:00:39.942273,Modecenterstraße / The Marks,19,347651
2025-10-18T00:00:39.942273,Modecenterstraße / The Marks,19,348383
2025-10-18T00:00:39.942273,Modecenterstraße / The Marks,19,348289
2025-10-18T00:00:39.942273,Modecenterstraße / The Marks,19,398840
2025-10-18T00:00:39.942273,Am Langen Felde,9,345409
2025-10-18T00:00:39.942273,Am Langen Felde,9,345405
2025-10-18T00:00:39.942273,Am Langen Felde,9,345393
2025-10-18T00:00:39.942273,Am Langen Felde,9,345064
2025-10-18T00:00:39.942273,Am Langen Felde,9,345799
2025-10-18T00:00:39.942273,Am Langen Felde,9,346003
2025-10-18T00:00:39.942273,Am Langen Felde,9,347298
2025-10-18T00:00:39.942273,Am Langen Felde,9,348318
2025-10-18T00:00:39.942273,Am Langen Felde,9,349042
2025-10-18T00:00:39.942273,eLastenräder- Modecenterstraße / The Marks,3,348502
2025-10-18T00:00:39.942273,eLastenräder- Modecenterstraße / The Marks,3,348501
2025-10-18T00:00:39.942273,eLastenräder- Modecenterstraße / The Marks,3,348503
2025-10-18T00:00:39.942273,Pilgramgasse U,19,345434
2025-10-18T00:00:39.942273,Pilgramgasse U,19,345271
2025-10-18T00:00:39.942273,Pilgramgasse U,19,345098
2025-10-18T00:00:39.942273,Pilgramgasse U,19,345943
2025-10-18T00:00:39.942273,Pilgramgasse U,19,345623
2025-10-18T00:00:39.942273,Pilgramgasse U,19,345548
2025-10-18T00:00:39.942273,Pilgramgasse U,19,346230
2025-10-18T00:00:39.942273,Pilgramgasse U,19,346908
2025-10-18T00:00:39.942273,Pilgramgasse U,19,346648
2025-10-18T00:00:39.942273,Pilgramgasse U,19,347132
2025-10-18T00:00:39.942273,Pilgramgasse U,19,347011
2025-10-18T00:00:39.942273,Pilgramgasse U,19,347898
2025-10-18T00:00:39.942273,Pilgramgasse U,19,347688
2025-10-18T00:00:39.942273,Pilgramgasse U,19,347619
2025-10-18T00:00:39.942273,Pilgramgasse U,19,348432
2025-10-18T00:00:39.942273,Pilgramgasse U,19,348377
2025-10-18T00:00:39.942273,Pilgramgasse U,19,348580
2025-10-18T00:00:39.942273,Pilgramgasse U,19,349054
2025-10-18T00:00:39.942273,Pilgramgasse U,19,348866
2025-10-18T00:00:39.942273,eLastenräder - Am langen Felde,1,348489
2025-10-18T00:00:39.942273,eLastenräder - Bruno-Marek-Allee,9,346410
2025-10-18T00:00:39.942273,eLastenräder - Bruno-Marek-Allee,9,347108
2025-10-18T00:00:39.942273,eLastenräder - Bruno-Marek-Allee,9,347099
2025-10-18T00:00:39.942273,eLastenräder - Bruno-Marek-Allee,9,347714
2025-10-18T00:00:39.942273,eLastenräder - Bruno-Marek-Allee,9,348461
2025-10-18T00:00:39.942273,eLastenräder - Bruno-Marek-Allee,9,348344
2025-10-18T00:00:39.942273,eLastenräder - Bruno-Marek-Allee,9,348303
2025-10-18T00:00:39.942273,eLastenräder - Bruno-Marek-Allee,9,348083
2025-10-18T00:00:39.942273,eLastenräder - Bruno-Marek-Allee,9,348509
2025-10-18T00:00:39.942273,eLastenräder - Am Tabor,1,348688
2025-10-18T00:00:39.942273,Purkytgasse ,11,345400
2025-10-18T00:00:39.942273,Purkytgasse ,11,345868
2025-10-18T00:00:39.942273,Purkytgasse ,11,345796
2025-10-18T00:00:39.942273,Purkytgasse ,11,346375
2025-10-18T00:00:39.942273,Purkytgasse ,11,346805
2025-10-18T00:00:39.942273,Purkytgasse ,11,346674
2025-10-18T00:00:39.942273,Purkytgasse ,11,346507
2025-10-18T00:00:39.942273,Purkytgasse ,11,347310
2025-10-18T00:00:39.942273,Purkytgasse ,11,348111
2025-10-18T00:00:39.942273,Purkytgasse ,11,398732
2025-10-18T00:00:39.942273,Purkytgasse ,11,398728
2025-10-18T00:00:39.942273,Neue Donau U,9,345379
2025-10-18T00:00:39.942273,Neue Donau U,9,345289
2025-10-18T00:00:39.942273,Neue Donau U,9,346316
2025-10-18T00:00:39.942273,Neue Donau U,9,347439
2025-10-18T00:00:39.942273,Neue Donau U,9,347437
2025-10-18T00:00:39.942273,Neue Donau U,9,347222
2025-10-18T00:00:39.942273,Neue Donau U,9,347866
2025-10-18T00:00:39.942273,Neue Donau U,9,347828
2025-10-18T00:00:39.942273,Neue Donau U,9,347680
2025-10-18T00:00:39.942273,Franz-Josef Bahnhof S,21,345282
2025-10-18T00:00:39.942273,Franz-Josef Bahnhof S,21,345012
2025-10-18T00:00:39.942273,Franz-Josef Bahnhof S,21,345576
2025-10-18T00:00:39.942273,Franz-Josef Bahnhof S,21,346106
2025-10-18T00:00:39.942273,Franz-Josef Bahnhof S,21,346019
2025-10-18T00:00:39.942273,Franz-Josef Bahnhof S,21,346741
2025-10-18T00:00:39.942273,Franz-Josef Bahnhof S,21,346576
2025-10-18T00:00:39.942273,Franz-Josef Bahnhof S,21,346515
2025-10-18T00:00:39.942273,Franz-Josef Bahnhof S,21,347142
2025-10-18T00:00:39.942273,Franz-Josef Bahnhof S,21,347919
2025-10-18T00:00:39.942273,Franz-Josef Bahnhof S,21,347833
2025-10-18T00:00:39.942273,Franz-Josef Bahnhof S,21,347809
2025-10-18T00:00:39.942273,Franz-Josef Bahnhof S,21,347731
2025-10-18T00:00:39.942273,Franz-Josef Bahnhof S,21,347625
2025-10-18T00:00:39.942273,Franz-Josef Bahnhof S,21,348487
2025-10-18T00:00:39.942273,Franz-Josef Bahnhof S,21,348238
2025-10-18T00:00:39.942273,Franz-Josef Bahnhof S,21,348063
2025-10-18T00:00:39.942273,Franz-Josef Bahnhof S,21,348576
2025-10-18T00:00:39.942273,Franz-Josef Bahnhof S,21,348552
2025-10-18T00:00:39.942273,Franz-Josef Bahnhof S,21,398819
2025-10-18T00:00:39.942273,Franz-Josef Bahnhof S,21,348977
2025-10-18T00:00:39.942273,Niederpointenstraße,11,345211
2025-10-18T00:00:39.942273,Niederpointenstraße,11,345971
2025-10-18T00:00:39.942273,Niederpointenstraße,11,345781
2025-10-18T00:00:39.942273,Niederpointenstraße,11,346442
2025-10-18T00:00:39.942273,Niederpointenstraße,11,346885
2025-10-18T00:00:39.942273,Niederpointenstraße,11,346669
2025-10-18T00:00:39.942273,Niederpointenstraße,11,346549
2025-10-18T00:00:39.942273,Niederpointenstraße,11,347046
2025-10-18T00:00:39.942273,Niederpointenstraße,11,347991
2025-10-18T00:00:39.942273,Niederpointenstraße,11,348173
2025-10-18T00:00:39.942273,Niederpointenstraße,11,348861
2025-10-18T00:00:39.942273,Leopoldauer Platz,21,345443
2025-10-18T00:00:39.942273,Leopoldauer Platz,21,345297
2025-10-18T00:00:39.942273,Leopoldauer Platz,21,345129
2025-10-18T00:00:39.942273,Leopoldauer Platz,21,345054
2025-10-18T00:00:39.942273,Leopoldauer Platz,21,345709
2025-10-18T00:00:39.942273,Leopoldauer Platz,21,345599
2025-10-18T00:00:39.942273,Leopoldauer Platz,21,346052
2025-10-18T00:00:39.942273,Leopoldauer Platz,21,346813
2025-10-18T00:00:39.942273,Leopoldauer Platz,21,346765
2025-10-18T00:00:39.942273,Leopoldauer Platz,21,346548
2025-10-18T00:00:39.942273,Leopoldauer Platz,21,347350
2025-10-18T00:00:39.942273,Leopoldauer Platz,21,347151
2025-10-18T00:00:39.942273,Leopoldauer Platz,21,347883
2025-10-18T00:00:39.942273,Leopoldauer Platz,21,347757
2025-10-18T00:00:39.942273,Leopoldauer Platz,21,347655
2025-10-18T00:00:39.942273,Leopoldauer Platz,21,348467
2025-10-18T00:00:39.942273,Leopoldauer Platz,21,348325
2025-10-18T00:00:39.942273,Leopoldauer Platz,21,348696
2025-10-18T00:00:39.942273,Leopoldauer Platz,21,398855
2025-10-18T00:00:39.942273,Leopoldauer Platz,21,398747
2025-10-18T00:00:39.942273,Leopoldauer Platz,21,349035
2025-10-18T00:00:39.942273,ArbeiterInnenstrand,20,345042
2025-10-18T00:00:39.942273,ArbeiterInnenstrand,20,345656
2025-10-18T00:00:39.942273,ArbeiterInnenstrand,20,346491
2025-10-18T00:00:39.942273,ArbeiterInnenstrand,20,346335
2025-10-18T00:00:39.942273,ArbeiterInnenstrand,20,346165
2025-10-18T00:00:39.942273,ArbeiterInnenstrand,20,346145
2025-10-18T00:00:39.942273,ArbeiterInnenstrand,20,346862
2025-10-18T00:00:39.942273,ArbeiterInnenstrand,20,346685
2025-10-18T00:00:39.942273,ArbeiterInnenstrand,20,346634
2025-10-18T00:00:39.942273,ArbeiterInnenstrand,20,347446
2025-10-18T00:00:39.942273,ArbeiterInnenstrand,20,347790
2025-10-18T00:00:39.942273,ArbeiterInnenstrand,20,347590
2025-10-18T00:00:39.942273,ArbeiterInnenstrand,20,347532
2025-10-18T00:00:39.942273,ArbeiterInnenstrand,20,347527
2025-10-18T00:00:39.942273,ArbeiterInnenstrand,20,348480
2025-10-18T00:00:39.942273,ArbeiterInnenstrand,20,348247
2025-10-18T00:00:39.942273,ArbeiterInnenstrand,20,348223
2025-10-18T00:00:39.942273,ArbeiterInnenstrand,20,348144
2025-10-18T00:00:39.942273,ArbeiterInnenstrand,20,348025
2025-10-18T00:00:39.942273,ArbeiterInnenstrand,20,348008
2025-10-18T00:00:39.942273,Gewerbepark Stadlau,16,345765
2025-10-18T00:00:39.942273,Gewerbepark Stadlau,16,345529
2025-10-18T00:00:39.942273,Gewerbepark Stadlau,16,346269
2025-10-18T00:00:39.942273,Gewerbepark Stadlau,16,346030
2025-10-18T00:00:39.942273,Gewerbepark Stadlau,16,346656
2025-10-18T00:00:39.942273,Gewerbepark Stadlau,16,346606
2025-10-18T00:00:39.942273,Gewerbepark Stadlau,16,346501
2025-10-18T00:00:39.942273,Gewerbepark Stadlau,16,347333
2025-10-18T00:00:39.942273,Gewerbepark Stadlau,16,347206
2025-10-18T00:00:39.942273,Gewerbepark Stadlau,16,347182
2025-10-18T00:00:39.942273,Gewerbepark Stadlau,16,347694
2025-10-18T00:00:39.942273,Gewerbepark Stadlau,16,348341
2025-10-18T00:00:39.942273,Gewerbepark Stadlau,16,348276
2025-10-18T00:00:39.942273,Gewerbepark Stadlau,16,348198
2025-10-18T00:00:39.942273,Gewerbepark Stadlau,16,348159
2025-10-18T00:00:39.942273,Gewerbepark Stadlau,16,348677
2025-10-18T00:00:39.942273,Atzgersdorf Bildungscampus,3,345058
2025-10-18T00:00:39.942273,Atzgersdorf Bildungscampus,3,345503
2025-10-18T00:00:39.942273,Atzgersdorf Bildungscampus,3,348433
2025-10-18T00:00:39.942273,Adelheid-Popp-Gasse,18,345285
2025-10-18T00:00:39.942273,Adelheid-Popp-Gasse,18,345245
2025-10-18T00:00:39.942273,Adelheid-Popp-Gasse,18,345022
2025-10-18T00:00:39.942273,Adelheid-Popp-Gasse,18,345019
2025-10-18T00:00:39.942273,Adelheid-Popp-Gasse,18,345017
2025-10-18T00:00:39.942273,Adelheid-Popp-Gasse,18,345837
2025-10-18T00:00:39.942273,Adelheid-Popp-Gasse,18,346470
2025-10-18T00:00:39.942273,Adelheid-Popp-Gasse,18,346365
2025-10-18T00:00:39.942273,Adelheid-Popp-Gasse,18,346245
2025-10-18T00:00:39.942273,Adelheid-Popp-Gasse,18,346173
2025-10-18T00:00:39.942273,Adelheid-Popp-Gasse,18,346051
2025-10-18T00:00:39.942273,Adelheid-Popp-Gasse,18,347084
2025-10-18T00:00:39.942273,Adelheid-Popp-Gasse,18,347707
2025-10-18T00:00:39.942273,Adelheid-Popp-Gasse,18,347695
2025-10-18T00:00:39.942273,Adelheid-Popp-Gasse,18,348347
2025-10-18T00:00:39.942273,Adelheid-Popp-Gasse,18,348226
2025-10-18T00:00:39.942273,Adelheid-Popp-Gasse,18,348623
2025-10-18T00:00:39.942273,Adelheid-Popp-Gasse,18,398837
2025-10-18T00:00:39.942273,Alte Donau U,6,345517
2025-10-18T00:00:39.942273,Alte Donau U,6,346127
2025-10-18T00:00:39.942273,Alte Donau U,6,347498
2025-10-18T00:00:39.942273,Alte Donau U,6,347290
2025-10-18T00:00:39.942273,Alte Donau U,6,347027
2025-10-18T00:00:39.942273,Alte Donau U,6,348031
2025-10-18T00:00:39.942273,VHS Kulturgarage,8,345755
2025-10-18T00:00:39.942273,VHS Kulturgarage,8,346679
2025-10-18T00:00:39.942273,VHS Kulturgarage,8,346638
2025-10-18T00:00:39.942273,VHS Kulturgarage,8,346537
2025-10-18T00:00:39.942273,VHS Kulturgarage,8,347064
2025-10-18T00:00:39.942273,VHS Kulturgarage,8,348629
2025-10-18T00:00:39.942273,VHS Kulturgarage,8,348566
2025-10-18T00:00:39.942273,VHS Kulturgarage,8,398850
2025-10-18T00:00:39.942273,Siebenbrunnenfeldgasse,5,346293
2025-10-18T00:00:39.942273,Siebenbrunnenfeldgasse,5,346041
2025-10-18T00:00:39.942273,Siebenbrunnenfeldgasse,5,348835
2025-10-18T00:00:39.942273,Siebenbrunnenfeldgasse,5,349151
2025-10-18T00:00:39.942273,Siebenbrunnenfeldgasse,5,349130
2025-10-18T00:00:39.942273,Technisches Museum,28,345456
2025-10-18T00:00:39.942273,Technisches Museum,28,345417
2025-10-18T00:00:39.942273,Technisches Museum,28,345398
2025-10-18T00:00:39.942273,Technisches Museum,28,345298
2025-10-18T00:00:39.942273,Technisches Museum,28,345276
2025-10-18T00:00:39.942273,Technisches Museum,28,345253
2025-10-18T00:00:39.942273,Technisches Museum,28,345929
2025-10-18T00:00:39.942273,Technisches Museum,28,345831
2025-10-18T00:00:39.942273,Technisches Museum,28,345634
2025-10-18T00:00:39.942273,Technisches Museum,28,346487
2025-10-18T00:00:39.942273,Technisches Museum,28,346323
2025-10-18T00:00:39.942273,Technisches Museum,28,346941
2025-10-18T00:00:39.942273,Technisches Museum,28,346641
2025-10-18T00:00:39.942273,Technisches Museum,28,346517
2025-10-18T00:00:39.942273,Technisches Museum,28,346513
2025-10-18T00:00:39.942273,Technisches Museum,28,347494
2025-10-18T00:00:39.942273,Technisches Museum,28,347287
2025-10-18T00:00:39.942273,Technisches Museum,28,347792
2025-10-18T00:00:39.942273,Technisches Museum,28,347634
2025-10-18T00:00:39.942273,Technisches Museum,28,347587
2025-10-18T00:00:39.942273,Technisches Museum,28,347511
2025-10-18T00:00:39.942273,Technisches Museum,28,348342
2025-10-18T00:00:39.942273,Technisches Museum,28,348332
2025-10-18T00:00:39.942273,Technisches Museum,28,348076
2025-10-18T00:00:39.942273,Technisches Museum,28,398767
2025-10-18T00:00:39.942273,Technisches Museum,28,349075
2025-10-18T00:00:39.942273,Technisches Museum,28,349066
2025-10-18T00:00:39.942273,Technisches Museum,28,348823
2025-10-18T00:00:39.942273,Währinger Park,12,345170
2025-10-18T00:00:39.942273,Währinger Park,12,345807
2025-10-18T00:00:39.942273,Währinger Park,12,345544
2025-10-18T00:00:39.942273,Währinger Park,12,346697
2025-10-18T00:00:39.942273,Währinger Park,12,347450
2025-10-18T00:00:39.942273,Währinger Park,12,347272
2025-10-18T00:00:39.942273,Währinger Park,12,347863
2025-10-18T00:00:39.942273,Währinger Park,12,348331
2025-10-18T00:00:39.942273,Währinger Park,12,348117
2025-10-18T00:00:39.942273,Währinger Park,12,348114
2025-10-18T00:00:39.942273,Währinger Park,12,348631
2025-10-18T00:00:39.942273,Währinger Park,12,398782
2025-10-18T00:00:39.942273,Ettenreichgasse / Schulzentrum ,1,346589
2025-10-18T00:00:39.942273,Wendstattgasse,3,345695
2025-10-18T00:00:39.942273,Wendstattgasse,3,347361
2025-10-18T00:00:39.942273,Wendstattgasse,3,348956
2025-10-18T00:00:39.942273,Neilreichgasse,10,345706
2025-10-18T00:00:39.942273,Neilreichgasse,10,346313
2025-10-18T00:00:39.942273,Neilreichgasse,10,346292
2025-10-18T00:00:39.942273,Neilreichgasse,10,346783
2025-10-18T00:00:39.942273,Neilreichgasse,10,347691
2025-10-18T00:00:39.942273,Neilreichgasse,10,348394
2025-10-18T00:00:39.942273,Neilreichgasse,10,348065
2025-10-18T00:00:39.942273,Neilreichgasse,10,349064
2025-10-18T00:00:39.942273,Neilreichgasse,10,349037
2025-10-18T00:00:39.942273,Neilreichgasse,10,349182
2025-10-18T00:00:39.942273,Gutheil-Schoder-Gasse / Badner Bahn,15,345824
2025-10-18T00:00:39.942273,Gutheil-Schoder-Gasse / Badner Bahn,15,345570
2025-10-18T00:00:39.942273,Gutheil-Schoder-Gasse / Badner Bahn,15,345531
2025-10-18T00:00:39.942273,Gutheil-Schoder-Gasse / Badner Bahn,15,345515
2025-10-18T00:00:39.942273,Gutheil-Schoder-Gasse / Badner Bahn,15,345511
2025-10-18T00:00:39.942273,Gutheil-Schoder-Gasse / Badner Bahn,15,346999
2025-10-18T00:00:39.942273,Gutheil-Schoder-Gasse / Badner Bahn,15,346666
2025-10-18T00:00:39.942273,Gutheil-Schoder-Gasse / Badner Bahn,15,346595
2025-10-18T00:00:39.942273,Gutheil-Schoder-Gasse / Badner Bahn,15,347467
2025-10-18T00:00:39.942273,Gutheil-Schoder-Gasse / Badner Bahn,15,347357
2025-10-18T00:00:39.942273,Gutheil-Schoder-Gasse / Badner Bahn,15,347284
2025-10-18T00:00:39.942273,Gutheil-Schoder-Gasse / Badner Bahn,15,347223
2025-10-18T00:00:39.942273,Gutheil-Schoder-Gasse / Badner Bahn,15,347082
2025-10-18T00:00:39.942273,Gutheil-Schoder-Gasse / Badner Bahn,15,348380
2025-10-18T00:00:39.942273,Gutheil-Schoder-Gasse / Badner Bahn,15,348360
2025-10-18T00:00:39.942273,Neu Leopoldau,3,346760
2025-10-18T00:00:39.942273,Neu Leopoldau,3,347292
2025-10-18T00:00:39.942273,Neu Leopoldau,3,347947
2025-10-18T00:00:39.942273,Strebersdorf S,12,345427
2025-10-18T00:00:39.942273,Strebersdorf S,12,345217
2025-10-18T00:00:39.942273,Strebersdorf S,12,345138
2025-10-18T00:00:39.942273,Strebersdorf S,12,345853
2025-10-18T00:00:39.942273,Strebersdorf S,12,345541
2025-10-18T00:00:39.942273,Strebersdorf S,12,346010
2025-10-18T00:00:39.942273,Strebersdorf S,12,346788
2025-10-18T00:00:39.942273,Strebersdorf S,12,346715
2025-10-18T00:00:39.942273,Strebersdorf S,12,347427
2025-10-18T00:00:39.942273,Strebersdorf S,12,347043
2025-10-18T00:00:39.942273,Strebersdorf S,12,347560
2025-10-18T00:00:39.942273,Strebersdorf S,12,348140
2025-10-18T00:00:39.942273,Rodlergasse,6,345950
2025-10-18T00:00:39.942273,Rodlergasse,6,346113
2025-10-18T00:00:39.942273,Rodlergasse,6,346698
2025-10-18T00:00:39.942273,Rodlergasse,6,347024
2025-10-18T00:00:39.942273,Rodlergasse,6,348551
2025-10-18T00:00:39.942273,Rodlergasse,6,349098
2025-10-18T00:00:39.942273,Nussbaumallee,18,345216
2025-10-18T00:00:39.942273,Nussbaumallee,18,345145
2025-10-18T00:00:39.942273,Nussbaumallee,18,345121
2025-10-18T00:00:39.942273,Nussbaumallee,18,345025
2025-10-18T00:00:39.942273,Nussbaumallee,18,345751
2025-10-18T00:00:39.942273,Nussbaumallee,18,345527
2025-10-18T00:00:39.942273,Nussbaumallee,18,346490
2025-10-18T00:00:39.942273,Nussbaumallee,18,346251
2025-10-18T00:00:39.942273,Nussbaumallee,18,346080
2025-10-18T00:00:39.942273,Nussbaumallee,18,346817
2025-10-18T00:00:39.942273,Nussbaumallee,18,347583
2025-10-18T00:00:39.942273,Nussbaumallee,18,347565
2025-10-18T00:00:39.942273,Nussbaumallee,18,347539
2025-10-18T00:00:39.942273,Nussbaumallee,18,348034
2025-10-18T00:00:39.942273,Nussbaumallee,18,348615
2025-10-18T00:00:39.942273,Nussbaumallee,18,348602
2025-10-18T00:00:39.942273,Nussbaumallee,18,348524
2025-10-18T00:00:39.942273,Nussbaumallee,18,349115
2025-10-18T00:00:39.942273,Raxstraße,9,345074
2025-10-18T00:00:39.942273,Raxstraße,9,345995
2025-10-18T00:00:39.942273,Raxstraße,9,346494
2025-10-18T00:00:39.942273,Raxstraße,9,346449
2025-10-18T00:00:39.942273,Raxstraße,9,346874
2025-10-18T00:00:39.942273,Raxstraße,9,348282
2025-10-18T00:00:39.942273,Raxstraße,9,398755
2025-10-18T00:00:39.942273,Raxstraße,9,348931
2025-10-18T00:00:39.942273,Raxstraße,9,348822
2025-10-18T00:00:39.942273,Wattmanngasse,20,345125
2025-10-18T00:00:39.942273,Wattmanngasse,20,345055
2025-10-18T00:00:39.942273,Wattmanngasse,20,345836
2025-10-18T00:00:39.942273,Wattmanngasse,20,345789
2025-10-18T00:00:39.942273,Wattmanngasse,20,345666
2025-10-18T00:00:39.942273,Wattmanngasse,20,346076
2025-10-18T00:00:39.942273,Wattmanngasse,20,346028
2025-10-18T00:00:39.942273,Wattmanngasse,20,346676
2025-10-18T00:00:39.942273,Wattmanngasse,20,346523
2025-10-18T00:00:39.942273,Wattmanngasse,20,347152
2025-10-18T00:00:39.942273,Wattmanngasse,20,347564
2025-10-18T00:00:39.942273,Wattmanngasse,20,347531
2025-10-18T00:00:39.942273,Wattmanngasse,20,348422
2025-10-18T00:00:39.942273,Wattmanngasse,20,348370
2025-10-18T00:00:39.942273,Wattmanngasse,20,348320
2025-10-18T00:00:39.942273,Wattmanngasse,20,348668
2025-10-18T00:00:39.942273,Wattmanngasse,20,398856
2025-10-18T00:00:39.942273,Wattmanngasse,20,398849
2025-10-18T00:00:39.942273,Wattmanngasse,20,398809
2025-10-18T00:00:39.942273,Wattmanngasse,20,398727
2025-10-18T00:00:39.942273,Joachimsthaler Platz,1,348816
2025-10-18T00:00:39.942273,Floridsdorfer Markt,20,345266
2025-10-18T00:00:39.942273,Floridsdorfer Markt,20,345080
2025-10-18T00:00:39.942273,Floridsdorfer Markt,20,345015
2025-10-18T00:00:39.942273,Floridsdorfer Markt,20,345562
2025-10-18T00:00:39.942273,Floridsdorfer Markt,20,346458
2025-10-18T00:00:39.942273,Floridsdorfer Markt,20,346869
2025-10-18T00:00:39.942273,Floridsdorfer Markt,20,346735
2025-10-18T00:00:39.942273,Floridsdorfer Markt,20,346633
2025-10-18T00:00:39.942273,Floridsdorfer Markt,20,347480
2025-10-18T00:00:39.942273,Floridsdorfer Markt,20,347353
2025-10-18T00:00:39.942273,Floridsdorfer Markt,20,347345
2025-10-18T00:00:39.942273,Floridsdorfer Markt,20,347028
2025-10-18T00:00:39.942273,Floridsdorfer Markt,20,347582
2025-10-18T00:00:39.942273,Floridsdorfer Markt,20,348455
2025-10-18T00:00:39.942273,Floridsdorfer Markt,20,348233
2025-10-18T00:00:39.942273,Floridsdorfer Markt,20,348136
2025-10-18T00:00:39.942273,Floridsdorfer Markt,20,348058
2025-10-18T00:00:39.942273,Floridsdorfer Markt,20,348608
2025-10-18T00:00:39.942273,Floridsdorfer Markt,20,348818
2025-10-18T00:00:39.942273,Floridsdorfer Markt,20,398869
2025-10-18T00:00:39.942273,Nussdorf S,20,345374
2025-10-18T00:00:39.942273,Nussdorf S,20,345320
2025-10-18T00:00:39.942273,Nussdorf S,20,345678
2025-10-18T00:00:39.942273,Nussdorf S,20,346390
2025-10-18T00:00:39.942273,Nussdorf S,20,346266
2025-10-18T00:00:39.942273,Nussdorf S,20,346131
2025-10-18T00:00:39.942273,Nussdorf S,20,346108
2025-10-18T00:00:39.942273,Nussdorf S,20,346901
2025-10-18T00:00:39.942273,Nussdorf S,20,346812
2025-10-18T00:00:39.942273,Nussdorf S,20,346617
2025-10-18T00:00:39.942273,Nussdorf S,20,347391
2025-10-18T00:00:39.942273,Nussdorf S,20,347339
2025-10-18T00:00:39.942273,Nussdorf S,20,347081
2025-10-18T00:00:39.942273,Nussdorf S,20,347767
2025-10-18T00:00:39.942273,Nussdorf S,20,347593
2025-10-18T00:00:39.942273,Nussdorf S,20,347568
2025-10-18T00:00:39.942273,Nussdorf S,20,347552
2025-10-18T00:00:39.942273,Nussdorf S,20,348200
2025-10-18T00:00:39.942273,Nussdorf S,20,348125
2025-10-18T00:00:39.942273,Nussdorf S,20,348626
2025-10-18T00:00:39.942273,Bertha-von-Suttner-Gasse,14,345278
2025-10-18T00:00:39.942273,Bertha-von-Suttner-Gasse,14,345014
2025-10-18T00:00:39.942273,Bertha-von-Suttner-Gasse,14,345737
2025-10-18T00:00:39.942273,Bertha-von-Suttner-Gasse,14,345615
2025-10-18T00:00:39.942273,Bertha-von-Suttner-Gasse,14,346134
2025-10-18T00:00:39.942273,Bertha-von-Suttner-Gasse,14,347418
2025-10-18T00:00:39.942273,Bertha-von-Suttner-Gasse,14,347964
2025-10-18T00:00:39.942273,Bertha-von-Suttner-Gasse,14,347961
2025-10-18T00:00:39.942273,Bertha-von-Suttner-Gasse,14,347822
2025-10-18T00:00:39.942273,Bertha-von-Suttner-Gasse,14,347599
2025-10-18T00:00:39.942273,Bertha-von-Suttner-Gasse,14,348015
2025-10-18T00:00:39.942273,Bertha-von-Suttner-Gasse,14,348612
2025-10-18T00:00:39.942273,Bertha-von-Suttner-Gasse,14,348537
2025-10-18T00:00:39.942273,Bertha-von-Suttner-Gasse,14,349171
2025-10-18T00:00:39.942273,Hauptbahnhof Ost,19,345412
2025-10-18T00:00:39.942273,Hauptbahnhof Ost,19,345248
2025-10-18T00:00:39.942273,Hauptbahnhof Ost,19,345677
2025-10-18T00:00:39.942273,Hauptbahnhof Ost,19,345556
2025-10-18T00:00:39.942273,Hauptbahnhof Ost,19,346379
2025-10-18T00:00:39.942273,Hauptbahnhof Ost,19,346942
2025-10-18T00:00:39.942273,Hauptbahnhof Ost,19,346780
2025-10-18T00:00:39.942273,Hauptbahnhof Ost,19,346667
2025-10-18T00:00:39.942273,Hauptbahnhof Ost,19,346585
2025-10-18T00:00:39.942273,Hauptbahnhof Ost,19,347420
2025-10-18T00:00:39.942273,Hauptbahnhof Ost,19,347845
2025-10-18T00:00:39.942273,Hauptbahnhof Ost,19,347605
2025-10-18T00:00:39.942273,Hauptbahnhof Ost,19,348424
2025-10-18T00:00:39.942273,Hauptbahnhof Ost,19,348321
2025-10-18T00:00:39.942273,Hauptbahnhof Ost,19,348261
2025-10-18T00:00:39.942273,Hauptbahnhof Ost,19,349011
2025-10-18T00:00:39.942273,Hauptbahnhof Ost,19,348972
2025-10-18T00:00:39.942273,Hauptbahnhof Ost,19,349141
2025-10-18T00:00:39.942273,Hauptbahnhof Ost,19,349118
2025-10-18T00:00:39.942273,FH Technikum,11,345451
2025-10-18T00:00:39.942273,FH Technikum,11,345951
2025-10-18T00:00:39.942273,FH Technikum,11,346804
2025-10-18T00:00:39.942273,FH Technikum,11,347474
2025-10-18T00:00:39.942273,FH Technikum,11,347315
2025-10-18T00:00:39.942273,FH Technikum,11,347219
2025-10-18T00:00:39.942273,FH Technikum,11,347821
2025-10-18T00:00:39.942273,FH Technikum,11,347724
2025-10-18T00:00:39.942273,FH Technikum,11,347672
2025-10-18T00:00:39.942273,FH Technikum,11,398861
2025-10-18T00:00:39.942273,FH Technikum,11,349062
2025-10-18T00:00:39.942273,Hafen Wien,10,345302
2025-10-18T00:00:39.942273,Hafen Wien,10,345167
2025-10-18T00:00:39.942273,Hafen Wien,10,345991
2025-10-18T00:00:39.942273,Hafen Wien,10,345767
2025-10-18T00:00:39.942273,Hafen Wien,10,346556
2025-10-18T00:00:39.942273,Hafen Wien,10,347415
2025-10-18T00:00:39.942273,Hafen Wien,10,347248
2025-10-18T00:00:39.942273,Hafen Wien,10,348420
2025-10-18T00:00:39.942273,Hafen Wien,10,348064
2025-10-18T00:00:39.942273,Hafen Wien,10,398734
2025-10-18T00:00:39.942273,Hundertwasserhaus,7,345463
2025-10-18T00:00:39.942273,Hundertwasserhaus,7,345392
2025-10-18T00:00:39.942273,Hundertwasserhaus,7,345116
2025-10-18T00:00:39.942273,Hundertwasserhaus,7,345097
2025-10-18T00:00:39.942273,Hundertwasserhaus,7,345904
2025-10-18T00:00:39.942273,Hundertwasserhaus,7,346850
2025-10-18T00:00:39.942273,Hundertwasserhaus,7,346528
2025-10-18T00:00:39.942273,Seestadt U - Lina-Bo-Bardi-Platz,27,345486
2025-10-18T00:00:39.942273,Seestadt U - Lina-Bo-Bardi-Platz,27,345293
2025-10-18T00:00:39.942273,Seestadt U - Lina-Bo-Bardi-Platz,27,345657
2025-10-18T00:00:39.942273,Seestadt U - Lina-Bo-Bardi-Platz,27,345525
2025-10-18T00:00:39.942273,Seestadt U - Lina-Bo-Bardi-Platz,27,346467
2025-10-18T00:00:39.942273,Seestadt U - Lina-Bo-Bardi-Platz,27,346331
2025-10-18T00:00:39.942273,Seestadt U - Lina-Bo-Bardi-Platz,27,346171
2025-10-18T00:00:39.942273,Seestadt U - Lina-Bo-Bardi-Platz,27,346167
2025-10-18T00:00:39.942273,Seestadt U - Lina-Bo-Bardi-Platz,27,346098
2025-10-18T00:00:39.942273,Seestadt U - Lina-Bo-Bardi-Platz,27,346016
2025-10-18T00:00:39.942273,Seestadt U - Lina-Bo-Bardi-Platz,27,346004
2025-10-18T00:00:39.942273,Seestadt U - Lina-Bo-Bardi-Platz,27,346966
2025-10-18T00:00:39.942273,Seestadt U - Lina-Bo-Bardi-Platz,27,346897
2025-10-18T00:00:39.942273,Seestadt U - Lina-Bo-Bardi-Platz,27,346849
2025-10-18T00:00:39.942273,Seestadt U - Lina-Bo-Bardi-Platz,27,347171
2025-10-18T00:00:39.942273,Seestadt U - Lina-Bo-Bardi-Platz,27,347137
2025-10-18T00:00:39.942273,Seestadt U - Lina-Bo-Bardi-Platz,27,347065
2025-10-18T00:00:39.942273,Seestadt U - Lina-Bo-Bardi-Platz,27,347774
2025-10-18T00:00:39.942273,Seestadt U - Lina-Bo-Bardi-Platz,27,348124
2025-10-18T00:00:39.942273,Seestadt U - Lina-Bo-Bardi-Platz,27,348067
2025-10-18T00:00:39.942273,Seestadt U - Lina-Bo-Bardi-Platz,27,348002
2025-10-18T00:00:39.942273,Seestadt U - Lina-Bo-Bardi-Platz,27,348511
2025-10-18T00:00:39.942273,Seestadt U - Lina-Bo-Bardi-Platz,27,348510
2025-10-18T00:00:39.942273,Seestadt U - Lina-Bo-Bardi-Platz,27,348593
2025-10-18T00:00:39.942273,Seestadt U - Lina-Bo-Bardi-Platz,27,348517
2025-10-18T00:00:39.942273,Seestadt U - Lina-Bo-Bardi-Platz,27,349077
2025-10-18T00:00:39.942273,Seestadt U - Lina-Bo-Bardi-Platz,27,348842
2025-10-18T00:00:39.942273,Barbara-Prammer-Allee,11,345472
2025-10-18T00:00:39.942273,Barbara-Prammer-Allee,11,345435
2025-10-18T00:00:39.942273,Barbara-Prammer-Allee,11,345269
2025-10-18T00:00:39.942273,Barbara-Prammer-Allee,11,345972
2025-10-18T00:00:39.942273,Barbara-Prammer-Allee,11,345683
2025-10-18T00:00:39.942273,Barbara-Prammer-Allee,11,346406
2025-10-18T00:00:39.942273,Barbara-Prammer-Allee,11,346237
2025-10-18T00:00:39.942273,Barbara-Prammer-Allee,11,346657
2025-10-18T00:00:39.942273,Barbara-Prammer-Allee,11,347307
2025-10-18T00:00:39.942273,Barbara-Prammer-Allee,11,347949
2025-10-18T00:00:39.942273,Barbara-Prammer-Allee,11,347743
2025-10-18T00:00:39.942273,Sonnenallee,16,345464
2025-10-18T00:00:39.942273,Sonnenallee,16,345407
2025-10-18T00:00:39.942273,Sonnenallee,16,345068
2025-10-18T00:00:39.942273,Sonnenallee,16,345955
2025-10-18T00:00:39.942273,Sonnenallee,16,345702
2025-10-18T00:00:39.942273,Sonnenallee,16,346440
2025-10-18T00:00:39.942273,Sonnenallee,16,346391
2025-10-18T00:00:39.942273,Sonnenallee,16,346329
2025-10-18T00:00:39.942273,Sonnenallee,16,346267
2025-10-18T00:00:39.942273,Sonnenallee,16,346952
2025-10-18T00:00:39.942273,Sonnenallee,16,346627
2025-10-18T00:00:39.942273,Sonnenallee,16,348486
2025-10-18T00:00:39.942273,Sonnenallee,16,348218
2025-10-18T00:00:39.942273,Sonnenallee,16,348165
2025-10-18T00:00:39.942273,Sonnenallee,16,348516
2025-10-18T00:00:39.942273,Sonnenallee,16,349125
2025-10-18T00:00:39.942273,AIT Austrian Institute of Technology / Giefinggasse ,2,347261
2025-10-18T00:00:39.942273,AIT Austrian Institute of Technology / Giefinggasse ,2,348999
2025-10-18T00:00:39.942273,Hannovermarkt (20),4,345228
2025-10-18T00:00:39.942273,Hannovermarkt (20),4,346255
2025-10-18T00:00:39.942273,Hannovermarkt (20),4,346510
2025-10-18T00:00:39.942273,Hannovermarkt (20),4,347816
2025-10-18T00:00:39.942273,Blériotgasse,5,345669
2025-10-18T00:00:39.942273,Blériotgasse,5,346298
2025-10-18T00:00:39.942273,Blériotgasse,5,348604
2025-10-18T00:00:39.942273,Blériotgasse,5,349090
2025-10-18T00:00:39.942273,Blériotgasse,5,349159
2025-10-18T00:00:39.942273,Vetmed Haupteingang,1,348577
2025-10-18T00:00:39.942273,Vetmed UB,7,345124
2025-10-18T00:00:39.942273,Vetmed UB,7,345643
2025-10-18T00:00:39.942273,Vetmed UB,7,346858
2025-10-18T00:00:39.942273,Vetmed UB,7,348213
2025-10-18T00:00:39.942273,Vetmed UB,7,348873
2025-10-18T00:00:39.942273,Vetmed UB,7,348838
2025-10-18T00:00:39.942273,Vetmed UB,7,349184
2025-10-18T00:00:39.942273,Rebhanngasse / Nordbahnstrasse,12,345460
2025-10-18T00:00:39.942273,Rebhanngasse / Nordbahnstrasse,12,345447
2025-10-18T00:00:39.942273,Rebhanngasse / Nordbahnstrasse,12,346690
2025-10-18T00:00:39.942273,Rebhanngasse / Nordbahnstrasse,12,347385
2025-10-18T00:00:39.942273,Rebhanngasse / Nordbahnstrasse,12,348138
2025-10-18T00:00:39.942273,Rebhanngasse / Nordbahnstrasse,12,348702
2025-10-18T00:00:39.942273,Rebhanngasse / Nordbahnstrasse,12,348675
2025-10-18T00:00:39.942273,Rebhanngasse / Nordbahnstrasse,12,348625
2025-10-18T00:00:39.942273,Rebhanngasse / Nordbahnstrasse,12,348600
2025-10-18T00:00:39.942273,Rebhanngasse / Nordbahnstrasse,12,398818
2025-10-18T00:00:39.942273,Rebhanngasse / Nordbahnstrasse,12,398752
2025-10-18T00:00:39.942273,Rebhanngasse / Nordbahnstrasse,12,349121
2025-10-18T00:00:39.942273,Nordbahnstrasse,5,346418
2025-10-18T00:00:39.942273,Nordbahnstrasse,5,346954
2025-10-18T00:00:39.942273,Nordbahnstrasse,5,346929
2025-10-18T00:00:39.942273,Nordbahnstrasse,5,348351
2025-10-18T00:00:39.942273,Nordbahnstrasse,5,349200
2025-10-18T00:00:39.942273,BIKE 348981,1,348981
2025-10-18T00:00:39.942273,BIKE 349161,1,349161
2025-10-18T00:00:39.942273,BIKE 348541,1,348541
2025-10-18T00:00:39.942273,BIKE 345023,1,345023
2025-10-18T00:00:39.942273,BIKE 348215,1,348215
2025-10-18T00:00:39.942273,BIKE 348834,1,348834
2025-10-18T00:00:39.942273,BIKE 346604,1,346604
2025-10-18T00:00:39.942273,BIKE 347144,1,347144
2025-10-18T00:00:39.942273,BIKE 349107,1,349107
2025-10-18T00:00:39.942273,BIKE 349017,1,349017
2025-10-18T00:00:39.942273,BIKE 349109,1,349109
2025-10-18T00:00:39.942273,BIKE 348941,1,348941
2025-10-18T00:00:39.942273,BIKE 345560,1,345560
2025-10-18T00:00:39.942273,BIKE 348863,1,348863
2025-10-18T00:00:39.942273,BIKE 99946,1,99946
2025-10-18T00:00:39.942273,BIKE 348847,1,348847
2025-10-18T00:00:39.942273,BIKE 348984,1,348984
2025-10-18T00:00:39.942273,BIKE 348908,1,348908
2025-10-18T00:00:39.942273,BIKE 349137,1,349137
2025-10-18T00:00:39.942273,BIKE 348806,1,348806
2025-10-18T00:00:39.942273,BIKE 349053,1,349053
2025-10-18T00:00:39.942273,BIKE 346888,1,346888
2025-10-18T00:00:39.942273,BIKE 348898,1,348898
2025-10-18T00:00:39.942273,BIKE 349093,1,349093
2025-10-18T00:00:39.942273,BIKE 348860,1,348860
2025-10-18T00:00:39.942273,BIKE 345175,1,345175
2025-10-18T00:00:39.942273,BIKE 346025,1,346025
2025-10-18T00:00:39.942273,BIKE 348591,1,348591
2025-10-18T00:00:39.942273,BIKE 348413,1,348413
2025-10-18T00:00:39.942273,BIKE 348850,1,348850
2025-10-18T00:00:39.942273,BIKE 349105,1,349105
2025-10-18T00:00:39.942273,BIKE 348227,1,348227
2025-10-18T00:00:39.942273,BIKE 349004,1,349004
2025-10-18T00:00:39.942273,BIKE 345497,1,345497
2025-10-18T00:00:39.942273,BIKE 348645,1,348645
2025-10-18T00:00:39.942273,BIKE 348868,1,348868
2025-10-18T00:00:39.942273,BIKE 347768,1,347768
2025-10-18T00:00:39.942273,BIKE 346768,1,346768
2025-10-18T00:00:39.942273,BIKE 348969,1,348969
2025-10-18T00:00:39.942273,BIKE 345473,1,345473
2025-10-18T00:00:39.942273,BIKE 348936,1,348936
2025-10-18T00:00:39.942273,BIKE 348978,1,348978
2025-10-18T00:00:39.942273,BIKE 347601,1,347601
2025-10-18T00:00:39.942273,BIKE 348649,1,348649
2025-10-18T00:00:39.942273,BIKE 345578,1,345578
2025-10-18T00:00:39.942273,BIKE 346359,1,346359
2025-10-18T00:00:39.942273,BIKE 348980,1,348980
2025-10-18T00:00:39.942273,BIKE 345915,1,345915
2025-10-18T00:00:39.942273,BIKE 348234,1,348234
2025-10-18T00:00:39.942273,BIKE 346402,1,346402
2025-10-18T00:00:39.942273,BIKE 346355,1,346355
2025-10-18T00:00:39.942273,BIKE 345237,1,345237
2025-10-18T00:00:39.942273,BIKE 348021,1,348021
2025-10-18T00:00:39.942273,BIKE 345291,1,345291
2025-10-18T00:00:39.942273,BIKE 349073,1,349073
2025-10-18T00:00:39.942273,BIKE 346349,1,346349
2025-10-18T00:00:39.942273,BIKE 349045,1,349045
2025-10-18T00:00:39.942273,BIKE 346590,1,346590
2025-10-18T00:00:39.942273,BIKE 345156,1,345156
2025-10-18T00:00:39.942273,BIKE 345092,1,345092
2025-10-18T00:00:39.942273,BIKE 348100,1,348100
2025-10-18T00:00:39.942273,BIKE 346421,1,346421
2025-10-18T00:00:39.942273,BIKE 348914,1,348914
2025-10-18T00:00:39.942273,BIKE 345154,1,345154
2025-10-18T00:00:39.942273,BIKE 349135,1,349135
2025-10-18T00:00:39.942273,BIKE 345195,1,345195
2025-10-18T00:00:39.942273,BIKE 345997,1,345997
2025-10-18T00:00:39.942273,BIKE 349160,1,349160
2025-10-18T00:00:39.942273,BIKE 348974,1,348974
2025-10-18T00:00:39.942273,BIKE 347237,1,347237
2025-10-18T00:00:39.942273,BIKE 346943,1,346943
2025-10-18T00:00:39.942273,BIKE 348633,1,348633
2025-10-18T00:00:39.942273,BIKE 348832,1,348832
2025-10-18T00:00:39.942273,BIKE 345029,1,345029
2025-10-18T00:00:39.942273,BIKE 346398,1,346398
2025-10-18T00:00:39.942273,BIKE 348662,1,348662
2025-10-18T00:00:39.942273,BIKE 347588,1,347588
2025-10-18T00:00:39.942273,BIKE 349117,1,349117
2025-10-18T00:00:39.942273,BIKE 346424,1,346424
2025-10-18T00:00:39.942273,BIKE 348867,1,348867
2025-10-18T00:00:39.942273,BIKE 348219,1,348219
2025-10-18T00:00:39.942273,BIKE 345589,1,345589
2025-10-18T00:00:39.942273,BIKE 349032,1,349032
2025-10-18T00:00:39.942273,BIKE 348808,1,348808
2025-10-18T00:00:39.942273,BIKE 347150,1,347150
2025-10-18T00:00:39.942273,BIKE 345163,1,345163
2025-10-18T00:00:39.942273,BIKE 345415,1,345415
2025-10-18T00:00:39.942273,BIKE 349172,1,349172
2025-10-18T00:00:39.942273,BIKE 346845,1,346845
2025-10-18T00:00:39.942273,BIKE 345808,1,345808
2025-10-18T00:00:39.942273,BIKE 349113,1,349113
2025-10-18T00:00:39.942273,BIKE 398811,1,398811
2025-10-18T00:00:39.942273,BIKE 345130,1,345130
2025-10-18T00:00:39.942273,BIKE 346582,1,346582
2025-10-18T00:00:39.942273,BIKE 348162,1,348162
2025-10-18T00:00:39.942273,BIKE 345061,1,345061
2025-10-18T00:00:39.942273,BIKE 348484,1,348484
2025-10-18T00:00:39.942273,BIKE 345651,1,345651
2025-10-18T00:00:39.942273,BIKE 347720,1,347720
2025-10-18T00:00:39.942273,BIKE 347380,1,347380
2025-10-18T00:00:39.942273,BIKE 346351,1,346351
2025-10-18T00:00:39.942273,BIKE 347473,1,347473
2025-10-18T00:00:39.942273,BIKE 346704,1,346704
2025-10-18T00:00:39.942273,BIKE 347741,1,347741
2025-10-18T00:00:39.942273,BIKE 345135,1,345135
2025-10-18T00:00:39.942273,BIKE 346297,1,346297
2025-10-18T00:00:39.942273,BIKE 346534,1,346534
2025-10-18T00:00:39.942273,BIKE 346447,1,346447
2025-10-18T01:55:58.906868,Julius-Raab-Platz,3,345332
2025-10-18T01:55:58.906868,Julius-Raab-Platz,3,346700
2025-10-18T01:55:58.906868,Julius-Raab-Platz,3,347070
2025-10-18T01:55:58.906868,Hoher Markt,23,345361
2025-10-18T01:55:58.906868,Hoher Markt,23,345345
2025-10-18T01:55:58.906868,Hoher Markt,23,345343
2025-10-18T01:55:58.906868,Hoher Markt,23,345321
2025-10-18T01:55:58.906868,Hoher Markt,23,345205
2025-10-18T01:55:58.906868,Hoher Markt,23,345172
2025-10-18T01:55:58.906868,Hoher Markt,23,345036
2025-10-18T01:55:58.906868,Hoher Markt,23,345698
2025-10-18T01:55:58.906868,Hoher Markt,23,345590
2025-10-18T01:55:58.906868,Hoher Markt,23,345573
2025-10-18T01:55:58.906868,Hoher Markt,23,346412
2025-10-18T01:55:58.906868,Hoher Markt,23,346223
2025-10-18T01:55:58.906868,Hoher Markt,23,346008
2025-10-18T01:55:58.906868,Hoher Markt,23,346689
2025-10-18T01:55:58.906868,Hoher Markt,23,346532
2025-10-18T01:55:58.906868,Hoher Markt,23,347238
2025-10-18T01:55:58.906868,Hoher Markt,23,347134
2025-10-18T01:55:58.906868,Hoher Markt,23,347998
2025-10-18T01:55:58.906868,Hoher Markt,23,347941
2025-10-18T01:55:58.906868,Hoher Markt,23,347739
2025-10-18T01:55:58.906868,Hoher Markt,23,348656
2025-10-18T01:55:58.906868,Hoher Markt,23,348595
2025-10-18T01:55:58.906868,Hoher Markt,23,398740
2025-10-18T01:55:58.906868,Oper,18,345425
2025-10-18T01:55:58.906868,Oper,18,345311
2025-10-18T01:55:58.906868,Oper,18,345305
2025-10-18T01:55:58.906868,Oper,18,345051
2025-10-18T01:55:58.906868,Oper,18,345928
2025-10-18T01:55:58.906868,Oper,18,345806
2025-10-18T01:55:58.906868,Oper,18,345790
2025-10-18T01:55:58.906868,Oper,18,346275
2025-10-18T01:55:58.906868,Oper,18,346960
2025-10-18T01:55:58.906868,Oper,18,346959
2025-10-18T01:55:58.906868,Oper,18,347107
2025-10-18T01:55:58.906868,Oper,18,347067
2025-10-18T01:55:58.906868,Oper,18,347709
2025-10-18T01:55:58.906868,Oper,18,348301
2025-10-18T01:55:58.906868,Oper,18,348151
2025-10-18T01:55:58.906868,Oper,18,348092
2025-10-18T01:55:58.906868,Oper,18,348596
2025-10-18T01:55:58.906868,Oper,18,348569
2025-10-18T01:55:58.906868,Volksgarten,4,345664
2025-10-18T01:55:58.906868,Volksgarten,4,347835
2025-10-18T01:55:58.906868,Volksgarten,4,347652
2025-10-18T01:55:58.906868,Volksgarten,4,348270
2025-10-18T01:55:58.906868,Stephansplatz U,24,345822
2025-10-18T01:55:58.906868,Stephansplatz U,24,345710
2025-10-18T01:55:58.906868,Stephansplatz U,24,345676
2025-10-18T01:55:58.906868,Stephansplatz U,24,345661
2025-10-18T01:55:58.906868,Stephansplatz U,24,345543
2025-10-18T01:55:58.906868,Stephansplatz U,24,346486
2025-10-18T01:55:58.906868,Stephansplatz U,24,346453
2025-10-18T01:55:58.906868,Stephansplatz U,24,346322
2025-10-18T01:55:58.906868,Stephansplatz U,24,346186
2025-10-18T01:55:58.906868,Stephansplatz U,24,346151
2025-10-18T01:55:58.906868,Stephansplatz U,24,346933
2025-10-18T01:55:58.906868,Stephansplatz U,24,346852
2025-10-18T01:55:58.906868,Stephansplatz U,24,346707
2025-10-18T01:55:58.906868,Stephansplatz U,24,346522
2025-10-18T01:55:58.906868,Stephansplatz U,24,347470
2025-10-18T01:55:58.906868,Stephansplatz U,24,347044
2025-10-18T01:55:58.906868,Stephansplatz U,24,347802
2025-10-18T01:55:58.906868,Stephansplatz U,24,347685
2025-10-18T01:55:58.906868,Stephansplatz U,24,347675
2025-10-18T01:55:58.906868,Stephansplatz U,24,347637
2025-10-18T01:55:58.906868,Stephansplatz U,24,348095
2025-10-18T01:55:58.906868,Stephansplatz U,24,398815
2025-10-18T01:55:58.906868,Stephansplatz U,24,398753
2025-10-18T01:55:58.906868,Stephansplatz U,24,398725
2025-10-18T01:55:58.906868,Taborstraße U,11,345128
2025-10-18T01:55:58.906868,Taborstraße U,11,345078
2025-10-18T01:55:58.906868,Taborstraße U,11,345865
2025-10-18T01:55:58.906868,Taborstraße U,11,346189
2025-10-18T01:55:58.906868,Taborstraße U,11,347251
2025-10-18T01:55:58.906868,Taborstraße U,11,347197
2025-10-18T01:55:58.906868,Taborstraße U,11,347736
2025-10-18T01:55:58.906868,Taborstraße U,11,348208
2025-10-18T01:55:58.906868,Taborstraße U,11,348080
2025-10-18T01:55:58.906868,Taborstraße U,11,348606
2025-10-18T01:55:58.906868,Taborstraße U,11,349145
2025-10-18T01:55:58.906868,WU-Campus / Südportalstraße ,18,345366
2025-10-18T01:55:58.906868,WU-Campus / Südportalstraße ,18,345140
2025-10-18T01:55:58.906868,WU-Campus / Südportalstraße ,18,345117
2025-10-18T01:55:58.906868,WU-Campus / Südportalstraße ,18,345027
2025-10-18T01:55:58.906868,WU-Campus / Südportalstraße ,18,345965
2025-10-18T01:55:58.906868,WU-Campus / Südportalstraße ,18,345851
2025-10-18T01:55:58.906868,WU-Campus / Südportalstraße ,18,346498
2025-10-18T01:55:58.906868,WU-Campus / Südportalstraße ,18,346150
2025-10-18T01:55:58.906868,WU-Campus / Südportalstraße ,18,346947
2025-10-18T01:55:58.906868,WU-Campus / Südportalstraße ,18,346877
2025-10-18T01:55:58.906868,WU-Campus / Südportalstraße ,18,346742
2025-10-18T01:55:58.906868,WU-Campus / Südportalstraße ,18,346734
2025-10-18T01:55:58.906868,WU-Campus / Südportalstraße ,18,347889
2025-10-18T01:55:58.906868,WU-Campus / Südportalstraße ,18,347738
2025-10-18T01:55:58.906868,WU-Campus / Südportalstraße ,18,348488
2025-10-18T01:55:58.906868,WU-Campus / Südportalstraße ,18,348471
2025-10-18T01:55:58.906868,WU-Campus / Südportalstraße ,18,349087
2025-10-18T01:55:58.906868,WU-Campus / Südportalstraße ,18,348887
2025-10-18T01:55:58.906868,Radetzkyplatz,31,345186
2025-10-18T01:55:58.906868,Radetzkyplatz,31,345083
2025-10-18T01:55:58.906868,Radetzkyplatz,31,345996
2025-10-18T01:55:58.906868,Radetzkyplatz,31,345974
2025-10-18T01:55:58.906868,Radetzkyplatz,31,345937
2025-10-18T01:55:58.906868,Radetzkyplatz,31,345885
2025-10-18T01:55:58.906868,Radetzkyplatz,31,345693
2025-10-18T01:55:58.906868,Radetzkyplatz,31,346426
2025-10-18T01:55:58.906868,Radetzkyplatz,31,346380
2025-10-18T01:55:58.906868,Radetzkyplatz,31,346154
2025-10-18T01:55:58.906868,Radetzkyplatz,31,346132
2025-10-18T01:55:58.906868,Radetzkyplatz,31,346985
2025-10-18T01:55:58.906868,Radetzkyplatz,31,346937
2025-10-18T01:55:58.906868,Radetzkyplatz,31,346922
2025-10-18T01:55:58.906868,Radetzkyplatz,31,346782
2025-10-18T01:55:58.906868,Radetzkyplatz,31,347316
2025-10-18T01:55:58.906868,Radetzkyplatz,31,347203
2025-10-18T01:55:58.906868,Radetzkyplatz,31,347004
2025-10-18T01:55:58.906868,Radetzkyplatz,31,347977
2025-10-18T01:55:58.906868,Radetzkyplatz,31,347740
2025-10-18T01:55:58.906868,Radetzkyplatz,31,347681
2025-10-18T01:55:58.906868,Radetzkyplatz,31,347641
2025-10-18T01:55:58.906868,Radetzkyplatz,31,348485
2025-10-18T01:55:58.906868,Radetzkyplatz,31,348204
2025-10-18T01:55:58.906868,Radetzkyplatz,31,348178
2025-10-18T01:55:58.906868,Radetzkyplatz,31,348147
2025-10-18T01:55:58.906868,Radetzkyplatz,31,348085
2025-10-18T01:55:58.906868,Radetzkyplatz,31,348653
2025-10-18T01:55:58.906868,Radetzkyplatz,31,349097
2025-10-18T01:55:58.906868,Radetzkyplatz,31,349031
2025-10-18T01:55:58.906868,Radetzkyplatz,31,348858
2025-10-18T01:55:58.906868,Erdberg U,17,345459
2025-10-18T01:55:58.906868,Erdberg U,17,345667
2025-10-18T01:55:58.906868,Erdberg U,17,345540
2025-10-18T01:55:58.906868,Erdberg U,17,346046
2025-10-18T01:55:58.906868,Erdberg U,17,346898
2025-10-18T01:55:58.906868,Erdberg U,17,346773
2025-10-18T01:55:58.906868,Erdberg U,17,347481
2025-10-18T01:55:58.906868,Erdberg U,17,347346
2025-10-18T01:55:58.906868,Erdberg U,17,347041
2025-10-18T01:55:58.906868,Erdberg U,17,347933
2025-10-18T01:55:58.906868,Erdberg U,17,347692
2025-10-18T01:55:58.906868,Erdberg U,17,348437
2025-10-18T01:55:58.906868,Erdberg U,17,348605
2025-10-18T01:55:58.906868,Erdberg U,17,348556
2025-10-18T01:55:58.906868,Erdberg U,17,348529
2025-10-18T01:55:58.906868,Erdberg U,17,398812
2025-10-18T01:55:58.906868,Erdberg U,17,349071
2025-10-18T01:55:58.906868,Media Quarter Marx,23,345494
2025-10-18T01:55:58.906868,Media Quarter Marx,23,345479
2025-10-18T01:55:58.906868,Media Quarter Marx,23,345262
2025-10-18T01:55:58.906868,Media Quarter Marx,23,345010
2025-10-18T01:55:58.906868,Media Quarter Marx,23,345900
2025-10-18T01:55:58.906868,Media Quarter Marx,23,345629
2025-10-18T01:55:58.906868,Media Quarter Marx,23,346215
2025-10-18T01:55:58.906868,Media Quarter Marx,23,346082
2025-10-18T01:55:58.906868,Media Quarter Marx,23,346033
2025-10-18T01:55:58.906868,Media Quarter Marx,23,346962
2025-10-18T01:55:58.906868,Media Quarter Marx,23,346802
2025-10-18T01:55:58.906868,Media Quarter Marx,23,346613
2025-10-18T01:55:58.906868,Media Quarter Marx,23,347188
2025-10-18T01:55:58.906868,Media Quarter Marx,23,347788
2025-10-18T01:55:58.906868,Media Quarter Marx,23,347776
2025-10-18T01:55:58.906868,Media Quarter Marx,23,347699
2025-10-18T01:55:58.906868,Media Quarter Marx,23,348312
2025-10-18T01:55:58.906868,Media Quarter Marx,23,348232
2025-10-18T01:55:58.906868,Media Quarter Marx,23,348046
2025-10-18T01:55:58.906868,Media Quarter Marx,23,348020
2025-10-18T01:55:58.906868,Media Quarter Marx,23,348584
2025-10-18T01:55:58.906868,Media Quarter Marx,23,348573
2025-10-18T01:55:58.906868,Media Quarter Marx,23,398862
2025-10-18T01:55:58.906868,Rennweg S,18,345948
2025-10-18T01:55:58.906868,Rennweg S,18,345947
2025-10-18T01:55:58.906868,Rennweg S,18,345580
2025-10-18T01:55:58.906868,Rennweg S,18,346438
2025-10-18T01:55:58.906868,Rennweg S,18,346428
2025-10-18T01:55:58.906868,Rennweg S,18,346903
2025-10-18T01:55:58.906868,Rennweg S,18,346527
2025-10-18T01:55:58.906868,Rennweg S,18,347411
2025-10-18T01:55:58.906868,Rennweg S,18,347293
2025-10-18T01:55:58.906868,Rennweg S,18,347164
2025-10-18T01:55:58.906868,Rennweg S,18,347955
2025-10-18T01:55:58.906868,Rennweg S,18,348497
2025-10-18T01:55:58.906868,Rennweg S,18,349058
2025-10-18T01:55:58.906868,Rennweg S,18,348935
2025-10-18T01:55:58.906868,Rennweg S,18,348877
2025-10-18T01:55:58.906868,Rennweg S,18,348837
2025-10-18T01:55:58.906868,Rennweg S,18,348800
2025-10-18T01:55:58.906868,Rennweg S,18,349181
2025-10-18T01:55:58.906868,Rochusmarkt,8,346653
2025-10-18T01:55:58.906868,Rochusmarkt,8,347449
2025-10-18T01:55:58.906868,Rochusmarkt,8,347388
2025-10-18T01:55:58.906868,Rochusmarkt,8,347762
2025-10-18T01:55:58.906868,Rochusmarkt,8,348405
2025-10-18T01:55:58.906868,Rochusmarkt,8,348156
2025-10-18T01:55:58.906868,Rochusmarkt,8,348599
2025-10-18T01:55:58.906868,Rochusmarkt,8,348929
2025-10-18T01:55:58.906868,Schwarzenbergplatz,8,345892
2025-10-18T01:55:58.906868,Schwarzenbergplatz,8,346448
2025-10-18T01:55:58.906868,Schwarzenbergplatz,8,346273
2025-10-18T01:55:58.906868,Schwarzenbergplatz,8,347320
2025-10-18T01:55:58.906868,Schwarzenbergplatz,8,347170
2025-10-18T01:55:58.906868,Schwarzenbergplatz,8,347843
2025-10-18T01:55:58.906868,Schwarzenbergplatz,8,348141
2025-10-18T01:55:58.906868,Schwarzenbergplatz,8,348992
2025-10-18T01:55:58.906868,Heumühlgasse,19,345318
2025-10-18T01:55:58.906868,Heumühlgasse,19,345973
2025-10-18T01:55:58.906868,Heumühlgasse,19,345961
2025-10-18T01:55:58.906868,Heumühlgasse,19,345939
2025-10-18T01:55:58.906868,Heumühlgasse,19,345639
2025-10-18T01:55:58.906868,Heumühlgasse,19,346093
2025-10-18T01:55:58.906868,Heumühlgasse,19,346762
2025-10-18T01:55:58.906868,Heumühlgasse,19,346546
2025-10-18T01:55:58.906868,Heumühlgasse,19,347442
2025-10-18T01:55:58.906868,Heumühlgasse,19,347425
2025-10-18T01:55:58.906868,Heumühlgasse,19,347217
2025-10-18T01:55:58.906868,Heumühlgasse,19,347124
2025-10-18T01:55:58.906868,Heumühlgasse,19,347040
2025-10-18T01:55:58.906868,Heumühlgasse,19,347029
2025-10-18T01:55:58.906868,Heumühlgasse,19,347962
2025-10-18T01:55:58.906868,Heumühlgasse,19,347849
2025-10-18T01:55:58.906868,Heumühlgasse,19,347624
2025-10-18T01:55:58.906868,Heumühlgasse,19,347620
2025-10-18T01:55:58.906868,Heumühlgasse,19,398842
2025-10-18T01:55:58.906868,Margaretengürtel U,36,345429
2025-10-18T01:55:58.906868,Margaretengürtel U,36,345284
2025-10-18T01:55:58.906868,Margaretengürtel U,36,345070
2025-10-18T01:55:58.906868,Margaretengürtel U,36,345052
2025-10-18T01:55:58.906868,Margaretengürtel U,36,345044
2025-10-18T01:55:58.906868,Margaretengürtel U,36,345873
2025-10-18T01:55:58.906868,Margaretengürtel U,36,345766
2025-10-18T01:55:58.906868,Margaretengürtel U,36,345724
2025-10-18T01:55:58.906868,Margaretengürtel U,36,346200
2025-10-18T01:55:58.906868,Margaretengürtel U,36,346054
2025-10-18T01:55:58.906868,Margaretengürtel U,36,346934
2025-10-18T01:55:58.906868,Margaretengürtel U,36,346682
2025-10-18T01:55:58.906868,Margaretengürtel U,36,346668
2025-10-18T01:55:58.906868,Margaretengürtel U,36,346651
2025-10-18T01:55:58.906868,Margaretengürtel U,36,346631
2025-10-18T01:55:58.906868,Margaretengürtel U,36,347394
2025-10-18T01:55:58.906868,Margaretengürtel U,36,347135
2025-10-18T01:55:58.906868,Margaretengürtel U,36,347089
2025-10-18T01:55:58.906868,Margaretengürtel U,36,347985
2025-10-18T01:55:58.906868,Margaretengürtel U,36,347931
2025-10-18T01:55:58.906868,Margaretengürtel U,36,347832
2025-10-18T01:55:58.906868,Margaretengürtel U,36,347764
2025-10-18T01:55:58.906868,Margaretengürtel U,36,347760
2025-10-18T01:55:58.906868,Margaretengürtel U,36,347702
2025-10-18T01:55:58.906868,Margaretengürtel U,36,347666
2025-10-18T01:55:58.906868,Margaretengürtel U,36,347640
2025-10-18T01:55:58.906868,Margaretengürtel U,36,348443
2025-10-18T01:55:58.906868,Margaretengürtel U,36,348356
2025-10-18T01:55:58.906868,Margaretengürtel U,36,348313
2025-10-18T01:55:58.906868,Margaretengürtel U,36,348110
2025-10-18T01:55:58.906868,Margaretengürtel U,36,348052
2025-10-18T01:55:58.906868,Margaretengürtel U,36,398816
2025-10-18T01:55:58.906868,Margaretengürtel U,36,398806
2025-10-18T01:55:58.906868,Margaretengürtel U,36,398768
2025-10-18T01:55:58.906868,Margaretengürtel U,36,348812
2025-10-18T01:55:58.906868,Margaretengürtel U,36,349136
2025-10-18T01:55:58.906868,Mittersteig,20,345299
2025-10-18T01:55:58.906868,Mittersteig,20,345275
2025-10-18T01:55:58.906868,Mittersteig,20,345960
2025-10-18T01:55:58.906868,Mittersteig,20,345566
2025-10-18T01:55:58.906868,Mittersteig,20,346207
2025-10-18T01:55:58.906868,Mittersteig,20,346119
2025-10-18T01:55:58.906868,Mittersteig,20,346000
2025-10-18T01:55:58.906868,Mittersteig,20,346910
2025-10-18T01:55:58.906868,Mittersteig,20,346620
2025-10-18T01:55:58.906868,Mittersteig,20,347491
2025-10-18T01:55:58.906868,Mittersteig,20,347191
2025-10-18T01:55:58.906868,Mittersteig,20,347156
2025-10-18T01:55:58.906868,Mittersteig,20,347059
2025-10-18T01:55:58.906868,Mittersteig,20,347911
2025-10-18T01:55:58.906868,Mittersteig,20,348229
2025-10-18T01:55:58.906868,Mittersteig,20,348079
2025-10-18T01:55:58.906868,Mittersteig,20,348534
2025-10-18T01:55:58.906868,Mittersteig,20,398776
2025-10-18T01:55:58.906868,Mittersteig,20,348836
2025-10-18T01:55:58.906868,Mittersteig,20,349177
2025-10-18T01:55:58.906868,Ceija-Stojka-Platz,4,346963
2025-10-18T01:55:58.906868,Ceija-Stojka-Platz,4,347314
2025-10-18T01:55:58.906868,Ceija-Stojka-Platz,4,347893
2025-10-18T01:55:58.906868,Ceija-Stojka-Platz,4,349000
2025-10-18T01:55:58.906868,Volkstheater U,13,345173
2025-10-18T01:55:58.906868,Volkstheater U,13,345658
2025-10-18T01:55:58.906868,Volkstheater U,13,346373
2025-10-18T01:55:58.906868,Volkstheater U,13,346815
2025-10-18T01:55:58.906868,Volkstheater U,13,347133
2025-10-18T01:55:58.906868,Volkstheater U,13,347103
2025-10-18T01:55:58.906868,Volkstheater U,13,347069
2025-10-18T01:55:58.906868,Volkstheater U,13,347791
2025-10-18T01:55:58.906868,Volkstheater U,13,347534
2025-10-18T01:55:58.906868,Volkstheater U,13,348028
2025-10-18T01:55:58.906868,Volkstheater U,13,349047
2025-10-18T01:55:58.906868,Volkstheater U,13,349028
2025-10-18T01:55:58.906868,Volkstheater U,13,348993
2025-10-18T01:55:58.906868,Zieglergasse U,3,345164
2025-10-18T01:55:58.906868,Zieglergasse U,3,346059
2025-10-18T01:55:58.906868,Zieglergasse U,3,348153
2025-10-18T01:55:58.906868,Oskar-Morgenstern-Platz,45,345367
2025-10-18T01:55:58.906868,Oskar-Morgenstern-Platz,45,345333
2025-10-18T01:55:58.906868,Oskar-Morgenstern-Platz,45,345240
2025-10-18T01:55:58.906868,Oskar-Morgenstern-Platz,45,345159
2025-10-18T01:55:58.906868,Oskar-Morgenstern-Platz,45,345056
2025-10-18T01:55:58.906868,Oskar-Morgenstern-Platz,45,345024
2025-10-18T01:55:58.906868,Oskar-Morgenstern-Platz,45,345003
2025-10-18T01:55:58.906868,Oskar-Morgenstern-Platz,45,345962
2025-10-18T01:55:58.906868,Oskar-Morgenstern-Platz,45,345957
2025-10-18T01:55:58.906868,Oskar-Morgenstern-Platz,45,345855
2025-10-18T01:55:58.906868,Oskar-Morgenstern-Platz,45,345798
2025-10-18T01:55:58.906868,Oskar-Morgenstern-Platz,45,345764
2025-10-18T01:55:58.906868,Oskar-Morgenstern-Platz,45,345744
2025-10-18T01:55:58.906868,Oskar-Morgenstern-Platz,45,345640
2025-10-18T01:55:58.906868,Oskar-Morgenstern-Platz,45,345620
2025-10-18T01:55:58.906868,Oskar-Morgenstern-Platz,45,345546
2025-10-18T01:55:58.906868,Oskar-Morgenstern-Platz,45,345504
2025-10-18T01:55:58.906868,Oskar-Morgenstern-Platz,45,346432
2025-10-18T01:55:58.906868,Oskar-Morgenstern-Platz,45,346356
2025-10-18T01:55:58.906868,Oskar-Morgenstern-Platz,45,346193
2025-10-18T01:55:58.906868,Oskar-Morgenstern-Platz,45,346163
2025-10-18T01:55:58.906868,Oskar-Morgenstern-Platz,45,346157
2025-10-18T01:55:58.906868,Oskar-Morgenstern-Platz,45,346066
2025-10-18T01:55:58.906868,Oskar-Morgenstern-Platz,45,346748
2025-10-18T01:55:58.906868,Oskar-Morgenstern-Platz,45,346587
2025-10-18T01:55:58.906868,Oskar-Morgenstern-Platz,45,347459
2025-10-18T01:55:58.906868,Oskar-Morgenstern-Platz,45,347077
2025-10-18T01:55:58.906868,Oskar-Morgenstern-Platz,45,347061
2025-10-18T01:55:58.906868,Oskar-Morgenstern-Platz,45,347952
2025-10-18T01:55:58.906868,Oskar-Morgenstern-Platz,45,347926
2025-10-18T01:55:58.906868,Oskar-Morgenstern-Platz,45,347865
2025-10-18T01:55:58.906868,Oskar-Morgenstern-Platz,45,347796
2025-10-18T01:55:58.906868,Oskar-Morgenstern-Platz,45,347715
2025-10-18T01:55:58.906868,Oskar-Morgenstern-Platz,45,347578
2025-10-18T01:55:58.906868,Oskar-Morgenstern-Platz,45,348447
2025-10-18T01:55:58.906868,Oskar-Morgenstern-Platz,45,348414
2025-10-18T01:55:58.906868,Oskar-Morgenstern-Platz,45,348390
2025-10-18T01:55:58.906868,Oskar-Morgenstern-Platz,45,348385
2025-10-18T01:55:58.906868,Oskar-Morgenstern-Platz,45,348283
2025-10-18T01:55:58.906868,Oskar-Morgenstern-Platz,45,348273
2025-10-18T01:55:58.906868,Oskar-Morgenstern-Platz,45,348038
2025-10-18T01:55:58.906868,Oskar-Morgenstern-Platz,45,348017
2025-10-18T01:55:58.906868,Oskar-Morgenstern-Platz,45,398838
2025-10-18T01:55:58.906868,Oskar-Morgenstern-Platz,45,398790
2025-10-18T01:55:58.906868,Oskar-Morgenstern-Platz,45,398719
2025-10-18T01:55:58.906868,Frankhplatz,17,345238
2025-10-18T01:55:58.906868,Frankhplatz,17,345225
2025-10-18T01:55:58.906868,Frankhplatz,17,345980
2025-10-18T01:55:58.906868,Frankhplatz,17,345909
2025-10-18T01:55:58.906868,Frankhplatz,17,345763
2025-10-18T01:55:58.906868,Frankhplatz,17,345537
2025-10-18T01:55:58.906868,Frankhplatz,17,346270
2025-10-18T01:55:58.906868,Frankhplatz,17,346105
2025-10-18T01:55:58.906868,Frankhplatz,17,346102
2025-10-18T01:55:58.906868,Frankhplatz,17,346953
2025-10-18T01:55:58.906868,Frankhplatz,17,346541
2025-10-18T01:55:58.906868,Frankhplatz,17,347618
2025-10-18T01:55:58.906868,Frankhplatz,17,398759
2025-10-18T01:55:58.906868,Frankhplatz,17,349030
2025-10-18T01:55:58.906868,Frankhplatz,17,348906
2025-10-18T01:55:58.906868,Frankhplatz,17,348830
2025-10-18T01:55:58.906868,Frankhplatz,17,349139
2025-10-18T01:55:58.906868,Friedensbrücke U,19,345475
2025-10-18T01:55:58.906868,Friedensbrücke U,19,345469
2025-10-18T01:55:58.906868,Friedensbrücke U,19,345423
2025-10-18T01:55:58.906868,Friedensbrücke U,19,345414
2025-10-18T01:55:58.906868,Friedensbrücke U,19,345385
2025-10-18T01:55:58.906868,Friedensbrücke U,19,345313
2025-10-18T01:55:58.906868,Friedensbrücke U,19,345986
2025-10-18T01:55:58.906868,Friedensbrücke U,19,345605
2025-10-18T01:55:58.906868,Friedensbrücke U,19,346339
2025-10-18T01:55:58.906868,Friedensbrücke U,19,346324
2025-10-18T01:55:58.906868,Friedensbrücke U,19,346034
2025-10-18T01:55:58.906868,Friedensbrücke U,19,346764
2025-10-18T01:55:58.906868,Friedensbrücke U,19,346575
2025-10-18T01:55:58.906868,Friedensbrücke U,19,346552
2025-10-18T01:55:58.906868,Friedensbrücke U,19,347990
2025-10-18T01:55:58.906868,Friedensbrücke U,19,347701
2025-10-18T01:55:58.906868,Friedensbrücke U,19,348384
2025-10-18T01:55:58.906868,Friedensbrücke U,19,348250
2025-10-18T01:55:58.906868,Friedensbrücke U,19,348597
2025-10-18T01:55:58.906868,Spittelau S U,20,345351
2025-10-18T01:55:58.906868,Spittelau S U,20,345273
2025-10-18T01:55:58.906868,Spittelau S U,20,345202
2025-10-18T01:55:58.906868,Spittelau S U,20,345043
2025-10-18T01:55:58.906868,Spittelau S U,20,345736
2025-10-18T01:55:58.906868,Spittelau S U,20,345588
2025-10-18T01:55:58.906868,Spittelau S U,20,346265
2025-10-18T01:55:58.906868,Spittelau S U,20,346092
2025-10-18T01:55:58.906868,Spittelau S U,20,347476
2025-10-18T01:55:58.906868,Spittelau S U,20,347364
2025-10-18T01:55:58.906868,Spittelau S U,20,347907
2025-10-18T01:55:58.906868,Spittelau S U,20,347906
2025-10-18T01:55:58.906868,Spittelau S U,20,347836
2025-10-18T01:55:58.906868,Spittelau S U,20,347826
2025-10-18T01:55:58.906868,Spittelau S U,20,347684
2025-10-18T01:55:58.906868,Spittelau S U,20,347515
2025-10-18T01:55:58.906868,Spittelau S U,20,348532
2025-10-18T01:55:58.906868,Spittelau S U,20,398853
2025-10-18T01:55:58.906868,Spittelau S U,20,398784
2025-10-18T01:55:58.906868,Spittelau S U,20,349057
2025-10-18T01:55:58.906868,Absbergbrücke ,22,345436
2025-10-18T01:55:58.906868,Absbergbrücke ,22,345963
2025-10-18T01:55:58.906868,Absbergbrücke ,22,345722
2025-10-18T01:55:58.906868,Absbergbrücke ,22,346992
2025-10-18T01:55:58.906868,Absbergbrücke ,22,346935
2025-10-18T01:55:58.906868,Absbergbrücke ,22,346639
2025-10-18T01:55:58.906868,Absbergbrücke ,22,347434
2025-10-18T01:55:58.906868,Absbergbrücke ,22,347341
2025-10-18T01:55:58.906868,Absbergbrücke ,22,347052
2025-10-18T01:55:58.906868,Absbergbrücke ,22,347526
2025-10-18T01:55:58.906868,Absbergbrücke ,22,348429
2025-10-18T01:55:58.906868,Absbergbrücke ,22,348251
2025-10-18T01:55:58.906868,Absbergbrücke ,22,348115
2025-10-18T01:55:58.906868,Absbergbrücke ,22,348586
2025-10-18T01:55:58.906868,Absbergbrücke ,22,398764
2025-10-18T01:55:58.906868,Absbergbrücke ,22,398757
2025-10-18T01:55:58.906868,Absbergbrücke ,22,398746
2025-10-18T01:55:58.906868,Absbergbrücke ,22,349020
2025-10-18T01:55:58.906868,Absbergbrücke ,22,348989
2025-10-18T01:55:58.906868,Absbergbrücke ,22,348967
2025-10-18T01:55:58.906868,Absbergbrücke ,22,349193
2025-10-18T01:55:58.906868,Absbergbrücke ,22,349188
2025-10-18T01:55:58.906868,Altes Landgut U,28,345478
2025-10-18T01:55:58.906868,Altes Landgut U,28,345377
2025-10-18T01:55:58.906868,Altes Landgut U,28,345220
2025-10-18T01:55:58.906868,Altes Landgut U,28,345196
2025-10-18T01:55:58.906868,Altes Landgut U,28,345762
2025-10-18T01:55:58.906868,Altes Landgut U,28,345727
2025-10-18T01:55:58.906868,Altes Landgut U,28,345509
2025-10-18T01:55:58.906868,Altes Landgut U,28,346358
2025-10-18T01:55:58.906868,Altes Landgut U,28,346865
2025-10-18T01:55:58.906868,Altes Landgut U,28,346800
2025-10-18T01:55:58.906868,Altes Landgut U,28,346628
2025-10-18T01:55:58.906868,Altes Landgut U,28,347407
2025-10-18T01:55:58.906868,Altes Landgut U,28,347397
2025-10-18T01:55:58.906868,Altes Landgut U,28,347997
2025-10-18T01:55:58.906868,Altes Landgut U,28,347939
2025-10-18T01:55:58.906868,Altes Landgut U,28,347812
2025-10-18T01:55:58.906868,Altes Landgut U,28,347627
2025-10-18T01:55:58.906868,Altes Landgut U,28,348453
2025-10-18T01:55:58.906868,Altes Landgut U,28,348264
2025-10-18T01:55:58.906868,Altes Landgut U,28,348594
2025-10-18T01:55:58.906868,Altes Landgut U,28,348581
2025-10-18T01:55:58.906868,Altes Landgut U,28,348571
2025-10-18T01:55:58.906868,Altes Landgut U,28,348533
2025-10-18T01:55:58.906868,Altes Landgut U,28,348983
2025-10-18T01:55:58.906868,Altes Landgut U,28,348934
2025-10-18T01:55:58.906868,Altes Landgut U,28,348927
2025-10-18T01:55:58.906868,Altes Landgut U,28,348839
2025-10-18T01:55:58.906868,Altes Landgut U,28,348833
2025-10-18T01:55:58.906868,Bloch-Bauer-Promenade,10,346334
2025-10-18T01:55:58.906868,Bloch-Bauer-Promenade,10,346234
2025-10-18T01:55:58.906868,Bloch-Bauer-Promenade,10,346988
2025-10-18T01:55:58.906868,Bloch-Bauer-Promenade,10,347951
2025-10-18T01:55:58.906868,Bloch-Bauer-Promenade,10,347530
2025-10-18T01:55:58.906868,Bloch-Bauer-Promenade,10,349108
2025-10-18T01:55:58.906868,Bloch-Bauer-Promenade,10,349002
2025-10-18T01:55:58.906868,Bloch-Bauer-Promenade,10,348880
2025-10-18T01:55:58.906868,Bloch-Bauer-Promenade,10,348814
2025-10-18T01:55:58.906868,Bloch-Bauer-Promenade,10,349162
2025-10-18T01:55:58.906868,Hauptbahnhof S U ,48,345314
2025-10-18T01:55:58.906868,Hauptbahnhof S U ,48,345296
2025-10-18T01:55:58.906868,Hauptbahnhof S U ,48,345041
2025-10-18T01:55:58.906868,Hauptbahnhof S U ,48,345981
2025-10-18T01:55:58.906868,Hauptbahnhof S U ,48,345917
2025-10-18T01:55:58.906868,Hauptbahnhof S U ,48,345913
2025-10-18T01:55:58.906868,Hauptbahnhof S U ,48,345907
2025-10-18T01:55:58.906868,Hauptbahnhof S U ,48,345820
2025-10-18T01:55:58.906868,Hauptbahnhof S U ,48,345812
2025-10-18T01:55:58.906868,Hauptbahnhof S U ,48,345742
2025-10-18T01:55:58.906868,Hauptbahnhof S U ,48,345692
2025-10-18T01:55:58.906868,Hauptbahnhof S U ,48,345649
2025-10-18T01:55:58.906868,Hauptbahnhof S U ,48,345574
2025-10-18T01:55:58.906868,Hauptbahnhof S U ,48,345535
2025-10-18T01:55:58.906868,Hauptbahnhof S U ,48,346364
2025-10-18T01:55:58.906868,Hauptbahnhof S U ,48,346319
2025-10-18T01:55:58.906868,Hauptbahnhof S U ,48,346231
2025-10-18T01:55:58.906868,Hauptbahnhof S U ,48,346097
2025-10-18T01:55:58.906868,Hauptbahnhof S U ,48,346853
2025-10-18T01:55:58.906868,Hauptbahnhof S U ,48,346770
2025-10-18T01:55:58.906868,Hauptbahnhof S U ,48,346584
2025-10-18T01:55:58.906868,Hauptbahnhof S U ,48,346564
2025-10-18T01:55:58.906868,Hauptbahnhof S U ,48,346503
2025-10-18T01:55:58.906868,Hauptbahnhof S U ,48,347435
2025-10-18T01:55:58.906868,Hauptbahnhof S U ,48,347387
2025-10-18T01:55:58.906868,Hauptbahnhof S U ,48,347347
2025-10-18T01:55:58.906868,Hauptbahnhof S U ,48,347281
2025-10-18T01:55:58.906868,Hauptbahnhof S U ,48,347202
2025-10-18T01:55:58.906868,Hauptbahnhof S U ,48,347172
2025-10-18T01:55:58.906868,Hauptbahnhof S U ,48,347979
2025-10-18T01:55:58.906868,Hauptbahnhof S U ,48,347781
2025-10-18T01:55:58.906868,Hauptbahnhof S U ,48,348415
2025-10-18T01:55:58.906868,Hauptbahnhof S U ,48,348157
2025-10-18T01:55:58.906868,Hauptbahnhof S U ,48,348582
2025-10-18T01:55:58.906868,Hauptbahnhof S U ,48,398863
2025-10-18T01:55:58.906868,Hauptbahnhof S U ,48,398828
2025-10-18T01:55:58.906868,Hauptbahnhof S U ,48,398770
2025-10-18T01:55:58.906868,Hauptbahnhof S U ,48,398726
2025-10-18T01:55:58.906868,Hauptbahnhof S U ,48,349095
2025-10-18T01:55:58.906868,Hauptbahnhof S U ,48,349088
2025-10-18T01:55:58.906868,Hauptbahnhof S U ,48,349072
2025-10-18T01:55:58.906868,Hauptbahnhof S U ,48,349024
2025-10-18T01:55:58.906868,Hauptbahnhof S U ,48,348961
2025-10-18T01:55:58.906868,Hauptbahnhof S U ,48,348903
2025-10-18T01:55:58.906868,Hauptbahnhof S U ,48,348869
2025-10-18T01:55:58.906868,Hauptbahnhof S U ,48,349173
2025-10-18T01:55:58.906868,Hauptbahnhof S U ,48,349169
2025-10-18T01:55:58.906868,Hauptbahnhof S U ,48,349166
2025-10-18T01:55:58.906868,Keplerplatz U,9,345399
2025-10-18T01:55:58.906868,Keplerplatz U,9,345930
2025-10-18T01:55:58.906868,Keplerplatz U,9,345847
2025-10-18T01:55:58.906868,Keplerplatz U,9,345539
2025-10-18T01:55:58.906868,Keplerplatz U,9,346020
2025-10-18T01:55:58.906868,Keplerplatz U,9,346875
2025-10-18T01:55:58.906868,Keplerplatz U,9,347448
2025-10-18T01:55:58.906868,Keplerplatz U,9,348349
2025-10-18T01:55:58.906868,Keplerplatz U,9,348339
2025-10-18T01:55:58.906868,Puchsbaumgasse,7,349013
2025-10-18T01:55:58.906868,Puchsbaumgasse,7,349001
2025-10-18T01:55:58.906868,Puchsbaumgasse,7,348943
2025-10-18T01:55:58.906868,Puchsbaumgasse,7,348921
2025-10-18T01:55:58.906868,Puchsbaumgasse,7,348888
2025-10-18T01:55:58.906868,Puchsbaumgasse,7,348874
2025-10-18T01:55:58.906868,Puchsbaumgasse,7,348845
2025-10-18T01:55:58.906868,Enkplatz U,10,345328
2025-10-18T01:55:58.906868,Enkplatz U,10,345127
2025-10-18T01:55:58.906868,Enkplatz U,10,345505
2025-10-18T01:55:58.906868,Enkplatz U,10,346225
2025-10-18T01:55:58.906868,Enkplatz U,10,346149
2025-10-18T01:55:58.906868,Enkplatz U,10,347090
2025-10-18T01:55:58.906868,Enkplatz U,10,347000
2025-10-18T01:55:58.906868,Enkplatz U,10,348363
2025-10-18T01:55:58.906868,Enkplatz U,10,348146
2025-10-18T01:55:58.906868,Enkplatz U,10,398771
2025-10-18T01:55:58.906868,Gasometer U,14,345495
2025-10-18T01:55:58.906868,Gasometer U,14,345964
2025-10-18T01:55:58.906868,Gasometer U,14,345894
2025-10-18T01:55:58.906868,Gasometer U,14,345840
2025-10-18T01:55:58.906868,Gasometer U,14,346479
2025-10-18T01:55:58.906868,Gasometer U,14,346017
2025-10-18T01:55:58.906868,Gasometer U,14,346646
2025-10-18T01:55:58.906868,Gasometer U,14,346640
2025-10-18T01:55:58.906868,Gasometer U,14,346538
2025-10-18T01:55:58.906868,Gasometer U,14,347376
2025-10-18T01:55:58.906868,Gasometer U,14,347317
2025-10-18T01:55:58.906868,Gasometer U,14,398761
2025-10-18T01:55:58.906868,Gasometer U,14,348952
2025-10-18T01:55:58.906868,Gasometer U,14,398870
2025-10-18T01:55:58.906868,Geiselbergstraße S,12,345936
2025-10-18T01:55:58.906868,Geiselbergstraße S,12,345801
2025-10-18T01:55:58.906868,Geiselbergstraße S,12,345782
2025-10-18T01:55:58.906868,Geiselbergstraße S,12,345604
2025-10-18T01:55:58.906868,Geiselbergstraße S,12,346312
2025-10-18T01:55:58.906868,Geiselbergstraße S,12,346308
2025-10-18T01:55:58.906868,Geiselbergstraße S,12,347087
2025-10-18T01:55:58.906868,Geiselbergstraße S,12,347928
2025-10-18T01:55:58.906868,Geiselbergstraße S,12,347659
2025-10-18T01:55:58.906868,Geiselbergstraße S,12,348285
2025-10-18T01:55:58.906868,Geiselbergstraße S,12,348011
2025-10-18T01:55:58.906868,Geiselbergstraße S,12,348825
2025-10-18T01:55:58.906868,Simmering S U,4,345082
2025-10-18T01:55:58.906868,Simmering S U,4,346294
2025-10-18T01:55:58.906868,Simmering S U,4,346518
2025-10-18T01:55:58.906868,Simmering S U,4,348519
2025-10-18T01:55:58.906868,Niederhofstraße U,20,345194
2025-10-18T01:55:58.906868,Niederhofstraße U,20,345968
2025-10-18T01:55:58.906868,Niederhofstraße U,20,345564
2025-10-18T01:55:58.906868,Niederhofstraße U,20,345553
2025-10-18T01:55:58.906868,Niederhofstraße U,20,346415
2025-10-18T01:55:58.906868,Niederhofstraße U,20,346393
2025-10-18T01:55:58.906868,Niederhofstraße U,20,346133
2025-10-18T01:55:58.906868,Niederhofstraße U,20,346625
2025-10-18T01:55:58.906868,Niederhofstraße U,20,347424
2025-10-18T01:55:58.906868,Niederhofstraße U,20,347260
2025-10-18T01:55:58.906868,Niederhofstraße U,20,347057
2025-10-18T01:55:58.906868,Niederhofstraße U,20,347048
2025-10-18T01:55:58.906868,Niederhofstraße U,20,347733
2025-10-18T01:55:58.906868,Niederhofstraße U,20,347513
2025-10-18T01:55:58.906868,Niederhofstraße U,20,348338
2025-10-18T01:55:58.906868,Niederhofstraße U,20,348280
2025-10-18T01:55:58.906868,Niederhofstraße U,20,348254
2025-10-18T01:55:58.906868,Niederhofstraße U,20,348143
2025-10-18T01:55:58.906868,Niederhofstraße U,20,348007
2025-10-18T01:55:58.906868,Niederhofstraße U,20,349069
2025-10-18T01:55:58.906868,Hietzing U,22,345184
2025-10-18T01:55:58.906868,Hietzing U,22,345137
2025-10-18T01:55:58.906868,Hietzing U,22,345031
2025-10-18T01:55:58.906868,Hietzing U,22,345922
2025-10-18T01:55:58.906868,Hietzing U,22,345530
2025-10-18T01:55:58.906868,Hietzing U,22,346419
2025-10-18T01:55:58.906868,Hietzing U,22,346315
2025-10-18T01:55:58.906868,Hietzing U,22,346211
2025-10-18T01:55:58.906868,Hietzing U,22,346074
2025-10-18T01:55:58.906868,Hietzing U,22,347487
2025-10-18T01:55:58.906868,Hietzing U,22,347447
2025-10-18T01:55:58.906868,Hietzing U,22,347098
2025-10-18T01:55:58.906868,Hietzing U,22,347035
2025-10-18T01:55:58.906868,Hietzing U,22,347921
2025-10-18T01:55:58.906868,Hietzing U,22,347854
2025-10-18T01:55:58.906868,Hietzing U,22,347806
2025-10-18T01:55:58.906868,Hietzing U,22,348348
2025-10-18T01:55:58.906868,Hietzing U,22,348210
2025-10-18T01:55:58.906868,Hietzing U,22,348069
2025-10-18T01:55:58.906868,Hietzing U,22,398834
2025-10-18T01:55:58.906868,Hietzing U,22,398765
2025-10-18T01:55:58.906868,Hietzing U,22,348997
2025-10-18T01:55:58.906868,Westbahnhof S U,28,345113
2025-10-18T01:55:58.906868,Westbahnhof S U,28,345105
2025-10-18T01:55:58.906868,Westbahnhof S U,28,345100
2025-10-18T01:55:58.906868,Westbahnhof S U,28,345680
2025-10-18T01:55:58.906868,Westbahnhof S U,28,346307
2025-10-18T01:55:58.906868,Westbahnhof S U,28,346031
2025-10-18T01:55:58.906868,Westbahnhof S U,28,346936
2025-10-18T01:55:58.906868,Westbahnhof S U,28,346738
2025-10-18T01:55:58.906868,Westbahnhof S U,28,346642
2025-10-18T01:55:58.906868,Westbahnhof S U,28,346586
2025-10-18T01:55:58.906868,Westbahnhof S U,28,347383
2025-10-18T01:55:58.906868,Westbahnhof S U,28,347378
2025-10-18T01:55:58.906868,Westbahnhof S U,28,347190
2025-10-18T01:55:58.906868,Westbahnhof S U,28,347157
2025-10-18T01:55:58.906868,Westbahnhof S U,28,347149
2025-10-18T01:55:58.906868,Westbahnhof S U,28,347896
2025-10-18T01:55:58.906868,Westbahnhof S U,28,347857
2025-10-18T01:55:58.906868,Westbahnhof S U,28,347803
2025-10-18T01:55:58.906868,Westbahnhof S U,28,347747
2025-10-18T01:55:58.906868,Westbahnhof S U,28,348457
2025-10-18T01:55:58.906868,Westbahnhof S U,28,348316
2025-10-18T01:55:58.906868,Westbahnhof S U,28,348231
2025-10-18T01:55:58.906868,Westbahnhof S U,28,348220
2025-10-18T01:55:58.906868,Westbahnhof S U,28,348191
2025-10-18T01:55:58.906868,Westbahnhof S U,28,348170
2025-10-18T01:55:58.906868,Westbahnhof S U,28,348712
2025-10-18T01:55:58.906868,Westbahnhof S U,28,348684
2025-10-18T01:55:58.906868,Westbahnhof S U,28,348948
2025-10-18T01:55:58.906868,Richard-Wagner-Platz,19,345884
2025-10-18T01:55:58.906868,Richard-Wagner-Platz,19,345786
2025-10-18T01:55:58.906868,Richard-Wagner-Platz,19,346384
2025-10-18T01:55:58.906868,Richard-Wagner-Platz,19,346344
2025-10-18T01:55:58.906868,Richard-Wagner-Platz,19,346343
2025-10-18T01:55:58.906868,Richard-Wagner-Platz,19,346233
2025-10-18T01:55:58.906868,Richard-Wagner-Platz,19,346636
2025-10-18T01:55:58.906868,Richard-Wagner-Platz,19,346500
2025-10-18T01:55:58.906868,Richard-Wagner-Platz,19,347430
2025-10-18T01:55:58.906868,Richard-Wagner-Platz,19,347868
2025-10-18T01:55:58.906868,Richard-Wagner-Platz,19,347516
2025-10-18T01:55:58.906868,Richard-Wagner-Platz,19,347500
2025-10-18T01:55:58.906868,Richard-Wagner-Platz,19,348246
2025-10-18T01:55:58.906868,Richard-Wagner-Platz,19,348240
2025-10-18T01:55:58.906868,Richard-Wagner-Platz,19,348053
2025-10-18T01:55:58.906868,Richard-Wagner-Platz,19,348676
2025-10-18T01:55:58.906868,Richard-Wagner-Platz,19,348618
2025-10-18T01:55:58.906868,Richard-Wagner-Platz,19,398835
2025-10-18T01:55:58.906868,Richard-Wagner-Platz,19,349089
2025-10-18T01:55:58.906868,Alser Straße U,5,345769
2025-10-18T01:55:58.906868,Alser Straße U,5,346021
2025-10-18T01:55:58.906868,Alser Straße U,5,346789
2025-10-18T01:55:58.906868,Alser Straße U,5,347025
2025-10-18T01:55:58.906868,Alser Straße U,5,348470
2025-10-18T01:55:58.906868,Währinger Straße U,26,345440
2025-10-18T01:55:58.906868,Währinger Straße U,26,345141
2025-10-18T01:55:58.906868,Währinger Straße U,26,345768
2025-10-18T01:55:58.906868,Währinger Straße U,26,345572
2025-10-18T01:55:58.906868,Währinger Straße U,26,346475
2025-10-18T01:55:58.906868,Währinger Straße U,26,346288
2025-10-18T01:55:58.906868,Währinger Straße U,26,346194
2025-10-18T01:55:58.906868,Währinger Straße U,26,346892
2025-10-18T01:55:58.906868,Währinger Straße U,26,346615
2025-10-18T01:55:58.906868,Währinger Straße U,26,346520
2025-10-18T01:55:58.906868,Währinger Straße U,26,346505
2025-10-18T01:55:58.906868,Währinger Straße U,26,347409
2025-10-18T01:55:58.906868,Währinger Straße U,26,347379
2025-10-18T01:55:58.906868,Währinger Straße U,26,347322
2025-10-18T01:55:58.906868,Währinger Straße U,26,347265
2025-10-18T01:55:58.906868,Währinger Straße U,26,347056
2025-10-18T01:55:58.906868,Währinger Straße U,26,347946
2025-10-18T01:55:58.906868,Währinger Straße U,26,347737
2025-10-18T01:55:58.906868,Währinger Straße U,26,347698
2025-10-18T01:55:58.906868,Währinger Straße U,26,347623
2025-10-18T01:55:58.906868,Währinger Straße U,26,347610
2025-10-18T01:55:58.906868,Währinger Straße U,26,348242
2025-10-18T01:55:58.906868,Währinger Straße U,26,348706
2025-10-18T01:55:58.906868,Währinger Straße U,26,398830
2025-10-18T01:55:58.906868,Währinger Straße U,26,398781
2025-10-18T01:55:58.906868,Währinger Straße U,26,398777
2025-10-18T01:55:58.906868,Hardtgasse,6,345897
2025-10-18T01:55:58.906868,Hardtgasse,6,346878
2025-10-18T01:55:58.906868,Hardtgasse,6,347486
2025-10-18T01:55:58.906868,Hardtgasse,6,347654
2025-10-18T01:55:58.906868,Hardtgasse,6,348109
2025-10-18T01:55:58.906868,Hardtgasse,6,349124
2025-10-18T01:55:58.906868,Handelskai S U,18,345303
2025-10-18T01:55:58.906868,Handelskai S U,18,345046
2025-10-18T01:55:58.906868,Handelskai S U,18,345013
2025-10-18T01:55:58.906868,Handelskai S U,18,346463
2025-10-18T01:55:58.906868,Handelskai S U,18,346009
2025-10-18T01:55:58.906868,Handelskai S U,18,346712
2025-10-18T01:55:58.906868,Handelskai S U,18,347475
2025-10-18T01:55:58.906868,Handelskai S U,18,347438
2025-10-18T01:55:58.906868,Handelskai S U,18,347404
2025-10-18T01:55:58.906868,Handelskai S U,18,347255
2025-10-18T01:55:58.906868,Handelskai S U,18,347128
2025-10-18T01:55:58.906868,Handelskai S U,18,347899
2025-10-18T01:55:58.906868,Handelskai S U,18,347872
2025-10-18T01:55:58.906868,Handelskai S U,18,347756
2025-10-18T01:55:58.906868,Handelskai S U,18,348416
2025-10-18T01:55:58.906868,Handelskai S U,18,348105
2025-10-18T01:55:58.906868,Handelskai S U,18,348033
2025-10-18T01:55:58.906868,Handelskai S U,18,348521
2025-10-18T01:55:58.906868,Wallensteinplatz,20,345354
2025-10-18T01:55:58.906868,Wallensteinplatz,20,345032
2025-10-18T01:55:58.906868,Wallensteinplatz,20,345630
2025-10-18T01:55:58.906868,Wallensteinplatz,20,345579
2025-10-18T01:55:58.906868,Wallensteinplatz,20,346495
2025-10-18T01:55:58.906868,Wallensteinplatz,20,346444
2025-10-18T01:55:58.906868,Wallensteinplatz,20,346166
2025-10-18T01:55:58.906868,Wallensteinplatz,20,346980
2025-10-18T01:55:58.906868,Wallensteinplatz,20,346890
2025-10-18T01:55:58.906868,Wallensteinplatz,20,346686
2025-10-18T01:55:58.906868,Wallensteinplatz,20,347093
2025-10-18T01:55:58.906868,Wallensteinplatz,20,347913
2025-10-18T01:55:58.906868,Wallensteinplatz,20,347562
2025-10-18T01:55:58.906868,Wallensteinplatz,20,348466
2025-10-18T01:55:58.906868,Wallensteinplatz,20,348205
2025-10-18T01:55:58.906868,Wallensteinplatz,20,348039
2025-10-18T01:55:58.906868,Wallensteinplatz,20,348558
2025-10-18T01:55:58.906868,Wallensteinplatz,20,348546
2025-10-18T01:55:58.906868,Wallensteinplatz,20,398843
2025-10-18T01:55:58.906868,Wallensteinplatz,20,398741
2025-10-18T01:55:58.906868,Brünner Straße S,21,345334
2025-10-18T01:55:58.906868,Brünner Straße S,21,345286
2025-10-18T01:55:58.906868,Brünner Straße S,21,345911
2025-10-18T01:55:58.906868,Brünner Straße S,21,345708
2025-10-18T01:55:58.906868,Brünner Straße S,21,346435
2025-10-18T01:55:58.906868,Brünner Straße S,21,346196
2025-10-18T01:55:58.906868,Brünner Straße S,21,346181
2025-10-18T01:55:58.906868,Brünner Straße S,21,346001
2025-10-18T01:55:58.906868,Brünner Straße S,21,346993
2025-10-18T01:55:58.906868,Brünner Straße S,21,346781
2025-10-18T01:55:58.906868,Brünner Straße S,21,346766
2025-10-18T01:55:58.906868,Brünner Straße S,21,347363
2025-10-18T01:55:58.906868,Brünner Straße S,21,347271
2025-10-18T01:55:58.906868,Brünner Straße S,21,347201
2025-10-18T01:55:58.906868,Brünner Straße S,21,347116
2025-10-18T01:55:58.906868,Brünner Straße S,21,347559
2025-10-18T01:55:58.906868,Brünner Straße S,21,348326
2025-10-18T01:55:58.906868,Brünner Straße S,21,348180
2025-10-18T01:55:58.906868,Brünner Straße S,21,348152
2025-10-18T01:55:58.906868,Brünner Straße S,21,348040
2025-10-18T01:55:58.906868,Brünner Straße S,21,348650
2025-10-18T01:55:58.906868,Floridsdorf S U,18,345368
2025-10-18T01:55:58.906868,Floridsdorf S U,18,345227
2025-10-18T01:55:58.906868,Floridsdorf S U,18,345094
2025-10-18T01:55:58.906868,Floridsdorf S U,18,345684
2025-10-18T01:55:58.906868,Floridsdorf S U,18,345626
2025-10-18T01:55:58.906868,Floridsdorf S U,18,346431
2025-10-18T01:55:58.906868,Floridsdorf S U,18,346276
2025-10-18T01:55:58.906868,Floridsdorf S U,18,346262
2025-10-18T01:55:58.906868,Floridsdorf S U,18,346876
2025-10-18T01:55:58.906868,Floridsdorf S U,18,346709
2025-10-18T01:55:58.906868,Floridsdorf S U,18,347355
2025-10-18T01:55:58.906868,Floridsdorf S U,18,347940
2025-10-18T01:55:58.906868,Floridsdorf S U,18,348661
2025-10-18T01:55:58.906868,Floridsdorf S U,18,349023
2025-10-18T01:55:58.906868,Floridsdorf S U,18,348995
2025-10-18T01:55:58.906868,Floridsdorf S U,18,348882
2025-10-18T01:55:58.906868,Floridsdorf S U,18,348879
2025-10-18T01:55:58.906868,Floridsdorf S U,18,348855
2025-10-18T01:55:58.906868,Großfeldsiedlung U,17,345213
2025-10-18T01:55:58.906868,Großfeldsiedlung U,17,345745
2025-10-18T01:55:58.906868,Großfeldsiedlung U,17,345550
2025-10-18T01:55:58.906868,Großfeldsiedlung U,17,346172
2025-10-18T01:55:58.906868,Großfeldsiedlung U,17,346688
2025-10-18T01:55:58.906868,Großfeldsiedlung U,17,347352
2025-10-18T01:55:58.906868,Großfeldsiedlung U,17,347318
2025-10-18T01:55:58.906868,Großfeldsiedlung U,17,347286
2025-10-18T01:55:58.906868,Großfeldsiedlung U,17,347285
2025-10-18T01:55:58.906868,Großfeldsiedlung U,17,347269
2025-10-18T01:55:58.906868,Großfeldsiedlung U,17,347096
2025-10-18T01:55:58.906868,Großfeldsiedlung U,17,347037
2025-10-18T01:55:58.906868,Großfeldsiedlung U,17,347983
2025-10-18T01:55:58.906868,Großfeldsiedlung U,17,347761
2025-10-18T01:55:58.906868,Großfeldsiedlung U,17,347662
2025-10-18T01:55:58.906868,Großfeldsiedlung U,17,348647
2025-10-18T01:55:58.906868,Großfeldsiedlung U,17,349126
2025-10-18T01:55:58.906868,Siemensstraße S,11,345598
2025-10-18T01:55:58.906868,Siemensstraße S,11,346295
2025-10-18T01:55:58.906868,Siemensstraße S,11,346542
2025-10-18T01:55:58.906868,Siemensstraße S,11,347713
2025-10-18T01:55:58.906868,Siemensstraße S,11,348224
2025-10-18T01:55:58.906868,Siemensstraße S,11,348212
2025-10-18T01:55:58.906868,Siemensstraße S,11,348044
2025-10-18T01:55:58.906868,Siemensstraße S,11,348665
2025-10-18T01:55:58.906868,Siemensstraße S,11,348570
2025-10-18T01:55:58.906868,Siemensstraße S,11,348559
2025-10-18T01:55:58.906868,Siemensstraße S,11,398730
2025-10-18T01:55:58.906868,Aspernstraße U,7,345431
2025-10-18T01:55:58.906868,Aspernstraße U,7,345703
2025-10-18T01:55:58.906868,Aspernstraße U,7,346238
2025-10-18T01:55:58.906868,Aspernstraße U,7,347769
2025-10-18T01:55:58.906868,Aspernstraße U,7,347518
2025-10-18T01:55:58.906868,Aspernstraße U,7,348006
2025-10-18T01:55:58.906868,Aspernstraße U,7,348540
2025-10-18T01:55:58.906868,Donauspital U,13,345476
2025-10-18T01:55:58.906868,Donauspital U,13,345355
2025-10-18T01:55:58.906868,Donauspital U,13,345231
2025-10-18T01:55:58.906868,Donauspital U,13,345734
2025-10-18T01:55:58.906868,Donauspital U,13,345547
2025-10-18T01:55:58.906868,Donauspital U,13,346464
2025-10-18T01:55:58.906868,Donauspital U,13,346961
2025-10-18T01:55:58.906868,Donauspital U,13,346635
2025-10-18T01:55:58.906868,Donauspital U,13,346525
2025-10-18T01:55:58.906868,Donauspital U,13,347360
2025-10-18T01:55:58.906868,Donauspital U,13,348418
2025-10-18T01:55:58.906868,Donauspital U,13,348022
2025-10-18T01:55:58.906868,Donauspital U,13,398715
2025-10-18T01:55:58.906868,Erzherzog-Karl-Straße S,7,345040
2025-10-18T01:55:58.906868,Erzherzog-Karl-Straße S,7,346204
2025-10-18T01:55:58.906868,Erzherzog-Karl-Straße S,7,346174
2025-10-18T01:55:58.906868,Erzherzog-Karl-Straße S,7,346978
2025-10-18T01:55:58.906868,Erzherzog-Karl-Straße S,7,347302
2025-10-18T01:55:58.906868,Erzherzog-Karl-Straße S,7,347632
2025-10-18T01:55:58.906868,Erzherzog-Karl-Straße S,7,348193
2025-10-18T01:55:58.906868,Hausfeldstraße S U,16,345242
2025-10-18T01:55:58.906868,Hausfeldstraße S U,16,345610
2025-10-18T01:55:58.906868,Hausfeldstraße S U,16,345555
2025-10-18T01:55:58.906868,Hausfeldstraße S U,16,346311
2025-10-18T01:55:58.906868,Hausfeldstraße S U,16,346229
2025-10-18T01:55:58.906868,Hausfeldstraße S U,16,347465
2025-10-18T01:55:58.906868,Hausfeldstraße S U,16,347264
2025-10-18T01:55:58.906868,Hausfeldstraße S U,16,347158
2025-10-18T01:55:58.906868,Hausfeldstraße S U,16,347905
2025-10-18T01:55:58.906868,Hausfeldstraße S U,16,347793
2025-10-18T01:55:58.906868,Hausfeldstraße S U,16,347507
2025-10-18T01:55:58.906868,Hausfeldstraße S U,16,348161
2025-10-18T01:55:58.906868,Hausfeldstraße S U,16,348072
2025-10-18T01:55:58.906868,Hausfeldstraße S U,16,348679
2025-10-18T01:55:58.906868,Hausfeldstraße S U,16,348672
2025-10-18T01:55:58.906868,Hausfeldstraße S U,16,348846
2025-10-18T01:55:58.906868,Kagran U,3,345915
2025-10-18T01:55:58.906868,Kagran U,3,347440
2025-10-18T01:55:58.906868,Kagran U,3,347948
2025-10-18T01:55:58.906868,Maria-Tusch-Straße,16,345467
2025-10-18T01:55:58.906868,Maria-Tusch-Straße,16,345247
2025-10-18T01:55:58.906868,Maria-Tusch-Straße,16,345188
2025-10-18T01:55:58.906868,Maria-Tusch-Straße,16,345932
2025-10-18T01:55:58.906868,Maria-Tusch-Straße,16,345696
2025-10-18T01:55:58.906868,Maria-Tusch-Straße,16,346011
2025-10-18T01:55:58.906868,Maria-Tusch-Straße,16,346006
2025-10-18T01:55:58.906868,Maria-Tusch-Straße,16,346508
2025-10-18T01:55:58.906868,Maria-Tusch-Straße,16,347332
2025-10-18T01:55:58.906868,Maria-Tusch-Straße,16,347547
2025-10-18T01:55:58.906868,Maria-Tusch-Straße,16,347502
2025-10-18T01:55:58.906868,Maria-Tusch-Straße,16,348014
2025-10-18T01:55:58.906868,Maria-Tusch-Straße,16,348694
2025-10-18T01:55:58.906868,Maria-Tusch-Straße,16,348892
2025-10-18T01:55:58.906868,Maria-Tusch-Straße,16,348884
2025-10-18T01:55:58.906868,Maria-Tusch-Straße,16,348878
2025-10-18T01:55:58.906868,Rennbahnweg U,18,345183
2025-10-18T01:55:58.906868,Rennbahnweg U,18,345886
2025-10-18T01:55:58.906868,Rennbahnweg U,18,345774
2025-10-18T01:55:58.906868,Rennbahnweg U,18,345516
2025-10-18T01:55:58.906868,Rennbahnweg U,18,346401
2025-10-18T01:55:58.906868,Rennbahnweg U,18,346086
2025-10-18T01:55:58.906868,Rennbahnweg U,18,346995
2025-10-18T01:55:58.906868,Rennbahnweg U,18,346828
2025-10-18T01:55:58.906868,Rennbahnweg U,18,346722
2025-10-18T01:55:58.906868,Rennbahnweg U,18,347125
2025-10-18T01:55:58.906868,Rennbahnweg U,18,347646
2025-10-18T01:55:58.906868,Rennbahnweg U,18,347537
2025-10-18T01:55:58.906868,Rennbahnweg U,18,348407
2025-10-18T01:55:58.906868,Rennbahnweg U,18,348073
2025-10-18T01:55:58.906868,Rennbahnweg U,18,348563
2025-10-18T01:55:58.906868,Rennbahnweg U,18,348520
2025-10-18T01:55:58.906868,Rennbahnweg U,18,348853
2025-10-18T01:55:58.906868,Rennbahnweg U,18,349133
2025-10-18T01:55:58.906868,Schüttauplatz,2,348103
2025-10-18T01:55:58.906868,Schüttauplatz,2,348885
2025-10-18T01:55:58.906868,Stadlau U,13,345935
2025-10-18T01:55:58.906868,Stadlau U,13,345893
2025-10-18T01:55:58.906868,Stadlau U,13,346143
2025-10-18T01:55:58.906868,Stadlau U,13,346090
2025-10-18T01:55:58.906868,Stadlau U,13,347340
2025-10-18T01:55:58.906868,Stadlau U,13,348403
2025-10-18T01:55:58.906868,Stadlau U,13,348249
2025-10-18T01:55:58.906868,Stadlau U,13,348081
2025-10-18T01:55:58.906868,Stadlau U,13,348056
2025-10-18T01:55:58.906868,Stadlau U,13,348713
2025-10-18T01:55:58.906868,Stadlau U,13,348678
2025-10-18T01:55:58.906868,Stadlau U,13,348518
2025-10-18T01:55:58.906868,Stadlau U,13,349060
2025-10-18T01:55:58.906868,VIC Kaisermühlen U,5,347240
2025-10-18T01:55:58.906868,VIC Kaisermühlen U,5,347143
2025-10-18T01:55:58.906868,VIC Kaisermühlen U,5,349061
2025-10-18T01:55:58.906868,VIC Kaisermühlen U,5,349012
2025-10-18T01:55:58.906868,VIC Kaisermühlen U,5,348958
2025-10-18T01:55:58.906868,Kagraner Platz U,9,345875
2025-10-18T01:55:58.906868,Kagraner Platz U,9,346404
2025-10-18T01:55:58.906868,Kagraner Platz U,9,346832
2025-10-18T01:55:58.906868,Kagraner Platz U,9,347428
2025-10-18T01:55:58.906868,Kagraner Platz U,9,347179
2025-10-18T01:55:58.906868,Kagraner Platz U,9,347882
2025-10-18T01:55:58.906868,Kagraner Platz U,9,347668
2025-10-18T01:55:58.906868,Kagraner Platz U,9,347663
2025-10-18T01:55:58.906868,Kagraner Platz U,9,348710
2025-10-18T01:55:58.906868,Alterlaa U,11,345450
2025-10-18T01:55:58.906868,Alterlaa U,11,345426
2025-10-18T01:55:58.906868,Alterlaa U,11,345197
2025-10-18T01:55:58.906868,Alterlaa U,11,345645
2025-10-18T01:55:58.906868,Alterlaa U,11,346664
2025-10-18T01:55:58.906868,Alterlaa U,11,347396
2025-10-18T01:55:58.906868,Alterlaa U,11,347690
2025-10-18T01:55:58.906868,Alterlaa U,11,348060
2025-10-18T01:55:58.906868,Alterlaa U,11,348542
2025-10-18T01:55:58.906868,Alterlaa U,11,398823
2025-10-18T01:55:58.906868,Alterlaa U,11,349008
2025-10-18T01:55:58.906868,Bacherplatz,6,346916
2025-10-18T01:55:58.906868,Bacherplatz,6,347049
2025-10-18T01:55:58.906868,Bacherplatz,6,347607
2025-10-18T01:55:58.906868,Bacherplatz,6,347585
2025-10-18T01:55:58.906868,Bacherplatz,6,348323
2025-10-18T01:55:58.906868,Bacherplatz,6,348690
2025-10-18T01:55:58.906868,Carl-Appel-Straße,5,346420
2025-10-18T01:55:58.906868,Carl-Appel-Straße,5,346281
2025-10-18T01:55:58.906868,Carl-Appel-Straße,5,346599
2025-10-18T01:55:58.906868,Carl-Appel-Straße,5,349085
2025-10-18T01:55:58.906868,Carl-Appel-Straße,5,349056
2025-10-18T01:55:58.906868,Otto-Probst-Platz,7,346087
2025-10-18T01:55:58.906868,Otto-Probst-Platz,7,347303
2025-10-18T01:55:58.906868,Otto-Probst-Platz,7,347766
2025-10-18T01:55:58.906868,Otto-Probst-Platz,7,347571
2025-10-18T01:55:58.906868,Otto-Probst-Platz,7,348474
2025-10-18T01:55:58.906868,Otto-Probst-Platz,7,348460
2025-10-18T01:55:58.906868,Otto-Probst-Platz,7,348396
2025-10-18T01:55:58.906868,Alaudagasse U,2,346436
2025-10-18T01:55:58.906868,Alaudagasse U,2,398797
2025-10-18T01:55:58.906868,Svetelskystraße,11,345410
2025-10-18T01:55:58.906868,Svetelskystraße,11,345819
2025-10-18T01:55:58.906868,Svetelskystraße,11,345545
2025-10-18T01:55:58.906868,Svetelskystraße,11,346856
2025-10-18T01:55:58.906868,Svetelskystraße,11,347180
2025-10-18T01:55:58.906868,Svetelskystraße,11,347920
2025-10-18T01:55:58.906868,Svetelskystraße,11,348036
2025-10-18T01:55:58.906868,Svetelskystraße,11,398810
2025-10-18T01:55:58.906868,Svetelskystraße,11,349014
2025-10-18T01:55:58.906868,Svetelskystraße,11,348810
2025-10-18T01:55:58.906868,Svetelskystraße,11,349186
2025-10-18T01:55:58.906868,Weißenböckstraße,13,345471
2025-10-18T01:55:58.906868,Weißenböckstraße,13,345624
2025-10-18T01:55:58.906868,Weißenböckstraße,13,346382
2025-10-18T01:55:58.906868,Weißenböckstraße,13,346285
2025-10-18T01:55:58.906868,Weißenböckstraße,13,346731
2025-10-18T01:55:58.906868,Weißenböckstraße,13,346596
2025-10-18T01:55:58.906868,Weißenböckstraße,13,347422
2025-10-18T01:55:58.906868,Weißenböckstraße,13,347246
2025-10-18T01:55:58.906868,Weißenböckstraße,13,347775
2025-10-18T01:55:58.906868,Weißenböckstraße,13,348268
2025-10-18T01:55:58.906868,Weißenböckstraße,13,348976
2025-10-18T01:55:58.906868,Weißenböckstraße,13,348963
2025-10-18T01:55:58.906868,Weißenböckstraße,13,348910
2025-10-18T01:55:58.906868,Zentralfriedhof 2. Tor,8,345045
2025-10-18T01:55:58.906868,Zentralfriedhof 2. Tor,8,346761
2025-10-18T01:55:58.906868,Zentralfriedhof 2. Tor,8,347463
2025-10-18T01:55:58.906868,Zentralfriedhof 2. Tor,8,347410
2025-10-18T01:55:58.906868,Zentralfriedhof 2. Tor,8,348561
2025-10-18T01:55:58.906868,Zentralfriedhof 2. Tor,8,349034
2025-10-18T01:55:58.906868,Zentralfriedhof 2. Tor,8,349029
2025-10-18T01:55:58.906868,Zentralfriedhof 2. Tor,8,349197
2025-10-18T01:55:58.906868,Simoningplatz,21,345344
2025-10-18T01:55:58.906868,Simoningplatz,21,345060
2025-10-18T01:55:58.906868,Simoningplatz,21,345959
2025-10-18T01:55:58.906868,Simoningplatz,21,345871
2025-10-18T01:55:58.906868,Simoningplatz,21,346472
2025-10-18T01:55:58.906868,Simoningplatz,21,346441
2025-10-18T01:55:58.906868,Simoningplatz,21,346277
2025-10-18T01:55:58.906868,Simoningplatz,21,346823
2025-10-18T01:55:58.906868,Simoningplatz,21,346821
2025-10-18T01:55:58.906868,Simoningplatz,21,346663
2025-10-18T01:55:58.906868,Simoningplatz,21,346530
2025-10-18T01:55:58.906868,Simoningplatz,21,347466
2025-10-18T01:55:58.906868,Simoningplatz,21,347331
2025-10-18T01:55:58.906868,Simoningplatz,21,347094
2025-10-18T01:55:58.906868,Simoningplatz,21,347016
2025-10-18T01:55:58.906868,Simoningplatz,21,347908
2025-10-18T01:55:58.906868,Simoningplatz,21,347811
2025-10-18T01:55:58.906868,Simoningplatz,21,347628
2025-10-18T01:55:58.906868,Simoningplatz,21,348272
2025-10-18T01:55:58.906868,Simoningplatz,21,348160
2025-10-18T01:55:58.906868,Simoningplatz,21,348648
2025-10-18T01:55:58.906868,Etrichstraße,10,346032
2025-10-18T01:55:58.906868,Etrichstraße,10,346965
2025-10-18T01:55:58.906868,Etrichstraße,10,346881
2025-10-18T01:55:58.906868,Etrichstraße,10,346597
2025-10-18T01:55:58.906868,Etrichstraße,10,347294
2025-10-18T01:55:58.906868,Etrichstraße,10,347205
2025-10-18T01:55:58.906868,Etrichstraße,10,347187
2025-10-18T01:55:58.906868,Etrichstraße,10,347982
2025-10-18T01:55:58.906868,Etrichstraße,10,348538
2025-10-18T01:55:58.906868,Etrichstraße,10,398787
2025-10-18T01:55:58.906868,Zippererstraße U,15,345575
2025-10-18T01:55:58.906868,Zippererstraße U,15,346461
2025-10-18T01:55:58.906868,Zippererstraße U,15,346303
2025-10-18T01:55:58.906868,Zippererstraße U,15,346930
2025-10-18T01:55:58.906868,Zippererstraße U,15,346752
2025-10-18T01:55:58.906868,Zippererstraße U,15,347795
2025-10-18T01:55:58.906868,Zippererstraße U,15,348345
2025-10-18T01:55:58.906868,Zippererstraße U,15,348239
2025-10-18T01:55:58.906868,Zippererstraße U,15,348082
2025-10-18T01:55:58.906868,Zippererstraße U,15,348607
2025-10-18T01:55:58.906868,Zippererstraße U,15,348589
2025-10-18T01:55:58.906868,Zippererstraße U,15,348515
2025-10-18T01:55:58.906868,Zippererstraße U,15,348900
2025-10-18T01:55:58.906868,Zippererstraße U,15,348844
2025-10-18T01:55:58.906868,Zippererstraße U,15,349143
2025-10-18T01:55:58.906868,Hetzendorf S,6,345848
2025-10-18T01:55:58.906868,Hetzendorf S,6,346968
2025-10-18T01:55:58.906868,Hetzendorf S,6,346733
2025-10-18T01:55:58.906868,Hetzendorf S,6,347330
2025-10-18T01:55:58.906868,Hetzendorf S,6,347277
2025-10-18T01:55:58.906868,Hetzendorf S,6,347058
2025-10-18T01:55:58.906868,Gatterhölzl,7,345319
2025-10-18T01:55:58.906868,Gatterhölzl,7,345210
2025-10-18T01:55:58.906868,Gatterhölzl,7,346629
2025-10-18T01:55:58.906868,Gatterhölzl,7,347877
2025-10-18T01:55:58.906868,Gatterhölzl,7,347670
2025-10-18T01:55:58.906868,Gatterhölzl,7,398852
2025-10-18T01:55:58.906868,Gatterhölzl,7,398754
2025-10-18T01:55:58.906868,Speising S,12,345979
2025-10-18T01:55:58.906868,Speising S,12,346469
2025-10-18T01:55:58.906868,Speising S,12,346120
2025-10-18T01:55:58.906868,Speising S,12,346070
2025-10-18T01:55:58.906868,Speising S,12,346002
2025-10-18T01:55:58.906868,Speising S,12,346923
2025-10-18T01:55:58.906868,Speising S,12,347444
2025-10-18T01:55:58.906868,Speising S,12,348491
2025-10-18T01:55:58.906868,Speising S,12,348171
2025-10-18T01:55:58.906868,Speising S,12,348003
2025-10-18T01:55:58.906868,Speising S,12,398802
2025-10-18T01:55:58.906868,Speising S,12,348899
2025-10-18T01:55:58.906868,Hasnerstraße / Hofferplatz,16,345229
2025-10-18T01:55:58.906868,Hasnerstraße / Hofferplatz,16,345084
2025-10-18T01:55:58.906868,Hasnerstraße / Hofferplatz,16,345772
2025-10-18T01:55:58.906868,Hasnerstraße / Hofferplatz,16,346423
2025-10-18T01:55:58.906868,Hasnerstraße / Hofferplatz,16,346333
2025-10-18T01:55:58.906868,Hasnerstraße / Hofferplatz,16,346216
2025-10-18T01:55:58.906868,Hasnerstraße / Hofferplatz,16,346111
2025-10-18T01:55:58.906868,Hasnerstraße / Hofferplatz,16,346078
2025-10-18T01:55:58.906868,Hasnerstraße / Hofferplatz,16,347900
2025-10-18T01:55:58.906868,Hasnerstraße / Hofferplatz,16,347789
2025-10-18T01:55:58.906868,Hasnerstraße / Hofferplatz,16,348378
2025-10-18T01:55:58.906868,Hasnerstraße / Hofferplatz,16,348196
2025-10-18T01:55:58.906868,Hasnerstraße / Hofferplatz,16,348572
2025-10-18T01:55:58.906868,Hasnerstraße / Hofferplatz,16,349005
2025-10-18T01:55:58.906868,Hasnerstraße / Hofferplatz,16,349119
2025-10-18T01:55:58.906868,Hasnerstraße / Hofferplatz,16,398866
2025-10-18T01:55:58.906868,Nietzscheplatz,1,345655
2025-10-18T01:55:58.906868,Wattgasse,15,345208
2025-10-18T01:55:58.906868,Wattgasse,15,345888
2025-10-18T01:55:58.906868,Wattgasse,15,346957
2025-10-18T01:55:58.906868,Wattgasse,15,346844
2025-10-18T01:55:58.906868,Wattgasse,15,346608
2025-10-18T01:55:58.906868,Wattgasse,15,346602
2025-10-18T01:55:58.906868,Wattgasse,15,346588
2025-10-18T01:55:58.906868,Wattgasse,15,347403
2025-10-18T01:55:58.906868,Wattgasse,15,347349
2025-10-18T01:55:58.906868,Wattgasse,15,347154
2025-10-18T01:55:58.906868,Wattgasse,15,347986
2025-10-18T01:55:58.906868,Wattgasse,15,348304
2025-10-18T01:55:58.906868,Wattgasse,15,348700
2025-10-18T01:55:58.906868,Wattgasse,15,348659
2025-10-18T01:55:58.906868,Wattgasse,15,348620
2025-10-18T01:55:58.906868,Kantnergasse,10,345287
2025-10-18T01:55:58.906868,Kantnergasse,10,345095
2025-10-18T01:55:58.906868,Kantnergasse,10,346291
2025-10-18T01:55:58.906868,Kantnergasse,10,346141
2025-10-18T01:55:58.906868,Kantnergasse,10,346787
2025-10-18T01:55:58.906868,Kantnergasse,10,346681
2025-10-18T01:55:58.906868,Kantnergasse,10,347453
2025-10-18T01:55:58.906868,Kantnergasse,10,347019
2025-10-18T01:55:58.906868,Kantnergasse,10,347770
2025-10-18T01:55:58.906868,Kantnergasse,10,348434
2025-10-18T01:55:58.906868,Leopoldau S U,3,346732
2025-10-18T01:55:58.906868,Leopoldau S U,3,348317
2025-10-18T01:55:58.906868,Leopoldau S U,3,348575
2025-10-18T01:55:58.906868,Josef-Baumann-Gasse,8,345952
2025-10-18T01:55:58.906868,Josef-Baumann-Gasse,8,345554
2025-10-18T01:55:58.906868,Josef-Baumann-Gasse,8,346254
2025-10-18T01:55:58.906868,Josef-Baumann-Gasse,8,346759
2025-10-18T01:55:58.906868,Josef-Baumann-Gasse,8,347839
2025-10-18T01:55:58.906868,Josef-Baumann-Gasse,8,348093
2025-10-18T01:55:58.906868,Josef-Baumann-Gasse,8,348026
2025-10-18T01:55:58.906868,Josef-Baumann-Gasse,8,348527
2025-10-18T01:55:58.906868,Fultonstraße,17,345382
2025-10-18T01:55:58.906868,Fultonstraße,17,345086
2025-10-18T01:55:58.906868,Fultonstraße,17,345699
2025-10-18T01:55:58.906868,Fultonstraße,17,345689
2025-10-18T01:55:58.906868,Fultonstraße,17,346214
2025-10-18T01:55:58.906868,Fultonstraße,17,346578
2025-10-18T01:55:58.906868,Fultonstraße,17,347392
2025-10-18T01:55:58.906868,Fultonstraße,17,347603
2025-10-18T01:55:58.906868,Fultonstraße,17,348168
2025-10-18T01:55:58.906868,Fultonstraße,17,348123
2025-10-18T01:55:58.906868,Fultonstraße,17,398829
2025-10-18T01:55:58.906868,Fultonstraße,17,349050
2025-10-18T01:55:58.906868,Fultonstraße,17,349027
2025-10-18T01:55:58.906868,Fultonstraße,17,348953
2025-10-18T01:55:58.906868,Fultonstraße,17,348809
2025-10-18T01:55:58.906868,Fultonstraße,17,349163
2025-10-18T01:55:58.906868,Fultonstraße,17,349128
2025-10-18T01:55:58.906868,Hopfengasse,18,345378
2025-10-18T01:55:58.906868,Hopfengasse,18,345990
2025-10-18T01:55:58.906868,Hopfengasse,18,345688
2025-10-18T01:55:58.906868,Hopfengasse,18,345632
2025-10-18T01:55:58.906868,Hopfengasse,18,345597
2025-10-18T01:55:58.906868,Hopfengasse,18,345582
2025-10-18T01:55:58.906868,Hopfengasse,18,346256
2025-10-18T01:55:58.906868,Hopfengasse,18,346023
2025-10-18T01:55:58.906868,Hopfengasse,18,346749
2025-10-18T01:55:58.906868,Hopfengasse,18,347005
2025-10-18T01:55:58.906868,Hopfengasse,18,347800
2025-10-18T01:55:58.906868,Hopfengasse,18,347538
2025-10-18T01:55:58.906868,Hopfengasse,18,348441
2025-10-18T01:55:58.906868,Hopfengasse,18,348279
2025-10-18T01:55:58.906868,Hopfengasse,18,348707
2025-10-18T01:55:58.906868,Hopfengasse,18,348609
2025-10-18T01:55:58.906868,Hopfengasse,18,398800
2025-10-18T01:55:58.906868,Hopfengasse,18,348971
2025-10-18T01:55:58.906868,Jedlesee / Bellgasse,6,345650
2025-10-18T01:55:58.906868,Jedlesee / Bellgasse,6,346462
2025-10-18T01:55:58.906868,Jedlesee / Bellgasse,6,346235
2025-10-18T01:55:58.906868,Jedlesee / Bellgasse,6,346047
2025-10-18T01:55:58.906868,Jedlesee / Bellgasse,6,348426
2025-10-18T01:55:58.906868,Jedlesee / Bellgasse,6,349041
2025-10-18T01:55:58.906868,Jedleseer Friedhof,6,345244
2025-10-18T01:55:58.906868,Jedleseer Friedhof,6,345026
2025-10-18T01:55:58.906868,Jedleseer Friedhof,6,346868
2025-10-18T01:55:58.906868,Jedleseer Friedhof,6,347369
2025-10-18T01:55:58.906868,Jedleseer Friedhof,6,348062
2025-10-18T01:55:58.906868,Jedleseer Friedhof,6,348639
2025-10-18T01:55:58.906868,Strebersdorf / Edmund-Hawranek-Platz,12,345340
2025-10-18T01:55:58.906868,Strebersdorf / Edmund-Hawranek-Platz,12,345152
2025-10-18T01:55:58.906868,Strebersdorf / Edmund-Hawranek-Platz,12,345740
2025-10-18T01:55:58.906868,Strebersdorf / Edmund-Hawranek-Platz,12,345660
2025-10-18T01:55:58.906868,Strebersdorf / Edmund-Hawranek-Platz,12,345577
2025-10-18T01:55:58.906868,Strebersdorf / Edmund-Hawranek-Platz,12,346188
2025-10-18T01:55:58.906868,Strebersdorf / Edmund-Hawranek-Platz,12,346684
2025-10-18T01:55:58.906868,Strebersdorf / Edmund-Hawranek-Platz,12,347047
2025-10-18T01:55:58.906868,Strebersdorf / Edmund-Hawranek-Platz,12,347988
2025-10-18T01:55:58.906868,Strebersdorf / Edmund-Hawranek-Platz,12,347674
2025-10-18T01:55:58.906868,Strebersdorf / Edmund-Hawranek-Platz,12,347639
2025-10-18T01:55:58.906868,Strebersdorf / Edmund-Hawranek-Platz,12,348096
2025-10-18T01:55:58.906868,Kagraner Anger,7,345047
2025-10-18T01:55:58.906868,Kagraner Anger,7,346427
2025-10-18T01:55:58.906868,Kagraner Anger,7,347146
2025-10-18T01:55:58.906868,Kagraner Anger,7,347909
2025-10-18T01:55:58.906868,Kagraner Anger,7,347876
2025-10-18T01:55:58.906868,Kagraner Anger,7,348643
2025-10-18T01:55:58.906868,Kagraner Anger,7,348890
2025-10-18T01:55:58.906868,Stavangergasse,12,345430
2025-10-18T01:55:58.906868,Stavangergasse,12,345290
2025-10-18T01:55:58.906868,Stavangergasse,12,345919
2025-10-18T01:55:58.906868,Stavangergasse,12,345687
2025-10-18T01:55:58.906868,Stavangergasse,12,345506
2025-10-18T01:55:58.906868,Stavangergasse,12,346152
2025-10-18T01:55:58.906868,Stavangergasse,12,348658
2025-10-18T01:55:58.906868,Stavangergasse,12,348613
2025-10-18T01:55:58.906868,Stavangergasse,12,348557
2025-10-18T01:55:58.906868,Stavangergasse,12,348525
2025-10-18T01:55:58.906868,Stavangergasse,12,349040
2025-10-18T01:55:58.906868,Stavangergasse,12,348964
2025-10-18T01:55:58.906868,Hans-Steger-Gasse,14,345350
2025-10-18T01:55:58.906868,Hans-Steger-Gasse,14,345926
2025-10-18T01:55:58.906868,Hans-Steger-Gasse,14,346347
2025-10-18T01:55:58.906868,Hans-Steger-Gasse,14,346286
2025-10-18T01:55:58.906868,Hans-Steger-Gasse,14,346142
2025-10-18T01:55:58.906868,Hans-Steger-Gasse,14,347400
2025-10-18T01:55:58.906868,Hans-Steger-Gasse,14,348258
2025-10-18T01:55:58.906868,Hans-Steger-Gasse,14,348206
2025-10-18T01:55:58.906868,Hans-Steger-Gasse,14,348154
2025-10-18T01:55:58.906868,Hans-Steger-Gasse,14,348121
2025-10-18T01:55:58.906868,Hans-Steger-Gasse,14,348693
2025-10-18T01:55:58.906868,Hans-Steger-Gasse,14,348585
2025-10-18T01:55:58.906868,Hans-Steger-Gasse,14,348543
2025-10-18T01:55:58.906868,Hans-Steger-Gasse,14,398851
2025-10-18T01:55:58.906868,Hirschstetten S,6,345102
2025-10-18T01:55:58.906868,Hirschstetten S,6,345697
2025-10-18T01:55:58.906868,Hirschstetten S,6,346368
2025-10-18T01:55:58.906868,Hirschstetten S,6,346822
2025-10-18T01:55:58.906868,Hirschstetten S,6,347879
2025-10-18T01:55:58.906868,Hirschstetten S,6,348001
2025-10-18T01:55:58.906868,Atzgersdorf S,5,345474
2025-10-18T01:55:58.906868,Atzgersdorf S,5,345563
2025-10-18T01:55:58.906868,Atzgersdorf S,5,346227
2025-10-18T01:55:58.906868,Atzgersdorf S,5,346746
2025-10-18T01:55:58.906868,Atzgersdorf S,5,347432
2025-10-18T01:55:58.906868,Erlaaer Straße U,7,346986
2025-10-18T01:55:58.906868,Erlaaer Straße U,7,346973
2025-10-18T01:55:58.906868,Erlaaer Straße U,7,346644
2025-10-18T01:55:58.906868,Erlaaer Straße U,7,347820
2025-10-18T01:55:58.906868,Erlaaer Straße U,7,347664
2025-10-18T01:55:58.906868,Erlaaer Straße U,7,348333
2025-10-18T01:55:58.906868,Erlaaer Straße U,7,348928
2025-10-18T01:55:58.906868,Praterstern Ausstellungsstraße,3,346798
2025-10-18T01:55:58.906868,Praterstern Ausstellungsstraße,3,349074
2025-10-18T01:55:58.906868,Praterstern Ausstellungsstraße,3,349131
2025-10-18T01:55:58.906868,Muthgasse,18,345386
2025-10-18T01:55:58.906868,Muthgasse,18,345901
2025-10-18T01:55:58.906868,Muthgasse,18,345823
2025-10-18T01:55:58.906868,Muthgasse,18,345728
2025-10-18T01:55:58.906868,Muthgasse,18,345609
2025-10-18T01:55:58.906868,Muthgasse,18,346456
2025-10-18T01:55:58.906868,Muthgasse,18,346352
2025-10-18T01:55:58.906868,Muthgasse,18,346176
2025-10-18T01:55:58.906868,Muthgasse,18,346015
2025-10-18T01:55:58.906868,Muthgasse,18,346614
2025-10-18T01:55:58.906868,Muthgasse,18,347050
2025-10-18T01:55:58.906868,Muthgasse,18,347860
2025-10-18T01:55:58.906868,Muthgasse,18,347830
2025-10-18T01:55:58.906868,Muthgasse,18,347785
2025-10-18T01:55:58.906868,Muthgasse,18,348354
2025-10-18T01:55:58.906868,Muthgasse,18,348340
2025-10-18T01:55:58.906868,Muthgasse,18,348179
2025-10-18T01:55:58.906868,Muthgasse,18,348644
2025-10-18T01:55:58.906868,Liesing S,8,345349
2025-10-18T01:55:58.906868,Liesing S,8,346029
2025-10-18T01:55:58.906868,Liesing S,8,348590
2025-10-18T01:55:58.906868,Liesing S,8,348955
2025-10-18T01:55:58.906868,Liesing S,8,348939
2025-10-18T01:55:58.906868,Liesing S,8,348905
2025-10-18T01:55:58.906868,Liesing S,8,348904
2025-10-18T01:55:58.906868,Liesing S,8,348828
2025-10-18T01:55:58.906868,Aspern Nord S U,4,345670
2025-10-18T01:55:58.906868,Aspern Nord S U,4,345536
2025-10-18T01:55:58.906868,Aspern Nord S U,4,347243
2025-10-18T01:55:58.906868,Aspern Nord S U,4,348310
2025-10-18T01:55:58.906868,Seepark,6,345091
2025-10-18T01:55:58.906868,Seepark,6,345622
2025-10-18T01:55:58.906868,Seepark,6,345514
2025-10-18T01:55:58.906868,Seepark,6,346056
2025-10-18T01:55:58.906868,Seepark,6,347279
2025-10-18T01:55:58.906868,Seepark,6,348619
2025-10-18T01:55:58.906868,Seestadt U,3,346784
2025-10-18T01:55:58.906868,Seestadt U,3,347455
2025-10-18T01:55:58.906868,Seestadt U,3,347174
2025-10-18T01:55:58.906868,Schwedenplatz,4,345201
2025-10-18T01:55:58.906868,Schwedenplatz,4,347406
2025-10-18T01:55:58.906868,Schwedenplatz,4,347323
2025-10-18T01:55:58.906868,Schwedenplatz,4,347017
2025-10-18T01:55:58.906868,Waldmüllerpark,11,345292
2025-10-18T01:55:58.906868,Waldmüllerpark,11,345946
2025-10-18T01:55:58.906868,Waldmüllerpark,11,345637
2025-10-18T01:55:58.906868,Waldmüllerpark,11,346195
2025-10-18T01:55:58.906868,Waldmüllerpark,11,347384
2025-10-18T01:55:58.906868,Waldmüllerpark,11,348099
2025-10-18T01:55:58.906868,Waldmüllerpark,11,348032
2025-10-18T01:55:58.906868,Waldmüllerpark,11,348531
2025-10-18T01:55:58.906868,Waldmüllerpark,11,398723
2025-10-18T01:55:58.906868,Waldmüllerpark,11,348973
2025-10-18T01:55:58.906868,Waldmüllerpark,11,349134
2025-10-18T01:55:58.906868,Stubentor U,21,345214
2025-10-18T01:55:58.906868,Stubentor U,21,345845
2025-10-18T01:55:58.906868,Stubentor U,21,345835
2025-10-18T01:55:58.906868,Stubentor U,21,345829
2025-10-18T01:55:58.906868,Stubentor U,21,345750
2025-10-18T01:55:58.906868,Stubentor U,21,345733
2025-10-18T01:55:58.906868,Stubentor U,21,346459
2025-10-18T01:55:58.906868,Stubentor U,21,346387
2025-10-18T01:55:58.906868,Stubentor U,21,346955
2025-10-18T01:55:58.906868,Stubentor U,21,347365
2025-10-18T01:55:58.906868,Stubentor U,21,347123
2025-10-18T01:55:58.906868,Stubentor U,21,347118
2025-10-18T01:55:58.906868,Stubentor U,21,347881
2025-10-18T01:55:58.906868,Stubentor U,21,347609
2025-10-18T01:55:58.906868,Stubentor U,21,347600
2025-10-18T01:55:58.906868,Stubentor U,21,349083
2025-10-18T01:55:58.906868,Stubentor U,21,349068
2025-10-18T01:55:58.906868,Stubentor U,21,349022
2025-10-18T01:55:58.906868,Stubentor U,21,348918
2025-10-18T01:55:58.906868,Stubentor U,21,348896
2025-10-18T01:55:58.906868,Stubentor U,21,348821
2025-10-18T01:55:58.906868,Landstraße - Wien Mitte S U,21,345482
2025-10-18T01:55:58.906868,Landstraße - Wien Mitte S U,21,345442
2025-10-18T01:55:58.906868,Landstraße - Wien Mitte S U,21,345411
2025-10-18T01:55:58.906868,Landstraße - Wien Mitte S U,21,345336
2025-10-18T01:55:58.906868,Landstraße - Wien Mitte S U,21,345335
2025-10-18T01:55:58.906868,Landstraße - Wien Mitte S U,21,345219
2025-10-18T01:55:58.906868,Landstraße - Wien Mitte S U,21,345528
2025-10-18T01:55:58.906868,Landstraße - Wien Mitte S U,21,346948
2025-10-18T01:55:58.906868,Landstraße - Wien Mitte S U,21,346913
2025-10-18T01:55:58.906868,Landstraße - Wien Mitte S U,21,346574
2025-10-18T01:55:58.906868,Landstraße - Wien Mitte S U,21,347454
2025-10-18T01:55:58.906868,Landstraße - Wien Mitte S U,21,347216
2025-10-18T01:55:58.906868,Landstraße - Wien Mitte S U,21,347083
2025-10-18T01:55:58.906868,Landstraße - Wien Mitte S U,21,347045
2025-10-18T01:55:58.906868,Landstraße - Wien Mitte S U,21,347617
2025-10-18T01:55:58.906868,Landstraße - Wien Mitte S U,21,348445
2025-10-18T01:55:58.906868,Landstraße - Wien Mitte S U,21,348155
2025-10-18T01:55:58.906868,Landstraße - Wien Mitte S U,21,348601
2025-10-18T01:55:58.906868,Landstraße - Wien Mitte S U,21,398820
2025-10-18T01:55:58.906868,Landstraße - Wien Mitte S U,21,349104
2025-10-18T01:55:58.906868,Landstraße - Wien Mitte S U,21,348826
2025-10-18T01:55:58.906868,Praterstern S U,11,345264
2025-10-18T01:55:58.906868,Praterstern S U,11,345110
2025-10-18T01:55:58.906868,Praterstern S U,11,345037
2025-10-18T01:55:58.906868,Praterstern S U,11,346061
2025-10-18T01:55:58.906868,Praterstern S U,11,347488
2025-10-18T01:55:58.906868,Praterstern S U,11,347870
2025-10-18T01:55:58.906868,Praterstern S U,11,347574
2025-10-18T01:55:58.906868,Praterstern S U,11,348335
2025-10-18T01:55:58.906868,Praterstern S U,11,348186
2025-10-18T01:55:58.906868,Praterstern S U,11,348708
2025-10-18T01:55:58.906868,Praterstern S U,11,348959
2025-10-18T01:55:58.906868,Rustengasse,10,345387
2025-10-18T01:55:58.906868,Rustengasse,10,345601
2025-10-18T01:55:58.906868,Rustengasse,10,346455
2025-10-18T01:55:58.906868,Rustengasse,10,346561
2025-10-18T01:55:58.906868,Rustengasse,10,347252
2025-10-18T01:55:58.906868,Rustengasse,10,347198
2025-10-18T01:55:58.906868,Rustengasse,10,347954
2025-10-18T01:55:58.906868,Rustengasse,10,347735
2025-10-18T01:55:58.906868,Rustengasse,10,348266
2025-10-18T01:55:58.906868,Rustengasse,10,348187
2025-10-18T01:55:58.906868,Heiligenstadt S U,5,347861
2025-10-18T01:55:58.906868,Heiligenstadt S U,5,347772
2025-10-18T01:55:58.906868,Heiligenstadt S U,5,347520
2025-10-18T01:55:58.906868,Heiligenstadt S U,5,348699
2025-10-18T01:55:58.906868,Heiligenstadt S U,5,398801
2025-10-18T01:55:58.906868,Hütteldorf  S U,14,345480
2025-10-18T01:55:58.906868,Hütteldorf  S U,14,345352
2025-10-18T01:55:58.906868,Hütteldorf  S U,14,345923
2025-10-18T01:55:58.906868,Hütteldorf  S U,14,345749
2025-10-18T01:55:58.906868,Hütteldorf  S U,14,345613
2025-10-18T01:55:58.906868,Hütteldorf  S U,14,346027
2025-10-18T01:55:58.906868,Hütteldorf  S U,14,347338
2025-10-18T01:55:58.906868,Hütteldorf  S U,14,347245
2025-10-18T01:55:58.906868,Hütteldorf  S U,14,347053
2025-10-18T01:55:58.906868,Hütteldorf  S U,14,347902
2025-10-18T01:55:58.906868,Hütteldorf  S U,14,347901
2025-10-18T01:55:58.906868,Hütteldorf  S U,14,347814
2025-10-18T01:55:58.906868,Hütteldorf  S U,14,347614
2025-10-18T01:55:58.906868,Hütteldorf  S U,14,348265
2025-10-18T01:55:58.906868,Rathaus U,44,345462
2025-10-18T01:55:58.906868,Rathaus U,44,345454
2025-10-18T01:55:58.906868,Rathaus U,44,345330
2025-10-18T01:55:58.906868,Rathaus U,44,345153
2025-10-18T01:55:58.906868,Rathaus U,44,345119
2025-10-18T01:55:58.906868,Rathaus U,44,345099
2025-10-18T01:55:58.906868,Rathaus U,44,345096
2025-10-18T01:55:58.906868,Rathaus U,44,345059
2025-10-18T01:55:58.906868,Rathaus U,44,345000
2025-10-18T01:55:58.906868,Rathaus U,44,345906
2025-10-18T01:55:58.906868,Rathaus U,44,345730
2025-10-18T01:55:58.906868,Rathaus U,44,345600
2025-10-18T01:55:58.906868,Rathaus U,44,345571
2025-10-18T01:55:58.906868,Rathaus U,44,345549
2025-10-18T01:55:58.906868,Rathaus U,44,345501
2025-10-18T01:55:58.906868,Rathaus U,44,346360
2025-10-18T01:55:58.906868,Rathaus U,44,346257
2025-10-18T01:55:58.906868,Rathaus U,44,346565
2025-10-18T01:55:58.906868,Rathaus U,44,346539
2025-10-18T01:55:58.906868,Rathaus U,44,347497
2025-10-18T01:55:58.906868,Rathaus U,44,347117
2025-10-18T01:55:58.906868,Rathaus U,44,347001
2025-10-18T01:55:58.906868,Rathaus U,44,347996
2025-10-18T01:55:58.906868,Rathaus U,44,347971
2025-10-18T01:55:58.906868,Rathaus U,44,347967
2025-10-18T01:55:58.906868,Rathaus U,44,347897
2025-10-18T01:55:58.906868,Rathaus U,44,347722
2025-10-18T01:55:58.906868,Rathaus U,44,347697
2025-10-18T01:55:58.906868,Rathaus U,44,347682
2025-10-18T01:55:58.906868,Rathaus U,44,347669
2025-10-18T01:55:58.906868,Rathaus U,44,347544
2025-10-18T01:55:58.906868,Rathaus U,44,347505
2025-10-18T01:55:58.906868,Rathaus U,44,348451
2025-10-18T01:55:58.906868,Rathaus U,44,348172
2025-10-18T01:55:58.906868,Rathaus U,44,348158
2025-10-18T01:55:58.906868,Rathaus U,44,348139
2025-10-18T01:55:58.906868,Rathaus U,44,348094
2025-10-18T01:55:58.906868,Rathaus U,44,348045
2025-10-18T01:55:58.906868,Rathaus U,44,348019
2025-10-18T01:55:58.906868,Rathaus U,44,348013
2025-10-18T01:55:58.906868,Rathaus U,44,348550
2025-10-18T01:55:58.906868,Rathaus U,44,398807
2025-10-18T01:55:58.906868,Rathaus U,44,398773
2025-10-18T01:55:58.906868,Rathaus U,44,398756
2025-10-18T01:55:58.906868,Hans-Mandl-Berufsschule,17,345221
2025-10-18T01:55:58.906868,Hans-Mandl-Berufsschule,17,345602
2025-10-18T01:55:58.906868,Hans-Mandl-Berufsschule,17,345519
2025-10-18T01:55:58.906868,Hans-Mandl-Berufsschule,17,345507
2025-10-18T01:55:58.906868,Hans-Mandl-Berufsschule,17,346450
2025-10-18T01:55:58.906868,Hans-Mandl-Berufsschule,17,346363
2025-10-18T01:55:58.906868,Hans-Mandl-Berufsschule,17,346242
2025-10-18T01:55:58.906868,Hans-Mandl-Berufsschule,17,346747
2025-10-18T01:55:58.906868,Hans-Mandl-Berufsschule,17,346670
2025-10-18T01:55:58.906868,Hans-Mandl-Berufsschule,17,347464
2025-10-18T01:55:58.906868,Hans-Mandl-Berufsschule,17,347291
2025-10-18T01:55:58.906868,Hans-Mandl-Berufsschule,17,347230
2025-10-18T01:55:58.906868,Hans-Mandl-Berufsschule,17,347859
2025-10-18T01:55:58.906868,Hans-Mandl-Berufsschule,17,347563
2025-10-18T01:55:58.906868,Hans-Mandl-Berufsschule,17,348603
2025-10-18T01:55:58.906868,Hans-Mandl-Berufsschule,17,398796
2025-10-18T01:55:58.906868,Hans-Mandl-Berufsschule,17,398867
2025-10-18T01:55:58.906868,Dänenstraße / BOKU,15,345364
2025-10-18T01:55:58.906868,Dänenstraße / BOKU,15,345295
2025-10-18T01:55:58.906868,Dänenstraße / BOKU,15,345256
2025-10-18T01:55:58.906868,Dänenstraße / BOKU,15,345136
2025-10-18T01:55:58.906868,Dänenstraße / BOKU,15,345106
2025-10-18T01:55:58.906868,Dänenstraße / BOKU,15,346318
2025-10-18T01:55:58.906868,Dänenstraße / BOKU,15,346263
2025-10-18T01:55:58.906868,Dänenstraße / BOKU,15,346711
2025-10-18T01:55:58.906868,Dänenstraße / BOKU,15,346571
2025-10-18T01:55:58.906868,Dänenstraße / BOKU,15,347368
2025-10-18T01:55:58.906868,Dänenstraße / BOKU,15,347076
2025-10-18T01:55:58.906868,Dänenstraße / BOKU,15,347616
2025-10-18T01:55:58.906868,Dänenstraße / BOKU,15,348113
2025-10-18T01:55:58.906868,Dänenstraße / BOKU,15,348101
2025-10-18T01:55:58.906868,Dänenstraße / BOKU,15,398836
2025-10-18T01:55:58.906868,Schloss Schönbrunn,17,345421
2025-10-18T01:55:58.906868,Schloss Schönbrunn,17,345272
2025-10-18T01:55:58.906868,Schloss Schönbrunn,17,345021
2025-10-18T01:55:58.906868,Schloss Schönbrunn,17,345883
2025-10-18T01:55:58.906868,Schloss Schönbrunn,17,345731
2025-10-18T01:55:58.906868,Schloss Schönbrunn,17,346272
2025-10-18T01:55:58.906868,Schloss Schönbrunn,17,346177
2025-10-18T01:55:58.906868,Schloss Schönbrunn,17,346169
2025-10-18T01:55:58.906868,Schloss Schönbrunn,17,346122
2025-10-18T01:55:58.906868,Schloss Schönbrunn,17,346905
2025-10-18T01:55:58.906868,Schloss Schönbrunn,17,346744
2025-10-18T01:55:58.906868,Schloss Schönbrunn,17,347375
2025-10-18T01:55:58.906868,Schloss Schönbrunn,17,347131
2025-10-18T01:55:58.906868,Schloss Schönbrunn,17,347595
2025-10-18T01:55:58.906868,Schloss Schönbrunn,17,348388
2025-10-18T01:55:58.906868,Schloss Schönbrunn,17,348207
2025-10-18T01:55:58.906868,Schloss Schönbrunn,17,348709
2025-10-18T01:55:58.906868,Eslarngasse / Juchgasse,24,345280
2025-10-18T01:55:58.906868,Eslarngasse / Juchgasse,24,345265
2025-10-18T01:55:58.906868,Eslarngasse / Juchgasse,24,345224
2025-10-18T01:55:58.906868,Eslarngasse / Juchgasse,24,345685
2025-10-18T01:55:58.906868,Eslarngasse / Juchgasse,24,345593
2025-10-18T01:55:58.906868,Eslarngasse / Juchgasse,24,346439
2025-10-18T01:55:58.906868,Eslarngasse / Juchgasse,24,346369
2025-10-18T01:55:58.906868,Eslarngasse / Juchgasse,24,346247
2025-10-18T01:55:58.906868,Eslarngasse / Juchgasse,24,346075
2025-10-18T01:55:58.906868,Eslarngasse / Juchgasse,24,346065
2025-10-18T01:55:58.906868,Eslarngasse / Juchgasse,24,346928
2025-10-18T01:55:58.906868,Eslarngasse / Juchgasse,24,346917
2025-10-18T01:55:58.906868,Eslarngasse / Juchgasse,24,346915
2025-10-18T01:55:58.906868,Eslarngasse / Juchgasse,24,346882
2025-10-18T01:55:58.906868,Eslarngasse / Juchgasse,24,346841
2025-10-18T01:55:58.906868,Eslarngasse / Juchgasse,24,347377
2025-10-18T01:55:58.906868,Eslarngasse / Juchgasse,24,347362
2025-10-18T01:55:58.906868,Eslarngasse / Juchgasse,24,347114
2025-10-18T01:55:58.906868,Eslarngasse / Juchgasse,24,347006
2025-10-18T01:55:58.906868,Eslarngasse / Juchgasse,24,347969
2025-10-18T01:55:58.906868,Eslarngasse / Juchgasse,24,348398
2025-10-18T01:55:58.906868,Eslarngasse / Juchgasse,24,348355
2025-10-18T01:55:58.906868,Eslarngasse / Juchgasse,24,348129
2025-10-18T01:55:58.906868,Eslarngasse / Juchgasse,24,348086
2025-10-18T01:55:58.906868,Plößlgasse / Belvedere,23,345103
2025-10-18T01:55:58.906868,Plößlgasse / Belvedere,23,345075
2025-10-18T01:55:58.906868,Plößlgasse / Belvedere,23,345030
2025-10-18T01:55:58.906868,Plößlgasse / Belvedere,23,346485
2025-10-18T01:55:58.906868,Plößlgasse / Belvedere,23,346377
2025-10-18T01:55:58.906868,Plößlgasse / Belvedere,23,346264
2025-10-18T01:55:58.906868,Plößlgasse / Belvedere,23,346893
2025-10-18T01:55:58.906868,Plößlgasse / Belvedere,23,346879
2025-10-18T01:55:58.906868,Plößlgasse / Belvedere,23,346570
2025-10-18T01:55:58.906868,Plößlgasse / Belvedere,23,347456
2025-10-18T01:55:58.906868,Plößlgasse / Belvedere,23,347220
2025-10-18T01:55:58.906868,Plößlgasse / Belvedere,23,347214
2025-10-18T01:55:58.906868,Plößlgasse / Belvedere,23,347007
2025-10-18T01:55:58.906868,Plößlgasse / Belvedere,23,347853
2025-10-18T01:55:58.906868,Plößlgasse / Belvedere,23,348496
2025-10-18T01:55:58.906868,Plößlgasse / Belvedere,23,348440
2025-10-18T01:55:58.906868,Plößlgasse / Belvedere,23,348306
2025-10-18T01:55:58.906868,Plößlgasse / Belvedere,23,348253
2025-10-18T01:55:58.906868,Plößlgasse / Belvedere,23,348228
2025-10-18T01:55:58.906868,Plößlgasse / Belvedere,23,348098
2025-10-18T01:55:58.906868,Plößlgasse / Belvedere,23,348004
2025-10-18T01:55:58.906868,Plößlgasse / Belvedere,23,349183
2025-10-18T01:55:58.906868,Plößlgasse / Belvedere,23,398871
2025-10-18T01:55:58.906868,Sankt-Elisabeth-Platz,20,345254
2025-10-18T01:55:58.906868,Sankt-Elisabeth-Platz,20,345200
2025-10-18T01:55:58.906868,Sankt-Elisabeth-Platz,20,345878
2025-10-18T01:55:58.906868,Sankt-Elisabeth-Platz,20,345830
2025-10-18T01:55:58.906868,Sankt-Elisabeth-Platz,20,345662
2025-10-18T01:55:58.906868,Sankt-Elisabeth-Platz,20,346305
2025-10-18T01:55:58.906868,Sankt-Elisabeth-Platz,20,346940
2025-10-18T01:55:58.906868,Sankt-Elisabeth-Platz,20,347451
2025-10-18T01:55:58.906868,Sankt-Elisabeth-Platz,20,347288
2025-10-18T01:55:58.906868,Sankt-Elisabeth-Platz,20,347228
2025-10-18T01:55:58.906868,Sankt-Elisabeth-Platz,20,347706
2025-10-18T01:55:58.906868,Sankt-Elisabeth-Platz,20,348406
2025-10-18T01:55:58.906868,Sankt-Elisabeth-Platz,20,348371
2025-10-18T01:55:58.906868,Sankt-Elisabeth-Platz,20,348560
2025-10-18T01:55:58.906868,Sankt-Elisabeth-Platz,20,398718
2025-10-18T01:55:58.906868,Sankt-Elisabeth-Platz,20,349096
2025-10-18T01:55:58.906868,Sankt-Elisabeth-Platz,20,349091
2025-10-18T01:55:58.906868,Sankt-Elisabeth-Platz,20,348979
2025-10-18T01:55:58.906868,Sankt-Elisabeth-Platz,20,348920
2025-10-18T01:55:58.906868,Sankt-Elisabeth-Platz,20,349120
2025-10-18T01:55:58.906868,Laudongasse / Schönbornpark,23,345444
2025-10-18T01:55:58.906868,Laudongasse / Schönbornpark,23,345077
2025-10-18T01:55:58.906868,Laudongasse / Schönbornpark,23,345956
2025-10-18T01:55:58.906868,Laudongasse / Schönbornpark,23,345520
2025-10-18T01:55:58.906868,Laudongasse / Schönbornpark,23,346206
2025-10-18T01:55:58.906868,Laudongasse / Schönbornpark,23,346053
2025-10-18T01:55:58.906868,Laudongasse / Schönbornpark,23,346990
2025-10-18T01:55:58.906868,Laudongasse / Schönbornpark,23,346989
2025-10-18T01:55:58.906868,Laudongasse / Schönbornpark,23,346708
2025-10-18T01:55:58.906868,Laudongasse / Schönbornpark,23,347489
2025-10-18T01:55:58.906868,Laudongasse / Schönbornpark,23,347231
2025-10-18T01:55:58.906868,Laudongasse / Schönbornpark,23,347102
2025-10-18T01:55:58.906868,Laudongasse / Schönbornpark,23,347020
2025-10-18T01:55:58.906868,Laudongasse / Schönbornpark,23,347871
2025-10-18T01:55:58.906868,Laudongasse / Schönbornpark,23,347730
2025-10-18T01:55:58.906868,Laudongasse / Schönbornpark,23,347567
2025-10-18T01:55:58.906868,Laudongasse / Schönbornpark,23,348267
2025-10-18T01:55:58.906868,Laudongasse / Schönbornpark,23,348245
2025-10-18T01:55:58.906868,Laudongasse / Schönbornpark,23,348630
2025-10-18T01:55:58.906868,Laudongasse / Schönbornpark,23,348536
2025-10-18T01:55:58.906868,Laudongasse / Schönbornpark,23,398854
2025-10-18T01:55:58.906868,Laudongasse / Schönbornpark,23,398743
2025-10-18T01:55:58.906868,Laudongasse / Schönbornpark,23,398721
2025-10-18T01:55:58.906868,Rossauer Lände U,32,345326
2025-10-18T01:55:58.906868,Rossauer Lände U,32,345111
2025-10-18T01:55:58.906868,Rossauer Lände U,32,345716
2025-10-18T01:55:58.906868,Rossauer Lände U,32,345628
2025-10-18T01:55:58.906868,Rossauer Lände U,32,345584
2025-10-18T01:55:58.906868,Rossauer Lände U,32,346411
2025-10-18T01:55:58.906868,Rossauer Lände U,32,346314
2025-10-18T01:55:58.906868,Rossauer Lände U,32,346104
2025-10-18T01:55:58.906868,Rossauer Lände U,32,346834
2025-10-18T01:55:58.906868,Rossauer Lände U,32,346779
2025-10-18T01:55:58.906868,Rossauer Lände U,32,346643
2025-10-18T01:55:58.906868,Rossauer Lände U,32,347344
2025-10-18T01:55:58.906868,Rossauer Lände U,32,347242
2025-10-18T01:55:58.906868,Rossauer Lände U,32,347192
2025-10-18T01:55:58.906868,Rossauer Lände U,32,347155
2025-10-18T01:55:58.906868,Rossauer Lände U,32,347113
2025-10-18T01:55:58.906868,Rossauer Lände U,32,347031
2025-10-18T01:55:58.906868,Rossauer Lände U,32,347784
2025-10-18T01:55:58.906868,Rossauer Lände U,32,347752
2025-10-18T01:55:58.906868,Rossauer Lände U,32,347725
2025-10-18T01:55:58.906868,Rossauer Lände U,32,347710
2025-10-18T01:55:58.906868,Rossauer Lände U,32,348495
2025-10-18T01:55:58.906868,Rossauer Lände U,32,348395
2025-10-18T01:55:58.906868,Rossauer Lände U,32,348327
2025-10-18T01:55:58.906868,Rossauer Lände U,32,348284
2025-10-18T01:55:58.906868,Rossauer Lände U,32,348214
2025-10-18T01:55:58.906868,Rossauer Lände U,32,348118
2025-10-18T01:55:58.906868,Rossauer Lände U,32,348061
2025-10-18T01:55:58.906868,Rossauer Lände U,32,348701
2025-10-18T01:55:58.906868,Rossauer Lände U,32,398822
2025-10-18T01:55:58.906868,Rossauer Lände U,32,349076
2025-10-18T01:55:58.906868,Rossauer Lände U,32,398873
2025-10-18T01:55:58.906868,Lazarettgasse,10,346808
2025-10-18T01:55:58.906868,Lazarettgasse,10,347373
2025-10-18T01:55:58.906868,Lazarettgasse,10,347667
2025-10-18T01:55:58.906868,Lazarettgasse,10,348135
2025-10-18T01:55:58.906868,Lazarettgasse,10,348116
2025-10-18T01:55:58.906868,Lazarettgasse,10,348010
2025-10-18T01:55:58.906868,Lazarettgasse,10,398792
2025-10-18T01:55:58.906868,Lazarettgasse,10,398788
2025-10-18T01:55:58.906868,Lazarettgasse,10,348975
2025-10-18T01:55:58.906868,Lazarettgasse,10,349122
2025-10-18T01:55:58.906868,Edelsinnstraße,9,345329
2025-10-18T01:55:58.906868,Edelsinnstraße,9,345212
2025-10-18T01:55:58.906868,Edelsinnstraße,9,346701
2025-10-18T01:55:58.906868,Edelsinnstraße,9,347259
2025-10-18T01:55:58.906868,Edelsinnstraße,9,347570
2025-10-18T01:55:58.906868,Edelsinnstraße,9,348616
2025-10-18T01:55:58.906868,Edelsinnstraße,9,398817
2025-10-18T01:55:58.906868,Edelsinnstraße,9,348901
2025-10-18T01:55:58.906868,Edelsinnstraße,9,349127
2025-10-18T01:55:58.906868,Karlsplatz U / TU Wien,19,345468
2025-10-18T01:55:58.906868,Karlsplatz U / TU Wien,19,345050
2025-10-18T01:55:58.906868,Karlsplatz U / TU Wien,19,345007
2025-10-18T01:55:58.906868,Karlsplatz U / TU Wien,19,345672
2025-10-18T01:55:58.906868,Karlsplatz U / TU Wien,19,346357
2025-10-18T01:55:58.906868,Karlsplatz U / TU Wien,19,346338
2025-10-18T01:55:58.906868,Karlsplatz U / TU Wien,19,346228
2025-10-18T01:55:58.906868,Karlsplatz U / TU Wien,19,346540
2025-10-18T01:55:58.906868,Karlsplatz U / TU Wien,19,347066
2025-10-18T01:55:58.906868,Karlsplatz U / TU Wien,19,347880
2025-10-18T01:55:58.906868,Karlsplatz U / TU Wien,19,347807
2025-10-18T01:55:58.906868,Karlsplatz U / TU Wien,19,347782
2025-10-18T01:55:58.906868,Karlsplatz U / TU Wien,19,347729
2025-10-18T01:55:58.906868,Karlsplatz U / TU Wien,19,347696
2025-10-18T01:55:58.906868,Karlsplatz U / TU Wien,19,347689
2025-10-18T01:55:58.906868,Karlsplatz U / TU Wien,19,347598
2025-10-18T01:55:58.906868,Karlsplatz U / TU Wien,19,347529
2025-10-18T01:55:58.906868,Karlsplatz U / TU Wien,19,348090
2025-10-18T01:55:58.906868,Karlsplatz U / TU Wien,19,348514
2025-10-18T01:55:58.906868,Albertgasse,5,345215
2025-10-18T01:55:58.906868,Albertgasse,5,345903
2025-10-18T01:55:58.906868,Albertgasse,5,346376
2025-10-18T01:55:58.906868,Albertgasse,5,346178
2025-10-18T01:55:58.906868,Albertgasse,5,346044
2025-10-18T01:55:58.906868,Universitätsring,43,345370
2025-10-18T01:55:58.906868,Universitätsring,43,345324
2025-10-18T01:55:58.906868,Universitätsring,43,345239
2025-10-18T01:55:58.906868,Universitätsring,43,345218
2025-10-18T01:55:58.906868,Universitätsring,43,345916
2025-10-18T01:55:58.906868,Universitätsring,43,345862
2025-10-18T01:55:58.906868,Universitätsring,43,345826
2025-10-18T01:55:58.906868,Universitätsring,43,345753
2025-10-18T01:55:58.906868,Universitätsring,43,345718
2025-10-18T01:55:58.906868,Universitätsring,43,345673
2025-10-18T01:55:58.906868,Universitätsring,43,345648
2025-10-18T01:55:58.906868,Universitätsring,43,345619
2025-10-18T01:55:58.906868,Universitätsring,43,345513
2025-10-18T01:55:58.906868,Universitätsring,43,346460
2025-10-18T01:55:58.906868,Universitätsring,43,346425
2025-10-18T01:55:58.906868,Universitätsring,43,346389
2025-10-18T01:55:58.906868,Universitätsring,43,346260
2025-10-18T01:55:58.906868,Universitätsring,43,346067
2025-10-18T01:55:58.906868,Universitätsring,43,346048
2025-10-18T01:55:58.906868,Universitätsring,43,346977
2025-10-18T01:55:58.906868,Universitätsring,43,346820
2025-10-18T01:55:58.906868,Universitätsring,43,346736
2025-10-18T01:55:58.906868,Universitätsring,43,346683
2025-10-18T01:55:58.906868,Universitätsring,43,346609
2025-10-18T01:55:58.906868,Universitätsring,43,346535
2025-10-18T01:55:58.906868,Universitätsring,43,346526
2025-10-18T01:55:58.906868,Universitätsring,43,347461
2025-10-18T01:55:58.906868,Universitätsring,43,347374
2025-10-18T01:55:58.906868,Universitätsring,43,347229
2025-10-18T01:55:58.906868,Universitätsring,43,347139
2025-10-18T01:55:58.906868,Universitätsring,43,347013
2025-10-18T01:55:58.906868,Universitätsring,43,347999
2025-10-18T01:55:58.906868,Universitätsring,43,347993
2025-10-18T01:55:58.906868,Universitätsring,43,347980
2025-10-18T01:55:58.906868,Universitätsring,43,347824
2025-10-18T01:55:58.906868,Universitätsring,43,347631
2025-10-18T01:55:58.906868,Universitätsring,43,347604
2025-10-18T01:55:58.906868,Universitätsring,43,347503
2025-10-18T01:55:58.906868,Universitätsring,43,348444
2025-10-18T01:55:58.906868,Universitätsring,43,348163
2025-10-18T01:55:58.906868,Universitätsring,43,348023
2025-10-18T01:55:58.906868,Universitätsring,43,348624
2025-10-18T01:55:58.906868,Universitätsring,43,348545
2025-10-18T01:55:58.906868,Herrengasse U,27,345424
2025-10-18T01:55:58.906868,Herrengasse U,27,345114
2025-10-18T01:55:58.906868,Herrengasse U,27,345108
2025-10-18T01:55:58.906868,Herrengasse U,27,345975
2025-10-18T01:55:58.906868,Herrengasse U,27,345934
2025-10-18T01:55:58.906868,Herrengasse U,27,345856
2025-10-18T01:55:58.906868,Herrengasse U,27,345852
2025-10-18T01:55:58.906868,Herrengasse U,27,346480
2025-10-18T01:55:58.906868,Herrengasse U,27,346139
2025-10-18T01:55:58.906868,Herrengasse U,27,346121
2025-10-18T01:55:58.906868,Herrengasse U,27,346012
2025-10-18T01:55:58.906868,Herrengasse U,27,346926
2025-10-18T01:55:58.906868,Herrengasse U,27,346920
2025-10-18T01:55:58.906868,Herrengasse U,27,346873
2025-10-18T01:55:58.906868,Herrengasse U,27,346566
2025-10-18T01:55:58.906868,Herrengasse U,27,347479
2025-10-18T01:55:58.906868,Herrengasse U,27,347358
2025-10-18T01:55:58.906868,Herrengasse U,27,347343
2025-10-18T01:55:58.906868,Herrengasse U,27,347301
2025-10-18T01:55:58.906868,Herrengasse U,27,347234
2025-10-18T01:55:58.906868,Herrengasse U,27,347078
2025-10-18T01:55:58.906868,Herrengasse U,27,348465
2025-10-18T01:55:58.906868,Herrengasse U,27,348353
2025-10-18T01:55:58.906868,Herrengasse U,27,348235
2025-10-18T01:55:58.906868,Herrengasse U,27,348131
2025-10-18T01:55:58.906868,Herrengasse U,27,348691
2025-10-18T01:55:58.906868,Herrengasse U,27,398841
2025-10-18T01:55:58.906868,Sensengasse,25,345317
2025-10-18T01:55:58.906868,Sensengasse,25,345005
2025-10-18T01:55:58.906868,Sensengasse,25,345828
2025-10-18T01:55:58.906868,Sensengasse,25,345647
2025-10-18T01:55:58.906868,Sensengasse,25,345592
2025-10-18T01:55:58.906868,Sensengasse,25,346252
2025-10-18T01:55:58.906868,Sensengasse,25,346222
2025-10-18T01:55:58.906868,Sensengasse,25,346220
2025-10-18T01:55:58.906868,Sensengasse,25,346118
2025-10-18T01:55:58.906868,Sensengasse,25,346109
2025-10-18T01:55:58.906868,Sensengasse,25,346851
2025-10-18T01:55:58.906868,Sensengasse,25,346637
2025-10-18T01:55:58.906868,Sensengasse,25,346536
2025-10-18T01:55:58.906868,Sensengasse,25,347327
2025-10-18T01:55:58.906868,Sensengasse,25,347236
2025-10-18T01:55:58.906868,Sensengasse,25,347185
2025-10-18T01:55:58.906868,Sensengasse,25,347074
2025-10-18T01:55:58.906868,Sensengasse,25,347922
2025-10-18T01:55:58.906868,Sensengasse,25,347903
2025-10-18T01:55:58.906868,Sensengasse,25,347867
2025-10-18T01:55:58.906868,Sensengasse,25,348409
2025-10-18T01:55:58.906868,Sensengasse,25,348164
2025-10-18T01:55:58.906868,Sensengasse,25,348673
2025-10-18T01:55:58.906868,Sensengasse,25,348622
2025-10-18T01:55:58.906868,Sensengasse,25,349026
2025-10-18T01:55:58.906868,Belgradplatz,12,345357
2025-10-18T01:55:58.906868,Belgradplatz,12,345758
2025-10-18T01:55:58.906868,Belgradplatz,12,346250
2025-10-18T01:55:58.906868,Belgradplatz,12,346084
2025-10-18T01:55:58.906868,Belgradplatz,12,346880
2025-10-18T01:55:58.906868,Belgradplatz,12,346863
2025-10-18T01:55:58.906868,Belgradplatz,12,346560
2025-10-18T01:55:58.906868,Belgradplatz,12,347975
2025-10-18T01:55:58.906868,Belgradplatz,12,347837
2025-10-18T01:55:58.906868,Belgradplatz,12,347750
2025-10-18T01:55:58.906868,Belgradplatz,12,349084
2025-10-18T01:55:58.906868,Belgradplatz,12,348923
2025-10-18T01:55:58.906868,Rathausplatz / Burgtheater,16,345879
2025-10-18T01:55:58.906868,Rathausplatz / Burgtheater,16,345552
2025-10-18T01:55:58.906868,Rathausplatz / Burgtheater,16,346416
2025-10-18T01:55:58.906868,Rathausplatz / Burgtheater,16,346407
2025-10-18T01:55:58.906868,Rathausplatz / Burgtheater,16,346385
2025-10-18T01:55:58.906868,Rathausplatz / Burgtheater,16,346210
2025-10-18T01:55:58.906868,Rathausplatz / Burgtheater,16,346138
2025-10-18T01:55:58.906868,Rathausplatz / Burgtheater,16,346057
2025-10-18T01:55:58.906868,Rathausplatz / Burgtheater,16,346774
2025-10-18T01:55:58.906868,Rathausplatz / Burgtheater,16,347127
2025-10-18T01:55:58.906868,Rathausplatz / Burgtheater,16,347963
2025-10-18T01:55:58.906868,Rathausplatz / Burgtheater,16,347704
2025-10-18T01:55:58.906868,Rathausplatz / Burgtheater,16,348681
2025-10-18T01:55:58.906868,Rathausplatz / Burgtheater,16,348632
2025-10-18T01:55:58.906868,Rathausplatz / Burgtheater,16,398779
2025-10-18T01:55:58.906868,Rathausplatz / Burgtheater,16,348857
2025-10-18T01:55:58.906868,Arbeitergasse - Gürtel,36,345403
2025-10-18T01:55:58.906868,Arbeitergasse - Gürtel,36,345353
2025-10-18T01:55:58.906868,Arbeitergasse - Gürtel,36,345310
2025-10-18T01:55:58.906868,Arbeitergasse - Gürtel,36,345115
2025-10-18T01:55:58.906868,Arbeitergasse - Gürtel,36,345933
2025-10-18T01:55:58.906868,Arbeitergasse - Gürtel,36,345754
2025-10-18T01:55:58.906868,Arbeitergasse - Gürtel,36,346471
2025-10-18T01:55:58.906868,Arbeitergasse - Gürtel,36,346350
2025-10-18T01:55:58.906868,Arbeitergasse - Gürtel,36,346135
2025-10-18T01:55:58.906868,Arbeitergasse - Gürtel,36,346071
2025-10-18T01:55:58.906868,Arbeitergasse - Gürtel,36,346919
2025-10-18T01:55:58.906868,Arbeitergasse - Gürtel,36,346855
2025-10-18T01:55:58.906868,Arbeitergasse - Gürtel,36,346816
2025-10-18T01:55:58.906868,Arbeitergasse - Gürtel,36,346692
2025-10-18T01:55:58.906868,Arbeitergasse - Gürtel,36,346652
2025-10-18T01:55:58.906868,Arbeitergasse - Gürtel,36,346572
2025-10-18T01:55:58.906868,Arbeitergasse - Gürtel,36,347436
2025-10-18T01:55:58.906868,Arbeitergasse - Gürtel,36,347270
2025-10-18T01:55:58.906868,Arbeitergasse - Gürtel,36,347181
2025-10-18T01:55:58.906868,Arbeitergasse - Gürtel,36,347168
2025-10-18T01:55:58.906868,Arbeitergasse - Gürtel,36,347034
2025-10-18T01:55:58.906868,Arbeitergasse - Gürtel,36,347912
2025-10-18T01:55:58.906868,Arbeitergasse - Gürtel,36,347650
2025-10-18T01:55:58.906868,Arbeitergasse - Gürtel,36,347508
2025-10-18T01:55:58.906868,Arbeitergasse - Gürtel,36,348357
2025-10-18T01:55:58.906868,Arbeitergasse - Gürtel,36,348300
2025-10-18T01:55:58.906868,Arbeitergasse - Gürtel,36,348263
2025-10-18T01:55:58.906868,Arbeitergasse - Gürtel,36,348255
2025-10-18T01:55:58.906868,Arbeitergasse - Gürtel,36,348068
2025-10-18T01:55:58.906868,Arbeitergasse - Gürtel,36,348018
2025-10-18T01:55:58.906868,Arbeitergasse - Gürtel,36,348614
2025-10-18T01:55:58.906868,Arbeitergasse - Gürtel,36,398858
2025-10-18T01:55:58.906868,Arbeitergasse - Gürtel,36,398798
2025-10-18T01:55:58.906868,Arbeitergasse - Gürtel,36,398783
2025-10-18T01:55:58.906868,Arbeitergasse - Gürtel,36,348987
2025-10-18T01:55:58.906868,Arbeitergasse - Gürtel,36,398865
2025-10-18T01:55:58.906868,Bauernfeldplatz / Palais Lichtenstein,38,345487
2025-10-18T01:55:58.906868,Bauernfeldplatz / Palais Lichtenstein,38,345002
2025-10-18T01:55:58.906868,Bauernfeldplatz / Palais Lichtenstein,38,345778
2025-10-18T01:55:58.906868,Bauernfeldplatz / Palais Lichtenstein,38,345773
2025-10-18T01:55:58.906868,Bauernfeldplatz / Palais Lichtenstein,38,345719
2025-10-18T01:55:58.906868,Bauernfeldplatz / Palais Lichtenstein,38,345644
2025-10-18T01:55:58.906868,Bauernfeldplatz / Palais Lichtenstein,38,346224
2025-10-18T01:55:58.906868,Bauernfeldplatz / Palais Lichtenstein,38,346158
2025-10-18T01:55:58.906868,Bauernfeldplatz / Palais Lichtenstein,38,346083
2025-10-18T01:55:58.906868,Bauernfeldplatz / Palais Lichtenstein,38,346818
2025-10-18T01:55:58.906868,Bauernfeldplatz / Palais Lichtenstein,38,346675
2025-10-18T01:55:58.906868,Bauernfeldplatz / Palais Lichtenstein,38,346647
2025-10-18T01:55:58.906868,Bauernfeldplatz / Palais Lichtenstein,38,346547
2025-10-18T01:55:58.906868,Bauernfeldplatz / Palais Lichtenstein,38,347478
2025-10-18T01:55:58.906868,Bauernfeldplatz / Palais Lichtenstein,38,347402
2025-10-18T01:55:58.906868,Bauernfeldplatz / Palais Lichtenstein,38,347367
2025-10-18T01:55:58.906868,Bauernfeldplatz / Palais Lichtenstein,38,347306
2025-10-18T01:55:58.906868,Bauernfeldplatz / Palais Lichtenstein,38,347148
2025-10-18T01:55:58.906868,Bauernfeldplatz / Palais Lichtenstein,38,347132
2025-10-18T01:55:58.906868,Bauernfeldplatz / Palais Lichtenstein,38,347119
2025-10-18T01:55:58.906868,Bauernfeldplatz / Palais Lichtenstein,38,347071
2025-10-18T01:55:58.906868,Bauernfeldplatz / Palais Lichtenstein,38,347915
2025-10-18T01:55:58.906868,Bauernfeldplatz / Palais Lichtenstein,38,347890
2025-10-18T01:55:58.906868,Bauernfeldplatz / Palais Lichtenstein,38,347594
2025-10-18T01:55:58.906868,Bauernfeldplatz / Palais Lichtenstein,38,347589
2025-10-18T01:55:58.906868,Bauernfeldplatz / Palais Lichtenstein,38,347586
2025-10-18T01:55:58.906868,Bauernfeldplatz / Palais Lichtenstein,38,348492
2025-10-18T01:55:58.906868,Bauernfeldplatz / Palais Lichtenstein,38,348482
2025-10-18T01:55:58.906868,Bauernfeldplatz / Palais Lichtenstein,38,348305
2025-10-18T01:55:58.906868,Bauernfeldplatz / Palais Lichtenstein,38,348195
2025-10-18T01:55:58.906868,Bauernfeldplatz / Palais Lichtenstein,38,348711
2025-10-18T01:55:58.906868,Bauernfeldplatz / Palais Lichtenstein,38,348687
2025-10-18T01:55:58.906868,Bauernfeldplatz / Palais Lichtenstein,38,348666
2025-10-18T01:55:58.906868,Bauernfeldplatz / Palais Lichtenstein,38,348663
2025-10-18T01:55:58.906868,Bauernfeldplatz / Palais Lichtenstein,38,348565
2025-10-18T01:55:58.906868,Bauernfeldplatz / Palais Lichtenstein,38,348530
2025-10-18T01:55:58.906868,Bauernfeldplatz / Palais Lichtenstein,38,398748
2025-10-18T01:55:58.906868,Bauernfeldplatz / Palais Lichtenstein,38,349155
2025-10-18T01:55:58.906868,Johannesgasse / Stadtpark,17,345375
2025-10-18T01:55:58.906868,Johannesgasse / Stadtpark,17,345925
2025-10-18T01:55:58.906868,Johannesgasse / Stadtpark,17,345738
2025-10-18T01:55:58.906868,Johannesgasse / Stadtpark,17,345690
2025-10-18T01:55:58.906868,Johannesgasse / Stadtpark,17,345668
2025-10-18T01:55:58.906868,Johannesgasse / Stadtpark,17,346274
2025-10-18T01:55:58.906868,Johannesgasse / Stadtpark,17,346203
2025-10-18T01:55:58.906868,Johannesgasse / Stadtpark,17,346185
2025-10-18T01:55:58.906868,Johannesgasse / Stadtpark,17,346137
2025-10-18T01:55:58.906868,Johannesgasse / Stadtpark,17,347472
2025-10-18T01:55:58.906868,Johannesgasse / Stadtpark,17,347468
2025-10-18T01:55:58.906868,Johannesgasse / Stadtpark,17,347356
2025-10-18T01:55:58.906868,Johannesgasse / Stadtpark,17,347884
2025-10-18T01:55:58.906868,Johannesgasse / Stadtpark,17,347846
2025-10-18T01:55:58.906868,Johannesgasse / Stadtpark,17,347671
2025-10-18T01:55:58.906868,Johannesgasse / Stadtpark,17,348463
2025-10-18T01:55:58.906868,Johannesgasse / Stadtpark,17,398775
2025-10-18T01:55:58.906868,Bischof-Faber-Platz,3,347960
2025-10-18T01:55:58.906868,Bischof-Faber-Platz,3,348990
2025-10-18T01:55:58.906868,Bischof-Faber-Platz,3,348831
2025-10-18T01:55:58.906868,Am Schöpfwerk U,24,345131
2025-10-18T01:55:58.906868,Am Schöpfwerk U,24,345760
2025-10-18T01:55:58.906868,Am Schöpfwerk U,24,346340
2025-10-18T01:55:58.906868,Am Schöpfwerk U,24,346280
2025-10-18T01:55:58.906868,Am Schöpfwerk U,24,346236
2025-10-18T01:55:58.906868,Am Schöpfwerk U,24,346218
2025-10-18T01:55:58.906868,Am Schöpfwerk U,24,346126
2025-10-18T01:55:58.906868,Am Schöpfwerk U,24,346114
2025-10-18T01:55:58.906868,Am Schöpfwerk U,24,346970
2025-10-18T01:55:58.906868,Am Schöpfwerk U,24,346950
2025-10-18T01:55:58.906868,Am Schöpfwerk U,24,346719
2025-10-18T01:55:58.906868,Am Schöpfwerk U,24,346610
2025-10-18T01:55:58.906868,Am Schöpfwerk U,24,347484
2025-10-18T01:55:58.906868,Am Schöpfwerk U,24,347162
2025-10-18T01:55:58.906868,Am Schöpfwerk U,24,347987
2025-10-18T01:55:58.906868,Am Schöpfwerk U,24,347841
2025-10-18T01:55:58.906868,Am Schöpfwerk U,24,347771
2025-10-18T01:55:58.906868,Am Schöpfwerk U,24,347554
2025-10-18T01:55:58.906868,Am Schöpfwerk U,24,347549
2025-10-18T01:55:58.906868,Am Schöpfwerk U,24,347535
2025-10-18T01:55:58.906868,Am Schöpfwerk U,24,347528
2025-10-18T01:55:58.906868,Am Schöpfwerk U,24,398825
2025-10-18T01:55:58.906868,Am Schöpfwerk U,24,349094
2025-10-18T01:55:58.906868,Am Schöpfwerk U,24,348883
2025-10-18T01:55:58.906868,Alserbachstraße,17,345222
2025-10-18T01:55:58.906868,Alserbachstraße,17,345813
2025-10-18T01:55:58.906868,Alserbachstraße,17,345804
2025-10-18T01:55:58.906868,Alserbachstraße,17,345625
2025-10-18T01:55:58.906868,Alserbachstraße,17,346290
2025-10-18T01:55:58.906868,Alserbachstraße,17,346024
2025-10-18T01:55:58.906868,Alserbachstraße,17,346756
2025-10-18T01:55:58.906868,Alserbachstraße,17,346696
2025-10-18T01:55:58.906868,Alserbachstraße,17,346543
2025-10-18T01:55:58.906868,Alserbachstraße,17,346504
2025-10-18T01:55:58.906868,Alserbachstraße,17,347426
2025-10-18T01:55:58.906868,Alserbachstraße,17,347215
2025-10-18T01:55:58.906868,Alserbachstraße,17,347088
2025-10-18T01:55:58.906868,Alserbachstraße,17,348498
2025-10-18T01:55:58.906868,Alserbachstraße,17,348308
2025-10-18T01:55:58.906868,Alserbachstraße,17,398769
2025-10-18T01:55:58.906868,Alserbachstraße,17,398717
2025-10-18T01:55:58.906868,Petrusgasse,20,345439
2025-10-18T01:55:58.906868,Petrusgasse,20,345270
2025-10-18T01:55:58.906868,Petrusgasse,20,345969
2025-10-18T01:55:58.906868,Petrusgasse,20,345777
2025-10-18T01:55:58.906868,Petrusgasse,20,346354
2025-10-18T01:55:58.906868,Petrusgasse,20,346330
2025-10-18T01:55:58.906868,Petrusgasse,20,346212
2025-10-18T01:55:58.906868,Petrusgasse,20,346921
2025-10-18T01:55:58.906868,Petrusgasse,20,346894
2025-10-18T01:55:58.906868,Petrusgasse,20,347416
2025-10-18T01:55:58.906868,Petrusgasse,20,347976
2025-10-18T01:55:58.906868,Petrusgasse,20,347973
2025-10-18T01:55:58.906868,Petrusgasse,20,347895
2025-10-18T01:55:58.906868,Petrusgasse,20,347700
2025-10-18T01:55:58.906868,Petrusgasse,20,347647
2025-10-18T01:55:58.906868,Petrusgasse,20,348221
2025-10-18T01:55:58.906868,Petrusgasse,20,348051
2025-10-18T01:55:58.906868,Petrusgasse,20,348574
2025-10-18T01:55:58.906868,Petrusgasse,20,398808
2025-10-18T01:55:58.906868,Petrusgasse,20,349092
2025-10-18T01:55:58.906868,Wassergasse,3,345795
2025-10-18T01:55:58.906868,Wassergasse,3,347956
2025-10-18T01:55:58.906868,Wassergasse,3,349003
2025-10-18T01:55:58.906868,Löwengasse,26,345432
2025-10-18T01:55:58.906868,Löwengasse,26,345416
2025-10-18T01:55:58.906868,Löwengasse,26,345206
2025-10-18T01:55:58.906868,Löwengasse,26,345109
2025-10-18T01:55:58.906868,Löwengasse,26,345834
2025-10-18T01:55:58.906868,Löwengasse,26,345827
2025-10-18T01:55:58.906868,Löwengasse,26,346361
2025-10-18T01:55:58.906868,Löwengasse,26,346348
2025-10-18T01:55:58.906868,Löwengasse,26,346175
2025-10-18T01:55:58.906868,Löwengasse,26,346136
2025-10-18T01:55:58.906868,Löwengasse,26,346094
2025-10-18T01:55:58.906868,Löwengasse,26,346809
2025-10-18T01:55:58.906868,Löwengasse,26,346806
2025-10-18T01:55:58.906868,Löwengasse,26,346562
2025-10-18T01:55:58.906868,Löwengasse,26,346559
2025-10-18T01:55:58.906868,Löwengasse,26,347276
2025-10-18T01:55:58.906868,Löwengasse,26,347875
2025-10-18T01:55:58.906868,Löwengasse,26,347825
2025-10-18T01:55:58.906868,Löwengasse,26,347683
2025-10-18T01:55:58.906868,Löwengasse,26,347608
2025-10-18T01:55:58.906868,Löwengasse,26,348329
2025-10-18T01:55:58.906868,Löwengasse,26,348314
2025-10-18T01:55:58.906868,Löwengasse,26,348587
2025-10-18T01:55:58.906868,Löwengasse,26,398857
2025-10-18T01:55:58.906868,Löwengasse,26,349082
2025-10-18T01:55:58.906868,Löwengasse,26,349170
2025-10-18T01:55:58.906868,Kardinal-Nagl-Platz U,24,345372
2025-10-18T01:55:58.906868,Kardinal-Nagl-Platz U,24,345233
2025-10-18T01:55:58.906868,Kardinal-Nagl-Platz U,24,345081
2025-10-18T01:55:58.906868,Kardinal-Nagl-Platz U,24,345034
2025-10-18T01:55:58.906868,Kardinal-Nagl-Platz U,24,345832
2025-10-18T01:55:58.906868,Kardinal-Nagl-Platz U,24,345759
2025-10-18T01:55:58.906868,Kardinal-Nagl-Platz U,24,345682
2025-10-18T01:55:58.906868,Kardinal-Nagl-Platz U,24,345614
2025-10-18T01:55:58.906868,Kardinal-Nagl-Platz U,24,345569
2025-10-18T01:55:58.906868,Kardinal-Nagl-Platz U,24,346473
2025-10-18T01:55:58.906868,Kardinal-Nagl-Platz U,24,346446
2025-10-18T01:55:58.906868,Kardinal-Nagl-Platz U,24,346089
2025-10-18T01:55:58.906868,Kardinal-Nagl-Platz U,24,346793
2025-10-18T01:55:58.906868,Kardinal-Nagl-Platz U,24,346660
2025-10-18T01:55:58.906868,Kardinal-Nagl-Platz U,24,347311
2025-10-18T01:55:58.906868,Kardinal-Nagl-Platz U,24,347981
2025-10-18T01:55:58.906868,Kardinal-Nagl-Platz U,24,348281
2025-10-18T01:55:58.906868,Kardinal-Nagl-Platz U,24,348703
2025-10-18T01:55:58.906868,Kardinal-Nagl-Platz U,24,348682
2025-10-18T01:55:58.906868,Kardinal-Nagl-Platz U,24,398780
2025-10-18T01:55:58.906868,Kardinal-Nagl-Platz U,24,349009
2025-10-18T01:55:58.906868,Kardinal-Nagl-Platz U,24,348922
2025-10-18T01:55:58.906868,Kardinal-Nagl-Platz U,24,349185
2025-10-18T01:55:58.906868,Kardinal-Nagl-Platz U,24,398868
2025-10-18T01:55:58.906868,Kärntner Ring,14,345258
2025-10-18T01:55:58.906868,Kärntner Ring,14,345594
2025-10-18T01:55:58.906868,Kärntner Ring,14,346496
2025-10-18T01:55:58.906868,Kärntner Ring,14,346982
2025-10-18T01:55:58.906868,Kärntner Ring,14,346932
2025-10-18T01:55:58.906868,Kärntner Ring,14,346654
2025-10-18T01:55:58.906868,Kärntner Ring,14,346506
2025-10-18T01:55:58.906868,Kärntner Ring,14,348442
2025-10-18T01:55:58.906868,Kärntner Ring,14,348436
2025-10-18T01:55:58.906868,Kärntner Ring,14,348296
2025-10-18T01:55:58.906868,Kärntner Ring,14,348290
2025-10-18T01:55:58.906868,Kärntner Ring,14,348030
2025-10-18T01:55:58.906868,Kärntner Ring,14,348024
2025-10-18T01:55:58.906868,Kärntner Ring,14,398789
2025-10-18T01:55:58.906868,Schottenring U,28,345358
2025-10-18T01:55:58.906868,Schottenring U,28,345263
2025-10-18T01:55:58.906868,Schottenring U,28,345191
2025-10-18T01:55:58.906868,Schottenring U,28,345018
2025-10-18T01:55:58.906868,Schottenring U,28,345954
2025-10-18T01:55:58.906868,Schottenring U,28,345785
2025-10-18T01:55:58.906868,Schottenring U,28,345608
2025-10-18T01:55:58.906868,Schottenring U,28,345524
2025-10-18T01:55:58.906868,Schottenring U,28,346489
2025-10-18T01:55:58.906868,Schottenring U,28,346392
2025-10-18T01:55:58.906868,Schottenring U,28,346325
2025-10-18T01:55:58.906868,Schottenring U,28,346296
2025-10-18T01:55:58.906868,Schottenring U,28,346217
2025-10-18T01:55:58.906868,Schottenring U,28,346050
2025-10-18T01:55:58.906868,Schottenring U,28,346035
2025-10-18T01:55:58.906868,Schottenring U,28,346946
2025-10-18T01:55:58.906868,Schottenring U,28,346801
2025-10-18T01:55:58.906868,Schottenring U,28,347490
2025-10-18T01:55:58.906868,Schottenring U,28,347408
2025-10-18T01:55:58.906868,Schottenring U,28,347390
2025-10-18T01:55:58.906868,Schottenring U,28,347173
2025-10-18T01:55:58.906868,Schottenring U,28,347165
2025-10-18T01:55:58.906868,Schottenring U,28,347916
2025-10-18T01:55:58.906868,Schottenring U,28,347904
2025-10-18T01:55:58.906868,Schottenring U,28,347658
2025-10-18T01:55:58.906868,Schottenring U,28,348287
2025-10-18T01:55:58.906868,Schottenring U,28,348617
2025-10-18T01:55:58.906868,Schottenring U,28,348893
2025-10-18T01:55:58.906868,Strozzigasse,2,346786
2025-10-18T01:55:58.906868,Strozzigasse,2,347521
2025-10-18T01:55:58.906868,Yppengasse,12,345300
2025-10-18T01:55:58.906868,Yppengasse,12,345185
2025-10-18T01:55:58.906868,Yppengasse,12,345720
2025-10-18T01:55:58.906868,Yppengasse,12,346672
2025-10-18T01:55:58.906868,Yppengasse,12,346605
2025-10-18T01:55:58.906868,Yppengasse,12,346573
2025-10-18T01:55:58.906868,Yppengasse,12,347779
2025-10-18T01:55:58.906868,Yppengasse,12,348295
2025-10-18T01:55:58.906868,Yppengasse,12,348271
2025-10-18T01:55:58.906868,Yppengasse,12,348241
2025-10-18T01:55:58.906868,Yppengasse,12,348236
2025-10-18T01:55:58.906868,Yppengasse,12,348059
2025-10-18T01:55:58.906868,Stefan-Fadinger-Platz,3,345488
2025-10-18T01:55:58.906868,Stefan-Fadinger-Platz,3,348970
2025-10-18T01:55:58.906868,Stefan-Fadinger-Platz,3,348932
2025-10-18T01:55:58.906868,Brünnlbadgasse,1,348197
2025-10-18T01:55:58.906868,Obere Augartenstraße,10,345433
2025-10-18T01:55:58.906868,Obere Augartenstraße,10,345252
2025-10-18T01:55:58.906868,Obere Augartenstraße,10,346244
2025-10-18T01:55:58.906868,Obere Augartenstraße,10,346199
2025-10-18T01:55:58.906868,Obere Augartenstraße,10,347421
2025-10-18T01:55:58.906868,Obere Augartenstraße,10,347232
2025-10-18T01:55:58.906868,Obere Augartenstraße,10,347753
2025-10-18T01:55:58.906868,Obere Augartenstraße,10,347543
2025-10-18T01:55:58.906868,Obere Augartenstraße,10,398827
2025-10-18T01:55:58.906868,Obere Augartenstraße,10,349101
2025-10-18T01:55:58.906868,Gußhausstraße / Argentinierstraße,10,345016
2025-10-18T01:55:58.906868,Gußhausstraße / Argentinierstraße,10,345877
2025-10-18T01:55:58.906868,Gußhausstraße / Argentinierstraße,10,346983
2025-10-18T01:55:58.906868,Gußhausstraße / Argentinierstraße,10,347462
2025-10-18T01:55:58.906868,Gußhausstraße / Argentinierstraße,10,347703
2025-10-18T01:55:58.906868,Gußhausstraße / Argentinierstraße,10,398813
2025-10-18T01:55:58.906868,Gußhausstraße / Argentinierstraße,10,349010
2025-10-18T01:55:58.906868,Gußhausstraße / Argentinierstraße,10,348912
2025-10-18T01:55:58.906868,Gußhausstraße / Argentinierstraße,10,348894
2025-10-18T01:55:58.906868,Gußhausstraße / Argentinierstraße,10,398864
2025-10-18T01:55:58.906868,Marschallplatz,2,345485
2025-10-18T01:55:58.906868,Marschallplatz,2,347874
2025-10-18T01:55:58.906868,Ober St. Veit U,15,345346
2025-10-18T01:55:58.906868,Ober St. Veit U,15,345941
2025-10-18T01:55:58.906868,Ober St. Veit U,15,345747
2025-10-18T01:55:58.906868,Ober St. Veit U,15,346493
2025-10-18T01:55:58.906868,Ober St. Veit U,15,346110
2025-10-18T01:55:58.906868,Ober St. Veit U,15,346757
2025-10-18T01:55:58.906868,Ober St. Veit U,15,346723
2025-10-18T01:55:58.906868,Ober St. Veit U,15,347974
2025-10-18T01:55:58.906868,Ober St. Veit U,15,347765
2025-10-18T01:55:58.906868,Ober St. Veit U,15,348324
2025-10-18T01:55:58.906868,Ober St. Veit U,15,398846
2025-10-18T01:55:58.906868,Ober St. Veit U,15,398833
2025-10-18T01:55:58.906868,Ober St. Veit U,15,398762
2025-10-18T01:55:58.906868,Ober St. Veit U,15,348911
2025-10-18T01:55:58.906868,Ober St. Veit U,15,349116
2025-10-18T01:55:58.906868,Auf der Schmelz,22,345389
2025-10-18T01:55:58.906868,Auf der Schmelz,22,345341
2025-10-18T01:55:58.906868,Auf der Schmelz,22,345312
2025-10-18T01:55:58.906868,Auf der Schmelz,22,345246
2025-10-18T01:55:58.906868,Auf der Schmelz,22,345207
2025-10-18T01:55:58.906868,Auf der Schmelz,22,345192
2025-10-18T01:55:58.906868,Auf der Schmelz,22,345521
2025-10-18T01:55:58.906868,Auf der Schmelz,22,346378
2025-10-18T01:55:58.906868,Auf der Schmelz,22,346191
2025-10-18T01:55:58.906868,Auf der Schmelz,22,346567
2025-10-18T01:55:58.906868,Auf der Schmelz,22,346516
2025-10-18T01:55:58.906868,Auf der Schmelz,22,347136
2025-10-18T01:55:58.906868,Auf der Schmelz,22,347968
2025-10-18T01:55:58.906868,Auf der Schmelz,22,347847
2025-10-18T01:55:58.906868,Auf der Schmelz,22,347648
2025-10-18T01:55:58.906868,Auf der Schmelz,22,348278
2025-10-18T01:55:58.906868,Auf der Schmelz,22,348259
2025-10-18T01:55:58.906868,Auf der Schmelz,22,348174
2025-10-18T01:55:58.906868,Auf der Schmelz,22,348692
2025-10-18T01:55:58.906868,Auf der Schmelz,22,398821
2025-10-18T01:55:58.906868,Auf der Schmelz,22,349189
2025-10-18T01:55:58.906868,Auf der Schmelz,22,349180
2025-10-18T01:55:58.906868,Grimmgasse,26,345496
2025-10-18T01:55:58.906868,Grimmgasse,26,345484
2025-10-18T01:55:58.906868,Grimmgasse,26,345477
2025-10-18T01:55:58.906868,Grimmgasse,26,345408
2025-10-18T01:55:58.906868,Grimmgasse,26,345404
2025-10-18T01:55:58.906868,Grimmgasse,26,345203
2025-10-18T01:55:58.906868,Grimmgasse,26,345166
2025-10-18T01:55:58.906868,Grimmgasse,26,345646
2025-10-18T01:55:58.906868,Grimmgasse,26,345611
2025-10-18T01:55:58.906868,Grimmgasse,26,346445
2025-10-18T01:55:58.906868,Grimmgasse,26,346979
2025-10-18T01:55:58.906868,Grimmgasse,26,346623
2025-10-18T01:55:58.906868,Grimmgasse,26,347250
2025-10-18T01:55:58.906868,Grimmgasse,26,347210
2025-10-18T01:55:58.906868,Grimmgasse,26,347075
2025-10-18T01:55:58.906868,Grimmgasse,26,347965
2025-10-18T01:55:58.906868,Grimmgasse,26,347887
2025-10-18T01:55:58.906868,Grimmgasse,26,347783
2025-10-18T01:55:58.906868,Grimmgasse,26,347751
2025-10-18T01:55:58.906868,Grimmgasse,26,348439
2025-10-18T01:55:58.906868,Grimmgasse,26,348400
2025-10-18T01:55:58.906868,Grimmgasse,26,348379
2025-10-18T01:55:58.906868,Grimmgasse,26,348328
2025-10-18T01:55:58.906868,Grimmgasse,26,348041
2025-10-18T01:55:58.906868,Grimmgasse,26,398724
2025-10-18T01:55:58.906868,Grimmgasse,26,349007
2025-10-18T01:55:58.906868,Parhamerplatz,4,345675
2025-10-18T01:55:58.906868,Parhamerplatz,4,346321
2025-10-18T01:55:58.906868,Parhamerplatz,4,348660
2025-10-18T01:55:58.906868,Parhamerplatz,4,348548
2025-10-18T01:55:58.906868,Kendlerstraße U,25,345453
2025-10-18T01:55:58.906868,Kendlerstraße U,25,345441
2025-10-18T01:55:58.906868,Kendlerstraße U,25,345380
2025-10-18T01:55:58.906868,Kendlerstraße U,25,345348
2025-10-18T01:55:58.906868,Kendlerstraße U,25,345308
2025-10-18T01:55:58.906868,Kendlerstraße U,25,345126
2025-10-18T01:55:58.906868,Kendlerstraße U,25,345065
2025-10-18T01:55:58.906868,Kendlerstraße U,25,345992
2025-10-18T01:55:58.906868,Kendlerstraße U,25,345989
2025-10-18T01:55:58.906868,Kendlerstraße U,25,345642
2025-10-18T01:55:58.906868,Kendlerstraße U,25,346026
2025-10-18T01:55:58.906868,Kendlerstraße U,25,346007
2025-10-18T01:55:58.906868,Kendlerstraße U,25,346914
2025-10-18T01:55:58.906868,Kendlerstraße U,25,346887
2025-10-18T01:55:58.906868,Kendlerstraße U,25,346785
2025-10-18T01:55:58.906868,Kendlerstraße U,25,346772
2025-10-18T01:55:58.906868,Kendlerstraße U,25,346754
2025-10-18T01:55:58.906868,Kendlerstraße U,25,347091
2025-10-18T01:55:58.906868,Kendlerstraße U,25,347819
2025-10-18T01:55:58.906868,Kendlerstraße U,25,347611
2025-10-18T01:55:58.906868,Kendlerstraße U,25,348469
2025-10-18T01:55:58.906868,Kendlerstraße U,25,348302
2025-10-18T01:55:58.906868,Kendlerstraße U,25,348183
2025-10-18T01:55:58.906868,Kendlerstraße U,25,348149
2025-10-18T01:55:58.906868,Kendlerstraße U,25,349070
2025-10-18T01:55:58.906868,Dornerplatz,4,346101
2025-10-18T01:55:58.906868,Dornerplatz,4,346981
2025-10-18T01:55:58.906868,Dornerplatz,4,346827
2025-10-18T01:55:58.906868,Dornerplatz,4,347207
2025-10-18T01:55:58.906868,Hernals S,22,345461
2025-10-18T01:55:58.906868,Hernals S,22,345927
2025-10-18T01:55:58.906868,Hernals S,22,345681
2025-10-18T01:55:58.906868,Hernals S,22,346951
2025-10-18T01:55:58.906868,Hernals S,22,346861
2025-10-18T01:55:58.906868,Hernals S,22,346777
2025-10-18T01:55:58.906868,Hernals S,22,346727
2025-10-18T01:55:58.906868,Hernals S,22,347483
2025-10-18T01:55:58.906868,Hernals S,22,347209
2025-10-18T01:55:58.906868,Hernals S,22,347038
2025-10-18T01:55:58.906868,Hernals S,22,347885
2025-10-18T01:55:58.906868,Hernals S,22,347852
2025-10-18T01:55:58.906868,Hernals S,22,347777
2025-10-18T01:55:58.906868,Hernals S,22,347642
2025-10-18T01:55:58.906868,Hernals S,22,347572
2025-10-18T01:55:58.906868,Hernals S,22,348468
2025-10-18T01:55:58.906868,Hernals S,22,348286
2025-10-18T01:55:58.906868,Hernals S,22,348175
2025-10-18T01:55:58.906868,Hernals S,22,348128
2025-10-18T01:55:58.906868,Hernals S,22,348685
2025-10-18T01:55:58.906868,Hernals S,22,348553
2025-10-18T01:55:58.906868,Hernals S,22,349110
2025-10-18T01:55:58.906868,Schmelzbrücke,6,345910
2025-10-18T01:55:58.906868,Schmelzbrücke,6,345567
2025-10-18T01:55:58.906868,Schmelzbrücke,6,345518
2025-10-18T01:55:58.906868,Schmelzbrücke,6,346705
2025-10-18T01:55:58.906868,Schmelzbrücke,6,347030
2025-10-18T01:55:58.906868,Schmelzbrücke,6,347728
2025-10-18T01:55:58.906868,Michelbeuern-AKH U,6,345849
2025-10-18T01:55:58.906868,Michelbeuern-AKH U,6,346750
2025-10-18T01:55:58.906868,Michelbeuern-AKH U,6,347429
2025-10-18T01:55:58.906868,Michelbeuern-AKH U,6,347773
2025-10-18T01:55:58.906868,Michelbeuern-AKH U,6,347545
2025-10-18T01:55:58.906868,Michelbeuern-AKH U,6,347519
2025-10-18T01:55:58.906868,Johann-Nepomuk-Vogl-Platz,5,345101
2025-10-18T01:55:58.906868,Johann-Nepomuk-Vogl-Platz,5,345891
2025-10-18T01:55:58.906868,Johann-Nepomuk-Vogl-Platz,5,347994
2025-10-18T01:55:58.906868,Johann-Nepomuk-Vogl-Platz,5,347558
2025-10-18T01:55:58.906868,Johann-Nepomuk-Vogl-Platz,5,348133
2025-10-18T01:55:58.906868,Mayerhofgasse,26,345394
2025-10-18T01:55:58.906868,Mayerhofgasse,26,345181
2025-10-18T01:55:58.906868,Mayerhofgasse,26,345157
2025-10-18T01:55:58.906868,Mayerhofgasse,26,345603
2025-10-18T01:55:58.906868,Mayerhofgasse,26,346187
2025-10-18T01:55:58.906868,Mayerhofgasse,26,346795
2025-10-18T01:55:58.906868,Mayerhofgasse,26,346607
2025-10-18T01:55:58.906868,Mayerhofgasse,26,347370
2025-10-18T01:55:58.906868,Mayerhofgasse,26,347328
2025-10-18T01:55:58.906868,Mayerhofgasse,26,347196
2025-10-18T01:55:58.906868,Mayerhofgasse,26,347042
2025-10-18T01:55:58.906868,Mayerhofgasse,26,347810
2025-10-18T01:55:58.906868,Mayerhofgasse,26,347665
2025-10-18T01:55:58.906868,Mayerhofgasse,26,347636
2025-10-18T01:55:58.906868,Mayerhofgasse,26,347510
2025-10-18T01:55:58.906868,Mayerhofgasse,26,347506
2025-10-18T01:55:58.906868,Mayerhofgasse,26,348459
2025-10-18T01:55:58.906868,Mayerhofgasse,26,348421
2025-10-18T01:55:58.906868,Mayerhofgasse,26,348269
2025-10-18T01:55:58.906868,Mayerhofgasse,26,348107
2025-10-18T01:55:58.906868,Mayerhofgasse,26,348698
2025-10-18T01:55:58.906868,Mayerhofgasse,26,348651
2025-10-18T01:55:58.906868,Mayerhofgasse,26,348628
2025-10-18T01:55:58.906868,Mayerhofgasse,26,348579
2025-10-18T01:55:58.906868,Mayerhofgasse,26,348926
2025-10-18T01:55:58.906868,Mayerhofgasse,26,348856
2025-10-18T01:55:58.906868,Vorgartenstraße U,19,345066
2025-10-18T01:55:58.906868,Vorgartenstraße U,19,345707
2025-10-18T01:55:58.906868,Vorgartenstraße U,19,346488
2025-10-18T01:55:58.906868,Vorgartenstraße U,19,346068
2025-10-18T01:55:58.906868,Vorgartenstraße U,19,346911
2025-10-18T01:55:58.906868,Vorgartenstraße U,19,347295
2025-10-18T01:55:58.906868,Vorgartenstraße U,19,347189
2025-10-18T01:55:58.906868,Vorgartenstraße U,19,347145
2025-10-18T01:55:58.906868,Vorgartenstraße U,19,347022
2025-10-18T01:55:58.906868,Vorgartenstraße U,19,348336
2025-10-18T01:55:58.906868,Vorgartenstraße U,19,348237
2025-10-18T01:55:58.906868,Vorgartenstraße U,19,348150
2025-10-18T01:55:58.906868,Vorgartenstraße U,19,348077
2025-10-18T01:55:58.906868,Vorgartenstraße U,19,348043
2025-10-18T01:55:58.906868,Vorgartenstraße U,19,348027
2025-10-18T01:55:58.906868,Vorgartenstraße U,19,348544
2025-10-18T01:55:58.906868,Vorgartenstraße U,19,349039
2025-10-18T01:55:58.906868,Vorgartenstraße U,19,349148
2025-10-18T01:55:58.906868,Vorgartenstraße U,19,349144
2025-10-18T01:55:58.906868,Krieau U,15,345107
2025-10-18T01:55:58.906868,Krieau U,15,345038
2025-10-18T01:55:58.906868,Krieau U,15,346328
2025-10-18T01:55:58.906868,Krieau U,15,346249
2025-10-18T01:55:58.906868,Krieau U,15,346775
2025-10-18T01:55:58.906868,Krieau U,15,346622
2025-10-18T01:55:58.906868,Krieau U,15,347106
2025-10-18T01:55:58.906868,Krieau U,15,347072
2025-10-18T01:55:58.906868,Krieau U,15,348419
2025-10-18T01:55:58.906868,Krieau U,15,348048
2025-10-18T01:55:58.906868,Krieau U,15,348704
2025-10-18T01:55:58.906868,Krieau U,15,398736
2025-10-18T01:55:58.906868,Krieau U,15,349016
2025-10-18T01:55:58.906868,Krieau U,15,348933
2025-10-18T01:55:58.906868,Krieau U,15,348848
2025-10-18T01:55:58.906868,Ottakring S U,14,345294
2025-10-18T01:55:58.906868,Ottakring S U,14,345076
2025-10-18T01:55:58.906868,Ottakring S U,14,345741
2025-10-18T01:55:58.906868,Ottakring S U,14,346945
2025-10-18T01:55:58.906868,Ottakring S U,14,346931
2025-10-18T01:55:58.906868,Ottakring S U,14,346836
2025-10-18T01:55:58.906868,Ottakring S U,14,346568
2025-10-18T01:55:58.906868,Ottakring S U,14,346509
2025-10-18T01:55:58.906868,Ottakring S U,14,347643
2025-10-18T01:55:58.906868,Ottakring S U,14,348343
2025-10-18T01:55:58.906868,Ottakring S U,14,348294
2025-10-18T01:55:58.906868,Ottakring S U,14,348184
2025-10-18T01:55:58.906868,Ottakring S U,14,348047
2025-10-18T01:55:58.906868,Ottakring S U,14,348641
2025-10-18T01:55:58.906868,Hartmanngasse ,22,345493
2025-10-18T01:55:58.906868,Hartmanngasse ,22,345230
2025-10-18T01:55:58.906868,Hartmanngasse ,22,345072
2025-10-18T01:55:58.906868,Hartmanngasse ,22,345953
2025-10-18T01:55:58.906868,Hartmanngasse ,22,345945
2025-10-18T01:55:58.906868,Hartmanngasse ,22,345814
2025-10-18T01:55:58.906868,Hartmanngasse ,22,345715
2025-10-18T01:55:58.906868,Hartmanngasse ,22,345617
2025-10-18T01:55:58.906868,Hartmanngasse ,22,346394
2025-10-18T01:55:58.906868,Hartmanngasse ,22,346239
2025-10-18T01:55:58.906868,Hartmanngasse ,22,346867
2025-10-18T01:55:58.906868,Hartmanngasse ,22,347351
2025-10-18T01:55:58.906868,Hartmanngasse ,22,347336
2025-10-18T01:55:58.906868,Hartmanngasse ,22,347227
2025-10-18T01:55:58.906868,Hartmanngasse ,22,347944
2025-10-18T01:55:58.906868,Hartmanngasse ,22,347932
2025-10-18T01:55:58.906868,Hartmanngasse ,22,347794
2025-10-18T01:55:58.906868,Hartmanngasse ,22,348350
2025-10-18T01:55:58.906868,Hartmanngasse ,22,348104
2025-10-18T01:55:58.906868,Hartmanngasse ,22,348088
2025-10-18T01:55:58.906868,Hartmanngasse ,22,348876
2025-10-18T01:55:58.906868,Hartmanngasse ,22,348870
2025-10-18T01:55:58.906868,Messe-Prater U,12,345261
2025-10-18T01:55:58.906868,Messe-Prater U,12,345035
2025-10-18T01:55:58.906868,Messe-Prater U,12,345977
2025-10-18T01:55:58.906868,Messe-Prater U,12,345797
2025-10-18T01:55:58.906868,Messe-Prater U,12,346826
2025-10-18T01:55:58.906868,Messe-Prater U,12,346649
2025-10-18T01:55:58.906868,Messe-Prater U,12,346514
2025-10-18T01:55:58.906868,Messe-Prater U,12,347337
2025-10-18T01:55:58.906868,Messe-Prater U,12,347003
2025-10-18T01:55:58.906868,Messe-Prater U,12,347635
2025-10-18T01:55:58.906868,Messe-Prater U,12,348493
2025-10-18T01:55:58.906868,Messe-Prater U,12,348965
2025-10-18T01:55:58.906868,Loquaiplatz,1,345998
2025-10-18T01:55:58.906868,Rosensteingasse,18,345255
2025-10-18T01:55:58.906868,Rosensteingasse,18,345209
2025-10-18T01:55:58.906868,Rosensteingasse,18,345142
2025-10-18T01:55:58.906868,Rosensteingasse,18,345881
2025-10-18T01:55:58.906868,Rosensteingasse,18,345866
2025-10-18T01:55:58.906868,Rosensteingasse,18,345674
2025-10-18T01:55:58.906868,Rosensteingasse,18,346497
2025-10-18T01:55:58.906868,Rosensteingasse,18,346397
2025-10-18T01:55:58.906868,Rosensteingasse,18,346902
2025-10-18T01:55:58.906868,Rosensteingasse,18,346630
2025-10-18T01:55:58.906868,Rosensteingasse,18,346598
2025-10-18T01:55:58.906868,Rosensteingasse,18,346580
2025-10-18T01:55:58.906868,Rosensteingasse,18,347274
2025-10-18T01:55:58.906868,Rosensteingasse,18,347167
2025-10-18T01:55:58.906868,Rosensteingasse,18,347950
2025-10-18T01:55:58.906868,Rosensteingasse,18,347823
2025-10-18T01:55:58.906868,Rosensteingasse,18,348438
2025-10-18T01:55:58.906868,Rosensteingasse,18,348427
2025-10-18T01:55:58.906868,Gumpendorfer Gürtel,31,345458
2025-10-18T01:55:58.906868,Gumpendorfer Gürtel,31,345327
2025-10-18T01:55:58.906868,Gumpendorfer Gürtel,31,345282
2025-10-18T01:55:58.906868,Gumpendorfer Gürtel,31,345118
2025-10-18T01:55:58.906868,Gumpendorfer Gürtel,31,345869
2025-10-18T01:55:58.906868,Gumpendorfer Gürtel,31,345860
2025-10-18T01:55:58.906868,Gumpendorfer Gürtel,31,346465
2025-10-18T01:55:58.906868,Gumpendorfer Gürtel,31,346417
2025-10-18T01:55:58.906868,Gumpendorfer Gürtel,31,346248
2025-10-18T01:55:58.906868,Gumpendorfer Gürtel,31,346226
2025-10-18T01:55:58.906868,Gumpendorfer Gürtel,31,346107
2025-10-18T01:55:58.906868,Gumpendorfer Gürtel,31,346081
2025-10-18T01:55:58.906868,Gumpendorfer Gürtel,31,346077
2025-10-18T01:55:58.906868,Gumpendorfer Gürtel,31,346042
2025-10-18T01:55:58.906868,Gumpendorfer Gürtel,31,346925
2025-10-18T01:55:58.906868,Gumpendorfer Gürtel,31,346883
2025-10-18T01:55:58.906868,Gumpendorfer Gürtel,31,346854
2025-10-18T01:55:58.906868,Gumpendorfer Gürtel,31,346792
2025-10-18T01:55:58.906868,Gumpendorfer Gürtel,31,346659
2025-10-18T01:55:58.906868,Gumpendorfer Gürtel,31,347221
2025-10-18T01:55:58.906868,Gumpendorfer Gürtel,31,347138
2025-10-18T01:55:58.906868,Gumpendorfer Gürtel,31,347957
2025-10-18T01:55:58.906868,Gumpendorfer Gürtel,31,347780
2025-10-18T01:55:58.906868,Gumpendorfer Gürtel,31,347759
2025-10-18T01:55:58.906868,Gumpendorfer Gürtel,31,347742
2025-10-18T01:55:58.906868,Gumpendorfer Gürtel,31,347613
2025-10-18T01:55:58.906868,Gumpendorfer Gürtel,31,348483
2025-10-18T01:55:58.906868,Gumpendorfer Gürtel,31,348472
2025-10-18T01:55:58.906868,Gumpendorfer Gürtel,31,348404
2025-10-18T01:55:58.906868,Gumpendorfer Gürtel,31,348120
2025-10-18T01:55:58.906868,Gumpendorfer Gürtel,31,348054
2025-10-18T01:55:58.906868,Burggasse-Stadthalle U,1,346219
2025-10-18T01:55:58.906868,Urban-Loritz-Platz,12,345899
2025-10-18T01:55:58.906868,Urban-Loritz-Platz,12,345867
2025-10-18T01:55:58.906868,Urban-Loritz-Platz,12,345587
2025-10-18T01:55:58.906868,Urban-Loritz-Platz,12,346117
2025-10-18T01:55:58.906868,Urban-Loritz-Platz,12,346601
2025-10-18T01:55:58.906868,Urban-Loritz-Platz,12,347414
2025-10-18T01:55:58.906868,Urban-Loritz-Platz,12,347121
2025-10-18T01:55:58.906868,Urban-Loritz-Platz,12,347010
2025-10-18T01:55:58.906868,Urban-Loritz-Platz,12,348358
2025-10-18T01:55:58.906868,Urban-Loritz-Platz,12,348277
2025-10-18T01:55:58.906868,Urban-Loritz-Platz,12,398795
2025-10-18T01:55:58.906868,Urban-Loritz-Platz,12,348998
2025-10-18T01:55:58.906868,Hanusch Krankenhaus,10,345653
2025-10-18T01:55:58.906868,Hanusch Krankenhaus,10,347551
2025-10-18T01:55:58.906868,Hanusch Krankenhaus,10,348130
2025-10-18T01:55:58.906868,Hanusch Krankenhaus,10,348642
2025-10-18T01:55:58.906868,Hanusch Krankenhaus,10,349100
2025-10-18T01:55:58.906868,Hanusch Krankenhaus,10,349049
2025-10-18T01:55:58.906868,Hanusch Krankenhaus,10,348907
2025-10-18T01:55:58.906868,Hanusch Krankenhaus,10,348862
2025-10-18T01:55:58.906868,Hanusch Krankenhaus,10,348807
2025-10-18T01:55:58.906868,Hanusch Krankenhaus,10,349149
2025-10-18T01:55:58.906868,Westbahnhof S U / Gerstnerstraße,17,345356
2025-10-18T01:55:58.906868,Westbahnhof S U / Gerstnerstraße,17,345267
2025-10-18T01:55:58.906868,Westbahnhof S U / Gerstnerstraße,17,345144
2025-10-18T01:55:58.906868,Westbahnhof S U / Gerstnerstraße,17,345134
2025-10-18T01:55:58.906868,Westbahnhof S U / Gerstnerstraße,17,345008
2025-10-18T01:55:58.906868,Westbahnhof S U / Gerstnerstraße,17,345810
2025-10-18T01:55:58.906868,Westbahnhof S U / Gerstnerstraße,17,345612
2025-10-18T01:55:58.906868,Westbahnhof S U / Gerstnerstraße,17,345523
2025-10-18T01:55:58.906868,Westbahnhof S U / Gerstnerstraße,17,346964
2025-10-18T01:55:58.906868,Westbahnhof S U / Gerstnerstraße,17,346819
2025-10-18T01:55:58.906868,Westbahnhof S U / Gerstnerstraße,17,347441
2025-10-18T01:55:58.906868,Westbahnhof S U / Gerstnerstraße,17,347130
2025-10-18T01:55:58.906868,Westbahnhof S U / Gerstnerstraße,17,347804
2025-10-18T01:55:58.906868,Westbahnhof S U / Gerstnerstraße,17,347744
2025-10-18T01:55:58.906868,Westbahnhof S U / Gerstnerstraße,17,347523
2025-10-18T01:55:58.906868,Westbahnhof S U / Gerstnerstraße,17,348177
2025-10-18T01:55:58.906868,Westbahnhof S U / Gerstnerstraße,17,348946
2025-10-18T01:55:58.906868,Wieningerplatz,18,345360
2025-10-18T01:55:58.906868,Wieningerplatz,18,345171
2025-10-18T01:55:58.906868,Wieningerplatz,18,345882
2025-10-18T01:55:58.906868,Wieningerplatz,18,345833
2025-10-18T01:55:58.906868,Wieningerplatz,18,345811
2025-10-18T01:55:58.906868,Wieningerplatz,18,346183
2025-10-18T01:55:58.906868,Wieningerplatz,18,346153
2025-10-18T01:55:58.906868,Wieningerplatz,18,346140
2025-10-18T01:55:58.906868,Wieningerplatz,18,346055
2025-10-18T01:55:58.906868,Wieningerplatz,18,346713
2025-10-18T01:55:58.906868,Wieningerplatz,18,346591
2025-10-18T01:55:58.906868,Wieningerplatz,18,347471
2025-10-18T01:55:58.906868,Wieningerplatz,18,347359
2025-10-18T01:55:58.906868,Wieningerplatz,18,347239
2025-10-18T01:55:58.906868,Wieningerplatz,18,348494
2025-10-18T01:55:58.906868,Wieningerplatz,18,348132
2025-10-18T01:55:58.906868,Wieningerplatz,18,348671
2025-10-18T01:55:58.906868,Wieningerplatz,18,348588
2025-10-18T01:55:58.906868,Markgraf-Rüdiger Straße,13,345761
2025-10-18T01:55:58.906868,Markgraf-Rüdiger Straße,13,346383
2025-10-18T01:55:58.906868,Markgraf-Rüdiger Straße,13,346129
2025-10-18T01:55:58.906868,Markgraf-Rüdiger Straße,13,346740
2025-10-18T01:55:58.906868,Markgraf-Rüdiger Straße,13,346554
2025-10-18T01:55:58.906868,Markgraf-Rüdiger Straße,13,347289
2025-10-18T01:55:58.906868,Markgraf-Rüdiger Straße,13,347199
2025-10-18T01:55:58.906868,Markgraf-Rüdiger Straße,13,347878
2025-10-18T01:55:58.906868,Markgraf-Rüdiger Straße,13,348181
2025-10-18T01:55:58.906868,Markgraf-Rüdiger Straße,13,348119
2025-10-18T01:55:58.906868,Markgraf-Rüdiger Straße,13,348089
2025-10-18T01:55:58.906868,Markgraf-Rüdiger Straße,13,348012
2025-10-18T01:55:58.906868,Markgraf-Rüdiger Straße,13,349174
2025-10-18T01:55:58.906868,Plunkergasse,9,345419
2025-10-18T01:55:58.906868,Plunkergasse,9,345177
2025-10-18T01:55:58.906868,Plunkergasse,9,345705
2025-10-18T01:55:58.906868,Plunkergasse,9,347009
2025-10-18T01:55:58.906868,Plunkergasse,9,347638
2025-10-18T01:55:58.906868,Plunkergasse,9,348374
2025-10-18T01:55:58.906868,Plunkergasse,9,348071
2025-10-18T01:55:58.906868,Plunkergasse,9,348066
2025-10-18T01:55:58.906868,Plunkergasse,9,348670
2025-10-18T01:55:58.906868,Selzergasse,5,347910
2025-10-18T01:55:58.906868,Selzergasse,5,347801
2025-10-18T01:55:58.906868,Selzergasse,5,348209
2025-10-18T01:55:58.906868,Selzergasse,5,349078
2025-10-18T01:55:58.906868,Selzergasse,5,349055
2025-10-18T01:55:58.906868,Westbahnhof S U / Felberstraße,22,345457
2025-10-18T01:55:58.906868,Westbahnhof S U / Felberstraße,22,345067
2025-10-18T01:55:58.906868,Westbahnhof S U / Felberstraße,22,345988
2025-10-18T01:55:58.906868,Westbahnhof S U / Felberstraße,22,345920
2025-10-18T01:55:58.906868,Westbahnhof S U / Felberstraße,22,345861
2025-10-18T01:55:58.906868,Westbahnhof S U / Felberstraße,22,345717
2025-10-18T01:55:58.906868,Westbahnhof S U / Felberstraße,22,345591
2025-10-18T01:55:58.906868,Westbahnhof S U / Felberstraße,22,346300
2025-10-18T01:55:58.906868,Westbahnhof S U / Felberstraße,22,346284
2025-10-18T01:55:58.906868,Westbahnhof S U / Felberstraße,22,346253
2025-10-18T01:55:58.906868,Westbahnhof S U / Felberstraße,22,346043
2025-10-18T01:55:58.906868,Westbahnhof S U / Felberstraße,22,346036
2025-10-18T01:55:58.906868,Westbahnhof S U / Felberstraße,22,346839
2025-10-18T01:55:58.906868,Westbahnhof S U / Felberstraße,22,346739
2025-10-18T01:55:58.906868,Westbahnhof S U / Felberstraße,22,346677
2025-10-18T01:55:58.906868,Westbahnhof S U / Felberstraße,22,347224
2025-10-18T01:55:58.906868,Westbahnhof S U / Felberstraße,22,347105
2025-10-18T01:55:58.906868,Westbahnhof S U / Felberstraße,22,347966
2025-10-18T01:55:58.906868,Westbahnhof S U / Felberstraße,22,348386
2025-10-18T01:55:58.906868,Westbahnhof S U / Felberstraße,22,398729
2025-10-18T01:55:58.906868,Westbahnhof S U / Felberstraße,22,348872
2025-10-18T01:55:58.906868,Westbahnhof S U / Felberstraße,22,348820
2025-10-18T01:55:58.906868,Kundratstraße,13,345402
2025-10-18T01:55:58.906868,Kundratstraße,13,345918
2025-10-18T01:55:58.906868,Kundratstraße,13,345771
2025-10-18T01:55:58.906868,Kundratstraße,13,345586
2025-10-18T01:55:58.906868,Kundratstraße,13,346374
2025-10-18T01:55:58.906868,Kundratstraße,13,346072
2025-10-18T01:55:58.906868,Kundratstraße,13,346895
2025-10-18T01:55:58.906868,Kundratstraße,13,347218
2025-10-18T01:55:58.906868,Kundratstraße,13,347140
2025-10-18T01:55:58.906868,Kundratstraße,13,347557
2025-10-18T01:55:58.906868,Kundratstraße,13,348322
2025-10-18T01:55:58.906868,Kundratstraße,13,348535
2025-10-18T01:55:58.906868,Kundratstraße,13,349106
2025-10-18T01:55:58.906868,Arthaberplatz,13,345397
2025-10-18T01:55:58.906868,Arthaberplatz,13,345908
2025-10-18T01:55:58.906868,Arthaberplatz,13,346396
2025-10-18T01:55:58.906868,Arthaberplatz,13,346128
2025-10-18T01:55:58.906868,Arthaberplatz,13,346045
2025-10-18T01:55:58.906868,Arthaberplatz,13,346831
2025-10-18T01:55:58.906868,Arthaberplatz,13,346632
2025-10-18T01:55:58.906868,Arthaberplatz,13,346533
2025-10-18T01:55:58.906868,Arthaberplatz,13,347319
2025-10-18T01:55:58.906868,Arthaberplatz,13,347258
2025-10-18T01:55:58.906868,Arthaberplatz,13,347813
2025-10-18T01:55:58.906868,Arthaberplatz,13,347732
2025-10-18T01:55:58.906868,Arthaberplatz,13,347626
2025-10-18T01:55:58.906868,Karmeliterplatz,18,345452
2025-10-18T01:55:58.906868,Karmeliterplatz,18,345383
2025-10-18T01:55:58.906868,Karmeliterplatz,18,345369
2025-10-18T01:55:58.906868,Karmeliterplatz,18,346481
2025-10-18T01:55:58.906868,Karmeliterplatz,18,346433
2025-10-18T01:55:58.906868,Karmeliterplatz,18,346372
2025-10-18T01:55:58.906868,Karmeliterplatz,18,346144
2025-10-18T01:55:58.906868,Karmeliterplatz,18,346939
2025-10-18T01:55:58.906868,Karmeliterplatz,18,346842
2025-10-18T01:55:58.906868,Karmeliterplatz,18,346824
2025-10-18T01:55:58.906868,Karmeliterplatz,18,347445
2025-10-18T01:55:58.906868,Karmeliterplatz,18,347015
2025-10-18T01:55:58.906868,Karmeliterplatz,18,348473
2025-10-18T01:55:58.906868,Karmeliterplatz,18,348142
2025-10-18T01:55:58.906868,Karmeliterplatz,18,348070
2025-10-18T01:55:58.906868,Karmeliterplatz,18,348802
2025-10-18T01:55:58.906868,Karmeliterplatz,18,349154
2025-10-18T01:55:58.906868,Karmeliterplatz,18,349123
2025-10-18T01:55:58.906868,Fröbelgasse,23,345301
2025-10-18T01:55:58.906868,Fröbelgasse,23,345174
2025-10-18T01:55:58.906868,Fröbelgasse,23,345146
2025-10-18T01:55:58.906868,Fröbelgasse,23,345079
2025-10-18T01:55:58.906868,Fröbelgasse,23,345071
2025-10-18T01:55:58.906868,Fröbelgasse,23,345983
2025-10-18T01:55:58.906868,Fröbelgasse,23,345864
2025-10-18T01:55:58.906868,Fröbelgasse,23,345729
2025-10-18T01:55:58.906868,Fröbelgasse,23,345542
2025-10-18T01:55:58.906868,Fröbelgasse,23,346309
2025-10-18T01:55:58.906868,Fröbelgasse,23,346791
2025-10-18T01:55:58.906868,Fröbelgasse,23,346729
2025-10-18T01:55:58.906868,Fröbelgasse,23,347213
2025-10-18T01:55:58.906868,Fröbelgasse,23,347856
2025-10-18T01:55:58.906868,Fröbelgasse,23,347550
2025-10-18T01:55:58.906868,Fröbelgasse,23,347540
2025-10-18T01:55:58.906868,Fröbelgasse,23,348112
2025-10-18T01:55:58.906868,Fröbelgasse,23,348636
2025-10-18T01:55:58.906868,Fröbelgasse,23,348549
2025-10-18T01:55:58.906868,Fröbelgasse,23,349099
2025-10-18T01:55:58.906868,Fröbelgasse,23,348841
2025-10-18T01:55:58.906868,Fröbelgasse,23,348827
2025-10-18T01:55:58.906868,Fröbelgasse,23,349157
2025-10-18T01:55:58.906868,Reumannplatz U,15,345139
2025-10-18T01:55:58.906868,Reumannplatz U,15,345958
2025-10-18T01:55:58.906868,Reumannplatz U,15,346691
2025-10-18T01:55:58.906868,Reumannplatz U,15,347499
2025-10-18T01:55:58.906868,Reumannplatz U,15,347176
2025-10-18T01:55:58.906868,Reumannplatz U,15,347748
2025-10-18T01:55:58.906868,Reumannplatz U,15,347711
2025-10-18T01:55:58.906868,Reumannplatz U,15,347686
2025-10-18T01:55:58.906868,Reumannplatz U,15,348435
2025-10-18T01:55:58.906868,Reumannplatz U,15,348392
2025-10-18T01:55:58.906868,Reumannplatz U,15,348334
2025-10-18T01:55:58.906868,Reumannplatz U,15,348274
2025-10-18T01:55:58.906868,Reumannplatz U,15,348148
2025-10-18T01:55:58.906868,Reumannplatz U,15,349059
2025-10-18T01:55:58.906868,Reumannplatz U,15,349036
2025-10-18T01:55:58.906868,Brestelgasse,15,345365
2025-10-18T01:55:58.906868,Brestelgasse,15,345088
2025-10-18T01:55:58.906868,Brestelgasse,15,345967
2025-10-18T01:55:58.906868,Brestelgasse,15,345924
2025-10-18T01:55:58.906868,Brestelgasse,15,346241
2025-10-18T01:55:58.906868,Brestelgasse,15,346886
2025-10-18T01:55:58.906868,Brestelgasse,15,347382
2025-10-18T01:55:58.906868,Brestelgasse,15,347002
2025-10-18T01:55:58.906868,Brestelgasse,15,347953
2025-10-18T01:55:58.906868,Brestelgasse,15,347827
2025-10-18T01:55:58.906868,Brestelgasse,15,347645
2025-10-18T01:55:58.906868,Brestelgasse,15,347504
2025-10-18T01:55:58.906868,Brestelgasse,15,348137
2025-10-18T01:55:58.906868,Brestelgasse,15,348102
2025-10-18T01:55:58.906868,Brestelgasse,15,349048
2025-10-18T01:55:58.906868,Thaliastraße U,21,345347
2025-10-18T01:55:58.906868,Thaliastraße U,21,345155
2025-10-18T01:55:58.906868,Thaliastraße U,21,345872
2025-10-18T01:55:58.906868,Thaliastraße U,21,345568
2025-10-18T01:55:58.906868,Thaliastraße U,21,346899
2025-10-18T01:55:58.906868,Thaliastraße U,21,346730
2025-10-18T01:55:58.906868,Thaliastraße U,21,346521
2025-10-18T01:55:58.906868,Thaliastraße U,21,347401
2025-10-18T01:55:58.906868,Thaliastraße U,21,347267
2025-10-18T01:55:58.906868,Thaliastraße U,21,347175
2025-10-18T01:55:58.906868,Thaliastraße U,21,347163
2025-10-18T01:55:58.906868,Thaliastraße U,21,347942
2025-10-18T01:55:58.906868,Thaliastraße U,21,347850
2025-10-18T01:55:58.906868,Thaliastraße U,21,347831
2025-10-18T01:55:58.906868,Thaliastraße U,21,347721
2025-10-18T01:55:58.906868,Thaliastraße U,21,348145
2025-10-18T01:55:58.906868,Thaliastraße U,21,398793
2025-10-18T01:55:58.906868,Thaliastraße U,21,349006
2025-10-18T01:55:58.906868,Thaliastraße U,21,348803
2025-10-18T01:55:58.906868,Thaliastraße U,21,349190
2025-10-18T01:55:58.906868,Thaliastraße U,21,349146
2025-10-18T01:55:58.906868,Nussdorfer Straße U,19,345794
2025-10-18T01:55:58.906868,Nussdorfer Straße U,19,345775
2025-10-18T01:55:58.906868,Nussdorfer Straße U,19,346476
2025-10-18T01:55:58.906868,Nussdorfer Straße U,19,346336
2025-10-18T01:55:58.906868,Nussdorfer Straße U,19,346213
2025-10-18T01:55:58.906868,Nussdorfer Straße U,19,346100
2025-10-18T01:55:58.906868,Nussdorfer Straße U,19,346900
2025-10-18T01:55:58.906868,Nussdorfer Straße U,19,346661
2025-10-18T01:55:58.906868,Nussdorfer Straße U,19,346618
2025-10-18T01:55:58.906868,Nussdorfer Straße U,19,346583
2025-10-18T01:55:58.906868,Nussdorfer Straße U,19,346544
2025-10-18T01:55:58.906868,Nussdorfer Straße U,19,347304
2025-10-18T01:55:58.906868,Nussdorfer Straße U,19,347995
2025-10-18T01:55:58.906868,Nussdorfer Straße U,19,347687
2025-10-18T01:55:58.906868,Nussdorfer Straße U,19,348372
2025-10-18T01:55:58.906868,Nussdorfer Straße U,19,348202
2025-10-18T01:55:58.906868,Nussdorfer Straße U,19,348078
2025-10-18T01:55:58.906868,Nussdorfer Straße U,19,398735
2025-10-18T01:55:58.906868,Nussdorfer Straße U,19,398720
2025-10-18T01:55:58.906868,Elterleinplatz,4,345306
2025-10-18T01:55:58.906868,Elterleinplatz,4,346160
2025-10-18T01:55:58.906868,Elterleinplatz,4,347039
2025-10-18T01:55:58.906868,Elterleinplatz,4,348635
2025-10-18T01:55:58.906868,Canisiusgasse,14,345466
2025-10-18T01:55:58.906868,Canisiusgasse,14,345260
2025-10-18T01:55:58.906868,Canisiusgasse,14,345841
2025-10-18T01:55:58.906868,Canisiusgasse,14,345532
2025-10-18T01:55:58.906868,Canisiusgasse,14,346906
2025-10-18T01:55:58.906868,Canisiusgasse,14,347834
2025-10-18T01:55:58.906868,Canisiusgasse,14,347758
2025-10-18T01:55:58.906868,Canisiusgasse,14,348389
2025-10-18T01:55:58.906868,Canisiusgasse,14,348361
2025-10-18T01:55:58.906868,Canisiusgasse,14,348166
2025-10-18T01:55:58.906868,Canisiusgasse,14,348016
2025-10-18T01:55:58.906868,Canisiusgasse,14,398758
2025-10-18T01:55:58.906868,Canisiusgasse,14,398722
2025-10-18T01:55:58.906868,Canisiusgasse,14,349021
2025-10-18T01:55:58.906868,Meidling S U / Schedifkaplatz,2,345085
2025-10-18T01:55:58.906868,Meidling S U / Schedifkaplatz,2,347268
2025-10-18T01:55:58.906868,Palffygasse,10,345876
2025-10-18T01:55:58.906868,Palffygasse,10,345843
2025-10-18T01:55:58.906868,Palffygasse,10,345817
2025-10-18T01:55:58.906868,Palffygasse,10,346478
2025-10-18T01:55:58.906868,Palffygasse,10,346457
2025-10-18T01:55:58.906868,Palffygasse,10,346386
2025-10-18T01:55:58.906868,Palffygasse,10,346243
2025-10-18T01:55:58.906868,Palffygasse,10,346726
2025-10-18T01:55:58.906868,Palffygasse,10,346645
2025-10-18T01:55:58.906868,Palffygasse,10,347054
2025-10-18T01:55:58.906868,Gersthof S,16,345062
2025-10-18T01:55:58.906868,Gersthof S,16,345686
2025-10-18T01:55:58.906868,Gersthof S,16,346202
2025-10-18T01:55:58.906868,Gersthof S,16,346164
2025-10-18T01:55:58.906868,Gersthof S,16,346156
2025-10-18T01:55:58.906868,Gersthof S,16,346843
2025-10-18T01:55:58.906868,Gersthof S,16,346699
2025-10-18T01:55:58.906868,Gersthof S,16,347008
2025-10-18T01:55:58.906868,Gersthof S,16,347787
2025-10-18T01:55:58.906868,Gersthof S,16,347778
2025-10-18T01:55:58.906868,Gersthof S,16,347712
2025-10-18T01:55:58.906868,Gersthof S,16,347676
2025-10-18T01:55:58.906868,Gersthof S,16,348244
2025-10-18T01:55:58.906868,Gersthof S,16,348201
2025-10-18T01:55:58.906868,Gersthof S,16,398839
2025-10-18T01:55:58.906868,Gersthof S,16,349204
2025-10-18T01:55:58.906868,Reinprechtsdorfer Brücke,17,345315
2025-10-18T01:55:58.906868,Reinprechtsdorfer Brücke,17,345149
2025-10-18T01:55:58.906868,Reinprechtsdorfer Brücke,17,345123
2025-10-18T01:55:58.906868,Reinprechtsdorfer Brücke,17,345739
2025-10-18T01:55:58.906868,Reinprechtsdorfer Brücke,17,345585
2025-10-18T01:55:58.906868,Reinprechtsdorfer Brücke,17,346388
2025-10-18T01:55:58.906868,Reinprechtsdorfer Brücke,17,346367
2025-10-18T01:55:58.906868,Reinprechtsdorfer Brücke,17,346232
2025-10-18T01:55:58.906868,Reinprechtsdorfer Brücke,17,346146
2025-10-18T01:55:58.906868,Reinprechtsdorfer Brücke,17,346830
2025-10-18T01:55:58.906868,Reinprechtsdorfer Brücke,17,347313
2025-10-18T01:55:58.906868,Reinprechtsdorfer Brücke,17,347930
2025-10-18T01:55:58.906868,Reinprechtsdorfer Brücke,17,347755
2025-10-18T01:55:58.906868,Reinprechtsdorfer Brücke,17,347514
2025-10-18T01:55:58.906868,Reinprechtsdorfer Brücke,17,348554
2025-10-18T01:55:58.906868,Reinprechtsdorfer Brücke,17,349081
2025-10-18T01:55:58.906868,Reinprechtsdorfer Brücke,17,348897
2025-10-18T01:55:58.906868,Siebensterngasse,1,398832
2025-10-18T01:55:58.906868,Siebenbrunnenplatz,12,345199
2025-10-18T01:55:58.906868,Siebenbrunnenplatz,12,345985
2025-10-18T01:55:58.906868,Siebenbrunnenplatz,12,345638
2025-10-18T01:55:58.906868,Siebenbrunnenplatz,12,346974
2025-10-18T01:55:58.906868,Siebenbrunnenplatz,12,346758
2025-10-18T01:55:58.906868,Siebenbrunnenplatz,12,347342
2025-10-18T01:55:58.906868,Siebenbrunnenplatz,12,347958
2025-10-18T01:55:58.906868,Siebenbrunnenplatz,12,348057
2025-10-18T01:55:58.906868,Siebenbrunnenplatz,12,348638
2025-10-18T01:55:58.906868,Siebenbrunnenplatz,12,349015
2025-10-18T01:55:58.906868,Siebenbrunnenplatz,12,348881
2025-10-18T01:55:58.906868,Siebenbrunnenplatz,12,349203
2025-10-18T01:55:58.906868,Rosensteingasse / Blumengasse,22,345241
2025-10-18T01:55:58.906868,Rosensteingasse / Blumengasse,22,345143
2025-10-18T01:55:58.906868,Rosensteingasse / Blumengasse,22,345976
2025-10-18T01:55:58.906868,Rosensteingasse / Blumengasse,22,345880
2025-10-18T01:55:58.906868,Rosensteingasse / Blumengasse,22,345770
2025-10-18T01:55:58.906868,Rosensteingasse / Blumengasse,22,346414
2025-10-18T01:55:58.906868,Rosensteingasse / Blumengasse,22,346403
2025-10-18T01:55:58.906868,Rosensteingasse / Blumengasse,22,346984
2025-10-18T01:55:58.906868,Rosensteingasse / Blumengasse,22,346810
2025-10-18T01:55:58.906868,Rosensteingasse / Blumengasse,22,347482
2025-10-18T01:55:58.906868,Rosensteingasse / Blumengasse,22,347305
2025-10-18T01:55:58.906868,Rosensteingasse / Blumengasse,22,347718
2025-10-18T01:55:58.906868,Rosensteingasse / Blumengasse,22,348454
2025-10-18T01:55:58.906868,Rosensteingasse / Blumengasse,22,348417
2025-10-18T01:55:58.906868,Rosensteingasse / Blumengasse,22,348042
2025-10-18T01:55:58.906868,Rosensteingasse / Blumengasse,22,348035
2025-10-18T01:55:58.906868,Rosensteingasse / Blumengasse,22,348009
2025-10-18T01:55:58.906868,Rosensteingasse / Blumengasse,22,398860
2025-10-18T01:55:58.906868,Rosensteingasse / Blumengasse,22,348945
2025-10-18T01:55:58.906868,Rosensteingasse / Blumengasse,22,348913
2025-10-18T01:55:58.906868,Rosensteingasse / Blumengasse,22,348871
2025-10-18T01:55:58.906868,Rosensteingasse / Blumengasse,22,349167
2025-10-18T01:55:58.906868,Schottenring U /Herminengasse,22,345438
2025-10-18T01:55:58.906868,Schottenring U /Herminengasse,22,345165
2025-10-18T01:55:58.906868,Schottenring U /Herminengasse,22,345931
2025-10-18T01:55:58.906868,Schottenring U /Herminengasse,22,345912
2025-10-18T01:55:58.906868,Schottenring U /Herminengasse,22,345887
2025-10-18T01:55:58.906868,Schottenring U /Herminengasse,22,345607
2025-10-18T01:55:58.906868,Schottenring U /Herminengasse,22,345595
2025-10-18T01:55:58.906868,Schottenring U /Herminengasse,22,346422
2025-10-18T01:55:58.906868,Schottenring U /Herminengasse,22,346370
2025-10-18T01:55:58.906868,Schottenring U /Herminengasse,22,346259
2025-10-18T01:55:58.906868,Schottenring U /Herminengasse,22,346924
2025-10-18T01:55:58.906868,Schottenring U /Herminengasse,22,346678
2025-10-18T01:55:58.906868,Schottenring U /Herminengasse,22,347413
2025-10-18T01:55:58.906868,Schottenring U /Herminengasse,22,347371
2025-10-18T01:55:58.906868,Schottenring U /Herminengasse,22,347153
2025-10-18T01:55:58.906868,Schottenring U /Herminengasse,22,347026
2025-10-18T01:55:58.906868,Schottenring U /Herminengasse,22,347978
2025-10-18T01:55:58.906868,Schottenring U /Herminengasse,22,347580
2025-10-18T01:55:58.906868,Schottenring U /Herminengasse,22,348393
2025-10-18T01:55:58.906868,Schottenring U /Herminengasse,22,348664
2025-10-18T01:55:58.906868,Schottenring U /Herminengasse,22,348583
2025-10-18T01:55:58.906868,Schottenring U /Herminengasse,22,398737
2025-10-18T01:55:58.906868,Josefstädter Straße U,8,345522
2025-10-18T01:55:58.906868,Josefstädter Straße U,8,346258
2025-10-18T01:55:58.906868,Josefstädter Straße U,8,346014
2025-10-18T01:55:58.906868,Josefstädter Straße U,8,346814
2025-10-18T01:55:58.906868,Josefstädter Straße U,8,346743
2025-10-18T01:55:58.906868,Josefstädter Straße U,8,347299
2025-10-18T01:55:58.906868,Josefstädter Straße U,8,347533
2025-10-18T01:55:58.906868,Josefstädter Straße U,8,348194
2025-10-18T01:55:58.906868,Friedrich-Engels-Platz,17,345162
2025-10-18T01:55:58.906868,Friedrich-Engels-Platz,17,345063
2025-10-18T01:55:58.906868,Friedrich-Engels-Platz,17,345581
2025-10-18T01:55:58.906868,Friedrich-Engels-Platz,17,346434
2025-10-18T01:55:58.906868,Friedrich-Engels-Platz,17,346695
2025-10-18T01:55:58.906868,Friedrich-Engels-Platz,17,346569
2025-10-18T01:55:58.906868,Friedrich-Engels-Platz,17,347297
2025-10-18T01:55:58.906868,Friedrich-Engels-Platz,17,347200
2025-10-18T01:55:58.906868,Friedrich-Engels-Platz,17,347184
2025-10-18T01:55:58.906868,Friedrich-Engels-Platz,17,347085
2025-10-18T01:55:58.906868,Friedrich-Engels-Platz,17,347079
2025-10-18T01:55:58.906868,Friedrich-Engels-Platz,17,347524
2025-10-18T01:55:58.906868,Friedrich-Engels-Platz,17,348375
2025-10-18T01:55:58.906868,Friedrich-Engels-Platz,17,348243
2025-10-18T01:55:58.906868,Friedrich-Engels-Platz,17,348087
2025-10-18T01:55:58.906868,Friedrich-Engels-Platz,17,348526
2025-10-18T01:55:58.906868,Friedrich-Engels-Platz,17,398848
2025-10-18T01:55:58.906868,Dresdner Straße U,14,345028
2025-10-18T01:55:58.906868,Dresdner Straße U,14,347381
2025-10-18T01:55:58.906868,Dresdner Straße U,14,347283
2025-10-18T01:55:58.906868,Dresdner Straße U,14,347266
2025-10-18T01:55:58.906868,Dresdner Straße U,14,347097
2025-10-18T01:55:58.906868,Dresdner Straße U,14,347062
2025-10-18T01:55:58.906868,Dresdner Straße U,14,347934
2025-10-18T01:55:58.906868,Dresdner Straße U,14,347869
2025-10-18T01:55:58.906868,Dresdner Straße U,14,347844
2025-10-18T01:55:58.906868,Dresdner Straße U,14,347546
2025-10-18T01:55:58.906868,Dresdner Straße U,14,348381
2025-10-18T01:55:58.906868,Dresdner Straße U,14,348346
2025-10-18T01:55:58.906868,Dresdner Straße U,14,348610
2025-10-18T01:55:58.906868,Dresdner Straße U,14,348940
2025-10-18T01:55:58.906868,Jägerstraße U,27,345428
2025-10-18T01:55:58.906868,Jägerstraße U,27,345283
2025-10-18T01:55:58.906868,Jägerstraße U,27,345274
2025-10-18T01:55:58.906868,Jägerstraße U,27,345235
2025-10-18T01:55:58.906868,Jägerstraße U,27,345132
2025-10-18T01:55:58.906868,Jägerstraße U,27,345838
2025-10-18T01:55:58.906868,Jägerstraße U,27,345726
2025-10-18T01:55:58.906868,Jägerstraße U,27,346405
2025-10-18T01:55:58.906868,Jägerstraße U,27,346299
2025-10-18T01:55:58.906868,Jägerstraße U,27,346283
2025-10-18T01:55:58.906868,Jägerstraße U,27,346282
2025-10-18T01:55:58.906868,Jägerstraße U,27,346062
2025-10-18T01:55:58.906868,Jägerstraße U,27,346811
2025-10-18T01:55:58.906868,Jägerstraße U,27,346755
2025-10-18T01:55:58.906868,Jägerstraße U,27,346551
2025-10-18T01:55:58.906868,Jägerstraße U,27,347458
2025-10-18T01:55:58.906868,Jägerstraße U,27,347412
2025-10-18T01:55:58.906868,Jägerstraße U,27,347256
2025-10-18T01:55:58.906868,Jägerstraße U,27,347693
2025-10-18T01:55:58.906868,Jägerstraße U,27,347629
2025-10-18T01:55:58.906868,Jägerstraße U,27,347501
2025-10-18T01:55:58.906868,Jägerstraße U,27,348311
2025-10-18T01:55:58.906868,Jägerstraße U,27,348134
2025-10-18T01:55:58.906868,Jägerstraße U,27,348695
2025-10-18T01:55:58.906868,Jägerstraße U,27,348683
2025-10-18T01:55:58.906868,Jägerstraße U,27,348592
2025-10-18T01:55:58.906868,Jägerstraße U,27,348875
2025-10-18T01:55:58.906868,Traisengasse S,18,345182
2025-10-18T01:55:58.906868,Traisengasse S,18,345011
2025-10-18T01:55:58.906868,Traisengasse S,18,345999
2025-10-18T01:55:58.906868,Traisengasse S,18,345993
2025-10-18T01:55:58.906868,Traisengasse S,18,345978
2025-10-18T01:55:58.906868,Traisengasse S,18,345743
2025-10-18T01:55:58.906868,Traisengasse S,18,346430
2025-10-18T01:55:58.906868,Traisengasse S,18,346209
2025-10-18T01:55:58.906868,Traisengasse S,18,347417
2025-10-18T01:55:58.906868,Traisengasse S,18,347389
2025-10-18T01:55:58.906868,Traisengasse S,18,347970
2025-10-18T01:55:58.906868,Traisengasse S,18,347584
2025-10-18T01:55:58.906868,Traisengasse S,18,348448
2025-10-18T01:55:58.906868,Traisengasse S,18,348298
2025-10-18T01:55:58.906868,Traisengasse S,18,398763
2025-10-18T01:55:58.906868,Traisengasse S,18,349198
2025-10-18T01:55:58.906868,Traisengasse S,18,349196
2025-10-18T01:55:58.906868,Traisengasse S,18,349168
2025-10-18T01:55:58.906868,Kettenbrückengasse U / Naschmarkt,12,345445
2025-10-18T01:55:58.906868,Kettenbrückengasse U / Naschmarkt,12,345004
2025-10-18T01:55:58.906868,Kettenbrückengasse U / Naschmarkt,12,345803
2025-10-18T01:55:58.906868,Kettenbrückengasse U / Naschmarkt,12,346069
2025-10-18T01:55:58.906868,Kettenbrückengasse U / Naschmarkt,12,347419
2025-10-18T01:55:58.906868,Kettenbrückengasse U / Naschmarkt,12,347296
2025-10-18T01:55:58.906868,Kettenbrückengasse U / Naschmarkt,12,347212
2025-10-18T01:55:58.906868,Kettenbrückengasse U / Naschmarkt,12,347208
2025-10-18T01:55:58.906868,Kettenbrückengasse U / Naschmarkt,12,347918
2025-10-18T01:55:58.906868,Kettenbrückengasse U / Naschmarkt,12,347888
2025-10-18T01:55:58.906868,Kettenbrückengasse U / Naschmarkt,12,347858
2025-10-18T01:55:58.906868,Kettenbrückengasse U / Naschmarkt,12,348667
2025-10-18T01:55:58.906868,Aumannplatz,26,345448
2025-10-18T01:55:58.906868,Aumannplatz,26,345422
2025-10-18T01:55:58.906868,Aumannplatz,26,345288
2025-10-18T01:55:58.906868,Aumannplatz,26,345053
2025-10-18T01:55:58.906868,Aumannplatz,26,345859
2025-10-18T01:55:58.906868,Aumannplatz,26,345815
2025-10-18T01:55:58.906868,Aumannplatz,26,345641
2025-10-18T01:55:58.906868,Aumannplatz,26,345502
2025-10-18T01:55:58.906868,Aumannplatz,26,346408
2025-10-18T01:55:58.906868,Aumannplatz,26,346976
2025-10-18T01:55:58.906868,Aumannplatz,26,346938
2025-10-18T01:55:58.906868,Aumannplatz,26,346860
2025-10-18T01:55:58.906868,Aumannplatz,26,346848
2025-10-18T01:55:58.906868,Aumannplatz,26,346519
2025-10-18T01:55:58.906868,Aumannplatz,26,346511
2025-10-18T01:55:58.906868,Aumannplatz,26,347335
2025-10-18T01:55:58.906868,Aumannplatz,26,347244
2025-10-18T01:55:58.906868,Aumannplatz,26,347886
2025-10-18T01:55:58.906868,Aumannplatz,26,347716
2025-10-18T01:55:58.906868,Aumannplatz,26,347566
2025-10-18T01:55:58.906868,Aumannplatz,26,348382
2025-10-18T01:55:58.906868,Aumannplatz,26,348352
2025-10-18T01:55:58.906868,Aumannplatz,26,348222
2025-10-18T01:55:58.906868,Aumannplatz,26,348074
2025-10-18T01:55:58.906868,Aumannplatz,26,349142
2025-10-18T01:55:58.906868,Aumannplatz,26,398872
2025-10-18T01:55:58.906868,Längenfeldgasse U,11,345483
2025-10-18T01:55:58.906868,Längenfeldgasse U,11,345342
2025-10-18T01:55:58.906868,Längenfeldgasse U,11,345902
2025-10-18T01:55:58.906868,Längenfeldgasse U,11,345596
2025-10-18T01:55:58.906868,Längenfeldgasse U,11,346399
2025-10-18T01:55:58.906868,Längenfeldgasse U,11,346040
2025-10-18T01:55:58.906868,Längenfeldgasse U,11,346737
2025-10-18T01:55:58.906868,Längenfeldgasse U,11,346721
2025-10-18T01:55:58.906868,Längenfeldgasse U,11,347060
2025-10-18T01:55:58.906868,Längenfeldgasse U,11,347818
2025-10-18T01:55:58.906868,Längenfeldgasse U,11,348859
2025-10-18T01:55:58.906868,Althanstraße,23,345446
2025-10-18T01:55:58.906868,Althanstraße,23,345694
2025-10-18T01:55:58.906868,Althanstraße,23,345627
2025-10-18T01:55:58.906868,Althanstraße,23,345558
2025-10-18T01:55:58.906868,Althanstraße,23,345533
2025-10-18T01:55:58.906868,Althanstraße,23,345512
2025-10-18T01:55:58.906868,Althanstraße,23,346317
2025-10-18T01:55:58.906868,Althanstraße,23,346310
2025-10-18T01:55:58.906868,Althanstraße,23,346278
2025-10-18T01:55:58.906868,Althanstraße,23,346912
2025-10-18T01:55:58.906868,Althanstraße,23,346624
2025-10-18T01:55:58.906868,Althanstraße,23,347348
2025-10-18T01:55:58.906868,Althanstraße,23,347241
2025-10-18T01:55:58.906868,Althanstraße,23,347226
2025-10-18T01:55:58.906868,Althanstraße,23,347073
2025-10-18T01:55:58.906868,Althanstraße,23,347923
2025-10-18T01:55:58.906868,Althanstraße,23,347763
2025-10-18T01:55:58.906868,Althanstraße,23,348428
2025-10-18T01:55:58.906868,Althanstraße,23,348185
2025-10-18T01:55:58.906868,Althanstraße,23,348655
2025-10-18T01:55:58.906868,Althanstraße,23,398804
2025-10-18T01:55:58.906868,Althanstraße,23,398791
2025-10-18T01:55:58.906868,Althanstraße,23,398786
2025-10-18T01:55:58.906868,Schottentor U,51,345376
2025-10-18T01:55:58.906868,Schottentor U,51,345362
2025-10-18T01:55:58.906868,Schottentor U,51,345279
2025-10-18T01:55:58.906868,Schottentor U,51,345250
2025-10-18T01:55:58.906868,Schottentor U,51,345249
2025-10-18T01:55:58.906868,Schottentor U,51,345243
2025-10-18T01:55:58.906868,Schottentor U,51,345178
2025-10-18T01:55:58.906868,Schottentor U,51,345147
2025-10-18T01:55:58.906868,Schottentor U,51,345049
2025-10-18T01:55:58.906868,Schottentor U,51,345850
2025-10-18T01:55:58.906868,Schottentor U,51,345792
2025-10-18T01:55:58.906868,Schottentor U,51,345711
2025-10-18T01:55:58.906868,Schottentor U,51,345534
2025-10-18T01:55:58.906868,Schottentor U,51,345500
2025-10-18T01:55:58.906868,Schottentor U,51,346409
2025-10-18T01:55:58.906868,Schottentor U,51,346327
2025-10-18T01:55:58.906868,Schottentor U,51,346058
2025-10-18T01:55:58.906868,Schottentor U,51,346013
2025-10-18T01:55:58.906868,Schottentor U,51,346825
2025-10-18T01:55:58.906868,Schottentor U,51,346745
2025-10-18T01:55:58.906868,Schottentor U,51,346655
2025-10-18T01:55:58.906868,Schottentor U,51,346626
2025-10-18T01:55:58.906868,Schottentor U,51,346579
2025-10-18T01:55:58.906868,Schottentor U,51,346557
2025-10-18T01:55:58.906868,Schottentor U,51,346555
2025-10-18T01:55:58.906868,Schottentor U,51,347325
2025-10-18T01:55:58.906868,Schottentor U,51,347308
2025-10-18T01:55:58.906868,Schottentor U,51,347178
2025-10-18T01:55:58.906868,Schottentor U,51,347032
2025-10-18T01:55:58.906868,Schottentor U,51,347984
2025-10-18T01:55:58.906868,Schottentor U,51,347972
2025-10-18T01:55:58.906868,Schottentor U,51,347937
2025-10-18T01:55:58.906868,Schottentor U,51,347873
2025-10-18T01:55:58.906868,Schottentor U,51,347838
2025-10-18T01:55:58.906868,Schottentor U,51,347798
2025-10-18T01:55:58.906868,Schottentor U,51,347727
2025-10-18T01:55:58.906868,Schottentor U,51,347678
2025-10-18T01:55:58.906868,Schottentor U,51,347644
2025-10-18T01:55:58.906868,Schottentor U,51,347612
2025-10-18T01:55:58.906868,Schottentor U,51,347592
2025-10-18T01:55:58.906868,Schottentor U,51,347577
2025-10-18T01:55:58.906868,Schottentor U,51,348275
2025-10-18T01:55:58.906868,Schottentor U,51,348248
2025-10-18T01:55:58.906868,Schottentor U,51,348190
2025-10-18T01:55:58.906868,Schottentor U,51,348127
2025-10-18T01:55:58.906868,Schottentor U,51,348108
2025-10-18T01:55:58.906868,Schottentor U,51,348106
2025-10-18T01:55:58.906868,Schottentor U,51,348000
2025-10-18T01:55:58.906868,Schottentor U,51,348680
2025-10-18T01:55:58.906868,Schottentor U,51,348555
2025-10-18T01:55:58.906868,Schottentor U,51,398766
2025-10-18T01:55:58.906868,Neubaugasse U,1,347929
2025-10-18T01:55:58.906868,Museumsquartier U,43,345499
2025-10-18T01:55:58.906868,Museumsquartier U,43,345489
2025-10-18T01:55:58.906868,Museumsquartier U,43,345338
2025-10-18T01:55:58.906868,Museumsquartier U,43,345863
2025-10-18T01:55:58.906868,Museumsquartier U,43,345857
2025-10-18T01:55:58.906868,Museumsquartier U,43,345818
2025-10-18T01:55:58.906868,Museumsquartier U,43,346381
2025-10-18T01:55:58.906868,Museumsquartier U,43,346190
2025-10-18T01:55:58.906868,Museumsquartier U,43,346018
2025-10-18T01:55:58.906868,Museumsquartier U,43,346969
2025-10-18T01:55:58.906868,Museumsquartier U,43,346904
2025-10-18T01:55:58.906868,Museumsquartier U,43,346840
2025-10-18T01:55:58.906868,Museumsquartier U,43,346835
2025-10-18T01:55:58.906868,Museumsquartier U,43,346833
2025-10-18T01:55:58.906868,Museumsquartier U,43,346776
2025-10-18T01:55:58.906868,Museumsquartier U,43,346671
2025-10-18T01:55:58.906868,Museumsquartier U,43,346621
2025-10-18T01:55:58.906868,Museumsquartier U,43,346550
2025-10-18T01:55:58.906868,Museumsquartier U,43,347460
2025-10-18T01:55:58.906868,Museumsquartier U,43,347398
2025-10-18T01:55:58.906868,Museumsquartier U,43,347329
2025-10-18T01:55:58.906868,Museumsquartier U,43,347300
2025-10-18T01:55:58.906868,Museumsquartier U,43,347211
2025-10-18T01:55:58.906868,Museumsquartier U,43,347195
2025-10-18T01:55:58.906868,Museumsquartier U,43,347111
2025-10-18T01:55:58.906868,Museumsquartier U,43,347989
2025-10-18T01:55:58.906868,Museumsquartier U,43,347959
2025-10-18T01:55:58.906868,Museumsquartier U,43,347935
2025-10-18T01:55:58.906868,Museumsquartier U,43,347815
2025-10-18T01:55:58.906868,Museumsquartier U,43,347576
2025-10-18T01:55:58.906868,Museumsquartier U,43,348479
2025-10-18T01:55:58.906868,Museumsquartier U,43,348411
2025-10-18T01:55:58.906868,Museumsquartier U,43,348252
2025-10-18T01:55:58.906868,Museumsquartier U,43,348192
2025-10-18T01:55:58.906868,Museumsquartier U,43,348122
2025-10-18T01:55:58.906868,Museumsquartier U,43,348669
2025-10-18T01:55:58.906868,Museumsquartier U,43,348611
2025-10-18T01:55:58.906868,Museumsquartier U,43,348539
2025-10-18T01:55:58.906868,Museumsquartier U,43,348523
2025-10-18T01:55:58.906868,Museumsquartier U,43,398751
2025-10-18T01:55:58.906868,Museumsquartier U,43,398745
2025-10-18T01:55:58.906868,Museumsquartier U,43,349086
2025-10-18T01:55:58.906868,Museumsquartier U,43,348886
2025-10-18T01:55:58.906868,Johnstrasse U,11,345788
2025-10-18T01:55:58.906868,Johnstrasse U,11,346477
2025-10-18T01:55:58.906868,Johnstrasse U,11,346240
2025-10-18T01:55:58.906868,Johnstrasse U,11,346060
2025-10-18T01:55:58.906868,Johnstrasse U,11,346673
2025-10-18T01:55:58.906868,Johnstrasse U,11,346524
2025-10-18T01:55:58.906868,Johnstrasse U,11,347366
2025-10-18T01:55:58.906868,Johnstrasse U,11,347129
2025-10-18T01:55:58.906868,Johnstrasse U,11,347548
2025-10-18T01:55:58.906868,Johnstrasse U,11,348075
2025-10-18T01:55:58.906868,Johnstrasse U,11,349111
2025-10-18T01:55:58.906868,Turnergasse,14,345406
2025-10-18T01:55:58.906868,Turnergasse,14,345322
2025-10-18T01:55:58.906868,Turnergasse,14,345223
2025-10-18T01:55:58.906868,Turnergasse,14,345898
2025-10-18T01:55:58.906868,Turnergasse,14,345723
2025-10-18T01:55:58.906868,Turnergasse,14,345616
2025-10-18T01:55:58.906868,Turnergasse,14,345510
2025-10-18T01:55:58.906868,Turnergasse,14,346870
2025-10-18T01:55:58.906868,Turnergasse,14,346594
2025-10-18T01:55:58.906868,Turnergasse,14,346558
2025-10-18T01:55:58.906868,Turnergasse,14,347183
2025-10-18T01:55:58.906868,Turnergasse,14,348211
2025-10-18T01:55:58.906868,Turnergasse,14,348037
2025-10-18T01:55:58.906868,Turnergasse,14,349038
2025-10-18T01:55:58.906868,Kutschkergasse,16,345498
2025-10-18T01:55:58.906868,Kutschkergasse,16,345304
2025-10-18T01:55:58.906868,Kutschkergasse,16,345921
2025-10-18T01:55:58.906868,Kutschkergasse,16,345914
2025-10-18T01:55:58.906868,Kutschkergasse,16,345889
2025-10-18T01:55:58.906868,Kutschkergasse,16,346716
2025-10-18T01:55:58.906868,Kutschkergasse,16,346694
2025-10-18T01:55:58.906868,Kutschkergasse,16,347399
2025-10-18T01:55:58.906868,Kutschkergasse,16,347273
2025-10-18T01:55:58.906868,Kutschkergasse,16,347862
2025-10-18T01:55:58.906868,Kutschkergasse,16,348402
2025-10-18T01:55:58.906868,Kutschkergasse,16,348203
2025-10-18T01:55:58.906868,Kutschkergasse,16,348176
2025-10-18T01:55:58.906868,Kutschkergasse,16,348049
2025-10-18T01:55:58.906868,Kutschkergasse,16,348674
2025-10-18T01:55:58.906868,Kutschkergasse,16,398785
2025-10-18T01:55:58.906868,Stadion U,8,345420
2025-10-18T01:55:58.906868,Stadion U,8,345793
2025-10-18T01:55:58.906868,Stadion U,8,346484
2025-10-18T01:55:58.906868,Stadion U,8,346857
2025-10-18T01:55:58.906868,Stadion U,8,346512
2025-10-18T01:55:58.906868,Stadion U,8,347177
2025-10-18T01:55:58.906868,Stadion U,8,347917
2025-10-18T01:55:58.906868,Stadion U,8,348815
2025-10-18T01:55:58.906868,Brückengasse,21,345371
2025-10-18T01:55:58.906868,Brückengasse,21,345259
2025-10-18T01:55:58.906868,Brückengasse,21,345725
2025-10-18T01:55:58.906868,Brückengasse,21,345636
2025-10-18T01:55:58.906868,Brückengasse,21,345559
2025-10-18T01:55:58.906868,Brückengasse,21,346492
2025-10-18T01:55:58.906868,Brückengasse,21,346362
2025-10-18T01:55:58.906868,Brückengasse,21,346124
2025-10-18T01:55:58.906868,Brückengasse,21,346665
2025-10-18T01:55:58.906868,Brückengasse,21,347386
2025-10-18T01:55:58.906868,Brückengasse,21,347354
2025-10-18T01:55:58.906868,Brückengasse,21,347334
2025-10-18T01:55:58.906868,Brückengasse,21,347204
2025-10-18T01:55:58.906868,Brückengasse,21,347708
2025-10-18T01:55:58.906868,Brückengasse,21,348477
2025-10-18T01:55:58.906868,Brückengasse,21,348476
2025-10-18T01:55:58.906868,Brückengasse,21,348475
2025-10-18T01:55:58.906868,Brückengasse,21,348299
2025-10-18T01:55:58.906868,Brückengasse,21,348097
2025-10-18T01:55:58.906868,Brückengasse,21,348689
2025-10-18T01:55:58.906868,Brückengasse,21,348621
2025-10-18T01:55:58.906868,Schuhmeierplatz,19,345481
2025-10-18T01:55:58.906868,Schuhmeierplatz,19,345391
2025-10-18T01:55:58.906868,Schuhmeierplatz,19,345331
2025-10-18T01:55:58.906868,Schuhmeierplatz,19,345257
2025-10-18T01:55:58.906868,Schuhmeierplatz,19,345721
2025-10-18T01:55:58.906868,Schuhmeierplatz,19,345663
2025-10-18T01:55:58.906868,Schuhmeierplatz,19,346451
2025-10-18T01:55:58.906868,Schuhmeierplatz,19,346180
2025-10-18T01:55:58.906868,Schuhmeierplatz,19,346859
2025-10-18T01:55:58.906868,Schuhmeierplatz,19,346714
2025-10-18T01:55:58.906868,Schuhmeierplatz,19,347395
2025-10-18T01:55:58.906868,Schuhmeierplatz,19,347254
2025-10-18T01:55:58.906868,Schuhmeierplatz,19,347677
2025-10-18T01:55:58.906868,Schuhmeierplatz,19,347591
2025-10-18T01:55:58.906868,Schuhmeierplatz,19,348365
2025-10-18T01:55:58.906868,Schuhmeierplatz,19,348568
2025-10-18T01:55:58.906868,Schuhmeierplatz,19,398750
2025-10-18T01:55:58.906868,Schuhmeierplatz,19,398749
2025-10-18T01:55:58.906868,Schuhmeierplatz,19,349033
2025-10-18T01:55:58.906868,Schönbrunn U,16,345384
2025-10-18T01:55:58.906868,Schönbrunn U,16,345232
2025-10-18T01:55:58.906868,Schönbrunn U,16,346064
2025-10-18T01:55:58.906868,Schönbrunn U,16,346720
2025-10-18T01:55:58.906868,Schönbrunn U,16,347147
2025-10-18T01:55:58.906868,Schönbrunn U,16,347021
2025-10-18T01:55:58.906868,Schönbrunn U,16,347817
2025-10-18T01:55:58.906868,Schönbrunn U,16,347808
2025-10-18T01:55:58.906868,Schönbrunn U,16,347555
2025-10-18T01:55:58.906868,Schönbrunn U,16,348369
2025-10-18T01:55:58.906868,Schönbrunn U,16,348029
2025-10-18T01:55:58.906868,Schönbrunn U,16,398814
2025-10-18T01:55:58.906868,Schönbrunn U,16,349079
2025-10-18T01:55:58.906868,Schönbrunn U,16,349051
2025-10-18T01:55:58.906868,Schönbrunn U,16,348924
2025-10-18T01:55:58.906868,Schönbrunn U,16,348829
2025-10-18T01:55:58.906868,Hermesstraße / Oscar-Straus-Park ,16,345057
2025-10-18T01:55:58.906868,Hermesstraße / Oscar-Straus-Park ,16,346400
2025-10-18T01:55:58.906868,Hermesstraße / Oscar-Straus-Park ,16,346326
2025-10-18T01:55:58.906868,Hermesstraße / Oscar-Straus-Park ,16,346717
2025-10-18T01:55:58.906868,Hermesstraße / Oscar-Straus-Park ,16,346703
2025-10-18T01:55:58.906868,Hermesstraße / Oscar-Straus-Park ,16,346650
2025-10-18T01:55:58.906868,Hermesstraße / Oscar-Straus-Park ,16,347101
2025-10-18T01:55:58.906868,Hermesstraße / Oscar-Straus-Park ,16,347749
2025-10-18T01:55:58.906868,Hermesstraße / Oscar-Straus-Park ,16,347661
2025-10-18T01:55:58.906868,Hermesstraße / Oscar-Straus-Park ,16,348425
2025-10-18T01:55:58.906868,Hermesstraße / Oscar-Straus-Park ,16,348397
2025-10-18T01:55:58.906868,Hermesstraße / Oscar-Straus-Park ,16,348957
2025-10-18T01:55:58.906868,Hermesstraße / Oscar-Straus-Park ,16,348895
2025-10-18T01:55:58.906868,Hermesstraße / Oscar-Straus-Park ,16,348840
2025-10-18T01:55:58.906868,Hermesstraße / Oscar-Straus-Park ,16,348805
2025-10-18T01:55:58.906868,Hermesstraße / Oscar-Straus-Park ,16,349150
2025-10-18T01:55:58.906868,Modecenterstraße / The Marks,19,345776
2025-10-18T01:55:58.906868,Modecenterstraße / The Marks,19,346192
2025-10-18T01:55:58.906868,Modecenterstraße / The Marks,19,346085
2025-10-18T01:55:58.906868,Modecenterstraße / The Marks,19,346998
2025-10-18T01:55:58.906868,Modecenterstraße / The Marks,19,346956
2025-10-18T01:55:58.906868,Modecenterstraße / The Marks,19,346907
2025-10-18T01:55:58.906868,Modecenterstraße / The Marks,19,346846
2025-10-18T01:55:58.906868,Modecenterstraße / The Marks,19,346778
2025-10-18T01:55:58.906868,Modecenterstraße / The Marks,19,346751
2025-10-18T01:55:58.906868,Modecenterstraße / The Marks,19,346577
2025-10-18T01:55:58.906868,Modecenterstraße / The Marks,19,347452
2025-10-18T01:55:58.906868,Modecenterstraße / The Marks,19,347275
2025-10-18T01:55:58.906868,Modecenterstraße / The Marks,19,347120
2025-10-18T01:55:58.906868,Modecenterstraße / The Marks,19,347797
2025-10-18T01:55:58.906868,Modecenterstraße / The Marks,19,347786
2025-10-18T01:55:58.906868,Modecenterstraße / The Marks,19,347651
2025-10-18T01:55:58.906868,Modecenterstraße / The Marks,19,348383
2025-10-18T01:55:58.906868,Modecenterstraße / The Marks,19,348289
2025-10-18T01:55:58.906868,Modecenterstraße / The Marks,19,398840
2025-10-18T01:55:58.906868,Am Langen Felde,9,345409
2025-10-18T01:55:58.906868,Am Langen Felde,9,345405
2025-10-18T01:55:58.906868,Am Langen Felde,9,345393
2025-10-18T01:55:58.906868,Am Langen Felde,9,345064
2025-10-18T01:55:58.906868,Am Langen Felde,9,345799
2025-10-18T01:55:58.906868,Am Langen Felde,9,346003
2025-10-18T01:55:58.906868,Am Langen Felde,9,347298
2025-10-18T01:55:58.906868,Am Langen Felde,9,348318
2025-10-18T01:55:58.906868,Am Langen Felde,9,349042
2025-10-18T01:55:58.906868,eLastenräder- Modecenterstraße / The Marks,3,348502
2025-10-18T01:55:58.906868,eLastenräder- Modecenterstraße / The Marks,3,348501
2025-10-18T01:55:58.906868,eLastenräder- Modecenterstraße / The Marks,3,348503
2025-10-18T01:55:58.906868,Pilgramgasse U,18,345434
2025-10-18T01:55:58.906868,Pilgramgasse U,18,345271
2025-10-18T01:55:58.906868,Pilgramgasse U,18,345098
2025-10-18T01:55:58.906868,Pilgramgasse U,18,345943
2025-10-18T01:55:58.906868,Pilgramgasse U,18,345623
2025-10-18T01:55:58.906868,Pilgramgasse U,18,345548
2025-10-18T01:55:58.906868,Pilgramgasse U,18,346230
2025-10-18T01:55:58.906868,Pilgramgasse U,18,346908
2025-10-18T01:55:58.906868,Pilgramgasse U,18,346648
2025-10-18T01:55:58.906868,Pilgramgasse U,18,347011
2025-10-18T01:55:58.906868,Pilgramgasse U,18,347898
2025-10-18T01:55:58.906868,Pilgramgasse U,18,347688
2025-10-18T01:55:58.906868,Pilgramgasse U,18,347619
2025-10-18T01:55:58.906868,Pilgramgasse U,18,348432
2025-10-18T01:55:58.906868,Pilgramgasse U,18,348377
2025-10-18T01:55:58.906868,Pilgramgasse U,18,348580
2025-10-18T01:55:58.906868,Pilgramgasse U,18,349054
2025-10-18T01:55:58.906868,Pilgramgasse U,18,348866
2025-10-18T01:55:58.906868,eLastenräder - Am langen Felde,1,348489
2025-10-18T01:55:58.906868,eLastenräder - Bruno-Marek-Allee,9,346410
2025-10-18T01:55:58.906868,eLastenräder - Bruno-Marek-Allee,9,347108
2025-10-18T01:55:58.906868,eLastenräder - Bruno-Marek-Allee,9,347099
2025-10-18T01:55:58.906868,eLastenräder - Bruno-Marek-Allee,9,347714
2025-10-18T01:55:58.906868,eLastenräder - Bruno-Marek-Allee,9,348461
2025-10-18T01:55:58.906868,eLastenräder - Bruno-Marek-Allee,9,348344
2025-10-18T01:55:58.906868,eLastenräder - Bruno-Marek-Allee,9,348303
2025-10-18T01:55:58.906868,eLastenräder - Bruno-Marek-Allee,9,348083
2025-10-18T01:55:58.906868,eLastenräder - Bruno-Marek-Allee,9,348509
2025-10-18T01:55:58.906868,eLastenräder - Am Tabor,1,348688
2025-10-18T01:55:58.906868,Purkytgasse ,11,345400
2025-10-18T01:55:58.906868,Purkytgasse ,11,345868
2025-10-18T01:55:58.906868,Purkytgasse ,11,345796
2025-10-18T01:55:58.906868,Purkytgasse ,11,346375
2025-10-18T01:55:58.906868,Purkytgasse ,11,346805
2025-10-18T01:55:58.906868,Purkytgasse ,11,346674
2025-10-18T01:55:58.906868,Purkytgasse ,11,346507
2025-10-18T01:55:58.906868,Purkytgasse ,11,347310
2025-10-18T01:55:58.906868,Purkytgasse ,11,348111
2025-10-18T01:55:58.906868,Purkytgasse ,11,398732
2025-10-18T01:55:58.906868,Purkytgasse ,11,398728
2025-10-18T01:55:58.906868,Neue Donau U,9,345379
2025-10-18T01:55:58.906868,Neue Donau U,9,345289
2025-10-18T01:55:58.906868,Neue Donau U,9,346316
2025-10-18T01:55:58.906868,Neue Donau U,9,347439
2025-10-18T01:55:58.906868,Neue Donau U,9,347437
2025-10-18T01:55:58.906868,Neue Donau U,9,347222
2025-10-18T01:55:58.906868,Neue Donau U,9,347866
2025-10-18T01:55:58.906868,Neue Donau U,9,347828
2025-10-18T01:55:58.906868,Neue Donau U,9,347680
2025-10-18T01:55:58.906868,Franz-Josef Bahnhof S,20,345012
2025-10-18T01:55:58.906868,Franz-Josef Bahnhof S,20,345576
2025-10-18T01:55:58.906868,Franz-Josef Bahnhof S,20,346106
2025-10-18T01:55:58.906868,Franz-Josef Bahnhof S,20,346019
2025-10-18T01:55:58.906868,Franz-Josef Bahnhof S,20,346741
2025-10-18T01:55:58.906868,Franz-Josef Bahnhof S,20,346576
2025-10-18T01:55:58.906868,Franz-Josef Bahnhof S,20,346515
2025-10-18T01:55:58.906868,Franz-Josef Bahnhof S,20,347142
2025-10-18T01:55:58.906868,Franz-Josef Bahnhof S,20,347919
2025-10-18T01:55:58.906868,Franz-Josef Bahnhof S,20,347833
2025-10-18T01:55:58.906868,Franz-Josef Bahnhof S,20,347809
2025-10-18T01:55:58.906868,Franz-Josef Bahnhof S,20,347731
2025-10-18T01:55:58.906868,Franz-Josef Bahnhof S,20,347625
2025-10-18T01:55:58.906868,Franz-Josef Bahnhof S,20,348487
2025-10-18T01:55:58.906868,Franz-Josef Bahnhof S,20,348238
2025-10-18T01:55:58.906868,Franz-Josef Bahnhof S,20,348063
2025-10-18T01:55:58.906868,Franz-Josef Bahnhof S,20,348576
2025-10-18T01:55:58.906868,Franz-Josef Bahnhof S,20,348552
2025-10-18T01:55:58.906868,Franz-Josef Bahnhof S,20,398819
2025-10-18T01:55:58.906868,Franz-Josef Bahnhof S,20,348977
2025-10-18T01:55:58.906868,Niederpointenstraße,11,345211
2025-10-18T01:55:58.906868,Niederpointenstraße,11,345971
2025-10-18T01:55:58.906868,Niederpointenstraße,11,345781
2025-10-18T01:55:58.906868,Niederpointenstraße,11,346442
2025-10-18T01:55:58.906868,Niederpointenstraße,11,346885
2025-10-18T01:55:58.906868,Niederpointenstraße,11,346669
2025-10-18T01:55:58.906868,Niederpointenstraße,11,346549
2025-10-18T01:55:58.906868,Niederpointenstraße,11,347046
2025-10-18T01:55:58.906868,Niederpointenstraße,11,347991
2025-10-18T01:55:58.906868,Niederpointenstraße,11,348173
2025-10-18T01:55:58.906868,Niederpointenstraße,11,348861
2025-10-18T01:55:58.906868,Leopoldauer Platz,21,345443
2025-10-18T01:55:58.906868,Leopoldauer Platz,21,345297
2025-10-18T01:55:58.906868,Leopoldauer Platz,21,345129
2025-10-18T01:55:58.906868,Leopoldauer Platz,21,345054
2025-10-18T01:55:58.906868,Leopoldauer Platz,21,345709
2025-10-18T01:55:58.906868,Leopoldauer Platz,21,345599
2025-10-18T01:55:58.906868,Leopoldauer Platz,21,346052
2025-10-18T01:55:58.906868,Leopoldauer Platz,21,346813
2025-10-18T01:55:58.906868,Leopoldauer Platz,21,346765
2025-10-18T01:55:58.906868,Leopoldauer Platz,21,346548
2025-10-18T01:55:58.906868,Leopoldauer Platz,21,347350
2025-10-18T01:55:58.906868,Leopoldauer Platz,21,347151
2025-10-18T01:55:58.906868,Leopoldauer Platz,21,347883
2025-10-18T01:55:58.906868,Leopoldauer Platz,21,347757
2025-10-18T01:55:58.906868,Leopoldauer Platz,21,347655
2025-10-18T01:55:58.906868,Leopoldauer Platz,21,348467
2025-10-18T01:55:58.906868,Leopoldauer Platz,21,348325
2025-10-18T01:55:58.906868,Leopoldauer Platz,21,348696
2025-10-18T01:55:58.906868,Leopoldauer Platz,21,398855
2025-10-18T01:55:58.906868,Leopoldauer Platz,21,398747
2025-10-18T01:55:58.906868,Leopoldauer Platz,21,349035
2025-10-18T01:55:58.906868,ArbeiterInnenstrand,20,345042
2025-10-18T01:55:58.906868,ArbeiterInnenstrand,20,345656
2025-10-18T01:55:58.906868,ArbeiterInnenstrand,20,346491
2025-10-18T01:55:58.906868,ArbeiterInnenstrand,20,346335
2025-10-18T01:55:58.906868,ArbeiterInnenstrand,20,346165
2025-10-18T01:55:58.906868,ArbeiterInnenstrand,20,346145
2025-10-18T01:55:58.906868,ArbeiterInnenstrand,20,346862
2025-10-18T01:55:58.906868,ArbeiterInnenstrand,20,346685
2025-10-18T01:55:58.906868,ArbeiterInnenstrand,20,346634
2025-10-18T01:55:58.906868,ArbeiterInnenstrand,20,347446
2025-10-18T01:55:58.906868,ArbeiterInnenstrand,20,347790
2025-10-18T01:55:58.906868,ArbeiterInnenstrand,20,347590
2025-10-18T01:55:58.906868,ArbeiterInnenstrand,20,347532
2025-10-18T01:55:58.906868,ArbeiterInnenstrand,20,347527
2025-10-18T01:55:58.906868,ArbeiterInnenstrand,20,348480
2025-10-18T01:55:58.906868,ArbeiterInnenstrand,20,348247
2025-10-18T01:55:58.906868,ArbeiterInnenstrand,20,348223
2025-10-18T01:55:58.906868,ArbeiterInnenstrand,20,348144
2025-10-18T01:55:58.906868,ArbeiterInnenstrand,20,348025
2025-10-18T01:55:58.906868,ArbeiterInnenstrand,20,348008
2025-10-18T01:55:58.906868,Gewerbepark Stadlau,16,345765
2025-10-18T01:55:58.906868,Gewerbepark Stadlau,16,345529
2025-10-18T01:55:58.906868,Gewerbepark Stadlau,16,346269
2025-10-18T01:55:58.906868,Gewerbepark Stadlau,16,346030
2025-10-18T01:55:58.906868,Gewerbepark Stadlau,16,346656
2025-10-18T01:55:58.906868,Gewerbepark Stadlau,16,346606
2025-10-18T01:55:58.906868,Gewerbepark Stadlau,16,346501
2025-10-18T01:55:58.906868,Gewerbepark Stadlau,16,347333
2025-10-18T01:55:58.906868,Gewerbepark Stadlau,16,347206
2025-10-18T01:55:58.906868,Gewerbepark Stadlau,16,347182
2025-10-18T01:55:58.906868,Gewerbepark Stadlau,16,347694
2025-10-18T01:55:58.906868,Gewerbepark Stadlau,16,348341
2025-10-18T01:55:58.906868,Gewerbepark Stadlau,16,348276
2025-10-18T01:55:58.906868,Gewerbepark Stadlau,16,348198
2025-10-18T01:55:58.906868,Gewerbepark Stadlau,16,348159
2025-10-18T01:55:58.906868,Gewerbepark Stadlau,16,348677
2025-10-18T01:55:58.906868,Atzgersdorf Bildungscampus,4,345058
2025-10-18T01:55:58.906868,Atzgersdorf Bildungscampus,4,345503
2025-10-18T01:55:58.906868,Atzgersdorf Bildungscampus,4,348433
2025-10-18T01:55:58.906868,Atzgersdorf Bildungscampus,4,348410
2025-10-18T01:55:58.906868,Adelheid-Popp-Gasse,18,345285
2025-10-18T01:55:58.906868,Adelheid-Popp-Gasse,18,345245
2025-10-18T01:55:58.906868,Adelheid-Popp-Gasse,18,345022
2025-10-18T01:55:58.906868,Adelheid-Popp-Gasse,18,345019
2025-10-18T01:55:58.906868,Adelheid-Popp-Gasse,18,345017
2025-10-18T01:55:58.906868,Adelheid-Popp-Gasse,18,345837
2025-10-18T01:55:58.906868,Adelheid-Popp-Gasse,18,346470
2025-10-18T01:55:58.906868,Adelheid-Popp-Gasse,18,346365
2025-10-18T01:55:58.906868,Adelheid-Popp-Gasse,18,346245
2025-10-18T01:55:58.906868,Adelheid-Popp-Gasse,18,346173
2025-10-18T01:55:58.906868,Adelheid-Popp-Gasse,18,346051
2025-10-18T01:55:58.906868,Adelheid-Popp-Gasse,18,347084
2025-10-18T01:55:58.906868,Adelheid-Popp-Gasse,18,347707
2025-10-18T01:55:58.906868,Adelheid-Popp-Gasse,18,347695
2025-10-18T01:55:58.906868,Adelheid-Popp-Gasse,18,348347
2025-10-18T01:55:58.906868,Adelheid-Popp-Gasse,18,348226
2025-10-18T01:55:58.906868,Adelheid-Popp-Gasse,18,348623
2025-10-18T01:55:58.906868,Adelheid-Popp-Gasse,18,398837
2025-10-18T01:55:58.906868,Alte Donau U,6,345517
2025-10-18T01:55:58.906868,Alte Donau U,6,346127
2025-10-18T01:55:58.906868,Alte Donau U,6,347498
2025-10-18T01:55:58.906868,Alte Donau U,6,347290
2025-10-18T01:55:58.906868,Alte Donau U,6,347027
2025-10-18T01:55:58.906868,Alte Donau U,6,348031
2025-10-18T01:55:58.906868,VHS Kulturgarage,8,345755
2025-10-18T01:55:58.906868,VHS Kulturgarage,8,346679
2025-10-18T01:55:58.906868,VHS Kulturgarage,8,346638
2025-10-18T01:55:58.906868,VHS Kulturgarage,8,346537
2025-10-18T01:55:58.906868,VHS Kulturgarage,8,347064
2025-10-18T01:55:58.906868,VHS Kulturgarage,8,348629
2025-10-18T01:55:58.906868,VHS Kulturgarage,8,348566
2025-10-18T01:55:58.906868,VHS Kulturgarage,8,398850
2025-10-18T01:55:58.906868,Siebenbrunnenfeldgasse,5,346293
2025-10-18T01:55:58.906868,Siebenbrunnenfeldgasse,5,346041
2025-10-18T01:55:58.906868,Siebenbrunnenfeldgasse,5,348835
2025-10-18T01:55:58.906868,Siebenbrunnenfeldgasse,5,349151
2025-10-18T01:55:58.906868,Siebenbrunnenfeldgasse,5,349130
2025-10-18T01:55:58.906868,Technisches Museum,28,345456
2025-10-18T01:55:58.906868,Technisches Museum,28,345417
2025-10-18T01:55:58.906868,Technisches Museum,28,345398
2025-10-18T01:55:58.906868,Technisches Museum,28,345298
2025-10-18T01:55:58.906868,Technisches Museum,28,345276
2025-10-18T01:55:58.906868,Technisches Museum,28,345253
2025-10-18T01:55:58.906868,Technisches Museum,28,345929
2025-10-18T01:55:58.906868,Technisches Museum,28,345831
2025-10-18T01:55:58.906868,Technisches Museum,28,345634
2025-10-18T01:55:58.906868,Technisches Museum,28,346487
2025-10-18T01:55:58.906868,Technisches Museum,28,346323
2025-10-18T01:55:58.906868,Technisches Museum,28,346941
2025-10-18T01:55:58.906868,Technisches Museum,28,346641
2025-10-18T01:55:58.906868,Technisches Museum,28,346517
2025-10-18T01:55:58.906868,Technisches Museum,28,346513
2025-10-18T01:55:58.906868,Technisches Museum,28,347494
2025-10-18T01:55:58.906868,Technisches Museum,28,347287
2025-10-18T01:55:58.906868,Technisches Museum,28,347792
2025-10-18T01:55:58.906868,Technisches Museum,28,347634
2025-10-18T01:55:58.906868,Technisches Museum,28,347587
2025-10-18T01:55:58.906868,Technisches Museum,28,347511
2025-10-18T01:55:58.906868,Technisches Museum,28,348342
2025-10-18T01:55:58.906868,Technisches Museum,28,348332
2025-10-18T01:55:58.906868,Technisches Museum,28,348076
2025-10-18T01:55:58.906868,Technisches Museum,28,398767
2025-10-18T01:55:58.906868,Technisches Museum,28,349075
2025-10-18T01:55:58.906868,Technisches Museum,28,349066
2025-10-18T01:55:58.906868,Technisches Museum,28,348823
2025-10-18T01:55:58.906868,Währinger Park,12,345170
2025-10-18T01:55:58.906868,Währinger Park,12,345807
2025-10-18T01:55:58.906868,Währinger Park,12,345544
2025-10-18T01:55:58.906868,Währinger Park,12,346697
2025-10-18T01:55:58.906868,Währinger Park,12,347450
2025-10-18T01:55:58.906868,Währinger Park,12,347272
2025-10-18T01:55:58.906868,Währinger Park,12,347863
2025-10-18T01:55:58.906868,Währinger Park,12,348331
2025-10-18T01:55:58.906868,Währinger Park,12,348117
2025-10-18T01:55:58.906868,Währinger Park,12,348114
2025-10-18T01:55:58.906868,Währinger Park,12,348631
2025-10-18T01:55:58.906868,Währinger Park,12,398782
2025-10-18T01:55:58.906868,Ettenreichgasse / Schulzentrum ,1,346589
2025-10-18T01:55:58.906868,Wendstattgasse,3,345695
2025-10-18T01:55:58.906868,Wendstattgasse,3,347361
2025-10-18T01:55:58.906868,Wendstattgasse,3,348956
2025-10-18T01:55:58.906868,Neilreichgasse,10,345706
2025-10-18T01:55:58.906868,Neilreichgasse,10,346313
2025-10-18T01:55:58.906868,Neilreichgasse,10,346292
2025-10-18T01:55:58.906868,Neilreichgasse,10,346783
2025-10-18T01:55:58.906868,Neilreichgasse,10,347691
2025-10-18T01:55:58.906868,Neilreichgasse,10,348394
2025-10-18T01:55:58.906868,Neilreichgasse,10,348065
2025-10-18T01:55:58.906868,Neilreichgasse,10,349064
2025-10-18T01:55:58.906868,Neilreichgasse,10,349037
2025-10-18T01:55:58.906868,Neilreichgasse,10,349182
2025-10-18T01:55:58.906868,Gutheil-Schoder-Gasse / Badner Bahn,15,345824
2025-10-18T01:55:58.906868,Gutheil-Schoder-Gasse / Badner Bahn,15,345570
2025-10-18T01:55:58.906868,Gutheil-Schoder-Gasse / Badner Bahn,15,345531
2025-10-18T01:55:58.906868,Gutheil-Schoder-Gasse / Badner Bahn,15,345515
2025-10-18T01:55:58.906868,Gutheil-Schoder-Gasse / Badner Bahn,15,345511
2025-10-18T01:55:58.906868,Gutheil-Schoder-Gasse / Badner Bahn,15,346999
2025-10-18T01:55:58.906868,Gutheil-Schoder-Gasse / Badner Bahn,15,346666
2025-10-18T01:55:58.906868,Gutheil-Schoder-Gasse / Badner Bahn,15,346595
2025-10-18T01:55:58.906868,Gutheil-Schoder-Gasse / Badner Bahn,15,347467
2025-10-18T01:55:58.906868,Gutheil-Schoder-Gasse / Badner Bahn,15,347357
2025-10-18T01:55:58.906868,Gutheil-Schoder-Gasse / Badner Bahn,15,347284
2025-10-18T01:55:58.906868,Gutheil-Schoder-Gasse / Badner Bahn,15,347223
2025-10-18T01:55:58.906868,Gutheil-Schoder-Gasse / Badner Bahn,15,347082
2025-10-18T01:55:58.906868,Gutheil-Schoder-Gasse / Badner Bahn,15,348380
2025-10-18T01:55:58.906868,Gutheil-Schoder-Gasse / Badner Bahn,15,348360
2025-10-18T01:55:58.906868,Neu Leopoldau,3,346760
2025-10-18T01:55:58.906868,Neu Leopoldau,3,347292
2025-10-18T01:55:58.906868,Neu Leopoldau,3,347947
2025-10-18T01:55:58.906868,Strebersdorf S,12,345427
2025-10-18T01:55:58.906868,Strebersdorf S,12,345217
2025-10-18T01:55:58.906868,Strebersdorf S,12,345138
2025-10-18T01:55:58.906868,Strebersdorf S,12,345853
2025-10-18T01:55:58.906868,Strebersdorf S,12,345541
2025-10-18T01:55:58.906868,Strebersdorf S,12,346010
2025-10-18T01:55:58.906868,Strebersdorf S,12,346788
2025-10-18T01:55:58.906868,Strebersdorf S,12,346715
2025-10-18T01:55:58.906868,Strebersdorf S,12,347427
2025-10-18T01:55:58.906868,Strebersdorf S,12,347043
2025-10-18T01:55:58.906868,Strebersdorf S,12,347560
2025-10-18T01:55:58.906868,Strebersdorf S,12,348140
2025-10-18T01:55:58.906868,Rodlergasse,7,345950
2025-10-18T01:55:58.906868,Rodlergasse,7,346113
2025-10-18T01:55:58.906868,Rodlergasse,7,346706
2025-10-18T01:55:58.906868,Rodlergasse,7,346698
2025-10-18T01:55:58.906868,Rodlergasse,7,347024
2025-10-18T01:55:58.906868,Rodlergasse,7,348551
2025-10-18T01:55:58.906868,Rodlergasse,7,349098
2025-10-18T01:55:58.906868,Nussbaumallee,18,345216
2025-10-18T01:55:58.906868,Nussbaumallee,18,345145
2025-10-18T01:55:58.906868,Nussbaumallee,18,345121
2025-10-18T01:55:58.906868,Nussbaumallee,18,345025
2025-10-18T01:55:58.906868,Nussbaumallee,18,345751
2025-10-18T01:55:58.906868,Nussbaumallee,18,345527
2025-10-18T01:55:58.906868,Nussbaumallee,18,346490
2025-10-18T01:55:58.906868,Nussbaumallee,18,346251
2025-10-18T01:55:58.906868,Nussbaumallee,18,346080
2025-10-18T01:55:58.906868,Nussbaumallee,18,346817
2025-10-18T01:55:58.906868,Nussbaumallee,18,347583
2025-10-18T01:55:58.906868,Nussbaumallee,18,347565
2025-10-18T01:55:58.906868,Nussbaumallee,18,347539
2025-10-18T01:55:58.906868,Nussbaumallee,18,348034
2025-10-18T01:55:58.906868,Nussbaumallee,18,348615
2025-10-18T01:55:58.906868,Nussbaumallee,18,348602
2025-10-18T01:55:58.906868,Nussbaumallee,18,348524
2025-10-18T01:55:58.906868,Nussbaumallee,18,349115
2025-10-18T01:55:58.906868,Raxstraße,9,345074
2025-10-18T01:55:58.906868,Raxstraße,9,345995
2025-10-18T01:55:58.906868,Raxstraße,9,346494
2025-10-18T01:55:58.906868,Raxstraße,9,346449
2025-10-18T01:55:58.906868,Raxstraße,9,346874
2025-10-18T01:55:58.906868,Raxstraße,9,348282
2025-10-18T01:55:58.906868,Raxstraße,9,398755
2025-10-18T01:55:58.906868,Raxstraße,9,348931
2025-10-18T01:55:58.906868,Raxstraße,9,348822
2025-10-18T01:55:58.906868,Wattmanngasse,20,345125
2025-10-18T01:55:58.906868,Wattmanngasse,20,345055
2025-10-18T01:55:58.906868,Wattmanngasse,20,345836
2025-10-18T01:55:58.906868,Wattmanngasse,20,345789
2025-10-18T01:55:58.906868,Wattmanngasse,20,345666
2025-10-18T01:55:58.906868,Wattmanngasse,20,346076
2025-10-18T01:55:58.906868,Wattmanngasse,20,346028
2025-10-18T01:55:58.906868,Wattmanngasse,20,346676
2025-10-18T01:55:58.906868,Wattmanngasse,20,346523
2025-10-18T01:55:58.906868,Wattmanngasse,20,347152
2025-10-18T01:55:58.906868,Wattmanngasse,20,347564
2025-10-18T01:55:58.906868,Wattmanngasse,20,347531
2025-10-18T01:55:58.906868,Wattmanngasse,20,348422
2025-10-18T01:55:58.906868,Wattmanngasse,20,348370
2025-10-18T01:55:58.906868,Wattmanngasse,20,348320
2025-10-18T01:55:58.906868,Wattmanngasse,20,348668
2025-10-18T01:55:58.906868,Wattmanngasse,20,398856
2025-10-18T01:55:58.906868,Wattmanngasse,20,398849
2025-10-18T01:55:58.906868,Wattmanngasse,20,398809
2025-10-18T01:55:58.906868,Wattmanngasse,20,398727
2025-10-18T01:55:58.906868,Joachimsthaler Platz,1,348816
2025-10-18T01:55:58.906868,Floridsdorfer Markt,20,345266
2025-10-18T01:55:58.906868,Floridsdorfer Markt,20,345080
2025-10-18T01:55:58.906868,Floridsdorfer Markt,20,345015
2025-10-18T01:55:58.906868,Floridsdorfer Markt,20,345562
2025-10-18T01:55:58.906868,Floridsdorfer Markt,20,346458
2025-10-18T01:55:58.906868,Floridsdorfer Markt,20,346869
2025-10-18T01:55:58.906868,Floridsdorfer Markt,20,346735
2025-10-18T01:55:58.906868,Floridsdorfer Markt,20,346633
2025-10-18T01:55:58.906868,Floridsdorfer Markt,20,347480
2025-10-18T01:55:58.906868,Floridsdorfer Markt,20,347353
2025-10-18T01:55:58.906868,Floridsdorfer Markt,20,347345
2025-10-18T01:55:58.906868,Floridsdorfer Markt,20,347028
2025-10-18T01:55:58.906868,Floridsdorfer Markt,20,347582
2025-10-18T01:55:58.906868,Floridsdorfer Markt,20,348455
2025-10-18T01:55:58.906868,Floridsdorfer Markt,20,348233
2025-10-18T01:55:58.906868,Floridsdorfer Markt,20,348136
2025-10-18T01:55:58.906868,Floridsdorfer Markt,20,348058
2025-10-18T01:55:58.906868,Floridsdorfer Markt,20,348608
2025-10-18T01:55:58.906868,Floridsdorfer Markt,20,348818
2025-10-18T01:55:58.906868,Floridsdorfer Markt,20,398869
2025-10-18T01:55:58.906868,Nussdorf S,21,345374
2025-10-18T01:55:58.906868,Nussdorf S,21,345320
2025-10-18T01:55:58.906868,Nussdorf S,21,345678
2025-10-18T01:55:58.906868,Nussdorf S,21,346390
2025-10-18T01:55:58.906868,Nussdorf S,21,346266
2025-10-18T01:55:58.906868,Nussdorf S,21,346131
2025-10-18T01:55:58.906868,Nussdorf S,21,346108
2025-10-18T01:55:58.906868,Nussdorf S,21,346901
2025-10-18T01:55:58.906868,Nussdorf S,21,346812
2025-10-18T01:55:58.906868,Nussdorf S,21,346617
2025-10-18T01:55:58.906868,Nussdorf S,21,346529
2025-10-18T01:55:58.906868,Nussdorf S,21,347391
2025-10-18T01:55:58.906868,Nussdorf S,21,347339
2025-10-18T01:55:58.906868,Nussdorf S,21,347081
2025-10-18T01:55:58.906868,Nussdorf S,21,347767
2025-10-18T01:55:58.906868,Nussdorf S,21,347593
2025-10-18T01:55:58.906868,Nussdorf S,21,347568
2025-10-18T01:55:58.906868,Nussdorf S,21,347552
2025-10-18T01:55:58.906868,Nussdorf S,21,348200
2025-10-18T01:55:58.906868,Nussdorf S,21,348125
2025-10-18T01:55:58.906868,Nussdorf S,21,348626
2025-10-18T01:55:58.906868,Bertha-von-Suttner-Gasse,14,345278
2025-10-18T01:55:58.906868,Bertha-von-Suttner-Gasse,14,345014
2025-10-18T01:55:58.906868,Bertha-von-Suttner-Gasse,14,345737
2025-10-18T01:55:58.906868,Bertha-von-Suttner-Gasse,14,345615
2025-10-18T01:55:58.906868,Bertha-von-Suttner-Gasse,14,346134
2025-10-18T01:55:58.906868,Bertha-von-Suttner-Gasse,14,347418
2025-10-18T01:55:58.906868,Bertha-von-Suttner-Gasse,14,347964
2025-10-18T01:55:58.906868,Bertha-von-Suttner-Gasse,14,347961
2025-10-18T01:55:58.906868,Bertha-von-Suttner-Gasse,14,347822
2025-10-18T01:55:58.906868,Bertha-von-Suttner-Gasse,14,347599
2025-10-18T01:55:58.906868,Bertha-von-Suttner-Gasse,14,348015
2025-10-18T01:55:58.906868,Bertha-von-Suttner-Gasse,14,348612
2025-10-18T01:55:58.906868,Bertha-von-Suttner-Gasse,14,348537
2025-10-18T01:55:58.906868,Bertha-von-Suttner-Gasse,14,349171
2025-10-18T01:55:58.906868,Hauptbahnhof Ost,19,345412
2025-10-18T01:55:58.906868,Hauptbahnhof Ost,19,345248
2025-10-18T01:55:58.906868,Hauptbahnhof Ost,19,345677
2025-10-18T01:55:58.906868,Hauptbahnhof Ost,19,345556
2025-10-18T01:55:58.906868,Hauptbahnhof Ost,19,346379
2025-10-18T01:55:58.906868,Hauptbahnhof Ost,19,346942
2025-10-18T01:55:58.906868,Hauptbahnhof Ost,19,346780
2025-10-18T01:55:58.906868,Hauptbahnhof Ost,19,346667
2025-10-18T01:55:58.906868,Hauptbahnhof Ost,19,346585
2025-10-18T01:55:58.906868,Hauptbahnhof Ost,19,347420
2025-10-18T01:55:58.906868,Hauptbahnhof Ost,19,347845
2025-10-18T01:55:58.906868,Hauptbahnhof Ost,19,347605
2025-10-18T01:55:58.906868,Hauptbahnhof Ost,19,348424
2025-10-18T01:55:58.906868,Hauptbahnhof Ost,19,348321
2025-10-18T01:55:58.906868,Hauptbahnhof Ost,19,348261
2025-10-18T01:55:58.906868,Hauptbahnhof Ost,19,349011
2025-10-18T01:55:58.906868,Hauptbahnhof Ost,19,348972
2025-10-18T01:55:58.906868,Hauptbahnhof Ost,19,349141
2025-10-18T01:55:58.906868,Hauptbahnhof Ost,19,349118
2025-10-18T01:55:58.906868,FH Technikum,11,345451
2025-10-18T01:55:58.906868,FH Technikum,11,345951
2025-10-18T01:55:58.906868,FH Technikum,11,346804
2025-10-18T01:55:58.906868,FH Technikum,11,347474
2025-10-18T01:55:58.906868,FH Technikum,11,347315
2025-10-18T01:55:58.906868,FH Technikum,11,347219
2025-10-18T01:55:58.906868,FH Technikum,11,347821
2025-10-18T01:55:58.906868,FH Technikum,11,347724
2025-10-18T01:55:58.906868,FH Technikum,11,347672
2025-10-18T01:55:58.906868,FH Technikum,11,398861
2025-10-18T01:55:58.906868,FH Technikum,11,349062
2025-10-18T01:55:58.906868,Hafen Wien,10,345302
2025-10-18T01:55:58.906868,Hafen Wien,10,345167
2025-10-18T01:55:58.906868,Hafen Wien,10,345991
2025-10-18T01:55:58.906868,Hafen Wien,10,345767
2025-10-18T01:55:58.906868,Hafen Wien,10,346556
2025-10-18T01:55:58.906868,Hafen Wien,10,347415
2025-10-18T01:55:58.906868,Hafen Wien,10,347248
2025-10-18T01:55:58.906868,Hafen Wien,10,348420
2025-10-18T01:55:58.906868,Hafen Wien,10,348064
2025-10-18T01:55:58.906868,Hafen Wien,10,398734
2025-10-18T01:55:58.906868,Hundertwasserhaus,7,345463
2025-10-18T01:55:58.906868,Hundertwasserhaus,7,345392
2025-10-18T01:55:58.906868,Hundertwasserhaus,7,345116
2025-10-18T01:55:58.906868,Hundertwasserhaus,7,345097
2025-10-18T01:55:58.906868,Hundertwasserhaus,7,345904
2025-10-18T01:55:58.906868,Hundertwasserhaus,7,346850
2025-10-18T01:55:58.906868,Hundertwasserhaus,7,346528
2025-10-18T01:55:58.906868,Seestadt U - Lina-Bo-Bardi-Platz,27,345486
2025-10-18T01:55:58.906868,Seestadt U - Lina-Bo-Bardi-Platz,27,345293
2025-10-18T01:55:58.906868,Seestadt U - Lina-Bo-Bardi-Platz,27,345657
2025-10-18T01:55:58.906868,Seestadt U - Lina-Bo-Bardi-Platz,27,345525
2025-10-18T01:55:58.906868,Seestadt U - Lina-Bo-Bardi-Platz,27,346467
2025-10-18T01:55:58.906868,Seestadt U - Lina-Bo-Bardi-Platz,27,346331
2025-10-18T01:55:58.906868,Seestadt U - Lina-Bo-Bardi-Platz,27,346171
2025-10-18T01:55:58.906868,Seestadt U - Lina-Bo-Bardi-Platz,27,346167
2025-10-18T01:55:58.906868,Seestadt U - Lina-Bo-Bardi-Platz,27,346098
2025-10-18T01:55:58.906868,Seestadt U - Lina-Bo-Bardi-Platz,27,346016
2025-10-18T01:55:58.906868,Seestadt U - Lina-Bo-Bardi-Platz,27,346004
2025-10-18T01:55:58.906868,Seestadt U - Lina-Bo-Bardi-Platz,27,346966
2025-10-18T01:55:58.906868,Seestadt U - Lina-Bo-Bardi-Platz,27,346897
2025-10-18T01:55:58.906868,Seestadt U - Lina-Bo-Bardi-Platz,27,346849
2025-10-18T01:55:58.906868,Seestadt U - Lina-Bo-Bardi-Platz,27,347171
2025-10-18T01:55:58.906868,Seestadt U - Lina-Bo-Bardi-Platz,27,347137
2025-10-18T01:55:58.906868,Seestadt U - Lina-Bo-Bardi-Platz,27,347065
2025-10-18T01:55:58.906868,Seestadt U - Lina-Bo-Bardi-Platz,27,347774
2025-10-18T01:55:58.906868,Seestadt U - Lina-Bo-Bardi-Platz,27,348124
2025-10-18T01:55:58.906868,Seestadt U - Lina-Bo-Bardi-Platz,27,348067
2025-10-18T01:55:58.906868,Seestadt U - Lina-Bo-Bardi-Platz,27,348002
2025-10-18T01:55:58.906868,Seestadt U - Lina-Bo-Bardi-Platz,27,348511
2025-10-18T01:55:58.906868,Seestadt U - Lina-Bo-Bardi-Platz,27,348510
2025-10-18T01:55:58.906868,Seestadt U - Lina-Bo-Bardi-Platz,27,348593
2025-10-18T01:55:58.906868,Seestadt U - Lina-Bo-Bardi-Platz,27,348517
2025-10-18T01:55:58.906868,Seestadt U - Lina-Bo-Bardi-Platz,27,349077
2025-10-18T01:55:58.906868,Seestadt U - Lina-Bo-Bardi-Platz,27,348842
2025-10-18T01:55:58.906868,Barbara-Prammer-Allee,10,345472
2025-10-18T01:55:58.906868,Barbara-Prammer-Allee,10,345435
2025-10-18T01:55:58.906868,Barbara-Prammer-Allee,10,345972
2025-10-18T01:55:58.906868,Barbara-Prammer-Allee,10,345683
2025-10-18T01:55:58.906868,Barbara-Prammer-Allee,10,346406
2025-10-18T01:55:58.906868,Barbara-Prammer-Allee,10,346237
2025-10-18T01:55:58.906868,Barbara-Prammer-Allee,10,346657
2025-10-18T01:55:58.906868,Barbara-Prammer-Allee,10,347307
2025-10-18T01:55:58.906868,Barbara-Prammer-Allee,10,347949
2025-10-18T01:55:58.906868,Barbara-Prammer-Allee,10,347743
2025-10-18T01:55:58.906868,Sonnenallee,16,345464
2025-10-18T01:55:58.906868,Sonnenallee,16,345407
2025-10-18T01:55:58.906868,Sonnenallee,16,345068
2025-10-18T01:55:58.906868,Sonnenallee,16,345955
2025-10-18T01:55:58.906868,Sonnenallee,16,345702
2025-10-18T01:55:58.906868,Sonnenallee,16,346440
2025-10-18T01:55:58.906868,Sonnenallee,16,346391
2025-10-18T01:55:58.906868,Sonnenallee,16,346329
2025-10-18T01:55:58.906868,Sonnenallee,16,346267
2025-10-18T01:55:58.906868,Sonnenallee,16,346952
2025-10-18T01:55:58.906868,Sonnenallee,16,346627
2025-10-18T01:55:58.906868,Sonnenallee,16,348486
2025-10-18T01:55:58.906868,Sonnenallee,16,348218
2025-10-18T01:55:58.906868,Sonnenallee,16,348165
2025-10-18T01:55:58.906868,Sonnenallee,16,348516
2025-10-18T01:55:58.906868,Sonnenallee,16,349125
2025-10-18T01:55:58.906868,AIT Austrian Institute of Technology / Giefinggasse ,2,347261
2025-10-18T01:55:58.906868,AIT Austrian Institute of Technology / Giefinggasse ,2,348999
2025-10-18T01:55:58.906868,Hannovermarkt (20),6,345323
2025-10-18T01:55:58.906868,Hannovermarkt (20),6,345228
2025-10-18T01:55:58.906868,Hannovermarkt (20),6,346454
2025-10-18T01:55:58.906868,Hannovermarkt (20),6,346255
2025-10-18T01:55:58.906868,Hannovermarkt (20),6,346510
2025-10-18T01:55:58.906868,Hannovermarkt (20),6,347816
2025-10-18T01:55:58.906868,Blériotgasse,5,345669
2025-10-18T01:55:58.906868,Blériotgasse,5,346298
2025-10-18T01:55:58.906868,Blériotgasse,5,348604
2025-10-18T01:55:58.906868,Blériotgasse,5,349090
2025-10-18T01:55:58.906868,Blériotgasse,5,349159
2025-10-18T01:55:58.906868,Vetmed Haupteingang,1,348577
2025-10-18T01:55:58.906868,Vetmed UB,7,345124
2025-10-18T01:55:58.906868,Vetmed UB,7,345643
2025-10-18T01:55:58.906868,Vetmed UB,7,346858
2025-10-18T01:55:58.906868,Vetmed UB,7,348213
2025-10-18T01:55:58.906868,Vetmed UB,7,348873
2025-10-18T01:55:58.906868,Vetmed UB,7,348838
2025-10-18T01:55:58.906868,Vetmed UB,7,349184
2025-10-18T01:55:58.906868,Rebhanngasse / Nordbahnstrasse,13,345460
2025-10-18T01:55:58.906868,Rebhanngasse / Nordbahnstrasse,13,345447
2025-10-18T01:55:58.906868,Rebhanngasse / Nordbahnstrasse,13,346690
2025-10-18T01:55:58.906868,Rebhanngasse / Nordbahnstrasse,13,347385
2025-10-18T01:55:58.906868,Rebhanngasse / Nordbahnstrasse,13,348138
2025-10-18T01:55:58.906868,Rebhanngasse / Nordbahnstrasse,13,348702
2025-10-18T01:55:58.906868,Rebhanngasse / Nordbahnstrasse,13,348675
2025-10-18T01:55:58.906868,Rebhanngasse / Nordbahnstrasse,13,348625
2025-10-18T01:55:58.906868,Rebhanngasse / Nordbahnstrasse,13,348600
2025-10-18T01:55:58.906868,Rebhanngasse / Nordbahnstrasse,13,348578
2025-10-18T01:55:58.906868,Rebhanngasse / Nordbahnstrasse,13,398818
2025-10-18T01:55:58.906868,Rebhanngasse / Nordbahnstrasse,13,398752
2025-10-18T01:55:58.906868,Rebhanngasse / Nordbahnstrasse,13,349121
2025-10-18T01:55:58.906868,Nordbahnstrasse,6,345783
2025-10-18T01:55:58.906868,Nordbahnstrasse,6,346418
2025-10-18T01:55:58.906868,Nordbahnstrasse,6,346954
2025-10-18T01:55:58.906868,Nordbahnstrasse,6,346929
2025-10-18T01:55:58.906868,Nordbahnstrasse,6,348351
2025-10-18T01:55:58.906868,Nordbahnstrasse,6,349200
2025-10-18T01:55:58.906868,BIKE 348981,1,348981
2025-10-18T01:55:58.906868,BIKE 349161,1,349161
2025-10-18T01:55:58.906868,BIKE 348541,1,348541
2025-10-18T01:55:58.906868,BIKE 345023,1,345023
2025-10-18T01:55:58.906868,BIKE 348215,1,348215
2025-10-18T01:55:58.906868,BIKE 348834,1,348834
2025-10-18T01:55:58.906868,BIKE 346604,1,346604
2025-10-18T01:55:58.906868,BIKE 347144,1,347144
2025-10-18T01:55:58.906868,BIKE 349107,1,349107
2025-10-18T01:55:58.906868,BIKE 349017,1,349017
2025-10-18T01:55:58.906868,BIKE 349109,1,349109
2025-10-18T01:55:58.906868,BIKE 348941,1,348941
2025-10-18T01:55:58.906868,BIKE 345560,1,345560
2025-10-18T01:55:58.906868,BIKE 348863,1,348863
2025-10-18T01:55:58.906868,BIKE 99946,1,99946
2025-10-18T01:55:58.906868,BIKE 348847,1,348847
2025-10-18T01:55:58.906868,BIKE 348984,1,348984
2025-10-18T01:55:58.906868,BIKE 348908,1,348908
2025-10-18T01:55:58.906868,BIKE 349137,1,349137
2025-10-18T01:55:58.906868,BIKE 348806,1,348806
2025-10-18T01:55:58.906868,BIKE 349053,1,349053
2025-10-18T01:55:58.906868,BIKE 346888,1,346888
2025-10-18T01:55:58.906868,BIKE 348898,1,348898
2025-10-18T01:55:58.906868,BIKE 349093,1,349093
2025-10-18T01:55:58.906868,BIKE 345175,1,345175
2025-10-18T01:55:58.906868,BIKE 348591,1,348591
2025-10-18T01:55:58.906868,BIKE 348413,1,348413
2025-10-18T01:55:58.906868,BIKE 348850,1,348850
2025-10-18T01:55:58.906868,BIKE 349105,1,349105
2025-10-18T01:55:58.906868,BIKE 348227,1,348227
2025-10-18T01:55:58.906868,BIKE 349004,1,349004
2025-10-18T01:55:58.906868,BIKE 345497,1,345497
2025-10-18T01:55:58.906868,BIKE 348645,1,348645
2025-10-18T01:55:58.906868,BIKE 348868,1,348868
2025-10-18T01:55:58.906868,BIKE 347768,1,347768
2025-10-18T01:55:58.906868,BIKE 346768,1,346768
2025-10-18T01:55:58.906868,BIKE 348969,1,348969
2025-10-18T01:55:58.906868,BIKE 345473,1,345473
2025-10-18T01:55:58.906868,BIKE 348936,1,348936
2025-10-18T01:55:58.906868,BIKE 347601,1,347601
2025-10-18T01:55:58.906868,BIKE 348649,1,348649
2025-10-18T01:55:58.906868,BIKE 348980,1,348980
2025-10-18T01:55:58.906868,BIKE 348234,1,348234
2025-10-18T01:55:58.906868,BIKE 346402,1,346402
2025-10-18T01:55:58.906868,BIKE 345237,1,345237
2025-10-18T01:55:58.906868,BIKE 348021,1,348021
2025-10-18T01:55:58.906868,BIKE 345291,1,345291
2025-10-18T01:55:58.906868,BIKE 349073,1,349073
2025-10-18T01:55:58.906868,BIKE 346349,1,346349
2025-10-18T01:55:58.906868,BIKE 349045,1,349045
2025-10-18T01:55:58.906868,BIKE 346590,1,346590
2025-10-18T01:55:58.906868,BIKE 345156,1,345156
2025-10-18T01:55:58.906868,BIKE 345092,1,345092
2025-10-18T01:55:58.906868,BIKE 348100,1,348100
2025-10-18T01:55:58.906868,BIKE 346421,1,346421
2025-10-18T01:55:58.906868,BIKE 348914,1,348914
2025-10-18T01:55:58.906868,BIKE 345154,1,345154
2025-10-18T01:55:58.906868,BIKE 349135,1,349135
2025-10-18T01:55:58.906868,BIKE 345195,1,345195
2025-10-18T01:55:58.906868,BIKE 345997,1,345997
2025-10-18T01:55:58.906868,BIKE 348974,1,348974
2025-10-18T01:55:58.906868,BIKE 348633,1,348633
2025-10-18T01:55:58.906868,BIKE 348832,1,348832
2025-10-18T01:55:58.906868,BIKE 345029,1,345029
2025-10-18T01:55:58.906868,BIKE 346398,1,346398
2025-10-18T01:55:58.906868,BIKE 348662,1,348662
2025-10-18T01:55:58.906868,BIKE 347588,1,347588
2025-10-18T01:55:58.906868,BIKE 349117,1,349117
2025-10-18T01:55:58.906868,BIKE 346424,1,346424
2025-10-18T01:55:58.906868,BIKE 348867,1,348867
2025-10-18T01:55:58.906868,BIKE 348219,1,348219
2025-10-18T01:55:58.906868,BIKE 345589,1,345589
2025-10-18T01:55:58.906868,BIKE 349032,1,349032
2025-10-18T01:55:58.906868,BIKE 348808,1,348808
2025-10-18T01:55:58.906868,BIKE 347150,1,347150
2025-10-18T01:55:58.906868,BIKE 345163,1,345163
2025-10-18T01:55:58.906868,BIKE 345415,1,345415
2025-10-18T01:55:58.906868,BIKE 349172,1,349172
2025-10-18T01:55:58.906868,BIKE 346845,1,346845
2025-10-18T01:55:58.906868,BIKE 345808,1,345808
2025-10-18T01:55:58.906868,BIKE 349113,1,349113
2025-10-18T01:55:58.906868,BIKE 398811,1,398811
2025-10-18T01:55:58.906868,BIKE 345130,1,345130
2025-10-18T01:55:58.906868,BIKE 346582,1,346582
2025-10-18T01:55:58.906868,BIKE 348162,1,348162
2025-10-18T01:55:58.906868,BIKE 345061,1,345061
2025-10-18T01:55:58.906868,BIKE 348484,1,348484
2025-10-18T01:55:58.906868,BIKE 345651,1,345651
2025-10-18T01:55:58.906868,BIKE 347720,1,347720
2025-10-18T01:55:58.906868,BIKE 347380,1,347380
2025-10-18T01:55:58.906868,BIKE 346351,1,346351
2025-10-18T01:55:58.906868,BIKE 347473,1,347473
2025-10-18T01:55:58.906868,BIKE 346704,1,346704
2025-10-18T01:55:58.906868,BIKE 347741,1,347741
2025-10-18T01:55:58.906868,BIKE 345135,1,345135
2025-10-18T01:55:58.906868,BIKE 346297,1,346297
2025-10-18T01:55:58.906868,BIKE 346447,1,346447
2025-10-18T01:55:58.906868,BIKE 346534,1,346534
2025-10-18T01:55:58.906868,BIKE 348978,1,348978
2025-10-18T01:55:58.906868,BIKE 346355,1,346355
2025-10-18T01:55:58.906868,BIKE 345578,1,345578
2025-10-18T01:55:58.906868,BIKE 346359,1,346359
2025-10-18T01:55:58.906868,BIKE 347095,1,347095
2025-10-18T01:55:58.906868,BIKE 345269,1,345269
2025-10-18T01:55:58.906868,BIKE 348851,1,348851
2025-10-18T01:55:58.906868,BIKE 347237,1,347237
2025-10-18T01:55:58.906868,BIKE 346943,1,346943
2025-10-18T01:55:58.906868,BIKE 346502,1,346502
2025-10-18T01:55:58.906868,BIKE 349160,1,349160
2025-10-18T01:55:58.906868,BIKE 346025,1,346025
2025-10-18T01:55:58.906868,BIKE 348860,1,348860
2025-10-18T01:55:58.906868,BIKE 347754,1,347754
2025-10-18T01:55:58.906868,BIKE 345381,1,345381
