timestamp,place_name,num_bikes,bike_number
2026-02-03T00:05:10.280741,Julius-Raab-Platz,10,345475
2026-02-03T00:05:10.280741,Julius-Raab-Platz,10,345652
2026-02-03T00:05:10.280741,Julius-Raab-Platz,10,346139
2026-02-03T00:05:10.280741,Julius-Raab-Platz,10,346892
2026-02-03T00:05:10.280741,Julius-Raab-Platz,10,346784
2026-02-03T00:05:10.280741,Julius-Raab-Platz,10,346591
2026-02-03T00:05:10.280741,Julius-Raab-Platz,10,347379
2026-02-03T00:05:10.280741,Julius-Raab-Platz,10,347815
2026-02-03T00:05:10.280741,Julius-Raab-Platz,10,348983
2026-02-03T00:05:10.280741,Julius-Raab-Platz,10,348894
2026-02-03T00:05:10.280741,Hoher Markt,17,345830
2026-02-03T00:05:10.280741,Hoher Markt,17,345767
2026-02-03T00:05:10.280741,Hoher Markt,17,345718
2026-02-03T00:05:10.280741,Hoher Markt,17,346380
2026-02-03T00:05:10.280741,Hoher Markt,17,346984
2026-02-03T00:05:10.280741,Hoher Markt,17,346963
2026-02-03T00:05:10.280741,Hoher Markt,17,346741
2026-02-03T00:05:10.280741,Hoher Markt,17,346587
2026-02-03T00:05:10.280741,Hoher Markt,17,347264
2026-02-03T00:05:10.280741,Hoher Markt,17,347200
2026-02-03T00:05:10.280741,Hoher Markt,17,347867
2026-02-03T00:05:10.280741,Hoher Markt,17,347770
2026-02-03T00:05:10.280741,Hoher Markt,17,347529
2026-02-03T00:05:10.280741,Hoher Markt,17,348456
2026-02-03T00:05:10.280741,Hoher Markt,17,348397
2026-02-03T00:05:10.280741,Hoher Markt,17,348100
2026-02-03T00:05:10.280741,Hoher Markt,17,348538
2026-02-03T00:05:10.280741,Oper,11,345264
2026-02-03T00:05:10.280741,Oper,11,345260
2026-02-03T00:05:10.280741,Oper,11,345188
2026-02-03T00:05:10.280741,Oper,11,346799
2026-02-03T00:05:10.280741,Oper,11,347499
2026-02-03T00:05:10.280741,Oper,11,347060
2026-02-03T00:05:10.280741,Oper,11,347041
2026-02-03T00:05:10.280741,Oper,11,347717
2026-02-03T00:05:10.280741,Oper,11,347531
2026-02-03T00:05:10.280741,Oper,11,348139
2026-02-03T00:05:10.280741,Oper,11,348696
2026-02-03T00:05:10.280741,Volksgarten,1,346497
2026-02-03T00:05:10.280741,Stephansplatz U,1,347803
2026-02-03T00:05:10.280741,Taborstraße U,16,345415
2026-02-03T00:05:10.280741,Taborstraße U,16,345335
2026-02-03T00:05:10.280741,Taborstraße U,16,345196
2026-02-03T00:05:10.280741,Taborstraße U,16,345186
2026-02-03T00:05:10.280741,Taborstraße U,16,345156
2026-02-03T00:05:10.280741,Taborstraße U,16,345546
2026-02-03T00:05:10.280741,Taborstraße U,16,346476
2026-02-03T00:05:10.280741,Taborstraße U,16,346012
2026-02-03T00:05:10.280741,Taborstraße U,16,346901
2026-02-03T00:05:10.280741,Taborstraße U,16,346801
2026-02-03T00:05:10.280741,Taborstraße U,16,347935
2026-02-03T00:05:10.280741,Taborstraße U,16,347915
2026-02-03T00:05:10.280741,Taborstraße U,16,347652
2026-02-03T00:05:10.280741,Taborstraße U,16,347502
2026-02-03T00:05:10.280741,Taborstraße U,16,348655
2026-02-03T00:05:10.280741,Taborstraße U,16,349203
2026-02-03T00:05:10.280741,WU-Campus / Südportalstraße ,12,345056
2026-02-03T00:05:10.280741,WU-Campus / Südportalstraße ,12,345725
2026-02-03T00:05:10.280741,WU-Campus / Südportalstraße ,12,345586
2026-02-03T00:05:10.280741,WU-Campus / Südportalstraße ,12,346846
2026-02-03T00:05:10.280741,WU-Campus / Südportalstraße ,12,346771
2026-02-03T00:05:10.280741,WU-Campus / Südportalstraße ,12,346599
2026-02-03T00:05:10.280741,WU-Campus / Südportalstraße ,12,346539
2026-02-03T00:05:10.280741,WU-Campus / Südportalstraße ,12,347393
2026-02-03T00:05:10.280741,WU-Campus / Südportalstraße ,12,348066
2026-02-03T00:05:10.280741,WU-Campus / Südportalstraße ,12,348668
2026-02-03T00:05:10.280741,WU-Campus / Südportalstraße ,12,348551
2026-02-03T00:05:10.280741,WU-Campus / Südportalstraße ,12,398782
2026-02-03T00:05:10.280741,Erdberg U,19,345248
2026-02-03T00:05:10.280741,Erdberg U,19,345149
2026-02-03T00:05:10.280741,Erdberg U,19,345062
2026-02-03T00:05:10.280741,Erdberg U,19,345930
2026-02-03T00:05:10.280741,Erdberg U,19,345856
2026-02-03T00:05:10.280741,Erdberg U,19,345779
2026-02-03T00:05:10.280741,Erdberg U,19,346416
2026-02-03T00:05:10.280741,Erdberg U,19,346392
2026-02-03T00:05:10.280741,Erdberg U,19,346098
2026-02-03T00:05:10.280741,Erdberg U,19,346010
2026-02-03T00:05:10.280741,Erdberg U,19,346982
2026-02-03T00:05:10.280741,Erdberg U,19,347030
2026-02-03T00:05:10.280741,Erdberg U,19,347982
2026-02-03T00:05:10.280741,Erdberg U,19,348477
2026-02-03T00:05:10.280741,Erdberg U,19,348294
2026-02-03T00:05:10.280741,Erdberg U,19,348230
2026-02-03T00:05:10.280741,Erdberg U,19,348195
2026-02-03T00:05:10.280741,Erdberg U,19,348127
2026-02-03T00:05:10.280741,Erdberg U,19,348603
2026-02-03T00:05:10.280741,Media Quarter Marx,5,346831
2026-02-03T00:05:10.280741,Media Quarter Marx,5,347407
2026-02-03T00:05:10.280741,Media Quarter Marx,5,348426
2026-02-03T00:05:10.280741,Media Quarter Marx,5,348113
2026-02-03T00:05:10.280741,Media Quarter Marx,5,398810
2026-02-03T00:05:10.280741,Rennweg S,8,345250
2026-02-03T00:05:10.280741,Rennweg S,8,346176
2026-02-03T00:05:10.280741,Rennweg S,8,346565
2026-02-03T00:05:10.280741,Rennweg S,8,346540
2026-02-03T00:05:10.280741,Rennweg S,8,347435
2026-02-03T00:05:10.280741,Rennweg S,8,348405
2026-02-03T00:05:10.280741,Rennweg S,8,348290
2026-02-03T00:05:10.280741,Rennweg S,8,349164
2026-02-03T00:05:10.280741,Rochusmarkt,12,345343
2026-02-03T00:05:10.280741,Rochusmarkt,12,345835
2026-02-03T00:05:10.280741,Rochusmarkt,12,345623
2026-02-03T00:05:10.280741,Rochusmarkt,12,346368
2026-02-03T00:05:10.280741,Rochusmarkt,12,346990
2026-02-03T00:05:10.280741,Rochusmarkt,12,346925
2026-02-03T00:05:10.280741,Rochusmarkt,12,347004
2026-02-03T00:05:10.280741,Rochusmarkt,12,347976
2026-02-03T00:05:10.280741,Rochusmarkt,12,347520
2026-02-03T00:05:10.280741,Rochusmarkt,12,348180
2026-02-03T00:05:10.280741,Rochusmarkt,12,348605
2026-02-03T00:05:10.280741,Rochusmarkt,12,398781
2026-02-03T00:05:10.280741,Schwarzenbergplatz,3,345908
2026-02-03T00:05:10.280741,Schwarzenbergplatz,3,346202
2026-02-03T00:05:10.280741,Schwarzenbergplatz,3,348469
2026-02-03T00:05:10.280741,Heumühlgasse,20,345445
2026-02-03T00:05:10.280741,Heumühlgasse,20,345406
2026-02-03T00:05:10.280741,Heumühlgasse,20,345314
2026-02-03T00:05:10.280741,Heumühlgasse,20,345237
2026-02-03T00:05:10.280741,Heumühlgasse,20,345181
2026-02-03T00:05:10.280741,Heumühlgasse,20,345158
2026-02-03T00:05:10.280741,Heumühlgasse,20,345680
2026-02-03T00:05:10.280741,Heumühlgasse,20,346297
2026-02-03T00:05:10.280741,Heumühlgasse,20,346174
2026-02-03T00:05:10.280741,Heumühlgasse,20,346114
2026-02-03T00:05:10.280741,Heumühlgasse,20,346800
2026-02-03T00:05:10.280741,Heumühlgasse,20,347489
2026-02-03T00:05:10.280741,Heumühlgasse,20,347272
2026-02-03T00:05:10.280741,Heumühlgasse,20,347118
2026-02-03T00:05:10.280741,Heumühlgasse,20,347543
2026-02-03T00:05:10.280741,Heumühlgasse,20,348184
2026-02-03T00:05:10.280741,Heumühlgasse,20,348023
2026-02-03T00:05:10.280741,Heumühlgasse,20,348613
2026-02-03T00:05:10.280741,Heumühlgasse,20,348583
2026-02-03T00:05:10.280741,Heumühlgasse,20,348921
2026-02-03T00:05:10.280741,Margaretengürtel U,13,345733
2026-02-03T00:05:10.280741,Margaretengürtel U,13,345572
2026-02-03T00:05:10.280741,Margaretengürtel U,13,346260
2026-02-03T00:05:10.280741,Margaretengürtel U,13,346213
2026-02-03T00:05:10.280741,Margaretengürtel U,13,346127
2026-02-03T00:05:10.280741,Margaretengürtel U,13,347467
2026-02-03T00:05:10.280741,Margaretengürtel U,13,347052
2026-02-03T00:05:10.280741,Margaretengürtel U,13,347898
2026-02-03T00:05:10.280741,Margaretengürtel U,13,347718
2026-02-03T00:05:10.280741,Margaretengürtel U,13,347579
2026-02-03T00:05:10.280741,Margaretengürtel U,13,347538
2026-02-03T00:05:10.280741,Margaretengürtel U,13,347511
2026-02-03T00:05:10.280741,Margaretengürtel U,13,348703
2026-02-03T00:05:10.280741,Mittersteig,20,345259
2026-02-03T00:05:10.280741,Mittersteig,20,345215
2026-02-03T00:05:10.280741,Mittersteig,20,345920
2026-02-03T00:05:10.280741,Mittersteig,20,346409
2026-02-03T00:05:10.280741,Mittersteig,20,346360
2026-02-03T00:05:10.280741,Mittersteig,20,346355
2026-02-03T00:05:10.280741,Mittersteig,20,346825
2026-02-03T00:05:10.280741,Mittersteig,20,346672
2026-02-03T00:05:10.280741,Mittersteig,20,346635
2026-02-03T00:05:10.280741,Mittersteig,20,347218
2026-02-03T00:05:10.280741,Mittersteig,20,347708
2026-02-03T00:05:10.280741,Mittersteig,20,347662
2026-02-03T00:05:10.280741,Mittersteig,20,347644
2026-02-03T00:05:10.280741,Mittersteig,20,348147
2026-02-03T00:05:10.280741,Mittersteig,20,348704
2026-02-03T00:05:10.280741,Mittersteig,20,348539
2026-02-03T00:05:10.280741,Mittersteig,20,398860
2026-02-03T00:05:10.280741,Mittersteig,20,348965
2026-02-03T00:05:10.280741,Mittersteig,20,348940
2026-02-03T00:05:10.280741,Mittersteig,20,348935
2026-02-03T00:05:10.280741,Ceija-Stojka-Platz,13,346272
2026-02-03T00:05:10.280741,Ceija-Stojka-Platz,13,346209
2026-02-03T00:05:10.280741,Ceija-Stojka-Platz,13,346876
2026-02-03T00:05:10.280741,Ceija-Stojka-Platz,13,346634
2026-02-03T00:05:10.280741,Ceija-Stojka-Platz,13,346526
2026-02-03T00:05:10.280741,Ceija-Stojka-Platz,13,347420
2026-02-03T00:05:10.280741,Ceija-Stojka-Platz,13,347177
2026-02-03T00:05:10.280741,Ceija-Stojka-Platz,13,347674
2026-02-03T00:05:10.280741,Ceija-Stojka-Platz,13,347609
2026-02-03T00:05:10.280741,Ceija-Stojka-Platz,13,348166
2026-02-03T00:05:10.280741,Ceija-Stojka-Platz,13,348621
2026-02-03T00:05:10.280741,Ceija-Stojka-Platz,13,398715
2026-02-03T00:05:10.280741,Ceija-Stojka-Platz,13,398790
2026-02-03T00:05:10.280741,Volkstheater U,8,345463
2026-02-03T00:05:10.280741,Volkstheater U,8,345686
2026-02-03T00:05:10.280741,Volkstheater U,8,345684
2026-02-03T00:05:10.280741,Volkstheater U,8,346307
2026-02-03T00:05:10.280741,Volkstheater U,8,346536
2026-02-03T00:05:10.280741,Volkstheater U,8,347992
2026-02-03T00:05:10.280741,Volkstheater U,8,347965
2026-02-03T00:05:10.280741,Volkstheater U,8,348270
2026-02-03T00:05:10.280741,Zieglergasse U,16,345651
2026-02-03T00:05:10.280741,Zieglergasse U,16,345575
2026-02-03T00:05:10.280741,Zieglergasse U,16,346433
2026-02-03T00:05:10.280741,Zieglergasse U,16,347329
2026-02-03T00:05:10.280741,Zieglergasse U,16,348283
2026-02-03T00:05:10.280741,Zieglergasse U,16,348196
2026-02-03T00:05:10.280741,Zieglergasse U,16,348136
2026-02-03T00:05:10.280741,Zieglergasse U,16,349111
2026-02-03T00:05:10.280741,Zieglergasse U,16,349088
2026-02-03T00:05:10.280741,Zieglergasse U,16,349061
2026-02-03T00:05:10.280741,Zieglergasse U,16,349034
2026-02-03T00:05:10.280741,Zieglergasse U,16,349011
2026-02-03T00:05:10.280741,Zieglergasse U,16,348952
2026-02-03T00:05:10.280741,Zieglergasse U,16,348880
2026-02-03T00:05:10.280741,Zieglergasse U,16,348866
2026-02-03T00:05:10.280741,Zieglergasse U,16,349162
2026-02-03T00:05:10.280741,Oskar-Morgenstern-Platz,40,345442
2026-02-03T00:05:10.280741,Oskar-Morgenstern-Platz,40,345393
2026-02-03T00:05:10.280741,Oskar-Morgenstern-Platz,40,345336
2026-02-03T00:05:10.280741,Oskar-Morgenstern-Platz,40,345148
2026-02-03T00:05:10.280741,Oskar-Morgenstern-Platz,40,345121
2026-02-03T00:05:10.280741,Oskar-Morgenstern-Platz,40,345119
2026-02-03T00:05:10.280741,Oskar-Morgenstern-Platz,40,345003
2026-02-03T00:05:10.280741,Oskar-Morgenstern-Platz,40,345988
2026-02-03T00:05:10.280741,Oskar-Morgenstern-Platz,40,345678
2026-02-03T00:05:10.280741,Oskar-Morgenstern-Platz,40,345666
2026-02-03T00:05:10.280741,Oskar-Morgenstern-Platz,40,345596
2026-02-03T00:05:10.280741,Oskar-Morgenstern-Platz,40,346183
2026-02-03T00:05:10.280741,Oskar-Morgenstern-Platz,40,346153
2026-02-03T00:05:10.280741,Oskar-Morgenstern-Platz,40,346117
2026-02-03T00:05:10.280741,Oskar-Morgenstern-Platz,40,346971
2026-02-03T00:05:10.280741,Oskar-Morgenstern-Platz,40,346869
2026-02-03T00:05:10.280741,Oskar-Morgenstern-Platz,40,346859
2026-02-03T00:05:10.280741,Oskar-Morgenstern-Platz,40,346795
2026-02-03T00:05:10.280741,Oskar-Morgenstern-Platz,40,346752
2026-02-03T00:05:10.280741,Oskar-Morgenstern-Platz,40,346670
2026-02-03T00:05:10.280741,Oskar-Morgenstern-Platz,40,346668
2026-02-03T00:05:10.280741,Oskar-Morgenstern-Platz,40,346590
2026-02-03T00:05:10.280741,Oskar-Morgenstern-Platz,40,346517
2026-02-03T00:05:10.280741,Oskar-Morgenstern-Platz,40,347375
2026-02-03T00:05:10.280741,Oskar-Morgenstern-Platz,40,347316
2026-02-03T00:05:10.280741,Oskar-Morgenstern-Platz,40,347174
2026-02-03T00:05:10.280741,Oskar-Morgenstern-Platz,40,347147
2026-02-03T00:05:10.280741,Oskar-Morgenstern-Platz,40,347031
2026-02-03T00:05:10.280741,Oskar-Morgenstern-Platz,40,347779
2026-02-03T00:05:10.280741,Oskar-Morgenstern-Platz,40,347686
2026-02-03T00:05:10.280741,Oskar-Morgenstern-Platz,40,347626
2026-02-03T00:05:10.280741,Oskar-Morgenstern-Platz,40,347526
2026-02-03T00:05:10.280741,Oskar-Morgenstern-Platz,40,347512
2026-02-03T00:05:10.280741,Oskar-Morgenstern-Platz,40,348491
2026-02-03T00:05:10.280741,Oskar-Morgenstern-Platz,40,348261
2026-02-03T00:05:10.280741,Oskar-Morgenstern-Platz,40,348186
2026-02-03T00:05:10.280741,Oskar-Morgenstern-Platz,40,348137
2026-02-03T00:05:10.280741,Oskar-Morgenstern-Platz,40,348710
2026-02-03T00:05:10.280741,Oskar-Morgenstern-Platz,40,348576
2026-02-03T00:05:10.280741,Oskar-Morgenstern-Platz,40,348537
2026-02-03T00:05:10.280741,Frankhplatz,8,345482
2026-02-03T00:05:10.280741,Frankhplatz,8,345983
2026-02-03T00:05:10.280741,Frankhplatz,8,345656
2026-02-03T00:05:10.280741,Frankhplatz,8,346652
2026-02-03T00:05:10.280741,Frankhplatz,8,347320
2026-02-03T00:05:10.280741,Frankhplatz,8,347080
2026-02-03T00:05:10.280741,Frankhplatz,8,347070
2026-02-03T00:05:10.280741,Frankhplatz,8,348323
2026-02-03T00:05:10.280741,Friedensbrücke U,18,345342
2026-02-03T00:05:10.280741,Friedensbrücke U,18,345291
2026-02-03T00:05:10.280741,Friedensbrücke U,18,345037
2026-02-03T00:05:10.280741,Friedensbrücke U,18,345895
2026-02-03T00:05:10.280741,Friedensbrücke U,18,345790
2026-02-03T00:05:10.280741,Friedensbrücke U,18,345721
2026-02-03T00:05:10.280741,Friedensbrücke U,18,346294
2026-02-03T00:05:10.280741,Friedensbrücke U,18,346265
2026-02-03T00:05:10.280741,Friedensbrücke U,18,346896
2026-02-03T00:05:10.280741,Friedensbrücke U,18,346857
2026-02-03T00:05:10.280741,Friedensbrücke U,18,347475
2026-02-03T00:05:10.280741,Friedensbrücke U,18,347362
2026-02-03T00:05:10.280741,Friedensbrücke U,18,347180
2026-02-03T00:05:10.280741,Friedensbrücke U,18,347953
2026-02-03T00:05:10.280741,Friedensbrücke U,18,347583
2026-02-03T00:05:10.280741,Friedensbrücke U,18,348443
2026-02-03T00:05:10.280741,Friedensbrücke U,18,348582
2026-02-03T00:05:10.280741,Friedensbrücke U,18,349182
2026-02-03T00:05:10.280741,Spittelau S U,12,345855
2026-02-03T00:05:10.280741,Spittelau S U,12,345819
2026-02-03T00:05:10.280741,Spittelau S U,12,345641
2026-02-03T00:05:10.280741,Spittelau S U,12,346465
2026-02-03T00:05:10.280741,Spittelau S U,12,346454
2026-02-03T00:05:10.280741,Spittelau S U,12,346190
2026-02-03T00:05:10.280741,Spittelau S U,12,346832
2026-02-03T00:05:10.280741,Spittelau S U,12,347246
2026-02-03T00:05:10.280741,Spittelau S U,12,348482
2026-02-03T00:05:10.280741,Spittelau S U,12,348309
2026-02-03T00:05:10.280741,Spittelau S U,12,348565
2026-02-03T00:05:10.280741,Spittelau S U,12,348948
2026-02-03T00:05:10.280741,Absbergbrücke ,14,345270
2026-02-03T00:05:10.280741,Absbergbrücke ,14,345222
2026-02-03T00:05:10.280741,Absbergbrücke ,14,345076
2026-02-03T00:05:10.280741,Absbergbrücke ,14,345967
2026-02-03T00:05:10.280741,Absbergbrücke ,14,346270
2026-02-03T00:05:10.280741,Absbergbrücke ,14,346945
2026-02-03T00:05:10.280741,Absbergbrücke ,14,346904
2026-02-03T00:05:10.280741,Absbergbrücke ,14,347094
2026-02-03T00:05:10.280741,Absbergbrücke ,14,347793
2026-02-03T00:05:10.280741,Absbergbrücke ,14,348118
2026-02-03T00:05:10.280741,Absbergbrücke ,14,348558
2026-02-03T00:05:10.280741,Absbergbrücke ,14,348521
2026-02-03T00:05:10.280741,Absbergbrücke ,14,349018
2026-02-03T00:05:10.280741,Absbergbrücke ,14,348886
2026-02-03T00:05:10.280741,Altes Landgut U,22,345427
2026-02-03T00:05:10.280741,Altes Landgut U,22,345426
2026-02-03T00:05:10.280741,Altes Landgut U,22,345916
2026-02-03T00:05:10.280741,Altes Landgut U,22,345749
2026-02-03T00:05:10.280741,Altes Landgut U,22,345639
2026-02-03T00:05:10.280741,Altes Landgut U,22,346467
2026-02-03T00:05:10.280741,Altes Landgut U,22,346464
2026-02-03T00:05:10.280741,Altes Landgut U,22,346185
2026-02-03T00:05:10.280741,Altes Landgut U,22,346993
2026-02-03T00:05:10.280741,Altes Landgut U,22,346954
2026-02-03T00:05:10.280741,Altes Landgut U,22,346522
2026-02-03T00:05:10.280741,Altes Landgut U,22,347383
2026-02-03T00:05:10.280741,Altes Landgut U,22,347156
2026-02-03T00:05:10.280741,Altes Landgut U,22,347946
2026-02-03T00:05:10.280741,Altes Landgut U,22,347931
2026-02-03T00:05:10.280741,Altes Landgut U,22,347895
2026-02-03T00:05:10.280741,Altes Landgut U,22,347643
2026-02-03T00:05:10.280741,Altes Landgut U,22,347555
2026-02-03T00:05:10.280741,Altes Landgut U,22,348221
2026-02-03T00:05:10.280741,Altes Landgut U,22,348209
2026-02-03T00:05:10.280741,Altes Landgut U,22,348150
2026-02-03T00:05:10.280741,Altes Landgut U,22,348070
2026-02-03T00:05:10.280741,Bloch-Bauer-Promenade,11,345061
2026-02-03T00:05:10.280741,Bloch-Bauer-Promenade,11,345832
2026-02-03T00:05:10.280741,Bloch-Bauer-Promenade,11,346212
2026-02-03T00:05:10.280741,Bloch-Bauer-Promenade,11,347185
2026-02-03T00:05:10.280741,Bloch-Bauer-Promenade,11,347647
2026-02-03T00:05:10.280741,Bloch-Bauer-Promenade,11,348251
2026-02-03T00:05:10.280741,Bloch-Bauer-Promenade,11,348033
2026-02-03T00:05:10.280741,Bloch-Bauer-Promenade,11,349098
2026-02-03T00:05:10.280741,Bloch-Bauer-Promenade,11,349047
2026-02-03T00:05:10.280741,Bloch-Bauer-Promenade,11,348900
2026-02-03T00:05:10.280741,Bloch-Bauer-Promenade,11,348867
2026-02-03T00:05:10.280741,Hauptbahnhof S U ,47,347071
2026-02-03T00:05:10.280741,Hauptbahnhof S U ,47,349107
2026-02-03T00:05:10.280741,Hauptbahnhof S U ,47,349103
2026-02-03T00:05:10.280741,Hauptbahnhof S U ,47,349099
2026-02-03T00:05:10.280741,Hauptbahnhof S U ,47,349092
2026-02-03T00:05:10.280741,Hauptbahnhof S U ,47,349082
2026-02-03T00:05:10.280741,Hauptbahnhof S U ,47,349074
2026-02-03T00:05:10.280741,Hauptbahnhof S U ,47,349042
2026-02-03T00:05:10.280741,Hauptbahnhof S U ,47,349038
2026-02-03T00:05:10.280741,Hauptbahnhof S U ,47,349029
2026-02-03T00:05:10.280741,Hauptbahnhof S U ,47,349020
2026-02-03T00:05:10.280741,Hauptbahnhof S U ,47,349019
2026-02-03T00:05:10.280741,Hauptbahnhof S U ,47,349003
2026-02-03T00:05:10.280741,Hauptbahnhof S U ,47,349001
2026-02-03T00:05:10.280741,Hauptbahnhof S U ,47,348996
2026-02-03T00:05:10.280741,Hauptbahnhof S U ,47,348992
2026-02-03T00:05:10.280741,Hauptbahnhof S U ,47,348980
2026-02-03T00:05:10.280741,Hauptbahnhof S U ,47,348963
2026-02-03T00:05:10.280741,Hauptbahnhof S U ,47,348955
2026-02-03T00:05:10.280741,Hauptbahnhof S U ,47,348951
2026-02-03T00:05:10.280741,Hauptbahnhof S U ,47,348946
2026-02-03T00:05:10.280741,Hauptbahnhof S U ,47,348937
2026-02-03T00:05:10.280741,Hauptbahnhof S U ,47,348936
2026-02-03T00:05:10.280741,Hauptbahnhof S U ,47,348926
2026-02-03T00:05:10.280741,Hauptbahnhof S U ,47,348922
2026-02-03T00:05:10.280741,Hauptbahnhof S U ,47,348917
2026-02-03T00:05:10.280741,Hauptbahnhof S U ,47,348912
2026-02-03T00:05:10.280741,Hauptbahnhof S U ,47,348893
2026-02-03T00:05:10.280741,Hauptbahnhof S U ,47,348876
2026-02-03T00:05:10.280741,Hauptbahnhof S U ,47,348868
2026-02-03T00:05:10.280741,Hauptbahnhof S U ,47,348864
2026-02-03T00:05:10.280741,Hauptbahnhof S U ,47,348863
2026-02-03T00:05:10.280741,Hauptbahnhof S U ,47,348825
2026-02-03T00:05:10.280741,Hauptbahnhof S U ,47,348813
2026-02-03T00:05:10.280741,Hauptbahnhof S U ,47,349196
2026-02-03T00:05:10.280741,Hauptbahnhof S U ,47,349192
2026-02-03T00:05:10.280741,Hauptbahnhof S U ,47,349186
2026-02-03T00:05:10.280741,Hauptbahnhof S U ,47,349165
2026-02-03T00:05:10.280741,Hauptbahnhof S U ,47,349160
2026-02-03T00:05:10.280741,Hauptbahnhof S U ,47,349159
2026-02-03T00:05:10.280741,Hauptbahnhof S U ,47,349153
2026-02-03T00:05:10.280741,Hauptbahnhof S U ,47,349145
2026-02-03T00:05:10.280741,Hauptbahnhof S U ,47,349135
2026-02-03T00:05:10.280741,Hauptbahnhof S U ,47,349129
2026-02-03T00:05:10.280741,Hauptbahnhof S U ,47,349124
2026-02-03T00:05:10.280741,Hauptbahnhof S U ,47,349122
2026-02-03T00:05:10.280741,Hauptbahnhof S U ,47,349121
2026-02-03T00:05:10.280741,Keplerplatz U,16,345147
2026-02-03T00:05:10.280741,Keplerplatz U,16,345036
2026-02-03T00:05:10.280741,Keplerplatz U,16,345976
2026-02-03T00:05:10.280741,Keplerplatz U,16,346241
2026-02-03T00:05:10.280741,Keplerplatz U,16,346131
2026-02-03T00:05:10.280741,Keplerplatz U,16,347343
2026-02-03T00:05:10.280741,Keplerplatz U,16,347304
2026-02-03T00:05:10.280741,Keplerplatz U,16,347913
2026-02-03T00:05:10.280741,Keplerplatz U,16,348232
2026-02-03T00:05:10.280741,Keplerplatz U,16,348132
2026-02-03T00:05:10.280741,Keplerplatz U,16,348081
2026-02-03T00:05:10.280741,Keplerplatz U,16,348702
2026-02-03T00:05:10.280741,Keplerplatz U,16,348592
2026-02-03T00:05:10.280741,Keplerplatz U,16,398821
2026-02-03T00:05:10.280741,Keplerplatz U,16,398809
2026-02-03T00:05:10.280741,Keplerplatz U,16,348890
2026-02-03T00:05:10.280741,Puchsbaumgasse,8,345691
2026-02-03T00:05:10.280741,Puchsbaumgasse,8,345518
2026-02-03T00:05:10.280741,Puchsbaumgasse,8,346289
2026-02-03T00:05:10.280741,Puchsbaumgasse,8,348355
2026-02-03T00:05:10.280741,Puchsbaumgasse,8,349095
2026-02-03T00:05:10.280741,Puchsbaumgasse,8,348910
2026-02-03T00:05:10.280741,Puchsbaumgasse,8,348824
2026-02-03T00:05:10.280741,Puchsbaumgasse,8,349130
2026-02-03T00:05:10.280741,Enkplatz U,12,345175
2026-02-03T00:05:10.280741,Enkplatz U,12,345676
2026-02-03T00:05:10.280741,Enkplatz U,12,345524
2026-02-03T00:05:10.280741,Enkplatz U,12,346233
2026-02-03T00:05:10.280741,Enkplatz U,12,346002
2026-02-03T00:05:10.280741,Enkplatz U,12,346978
2026-02-03T00:05:10.280741,Enkplatz U,12,346929
2026-02-03T00:05:10.280741,Enkplatz U,12,347672
2026-02-03T00:05:10.280741,Enkplatz U,12,347519
2026-02-03T00:05:10.280741,Enkplatz U,12,348395
2026-02-03T00:05:10.280741,Enkplatz U,12,348653
2026-02-03T00:05:10.280741,Enkplatz U,12,348594
2026-02-03T00:05:10.280741,Gasometer U,15,345370
2026-02-03T00:05:10.280741,Gasometer U,15,345183
2026-02-03T00:05:10.280741,Gasometer U,15,346447
2026-02-03T00:05:10.280741,Gasometer U,15,346177
2026-02-03T00:05:10.280741,Gasometer U,15,346056
2026-02-03T00:05:10.280741,Gasometer U,15,346017
2026-02-03T00:05:10.280741,Gasometer U,15,346700
2026-02-03T00:05:10.280741,Gasometer U,15,346516
2026-02-03T00:05:10.280741,Gasometer U,15,347188
2026-02-03T00:05:10.280741,Gasometer U,15,347072
2026-02-03T00:05:10.280741,Gasometer U,15,347668
2026-02-03T00:05:10.280741,Gasometer U,15,348487
2026-02-03T00:05:10.280741,Gasometer U,15,348153
2026-02-03T00:05:10.280741,Gasometer U,15,349017
2026-02-03T00:05:10.280741,Gasometer U,15,348806
2026-02-03T00:05:10.280741,Geiselbergstraße S,4,346164
2026-02-03T00:05:10.280741,Geiselbergstraße S,4,346573
2026-02-03T00:05:10.280741,Geiselbergstraße S,4,347148
2026-02-03T00:05:10.280741,Geiselbergstraße S,4,347095
2026-02-03T00:05:10.280741,Simmering S U,13,346394
2026-02-03T00:05:10.280741,Simmering S U,13,346148
2026-02-03T00:05:10.280741,Simmering S U,13,346588
2026-02-03T00:05:10.280741,Simmering S U,13,347339
2026-02-03T00:05:10.280741,Simmering S U,13,347142
2026-02-03T00:05:10.280741,Simmering S U,13,347040
2026-02-03T00:05:10.280741,Simmering S U,13,347996
2026-02-03T00:05:10.280741,Simmering S U,13,348400
2026-02-03T00:05:10.280741,Simmering S U,13,348656
2026-02-03T00:05:10.280741,Simmering S U,13,348601
2026-02-03T00:05:10.280741,Simmering S U,13,348570
2026-02-03T00:05:10.280741,Simmering S U,13,348535
2026-02-03T00:05:10.280741,Simmering S U,13,349067
2026-02-03T00:05:10.280741,Niederhofstraße U,17,345414
2026-02-03T00:05:10.280741,Niederhofstraße U,17,345287
2026-02-03T00:05:10.280741,Niederhofstraße U,17,345256
2026-02-03T00:05:10.280741,Niederhofstraße U,17,345818
2026-02-03T00:05:10.280741,Niederhofstraße U,17,346290
2026-02-03T00:05:10.280741,Niederhofstraße U,17,346985
2026-02-03T00:05:10.280741,Niederhofstraße U,17,346888
2026-02-03T00:05:10.280741,Niederhofstraße U,17,346638
2026-02-03T00:05:10.280741,Niederhofstraße U,17,347357
2026-02-03T00:05:10.280741,Niederhofstraße U,17,347275
2026-02-03T00:05:10.280741,Niederhofstraße U,17,347862
2026-02-03T00:05:10.280741,Niederhofstraße U,17,347563
2026-02-03T00:05:10.280741,Niederhofstraße U,17,348495
2026-02-03T00:05:10.280741,Niederhofstraße U,17,348589
2026-02-03T00:05:10.280741,Niederhofstraße U,17,398720
2026-02-03T00:05:10.280741,Niederhofstraße U,17,348933
2026-02-03T00:05:10.280741,Niederhofstraße U,17,349133
2026-02-03T00:05:10.280741,Hietzing U,10,345742
2026-02-03T00:05:10.280741,Hietzing U,10,346314
2026-02-03T00:05:10.280741,Hietzing U,10,346983
2026-02-03T00:05:10.280741,Hietzing U,10,347017
2026-02-03T00:05:10.280741,Hietzing U,10,347962
2026-02-03T00:05:10.280741,Hietzing U,10,347888
2026-02-03T00:05:10.280741,Hietzing U,10,347825
2026-02-03T00:05:10.280741,Hietzing U,10,347533
2026-02-03T00:05:10.280741,Hietzing U,10,348566
2026-02-03T00:05:10.280741,Hietzing U,10,348563
2026-02-03T00:05:10.280741,Westbahnhof S U,30,345346
2026-02-03T00:05:10.280741,Westbahnhof S U,30,345243
2026-02-03T00:05:10.280741,Westbahnhof S U,30,345159
2026-02-03T00:05:10.280741,Westbahnhof S U,30,345082
2026-02-03T00:05:10.280741,Westbahnhof S U,30,345692
2026-02-03T00:05:10.280741,Westbahnhof S U,30,345630
2026-02-03T00:05:10.280741,Westbahnhof S U,30,346453
2026-02-03T00:05:10.280741,Westbahnhof S U,30,346432
2026-02-03T00:05:10.280741,Westbahnhof S U,30,346348
2026-02-03T00:05:10.280741,Westbahnhof S U,30,346278
2026-02-03T00:05:10.280741,Westbahnhof S U,30,346201
2026-02-03T00:05:10.280741,Westbahnhof S U,30,346042
2026-02-03T00:05:10.280741,Westbahnhof S U,30,346604
2026-02-03T00:05:10.280741,Westbahnhof S U,30,346566
2026-02-03T00:05:10.280741,Westbahnhof S U,30,346535
2026-02-03T00:05:10.280741,Westbahnhof S U,30,347276
2026-02-03T00:05:10.280741,Westbahnhof S U,30,347237
2026-02-03T00:05:10.280741,Westbahnhof S U,30,347171
2026-02-03T00:05:10.280741,Westbahnhof S U,30,347113
2026-02-03T00:05:10.280741,Westbahnhof S U,30,347688
2026-02-03T00:05:10.280741,Westbahnhof S U,30,347607
2026-02-03T00:05:10.280741,Westbahnhof S U,30,347522
2026-02-03T00:05:10.280741,Westbahnhof S U,30,348439
2026-02-03T00:05:10.280741,Westbahnhof S U,30,348409
2026-02-03T00:05:10.280741,Westbahnhof S U,30,348384
2026-02-03T00:05:10.280741,Westbahnhof S U,30,348189
2026-02-03T00:05:10.280741,Westbahnhof S U,30,348134
2026-02-03T00:05:10.280741,Westbahnhof S U,30,398838
2026-02-03T00:05:10.280741,Westbahnhof S U,30,398812
2026-02-03T00:05:10.280741,Westbahnhof S U,30,398722
2026-02-03T00:05:10.280741,Richard-Wagner-Platz,17,345360
2026-02-03T00:05:10.280741,Richard-Wagner-Platz,17,345129
2026-02-03T00:05:10.280741,Richard-Wagner-Platz,17,345093
2026-02-03T00:05:10.280741,Richard-Wagner-Platz,17,345016
2026-02-03T00:05:10.280741,Richard-Wagner-Platz,17,345722
2026-02-03T00:05:10.280741,Richard-Wagner-Platz,17,346462
2026-02-03T00:05:10.280741,Richard-Wagner-Platz,17,346376
2026-02-03T00:05:10.280741,Richard-Wagner-Platz,17,346717
2026-02-03T00:05:10.280741,Richard-Wagner-Platz,17,346657
2026-02-03T00:05:10.280741,Richard-Wagner-Platz,17,346633
2026-02-03T00:05:10.280741,Richard-Wagner-Platz,17,346501
2026-02-03T00:05:10.280741,Richard-Wagner-Platz,17,347733
2026-02-03T00:05:10.280741,Richard-Wagner-Platz,17,348306
2026-02-03T00:05:10.280741,Richard-Wagner-Platz,17,348296
2026-02-03T00:05:10.280741,Richard-Wagner-Platz,17,348231
2026-02-03T00:05:10.280741,Richard-Wagner-Platz,17,348181
2026-02-03T00:05:10.280741,Richard-Wagner-Platz,17,348108
2026-02-03T00:05:10.280741,Alser Straße U,14,345582
2026-02-03T00:05:10.280741,Alser Straße U,14,345543
2026-02-03T00:05:10.280741,Alser Straße U,14,346181
2026-02-03T00:05:10.280741,Alser Straße U,14,346044
2026-02-03T00:05:10.280741,Alser Straße U,14,346903
2026-02-03T00:05:10.280741,Alser Straße U,14,347469
2026-02-03T00:05:10.280741,Alser Straße U,14,347186
2026-02-03T00:05:10.280741,Alser Straße U,14,347129
2026-02-03T00:05:10.280741,Alser Straße U,14,347600
2026-02-03T00:05:10.280741,Alser Straße U,14,348496
2026-02-03T00:05:10.280741,Alser Straße U,14,348453
2026-02-03T00:05:10.280741,Alser Straße U,14,348076
2026-02-03T00:05:10.280741,Alser Straße U,14,348690
2026-02-03T00:05:10.280741,Alser Straße U,14,348516
2026-02-03T00:05:10.280741,Währinger Straße U,20,345462
2026-02-03T00:05:10.280741,Währinger Straße U,20,345422
2026-02-03T00:05:10.280741,Währinger Straße U,20,345326
2026-02-03T00:05:10.280741,Währinger Straße U,20,345208
2026-02-03T00:05:10.280741,Währinger Straße U,20,345574
2026-02-03T00:05:10.280741,Währinger Straße U,20,346481
2026-02-03T00:05:10.280741,Währinger Straße U,20,346379
2026-02-03T00:05:10.280741,Währinger Straße U,20,346200
2026-02-03T00:05:10.280741,Währinger Straße U,20,346193
2026-02-03T00:05:10.280741,Währinger Straße U,20,346137
2026-02-03T00:05:10.280741,Währinger Straße U,20,346081
2026-02-03T00:05:10.280741,Währinger Straße U,20,346003
2026-02-03T00:05:10.280741,Währinger Straße U,20,347400
2026-02-03T00:05:10.280741,Währinger Straße U,20,347152
2026-02-03T00:05:10.280741,Währinger Straße U,20,347144
2026-02-03T00:05:10.280741,Währinger Straße U,20,347705
2026-02-03T00:05:10.280741,Währinger Straße U,20,347544
2026-02-03T00:05:10.280741,Währinger Straße U,20,348436
2026-02-03T00:05:10.280741,Währinger Straße U,20,348090
2026-02-03T00:05:10.280741,Währinger Straße U,20,348687
2026-02-03T00:05:10.280741,Hardtgasse,14,345488
2026-02-03T00:05:10.280741,Hardtgasse,14,345868
2026-02-03T00:05:10.280741,Hardtgasse,14,345724
2026-02-03T00:05:10.280741,Hardtgasse,14,345534
2026-02-03T00:05:10.280741,Hardtgasse,14,346381
2026-02-03T00:05:10.280741,Hardtgasse,14,346370
2026-02-03T00:05:10.280741,Hardtgasse,14,346182
2026-02-03T00:05:10.280741,Hardtgasse,14,346763
2026-02-03T00:05:10.280741,Hardtgasse,14,346678
2026-02-03T00:05:10.280741,Hardtgasse,14,346584
2026-02-03T00:05:10.280741,Hardtgasse,14,347497
2026-02-03T00:05:10.280741,Hardtgasse,14,347216
2026-02-03T00:05:10.280741,Hardtgasse,14,347892
2026-02-03T00:05:10.280741,Hardtgasse,14,347577
2026-02-03T00:05:10.280741,Handelskai S U,7,346310
2026-02-03T00:05:10.280741,Handelskai S U,7,346227
2026-02-03T00:05:10.280741,Handelskai S U,7,347287
2026-02-03T00:05:10.280741,Handelskai S U,7,347195
2026-02-03T00:05:10.280741,Handelskai S U,7,347598
2026-02-03T00:05:10.280741,Handelskai S U,7,347545
2026-02-03T00:05:10.280741,Handelskai S U,7,348312
2026-02-03T00:05:10.280741,Wallensteinplatz,11,345460
2026-02-03T00:05:10.280741,Wallensteinplatz,11,345308
2026-02-03T00:05:10.280741,Wallensteinplatz,11,345294
2026-02-03T00:05:10.280741,Wallensteinplatz,11,345155
2026-02-03T00:05:10.280741,Wallensteinplatz,11,345127
2026-02-03T00:05:10.280741,Wallensteinplatz,11,345748
2026-02-03T00:05:10.280741,Wallensteinplatz,11,346449
2026-02-03T00:05:10.280741,Wallensteinplatz,11,346166
2026-02-03T00:05:10.280741,Wallensteinplatz,11,347064
2026-02-03T00:05:10.280741,Wallensteinplatz,11,348553
2026-02-03T00:05:10.280741,Wallensteinplatz,11,398804
2026-02-03T00:05:10.280741,Brünner Straße S,10,345539
2026-02-03T00:05:10.280741,Brünner Straße S,10,346495
2026-02-03T00:05:10.280741,Brünner Straße S,10,346828
2026-02-03T00:05:10.280741,Brünner Straße S,10,347986
2026-02-03T00:05:10.280741,Brünner Straße S,10,347894
2026-02-03T00:05:10.280741,Brünner Straße S,10,347837
2026-02-03T00:05:10.280741,Brünner Straße S,10,348226
2026-02-03T00:05:10.280741,Brünner Straße S,10,348660
2026-02-03T00:05:10.280741,Brünner Straße S,10,398832
2026-02-03T00:05:10.280741,Brünner Straße S,10,398870
2026-02-03T00:05:10.280741,Floridsdorf S U,12,345385
2026-02-03T00:05:10.280741,Floridsdorf S U,12,345644
2026-02-03T00:05:10.280741,Floridsdorf S U,12,345577
2026-02-03T00:05:10.280741,Floridsdorf S U,12,346323
2026-02-03T00:05:10.280741,Floridsdorf S U,12,346262
2026-02-03T00:05:10.280741,Floridsdorf S U,12,347959
2026-02-03T00:05:10.280741,Floridsdorf S U,12,347721
2026-02-03T00:05:10.280741,Floridsdorf S U,12,348314
2026-02-03T00:05:10.280741,Floridsdorf S U,12,348607
2026-02-03T00:05:10.280741,Floridsdorf S U,12,348586
2026-02-03T00:05:10.280741,Floridsdorf S U,12,348578
2026-02-03T00:05:10.280741,Floridsdorf S U,12,348529
2026-02-03T00:05:10.280741,Großfeldsiedlung U,2,347437
2026-02-03T00:05:10.280741,Großfeldsiedlung U,2,348371
2026-02-03T00:05:10.280741,Siemensstraße S,8,345487
2026-02-03T00:05:10.280741,Siemensstraße S,8,345288
2026-02-03T00:05:10.280741,Siemensstraße S,8,346296
2026-02-03T00:05:10.280741,Siemensstraße S,8,346172
2026-02-03T00:05:10.280741,Siemensstraße S,8,346690
2026-02-03T00:05:10.280741,Siemensstraße S,8,346649
2026-02-03T00:05:10.280741,Siemensstraße S,8,347816
2026-02-03T00:05:10.280741,Siemensstraße S,8,348026
2026-02-03T00:05:10.280741,Aspernstraße U,6,345019
2026-02-03T00:05:10.280741,Aspernstraße U,6,346545
2026-02-03T00:05:10.280741,Aspernstraße U,6,347463
2026-02-03T00:05:10.280741,Aspernstraße U,6,347939
2026-02-03T00:05:10.280741,Aspernstraße U,6,348259
2026-02-03T00:05:10.280741,Aspernstraße U,6,348985
2026-02-03T00:05:10.280741,Donauspital U,9,345770
2026-02-03T00:05:10.280741,Donauspital U,9,346195
2026-02-03T00:05:10.280741,Donauspital U,9,346946
2026-02-03T00:05:10.280741,Donauspital U,9,346656
2026-02-03T00:05:10.280741,Donauspital U,9,346531
2026-02-03T00:05:10.280741,Donauspital U,9,347751
2026-02-03T00:05:10.280741,Donauspital U,9,348404
2026-02-03T00:05:10.280741,Donauspital U,9,348097
2026-02-03T00:05:10.280741,Donauspital U,9,348904
2026-02-03T00:05:10.280741,Erzherzog-Karl-Straße S,7,345247
2026-02-03T00:05:10.280741,Erzherzog-Karl-Straße S,7,346199
2026-02-03T00:05:10.280741,Erzherzog-Karl-Straße S,7,346791
2026-02-03T00:05:10.280741,Erzherzog-Karl-Straße S,7,347350
2026-02-03T00:05:10.280741,Erzherzog-Karl-Straße S,7,347274
2026-02-03T00:05:10.280741,Erzherzog-Karl-Straße S,7,347521
2026-02-03T00:05:10.280741,Erzherzog-Karl-Straße S,7,398733
2026-02-03T00:05:10.280741,Hausfeldstraße S U,14,346352
2026-02-03T00:05:10.280741,Hausfeldstraße S U,14,346351
2026-02-03T00:05:10.280741,Hausfeldstraße S U,14,346023
2026-02-03T00:05:10.280741,Hausfeldstraße S U,14,346685
2026-02-03T00:05:10.280741,Hausfeldstraße S U,14,347465
2026-02-03T00:05:10.280741,Hausfeldstraße S U,14,347418
2026-02-03T00:05:10.280741,Hausfeldstraße S U,14,347182
2026-02-03T00:05:10.280741,Hausfeldstraße S U,14,347905
2026-02-03T00:05:10.280741,Hausfeldstraße S U,14,347575
2026-02-03T00:05:10.280741,Hausfeldstraße S U,14,348372
2026-02-03T00:05:10.280741,Hausfeldstraße S U,14,348161
2026-02-03T00:05:10.280741,Hausfeldstraße S U,14,348037
2026-02-03T00:05:10.280741,Hausfeldstraße S U,14,348554
2026-02-03T00:05:10.280741,Hausfeldstraße S U,14,398830
2026-02-03T00:05:10.280741,Kagran U,13,346367
2026-02-03T00:05:10.280741,Kagran U,13,346059
2026-02-03T00:05:10.280741,Kagran U,13,346886
2026-02-03T00:05:10.280741,Kagran U,13,347637
2026-02-03T00:05:10.280741,Kagran U,13,348401
2026-02-03T00:05:10.280741,Kagran U,13,348393
2026-02-03T00:05:10.280741,Kagran U,13,348175
2026-02-03T00:05:10.280741,Kagran U,13,348706
2026-02-03T00:05:10.280741,Kagran U,13,348671
2026-02-03T00:05:10.280741,Kagran U,13,348638
2026-02-03T00:05:10.280741,Kagran U,13,348611
2026-02-03T00:05:10.280741,Kagran U,13,398761
2026-02-03T00:05:10.280741,Kagran U,13,348962
2026-02-03T00:05:10.280741,Maria-Tusch-Straße,17,345387
2026-02-03T00:05:10.280741,Maria-Tusch-Straße,17,345146
2026-02-03T00:05:10.280741,Maria-Tusch-Straße,17,345919
2026-02-03T00:05:10.280741,Maria-Tusch-Straße,17,345591
2026-02-03T00:05:10.280741,Maria-Tusch-Straße,17,345568
2026-02-03T00:05:10.280741,Maria-Tusch-Straße,17,346331
2026-02-03T00:05:10.280741,Maria-Tusch-Straße,17,346311
2026-02-03T00:05:10.280741,Maria-Tusch-Straße,17,346232
2026-02-03T00:05:10.280741,Maria-Tusch-Straße,17,346152
2026-02-03T00:05:10.280741,Maria-Tusch-Straße,17,346912
2026-02-03T00:05:10.280741,Maria-Tusch-Straße,17,346822
2026-02-03T00:05:10.280741,Maria-Tusch-Straße,17,346699
2026-02-03T00:05:10.280741,Maria-Tusch-Straße,17,347161
2026-02-03T00:05:10.280741,Maria-Tusch-Straße,17,347623
2026-02-03T00:05:10.280741,Maria-Tusch-Straße,17,348693
2026-02-03T00:05:10.280741,Maria-Tusch-Straße,17,348549
2026-02-03T00:05:10.280741,Maria-Tusch-Straße,17,349015
2026-02-03T00:05:10.280741,Rennbahnweg U,9,345902
2026-02-03T00:05:10.280741,Rennbahnweg U,9,345689
2026-02-03T00:05:10.280741,Rennbahnweg U,9,346459
2026-02-03T00:05:10.280741,Rennbahnweg U,9,346178
2026-02-03T00:05:10.280741,Rennbahnweg U,9,346868
2026-02-03T00:05:10.280741,Rennbahnweg U,9,346515
2026-02-03T00:05:10.280741,Rennbahnweg U,9,347038
2026-02-03T00:05:10.280741,Rennbahnweg U,9,348664
2026-02-03T00:05:10.280741,Rennbahnweg U,9,349200
2026-02-03T00:05:10.280741,Schüttauplatz,11,345157
2026-02-03T00:05:10.280741,Schüttauplatz,11,346054
2026-02-03T00:05:10.280741,Schüttauplatz,11,346798
2026-02-03T00:05:10.280741,Schüttauplatz,11,346730
2026-02-03T00:05:10.280741,Schüttauplatz,11,346559
2026-02-03T00:05:10.280741,Schüttauplatz,11,346503
2026-02-03T00:05:10.280741,Schüttauplatz,11,347130
2026-02-03T00:05:10.280741,Schüttauplatz,11,347636
2026-02-03T00:05:10.280741,Schüttauplatz,11,348447
2026-02-03T00:05:10.280741,Schüttauplatz,11,348063
2026-02-03T00:05:10.280741,Schüttauplatz,11,348610
2026-02-03T00:05:10.280741,Stadlau U,4,345602
2026-02-03T00:05:10.280741,Stadlau U,4,346004
2026-02-03T00:05:10.280741,Stadlau U,4,347641
2026-02-03T00:05:10.280741,Stadlau U,4,348675
2026-02-03T00:05:10.280741,VIC Kaisermühlen U,16,345375
2026-02-03T00:05:10.280741,VIC Kaisermühlen U,16,345950
2026-02-03T00:05:10.280741,VIC Kaisermühlen U,16,346919
2026-02-03T00:05:10.280741,VIC Kaisermühlen U,16,346789
2026-02-03T00:05:10.280741,VIC Kaisermühlen U,16,347078
2026-02-03T00:05:10.280741,VIC Kaisermühlen U,16,347039
2026-02-03T00:05:10.280741,VIC Kaisermühlen U,16,347009
2026-02-03T00:05:10.280741,VIC Kaisermühlen U,16,347627
2026-02-03T00:05:10.280741,VIC Kaisermühlen U,16,348219
2026-02-03T00:05:10.280741,VIC Kaisermühlen U,16,348048
2026-02-03T00:05:10.280741,VIC Kaisermühlen U,16,348520
2026-02-03T00:05:10.280741,VIC Kaisermühlen U,16,348519
2026-02-03T00:05:10.280741,VIC Kaisermühlen U,16,398840
2026-02-03T00:05:10.280741,VIC Kaisermühlen U,16,398742
2026-02-03T00:05:10.280741,VIC Kaisermühlen U,16,348949
2026-02-03T00:05:10.280741,VIC Kaisermühlen U,16,349125
2026-02-03T00:05:10.280741,Kagraner Platz U,6,345730
2026-02-03T00:05:10.280741,Kagraner Platz U,6,346100
2026-02-03T00:05:10.280741,Kagraner Platz U,6,346988
2026-02-03T00:05:10.280741,Kagraner Platz U,6,346528
2026-02-03T00:05:10.280741,Kagraner Platz U,6,347303
2026-02-03T00:05:10.280741,Kagraner Platz U,6,348818
2026-02-03T00:05:10.280741,Alterlaa U,21,345313
2026-02-03T00:05:10.280741,Alterlaa U,21,345166
2026-02-03T00:05:10.280741,Alterlaa U,21,345886
2026-02-03T00:05:10.280741,Alterlaa U,21,345500
2026-02-03T00:05:10.280741,Alterlaa U,21,346415
2026-02-03T00:05:10.280741,Alterlaa U,21,346163
2026-02-03T00:05:10.280741,Alterlaa U,21,346144
2026-02-03T00:05:10.280741,Alterlaa U,21,346032
2026-02-03T00:05:10.280741,Alterlaa U,21,346950
2026-02-03T00:05:10.280741,Alterlaa U,21,346905
2026-02-03T00:05:10.280741,Alterlaa U,21,346655
2026-02-03T00:05:10.280741,Alterlaa U,21,346629
2026-02-03T00:05:10.280741,Alterlaa U,21,346595
2026-02-03T00:05:10.280741,Alterlaa U,21,348295
2026-02-03T00:05:10.280741,Alterlaa U,21,348273
2026-02-03T00:05:10.280741,Alterlaa U,21,348265
2026-02-03T00:05:10.280741,Alterlaa U,21,348253
2026-02-03T00:05:10.280741,Alterlaa U,21,348250
2026-02-03T00:05:10.280741,Alterlaa U,21,348112
2026-02-03T00:05:10.280741,Alterlaa U,21,348597
2026-02-03T00:05:10.280741,Alterlaa U,21,398844
2026-02-03T00:05:10.280741,Bacherplatz,1,346511
2026-02-03T00:05:10.280741,Carl-Appel-Straße,7,345753
2026-02-03T00:05:10.280741,Carl-Appel-Straße,7,346519
2026-02-03T00:05:10.280741,Carl-Appel-Straße,7,347525
2026-02-03T00:05:10.280741,Carl-Appel-Straße,7,348087
2026-02-03T00:05:10.280741,Carl-Appel-Straße,7,348043
2026-02-03T00:05:10.280741,Carl-Appel-Straße,7,348617
2026-02-03T00:05:10.280741,Carl-Appel-Straße,7,348524
2026-02-03T00:05:10.280741,Otto-Probst-Platz,6,346808
2026-02-03T00:05:10.280741,Otto-Probst-Platz,6,347454
2026-02-03T00:05:10.280741,Otto-Probst-Platz,6,347013
2026-02-03T00:05:10.280741,Otto-Probst-Platz,6,348971
2026-02-03T00:05:10.280741,Otto-Probst-Platz,6,349150
2026-02-03T00:05:10.280741,Otto-Probst-Platz,6,398869
2026-02-03T00:05:10.280741,Alaudagasse U,10,345101
2026-02-03T00:05:10.280741,Alaudagasse U,10,345933
2026-02-03T00:05:10.280741,Alaudagasse U,10,345917
2026-02-03T00:05:10.280741,Alaudagasse U,10,346494
2026-02-03T00:05:10.280741,Alaudagasse U,10,346300
2026-02-03T00:05:10.280741,Alaudagasse U,10,346616
2026-02-03T00:05:10.280741,Alaudagasse U,10,348441
2026-02-03T00:05:10.280741,Alaudagasse U,10,348326
2026-02-03T00:05:10.280741,Alaudagasse U,10,348172
2026-02-03T00:05:10.280741,Alaudagasse U,10,349039
2026-02-03T00:05:10.280741,Svetelskystraße,2,349091
2026-02-03T00:05:10.280741,Svetelskystraße,2,349077
2026-02-03T00:05:10.280741,Weißenböckstraße,9,345796
2026-02-03T00:05:10.280741,Weißenböckstraße,9,346135
2026-02-03T00:05:10.280741,Weißenböckstraße,9,347422
2026-02-03T00:05:10.280741,Weißenböckstraße,9,347121
2026-02-03T00:05:10.280741,Weißenböckstraße,9,348086
2026-02-03T00:05:10.280741,Weißenböckstraße,9,398819
2026-02-03T00:05:10.280741,Weißenböckstraße,9,398764
2026-02-03T00:05:10.280741,Weißenböckstraße,9,398759
2026-02-03T00:05:10.280741,Weißenböckstraße,9,348915
2026-02-03T00:05:10.280741,Zentralfriedhof 2. Tor,9,346165
2026-02-03T00:05:10.280741,Zentralfriedhof 2. Tor,9,347473
2026-02-03T00:05:10.280741,Zentralfriedhof 2. Tor,9,347187
2026-02-03T00:05:10.280741,Zentralfriedhof 2. Tor,9,347077
2026-02-03T00:05:10.280741,Zentralfriedhof 2. Tor,9,347775
2026-02-03T00:05:10.280741,Zentralfriedhof 2. Tor,9,347596
2026-02-03T00:05:10.280741,Zentralfriedhof 2. Tor,9,348083
2026-02-03T00:05:10.280741,Zentralfriedhof 2. Tor,9,348075
2026-02-03T00:05:10.280741,Zentralfriedhof 2. Tor,9,349127
2026-02-03T00:05:10.280741,Simoningplatz,4,345570
2026-02-03T00:05:10.280741,Simoningplatz,4,346284
2026-02-03T00:05:10.280741,Simoningplatz,4,347676
2026-02-03T00:05:10.280741,Simoningplatz,4,348444
2026-02-03T00:05:10.280741,Etrichstraße,6,345182
2026-02-03T00:05:10.280741,Etrichstraße,6,345954
2026-02-03T00:05:10.280741,Etrichstraße,6,345780
2026-02-03T00:05:10.280741,Etrichstraße,6,346852
2026-02-03T00:05:10.280741,Etrichstraße,6,347105
2026-02-03T00:05:10.280741,Etrichstraße,6,349075
2026-02-03T00:05:10.280741,Zippererstraße U,1,349066
2026-02-03T00:05:10.280741,Hetzendorf S,14,345199
2026-02-03T00:05:10.280741,Hetzendorf S,14,345103
2026-02-03T00:05:10.280741,Hetzendorf S,14,345872
2026-02-03T00:05:10.280741,Hetzendorf S,14,346423
2026-02-03T00:05:10.280741,Hetzendorf S,14,346997
2026-02-03T00:05:10.280741,Hetzendorf S,14,346917
2026-02-03T00:05:10.280741,Hetzendorf S,14,346830
2026-02-03T00:05:10.280741,Hetzendorf S,14,346781
2026-02-03T00:05:10.280741,Hetzendorf S,14,347872
2026-02-03T00:05:10.280741,Hetzendorf S,14,347839
2026-02-03T00:05:10.280741,Hetzendorf S,14,348378
2026-02-03T00:05:10.280741,Hetzendorf S,14,348666
2026-02-03T00:05:10.280741,Hetzendorf S,14,348803
2026-02-03T00:05:10.280741,Hetzendorf S,14,349173
2026-02-03T00:05:10.280741,Gatterhölzl,2,346203
2026-02-03T00:05:10.280741,Gatterhölzl,2,348192
2026-02-03T00:05:10.280741,Speising S,11,345318
2026-02-03T00:05:10.280741,Speising S,11,345285
2026-02-03T00:05:10.280741,Speising S,11,345657
2026-02-03T00:05:10.280741,Speising S,11,346334
2026-02-03T00:05:10.280741,Speising S,11,346207
2026-02-03T00:05:10.280741,Speising S,11,346774
2026-02-03T00:05:10.280741,Speising S,11,347792
2026-02-03T00:05:10.280741,Speising S,11,347547
2026-02-03T00:05:10.280741,Speising S,11,348580
2026-02-03T00:05:10.280741,Speising S,11,348531
2026-02-03T00:05:10.280741,Speising S,11,398850
2026-02-03T00:05:10.280741,Hasnerstraße / Hofferplatz,5,346279
2026-02-03T00:05:10.280741,Hasnerstraße / Hofferplatz,5,346875
2026-02-03T00:05:10.280741,Hasnerstraße / Hofferplatz,5,347202
2026-02-03T00:05:10.280741,Hasnerstraße / Hofferplatz,5,347568
2026-02-03T00:05:10.280741,Hasnerstraße / Hofferplatz,5,348229
2026-02-03T00:05:10.280741,Nietzscheplatz,10,345054
2026-02-03T00:05:10.280741,Nietzscheplatz,10,345715
2026-02-03T00:05:10.280741,Nietzscheplatz,10,345670
2026-02-03T00:05:10.280741,Nietzscheplatz,10,345603
2026-02-03T00:05:10.280741,Nietzscheplatz,10,346414
2026-02-03T00:05:10.280741,Nietzscheplatz,10,346086
2026-02-03T00:05:10.280741,Nietzscheplatz,10,346034
2026-02-03T00:05:10.280741,Nietzscheplatz,10,346907
2026-02-03T00:05:10.280741,Nietzscheplatz,10,348612
2026-02-03T00:05:10.280741,Nietzscheplatz,10,348567
2026-02-03T00:05:10.280741,Wattgasse,16,345483
2026-02-03T00:05:10.280741,Wattgasse,16,345679
2026-02-03T00:05:10.280741,Wattgasse,16,346412
2026-02-03T00:05:10.280741,Wattgasse,16,346217
2026-02-03T00:05:10.280741,Wattgasse,16,346173
2026-02-03T00:05:10.280741,Wattgasse,16,346121
2026-02-03T00:05:10.280741,Wattgasse,16,346976
2026-02-03T00:05:10.280741,Wattgasse,16,347198
2026-02-03T00:05:10.280741,Wattgasse,16,347991
2026-02-03T00:05:10.280741,Wattgasse,16,347737
2026-02-03T00:05:10.280741,Wattgasse,16,347619
2026-02-03T00:05:10.280741,Wattgasse,16,347616
2026-02-03T00:05:10.280741,Wattgasse,16,347534
2026-02-03T00:05:10.280741,Wattgasse,16,348403
2026-02-03T00:05:10.280741,Wattgasse,16,348212
2026-02-03T00:05:10.280741,Wattgasse,16,348680
2026-02-03T00:05:10.280741,Oberdöbling S,18,345356
2026-02-03T00:05:10.280741,Oberdöbling S,18,345349
2026-02-03T00:05:10.280741,Oberdöbling S,18,345321
2026-02-03T00:05:10.280741,Oberdöbling S,18,345319
2026-02-03T00:05:10.280741,Oberdöbling S,18,345295
2026-02-03T00:05:10.280741,Oberdöbling S,18,345921
2026-02-03T00:05:10.280741,Oberdöbling S,18,345862
2026-02-03T00:05:10.280741,Oberdöbling S,18,345628
2026-02-03T00:05:10.280741,Oberdöbling S,18,345508
2026-02-03T00:05:10.280741,Oberdöbling S,18,346486
2026-02-03T00:05:10.280741,Oberdöbling S,18,346910
2026-02-03T00:05:10.280741,Oberdöbling S,18,346624
2026-02-03T00:05:10.280741,Oberdöbling S,18,347414
2026-02-03T00:05:10.280741,Oberdöbling S,18,347141
2026-02-03T00:05:10.280741,Oberdöbling S,18,348325
2026-02-03T00:05:10.280741,Oberdöbling S,18,348121
2026-02-03T00:05:10.280741,Oberdöbling S,18,348071
2026-02-03T00:05:10.280741,Oberdöbling S,18,348057
2026-02-03T00:05:10.280741,Kantnergasse,12,345431
2026-02-03T00:05:10.280741,Kantnergasse,12,345797
2026-02-03T00:05:10.280741,Kantnergasse,12,345625
2026-02-03T00:05:10.280741,Kantnergasse,12,346948
2026-02-03T00:05:10.280741,Kantnergasse,12,347007
2026-02-03T00:05:10.280741,Kantnergasse,12,347940
2026-02-03T00:05:10.280741,Kantnergasse,12,347761
2026-02-03T00:05:10.280741,Kantnergasse,12,348353
2026-02-03T00:05:10.280741,Kantnergasse,12,348287
2026-02-03T00:05:10.280741,Kantnergasse,12,348220
2026-02-03T00:05:10.280741,Kantnergasse,12,348103
2026-02-03T00:05:10.280741,Kantnergasse,12,398800
2026-02-03T00:05:10.280741,Leopoldau S U,3,346031
2026-02-03T00:05:10.280741,Leopoldau S U,3,348914
2026-02-03T00:05:10.280741,Leopoldau S U,3,348847
2026-02-03T00:05:10.280741,Josef-Baumann-Gasse,13,345478
2026-02-03T00:05:10.280741,Josef-Baumann-Gasse,13,345852
2026-02-03T00:05:10.280741,Josef-Baumann-Gasse,13,345697
2026-02-03T00:05:10.280741,Josef-Baumann-Gasse,13,346134
2026-02-03T00:05:10.280741,Josef-Baumann-Gasse,13,346057
2026-02-03T00:05:10.280741,Josef-Baumann-Gasse,13,347434
2026-02-03T00:05:10.280741,Josef-Baumann-Gasse,13,348373
2026-02-03T00:05:10.280741,Josef-Baumann-Gasse,13,348243
2026-02-03T00:05:10.280741,Josef-Baumann-Gasse,13,348218
2026-02-03T00:05:10.280741,Josef-Baumann-Gasse,13,348105
2026-02-03T00:05:10.280741,Josef-Baumann-Gasse,13,348595
2026-02-03T00:05:10.280741,Josef-Baumann-Gasse,13,348530
2026-02-03T00:05:10.280741,Josef-Baumann-Gasse,13,398741
2026-02-03T00:05:10.280741,Fultonstraße,14,345170
2026-02-03T00:05:10.280741,Fultonstraße,14,345106
2026-02-03T00:05:10.280741,Fultonstraße,14,345028
2026-02-03T00:05:10.280741,Fultonstraße,14,345892
2026-02-03T00:05:10.280741,Fultonstraße,14,345637
2026-02-03T00:05:10.280741,Fultonstraße,14,346388
2026-02-03T00:05:10.280741,Fultonstraße,14,346639
2026-02-03T00:05:10.280741,Fultonstraße,14,346513
2026-02-03T00:05:10.280741,Fultonstraße,14,347241
2026-02-03T00:05:10.280741,Fultonstraße,14,347767
2026-02-03T00:05:10.280741,Fultonstraße,14,348329
2026-02-03T00:05:10.280741,Fultonstraße,14,348194
2026-02-03T00:05:10.280741,Fultonstraße,14,348138
2026-02-03T00:05:10.280741,Fultonstraße,14,398811
2026-02-03T00:05:10.280741,Hopfengasse,6,346807
2026-02-03T00:05:10.280741,Hopfengasse,6,347359
2026-02-03T00:05:10.280741,Hopfengasse,6,347828
2026-02-03T00:05:10.280741,Hopfengasse,6,347655
2026-02-03T00:05:10.280741,Hopfengasse,6,347539
2026-02-03T00:05:10.280741,Hopfengasse,6,348390
2026-02-03T00:05:10.280741,Jedlesee / Bellgasse,5,345585
2026-02-03T00:05:10.280741,Jedlesee / Bellgasse,5,347390
2026-02-03T00:05:10.280741,Jedlesee / Bellgasse,5,347833
2026-02-03T00:05:10.280741,Jedlesee / Bellgasse,5,347822
2026-02-03T00:05:10.280741,Jedlesee / Bellgasse,5,348101
2026-02-03T00:05:10.280741,Jedleseer Friedhof,11,345220
2026-02-03T00:05:10.280741,Jedleseer Friedhof,11,346496
2026-02-03T00:05:10.280741,Jedleseer Friedhof,11,346427
2026-02-03T00:05:10.280741,Jedleseer Friedhof,11,346037
2026-02-03T00:05:10.280741,Jedleseer Friedhof,11,346991
2026-02-03T00:05:10.280741,Jedleseer Friedhof,11,347295
2026-02-03T00:05:10.280741,Jedleseer Friedhof,11,347268
2026-02-03T00:05:10.280741,Jedleseer Friedhof,11,347772
2026-02-03T00:05:10.280741,Jedleseer Friedhof,11,347682
2026-02-03T00:05:10.280741,Jedleseer Friedhof,11,347680
2026-02-03T00:05:10.280741,Jedleseer Friedhof,11,348670
2026-02-03T00:05:10.280741,Strebersdorf / Edmund-Hawranek-Platz,10,345340
2026-02-03T00:05:10.280741,Strebersdorf / Edmund-Hawranek-Platz,10,345331
2026-02-03T00:05:10.280741,Strebersdorf / Edmund-Hawranek-Platz,10,345271
2026-02-03T00:05:10.280741,Strebersdorf / Edmund-Hawranek-Platz,10,346440
2026-02-03T00:05:10.280741,Strebersdorf / Edmund-Hawranek-Platz,10,346150
2026-02-03T00:05:10.280741,Strebersdorf / Edmund-Hawranek-Platz,10,346048
2026-02-03T00:05:10.280741,Strebersdorf / Edmund-Hawranek-Platz,10,347143
2026-02-03T00:05:10.280741,Strebersdorf / Edmund-Hawranek-Platz,10,348478
2026-02-03T00:05:10.280741,Strebersdorf / Edmund-Hawranek-Platz,10,348110
2026-02-03T00:05:10.280741,Strebersdorf / Edmund-Hawranek-Platz,10,348096
2026-02-03T00:05:10.280741,Kagraner Anger,17,345168
2026-02-03T00:05:10.280741,Kagraner Anger,17,345164
2026-02-03T00:05:10.280741,Kagraner Anger,17,345901
2026-02-03T00:05:10.280741,Kagraner Anger,17,345795
2026-02-03T00:05:10.280741,Kagraner Anger,17,345567
2026-02-03T00:05:10.280741,Kagraner Anger,17,345548
2026-02-03T00:05:10.280741,Kagraner Anger,17,345501
2026-02-03T00:05:10.280741,Kagraner Anger,17,346589
2026-02-03T00:05:10.280741,Kagraner Anger,17,346555
2026-02-03T00:05:10.280741,Kagraner Anger,17,347153
2026-02-03T00:05:10.280741,Kagraner Anger,17,347806
2026-02-03T00:05:10.280741,Kagraner Anger,17,347762
2026-02-03T00:05:10.280741,Kagraner Anger,17,347744
2026-02-03T00:05:10.280741,Kagraner Anger,17,347584
2026-02-03T00:05:10.280741,Kagraner Anger,17,348304
2026-02-03T00:05:10.280741,Kagraner Anger,17,348543
2026-02-03T00:05:10.280741,Kagraner Anger,17,348947
2026-02-03T00:05:10.280741,Stavangergasse,10,345464
2026-02-03T00:05:10.280741,Stavangergasse,10,345227
2026-02-03T00:05:10.280741,Stavangergasse,10,345504
2026-02-03T00:05:10.280741,Stavangergasse,10,346354
2026-02-03T00:05:10.280741,Stavangergasse,10,346019
2026-02-03T00:05:10.280741,Stavangergasse,10,346923
2026-02-03T00:05:10.280741,Stavangergasse,10,346626
2026-02-03T00:05:10.280741,Stavangergasse,10,347961
2026-02-03T00:05:10.280741,Stavangergasse,10,348427
2026-02-03T00:05:10.280741,Stavangergasse,10,348062
2026-02-03T00:05:10.280741,Hans-Steger-Gasse,1,346782
2026-02-03T00:05:10.280741,Hirschstetten S,15,345420
2026-02-03T00:05:10.280741,Hirschstetten S,15,345786
2026-02-03T00:05:10.280741,Hirschstetten S,15,346206
2026-02-03T00:05:10.280741,Hirschstetten S,15,346745
2026-02-03T00:05:10.280741,Hirschstetten S,15,346729
2026-02-03T00:05:10.280741,Hirschstetten S,15,347292
2026-02-03T00:05:10.280741,Hirschstetten S,15,347134
2026-02-03T00:05:10.280741,Hirschstetten S,15,347851
2026-02-03T00:05:10.280741,Hirschstetten S,15,347764
2026-02-03T00:05:10.280741,Hirschstetten S,15,347565
2026-02-03T00:05:10.280741,Hirschstetten S,15,348381
2026-02-03T00:05:10.280741,Hirschstetten S,15,348238
2026-02-03T00:05:10.280741,Hirschstetten S,15,398806
2026-02-03T00:05:10.280741,Hirschstetten S,15,349068
2026-02-03T00:05:10.280741,Hirschstetten S,15,348993
2026-02-03T00:05:10.280741,Atzgersdorf S,17,345070
2026-02-03T00:05:10.280741,Atzgersdorf S,17,345980
2026-02-03T00:05:10.280741,Atzgersdorf S,17,345885
2026-02-03T00:05:10.280741,Atzgersdorf S,17,345851
2026-02-03T00:05:10.280741,Atzgersdorf S,17,345803
2026-02-03T00:05:10.280741,Atzgersdorf S,17,345566
2026-02-03T00:05:10.280741,Atzgersdorf S,17,346016
2026-02-03T00:05:10.280741,Atzgersdorf S,17,346806
2026-02-03T00:05:10.280741,Atzgersdorf S,17,346688
2026-02-03T00:05:10.280741,Atzgersdorf S,17,346675
2026-02-03T00:05:10.280741,Atzgersdorf S,17,347199
2026-02-03T00:05:10.280741,Atzgersdorf S,17,347047
2026-02-03T00:05:10.280741,Atzgersdorf S,17,348644
2026-02-03T00:05:10.280741,Atzgersdorf S,17,348643
2026-02-03T00:05:10.280741,Atzgersdorf S,17,348628
2026-02-03T00:05:10.280741,Atzgersdorf S,17,348527
2026-02-03T00:05:10.280741,Atzgersdorf S,17,398861
2026-02-03T00:05:10.280741,Siebenhirten U,3,346094
2026-02-03T00:05:10.280741,Siebenhirten U,3,347484
2026-02-03T00:05:10.280741,Siebenhirten U,3,348040
2026-02-03T00:05:10.280741,Erlaaer Straße U,10,345050
2026-02-03T00:05:10.280741,Erlaaer Straße U,10,345941
2026-02-03T00:05:10.280741,Erlaaer Straße U,10,345840
2026-02-03T00:05:10.280741,Erlaaer Straße U,10,346472
2026-02-03T00:05:10.280741,Erlaaer Straße U,10,346385
2026-02-03T00:05:10.280741,Erlaaer Straße U,10,346235
2026-02-03T00:05:10.280741,Erlaaer Straße U,10,346821
2026-02-03T00:05:10.280741,Erlaaer Straße U,10,347066
2026-02-03T00:05:10.280741,Erlaaer Straße U,10,347765
2026-02-03T00:05:10.280741,Erlaaer Straße U,10,348085
2026-02-03T00:05:10.280741,Perfektastraße U,6,347494
2026-02-03T00:05:10.280741,Perfektastraße U,6,347353
2026-02-03T00:05:10.280741,Perfektastraße U,6,347247
2026-02-03T00:05:10.280741,Perfektastraße U,6,347697
2026-02-03T00:05:10.280741,Perfektastraße U,6,348053
2026-02-03T00:05:10.280741,Perfektastraße U,6,398789
2026-02-03T00:05:10.280741,Meidling S U / Vivenotgasse,11,345450
2026-02-03T00:05:10.280741,Meidling S U / Vivenotgasse,11,345380
2026-02-03T00:05:10.280741,Meidling S U / Vivenotgasse,11,345286
2026-02-03T00:05:10.280741,Meidling S U / Vivenotgasse,11,345943
2026-02-03T00:05:10.280741,Meidling S U / Vivenotgasse,11,347088
2026-02-03T00:05:10.280741,Meidling S U / Vivenotgasse,11,347027
2026-02-03T00:05:10.280741,Meidling S U / Vivenotgasse,11,347505
2026-02-03T00:05:10.280741,Meidling S U / Vivenotgasse,11,348572
2026-02-03T00:05:10.280741,Meidling S U / Vivenotgasse,11,398833
2026-02-03T00:05:10.280741,Meidling S U / Vivenotgasse,11,398771
2026-02-03T00:05:10.280741,Meidling S U / Vivenotgasse,11,348941
2026-02-03T00:05:10.280741,Praterstern Ausstellungsstraße,11,345446
2026-02-03T00:05:10.280741,Praterstern Ausstellungsstraße,11,345263
2026-02-03T00:05:10.280741,Praterstern Ausstellungsstraße,11,345177
2026-02-03T00:05:10.280741,Praterstern Ausstellungsstraße,11,345023
2026-02-03T00:05:10.280741,Praterstern Ausstellungsstraße,11,346350
2026-02-03T00:05:10.280741,Praterstern Ausstellungsstraße,11,346689
2026-02-03T00:05:10.280741,Praterstern Ausstellungsstraße,11,346556
2026-02-03T00:05:10.280741,Praterstern Ausstellungsstraße,11,347729
2026-02-03T00:05:10.280741,Praterstern Ausstellungsstraße,11,348461
2026-02-03T00:05:10.280741,Praterstern Ausstellungsstraße,11,348115
2026-02-03T00:05:10.280741,Praterstern Ausstellungsstraße,11,348073
2026-02-03T00:05:10.280741,Muthgasse,4,346024
2026-02-03T00:05:10.280741,Muthgasse,4,347127
2026-02-03T00:05:10.280741,Muthgasse,4,347830
2026-02-03T00:05:10.280741,Muthgasse,4,348593
2026-02-03T00:05:10.280741,Liesing S,4,345130
2026-02-03T00:05:10.280741,Liesing S,4,346458
2026-02-03T00:05:10.280741,Liesing S,4,348433
2026-02-03T00:05:10.280741,Liesing S,4,349010
2026-02-03T00:05:10.280741,Aspern Nord S U,8,346035
2026-02-03T00:05:10.280741,Aspern Nord S U,8,346932
2026-02-03T00:05:10.280741,Aspern Nord S U,8,346640
2026-02-03T00:05:10.280741,Aspern Nord S U,8,346525
2026-02-03T00:05:10.280741,Aspern Nord S U,8,347415
2026-02-03T00:05:10.280741,Aspern Nord S U,8,348416
2026-02-03T00:05:10.280741,Aspern Nord S U,8,348625
2026-02-03T00:05:10.280741,Aspern Nord S U,8,348550
2026-02-03T00:05:10.280741,Seestadt U,12,345435
2026-02-03T00:05:10.280741,Seestadt U,12,345206
2026-02-03T00:05:10.280741,Seestadt U,12,345817
2026-02-03T00:05:10.280741,Seestadt U,12,346107
2026-02-03T00:05:10.280741,Seestadt U,12,346961
2026-02-03T00:05:10.280741,Seestadt U,12,346504
2026-02-03T00:05:10.280741,Seestadt U,12,347444
2026-02-03T00:05:10.280741,Seestadt U,12,348480
2026-02-03T00:05:10.280741,Seestadt U,12,348258
2026-02-03T00:05:10.280741,Seestadt U,12,348044
2026-02-03T00:05:10.280741,Seestadt U,12,348631
2026-02-03T00:05:10.280741,Seestadt U,12,348561
2026-02-03T00:05:10.280741,Schwedenplatz,26,345498
2026-02-03T00:05:10.280741,Schwedenplatz,26,345194
2026-02-03T00:05:10.280741,Schwedenplatz,26,345192
2026-02-03T00:05:10.280741,Schwedenplatz,26,345117
2026-02-03T00:05:10.280741,Schwedenplatz,26,345055
2026-02-03T00:05:10.280741,Schwedenplatz,26,345846
2026-02-03T00:05:10.280741,Schwedenplatz,26,345824
2026-02-03T00:05:10.280741,Schwedenplatz,26,345714
2026-02-03T00:05:10.280741,Schwedenplatz,26,345702
2026-02-03T00:05:10.280741,Schwedenplatz,26,346308
2026-02-03T00:05:10.280741,Schwedenplatz,26,346089
2026-02-03T00:05:10.280741,Schwedenplatz,26,346623
2026-02-03T00:05:10.280741,Schwedenplatz,26,347168
2026-02-03T00:05:10.280741,Schwedenplatz,26,347097
2026-02-03T00:05:10.280741,Schwedenplatz,26,347883
2026-02-03T00:05:10.280741,Schwedenplatz,26,347725
2026-02-03T00:05:10.280741,Schwedenplatz,26,347648
2026-02-03T00:05:10.280741,Schwedenplatz,26,348435
2026-02-03T00:05:10.280741,Schwedenplatz,26,348241
2026-02-03T00:05:10.280741,Schwedenplatz,26,348144
2026-02-03T00:05:10.280741,Schwedenplatz,26,348080
2026-02-03T00:05:10.280741,Schwedenplatz,26,348022
2026-02-03T00:05:10.280741,Schwedenplatz,26,348707
2026-02-03T00:05:10.280741,Schwedenplatz,26,348606
2026-02-03T00:05:10.280741,Schwedenplatz,26,398816
2026-02-03T00:05:10.280741,Schwedenplatz,26,398719
2026-02-03T00:05:10.280741,Waldmüllerpark,4,346451
2026-02-03T00:05:10.280741,Waldmüllerpark,4,346853
2026-02-03T00:05:10.280741,Waldmüllerpark,4,347823
2026-02-03T00:05:10.280741,Waldmüllerpark,4,349004
2026-02-03T00:05:10.280741,Stubentor U,12,345610
2026-02-03T00:05:10.280741,Stubentor U,12,346468
2026-02-03T00:05:10.280741,Stubentor U,12,346128
2026-02-03T00:05:10.280741,Stubentor U,12,346110
2026-02-03T00:05:10.280741,Stubentor U,12,347678
2026-02-03T00:05:10.280741,Stubentor U,12,347608
2026-02-03T00:05:10.280741,Stubentor U,12,347556
2026-02-03T00:05:10.280741,Stubentor U,12,398785
2026-02-03T00:05:10.280741,Stubentor U,12,398721
2026-02-03T00:05:10.280741,Stubentor U,12,348959
2026-02-03T00:05:10.280741,Stubentor U,12,348911
2026-02-03T00:05:10.280741,Stubentor U,12,349152
2026-02-03T00:05:10.280741,Landstraße - Wien Mitte S U,12,345459
2026-02-03T00:05:10.280741,Landstraße - Wien Mitte S U,12,345299
2026-02-03T00:05:10.280741,Landstraße - Wien Mitte S U,12,345882
2026-02-03T00:05:10.280741,Landstraße - Wien Mitte S U,12,345784
2026-02-03T00:05:10.280741,Landstraße - Wien Mitte S U,12,346643
2026-02-03T00:05:10.280741,Landstraße - Wien Mitte S U,12,346578
2026-02-03T00:05:10.280741,Landstraße - Wien Mitte S U,12,347488
2026-02-03T00:05:10.280741,Landstraße - Wien Mitte S U,12,347373
2026-02-03T00:05:10.280741,Landstraße - Wien Mitte S U,12,347938
2026-02-03T00:05:10.280741,Landstraße - Wien Mitte S U,12,348202
2026-02-03T00:05:10.280741,Landstraße - Wien Mitte S U,12,398802
2026-02-03T00:05:10.280741,Landstraße - Wien Mitte S U,12,398738
2026-02-03T00:05:10.280741,Praterstern S U,34,345470
2026-02-03T00:05:10.280741,Praterstern S U,34,345424
2026-02-03T00:05:10.280741,Praterstern S U,34,345272
2026-02-03T00:05:10.280741,Praterstern S U,34,345173
2026-02-03T00:05:10.280741,Praterstern S U,34,345058
2026-02-03T00:05:10.280741,Praterstern S U,34,345893
2026-02-03T00:05:10.280741,Praterstern S U,34,345646
2026-02-03T00:05:10.280741,Praterstern S U,34,345626
2026-02-03T00:05:10.280741,Praterstern S U,34,345608
2026-02-03T00:05:10.280741,Praterstern S U,34,346239
2026-02-03T00:05:10.280741,Praterstern S U,34,346696
2026-02-03T00:05:10.280741,Praterstern S U,34,346506
2026-02-03T00:05:10.280741,Praterstern S U,34,347336
2026-02-03T00:05:10.280741,Praterstern S U,34,347179
2026-02-03T00:05:10.280741,Praterstern S U,34,347085
2026-02-03T00:05:10.280741,Praterstern S U,34,347025
2026-02-03T00:05:10.280741,Praterstern S U,34,347984
2026-02-03T00:05:10.280741,Praterstern S U,34,347707
2026-02-03T00:05:10.280741,Praterstern S U,34,347594
2026-02-03T00:05:10.280741,Praterstern S U,34,347518
2026-02-03T00:05:10.280741,Praterstern S U,34,348479
2026-02-03T00:05:10.280741,Praterstern S U,34,348472
2026-02-03T00:05:10.280741,Praterstern S U,34,348331
2026-02-03T00:05:10.280741,Praterstern S U,34,348264
2026-02-03T00:05:10.280741,Praterstern S U,34,348171
2026-02-03T00:05:10.280741,Praterstern S U,34,348025
2026-02-03T00:05:10.280741,Praterstern S U,34,348021
2026-02-03T00:05:10.280741,Praterstern S U,34,348632
2026-02-03T00:05:10.280741,Praterstern S U,34,348618
2026-02-03T00:05:10.280741,Praterstern S U,34,348562
2026-02-03T00:05:10.280741,Praterstern S U,34,348514
2026-02-03T00:05:10.280741,Praterstern S U,34,398778
2026-02-03T00:05:10.280741,Praterstern S U,34,398737
2026-02-03T00:05:10.280741,Praterstern S U,34,349142
2026-02-03T00:05:10.280741,Rustengasse,12,345228
2026-02-03T00:05:10.280741,Rustengasse,12,345110
2026-02-03T00:05:10.280741,Rustengasse,12,345109
2026-02-03T00:05:10.280741,Rustengasse,12,346687
2026-02-03T00:05:10.280741,Rustengasse,12,347470
2026-02-03T00:05:10.280741,Rustengasse,12,347248
2026-02-03T00:05:10.280741,Rustengasse,12,348354
2026-02-03T00:05:10.280741,Rustengasse,12,348125
2026-02-03T00:05:10.280741,Rustengasse,12,349108
2026-02-03T00:05:10.280741,Rustengasse,12,349005
2026-02-03T00:05:10.280741,Rustengasse,12,348851
2026-02-03T00:05:10.280741,Rustengasse,12,348802
2026-02-03T00:05:10.280741,Heiligenstadt S U,19,345405
2026-02-03T00:05:10.280741,Heiligenstadt S U,19,345254
2026-02-03T00:05:10.280741,Heiligenstadt S U,19,345027
2026-02-03T00:05:10.280741,Heiligenstadt S U,19,345012
2026-02-03T00:05:10.280741,Heiligenstadt S U,19,345905
2026-02-03T00:05:10.280741,Heiligenstadt S U,19,345834
2026-02-03T00:05:10.280741,Heiligenstadt S U,19,346408
2026-02-03T00:05:10.280741,Heiligenstadt S U,19,346325
2026-02-03T00:05:10.280741,Heiligenstadt S U,19,346155
2026-02-03T00:05:10.280741,Heiligenstadt S U,19,346817
2026-02-03T00:05:10.280741,Heiligenstadt S U,19,346600
2026-02-03T00:05:10.280741,Heiligenstadt S U,19,346596
2026-02-03T00:05:10.280741,Heiligenstadt S U,19,347433
2026-02-03T00:05:10.280741,Heiligenstadt S U,19,347693
2026-02-03T00:05:10.280741,Heiligenstadt S U,19,348303
2026-02-03T00:05:10.280741,Heiligenstadt S U,19,348177
2026-02-03T00:05:10.280741,Heiligenstadt S U,19,348142
2026-02-03T00:05:10.280741,Heiligenstadt S U,19,398822
2026-02-03T00:05:10.280741,Heiligenstadt S U,19,348816
2026-02-03T00:05:10.280741,Hütteldorf  S U,22,345493
2026-02-03T00:05:10.280741,Hütteldorf  S U,22,345065
2026-02-03T00:05:10.280741,Hütteldorf  S U,22,345923
2026-02-03T00:05:10.280741,Hütteldorf  S U,22,345812
2026-02-03T00:05:10.280741,Hütteldorf  S U,22,345513
2026-02-03T00:05:10.280741,Hütteldorf  S U,22,346237
2026-02-03T00:05:10.280741,Hütteldorf  S U,22,346862
2026-02-03T00:05:10.280741,Hütteldorf  S U,22,346669
2026-02-03T00:05:10.280741,Hütteldorf  S U,22,346628
2026-02-03T00:05:10.280741,Hütteldorf  S U,22,346609
2026-02-03T00:05:10.280741,Hütteldorf  S U,22,346570
2026-02-03T00:05:10.280741,Hütteldorf  S U,22,347358
2026-02-03T00:05:10.280741,Hütteldorf  S U,22,347338
2026-02-03T00:05:10.280741,Hütteldorf  S U,22,347101
2026-02-03T00:05:10.280741,Hütteldorf  S U,22,347971
2026-02-03T00:05:10.280741,Hütteldorf  S U,22,347901
2026-02-03T00:05:10.280741,Hütteldorf  S U,22,347658
2026-02-03T00:05:10.280741,Hütteldorf  S U,22,348322
2026-02-03T00:05:10.280741,Hütteldorf  S U,22,348156
2026-02-03T00:05:10.280741,Hütteldorf  S U,22,348698
2026-02-03T00:05:10.280741,Hütteldorf  S U,22,398768
2026-02-03T00:05:10.280741,Hütteldorf  S U,22,398718
2026-02-03T00:05:10.280741,Rathaus U,28,345398
2026-02-03T00:05:10.280741,Rathaus U,28,345002
2026-02-03T00:05:10.280741,Rathaus U,28,345977
2026-02-03T00:05:10.280741,Rathaus U,28,345762
2026-02-03T00:05:10.280741,Rathaus U,28,346429
2026-02-03T00:05:10.280741,Rathaus U,28,346256
2026-02-03T00:05:10.280741,Rathaus U,28,346180
2026-02-03T00:05:10.280741,Rathaus U,28,346064
2026-02-03T00:05:10.280741,Rathaus U,28,346908
2026-02-03T00:05:10.280741,Rathaus U,28,346707
2026-02-03T00:05:10.280741,Rathaus U,28,347369
2026-02-03T00:05:10.280741,Rathaus U,28,347305
2026-02-03T00:05:10.280741,Rathaus U,28,347283
2026-02-03T00:05:10.280741,Rathaus U,28,347251
2026-02-03T00:05:10.280741,Rathaus U,28,347209
2026-02-03T00:05:10.280741,Rathaus U,28,347028
2026-02-03T00:05:10.280741,Rathaus U,28,347015
2026-02-03T00:05:10.280741,Rathaus U,28,347795
2026-02-03T00:05:10.280741,Rathaus U,28,348468
2026-02-03T00:05:10.280741,Rathaus U,28,348419
2026-02-03T00:05:10.280741,Rathaus U,28,348386
2026-02-03T00:05:10.280741,Rathaus U,28,348357
2026-02-03T00:05:10.280741,Rathaus U,28,348343
2026-02-03T00:05:10.280741,Rathaus U,28,348213
2026-02-03T00:05:10.280741,Rathaus U,28,348207
2026-02-03T00:05:10.280741,Rathaus U,28,348191
2026-02-03T00:05:10.280741,Rathaus U,28,348152
2026-02-03T00:05:10.280741,Rathaus U,28,348069
2026-02-03T00:05:10.280741,Hans-Mandl-Berufsschule,9,345486
2026-02-03T00:05:10.280741,Hans-Mandl-Berufsschule,9,345102
2026-02-03T00:05:10.280741,Hans-Mandl-Berufsschule,9,345503
2026-02-03T00:05:10.280741,Hans-Mandl-Berufsschule,9,347322
2026-02-03T00:05:10.280741,Hans-Mandl-Berufsschule,9,347595
2026-02-03T00:05:10.280741,Hans-Mandl-Berufsschule,9,348434
2026-02-03T00:05:10.280741,Hans-Mandl-Berufsschule,9,348365
2026-02-03T00:05:10.280741,Hans-Mandl-Berufsschule,9,398858
2026-02-03T00:05:10.280741,Hans-Mandl-Berufsschule,9,348808
2026-02-03T00:05:10.280741,Dänenstraße / BOKU,31,345245
2026-02-03T00:05:10.280741,Dänenstraße / BOKU,31,345216
2026-02-03T00:05:10.280741,Dänenstraße / BOKU,31,345108
2026-02-03T00:05:10.280741,Dänenstraße / BOKU,31,345961
2026-02-03T00:05:10.280741,Dänenstraße / BOKU,31,345932
2026-02-03T00:05:10.280741,Dänenstraße / BOKU,31,345800
2026-02-03T00:05:10.280741,Dänenstraße / BOKU,31,345798
2026-02-03T00:05:10.280741,Dänenstraße / BOKU,31,345747
2026-02-03T00:05:10.280741,Dänenstraße / BOKU,31,345736
2026-02-03T00:05:10.280741,Dänenstraße / BOKU,31,346378
2026-02-03T00:05:10.280741,Dänenstraße / BOKU,31,346189
2026-02-03T00:05:10.280741,Dänenstraße / BOKU,31,346893
2026-02-03T00:05:10.280741,Dänenstraße / BOKU,31,346810
2026-02-03T00:05:10.280741,Dänenstraße / BOKU,31,346644
2026-02-03T00:05:10.280741,Dänenstraße / BOKU,31,346603
2026-02-03T00:05:10.280741,Dänenstraße / BOKU,31,346585
2026-02-03T00:05:10.280741,Dänenstraße / BOKU,31,347201
2026-02-03T00:05:10.280741,Dänenstraße / BOKU,31,347139
2026-02-03T00:05:10.280741,Dänenstraße / BOKU,31,347022
2026-02-03T00:05:10.280741,Dänenstraße / BOKU,31,347790
2026-02-03T00:05:10.280741,Dänenstraße / BOKU,31,347759
2026-02-03T00:05:10.280741,Dänenstraße / BOKU,31,347758
2026-02-03T00:05:10.280741,Dänenstraße / BOKU,31,347669
2026-02-03T00:05:10.280741,Dänenstraße / BOKU,31,348385
2026-02-03T00:05:10.280741,Dänenstraße / BOKU,31,348263
2026-02-03T00:05:10.280741,Dänenstraße / BOKU,31,348681
2026-02-03T00:05:10.280741,Dänenstraße / BOKU,31,398784
2026-02-03T00:05:10.280741,Dänenstraße / BOKU,31,398767
2026-02-03T00:05:10.280741,Dänenstraße / BOKU,31,349101
2026-02-03T00:05:10.280741,Dänenstraße / BOKU,31,348888
2026-02-03T00:05:10.280741,Dänenstraße / BOKU,31,348883
2026-02-03T00:05:10.280741,Schloss Schönbrunn,18,345115
2026-02-03T00:05:10.280741,Schloss Schönbrunn,18,345015
2026-02-03T00:05:10.280741,Schloss Schönbrunn,18,345520
2026-02-03T00:05:10.280741,Schloss Schönbrunn,18,346835
2026-02-03T00:05:10.280741,Schloss Schönbrunn,18,347474
2026-02-03T00:05:10.280741,Schloss Schönbrunn,18,347377
2026-02-03T00:05:10.280741,Schloss Schönbrunn,18,347164
2026-02-03T00:05:10.280741,Schloss Schönbrunn,18,347937
2026-02-03T00:05:10.280741,Schloss Schönbrunn,18,347873
2026-02-03T00:05:10.280741,Schloss Schönbrunn,18,347781
2026-02-03T00:05:10.280741,Schloss Schönbrunn,18,347757
2026-02-03T00:05:10.280741,Schloss Schönbrunn,18,347677
2026-02-03T00:05:10.280741,Schloss Schönbrunn,18,348536
2026-02-03T00:05:10.280741,Schloss Schönbrunn,18,398752
2026-02-03T00:05:10.280741,Schloss Schönbrunn,18,349104
2026-02-03T00:05:10.280741,Schloss Schönbrunn,18,349065
2026-02-03T00:05:10.280741,Schloss Schönbrunn,18,348839
2026-02-03T00:05:10.280741,Schloss Schönbrunn,18,349149
2026-02-03T00:05:10.280741,Eslarngasse / Juchgasse,4,347426
2026-02-03T00:05:10.280741,Eslarngasse / Juchgasse,4,348978
2026-02-03T00:05:10.280741,Eslarngasse / Juchgasse,4,348872
2026-02-03T00:05:10.280741,Eslarngasse / Juchgasse,4,349181
2026-02-03T00:05:10.280741,Plößlgasse / Belvedere,11,345683
2026-02-03T00:05:10.280741,Plößlgasse / Belvedere,11,346364
2026-02-03T00:05:10.280741,Plößlgasse / Belvedere,11,346109
2026-02-03T00:05:10.280741,Plößlgasse / Belvedere,11,346033
2026-02-03T00:05:10.280741,Plößlgasse / Belvedere,11,346015
2026-02-03T00:05:10.280741,Plößlgasse / Belvedere,11,347260
2026-02-03T00:05:10.280741,Plößlgasse / Belvedere,11,347826
2026-02-03T00:05:10.280741,Plößlgasse / Belvedere,11,347743
2026-02-03T00:05:10.280741,Plößlgasse / Belvedere,11,347578
2026-02-03T00:05:10.280741,Plößlgasse / Belvedere,11,398787
2026-02-03T00:05:10.280741,Plößlgasse / Belvedere,11,349180
2026-02-03T00:05:10.280741,Sankt-Elisabeth-Platz,3,345145
2026-02-03T00:05:10.280741,Sankt-Elisabeth-Platz,3,346955
2026-02-03T00:05:10.280741,Sankt-Elisabeth-Platz,3,348559
2026-02-03T00:05:10.280741,Laudongasse / Schönbornpark,1,346722
2026-02-03T00:05:10.280741,Rossauer Lände U,10,345209
2026-02-03T00:05:10.280741,Rossauer Lände U,10,345066
2026-02-03T00:05:10.280741,Rossauer Lände U,10,345947
2026-02-03T00:05:10.280741,Rossauer Lände U,10,345750
2026-02-03T00:05:10.280741,Rossauer Lände U,10,345536
2026-02-03T00:05:10.280741,Rossauer Lände U,10,346841
2026-02-03T00:05:10.280741,Rossauer Lände U,10,346661
2026-02-03T00:05:10.280741,Rossauer Lände U,10,347203
2026-02-03T00:05:10.280741,Rossauer Lände U,10,347145
2026-02-03T00:05:10.280741,Rossauer Lände U,10,347929
2026-02-03T00:05:10.280741,Lazarettgasse,1,348568
2026-02-03T00:05:10.280741,Edelsinnstraße,3,345837
2026-02-03T00:05:10.280741,Edelsinnstraße,3,349013
2026-02-03T00:05:10.280741,Edelsinnstraße,3,349148
2026-02-03T00:05:10.280741,Karlsplatz U / TU Wien,23,345412
2026-02-03T00:05:10.280741,Karlsplatz U / TU Wien,23,345195
2026-02-03T00:05:10.280741,Karlsplatz U / TU Wien,23,345813
2026-02-03T00:05:10.280741,Karlsplatz U / TU Wien,23,345635
2026-02-03T00:05:10.280741,Karlsplatz U / TU Wien,23,345614
2026-02-03T00:05:10.280741,Karlsplatz U / TU Wien,23,346255
2026-02-03T00:05:10.280741,Karlsplatz U / TU Wien,23,346079
2026-02-03T00:05:10.280741,Karlsplatz U / TU Wien,23,346579
2026-02-03T00:05:10.280741,Karlsplatz U / TU Wien,23,346541
2026-02-03T00:05:10.280741,Karlsplatz U / TU Wien,23,347214
2026-02-03T00:05:10.280741,Karlsplatz U / TU Wien,23,347074
2026-02-03T00:05:10.280741,Karlsplatz U / TU Wien,23,347970
2026-02-03T00:05:10.280741,Karlsplatz U / TU Wien,23,347571
2026-02-03T00:05:10.280741,Karlsplatz U / TU Wien,23,347513
2026-02-03T00:05:10.280741,Karlsplatz U / TU Wien,23,348301
2026-02-03T00:05:10.280741,Karlsplatz U / TU Wien,23,348116
2026-02-03T00:05:10.280741,Karlsplatz U / TU Wien,23,348024
2026-02-03T00:05:10.280741,Karlsplatz U / TU Wien,23,348709
2026-02-03T00:05:10.280741,Karlsplatz U / TU Wien,23,348684
2026-02-03T00:05:10.280741,Karlsplatz U / TU Wien,23,348571
2026-02-03T00:05:10.280741,Karlsplatz U / TU Wien,23,348999
2026-02-03T00:05:10.280741,Karlsplatz U / TU Wien,23,348901
2026-02-03T00:05:10.280741,Karlsplatz U / TU Wien,23,398872
2026-02-03T00:05:10.280741,Amerlingstraße,7,345887
2026-02-03T00:05:10.280741,Amerlingstraße,7,346881
2026-02-03T00:05:10.280741,Amerlingstraße,7,347370
2026-02-03T00:05:10.280741,Amerlingstraße,7,347694
2026-02-03T00:05:10.280741,Amerlingstraße,7,348931
2026-02-03T00:05:10.280741,Amerlingstraße,7,348930
2026-02-03T00:05:10.280741,Amerlingstraße,7,348929
2026-02-03T00:05:10.280741,Albertgasse,20,345433
2026-02-03T00:05:10.280741,Albertgasse,20,345429
2026-02-03T00:05:10.280741,Albertgasse,20,345280
2026-02-03T00:05:10.280741,Albertgasse,20,345172
2026-02-03T00:05:10.280741,Albertgasse,20,345144
2026-02-03T00:05:10.280741,Albertgasse,20,345083
2026-02-03T00:05:10.280741,Albertgasse,20,345787
2026-02-03T00:05:10.280741,Albertgasse,20,345740
2026-02-03T00:05:10.280741,Albertgasse,20,345681
2026-02-03T00:05:10.280741,Albertgasse,20,345634
2026-02-03T00:05:10.280741,Albertgasse,20,345576
2026-02-03T00:05:10.280741,Albertgasse,20,345547
2026-02-03T00:05:10.280741,Albertgasse,20,346446
2026-02-03T00:05:10.280741,Albertgasse,20,346400
2026-02-03T00:05:10.280741,Albertgasse,20,346267
2026-02-03T00:05:10.280741,Albertgasse,20,346728
2026-02-03T00:05:10.280741,Albertgasse,20,347490
2026-02-03T00:05:10.280741,Albertgasse,20,347352
2026-02-03T00:05:10.280741,Albertgasse,20,348481
2026-02-03T00:05:10.280741,Albertgasse,20,348981
2026-02-03T00:05:10.280741,Universitätsring,24,345467
2026-02-03T00:05:10.280741,Universitätsring,24,345804
2026-02-03T00:05:10.280741,Universitätsring,24,345777
2026-02-03T00:05:10.280741,Universitätsring,24,345741
2026-02-03T00:05:10.280741,Universitätsring,24,346445
2026-02-03T00:05:10.280741,Universitätsring,24,346399
2026-02-03T00:05:10.280741,Universitätsring,24,346319
2026-02-03T00:05:10.280741,Universitätsring,24,346318
2026-02-03T00:05:10.280741,Universitätsring,24,346068
2026-02-03T00:05:10.280741,Universitätsring,24,346061
2026-02-03T00:05:10.280741,Universitätsring,24,346942
2026-02-03T00:05:10.280741,Universitätsring,24,346732
2026-02-03T00:05:10.280741,Universitätsring,24,346710
2026-02-03T00:05:10.280741,Universitätsring,24,346697
2026-02-03T00:05:10.280741,Universitätsring,24,347026
2026-02-03T00:05:10.280741,Universitätsring,24,347582
2026-02-03T00:05:10.280741,Universitätsring,24,348240
2026-02-03T00:05:10.280741,Universitätsring,24,348047
2026-02-03T00:05:10.280741,Universitätsring,24,348039
2026-02-03T00:05:10.280741,Universitätsring,24,348677
2026-02-03T00:05:10.280741,Universitätsring,24,348581
2026-02-03T00:05:10.280741,Universitätsring,24,348518
2026-02-03T00:05:10.280741,Universitätsring,24,398837
2026-02-03T00:05:10.280741,Universitätsring,24,398766
2026-02-03T00:05:10.280741,Herrengasse U,21,345367
2026-02-03T00:05:10.280741,Herrengasse U,21,345964
2026-02-03T00:05:10.280741,Herrengasse U,21,345734
2026-02-03T00:05:10.280741,Herrengasse U,21,345594
2026-02-03T00:05:10.280741,Herrengasse U,21,346434
2026-02-03T00:05:10.280741,Herrengasse U,21,346026
2026-02-03T00:05:10.280741,Herrengasse U,21,346936
2026-02-03T00:05:10.280741,Herrengasse U,21,346920
2026-02-03T00:05:10.280741,Herrengasse U,21,346775
2026-02-03T00:05:10.280741,Herrengasse U,21,346738
2026-02-03T00:05:10.280741,Herrengasse U,21,346617
2026-02-03T00:05:10.280741,Herrengasse U,21,346544
2026-02-03T00:05:10.280741,Herrengasse U,21,347366
2026-02-03T00:05:10.280741,Herrengasse U,21,347111
2026-02-03T00:05:10.280741,Herrengasse U,21,347847
2026-02-03T00:05:10.280741,Herrengasse U,21,347788
2026-02-03T00:05:10.280741,Herrengasse U,21,347659
2026-02-03T00:05:10.280741,Herrengasse U,21,347610
2026-02-03T00:05:10.280741,Herrengasse U,21,347559
2026-02-03T00:05:10.280741,Herrengasse U,21,348415
2026-02-03T00:05:10.280741,Herrengasse U,21,349060
2026-02-03T00:05:10.280741,Sensengasse,8,345239
2026-02-03T00:05:10.280741,Sensengasse,8,346389
2026-02-03T00:05:10.280741,Sensengasse,8,346151
2026-02-03T00:05:10.280741,Sensengasse,8,346682
2026-02-03T00:05:10.280741,Sensengasse,8,347605
2026-02-03T00:05:10.280741,Sensengasse,8,347572
2026-02-03T00:05:10.280741,Sensengasse,8,348061
2026-02-03T00:05:10.280741,Sensengasse,8,348923
2026-02-03T00:05:10.280741,Belgradplatz,11,345421
2026-02-03T00:05:10.280741,Belgradplatz,11,345866
2026-02-03T00:05:10.280741,Belgradplatz,11,346499
2026-02-03T00:05:10.280741,Belgradplatz,11,346244
2026-02-03T00:05:10.280741,Belgradplatz,11,346118
2026-02-03T00:05:10.280741,Belgradplatz,11,347471
2026-02-03T00:05:10.280741,Belgradplatz,11,347250
2026-02-03T00:05:10.280741,Belgradplatz,11,347886
2026-02-03T00:05:10.280741,Belgradplatz,11,348058
2026-02-03T00:05:10.280741,Belgradplatz,11,348049
2026-02-03T00:05:10.280741,Belgradplatz,11,348014
2026-02-03T00:05:10.280741,Rathausplatz / Burgtheater,5,345262
2026-02-03T00:05:10.280741,Rathausplatz / Burgtheater,5,345601
2026-02-03T00:05:10.280741,Rathausplatz / Burgtheater,5,346922
2026-02-03T00:05:10.280741,Rathausplatz / Burgtheater,5,347404
2026-02-03T00:05:10.280741,Rathausplatz / Burgtheater,5,348214
2026-02-03T00:05:10.280741,Arbeitergasse - Gürtel,16,345717
2026-02-03T00:05:10.280741,Arbeitergasse - Gürtel,16,345609
2026-02-03T00:05:10.280741,Arbeitergasse - Gürtel,16,345533
2026-02-03T00:05:10.280741,Arbeitergasse - Gürtel,16,345522
2026-02-03T00:05:10.280741,Arbeitergasse - Gürtel,16,346456
2026-02-03T00:05:10.280741,Arbeitergasse - Gürtel,16,346332
2026-02-03T00:05:10.280741,Arbeitergasse - Gürtel,16,346070
2026-02-03T00:05:10.280741,Arbeitergasse - Gürtel,16,346870
2026-02-03T00:05:10.280741,Arbeitergasse - Gürtel,16,346826
2026-02-03T00:05:10.280741,Arbeitergasse - Gürtel,16,346760
2026-02-03T00:05:10.280741,Arbeitergasse - Gürtel,16,346505
2026-02-03T00:05:10.280741,Arbeitergasse - Gürtel,16,347960
2026-02-03T00:05:10.280741,Arbeitergasse - Gürtel,16,347742
2026-02-03T00:05:10.280741,Arbeitergasse - Gürtel,16,347710
2026-02-03T00:05:10.280741,Arbeitergasse - Gürtel,16,348624
2026-02-03T00:05:10.280741,Arbeitergasse - Gürtel,16,348577
2026-02-03T00:05:10.280741,Bauernfeldplatz / Palais Lichtenstein,21,345495
2026-02-03T00:05:10.280741,Bauernfeldplatz / Palais Lichtenstein,21,345403
2026-02-03T00:05:10.280741,Bauernfeldplatz / Palais Lichtenstein,21,345351
2026-02-03T00:05:10.280741,Bauernfeldplatz / Palais Lichtenstein,21,345332
2026-02-03T00:05:10.280741,Bauernfeldplatz / Palais Lichtenstein,21,345246
2026-02-03T00:05:10.280741,Bauernfeldplatz / Palais Lichtenstein,21,345201
2026-02-03T00:05:10.280741,Bauernfeldplatz / Palais Lichtenstein,21,346359
2026-02-03T00:05:10.280741,Bauernfeldplatz / Palais Lichtenstein,21,346229
2026-02-03T00:05:10.280741,Bauernfeldplatz / Palais Lichtenstein,21,346040
2026-02-03T00:05:10.280741,Bauernfeldplatz / Palais Lichtenstein,21,346939
2026-02-03T00:05:10.280741,Bauernfeldplatz / Palais Lichtenstein,21,346787
2026-02-03T00:05:10.280741,Bauernfeldplatz / Palais Lichtenstein,21,346780
2026-02-03T00:05:10.280741,Bauernfeldplatz / Palais Lichtenstein,21,346597
2026-02-03T00:05:10.280741,Bauernfeldplatz / Palais Lichtenstein,21,347482
2026-02-03T00:05:10.280741,Bauernfeldplatz / Palais Lichtenstein,21,347341
2026-02-03T00:05:10.280741,Bauernfeldplatz / Palais Lichtenstein,21,347899
2026-02-03T00:05:10.280741,Bauernfeldplatz / Palais Lichtenstein,21,347766
2026-02-03T00:05:10.280741,Bauernfeldplatz / Palais Lichtenstein,21,347516
2026-02-03T00:05:10.280741,Bauernfeldplatz / Palais Lichtenstein,21,348344
2026-02-03T00:05:10.280741,Bauernfeldplatz / Palais Lichtenstein,21,348266
2026-02-03T00:05:10.280741,Bauernfeldplatz / Palais Lichtenstein,21,398740
2026-02-03T00:05:10.280741,Johannesgasse / Stadtpark,14,345530
2026-02-03T00:05:10.280741,Johannesgasse / Stadtpark,14,346236
2026-02-03T00:05:10.280741,Johannesgasse / Stadtpark,14,347681
2026-02-03T00:05:10.280741,Johannesgasse / Stadtpark,14,347645
2026-02-03T00:05:10.280741,Johannesgasse / Stadtpark,14,348377
2026-02-03T00:05:10.280741,Johannesgasse / Stadtpark,14,348361
2026-02-03T00:05:10.280741,Johannesgasse / Stadtpark,14,348093
2026-02-03T00:05:10.280741,Johannesgasse / Stadtpark,14,348088
2026-02-03T00:05:10.280741,Johannesgasse / Stadtpark,14,348027
2026-02-03T00:05:10.280741,Johannesgasse / Stadtpark,14,348017
2026-02-03T00:05:10.280741,Johannesgasse / Stadtpark,14,398827
2026-02-03T00:05:10.280741,Johannesgasse / Stadtpark,14,349071
2026-02-03T00:05:10.280741,Johannesgasse / Stadtpark,14,348878
2026-02-03T00:05:10.280741,Johannesgasse / Stadtpark,14,348875
2026-02-03T00:05:10.280741,Bischof-Faber-Platz,2,348054
2026-02-03T00:05:10.280741,Bischof-Faber-Platz,2,349084
2026-02-03T00:05:10.280741,Am Schöpfwerk U,15,345031
2026-02-03T00:05:10.280741,Am Schöpfwerk U,15,345989
2026-02-03T00:05:10.280741,Am Schöpfwerk U,15,345952
2026-02-03T00:05:10.280741,Am Schöpfwerk U,15,345939
2026-02-03T00:05:10.280741,Am Schöpfwerk U,15,345766
2026-02-03T00:05:10.280741,Am Schöpfwerk U,15,345554
2026-02-03T00:05:10.280741,Am Schöpfwerk U,15,346353
2026-02-03T00:05:10.280741,Am Schöpfwerk U,15,346914
2026-02-03T00:05:10.280741,Am Schöpfwerk U,15,346527
2026-02-03T00:05:10.280741,Am Schöpfwerk U,15,347625
2026-02-03T00:05:10.280741,Am Schöpfwerk U,15,348269
2026-02-03T00:05:10.280741,Am Schöpfwerk U,15,348059
2026-02-03T00:05:10.280741,Am Schöpfwerk U,15,348034
2026-02-03T00:05:10.280741,Am Schöpfwerk U,15,398793
2026-02-03T00:05:10.280741,Am Schöpfwerk U,15,349154
2026-02-03T00:05:10.280741,Alserbachstraße,10,346365
2026-02-03T00:05:10.280741,Alserbachstraße,10,347438
2026-02-03T00:05:10.280741,Alserbachstraße,10,347076
2026-02-03T00:05:10.280741,Alserbachstraße,10,347944
2026-02-03T00:05:10.280741,Alserbachstraße,10,347934
2026-02-03T00:05:10.280741,Alserbachstraße,10,347903
2026-02-03T00:05:10.280741,Alserbachstraße,10,347731
2026-02-03T00:05:10.280741,Alserbachstraße,10,347632
2026-02-03T00:05:10.280741,Alserbachstraße,10,348546
2026-02-03T00:05:10.280741,Alserbachstraße,10,348987
2026-02-03T00:05:10.280741,Petrusgasse,8,345289
2026-02-03T00:05:10.280741,Petrusgasse,8,345975
2026-02-03T00:05:10.280741,Petrusgasse,8,345529
2026-02-03T00:05:10.280741,Petrusgasse,8,346906
2026-02-03T00:05:10.280741,Petrusgasse,8,347190
2026-02-03T00:05:10.280741,Petrusgasse,8,348498
2026-02-03T00:05:10.280741,Petrusgasse,8,348658
2026-02-03T00:05:10.280741,Petrusgasse,8,349087
2026-02-03T00:05:10.280741,Wassergasse,22,345416
2026-02-03T00:05:10.280741,Wassergasse,22,345125
2026-02-03T00:05:10.280741,Wassergasse,22,345084
2026-02-03T00:05:10.280741,Wassergasse,22,345912
2026-02-03T00:05:10.280741,Wassergasse,22,345606
2026-02-03T00:05:10.280741,Wassergasse,22,346295
2026-02-03T00:05:10.280741,Wassergasse,22,346987
2026-02-03T00:05:10.280741,Wassergasse,22,346916
2026-02-03T00:05:10.280741,Wassergasse,22,346894
2026-02-03T00:05:10.280741,Wassergasse,22,346642
2026-02-03T00:05:10.280741,Wassergasse,22,346542
2026-02-03T00:05:10.280741,Wassergasse,22,347384
2026-02-03T00:05:10.280741,Wassergasse,22,347291
2026-02-03T00:05:10.280741,Wassergasse,22,347242
2026-02-03T00:05:10.280741,Wassergasse,22,347183
2026-02-03T00:05:10.280741,Wassergasse,22,347747
2026-02-03T00:05:10.280741,Wassergasse,22,347675
2026-02-03T00:05:10.280741,Wassergasse,22,347592
2026-02-03T00:05:10.280741,Wassergasse,22,348459
2026-02-03T00:05:10.280741,Wassergasse,22,398796
2026-02-03T00:05:10.280741,Wassergasse,22,349033
2026-02-03T00:05:10.280741,Wassergasse,22,348838
2026-02-03T00:05:10.280741,Löwengasse,9,345213
2026-02-03T00:05:10.280741,Löwengasse,9,345560
2026-02-03T00:05:10.280741,Löwengasse,9,346395
2026-02-03T00:05:10.280741,Löwengasse,9,346275
2026-02-03T00:05:10.280741,Löwengasse,9,346252
2026-02-03T00:05:10.280741,Löwengasse,9,347333
2026-02-03T00:05:10.280741,Löwengasse,9,347858
2026-02-03T00:05:10.280741,Löwengasse,9,347566
2026-02-03T00:05:10.280741,Löwengasse,9,398728
2026-02-03T00:05:10.280741,Kardinal-Nagl-Platz U,11,345221
2026-02-03T00:05:10.280741,Kardinal-Nagl-Platz U,11,345782
2026-02-03T00:05:10.280741,Kardinal-Nagl-Platz U,11,345590
2026-02-03T00:05:10.280741,Kardinal-Nagl-Platz U,11,346510
2026-02-03T00:05:10.280741,Kardinal-Nagl-Platz U,11,347911
2026-02-03T00:05:10.280741,Kardinal-Nagl-Platz U,11,347613
2026-02-03T00:05:10.280741,Kardinal-Nagl-Platz U,11,348394
2026-02-03T00:05:10.280741,Kardinal-Nagl-Platz U,11,348019
2026-02-03T00:05:10.280741,Kardinal-Nagl-Platz U,11,348665
2026-02-03T00:05:10.280741,Kardinal-Nagl-Platz U,11,348636
2026-02-03T00:05:10.280741,Kardinal-Nagl-Platz U,11,348600
2026-02-03T00:05:10.280741,Kärntner Ring,6,345297
2026-02-03T00:05:10.280741,Kärntner Ring,6,346292
2026-02-03T00:05:10.280741,Kärntner Ring,6,346138
2026-02-03T00:05:10.280741,Kärntner Ring,6,347480
2026-02-03T00:05:10.280741,Kärntner Ring,6,347464
2026-02-03T00:05:10.280741,Kärntner Ring,6,347229
2026-02-03T00:05:10.280741,Schottenring U,13,345934
2026-02-03T00:05:10.280741,Schottenring U,13,345869
2026-02-03T00:05:10.280741,Schottenring U,13,345688
2026-02-03T00:05:10.280741,Schottenring U,13,346226
2026-02-03T00:05:10.280741,Schottenring U,13,346000
2026-02-03T00:05:10.280741,Schottenring U,13,346734
2026-02-03T00:05:10.280741,Schottenring U,13,347483
2026-02-03T00:05:10.280741,Schottenring U,13,348431
2026-02-03T00:05:10.280741,Schottenring U,13,348348
2026-02-03T00:05:10.280741,Schottenring U,13,348245
2026-02-03T00:05:10.280741,Schottenring U,13,348685
2026-02-03T00:05:10.280741,Schottenring U,13,398853
2026-02-03T00:05:10.280741,Schottenring U,13,398788
2026-02-03T00:05:10.280741,Strozzigasse,6,345477
2026-02-03T00:05:10.280741,Strozzigasse,6,345384
2026-02-03T00:05:10.280741,Strozzigasse,6,346250
2026-02-03T00:05:10.280741,Strozzigasse,6,346861
2026-02-03T00:05:10.280741,Strozzigasse,6,347388
2026-02-03T00:05:10.280741,Strozzigasse,6,347776
2026-02-03T00:05:10.280741,Yppengasse,7,345191
2026-02-03T00:05:10.280741,Yppengasse,7,346404
2026-02-03T00:05:10.280741,Yppengasse,7,346285
2026-02-03T00:05:10.280741,Yppengasse,7,346883
2026-02-03T00:05:10.280741,Yppengasse,7,347603
2026-02-03T00:05:10.280741,Yppengasse,7,348454
2026-02-03T00:05:10.280741,Yppengasse,7,398749
2026-02-03T00:05:10.280741,Stefan-Fadinger-Platz,5,345232
2026-02-03T00:05:10.280741,Stefan-Fadinger-Platz,5,345863
2026-02-03T00:05:10.280741,Stefan-Fadinger-Platz,5,346534
2026-02-03T00:05:10.280741,Stefan-Fadinger-Platz,5,347006
2026-02-03T00:05:10.280741,Stefan-Fadinger-Platz,5,347561
2026-02-03T00:05:10.280741,Brünnlbadgasse,8,345171
2026-02-03T00:05:10.280741,Brünnlbadgasse,8,345163
2026-02-03T00:05:10.280741,Brünnlbadgasse,8,347084
2026-02-03T00:05:10.280741,Brünnlbadgasse,8,347058
2026-02-03T00:05:10.280741,Brünnlbadgasse,8,348467
2026-02-03T00:05:10.280741,Brünnlbadgasse,8,348249
2026-02-03T00:05:10.280741,Brünnlbadgasse,8,348247
2026-02-03T00:05:10.280741,Brünnlbadgasse,8,348146
2026-02-03T00:05:10.280741,Obere Augartenstraße,16,345131
2026-02-03T00:05:10.280741,Obere Augartenstraße,16,345974
2026-02-03T00:05:10.280741,Obere Augartenstraße,16,345929
2026-02-03T00:05:10.280741,Obere Augartenstraße,16,345744
2026-02-03T00:05:10.280741,Obere Augartenstraße,16,346405
2026-02-03T00:05:10.280741,Obere Augartenstraße,16,346387
2026-02-03T00:05:10.280741,Obere Augartenstraße,16,347378
2026-02-03T00:05:10.280741,Obere Augartenstraße,16,347073
2026-02-03T00:05:10.280741,Obere Augartenstraße,16,347993
2026-02-03T00:05:10.280741,Obere Augartenstraße,16,347975
2026-02-03T00:05:10.280741,Obere Augartenstraße,16,347880
2026-02-03T00:05:10.280741,Obere Augartenstraße,16,347808
2026-02-03T00:05:10.280741,Obere Augartenstraße,16,347586
2026-02-03T00:05:10.280741,Obere Augartenstraße,16,348143
2026-02-03T00:05:10.280741,Obere Augartenstraße,16,348659
2026-02-03T00:05:10.280741,Obere Augartenstraße,16,349194
2026-02-03T00:05:10.280741,Gußhausstraße / Argentinierstraße,14,345700
2026-02-03T00:05:10.280741,Gußhausstraße / Argentinierstraße,14,346485
2026-02-03T00:05:10.280741,Gußhausstraße / Argentinierstraße,14,346931
2026-02-03T00:05:10.280741,Gußhausstraße / Argentinierstraße,14,346921
2026-02-03T00:05:10.280741,Gußhausstraße / Argentinierstraße,14,347361
2026-02-03T00:05:10.280741,Gußhausstraße / Argentinierstraße,14,347068
2026-02-03T00:05:10.280741,Gußhausstraße / Argentinierstraße,14,348337
2026-02-03T00:05:10.280741,Gußhausstraße / Argentinierstraße,14,348278
2026-02-03T00:05:10.280741,Gußhausstraße / Argentinierstraße,14,348208
2026-02-03T00:05:10.280741,Gußhausstraße / Argentinierstraße,14,348591
2026-02-03T00:05:10.280741,Gußhausstraße / Argentinierstraße,14,349078
2026-02-03T00:05:10.280741,Gußhausstraße / Argentinierstraße,14,349025
2026-02-03T00:05:10.280741,Gußhausstraße / Argentinierstraße,14,348920
2026-02-03T00:05:10.280741,Gußhausstraße / Argentinierstraße,14,348906
2026-02-03T00:05:10.280741,Marschallplatz,10,345212
2026-02-03T00:05:10.280741,Marschallplatz,10,345981
2026-02-03T00:05:10.280741,Marschallplatz,10,345561
2026-02-03T00:05:10.280741,Marschallplatz,10,345542
2026-02-03T00:05:10.280741,Marschallplatz,10,346410
2026-02-03T00:05:10.280741,Marschallplatz,10,346221
2026-02-03T00:05:10.280741,Marschallplatz,10,347466
2026-02-03T00:05:10.280741,Marschallplatz,10,348626
2026-02-03T00:05:10.280741,Marschallplatz,10,349113
2026-02-03T00:05:10.280741,Marschallplatz,10,348823
2026-02-03T00:05:10.280741,Ober St. Veit U,11,345418
2026-02-03T00:05:10.280741,Ober St. Veit U,11,345063
2026-02-03T00:05:10.280741,Ober St. Veit U,11,346039
2026-02-03T00:05:10.280741,Ober St. Veit U,11,346683
2026-02-03T00:05:10.280741,Ober St. Veit U,11,347290
2026-02-03T00:05:10.280741,Ober St. Veit U,11,347114
2026-02-03T00:05:10.280741,Ober St. Veit U,11,347104
2026-02-03T00:05:10.280741,Ober St. Veit U,11,347853
2026-02-03T00:05:10.280741,Ober St. Veit U,11,347814
2026-02-03T00:05:10.280741,Ober St. Veit U,11,347687
2026-02-03T00:05:10.280741,Ober St. Veit U,11,347617
2026-02-03T00:05:10.280741,Auf der Schmelz,28,345443
2026-02-03T00:05:10.280741,Auf der Schmelz,28,345432
2026-02-03T00:05:10.280741,Auf der Schmelz,28,345240
2026-02-03T00:05:10.280741,Auf der Schmelz,28,345211
2026-02-03T00:05:10.280741,Auf der Schmelz,28,345185
2026-02-03T00:05:10.280741,Auf der Schmelz,28,345107
2026-02-03T00:05:10.280741,Auf der Schmelz,28,345745
2026-02-03T00:05:10.280741,Auf der Schmelz,28,345719
2026-02-03T00:05:10.280741,Auf der Schmelz,28,345516
2026-02-03T00:05:10.280741,Auf der Schmelz,28,346417
2026-02-03T00:05:10.280741,Auf der Schmelz,28,346277
2026-02-03T00:05:10.280741,Auf der Schmelz,28,346188
2026-02-03T00:05:10.280741,Auf der Schmelz,28,346084
2026-02-03T00:05:10.280741,Auf der Schmelz,28,346951
2026-02-03T00:05:10.280741,Auf der Schmelz,28,346816
2026-02-03T00:05:10.280741,Auf der Schmelz,28,346723
2026-02-03T00:05:10.280741,Auf der Schmelz,28,346719
2026-02-03T00:05:10.280741,Auf der Schmelz,28,346558
2026-02-03T00:05:10.280741,Auf der Schmelz,28,347468
2026-02-03T00:05:10.280741,Auf der Schmelz,28,347267
2026-02-03T00:05:10.280741,Auf der Schmelz,28,347507
2026-02-03T00:05:10.280741,Auf der Schmelz,28,348422
2026-02-03T00:05:10.280741,Auf der Schmelz,28,348402
2026-02-03T00:05:10.280741,Auf der Schmelz,28,348363
2026-02-03T00:05:10.280741,Auf der Schmelz,28,348300
2026-02-03T00:05:10.280741,Auf der Schmelz,28,348002
2026-02-03T00:05:10.280741,Auf der Schmelz,28,398852
2026-02-03T00:05:10.280741,Auf der Schmelz,28,398865
2026-02-03T00:05:10.280741,Grimmgasse,16,345805
2026-02-03T00:05:10.280741,Grimmgasse,16,345776
2026-02-03T00:05:10.280741,Grimmgasse,16,345758
2026-02-03T00:05:10.280741,Grimmgasse,16,345739
2026-02-03T00:05:10.280741,Grimmgasse,16,345694
2026-02-03T00:05:10.280741,Grimmgasse,16,345597
2026-02-03T00:05:10.280741,Grimmgasse,16,346998
2026-02-03T00:05:10.280741,Grimmgasse,16,346900
2026-02-03T00:05:10.280741,Grimmgasse,16,346647
2026-02-03T00:05:10.280741,Grimmgasse,16,347954
2026-02-03T00:05:10.280741,Grimmgasse,16,347780
2026-02-03T00:05:10.280741,Grimmgasse,16,348388
2026-02-03T00:05:10.280741,Grimmgasse,16,348676
2026-02-03T00:05:10.280741,Grimmgasse,16,398805
2026-02-03T00:05:10.280741,Grimmgasse,16,348850
2026-02-03T00:05:10.280741,Grimmgasse,16,398867
2026-02-03T00:05:10.280741,Parhamerplatz,29,345348
2026-02-03T00:05:10.280741,Parhamerplatz,29,345269
2026-02-03T00:05:10.280741,Parhamerplatz,29,345095
2026-02-03T00:05:10.280741,Parhamerplatz,29,345074
2026-02-03T00:05:10.280741,Parhamerplatz,29,345881
2026-02-03T00:05:10.280741,Parhamerplatz,29,345849
2026-02-03T00:05:10.280741,Parhamerplatz,29,345768
2026-02-03T00:05:10.280741,Parhamerplatz,29,345600
2026-02-03T00:05:10.280741,Parhamerplatz,29,346475
2026-02-03T00:05:10.280741,Parhamerplatz,29,346210
2026-02-03T00:05:10.280741,Parhamerplatz,29,346105
2026-02-03T00:05:10.280741,Parhamerplatz,29,346069
2026-02-03T00:05:10.280741,Parhamerplatz,29,346957
2026-02-03T00:05:10.280741,Parhamerplatz,29,346891
2026-02-03T00:05:10.280741,Parhamerplatz,29,346778
2026-02-03T00:05:10.280741,Parhamerplatz,29,346646
2026-02-03T00:05:10.280741,Parhamerplatz,29,346610
2026-02-03T00:05:10.280741,Parhamerplatz,29,346569
2026-02-03T00:05:10.280741,Parhamerplatz,29,347884
2026-02-03T00:05:10.280741,Parhamerplatz,29,347868
2026-02-03T00:05:10.280741,Parhamerplatz,29,347791
2026-02-03T00:05:10.280741,Parhamerplatz,29,347786
2026-02-03T00:05:10.280741,Parhamerplatz,29,348379
2026-02-03T00:05:10.280741,Parhamerplatz,29,348345
2026-02-03T00:05:10.280741,Parhamerplatz,29,348237
2026-02-03T00:05:10.280741,Parhamerplatz,29,348099
2026-02-03T00:05:10.280741,Parhamerplatz,29,348588
2026-02-03T00:05:10.280741,Parhamerplatz,29,398730
2026-02-03T00:05:10.280741,Parhamerplatz,29,348907
2026-02-03T00:05:10.280741,Kendlerstraße U,20,345167
2026-02-03T00:05:10.280741,Kendlerstraße U,20,345081
2026-02-03T00:05:10.280741,Kendlerstraße U,20,345060
2026-02-03T00:05:10.280741,Kendlerstraße U,20,345959
2026-02-03T00:05:10.280741,Kendlerstraße U,20,345928
2026-02-03T00:05:10.280741,Kendlerstraße U,20,345807
2026-02-03T00:05:10.280741,Kendlerstraße U,20,345622
2026-02-03T00:05:10.280741,Kendlerstraße U,20,345531
2026-02-03T00:05:10.280741,Kendlerstraße U,20,346251
2026-02-03T00:05:10.280741,Kendlerstraße U,20,347057
2026-02-03T00:05:10.280741,Kendlerstraße U,20,347024
2026-02-03T00:05:10.280741,Kendlerstraße U,20,347999
2026-02-03T00:05:10.280741,Kendlerstraße U,20,347812
2026-02-03T00:05:10.280741,Kendlerstraße U,20,347558
2026-02-03T00:05:10.280741,Kendlerstraße U,20,348286
2026-02-03T00:05:10.280741,Kendlerstraße U,20,348157
2026-02-03T00:05:10.280741,Kendlerstraße U,20,348045
2026-02-03T00:05:10.280741,Kendlerstraße U,20,398825
2026-02-03T00:05:10.280741,Kendlerstraße U,20,348972
2026-02-03T00:05:10.280741,Kendlerstraße U,20,349116
2026-02-03T00:05:10.280741,Dornerplatz,15,345425
2026-02-03T00:05:10.280741,Dornerplatz,15,345344
2026-02-03T00:05:10.280741,Dornerplatz,15,345214
2026-02-03T00:05:10.280741,Dornerplatz,15,345675
2026-02-03T00:05:10.280741,Dornerplatz,15,345584
2026-02-03T00:05:10.280741,Dornerplatz,15,346384
2026-02-03T00:05:10.280741,Dornerplatz,15,346704
2026-02-03T00:05:10.280741,Dornerplatz,15,347746
2026-02-03T00:05:10.280741,Dornerplatz,15,348236
2026-02-03T00:05:10.280741,Dornerplatz,15,348107
2026-02-03T00:05:10.280741,Dornerplatz,15,348032
2026-02-03T00:05:10.280741,Dornerplatz,15,348587
2026-02-03T00:05:10.280741,Dornerplatz,15,348918
2026-02-03T00:05:10.280741,Dornerplatz,15,348832
2026-02-03T00:05:10.280741,Dornerplatz,15,348831
2026-02-03T00:05:10.280741,Hernals S,16,345184
2026-02-03T00:05:10.280741,Hernals S,16,345139
2026-02-03T00:05:10.280741,Hernals S,16,345927
2026-02-03T00:05:10.280741,Hernals S,16,345888
2026-02-03T00:05:10.280741,Hernals S,16,346480
2026-02-03T00:05:10.280741,Hernals S,16,346363
2026-02-03T00:05:10.280741,Hernals S,16,346727
2026-02-03T00:05:10.280741,Hernals S,16,346674
2026-02-03T00:05:10.280741,Hernals S,16,347462
2026-02-03T00:05:10.280741,Hernals S,16,347449
2026-02-03T00:05:10.280741,Hernals S,16,347311
2026-02-03T00:05:10.280741,Hernals S,16,347845
2026-02-03T00:05:10.280741,Hernals S,16,348313
2026-02-03T00:05:10.280741,Hernals S,16,348015
2026-02-03T00:05:10.280741,Hernals S,16,349030
2026-02-03T00:05:10.280741,Hernals S,16,348956
2026-02-03T00:05:10.280741,Schmelzbrücke,11,345317
2026-02-03T00:05:10.280741,Schmelzbrücke,11,345235
2026-02-03T00:05:10.280741,Schmelzbrücke,11,345096
2026-02-03T00:05:10.280741,Schmelzbrücke,11,346425
2026-02-03T00:05:10.280741,Schmelzbrücke,11,346029
2026-02-03T00:05:10.280741,Schmelzbrücke,11,347155
2026-02-03T00:05:10.280741,Schmelzbrücke,11,347910
2026-02-03T00:05:10.280741,Schmelzbrücke,11,347510
2026-02-03T00:05:10.280741,Schmelzbrücke,11,348424
2026-02-03T00:05:10.280741,Schmelzbrücke,11,348356
2026-02-03T00:05:10.280741,Schmelzbrücke,11,348065
2026-02-03T00:05:10.280741,Michelbeuern-AKH U,23,345497
2026-02-03T00:05:10.280741,Michelbeuern-AKH U,23,345962
2026-02-03T00:05:10.280741,Michelbeuern-AKH U,23,345918
2026-02-03T00:05:10.280741,Michelbeuern-AKH U,23,345911
2026-02-03T00:05:10.280741,Michelbeuern-AKH U,23,345699
2026-02-03T00:05:10.280741,Michelbeuern-AKH U,23,346324
2026-02-03T00:05:10.280741,Michelbeuern-AKH U,23,346204
2026-02-03T00:05:10.280741,Michelbeuern-AKH U,23,346192
2026-02-03T00:05:10.280741,Michelbeuern-AKH U,23,346088
2026-02-03T00:05:10.280741,Michelbeuern-AKH U,23,346050
2026-02-03T00:05:10.280741,Michelbeuern-AKH U,23,346720
2026-02-03T00:05:10.280741,Michelbeuern-AKH U,23,346665
2026-02-03T00:05:10.280741,Michelbeuern-AKH U,23,346514
2026-02-03T00:05:10.280741,Michelbeuern-AKH U,23,347458
2026-02-03T00:05:10.280741,Michelbeuern-AKH U,23,347347
2026-02-03T00:05:10.280741,Michelbeuern-AKH U,23,347213
2026-02-03T00:05:10.280741,Michelbeuern-AKH U,23,347167
2026-02-03T00:05:10.280741,Michelbeuern-AKH U,23,347535
2026-02-03T00:05:10.280741,Michelbeuern-AKH U,23,348327
2026-02-03T00:05:10.280741,Michelbeuern-AKH U,23,348122
2026-02-03T00:05:10.280741,Michelbeuern-AKH U,23,348688
2026-02-03T00:05:10.280741,Michelbeuern-AKH U,23,398854
2026-02-03T00:05:10.280741,Michelbeuern-AKH U,23,398820
2026-02-03T00:05:10.280741,Johann-Nepomuk-Vogl-Platz,6,345154
2026-02-03T00:05:10.280741,Johann-Nepomuk-Vogl-Platz,6,346357
2026-02-03T00:05:10.280741,Johann-Nepomuk-Vogl-Platz,6,347906
2026-02-03T00:05:10.280741,Johann-Nepomuk-Vogl-Platz,6,348392
2026-02-03T00:05:10.280741,Johann-Nepomuk-Vogl-Platz,6,349064
2026-02-03T00:05:10.280741,Johann-Nepomuk-Vogl-Platz,6,349198
2026-02-03T00:05:10.280741,Mayerhofgasse,8,345441
2026-02-03T00:05:10.280741,Mayerhofgasse,8,345328
2026-02-03T00:05:10.280741,Mayerhofgasse,8,345682
2026-02-03T00:05:10.280741,Mayerhofgasse,8,346999
2026-02-03T00:05:10.280741,Mayerhofgasse,8,347416
2026-02-03T00:05:10.280741,Mayerhofgasse,8,347355
2026-02-03T00:05:10.280741,Mayerhofgasse,8,347346
2026-02-03T00:05:10.280741,Mayerhofgasse,8,348819
2026-02-03T00:05:10.280741,Westbahnstraße / Schottenfeldgasse,1,349106
2026-02-03T00:05:10.280741,Vorgartenstraße U,15,345820
2026-02-03T00:05:10.280741,Vorgartenstraße U,15,345788
2026-02-03T00:05:10.280741,Vorgartenstraße U,15,346340
2026-02-03T00:05:10.280741,Vorgartenstraße U,15,346317
2026-02-03T00:05:10.280741,Vorgartenstraße U,15,346136
2026-02-03T00:05:10.280741,Vorgartenstraße U,15,346952
2026-02-03T00:05:10.280741,Vorgartenstraße U,15,346786
2026-02-03T00:05:10.280741,Vorgartenstraße U,15,346779
2026-02-03T00:05:10.280741,Vorgartenstraße U,15,347665
2026-02-03T00:05:10.280741,Vorgartenstraße U,15,348276
2026-02-03T00:05:10.280741,Vorgartenstraße U,15,348201
2026-02-03T00:05:10.280741,Vorgartenstraße U,15,348673
2026-02-03T00:05:10.280741,Vorgartenstraße U,15,398786
2026-02-03T00:05:10.280741,Vorgartenstraße U,15,348810
2026-02-03T00:05:10.280741,Vorgartenstraße U,15,349177
2026-02-03T00:05:10.280741,Krieau U,6,345038
2026-02-03T00:05:10.280741,Krieau U,6,345906
2026-02-03T00:05:10.280741,Krieau U,6,346547
2026-02-03T00:05:10.280741,Krieau U,6,347589
2026-02-03T00:05:10.280741,Krieau U,6,348067
2026-02-03T00:05:10.280741,Krieau U,6,398756
2026-02-03T00:05:10.280741,Ottakring S U,53,345484
2026-02-03T00:05:10.280741,Ottakring S U,53,345224
2026-02-03T00:05:10.280741,Ottakring S U,53,345202
2026-02-03T00:05:10.280741,Ottakring S U,53,345078
2026-02-03T00:05:10.280741,Ottakring S U,53,345867
2026-02-03T00:05:10.280741,Ottakring S U,53,345857
2026-02-03T00:05:10.280741,Ottakring S U,53,345854
2026-02-03T00:05:10.280741,Ottakring S U,53,345827
2026-02-03T00:05:10.280741,Ottakring S U,53,345645
2026-02-03T00:05:10.280741,Ottakring S U,53,345640
2026-02-03T00:05:10.280741,Ottakring S U,53,345593
2026-02-03T00:05:10.280741,Ottakring S U,53,345556
2026-02-03T00:05:10.280741,Ottakring S U,53,345505
2026-02-03T00:05:10.280741,Ottakring S U,53,346493
2026-02-03T00:05:10.280741,Ottakring S U,53,346436
2026-02-03T00:05:10.280741,Ottakring S U,53,346421
2026-02-03T00:05:10.280741,Ottakring S U,53,346288
2026-02-03T00:05:10.280741,Ottakring S U,53,346257
2026-02-03T00:05:10.280741,Ottakring S U,53,346119
2026-02-03T00:05:10.280741,Ottakring S U,53,346093
2026-02-03T00:05:10.280741,Ottakring S U,53,346974
2026-02-03T00:05:10.280741,Ottakring S U,53,346913
2026-02-03T00:05:10.280741,Ottakring S U,53,346854
2026-02-03T00:05:10.280741,Ottakring S U,53,346844
2026-02-03T00:05:10.280741,Ottakring S U,53,346768
2026-02-03T00:05:10.280741,Ottakring S U,53,346744
2026-02-03T00:05:10.280741,Ottakring S U,53,346711
2026-02-03T00:05:10.280741,Ottakring S U,53,346677
2026-02-03T00:05:10.280741,Ottakring S U,53,346659
2026-02-03T00:05:10.280741,Ottakring S U,53,346650
2026-02-03T00:05:10.280741,Ottakring S U,53,346614
2026-02-03T00:05:10.280741,Ottakring S U,53,346613
2026-02-03T00:05:10.280741,Ottakring S U,53,346580
2026-02-03T00:05:10.280741,Ottakring S U,53,347478
2026-02-03T00:05:10.280741,Ottakring S U,53,347382
2026-02-03T00:05:10.280741,Ottakring S U,53,347325
2026-02-03T00:05:10.280741,Ottakring S U,53,347115
2026-02-03T00:05:10.280741,Ottakring S U,53,347081
2026-02-03T00:05:10.280741,Ottakring S U,53,347854
2026-02-03T00:05:10.280741,Ottakring S U,53,347691
2026-02-03T00:05:10.280741,Ottakring S U,53,347624
2026-02-03T00:05:10.280741,Ottakring S U,53,347564
2026-02-03T00:05:10.280741,Ottakring S U,53,347554
2026-02-03T00:05:10.280741,Ottakring S U,53,347549
2026-02-03T00:05:10.280741,Ottakring S U,53,348162
2026-02-03T00:05:10.280741,Ottakring S U,53,348155
2026-02-03T00:05:10.280741,Ottakring S U,53,348149
2026-02-03T00:05:10.280741,Ottakring S U,53,348109
2026-02-03T00:05:10.280741,Ottakring S U,53,348036
2026-02-03T00:05:10.280741,Ottakring S U,53,348013
2026-02-03T00:05:10.280741,Ottakring S U,53,398836
2026-02-03T00:05:10.280741,Ottakring S U,53,398743
2026-02-03T00:05:10.280741,Ottakring S U,53,348836
2026-02-03T00:05:10.280741,Hartmanngasse ,5,345011
2026-02-03T00:05:10.280741,Hartmanngasse ,5,345903
2026-02-03T00:05:10.280741,Hartmanngasse ,5,348038
2026-02-03T00:05:10.280741,Hartmanngasse ,5,348925
2026-02-03T00:05:10.280741,Hartmanngasse ,5,349197
2026-02-03T00:05:10.280741,Nestroyplatz U,12,345128
2026-02-03T00:05:10.280741,Nestroyplatz U,12,345071
2026-02-03T00:05:10.280741,Nestroyplatz U,12,345069
2026-02-03T00:05:10.280741,Nestroyplatz U,12,346092
2026-02-03T00:05:10.280741,Nestroyplatz U,12,346973
2026-02-03T00:05:10.280741,Nestroyplatz U,12,347834
2026-02-03T00:05:10.280741,Nestroyplatz U,12,347633
2026-02-03T00:05:10.280741,Nestroyplatz U,12,348347
2026-02-03T00:05:10.280741,Nestroyplatz U,12,348321
2026-02-03T00:05:10.280741,Nestroyplatz U,12,348305
2026-02-03T00:05:10.280741,Nestroyplatz U,12,348299
2026-02-03T00:05:10.280741,Nestroyplatz U,12,348051
2026-02-03T00:05:10.280741,Messe-Prater U,30,345453
2026-02-03T00:05:10.280741,Messe-Prater U,30,345449
2026-02-03T00:05:10.280741,Messe-Prater U,30,345875
2026-02-03T00:05:10.280741,Messe-Prater U,30,345771
2026-02-03T00:05:10.280741,Messe-Prater U,30,346431
2026-02-03T00:05:10.280741,Messe-Prater U,30,346430
2026-02-03T00:05:10.280741,Messe-Prater U,30,346401
2026-02-03T00:05:10.280741,Messe-Prater U,30,346240
2026-02-03T00:05:10.280741,Messe-Prater U,30,346231
2026-02-03T00:05:10.280741,Messe-Prater U,30,346197
2026-02-03T00:05:10.280741,Messe-Prater U,30,346671
2026-02-03T00:05:10.280741,Messe-Prater U,30,346662
2026-02-03T00:05:10.280741,Messe-Prater U,30,347265
2026-02-03T00:05:10.280741,Messe-Prater U,30,347252
2026-02-03T00:05:10.280741,Messe-Prater U,30,347239
2026-02-03T00:05:10.280741,Messe-Prater U,30,347151
2026-02-03T00:05:10.280741,Messe-Prater U,30,347136
2026-02-03T00:05:10.280741,Messe-Prater U,30,347796
2026-02-03T00:05:10.280741,Messe-Prater U,30,347709
2026-02-03T00:05:10.280741,Messe-Prater U,30,348429
2026-02-03T00:05:10.280741,Messe-Prater U,30,348428
2026-02-03T00:05:10.280741,Messe-Prater U,30,348339
2026-02-03T00:05:10.280741,Messe-Prater U,30,348252
2026-02-03T00:05:10.280741,Messe-Prater U,30,348131
2026-02-03T00:05:10.280741,Messe-Prater U,30,348128
2026-02-03T00:05:10.280741,Messe-Prater U,30,348035
2026-02-03T00:05:10.280741,Messe-Prater U,30,348004
2026-02-03T00:05:10.280741,Messe-Prater U,30,348573
2026-02-03T00:05:10.280741,Messe-Prater U,30,349023
2026-02-03T00:05:10.280741,Messe-Prater U,30,348927
2026-02-03T00:05:10.280741,Loquaiplatz,17,345411
2026-02-03T00:05:10.280741,Loquaiplatz,17,345141
2026-02-03T00:05:10.280741,Loquaiplatz,17,345987
2026-02-03T00:05:10.280741,Loquaiplatz,17,345808
2026-02-03T00:05:10.280741,Loquaiplatz,17,345738
2026-02-03T00:05:10.280741,Loquaiplatz,17,346391
2026-02-03T00:05:10.280741,Loquaiplatz,17,346372
2026-02-03T00:05:10.280741,Loquaiplatz,17,346313
2026-02-03T00:05:10.280741,Loquaiplatz,17,346102
2026-02-03T00:05:10.280741,Loquaiplatz,17,346864
2026-02-03T00:05:10.280741,Loquaiplatz,17,347163
2026-02-03T00:05:10.280741,Loquaiplatz,17,347103
2026-02-03T00:05:10.280741,Loquaiplatz,17,347663
2026-02-03T00:05:10.280741,Loquaiplatz,17,347650
2026-02-03T00:05:10.280741,Loquaiplatz,17,347580
2026-02-03T00:05:10.280741,Loquaiplatz,17,348483
2026-02-03T00:05:10.280741,Loquaiplatz,17,348350
2026-02-03T00:05:10.280741,Rosensteingasse,25,345472
2026-02-03T00:05:10.280741,Rosensteingasse,25,345304
2026-02-03T00:05:10.280741,Rosensteingasse,25,345057
2026-02-03T00:05:10.280741,Rosensteingasse,25,345993
2026-02-03T00:05:10.280741,Rosensteingasse,25,345955
2026-02-03T00:05:10.280741,Rosensteingasse,25,345876
2026-02-03T00:05:10.280741,Rosensteingasse,25,345775
2026-02-03T00:05:10.280741,Rosensteingasse,25,345668
2026-02-03T00:05:10.280741,Rosensteingasse,25,345638
2026-02-03T00:05:10.280741,Rosensteingasse,25,345517
2026-02-03T00:05:10.280741,Rosensteingasse,25,346444
2026-02-03T00:05:10.280741,Rosensteingasse,25,346191
2026-02-03T00:05:10.280741,Rosensteingasse,25,346133
2026-02-03T00:05:10.280741,Rosensteingasse,25,346066
2026-02-03T00:05:10.280741,Rosensteingasse,25,346028
2026-02-03T00:05:10.280741,Rosensteingasse,25,346701
2026-02-03T00:05:10.280741,Rosensteingasse,25,346574
2026-02-03T00:05:10.280741,Rosensteingasse,25,347367
2026-02-03T00:05:10.280741,Rosensteingasse,25,347296
2026-02-03T00:05:10.280741,Rosensteingasse,25,347211
2026-02-03T00:05:10.280741,Rosensteingasse,25,347020
2026-02-03T00:05:10.280741,Rosensteingasse,25,348391
2026-02-03T00:05:10.280741,Rosensteingasse,25,348369
2026-02-03T00:05:10.280741,Rosensteingasse,25,348223
2026-02-03T00:05:10.280741,Rosensteingasse,25,348574
2026-02-03T00:05:10.280741,Gumpendorfer Gürtel,21,345499
2026-02-03T00:05:10.280741,Gumpendorfer Gürtel,21,345371
2026-02-03T00:05:10.280741,Gumpendorfer Gürtel,21,345338
2026-02-03T00:05:10.280741,Gumpendorfer Gürtel,21,345323
2026-02-03T00:05:10.280741,Gumpendorfer Gürtel,21,345165
2026-02-03T00:05:10.280741,Gumpendorfer Gürtel,21,345833
2026-02-03T00:05:10.280741,Gumpendorfer Gürtel,21,345737
2026-02-03T00:05:10.280741,Gumpendorfer Gürtel,21,345687
2026-02-03T00:05:10.280741,Gumpendorfer Gürtel,21,346383
2026-02-03T00:05:10.280741,Gumpendorfer Gürtel,21,346281
2026-02-03T00:05:10.280741,Gumpendorfer Gürtel,21,346087
2026-02-03T00:05:10.280741,Gumpendorfer Gürtel,21,346959
2026-02-03T00:05:10.280741,Gumpendorfer Gürtel,21,346898
2026-02-03T00:05:10.280741,Gumpendorfer Gürtel,21,347457
2026-02-03T00:05:10.280741,Gumpendorfer Gürtel,21,347284
2026-02-03T00:05:10.280741,Gumpendorfer Gürtel,21,347196
2026-02-03T00:05:10.280741,Gumpendorfer Gürtel,21,347184
2026-02-03T00:05:10.280741,Gumpendorfer Gürtel,21,347957
2026-02-03T00:05:10.280741,Gumpendorfer Gürtel,21,348440
2026-02-03T00:05:10.280741,Gumpendorfer Gürtel,21,348525
2026-02-03T00:05:10.280741,Gumpendorfer Gürtel,21,349178
2026-02-03T00:05:10.280741,Burggasse-Stadthalle U,24,345436
2026-02-03T00:05:10.280741,Burggasse-Stadthalle U,24,345267
2026-02-03T00:05:10.280741,Burggasse-Stadthalle U,24,345178
2026-02-03T00:05:10.280741,Burggasse-Stadthalle U,24,345960
2026-02-03T00:05:10.280741,Burggasse-Stadthalle U,24,345843
2026-02-03T00:05:10.280741,Burggasse-Stadthalle U,24,345669
2026-02-03T00:05:10.280741,Burggasse-Stadthalle U,24,346253
2026-02-03T00:05:10.280741,Burggasse-Stadthalle U,24,346115
2026-02-03T00:05:10.280741,Burggasse-Stadthalle U,24,346941
2026-02-03T00:05:10.280741,Burggasse-Stadthalle U,24,346813
2026-02-03T00:05:10.280741,Burggasse-Stadthalle U,24,346530
2026-02-03T00:05:10.280741,Burggasse-Stadthalle U,24,346521
2026-02-03T00:05:10.280741,Burggasse-Stadthalle U,24,346509
2026-02-03T00:05:10.280741,Burggasse-Stadthalle U,24,347313
2026-02-03T00:05:10.280741,Burggasse-Stadthalle U,24,347100
2026-02-03T00:05:10.280741,Burggasse-Stadthalle U,24,347964
2026-02-03T00:05:10.280741,Burggasse-Stadthalle U,24,347771
2026-02-03T00:05:10.280741,Burggasse-Stadthalle U,24,347593
2026-02-03T00:05:10.280741,Burggasse-Stadthalle U,24,348198
2026-02-03T00:05:10.280741,Burggasse-Stadthalle U,24,348913
2026-02-03T00:05:10.280741,Burggasse-Stadthalle U,24,349204
2026-02-03T00:05:10.280741,Burggasse-Stadthalle U,24,349184
2026-02-03T00:05:10.280741,Burggasse-Stadthalle U,24,349128
2026-02-03T00:05:10.280741,Burggasse-Stadthalle U,24,398866
2026-02-03T00:05:10.280741,Urban-Loritz-Platz,16,345407
2026-02-03T00:05:10.280741,Urban-Loritz-Platz,16,345136
2026-02-03T00:05:10.280741,Urban-Loritz-Platz,16,345860
2026-02-03T00:05:10.280741,Urban-Loritz-Platz,16,345773
2026-02-03T00:05:10.280741,Urban-Loritz-Platz,16,346242
2026-02-03T00:05:10.280741,Urban-Loritz-Platz,16,346234
2026-02-03T00:05:10.280741,Urban-Loritz-Platz,16,346548
2026-02-03T00:05:10.280741,Urban-Loritz-Platz,16,347472
2026-02-03T00:05:10.280741,Urban-Loritz-Platz,16,347302
2026-02-03T00:05:10.280741,Urban-Loritz-Platz,16,347165
2026-02-03T00:05:10.280741,Urban-Loritz-Platz,16,347809
2026-02-03T00:05:10.280741,Urban-Loritz-Platz,16,347773
2026-02-03T00:05:10.280741,Urban-Loritz-Platz,16,347714
2026-02-03T00:05:10.280741,Urban-Loritz-Platz,16,347713
2026-02-03T00:05:10.280741,Urban-Loritz-Platz,16,348001
2026-02-03T00:05:10.280741,Urban-Loritz-Platz,16,348939
2026-02-03T00:05:10.280741,Hanusch Krankenhaus,19,345468
2026-02-03T00:05:10.280741,Hanusch Krankenhaus,19,345330
2026-02-03T00:05:10.280741,Hanusch Krankenhaus,19,345001
2026-02-03T00:05:10.280741,Hanusch Krankenhaus,19,345938
2026-02-03T00:05:10.280741,Hanusch Krankenhaus,19,345506
2026-02-03T00:05:10.280741,Hanusch Krankenhaus,19,346477
2026-02-03T00:05:10.280741,Hanusch Krankenhaus,19,346247
2026-02-03T00:05:10.280741,Hanusch Krankenhaus,19,346025
2026-02-03T00:05:10.280741,Hanusch Krankenhaus,19,346884
2026-02-03T00:05:10.280741,Hanusch Krankenhaus,19,346878
2026-02-03T00:05:10.280741,Hanusch Krankenhaus,19,346858
2026-02-03T00:05:10.280741,Hanusch Krankenhaus,19,347927
2026-02-03T00:05:10.280741,Hanusch Krankenhaus,19,347902
2026-02-03T00:05:10.280741,Hanusch Krankenhaus,19,348449
2026-02-03T00:05:10.280741,Hanusch Krankenhaus,19,349086
2026-02-03T00:05:10.280741,Hanusch Krankenhaus,19,349045
2026-02-03T00:05:10.280741,Hanusch Krankenhaus,19,349037
2026-02-03T00:05:10.280741,Hanusch Krankenhaus,19,349035
2026-02-03T00:05:10.280741,Hanusch Krankenhaus,19,348840
2026-02-03T00:05:10.280741,Westbahnhof S U / Gerstnerstraße,15,345434
2026-02-03T00:05:10.280741,Westbahnhof S U / Gerstnerstraße,15,345138
2026-02-03T00:05:10.280741,Westbahnhof S U / Gerstnerstraße,15,345945
2026-02-03T00:05:10.280741,Westbahnhof S U / Gerstnerstraße,15,346322
2026-02-03T00:05:10.280741,Westbahnhof S U / Gerstnerstraße,15,346238
2026-02-03T00:05:10.280741,Westbahnhof S U / Gerstnerstraße,15,346230
2026-02-03T00:05:10.280741,Westbahnhof S U / Gerstnerstraße,15,346122
2026-02-03T00:05:10.280741,Westbahnhof S U / Gerstnerstraße,15,346926
2026-02-03T00:05:10.280741,Westbahnhof S U / Gerstnerstraße,15,347364
2026-02-03T00:05:10.280741,Westbahnhof S U / Gerstnerstraße,15,348486
2026-02-03T00:05:10.280741,Westbahnhof S U / Gerstnerstraße,15,348135
2026-02-03T00:05:10.280741,Westbahnhof S U / Gerstnerstraße,15,348077
2026-02-03T00:05:10.280741,Westbahnhof S U / Gerstnerstraße,15,348585
2026-02-03T00:05:10.280741,Westbahnhof S U / Gerstnerstraße,15,348540
2026-02-03T00:05:10.280741,Westbahnhof S U / Gerstnerstraße,15,348532
2026-02-03T00:05:10.280741,Wieningerplatz,22,345474
2026-02-03T00:05:10.280741,Wieningerplatz,22,345372
2026-02-03T00:05:10.280741,Wieningerplatz,22,345302
2026-02-03T00:05:10.280741,Wieningerplatz,22,345998
2026-02-03T00:05:10.280741,Wieningerplatz,22,345884
2026-02-03T00:05:10.280741,Wieningerplatz,22,345847
2026-02-03T00:05:10.280741,Wieningerplatz,22,346406
2026-02-03T00:05:10.280741,Wieningerplatz,22,346208
2026-02-03T00:05:10.280741,Wieningerplatz,22,346141
2026-02-03T00:05:10.280741,Wieningerplatz,22,346124
2026-02-03T00:05:10.280741,Wieningerplatz,22,346067
2026-02-03T00:05:10.280741,Wieningerplatz,22,346797
2026-02-03T00:05:10.280741,Wieningerplatz,22,346754
2026-02-03T00:05:10.280741,Wieningerplatz,22,347436
2026-02-03T00:05:10.280741,Wieningerplatz,22,347301
2026-02-03T00:05:10.280741,Wieningerplatz,22,347093
2026-02-03T00:05:10.280741,Wieningerplatz,22,347091
2026-02-03T00:05:10.280741,Wieningerplatz,22,347963
2026-02-03T00:05:10.280741,Wieningerplatz,22,347640
2026-02-03T00:05:10.280741,Wieningerplatz,22,347570
2026-02-03T00:05:10.280741,Wieningerplatz,22,348308
2026-02-03T00:05:10.280741,Wieningerplatz,22,348031
2026-02-03T00:05:10.280741,Markgraf-Rüdiger Straße,25,345496
2026-02-03T00:05:10.280741,Markgraf-Rüdiger Straße,25,345162
2026-02-03T00:05:10.280741,Markgraf-Rüdiger Straße,25,345650
2026-02-03T00:05:10.280741,Markgraf-Rüdiger Straße,25,345550
2026-02-03T00:05:10.280741,Markgraf-Rüdiger Straße,25,346471
2026-02-03T00:05:10.280741,Markgraf-Rüdiger Straße,25,346327
2026-02-03T00:05:10.280741,Markgraf-Rüdiger Straße,25,346282
2026-02-03T00:05:10.280741,Markgraf-Rüdiger Straße,25,346126
2026-02-03T00:05:10.280741,Markgraf-Rüdiger Straße,25,346965
2026-02-03T00:05:10.280741,Markgraf-Rüdiger Straße,25,346940
2026-02-03T00:05:10.280741,Markgraf-Rüdiger Straße,25,346860
2026-02-03T00:05:10.280741,Markgraf-Rüdiger Straße,25,346725
2026-02-03T00:05:10.280741,Markgraf-Rüdiger Straße,25,346709
2026-02-03T00:05:10.280741,Markgraf-Rüdiger Straße,25,346637
2026-02-03T00:05:10.280741,Markgraf-Rüdiger Straße,25,346625
2026-02-03T00:05:10.280741,Markgraf-Rüdiger Straße,25,347319
2026-02-03T00:05:10.280741,Markgraf-Rüdiger Straße,25,347122
2026-02-03T00:05:10.280741,Markgraf-Rüdiger Straße,25,347805
2026-02-03T00:05:10.280741,Markgraf-Rüdiger Straße,25,347679
2026-02-03T00:05:10.280741,Markgraf-Rüdiger Straße,25,348451
2026-02-03T00:05:10.280741,Markgraf-Rüdiger Straße,25,398798
2026-02-03T00:05:10.280741,Markgraf-Rüdiger Straße,25,398769
2026-02-03T00:05:10.280741,Markgraf-Rüdiger Straße,25,398753
2026-02-03T00:05:10.280741,Markgraf-Rüdiger Straße,25,398748
2026-02-03T00:05:10.280741,Markgraf-Rüdiger Straße,25,348849
2026-02-03T00:05:10.280741,Plunkergasse,27,345382
2026-02-03T00:05:10.280741,Plunkergasse,27,345257
2026-02-03T00:05:10.280741,Plunkergasse,27,345948
2026-02-03T00:05:10.280741,Plunkergasse,27,345559
2026-02-03T00:05:10.280741,Plunkergasse,27,345521
2026-02-03T00:05:10.280741,Plunkergasse,27,345519
2026-02-03T00:05:10.280741,Plunkergasse,27,346488
2026-02-03T00:05:10.280741,Plunkergasse,27,346347
2026-02-03T00:05:10.280741,Plunkergasse,27,346266
2026-02-03T00:05:10.280741,Plunkergasse,27,346027
2026-02-03T00:05:10.280741,Plunkergasse,27,346011
2026-02-03T00:05:10.280741,Plunkergasse,27,346820
2026-02-03T00:05:10.280741,Plunkergasse,27,346567
2026-02-03T00:05:10.280741,Plunkergasse,27,346507
2026-02-03T00:05:10.280741,Plunkergasse,27,347326
2026-02-03T00:05:10.280741,Plunkergasse,27,347116
2026-02-03T00:05:10.280741,Plunkergasse,27,347980
2026-02-03T00:05:10.280741,Plunkergasse,27,347914
2026-02-03T00:05:10.280741,Plunkergasse,27,347904
2026-02-03T00:05:10.280741,Plunkergasse,27,347789
2026-02-03T00:05:10.280741,Plunkergasse,27,347695
2026-02-03T00:05:10.280741,Plunkergasse,27,347560
2026-02-03T00:05:10.280741,Plunkergasse,27,347540
2026-02-03T00:05:10.280741,Plunkergasse,27,348407
2026-02-03T00:05:10.280741,Plunkergasse,27,348375
2026-02-03T00:05:10.280741,Plunkergasse,27,348311
2026-02-03T00:05:10.280741,Plunkergasse,27,348882
2026-02-03T00:05:10.280741,Selzergasse,26,345354
2026-02-03T00:05:10.280741,Selzergasse,26,345217
2026-02-03T00:05:10.280741,Selzergasse,26,345111
2026-02-03T00:05:10.280741,Selzergasse,26,345075
2026-02-03T00:05:10.280741,Selzergasse,26,345785
2026-02-03T00:05:10.280741,Selzergasse,26,345703
2026-02-03T00:05:10.280741,Selzergasse,26,345581
2026-02-03T00:05:10.280741,Selzergasse,26,346489
2026-02-03T00:05:10.280741,Selzergasse,26,346442
2026-02-03T00:05:10.280741,Selzergasse,26,346435
2026-02-03T00:05:10.280741,Selzergasse,26,346223
2026-02-03T00:05:10.280741,Selzergasse,26,346157
2026-02-03T00:05:10.280741,Selzergasse,26,346099
2026-02-03T00:05:10.280741,Selzergasse,26,346006
2026-02-03T00:05:10.280741,Selzergasse,26,346676
2026-02-03T00:05:10.280741,Selzergasse,26,346583
2026-02-03T00:05:10.280741,Selzergasse,26,346564
2026-02-03T00:05:10.280741,Selzergasse,26,347459
2026-02-03T00:05:10.280741,Selzergasse,26,347363
2026-02-03T00:05:10.280741,Selzergasse,26,347344
2026-02-03T00:05:10.280741,Selzergasse,26,347327
2026-02-03T00:05:10.280741,Selzergasse,26,347035
2026-02-03T00:05:10.280741,Selzergasse,26,347860
2026-02-03T00:05:10.280741,Selzergasse,26,347763
2026-02-03T00:05:10.280741,Selzergasse,26,348079
2026-02-03T00:05:10.280741,Selzergasse,26,348009
2026-02-03T00:05:10.280741,Westbahnhof S U / Felberstraße,36,345440
2026-02-03T00:05:10.280741,Westbahnhof S U / Felberstraße,36,345395
2026-02-03T00:05:10.280741,Westbahnhof S U / Felberstraße,36,345305
2026-02-03T00:05:10.280741,Westbahnhof S U / Felberstraße,36,345241
2026-02-03T00:05:10.280741,Westbahnhof S U / Felberstraße,36,345153
2026-02-03T00:05:10.280741,Westbahnhof S U / Felberstraße,36,345100
2026-02-03T00:05:10.280741,Westbahnhof S U / Felberstraße,36,345067
2026-02-03T00:05:10.280741,Westbahnhof S U / Felberstraße,36,345999
2026-02-03T00:05:10.280741,Westbahnhof S U / Felberstraße,36,345880
2026-02-03T00:05:10.280741,Westbahnhof S U / Felberstraße,36,345806
2026-02-03T00:05:10.280741,Westbahnhof S U / Felberstraße,36,345731
2026-02-03T00:05:10.280741,Westbahnhof S U / Felberstraße,36,345540
2026-02-03T00:05:10.280741,Westbahnhof S U / Felberstraße,36,345537
2026-02-03T00:05:10.280741,Westbahnhof S U / Felberstraße,36,346441
2026-02-03T00:05:10.280741,Westbahnhof S U / Felberstraße,36,346312
2026-02-03T00:05:10.280741,Westbahnhof S U / Felberstraße,36,346283
2026-02-03T00:05:10.280741,Westbahnhof S U / Felberstraße,36,346160
2026-02-03T00:05:10.280741,Westbahnhof S U / Felberstraße,36,346145
2026-02-03T00:05:10.280741,Westbahnhof S U / Felberstraße,36,346947
2026-02-03T00:05:10.280741,Westbahnhof S U / Felberstraße,36,346895
2026-02-03T00:05:10.280741,Westbahnhof S U / Felberstraße,36,346568
2026-02-03T00:05:10.280741,Westbahnhof S U / Felberstraße,36,347491
2026-02-03T00:05:10.280741,Westbahnhof S U / Felberstraße,36,347349
2026-02-03T00:05:10.280741,Westbahnhof S U / Felberstraße,36,347331
2026-02-03T00:05:10.280741,Westbahnhof S U / Felberstraße,36,347683
2026-02-03T00:05:10.280741,Westbahnhof S U / Felberstraße,36,347634
2026-02-03T00:05:10.280741,Westbahnhof S U / Felberstraße,36,347581
2026-02-03T00:05:10.280741,Westbahnhof S U / Felberstraße,36,348437
2026-02-03T00:05:10.280741,Westbahnhof S U / Felberstraße,36,348352
2026-02-03T00:05:10.280741,Westbahnhof S U / Felberstraße,36,348351
2026-02-03T00:05:10.280741,Westbahnhof S U / Felberstraße,36,348332
2026-02-03T00:05:10.280741,Westbahnhof S U / Felberstraße,36,348320
2026-02-03T00:05:10.280741,Westbahnhof S U / Felberstraße,36,348317
2026-02-03T00:05:10.280741,Westbahnhof S U / Felberstraße,36,348165
2026-02-03T00:05:10.280741,Westbahnhof S U / Felberstraße,36,348133
2026-02-03T00:05:10.280741,Westbahnhof S U / Felberstraße,36,348649
2026-02-03T00:05:10.280741,Kundratstraße,4,346843
2026-02-03T00:05:10.280741,Kundratstraße,4,347628
2026-02-03T00:05:10.280741,Kundratstraße,4,349110
2026-02-03T00:05:10.280741,Kundratstraße,4,348842
2026-02-03T00:05:10.280741,Arthaberplatz,26,345452
2026-02-03T00:05:10.280741,Arthaberplatz,26,345438
2026-02-03T00:05:10.280741,Arthaberplatz,26,345378
2026-02-03T00:05:10.280741,Arthaberplatz,26,345274
2026-02-03T00:05:10.280741,Arthaberplatz,26,345137
2026-02-03T00:05:10.280741,Arthaberplatz,26,345904
2026-02-03T00:05:10.280741,Arthaberplatz,26,345823
2026-02-03T00:05:10.280741,Arthaberplatz,26,345811
2026-02-03T00:05:10.280741,Arthaberplatz,26,345810
2026-02-03T00:05:10.280741,Arthaberplatz,26,345512
2026-02-03T00:05:10.280741,Arthaberplatz,26,346450
2026-02-03T00:05:10.280741,Arthaberplatz,26,346274
2026-02-03T00:05:10.280741,Arthaberplatz,26,346258
2026-02-03T00:05:10.280741,Arthaberplatz,26,346757
2026-02-03T00:05:10.280741,Arthaberplatz,26,347397
2026-02-03T00:05:10.280741,Arthaberplatz,26,347389
2026-02-03T00:05:10.280741,Arthaberplatz,26,347386
2026-02-03T00:05:10.280741,Arthaberplatz,26,347227
2026-02-03T00:05:10.280741,Arthaberplatz,26,347021
2026-02-03T00:05:10.280741,Arthaberplatz,26,347002
2026-02-03T00:05:10.280741,Arthaberplatz,26,347893
2026-02-03T00:05:10.280741,Arthaberplatz,26,347567
2026-02-03T00:05:10.280741,Arthaberplatz,26,348683
2026-02-03T00:05:10.280741,Arthaberplatz,26,348639
2026-02-03T00:05:10.280741,Arthaberplatz,26,398826
2026-02-03T00:05:10.280741,Arthaberplatz,26,398791
2026-02-03T00:05:10.280741,Karmeliterplatz,9,345135
2026-02-03T00:05:10.280741,Karmeliterplatz,9,346305
2026-02-03T00:05:10.280741,Karmeliterplatz,9,346215
2026-02-03T00:05:10.280741,Karmeliterplatz,9,346018
2026-02-03T00:05:10.280741,Karmeliterplatz,9,347403
2026-02-03T00:05:10.280741,Karmeliterplatz,9,347926
2026-02-03T00:05:10.280741,Karmeliterplatz,9,347550
2026-02-03T00:05:10.280741,Karmeliterplatz,9,348224
2026-02-03T00:05:10.280741,Karmeliterplatz,9,349161
2026-02-03T00:05:10.280741,Fröbelgasse,31,345461
2026-02-03T00:05:10.280741,Fröbelgasse,31,345423
2026-02-03T00:05:10.280741,Fröbelgasse,31,345077
2026-02-03T00:05:10.280741,Fröbelgasse,31,345957
2026-02-03T00:05:10.280741,Fröbelgasse,31,345789
2026-02-03T00:05:10.280741,Fröbelgasse,31,345763
2026-02-03T00:05:10.280741,Fröbelgasse,31,346479
2026-02-03T00:05:10.280741,Fröbelgasse,31,346422
2026-02-03T00:05:10.280741,Fröbelgasse,31,346403
2026-02-03T00:05:10.280741,Fröbelgasse,31,346356
2026-02-03T00:05:10.280741,Fröbelgasse,31,346097
2026-02-03T00:05:10.280741,Fröbelgasse,31,346062
2026-02-03T00:05:10.280741,Fröbelgasse,31,346849
2026-02-03T00:05:10.280741,Fröbelgasse,31,346706
2026-02-03T00:05:10.280741,Fröbelgasse,31,346636
2026-02-03T00:05:10.280741,Fröbelgasse,31,346554
2026-02-03T00:05:10.280741,Fröbelgasse,31,347448
2026-02-03T00:05:10.280741,Fröbelgasse,31,347342
2026-02-03T00:05:10.280741,Fröbelgasse,31,347172
2026-02-03T00:05:10.280741,Fröbelgasse,31,347032
2026-02-03T00:05:10.280741,Fröbelgasse,31,347989
2026-02-03T00:05:10.280741,Fröbelgasse,31,347951
2026-02-03T00:05:10.280741,Fröbelgasse,31,347859
2026-02-03T00:05:10.280741,Fröbelgasse,31,347797
2026-02-03T00:05:10.280741,Fröbelgasse,31,347730
2026-02-03T00:05:10.280741,Fröbelgasse,31,348462
2026-02-03T00:05:10.280741,Fröbelgasse,31,348364
2026-02-03T00:05:10.280741,Fröbelgasse,31,348336
2026-02-03T00:05:10.280741,Fröbelgasse,31,348647
2026-02-03T00:05:10.280741,Fröbelgasse,31,348515
2026-02-03T00:05:10.280741,Fröbelgasse,31,398845
2026-02-03T00:05:10.280741,Reumannplatz U,13,345169
2026-02-03T00:05:10.280741,Reumannplatz U,13,345992
2026-02-03T00:05:10.280741,Reumannplatz U,13,345873
2026-02-03T00:05:10.280741,Reumannplatz U,13,345629
2026-02-03T00:05:10.280741,Reumannplatz U,13,347181
2026-02-03T00:05:10.280741,Reumannplatz U,13,347979
2026-02-03T00:05:10.280741,Reumannplatz U,13,347887
2026-02-03T00:05:10.280741,Reumannplatz U,13,347698
2026-02-03T00:05:10.280741,Reumannplatz U,13,348445
2026-02-03T00:05:10.280741,Reumannplatz U,13,348328
2026-02-03T00:05:10.280741,Reumannplatz U,13,348129
2026-02-03T00:05:10.280741,Reumannplatz U,13,348620
2026-02-03T00:05:10.280741,Reumannplatz U,13,348584
2026-02-03T00:05:10.280741,Brestelgasse,18,345480
2026-02-03T00:05:10.280741,Brestelgasse,18,345072
2026-02-03T00:05:10.280741,Brestelgasse,18,345842
2026-02-03T00:05:10.280741,Brestelgasse,18,345592
2026-02-03T00:05:10.280741,Brestelgasse,18,346461
2026-02-03T00:05:10.280741,Brestelgasse,18,346979
2026-02-03T00:05:10.280741,Brestelgasse,18,346962
2026-02-03T00:05:10.280741,Brestelgasse,18,346736
2026-02-03T00:05:10.280741,Brestelgasse,18,346576
2026-02-03T00:05:10.280741,Brestelgasse,18,346561
2026-02-03T00:05:10.280741,Brestelgasse,18,347235
2026-02-03T00:05:10.280741,Brestelgasse,18,347917
2026-02-03T00:05:10.280741,Brestelgasse,18,347863
2026-02-03T00:05:10.280741,Brestelgasse,18,347618
2026-02-03T00:05:10.280741,Brestelgasse,18,348227
2026-02-03T00:05:10.280741,Brestelgasse,18,348203
2026-02-03T00:05:10.280741,Brestelgasse,18,348548
2026-02-03T00:05:10.280741,Brestelgasse,18,349096
2026-02-03T00:05:10.280741,Thaliastraße U,26,345357
2026-02-03T00:05:10.280741,Thaliastraße U,26,345311
2026-02-03T00:05:10.280741,Thaliastraße U,26,345132
2026-02-03T00:05:10.280741,Thaliastraße U,26,345097
2026-02-03T00:05:10.280741,Thaliastraße U,26,346966
2026-02-03T00:05:10.280741,Thaliastraße U,26,346897
2026-02-03T00:05:10.280741,Thaliastraße U,26,346773
2026-02-03T00:05:10.280741,Thaliastraße U,26,346759
2026-02-03T00:05:10.280741,Thaliastraße U,26,346586
2026-02-03T00:05:10.280741,Thaliastraße U,26,347447
2026-02-03T00:05:10.280741,Thaliastraße U,26,347351
2026-02-03T00:05:10.280741,Thaliastraße U,26,347125
2026-02-03T00:05:10.280741,Thaliastraße U,26,347082
2026-02-03T00:05:10.280741,Thaliastraße U,26,347056
2026-02-03T00:05:10.280741,Thaliastraße U,26,347973
2026-02-03T00:05:10.280741,Thaliastraße U,26,347932
2026-02-03T00:05:10.280741,Thaliastraße U,26,347819
2026-02-03T00:05:10.280741,Thaliastraße U,26,347741
2026-02-03T00:05:10.280741,Thaliastraße U,26,347537
2026-02-03T00:05:10.280741,Thaliastraße U,26,348442
2026-02-03T00:05:10.280741,Thaliastraße U,26,348318
2026-02-03T00:05:10.280741,Thaliastraße U,26,348282
2026-02-03T00:05:10.280741,Thaliastraße U,26,348141
2026-02-03T00:05:10.280741,Thaliastraße U,26,348667
2026-02-03T00:05:10.280741,Thaliastraße U,26,348869
2026-02-03T00:05:10.280741,Thaliastraße U,26,348807
2026-02-03T00:05:10.280741,Nussdorfer Straße U,5,345255
2026-02-03T00:05:10.280741,Nussdorfer Straße U,5,345604
2026-02-03T00:05:10.280741,Nussdorfer Straße U,5,346167
2026-02-03T00:05:10.280741,Nussdorfer Straße U,5,347656
2026-02-03T00:05:10.280741,Nussdorfer Straße U,5,348246
2026-02-03T00:05:10.280741,Elterleinplatz,12,345490
2026-02-03T00:05:10.280741,Elterleinplatz,12,346280
2026-02-03T00:05:10.280741,Elterleinplatz,12,346187
2026-02-03T00:05:10.280741,Elterleinplatz,12,346060
2026-02-03T00:05:10.280741,Elterleinplatz,12,346045
2026-02-03T00:05:10.280741,Elterleinplatz,12,346911
2026-02-03T00:05:10.280741,Elterleinplatz,12,347427
2026-02-03T00:05:10.280741,Elterleinplatz,12,347599
2026-02-03T00:05:10.280741,Elterleinplatz,12,348417
2026-02-03T00:05:10.280741,Elterleinplatz,12,398744
2026-02-03T00:05:10.280741,Elterleinplatz,12,348859
2026-02-03T00:05:10.280741,Elterleinplatz,12,349166
2026-02-03T00:05:10.280741,Canisiusgasse,10,345389
2026-02-03T00:05:10.280741,Canisiusgasse,10,346498
2026-02-03T00:05:10.280741,Canisiusgasse,10,346330
2026-02-03T00:05:10.280741,Canisiusgasse,10,346046
2026-02-03T00:05:10.280741,Canisiusgasse,10,346899
2026-02-03T00:05:10.280741,Canisiusgasse,10,346627
2026-02-03T00:05:10.280741,Canisiusgasse,10,347169
2026-02-03T00:05:10.280741,Canisiusgasse,10,347132
2026-02-03T00:05:10.280741,Canisiusgasse,10,348383
2026-02-03T00:05:10.280741,Canisiusgasse,10,348630
2026-02-03T00:05:10.280741,Meidling S U / Schedifkaplatz,15,345458
2026-02-03T00:05:10.280741,Meidling S U / Schedifkaplatz,15,345312
2026-02-03T00:05:10.280741,Meidling S U / Schedifkaplatz,15,345273
2026-02-03T00:05:10.280741,Meidling S U / Schedifkaplatz,15,346411
2026-02-03T00:05:10.280741,Meidling S U / Schedifkaplatz,15,346328
2026-02-03T00:05:10.280741,Meidling S U / Schedifkaplatz,15,346818
2026-02-03T00:05:10.280741,Meidling S U / Schedifkaplatz,15,346538
2026-02-03T00:05:10.280741,Meidling S U / Schedifkaplatz,15,347206
2026-02-03T00:05:10.280741,Meidling S U / Schedifkaplatz,15,347149
2026-02-03T00:05:10.280741,Meidling S U / Schedifkaplatz,15,347689
2026-02-03T00:05:10.280741,Meidling S U / Schedifkaplatz,15,348471
2026-02-03T00:05:10.280741,Meidling S U / Schedifkaplatz,15,348335
2026-02-03T00:05:10.280741,Meidling S U / Schedifkaplatz,15,398857
2026-02-03T00:05:10.280741,Meidling S U / Schedifkaplatz,15,349032
2026-02-03T00:05:10.280741,Meidling S U / Schedifkaplatz,15,349183
2026-02-03T00:05:10.280741,Palffygasse,24,345469
2026-02-03T00:05:10.280741,Palffygasse,24,345419
2026-02-03T00:05:10.280741,Palffygasse,24,345090
2026-02-03T00:05:10.280741,Palffygasse,24,345013
2026-02-03T00:05:10.280741,Palffygasse,24,345922
2026-02-03T00:05:10.280741,Palffygasse,24,345841
2026-02-03T00:05:10.280741,Palffygasse,24,345814
2026-02-03T00:05:10.280741,Palffygasse,24,345615
2026-02-03T00:05:10.280741,Palffygasse,24,346041
2026-02-03T00:05:10.280741,Palffygasse,24,346008
2026-02-03T00:05:10.280741,Palffygasse,24,346601
2026-02-03T00:05:10.280741,Palffygasse,24,346520
2026-02-03T00:05:10.280741,Palffygasse,24,347966
2026-02-03T00:05:10.280741,Palffygasse,24,347856
2026-02-03T00:05:10.280741,Palffygasse,24,347754
2026-02-03T00:05:10.280741,Palffygasse,24,347735
2026-02-03T00:05:10.280741,Palffygasse,24,348488
2026-02-03T00:05:10.280741,Palffygasse,24,348338
2026-02-03T00:05:10.280741,Palffygasse,24,348297
2026-02-03T00:05:10.280741,Palffygasse,24,348285
2026-02-03T00:05:10.280741,Palffygasse,24,348239
2026-02-03T00:05:10.280741,Palffygasse,24,348712
2026-02-03T00:05:10.280741,Palffygasse,24,348552
2026-02-03T00:05:10.280741,Palffygasse,24,398770
2026-02-03T00:05:10.280741,Gersthof S,6,345203
2026-02-03T00:05:10.280741,Gersthof S,6,345968
2026-02-03T00:05:10.280741,Gersthof S,6,347087
2026-02-03T00:05:10.280741,Gersthof S,6,348104
2026-02-03T00:05:10.280741,Gersthof S,6,348855
2026-02-03T00:05:10.280741,Gersthof S,6,349143
2026-02-03T00:05:10.280741,Reinprechtsdorfer Brücke,20,345476
2026-02-03T00:05:10.280741,Reinprechtsdorfer Brücke,20,345179
2026-02-03T00:05:10.280741,Reinprechtsdorfer Brücke,20,345085
2026-02-03T00:05:10.280741,Reinprechtsdorfer Brücke,20,345624
2026-02-03T00:05:10.280741,Reinprechtsdorfer Brücke,20,345545
2026-02-03T00:05:10.280741,Reinprechtsdorfer Brücke,20,346953
2026-02-03T00:05:10.280741,Reinprechtsdorfer Brücke,20,346915
2026-02-03T00:05:10.280741,Reinprechtsdorfer Brücke,20,346743
2026-02-03T00:05:10.280741,Reinprechtsdorfer Brücke,20,347354
2026-02-03T00:05:10.280741,Reinprechtsdorfer Brücke,20,347266
2026-02-03T00:05:10.280741,Reinprechtsdorfer Brücke,20,347106
2026-02-03T00:05:10.280741,Reinprechtsdorfer Brücke,20,347014
2026-02-03T00:05:10.280741,Reinprechtsdorfer Brücke,20,347706
2026-02-03T00:05:10.280741,Reinprechtsdorfer Brücke,20,347684
2026-02-03T00:05:10.280741,Reinprechtsdorfer Brücke,20,347666
2026-02-03T00:05:10.280741,Reinprechtsdorfer Brücke,20,348228
2026-02-03T00:05:10.280741,Reinprechtsdorfer Brücke,20,348041
2026-02-03T00:05:10.280741,Reinprechtsdorfer Brücke,20,348018
2026-02-03T00:05:10.280741,Reinprechtsdorfer Brücke,20,348008
2026-02-03T00:05:10.280741,Reinprechtsdorfer Brücke,20,348517
2026-02-03T00:05:10.280741,Siebensterngasse,7,345388
2026-02-03T00:05:10.280741,Siebensterngasse,7,345252
2026-02-03T00:05:10.280741,Siebensterngasse,7,347974
2026-02-03T00:05:10.280741,Siebensterngasse,7,347664
2026-02-03T00:05:10.280741,Siebensterngasse,7,349073
2026-02-03T00:05:10.280741,Siebensterngasse,7,348837
2026-02-03T00:05:10.280741,Siebensterngasse,7,349158
2026-02-03T00:05:10.280741,Siebenbrunnenplatz,4,345249
2026-02-03T00:05:10.280741,Siebenbrunnenplatz,4,345116
2026-02-03T00:05:10.280741,Siebenbrunnenplatz,4,345653
2026-02-03T00:05:10.280741,Siebenbrunnenplatz,4,348522
2026-02-03T00:05:10.280741,Rosensteingasse / Blumengasse,32,345428
2026-02-03T00:05:10.280741,Rosensteingasse / Blumengasse,32,345353
2026-02-03T00:05:10.280741,Rosensteingasse / Blumengasse,32,345310
2026-02-03T00:05:10.280741,Rosensteingasse / Blumengasse,32,345303
2026-02-03T00:05:10.280741,Rosensteingasse / Blumengasse,32,345290
2026-02-03T00:05:10.280741,Rosensteingasse / Blumengasse,32,345266
2026-02-03T00:05:10.280741,Rosensteingasse / Blumengasse,32,345956
2026-02-03T00:05:10.280741,Rosensteingasse / Blumengasse,32,345878
2026-02-03T00:05:10.280741,Rosensteingasse / Blumengasse,32,345695
2026-02-03T00:05:10.280741,Rosensteingasse / Blumengasse,32,345525
2026-02-03T00:05:10.280741,Rosensteingasse / Blumengasse,32,346269
2026-02-03T00:05:10.280741,Rosensteingasse / Blumengasse,32,346198
2026-02-03T00:05:10.280741,Rosensteingasse / Blumengasse,32,346111
2026-02-03T00:05:10.280741,Rosensteingasse / Blumengasse,32,346020
2026-02-03T00:05:10.280741,Rosensteingasse / Blumengasse,32,346994
2026-02-03T00:05:10.280741,Rosensteingasse / Blumengasse,32,346867
2026-02-03T00:05:10.280741,Rosensteingasse / Blumengasse,32,346851
2026-02-03T00:05:10.280741,Rosensteingasse / Blumengasse,32,346845
2026-02-03T00:05:10.280741,Rosensteingasse / Blumengasse,32,346653
2026-02-03T00:05:10.280741,Rosensteingasse / Blumengasse,32,347224
2026-02-03T00:05:10.280741,Rosensteingasse / Blumengasse,32,347222
2026-02-03T00:05:10.280741,Rosensteingasse / Blumengasse,32,347189
2026-02-03T00:05:10.280741,Rosensteingasse / Blumengasse,32,347157
2026-02-03T00:05:10.280741,Rosensteingasse / Blumengasse,32,347107
2026-02-03T00:05:10.280741,Rosensteingasse / Blumengasse,32,347972
2026-02-03T00:05:10.280741,Rosensteingasse / Blumengasse,32,348370
2026-02-03T00:05:10.280741,Rosensteingasse / Blumengasse,32,348324
2026-02-03T00:05:10.280741,Rosensteingasse / Blumengasse,32,348289
2026-02-03T00:05:10.280741,Rosensteingasse / Blumengasse,32,348190
2026-02-03T00:05:10.280741,Rosensteingasse / Blumengasse,32,348158
2026-02-03T00:05:10.280741,Rosensteingasse / Blumengasse,32,348056
2026-02-03T00:05:10.280741,Rosensteingasse / Blumengasse,32,398746
2026-02-03T00:05:10.280741,Schottenring U /Herminengasse,13,345368
2026-02-03T00:05:10.280741,Schottenring U /Herminengasse,13,345284
2026-02-03T00:05:10.280741,Schottenring U /Herminengasse,13,346705
2026-02-03T00:05:10.280741,Schottenring U /Herminengasse,13,347671
2026-02-03T00:05:10.280741,Schottenring U /Herminengasse,13,347622
2026-02-03T00:05:10.280741,Schottenring U /Herminengasse,13,347528
2026-02-03T00:05:10.280741,Schottenring U /Herminengasse,13,348222
2026-02-03T00:05:10.280741,Schottenring U /Herminengasse,13,348114
2026-02-03T00:05:10.280741,Schottenring U /Herminengasse,13,348094
2026-02-03T00:05:10.280741,Schottenring U /Herminengasse,13,348072
2026-02-03T00:05:10.280741,Schottenring U /Herminengasse,13,348029
2026-02-03T00:05:10.280741,Schottenring U /Herminengasse,13,398807
2026-02-03T00:05:10.280741,Schottenring U /Herminengasse,13,398727
2026-02-03T00:05:10.280741,Josefstädter Straße U,30,345253
2026-02-03T00:05:10.280741,Josefstädter Straße U,30,345226
2026-02-03T00:05:10.280741,Josefstädter Straße U,30,345664
2026-02-03T00:05:10.280741,Josefstädter Straße U,30,345647
2026-02-03T00:05:10.280741,Josefstädter Straße U,30,345595
2026-02-03T00:05:10.280741,Josefstädter Straße U,30,345562
2026-02-03T00:05:10.280741,Josefstädter Straße U,30,346245
2026-02-03T00:05:10.280741,Josefstädter Straße U,30,346149
2026-02-03T00:05:10.280741,Josefstädter Straße U,30,346880
2026-02-03T00:05:10.280741,Josefstädter Straße U,30,346877
2026-02-03T00:05:10.280741,Josefstädter Straße U,30,346783
2026-02-03T00:05:10.280741,Josefstädter Straße U,30,346686
2026-02-03T00:05:10.280741,Josefstädter Straße U,30,346560
2026-02-03T00:05:10.280741,Josefstädter Straße U,30,347424
2026-02-03T00:05:10.280741,Josefstädter Straße U,30,347371
2026-02-03T00:05:10.280741,Josefstädter Straße U,30,347922
2026-02-03T00:05:10.280741,Josefstädter Straße U,30,347784
2026-02-03T00:05:10.280741,Josefstädter Straße U,30,347768
2026-02-03T00:05:10.280741,Josefstädter Straße U,30,348470
2026-02-03T00:05:10.280741,Josefstädter Straße U,30,348432
2026-02-03T00:05:10.280741,Josefstädter Straße U,30,348179
2026-02-03T00:05:10.280741,Josefstädter Straße U,30,348713
2026-02-03T00:05:10.280741,Josefstädter Straße U,30,348545
2026-02-03T00:05:10.280741,Josefstädter Straße U,30,398818
2026-02-03T00:05:10.280741,Josefstädter Straße U,30,398801
2026-02-03T00:05:10.280741,Josefstädter Straße U,30,349063
2026-02-03T00:05:10.280741,Josefstädter Straße U,30,348964
2026-02-03T00:05:10.280741,Josefstädter Straße U,30,348903
2026-02-03T00:05:10.280741,Josefstädter Straße U,30,348812
2026-02-03T00:05:10.280741,Josefstädter Straße U,30,349120
2026-02-03T00:05:10.280741,Friedrich-Engels-Platz,4,347441
2026-02-03T00:05:10.280741,Friedrich-Engels-Platz,4,347955
2026-02-03T00:05:10.280741,Friedrich-Engels-Platz,4,347760
2026-02-03T00:05:10.280741,Friedrich-Engels-Platz,4,348298
2026-02-03T00:05:10.280741,Dresdner Straße U,9,346047
2026-02-03T00:05:10.280741,Dresdner Straße U,9,346664
2026-02-03T00:05:10.280741,Dresdner Straße U,9,347452
2026-02-03T00:05:10.280741,Dresdner Straße U,9,347429
2026-02-03T00:05:10.280741,Dresdner Straße U,9,347930
2026-02-03T00:05:10.280741,Dresdner Straße U,9,348463
2026-02-03T00:05:10.280741,Dresdner Straße U,9,348123
2026-02-03T00:05:10.280741,Dresdner Straße U,9,348928
2026-02-03T00:05:10.280741,Dresdner Straße U,9,349146
2026-02-03T00:05:10.280741,Jägerstraße U,25,345355
2026-02-03T00:05:10.280741,Jägerstraße U,25,345205
2026-02-03T00:05:10.280741,Jägerstraße U,25,345996
2026-02-03T00:05:10.280741,Jägerstraße U,25,345864
2026-02-03T00:05:10.280741,Jägerstraße U,25,345658
2026-02-03T00:05:10.280741,Jägerstraße U,25,346343
2026-02-03T00:05:10.280741,Jägerstraße U,25,346113
2026-02-03T00:05:10.280741,Jägerstraße U,25,346074
2026-02-03T00:05:10.280741,Jägerstraße U,25,346840
2026-02-03T00:05:10.280741,Jägerstraße U,25,346812
2026-02-03T00:05:10.280741,Jägerstraße U,25,346805
2026-02-03T00:05:10.280741,Jägerstraße U,25,347340
2026-02-03T00:05:10.280741,Jägerstraße U,25,347270
2026-02-03T00:05:10.280741,Jägerstraße U,25,347045
2026-02-03T00:05:10.280741,Jägerstraße U,25,347696
2026-02-03T00:05:10.280741,Jägerstraße U,25,348475
2026-02-03T00:05:10.280741,Jägerstraße U,25,348421
2026-02-03T00:05:10.280741,Jägerstraße U,25,348275
2026-02-03T00:05:10.280741,Jägerstraße U,25,348272
2026-02-03T00:05:10.280741,Jägerstraße U,25,348052
2026-02-03T00:05:10.280741,Jägerstraße U,25,348614
2026-02-03T00:05:10.280741,Jägerstraße U,25,348598
2026-02-03T00:05:10.280741,Jägerstraße U,25,348575
2026-02-03T00:05:10.280741,Jägerstraße U,25,348560
2026-02-03T00:05:10.280741,Jägerstraße U,25,348523
2026-02-03T00:05:10.280741,Traisengasse S,3,345479
2026-02-03T00:05:10.280741,Traisengasse S,3,345971
2026-02-03T00:05:10.280741,Traisengasse S,3,347043
2026-02-03T00:05:10.280741,Kettenbrückengasse U / Naschmarkt,11,345755
2026-02-03T00:05:10.280741,Kettenbrückengasse U / Naschmarkt,11,345723
2026-02-03T00:05:10.280741,Kettenbrückengasse U / Naschmarkt,11,346080
2026-02-03T00:05:10.280741,Kettenbrückengasse U / Naschmarkt,11,347479
2026-02-03T00:05:10.280741,Kettenbrückengasse U / Naschmarkt,11,347368
2026-02-03T00:05:10.280741,Kettenbrückengasse U / Naschmarkt,11,347215
2026-02-03T00:05:10.280741,Kettenbrückengasse U / Naschmarkt,11,347191
2026-02-03T00:05:10.280741,Kettenbrückengasse U / Naschmarkt,11,347150
2026-02-03T00:05:10.280741,Kettenbrückengasse U / Naschmarkt,11,347800
2026-02-03T00:05:10.280741,Kettenbrückengasse U / Naschmarkt,11,348493
2026-02-03T00:05:10.280741,Kettenbrückengasse U / Naschmarkt,11,348271
2026-02-03T00:05:10.280741,Aumannplatz,13,345114
2026-02-03T00:05:10.280741,Aumannplatz,13,345828
2026-02-03T00:05:10.280741,Aumannplatz,13,345769
2026-02-03T00:05:10.280741,Aumannplatz,13,346879
2026-02-03T00:05:10.280741,Aumannplatz,13,346850
2026-02-03T00:05:10.280741,Aumannplatz,13,347117
2026-02-03T00:05:10.280741,Aumannplatz,13,347667
2026-02-03T00:05:10.280741,Aumannplatz,13,347548
2026-02-03T00:05:10.280741,Aumannplatz,13,348140
2026-02-03T00:05:10.280741,Aumannplatz,13,348042
2026-02-03T00:05:10.280741,Aumannplatz,13,348622
2026-02-03T00:05:10.280741,Aumannplatz,13,398815
2026-02-03T00:05:10.280741,Aumannplatz,13,348905
2026-02-03T00:05:10.280741,Längenfeldgasse U,24,345032
2026-02-03T00:05:10.280741,Längenfeldgasse U,24,345985
2026-02-03T00:05:10.280741,Längenfeldgasse U,24,345946
2026-02-03T00:05:10.280741,Längenfeldgasse U,24,345706
2026-02-03T00:05:10.280741,Längenfeldgasse U,24,345502
2026-02-03T00:05:10.280741,Längenfeldgasse U,24,346473
2026-02-03T00:05:10.280741,Längenfeldgasse U,24,346082
2026-02-03T00:05:10.280741,Längenfeldgasse U,24,346902
2026-02-03T00:05:10.280741,Längenfeldgasse U,24,346523
2026-02-03T00:05:10.280741,Längenfeldgasse U,24,347279
2026-02-03T00:05:10.280741,Längenfeldgasse U,24,347234
2026-02-03T00:05:10.280741,Längenfeldgasse U,24,347175
2026-02-03T00:05:10.280741,Längenfeldgasse U,24,347810
2026-02-03T00:05:10.280741,Längenfeldgasse U,24,347794
2026-02-03T00:05:10.280741,Längenfeldgasse U,24,347783
2026-02-03T00:05:10.280741,Längenfeldgasse U,24,347700
2026-02-03T00:05:10.280741,Längenfeldgasse U,24,347588
2026-02-03T00:05:10.280741,Längenfeldgasse U,24,347552
2026-02-03T00:05:10.280741,Längenfeldgasse U,24,348466
2026-02-03T00:05:10.280741,Längenfeldgasse U,24,348555
2026-02-03T00:05:10.280741,Längenfeldgasse U,24,398794
2026-02-03T00:05:10.280741,Längenfeldgasse U,24,349109
2026-02-03T00:05:10.280741,Längenfeldgasse U,24,348973
2026-02-03T00:05:10.280741,Längenfeldgasse U,24,349131
2026-02-03T00:05:10.280741,Althanstraße,16,345457
2026-02-03T00:05:10.280741,Althanstraße,16,345381
2026-02-03T00:05:10.280741,Althanstraße,16,346326
2026-02-03T00:05:10.280741,Althanstraße,16,346299
2026-02-03T00:05:10.280741,Althanstraße,16,346051
2026-02-03T00:05:10.280741,Althanstraße,16,346767
2026-02-03T00:05:10.280741,Althanstraße,16,346557
2026-02-03T00:05:10.280741,Althanstraße,16,346549
2026-02-03T00:05:10.280741,Althanstraße,16,347192
2026-02-03T00:05:10.280741,Althanstraße,16,347067
2026-02-03T00:05:10.280741,Althanstraße,16,347049
2026-02-03T00:05:10.280741,Althanstraße,16,347907
2026-02-03T00:05:10.280741,Althanstraße,16,347870
2026-02-03T00:05:10.280741,Althanstraße,16,347601
2026-02-03T00:05:10.280741,Althanstraße,16,348682
2026-02-03T00:05:10.280741,Althanstraße,16,398783
2026-02-03T00:05:10.280741,Schottentor U,11,345225
2026-02-03T00:05:10.280741,Schottentor U,11,345218
2026-02-03T00:05:10.280741,Schottentor U,11,345897
2026-02-03T00:05:10.280741,Schottentor U,11,346402
2026-02-03T00:05:10.280741,Schottentor U,11,346175
2026-02-03T00:05:10.280741,Schottentor U,11,346083
2026-02-03T00:05:10.280741,Schottentor U,11,347236
2026-02-03T00:05:10.280741,Schottentor U,11,347956
2026-02-03T00:05:10.280741,Schottentor U,11,347699
2026-02-03T00:05:10.280741,Schottentor U,11,348160
2026-02-03T00:05:10.280741,Schottentor U,11,348629
2026-02-03T00:05:10.280741,Neubaugasse U,20,345200
2026-02-03T00:05:10.280741,Neubaugasse U,20,345569
2026-02-03T00:05:10.280741,Neubaugasse U,20,346077
2026-02-03T00:05:10.280741,Neubaugasse U,20,346739
2026-02-03T00:05:10.280741,Neubaugasse U,20,347916
2026-02-03T00:05:10.280741,Neubaugasse U,20,347811
2026-02-03T00:05:10.280741,Neubaugasse U,20,348016
2026-02-03T00:05:10.280741,Neubaugasse U,20,349089
2026-02-03T00:05:10.280741,Neubaugasse U,20,349058
2026-02-03T00:05:10.280741,Neubaugasse U,20,349052
2026-02-03T00:05:10.280741,Neubaugasse U,20,349043
2026-02-03T00:05:10.280741,Neubaugasse U,20,349006
2026-02-03T00:05:10.280741,Neubaugasse U,20,349000
2026-02-03T00:05:10.280741,Neubaugasse U,20,348975
2026-02-03T00:05:10.280741,Neubaugasse U,20,348856
2026-02-03T00:05:10.280741,Neubaugasse U,20,348815
2026-02-03T00:05:10.280741,Neubaugasse U,20,349151
2026-02-03T00:05:10.280741,Neubaugasse U,20,349119
2026-02-03T00:05:10.280741,Neubaugasse U,20,349118
2026-02-03T00:05:10.280741,Neubaugasse U,20,398871
2026-02-03T00:05:10.280741,Museumsquartier U,13,345322
2026-02-03T00:05:10.280741,Museumsquartier U,13,345010
2026-02-03T00:05:10.280741,Museumsquartier U,13,345995
2026-02-03T00:05:10.280741,Museumsquartier U,13,345963
2026-02-03T00:05:10.280741,Museumsquartier U,13,345883
2026-02-03T00:05:10.280741,Museumsquartier U,13,345822
2026-02-03T00:05:10.280741,Museumsquartier U,13,345760
2026-02-03T00:05:10.280741,Museumsquartier U,13,345549
2026-02-03T00:05:10.280741,Museumsquartier U,13,346424
2026-02-03T00:05:10.280741,Museumsquartier U,13,347801
2026-02-03T00:05:10.280741,Museumsquartier U,13,348124
2026-02-03T00:05:10.280741,Museumsquartier U,13,348651
2026-02-03T00:05:10.280741,Museumsquartier U,13,398862
2026-02-03T00:05:10.280741,Johnstrasse U,14,345417
2026-02-03T00:05:10.280741,Johnstrasse U,14,345364
2026-02-03T00:05:10.280741,Johnstrasse U,14,345233
2026-02-03T00:05:10.280741,Johnstrasse U,14,345708
2026-02-03T00:05:10.280741,Johnstrasse U,14,346224
2026-02-03T00:05:10.280741,Johnstrasse U,14,346772
2026-02-03T00:05:10.280741,Johnstrasse U,14,346654
2026-02-03T00:05:10.280741,Johnstrasse U,14,346645
2026-02-03T00:05:10.280741,Johnstrasse U,14,346641
2026-02-03T00:05:10.280741,Johnstrasse U,14,346572
2026-02-03T00:05:10.280741,Johnstrasse U,14,347205
2026-02-03T00:05:10.280741,Johnstrasse U,14,347135
2026-02-03T00:05:10.280741,Johnstrasse U,14,398808
2026-02-03T00:05:10.280741,Johnstrasse U,14,349188
2026-02-03T00:05:10.280741,Turnergasse,13,345143
2026-02-03T00:05:10.280741,Turnergasse,13,345661
2026-02-03T00:05:10.280741,Turnergasse,13,345528
2026-02-03T00:05:10.280741,Turnergasse,13,346469
2026-02-03T00:05:10.280741,Turnergasse,13,346407
2026-02-03T00:05:10.280741,Turnergasse,13,346375
2026-02-03T00:05:10.280741,Turnergasse,13,346731
2026-02-03T00:05:10.280741,Turnergasse,13,346673
2026-02-03T00:05:10.280741,Turnergasse,13,346537
2026-02-03T00:05:10.280741,Turnergasse,13,347753
2026-02-03T00:05:10.280741,Turnergasse,13,347501
2026-02-03T00:05:10.280741,Turnergasse,13,348489
2026-02-03T00:05:10.280741,Turnergasse,13,348234
2026-02-03T00:05:10.280741,Kutschkergasse,14,346362
2026-02-03T00:05:10.280741,Kutschkergasse,14,346154
2026-02-03T00:05:10.280741,Kutschkergasse,14,346827
2026-02-03T00:05:10.280741,Kutschkergasse,14,346762
2026-02-03T00:05:10.280741,Kutschkergasse,14,346758
2026-02-03T00:05:10.280741,Kutschkergasse,14,346605
2026-02-03T00:05:10.280741,Kutschkergasse,14,347282
2026-02-03T00:05:10.280741,Kutschkergasse,14,347258
2026-02-03T00:05:10.280741,Kutschkergasse,14,347108
2026-02-03T00:05:10.280741,Kutschkergasse,14,347831
2026-02-03T00:05:10.280741,Kutschkergasse,14,347651
2026-02-03T00:05:10.280741,Kutschkergasse,14,348117
2026-02-03T00:05:10.280741,Kutschkergasse,14,348579
2026-02-03T00:05:10.280741,Kutschkergasse,14,348857
2026-02-03T00:05:10.280741,Stadion U,17,345966
2026-02-03T00:05:10.280741,Stadion U,17,345838
2026-02-03T00:05:10.280741,Stadion U,17,346863
2026-02-03T00:05:10.280741,Stadion U,17,346833
2026-02-03T00:05:10.280741,Stadion U,17,346607
2026-02-03T00:05:10.280741,Stadion U,17,347782
2026-02-03T00:05:10.280741,Stadion U,17,347734
2026-02-03T00:05:10.280741,Stadion U,17,348284
2026-02-03T00:05:10.280741,Stadion U,17,348176
2026-02-03T00:05:10.280741,Stadion U,17,348095
2026-02-03T00:05:10.280741,Stadion U,17,348641
2026-02-03T00:05:10.280741,Stadion U,17,348633
2026-02-03T00:05:10.280741,Stadion U,17,348544
2026-02-03T00:05:10.280741,Stadion U,17,348542
2026-02-03T00:05:10.280741,Stadion U,17,398758
2026-02-03T00:05:10.280741,Stadion U,17,398755
2026-02-03T00:05:10.280741,Stadion U,17,398734
2026-02-03T00:05:10.280741,Brückengasse,15,345324
2026-02-03T00:05:10.280741,Brückengasse,15,345282
2026-02-03T00:05:10.280741,Brückengasse,15,345265
2026-02-03T00:05:10.280741,Brückengasse,15,345727
2026-02-03T00:05:10.280741,Brückengasse,15,346335
2026-02-03T00:05:10.280741,Brückengasse,15,346143
2026-02-03T00:05:10.280741,Brückengasse,15,346052
2026-02-03T00:05:10.280741,Brückengasse,15,347430
2026-02-03T00:05:10.280741,Brückengasse,15,347987
2026-02-03T00:05:10.280741,Brückengasse,15,347638
2026-02-03T00:05:10.280741,Brückengasse,15,348292
2026-02-03T00:05:10.280741,Brückengasse,15,398813
2026-02-03T00:05:10.280741,Brückengasse,15,398726
2026-02-03T00:05:10.280741,Brückengasse,15,348991
2026-02-03T00:05:10.280741,Brückengasse,15,349174
2026-02-03T00:05:10.280741,Schuhmeierplatz,21,345447
2026-02-03T00:05:10.280741,Schuhmeierplatz,21,345410
2026-02-03T00:05:10.280741,Schuhmeierplatz,21,345210
2026-02-03T00:05:10.280741,Schuhmeierplatz,21,345197
2026-02-03T00:05:10.280741,Schuhmeierplatz,21,345118
2026-02-03T00:05:10.280741,Schuhmeierplatz,21,345094
2026-02-03T00:05:10.280741,Schuhmeierplatz,21,345831
2026-02-03T00:05:10.280741,Schuhmeierplatz,21,345673
2026-02-03T00:05:10.280741,Schuhmeierplatz,21,346186
2026-02-03T00:05:10.280741,Schuhmeierplatz,21,346958
2026-02-03T00:05:10.280741,Schuhmeierplatz,21,346933
2026-02-03T00:05:10.280741,Schuhmeierplatz,21,346839
2026-02-03T00:05:10.280741,Schuhmeierplatz,21,346776
2026-02-03T00:05:10.280741,Schuhmeierplatz,21,346749
2026-02-03T00:05:10.280741,Schuhmeierplatz,21,346618
2026-02-03T00:05:10.280741,Schuhmeierplatz,21,348414
2026-02-03T00:05:10.280741,Schuhmeierplatz,21,348235
2026-02-03T00:05:10.280741,Schuhmeierplatz,21,348111
2026-02-03T00:05:10.280741,Schuhmeierplatz,21,348106
2026-02-03T00:05:10.280741,Schuhmeierplatz,21,348074
2026-02-03T00:05:10.280741,Schuhmeierplatz,21,349155
2026-02-03T00:05:10.280741,Schönbrunn U,20,345140
2026-02-03T00:05:10.280741,Schönbrunn U,20,345859
2026-02-03T00:05:10.280741,Schönbrunn U,20,345580
2026-02-03T00:05:10.280741,Schönbrunn U,20,346492
2026-02-03T00:05:10.280741,Schönbrunn U,20,346396
2026-02-03T00:05:10.280741,Schönbrunn U,20,346386
2026-02-03T00:05:10.280741,Schönbrunn U,20,346254
2026-02-03T00:05:10.280741,Schönbrunn U,20,346855
2026-02-03T00:05:10.280741,Schönbrunn U,20,346793
2026-02-03T00:05:10.280741,Schönbrunn U,20,346718
2026-02-03T00:05:10.280741,Schönbrunn U,20,347460
2026-02-03T00:05:10.280741,Schönbrunn U,20,347207
2026-02-03T00:05:10.280741,Schönbrunn U,20,347712
2026-02-03T00:05:10.280741,Schönbrunn U,20,347690
2026-02-03T00:05:10.280741,Schönbrunn U,20,347587
2026-02-03T00:05:10.280741,Schönbrunn U,20,348497
2026-02-03T00:05:10.280741,Schönbrunn U,20,348003
2026-02-03T00:05:10.280741,Schönbrunn U,20,348708
2026-02-03T00:05:10.280741,Schönbrunn U,20,398851
2026-02-03T00:05:10.280741,Schönbrunn U,20,348877
2026-02-03T00:05:10.280741,Hermesstraße / Oscar-Straus-Park ,7,346316
2026-02-03T00:05:10.280741,Hermesstraße / Oscar-Straus-Park ,7,346216
2026-02-03T00:05:10.280741,Hermesstraße / Oscar-Straus-Park ,7,346014
2026-02-03T00:05:10.280741,Hermesstraße / Oscar-Straus-Park ,7,346594
2026-02-03T00:05:10.280741,Hermesstraße / Oscar-Straus-Park ,7,346581
2026-02-03T00:05:10.280741,Hermesstraße / Oscar-Straus-Park ,7,348608
2026-02-03T00:05:10.280741,Hermesstraße / Oscar-Straus-Park ,7,398831
2026-02-03T00:05:10.280741,Modecenterstraße / The Marks,11,345276
2026-02-03T00:05:10.280741,Modecenterstraße / The Marks,11,345588
2026-02-03T00:05:10.280741,Modecenterstraße / The Marks,11,345573
2026-02-03T00:05:10.280741,Modecenterstraße / The Marks,11,346490
2026-02-03T00:05:10.280741,Modecenterstraße / The Marks,11,346377
2026-02-03T00:05:10.280741,Modecenterstraße / The Marks,11,346369
2026-02-03T00:05:10.280741,Modecenterstraße / The Marks,11,347402
2026-02-03T00:05:10.280741,Modecenterstraße / The Marks,11,347614
2026-02-03T00:05:10.280741,Modecenterstraße / The Marks,11,348274
2026-02-03T00:05:10.280741,Modecenterstraße / The Marks,11,348254
2026-02-03T00:05:10.280741,Modecenterstraße / The Marks,11,348984
2026-02-03T00:05:10.280741,Am Langen Felde,1,345088
2026-02-03T00:05:10.280741,Pilgramgasse U,17,345369
2026-02-03T00:05:10.280741,Pilgramgasse U,17,345051
2026-02-03T00:05:10.280741,Pilgramgasse U,17,345979
2026-02-03T00:05:10.280741,Pilgramgasse U,17,345937
2026-02-03T00:05:10.280741,Pilgramgasse U,17,345743
2026-02-03T00:05:10.280741,Pilgramgasse U,17,345627
2026-02-03T00:05:10.280741,Pilgramgasse U,17,346374
2026-02-03T00:05:10.280741,Pilgramgasse U,17,346315
2026-02-03T00:05:10.280741,Pilgramgasse U,17,346214
2026-02-03T00:05:10.280741,Pilgramgasse U,17,346043
2026-02-03T00:05:10.280741,Pilgramgasse U,17,346651
2026-02-03T00:05:10.280741,Pilgramgasse U,17,346533
2026-02-03T00:05:10.280741,Pilgramgasse U,17,347138
2026-02-03T00:05:10.280741,Pilgramgasse U,17,348334
2026-02-03T00:05:10.280741,Pilgramgasse U,17,348030
2026-02-03T00:05:10.280741,Pilgramgasse U,17,348020
2026-02-03T00:05:10.280741,Pilgramgasse U,17,348679
2026-02-03T00:05:10.280741,Purkytgasse ,9,345278
2026-02-03T00:05:10.280741,Purkytgasse ,9,346550
2026-02-03T00:05:10.280741,Purkytgasse ,9,347310
2026-02-03T00:05:10.280741,Purkytgasse ,9,347154
2026-02-03T00:05:10.280741,Purkytgasse ,9,347001
2026-02-03T00:05:10.280741,Purkytgasse ,9,348360
2026-02-03T00:05:10.280741,Purkytgasse ,9,348341
2026-02-03T00:05:10.280741,Purkytgasse ,9,348534
2026-02-03T00:05:10.280741,Purkytgasse ,9,349185
2026-02-03T00:05:10.280741,Neue Donau U,23,345244
2026-02-03T00:05:10.280741,Neue Donau U,23,345231
2026-02-03T00:05:10.280741,Neue Donau U,23,345794
2026-02-03T00:05:10.280741,Neue Donau U,23,345735
2026-02-03T00:05:10.280741,Neue Donau U,23,345698
2026-02-03T00:05:10.280741,Neue Donau U,23,345631
2026-02-03T00:05:10.280741,Neue Donau U,23,345620
2026-02-03T00:05:10.280741,Neue Donau U,23,346463
2026-02-03T00:05:10.280741,Neue Donau U,23,346361
2026-02-03T00:05:10.280741,Neue Donau U,23,346078
2026-02-03T00:05:10.280741,Neue Donau U,23,346065
2026-02-03T00:05:10.280741,Neue Donau U,23,347405
2026-02-03T00:05:10.280741,Neue Donau U,23,347131
2026-02-03T00:05:10.280741,Neue Donau U,23,347912
2026-02-03T00:05:10.280741,Neue Donau U,23,347848
2026-02-03T00:05:10.280741,Neue Donau U,23,347732
2026-02-03T00:05:10.280741,Neue Donau U,23,348678
2026-02-03T00:05:10.280741,Neue Donau U,23,349069
2026-02-03T00:05:10.280741,Neue Donau U,23,349053
2026-02-03T00:05:10.280741,Neue Donau U,23,349036
2026-02-03T00:05:10.280741,Neue Donau U,23,348862
2026-02-03T00:05:10.280741,Neue Donau U,23,348833
2026-02-03T00:05:10.280741,Neue Donau U,23,349189
2026-02-03T00:05:10.280741,Franz-Josef Bahnhof S,13,345052
2026-02-03T00:05:10.280741,Franz-Josef Bahnhof S,13,345958
2026-02-03T00:05:10.280741,Franz-Josef Bahnhof S,13,345667
2026-02-03T00:05:10.280741,Franz-Josef Bahnhof S,13,346293
2026-02-03T00:05:10.280741,Franz-Josef Bahnhof S,13,346263
2026-02-03T00:05:10.280741,Franz-Josef Bahnhof S,13,347062
2026-02-03T00:05:10.280741,Franz-Josef Bahnhof S,13,347941
2026-02-03T00:05:10.280741,Franz-Josef Bahnhof S,13,347920
2026-02-03T00:05:10.280741,Franz-Josef Bahnhof S,13,347874
2026-02-03T00:05:10.280741,Franz-Josef Bahnhof S,13,347869
2026-02-03T00:05:10.280741,Franz-Josef Bahnhof S,13,347585
2026-02-03T00:05:10.280741,Franz-Josef Bahnhof S,13,348279
2026-02-03T00:05:10.280741,Franz-Josef Bahnhof S,13,398763
2026-02-03T00:05:10.280741,Niederpointenstraße,10,345611
2026-02-03T00:05:10.280741,Niederpointenstraße,10,346457
2026-02-03T00:05:10.280741,Niederpointenstraße,10,346455
2026-02-03T00:05:10.280741,Niederpointenstraße,10,346072
2026-02-03T00:05:10.280741,Niederpointenstraße,10,346660
2026-02-03T00:05:10.280741,Niederpointenstraße,10,346575
2026-02-03T00:05:10.280741,Niederpointenstraße,10,347271
2026-02-03T00:05:10.280741,Niederpointenstraße,10,347701
2026-02-03T00:05:10.280741,Niederpointenstraße,10,347569
2026-02-03T00:05:10.280741,Niederpointenstraße,10,348082
2026-02-03T00:05:10.280741,Leopoldauer Platz,10,345527
2026-02-03T00:05:10.280741,Leopoldauer Platz,10,346478
2026-02-03T00:05:10.280741,Leopoldauer Platz,10,346802
2026-02-03T00:05:10.280741,Leopoldauer Platz,10,346562
2026-02-03T00:05:10.280741,Leopoldauer Platz,10,347332
2026-02-03T00:05:10.280741,Leopoldauer Platz,10,347750
2026-02-03T00:05:10.280741,Leopoldauer Platz,10,347514
2026-02-03T00:05:10.280741,Leopoldauer Platz,10,398835
2026-02-03T00:05:10.280741,Leopoldauer Platz,10,398745
2026-02-03T00:05:10.280741,Leopoldauer Platz,10,349072
2026-02-03T00:05:10.280741,ArbeiterInnenstrand,11,345990
2026-02-03T00:05:10.280741,ArbeiterInnenstrand,11,345756
2026-02-03T00:05:10.280741,ArbeiterInnenstrand,11,345659
2026-02-03T00:05:10.280741,ArbeiterInnenstrand,11,346885
2026-02-03T00:05:10.280741,ArbeiterInnenstrand,11,347297
2026-02-03T00:05:10.280741,ArbeiterInnenstrand,11,347083
2026-02-03T00:05:10.280741,ArbeiterInnenstrand,11,347866
2026-02-03T00:05:10.280741,ArbeiterInnenstrand,11,347836
2026-02-03T00:05:10.280741,ArbeiterInnenstrand,11,348382
2026-02-03T00:05:10.280741,ArbeiterInnenstrand,11,398803
2026-02-03T00:05:10.280741,ArbeiterInnenstrand,11,349156
2026-02-03T00:05:10.280741,Gewerbepark Stadlau,2,346777
2026-02-03T00:05:10.280741,Gewerbepark Stadlau,2,398863
2026-02-03T00:05:10.280741,Atzgersdorf Bildungscampus,12,345327
2026-02-03T00:05:10.280741,Atzgersdorf Bildungscampus,12,345970
2026-02-03T00:05:10.280741,Atzgersdorf Bildungscampus,12,345716
2026-02-03T00:05:10.280741,Atzgersdorf Bildungscampus,12,345579
2026-02-03T00:05:10.280741,Atzgersdorf Bildungscampus,12,346220
2026-02-03T00:05:10.280741,Atzgersdorf Bildungscampus,12,347221
2026-02-03T00:05:10.280741,Atzgersdorf Bildungscampus,12,347090
2026-02-03T00:05:10.280741,Atzgersdorf Bildungscampus,12,347739
2026-02-03T00:05:10.280741,Atzgersdorf Bildungscampus,12,347506
2026-02-03T00:05:10.280741,Atzgersdorf Bildungscampus,12,348280
2026-02-03T00:05:10.280741,Atzgersdorf Bildungscampus,12,348178
2026-02-03T00:05:10.280741,Atzgersdorf Bildungscampus,12,398834
2026-02-03T00:05:10.280741,Adelheid-Popp-Gasse,13,345978
2026-02-03T00:05:10.280741,Adelheid-Popp-Gasse,13,345774
2026-02-03T00:05:10.280741,Adelheid-Popp-Gasse,13,346007
2026-02-03T00:05:10.280741,Adelheid-Popp-Gasse,13,346815
2026-02-03T00:05:10.280741,Adelheid-Popp-Gasse,13,346543
2026-02-03T00:05:10.280741,Adelheid-Popp-Gasse,13,347286
2026-02-03T00:05:10.280741,Adelheid-Popp-Gasse,13,347158
2026-02-03T00:05:10.280741,Adelheid-Popp-Gasse,13,347928
2026-02-03T00:05:10.280741,Adelheid-Popp-Gasse,13,347878
2026-02-03T00:05:10.280741,Adelheid-Popp-Gasse,13,347827
2026-02-03T00:05:10.280741,Adelheid-Popp-Gasse,13,347557
2026-02-03T00:05:10.280741,Adelheid-Popp-Gasse,13,348302
2026-02-03T00:05:10.280741,Adelheid-Popp-Gasse,13,348604
2026-02-03T00:05:10.280741,Alte Donau U,22,345397
2026-02-03T00:05:10.280741,Alte Donau U,22,345261
2026-02-03T00:05:10.280741,Alte Donau U,22,345900
2026-02-03T00:05:10.280741,Alte Donau U,22,345726
2026-02-03T00:05:10.280741,Alte Donau U,22,346339
2026-02-03T00:05:10.280741,Alte Donau U,22,346249
2026-02-03T00:05:10.280741,Alte Donau U,22,346248
2026-02-03T00:05:10.280741,Alte Donau U,22,346874
2026-02-03T00:05:10.280741,Alte Donau U,22,346742
2026-02-03T00:05:10.280741,Alte Donau U,22,346598
2026-02-03T00:05:10.280741,Alte Donau U,22,347476
2026-02-03T00:05:10.280741,Alte Donau U,22,347335
2026-02-03T00:05:10.280741,Alte Donau U,22,347261
2026-02-03T00:05:10.280741,Alte Donau U,22,347173
2026-02-03T00:05:10.280741,Alte Donau U,22,347016
2026-02-03T00:05:10.280741,Alte Donau U,22,347838
2026-02-03T00:05:10.280741,Alte Donau U,22,347807
2026-02-03T00:05:10.280741,Alte Donau U,22,347804
2026-02-03T00:05:10.280741,Alte Donau U,22,348197
2026-02-03T00:05:10.280741,Alte Donau U,22,348174
2026-02-03T00:05:10.280741,Alte Donau U,22,348012
2026-02-03T00:05:10.280741,Alte Donau U,22,348674
2026-02-03T00:05:10.280741,VHS Kulturgarage,8,345858
2026-02-03T00:05:10.280741,VHS Kulturgarage,8,346338
2026-02-03T00:05:10.280741,VHS Kulturgarage,8,347178
2026-02-03T00:05:10.280741,VHS Kulturgarage,8,347065
2026-02-03T00:05:10.280741,VHS Kulturgarage,8,347942
2026-02-03T00:05:10.280741,VHS Kulturgarage,8,348473
2026-02-03T00:05:10.280741,VHS Kulturgarage,8,348662
2026-02-03T00:05:10.280741,VHS Kulturgarage,8,398772
2026-02-03T00:05:10.280741,Siebenbrunnenfeldgasse,8,345617
2026-02-03T00:05:10.280741,Siebenbrunnenfeldgasse,8,346055
2026-02-03T00:05:10.280741,Siebenbrunnenfeldgasse,8,346943
2026-02-03T00:05:10.280741,Siebenbrunnenfeldgasse,8,347089
2026-02-03T00:05:10.280741,Siebenbrunnenfeldgasse,8,348315
2026-02-03T00:05:10.280741,Siebenbrunnenfeldgasse,8,348293
2026-02-03T00:05:10.280741,Siebenbrunnenfeldgasse,8,348609
2026-02-03T00:05:10.280741,Siebenbrunnenfeldgasse,8,398795
2026-02-03T00:05:10.280741,Technisches Museum,23,345485
2026-02-03T00:05:10.280741,Technisches Museum,23,345402
2026-02-03T00:05:10.280741,Technisches Museum,23,345399
2026-02-03T00:05:10.280741,Technisches Museum,23,345142
2026-02-03T00:05:10.280741,Technisches Museum,23,345064
2026-02-03T00:05:10.280741,Technisches Museum,23,345861
2026-02-03T00:05:10.280741,Technisches Museum,23,345781
2026-02-03T00:05:10.280741,Technisches Museum,23,345515
2026-02-03T00:05:10.280741,Technisches Museum,23,346309
2026-02-03T00:05:10.280741,Technisches Museum,23,346104
2026-02-03T00:05:10.280741,Technisches Museum,23,346085
2026-02-03T00:05:10.280741,Technisches Museum,23,346030
2026-02-03T00:05:10.280741,Technisches Museum,23,346960
2026-02-03T00:05:10.280741,Technisches Museum,23,346804
2026-02-03T00:05:10.280741,Technisches Museum,23,347176
2026-02-03T00:05:10.280741,Technisches Museum,23,347162
2026-02-03T00:05:10.280741,Technisches Museum,23,347054
2026-02-03T00:05:10.280741,Technisches Museum,23,347897
2026-02-03T00:05:10.280741,Technisches Museum,23,347778
2026-02-03T00:05:10.280741,Technisches Museum,23,347722
2026-02-03T00:05:10.280741,Technisches Museum,23,348460
2026-02-03T00:05:10.280741,Technisches Museum,23,348420
2026-02-03T00:05:10.280741,Technisches Museum,23,348267
2026-02-03T00:05:10.280741,Währinger Park,15,345491
2026-02-03T00:05:10.280741,Währinger Park,15,345394
2026-02-03T00:05:10.280741,Währinger Park,15,345339
2026-02-03T00:05:10.280741,Währinger Park,15,345091
2026-02-03T00:05:10.280741,Währinger Park,15,345850
2026-02-03T00:05:10.280741,Währinger Park,15,345648
2026-02-03T00:05:10.280741,Währinger Park,15,346834
2026-02-03T00:05:10.280741,Währinger Park,15,347269
2026-02-03T00:05:10.280741,Währinger Park,15,347193
2026-02-03T00:05:10.280741,Währinger Park,15,347048
2026-02-03T00:05:10.280741,Währinger Park,15,347840
2026-02-03T00:05:10.280741,Währinger Park,15,348007
2026-02-03T00:05:10.280741,Währinger Park,15,348547
2026-02-03T00:05:10.280741,Währinger Park,15,398732
2026-02-03T00:05:10.280741,Währinger Park,15,349123
2026-02-03T00:05:10.280741,Ettenreichgasse / Schulzentrum ,1,348977
2026-02-03T00:05:10.280741,Wendstattgasse,9,345408
2026-02-03T00:05:10.280741,Wendstattgasse,9,346693
2026-02-03T00:05:10.280741,Wendstattgasse,9,347702
2026-02-03T00:05:10.280741,Wendstattgasse,9,347639
2026-02-03T00:05:10.280741,Wendstattgasse,9,348389
2026-02-03T00:05:10.280741,Wendstattgasse,9,398846
2026-02-03T00:05:10.280741,Wendstattgasse,9,398723
2026-02-03T00:05:10.280741,Wendstattgasse,9,349016
2026-02-03T00:05:10.280741,Wendstattgasse,9,349168
2026-02-03T00:05:10.280741,Neilreichgasse,2,347685
2026-02-03T00:05:10.280741,Neilreichgasse,2,348204
2026-02-03T00:05:10.280741,Gutheil-Schoder-Gasse / Badner Bahn,12,345400
2026-02-03T00:05:10.280741,Gutheil-Schoder-Gasse / Badner Bahn,12,345361
2026-02-03T00:05:10.280741,Gutheil-Schoder-Gasse / Badner Bahn,12,345926
2026-02-03T00:05:10.280741,Gutheil-Schoder-Gasse / Badner Bahn,12,345709
2026-02-03T00:05:10.280741,Gutheil-Schoder-Gasse / Badner Bahn,12,346286
2026-02-03T00:05:10.280741,Gutheil-Schoder-Gasse / Badner Bahn,12,346222
2026-02-03T00:05:10.280741,Gutheil-Schoder-Gasse / Badner Bahn,12,346765
2026-02-03T00:05:10.280741,Gutheil-Schoder-Gasse / Badner Bahn,12,347137
2026-02-03T00:05:10.280741,Gutheil-Schoder-Gasse / Badner Bahn,12,347096
2026-02-03T00:05:10.280741,Gutheil-Schoder-Gasse / Badner Bahn,12,348316
2026-02-03T00:05:10.280741,Gutheil-Schoder-Gasse / Badner Bahn,12,398724
2026-02-03T00:05:10.280741,Gutheil-Schoder-Gasse / Badner Bahn,12,348858
2026-02-03T00:05:10.280741,Neu Leopoldau,16,345448
2026-02-03T00:05:10.280741,Neu Leopoldau,16,345174
2026-02-03T00:05:10.280741,Neu Leopoldau,16,345759
2026-02-03T00:05:10.280741,Neu Leopoldau,16,346382
2026-02-03T00:05:10.280741,Neu Leopoldau,16,346196
2026-02-03T00:05:10.280741,Neu Leopoldau,16,346726
2026-02-03T00:05:10.280741,Neu Leopoldau,16,346615
2026-02-03T00:05:10.280741,Neu Leopoldau,16,346512
2026-02-03T00:05:10.280741,Neu Leopoldau,16,347277
2026-02-03T00:05:10.280741,Neu Leopoldau,16,348457
2026-02-03T00:05:10.280741,Neu Leopoldau,16,348164
2026-02-03T00:05:10.280741,Neu Leopoldau,16,348934
2026-02-03T00:05:10.280741,Neu Leopoldau,16,348854
2026-02-03T00:05:10.280741,Neu Leopoldau,16,349169
2026-02-03T00:05:10.280741,Neu Leopoldau,16,349147
2026-02-03T00:05:10.280741,Neu Leopoldau,16,349136
2026-02-03T00:05:10.280741,Strebersdorf S,8,345152
2026-02-03T00:05:10.280741,Strebersdorf S,8,346162
2026-02-03T00:05:10.280741,Strebersdorf S,8,346529
2026-02-03T00:05:10.280741,Strebersdorf S,8,347485
2026-02-03T00:05:10.280741,Strebersdorf S,8,347061
2026-02-03T00:05:10.280741,Strebersdorf S,8,347995
2026-02-03T00:05:10.280741,Strebersdorf S,8,347524
2026-02-03T00:05:10.280741,Strebersdorf S,8,348060
2026-02-03T00:05:10.280741,Rodlergasse,9,345454
2026-02-03T00:05:10.280741,Rodlergasse,9,345439
2026-02-03T00:05:10.280741,Rodlergasse,9,345345
2026-02-03T00:05:10.280741,Rodlergasse,9,346169
2026-02-03T00:05:10.280741,Rodlergasse,9,346075
2026-02-03T00:05:10.280741,Rodlergasse,9,346938
2026-02-03T00:05:10.280741,Rodlergasse,9,347997
2026-02-03T00:05:10.280741,Rodlergasse,9,348635
2026-02-03T00:05:10.280741,Rodlergasse,9,348892
2026-02-03T00:05:10.280741,Nussbaumallee,3,345025
2026-02-03T00:05:10.280741,Nussbaumallee,3,347900
2026-02-03T00:05:10.280741,Nussbaumallee,3,348217
2026-02-03T00:05:10.280741,Raxstraße,5,346142
2026-02-03T00:05:10.280741,Raxstraße,5,347777
2026-02-03T00:05:10.280741,Raxstraße,5,347723
2026-02-03T00:05:10.280741,Raxstraße,5,348358
2026-02-03T00:05:10.280741,Raxstraße,5,348200
2026-02-03T00:05:10.280741,Wattmanngasse,7,345080
2026-02-03T00:05:10.280741,Wattmanngasse,7,346373
2026-02-03T00:05:10.280741,Wattmanngasse,7,346750
2026-02-03T00:05:10.280741,Wattmanngasse,7,347631
2026-02-03T00:05:10.280741,Wattmanngasse,7,348346
2026-02-03T00:05:10.280741,Wattmanngasse,7,398856
2026-02-03T00:05:10.280741,Wattmanngasse,7,349050
2026-02-03T00:05:10.280741,Joachimsthaler Platz,11,345456
2026-02-03T00:05:10.280741,Joachimsthaler Platz,11,345352
2026-02-03T00:05:10.280741,Joachimsthaler Platz,11,345693
2026-02-03T00:05:10.280741,Joachimsthaler Platz,11,345674
2026-02-03T00:05:10.280741,Joachimsthaler Platz,11,345612
2026-02-03T00:05:10.280741,Joachimsthaler Platz,11,346680
2026-02-03T00:05:10.280741,Joachimsthaler Platz,11,346621
2026-02-03T00:05:10.280741,Joachimsthaler Platz,11,347308
2026-02-03T00:05:10.280741,Joachimsthaler Platz,11,347711
2026-02-03T00:05:10.280741,Joachimsthaler Platz,11,348342
2026-02-03T00:05:10.280741,Joachimsthaler Platz,11,348145
2026-02-03T00:05:10.280741,Floridsdorfer Markt,6,346108
2026-02-03T00:05:10.280741,Floridsdorfer Markt,6,346882
2026-02-03T00:05:10.280741,Floridsdorfer Markt,6,346681
2026-02-03T00:05:10.280741,Floridsdorfer Markt,6,347846
2026-02-03T00:05:10.280741,Floridsdorfer Markt,6,348455
2026-02-03T00:05:10.280741,Floridsdorfer Markt,6,349191
2026-02-03T00:05:10.280741,Nussdorf S,11,345300
2026-02-03T00:05:10.280741,Nussdorf S,11,345553
2026-02-03T00:05:10.280741,Nussdorf S,11,346132
2026-02-03T00:05:10.280741,Nussdorf S,11,347461
2026-02-03T00:05:10.280741,Nussdorf S,11,347428
2026-02-03T00:05:10.280741,Nussdorf S,11,398717
2026-02-03T00:05:10.280741,Nussdorf S,11,349062
2026-02-03T00:05:10.280741,Nussdorf S,11,349041
2026-02-03T00:05:10.280741,Nussdorf S,11,348989
2026-02-03T00:05:10.280741,Nussdorf S,11,348932
2026-02-03T00:05:10.280741,Nussdorf S,11,348844
2026-02-03T00:05:10.280741,Bertha-von-Suttner-Gasse,8,345059
2026-02-03T00:05:10.280741,Bertha-von-Suttner-Gasse,8,346225
2026-02-03T00:05:10.280741,Bertha-von-Suttner-Gasse,8,346977
2026-02-03T00:05:10.280741,Bertha-von-Suttner-Gasse,8,347948
2026-02-03T00:05:10.280741,Bertha-von-Suttner-Gasse,8,348485
2026-02-03T00:05:10.280741,Bertha-von-Suttner-Gasse,8,348387
2026-02-03T00:05:10.280741,Bertha-von-Suttner-Gasse,8,398797
2026-02-03T00:05:10.280741,Bertha-von-Suttner-Gasse,8,398751
2026-02-03T00:05:10.280741,Hauptbahnhof Ost,20,345815
2026-02-03T00:05:10.280741,Hauptbahnhof Ost,20,345729
2026-02-03T00:05:10.280741,Hauptbahnhof Ost,20,345720
2026-02-03T00:05:10.280741,Hauptbahnhof Ost,20,345649
2026-02-03T00:05:10.280741,Hauptbahnhof Ost,20,346487
2026-02-03T00:05:10.280741,Hauptbahnhof Ost,20,346116
2026-02-03T00:05:10.280741,Hauptbahnhof Ost,20,346809
2026-02-03T00:05:10.280741,Hauptbahnhof Ost,20,346692
2026-02-03T00:05:10.280741,Hauptbahnhof Ost,20,346524
2026-02-03T00:05:10.280741,Hauptbahnhof Ost,20,347439
2026-02-03T00:05:10.280741,Hauptbahnhof Ost,20,347285
2026-02-03T00:05:10.280741,Hauptbahnhof Ost,20,347128
2026-02-03T00:05:10.280741,Hauptbahnhof Ost,20,347046
2026-02-03T00:05:10.280741,Hauptbahnhof Ost,20,347562
2026-02-03T00:05:10.280741,Hauptbahnhof Ost,20,348413
2026-02-03T00:05:10.280741,Hauptbahnhof Ost,20,348277
2026-02-03T00:05:10.280741,Hauptbahnhof Ost,20,348255
2026-02-03T00:05:10.280741,Hauptbahnhof Ost,20,348159
2026-02-03T00:05:10.280741,Hauptbahnhof Ost,20,348526
2026-02-03T00:05:10.280741,Hauptbahnhof Ost,20,348871
2026-02-03T00:05:10.280741,FH Technikum,8,345279
2026-02-03T00:05:10.280741,FH Technikum,8,345046
2026-02-03T00:05:10.280741,FH Technikum,8,345616
2026-02-03T00:05:10.280741,FH Technikum,8,347281
2026-02-03T00:05:10.280741,FH Technikum,8,347092
2026-02-03T00:05:10.280741,FH Technikum,8,347977
2026-02-03T00:05:10.280741,FH Technikum,8,347882
2026-02-03T00:05:10.280741,FH Technikum,8,347821
2026-02-03T00:05:10.280741,Hafen Wien,5,345991
2026-02-03T00:05:10.280741,Hafen Wien,5,346071
2026-02-03T00:05:10.280741,Hafen Wien,5,347321
2026-02-03T00:05:10.280741,Hafen Wien,5,347728
2026-02-03T00:05:10.280741,Hafen Wien,5,347661
2026-02-03T00:05:10.280741,Hundertwasserhaus,8,345374
2026-02-03T00:05:10.280741,Hundertwasserhaus,8,345931
2026-02-03T00:05:10.280741,Hundertwasserhaus,8,346794
2026-02-03T00:05:10.280741,Hundertwasserhaus,8,347257
2026-02-03T00:05:10.280741,Hundertwasserhaus,8,347000
2026-02-03T00:05:10.280741,Hundertwasserhaus,8,347503
2026-02-03T00:05:10.280741,Hundertwasserhaus,8,348163
2026-02-03T00:05:10.280741,Hundertwasserhaus,8,398814
2026-02-03T00:05:10.280741,Seestadt U - Lina-Bo-Bardi-Platz,4,345799
2026-02-03T00:05:10.280741,Seestadt U - Lina-Bo-Bardi-Platz,4,346740
2026-02-03T00:05:10.280741,Seestadt U - Lina-Bo-Bardi-Platz,4,346632
2026-02-03T00:05:10.280741,Seestadt U - Lina-Bo-Bardi-Platz,4,348596
2026-02-03T00:05:10.280741,Barbara-Prammer-Allee,11,345379
2026-02-03T00:05:10.280741,Barbara-Prammer-Allee,11,345986
2026-02-03T00:05:10.280741,Barbara-Prammer-Allee,11,345949
2026-02-03T00:05:10.280741,Barbara-Prammer-Allee,11,345848
2026-02-03T00:05:10.280741,Barbara-Prammer-Allee,11,346393
2026-02-03T00:05:10.280741,Barbara-Prammer-Allee,11,346788
2026-02-03T00:05:10.280741,Barbara-Prammer-Allee,11,347051
2026-02-03T00:05:10.280741,Barbara-Prammer-Allee,11,348406
2026-02-03T00:05:10.280741,Barbara-Prammer-Allee,11,348098
2026-02-03T00:05:10.280741,Barbara-Prammer-Allee,11,348701
2026-02-03T00:05:10.280741,Barbara-Prammer-Allee,11,348661
2026-02-03T00:05:10.280741,Sonnenallee,4,345492
2026-02-03T00:05:10.280741,Sonnenallee,4,347395
2026-02-03T00:05:10.280741,Sonnenallee,4,347988
2026-02-03T00:05:10.280741,Sonnenallee,4,348233
2026-02-03T00:05:10.280741,AIT Austrian Institute of Technology / Giefinggasse ,5,346158
2026-02-03T00:05:10.280741,AIT Austrian Institute of Technology / Giefinggasse ,5,346608
2026-02-03T00:05:10.280741,AIT Austrian Institute of Technology / Giefinggasse ,5,348193
2026-02-03T00:05:10.280741,AIT Austrian Institute of Technology / Giefinggasse ,5,348092
2026-02-03T00:05:10.280741,AIT Austrian Institute of Technology / Giefinggasse ,5,348945
2026-02-03T00:05:10.280741,Hannovermarkt (20),2,345514
2026-02-03T00:05:10.280741,Hannovermarkt (20),2,398841
2026-02-03T00:05:10.280741,Blériotgasse,10,345358
2026-02-03T00:05:10.280741,Blériotgasse,10,345307
2026-02-03T00:05:10.280741,Blériotgasse,10,345113
2026-02-03T00:05:10.280741,Blériotgasse,10,345053
2026-02-03T00:05:10.280741,Blériotgasse,10,345894
2026-02-03T00:05:10.280741,Blériotgasse,10,346484
2026-02-03T00:05:10.280741,Blériotgasse,10,346298
2026-02-03T00:05:10.280741,Blériotgasse,10,347317
2026-02-03T00:05:10.280741,Blériotgasse,10,347670
2026-02-03T00:05:10.280741,Blériotgasse,10,348474
2026-02-03T00:05:10.280741,Vetmed Haupteingang,7,345315
2026-02-03T00:05:10.280741,Vetmed Haupteingang,7,345605
2026-02-03T00:05:10.280741,Vetmed Haupteingang,7,346491
2026-02-03T00:05:10.280741,Vetmed Haupteingang,7,346737
2026-02-03T00:05:10.280741,Vetmed Haupteingang,7,347170
2026-02-03T00:05:10.280741,Vetmed Haupteingang,7,347715
2026-02-03T00:05:10.280741,Vetmed Haupteingang,7,348396
2026-02-03T00:05:10.280741,Vetmed UB,9,345558
2026-02-03T00:05:10.280741,Vetmed UB,9,346243
2026-02-03T00:05:10.280741,Vetmed UB,9,346856
2026-02-03T00:05:10.280741,Vetmed UB,9,346631
2026-02-03T00:05:10.280741,Vetmed UB,9,347345
2026-02-03T00:05:10.280741,Vetmed UB,9,347896
2026-02-03T00:05:10.280741,Vetmed UB,9,347724
2026-02-03T00:05:10.280741,Vetmed UB,9,348340
2026-02-03T00:05:10.280741,Vetmed UB,9,348102
2026-02-03T00:05:10.280741,Rebhanngasse / Nordbahnstrasse,4,345891
2026-02-03T00:05:10.280741,Rebhanngasse / Nordbahnstrasse,4,346146
2026-02-03T00:05:10.280741,Rebhanngasse / Nordbahnstrasse,4,347629
2026-02-03T00:05:10.280741,Rebhanngasse / Nordbahnstrasse,4,348957
2026-02-03T00:05:10.280741,Nordbahnstrasse,3,345383
2026-02-03T00:05:10.280741,Nordbahnstrasse,3,345376
2026-02-03T00:05:10.280741,Nordbahnstrasse,3,346156
2026-02-03T00:05:10.280741,BIKE 345845,1,345845
2026-02-03T00:05:10.280741,BIKE 348829,1,348829
2026-02-03T00:05:10.280741,BIKE 349054,1,349054
2026-02-03T00:05:10.280741,BIKE 349139,1,349139
2026-02-03T00:05:10.280741,BIKE 347703,1,347703
2026-02-03T00:05:10.280741,BIKE 346848,1,346848
2026-02-03T00:05:10.280741,BIKE 348828,1,348828
2026-02-03T00:05:10.280741,BIKE 349014,1,349014
2026-02-03T00:05:10.280741,BIKE 348891,1,348891
2026-02-03T00:05:10.280741,BIKE 348881,1,348881
2026-02-03T00:05:10.280741,BIKE 349090,1,349090
2026-02-03T00:05:10.280741,BIKE 348982,1,348982
2026-02-03T00:05:10.280741,BIKE 348897,1,348897
2026-02-03T00:05:10.280741,BIKE 348988,1,348988
2026-02-03T00:05:10.280741,BIKE 348899,1,348899
2026-02-03T00:05:10.280741,BIKE 348569,1,348569
2026-02-03T00:05:10.280741,BIKE 345099,1,345099
2026-02-03T00:05:10.280741,BIKE 348995,1,348995
2026-02-03T00:05:10.280741,BIKE 347849,1,347849
2026-02-03T00:05:10.280741,BIKE 347254,1,347254
2026-02-03T00:05:10.280741,BIKE 347720,1,347720
2026-02-03T00:05:10.280741,BIKE 345535,1,345535
2026-02-03T00:05:10.280741,BIKE 398777,1,398777
2026-02-03T00:05:10.280741,BIKE 345489,1,345489
2026-02-03T00:05:10.280741,BIKE 347220,1,347220
2026-02-03T00:05:10.280741,BIKE 349100,1,349100
2026-02-03T00:05:10.280741,BIKE 348398,1,348398
2026-02-03T00:05:10.280741,BIKE 346273,1,346273
2026-02-03T00:05:10.280741,BIKE 345761,1,345761
2026-02-03T00:05:10.280741,BIKE 349028,1,349028
2026-02-03T00:05:10.280741,BIKE 345910,1,345910
2026-02-03T00:05:10.280741,BIKE 346460,1,346460
2026-02-03T00:05:10.280741,BIKE 345430,1,345430
2026-02-03T00:05:10.280741,BIKE 348148,1,348148
2026-02-03T00:05:10.280741,BIKE 347003,1,347003
2026-02-03T00:05:10.280741,BIKE 348841,1,348841
2026-02-03T00:05:10.280741,BIKE 347551,1,347551
2026-02-03T00:05:10.280741,BIKE 349157,1,349157
2026-02-03T00:05:10.280741,BIKE 349105,1,349105
2026-02-03T00:05:10.280741,BIKE 347011,1,347011
2026-02-03T00:05:10.280741,BIKE 345665,1,345665
2026-02-03T00:05:10.280741,BIKE 348310,1,348310
2026-02-03T00:05:10.280741,BIKE 348700,1,348700
2026-02-03T00:05:10.280741,BIKE 398774,1,398774
2026-02-03T00:05:10.280741,BIKE 347228,1,347228
2026-02-03T00:05:10.280741,BIKE 348268,1,348268
2026-02-03T00:05:10.280741,BIKE 348206,1,348206
2026-02-03T00:05:10.280741,BIKE 345306,1,345306
2026-02-03T00:05:10.280741,BIKE 347738,1,347738
2026-02-03T00:05:10.280741,BIKE 347515,1,347515
2026-02-03T00:05:10.280741,BIKE 347380,1,347380
2026-02-03T00:05:10.280741,BIKE 345751,1,345751
2026-02-03T00:05:10.280741,BIKE 347752,1,347752
2026-02-03T00:05:10.280741,BIKE 347769,1,347769
2026-02-03T00:05:10.280741,BIKE 348452,1,348452
2026-02-03T00:05:10.280741,BIKE 346171,1,346171
2026-02-03T00:05:10.280741,BIKE 349040,1,349040
2026-02-03T00:05:10.280741,BIKE 346552,1,346552
2026-02-03T00:05:10.280741,BIKE 346219,1,346219
2026-02-03T00:05:10.280741,BIKE 349163,1,349163
2026-02-03T00:05:10.280741,BIKE 347919,1,347919
2026-02-03T00:05:10.280741,BIKE 346125,1,346125
2026-02-03T02:58:41.320596,Julius-Raab-Platz,10,345475
2026-02-03T02:58:41.320596,Julius-Raab-Platz,10,345652
2026-02-03T02:58:41.320596,Julius-Raab-Platz,10,346139
2026-02-03T02:58:41.320596,Julius-Raab-Platz,10,346892
2026-02-03T02:58:41.320596,Julius-Raab-Platz,10,346784
2026-02-03T02:58:41.320596,Julius-Raab-Platz,10,346591
2026-02-03T02:58:41.320596,Julius-Raab-Platz,10,347379
2026-02-03T02:58:41.320596,Julius-Raab-Platz,10,347815
2026-02-03T02:58:41.320596,Julius-Raab-Platz,10,348983
2026-02-03T02:58:41.320596,Julius-Raab-Platz,10,348894
2026-02-03T02:58:41.320596,Hoher Markt,17,345830
2026-02-03T02:58:41.320596,Hoher Markt,17,345767
2026-02-03T02:58:41.320596,Hoher Markt,17,345718
2026-02-03T02:58:41.320596,Hoher Markt,17,346380
2026-02-03T02:58:41.320596,Hoher Markt,17,346984
2026-02-03T02:58:41.320596,Hoher Markt,17,346963
2026-02-03T02:58:41.320596,Hoher Markt,17,346741
2026-02-03T02:58:41.320596,Hoher Markt,17,346587
2026-02-03T02:58:41.320596,Hoher Markt,17,347264
2026-02-03T02:58:41.320596,Hoher Markt,17,347200
2026-02-03T02:58:41.320596,Hoher Markt,17,347867
2026-02-03T02:58:41.320596,Hoher Markt,17,347770
2026-02-03T02:58:41.320596,Hoher Markt,17,347529
2026-02-03T02:58:41.320596,Hoher Markt,17,348456
2026-02-03T02:58:41.320596,Hoher Markt,17,348397
2026-02-03T02:58:41.320596,Hoher Markt,17,348100
2026-02-03T02:58:41.320596,Hoher Markt,17,348538
2026-02-03T02:58:41.320596,Oper,12,345264
2026-02-03T02:58:41.320596,Oper,12,345260
2026-02-03T02:58:41.320596,Oper,12,345188
2026-02-03T02:58:41.320596,Oper,12,346335
2026-02-03T02:58:41.320596,Oper,12,346799
2026-02-03T02:58:41.320596,Oper,12,347499
2026-02-03T02:58:41.320596,Oper,12,347060
2026-02-03T02:58:41.320596,Oper,12,347041
2026-02-03T02:58:41.320596,Oper,12,347717
2026-02-03T02:58:41.320596,Oper,12,347531
2026-02-03T02:58:41.320596,Oper,12,348139
2026-02-03T02:58:41.320596,Oper,12,348696
2026-02-03T02:58:41.320596,Volksgarten,1,346497
2026-02-03T02:58:41.320596,Stephansplatz U,1,347803
2026-02-03T02:58:41.320596,Taborstraße U,16,345415
2026-02-03T02:58:41.320596,Taborstraße U,16,345335
2026-02-03T02:58:41.320596,Taborstraße U,16,345196
2026-02-03T02:58:41.320596,Taborstraße U,16,345186
2026-02-03T02:58:41.320596,Taborstraße U,16,345156
2026-02-03T02:58:41.320596,Taborstraße U,16,345546
2026-02-03T02:58:41.320596,Taborstraße U,16,346476
2026-02-03T02:58:41.320596,Taborstraße U,16,346012
2026-02-03T02:58:41.320596,Taborstraße U,16,346901
2026-02-03T02:58:41.320596,Taborstraße U,16,346801
2026-02-03T02:58:41.320596,Taborstraße U,16,347935
2026-02-03T02:58:41.320596,Taborstraße U,16,347915
2026-02-03T02:58:41.320596,Taborstraße U,16,347652
2026-02-03T02:58:41.320596,Taborstraße U,16,347502
2026-02-03T02:58:41.320596,Taborstraße U,16,348655
2026-02-03T02:58:41.320596,Taborstraße U,16,349203
2026-02-03T02:58:41.320596,WU-Campus / Südportalstraße ,12,345056
2026-02-03T02:58:41.320596,WU-Campus / Südportalstraße ,12,345725
2026-02-03T02:58:41.320596,WU-Campus / Südportalstraße ,12,345586
2026-02-03T02:58:41.320596,WU-Campus / Südportalstraße ,12,346846
2026-02-03T02:58:41.320596,WU-Campus / Südportalstraße ,12,346771
2026-02-03T02:58:41.320596,WU-Campus / Südportalstraße ,12,346599
2026-02-03T02:58:41.320596,WU-Campus / Südportalstraße ,12,346539
2026-02-03T02:58:41.320596,WU-Campus / Südportalstraße ,12,347393
2026-02-03T02:58:41.320596,WU-Campus / Südportalstraße ,12,348066
2026-02-03T02:58:41.320596,WU-Campus / Südportalstraße ,12,348668
2026-02-03T02:58:41.320596,WU-Campus / Südportalstraße ,12,348551
2026-02-03T02:58:41.320596,WU-Campus / Südportalstraße ,12,398782
2026-02-03T02:58:41.320596,Erdberg U,19,345248
2026-02-03T02:58:41.320596,Erdberg U,19,345149
2026-02-03T02:58:41.320596,Erdberg U,19,345062
2026-02-03T02:58:41.320596,Erdberg U,19,345930
2026-02-03T02:58:41.320596,Erdberg U,19,345856
2026-02-03T02:58:41.320596,Erdberg U,19,345779
2026-02-03T02:58:41.320596,Erdberg U,19,346416
2026-02-03T02:58:41.320596,Erdberg U,19,346392
2026-02-03T02:58:41.320596,Erdberg U,19,346098
2026-02-03T02:58:41.320596,Erdberg U,19,346010
2026-02-03T02:58:41.320596,Erdberg U,19,346982
2026-02-03T02:58:41.320596,Erdberg U,19,347030
2026-02-03T02:58:41.320596,Erdberg U,19,347982
2026-02-03T02:58:41.320596,Erdberg U,19,348477
2026-02-03T02:58:41.320596,Erdberg U,19,348294
2026-02-03T02:58:41.320596,Erdberg U,19,348230
2026-02-03T02:58:41.320596,Erdberg U,19,348195
2026-02-03T02:58:41.320596,Erdberg U,19,348127
2026-02-03T02:58:41.320596,Erdberg U,19,348603
2026-02-03T02:58:41.320596,Media Quarter Marx,5,346831
2026-02-03T02:58:41.320596,Media Quarter Marx,5,347407
2026-02-03T02:58:41.320596,Media Quarter Marx,5,348426
2026-02-03T02:58:41.320596,Media Quarter Marx,5,348113
2026-02-03T02:58:41.320596,Media Quarter Marx,5,398810
2026-02-03T02:58:41.320596,Rennweg S,7,346176
2026-02-03T02:58:41.320596,Rennweg S,7,346565
2026-02-03T02:58:41.320596,Rennweg S,7,346540
2026-02-03T02:58:41.320596,Rennweg S,7,347435
2026-02-03T02:58:41.320596,Rennweg S,7,348405
2026-02-03T02:58:41.320596,Rennweg S,7,348290
2026-02-03T02:58:41.320596,Rennweg S,7,349164
2026-02-03T02:58:41.320596,Rochusmarkt,12,345343
2026-02-03T02:58:41.320596,Rochusmarkt,12,345835
2026-02-03T02:58:41.320596,Rochusmarkt,12,345623
2026-02-03T02:58:41.320596,Rochusmarkt,12,346368
2026-02-03T02:58:41.320596,Rochusmarkt,12,346990
2026-02-03T02:58:41.320596,Rochusmarkt,12,346925
2026-02-03T02:58:41.320596,Rochusmarkt,12,347004
2026-02-03T02:58:41.320596,Rochusmarkt,12,347976
2026-02-03T02:58:41.320596,Rochusmarkt,12,347520
2026-02-03T02:58:41.320596,Rochusmarkt,12,348180
2026-02-03T02:58:41.320596,Rochusmarkt,12,348605
2026-02-03T02:58:41.320596,Rochusmarkt,12,398781
2026-02-03T02:58:41.320596,Schwarzenbergplatz,3,345908
2026-02-03T02:58:41.320596,Schwarzenbergplatz,3,346202
2026-02-03T02:58:41.320596,Schwarzenbergplatz,3,348469
2026-02-03T02:58:41.320596,Heumühlgasse,20,345445
2026-02-03T02:58:41.320596,Heumühlgasse,20,345406
2026-02-03T02:58:41.320596,Heumühlgasse,20,345314
2026-02-03T02:58:41.320596,Heumühlgasse,20,345237
2026-02-03T02:58:41.320596,Heumühlgasse,20,345181
2026-02-03T02:58:41.320596,Heumühlgasse,20,345158
2026-02-03T02:58:41.320596,Heumühlgasse,20,345680
2026-02-03T02:58:41.320596,Heumühlgasse,20,346297
2026-02-03T02:58:41.320596,Heumühlgasse,20,346174
2026-02-03T02:58:41.320596,Heumühlgasse,20,346114
2026-02-03T02:58:41.320596,Heumühlgasse,20,346800
2026-02-03T02:58:41.320596,Heumühlgasse,20,347489
2026-02-03T02:58:41.320596,Heumühlgasse,20,347272
2026-02-03T02:58:41.320596,Heumühlgasse,20,347118
2026-02-03T02:58:41.320596,Heumühlgasse,20,347543
2026-02-03T02:58:41.320596,Heumühlgasse,20,348184
2026-02-03T02:58:41.320596,Heumühlgasse,20,348023
2026-02-03T02:58:41.320596,Heumühlgasse,20,348613
2026-02-03T02:58:41.320596,Heumühlgasse,20,348583
2026-02-03T02:58:41.320596,Heumühlgasse,20,348921
2026-02-03T02:58:41.320596,Margaretengürtel U,13,345733
2026-02-03T02:58:41.320596,Margaretengürtel U,13,345572
2026-02-03T02:58:41.320596,Margaretengürtel U,13,346260
2026-02-03T02:58:41.320596,Margaretengürtel U,13,346213
2026-02-03T02:58:41.320596,Margaretengürtel U,13,346127
2026-02-03T02:58:41.320596,Margaretengürtel U,13,347467
2026-02-03T02:58:41.320596,Margaretengürtel U,13,347052
2026-02-03T02:58:41.320596,Margaretengürtel U,13,347898
2026-02-03T02:58:41.320596,Margaretengürtel U,13,347718
2026-02-03T02:58:41.320596,Margaretengürtel U,13,347579
2026-02-03T02:58:41.320596,Margaretengürtel U,13,347538
2026-02-03T02:58:41.320596,Margaretengürtel U,13,347511
2026-02-03T02:58:41.320596,Margaretengürtel U,13,348703
2026-02-03T02:58:41.320596,Mittersteig,20,345259
2026-02-03T02:58:41.320596,Mittersteig,20,345215
2026-02-03T02:58:41.320596,Mittersteig,20,345920
2026-02-03T02:58:41.320596,Mittersteig,20,346409
2026-02-03T02:58:41.320596,Mittersteig,20,346360
2026-02-03T02:58:41.320596,Mittersteig,20,346355
2026-02-03T02:58:41.320596,Mittersteig,20,346825
2026-02-03T02:58:41.320596,Mittersteig,20,346672
2026-02-03T02:58:41.320596,Mittersteig,20,346635
2026-02-03T02:58:41.320596,Mittersteig,20,347218
2026-02-03T02:58:41.320596,Mittersteig,20,347708
2026-02-03T02:58:41.320596,Mittersteig,20,347662
2026-02-03T02:58:41.320596,Mittersteig,20,347644
2026-02-03T02:58:41.320596,Mittersteig,20,348147
2026-02-03T02:58:41.320596,Mittersteig,20,348704
2026-02-03T02:58:41.320596,Mittersteig,20,348539
2026-02-03T02:58:41.320596,Mittersteig,20,398860
2026-02-03T02:58:41.320596,Mittersteig,20,348965
2026-02-03T02:58:41.320596,Mittersteig,20,348940
2026-02-03T02:58:41.320596,Mittersteig,20,348935
2026-02-03T02:58:41.320596,Ceija-Stojka-Platz,13,346272
2026-02-03T02:58:41.320596,Ceija-Stojka-Platz,13,346209
2026-02-03T02:58:41.320596,Ceija-Stojka-Platz,13,346876
2026-02-03T02:58:41.320596,Ceija-Stojka-Platz,13,346634
2026-02-03T02:58:41.320596,Ceija-Stojka-Platz,13,346526
2026-02-03T02:58:41.320596,Ceija-Stojka-Platz,13,347420
2026-02-03T02:58:41.320596,Ceija-Stojka-Platz,13,347177
2026-02-03T02:58:41.320596,Ceija-Stojka-Platz,13,347674
2026-02-03T02:58:41.320596,Ceija-Stojka-Platz,13,347609
2026-02-03T02:58:41.320596,Ceija-Stojka-Platz,13,348166
2026-02-03T02:58:41.320596,Ceija-Stojka-Platz,13,348621
2026-02-03T02:58:41.320596,Ceija-Stojka-Platz,13,398715
2026-02-03T02:58:41.320596,Ceija-Stojka-Platz,13,398790
2026-02-03T02:58:41.320596,Volkstheater U,8,345463
2026-02-03T02:58:41.320596,Volkstheater U,8,345686
2026-02-03T02:58:41.320596,Volkstheater U,8,345684
2026-02-03T02:58:41.320596,Volkstheater U,8,346307
2026-02-03T02:58:41.320596,Volkstheater U,8,346536
2026-02-03T02:58:41.320596,Volkstheater U,8,347992
2026-02-03T02:58:41.320596,Volkstheater U,8,347965
2026-02-03T02:58:41.320596,Volkstheater U,8,348270
2026-02-03T02:58:41.320596,Zieglergasse U,17,345651
2026-02-03T02:58:41.320596,Zieglergasse U,17,345575
2026-02-03T02:58:41.320596,Zieglergasse U,17,346433
2026-02-03T02:58:41.320596,Zieglergasse U,17,347329
2026-02-03T02:58:41.320596,Zieglergasse U,17,348283
2026-02-03T02:58:41.320596,Zieglergasse U,17,348196
2026-02-03T02:58:41.320596,Zieglergasse U,17,348136
2026-02-03T02:58:41.320596,Zieglergasse U,17,349111
2026-02-03T02:58:41.320596,Zieglergasse U,17,349088
2026-02-03T02:58:41.320596,Zieglergasse U,17,349061
2026-02-03T02:58:41.320596,Zieglergasse U,17,349034
2026-02-03T02:58:41.320596,Zieglergasse U,17,349011
2026-02-03T02:58:41.320596,Zieglergasse U,17,348979
2026-02-03T02:58:41.320596,Zieglergasse U,17,348952
2026-02-03T02:58:41.320596,Zieglergasse U,17,348880
2026-02-03T02:58:41.320596,Zieglergasse U,17,348866
2026-02-03T02:58:41.320596,Zieglergasse U,17,349162
2026-02-03T02:58:41.320596,Oskar-Morgenstern-Platz,38,345442
2026-02-03T02:58:41.320596,Oskar-Morgenstern-Platz,38,345393
2026-02-03T02:58:41.320596,Oskar-Morgenstern-Platz,38,345148
2026-02-03T02:58:41.320596,Oskar-Morgenstern-Platz,38,345121
2026-02-03T02:58:41.320596,Oskar-Morgenstern-Platz,38,345119
2026-02-03T02:58:41.320596,Oskar-Morgenstern-Platz,38,345003
2026-02-03T02:58:41.320596,Oskar-Morgenstern-Platz,38,345988
2026-02-03T02:58:41.320596,Oskar-Morgenstern-Platz,38,345678
2026-02-03T02:58:41.320596,Oskar-Morgenstern-Platz,38,345596
2026-02-03T02:58:41.320596,Oskar-Morgenstern-Platz,38,346183
2026-02-03T02:58:41.320596,Oskar-Morgenstern-Platz,38,346153
2026-02-03T02:58:41.320596,Oskar-Morgenstern-Platz,38,346117
2026-02-03T02:58:41.320596,Oskar-Morgenstern-Platz,38,346971
2026-02-03T02:58:41.320596,Oskar-Morgenstern-Platz,38,346869
2026-02-03T02:58:41.320596,Oskar-Morgenstern-Platz,38,346859
2026-02-03T02:58:41.320596,Oskar-Morgenstern-Platz,38,346795
2026-02-03T02:58:41.320596,Oskar-Morgenstern-Platz,38,346752
2026-02-03T02:58:41.320596,Oskar-Morgenstern-Platz,38,346670
2026-02-03T02:58:41.320596,Oskar-Morgenstern-Platz,38,346668
2026-02-03T02:58:41.320596,Oskar-Morgenstern-Platz,38,346590
2026-02-03T02:58:41.320596,Oskar-Morgenstern-Platz,38,346517
2026-02-03T02:58:41.320596,Oskar-Morgenstern-Platz,38,347375
2026-02-03T02:58:41.320596,Oskar-Morgenstern-Platz,38,347316
2026-02-03T02:58:41.320596,Oskar-Morgenstern-Platz,38,347174
2026-02-03T02:58:41.320596,Oskar-Morgenstern-Platz,38,347147
2026-02-03T02:58:41.320596,Oskar-Morgenstern-Platz,38,347031
2026-02-03T02:58:41.320596,Oskar-Morgenstern-Platz,38,347779
2026-02-03T02:58:41.320596,Oskar-Morgenstern-Platz,38,347686
2026-02-03T02:58:41.320596,Oskar-Morgenstern-Platz,38,347626
2026-02-03T02:58:41.320596,Oskar-Morgenstern-Platz,38,347526
2026-02-03T02:58:41.320596,Oskar-Morgenstern-Platz,38,347512
2026-02-03T02:58:41.320596,Oskar-Morgenstern-Platz,38,348491
2026-02-03T02:58:41.320596,Oskar-Morgenstern-Platz,38,348261
2026-02-03T02:58:41.320596,Oskar-Morgenstern-Platz,38,348186
2026-02-03T02:58:41.320596,Oskar-Morgenstern-Platz,38,348137
2026-02-03T02:58:41.320596,Oskar-Morgenstern-Platz,38,348710
2026-02-03T02:58:41.320596,Oskar-Morgenstern-Platz,38,348576
2026-02-03T02:58:41.320596,Oskar-Morgenstern-Platz,38,348537
2026-02-03T02:58:41.320596,Frankhplatz,8,345482
2026-02-03T02:58:41.320596,Frankhplatz,8,345983
2026-02-03T02:58:41.320596,Frankhplatz,8,345656
2026-02-03T02:58:41.320596,Frankhplatz,8,346652
2026-02-03T02:58:41.320596,Frankhplatz,8,347320
2026-02-03T02:58:41.320596,Frankhplatz,8,347080
2026-02-03T02:58:41.320596,Frankhplatz,8,347070
2026-02-03T02:58:41.320596,Frankhplatz,8,348323
2026-02-03T02:58:41.320596,Friedensbrücke U,19,345342
2026-02-03T02:58:41.320596,Friedensbrücke U,19,345291
2026-02-03T02:58:41.320596,Friedensbrücke U,19,345037
2026-02-03T02:58:41.320596,Friedensbrücke U,19,345895
2026-02-03T02:58:41.320596,Friedensbrücke U,19,345790
2026-02-03T02:58:41.320596,Friedensbrücke U,19,345721
2026-02-03T02:58:41.320596,Friedensbrücke U,19,346343
2026-02-03T02:58:41.320596,Friedensbrücke U,19,346294
2026-02-03T02:58:41.320596,Friedensbrücke U,19,346265
2026-02-03T02:58:41.320596,Friedensbrücke U,19,346896
2026-02-03T02:58:41.320596,Friedensbrücke U,19,346857
2026-02-03T02:58:41.320596,Friedensbrücke U,19,347475
2026-02-03T02:58:41.320596,Friedensbrücke U,19,347362
2026-02-03T02:58:41.320596,Friedensbrücke U,19,347180
2026-02-03T02:58:41.320596,Friedensbrücke U,19,347953
2026-02-03T02:58:41.320596,Friedensbrücke U,19,347583
2026-02-03T02:58:41.320596,Friedensbrücke U,19,348443
2026-02-03T02:58:41.320596,Friedensbrücke U,19,348582
2026-02-03T02:58:41.320596,Friedensbrücke U,19,349182
2026-02-03T02:58:41.320596,Spittelau S U,12,345855
2026-02-03T02:58:41.320596,Spittelau S U,12,345819
2026-02-03T02:58:41.320596,Spittelau S U,12,345641
2026-02-03T02:58:41.320596,Spittelau S U,12,346465
2026-02-03T02:58:41.320596,Spittelau S U,12,346454
2026-02-03T02:58:41.320596,Spittelau S U,12,346190
2026-02-03T02:58:41.320596,Spittelau S U,12,346832
2026-02-03T02:58:41.320596,Spittelau S U,12,347246
2026-02-03T02:58:41.320596,Spittelau S U,12,348482
2026-02-03T02:58:41.320596,Spittelau S U,12,348309
2026-02-03T02:58:41.320596,Spittelau S U,12,348565
2026-02-03T02:58:41.320596,Spittelau S U,12,348948
2026-02-03T02:58:41.320596,Absbergbrücke ,14,345270
2026-02-03T02:58:41.320596,Absbergbrücke ,14,345222
2026-02-03T02:58:41.320596,Absbergbrücke ,14,345076
2026-02-03T02:58:41.320596,Absbergbrücke ,14,345967
2026-02-03T02:58:41.320596,Absbergbrücke ,14,346270
2026-02-03T02:58:41.320596,Absbergbrücke ,14,346945
2026-02-03T02:58:41.320596,Absbergbrücke ,14,346904
2026-02-03T02:58:41.320596,Absbergbrücke ,14,347094
2026-02-03T02:58:41.320596,Absbergbrücke ,14,347793
2026-02-03T02:58:41.320596,Absbergbrücke ,14,348118
2026-02-03T02:58:41.320596,Absbergbrücke ,14,348558
2026-02-03T02:58:41.320596,Absbergbrücke ,14,348521
2026-02-03T02:58:41.320596,Absbergbrücke ,14,349018
2026-02-03T02:58:41.320596,Absbergbrücke ,14,348886
2026-02-03T02:58:41.320596,Altes Landgut U,22,345427
2026-02-03T02:58:41.320596,Altes Landgut U,22,345426
2026-02-03T02:58:41.320596,Altes Landgut U,22,345916
2026-02-03T02:58:41.320596,Altes Landgut U,22,345749
2026-02-03T02:58:41.320596,Altes Landgut U,22,345639
2026-02-03T02:58:41.320596,Altes Landgut U,22,346467
2026-02-03T02:58:41.320596,Altes Landgut U,22,346464
2026-02-03T02:58:41.320596,Altes Landgut U,22,346185
2026-02-03T02:58:41.320596,Altes Landgut U,22,346993
2026-02-03T02:58:41.320596,Altes Landgut U,22,346954
2026-02-03T02:58:41.320596,Altes Landgut U,22,346522
2026-02-03T02:58:41.320596,Altes Landgut U,22,347383
2026-02-03T02:58:41.320596,Altes Landgut U,22,347156
2026-02-03T02:58:41.320596,Altes Landgut U,22,347946
2026-02-03T02:58:41.320596,Altes Landgut U,22,347931
2026-02-03T02:58:41.320596,Altes Landgut U,22,347895
2026-02-03T02:58:41.320596,Altes Landgut U,22,347643
2026-02-03T02:58:41.320596,Altes Landgut U,22,347555
2026-02-03T02:58:41.320596,Altes Landgut U,22,348221
2026-02-03T02:58:41.320596,Altes Landgut U,22,348209
2026-02-03T02:58:41.320596,Altes Landgut U,22,348150
2026-02-03T02:58:41.320596,Altes Landgut U,22,348070
2026-02-03T02:58:41.320596,Bloch-Bauer-Promenade,13,345145
2026-02-03T02:58:41.320596,Bloch-Bauer-Promenade,13,345061
2026-02-03T02:58:41.320596,Bloch-Bauer-Promenade,13,345832
2026-02-03T02:58:41.320596,Bloch-Bauer-Promenade,13,346212
2026-02-03T02:58:41.320596,Bloch-Bauer-Promenade,13,347185
2026-02-03T02:58:41.320596,Bloch-Bauer-Promenade,13,347647
2026-02-03T02:58:41.320596,Bloch-Bauer-Promenade,13,348251
2026-02-03T02:58:41.320596,Bloch-Bauer-Promenade,13,348033
2026-02-03T02:58:41.320596,Bloch-Bauer-Promenade,13,348639
2026-02-03T02:58:41.320596,Bloch-Bauer-Promenade,13,349098
2026-02-03T02:58:41.320596,Bloch-Bauer-Promenade,13,349047
2026-02-03T02:58:41.320596,Bloch-Bauer-Promenade,13,348900
2026-02-03T02:58:41.320596,Bloch-Bauer-Promenade,13,348867
2026-02-03T02:58:41.320596,Hauptbahnhof S U ,47,347071
2026-02-03T02:58:41.320596,Hauptbahnhof S U ,47,349107
2026-02-03T02:58:41.320596,Hauptbahnhof S U ,47,349103
2026-02-03T02:58:41.320596,Hauptbahnhof S U ,47,349099
2026-02-03T02:58:41.320596,Hauptbahnhof S U ,47,349092
2026-02-03T02:58:41.320596,Hauptbahnhof S U ,47,349082
2026-02-03T02:58:41.320596,Hauptbahnhof S U ,47,349074
2026-02-03T02:58:41.320596,Hauptbahnhof S U ,47,349042
2026-02-03T02:58:41.320596,Hauptbahnhof S U ,47,349038
2026-02-03T02:58:41.320596,Hauptbahnhof S U ,47,349029
2026-02-03T02:58:41.320596,Hauptbahnhof S U ,47,349020
2026-02-03T02:58:41.320596,Hauptbahnhof S U ,47,349019
2026-02-03T02:58:41.320596,Hauptbahnhof S U ,47,349003
2026-02-03T02:58:41.320596,Hauptbahnhof S U ,47,349001
2026-02-03T02:58:41.320596,Hauptbahnhof S U ,47,348996
2026-02-03T02:58:41.320596,Hauptbahnhof S U ,47,348992
2026-02-03T02:58:41.320596,Hauptbahnhof S U ,47,348980
2026-02-03T02:58:41.320596,Hauptbahnhof S U ,47,348963
2026-02-03T02:58:41.320596,Hauptbahnhof S U ,47,348955
2026-02-03T02:58:41.320596,Hauptbahnhof S U ,47,348951
2026-02-03T02:58:41.320596,Hauptbahnhof S U ,47,348946
2026-02-03T02:58:41.320596,Hauptbahnhof S U ,47,348937
2026-02-03T02:58:41.320596,Hauptbahnhof S U ,47,348936
2026-02-03T02:58:41.320596,Hauptbahnhof S U ,47,348926
2026-02-03T02:58:41.320596,Hauptbahnhof S U ,47,348922
2026-02-03T02:58:41.320596,Hauptbahnhof S U ,47,348917
2026-02-03T02:58:41.320596,Hauptbahnhof S U ,47,348912
2026-02-03T02:58:41.320596,Hauptbahnhof S U ,47,348893
2026-02-03T02:58:41.320596,Hauptbahnhof S U ,47,348876
2026-02-03T02:58:41.320596,Hauptbahnhof S U ,47,348868
2026-02-03T02:58:41.320596,Hauptbahnhof S U ,47,348864
2026-02-03T02:58:41.320596,Hauptbahnhof S U ,47,348863
2026-02-03T02:58:41.320596,Hauptbahnhof S U ,47,348825
2026-02-03T02:58:41.320596,Hauptbahnhof S U ,47,348813
2026-02-03T02:58:41.320596,Hauptbahnhof S U ,47,349196
2026-02-03T02:58:41.320596,Hauptbahnhof S U ,47,349192
2026-02-03T02:58:41.320596,Hauptbahnhof S U ,47,349186
2026-02-03T02:58:41.320596,Hauptbahnhof S U ,47,349165
2026-02-03T02:58:41.320596,Hauptbahnhof S U ,47,349160
2026-02-03T02:58:41.320596,Hauptbahnhof S U ,47,349159
2026-02-03T02:58:41.320596,Hauptbahnhof S U ,47,349153
2026-02-03T02:58:41.320596,Hauptbahnhof S U ,47,349145
2026-02-03T02:58:41.320596,Hauptbahnhof S U ,47,349135
2026-02-03T02:58:41.320596,Hauptbahnhof S U ,47,349129
2026-02-03T02:58:41.320596,Hauptbahnhof S U ,47,349124
2026-02-03T02:58:41.320596,Hauptbahnhof S U ,47,349122
2026-02-03T02:58:41.320596,Hauptbahnhof S U ,47,349121
2026-02-03T02:58:41.320596,Keplerplatz U,16,345147
2026-02-03T02:58:41.320596,Keplerplatz U,16,345036
2026-02-03T02:58:41.320596,Keplerplatz U,16,345976
2026-02-03T02:58:41.320596,Keplerplatz U,16,346241
2026-02-03T02:58:41.320596,Keplerplatz U,16,346131
2026-02-03T02:58:41.320596,Keplerplatz U,16,347343
2026-02-03T02:58:41.320596,Keplerplatz U,16,347304
2026-02-03T02:58:41.320596,Keplerplatz U,16,347913
2026-02-03T02:58:41.320596,Keplerplatz U,16,348232
2026-02-03T02:58:41.320596,Keplerplatz U,16,348132
2026-02-03T02:58:41.320596,Keplerplatz U,16,348081
2026-02-03T02:58:41.320596,Keplerplatz U,16,348702
2026-02-03T02:58:41.320596,Keplerplatz U,16,348592
2026-02-03T02:58:41.320596,Keplerplatz U,16,398821
2026-02-03T02:58:41.320596,Keplerplatz U,16,398809
2026-02-03T02:58:41.320596,Keplerplatz U,16,348890
2026-02-03T02:58:41.320596,Puchsbaumgasse,8,345691
2026-02-03T02:58:41.320596,Puchsbaumgasse,8,345518
2026-02-03T02:58:41.320596,Puchsbaumgasse,8,346289
2026-02-03T02:58:41.320596,Puchsbaumgasse,8,348355
2026-02-03T02:58:41.320596,Puchsbaumgasse,8,349095
2026-02-03T02:58:41.320596,Puchsbaumgasse,8,348910
2026-02-03T02:58:41.320596,Puchsbaumgasse,8,348824
2026-02-03T02:58:41.320596,Puchsbaumgasse,8,349130
2026-02-03T02:58:41.320596,Enkplatz U,12,345175
2026-02-03T02:58:41.320596,Enkplatz U,12,345676
2026-02-03T02:58:41.320596,Enkplatz U,12,345524
2026-02-03T02:58:41.320596,Enkplatz U,12,346233
2026-02-03T02:58:41.320596,Enkplatz U,12,346002
2026-02-03T02:58:41.320596,Enkplatz U,12,346978
2026-02-03T02:58:41.320596,Enkplatz U,12,346929
2026-02-03T02:58:41.320596,Enkplatz U,12,347672
2026-02-03T02:58:41.320596,Enkplatz U,12,347519
2026-02-03T02:58:41.320596,Enkplatz U,12,348395
2026-02-03T02:58:41.320596,Enkplatz U,12,348653
2026-02-03T02:58:41.320596,Enkplatz U,12,348594
2026-02-03T02:58:41.320596,Gasometer U,15,345370
2026-02-03T02:58:41.320596,Gasometer U,15,345183
2026-02-03T02:58:41.320596,Gasometer U,15,346447
2026-02-03T02:58:41.320596,Gasometer U,15,346177
2026-02-03T02:58:41.320596,Gasometer U,15,346056
2026-02-03T02:58:41.320596,Gasometer U,15,346017
2026-02-03T02:58:41.320596,Gasometer U,15,346700
2026-02-03T02:58:41.320596,Gasometer U,15,346516
2026-02-03T02:58:41.320596,Gasometer U,15,347188
2026-02-03T02:58:41.320596,Gasometer U,15,347072
2026-02-03T02:58:41.320596,Gasometer U,15,347668
2026-02-03T02:58:41.320596,Gasometer U,15,348487
2026-02-03T02:58:41.320596,Gasometer U,15,348153
2026-02-03T02:58:41.320596,Gasometer U,15,349017
2026-02-03T02:58:41.320596,Gasometer U,15,348806
2026-02-03T02:58:41.320596,Geiselbergstraße S,4,346164
2026-02-03T02:58:41.320596,Geiselbergstraße S,4,346573
2026-02-03T02:58:41.320596,Geiselbergstraße S,4,347148
2026-02-03T02:58:41.320596,Geiselbergstraße S,4,347095
2026-02-03T02:58:41.320596,Simmering S U,13,346394
2026-02-03T02:58:41.320596,Simmering S U,13,346148
2026-02-03T02:58:41.320596,Simmering S U,13,346588
2026-02-03T02:58:41.320596,Simmering S U,13,347339
2026-02-03T02:58:41.320596,Simmering S U,13,347142
2026-02-03T02:58:41.320596,Simmering S U,13,347040
2026-02-03T02:58:41.320596,Simmering S U,13,347996
2026-02-03T02:58:41.320596,Simmering S U,13,348400
2026-02-03T02:58:41.320596,Simmering S U,13,348656
2026-02-03T02:58:41.320596,Simmering S U,13,348601
2026-02-03T02:58:41.320596,Simmering S U,13,348570
2026-02-03T02:58:41.320596,Simmering S U,13,348535
2026-02-03T02:58:41.320596,Simmering S U,13,349067
2026-02-03T02:58:41.320596,Niederhofstraße U,17,345414
2026-02-03T02:58:41.320596,Niederhofstraße U,17,345287
2026-02-03T02:58:41.320596,Niederhofstraße U,17,345256
2026-02-03T02:58:41.320596,Niederhofstraße U,17,345818
2026-02-03T02:58:41.320596,Niederhofstraße U,17,346290
2026-02-03T02:58:41.320596,Niederhofstraße U,17,346985
2026-02-03T02:58:41.320596,Niederhofstraße U,17,346888
2026-02-03T02:58:41.320596,Niederhofstraße U,17,346638
2026-02-03T02:58:41.320596,Niederhofstraße U,17,347357
2026-02-03T02:58:41.320596,Niederhofstraße U,17,347275
2026-02-03T02:58:41.320596,Niederhofstraße U,17,347862
2026-02-03T02:58:41.320596,Niederhofstraße U,17,347563
2026-02-03T02:58:41.320596,Niederhofstraße U,17,348495
2026-02-03T02:58:41.320596,Niederhofstraße U,17,348589
2026-02-03T02:58:41.320596,Niederhofstraße U,17,398720
2026-02-03T02:58:41.320596,Niederhofstraße U,17,348933
2026-02-03T02:58:41.320596,Niederhofstraße U,17,349133
2026-02-03T02:58:41.320596,Hietzing U,10,345742
2026-02-03T02:58:41.320596,Hietzing U,10,346314
2026-02-03T02:58:41.320596,Hietzing U,10,346983
2026-02-03T02:58:41.320596,Hietzing U,10,347017
2026-02-03T02:58:41.320596,Hietzing U,10,347962
2026-02-03T02:58:41.320596,Hietzing U,10,347888
2026-02-03T02:58:41.320596,Hietzing U,10,347825
2026-02-03T02:58:41.320596,Hietzing U,10,347533
2026-02-03T02:58:41.320596,Hietzing U,10,348566
2026-02-03T02:58:41.320596,Hietzing U,10,348563
2026-02-03T02:58:41.320596,Westbahnhof S U,30,345346
2026-02-03T02:58:41.320596,Westbahnhof S U,30,345243
2026-02-03T02:58:41.320596,Westbahnhof S U,30,345159
2026-02-03T02:58:41.320596,Westbahnhof S U,30,345082
2026-02-03T02:58:41.320596,Westbahnhof S U,30,345692
2026-02-03T02:58:41.320596,Westbahnhof S U,30,345630
2026-02-03T02:58:41.320596,Westbahnhof S U,30,346453
2026-02-03T02:58:41.320596,Westbahnhof S U,30,346432
2026-02-03T02:58:41.320596,Westbahnhof S U,30,346348
2026-02-03T02:58:41.320596,Westbahnhof S U,30,346278
2026-02-03T02:58:41.320596,Westbahnhof S U,30,346201
2026-02-03T02:58:41.320596,Westbahnhof S U,30,346042
2026-02-03T02:58:41.320596,Westbahnhof S U,30,346604
2026-02-03T02:58:41.320596,Westbahnhof S U,30,346566
2026-02-03T02:58:41.320596,Westbahnhof S U,30,346535
2026-02-03T02:58:41.320596,Westbahnhof S U,30,347276
2026-02-03T02:58:41.320596,Westbahnhof S U,30,347237
2026-02-03T02:58:41.320596,Westbahnhof S U,30,347171
2026-02-03T02:58:41.320596,Westbahnhof S U,30,347113
2026-02-03T02:58:41.320596,Westbahnhof S U,30,347688
2026-02-03T02:58:41.320596,Westbahnhof S U,30,347607
2026-02-03T02:58:41.320596,Westbahnhof S U,30,347522
2026-02-03T02:58:41.320596,Westbahnhof S U,30,348439
2026-02-03T02:58:41.320596,Westbahnhof S U,30,348409
2026-02-03T02:58:41.320596,Westbahnhof S U,30,348384
2026-02-03T02:58:41.320596,Westbahnhof S U,30,348189
2026-02-03T02:58:41.320596,Westbahnhof S U,30,348134
2026-02-03T02:58:41.320596,Westbahnhof S U,30,398838
2026-02-03T02:58:41.320596,Westbahnhof S U,30,398812
2026-02-03T02:58:41.320596,Westbahnhof S U,30,398722
2026-02-03T02:58:41.320596,Richard-Wagner-Platz,27,345360
2026-02-03T02:58:41.320596,Richard-Wagner-Platz,27,345129
2026-02-03T02:58:41.320596,Richard-Wagner-Platz,27,345093
2026-02-03T02:58:41.320596,Richard-Wagner-Platz,27,345016
2026-02-03T02:58:41.320596,Richard-Wagner-Platz,27,345859
2026-02-03T02:58:41.320596,Richard-Wagner-Platz,27,345722
2026-02-03T02:58:41.320596,Richard-Wagner-Platz,27,345580
2026-02-03T02:58:41.320596,Richard-Wagner-Platz,27,346492
2026-02-03T02:58:41.320596,Richard-Wagner-Platz,27,346462
2026-02-03T02:58:41.320596,Richard-Wagner-Platz,27,346396
2026-02-03T02:58:41.320596,Richard-Wagner-Platz,27,346376
2026-02-03T02:58:41.320596,Richard-Wagner-Platz,27,346254
2026-02-03T02:58:41.320596,Richard-Wagner-Platz,27,346717
2026-02-03T02:58:41.320596,Richard-Wagner-Platz,27,346657
2026-02-03T02:58:41.320596,Richard-Wagner-Platz,27,346633
2026-02-03T02:58:41.320596,Richard-Wagner-Platz,27,346501
2026-02-03T02:58:41.320596,Richard-Wagner-Platz,27,347733
2026-02-03T02:58:41.320596,Richard-Wagner-Platz,27,347712
2026-02-03T02:58:41.320596,Richard-Wagner-Platz,27,347690
2026-02-03T02:58:41.320596,Richard-Wagner-Platz,27,348497
2026-02-03T02:58:41.320596,Richard-Wagner-Platz,27,348306
2026-02-03T02:58:41.320596,Richard-Wagner-Platz,27,348296
2026-02-03T02:58:41.320596,Richard-Wagner-Platz,27,348231
2026-02-03T02:58:41.320596,Richard-Wagner-Platz,27,348181
2026-02-03T02:58:41.320596,Richard-Wagner-Platz,27,348108
2026-02-03T02:58:41.320596,Richard-Wagner-Platz,27,348708
2026-02-03T02:58:41.320596,Richard-Wagner-Platz,27,398851
2026-02-03T02:58:41.320596,Alser Straße U,13,345582
2026-02-03T02:58:41.320596,Alser Straße U,13,345543
2026-02-03T02:58:41.320596,Alser Straße U,13,346181
2026-02-03T02:58:41.320596,Alser Straße U,13,346044
2026-02-03T02:58:41.320596,Alser Straße U,13,346903
2026-02-03T02:58:41.320596,Alser Straße U,13,347469
2026-02-03T02:58:41.320596,Alser Straße U,13,347186
2026-02-03T02:58:41.320596,Alser Straße U,13,347129
2026-02-03T02:58:41.320596,Alser Straße U,13,347600
2026-02-03T02:58:41.320596,Alser Straße U,13,348496
2026-02-03T02:58:41.320596,Alser Straße U,13,348076
2026-02-03T02:58:41.320596,Alser Straße U,13,348690
2026-02-03T02:58:41.320596,Alser Straße U,13,348516
2026-02-03T02:58:41.320596,Währinger Straße U,20,345462
2026-02-03T02:58:41.320596,Währinger Straße U,20,345422
2026-02-03T02:58:41.320596,Währinger Straße U,20,345326
2026-02-03T02:58:41.320596,Währinger Straße U,20,345208
2026-02-03T02:58:41.320596,Währinger Straße U,20,345574
2026-02-03T02:58:41.320596,Währinger Straße U,20,346481
2026-02-03T02:58:41.320596,Währinger Straße U,20,346379
2026-02-03T02:58:41.320596,Währinger Straße U,20,346200
2026-02-03T02:58:41.320596,Währinger Straße U,20,346193
2026-02-03T02:58:41.320596,Währinger Straße U,20,346137
2026-02-03T02:58:41.320596,Währinger Straße U,20,346081
2026-02-03T02:58:41.320596,Währinger Straße U,20,346003
2026-02-03T02:58:41.320596,Währinger Straße U,20,347400
2026-02-03T02:58:41.320596,Währinger Straße U,20,347152
2026-02-03T02:58:41.320596,Währinger Straße U,20,347144
2026-02-03T02:58:41.320596,Währinger Straße U,20,347705
2026-02-03T02:58:41.320596,Währinger Straße U,20,347544
2026-02-03T02:58:41.320596,Währinger Straße U,20,348436
2026-02-03T02:58:41.320596,Währinger Straße U,20,348090
2026-02-03T02:58:41.320596,Währinger Straße U,20,348687
2026-02-03T02:58:41.320596,Hardtgasse,14,345488
2026-02-03T02:58:41.320596,Hardtgasse,14,345868
2026-02-03T02:58:41.320596,Hardtgasse,14,345724
2026-02-03T02:58:41.320596,Hardtgasse,14,345534
2026-02-03T02:58:41.320596,Hardtgasse,14,346381
2026-02-03T02:58:41.320596,Hardtgasse,14,346370
2026-02-03T02:58:41.320596,Hardtgasse,14,346182
2026-02-03T02:58:41.320596,Hardtgasse,14,346763
2026-02-03T02:58:41.320596,Hardtgasse,14,346678
2026-02-03T02:58:41.320596,Hardtgasse,14,346584
2026-02-03T02:58:41.320596,Hardtgasse,14,347497
2026-02-03T02:58:41.320596,Hardtgasse,14,347216
2026-02-03T02:58:41.320596,Hardtgasse,14,347892
2026-02-03T02:58:41.320596,Hardtgasse,14,347577
2026-02-03T02:58:41.320596,Handelskai S U,8,346310
2026-02-03T02:58:41.320596,Handelskai S U,8,346262
2026-02-03T02:58:41.320596,Handelskai S U,8,346227
2026-02-03T02:58:41.320596,Handelskai S U,8,347287
2026-02-03T02:58:41.320596,Handelskai S U,8,347195
2026-02-03T02:58:41.320596,Handelskai S U,8,347598
2026-02-03T02:58:41.320596,Handelskai S U,8,347545
2026-02-03T02:58:41.320596,Handelskai S U,8,348312
2026-02-03T02:58:41.320596,Wallensteinplatz,11,345460
2026-02-03T02:58:41.320596,Wallensteinplatz,11,345308
2026-02-03T02:58:41.320596,Wallensteinplatz,11,345294
2026-02-03T02:58:41.320596,Wallensteinplatz,11,345155
2026-02-03T02:58:41.320596,Wallensteinplatz,11,345127
2026-02-03T02:58:41.320596,Wallensteinplatz,11,345748
2026-02-03T02:58:41.320596,Wallensteinplatz,11,346449
2026-02-03T02:58:41.320596,Wallensteinplatz,11,346166
2026-02-03T02:58:41.320596,Wallensteinplatz,11,347064
2026-02-03T02:58:41.320596,Wallensteinplatz,11,348553
2026-02-03T02:58:41.320596,Wallensteinplatz,11,398804
2026-02-03T02:58:41.320596,Brünner Straße S,10,345539
2026-02-03T02:58:41.320596,Brünner Straße S,10,346495
2026-02-03T02:58:41.320596,Brünner Straße S,10,346828
2026-02-03T02:58:41.320596,Brünner Straße S,10,347986
2026-02-03T02:58:41.320596,Brünner Straße S,10,347894
2026-02-03T02:58:41.320596,Brünner Straße S,10,347837
2026-02-03T02:58:41.320596,Brünner Straße S,10,348226
2026-02-03T02:58:41.320596,Brünner Straße S,10,348660
2026-02-03T02:58:41.320596,Brünner Straße S,10,398832
2026-02-03T02:58:41.320596,Brünner Straße S,10,398870
2026-02-03T02:58:41.320596,Floridsdorf S U,18,345471
2026-02-03T02:58:41.320596,Floridsdorf S U,18,345385
2026-02-03T02:58:41.320596,Floridsdorf S U,18,345660
2026-02-03T02:58:41.320596,Floridsdorf S U,18,345644
2026-02-03T02:58:41.320596,Floridsdorf S U,18,345577
2026-02-03T02:58:41.320596,Floridsdorf S U,18,346323
2026-02-03T02:58:41.320596,Floridsdorf S U,18,346053
2026-02-03T02:58:41.320596,Floridsdorf S U,18,347217
2026-02-03T02:58:41.320596,Floridsdorf S U,18,347959
2026-02-03T02:58:41.320596,Floridsdorf S U,18,347721
2026-02-03T02:58:41.320596,Floridsdorf S U,18,347523
2026-02-03T02:58:41.320596,Floridsdorf S U,18,348314
2026-02-03T02:58:41.320596,Floridsdorf S U,18,348151
2026-02-03T02:58:41.320596,Floridsdorf S U,18,348119
2026-02-03T02:58:41.320596,Floridsdorf S U,18,348607
2026-02-03T02:58:41.320596,Floridsdorf S U,18,348586
2026-02-03T02:58:41.320596,Floridsdorf S U,18,348578
2026-02-03T02:58:41.320596,Floridsdorf S U,18,348529
2026-02-03T02:58:41.320596,Großfeldsiedlung U,2,347437
2026-02-03T02:58:41.320596,Großfeldsiedlung U,2,348371
2026-02-03T02:58:41.320596,Siemensstraße S,8,345487
2026-02-03T02:58:41.320596,Siemensstraße S,8,345288
2026-02-03T02:58:41.320596,Siemensstraße S,8,346296
2026-02-03T02:58:41.320596,Siemensstraße S,8,346172
2026-02-03T02:58:41.320596,Siemensstraße S,8,346690
2026-02-03T02:58:41.320596,Siemensstraße S,8,346649
2026-02-03T02:58:41.320596,Siemensstraße S,8,347816
2026-02-03T02:58:41.320596,Siemensstraße S,8,348026
2026-02-03T02:58:41.320596,Aspernstraße U,6,345019
2026-02-03T02:58:41.320596,Aspernstraße U,6,346545
2026-02-03T02:58:41.320596,Aspernstraße U,6,347463
2026-02-03T02:58:41.320596,Aspernstraße U,6,347939
2026-02-03T02:58:41.320596,Aspernstraße U,6,348259
2026-02-03T02:58:41.320596,Aspernstraße U,6,348985
2026-02-03T02:58:41.320596,Donauspital U,9,345770
2026-02-03T02:58:41.320596,Donauspital U,9,346195
2026-02-03T02:58:41.320596,Donauspital U,9,346946
2026-02-03T02:58:41.320596,Donauspital U,9,346656
2026-02-03T02:58:41.320596,Donauspital U,9,346531
2026-02-03T02:58:41.320596,Donauspital U,9,347751
2026-02-03T02:58:41.320596,Donauspital U,9,348404
2026-02-03T02:58:41.320596,Donauspital U,9,348097
2026-02-03T02:58:41.320596,Donauspital U,9,348904
2026-02-03T02:58:41.320596,Erzherzog-Karl-Straße S,7,345247
2026-02-03T02:58:41.320596,Erzherzog-Karl-Straße S,7,346199
2026-02-03T02:58:41.320596,Erzherzog-Karl-Straße S,7,346791
2026-02-03T02:58:41.320596,Erzherzog-Karl-Straße S,7,347350
2026-02-03T02:58:41.320596,Erzherzog-Karl-Straße S,7,347274
2026-02-03T02:58:41.320596,Erzherzog-Karl-Straße S,7,347521
2026-02-03T02:58:41.320596,Erzherzog-Karl-Straße S,7,398733
2026-02-03T02:58:41.320596,Hausfeldstraße S U,14,346352
2026-02-03T02:58:41.320596,Hausfeldstraße S U,14,346351
2026-02-03T02:58:41.320596,Hausfeldstraße S U,14,346023
2026-02-03T02:58:41.320596,Hausfeldstraße S U,14,346685
2026-02-03T02:58:41.320596,Hausfeldstraße S U,14,347465
2026-02-03T02:58:41.320596,Hausfeldstraße S U,14,347418
2026-02-03T02:58:41.320596,Hausfeldstraße S U,14,347182
2026-02-03T02:58:41.320596,Hausfeldstraße S U,14,347905
2026-02-03T02:58:41.320596,Hausfeldstraße S U,14,347575
2026-02-03T02:58:41.320596,Hausfeldstraße S U,14,348372
2026-02-03T02:58:41.320596,Hausfeldstraße S U,14,348161
2026-02-03T02:58:41.320596,Hausfeldstraße S U,14,348037
2026-02-03T02:58:41.320596,Hausfeldstraße S U,14,348554
2026-02-03T02:58:41.320596,Hausfeldstraße S U,14,398830
2026-02-03T02:58:41.320596,Kagran U,13,346367
2026-02-03T02:58:41.320596,Kagran U,13,346059
2026-02-03T02:58:41.320596,Kagran U,13,346886
2026-02-03T02:58:41.320596,Kagran U,13,347637
2026-02-03T02:58:41.320596,Kagran U,13,348401
2026-02-03T02:58:41.320596,Kagran U,13,348393
2026-02-03T02:58:41.320596,Kagran U,13,348175
2026-02-03T02:58:41.320596,Kagran U,13,348706
2026-02-03T02:58:41.320596,Kagran U,13,348671
2026-02-03T02:58:41.320596,Kagran U,13,348638
2026-02-03T02:58:41.320596,Kagran U,13,348611
2026-02-03T02:58:41.320596,Kagran U,13,398761
2026-02-03T02:58:41.320596,Kagran U,13,348962
2026-02-03T02:58:41.320596,Maria-Tusch-Straße,13,345387
2026-02-03T02:58:41.320596,Maria-Tusch-Straße,13,345146
2026-02-03T02:58:41.320596,Maria-Tusch-Straße,13,345919
2026-02-03T02:58:41.320596,Maria-Tusch-Straße,13,345591
2026-02-03T02:58:41.320596,Maria-Tusch-Straße,13,345568
2026-02-03T02:58:41.320596,Maria-Tusch-Straße,13,346311
2026-02-03T02:58:41.320596,Maria-Tusch-Straße,13,346232
2026-02-03T02:58:41.320596,Maria-Tusch-Straße,13,346152
2026-02-03T02:58:41.320596,Maria-Tusch-Straße,13,346912
2026-02-03T02:58:41.320596,Maria-Tusch-Straße,13,346699
2026-02-03T02:58:41.320596,Maria-Tusch-Straße,13,347623
2026-02-03T02:58:41.320596,Maria-Tusch-Straße,13,348693
2026-02-03T02:58:41.320596,Maria-Tusch-Straße,13,348549
2026-02-03T02:58:41.320596,Rennbahnweg U,9,345902
2026-02-03T02:58:41.320596,Rennbahnweg U,9,345689
2026-02-03T02:58:41.320596,Rennbahnweg U,9,346459
2026-02-03T02:58:41.320596,Rennbahnweg U,9,346178
2026-02-03T02:58:41.320596,Rennbahnweg U,9,346868
2026-02-03T02:58:41.320596,Rennbahnweg U,9,346515
2026-02-03T02:58:41.320596,Rennbahnweg U,9,347038
2026-02-03T02:58:41.320596,Rennbahnweg U,9,348664
2026-02-03T02:58:41.320596,Rennbahnweg U,9,349200
2026-02-03T02:58:41.320596,Schüttauplatz,11,345157
2026-02-03T02:58:41.320596,Schüttauplatz,11,346054
2026-02-03T02:58:41.320596,Schüttauplatz,11,346798
2026-02-03T02:58:41.320596,Schüttauplatz,11,346730
2026-02-03T02:58:41.320596,Schüttauplatz,11,346559
2026-02-03T02:58:41.320596,Schüttauplatz,11,346503
2026-02-03T02:58:41.320596,Schüttauplatz,11,347130
2026-02-03T02:58:41.320596,Schüttauplatz,11,347636
2026-02-03T02:58:41.320596,Schüttauplatz,11,348447
2026-02-03T02:58:41.320596,Schüttauplatz,11,348063
2026-02-03T02:58:41.320596,Schüttauplatz,11,348610
2026-02-03T02:58:41.320596,Stadlau U,4,345602
2026-02-03T02:58:41.320596,Stadlau U,4,346004
2026-02-03T02:58:41.320596,Stadlau U,4,347641
2026-02-03T02:58:41.320596,Stadlau U,4,348675
2026-02-03T02:58:41.320596,VIC Kaisermühlen U,16,345375
2026-02-03T02:58:41.320596,VIC Kaisermühlen U,16,345950
2026-02-03T02:58:41.320596,VIC Kaisermühlen U,16,346919
2026-02-03T02:58:41.320596,VIC Kaisermühlen U,16,346789
2026-02-03T02:58:41.320596,VIC Kaisermühlen U,16,347078
2026-02-03T02:58:41.320596,VIC Kaisermühlen U,16,347039
2026-02-03T02:58:41.320596,VIC Kaisermühlen U,16,347009
2026-02-03T02:58:41.320596,VIC Kaisermühlen U,16,347627
2026-02-03T02:58:41.320596,VIC Kaisermühlen U,16,348219
2026-02-03T02:58:41.320596,VIC Kaisermühlen U,16,348048
2026-02-03T02:58:41.320596,VIC Kaisermühlen U,16,348520
2026-02-03T02:58:41.320596,VIC Kaisermühlen U,16,348519
2026-02-03T02:58:41.320596,VIC Kaisermühlen U,16,398840
2026-02-03T02:58:41.320596,VIC Kaisermühlen U,16,398742
2026-02-03T02:58:41.320596,VIC Kaisermühlen U,16,348949
2026-02-03T02:58:41.320596,VIC Kaisermühlen U,16,349125
2026-02-03T02:58:41.320596,Kagraner Platz U,6,345730
2026-02-03T02:58:41.320596,Kagraner Platz U,6,346100
2026-02-03T02:58:41.320596,Kagraner Platz U,6,346988
2026-02-03T02:58:41.320596,Kagraner Platz U,6,346528
2026-02-03T02:58:41.320596,Kagraner Platz U,6,347303
2026-02-03T02:58:41.320596,Kagraner Platz U,6,348818
2026-02-03T02:58:41.320596,Alterlaa U,21,345313
2026-02-03T02:58:41.320596,Alterlaa U,21,345166
2026-02-03T02:58:41.320596,Alterlaa U,21,345886
2026-02-03T02:58:41.320596,Alterlaa U,21,345500
2026-02-03T02:58:41.320596,Alterlaa U,21,346415
2026-02-03T02:58:41.320596,Alterlaa U,21,346163
2026-02-03T02:58:41.320596,Alterlaa U,21,346144
2026-02-03T02:58:41.320596,Alterlaa U,21,346032
2026-02-03T02:58:41.320596,Alterlaa U,21,346950
2026-02-03T02:58:41.320596,Alterlaa U,21,346905
2026-02-03T02:58:41.320596,Alterlaa U,21,346655
2026-02-03T02:58:41.320596,Alterlaa U,21,346629
2026-02-03T02:58:41.320596,Alterlaa U,21,346595
2026-02-03T02:58:41.320596,Alterlaa U,21,348295
2026-02-03T02:58:41.320596,Alterlaa U,21,348273
2026-02-03T02:58:41.320596,Alterlaa U,21,348265
2026-02-03T02:58:41.320596,Alterlaa U,21,348253
2026-02-03T02:58:41.320596,Alterlaa U,21,348250
2026-02-03T02:58:41.320596,Alterlaa U,21,348112
2026-02-03T02:58:41.320596,Alterlaa U,21,348597
2026-02-03T02:58:41.320596,Alterlaa U,21,398844
2026-02-03T02:58:41.320596,Bacherplatz,1,346511
2026-02-03T02:58:41.320596,Carl-Appel-Straße,7,345753
2026-02-03T02:58:41.320596,Carl-Appel-Straße,7,346519
2026-02-03T02:58:41.320596,Carl-Appel-Straße,7,347525
2026-02-03T02:58:41.320596,Carl-Appel-Straße,7,348087
2026-02-03T02:58:41.320596,Carl-Appel-Straße,7,348043
2026-02-03T02:58:41.320596,Carl-Appel-Straße,7,348617
2026-02-03T02:58:41.320596,Carl-Appel-Straße,7,348524
2026-02-03T02:58:41.320596,Otto-Probst-Platz,6,346808
2026-02-03T02:58:41.320596,Otto-Probst-Platz,6,347454
2026-02-03T02:58:41.320596,Otto-Probst-Platz,6,347013
2026-02-03T02:58:41.320596,Otto-Probst-Platz,6,348971
2026-02-03T02:58:41.320596,Otto-Probst-Platz,6,349150
2026-02-03T02:58:41.320596,Otto-Probst-Platz,6,398869
2026-02-03T02:58:41.320596,Alaudagasse U,10,345101
2026-02-03T02:58:41.320596,Alaudagasse U,10,345933
2026-02-03T02:58:41.320596,Alaudagasse U,10,345917
2026-02-03T02:58:41.320596,Alaudagasse U,10,346494
2026-02-03T02:58:41.320596,Alaudagasse U,10,346300
2026-02-03T02:58:41.320596,Alaudagasse U,10,346616
2026-02-03T02:58:41.320596,Alaudagasse U,10,348441
2026-02-03T02:58:41.320596,Alaudagasse U,10,348326
2026-02-03T02:58:41.320596,Alaudagasse U,10,348172
2026-02-03T02:58:41.320596,Alaudagasse U,10,349039
2026-02-03T02:58:41.320596,Svetelskystraße,2,349091
2026-02-03T02:58:41.320596,Svetelskystraße,2,349077
2026-02-03T02:58:41.320596,Weißenböckstraße,9,345796
2026-02-03T02:58:41.320596,Weißenböckstraße,9,346135
2026-02-03T02:58:41.320596,Weißenböckstraße,9,347422
2026-02-03T02:58:41.320596,Weißenböckstraße,9,347121
2026-02-03T02:58:41.320596,Weißenböckstraße,9,348086
2026-02-03T02:58:41.320596,Weißenböckstraße,9,398819
2026-02-03T02:58:41.320596,Weißenböckstraße,9,398764
2026-02-03T02:58:41.320596,Weißenböckstraße,9,398759
2026-02-03T02:58:41.320596,Weißenböckstraße,9,348915
2026-02-03T02:58:41.320596,Zentralfriedhof 2. Tor,9,346165
2026-02-03T02:58:41.320596,Zentralfriedhof 2. Tor,9,347473
2026-02-03T02:58:41.320596,Zentralfriedhof 2. Tor,9,347187
2026-02-03T02:58:41.320596,Zentralfriedhof 2. Tor,9,347077
2026-02-03T02:58:41.320596,Zentralfriedhof 2. Tor,9,347775
2026-02-03T02:58:41.320596,Zentralfriedhof 2. Tor,9,347596
2026-02-03T02:58:41.320596,Zentralfriedhof 2. Tor,9,348083
2026-02-03T02:58:41.320596,Zentralfriedhof 2. Tor,9,348075
2026-02-03T02:58:41.320596,Zentralfriedhof 2. Tor,9,349127
2026-02-03T02:58:41.320596,Simoningplatz,4,345570
2026-02-03T02:58:41.320596,Simoningplatz,4,346284
2026-02-03T02:58:41.320596,Simoningplatz,4,347676
2026-02-03T02:58:41.320596,Simoningplatz,4,348444
2026-02-03T02:58:41.320596,Etrichstraße,6,345182
2026-02-03T02:58:41.320596,Etrichstraße,6,345954
2026-02-03T02:58:41.320596,Etrichstraße,6,345780
2026-02-03T02:58:41.320596,Etrichstraße,6,346852
2026-02-03T02:58:41.320596,Etrichstraße,6,347105
2026-02-03T02:58:41.320596,Etrichstraße,6,349075
2026-02-03T02:58:41.320596,Zippererstraße U,1,349066
2026-02-03T02:58:41.320596,Hetzendorf S,14,345199
2026-02-03T02:58:41.320596,Hetzendorf S,14,345103
2026-02-03T02:58:41.320596,Hetzendorf S,14,345872
2026-02-03T02:58:41.320596,Hetzendorf S,14,346423
2026-02-03T02:58:41.320596,Hetzendorf S,14,346997
2026-02-03T02:58:41.320596,Hetzendorf S,14,346917
2026-02-03T02:58:41.320596,Hetzendorf S,14,346830
2026-02-03T02:58:41.320596,Hetzendorf S,14,346781
2026-02-03T02:58:41.320596,Hetzendorf S,14,347872
2026-02-03T02:58:41.320596,Hetzendorf S,14,347839
2026-02-03T02:58:41.320596,Hetzendorf S,14,348378
2026-02-03T02:58:41.320596,Hetzendorf S,14,348666
2026-02-03T02:58:41.320596,Hetzendorf S,14,348803
2026-02-03T02:58:41.320596,Hetzendorf S,14,349173
2026-02-03T02:58:41.320596,Gatterhölzl,2,346203
2026-02-03T02:58:41.320596,Gatterhölzl,2,348192
2026-02-03T02:58:41.320596,Speising S,11,345318
2026-02-03T02:58:41.320596,Speising S,11,345285
2026-02-03T02:58:41.320596,Speising S,11,345657
2026-02-03T02:58:41.320596,Speising S,11,346334
2026-02-03T02:58:41.320596,Speising S,11,346207
2026-02-03T02:58:41.320596,Speising S,11,346774
2026-02-03T02:58:41.320596,Speising S,11,347792
2026-02-03T02:58:41.320596,Speising S,11,347547
2026-02-03T02:58:41.320596,Speising S,11,348580
2026-02-03T02:58:41.320596,Speising S,11,348531
2026-02-03T02:58:41.320596,Speising S,11,398850
2026-02-03T02:58:41.320596,Hasnerstraße / Hofferplatz,5,346279
2026-02-03T02:58:41.320596,Hasnerstraße / Hofferplatz,5,346875
2026-02-03T02:58:41.320596,Hasnerstraße / Hofferplatz,5,347202
2026-02-03T02:58:41.320596,Hasnerstraße / Hofferplatz,5,347568
2026-02-03T02:58:41.320596,Hasnerstraße / Hofferplatz,5,348229
2026-02-03T02:58:41.320596,Nietzscheplatz,10,345054
2026-02-03T02:58:41.320596,Nietzscheplatz,10,345715
2026-02-03T02:58:41.320596,Nietzscheplatz,10,345670
2026-02-03T02:58:41.320596,Nietzscheplatz,10,345603
2026-02-03T02:58:41.320596,Nietzscheplatz,10,346414
2026-02-03T02:58:41.320596,Nietzscheplatz,10,346086
2026-02-03T02:58:41.320596,Nietzscheplatz,10,346034
2026-02-03T02:58:41.320596,Nietzscheplatz,10,346907
2026-02-03T02:58:41.320596,Nietzscheplatz,10,348612
2026-02-03T02:58:41.320596,Nietzscheplatz,10,348567
2026-02-03T02:58:41.320596,Wattgasse,16,345483
2026-02-03T02:58:41.320596,Wattgasse,16,345679
2026-02-03T02:58:41.320596,Wattgasse,16,346412
2026-02-03T02:58:41.320596,Wattgasse,16,346217
2026-02-03T02:58:41.320596,Wattgasse,16,346173
2026-02-03T02:58:41.320596,Wattgasse,16,346121
2026-02-03T02:58:41.320596,Wattgasse,16,346976
2026-02-03T02:58:41.320596,Wattgasse,16,347198
2026-02-03T02:58:41.320596,Wattgasse,16,347991
2026-02-03T02:58:41.320596,Wattgasse,16,347737
2026-02-03T02:58:41.320596,Wattgasse,16,347619
2026-02-03T02:58:41.320596,Wattgasse,16,347616
2026-02-03T02:58:41.320596,Wattgasse,16,347534
2026-02-03T02:58:41.320596,Wattgasse,16,348403
2026-02-03T02:58:41.320596,Wattgasse,16,348212
2026-02-03T02:58:41.320596,Wattgasse,16,348680
2026-02-03T02:58:41.320596,Oberdöbling S,18,345356
2026-02-03T02:58:41.320596,Oberdöbling S,18,345349
2026-02-03T02:58:41.320596,Oberdöbling S,18,345321
2026-02-03T02:58:41.320596,Oberdöbling S,18,345319
2026-02-03T02:58:41.320596,Oberdöbling S,18,345295
2026-02-03T02:58:41.320596,Oberdöbling S,18,345921
2026-02-03T02:58:41.320596,Oberdöbling S,18,345862
2026-02-03T02:58:41.320596,Oberdöbling S,18,345628
2026-02-03T02:58:41.320596,Oberdöbling S,18,345508
2026-02-03T02:58:41.320596,Oberdöbling S,18,346486
2026-02-03T02:58:41.320596,Oberdöbling S,18,346910
2026-02-03T02:58:41.320596,Oberdöbling S,18,346624
2026-02-03T02:58:41.320596,Oberdöbling S,18,347414
2026-02-03T02:58:41.320596,Oberdöbling S,18,347141
2026-02-03T02:58:41.320596,Oberdöbling S,18,348325
2026-02-03T02:58:41.320596,Oberdöbling S,18,348121
2026-02-03T02:58:41.320596,Oberdöbling S,18,348071
2026-02-03T02:58:41.320596,Oberdöbling S,18,348057
2026-02-03T02:58:41.320596,Kantnergasse,12,345431
2026-02-03T02:58:41.320596,Kantnergasse,12,345797
2026-02-03T02:58:41.320596,Kantnergasse,12,345625
2026-02-03T02:58:41.320596,Kantnergasse,12,346948
2026-02-03T02:58:41.320596,Kantnergasse,12,347007
2026-02-03T02:58:41.320596,Kantnergasse,12,347940
2026-02-03T02:58:41.320596,Kantnergasse,12,347761
2026-02-03T02:58:41.320596,Kantnergasse,12,348353
2026-02-03T02:58:41.320596,Kantnergasse,12,348287
2026-02-03T02:58:41.320596,Kantnergasse,12,348220
2026-02-03T02:58:41.320596,Kantnergasse,12,348103
2026-02-03T02:58:41.320596,Kantnergasse,12,398800
2026-02-03T02:58:41.320596,Leopoldau S U,4,346031
2026-02-03T02:58:41.320596,Leopoldau S U,4,349015
2026-02-03T02:58:41.320596,Leopoldau S U,4,348914
2026-02-03T02:58:41.320596,Leopoldau S U,4,348847
2026-02-03T02:58:41.320596,Josef-Baumann-Gasse,13,345478
2026-02-03T02:58:41.320596,Josef-Baumann-Gasse,13,345852
2026-02-03T02:58:41.320596,Josef-Baumann-Gasse,13,345697
2026-02-03T02:58:41.320596,Josef-Baumann-Gasse,13,346134
2026-02-03T02:58:41.320596,Josef-Baumann-Gasse,13,346057
2026-02-03T02:58:41.320596,Josef-Baumann-Gasse,13,347434
2026-02-03T02:58:41.320596,Josef-Baumann-Gasse,13,348373
2026-02-03T02:58:41.320596,Josef-Baumann-Gasse,13,348243
2026-02-03T02:58:41.320596,Josef-Baumann-Gasse,13,348218
2026-02-03T02:58:41.320596,Josef-Baumann-Gasse,13,348105
2026-02-03T02:58:41.320596,Josef-Baumann-Gasse,13,348595
2026-02-03T02:58:41.320596,Josef-Baumann-Gasse,13,348530
2026-02-03T02:58:41.320596,Josef-Baumann-Gasse,13,398741
2026-02-03T02:58:41.320596,Fultonstraße,14,345170
2026-02-03T02:58:41.320596,Fultonstraße,14,345106
2026-02-03T02:58:41.320596,Fultonstraße,14,345028
2026-02-03T02:58:41.320596,Fultonstraße,14,345892
2026-02-03T02:58:41.320596,Fultonstraße,14,345637
2026-02-03T02:58:41.320596,Fultonstraße,14,346388
2026-02-03T02:58:41.320596,Fultonstraße,14,346639
2026-02-03T02:58:41.320596,Fultonstraße,14,346513
2026-02-03T02:58:41.320596,Fultonstraße,14,347241
2026-02-03T02:58:41.320596,Fultonstraße,14,347767
2026-02-03T02:58:41.320596,Fultonstraße,14,348329
2026-02-03T02:58:41.320596,Fultonstraße,14,348194
2026-02-03T02:58:41.320596,Fultonstraße,14,348138
2026-02-03T02:58:41.320596,Fultonstraße,14,398811
2026-02-03T02:58:41.320596,Hopfengasse,6,346807
2026-02-03T02:58:41.320596,Hopfengasse,6,347359
2026-02-03T02:58:41.320596,Hopfengasse,6,347828
2026-02-03T02:58:41.320596,Hopfengasse,6,347655
2026-02-03T02:58:41.320596,Hopfengasse,6,347539
2026-02-03T02:58:41.320596,Hopfengasse,6,348390
2026-02-03T02:58:41.320596,Jedlesee / Bellgasse,5,345585
2026-02-03T02:58:41.320596,Jedlesee / Bellgasse,5,347390
2026-02-03T02:58:41.320596,Jedlesee / Bellgasse,5,347833
2026-02-03T02:58:41.320596,Jedlesee / Bellgasse,5,347822
2026-02-03T02:58:41.320596,Jedlesee / Bellgasse,5,348101
2026-02-03T02:58:41.320596,Jedleseer Friedhof,11,345220
2026-02-03T02:58:41.320596,Jedleseer Friedhof,11,346496
2026-02-03T02:58:41.320596,Jedleseer Friedhof,11,346427
2026-02-03T02:58:41.320596,Jedleseer Friedhof,11,346037
2026-02-03T02:58:41.320596,Jedleseer Friedhof,11,346991
2026-02-03T02:58:41.320596,Jedleseer Friedhof,11,347295
2026-02-03T02:58:41.320596,Jedleseer Friedhof,11,347268
2026-02-03T02:58:41.320596,Jedleseer Friedhof,11,347772
2026-02-03T02:58:41.320596,Jedleseer Friedhof,11,347682
2026-02-03T02:58:41.320596,Jedleseer Friedhof,11,347680
2026-02-03T02:58:41.320596,Jedleseer Friedhof,11,348670
2026-02-03T02:58:41.320596,Strebersdorf / Edmund-Hawranek-Platz,10,345340
2026-02-03T02:58:41.320596,Strebersdorf / Edmund-Hawranek-Platz,10,345331
2026-02-03T02:58:41.320596,Strebersdorf / Edmund-Hawranek-Platz,10,345271
2026-02-03T02:58:41.320596,Strebersdorf / Edmund-Hawranek-Platz,10,346440
2026-02-03T02:58:41.320596,Strebersdorf / Edmund-Hawranek-Platz,10,346150
2026-02-03T02:58:41.320596,Strebersdorf / Edmund-Hawranek-Platz,10,346048
2026-02-03T02:58:41.320596,Strebersdorf / Edmund-Hawranek-Platz,10,347143
2026-02-03T02:58:41.320596,Strebersdorf / Edmund-Hawranek-Platz,10,348478
2026-02-03T02:58:41.320596,Strebersdorf / Edmund-Hawranek-Platz,10,348110
2026-02-03T02:58:41.320596,Strebersdorf / Edmund-Hawranek-Platz,10,348096
2026-02-03T02:58:41.320596,Kagraner Anger,17,345168
2026-02-03T02:58:41.320596,Kagraner Anger,17,345164
2026-02-03T02:58:41.320596,Kagraner Anger,17,345901
2026-02-03T02:58:41.320596,Kagraner Anger,17,345795
2026-02-03T02:58:41.320596,Kagraner Anger,17,345567
2026-02-03T02:58:41.320596,Kagraner Anger,17,345548
2026-02-03T02:58:41.320596,Kagraner Anger,17,345501
2026-02-03T02:58:41.320596,Kagraner Anger,17,346589
2026-02-03T02:58:41.320596,Kagraner Anger,17,346555
2026-02-03T02:58:41.320596,Kagraner Anger,17,347153
2026-02-03T02:58:41.320596,Kagraner Anger,17,347806
2026-02-03T02:58:41.320596,Kagraner Anger,17,347762
2026-02-03T02:58:41.320596,Kagraner Anger,17,347744
2026-02-03T02:58:41.320596,Kagraner Anger,17,347584
2026-02-03T02:58:41.320596,Kagraner Anger,17,348304
2026-02-03T02:58:41.320596,Kagraner Anger,17,348543
2026-02-03T02:58:41.320596,Kagraner Anger,17,348947
2026-02-03T02:58:41.320596,Stavangergasse,10,345464
2026-02-03T02:58:41.320596,Stavangergasse,10,345227
2026-02-03T02:58:41.320596,Stavangergasse,10,345504
2026-02-03T02:58:41.320596,Stavangergasse,10,346354
2026-02-03T02:58:41.320596,Stavangergasse,10,346019
2026-02-03T02:58:41.320596,Stavangergasse,10,346923
2026-02-03T02:58:41.320596,Stavangergasse,10,346626
2026-02-03T02:58:41.320596,Stavangergasse,10,347961
2026-02-03T02:58:41.320596,Stavangergasse,10,348427
2026-02-03T02:58:41.320596,Stavangergasse,10,348062
2026-02-03T02:58:41.320596,Hans-Steger-Gasse,1,346782
2026-02-03T02:58:41.320596,Hirschstetten S,15,345420
2026-02-03T02:58:41.320596,Hirschstetten S,15,345786
2026-02-03T02:58:41.320596,Hirschstetten S,15,346206
2026-02-03T02:58:41.320596,Hirschstetten S,15,346745
2026-02-03T02:58:41.320596,Hirschstetten S,15,346729
2026-02-03T02:58:41.320596,Hirschstetten S,15,347292
2026-02-03T02:58:41.320596,Hirschstetten S,15,347134
2026-02-03T02:58:41.320596,Hirschstetten S,15,347851
2026-02-03T02:58:41.320596,Hirschstetten S,15,347764
2026-02-03T02:58:41.320596,Hirschstetten S,15,347565
2026-02-03T02:58:41.320596,Hirschstetten S,15,348381
2026-02-03T02:58:41.320596,Hirschstetten S,15,348238
2026-02-03T02:58:41.320596,Hirschstetten S,15,398806
2026-02-03T02:58:41.320596,Hirschstetten S,15,349068
2026-02-03T02:58:41.320596,Hirschstetten S,15,348993
2026-02-03T02:58:41.320596,Atzgersdorf S,17,345070
2026-02-03T02:58:41.320596,Atzgersdorf S,17,345980
2026-02-03T02:58:41.320596,Atzgersdorf S,17,345885
2026-02-03T02:58:41.320596,Atzgersdorf S,17,345851
2026-02-03T02:58:41.320596,Atzgersdorf S,17,345803
2026-02-03T02:58:41.320596,Atzgersdorf S,17,345566
2026-02-03T02:58:41.320596,Atzgersdorf S,17,346016
2026-02-03T02:58:41.320596,Atzgersdorf S,17,346806
2026-02-03T02:58:41.320596,Atzgersdorf S,17,346688
2026-02-03T02:58:41.320596,Atzgersdorf S,17,346675
2026-02-03T02:58:41.320596,Atzgersdorf S,17,347199
2026-02-03T02:58:41.320596,Atzgersdorf S,17,347047
2026-02-03T02:58:41.320596,Atzgersdorf S,17,348644
2026-02-03T02:58:41.320596,Atzgersdorf S,17,348643
2026-02-03T02:58:41.320596,Atzgersdorf S,17,348628
2026-02-03T02:58:41.320596,Atzgersdorf S,17,348527
2026-02-03T02:58:41.320596,Atzgersdorf S,17,398861
2026-02-03T02:58:41.320596,Siebenhirten U,3,346094
2026-02-03T02:58:41.320596,Siebenhirten U,3,347484
2026-02-03T02:58:41.320596,Siebenhirten U,3,348040
2026-02-03T02:58:41.320596,Erlaaer Straße U,10,345050
2026-02-03T02:58:41.320596,Erlaaer Straße U,10,345941
2026-02-03T02:58:41.320596,Erlaaer Straße U,10,345840
2026-02-03T02:58:41.320596,Erlaaer Straße U,10,346472
2026-02-03T02:58:41.320596,Erlaaer Straße U,10,346385
2026-02-03T02:58:41.320596,Erlaaer Straße U,10,346235
2026-02-03T02:58:41.320596,Erlaaer Straße U,10,346821
2026-02-03T02:58:41.320596,Erlaaer Straße U,10,347066
2026-02-03T02:58:41.320596,Erlaaer Straße U,10,347765
2026-02-03T02:58:41.320596,Erlaaer Straße U,10,348085
2026-02-03T02:58:41.320596,Perfektastraße U,6,347494
2026-02-03T02:58:41.320596,Perfektastraße U,6,347353
2026-02-03T02:58:41.320596,Perfektastraße U,6,347247
2026-02-03T02:58:41.320596,Perfektastraße U,6,347697
2026-02-03T02:58:41.320596,Perfektastraße U,6,348053
2026-02-03T02:58:41.320596,Perfektastraße U,6,398789
2026-02-03T02:58:41.320596,Meidling S U / Vivenotgasse,11,345450
2026-02-03T02:58:41.320596,Meidling S U / Vivenotgasse,11,345380
2026-02-03T02:58:41.320596,Meidling S U / Vivenotgasse,11,345286
2026-02-03T02:58:41.320596,Meidling S U / Vivenotgasse,11,345943
2026-02-03T02:58:41.320596,Meidling S U / Vivenotgasse,11,347088
2026-02-03T02:58:41.320596,Meidling S U / Vivenotgasse,11,347027
2026-02-03T02:58:41.320596,Meidling S U / Vivenotgasse,11,347505
2026-02-03T02:58:41.320596,Meidling S U / Vivenotgasse,11,348572
2026-02-03T02:58:41.320596,Meidling S U / Vivenotgasse,11,398833
2026-02-03T02:58:41.320596,Meidling S U / Vivenotgasse,11,398771
2026-02-03T02:58:41.320596,Meidling S U / Vivenotgasse,11,348941
2026-02-03T02:58:41.320596,Praterstern Ausstellungsstraße,12,345446
2026-02-03T02:58:41.320596,Praterstern Ausstellungsstraße,12,345263
2026-02-03T02:58:41.320596,Praterstern Ausstellungsstraße,12,345177
2026-02-03T02:58:41.320596,Praterstern Ausstellungsstraße,12,345023
2026-02-03T02:58:41.320596,Praterstern Ausstellungsstraße,12,346350
2026-02-03T02:58:41.320596,Praterstern Ausstellungsstraße,12,346689
2026-02-03T02:58:41.320596,Praterstern Ausstellungsstraße,12,346556
2026-02-03T02:58:41.320596,Praterstern Ausstellungsstraße,12,347331
2026-02-03T02:58:41.320596,Praterstern Ausstellungsstraße,12,347729
2026-02-03T02:58:41.320596,Praterstern Ausstellungsstraße,12,348461
2026-02-03T02:58:41.320596,Praterstern Ausstellungsstraße,12,348115
2026-02-03T02:58:41.320596,Praterstern Ausstellungsstraße,12,348073
2026-02-03T02:58:41.320596,Muthgasse,4,346024
2026-02-03T02:58:41.320596,Muthgasse,4,347127
2026-02-03T02:58:41.320596,Muthgasse,4,347830
2026-02-03T02:58:41.320596,Muthgasse,4,348593
2026-02-03T02:58:41.320596,Liesing S,4,345130
2026-02-03T02:58:41.320596,Liesing S,4,346458
2026-02-03T02:58:41.320596,Liesing S,4,348433
2026-02-03T02:58:41.320596,Liesing S,4,349010
2026-02-03T02:58:41.320596,Aspern Nord S U,8,346035
2026-02-03T02:58:41.320596,Aspern Nord S U,8,346932
2026-02-03T02:58:41.320596,Aspern Nord S U,8,346640
2026-02-03T02:58:41.320596,Aspern Nord S U,8,346525
2026-02-03T02:58:41.320596,Aspern Nord S U,8,347415
2026-02-03T02:58:41.320596,Aspern Nord S U,8,348416
2026-02-03T02:58:41.320596,Aspern Nord S U,8,348625
2026-02-03T02:58:41.320596,Aspern Nord S U,8,348550
2026-02-03T02:58:41.320596,Seestadt U,12,345435
2026-02-03T02:58:41.320596,Seestadt U,12,345206
2026-02-03T02:58:41.320596,Seestadt U,12,345817
2026-02-03T02:58:41.320596,Seestadt U,12,346107
2026-02-03T02:58:41.320596,Seestadt U,12,346961
2026-02-03T02:58:41.320596,Seestadt U,12,346504
2026-02-03T02:58:41.320596,Seestadt U,12,347444
2026-02-03T02:58:41.320596,Seestadt U,12,348480
2026-02-03T02:58:41.320596,Seestadt U,12,348258
2026-02-03T02:58:41.320596,Seestadt U,12,348044
2026-02-03T02:58:41.320596,Seestadt U,12,348631
2026-02-03T02:58:41.320596,Seestadt U,12,348561
2026-02-03T02:58:41.320596,Schwedenplatz,27,345498
2026-02-03T02:58:41.320596,Schwedenplatz,27,345194
2026-02-03T02:58:41.320596,Schwedenplatz,27,345192
2026-02-03T02:58:41.320596,Schwedenplatz,27,345117
2026-02-03T02:58:41.320596,Schwedenplatz,27,345055
2026-02-03T02:58:41.320596,Schwedenplatz,27,345846
2026-02-03T02:58:41.320596,Schwedenplatz,27,345824
2026-02-03T02:58:41.320596,Schwedenplatz,27,345714
2026-02-03T02:58:41.320596,Schwedenplatz,27,345702
2026-02-03T02:58:41.320596,Schwedenplatz,27,345666
2026-02-03T02:58:41.320596,Schwedenplatz,27,346308
2026-02-03T02:58:41.320596,Schwedenplatz,27,346089
2026-02-03T02:58:41.320596,Schwedenplatz,27,346623
2026-02-03T02:58:41.320596,Schwedenplatz,27,347168
2026-02-03T02:58:41.320596,Schwedenplatz,27,347097
2026-02-03T02:58:41.320596,Schwedenplatz,27,347883
2026-02-03T02:58:41.320596,Schwedenplatz,27,347725
2026-02-03T02:58:41.320596,Schwedenplatz,27,347648
2026-02-03T02:58:41.320596,Schwedenplatz,27,348435
2026-02-03T02:58:41.320596,Schwedenplatz,27,348241
2026-02-03T02:58:41.320596,Schwedenplatz,27,348144
2026-02-03T02:58:41.320596,Schwedenplatz,27,348080
2026-02-03T02:58:41.320596,Schwedenplatz,27,348022
2026-02-03T02:58:41.320596,Schwedenplatz,27,348707
2026-02-03T02:58:41.320596,Schwedenplatz,27,348606
2026-02-03T02:58:41.320596,Schwedenplatz,27,398816
2026-02-03T02:58:41.320596,Schwedenplatz,27,398719
2026-02-03T02:58:41.320596,Waldmüllerpark,4,346451
2026-02-03T02:58:41.320596,Waldmüllerpark,4,346853
2026-02-03T02:58:41.320596,Waldmüllerpark,4,347823
2026-02-03T02:58:41.320596,Waldmüllerpark,4,349004
2026-02-03T02:58:41.320596,Stubentor U,11,345610
2026-02-03T02:58:41.320596,Stubentor U,11,346468
2026-02-03T02:58:41.320596,Stubentor U,11,346128
2026-02-03T02:58:41.320596,Stubentor U,11,346110
2026-02-03T02:58:41.320596,Stubentor U,11,347608
2026-02-03T02:58:41.320596,Stubentor U,11,347556
2026-02-03T02:58:41.320596,Stubentor U,11,398785
2026-02-03T02:58:41.320596,Stubentor U,11,398721
2026-02-03T02:58:41.320596,Stubentor U,11,348959
2026-02-03T02:58:41.320596,Stubentor U,11,348911
2026-02-03T02:58:41.320596,Stubentor U,11,349152
2026-02-03T02:58:41.320596,Landstraße - Wien Mitte S U,12,345459
2026-02-03T02:58:41.320596,Landstraße - Wien Mitte S U,12,345299
2026-02-03T02:58:41.320596,Landstraße - Wien Mitte S U,12,345882
2026-02-03T02:58:41.320596,Landstraße - Wien Mitte S U,12,345784
2026-02-03T02:58:41.320596,Landstraße - Wien Mitte S U,12,346643
2026-02-03T02:58:41.320596,Landstraße - Wien Mitte S U,12,346578
2026-02-03T02:58:41.320596,Landstraße - Wien Mitte S U,12,347488
2026-02-03T02:58:41.320596,Landstraße - Wien Mitte S U,12,347373
2026-02-03T02:58:41.320596,Landstraße - Wien Mitte S U,12,347938
2026-02-03T02:58:41.320596,Landstraße - Wien Mitte S U,12,348202
2026-02-03T02:58:41.320596,Landstraße - Wien Mitte S U,12,398802
2026-02-03T02:58:41.320596,Landstraße - Wien Mitte S U,12,398738
2026-02-03T02:58:41.320596,Praterstern S U,34,345470
2026-02-03T02:58:41.320596,Praterstern S U,34,345424
2026-02-03T02:58:41.320596,Praterstern S U,34,345272
2026-02-03T02:58:41.320596,Praterstern S U,34,345173
2026-02-03T02:58:41.320596,Praterstern S U,34,345058
2026-02-03T02:58:41.320596,Praterstern S U,34,345893
2026-02-03T02:58:41.320596,Praterstern S U,34,345646
2026-02-03T02:58:41.320596,Praterstern S U,34,345626
2026-02-03T02:58:41.320596,Praterstern S U,34,345608
2026-02-03T02:58:41.320596,Praterstern S U,34,346239
2026-02-03T02:58:41.320596,Praterstern S U,34,346696
2026-02-03T02:58:41.320596,Praterstern S U,34,346506
2026-02-03T02:58:41.320596,Praterstern S U,34,347336
2026-02-03T02:58:41.320596,Praterstern S U,34,347179
2026-02-03T02:58:41.320596,Praterstern S U,34,347085
2026-02-03T02:58:41.320596,Praterstern S U,34,347025
2026-02-03T02:58:41.320596,Praterstern S U,34,347984
2026-02-03T02:58:41.320596,Praterstern S U,34,347707
2026-02-03T02:58:41.320596,Praterstern S U,34,347594
2026-02-03T02:58:41.320596,Praterstern S U,34,347518
2026-02-03T02:58:41.320596,Praterstern S U,34,348479
2026-02-03T02:58:41.320596,Praterstern S U,34,348472
2026-02-03T02:58:41.320596,Praterstern S U,34,348331
2026-02-03T02:58:41.320596,Praterstern S U,34,348264
2026-02-03T02:58:41.320596,Praterstern S U,34,348171
2026-02-03T02:58:41.320596,Praterstern S U,34,348025
2026-02-03T02:58:41.320596,Praterstern S U,34,348021
2026-02-03T02:58:41.320596,Praterstern S U,34,348632
2026-02-03T02:58:41.320596,Praterstern S U,34,348618
2026-02-03T02:58:41.320596,Praterstern S U,34,348562
2026-02-03T02:58:41.320596,Praterstern S U,34,348514
2026-02-03T02:58:41.320596,Praterstern S U,34,398778
2026-02-03T02:58:41.320596,Praterstern S U,34,398737
2026-02-03T02:58:41.320596,Praterstern S U,34,349142
2026-02-03T02:58:41.320596,Rustengasse,12,345228
2026-02-03T02:58:41.320596,Rustengasse,12,345110
2026-02-03T02:58:41.320596,Rustengasse,12,345109
2026-02-03T02:58:41.320596,Rustengasse,12,346687
2026-02-03T02:58:41.320596,Rustengasse,12,347470
2026-02-03T02:58:41.320596,Rustengasse,12,347248
2026-02-03T02:58:41.320596,Rustengasse,12,348354
2026-02-03T02:58:41.320596,Rustengasse,12,348125
2026-02-03T02:58:41.320596,Rustengasse,12,349108
2026-02-03T02:58:41.320596,Rustengasse,12,349005
2026-02-03T02:58:41.320596,Rustengasse,12,348851
2026-02-03T02:58:41.320596,Rustengasse,12,348802
2026-02-03T02:58:41.320596,Heiligenstadt S U,18,345254
2026-02-03T02:58:41.320596,Heiligenstadt S U,18,345027
2026-02-03T02:58:41.320596,Heiligenstadt S U,18,345012
2026-02-03T02:58:41.320596,Heiligenstadt S U,18,345905
2026-02-03T02:58:41.320596,Heiligenstadt S U,18,345834
2026-02-03T02:58:41.320596,Heiligenstadt S U,18,346408
2026-02-03T02:58:41.320596,Heiligenstadt S U,18,346325
2026-02-03T02:58:41.320596,Heiligenstadt S U,18,346155
2026-02-03T02:58:41.320596,Heiligenstadt S U,18,346817
2026-02-03T02:58:41.320596,Heiligenstadt S U,18,346600
2026-02-03T02:58:41.320596,Heiligenstadt S U,18,346596
2026-02-03T02:58:41.320596,Heiligenstadt S U,18,347433
2026-02-03T02:58:41.320596,Heiligenstadt S U,18,347693
2026-02-03T02:58:41.320596,Heiligenstadt S U,18,348303
2026-02-03T02:58:41.320596,Heiligenstadt S U,18,348177
2026-02-03T02:58:41.320596,Heiligenstadt S U,18,348142
2026-02-03T02:58:41.320596,Heiligenstadt S U,18,398822
2026-02-03T02:58:41.320596,Heiligenstadt S U,18,348816
2026-02-03T02:58:41.320596,Hütteldorf  S U,21,345493
2026-02-03T02:58:41.320596,Hütteldorf  S U,21,345065
2026-02-03T02:58:41.320596,Hütteldorf  S U,21,345923
2026-02-03T02:58:41.320596,Hütteldorf  S U,21,345812
2026-02-03T02:58:41.320596,Hütteldorf  S U,21,345513
2026-02-03T02:58:41.320596,Hütteldorf  S U,21,346237
2026-02-03T02:58:41.320596,Hütteldorf  S U,21,346862
2026-02-03T02:58:41.320596,Hütteldorf  S U,21,346669
2026-02-03T02:58:41.320596,Hütteldorf  S U,21,346628
2026-02-03T02:58:41.320596,Hütteldorf  S U,21,346570
2026-02-03T02:58:41.320596,Hütteldorf  S U,21,347358
2026-02-03T02:58:41.320596,Hütteldorf  S U,21,347338
2026-02-03T02:58:41.320596,Hütteldorf  S U,21,347101
2026-02-03T02:58:41.320596,Hütteldorf  S U,21,347971
2026-02-03T02:58:41.320596,Hütteldorf  S U,21,347901
2026-02-03T02:58:41.320596,Hütteldorf  S U,21,347658
2026-02-03T02:58:41.320596,Hütteldorf  S U,21,348322
2026-02-03T02:58:41.320596,Hütteldorf  S U,21,348156
2026-02-03T02:58:41.320596,Hütteldorf  S U,21,348698
2026-02-03T02:58:41.320596,Hütteldorf  S U,21,398768
2026-02-03T02:58:41.320596,Hütteldorf  S U,21,398718
2026-02-03T02:58:41.320596,Rathaus U,28,345398
2026-02-03T02:58:41.320596,Rathaus U,28,345336
2026-02-03T02:58:41.320596,Rathaus U,28,345002
2026-02-03T02:58:41.320596,Rathaus U,28,345762
2026-02-03T02:58:41.320596,Rathaus U,28,346429
2026-02-03T02:58:41.320596,Rathaus U,28,346256
2026-02-03T02:58:41.320596,Rathaus U,28,346180
2026-02-03T02:58:41.320596,Rathaus U,28,346064
2026-02-03T02:58:41.320596,Rathaus U,28,346908
2026-02-03T02:58:41.320596,Rathaus U,28,346707
2026-02-03T02:58:41.320596,Rathaus U,28,347369
2026-02-03T02:58:41.320596,Rathaus U,28,347305
2026-02-03T02:58:41.320596,Rathaus U,28,347283
2026-02-03T02:58:41.320596,Rathaus U,28,347251
2026-02-03T02:58:41.320596,Rathaus U,28,347209
2026-02-03T02:58:41.320596,Rathaus U,28,347028
2026-02-03T02:58:41.320596,Rathaus U,28,347015
2026-02-03T02:58:41.320596,Rathaus U,28,347795
2026-02-03T02:58:41.320596,Rathaus U,28,348468
2026-02-03T02:58:41.320596,Rathaus U,28,348419
2026-02-03T02:58:41.320596,Rathaus U,28,348386
2026-02-03T02:58:41.320596,Rathaus U,28,348357
2026-02-03T02:58:41.320596,Rathaus U,28,348343
2026-02-03T02:58:41.320596,Rathaus U,28,348213
2026-02-03T02:58:41.320596,Rathaus U,28,348207
2026-02-03T02:58:41.320596,Rathaus U,28,348191
2026-02-03T02:58:41.320596,Rathaus U,28,348152
2026-02-03T02:58:41.320596,Rathaus U,28,348069
2026-02-03T02:58:41.320596,Hans-Mandl-Berufsschule,9,345486
2026-02-03T02:58:41.320596,Hans-Mandl-Berufsschule,9,345102
2026-02-03T02:58:41.320596,Hans-Mandl-Berufsschule,9,345503
2026-02-03T02:58:41.320596,Hans-Mandl-Berufsschule,9,347322
2026-02-03T02:58:41.320596,Hans-Mandl-Berufsschule,9,347595
2026-02-03T02:58:41.320596,Hans-Mandl-Berufsschule,9,348434
2026-02-03T02:58:41.320596,Hans-Mandl-Berufsschule,9,348365
2026-02-03T02:58:41.320596,Hans-Mandl-Berufsschule,9,398858
2026-02-03T02:58:41.320596,Hans-Mandl-Berufsschule,9,348808
2026-02-03T02:58:41.320596,Dänenstraße / BOKU,30,345245
2026-02-03T02:58:41.320596,Dänenstraße / BOKU,30,345216
2026-02-03T02:58:41.320596,Dänenstraße / BOKU,30,345108
2026-02-03T02:58:41.320596,Dänenstraße / BOKU,30,345961
2026-02-03T02:58:41.320596,Dänenstraße / BOKU,30,345932
2026-02-03T02:58:41.320596,Dänenstraße / BOKU,30,345800
2026-02-03T02:58:41.320596,Dänenstraße / BOKU,30,345798
2026-02-03T02:58:41.320596,Dänenstraße / BOKU,30,345747
2026-02-03T02:58:41.320596,Dänenstraße / BOKU,30,345736
2026-02-03T02:58:41.320596,Dänenstraße / BOKU,30,346378
2026-02-03T02:58:41.320596,Dänenstraße / BOKU,30,346189
2026-02-03T02:58:41.320596,Dänenstraße / BOKU,30,346893
2026-02-03T02:58:41.320596,Dänenstraße / BOKU,30,346810
2026-02-03T02:58:41.320596,Dänenstraße / BOKU,30,346644
2026-02-03T02:58:41.320596,Dänenstraße / BOKU,30,346603
2026-02-03T02:58:41.320596,Dänenstraße / BOKU,30,347201
2026-02-03T02:58:41.320596,Dänenstraße / BOKU,30,347139
2026-02-03T02:58:41.320596,Dänenstraße / BOKU,30,347022
2026-02-03T02:58:41.320596,Dänenstraße / BOKU,30,347790
2026-02-03T02:58:41.320596,Dänenstraße / BOKU,30,347759
2026-02-03T02:58:41.320596,Dänenstraße / BOKU,30,347758
2026-02-03T02:58:41.320596,Dänenstraße / BOKU,30,347669
2026-02-03T02:58:41.320596,Dänenstraße / BOKU,30,348385
2026-02-03T02:58:41.320596,Dänenstraße / BOKU,30,348263
2026-02-03T02:58:41.320596,Dänenstraße / BOKU,30,348681
2026-02-03T02:58:41.320596,Dänenstraße / BOKU,30,398784
2026-02-03T02:58:41.320596,Dänenstraße / BOKU,30,398767
2026-02-03T02:58:41.320596,Dänenstraße / BOKU,30,349101
2026-02-03T02:58:41.320596,Dänenstraße / BOKU,30,348888
2026-02-03T02:58:41.320596,Dänenstraße / BOKU,30,348883
2026-02-03T02:58:41.320596,Schloss Schönbrunn,18,345115
2026-02-03T02:58:41.320596,Schloss Schönbrunn,18,345015
2026-02-03T02:58:41.320596,Schloss Schönbrunn,18,345520
2026-02-03T02:58:41.320596,Schloss Schönbrunn,18,346835
2026-02-03T02:58:41.320596,Schloss Schönbrunn,18,347474
2026-02-03T02:58:41.320596,Schloss Schönbrunn,18,347377
2026-02-03T02:58:41.320596,Schloss Schönbrunn,18,347164
2026-02-03T02:58:41.320596,Schloss Schönbrunn,18,347937
2026-02-03T02:58:41.320596,Schloss Schönbrunn,18,347873
2026-02-03T02:58:41.320596,Schloss Schönbrunn,18,347781
2026-02-03T02:58:41.320596,Schloss Schönbrunn,18,347757
2026-02-03T02:58:41.320596,Schloss Schönbrunn,18,347677
2026-02-03T02:58:41.320596,Schloss Schönbrunn,18,348536
2026-02-03T02:58:41.320596,Schloss Schönbrunn,18,398752
2026-02-03T02:58:41.320596,Schloss Schönbrunn,18,349104
2026-02-03T02:58:41.320596,Schloss Schönbrunn,18,349065
2026-02-03T02:58:41.320596,Schloss Schönbrunn,18,348839
2026-02-03T02:58:41.320596,Schloss Schönbrunn,18,349149
2026-02-03T02:58:41.320596,Eslarngasse / Juchgasse,4,347426
2026-02-03T02:58:41.320596,Eslarngasse / Juchgasse,4,348978
2026-02-03T02:58:41.320596,Eslarngasse / Juchgasse,4,348872
2026-02-03T02:58:41.320596,Eslarngasse / Juchgasse,4,349181
2026-02-03T02:58:41.320596,Plößlgasse / Belvedere,12,345683
2026-02-03T02:58:41.320596,Plößlgasse / Belvedere,12,346364
2026-02-03T02:58:41.320596,Plößlgasse / Belvedere,12,346109
2026-02-03T02:58:41.320596,Plößlgasse / Belvedere,12,346033
2026-02-03T02:58:41.320596,Plößlgasse / Belvedere,12,346015
2026-02-03T02:58:41.320596,Plößlgasse / Belvedere,12,347260
2026-02-03T02:58:41.320596,Plößlgasse / Belvedere,12,347826
2026-02-03T02:58:41.320596,Plößlgasse / Belvedere,12,347743
2026-02-03T02:58:41.320596,Plößlgasse / Belvedere,12,347578
2026-02-03T02:58:41.320596,Plößlgasse / Belvedere,12,348246
2026-02-03T02:58:41.320596,Plößlgasse / Belvedere,12,398787
2026-02-03T02:58:41.320596,Plößlgasse / Belvedere,12,349180
2026-02-03T02:58:41.320596,Sankt-Elisabeth-Platz,3,345255
2026-02-03T02:58:41.320596,Sankt-Elisabeth-Platz,3,346955
2026-02-03T02:58:41.320596,Sankt-Elisabeth-Platz,3,348559
2026-02-03T02:58:41.320596,Laudongasse / Schönbornpark,1,346722
2026-02-03T02:58:41.320596,Rossauer Lände U,10,345209
2026-02-03T02:58:41.320596,Rossauer Lände U,10,345066
2026-02-03T02:58:41.320596,Rossauer Lände U,10,345947
2026-02-03T02:58:41.320596,Rossauer Lände U,10,345750
2026-02-03T02:58:41.320596,Rossauer Lände U,10,345536
2026-02-03T02:58:41.320596,Rossauer Lände U,10,346841
2026-02-03T02:58:41.320596,Rossauer Lände U,10,346661
2026-02-03T02:58:41.320596,Rossauer Lände U,10,347203
2026-02-03T02:58:41.320596,Rossauer Lände U,10,347145
2026-02-03T02:58:41.320596,Rossauer Lände U,10,347929
2026-02-03T02:58:41.320596,Lazarettgasse,1,348568
2026-02-03T02:58:41.320596,Edelsinnstraße,9,345489
2026-02-03T02:58:41.320596,Edelsinnstraße,9,345099
2026-02-03T02:58:41.320596,Edelsinnstraße,9,345837
2026-02-03T02:58:41.320596,Edelsinnstraße,9,346219
2026-02-03T02:58:41.320596,Edelsinnstraße,9,346552
2026-02-03T02:58:41.320596,Edelsinnstraße,9,347003
2026-02-03T02:58:41.320596,Edelsinnstraße,9,347738
2026-02-03T02:58:41.320596,Edelsinnstraße,9,349013
2026-02-03T02:58:41.320596,Edelsinnstraße,9,349148
2026-02-03T02:58:41.320596,Karlsplatz U / TU Wien,23,345412
2026-02-03T02:58:41.320596,Karlsplatz U / TU Wien,23,345195
2026-02-03T02:58:41.320596,Karlsplatz U / TU Wien,23,345813
2026-02-03T02:58:41.320596,Karlsplatz U / TU Wien,23,345635
2026-02-03T02:58:41.320596,Karlsplatz U / TU Wien,23,345614
2026-02-03T02:58:41.320596,Karlsplatz U / TU Wien,23,346255
2026-02-03T02:58:41.320596,Karlsplatz U / TU Wien,23,346079
2026-02-03T02:58:41.320596,Karlsplatz U / TU Wien,23,346579
2026-02-03T02:58:41.320596,Karlsplatz U / TU Wien,23,346541
2026-02-03T02:58:41.320596,Karlsplatz U / TU Wien,23,347214
2026-02-03T02:58:41.320596,Karlsplatz U / TU Wien,23,347074
2026-02-03T02:58:41.320596,Karlsplatz U / TU Wien,23,347970
2026-02-03T02:58:41.320596,Karlsplatz U / TU Wien,23,347571
2026-02-03T02:58:41.320596,Karlsplatz U / TU Wien,23,347513
2026-02-03T02:58:41.320596,Karlsplatz U / TU Wien,23,348301
2026-02-03T02:58:41.320596,Karlsplatz U / TU Wien,23,348116
2026-02-03T02:58:41.320596,Karlsplatz U / TU Wien,23,348024
2026-02-03T02:58:41.320596,Karlsplatz U / TU Wien,23,348709
2026-02-03T02:58:41.320596,Karlsplatz U / TU Wien,23,348684
2026-02-03T02:58:41.320596,Karlsplatz U / TU Wien,23,348571
2026-02-03T02:58:41.320596,Karlsplatz U / TU Wien,23,348999
2026-02-03T02:58:41.320596,Karlsplatz U / TU Wien,23,348901
2026-02-03T02:58:41.320596,Karlsplatz U / TU Wien,23,398872
2026-02-03T02:58:41.320596,Amerlingstraße,7,345887
2026-02-03T02:58:41.320596,Amerlingstraße,7,346881
2026-02-03T02:58:41.320596,Amerlingstraße,7,347370
2026-02-03T02:58:41.320596,Amerlingstraße,7,347694
2026-02-03T02:58:41.320596,Amerlingstraße,7,348931
2026-02-03T02:58:41.320596,Amerlingstraße,7,348930
2026-02-03T02:58:41.320596,Amerlingstraße,7,348929
2026-02-03T02:58:41.320596,Albertgasse,19,345433
2026-02-03T02:58:41.320596,Albertgasse,19,345429
2026-02-03T02:58:41.320596,Albertgasse,19,345280
2026-02-03T02:58:41.320596,Albertgasse,19,345172
2026-02-03T02:58:41.320596,Albertgasse,19,345144
2026-02-03T02:58:41.320596,Albertgasse,19,345083
2026-02-03T02:58:41.320596,Albertgasse,19,345787
2026-02-03T02:58:41.320596,Albertgasse,19,345681
2026-02-03T02:58:41.320596,Albertgasse,19,345634
2026-02-03T02:58:41.320596,Albertgasse,19,345576
2026-02-03T02:58:41.320596,Albertgasse,19,345547
2026-02-03T02:58:41.320596,Albertgasse,19,346446
2026-02-03T02:58:41.320596,Albertgasse,19,346400
2026-02-03T02:58:41.320596,Albertgasse,19,346267
2026-02-03T02:58:41.320596,Albertgasse,19,346728
2026-02-03T02:58:41.320596,Albertgasse,19,347490
2026-02-03T02:58:41.320596,Albertgasse,19,347352
2026-02-03T02:58:41.320596,Albertgasse,19,348481
2026-02-03T02:58:41.320596,Albertgasse,19,348981
2026-02-03T02:58:41.320596,Universitätsring,24,345467
2026-02-03T02:58:41.320596,Universitätsring,24,345804
2026-02-03T02:58:41.320596,Universitätsring,24,345777
2026-02-03T02:58:41.320596,Universitätsring,24,345741
2026-02-03T02:58:41.320596,Universitätsring,24,346445
2026-02-03T02:58:41.320596,Universitätsring,24,346399
2026-02-03T02:58:41.320596,Universitätsring,24,346319
2026-02-03T02:58:41.320596,Universitätsring,24,346318
2026-02-03T02:58:41.320596,Universitätsring,24,346068
2026-02-03T02:58:41.320596,Universitätsring,24,346061
2026-02-03T02:58:41.320596,Universitätsring,24,346942
2026-02-03T02:58:41.320596,Universitätsring,24,346732
2026-02-03T02:58:41.320596,Universitätsring,24,346710
2026-02-03T02:58:41.320596,Universitätsring,24,346697
2026-02-03T02:58:41.320596,Universitätsring,24,347026
2026-02-03T02:58:41.320596,Universitätsring,24,347582
2026-02-03T02:58:41.320596,Universitätsring,24,348240
2026-02-03T02:58:41.320596,Universitätsring,24,348047
2026-02-03T02:58:41.320596,Universitätsring,24,348039
2026-02-03T02:58:41.320596,Universitätsring,24,348677
2026-02-03T02:58:41.320596,Universitätsring,24,348581
2026-02-03T02:58:41.320596,Universitätsring,24,348518
2026-02-03T02:58:41.320596,Universitätsring,24,398837
2026-02-03T02:58:41.320596,Universitätsring,24,398766
2026-02-03T02:58:41.320596,Herrengasse U,21,345367
2026-02-03T02:58:41.320596,Herrengasse U,21,345964
2026-02-03T02:58:41.320596,Herrengasse U,21,345734
2026-02-03T02:58:41.320596,Herrengasse U,21,345594
2026-02-03T02:58:41.320596,Herrengasse U,21,346434
2026-02-03T02:58:41.320596,Herrengasse U,21,346026
2026-02-03T02:58:41.320596,Herrengasse U,21,346936
2026-02-03T02:58:41.320596,Herrengasse U,21,346920
2026-02-03T02:58:41.320596,Herrengasse U,21,346775
2026-02-03T02:58:41.320596,Herrengasse U,21,346738
2026-02-03T02:58:41.320596,Herrengasse U,21,346617
2026-02-03T02:58:41.320596,Herrengasse U,21,346544
2026-02-03T02:58:41.320596,Herrengasse U,21,347366
2026-02-03T02:58:41.320596,Herrengasse U,21,347111
2026-02-03T02:58:41.320596,Herrengasse U,21,347847
2026-02-03T02:58:41.320596,Herrengasse U,21,347788
2026-02-03T02:58:41.320596,Herrengasse U,21,347659
2026-02-03T02:58:41.320596,Herrengasse U,21,347610
2026-02-03T02:58:41.320596,Herrengasse U,21,347559
2026-02-03T02:58:41.320596,Herrengasse U,21,348415
2026-02-03T02:58:41.320596,Herrengasse U,21,349060
2026-02-03T02:58:41.320596,Sensengasse,8,345239
2026-02-03T02:58:41.320596,Sensengasse,8,346389
2026-02-03T02:58:41.320596,Sensengasse,8,346151
2026-02-03T02:58:41.320596,Sensengasse,8,346682
2026-02-03T02:58:41.320596,Sensengasse,8,347605
2026-02-03T02:58:41.320596,Sensengasse,8,347572
2026-02-03T02:58:41.320596,Sensengasse,8,348061
2026-02-03T02:58:41.320596,Sensengasse,8,348923
2026-02-03T02:58:41.320596,Belgradplatz,11,345421
2026-02-03T02:58:41.320596,Belgradplatz,11,345866
2026-02-03T02:58:41.320596,Belgradplatz,11,346499
2026-02-03T02:58:41.320596,Belgradplatz,11,346244
2026-02-03T02:58:41.320596,Belgradplatz,11,346118
2026-02-03T02:58:41.320596,Belgradplatz,11,347471
2026-02-03T02:58:41.320596,Belgradplatz,11,347250
2026-02-03T02:58:41.320596,Belgradplatz,11,347886
2026-02-03T02:58:41.320596,Belgradplatz,11,348058
2026-02-03T02:58:41.320596,Belgradplatz,11,348049
2026-02-03T02:58:41.320596,Belgradplatz,11,348014
2026-02-03T02:58:41.320596,Rathausplatz / Burgtheater,5,345262
2026-02-03T02:58:41.320596,Rathausplatz / Burgtheater,5,345601
2026-02-03T02:58:41.320596,Rathausplatz / Burgtheater,5,346922
2026-02-03T02:58:41.320596,Rathausplatz / Burgtheater,5,347404
2026-02-03T02:58:41.320596,Rathausplatz / Burgtheater,5,348214
2026-02-03T02:58:41.320596,Arbeitergasse - Gürtel,16,345717
2026-02-03T02:58:41.320596,Arbeitergasse - Gürtel,16,345609
2026-02-03T02:58:41.320596,Arbeitergasse - Gürtel,16,345533
2026-02-03T02:58:41.320596,Arbeitergasse - Gürtel,16,345522
2026-02-03T02:58:41.320596,Arbeitergasse - Gürtel,16,346456
2026-02-03T02:58:41.320596,Arbeitergasse - Gürtel,16,346332
2026-02-03T02:58:41.320596,Arbeitergasse - Gürtel,16,346070
2026-02-03T02:58:41.320596,Arbeitergasse - Gürtel,16,346870
2026-02-03T02:58:41.320596,Arbeitergasse - Gürtel,16,346826
2026-02-03T02:58:41.320596,Arbeitergasse - Gürtel,16,346760
2026-02-03T02:58:41.320596,Arbeitergasse - Gürtel,16,346505
2026-02-03T02:58:41.320596,Arbeitergasse - Gürtel,16,347960
2026-02-03T02:58:41.320596,Arbeitergasse - Gürtel,16,347742
2026-02-03T02:58:41.320596,Arbeitergasse - Gürtel,16,347710
2026-02-03T02:58:41.320596,Arbeitergasse - Gürtel,16,348624
2026-02-03T02:58:41.320596,Arbeitergasse - Gürtel,16,348577
2026-02-03T02:58:41.320596,Bauernfeldplatz / Palais Lichtenstein,22,345495
2026-02-03T02:58:41.320596,Bauernfeldplatz / Palais Lichtenstein,22,345405
2026-02-03T02:58:41.320596,Bauernfeldplatz / Palais Lichtenstein,22,345403
2026-02-03T02:58:41.320596,Bauernfeldplatz / Palais Lichtenstein,22,345351
2026-02-03T02:58:41.320596,Bauernfeldplatz / Palais Lichtenstein,22,345332
2026-02-03T02:58:41.320596,Bauernfeldplatz / Palais Lichtenstein,22,345246
2026-02-03T02:58:41.320596,Bauernfeldplatz / Palais Lichtenstein,22,345201
2026-02-03T02:58:41.320596,Bauernfeldplatz / Palais Lichtenstein,22,346359
2026-02-03T02:58:41.320596,Bauernfeldplatz / Palais Lichtenstein,22,346229
2026-02-03T02:58:41.320596,Bauernfeldplatz / Palais Lichtenstein,22,346040
2026-02-03T02:58:41.320596,Bauernfeldplatz / Palais Lichtenstein,22,346939
2026-02-03T02:58:41.320596,Bauernfeldplatz / Palais Lichtenstein,22,346787
2026-02-03T02:58:41.320596,Bauernfeldplatz / Palais Lichtenstein,22,346780
2026-02-03T02:58:41.320596,Bauernfeldplatz / Palais Lichtenstein,22,346597
2026-02-03T02:58:41.320596,Bauernfeldplatz / Palais Lichtenstein,22,347482
2026-02-03T02:58:41.320596,Bauernfeldplatz / Palais Lichtenstein,22,347341
2026-02-03T02:58:41.320596,Bauernfeldplatz / Palais Lichtenstein,22,347899
2026-02-03T02:58:41.320596,Bauernfeldplatz / Palais Lichtenstein,22,347766
2026-02-03T02:58:41.320596,Bauernfeldplatz / Palais Lichtenstein,22,347516
2026-02-03T02:58:41.320596,Bauernfeldplatz / Palais Lichtenstein,22,348344
2026-02-03T02:58:41.320596,Bauernfeldplatz / Palais Lichtenstein,22,348266
2026-02-03T02:58:41.320596,Bauernfeldplatz / Palais Lichtenstein,22,398740
2026-02-03T02:58:41.320596,Johannesgasse / Stadtpark,14,345530
2026-02-03T02:58:41.320596,Johannesgasse / Stadtpark,14,346236
2026-02-03T02:58:41.320596,Johannesgasse / Stadtpark,14,347681
2026-02-03T02:58:41.320596,Johannesgasse / Stadtpark,14,347645
2026-02-03T02:58:41.320596,Johannesgasse / Stadtpark,14,348377
2026-02-03T02:58:41.320596,Johannesgasse / Stadtpark,14,348361
2026-02-03T02:58:41.320596,Johannesgasse / Stadtpark,14,348093
2026-02-03T02:58:41.320596,Johannesgasse / Stadtpark,14,348088
2026-02-03T02:58:41.320596,Johannesgasse / Stadtpark,14,348027
2026-02-03T02:58:41.320596,Johannesgasse / Stadtpark,14,348017
2026-02-03T02:58:41.320596,Johannesgasse / Stadtpark,14,398827
2026-02-03T02:58:41.320596,Johannesgasse / Stadtpark,14,349071
2026-02-03T02:58:41.320596,Johannesgasse / Stadtpark,14,348878
2026-02-03T02:58:41.320596,Johannesgasse / Stadtpark,14,348875
2026-02-03T02:58:41.320596,Bischof-Faber-Platz,2,348054
2026-02-03T02:58:41.320596,Bischof-Faber-Platz,2,349084
2026-02-03T02:58:41.320596,Am Schöpfwerk U,15,345031
2026-02-03T02:58:41.320596,Am Schöpfwerk U,15,345989
2026-02-03T02:58:41.320596,Am Schöpfwerk U,15,345952
2026-02-03T02:58:41.320596,Am Schöpfwerk U,15,345939
2026-02-03T02:58:41.320596,Am Schöpfwerk U,15,345766
2026-02-03T02:58:41.320596,Am Schöpfwerk U,15,345554
2026-02-03T02:58:41.320596,Am Schöpfwerk U,15,346353
2026-02-03T02:58:41.320596,Am Schöpfwerk U,15,346914
2026-02-03T02:58:41.320596,Am Schöpfwerk U,15,346527
2026-02-03T02:58:41.320596,Am Schöpfwerk U,15,347625
2026-02-03T02:58:41.320596,Am Schöpfwerk U,15,348269
2026-02-03T02:58:41.320596,Am Schöpfwerk U,15,348059
2026-02-03T02:58:41.320596,Am Schöpfwerk U,15,348034
2026-02-03T02:58:41.320596,Am Schöpfwerk U,15,398793
2026-02-03T02:58:41.320596,Am Schöpfwerk U,15,349154
2026-02-03T02:58:41.320596,Alserbachstraße,10,346365
2026-02-03T02:58:41.320596,Alserbachstraße,10,347438
2026-02-03T02:58:41.320596,Alserbachstraße,10,347076
2026-02-03T02:58:41.320596,Alserbachstraße,10,347944
2026-02-03T02:58:41.320596,Alserbachstraße,10,347934
2026-02-03T02:58:41.320596,Alserbachstraße,10,347903
2026-02-03T02:58:41.320596,Alserbachstraße,10,347731
2026-02-03T02:58:41.320596,Alserbachstraße,10,347632
2026-02-03T02:58:41.320596,Alserbachstraße,10,348546
2026-02-03T02:58:41.320596,Alserbachstraße,10,348987
2026-02-03T02:58:41.320596,Petrusgasse,7,345289
2026-02-03T02:58:41.320596,Petrusgasse,7,345975
2026-02-03T02:58:41.320596,Petrusgasse,7,345529
2026-02-03T02:58:41.320596,Petrusgasse,7,346906
2026-02-03T02:58:41.320596,Petrusgasse,7,347190
2026-02-03T02:58:41.320596,Petrusgasse,7,348498
2026-02-03T02:58:41.320596,Petrusgasse,7,348658
2026-02-03T02:58:41.320596,Wassergasse,22,345416
2026-02-03T02:58:41.320596,Wassergasse,22,345125
2026-02-03T02:58:41.320596,Wassergasse,22,345084
2026-02-03T02:58:41.320596,Wassergasse,22,345912
2026-02-03T02:58:41.320596,Wassergasse,22,345606
2026-02-03T02:58:41.320596,Wassergasse,22,346295
2026-02-03T02:58:41.320596,Wassergasse,22,346987
2026-02-03T02:58:41.320596,Wassergasse,22,346916
2026-02-03T02:58:41.320596,Wassergasse,22,346894
2026-02-03T02:58:41.320596,Wassergasse,22,346642
2026-02-03T02:58:41.320596,Wassergasse,22,346542
2026-02-03T02:58:41.320596,Wassergasse,22,347384
2026-02-03T02:58:41.320596,Wassergasse,22,347291
2026-02-03T02:58:41.320596,Wassergasse,22,347242
2026-02-03T02:58:41.320596,Wassergasse,22,347183
2026-02-03T02:58:41.320596,Wassergasse,22,347747
2026-02-03T02:58:41.320596,Wassergasse,22,347675
2026-02-03T02:58:41.320596,Wassergasse,22,347592
2026-02-03T02:58:41.320596,Wassergasse,22,348459
2026-02-03T02:58:41.320596,Wassergasse,22,398796
2026-02-03T02:58:41.320596,Wassergasse,22,349033
2026-02-03T02:58:41.320596,Wassergasse,22,348838
2026-02-03T02:58:41.320596,Löwengasse,10,345213
2026-02-03T02:58:41.320596,Löwengasse,10,345977
2026-02-03T02:58:41.320596,Löwengasse,10,345560
2026-02-03T02:58:41.320596,Löwengasse,10,346395
2026-02-03T02:58:41.320596,Löwengasse,10,346275
2026-02-03T02:58:41.320596,Löwengasse,10,346252
2026-02-03T02:58:41.320596,Löwengasse,10,347333
2026-02-03T02:58:41.320596,Löwengasse,10,347858
2026-02-03T02:58:41.320596,Löwengasse,10,347566
2026-02-03T02:58:41.320596,Löwengasse,10,398728
2026-02-03T02:58:41.320596,Kardinal-Nagl-Platz U,11,345221
2026-02-03T02:58:41.320596,Kardinal-Nagl-Platz U,11,345782
2026-02-03T02:58:41.320596,Kardinal-Nagl-Platz U,11,345590
2026-02-03T02:58:41.320596,Kardinal-Nagl-Platz U,11,346510
2026-02-03T02:58:41.320596,Kardinal-Nagl-Platz U,11,347911
2026-02-03T02:58:41.320596,Kardinal-Nagl-Platz U,11,347613
2026-02-03T02:58:41.320596,Kardinal-Nagl-Platz U,11,348394
2026-02-03T02:58:41.320596,Kardinal-Nagl-Platz U,11,348019
2026-02-03T02:58:41.320596,Kardinal-Nagl-Platz U,11,348665
2026-02-03T02:58:41.320596,Kardinal-Nagl-Platz U,11,348636
2026-02-03T02:58:41.320596,Kardinal-Nagl-Platz U,11,348600
2026-02-03T02:58:41.320596,Kärntner Ring,5,345297
2026-02-03T02:58:41.320596,Kärntner Ring,5,346138
2026-02-03T02:58:41.320596,Kärntner Ring,5,347480
2026-02-03T02:58:41.320596,Kärntner Ring,5,347464
2026-02-03T02:58:41.320596,Kärntner Ring,5,347229
2026-02-03T02:58:41.320596,Schottenring U,13,345934
2026-02-03T02:58:41.320596,Schottenring U,13,345869
2026-02-03T02:58:41.320596,Schottenring U,13,345688
2026-02-03T02:58:41.320596,Schottenring U,13,346226
2026-02-03T02:58:41.320596,Schottenring U,13,346000
2026-02-03T02:58:41.320596,Schottenring U,13,346734
2026-02-03T02:58:41.320596,Schottenring U,13,347483
2026-02-03T02:58:41.320596,Schottenring U,13,348431
2026-02-03T02:58:41.320596,Schottenring U,13,348348
2026-02-03T02:58:41.320596,Schottenring U,13,348245
2026-02-03T02:58:41.320596,Schottenring U,13,348685
2026-02-03T02:58:41.320596,Schottenring U,13,398853
2026-02-03T02:58:41.320596,Schottenring U,13,398788
2026-02-03T02:58:41.320596,Strozzigasse,6,345477
2026-02-03T02:58:41.320596,Strozzigasse,6,345384
2026-02-03T02:58:41.320596,Strozzigasse,6,346250
2026-02-03T02:58:41.320596,Strozzigasse,6,346861
2026-02-03T02:58:41.320596,Strozzigasse,6,347388
2026-02-03T02:58:41.320596,Strozzigasse,6,347776
2026-02-03T02:58:41.320596,Yppengasse,7,345191
2026-02-03T02:58:41.320596,Yppengasse,7,346404
2026-02-03T02:58:41.320596,Yppengasse,7,346285
2026-02-03T02:58:41.320596,Yppengasse,7,346883
2026-02-03T02:58:41.320596,Yppengasse,7,347603
2026-02-03T02:58:41.320596,Yppengasse,7,348454
2026-02-03T02:58:41.320596,Yppengasse,7,398749
2026-02-03T02:58:41.320596,Stefan-Fadinger-Platz,6,345232
2026-02-03T02:58:41.320596,Stefan-Fadinger-Platz,6,345863
2026-02-03T02:58:41.320596,Stefan-Fadinger-Platz,6,345740
2026-02-03T02:58:41.320596,Stefan-Fadinger-Platz,6,346534
2026-02-03T02:58:41.320596,Stefan-Fadinger-Platz,6,347006
2026-02-03T02:58:41.320596,Stefan-Fadinger-Platz,6,347561
2026-02-03T02:58:41.320596,Brünnlbadgasse,8,345171
2026-02-03T02:58:41.320596,Brünnlbadgasse,8,345163
2026-02-03T02:58:41.320596,Brünnlbadgasse,8,347084
2026-02-03T02:58:41.320596,Brünnlbadgasse,8,347058
2026-02-03T02:58:41.320596,Brünnlbadgasse,8,348467
2026-02-03T02:58:41.320596,Brünnlbadgasse,8,348249
2026-02-03T02:58:41.320596,Brünnlbadgasse,8,348247
2026-02-03T02:58:41.320596,Brünnlbadgasse,8,348146
2026-02-03T02:58:41.320596,Obere Augartenstraße,16,345131
2026-02-03T02:58:41.320596,Obere Augartenstraße,16,345974
2026-02-03T02:58:41.320596,Obere Augartenstraße,16,345929
2026-02-03T02:58:41.320596,Obere Augartenstraße,16,345744
2026-02-03T02:58:41.320596,Obere Augartenstraße,16,346405
2026-02-03T02:58:41.320596,Obere Augartenstraße,16,346387
2026-02-03T02:58:41.320596,Obere Augartenstraße,16,347378
2026-02-03T02:58:41.320596,Obere Augartenstraße,16,347073
2026-02-03T02:58:41.320596,Obere Augartenstraße,16,347993
2026-02-03T02:58:41.320596,Obere Augartenstraße,16,347975
2026-02-03T02:58:41.320596,Obere Augartenstraße,16,347880
2026-02-03T02:58:41.320596,Obere Augartenstraße,16,347808
2026-02-03T02:58:41.320596,Obere Augartenstraße,16,347586
2026-02-03T02:58:41.320596,Obere Augartenstraße,16,348143
2026-02-03T02:58:41.320596,Obere Augartenstraße,16,348659
2026-02-03T02:58:41.320596,Obere Augartenstraße,16,349194
2026-02-03T02:58:41.320596,Gußhausstraße / Argentinierstraße,14,345700
2026-02-03T02:58:41.320596,Gußhausstraße / Argentinierstraße,14,346485
2026-02-03T02:58:41.320596,Gußhausstraße / Argentinierstraße,14,346931
2026-02-03T02:58:41.320596,Gußhausstraße / Argentinierstraße,14,346921
2026-02-03T02:58:41.320596,Gußhausstraße / Argentinierstraße,14,347361
2026-02-03T02:58:41.320596,Gußhausstraße / Argentinierstraße,14,347068
2026-02-03T02:58:41.320596,Gußhausstraße / Argentinierstraße,14,348337
2026-02-03T02:58:41.320596,Gußhausstraße / Argentinierstraße,14,348278
2026-02-03T02:58:41.320596,Gußhausstraße / Argentinierstraße,14,348208
2026-02-03T02:58:41.320596,Gußhausstraße / Argentinierstraße,14,348591
2026-02-03T02:58:41.320596,Gußhausstraße / Argentinierstraße,14,349078
2026-02-03T02:58:41.320596,Gußhausstraße / Argentinierstraße,14,349025
2026-02-03T02:58:41.320596,Gußhausstraße / Argentinierstraße,14,348920
2026-02-03T02:58:41.320596,Gußhausstraße / Argentinierstraße,14,348906
2026-02-03T02:58:41.320596,Marschallplatz,10,345212
2026-02-03T02:58:41.320596,Marschallplatz,10,345981
2026-02-03T02:58:41.320596,Marschallplatz,10,345561
2026-02-03T02:58:41.320596,Marschallplatz,10,345542
2026-02-03T02:58:41.320596,Marschallplatz,10,346410
2026-02-03T02:58:41.320596,Marschallplatz,10,346221
2026-02-03T02:58:41.320596,Marschallplatz,10,347466
2026-02-03T02:58:41.320596,Marschallplatz,10,348626
2026-02-03T02:58:41.320596,Marschallplatz,10,349113
2026-02-03T02:58:41.320596,Marschallplatz,10,348823
2026-02-03T02:58:41.320596,Ober St. Veit U,11,345418
2026-02-03T02:58:41.320596,Ober St. Veit U,11,345063
2026-02-03T02:58:41.320596,Ober St. Veit U,11,346039
2026-02-03T02:58:41.320596,Ober St. Veit U,11,346683
2026-02-03T02:58:41.320596,Ober St. Veit U,11,347290
2026-02-03T02:58:41.320596,Ober St. Veit U,11,347114
2026-02-03T02:58:41.320596,Ober St. Veit U,11,347104
2026-02-03T02:58:41.320596,Ober St. Veit U,11,347853
2026-02-03T02:58:41.320596,Ober St. Veit U,11,347814
2026-02-03T02:58:41.320596,Ober St. Veit U,11,347687
2026-02-03T02:58:41.320596,Ober St. Veit U,11,347617
2026-02-03T02:58:41.320596,Auf der Schmelz,28,345443
2026-02-03T02:58:41.320596,Auf der Schmelz,28,345432
2026-02-03T02:58:41.320596,Auf der Schmelz,28,345240
2026-02-03T02:58:41.320596,Auf der Schmelz,28,345211
2026-02-03T02:58:41.320596,Auf der Schmelz,28,345185
2026-02-03T02:58:41.320596,Auf der Schmelz,28,345107
2026-02-03T02:58:41.320596,Auf der Schmelz,28,345745
2026-02-03T02:58:41.320596,Auf der Schmelz,28,345719
2026-02-03T02:58:41.320596,Auf der Schmelz,28,345516
2026-02-03T02:58:41.320596,Auf der Schmelz,28,346417
2026-02-03T02:58:41.320596,Auf der Schmelz,28,346277
2026-02-03T02:58:41.320596,Auf der Schmelz,28,346188
2026-02-03T02:58:41.320596,Auf der Schmelz,28,346084
2026-02-03T02:58:41.320596,Auf der Schmelz,28,346951
2026-02-03T02:58:41.320596,Auf der Schmelz,28,346816
2026-02-03T02:58:41.320596,Auf der Schmelz,28,346723
2026-02-03T02:58:41.320596,Auf der Schmelz,28,346719
2026-02-03T02:58:41.320596,Auf der Schmelz,28,346558
2026-02-03T02:58:41.320596,Auf der Schmelz,28,347468
2026-02-03T02:58:41.320596,Auf der Schmelz,28,347267
2026-02-03T02:58:41.320596,Auf der Schmelz,28,347507
2026-02-03T02:58:41.320596,Auf der Schmelz,28,348422
2026-02-03T02:58:41.320596,Auf der Schmelz,28,348402
2026-02-03T02:58:41.320596,Auf der Schmelz,28,348363
2026-02-03T02:58:41.320596,Auf der Schmelz,28,348300
2026-02-03T02:58:41.320596,Auf der Schmelz,28,348002
2026-02-03T02:58:41.320596,Auf der Schmelz,28,398852
2026-02-03T02:58:41.320596,Auf der Schmelz,28,398865
2026-02-03T02:58:41.320596,Grimmgasse,16,345805
2026-02-03T02:58:41.320596,Grimmgasse,16,345776
2026-02-03T02:58:41.320596,Grimmgasse,16,345758
2026-02-03T02:58:41.320596,Grimmgasse,16,345739
2026-02-03T02:58:41.320596,Grimmgasse,16,345694
2026-02-03T02:58:41.320596,Grimmgasse,16,345597
2026-02-03T02:58:41.320596,Grimmgasse,16,346998
2026-02-03T02:58:41.320596,Grimmgasse,16,346900
2026-02-03T02:58:41.320596,Grimmgasse,16,346647
2026-02-03T02:58:41.320596,Grimmgasse,16,347954
2026-02-03T02:58:41.320596,Grimmgasse,16,347780
2026-02-03T02:58:41.320596,Grimmgasse,16,348388
2026-02-03T02:58:41.320596,Grimmgasse,16,348676
2026-02-03T02:58:41.320596,Grimmgasse,16,398805
2026-02-03T02:58:41.320596,Grimmgasse,16,348850
2026-02-03T02:58:41.320596,Grimmgasse,16,398867
2026-02-03T02:58:41.320596,Parhamerplatz,29,345348
2026-02-03T02:58:41.320596,Parhamerplatz,29,345269
2026-02-03T02:58:41.320596,Parhamerplatz,29,345095
2026-02-03T02:58:41.320596,Parhamerplatz,29,345074
2026-02-03T02:58:41.320596,Parhamerplatz,29,345881
2026-02-03T02:58:41.320596,Parhamerplatz,29,345849
2026-02-03T02:58:41.320596,Parhamerplatz,29,345768
2026-02-03T02:58:41.320596,Parhamerplatz,29,345600
2026-02-03T02:58:41.320596,Parhamerplatz,29,346475
2026-02-03T02:58:41.320596,Parhamerplatz,29,346210
2026-02-03T02:58:41.320596,Parhamerplatz,29,346105
2026-02-03T02:58:41.320596,Parhamerplatz,29,346069
2026-02-03T02:58:41.320596,Parhamerplatz,29,346957
2026-02-03T02:58:41.320596,Parhamerplatz,29,346891
2026-02-03T02:58:41.320596,Parhamerplatz,29,346778
2026-02-03T02:58:41.320596,Parhamerplatz,29,346646
2026-02-03T02:58:41.320596,Parhamerplatz,29,346610
2026-02-03T02:58:41.320596,Parhamerplatz,29,346569
2026-02-03T02:58:41.320596,Parhamerplatz,29,347884
2026-02-03T02:58:41.320596,Parhamerplatz,29,347868
2026-02-03T02:58:41.320596,Parhamerplatz,29,347791
2026-02-03T02:58:41.320596,Parhamerplatz,29,347786
2026-02-03T02:58:41.320596,Parhamerplatz,29,348379
2026-02-03T02:58:41.320596,Parhamerplatz,29,348345
2026-02-03T02:58:41.320596,Parhamerplatz,29,348237
2026-02-03T02:58:41.320596,Parhamerplatz,29,348099
2026-02-03T02:58:41.320596,Parhamerplatz,29,348588
2026-02-03T02:58:41.320596,Parhamerplatz,29,398730
2026-02-03T02:58:41.320596,Parhamerplatz,29,348907
2026-02-03T02:58:41.320596,Kendlerstraße U,19,345167
2026-02-03T02:58:41.320596,Kendlerstraße U,19,345081
2026-02-03T02:58:41.320596,Kendlerstraße U,19,345060
2026-02-03T02:58:41.320596,Kendlerstraße U,19,345959
2026-02-03T02:58:41.320596,Kendlerstraße U,19,345928
2026-02-03T02:58:41.320596,Kendlerstraße U,19,345807
2026-02-03T02:58:41.320596,Kendlerstraße U,19,345622
2026-02-03T02:58:41.320596,Kendlerstraße U,19,345531
2026-02-03T02:58:41.320596,Kendlerstraße U,19,347057
2026-02-03T02:58:41.320596,Kendlerstraße U,19,347024
2026-02-03T02:58:41.320596,Kendlerstraße U,19,347999
2026-02-03T02:58:41.320596,Kendlerstraße U,19,347812
2026-02-03T02:58:41.320596,Kendlerstraße U,19,347558
2026-02-03T02:58:41.320596,Kendlerstraße U,19,348286
2026-02-03T02:58:41.320596,Kendlerstraße U,19,348157
2026-02-03T02:58:41.320596,Kendlerstraße U,19,348045
2026-02-03T02:58:41.320596,Kendlerstraße U,19,398825
2026-02-03T02:58:41.320596,Kendlerstraße U,19,348972
2026-02-03T02:58:41.320596,Kendlerstraße U,19,349116
2026-02-03T02:58:41.320596,Dornerplatz,15,345425
2026-02-03T02:58:41.320596,Dornerplatz,15,345344
2026-02-03T02:58:41.320596,Dornerplatz,15,345214
2026-02-03T02:58:41.320596,Dornerplatz,15,345675
2026-02-03T02:58:41.320596,Dornerplatz,15,345584
2026-02-03T02:58:41.320596,Dornerplatz,15,346384
2026-02-03T02:58:41.320596,Dornerplatz,15,346704
2026-02-03T02:58:41.320596,Dornerplatz,15,347746
2026-02-03T02:58:41.320596,Dornerplatz,15,348236
2026-02-03T02:58:41.320596,Dornerplatz,15,348107
2026-02-03T02:58:41.320596,Dornerplatz,15,348032
2026-02-03T02:58:41.320596,Dornerplatz,15,348587
2026-02-03T02:58:41.320596,Dornerplatz,15,348918
2026-02-03T02:58:41.320596,Dornerplatz,15,348832
2026-02-03T02:58:41.320596,Dornerplatz,15,348831
2026-02-03T02:58:41.320596,Hernals S,16,345184
2026-02-03T02:58:41.320596,Hernals S,16,345139
2026-02-03T02:58:41.320596,Hernals S,16,345927
2026-02-03T02:58:41.320596,Hernals S,16,345888
2026-02-03T02:58:41.320596,Hernals S,16,346480
2026-02-03T02:58:41.320596,Hernals S,16,346363
2026-02-03T02:58:41.320596,Hernals S,16,346727
2026-02-03T02:58:41.320596,Hernals S,16,346674
2026-02-03T02:58:41.320596,Hernals S,16,347462
2026-02-03T02:58:41.320596,Hernals S,16,347449
2026-02-03T02:58:41.320596,Hernals S,16,347311
2026-02-03T02:58:41.320596,Hernals S,16,347845
2026-02-03T02:58:41.320596,Hernals S,16,348313
2026-02-03T02:58:41.320596,Hernals S,16,348015
2026-02-03T02:58:41.320596,Hernals S,16,349030
2026-02-03T02:58:41.320596,Hernals S,16,348956
2026-02-03T02:58:41.320596,Schmelzbrücke,11,345317
2026-02-03T02:58:41.320596,Schmelzbrücke,11,345235
2026-02-03T02:58:41.320596,Schmelzbrücke,11,345096
2026-02-03T02:58:41.320596,Schmelzbrücke,11,346425
2026-02-03T02:58:41.320596,Schmelzbrücke,11,346029
2026-02-03T02:58:41.320596,Schmelzbrücke,11,347155
2026-02-03T02:58:41.320596,Schmelzbrücke,11,347910
2026-02-03T02:58:41.320596,Schmelzbrücke,11,347510
2026-02-03T02:58:41.320596,Schmelzbrücke,11,348424
2026-02-03T02:58:41.320596,Schmelzbrücke,11,348356
2026-02-03T02:58:41.320596,Schmelzbrücke,11,348065
2026-02-03T02:58:41.320596,Michelbeuern-AKH U,23,345497
2026-02-03T02:58:41.320596,Michelbeuern-AKH U,23,345962
2026-02-03T02:58:41.320596,Michelbeuern-AKH U,23,345918
2026-02-03T02:58:41.320596,Michelbeuern-AKH U,23,345911
2026-02-03T02:58:41.320596,Michelbeuern-AKH U,23,345699
2026-02-03T02:58:41.320596,Michelbeuern-AKH U,23,346324
2026-02-03T02:58:41.320596,Michelbeuern-AKH U,23,346204
2026-02-03T02:58:41.320596,Michelbeuern-AKH U,23,346192
2026-02-03T02:58:41.320596,Michelbeuern-AKH U,23,346088
2026-02-03T02:58:41.320596,Michelbeuern-AKH U,23,346050
2026-02-03T02:58:41.320596,Michelbeuern-AKH U,23,346720
2026-02-03T02:58:41.320596,Michelbeuern-AKH U,23,346665
2026-02-03T02:58:41.320596,Michelbeuern-AKH U,23,346514
2026-02-03T02:58:41.320596,Michelbeuern-AKH U,23,347458
2026-02-03T02:58:41.320596,Michelbeuern-AKH U,23,347347
2026-02-03T02:58:41.320596,Michelbeuern-AKH U,23,347213
2026-02-03T02:58:41.320596,Michelbeuern-AKH U,23,347167
2026-02-03T02:58:41.320596,Michelbeuern-AKH U,23,347535
2026-02-03T02:58:41.320596,Michelbeuern-AKH U,23,348327
2026-02-03T02:58:41.320596,Michelbeuern-AKH U,23,348122
2026-02-03T02:58:41.320596,Michelbeuern-AKH U,23,348688
2026-02-03T02:58:41.320596,Michelbeuern-AKH U,23,398854
2026-02-03T02:58:41.320596,Michelbeuern-AKH U,23,398820
2026-02-03T02:58:41.320596,Johann-Nepomuk-Vogl-Platz,6,345154
2026-02-03T02:58:41.320596,Johann-Nepomuk-Vogl-Platz,6,346357
2026-02-03T02:58:41.320596,Johann-Nepomuk-Vogl-Platz,6,347906
2026-02-03T02:58:41.320596,Johann-Nepomuk-Vogl-Platz,6,348392
2026-02-03T02:58:41.320596,Johann-Nepomuk-Vogl-Platz,6,349064
2026-02-03T02:58:41.320596,Johann-Nepomuk-Vogl-Platz,6,349198
2026-02-03T02:58:41.320596,Mayerhofgasse,8,345441
2026-02-03T02:58:41.320596,Mayerhofgasse,8,345328
2026-02-03T02:58:41.320596,Mayerhofgasse,8,345682
2026-02-03T02:58:41.320596,Mayerhofgasse,8,346999
2026-02-03T02:58:41.320596,Mayerhofgasse,8,347416
2026-02-03T02:58:41.320596,Mayerhofgasse,8,347355
2026-02-03T02:58:41.320596,Mayerhofgasse,8,347346
2026-02-03T02:58:41.320596,Mayerhofgasse,8,348819
2026-02-03T02:58:41.320596,Westbahnstraße / Schottenfeldgasse,2,347834
2026-02-03T02:58:41.320596,Westbahnstraße / Schottenfeldgasse,2,349106
2026-02-03T02:58:41.320596,Vorgartenstraße U,16,345071
2026-02-03T02:58:41.320596,Vorgartenstraße U,16,345820
2026-02-03T02:58:41.320596,Vorgartenstraße U,16,345788
2026-02-03T02:58:41.320596,Vorgartenstraße U,16,346340
2026-02-03T02:58:41.320596,Vorgartenstraße U,16,346317
2026-02-03T02:58:41.320596,Vorgartenstraße U,16,346136
2026-02-03T02:58:41.320596,Vorgartenstraße U,16,346952
2026-02-03T02:58:41.320596,Vorgartenstraße U,16,346786
2026-02-03T02:58:41.320596,Vorgartenstraße U,16,346779
2026-02-03T02:58:41.320596,Vorgartenstraße U,16,347665
2026-02-03T02:58:41.320596,Vorgartenstraße U,16,348276
2026-02-03T02:58:41.320596,Vorgartenstraße U,16,348201
2026-02-03T02:58:41.320596,Vorgartenstraße U,16,348673
2026-02-03T02:58:41.320596,Vorgartenstraße U,16,398786
2026-02-03T02:58:41.320596,Vorgartenstraße U,16,348810
2026-02-03T02:58:41.320596,Vorgartenstraße U,16,349177
2026-02-03T02:58:41.320596,Krieau U,6,345038
2026-02-03T02:58:41.320596,Krieau U,6,345906
2026-02-03T02:58:41.320596,Krieau U,6,346547
2026-02-03T02:58:41.320596,Krieau U,6,347589
2026-02-03T02:58:41.320596,Krieau U,6,348067
2026-02-03T02:58:41.320596,Krieau U,6,398756
2026-02-03T02:58:41.320596,Ottakring S U,53,345484
2026-02-03T02:58:41.320596,Ottakring S U,53,345224
2026-02-03T02:58:41.320596,Ottakring S U,53,345202
2026-02-03T02:58:41.320596,Ottakring S U,53,345078
2026-02-03T02:58:41.320596,Ottakring S U,53,345867
2026-02-03T02:58:41.320596,Ottakring S U,53,345857
2026-02-03T02:58:41.320596,Ottakring S U,53,345854
2026-02-03T02:58:41.320596,Ottakring S U,53,345827
2026-02-03T02:58:41.320596,Ottakring S U,53,345645
2026-02-03T02:58:41.320596,Ottakring S U,53,345640
2026-02-03T02:58:41.320596,Ottakring S U,53,345593
2026-02-03T02:58:41.320596,Ottakring S U,53,345556
2026-02-03T02:58:41.320596,Ottakring S U,53,345505
2026-02-03T02:58:41.320596,Ottakring S U,53,346493
2026-02-03T02:58:41.320596,Ottakring S U,53,346436
2026-02-03T02:58:41.320596,Ottakring S U,53,346421
2026-02-03T02:58:41.320596,Ottakring S U,53,346288
2026-02-03T02:58:41.320596,Ottakring S U,53,346257
2026-02-03T02:58:41.320596,Ottakring S U,53,346119
2026-02-03T02:58:41.320596,Ottakring S U,53,346093
2026-02-03T02:58:41.320596,Ottakring S U,53,346974
2026-02-03T02:58:41.320596,Ottakring S U,53,346913
2026-02-03T02:58:41.320596,Ottakring S U,53,346854
2026-02-03T02:58:41.320596,Ottakring S U,53,346844
2026-02-03T02:58:41.320596,Ottakring S U,53,346768
2026-02-03T02:58:41.320596,Ottakring S U,53,346744
2026-02-03T02:58:41.320596,Ottakring S U,53,346711
2026-02-03T02:58:41.320596,Ottakring S U,53,346677
2026-02-03T02:58:41.320596,Ottakring S U,53,346659
2026-02-03T02:58:41.320596,Ottakring S U,53,346650
2026-02-03T02:58:41.320596,Ottakring S U,53,346614
2026-02-03T02:58:41.320596,Ottakring S U,53,346613
2026-02-03T02:58:41.320596,Ottakring S U,53,346580
2026-02-03T02:58:41.320596,Ottakring S U,53,347478
2026-02-03T02:58:41.320596,Ottakring S U,53,347382
2026-02-03T02:58:41.320596,Ottakring S U,53,347325
2026-02-03T02:58:41.320596,Ottakring S U,53,347115
2026-02-03T02:58:41.320596,Ottakring S U,53,347081
2026-02-03T02:58:41.320596,Ottakring S U,53,347854
2026-02-03T02:58:41.320596,Ottakring S U,53,347691
2026-02-03T02:58:41.320596,Ottakring S U,53,347624
2026-02-03T02:58:41.320596,Ottakring S U,53,347564
2026-02-03T02:58:41.320596,Ottakring S U,53,347554
2026-02-03T02:58:41.320596,Ottakring S U,53,347549
2026-02-03T02:58:41.320596,Ottakring S U,53,348162
2026-02-03T02:58:41.320596,Ottakring S U,53,348155
2026-02-03T02:58:41.320596,Ottakring S U,53,348149
2026-02-03T02:58:41.320596,Ottakring S U,53,348109
2026-02-03T02:58:41.320596,Ottakring S U,53,348036
2026-02-03T02:58:41.320596,Ottakring S U,53,348013
2026-02-03T02:58:41.320596,Ottakring S U,53,398836
2026-02-03T02:58:41.320596,Ottakring S U,53,398743
2026-02-03T02:58:41.320596,Ottakring S U,53,348836
2026-02-03T02:58:41.320596,Hartmanngasse ,5,345011
2026-02-03T02:58:41.320596,Hartmanngasse ,5,345903
2026-02-03T02:58:41.320596,Hartmanngasse ,5,348038
2026-02-03T02:58:41.320596,Hartmanngasse ,5,348925
2026-02-03T02:58:41.320596,Hartmanngasse ,5,349197
2026-02-03T02:58:41.320596,Nestroyplatz U,10,345128
2026-02-03T02:58:41.320596,Nestroyplatz U,10,345069
2026-02-03T02:58:41.320596,Nestroyplatz U,10,346092
2026-02-03T02:58:41.320596,Nestroyplatz U,10,346973
2026-02-03T02:58:41.320596,Nestroyplatz U,10,347633
2026-02-03T02:58:41.320596,Nestroyplatz U,10,348347
2026-02-03T02:58:41.320596,Nestroyplatz U,10,348321
2026-02-03T02:58:41.320596,Nestroyplatz U,10,348305
2026-02-03T02:58:41.320596,Nestroyplatz U,10,348299
2026-02-03T02:58:41.320596,Nestroyplatz U,10,348051
2026-02-03T02:58:41.320596,Messe-Prater U,30,345453
2026-02-03T02:58:41.320596,Messe-Prater U,30,345449
2026-02-03T02:58:41.320596,Messe-Prater U,30,345875
2026-02-03T02:58:41.320596,Messe-Prater U,30,345771
2026-02-03T02:58:41.320596,Messe-Prater U,30,346431
2026-02-03T02:58:41.320596,Messe-Prater U,30,346430
2026-02-03T02:58:41.320596,Messe-Prater U,30,346401
2026-02-03T02:58:41.320596,Messe-Prater U,30,346240
2026-02-03T02:58:41.320596,Messe-Prater U,30,346231
2026-02-03T02:58:41.320596,Messe-Prater U,30,346197
2026-02-03T02:58:41.320596,Messe-Prater U,30,346671
2026-02-03T02:58:41.320596,Messe-Prater U,30,346662
2026-02-03T02:58:41.320596,Messe-Prater U,30,347265
2026-02-03T02:58:41.320596,Messe-Prater U,30,347252
2026-02-03T02:58:41.320596,Messe-Prater U,30,347239
2026-02-03T02:58:41.320596,Messe-Prater U,30,347151
2026-02-03T02:58:41.320596,Messe-Prater U,30,347136
2026-02-03T02:58:41.320596,Messe-Prater U,30,347796
2026-02-03T02:58:41.320596,Messe-Prater U,30,347709
2026-02-03T02:58:41.320596,Messe-Prater U,30,348429
2026-02-03T02:58:41.320596,Messe-Prater U,30,348428
2026-02-03T02:58:41.320596,Messe-Prater U,30,348339
2026-02-03T02:58:41.320596,Messe-Prater U,30,348252
2026-02-03T02:58:41.320596,Messe-Prater U,30,348131
2026-02-03T02:58:41.320596,Messe-Prater U,30,348128
2026-02-03T02:58:41.320596,Messe-Prater U,30,348035
2026-02-03T02:58:41.320596,Messe-Prater U,30,348004
2026-02-03T02:58:41.320596,Messe-Prater U,30,348573
2026-02-03T02:58:41.320596,Messe-Prater U,30,349023
2026-02-03T02:58:41.320596,Messe-Prater U,30,348927
2026-02-03T02:58:41.320596,Loquaiplatz,17,345411
2026-02-03T02:58:41.320596,Loquaiplatz,17,345141
2026-02-03T02:58:41.320596,Loquaiplatz,17,345987
2026-02-03T02:58:41.320596,Loquaiplatz,17,345808
2026-02-03T02:58:41.320596,Loquaiplatz,17,345738
2026-02-03T02:58:41.320596,Loquaiplatz,17,346391
2026-02-03T02:58:41.320596,Loquaiplatz,17,346372
2026-02-03T02:58:41.320596,Loquaiplatz,17,346313
2026-02-03T02:58:41.320596,Loquaiplatz,17,346102
2026-02-03T02:58:41.320596,Loquaiplatz,17,346864
2026-02-03T02:58:41.320596,Loquaiplatz,17,347163
2026-02-03T02:58:41.320596,Loquaiplatz,17,347103
2026-02-03T02:58:41.320596,Loquaiplatz,17,347663
2026-02-03T02:58:41.320596,Loquaiplatz,17,347650
2026-02-03T02:58:41.320596,Loquaiplatz,17,347580
2026-02-03T02:58:41.320596,Loquaiplatz,17,348483
2026-02-03T02:58:41.320596,Loquaiplatz,17,348350
2026-02-03T02:58:41.320596,Rosensteingasse,25,345472
2026-02-03T02:58:41.320596,Rosensteingasse,25,345304
2026-02-03T02:58:41.320596,Rosensteingasse,25,345057
2026-02-03T02:58:41.320596,Rosensteingasse,25,345993
2026-02-03T02:58:41.320596,Rosensteingasse,25,345955
2026-02-03T02:58:41.320596,Rosensteingasse,25,345876
2026-02-03T02:58:41.320596,Rosensteingasse,25,345775
2026-02-03T02:58:41.320596,Rosensteingasse,25,345668
2026-02-03T02:58:41.320596,Rosensteingasse,25,345638
2026-02-03T02:58:41.320596,Rosensteingasse,25,345517
2026-02-03T02:58:41.320596,Rosensteingasse,25,346444
2026-02-03T02:58:41.320596,Rosensteingasse,25,346191
2026-02-03T02:58:41.320596,Rosensteingasse,25,346133
2026-02-03T02:58:41.320596,Rosensteingasse,25,346066
2026-02-03T02:58:41.320596,Rosensteingasse,25,346028
2026-02-03T02:58:41.320596,Rosensteingasse,25,346701
2026-02-03T02:58:41.320596,Rosensteingasse,25,346574
2026-02-03T02:58:41.320596,Rosensteingasse,25,347367
2026-02-03T02:58:41.320596,Rosensteingasse,25,347296
2026-02-03T02:58:41.320596,Rosensteingasse,25,347211
2026-02-03T02:58:41.320596,Rosensteingasse,25,347020
2026-02-03T02:58:41.320596,Rosensteingasse,25,348391
2026-02-03T02:58:41.320596,Rosensteingasse,25,348369
2026-02-03T02:58:41.320596,Rosensteingasse,25,348223
2026-02-03T02:58:41.320596,Rosensteingasse,25,348574
2026-02-03T02:58:41.320596,Gumpendorfer Gürtel,21,345499
2026-02-03T02:58:41.320596,Gumpendorfer Gürtel,21,345371
2026-02-03T02:58:41.320596,Gumpendorfer Gürtel,21,345338
2026-02-03T02:58:41.320596,Gumpendorfer Gürtel,21,345323
2026-02-03T02:58:41.320596,Gumpendorfer Gürtel,21,345165
2026-02-03T02:58:41.320596,Gumpendorfer Gürtel,21,345833
2026-02-03T02:58:41.320596,Gumpendorfer Gürtel,21,345737
2026-02-03T02:58:41.320596,Gumpendorfer Gürtel,21,345687
2026-02-03T02:58:41.320596,Gumpendorfer Gürtel,21,346383
2026-02-03T02:58:41.320596,Gumpendorfer Gürtel,21,346281
2026-02-03T02:58:41.320596,Gumpendorfer Gürtel,21,346087
2026-02-03T02:58:41.320596,Gumpendorfer Gürtel,21,346959
2026-02-03T02:58:41.320596,Gumpendorfer Gürtel,21,346898
2026-02-03T02:58:41.320596,Gumpendorfer Gürtel,21,347457
2026-02-03T02:58:41.320596,Gumpendorfer Gürtel,21,347284
2026-02-03T02:58:41.320596,Gumpendorfer Gürtel,21,347196
2026-02-03T02:58:41.320596,Gumpendorfer Gürtel,21,347184
2026-02-03T02:58:41.320596,Gumpendorfer Gürtel,21,347957
2026-02-03T02:58:41.320596,Gumpendorfer Gürtel,21,348440
2026-02-03T02:58:41.320596,Gumpendorfer Gürtel,21,348525
2026-02-03T02:58:41.320596,Gumpendorfer Gürtel,21,349178
2026-02-03T02:58:41.320596,Burggasse-Stadthalle U,24,345436
2026-02-03T02:58:41.320596,Burggasse-Stadthalle U,24,345267
2026-02-03T02:58:41.320596,Burggasse-Stadthalle U,24,345178
2026-02-03T02:58:41.320596,Burggasse-Stadthalle U,24,345960
2026-02-03T02:58:41.320596,Burggasse-Stadthalle U,24,345843
2026-02-03T02:58:41.320596,Burggasse-Stadthalle U,24,345669
2026-02-03T02:58:41.320596,Burggasse-Stadthalle U,24,346253
2026-02-03T02:58:41.320596,Burggasse-Stadthalle U,24,346115
2026-02-03T02:58:41.320596,Burggasse-Stadthalle U,24,346941
2026-02-03T02:58:41.320596,Burggasse-Stadthalle U,24,346813
2026-02-03T02:58:41.320596,Burggasse-Stadthalle U,24,346530
2026-02-03T02:58:41.320596,Burggasse-Stadthalle U,24,346521
2026-02-03T02:58:41.320596,Burggasse-Stadthalle U,24,346509
2026-02-03T02:58:41.320596,Burggasse-Stadthalle U,24,347313
2026-02-03T02:58:41.320596,Burggasse-Stadthalle U,24,347100
2026-02-03T02:58:41.320596,Burggasse-Stadthalle U,24,347964
2026-02-03T02:58:41.320596,Burggasse-Stadthalle U,24,347771
2026-02-03T02:58:41.320596,Burggasse-Stadthalle U,24,347593
2026-02-03T02:58:41.320596,Burggasse-Stadthalle U,24,348198
2026-02-03T02:58:41.320596,Burggasse-Stadthalle U,24,348913
2026-02-03T02:58:41.320596,Burggasse-Stadthalle U,24,349204
2026-02-03T02:58:41.320596,Burggasse-Stadthalle U,24,349184
2026-02-03T02:58:41.320596,Burggasse-Stadthalle U,24,349128
2026-02-03T02:58:41.320596,Burggasse-Stadthalle U,24,398866
2026-02-03T02:58:41.320596,Urban-Loritz-Platz,16,345407
2026-02-03T02:58:41.320596,Urban-Loritz-Platz,16,345136
2026-02-03T02:58:41.320596,Urban-Loritz-Platz,16,345860
2026-02-03T02:58:41.320596,Urban-Loritz-Platz,16,345773
2026-02-03T02:58:41.320596,Urban-Loritz-Platz,16,346242
2026-02-03T02:58:41.320596,Urban-Loritz-Platz,16,346234
2026-02-03T02:58:41.320596,Urban-Loritz-Platz,16,346548
2026-02-03T02:58:41.320596,Urban-Loritz-Platz,16,347472
2026-02-03T02:58:41.320596,Urban-Loritz-Platz,16,347302
2026-02-03T02:58:41.320596,Urban-Loritz-Platz,16,347165
2026-02-03T02:58:41.320596,Urban-Loritz-Platz,16,347809
2026-02-03T02:58:41.320596,Urban-Loritz-Platz,16,347773
2026-02-03T02:58:41.320596,Urban-Loritz-Platz,16,347714
2026-02-03T02:58:41.320596,Urban-Loritz-Platz,16,347713
2026-02-03T02:58:41.320596,Urban-Loritz-Platz,16,348001
2026-02-03T02:58:41.320596,Urban-Loritz-Platz,16,348939
2026-02-03T02:58:41.320596,Hanusch Krankenhaus,19,345468
2026-02-03T02:58:41.320596,Hanusch Krankenhaus,19,345330
2026-02-03T02:58:41.320596,Hanusch Krankenhaus,19,345001
2026-02-03T02:58:41.320596,Hanusch Krankenhaus,19,345938
2026-02-03T02:58:41.320596,Hanusch Krankenhaus,19,345506
2026-02-03T02:58:41.320596,Hanusch Krankenhaus,19,346477
2026-02-03T02:58:41.320596,Hanusch Krankenhaus,19,346247
2026-02-03T02:58:41.320596,Hanusch Krankenhaus,19,346025
2026-02-03T02:58:41.320596,Hanusch Krankenhaus,19,346884
2026-02-03T02:58:41.320596,Hanusch Krankenhaus,19,346878
2026-02-03T02:58:41.320596,Hanusch Krankenhaus,19,346858
2026-02-03T02:58:41.320596,Hanusch Krankenhaus,19,347927
2026-02-03T02:58:41.320596,Hanusch Krankenhaus,19,347902
2026-02-03T02:58:41.320596,Hanusch Krankenhaus,19,348449
2026-02-03T02:58:41.320596,Hanusch Krankenhaus,19,349086
2026-02-03T02:58:41.320596,Hanusch Krankenhaus,19,349045
2026-02-03T02:58:41.320596,Hanusch Krankenhaus,19,349037
2026-02-03T02:58:41.320596,Hanusch Krankenhaus,19,349035
2026-02-03T02:58:41.320596,Hanusch Krankenhaus,19,348840
2026-02-03T02:58:41.320596,Westbahnhof S U / Gerstnerstraße,23,345434
2026-02-03T02:58:41.320596,Westbahnhof S U / Gerstnerstraße,23,345138
2026-02-03T02:58:41.320596,Westbahnhof S U / Gerstnerstraße,23,345945
2026-02-03T02:58:41.320596,Westbahnhof S U / Gerstnerstraße,23,345672
2026-02-03T02:58:41.320596,Westbahnhof S U / Gerstnerstraße,23,346439
2026-02-03T02:58:41.320596,Westbahnhof S U / Gerstnerstraße,23,346426
2026-02-03T02:58:41.320596,Westbahnhof S U / Gerstnerstraße,23,346322
2026-02-03T02:58:41.320596,Westbahnhof S U / Gerstnerstraße,23,346292
2026-02-03T02:58:41.320596,Westbahnhof S U / Gerstnerstraße,23,346238
2026-02-03T02:58:41.320596,Westbahnhof S U / Gerstnerstraße,23,346230
2026-02-03T02:58:41.320596,Westbahnhof S U / Gerstnerstraße,23,346122
2026-02-03T02:58:41.320596,Westbahnhof S U / Gerstnerstraße,23,346926
2026-02-03T02:58:41.320596,Westbahnhof S U / Gerstnerstraße,23,347450
2026-02-03T02:58:41.320596,Westbahnhof S U / Gerstnerstraße,23,347364
2026-02-03T02:58:41.320596,Westbahnhof S U / Gerstnerstraße,23,347259
2026-02-03T02:58:41.320596,Westbahnhof S U / Gerstnerstraße,23,347123
2026-02-03T02:58:41.320596,Westbahnhof S U / Gerstnerstraße,23,347590
2026-02-03T02:58:41.320596,Westbahnhof S U / Gerstnerstraße,23,348486
2026-02-03T02:58:41.320596,Westbahnhof S U / Gerstnerstraße,23,348135
2026-02-03T02:58:41.320596,Westbahnhof S U / Gerstnerstraße,23,348077
2026-02-03T02:58:41.320596,Westbahnhof S U / Gerstnerstraße,23,348585
2026-02-03T02:58:41.320596,Westbahnhof S U / Gerstnerstraße,23,348540
2026-02-03T02:58:41.320596,Westbahnhof S U / Gerstnerstraße,23,348532
2026-02-03T02:58:41.320596,Wieningerplatz,22,345474
2026-02-03T02:58:41.320596,Wieningerplatz,22,345372
2026-02-03T02:58:41.320596,Wieningerplatz,22,345302
2026-02-03T02:58:41.320596,Wieningerplatz,22,345998
2026-02-03T02:58:41.320596,Wieningerplatz,22,345884
2026-02-03T02:58:41.320596,Wieningerplatz,22,345847
2026-02-03T02:58:41.320596,Wieningerplatz,22,346406
2026-02-03T02:58:41.320596,Wieningerplatz,22,346208
2026-02-03T02:58:41.320596,Wieningerplatz,22,346141
2026-02-03T02:58:41.320596,Wieningerplatz,22,346124
2026-02-03T02:58:41.320596,Wieningerplatz,22,346067
2026-02-03T02:58:41.320596,Wieningerplatz,22,346797
2026-02-03T02:58:41.320596,Wieningerplatz,22,346754
2026-02-03T02:58:41.320596,Wieningerplatz,22,347436
2026-02-03T02:58:41.320596,Wieningerplatz,22,347301
2026-02-03T02:58:41.320596,Wieningerplatz,22,347093
2026-02-03T02:58:41.320596,Wieningerplatz,22,347091
2026-02-03T02:58:41.320596,Wieningerplatz,22,347963
2026-02-03T02:58:41.320596,Wieningerplatz,22,347640
2026-02-03T02:58:41.320596,Wieningerplatz,22,347570
2026-02-03T02:58:41.320596,Wieningerplatz,22,348308
2026-02-03T02:58:41.320596,Wieningerplatz,22,348031
2026-02-03T02:58:41.320596,Markgraf-Rüdiger Straße,25,345496
2026-02-03T02:58:41.320596,Markgraf-Rüdiger Straße,25,345162
2026-02-03T02:58:41.320596,Markgraf-Rüdiger Straße,25,345650
2026-02-03T02:58:41.320596,Markgraf-Rüdiger Straße,25,345550
2026-02-03T02:58:41.320596,Markgraf-Rüdiger Straße,25,346471
2026-02-03T02:58:41.320596,Markgraf-Rüdiger Straße,25,346327
2026-02-03T02:58:41.320596,Markgraf-Rüdiger Straße,25,346282
2026-02-03T02:58:41.320596,Markgraf-Rüdiger Straße,25,346126
2026-02-03T02:58:41.320596,Markgraf-Rüdiger Straße,25,346965
2026-02-03T02:58:41.320596,Markgraf-Rüdiger Straße,25,346940
2026-02-03T02:58:41.320596,Markgraf-Rüdiger Straße,25,346860
2026-02-03T02:58:41.320596,Markgraf-Rüdiger Straße,25,346725
2026-02-03T02:58:41.320596,Markgraf-Rüdiger Straße,25,346709
2026-02-03T02:58:41.320596,Markgraf-Rüdiger Straße,25,346637
2026-02-03T02:58:41.320596,Markgraf-Rüdiger Straße,25,346625
2026-02-03T02:58:41.320596,Markgraf-Rüdiger Straße,25,347319
2026-02-03T02:58:41.320596,Markgraf-Rüdiger Straße,25,347122
2026-02-03T02:58:41.320596,Markgraf-Rüdiger Straße,25,347805
2026-02-03T02:58:41.320596,Markgraf-Rüdiger Straße,25,347679
2026-02-03T02:58:41.320596,Markgraf-Rüdiger Straße,25,348451
2026-02-03T02:58:41.320596,Markgraf-Rüdiger Straße,25,398798
2026-02-03T02:58:41.320596,Markgraf-Rüdiger Straße,25,398769
2026-02-03T02:58:41.320596,Markgraf-Rüdiger Straße,25,398753
2026-02-03T02:58:41.320596,Markgraf-Rüdiger Straße,25,398748
2026-02-03T02:58:41.320596,Markgraf-Rüdiger Straße,25,348849
2026-02-03T02:58:41.320596,Plunkergasse,27,345382
2026-02-03T02:58:41.320596,Plunkergasse,27,345257
2026-02-03T02:58:41.320596,Plunkergasse,27,345948
2026-02-03T02:58:41.320596,Plunkergasse,27,345559
2026-02-03T02:58:41.320596,Plunkergasse,27,345521
2026-02-03T02:58:41.320596,Plunkergasse,27,345519
2026-02-03T02:58:41.320596,Plunkergasse,27,346488
2026-02-03T02:58:41.320596,Plunkergasse,27,346347
2026-02-03T02:58:41.320596,Plunkergasse,27,346266
2026-02-03T02:58:41.320596,Plunkergasse,27,346027
2026-02-03T02:58:41.320596,Plunkergasse,27,346011
2026-02-03T02:58:41.320596,Plunkergasse,27,346820
2026-02-03T02:58:41.320596,Plunkergasse,27,346567
2026-02-03T02:58:41.320596,Plunkergasse,27,346507
2026-02-03T02:58:41.320596,Plunkergasse,27,347326
2026-02-03T02:58:41.320596,Plunkergasse,27,347116
2026-02-03T02:58:41.320596,Plunkergasse,27,347980
2026-02-03T02:58:41.320596,Plunkergasse,27,347914
2026-02-03T02:58:41.320596,Plunkergasse,27,347904
2026-02-03T02:58:41.320596,Plunkergasse,27,347789
2026-02-03T02:58:41.320596,Plunkergasse,27,347695
2026-02-03T02:58:41.320596,Plunkergasse,27,347560
2026-02-03T02:58:41.320596,Plunkergasse,27,347540
2026-02-03T02:58:41.320596,Plunkergasse,27,348407
2026-02-03T02:58:41.320596,Plunkergasse,27,348375
2026-02-03T02:58:41.320596,Plunkergasse,27,348311
2026-02-03T02:58:41.320596,Plunkergasse,27,348882
2026-02-03T02:58:41.320596,Selzergasse,26,345354
2026-02-03T02:58:41.320596,Selzergasse,26,345217
2026-02-03T02:58:41.320596,Selzergasse,26,345111
2026-02-03T02:58:41.320596,Selzergasse,26,345075
2026-02-03T02:58:41.320596,Selzergasse,26,345785
2026-02-03T02:58:41.320596,Selzergasse,26,345703
2026-02-03T02:58:41.320596,Selzergasse,26,345581
2026-02-03T02:58:41.320596,Selzergasse,26,346489
2026-02-03T02:58:41.320596,Selzergasse,26,346442
2026-02-03T02:58:41.320596,Selzergasse,26,346435
2026-02-03T02:58:41.320596,Selzergasse,26,346223
2026-02-03T02:58:41.320596,Selzergasse,26,346157
2026-02-03T02:58:41.320596,Selzergasse,26,346099
2026-02-03T02:58:41.320596,Selzergasse,26,346006
2026-02-03T02:58:41.320596,Selzergasse,26,346676
2026-02-03T02:58:41.320596,Selzergasse,26,346583
2026-02-03T02:58:41.320596,Selzergasse,26,346564
2026-02-03T02:58:41.320596,Selzergasse,26,347459
2026-02-03T02:58:41.320596,Selzergasse,26,347363
2026-02-03T02:58:41.320596,Selzergasse,26,347344
2026-02-03T02:58:41.320596,Selzergasse,26,347327
2026-02-03T02:58:41.320596,Selzergasse,26,347035
2026-02-03T02:58:41.320596,Selzergasse,26,347860
2026-02-03T02:58:41.320596,Selzergasse,26,347763
2026-02-03T02:58:41.320596,Selzergasse,26,348079
2026-02-03T02:58:41.320596,Selzergasse,26,348009
2026-02-03T02:58:41.320596,Westbahnhof S U / Felberstraße,35,345440
2026-02-03T02:58:41.320596,Westbahnhof S U / Felberstraße,35,345395
2026-02-03T02:58:41.320596,Westbahnhof S U / Felberstraße,35,345305
2026-02-03T02:58:41.320596,Westbahnhof S U / Felberstraße,35,345241
2026-02-03T02:58:41.320596,Westbahnhof S U / Felberstraße,35,345153
2026-02-03T02:58:41.320596,Westbahnhof S U / Felberstraße,35,345100
2026-02-03T02:58:41.320596,Westbahnhof S U / Felberstraße,35,345067
2026-02-03T02:58:41.320596,Westbahnhof S U / Felberstraße,35,345999
2026-02-03T02:58:41.320596,Westbahnhof S U / Felberstraße,35,345880
2026-02-03T02:58:41.320596,Westbahnhof S U / Felberstraße,35,345806
2026-02-03T02:58:41.320596,Westbahnhof S U / Felberstraße,35,345731
2026-02-03T02:58:41.320596,Westbahnhof S U / Felberstraße,35,345540
2026-02-03T02:58:41.320596,Westbahnhof S U / Felberstraße,35,345537
2026-02-03T02:58:41.320596,Westbahnhof S U / Felberstraße,35,346441
2026-02-03T02:58:41.320596,Westbahnhof S U / Felberstraße,35,346312
2026-02-03T02:58:41.320596,Westbahnhof S U / Felberstraße,35,346283
2026-02-03T02:58:41.320596,Westbahnhof S U / Felberstraße,35,346160
2026-02-03T02:58:41.320596,Westbahnhof S U / Felberstraße,35,346145
2026-02-03T02:58:41.320596,Westbahnhof S U / Felberstraße,35,346947
2026-02-03T02:58:41.320596,Westbahnhof S U / Felberstraße,35,346895
2026-02-03T02:58:41.320596,Westbahnhof S U / Felberstraße,35,346568
2026-02-03T02:58:41.320596,Westbahnhof S U / Felberstraße,35,347491
2026-02-03T02:58:41.320596,Westbahnhof S U / Felberstraße,35,347349
2026-02-03T02:58:41.320596,Westbahnhof S U / Felberstraße,35,347683
2026-02-03T02:58:41.320596,Westbahnhof S U / Felberstraße,35,347634
2026-02-03T02:58:41.320596,Westbahnhof S U / Felberstraße,35,347581
2026-02-03T02:58:41.320596,Westbahnhof S U / Felberstraße,35,348437
2026-02-03T02:58:41.320596,Westbahnhof S U / Felberstraße,35,348352
2026-02-03T02:58:41.320596,Westbahnhof S U / Felberstraße,35,348351
2026-02-03T02:58:41.320596,Westbahnhof S U / Felberstraße,35,348332
2026-02-03T02:58:41.320596,Westbahnhof S U / Felberstraße,35,348320
2026-02-03T02:58:41.320596,Westbahnhof S U / Felberstraße,35,348317
2026-02-03T02:58:41.320596,Westbahnhof S U / Felberstraße,35,348165
2026-02-03T02:58:41.320596,Westbahnhof S U / Felberstraße,35,348133
2026-02-03T02:58:41.320596,Westbahnhof S U / Felberstraße,35,348649
2026-02-03T02:58:41.320596,Kundratstraße,4,346843
2026-02-03T02:58:41.320596,Kundratstraße,4,347628
2026-02-03T02:58:41.320596,Kundratstraße,4,349110
2026-02-03T02:58:41.320596,Kundratstraße,4,348842
2026-02-03T02:58:41.320596,Arthaberplatz,24,345452
2026-02-03T02:58:41.320596,Arthaberplatz,24,345438
2026-02-03T02:58:41.320596,Arthaberplatz,24,345378
2026-02-03T02:58:41.320596,Arthaberplatz,24,345274
2026-02-03T02:58:41.320596,Arthaberplatz,24,345137
2026-02-03T02:58:41.320596,Arthaberplatz,24,345904
2026-02-03T02:58:41.320596,Arthaberplatz,24,345823
2026-02-03T02:58:41.320596,Arthaberplatz,24,345811
2026-02-03T02:58:41.320596,Arthaberplatz,24,345512
2026-02-03T02:58:41.320596,Arthaberplatz,24,346450
2026-02-03T02:58:41.320596,Arthaberplatz,24,346274
2026-02-03T02:58:41.320596,Arthaberplatz,24,346258
2026-02-03T02:58:41.320596,Arthaberplatz,24,346757
2026-02-03T02:58:41.320596,Arthaberplatz,24,347397
2026-02-03T02:58:41.320596,Arthaberplatz,24,347389
2026-02-03T02:58:41.320596,Arthaberplatz,24,347386
2026-02-03T02:58:41.320596,Arthaberplatz,24,347227
2026-02-03T02:58:41.320596,Arthaberplatz,24,347021
2026-02-03T02:58:41.320596,Arthaberplatz,24,347002
2026-02-03T02:58:41.320596,Arthaberplatz,24,347893
2026-02-03T02:58:41.320596,Arthaberplatz,24,347567
2026-02-03T02:58:41.320596,Arthaberplatz,24,348683
2026-02-03T02:58:41.320596,Arthaberplatz,24,398826
2026-02-03T02:58:41.320596,Arthaberplatz,24,398791
2026-02-03T02:58:41.320596,Karmeliterplatz,11,345135
2026-02-03T02:58:41.320596,Karmeliterplatz,11,346305
2026-02-03T02:58:41.320596,Karmeliterplatz,11,346215
2026-02-03T02:58:41.320596,Karmeliterplatz,11,346047
2026-02-03T02:58:41.320596,Karmeliterplatz,11,346018
2026-02-03T02:58:41.320596,Karmeliterplatz,11,347403
2026-02-03T02:58:41.320596,Karmeliterplatz,11,347926
2026-02-03T02:58:41.320596,Karmeliterplatz,11,347550
2026-02-03T02:58:41.320596,Karmeliterplatz,11,348224
2026-02-03T02:58:41.320596,Karmeliterplatz,11,349161
2026-02-03T02:58:41.320596,Karmeliterplatz,11,349137
2026-02-03T02:58:41.320596,Fröbelgasse,31,345461
2026-02-03T02:58:41.320596,Fröbelgasse,31,345423
2026-02-03T02:58:41.320596,Fröbelgasse,31,345077
2026-02-03T02:58:41.320596,Fröbelgasse,31,345957
2026-02-03T02:58:41.320596,Fröbelgasse,31,345789
2026-02-03T02:58:41.320596,Fröbelgasse,31,345763
2026-02-03T02:58:41.320596,Fröbelgasse,31,346479
2026-02-03T02:58:41.320596,Fröbelgasse,31,346422
2026-02-03T02:58:41.320596,Fröbelgasse,31,346403
2026-02-03T02:58:41.320596,Fröbelgasse,31,346356
2026-02-03T02:58:41.320596,Fröbelgasse,31,346097
2026-02-03T02:58:41.320596,Fröbelgasse,31,346062
2026-02-03T02:58:41.320596,Fröbelgasse,31,346849
2026-02-03T02:58:41.320596,Fröbelgasse,31,346706
2026-02-03T02:58:41.320596,Fröbelgasse,31,346636
2026-02-03T02:58:41.320596,Fröbelgasse,31,346554
2026-02-03T02:58:41.320596,Fröbelgasse,31,347448
2026-02-03T02:58:41.320596,Fröbelgasse,31,347342
2026-02-03T02:58:41.320596,Fröbelgasse,31,347172
2026-02-03T02:58:41.320596,Fröbelgasse,31,347032
2026-02-03T02:58:41.320596,Fröbelgasse,31,347989
2026-02-03T02:58:41.320596,Fröbelgasse,31,347951
2026-02-03T02:58:41.320596,Fröbelgasse,31,347859
2026-02-03T02:58:41.320596,Fröbelgasse,31,347797
2026-02-03T02:58:41.320596,Fröbelgasse,31,347730
2026-02-03T02:58:41.320596,Fröbelgasse,31,348462
2026-02-03T02:58:41.320596,Fröbelgasse,31,348364
2026-02-03T02:58:41.320596,Fröbelgasse,31,348336
2026-02-03T02:58:41.320596,Fröbelgasse,31,348647
2026-02-03T02:58:41.320596,Fröbelgasse,31,348515
2026-02-03T02:58:41.320596,Fröbelgasse,31,398845
2026-02-03T02:58:41.320596,Reumannplatz U,13,345169
2026-02-03T02:58:41.320596,Reumannplatz U,13,345992
2026-02-03T02:58:41.320596,Reumannplatz U,13,345873
2026-02-03T02:58:41.320596,Reumannplatz U,13,345629
2026-02-03T02:58:41.320596,Reumannplatz U,13,347181
2026-02-03T02:58:41.320596,Reumannplatz U,13,347979
2026-02-03T02:58:41.320596,Reumannplatz U,13,347887
2026-02-03T02:58:41.320596,Reumannplatz U,13,347698
2026-02-03T02:58:41.320596,Reumannplatz U,13,348445
2026-02-03T02:58:41.320596,Reumannplatz U,13,348328
2026-02-03T02:58:41.320596,Reumannplatz U,13,348129
2026-02-03T02:58:41.320596,Reumannplatz U,13,348620
2026-02-03T02:58:41.320596,Reumannplatz U,13,348584
2026-02-03T02:58:41.320596,Brestelgasse,18,345480
2026-02-03T02:58:41.320596,Brestelgasse,18,345072
2026-02-03T02:58:41.320596,Brestelgasse,18,345842
2026-02-03T02:58:41.320596,Brestelgasse,18,345592
2026-02-03T02:58:41.320596,Brestelgasse,18,346461
2026-02-03T02:58:41.320596,Brestelgasse,18,346979
2026-02-03T02:58:41.320596,Brestelgasse,18,346962
2026-02-03T02:58:41.320596,Brestelgasse,18,346736
2026-02-03T02:58:41.320596,Brestelgasse,18,346576
2026-02-03T02:58:41.320596,Brestelgasse,18,346561
2026-02-03T02:58:41.320596,Brestelgasse,18,347235
2026-02-03T02:58:41.320596,Brestelgasse,18,347917
2026-02-03T02:58:41.320596,Brestelgasse,18,347863
2026-02-03T02:58:41.320596,Brestelgasse,18,347618
2026-02-03T02:58:41.320596,Brestelgasse,18,348227
2026-02-03T02:58:41.320596,Brestelgasse,18,348203
2026-02-03T02:58:41.320596,Brestelgasse,18,348548
2026-02-03T02:58:41.320596,Brestelgasse,18,349096
2026-02-03T02:58:41.320596,Thaliastraße U,26,345357
2026-02-03T02:58:41.320596,Thaliastraße U,26,345311
2026-02-03T02:58:41.320596,Thaliastraße U,26,345132
2026-02-03T02:58:41.320596,Thaliastraße U,26,345097
2026-02-03T02:58:41.320596,Thaliastraße U,26,346966
2026-02-03T02:58:41.320596,Thaliastraße U,26,346897
2026-02-03T02:58:41.320596,Thaliastraße U,26,346773
2026-02-03T02:58:41.320596,Thaliastraße U,26,346759
2026-02-03T02:58:41.320596,Thaliastraße U,26,346586
2026-02-03T02:58:41.320596,Thaliastraße U,26,347447
2026-02-03T02:58:41.320596,Thaliastraße U,26,347351
2026-02-03T02:58:41.320596,Thaliastraße U,26,347125
2026-02-03T02:58:41.320596,Thaliastraße U,26,347082
2026-02-03T02:58:41.320596,Thaliastraße U,26,347056
2026-02-03T02:58:41.320596,Thaliastraße U,26,347973
2026-02-03T02:58:41.320596,Thaliastraße U,26,347932
2026-02-03T02:58:41.320596,Thaliastraße U,26,347819
2026-02-03T02:58:41.320596,Thaliastraße U,26,347741
2026-02-03T02:58:41.320596,Thaliastraße U,26,347537
2026-02-03T02:58:41.320596,Thaliastraße U,26,348442
2026-02-03T02:58:41.320596,Thaliastraße U,26,348318
2026-02-03T02:58:41.320596,Thaliastraße U,26,348282
2026-02-03T02:58:41.320596,Thaliastraße U,26,348141
2026-02-03T02:58:41.320596,Thaliastraße U,26,348667
2026-02-03T02:58:41.320596,Thaliastraße U,26,348869
2026-02-03T02:58:41.320596,Thaliastraße U,26,348807
2026-02-03T02:58:41.320596,Nussdorfer Straße U,3,345604
2026-02-03T02:58:41.320596,Nussdorfer Straße U,3,346167
2026-02-03T02:58:41.320596,Nussdorfer Straße U,3,347656
2026-02-03T02:58:41.320596,Elterleinplatz,12,345490
2026-02-03T02:58:41.320596,Elterleinplatz,12,346280
2026-02-03T02:58:41.320596,Elterleinplatz,12,346187
2026-02-03T02:58:41.320596,Elterleinplatz,12,346060
2026-02-03T02:58:41.320596,Elterleinplatz,12,346045
2026-02-03T02:58:41.320596,Elterleinplatz,12,346911
2026-02-03T02:58:41.320596,Elterleinplatz,12,347427
2026-02-03T02:58:41.320596,Elterleinplatz,12,347599
2026-02-03T02:58:41.320596,Elterleinplatz,12,348417
2026-02-03T02:58:41.320596,Elterleinplatz,12,398744
2026-02-03T02:58:41.320596,Elterleinplatz,12,348859
2026-02-03T02:58:41.320596,Elterleinplatz,12,349166
2026-02-03T02:58:41.320596,Canisiusgasse,10,345389
2026-02-03T02:58:41.320596,Canisiusgasse,10,346498
2026-02-03T02:58:41.320596,Canisiusgasse,10,346330
2026-02-03T02:58:41.320596,Canisiusgasse,10,346046
2026-02-03T02:58:41.320596,Canisiusgasse,10,346899
2026-02-03T02:58:41.320596,Canisiusgasse,10,346627
2026-02-03T02:58:41.320596,Canisiusgasse,10,347169
2026-02-03T02:58:41.320596,Canisiusgasse,10,347132
2026-02-03T02:58:41.320596,Canisiusgasse,10,348383
2026-02-03T02:58:41.320596,Canisiusgasse,10,348630
2026-02-03T02:58:41.320596,Meidling S U / Schedifkaplatz,15,345458
2026-02-03T02:58:41.320596,Meidling S U / Schedifkaplatz,15,345312
2026-02-03T02:58:41.320596,Meidling S U / Schedifkaplatz,15,345273
2026-02-03T02:58:41.320596,Meidling S U / Schedifkaplatz,15,346411
2026-02-03T02:58:41.320596,Meidling S U / Schedifkaplatz,15,346328
2026-02-03T02:58:41.320596,Meidling S U / Schedifkaplatz,15,346818
2026-02-03T02:58:41.320596,Meidling S U / Schedifkaplatz,15,346538
2026-02-03T02:58:41.320596,Meidling S U / Schedifkaplatz,15,347206
2026-02-03T02:58:41.320596,Meidling S U / Schedifkaplatz,15,347149
2026-02-03T02:58:41.320596,Meidling S U / Schedifkaplatz,15,347689
2026-02-03T02:58:41.320596,Meidling S U / Schedifkaplatz,15,348471
2026-02-03T02:58:41.320596,Meidling S U / Schedifkaplatz,15,348335
2026-02-03T02:58:41.320596,Meidling S U / Schedifkaplatz,15,398857
2026-02-03T02:58:41.320596,Meidling S U / Schedifkaplatz,15,349032
2026-02-03T02:58:41.320596,Meidling S U / Schedifkaplatz,15,349183
2026-02-03T02:58:41.320596,Palffygasse,24,345469
2026-02-03T02:58:41.320596,Palffygasse,24,345419
2026-02-03T02:58:41.320596,Palffygasse,24,345090
2026-02-03T02:58:41.320596,Palffygasse,24,345013
2026-02-03T02:58:41.320596,Palffygasse,24,345922
2026-02-03T02:58:41.320596,Palffygasse,24,345841
2026-02-03T02:58:41.320596,Palffygasse,24,345814
2026-02-03T02:58:41.320596,Palffygasse,24,345615
2026-02-03T02:58:41.320596,Palffygasse,24,346041
2026-02-03T02:58:41.320596,Palffygasse,24,346008
2026-02-03T02:58:41.320596,Palffygasse,24,346601
2026-02-03T02:58:41.320596,Palffygasse,24,346520
2026-02-03T02:58:41.320596,Palffygasse,24,347966
2026-02-03T02:58:41.320596,Palffygasse,24,347856
2026-02-03T02:58:41.320596,Palffygasse,24,347754
2026-02-03T02:58:41.320596,Palffygasse,24,347735
2026-02-03T02:58:41.320596,Palffygasse,24,348488
2026-02-03T02:58:41.320596,Palffygasse,24,348338
2026-02-03T02:58:41.320596,Palffygasse,24,348297
2026-02-03T02:58:41.320596,Palffygasse,24,348285
2026-02-03T02:58:41.320596,Palffygasse,24,348239
2026-02-03T02:58:41.320596,Palffygasse,24,348712
2026-02-03T02:58:41.320596,Palffygasse,24,348552
2026-02-03T02:58:41.320596,Palffygasse,24,398770
2026-02-03T02:58:41.320596,Gersthof S,6,345203
2026-02-03T02:58:41.320596,Gersthof S,6,345968
2026-02-03T02:58:41.320596,Gersthof S,6,347087
2026-02-03T02:58:41.320596,Gersthof S,6,348104
2026-02-03T02:58:41.320596,Gersthof S,6,348855
2026-02-03T02:58:41.320596,Gersthof S,6,349143
2026-02-03T02:58:41.320596,Reinprechtsdorfer Brücke,20,345476
2026-02-03T02:58:41.320596,Reinprechtsdorfer Brücke,20,345179
2026-02-03T02:58:41.320596,Reinprechtsdorfer Brücke,20,345085
2026-02-03T02:58:41.320596,Reinprechtsdorfer Brücke,20,345624
2026-02-03T02:58:41.320596,Reinprechtsdorfer Brücke,20,345545
2026-02-03T02:58:41.320596,Reinprechtsdorfer Brücke,20,346953
2026-02-03T02:58:41.320596,Reinprechtsdorfer Brücke,20,346915
2026-02-03T02:58:41.320596,Reinprechtsdorfer Brücke,20,346743
2026-02-03T02:58:41.320596,Reinprechtsdorfer Brücke,20,347354
2026-02-03T02:58:41.320596,Reinprechtsdorfer Brücke,20,347266
2026-02-03T02:58:41.320596,Reinprechtsdorfer Brücke,20,347106
2026-02-03T02:58:41.320596,Reinprechtsdorfer Brücke,20,347014
2026-02-03T02:58:41.320596,Reinprechtsdorfer Brücke,20,347706
2026-02-03T02:58:41.320596,Reinprechtsdorfer Brücke,20,347684
2026-02-03T02:58:41.320596,Reinprechtsdorfer Brücke,20,347666
2026-02-03T02:58:41.320596,Reinprechtsdorfer Brücke,20,348228
2026-02-03T02:58:41.320596,Reinprechtsdorfer Brücke,20,348041
2026-02-03T02:58:41.320596,Reinprechtsdorfer Brücke,20,348018
2026-02-03T02:58:41.320596,Reinprechtsdorfer Brücke,20,348008
2026-02-03T02:58:41.320596,Reinprechtsdorfer Brücke,20,348517
2026-02-03T02:58:41.320596,Siebensterngasse,7,345388
2026-02-03T02:58:41.320596,Siebensterngasse,7,345252
2026-02-03T02:58:41.320596,Siebensterngasse,7,347974
2026-02-03T02:58:41.320596,Siebensterngasse,7,347664
2026-02-03T02:58:41.320596,Siebensterngasse,7,349073
2026-02-03T02:58:41.320596,Siebensterngasse,7,348837
2026-02-03T02:58:41.320596,Siebensterngasse,7,349158
2026-02-03T02:58:41.320596,Siebenbrunnenplatz,4,345249
2026-02-03T02:58:41.320596,Siebenbrunnenplatz,4,345116
2026-02-03T02:58:41.320596,Siebenbrunnenplatz,4,345653
2026-02-03T02:58:41.320596,Siebenbrunnenplatz,4,348522
2026-02-03T02:58:41.320596,Rosensteingasse / Blumengasse,32,345428
2026-02-03T02:58:41.320596,Rosensteingasse / Blumengasse,32,345353
2026-02-03T02:58:41.320596,Rosensteingasse / Blumengasse,32,345310
2026-02-03T02:58:41.320596,Rosensteingasse / Blumengasse,32,345303
2026-02-03T02:58:41.320596,Rosensteingasse / Blumengasse,32,345290
2026-02-03T02:58:41.320596,Rosensteingasse / Blumengasse,32,345266
2026-02-03T02:58:41.320596,Rosensteingasse / Blumengasse,32,345956
2026-02-03T02:58:41.320596,Rosensteingasse / Blumengasse,32,345878
2026-02-03T02:58:41.320596,Rosensteingasse / Blumengasse,32,345695
2026-02-03T02:58:41.320596,Rosensteingasse / Blumengasse,32,345525
2026-02-03T02:58:41.320596,Rosensteingasse / Blumengasse,32,346269
2026-02-03T02:58:41.320596,Rosensteingasse / Blumengasse,32,346198
2026-02-03T02:58:41.320596,Rosensteingasse / Blumengasse,32,346111
2026-02-03T02:58:41.320596,Rosensteingasse / Blumengasse,32,346020
2026-02-03T02:58:41.320596,Rosensteingasse / Blumengasse,32,346994
2026-02-03T02:58:41.320596,Rosensteingasse / Blumengasse,32,346867
2026-02-03T02:58:41.320596,Rosensteingasse / Blumengasse,32,346851
2026-02-03T02:58:41.320596,Rosensteingasse / Blumengasse,32,346845
2026-02-03T02:58:41.320596,Rosensteingasse / Blumengasse,32,346653
2026-02-03T02:58:41.320596,Rosensteingasse / Blumengasse,32,347224
2026-02-03T02:58:41.320596,Rosensteingasse / Blumengasse,32,347222
2026-02-03T02:58:41.320596,Rosensteingasse / Blumengasse,32,347189
2026-02-03T02:58:41.320596,Rosensteingasse / Blumengasse,32,347157
2026-02-03T02:58:41.320596,Rosensteingasse / Blumengasse,32,347107
2026-02-03T02:58:41.320596,Rosensteingasse / Blumengasse,32,347972
2026-02-03T02:58:41.320596,Rosensteingasse / Blumengasse,32,348370
2026-02-03T02:58:41.320596,Rosensteingasse / Blumengasse,32,348324
2026-02-03T02:58:41.320596,Rosensteingasse / Blumengasse,32,348289
2026-02-03T02:58:41.320596,Rosensteingasse / Blumengasse,32,348190
2026-02-03T02:58:41.320596,Rosensteingasse / Blumengasse,32,348158
2026-02-03T02:58:41.320596,Rosensteingasse / Blumengasse,32,348056
2026-02-03T02:58:41.320596,Rosensteingasse / Blumengasse,32,398746
2026-02-03T02:58:41.320596,Schottenring U /Herminengasse,13,345368
2026-02-03T02:58:41.320596,Schottenring U /Herminengasse,13,345284
2026-02-03T02:58:41.320596,Schottenring U /Herminengasse,13,346705
2026-02-03T02:58:41.320596,Schottenring U /Herminengasse,13,347671
2026-02-03T02:58:41.320596,Schottenring U /Herminengasse,13,347622
2026-02-03T02:58:41.320596,Schottenring U /Herminengasse,13,347528
2026-02-03T02:58:41.320596,Schottenring U /Herminengasse,13,348222
2026-02-03T02:58:41.320596,Schottenring U /Herminengasse,13,348114
2026-02-03T02:58:41.320596,Schottenring U /Herminengasse,13,348094
2026-02-03T02:58:41.320596,Schottenring U /Herminengasse,13,348072
2026-02-03T02:58:41.320596,Schottenring U /Herminengasse,13,348029
2026-02-03T02:58:41.320596,Schottenring U /Herminengasse,13,398807
2026-02-03T02:58:41.320596,Schottenring U /Herminengasse,13,398727
2026-02-03T02:58:41.320596,Josefstädter Straße U,30,345253
2026-02-03T02:58:41.320596,Josefstädter Straße U,30,345226
2026-02-03T02:58:41.320596,Josefstädter Straße U,30,345664
2026-02-03T02:58:41.320596,Josefstädter Straße U,30,345647
2026-02-03T02:58:41.320596,Josefstädter Straße U,30,345595
2026-02-03T02:58:41.320596,Josefstädter Straße U,30,345562
2026-02-03T02:58:41.320596,Josefstädter Straße U,30,346245
2026-02-03T02:58:41.320596,Josefstädter Straße U,30,346149
2026-02-03T02:58:41.320596,Josefstädter Straße U,30,346880
2026-02-03T02:58:41.320596,Josefstädter Straße U,30,346877
2026-02-03T02:58:41.320596,Josefstädter Straße U,30,346783
2026-02-03T02:58:41.320596,Josefstädter Straße U,30,346686
2026-02-03T02:58:41.320596,Josefstädter Straße U,30,346560
2026-02-03T02:58:41.320596,Josefstädter Straße U,30,347424
2026-02-03T02:58:41.320596,Josefstädter Straße U,30,347371
2026-02-03T02:58:41.320596,Josefstädter Straße U,30,347922
2026-02-03T02:58:41.320596,Josefstädter Straße U,30,347784
2026-02-03T02:58:41.320596,Josefstädter Straße U,30,347768
2026-02-03T02:58:41.320596,Josefstädter Straße U,30,348470
2026-02-03T02:58:41.320596,Josefstädter Straße U,30,348432
2026-02-03T02:58:41.320596,Josefstädter Straße U,30,348179
2026-02-03T02:58:41.320596,Josefstädter Straße U,30,348713
2026-02-03T02:58:41.320596,Josefstädter Straße U,30,348545
2026-02-03T02:58:41.320596,Josefstädter Straße U,30,398818
2026-02-03T02:58:41.320596,Josefstädter Straße U,30,398801
2026-02-03T02:58:41.320596,Josefstädter Straße U,30,349063
2026-02-03T02:58:41.320596,Josefstädter Straße U,30,348964
2026-02-03T02:58:41.320596,Josefstädter Straße U,30,348903
2026-02-03T02:58:41.320596,Josefstädter Straße U,30,348812
2026-02-03T02:58:41.320596,Josefstädter Straße U,30,349120
2026-02-03T02:58:41.320596,Friedrich-Engels-Platz,4,347441
2026-02-03T02:58:41.320596,Friedrich-Engels-Platz,4,347955
2026-02-03T02:58:41.320596,Friedrich-Engels-Platz,4,347760
2026-02-03T02:58:41.320596,Friedrich-Engels-Platz,4,348298
2026-02-03T02:58:41.320596,Dresdner Straße U,9,346664
2026-02-03T02:58:41.320596,Dresdner Straße U,9,347452
2026-02-03T02:58:41.320596,Dresdner Straße U,9,347429
2026-02-03T02:58:41.320596,Dresdner Straße U,9,347930
2026-02-03T02:58:41.320596,Dresdner Straße U,9,348463
2026-02-03T02:58:41.320596,Dresdner Straße U,9,348123
2026-02-03T02:58:41.320596,Dresdner Straße U,9,348928
2026-02-03T02:58:41.320596,Dresdner Straße U,9,349163
2026-02-03T02:58:41.320596,Dresdner Straße U,9,349146
2026-02-03T02:58:41.320596,Jägerstraße U,24,345355
2026-02-03T02:58:41.320596,Jägerstraße U,24,345205
2026-02-03T02:58:41.320596,Jägerstraße U,24,345996
2026-02-03T02:58:41.320596,Jägerstraße U,24,345864
2026-02-03T02:58:41.320596,Jägerstraße U,24,345658
2026-02-03T02:58:41.320596,Jägerstraße U,24,346113
2026-02-03T02:58:41.320596,Jägerstraße U,24,346074
2026-02-03T02:58:41.320596,Jägerstraße U,24,346840
2026-02-03T02:58:41.320596,Jägerstraße U,24,346812
2026-02-03T02:58:41.320596,Jägerstraße U,24,346805
2026-02-03T02:58:41.320596,Jägerstraße U,24,347340
2026-02-03T02:58:41.320596,Jägerstraße U,24,347270
2026-02-03T02:58:41.320596,Jägerstraße U,24,347045
2026-02-03T02:58:41.320596,Jägerstraße U,24,347696
2026-02-03T02:58:41.320596,Jägerstraße U,24,348475
2026-02-03T02:58:41.320596,Jägerstraße U,24,348421
2026-02-03T02:58:41.320596,Jägerstraße U,24,348275
2026-02-03T02:58:41.320596,Jägerstraße U,24,348272
2026-02-03T02:58:41.320596,Jägerstraße U,24,348052
2026-02-03T02:58:41.320596,Jägerstraße U,24,348614
2026-02-03T02:58:41.320596,Jägerstraße U,24,348598
2026-02-03T02:58:41.320596,Jägerstraße U,24,348575
2026-02-03T02:58:41.320596,Jägerstraße U,24,348560
2026-02-03T02:58:41.320596,Jägerstraße U,24,348523
2026-02-03T02:58:41.320596,Traisengasse S,3,345479
2026-02-03T02:58:41.320596,Traisengasse S,3,345971
2026-02-03T02:58:41.320596,Traisengasse S,3,347043
2026-02-03T02:58:41.320596,Kettenbrückengasse U / Naschmarkt,11,345755
2026-02-03T02:58:41.320596,Kettenbrückengasse U / Naschmarkt,11,345723
2026-02-03T02:58:41.320596,Kettenbrückengasse U / Naschmarkt,11,346080
2026-02-03T02:58:41.320596,Kettenbrückengasse U / Naschmarkt,11,347479
2026-02-03T02:58:41.320596,Kettenbrückengasse U / Naschmarkt,11,347368
2026-02-03T02:58:41.320596,Kettenbrückengasse U / Naschmarkt,11,347215
2026-02-03T02:58:41.320596,Kettenbrückengasse U / Naschmarkt,11,347191
2026-02-03T02:58:41.320596,Kettenbrückengasse U / Naschmarkt,11,347150
2026-02-03T02:58:41.320596,Kettenbrückengasse U / Naschmarkt,11,347800
2026-02-03T02:58:41.320596,Kettenbrückengasse U / Naschmarkt,11,348493
2026-02-03T02:58:41.320596,Kettenbrückengasse U / Naschmarkt,11,348271
2026-02-03T02:58:41.320596,Aumannplatz,13,345114
2026-02-03T02:58:41.320596,Aumannplatz,13,345828
2026-02-03T02:58:41.320596,Aumannplatz,13,345769
2026-02-03T02:58:41.320596,Aumannplatz,13,346879
2026-02-03T02:58:41.320596,Aumannplatz,13,346850
2026-02-03T02:58:41.320596,Aumannplatz,13,347117
2026-02-03T02:58:41.320596,Aumannplatz,13,347667
2026-02-03T02:58:41.320596,Aumannplatz,13,347548
2026-02-03T02:58:41.320596,Aumannplatz,13,348140
2026-02-03T02:58:41.320596,Aumannplatz,13,348042
2026-02-03T02:58:41.320596,Aumannplatz,13,348622
2026-02-03T02:58:41.320596,Aumannplatz,13,398815
2026-02-03T02:58:41.320596,Aumannplatz,13,348905
2026-02-03T02:58:41.320596,Längenfeldgasse U,24,345032
2026-02-03T02:58:41.320596,Längenfeldgasse U,24,345985
2026-02-03T02:58:41.320596,Längenfeldgasse U,24,345946
2026-02-03T02:58:41.320596,Längenfeldgasse U,24,345706
2026-02-03T02:58:41.320596,Längenfeldgasse U,24,345502
2026-02-03T02:58:41.320596,Längenfeldgasse U,24,346473
2026-02-03T02:58:41.320596,Längenfeldgasse U,24,346082
2026-02-03T02:58:41.320596,Längenfeldgasse U,24,346902
2026-02-03T02:58:41.320596,Längenfeldgasse U,24,346523
2026-02-03T02:58:41.320596,Längenfeldgasse U,24,347279
2026-02-03T02:58:41.320596,Längenfeldgasse U,24,347234
2026-02-03T02:58:41.320596,Längenfeldgasse U,24,347175
2026-02-03T02:58:41.320596,Längenfeldgasse U,24,347810
2026-02-03T02:58:41.320596,Längenfeldgasse U,24,347794
2026-02-03T02:58:41.320596,Längenfeldgasse U,24,347783
2026-02-03T02:58:41.320596,Längenfeldgasse U,24,347700
2026-02-03T02:58:41.320596,Längenfeldgasse U,24,347588
2026-02-03T02:58:41.320596,Längenfeldgasse U,24,347552
2026-02-03T02:58:41.320596,Längenfeldgasse U,24,348466
2026-02-03T02:58:41.320596,Längenfeldgasse U,24,348555
2026-02-03T02:58:41.320596,Längenfeldgasse U,24,398794
2026-02-03T02:58:41.320596,Längenfeldgasse U,24,349109
2026-02-03T02:58:41.320596,Längenfeldgasse U,24,348973
2026-02-03T02:58:41.320596,Längenfeldgasse U,24,349131
2026-02-03T02:58:41.320596,Althanstraße,16,345457
2026-02-03T02:58:41.320596,Althanstraße,16,345381
2026-02-03T02:58:41.320596,Althanstraße,16,346326
2026-02-03T02:58:41.320596,Althanstraße,16,346299
2026-02-03T02:58:41.320596,Althanstraße,16,346051
2026-02-03T02:58:41.320596,Althanstraße,16,346767
2026-02-03T02:58:41.320596,Althanstraße,16,346557
2026-02-03T02:58:41.320596,Althanstraße,16,346549
2026-02-03T02:58:41.320596,Althanstraße,16,347192
2026-02-03T02:58:41.320596,Althanstraße,16,347067
2026-02-03T02:58:41.320596,Althanstraße,16,347049
2026-02-03T02:58:41.320596,Althanstraße,16,347907
2026-02-03T02:58:41.320596,Althanstraße,16,347870
2026-02-03T02:58:41.320596,Althanstraße,16,347601
2026-02-03T02:58:41.320596,Althanstraße,16,348682
2026-02-03T02:58:41.320596,Althanstraße,16,398783
2026-02-03T02:58:41.320596,Schottentor U,11,345225
2026-02-03T02:58:41.320596,Schottentor U,11,345218
2026-02-03T02:58:41.320596,Schottentor U,11,345897
2026-02-03T02:58:41.320596,Schottentor U,11,346402
2026-02-03T02:58:41.320596,Schottentor U,11,346175
2026-02-03T02:58:41.320596,Schottentor U,11,346083
2026-02-03T02:58:41.320596,Schottentor U,11,347236
2026-02-03T02:58:41.320596,Schottentor U,11,347956
2026-02-03T02:58:41.320596,Schottentor U,11,347699
2026-02-03T02:58:41.320596,Schottentor U,11,348160
2026-02-03T02:58:41.320596,Schottentor U,11,348629
2026-02-03T02:58:41.320596,Neubaugasse U,20,345200
2026-02-03T02:58:41.320596,Neubaugasse U,20,345569
2026-02-03T02:58:41.320596,Neubaugasse U,20,346077
2026-02-03T02:58:41.320596,Neubaugasse U,20,346739
2026-02-03T02:58:41.320596,Neubaugasse U,20,347916
2026-02-03T02:58:41.320596,Neubaugasse U,20,347811
2026-02-03T02:58:41.320596,Neubaugasse U,20,348016
2026-02-03T02:58:41.320596,Neubaugasse U,20,349089
2026-02-03T02:58:41.320596,Neubaugasse U,20,349058
2026-02-03T02:58:41.320596,Neubaugasse U,20,349052
2026-02-03T02:58:41.320596,Neubaugasse U,20,349043
2026-02-03T02:58:41.320596,Neubaugasse U,20,349006
2026-02-03T02:58:41.320596,Neubaugasse U,20,349000
2026-02-03T02:58:41.320596,Neubaugasse U,20,348975
2026-02-03T02:58:41.320596,Neubaugasse U,20,348856
2026-02-03T02:58:41.320596,Neubaugasse U,20,348815
2026-02-03T02:58:41.320596,Neubaugasse U,20,349151
2026-02-03T02:58:41.320596,Neubaugasse U,20,349119
2026-02-03T02:58:41.320596,Neubaugasse U,20,349118
2026-02-03T02:58:41.320596,Neubaugasse U,20,398871
2026-02-03T02:58:41.320596,Museumsquartier U,13,345322
2026-02-03T02:58:41.320596,Museumsquartier U,13,345010
2026-02-03T02:58:41.320596,Museumsquartier U,13,345995
2026-02-03T02:58:41.320596,Museumsquartier U,13,345963
2026-02-03T02:58:41.320596,Museumsquartier U,13,345883
2026-02-03T02:58:41.320596,Museumsquartier U,13,345822
2026-02-03T02:58:41.320596,Museumsquartier U,13,345760
2026-02-03T02:58:41.320596,Museumsquartier U,13,345549
2026-02-03T02:58:41.320596,Museumsquartier U,13,346424
2026-02-03T02:58:41.320596,Museumsquartier U,13,347801
2026-02-03T02:58:41.320596,Museumsquartier U,13,348124
2026-02-03T02:58:41.320596,Museumsquartier U,13,348651
2026-02-03T02:58:41.320596,Museumsquartier U,13,398862
2026-02-03T02:58:41.320596,Johnstrasse U,14,345417
2026-02-03T02:58:41.320596,Johnstrasse U,14,345364
2026-02-03T02:58:41.320596,Johnstrasse U,14,345233
2026-02-03T02:58:41.320596,Johnstrasse U,14,345708
2026-02-03T02:58:41.320596,Johnstrasse U,14,346224
2026-02-03T02:58:41.320596,Johnstrasse U,14,346772
2026-02-03T02:58:41.320596,Johnstrasse U,14,346654
2026-02-03T02:58:41.320596,Johnstrasse U,14,346645
2026-02-03T02:58:41.320596,Johnstrasse U,14,346641
2026-02-03T02:58:41.320596,Johnstrasse U,14,346572
2026-02-03T02:58:41.320596,Johnstrasse U,14,347205
2026-02-03T02:58:41.320596,Johnstrasse U,14,347135
2026-02-03T02:58:41.320596,Johnstrasse U,14,398808
2026-02-03T02:58:41.320596,Johnstrasse U,14,349188
2026-02-03T02:58:41.320596,Turnergasse,15,345143
2026-02-03T02:58:41.320596,Turnergasse,15,345661
2026-02-03T02:58:41.320596,Turnergasse,15,345528
2026-02-03T02:58:41.320596,Turnergasse,15,346469
2026-02-03T02:58:41.320596,Turnergasse,15,346407
2026-02-03T02:58:41.320596,Turnergasse,15,346375
2026-02-03T02:58:41.320596,Turnergasse,15,346251
2026-02-03T02:58:41.320596,Turnergasse,15,346873
2026-02-03T02:58:41.320596,Turnergasse,15,346731
2026-02-03T02:58:41.320596,Turnergasse,15,346673
2026-02-03T02:58:41.320596,Turnergasse,15,346537
2026-02-03T02:58:41.320596,Turnergasse,15,347753
2026-02-03T02:58:41.320596,Turnergasse,15,347501
2026-02-03T02:58:41.320596,Turnergasse,15,348489
2026-02-03T02:58:41.320596,Turnergasse,15,348234
2026-02-03T02:58:41.320596,Kutschkergasse,14,346362
2026-02-03T02:58:41.320596,Kutschkergasse,14,346154
2026-02-03T02:58:41.320596,Kutschkergasse,14,346827
2026-02-03T02:58:41.320596,Kutschkergasse,14,346762
2026-02-03T02:58:41.320596,Kutschkergasse,14,346758
2026-02-03T02:58:41.320596,Kutschkergasse,14,346605
2026-02-03T02:58:41.320596,Kutschkergasse,14,347282
2026-02-03T02:58:41.320596,Kutschkergasse,14,347258
2026-02-03T02:58:41.320596,Kutschkergasse,14,347108
2026-02-03T02:58:41.320596,Kutschkergasse,14,347831
2026-02-03T02:58:41.320596,Kutschkergasse,14,347651
2026-02-03T02:58:41.320596,Kutschkergasse,14,348117
2026-02-03T02:58:41.320596,Kutschkergasse,14,348579
2026-02-03T02:58:41.320596,Kutschkergasse,14,348857
2026-02-03T02:58:41.320596,Stadion U,17,345966
2026-02-03T02:58:41.320596,Stadion U,17,345838
2026-02-03T02:58:41.320596,Stadion U,17,346863
2026-02-03T02:58:41.320596,Stadion U,17,346833
2026-02-03T02:58:41.320596,Stadion U,17,346607
2026-02-03T02:58:41.320596,Stadion U,17,347782
2026-02-03T02:58:41.320596,Stadion U,17,347734
2026-02-03T02:58:41.320596,Stadion U,17,348284
2026-02-03T02:58:41.320596,Stadion U,17,348176
2026-02-03T02:58:41.320596,Stadion U,17,348095
2026-02-03T02:58:41.320596,Stadion U,17,348641
2026-02-03T02:58:41.320596,Stadion U,17,348633
2026-02-03T02:58:41.320596,Stadion U,17,348544
2026-02-03T02:58:41.320596,Stadion U,17,348542
2026-02-03T02:58:41.320596,Stadion U,17,398758
2026-02-03T02:58:41.320596,Stadion U,17,398755
2026-02-03T02:58:41.320596,Stadion U,17,398734
2026-02-03T02:58:41.320596,Brückengasse,14,345324
2026-02-03T02:58:41.320596,Brückengasse,14,345282
2026-02-03T02:58:41.320596,Brückengasse,14,345265
2026-02-03T02:58:41.320596,Brückengasse,14,345727
2026-02-03T02:58:41.320596,Brückengasse,14,346143
2026-02-03T02:58:41.320596,Brückengasse,14,346052
2026-02-03T02:58:41.320596,Brückengasse,14,347430
2026-02-03T02:58:41.320596,Brückengasse,14,347987
2026-02-03T02:58:41.320596,Brückengasse,14,347638
2026-02-03T02:58:41.320596,Brückengasse,14,348292
2026-02-03T02:58:41.320596,Brückengasse,14,398813
2026-02-03T02:58:41.320596,Brückengasse,14,398726
2026-02-03T02:58:41.320596,Brückengasse,14,348991
2026-02-03T02:58:41.320596,Brückengasse,14,349174
2026-02-03T02:58:41.320596,Schuhmeierplatz,21,345447
2026-02-03T02:58:41.320596,Schuhmeierplatz,21,345410
2026-02-03T02:58:41.320596,Schuhmeierplatz,21,345210
2026-02-03T02:58:41.320596,Schuhmeierplatz,21,345197
2026-02-03T02:58:41.320596,Schuhmeierplatz,21,345118
2026-02-03T02:58:41.320596,Schuhmeierplatz,21,345094
2026-02-03T02:58:41.320596,Schuhmeierplatz,21,345831
2026-02-03T02:58:41.320596,Schuhmeierplatz,21,345673
2026-02-03T02:58:41.320596,Schuhmeierplatz,21,346186
2026-02-03T02:58:41.320596,Schuhmeierplatz,21,346958
2026-02-03T02:58:41.320596,Schuhmeierplatz,21,346933
2026-02-03T02:58:41.320596,Schuhmeierplatz,21,346839
2026-02-03T02:58:41.320596,Schuhmeierplatz,21,346776
2026-02-03T02:58:41.320596,Schuhmeierplatz,21,346749
2026-02-03T02:58:41.320596,Schuhmeierplatz,21,346618
2026-02-03T02:58:41.320596,Schuhmeierplatz,21,348414
2026-02-03T02:58:41.320596,Schuhmeierplatz,21,348235
2026-02-03T02:58:41.320596,Schuhmeierplatz,21,348111
2026-02-03T02:58:41.320596,Schuhmeierplatz,21,348106
2026-02-03T02:58:41.320596,Schuhmeierplatz,21,348074
2026-02-03T02:58:41.320596,Schuhmeierplatz,21,349155
2026-02-03T02:58:41.320596,Schönbrunn U,10,345140
2026-02-03T02:58:41.320596,Schönbrunn U,10,346386
2026-02-03T02:58:41.320596,Schönbrunn U,10,346855
2026-02-03T02:58:41.320596,Schönbrunn U,10,346793
2026-02-03T02:58:41.320596,Schönbrunn U,10,346718
2026-02-03T02:58:41.320596,Schönbrunn U,10,347460
2026-02-03T02:58:41.320596,Schönbrunn U,10,347207
2026-02-03T02:58:41.320596,Schönbrunn U,10,347587
2026-02-03T02:58:41.320596,Schönbrunn U,10,348003
2026-02-03T02:58:41.320596,Schönbrunn U,10,348877
2026-02-03T02:58:41.320596,Hermesstraße / Oscar-Straus-Park ,7,346316
2026-02-03T02:58:41.320596,Hermesstraße / Oscar-Straus-Park ,7,346216
2026-02-03T02:58:41.320596,Hermesstraße / Oscar-Straus-Park ,7,346014
2026-02-03T02:58:41.320596,Hermesstraße / Oscar-Straus-Park ,7,346594
2026-02-03T02:58:41.320596,Hermesstraße / Oscar-Straus-Park ,7,346581
2026-02-03T02:58:41.320596,Hermesstraße / Oscar-Straus-Park ,7,348608
2026-02-03T02:58:41.320596,Hermesstraße / Oscar-Straus-Park ,7,398831
2026-02-03T02:58:41.320596,Modecenterstraße / The Marks,11,345276
2026-02-03T02:58:41.320596,Modecenterstraße / The Marks,11,345588
2026-02-03T02:58:41.320596,Modecenterstraße / The Marks,11,345573
2026-02-03T02:58:41.320596,Modecenterstraße / The Marks,11,346490
2026-02-03T02:58:41.320596,Modecenterstraße / The Marks,11,346377
2026-02-03T02:58:41.320596,Modecenterstraße / The Marks,11,346369
2026-02-03T02:58:41.320596,Modecenterstraße / The Marks,11,347402
2026-02-03T02:58:41.320596,Modecenterstraße / The Marks,11,347614
2026-02-03T02:58:41.320596,Modecenterstraße / The Marks,11,348274
2026-02-03T02:58:41.320596,Modecenterstraße / The Marks,11,348254
2026-02-03T02:58:41.320596,Modecenterstraße / The Marks,11,348984
2026-02-03T02:58:41.320596,Am Langen Felde,1,345088
2026-02-03T02:58:41.320596,Pilgramgasse U,17,345369
2026-02-03T02:58:41.320596,Pilgramgasse U,17,345051
2026-02-03T02:58:41.320596,Pilgramgasse U,17,345979
2026-02-03T02:58:41.320596,Pilgramgasse U,17,345937
2026-02-03T02:58:41.320596,Pilgramgasse U,17,345743
2026-02-03T02:58:41.320596,Pilgramgasse U,17,345627
2026-02-03T02:58:41.320596,Pilgramgasse U,17,346374
2026-02-03T02:58:41.320596,Pilgramgasse U,17,346315
2026-02-03T02:58:41.320596,Pilgramgasse U,17,346214
2026-02-03T02:58:41.320596,Pilgramgasse U,17,346043
2026-02-03T02:58:41.320596,Pilgramgasse U,17,346651
2026-02-03T02:58:41.320596,Pilgramgasse U,17,346533
2026-02-03T02:58:41.320596,Pilgramgasse U,17,347138
2026-02-03T02:58:41.320596,Pilgramgasse U,17,348334
2026-02-03T02:58:41.320596,Pilgramgasse U,17,348030
2026-02-03T02:58:41.320596,Pilgramgasse U,17,348020
2026-02-03T02:58:41.320596,Pilgramgasse U,17,348679
2026-02-03T02:58:41.320596,Purkytgasse ,9,345278
2026-02-03T02:58:41.320596,Purkytgasse ,9,346550
2026-02-03T02:58:41.320596,Purkytgasse ,9,347310
2026-02-03T02:58:41.320596,Purkytgasse ,9,347154
2026-02-03T02:58:41.320596,Purkytgasse ,9,347001
2026-02-03T02:58:41.320596,Purkytgasse ,9,348360
2026-02-03T02:58:41.320596,Purkytgasse ,9,348341
2026-02-03T02:58:41.320596,Purkytgasse ,9,348534
2026-02-03T02:58:41.320596,Purkytgasse ,9,349185
2026-02-03T02:58:41.320596,Neue Donau U,23,345244
2026-02-03T02:58:41.320596,Neue Donau U,23,345231
2026-02-03T02:58:41.320596,Neue Donau U,23,345794
2026-02-03T02:58:41.320596,Neue Donau U,23,345735
2026-02-03T02:58:41.320596,Neue Donau U,23,345698
2026-02-03T02:58:41.320596,Neue Donau U,23,345631
2026-02-03T02:58:41.320596,Neue Donau U,23,345620
2026-02-03T02:58:41.320596,Neue Donau U,23,346463
2026-02-03T02:58:41.320596,Neue Donau U,23,346361
2026-02-03T02:58:41.320596,Neue Donau U,23,346078
2026-02-03T02:58:41.320596,Neue Donau U,23,346065
2026-02-03T02:58:41.320596,Neue Donau U,23,347405
2026-02-03T02:58:41.320596,Neue Donau U,23,347131
2026-02-03T02:58:41.320596,Neue Donau U,23,347912
2026-02-03T02:58:41.320596,Neue Donau U,23,347848
2026-02-03T02:58:41.320596,Neue Donau U,23,347732
2026-02-03T02:58:41.320596,Neue Donau U,23,348678
2026-02-03T02:58:41.320596,Neue Donau U,23,349069
2026-02-03T02:58:41.320596,Neue Donau U,23,349053
2026-02-03T02:58:41.320596,Neue Donau U,23,349036
2026-02-03T02:58:41.320596,Neue Donau U,23,348862
2026-02-03T02:58:41.320596,Neue Donau U,23,348833
2026-02-03T02:58:41.320596,Neue Donau U,23,349189
2026-02-03T02:58:41.320596,Franz-Josef Bahnhof S,13,345052
2026-02-03T02:58:41.320596,Franz-Josef Bahnhof S,13,345958
2026-02-03T02:58:41.320596,Franz-Josef Bahnhof S,13,345667
2026-02-03T02:58:41.320596,Franz-Josef Bahnhof S,13,346293
2026-02-03T02:58:41.320596,Franz-Josef Bahnhof S,13,346263
2026-02-03T02:58:41.320596,Franz-Josef Bahnhof S,13,347062
2026-02-03T02:58:41.320596,Franz-Josef Bahnhof S,13,347941
2026-02-03T02:58:41.320596,Franz-Josef Bahnhof S,13,347920
2026-02-03T02:58:41.320596,Franz-Josef Bahnhof S,13,347874
2026-02-03T02:58:41.320596,Franz-Josef Bahnhof S,13,347869
2026-02-03T02:58:41.320596,Franz-Josef Bahnhof S,13,347585
2026-02-03T02:58:41.320596,Franz-Josef Bahnhof S,13,348279
2026-02-03T02:58:41.320596,Franz-Josef Bahnhof S,13,398763
2026-02-03T02:58:41.320596,Niederpointenstraße,10,345611
2026-02-03T02:58:41.320596,Niederpointenstraße,10,346457
2026-02-03T02:58:41.320596,Niederpointenstraße,10,346455
2026-02-03T02:58:41.320596,Niederpointenstraße,10,346072
2026-02-03T02:58:41.320596,Niederpointenstraße,10,346660
2026-02-03T02:58:41.320596,Niederpointenstraße,10,346575
2026-02-03T02:58:41.320596,Niederpointenstraße,10,347271
2026-02-03T02:58:41.320596,Niederpointenstraße,10,347701
2026-02-03T02:58:41.320596,Niederpointenstraße,10,347569
2026-02-03T02:58:41.320596,Niederpointenstraße,10,348082
2026-02-03T02:58:41.320596,Leopoldauer Platz,10,345527
2026-02-03T02:58:41.320596,Leopoldauer Platz,10,346478
2026-02-03T02:58:41.320596,Leopoldauer Platz,10,346802
2026-02-03T02:58:41.320596,Leopoldauer Platz,10,346562
2026-02-03T02:58:41.320596,Leopoldauer Platz,10,347332
2026-02-03T02:58:41.320596,Leopoldauer Platz,10,347750
2026-02-03T02:58:41.320596,Leopoldauer Platz,10,347514
2026-02-03T02:58:41.320596,Leopoldauer Platz,10,398835
2026-02-03T02:58:41.320596,Leopoldauer Platz,10,398745
2026-02-03T02:58:41.320596,Leopoldauer Platz,10,349072
2026-02-03T02:58:41.320596,ArbeiterInnenstrand,11,345990
2026-02-03T02:58:41.320596,ArbeiterInnenstrand,11,345756
2026-02-03T02:58:41.320596,ArbeiterInnenstrand,11,345659
2026-02-03T02:58:41.320596,ArbeiterInnenstrand,11,346885
2026-02-03T02:58:41.320596,ArbeiterInnenstrand,11,347297
2026-02-03T02:58:41.320596,ArbeiterInnenstrand,11,347083
2026-02-03T02:58:41.320596,ArbeiterInnenstrand,11,347866
2026-02-03T02:58:41.320596,ArbeiterInnenstrand,11,347836
2026-02-03T02:58:41.320596,ArbeiterInnenstrand,11,348382
2026-02-03T02:58:41.320596,ArbeiterInnenstrand,11,398803
2026-02-03T02:58:41.320596,ArbeiterInnenstrand,11,349156
2026-02-03T02:58:41.320596,Gewerbepark Stadlau,2,346777
2026-02-03T02:58:41.320596,Gewerbepark Stadlau,2,398863
2026-02-03T02:58:41.320596,Atzgersdorf Bildungscampus,12,345327
2026-02-03T02:58:41.320596,Atzgersdorf Bildungscampus,12,345970
2026-02-03T02:58:41.320596,Atzgersdorf Bildungscampus,12,345716
2026-02-03T02:58:41.320596,Atzgersdorf Bildungscampus,12,345579
2026-02-03T02:58:41.320596,Atzgersdorf Bildungscampus,12,346220
2026-02-03T02:58:41.320596,Atzgersdorf Bildungscampus,12,347221
2026-02-03T02:58:41.320596,Atzgersdorf Bildungscampus,12,347090
2026-02-03T02:58:41.320596,Atzgersdorf Bildungscampus,12,347739
2026-02-03T02:58:41.320596,Atzgersdorf Bildungscampus,12,347506
2026-02-03T02:58:41.320596,Atzgersdorf Bildungscampus,12,348280
2026-02-03T02:58:41.320596,Atzgersdorf Bildungscampus,12,348178
2026-02-03T02:58:41.320596,Atzgersdorf Bildungscampus,12,398834
2026-02-03T02:58:41.320596,Adelheid-Popp-Gasse,13,345978
2026-02-03T02:58:41.320596,Adelheid-Popp-Gasse,13,345774
2026-02-03T02:58:41.320596,Adelheid-Popp-Gasse,13,346007
2026-02-03T02:58:41.320596,Adelheid-Popp-Gasse,13,346815
2026-02-03T02:58:41.320596,Adelheid-Popp-Gasse,13,346543
2026-02-03T02:58:41.320596,Adelheid-Popp-Gasse,13,347286
2026-02-03T02:58:41.320596,Adelheid-Popp-Gasse,13,347158
2026-02-03T02:58:41.320596,Adelheid-Popp-Gasse,13,347928
2026-02-03T02:58:41.320596,Adelheid-Popp-Gasse,13,347878
2026-02-03T02:58:41.320596,Adelheid-Popp-Gasse,13,347827
2026-02-03T02:58:41.320596,Adelheid-Popp-Gasse,13,347557
2026-02-03T02:58:41.320596,Adelheid-Popp-Gasse,13,348302
2026-02-03T02:58:41.320596,Adelheid-Popp-Gasse,13,348604
2026-02-03T02:58:41.320596,Alte Donau U,22,345397
2026-02-03T02:58:41.320596,Alte Donau U,22,345261
2026-02-03T02:58:41.320596,Alte Donau U,22,345900
2026-02-03T02:58:41.320596,Alte Donau U,22,345726
2026-02-03T02:58:41.320596,Alte Donau U,22,346339
2026-02-03T02:58:41.320596,Alte Donau U,22,346249
2026-02-03T02:58:41.320596,Alte Donau U,22,346248
2026-02-03T02:58:41.320596,Alte Donau U,22,346874
2026-02-03T02:58:41.320596,Alte Donau U,22,346742
2026-02-03T02:58:41.320596,Alte Donau U,22,346598
2026-02-03T02:58:41.320596,Alte Donau U,22,347476
2026-02-03T02:58:41.320596,Alte Donau U,22,347335
2026-02-03T02:58:41.320596,Alte Donau U,22,347261
2026-02-03T02:58:41.320596,Alte Donau U,22,347173
2026-02-03T02:58:41.320596,Alte Donau U,22,347016
2026-02-03T02:58:41.320596,Alte Donau U,22,347838
2026-02-03T02:58:41.320596,Alte Donau U,22,347807
2026-02-03T02:58:41.320596,Alte Donau U,22,347804
2026-02-03T02:58:41.320596,Alte Donau U,22,348197
2026-02-03T02:58:41.320596,Alte Donau U,22,348174
2026-02-03T02:58:41.320596,Alte Donau U,22,348012
2026-02-03T02:58:41.320596,Alte Donau U,22,348674
2026-02-03T02:58:41.320596,VHS Kulturgarage,8,345858
2026-02-03T02:58:41.320596,VHS Kulturgarage,8,346338
2026-02-03T02:58:41.320596,VHS Kulturgarage,8,347178
2026-02-03T02:58:41.320596,VHS Kulturgarage,8,347065
2026-02-03T02:58:41.320596,VHS Kulturgarage,8,347942
2026-02-03T02:58:41.320596,VHS Kulturgarage,8,348473
2026-02-03T02:58:41.320596,VHS Kulturgarage,8,348662
2026-02-03T02:58:41.320596,VHS Kulturgarage,8,398772
2026-02-03T02:58:41.320596,Siebenbrunnenfeldgasse,8,345617
2026-02-03T02:58:41.320596,Siebenbrunnenfeldgasse,8,346055
2026-02-03T02:58:41.320596,Siebenbrunnenfeldgasse,8,346943
2026-02-03T02:58:41.320596,Siebenbrunnenfeldgasse,8,347089
2026-02-03T02:58:41.320596,Siebenbrunnenfeldgasse,8,348315
2026-02-03T02:58:41.320596,Siebenbrunnenfeldgasse,8,348293
2026-02-03T02:58:41.320596,Siebenbrunnenfeldgasse,8,348609
2026-02-03T02:58:41.320596,Siebenbrunnenfeldgasse,8,398795
2026-02-03T02:58:41.320596,Technisches Museum,23,345485
2026-02-03T02:58:41.320596,Technisches Museum,23,345402
2026-02-03T02:58:41.320596,Technisches Museum,23,345399
2026-02-03T02:58:41.320596,Technisches Museum,23,345142
2026-02-03T02:58:41.320596,Technisches Museum,23,345064
2026-02-03T02:58:41.320596,Technisches Museum,23,345861
2026-02-03T02:58:41.320596,Technisches Museum,23,345781
2026-02-03T02:58:41.320596,Technisches Museum,23,345515
2026-02-03T02:58:41.320596,Technisches Museum,23,346309
2026-02-03T02:58:41.320596,Technisches Museum,23,346104
2026-02-03T02:58:41.320596,Technisches Museum,23,346085
2026-02-03T02:58:41.320596,Technisches Museum,23,346030
2026-02-03T02:58:41.320596,Technisches Museum,23,346960
2026-02-03T02:58:41.320596,Technisches Museum,23,346804
2026-02-03T02:58:41.320596,Technisches Museum,23,347176
2026-02-03T02:58:41.320596,Technisches Museum,23,347162
2026-02-03T02:58:41.320596,Technisches Museum,23,347054
2026-02-03T02:58:41.320596,Technisches Museum,23,347897
2026-02-03T02:58:41.320596,Technisches Museum,23,347778
2026-02-03T02:58:41.320596,Technisches Museum,23,347722
2026-02-03T02:58:41.320596,Technisches Museum,23,348460
2026-02-03T02:58:41.320596,Technisches Museum,23,348420
2026-02-03T02:58:41.320596,Technisches Museum,23,348267
2026-02-03T02:58:41.320596,Währinger Park,15,345491
2026-02-03T02:58:41.320596,Währinger Park,15,345394
2026-02-03T02:58:41.320596,Währinger Park,15,345339
2026-02-03T02:58:41.320596,Währinger Park,15,345091
2026-02-03T02:58:41.320596,Währinger Park,15,345850
2026-02-03T02:58:41.320596,Währinger Park,15,345648
2026-02-03T02:58:41.320596,Währinger Park,15,346834
2026-02-03T02:58:41.320596,Währinger Park,15,347269
2026-02-03T02:58:41.320596,Währinger Park,15,347193
2026-02-03T02:58:41.320596,Währinger Park,15,347048
2026-02-03T02:58:41.320596,Währinger Park,15,347840
2026-02-03T02:58:41.320596,Währinger Park,15,348007
2026-02-03T02:58:41.320596,Währinger Park,15,348547
2026-02-03T02:58:41.320596,Währinger Park,15,398732
2026-02-03T02:58:41.320596,Währinger Park,15,349123
2026-02-03T02:58:41.320596,Ettenreichgasse / Schulzentrum ,1,348977
2026-02-03T02:58:41.320596,Wendstattgasse,9,345408
2026-02-03T02:58:41.320596,Wendstattgasse,9,346693
2026-02-03T02:58:41.320596,Wendstattgasse,9,347702
2026-02-03T02:58:41.320596,Wendstattgasse,9,347639
2026-02-03T02:58:41.320596,Wendstattgasse,9,348389
2026-02-03T02:58:41.320596,Wendstattgasse,9,398846
2026-02-03T02:58:41.320596,Wendstattgasse,9,398723
2026-02-03T02:58:41.320596,Wendstattgasse,9,349016
2026-02-03T02:58:41.320596,Wendstattgasse,9,349168
2026-02-03T02:58:41.320596,Neilreichgasse,2,347685
2026-02-03T02:58:41.320596,Neilreichgasse,2,348204
2026-02-03T02:58:41.320596,Gutheil-Schoder-Gasse / Badner Bahn,12,345400
2026-02-03T02:58:41.320596,Gutheil-Schoder-Gasse / Badner Bahn,12,345361
2026-02-03T02:58:41.320596,Gutheil-Schoder-Gasse / Badner Bahn,12,345926
2026-02-03T02:58:41.320596,Gutheil-Schoder-Gasse / Badner Bahn,12,345709
2026-02-03T02:58:41.320596,Gutheil-Schoder-Gasse / Badner Bahn,12,346286
2026-02-03T02:58:41.320596,Gutheil-Schoder-Gasse / Badner Bahn,12,346222
2026-02-03T02:58:41.320596,Gutheil-Schoder-Gasse / Badner Bahn,12,346765
2026-02-03T02:58:41.320596,Gutheil-Schoder-Gasse / Badner Bahn,12,347137
2026-02-03T02:58:41.320596,Gutheil-Schoder-Gasse / Badner Bahn,12,347096
2026-02-03T02:58:41.320596,Gutheil-Schoder-Gasse / Badner Bahn,12,348316
2026-02-03T02:58:41.320596,Gutheil-Schoder-Gasse / Badner Bahn,12,398724
2026-02-03T02:58:41.320596,Gutheil-Schoder-Gasse / Badner Bahn,12,348858
2026-02-03T02:58:41.320596,Neu Leopoldau,17,345448
2026-02-03T02:58:41.320596,Neu Leopoldau,17,345174
2026-02-03T02:58:41.320596,Neu Leopoldau,17,345759
2026-02-03T02:58:41.320596,Neu Leopoldau,17,346382
2026-02-03T02:58:41.320596,Neu Leopoldau,17,346196
2026-02-03T02:58:41.320596,Neu Leopoldau,17,346036
2026-02-03T02:58:41.320596,Neu Leopoldau,17,346726
2026-02-03T02:58:41.320596,Neu Leopoldau,17,346615
2026-02-03T02:58:41.320596,Neu Leopoldau,17,346512
2026-02-03T02:58:41.320596,Neu Leopoldau,17,347277
2026-02-03T02:58:41.320596,Neu Leopoldau,17,348457
2026-02-03T02:58:41.320596,Neu Leopoldau,17,348164
2026-02-03T02:58:41.320596,Neu Leopoldau,17,348934
2026-02-03T02:58:41.320596,Neu Leopoldau,17,348854
2026-02-03T02:58:41.320596,Neu Leopoldau,17,349169
2026-02-03T02:58:41.320596,Neu Leopoldau,17,349147
2026-02-03T02:58:41.320596,Neu Leopoldau,17,349136
2026-02-03T02:58:41.320596,Strebersdorf S,8,345152
2026-02-03T02:58:41.320596,Strebersdorf S,8,346162
2026-02-03T02:58:41.320596,Strebersdorf S,8,346529
2026-02-03T02:58:41.320596,Strebersdorf S,8,347485
2026-02-03T02:58:41.320596,Strebersdorf S,8,347061
2026-02-03T02:58:41.320596,Strebersdorf S,8,347995
2026-02-03T02:58:41.320596,Strebersdorf S,8,347524
2026-02-03T02:58:41.320596,Strebersdorf S,8,348060
2026-02-03T02:58:41.320596,Rodlergasse,9,345454
2026-02-03T02:58:41.320596,Rodlergasse,9,345439
2026-02-03T02:58:41.320596,Rodlergasse,9,345345
2026-02-03T02:58:41.320596,Rodlergasse,9,346169
2026-02-03T02:58:41.320596,Rodlergasse,9,346075
2026-02-03T02:58:41.320596,Rodlergasse,9,346938
2026-02-03T02:58:41.320596,Rodlergasse,9,347997
2026-02-03T02:58:41.320596,Rodlergasse,9,348635
2026-02-03T02:58:41.320596,Rodlergasse,9,348892
2026-02-03T02:58:41.320596,Nussbaumallee,3,345025
2026-02-03T02:58:41.320596,Nussbaumallee,3,347900
2026-02-03T02:58:41.320596,Nussbaumallee,3,348217
2026-02-03T02:58:41.320596,Raxstraße,5,346142
2026-02-03T02:58:41.320596,Raxstraße,5,347777
2026-02-03T02:58:41.320596,Raxstraße,5,347723
2026-02-03T02:58:41.320596,Raxstraße,5,348358
2026-02-03T02:58:41.320596,Raxstraße,5,348200
2026-02-03T02:58:41.320596,Wattmanngasse,7,345080
2026-02-03T02:58:41.320596,Wattmanngasse,7,346373
2026-02-03T02:58:41.320596,Wattmanngasse,7,346750
2026-02-03T02:58:41.320596,Wattmanngasse,7,347631
2026-02-03T02:58:41.320596,Wattmanngasse,7,348346
2026-02-03T02:58:41.320596,Wattmanngasse,7,398856
2026-02-03T02:58:41.320596,Wattmanngasse,7,349050
2026-02-03T02:58:41.320596,Joachimsthaler Platz,11,345456
2026-02-03T02:58:41.320596,Joachimsthaler Platz,11,345352
2026-02-03T02:58:41.320596,Joachimsthaler Platz,11,345693
2026-02-03T02:58:41.320596,Joachimsthaler Platz,11,345674
2026-02-03T02:58:41.320596,Joachimsthaler Platz,11,345612
2026-02-03T02:58:41.320596,Joachimsthaler Platz,11,346680
2026-02-03T02:58:41.320596,Joachimsthaler Platz,11,346621
2026-02-03T02:58:41.320596,Joachimsthaler Platz,11,347308
2026-02-03T02:58:41.320596,Joachimsthaler Platz,11,347711
2026-02-03T02:58:41.320596,Joachimsthaler Platz,11,348342
2026-02-03T02:58:41.320596,Joachimsthaler Platz,11,348145
2026-02-03T02:58:41.320596,Floridsdorfer Markt,6,346108
2026-02-03T02:58:41.320596,Floridsdorfer Markt,6,346882
2026-02-03T02:58:41.320596,Floridsdorfer Markt,6,346681
2026-02-03T02:58:41.320596,Floridsdorfer Markt,6,347846
2026-02-03T02:58:41.320596,Floridsdorfer Markt,6,348455
2026-02-03T02:58:41.320596,Floridsdorfer Markt,6,349191
2026-02-03T02:58:41.320596,Nussdorf S,11,345300
2026-02-03T02:58:41.320596,Nussdorf S,11,345553
2026-02-03T02:58:41.320596,Nussdorf S,11,346132
2026-02-03T02:58:41.320596,Nussdorf S,11,347461
2026-02-03T02:58:41.320596,Nussdorf S,11,347428
2026-02-03T02:58:41.320596,Nussdorf S,11,398717
2026-02-03T02:58:41.320596,Nussdorf S,11,349062
2026-02-03T02:58:41.320596,Nussdorf S,11,349041
2026-02-03T02:58:41.320596,Nussdorf S,11,348989
2026-02-03T02:58:41.320596,Nussdorf S,11,348932
2026-02-03T02:58:41.320596,Nussdorf S,11,348844
2026-02-03T02:58:41.320596,Bertha-von-Suttner-Gasse,8,345059
2026-02-03T02:58:41.320596,Bertha-von-Suttner-Gasse,8,346225
2026-02-03T02:58:41.320596,Bertha-von-Suttner-Gasse,8,346977
2026-02-03T02:58:41.320596,Bertha-von-Suttner-Gasse,8,347948
2026-02-03T02:58:41.320596,Bertha-von-Suttner-Gasse,8,348485
2026-02-03T02:58:41.320596,Bertha-von-Suttner-Gasse,8,348387
2026-02-03T02:58:41.320596,Bertha-von-Suttner-Gasse,8,398797
2026-02-03T02:58:41.320596,Bertha-von-Suttner-Gasse,8,398751
2026-02-03T02:58:41.320596,Hauptbahnhof Ost,20,345815
2026-02-03T02:58:41.320596,Hauptbahnhof Ost,20,345729
2026-02-03T02:58:41.320596,Hauptbahnhof Ost,20,345720
2026-02-03T02:58:41.320596,Hauptbahnhof Ost,20,345649
2026-02-03T02:58:41.320596,Hauptbahnhof Ost,20,346487
2026-02-03T02:58:41.320596,Hauptbahnhof Ost,20,346116
2026-02-03T02:58:41.320596,Hauptbahnhof Ost,20,346809
2026-02-03T02:58:41.320596,Hauptbahnhof Ost,20,346692
2026-02-03T02:58:41.320596,Hauptbahnhof Ost,20,346524
2026-02-03T02:58:41.320596,Hauptbahnhof Ost,20,347439
2026-02-03T02:58:41.320596,Hauptbahnhof Ost,20,347285
2026-02-03T02:58:41.320596,Hauptbahnhof Ost,20,347128
2026-02-03T02:58:41.320596,Hauptbahnhof Ost,20,347046
2026-02-03T02:58:41.320596,Hauptbahnhof Ost,20,347562
2026-02-03T02:58:41.320596,Hauptbahnhof Ost,20,348413
2026-02-03T02:58:41.320596,Hauptbahnhof Ost,20,348277
2026-02-03T02:58:41.320596,Hauptbahnhof Ost,20,348255
2026-02-03T02:58:41.320596,Hauptbahnhof Ost,20,348159
2026-02-03T02:58:41.320596,Hauptbahnhof Ost,20,348526
2026-02-03T02:58:41.320596,Hauptbahnhof Ost,20,348871
2026-02-03T02:58:41.320596,FH Technikum,7,345279
2026-02-03T02:58:41.320596,FH Technikum,7,345046
2026-02-03T02:58:41.320596,FH Technikum,7,345616
2026-02-03T02:58:41.320596,FH Technikum,7,347092
2026-02-03T02:58:41.320596,FH Technikum,7,347977
2026-02-03T02:58:41.320596,FH Technikum,7,347882
2026-02-03T02:58:41.320596,FH Technikum,7,347821
2026-02-03T02:58:41.320596,Hafen Wien,5,345991
2026-02-03T02:58:41.320596,Hafen Wien,5,346071
2026-02-03T02:58:41.320596,Hafen Wien,5,347321
2026-02-03T02:58:41.320596,Hafen Wien,5,347728
2026-02-03T02:58:41.320596,Hafen Wien,5,347661
2026-02-03T02:58:41.320596,Hundertwasserhaus,8,345374
2026-02-03T02:58:41.320596,Hundertwasserhaus,8,345931
2026-02-03T02:58:41.320596,Hundertwasserhaus,8,346794
2026-02-03T02:58:41.320596,Hundertwasserhaus,8,347257
2026-02-03T02:58:41.320596,Hundertwasserhaus,8,347000
2026-02-03T02:58:41.320596,Hundertwasserhaus,8,347503
2026-02-03T02:58:41.320596,Hundertwasserhaus,8,348163
2026-02-03T02:58:41.320596,Hundertwasserhaus,8,398814
2026-02-03T02:58:41.320596,Seestadt U - Lina-Bo-Bardi-Platz,4,345799
2026-02-03T02:58:41.320596,Seestadt U - Lina-Bo-Bardi-Platz,4,346740
2026-02-03T02:58:41.320596,Seestadt U - Lina-Bo-Bardi-Platz,4,346632
2026-02-03T02:58:41.320596,Seestadt U - Lina-Bo-Bardi-Platz,4,348596
2026-02-03T02:58:41.320596,Barbara-Prammer-Allee,11,345379
2026-02-03T02:58:41.320596,Barbara-Prammer-Allee,11,345986
2026-02-03T02:58:41.320596,Barbara-Prammer-Allee,11,345949
2026-02-03T02:58:41.320596,Barbara-Prammer-Allee,11,345848
2026-02-03T02:58:41.320596,Barbara-Prammer-Allee,11,346393
2026-02-03T02:58:41.320596,Barbara-Prammer-Allee,11,346788
2026-02-03T02:58:41.320596,Barbara-Prammer-Allee,11,347051
2026-02-03T02:58:41.320596,Barbara-Prammer-Allee,11,348406
2026-02-03T02:58:41.320596,Barbara-Prammer-Allee,11,348098
2026-02-03T02:58:41.320596,Barbara-Prammer-Allee,11,348701
2026-02-03T02:58:41.320596,Barbara-Prammer-Allee,11,348661
2026-02-03T02:58:41.320596,Sonnenallee,4,345492
2026-02-03T02:58:41.320596,Sonnenallee,4,347395
2026-02-03T02:58:41.320596,Sonnenallee,4,347988
2026-02-03T02:58:41.320596,Sonnenallee,4,348233
2026-02-03T02:58:41.320596,AIT Austrian Institute of Technology / Giefinggasse ,5,346158
2026-02-03T02:58:41.320596,AIT Austrian Institute of Technology / Giefinggasse ,5,346608
2026-02-03T02:58:41.320596,AIT Austrian Institute of Technology / Giefinggasse ,5,348193
2026-02-03T02:58:41.320596,AIT Austrian Institute of Technology / Giefinggasse ,5,348092
2026-02-03T02:58:41.320596,AIT Austrian Institute of Technology / Giefinggasse ,5,348945
2026-02-03T02:58:41.320596,Hannovermarkt (20),2,345514
2026-02-03T02:58:41.320596,Hannovermarkt (20),2,398841
2026-02-03T02:58:41.320596,Blériotgasse,10,345358
2026-02-03T02:58:41.320596,Blériotgasse,10,345307
2026-02-03T02:58:41.320596,Blériotgasse,10,345113
2026-02-03T02:58:41.320596,Blériotgasse,10,345053
2026-02-03T02:58:41.320596,Blériotgasse,10,345894
2026-02-03T02:58:41.320596,Blériotgasse,10,346484
2026-02-03T02:58:41.320596,Blériotgasse,10,346298
2026-02-03T02:58:41.320596,Blériotgasse,10,347317
2026-02-03T02:58:41.320596,Blériotgasse,10,347670
2026-02-03T02:58:41.320596,Blériotgasse,10,348474
2026-02-03T02:58:41.320596,Vetmed Haupteingang,7,345315
2026-02-03T02:58:41.320596,Vetmed Haupteingang,7,345605
2026-02-03T02:58:41.320596,Vetmed Haupteingang,7,346491
2026-02-03T02:58:41.320596,Vetmed Haupteingang,7,346737
2026-02-03T02:58:41.320596,Vetmed Haupteingang,7,347170
2026-02-03T02:58:41.320596,Vetmed Haupteingang,7,347715
2026-02-03T02:58:41.320596,Vetmed Haupteingang,7,348396
2026-02-03T02:58:41.320596,Vetmed UB,9,345558
2026-02-03T02:58:41.320596,Vetmed UB,9,346243
2026-02-03T02:58:41.320596,Vetmed UB,9,346856
2026-02-03T02:58:41.320596,Vetmed UB,9,346631
2026-02-03T02:58:41.320596,Vetmed UB,9,347345
2026-02-03T02:58:41.320596,Vetmed UB,9,347896
2026-02-03T02:58:41.320596,Vetmed UB,9,347724
2026-02-03T02:58:41.320596,Vetmed UB,9,348340
2026-02-03T02:58:41.320596,Vetmed UB,9,348102
2026-02-03T02:58:41.320596,Rebhanngasse / Nordbahnstrasse,4,345891
2026-02-03T02:58:41.320596,Rebhanngasse / Nordbahnstrasse,4,346146
2026-02-03T02:58:41.320596,Rebhanngasse / Nordbahnstrasse,4,347629
2026-02-03T02:58:41.320596,Rebhanngasse / Nordbahnstrasse,4,348957
2026-02-03T02:58:41.320596,Nordbahnstrasse,3,345383
2026-02-03T02:58:41.320596,Nordbahnstrasse,3,345376
2026-02-03T02:58:41.320596,Nordbahnstrasse,3,346156
2026-02-03T02:58:41.320596,BIKE 345845,1,345845
2026-02-03T02:58:41.320596,BIKE 348829,1,348829
2026-02-03T02:58:41.320596,BIKE 349054,1,349054
2026-02-03T02:58:41.320596,BIKE 347703,1,347703
2026-02-03T02:58:41.320596,BIKE 346848,1,346848
2026-02-03T02:58:41.320596,BIKE 348828,1,348828
2026-02-03T02:58:41.320596,BIKE 348891,1,348891
2026-02-03T02:58:41.320596,BIKE 348899,1,348899
2026-02-03T02:58:41.320596,BIKE 348569,1,348569
2026-02-03T02:58:41.320596,BIKE 347254,1,347254
2026-02-03T02:58:41.320596,BIKE 347720,1,347720
2026-02-03T02:58:41.320596,BIKE 345535,1,345535
2026-02-03T02:58:41.320596,BIKE 398777,1,398777
2026-02-03T02:58:41.320596,BIKE 349100,1,349100
2026-02-03T02:58:41.320596,BIKE 348398,1,348398
2026-02-03T02:58:41.320596,BIKE 349028,1,349028
2026-02-03T02:58:41.320596,BIKE 345430,1,345430
2026-02-03T02:58:41.320596,BIKE 348148,1,348148
2026-02-03T02:58:41.320596,BIKE 348841,1,348841
2026-02-03T02:58:41.320596,BIKE 347551,1,347551
2026-02-03T02:58:41.320596,BIKE 349157,1,349157
2026-02-03T02:58:41.320596,BIKE 349105,1,349105
2026-02-03T02:58:41.320596,BIKE 347011,1,347011
2026-02-03T02:58:41.320596,BIKE 345665,1,345665
2026-02-03T02:58:41.320596,BIKE 348310,1,348310
2026-02-03T02:58:41.320596,BIKE 348700,1,348700
2026-02-03T02:58:41.320596,BIKE 398774,1,398774
2026-02-03T02:58:41.320596,BIKE 347228,1,347228
2026-02-03T02:58:41.320596,BIKE 348268,1,348268
2026-02-03T02:58:41.320596,BIKE 348206,1,348206
2026-02-03T02:58:41.320596,BIKE 345306,1,345306
2026-02-03T02:58:41.320596,BIKE 347515,1,347515
2026-02-03T02:58:41.320596,BIKE 345751,1,345751
2026-02-03T02:58:41.320596,BIKE 347752,1,347752
2026-02-03T02:58:41.320596,BIKE 347769,1,347769
2026-02-03T02:58:41.320596,BIKE 348452,1,348452
2026-02-03T02:58:41.320596,BIKE 346171,1,346171
2026-02-03T02:58:41.320596,BIKE 349040,1,349040
2026-02-03T02:58:41.320596,BIKE 347919,1,347919
2026-02-03T02:58:41.320596,BIKE 346125,1,346125
2026-02-03T02:58:41.320596,BIKE 348982,1,348982
2026-02-03T02:58:41.320596,BIKE 346273,1,346273
2026-02-03T02:58:41.320596,BIKE 345761,1,345761
2026-02-03T02:58:41.320596,BIKE 348897,1,348897
2026-02-03T02:58:41.320596,BIKE 345910,1,345910
2026-02-03T02:58:41.320596,BIKE 346460,1,346460
2026-02-03T02:58:41.320596,BIKE 349014,1,349014
2026-02-03T02:58:41.320596,BIKE 349139,1,349139
2026-02-03T02:58:41.320596,BIKE 348988,1,348988
2026-02-03T02:58:41.320596,BIKE 349090,1,349090
2026-02-03T02:58:41.320596,BIKE 348995,1,348995
2026-02-03T02:58:41.320596,BIKE 348881,1,348881
2026-02-03T02:58:41.320596,BIKE 347849,1,347849
2026-02-03T02:58:41.320596,BIKE 347380,1,347380
2026-02-03T02:58:41.320596,BIKE 347281,1,347281
2026-02-03T02:58:41.320596,BIKE 346585,1,346585
