timestamp,place_name,num_bikes,bike_number
2026-06-30T01:57:49.056718,Hoher Markt,2,347480
2026-06-30T01:57:49.056718,Hoher Markt,2,347170
2026-06-30T01:57:49.056718,Ring / Volkstheater U,1,345172
2026-06-30T01:57:49.056718,Stephansplatz U,7,345630
2026-06-30T01:57:49.056718,Stephansplatz U,7,346321
2026-06-30T01:57:49.056718,Stephansplatz U,7,346255
2026-06-30T01:57:49.056718,Stephansplatz U,7,347955
2026-06-30T01:57:49.056718,Stephansplatz U,7,398779
2026-06-30T01:57:49.056718,Stephansplatz U,7,349003
2026-06-30T01:57:49.056718,Stephansplatz U,7,398868
2026-06-30T01:57:49.056718,Taborstraße U,25,345449
2026-06-30T01:57:49.056718,Taborstraße U,25,345411
2026-06-30T01:57:49.056718,Taborstraße U,25,345358
2026-06-30T01:57:49.056718,Taborstraße U,25,345148
2026-06-30T01:57:49.056718,Taborstraße U,25,345034
2026-06-30T01:57:49.056718,Taborstraße U,25,345955
2026-06-30T01:57:49.056718,Taborstraße U,25,345944
2026-06-30T01:57:49.056718,Taborstraße U,25,345817
2026-06-30T01:57:49.056718,Taborstraße U,25,345718
2026-06-30T01:57:49.056718,Taborstraße U,25,346455
2026-06-30T01:57:49.056718,Taborstraße U,25,346441
2026-06-30T01:57:49.056718,Taborstraße U,25,346332
2026-06-30T01:57:49.056718,Taborstraße U,25,346314
2026-06-30T01:57:49.056718,Taborstraße U,25,346273
2026-06-30T01:57:49.056718,Taborstraße U,25,346697
2026-06-30T01:57:49.056718,Taborstraße U,25,347478
2026-06-30T01:57:49.056718,Taborstraße U,25,347854
2026-06-30T01:57:49.056718,Taborstraße U,25,347769
2026-06-30T01:57:49.056718,Taborstraße U,25,347725
2026-06-30T01:57:49.056718,Taborstraße U,25,347648
2026-06-30T01:57:49.056718,Taborstraße U,25,348218
2026-06-30T01:57:49.056718,Taborstraße U,25,348214
2026-06-30T01:57:49.056718,Taborstraße U,25,348659
2026-06-30T01:57:49.056718,Taborstraße U,25,348611
2026-06-30T01:57:49.056718,Taborstraße U,25,348521
2026-06-30T01:57:49.056718,WU-Campus / Südportalstraße ,1,347264
2026-06-30T01:57:49.056718,Erdberg U,18,345466
2026-06-30T01:57:49.056718,Erdberg U,18,345402
2026-06-30T01:57:49.056718,Erdberg U,18,345184
2026-06-30T01:57:49.056718,Erdberg U,18,345819
2026-06-30T01:57:49.056718,Erdberg U,18,345749
2026-06-30T01:57:49.056718,Erdberg U,18,346394
2026-06-30T01:57:49.056718,Erdberg U,18,346297
2026-06-30T01:57:49.056718,Erdberg U,18,346844
2026-06-30T01:57:49.056718,Erdberg U,18,347433
2026-06-30T01:57:49.056718,Erdberg U,18,347293
2026-06-30T01:57:49.056718,Erdberg U,18,347234
2026-06-30T01:57:49.056718,Erdberg U,18,347198
2026-06-30T01:57:49.056718,Erdberg U,18,347059
2026-06-30T01:57:49.056718,Erdberg U,18,347921
2026-06-30T01:57:49.056718,Erdberg U,18,347911
2026-06-30T01:57:49.056718,Erdberg U,18,347839
2026-06-30T01:57:49.056718,Erdberg U,18,347682
2026-06-30T01:57:49.056718,Erdberg U,18,349098
2026-06-30T01:57:49.056718,Media Quarter Marx,32,345403
2026-06-30T01:57:49.056718,Media Quarter Marx,32,345216
2026-06-30T01:57:49.056718,Media Quarter Marx,32,345174
2026-06-30T01:57:49.056718,Media Quarter Marx,32,345053
2026-06-30T01:57:49.056718,Media Quarter Marx,32,345858
2026-06-30T01:57:49.056718,Media Quarter Marx,32,345549
2026-06-30T01:57:49.056718,Media Quarter Marx,32,346440
2026-06-30T01:57:49.056718,Media Quarter Marx,32,346196
2026-06-30T01:57:49.056718,Media Quarter Marx,32,346191
2026-06-30T01:57:49.056718,Media Quarter Marx,32,346118
2026-06-30T01:57:49.056718,Media Quarter Marx,32,346656
2026-06-30T01:57:49.056718,Media Quarter Marx,32,346646
2026-06-30T01:57:49.056718,Media Quarter Marx,32,346574
2026-06-30T01:57:49.056718,Media Quarter Marx,32,347251
2026-06-30T01:57:49.056718,Media Quarter Marx,32,347215
2026-06-30T01:57:49.056718,Media Quarter Marx,32,347118
2026-06-30T01:57:49.056718,Media Quarter Marx,32,347115
2026-06-30T01:57:49.056718,Media Quarter Marx,32,347073
2026-06-30T01:57:49.056718,Media Quarter Marx,32,347058
2026-06-30T01:57:49.056718,Media Quarter Marx,32,347939
2026-06-30T01:57:49.056718,Media Quarter Marx,32,347920
2026-06-30T01:57:49.056718,Media Quarter Marx,32,347812
2026-06-30T01:57:49.056718,Media Quarter Marx,32,347773
2026-06-30T01:57:49.056718,Media Quarter Marx,32,347735
2026-06-30T01:57:49.056718,Media Quarter Marx,32,347670
2026-06-30T01:57:49.056718,Media Quarter Marx,32,348460
2026-06-30T01:57:49.056718,Media Quarter Marx,32,348404
2026-06-30T01:57:49.056718,Media Quarter Marx,32,348361
2026-06-30T01:57:49.056718,Media Quarter Marx,32,348056
2026-06-30T01:57:49.056718,Media Quarter Marx,32,348053
2026-06-30T01:57:49.056718,Media Quarter Marx,32,348626
2026-06-30T01:57:49.056718,Media Quarter Marx,32,348951
2026-06-30T01:57:49.056718,Rennweg S,35,345457
2026-06-30T01:57:49.056718,Rennweg S,35,345385
2026-06-30T01:57:49.056718,Rennweg S,35,345197
2026-06-30T01:57:49.056718,Rennweg S,35,345967
2026-06-30T01:57:49.056718,Rennweg S,35,345866
2026-06-30T01:57:49.056718,Rennweg S,35,345864
2026-06-30T01:57:49.056718,Rennweg S,35,345840
2026-06-30T01:57:49.056718,Rennweg S,35,345824
2026-06-30T01:57:49.056718,Rennweg S,35,345778
2026-06-30T01:57:49.056718,Rennweg S,35,345764
2026-06-30T01:57:49.056718,Rennweg S,35,345695
2026-06-30T01:57:49.056718,Rennweg S,35,345556
2026-06-30T01:57:49.056718,Rennweg S,35,346377
2026-06-30T01:57:49.056718,Rennweg S,35,346336
2026-06-30T01:57:49.056718,Rennweg S,35,346274
2026-06-30T01:57:49.056718,Rennweg S,35,346221
2026-06-30T01:57:49.056718,Rennweg S,35,346128
2026-06-30T01:57:49.056718,Rennweg S,35,346019
2026-06-30T01:57:49.056718,Rennweg S,35,346018
2026-06-30T01:57:49.056718,Rennweg S,35,346964
2026-06-30T01:57:49.056718,Rennweg S,35,346819
2026-06-30T01:57:49.056718,Rennweg S,35,346730
2026-06-30T01:57:49.056718,Rennweg S,35,347953
2026-06-30T01:57:49.056718,Rennweg S,35,347714
2026-06-30T01:57:49.056718,Rennweg S,35,347620
2026-06-30T01:57:49.056718,Rennweg S,35,347571
2026-06-30T01:57:49.056718,Rennweg S,35,348326
2026-06-30T01:57:49.056718,Rennweg S,35,348106
2026-06-30T01:57:49.056718,Rennweg S,35,348060
2026-06-30T01:57:49.056718,Rennweg S,35,348691
2026-06-30T01:57:49.056718,Rennweg S,35,348653
2026-06-30T01:57:49.056718,Rennweg S,35,348558
2026-06-30T01:57:49.056718,Rennweg S,35,398826
2026-06-30T01:57:49.056718,Rennweg S,35,398788
2026-06-30T01:57:49.056718,Rennweg S,35,348878
2026-06-30T01:57:49.056718,Rochusgasse U,10,345476
2026-06-30T01:57:49.056718,Rochusgasse U,10,345735
2026-06-30T01:57:49.056718,Rochusgasse U,10,345690
2026-06-30T01:57:49.056718,Rochusgasse U,10,346398
2026-06-30T01:57:49.056718,Rochusgasse U,10,346049
2026-06-30T01:57:49.056718,Rochusgasse U,10,347290
2026-06-30T01:57:49.056718,Rochusgasse U,10,347266
2026-06-30T01:57:49.056718,Rochusgasse U,10,348278
2026-06-30T01:57:49.056718,Rochusgasse U,10,348191
2026-06-30T01:57:49.056718,Rochusgasse U,10,348892
2026-06-30T01:57:49.056718,Schwarzenbergplatz,12,345539
2026-06-30T01:57:49.056718,Schwarzenbergplatz,12,345516
2026-06-30T01:57:49.056718,Schwarzenbergplatz,12,345505
2026-06-30T01:57:49.056718,Schwarzenbergplatz,12,346853
2026-06-30T01:57:49.056718,Schwarzenbergplatz,12,346698
2026-06-30T01:57:49.056718,Schwarzenbergplatz,12,347357
2026-06-30T01:57:49.056718,Schwarzenbergplatz,12,347978
2026-06-30T01:57:49.056718,Schwarzenbergplatz,12,347502
2026-06-30T01:57:49.056718,Schwarzenbergplatz,12,348487
2026-06-30T01:57:49.056718,Schwarzenbergplatz,12,348476
2026-06-30T01:57:49.056718,Schwarzenbergplatz,12,348389
2026-06-30T01:57:49.056718,Schwarzenbergplatz,12,398754
2026-06-30T01:57:49.056718,Heumühlgasse,13,345957
2026-06-30T01:57:49.056718,Heumühlgasse,13,345755
2026-06-30T01:57:49.056718,Heumühlgasse,13,345502
2026-06-30T01:57:49.056718,Heumühlgasse,13,346493
2026-06-30T01:57:49.056718,Heumühlgasse,13,346014
2026-06-30T01:57:49.056718,Heumühlgasse,13,346969
2026-06-30T01:57:49.056718,Heumühlgasse,13,346862
2026-06-30T01:57:49.056718,Heumühlgasse,13,347286
2026-06-30T01:57:49.056718,Heumühlgasse,13,347104
2026-06-30T01:57:49.056718,Heumühlgasse,13,347592
2026-06-30T01:57:49.056718,Heumühlgasse,13,348415
2026-06-30T01:57:49.056718,Heumühlgasse,13,348317
2026-06-30T01:57:49.056718,Heumühlgasse,13,398827
2026-06-30T01:57:49.056718,Margaretengürtel U,39,345101
2026-06-30T01:57:49.056718,Margaretengürtel U,39,345834
2026-06-30T01:57:49.056718,Margaretengürtel U,39,345614
2026-06-30T01:57:49.056718,Margaretengürtel U,39,346434
2026-06-30T01:57:49.056718,Margaretengürtel U,39,346433
2026-06-30T01:57:49.056718,Margaretengürtel U,39,346347
2026-06-30T01:57:49.056718,Margaretengürtel U,39,346281
2026-06-30T01:57:49.056718,Margaretengürtel U,39,346220
2026-06-30T01:57:49.056718,Margaretengürtel U,39,346176
2026-06-30T01:57:49.056718,Margaretengürtel U,39,346171
2026-06-30T01:57:49.056718,Margaretengürtel U,39,346155
2026-06-30T01:57:49.056718,Margaretengürtel U,39,346147
2026-06-30T01:57:49.056718,Margaretengürtel U,39,346036
2026-06-30T01:57:49.056718,Margaretengürtel U,39,346980
2026-06-30T01:57:49.056718,Margaretengürtel U,39,346939
2026-06-30T01:57:49.056718,Margaretengürtel U,39,346932
2026-06-30T01:57:49.056718,Margaretengürtel U,39,346890
2026-06-30T01:57:49.056718,Margaretengürtel U,39,346884
2026-06-30T01:57:49.056718,Margaretengürtel U,39,346868
2026-06-30T01:57:49.056718,Margaretengürtel U,39,346867
2026-06-30T01:57:49.056718,Margaretengürtel U,39,346842
2026-06-30T01:57:49.056718,Margaretengürtel U,39,346722
2026-06-30T01:57:49.056718,Margaretengürtel U,39,346684
2026-06-30T01:57:49.056718,Margaretengürtel U,39,346592
2026-06-30T01:57:49.056718,Margaretengürtel U,39,346570
2026-06-30T01:57:49.056718,Margaretengürtel U,39,347498
2026-06-30T01:57:49.056718,Margaretengürtel U,39,347470
2026-06-30T01:57:49.056718,Margaretengürtel U,39,347448
2026-06-30T01:57:49.056718,Margaretengürtel U,39,347315
2026-06-30T01:57:49.056718,Margaretengürtel U,39,347217
2026-06-30T01:57:49.056718,Margaretengürtel U,39,347214
2026-06-30T01:57:49.056718,Margaretengürtel U,39,347671
2026-06-30T01:57:49.056718,Margaretengürtel U,39,347669
2026-06-30T01:57:49.056718,Margaretengürtel U,39,347510
2026-06-30T01:57:49.056718,Margaretengürtel U,39,348220
2026-06-30T01:57:49.056718,Margaretengürtel U,39,348145
2026-06-30T01:57:49.056718,Margaretengürtel U,39,348131
2026-06-30T01:57:49.056718,Margaretengürtel U,39,348065
2026-06-30T01:57:49.056718,Margaretengürtel U,39,348708
2026-06-30T01:57:49.056718,Mittersteig,43,345485
2026-06-30T01:57:49.056718,Mittersteig,43,345399
2026-06-30T01:57:49.056718,Mittersteig,43,345265
2026-06-30T01:57:49.056718,Mittersteig,43,345218
2026-06-30T01:57:49.056718,Mittersteig,43,345176
2026-06-30T01:57:49.056718,Mittersteig,43,345082
2026-06-30T01:57:49.056718,Mittersteig,43,345079
2026-06-30T01:57:49.056718,Mittersteig,43,345027
2026-06-30T01:57:49.056718,Mittersteig,43,345951
2026-06-30T01:57:49.056718,Mittersteig,43,345924
2026-06-30T01:57:49.056718,Mittersteig,43,345910
2026-06-30T01:57:49.056718,Mittersteig,43,345601
2026-06-30T01:57:49.056718,Mittersteig,43,345575
2026-06-30T01:57:49.056718,Mittersteig,43,346444
2026-06-30T01:57:49.056718,Mittersteig,43,346439
2026-06-30T01:57:49.056718,Mittersteig,43,346400
2026-06-30T01:57:49.056718,Mittersteig,43,346260
2026-06-30T01:57:49.056718,Mittersteig,43,346201
2026-06-30T01:57:49.056718,Mittersteig,43,346054
2026-06-30T01:57:49.056718,Mittersteig,43,346006
2026-06-30T01:57:49.056718,Mittersteig,43,346881
2026-06-30T01:57:49.056718,Mittersteig,43,346841
2026-06-30T01:57:49.056718,Mittersteig,43,346641
2026-06-30T01:57:49.056718,Mittersteig,43,346591
2026-06-30T01:57:49.056718,Mittersteig,43,347332
2026-06-30T01:57:49.056718,Mittersteig,43,347196
2026-06-30T01:57:49.056718,Mittersteig,43,347147
2026-06-30T01:57:49.056718,Mittersteig,43,347053
2026-06-30T01:57:49.056718,Mittersteig,43,347001
2026-06-30T01:57:49.056718,Mittersteig,43,347831
2026-06-30T01:57:49.056718,Mittersteig,43,347816
2026-06-30T01:57:49.056718,Mittersteig,43,347756
2026-06-30T01:57:49.056718,Mittersteig,43,347699
2026-06-30T01:57:49.056718,Mittersteig,43,347598
2026-06-30T01:57:49.056718,Mittersteig,43,347591
2026-06-30T01:57:49.056718,Mittersteig,43,348378
2026-06-30T01:57:49.056718,Mittersteig,43,348113
2026-06-30T01:57:49.056718,Mittersteig,43,348085
2026-06-30T01:57:49.056718,Mittersteig,43,348644
2026-06-30T01:57:49.056718,Mittersteig,43,348580
2026-06-30T01:57:49.056718,Mittersteig,43,348555
2026-06-30T01:57:49.056718,Mittersteig,43,398848
2026-06-30T01:57:49.056718,Mittersteig,43,398748
2026-06-30T01:57:49.056718,Ceija-Stojka-Platz,16,345959
2026-06-30T01:57:49.056718,Ceija-Stojka-Platz,16,346251
2026-06-30T01:57:49.056718,Ceija-Stojka-Platz,16,346182
2026-06-30T01:57:49.056718,Ceija-Stojka-Platz,16,346066
2026-06-30T01:57:49.056718,Ceija-Stojka-Platz,16,346056
2026-06-30T01:57:49.056718,Ceija-Stojka-Platz,16,346658
2026-06-30T01:57:49.056718,Ceija-Stojka-Platz,16,346629
2026-06-30T01:57:49.056718,Ceija-Stojka-Platz,16,347446
2026-06-30T01:57:49.056718,Ceija-Stojka-Platz,16,347186
2026-06-30T01:57:49.056718,Ceija-Stojka-Platz,16,347711
2026-06-30T01:57:49.056718,Ceija-Stojka-Platz,16,347612
2026-06-30T01:57:49.056718,Ceija-Stojka-Platz,16,348467
2026-06-30T01:57:49.056718,Ceija-Stojka-Platz,16,348136
2026-06-30T01:57:49.056718,Ceija-Stojka-Platz,16,348021
2026-06-30T01:57:49.056718,Ceija-Stojka-Platz,16,349151
2026-06-30T01:57:49.056718,Ceija-Stojka-Platz,16,349117
2026-06-30T01:57:49.056718,Volkstheater U,4,345436
2026-06-30T01:57:49.056718,Volkstheater U,4,345788
2026-06-30T01:57:49.056718,Volkstheater U,4,346015
2026-06-30T01:57:49.056718,Volkstheater U,4,346895
2026-06-30T01:57:49.056718,Zieglergasse U,8,345831
2026-06-30T01:57:49.056718,Zieglergasse U,8,346406
2026-06-30T01:57:49.056718,Zieglergasse U,8,346088
2026-06-30T01:57:49.056718,Zieglergasse U,8,347326
2026-06-30T01:57:49.056718,Zieglergasse U,8,347299
2026-06-30T01:57:49.056718,Zieglergasse U,8,347507
2026-06-30T01:57:49.056718,Zieglergasse U,8,348517
2026-06-30T01:57:49.056718,Zieglergasse U,8,398790
2026-06-30T01:57:49.056718,Oskar-Morgenstern-Platz,20,345367
2026-06-30T01:57:49.056718,Oskar-Morgenstern-Platz,20,345343
2026-06-30T01:57:49.056718,Oskar-Morgenstern-Platz,20,345179
2026-06-30T01:57:49.056718,Oskar-Morgenstern-Platz,20,345057
2026-06-30T01:57:49.056718,Oskar-Morgenstern-Platz,20,345013
2026-06-30T01:57:49.056718,Oskar-Morgenstern-Platz,20,345977
2026-06-30T01:57:49.056718,Oskar-Morgenstern-Platz,20,346482
2026-06-30T01:57:49.056718,Oskar-Morgenstern-Platz,20,346470
2026-06-30T01:57:49.056718,Oskar-Morgenstern-Platz,20,346229
2026-06-30T01:57:49.056718,Oskar-Morgenstern-Platz,20,346172
2026-06-30T01:57:49.056718,Oskar-Morgenstern-Platz,20,346861
2026-06-30T01:57:49.056718,Oskar-Morgenstern-Platz,20,346811
2026-06-30T01:57:49.056718,Oskar-Morgenstern-Platz,20,346764
2026-06-30T01:57:49.056718,Oskar-Morgenstern-Platz,20,347330
2026-06-30T01:57:49.056718,Oskar-Morgenstern-Platz,20,347696
2026-06-30T01:57:49.056718,Oskar-Morgenstern-Platz,20,347553
2026-06-30T01:57:49.056718,Oskar-Morgenstern-Platz,20,348158
2026-06-30T01:57:49.056718,Oskar-Morgenstern-Platz,20,348045
2026-06-30T01:57:49.056718,Oskar-Morgenstern-Platz,20,348683
2026-06-30T01:57:49.056718,Oskar-Morgenstern-Platz,20,398761
2026-06-30T01:57:49.056718,Friedensbrücke U,25,345496
2026-06-30T01:57:49.056718,Friedensbrücke U,25,345323
2026-06-30T01:57:49.056718,Friedensbrücke U,25,345965
2026-06-30T01:57:49.056718,Friedensbrücke U,25,345797
2026-06-30T01:57:49.056718,Friedensbrücke U,25,345750
2026-06-30T01:57:49.056718,Friedensbrücke U,25,346422
2026-06-30T01:57:49.056718,Friedensbrücke U,25,346156
2026-06-30T01:57:49.056718,Friedensbrücke U,25,346903
2026-06-30T01:57:49.056718,Friedensbrücke U,25,346559
2026-06-30T01:57:49.056718,Friedensbrücke U,25,346523
2026-06-30T01:57:49.056718,Friedensbrücke U,25,347411
2026-06-30T01:57:49.056718,Friedensbrücke U,25,347146
2026-06-30T01:57:49.056718,Friedensbrücke U,25,347938
2026-06-30T01:57:49.056718,Friedensbrücke U,25,347895
2026-06-30T01:57:49.056718,Friedensbrücke U,25,347784
2026-06-30T01:57:49.056718,Friedensbrücke U,25,347628
2026-06-30T01:57:49.056718,Friedensbrücke U,25,347569
2026-06-30T01:57:49.056718,Friedensbrücke U,25,347546
2026-06-30T01:57:49.056718,Friedensbrücke U,25,348468
2026-06-30T01:57:49.056718,Friedensbrücke U,25,348340
2026-06-30T01:57:49.056718,Friedensbrücke U,25,348210
2026-06-30T01:57:49.056718,Friedensbrücke U,25,348142
2026-06-30T01:57:49.056718,Friedensbrücke U,25,348036
2026-06-30T01:57:49.056718,Friedensbrücke U,25,348840
2026-06-30T01:57:49.056718,Friedensbrücke U,25,348820
2026-06-30T01:57:49.056718,Spittelau S U,36,345125
2026-06-30T01:57:49.056718,Spittelau S U,36,345122
2026-06-30T01:57:49.056718,Spittelau S U,36,345121
2026-06-30T01:57:49.056718,Spittelau S U,36,345748
2026-06-30T01:57:49.056718,Spittelau S U,36,345648
2026-06-30T01:57:49.056718,Spittelau S U,36,345562
2026-06-30T01:57:49.056718,Spittelau S U,36,346308
2026-06-30T01:57:49.056718,Spittelau S U,36,346083
2026-06-30T01:57:49.056718,Spittelau S U,36,346751
2026-06-30T01:57:49.056718,Spittelau S U,36,346580
2026-06-30T01:57:49.056718,Spittelau S U,36,346521
2026-06-30T01:57:49.056718,Spittelau S U,36,346502
2026-06-30T01:57:49.056718,Spittelau S U,36,347334
2026-06-30T01:57:49.056718,Spittelau S U,36,347260
2026-06-30T01:57:49.056718,Spittelau S U,36,347248
2026-06-30T01:57:49.056718,Spittelau S U,36,347221
2026-06-30T01:57:49.056718,Spittelau S U,36,347169
2026-06-30T01:57:49.056718,Spittelau S U,36,347168
2026-06-30T01:57:49.056718,Spittelau S U,36,347097
2026-06-30T01:57:49.056718,Spittelau S U,36,347932
2026-06-30T01:57:49.056718,Spittelau S U,36,347864
2026-06-30T01:57:49.056718,Spittelau S U,36,347707
2026-06-30T01:57:49.056718,Spittelau S U,36,347617
2026-06-30T01:57:49.056718,Spittelau S U,36,347558
2026-06-30T01:57:49.056718,Spittelau S U,36,348259
2026-06-30T01:57:49.056718,Spittelau S U,36,348141
2026-06-30T01:57:49.056718,Spittelau S U,36,348105
2026-06-30T01:57:49.056718,Spittelau S U,36,348006
2026-06-30T01:57:49.056718,Spittelau S U,36,348651
2026-06-30T01:57:49.056718,Spittelau S U,36,348641
2026-06-30T01:57:49.056718,Spittelau S U,36,348615
2026-06-30T01:57:49.056718,Spittelau S U,36,398804
2026-06-30T01:57:49.056718,Spittelau S U,36,398802
2026-06-30T01:57:49.056718,Spittelau S U,36,398799
2026-06-30T01:57:49.056718,Spittelau S U,36,398753
2026-06-30T01:57:49.056718,Spittelau S U,36,398745
2026-06-30T01:57:49.056718,Absbergbrücke ,19,345373
2026-06-30T01:57:49.056718,Absbergbrücke ,19,345162
2026-06-30T01:57:49.056718,Absbergbrücke ,19,345853
2026-06-30T01:57:49.056718,Absbergbrücke ,19,346350
2026-06-30T01:57:49.056718,Absbergbrücke ,19,346344
2026-06-30T01:57:49.056718,Absbergbrücke ,19,346240
2026-06-30T01:57:49.056718,Absbergbrücke ,19,346226
2026-06-30T01:57:49.056718,Absbergbrücke ,19,346000
2026-06-30T01:57:49.056718,Absbergbrücke ,19,347310
2026-06-30T01:57:49.056718,Absbergbrücke ,19,347297
2026-06-30T01:57:49.056718,Absbergbrücke ,19,347238
2026-06-30T01:57:49.056718,Absbergbrücke ,19,347999
2026-06-30T01:57:49.056718,Absbergbrücke ,19,348452
2026-06-30T01:57:49.056718,Absbergbrücke ,19,348441
2026-06-30T01:57:49.056718,Absbergbrücke ,19,348434
2026-06-30T01:57:49.056718,Absbergbrücke ,19,348306
2026-06-30T01:57:49.056718,Absbergbrücke ,19,348010
2026-06-30T01:57:49.056718,Absbergbrücke ,19,348567
2026-06-30T01:57:49.056718,Absbergbrücke ,19,398808
2026-06-30T01:57:49.056718,Altes Landgut U,14,345223
2026-06-30T01:57:49.056718,Altes Landgut U,14,345001
2026-06-30T01:57:49.056718,Altes Landgut U,14,346921
2026-06-30T01:57:49.056718,Altes Landgut U,14,346599
2026-06-30T01:57:49.056718,Altes Landgut U,14,347285
2026-06-30T01:57:49.056718,Altes Landgut U,14,347121
2026-06-30T01:57:49.056718,Altes Landgut U,14,347965
2026-06-30T01:57:49.056718,Altes Landgut U,14,347840
2026-06-30T01:57:49.056718,Altes Landgut U,14,347593
2026-06-30T01:57:49.056718,Altes Landgut U,14,348342
2026-06-30T01:57:49.056718,Altes Landgut U,14,348532
2026-06-30T01:57:49.056718,Altes Landgut U,14,398860
2026-06-30T01:57:49.056718,Altes Landgut U,14,349092
2026-06-30T01:57:49.056718,Altes Landgut U,14,348939
2026-06-30T01:57:49.056718,Bloch-Bauer-Promenade,10,346354
2026-06-30T01:57:49.056718,Bloch-Bauer-Promenade,10,346874
2026-06-30T01:57:49.056718,Bloch-Bauer-Promenade,10,347588
2026-06-30T01:57:49.056718,Bloch-Bauer-Promenade,10,348298
2026-06-30T01:57:49.056718,Bloch-Bauer-Promenade,10,348117
2026-06-30T01:57:49.056718,Bloch-Bauer-Promenade,10,348619
2026-06-30T01:57:49.056718,Bloch-Bauer-Promenade,10,398857
2026-06-30T01:57:49.056718,Bloch-Bauer-Promenade,10,349083
2026-06-30T01:57:49.056718,Bloch-Bauer-Promenade,10,349007
2026-06-30T01:57:49.056718,Bloch-Bauer-Promenade,10,348832
2026-06-30T01:57:49.056718,Hauptbahnhof S U ,24,345190
2026-06-30T01:57:49.056718,Hauptbahnhof S U ,24,345980
2026-06-30T01:57:49.056718,Hauptbahnhof S U ,24,345936
2026-06-30T01:57:49.056718,Hauptbahnhof S U ,24,345915
2026-06-30T01:57:49.056718,Hauptbahnhof S U ,24,345774
2026-06-30T01:57:49.056718,Hauptbahnhof S U ,24,345506
2026-06-30T01:57:49.056718,Hauptbahnhof S U ,24,346483
2026-06-30T01:57:49.056718,Hauptbahnhof S U ,24,346065
2026-06-30T01:57:49.056718,Hauptbahnhof S U ,24,346024
2026-06-30T01:57:49.056718,Hauptbahnhof S U ,24,346985
2026-06-30T01:57:49.056718,Hauptbahnhof S U ,24,346883
2026-06-30T01:57:49.056718,Hauptbahnhof S U ,24,346879
2026-06-30T01:57:49.056718,Hauptbahnhof S U ,24,346871
2026-06-30T01:57:49.056718,Hauptbahnhof S U ,24,346768
2026-06-30T01:57:49.056718,Hauptbahnhof S U ,24,346553
2026-06-30T01:57:49.056718,Hauptbahnhof S U ,24,347277
2026-06-30T01:57:49.056718,Hauptbahnhof S U ,24,347851
2026-06-30T01:57:49.056718,Hauptbahnhof S U ,24,347715
2026-06-30T01:57:49.056718,Hauptbahnhof S U ,24,348239
2026-06-30T01:57:49.056718,Hauptbahnhof S U ,24,348138
2026-06-30T01:57:49.056718,Hauptbahnhof S U ,24,348130
2026-06-30T01:57:49.056718,Hauptbahnhof S U ,24,348031
2026-06-30T01:57:49.056718,Hauptbahnhof S U ,24,398728
2026-06-30T01:57:49.056718,Hauptbahnhof S U ,24,348973
2026-06-30T01:57:49.056718,Keplerplatz U,15,345497
2026-06-30T01:57:49.056718,Keplerplatz U,15,345397
2026-06-30T01:57:49.056718,Keplerplatz U,15,345185
2026-06-30T01:57:49.056718,Keplerplatz U,15,345089
2026-06-30T01:57:49.056718,Keplerplatz U,15,345925
2026-06-30T01:57:49.056718,Keplerplatz U,15,345921
2026-06-30T01:57:49.056718,Keplerplatz U,15,346931
2026-06-30T01:57:49.056718,Keplerplatz U,15,346608
2026-06-30T01:57:49.056718,Keplerplatz U,15,347422
2026-06-30T01:57:49.056718,Keplerplatz U,15,347120
2026-06-30T01:57:49.056718,Keplerplatz U,15,347076
2026-06-30T01:57:49.056718,Keplerplatz U,15,347901
2026-06-30T01:57:49.056718,Keplerplatz U,15,348216
2026-06-30T01:57:49.056718,Keplerplatz U,15,348576
2026-06-30T01:57:49.056718,Keplerplatz U,15,348528
2026-06-30T01:57:49.056718,Puchsbaumgasse,2,348964
2026-06-30T01:57:49.056718,Puchsbaumgasse,2,398873
2026-06-30T01:57:49.056718,Enkplatz U,5,345461
2026-06-30T01:57:49.056718,Enkplatz U,5,346757
2026-06-30T01:57:49.056718,Enkplatz U,5,347093
2026-06-30T01:57:49.056718,Enkplatz U,5,348427
2026-06-30T01:57:49.056718,Enkplatz U,5,349001
2026-06-30T01:57:49.056718,Gasometer U,17,345355
2026-06-30T01:57:49.056718,Gasometer U,17,345113
2026-06-30T01:57:49.056718,Gasometer U,17,345991
2026-06-30T01:57:49.056718,Gasometer U,17,346944
2026-06-30T01:57:49.056718,Gasometer U,17,346518
2026-06-30T01:57:49.056718,Gasometer U,17,347407
2026-06-30T01:57:49.056718,Gasometer U,17,347279
2026-06-30T01:57:49.056718,Gasometer U,17,347824
2026-06-30T01:57:49.056718,Gasometer U,17,347798
2026-06-30T01:57:49.056718,Gasometer U,17,347786
2026-06-30T01:57:49.056718,Gasometer U,17,348482
2026-06-30T01:57:49.056718,Gasometer U,17,348356
2026-06-30T01:57:49.056718,Gasometer U,17,348211
2026-06-30T01:57:49.056718,Gasometer U,17,348048
2026-06-30T01:57:49.056718,Gasometer U,17,349046
2026-06-30T01:57:49.056718,Gasometer U,17,349026
2026-06-30T01:57:49.056718,Gasometer U,17,348821
2026-06-30T01:57:49.056718,Geiselbergstraße S,16,345499
2026-06-30T01:57:49.056718,Geiselbergstraße S,16,345777
2026-06-30T01:57:49.056718,Geiselbergstraße S,16,345666
2026-06-30T01:57:49.056718,Geiselbergstraße S,16,346562
2026-06-30T01:57:49.056718,Geiselbergstraße S,16,347077
2026-06-30T01:57:49.056718,Geiselbergstraße S,16,347042
2026-06-30T01:57:49.056718,Geiselbergstraße S,16,347038
2026-06-30T01:57:49.056718,Geiselbergstraße S,16,348372
2026-06-30T01:57:49.056718,Geiselbergstraße S,16,348166
2026-06-30T01:57:49.056718,Geiselbergstraße S,16,348161
2026-06-30T01:57:49.056718,Geiselbergstraße S,16,348046
2026-06-30T01:57:49.056718,Geiselbergstraße S,16,348673
2026-06-30T01:57:49.056718,Geiselbergstraße S,16,348565
2026-06-30T01:57:49.056718,Geiselbergstraße S,16,349039
2026-06-30T01:57:49.056718,Geiselbergstraße S,16,349178
2026-06-30T01:57:49.056718,Geiselbergstraße S,16,349172
2026-06-30T01:57:49.056718,Simmering S U,14,345905
2026-06-30T01:57:49.056718,Simmering S U,14,345771
2026-06-30T01:57:49.056718,Simmering S U,14,345717
2026-06-30T01:57:49.056718,Simmering S U,14,346485
2026-06-30T01:57:49.056718,Simmering S U,14,346337
2026-06-30T01:57:49.056718,Simmering S U,14,346194
2026-06-30T01:57:49.056718,Simmering S U,14,346059
2026-06-30T01:57:49.056718,Simmering S U,14,346778
2026-06-30T01:57:49.056718,Simmering S U,14,346560
2026-06-30T01:57:49.056718,Simmering S U,14,346526
2026-06-30T01:57:49.056718,Simmering S U,14,347321
2026-06-30T01:57:49.056718,Simmering S U,14,347233
2026-06-30T01:57:49.056718,Simmering S U,14,348390
2026-06-30T01:57:49.056718,Simmering S U,14,348144
2026-06-30T01:57:49.056718,Niederhofstraße U,27,345471
2026-06-30T01:57:49.056718,Niederhofstraße U,27,345440
2026-06-30T01:57:49.056718,Niederhofstraße U,27,345263
2026-06-30T01:57:49.056718,Niederhofstraße U,27,345259
2026-06-30T01:57:49.056718,Niederhofstraße U,27,345075
2026-06-30T01:57:49.056718,Niederhofstraße U,27,345044
2026-06-30T01:57:49.056718,Niederhofstraße U,27,345912
2026-06-30T01:57:49.056718,Niederhofstraße U,27,345751
2026-06-30T01:57:49.056718,Niederhofstraße U,27,346442
2026-06-30T01:57:49.056718,Niederhofstraße U,27,346264
2026-06-30T01:57:49.056718,Niederhofstraße U,27,346858
2026-06-30T01:57:49.056718,Niederhofstraße U,27,346578
2026-06-30T01:57:49.056718,Niederhofstraße U,27,346510
2026-06-30T01:57:49.056718,Niederhofstraße U,27,347497
2026-06-30T01:57:49.056718,Niederhofstraße U,27,347382
2026-06-30T01:57:49.056718,Niederhofstraße U,27,347289
2026-06-30T01:57:49.056718,Niederhofstraße U,27,347913
2026-06-30T01:57:49.056718,Niederhofstraße U,27,347629
2026-06-30T01:57:49.056718,Niederhofstraße U,27,348294
2026-06-30T01:57:49.056718,Niederhofstraße U,27,348263
2026-06-30T01:57:49.056718,Niederhofstraße U,27,348135
2026-06-30T01:57:49.056718,Niederhofstraße U,27,348092
2026-06-30T01:57:49.056718,Niederhofstraße U,27,348047
2026-06-30T01:57:49.056718,Niederhofstraße U,27,348687
2026-06-30T01:57:49.056718,Niederhofstraße U,27,348578
2026-06-30T01:57:49.056718,Niederhofstraße U,27,398752
2026-06-30T01:57:49.056718,Niederhofstraße U,27,348953
2026-06-30T01:57:49.056718,Hietzing U,20,345637
2026-06-30T01:57:49.056718,Hietzing U,20,346435
2026-06-30T01:57:49.056718,Hietzing U,20,346293
2026-06-30T01:57:49.056718,Hietzing U,20,346133
2026-06-30T01:57:49.056718,Hietzing U,20,346990
2026-06-30T01:57:49.056718,Hietzing U,20,346859
2026-06-30T01:57:49.056718,Hietzing U,20,346815
2026-06-30T01:57:49.056718,Hietzing U,20,346801
2026-06-30T01:57:49.056718,Hietzing U,20,346537
2026-06-30T01:57:49.056718,Hietzing U,20,347472
2026-06-30T01:57:49.056718,Hietzing U,20,347452
2026-06-30T01:57:49.056718,Hietzing U,20,347886
2026-06-30T01:57:49.056718,Hietzing U,20,347865
2026-06-30T01:57:49.056718,Hietzing U,20,347799
2026-06-30T01:57:49.056718,Hietzing U,20,348061
2026-06-30T01:57:49.056718,Hietzing U,20,349006
2026-06-30T01:57:49.056718,Hietzing U,20,348971
2026-06-30T01:57:49.056718,Hietzing U,20,348849
2026-06-30T01:57:49.056718,Hietzing U,20,349136
2026-06-30T01:57:49.056718,Hietzing U,20,349125
2026-06-30T01:57:49.056718,Westbahnhof S U,18,345439
2026-06-30T01:57:49.056718,Westbahnhof S U,18,345416
2026-06-30T01:57:49.056718,Westbahnhof S U,18,345219
2026-06-30T01:57:49.056718,Westbahnhof S U,18,345186
2026-06-30T01:57:49.056718,Westbahnhof S U,18,345167
2026-06-30T01:57:49.056718,Westbahnhof S U,18,345707
2026-06-30T01:57:49.056718,Westbahnhof S U,18,346476
2026-06-30T01:57:49.056718,Westbahnhof S U,18,346286
2026-06-30T01:57:49.056718,Westbahnhof S U,18,346097
2026-06-30T01:57:49.056718,Westbahnhof S U,18,346912
2026-06-30T01:57:49.056718,Westbahnhof S U,18,346554
2026-06-30T01:57:49.056718,Westbahnhof S U,18,347460
2026-06-30T01:57:49.056718,Westbahnhof S U,18,347414
2026-06-30T01:57:49.056718,Westbahnhof S U,18,347408
2026-06-30T01:57:49.056718,Westbahnhof S U,18,347272
2026-06-30T01:57:49.056718,Westbahnhof S U,18,347818
2026-06-30T01:57:49.056718,Westbahnhof S U,18,347536
2026-06-30T01:57:49.056718,Westbahnhof S U,18,349184
2026-06-30T01:57:49.056718,Richard-Wagner-Platz,38,345391
2026-06-30T01:57:49.056718,Richard-Wagner-Platz,38,345381
2026-06-30T01:57:49.056718,Richard-Wagner-Platz,38,345241
2026-06-30T01:57:49.056718,Richard-Wagner-Platz,38,345161
2026-06-30T01:57:49.056718,Richard-Wagner-Platz,38,345118
2026-06-30T01:57:49.056718,Richard-Wagner-Platz,38,345107
2026-06-30T01:57:49.056718,Richard-Wagner-Platz,38,345094
2026-06-30T01:57:49.056718,Richard-Wagner-Platz,38,345081
2026-06-30T01:57:49.056718,Richard-Wagner-Platz,38,345067
2026-06-30T01:57:49.056718,Richard-Wagner-Platz,38,345061
2026-06-30T01:57:49.056718,Richard-Wagner-Platz,38,345058
2026-06-30T01:57:49.056718,Richard-Wagner-Platz,38,345838
2026-06-30T01:57:49.056718,Richard-Wagner-Platz,38,345731
2026-06-30T01:57:49.056718,Richard-Wagner-Platz,38,345541
2026-06-30T01:57:49.056718,Richard-Wagner-Platz,38,345520
2026-06-30T01:57:49.056718,Richard-Wagner-Platz,38,346488
2026-06-30T01:57:49.056718,Richard-Wagner-Platz,38,346475
2026-06-30T01:57:49.056718,Richard-Wagner-Platz,38,346453
2026-06-30T01:57:49.056718,Richard-Wagner-Platz,38,346323
2026-06-30T01:57:49.056718,Richard-Wagner-Platz,38,346291
2026-06-30T01:57:49.056718,Richard-Wagner-Platz,38,346886
2026-06-30T01:57:49.056718,Richard-Wagner-Platz,38,346795
2026-06-30T01:57:49.056718,Richard-Wagner-Platz,38,346721
2026-06-30T01:57:49.056718,Richard-Wagner-Platz,38,346671
2026-06-30T01:57:49.056718,Richard-Wagner-Platz,38,346531
2026-06-30T01:57:49.056718,Richard-Wagner-Platz,38,346515
2026-06-30T01:57:49.056718,Richard-Wagner-Platz,38,347245
2026-06-30T01:57:49.056718,Richard-Wagner-Platz,38,347102
2026-06-30T01:57:49.056718,Richard-Wagner-Platz,38,347099
2026-06-30T01:57:49.056718,Richard-Wagner-Platz,38,347079
2026-06-30T01:57:49.056718,Richard-Wagner-Platz,38,347902
2026-06-30T01:57:49.056718,Richard-Wagner-Platz,38,347898
2026-06-30T01:57:49.056718,Richard-Wagner-Platz,38,347809
2026-06-30T01:57:49.056718,Richard-Wagner-Platz,38,347654
2026-06-30T01:57:49.056718,Richard-Wagner-Platz,38,348315
2026-06-30T01:57:49.056718,Richard-Wagner-Platz,38,348223
2026-06-30T01:57:49.056718,Richard-Wagner-Platz,38,348177
2026-06-30T01:57:49.056718,Richard-Wagner-Platz,38,348147
2026-06-30T01:57:49.056718,Alser Straße U,15,345414
2026-06-30T01:57:49.056718,Alser Straße U,15,345702
2026-06-30T01:57:49.056718,Alser Straße U,15,345639
2026-06-30T01:57:49.056718,Alser Straße U,15,346279
2026-06-30T01:57:49.056718,Alser Straße U,15,346211
2026-06-30T01:57:49.056718,Alser Straße U,15,346514
2026-06-30T01:57:49.056718,Alser Straße U,15,347483
2026-06-30T01:57:49.056718,Alser Straße U,15,347976
2026-06-30T01:57:49.056718,Alser Straße U,15,347683
2026-06-30T01:57:49.056718,Alser Straße U,15,347643
2026-06-30T01:57:49.056718,Alser Straße U,15,348380
2026-06-30T01:57:49.056718,Alser Straße U,15,348271
2026-06-30T01:57:49.056718,Alser Straße U,15,348072
2026-06-30T01:57:49.056718,Alser Straße U,15,398822
2026-06-30T01:57:49.056718,Alser Straße U,15,398723
2026-06-30T01:57:49.056718,Währinger Straße U,25,345383
2026-06-30T01:57:49.056718,Währinger Straße U,25,345138
2026-06-30T01:57:49.056718,Währinger Straße U,25,345134
2026-06-30T01:57:49.056718,Währinger Straße U,25,345952
2026-06-30T01:57:49.056718,Währinger Straße U,25,345729
2026-06-30T01:57:49.056718,Währinger Straße U,25,345715
2026-06-30T01:57:49.056718,Währinger Straße U,25,345509
2026-06-30T01:57:49.056718,Währinger Straße U,25,346451
2026-06-30T01:57:49.056718,Währinger Straße U,25,346446
2026-06-30T01:57:49.056718,Währinger Straße U,25,346379
2026-06-30T01:57:49.056718,Währinger Straße U,25,346312
2026-06-30T01:57:49.056718,Währinger Straße U,25,346090
2026-06-30T01:57:49.056718,Währinger Straße U,25,346046
2026-06-30T01:57:49.056718,Währinger Straße U,25,346982
2026-06-30T01:57:49.056718,Währinger Straße U,25,346973
2026-06-30T01:57:49.056718,Währinger Straße U,25,346565
2026-06-30T01:57:49.056718,Währinger Straße U,25,346549
2026-06-30T01:57:49.056718,Währinger Straße U,25,347495
2026-06-30T01:57:49.056718,Währinger Straße U,25,347323
2026-06-30T01:57:49.056718,Währinger Straße U,25,347080
2026-06-30T01:57:49.056718,Währinger Straße U,25,347048
2026-06-30T01:57:49.056718,Währinger Straße U,25,347637
2026-06-30T01:57:49.056718,Währinger Straße U,25,347564
2026-06-30T01:57:49.056718,Währinger Straße U,25,398846
2026-06-30T01:57:49.056718,Währinger Straße U,25,398762
2026-06-30T01:57:49.056718,Hardtgasse,24,345489
2026-06-30T01:57:49.056718,Hardtgasse,24,345453
2026-06-30T01:57:49.056718,Hardtgasse,24,345377
2026-06-30T01:57:49.056718,Hardtgasse,24,345288
2026-06-30T01:57:49.056718,Hardtgasse,24,345969
2026-06-30T01:57:49.056718,Hardtgasse,24,345632
2026-06-30T01:57:49.056718,Hardtgasse,24,345596
2026-06-30T01:57:49.056718,Hardtgasse,24,345595
2026-06-30T01:57:49.056718,Hardtgasse,24,346204
2026-06-30T01:57:49.056718,Hardtgasse,24,346136
2026-06-30T01:57:49.056718,Hardtgasse,24,346093
2026-06-30T01:57:49.056718,Hardtgasse,24,346092
2026-06-30T01:57:49.056718,Hardtgasse,24,346789
2026-06-30T01:57:49.056718,Hardtgasse,24,346727
2026-06-30T01:57:49.056718,Hardtgasse,24,346584
2026-06-30T01:57:49.056718,Hardtgasse,24,347418
2026-06-30T01:57:49.056718,Hardtgasse,24,347391
2026-06-30T01:57:49.056718,Hardtgasse,24,347971
2026-06-30T01:57:49.056718,Hardtgasse,24,347698
2026-06-30T01:57:49.056718,Hardtgasse,24,347681
2026-06-30T01:57:49.056718,Hardtgasse,24,347520
2026-06-30T01:57:49.056718,Hardtgasse,24,398854
2026-06-30T01:57:49.056718,Hardtgasse,24,398776
2026-06-30T01:57:49.056718,Hardtgasse,24,348845
2026-06-30T01:57:49.056718,Handelskai S U,26,345474
2026-06-30T01:57:49.056718,Handelskai S U,26,345384
2026-06-30T01:57:49.056718,Handelskai S U,26,345154
2026-06-30T01:57:49.056718,Handelskai S U,26,345956
2026-06-30T01:57:49.056718,Handelskai S U,26,345599
2026-06-30T01:57:49.056718,Handelskai S U,26,346998
2026-06-30T01:57:49.056718,Handelskai S U,26,346627
2026-06-30T01:57:49.056718,Handelskai S U,26,347430
2026-06-30T01:57:49.056718,Handelskai S U,26,347421
2026-06-30T01:57:49.056718,Handelskai S U,26,347328
2026-06-30T01:57:49.056718,Handelskai S U,26,347212
2026-06-30T01:57:49.056718,Handelskai S U,26,347064
2026-06-30T01:57:49.056718,Handelskai S U,26,347954
2026-06-30T01:57:49.056718,Handelskai S U,26,347917
2026-06-30T01:57:49.056718,Handelskai S U,26,347861
2026-06-30T01:57:49.056718,Handelskai S U,26,347771
2026-06-30T01:57:49.056718,Handelskai S U,26,347511
2026-06-30T01:57:49.056718,Handelskai S U,26,348388
2026-06-30T01:57:49.056718,Handelskai S U,26,348283
2026-06-30T01:57:49.056718,Handelskai S U,26,348175
2026-06-30T01:57:49.056718,Handelskai S U,26,348571
2026-06-30T01:57:49.056718,Handelskai S U,26,398794
2026-06-30T01:57:49.056718,Handelskai S U,26,348918
2026-06-30T01:57:49.056718,Handelskai S U,26,348884
2026-06-30T01:57:49.056718,Handelskai S U,26,348807
2026-06-30T01:57:49.056718,Handelskai S U,26,349195
2026-06-30T01:57:49.056718,Wallensteinplatz,51,345372
2026-06-30T01:57:49.056718,Wallensteinplatz,51,345348
2026-06-30T01:57:49.056718,Wallensteinplatz,51,345127
2026-06-30T01:57:49.056718,Wallensteinplatz,51,345024
2026-06-30T01:57:49.056718,Wallensteinplatz,51,345005
2026-06-30T01:57:49.056718,Wallensteinplatz,51,345902
2026-06-30T01:57:49.056718,Wallensteinplatz,51,345855
2026-06-30T01:57:49.056718,Wallensteinplatz,51,345846
2026-06-30T01:57:49.056718,Wallensteinplatz,51,345724
2026-06-30T01:57:49.056718,Wallensteinplatz,51,345697
2026-06-30T01:57:49.056718,Wallensteinplatz,51,345622
2026-06-30T01:57:49.056718,Wallensteinplatz,51,345519
2026-06-30T01:57:49.056718,Wallensteinplatz,51,346477
2026-06-30T01:57:49.056718,Wallensteinplatz,51,346369
2026-06-30T01:57:49.056718,Wallensteinplatz,51,346351
2026-06-30T01:57:49.056718,Wallensteinplatz,51,346134
2026-06-30T01:57:49.056718,Wallensteinplatz,51,346117
2026-06-30T01:57:49.056718,Wallensteinplatz,51,346986
2026-06-30T01:57:49.056718,Wallensteinplatz,51,346783
2026-06-30T01:57:49.056718,Wallensteinplatz,51,346723
2026-06-30T01:57:49.056718,Wallensteinplatz,51,346620
2026-06-30T01:57:49.056718,Wallensteinplatz,51,346590
2026-06-30T01:57:49.056718,Wallensteinplatz,51,347443
2026-06-30T01:57:49.056718,Wallensteinplatz,51,347300
2026-06-30T01:57:49.056718,Wallensteinplatz,51,347275
2026-06-30T01:57:49.056718,Wallensteinplatz,51,347250
2026-06-30T01:57:49.056718,Wallensteinplatz,51,347113
2026-06-30T01:57:49.056718,Wallensteinplatz,51,347111
2026-06-30T01:57:49.056718,Wallensteinplatz,51,347071
2026-06-30T01:57:49.056718,Wallensteinplatz,51,347067
2026-06-30T01:57:49.056718,Wallensteinplatz,51,347995
2026-06-30T01:57:49.056718,Wallensteinplatz,51,347949
2026-06-30T01:57:49.056718,Wallensteinplatz,51,347933
2026-06-30T01:57:49.056718,Wallensteinplatz,51,347640
2026-06-30T01:57:49.056718,Wallensteinplatz,51,347568
2026-06-30T01:57:49.056718,Wallensteinplatz,51,348373
2026-06-30T01:57:49.056718,Wallensteinplatz,51,348240
2026-06-30T01:57:49.056718,Wallensteinplatz,51,348221
2026-06-30T01:57:49.056718,Wallensteinplatz,51,348212
2026-06-30T01:57:49.056718,Wallensteinplatz,51,348183
2026-06-30T01:57:49.056718,Wallensteinplatz,51,348173
2026-06-30T01:57:49.056718,Wallensteinplatz,51,348146
2026-06-30T01:57:49.056718,Wallensteinplatz,51,348118
2026-06-30T01:57:49.056718,Wallensteinplatz,51,348098
2026-06-30T01:57:49.056718,Wallensteinplatz,51,348081
2026-06-30T01:57:49.056718,Wallensteinplatz,51,348597
2026-06-30T01:57:49.056718,Wallensteinplatz,51,348589
2026-06-30T01:57:49.056718,Wallensteinplatz,51,348525
2026-06-30T01:57:49.056718,Wallensteinplatz,51,349082
2026-06-30T01:57:49.056718,Wallensteinplatz,51,348976
2026-06-30T01:57:49.056718,Wallensteinplatz,51,348928
2026-06-30T01:57:49.056718,Brünner Straße S,3,345492
2026-06-30T01:57:49.056718,Brünner Straße S,3,346044
2026-06-30T01:57:49.056718,Brünner Straße S,3,347438
2026-06-30T01:57:49.056718,Floridsdorf S U,31,345498
2026-06-30T01:57:49.056718,Floridsdorf S U,31,345458
2026-06-30T01:57:49.056718,Floridsdorf S U,31,345159
2026-06-30T01:57:49.056718,Floridsdorf S U,31,345988
2026-06-30T01:57:49.056718,Floridsdorf S U,31,345958
2026-06-30T01:57:49.056718,Floridsdorf S U,31,345683
2026-06-30T01:57:49.056718,Floridsdorf S U,31,345680
2026-06-30T01:57:49.056718,Floridsdorf S U,31,345636
2026-06-30T01:57:49.056718,Floridsdorf S U,31,346402
2026-06-30T01:57:49.056718,Floridsdorf S U,31,346319
2026-06-30T01:57:49.056718,Floridsdorf S U,31,346288
2026-06-30T01:57:49.056718,Floridsdorf S U,31,346775
2026-06-30T01:57:49.056718,Floridsdorf S U,31,346628
2026-06-30T01:57:49.056718,Floridsdorf S U,31,347487
2026-06-30T01:57:49.056718,Floridsdorf S U,31,347109
2026-06-30T01:57:49.056718,Floridsdorf S U,31,347614
2026-06-30T01:57:49.056718,Floridsdorf S U,31,347613
2026-06-30T01:57:49.056718,Floridsdorf S U,31,347570
2026-06-30T01:57:49.056718,Floridsdorf S U,31,347531
2026-06-30T01:57:49.056718,Floridsdorf S U,31,348480
2026-06-30T01:57:49.056718,Floridsdorf S U,31,348413
2026-06-30T01:57:49.056718,Floridsdorf S U,31,348387
2026-06-30T01:57:49.056718,Floridsdorf S U,31,348099
2026-06-30T01:57:49.056718,Floridsdorf S U,31,348694
2026-06-30T01:57:49.056718,Floridsdorf S U,31,348628
2026-06-30T01:57:49.056718,Floridsdorf S U,31,348599
2026-06-30T01:57:49.056718,Floridsdorf S U,31,348568
2026-06-30T01:57:49.056718,Floridsdorf S U,31,348563
2026-06-30T01:57:49.056718,Floridsdorf S U,31,398856
2026-06-30T01:57:49.056718,Floridsdorf S U,31,398818
2026-06-30T01:57:49.056718,Floridsdorf S U,31,349167
2026-06-30T01:57:49.056718,Großfeldsiedlung U,8,345105
2026-06-30T01:57:49.056718,Großfeldsiedlung U,8,346298
2026-06-30T01:57:49.056718,Großfeldsiedlung U,8,347322
2026-06-30T01:57:49.056718,Großfeldsiedlung U,8,347862
2026-06-30T01:57:49.056718,Großfeldsiedlung U,8,347503
2026-06-30T01:57:49.056718,Großfeldsiedlung U,8,348442
2026-06-30T01:57:49.056718,Großfeldsiedlung U,8,348001
2026-06-30T01:57:49.056718,Großfeldsiedlung U,8,398819
2026-06-30T01:57:49.056718,Siemensstraße S,13,345555
2026-06-30T01:57:49.056718,Siemensstraße S,13,346165
2026-06-30T01:57:49.056718,Siemensstraße S,13,346984
2026-06-30T01:57:49.056718,Siemensstraße S,13,347129
2026-06-30T01:57:49.056718,Siemensstraße S,13,347605
2026-06-30T01:57:49.056718,Siemensstraße S,13,348336
2026-06-30T01:57:49.056718,Siemensstraße S,13,348035
2026-06-30T01:57:49.056718,Siemensstraße S,13,348004
2026-06-30T01:57:49.056718,Siemensstraße S,13,348666
2026-06-30T01:57:49.056718,Siemensstraße S,13,348546
2026-06-30T01:57:49.056718,Siemensstraße S,13,398733
2026-06-30T01:57:49.056718,Siemensstraße S,13,348915
2026-06-30T01:57:49.056718,Siemensstraße S,13,349169
2026-06-30T01:57:49.056718,Aspernstraße U,9,345047
2026-06-30T01:57:49.056718,Aspernstraße U,9,347439
2026-06-30T01:57:49.056718,Aspernstraße U,9,347303
2026-06-30T01:57:49.056718,Aspernstraße U,9,347235
2026-06-30T01:57:49.056718,Aspernstraße U,9,347060
2026-06-30T01:57:49.056718,Aspernstraße U,9,347846
2026-06-30T01:57:49.056718,Aspernstraße U,9,347842
2026-06-30T01:57:49.056718,Aspernstraße U,9,347822
2026-06-30T01:57:49.056718,Aspernstraße U,9,347791
2026-06-30T01:57:49.056718,Donauspital U,19,345302
2026-06-30T01:57:49.056718,Donauspital U,19,345141
2026-06-30T01:57:49.056718,Donauspital U,19,345132
2026-06-30T01:57:49.056718,Donauspital U,19,345026
2026-06-30T01:57:49.056718,Donauspital U,19,345808
2026-06-30T01:57:49.056718,Donauspital U,19,345712
2026-06-30T01:57:49.056718,Donauspital U,19,345611
2026-06-30T01:57:49.056718,Donauspital U,19,345604
2026-06-30T01:57:49.056718,Donauspital U,19,346335
2026-06-30T01:57:49.056718,Donauspital U,19,346137
2026-06-30T01:57:49.056718,Donauspital U,19,346827
2026-06-30T01:57:49.056718,Donauspital U,19,346633
2026-06-30T01:57:49.056718,Donauspital U,19,347319
2026-06-30T01:57:49.056718,Donauspital U,19,347044
2026-06-30T01:57:49.056718,Donauspital U,19,347961
2026-06-30T01:57:49.056718,Donauspital U,19,347689
2026-06-30T01:57:49.056718,Donauspital U,19,348108
2026-06-30T01:57:49.056718,Donauspital U,19,348026
2026-06-30T01:57:49.056718,Donauspital U,19,398852
2026-06-30T01:57:49.056718,Erzherzog-Karl-Straße S,9,345207
2026-06-30T01:57:49.056718,Erzherzog-Karl-Straße S,9,346249
2026-06-30T01:57:49.056718,Erzherzog-Karl-Straße S,9,346135
2026-06-30T01:57:49.056718,Erzherzog-Karl-Straße S,9,346994
2026-06-30T01:57:49.056718,Erzherzog-Karl-Straße S,9,347748
2026-06-30T01:57:49.056718,Erzherzog-Karl-Straße S,9,348266
2026-06-30T01:57:49.056718,Erzherzog-Karl-Straße S,9,348059
2026-06-30T01:57:49.056718,Erzherzog-Karl-Straße S,9,398811
2026-06-30T01:57:49.056718,Erzherzog-Karl-Straße S,9,349036
2026-06-30T01:57:49.056718,Hausfeldstraße S U,26,345408
2026-06-30T01:57:49.056718,Hausfeldstraße S U,26,345252
2026-06-30T01:57:49.056718,Hausfeldstraße S U,26,345051
2026-06-30T01:57:49.056718,Hausfeldstraße S U,26,345812
2026-06-30T01:57:49.056718,Hausfeldstraße S U,26,345737
2026-06-30T01:57:49.056718,Hausfeldstraße S U,26,345676
2026-06-30T01:57:49.056718,Hausfeldstraße S U,26,345605
2026-06-30T01:57:49.056718,Hausfeldstraße S U,26,345542
2026-06-30T01:57:49.056718,Hausfeldstraße S U,26,346123
2026-06-30T01:57:49.056718,Hausfeldstraße S U,26,346726
2026-06-30T01:57:49.056718,Hausfeldstraße S U,26,346638
2026-06-30T01:57:49.056718,Hausfeldstraße S U,26,346527
2026-06-30T01:57:49.056718,Hausfeldstraße S U,26,347353
2026-06-30T01:57:49.056718,Hausfeldstraße S U,26,347341
2026-06-30T01:57:49.056718,Hausfeldstraße S U,26,347232
2026-06-30T01:57:49.056718,Hausfeldstraße S U,26,347157
2026-06-30T01:57:49.056718,Hausfeldstraße S U,26,347661
2026-06-30T01:57:49.056718,Hausfeldstraße S U,26,347600
2026-06-30T01:57:49.056718,Hausfeldstraße S U,26,347583
2026-06-30T01:57:49.056718,Hausfeldstraße S U,26,347512
2026-06-30T01:57:49.056718,Hausfeldstraße S U,26,348320
2026-06-30T01:57:49.056718,Hausfeldstraße S U,26,348268
2026-06-30T01:57:49.056718,Hausfeldstraße S U,26,348101
2026-06-30T01:57:49.056718,Hausfeldstraße S U,26,348638
2026-06-30T01:57:49.056718,Hausfeldstraße S U,26,398833
2026-06-30T01:57:49.056718,Hausfeldstraße S U,26,398736
2026-06-30T01:57:49.056718,Kagran U,19,345046
2026-06-30T01:57:49.056718,Kagran U,19,346464
2026-06-30T01:57:49.056718,Kagran U,19,346338
2026-06-30T01:57:49.056718,Kagran U,19,346300
2026-06-30T01:57:49.056718,Kagran U,19,346080
2026-06-30T01:57:49.056718,Kagran U,19,346050
2026-06-30T01:57:49.056718,Kagran U,19,346767
2026-06-30T01:57:49.056718,Kagran U,19,346569
2026-06-30T01:57:49.056718,Kagran U,19,347163
2026-06-30T01:57:49.056718,Kagran U,19,347922
2026-06-30T01:57:49.056718,Kagran U,19,347675
2026-06-30T01:57:49.056718,Kagran U,19,347627
2026-06-30T01:57:49.056718,Kagran U,19,347534
2026-06-30T01:57:49.056718,Kagran U,19,347527
2026-06-30T01:57:49.056718,Kagran U,19,347513
2026-06-30T01:57:49.056718,Kagran U,19,348478
2026-06-30T01:57:49.056718,Kagran U,19,348690
2026-06-30T01:57:49.056718,Kagran U,19,349061
2026-06-30T01:57:49.056718,Kagran U,19,349012
2026-06-30T01:57:49.056718,Maria-Tusch-Straße,26,345468
2026-06-30T01:57:49.056718,Maria-Tusch-Straße,26,345346
2026-06-30T01:57:49.056718,Maria-Tusch-Straße,26,345785
2026-06-30T01:57:49.056718,Maria-Tusch-Straße,26,345730
2026-06-30T01:57:49.056718,Maria-Tusch-Straße,26,345728
2026-06-30T01:57:49.056718,Maria-Tusch-Straße,26,345552
2026-06-30T01:57:49.056718,Maria-Tusch-Straße,26,346416
2026-06-30T01:57:49.056718,Maria-Tusch-Straße,26,346372
2026-06-30T01:57:49.056718,Maria-Tusch-Straße,26,346208
2026-06-30T01:57:49.056718,Maria-Tusch-Straße,26,346143
2026-06-30T01:57:49.056718,Maria-Tusch-Straße,26,346663
2026-06-30T01:57:49.056718,Maria-Tusch-Straße,26,347474
2026-06-30T01:57:49.056718,Maria-Tusch-Straße,26,347467
2026-06-30T01:57:49.056718,Maria-Tusch-Straße,26,347449
2026-06-30T01:57:49.056718,Maria-Tusch-Straße,26,347434
2026-06-30T01:57:49.056718,Maria-Tusch-Straße,26,347345
2026-06-30T01:57:49.056718,Maria-Tusch-Straße,26,347155
2026-06-30T01:57:49.056718,Maria-Tusch-Straße,26,347101
2026-06-30T01:57:49.056718,Maria-Tusch-Straße,26,347083
2026-06-30T01:57:49.056718,Maria-Tusch-Straße,26,347550
2026-06-30T01:57:49.056718,Maria-Tusch-Straße,26,348462
2026-06-30T01:57:49.056718,Maria-Tusch-Straße,26,348416
2026-06-30T01:57:49.056718,Maria-Tusch-Straße,26,348133
2026-06-30T01:57:49.056718,Maria-Tusch-Straße,26,348111
2026-06-30T01:57:49.056718,Maria-Tusch-Straße,26,348658
2026-06-30T01:57:49.056718,Maria-Tusch-Straße,26,398855
2026-06-30T01:57:49.056718,Rennbahnweg U,27,345470
2026-06-30T01:57:49.056718,Rennbahnweg U,27,345313
2026-06-30T01:57:49.056718,Rennbahnweg U,27,345128
2026-06-30T01:57:49.056718,Rennbahnweg U,27,345610
2026-06-30T01:57:49.056718,Rennbahnweg U,27,345573
2026-06-30T01:57:49.056718,Rennbahnweg U,27,345514
2026-06-30T01:57:49.056718,Rennbahnweg U,27,346087
2026-06-30T01:57:49.056718,Rennbahnweg U,27,346970
2026-06-30T01:57:49.056718,Rennbahnweg U,27,346760
2026-06-30T01:57:49.056718,Rennbahnweg U,27,346648
2026-06-30T01:57:49.056718,Rennbahnweg U,27,346642
2026-06-30T01:57:49.056718,Rennbahnweg U,27,347401
2026-06-30T01:57:49.056718,Rennbahnweg U,27,347389
2026-06-30T01:57:49.056718,Rennbahnweg U,27,347364
2026-06-30T01:57:49.056718,Rennbahnweg U,27,347133
2026-06-30T01:57:49.056718,Rennbahnweg U,27,347041
2026-06-30T01:57:49.056718,Rennbahnweg U,27,347918
2026-06-30T01:57:49.056718,Rennbahnweg U,27,347819
2026-06-30T01:57:49.056718,Rennbahnweg U,27,347790
2026-06-30T01:57:49.056718,Rennbahnweg U,27,348346
2026-06-30T01:57:49.056718,Rennbahnweg U,27,348303
2026-06-30T01:57:49.056718,Rennbahnweg U,27,348194
2026-06-30T01:57:49.056718,Rennbahnweg U,27,348032
2026-06-30T01:57:49.056718,Rennbahnweg U,27,348643
2026-06-30T01:57:49.056718,Rennbahnweg U,27,348566
2026-06-30T01:57:49.056718,Rennbahnweg U,27,348977
2026-06-30T01:57:49.056718,Rennbahnweg U,27,348955
2026-06-30T01:57:49.056718,Schüttauplatz,5,345093
2026-06-30T01:57:49.056718,Schüttauplatz,5,345894
2026-06-30T01:57:49.056718,Schüttauplatz,5,347537
2026-06-30T01:57:49.056718,Schüttauplatz,5,348601
2026-06-30T01:57:49.056718,Schüttauplatz,5,349045
2026-06-30T01:57:49.056718,Stadlau S U,19,345826
2026-06-30T01:57:49.056718,Stadlau S U,19,345591
2026-06-30T01:57:49.056718,Stadlau S U,19,346786
2026-06-30T01:57:49.056718,Stadlau S U,19,346703
2026-06-30T01:57:49.056718,Stadlau S U,19,346651
2026-06-30T01:57:49.056718,Stadlau S U,19,346632
2026-06-30T01:57:49.056718,Stadlau S U,19,347462
2026-06-30T01:57:49.056718,Stadlau S U,19,347292
2026-06-30T01:57:49.056718,Stadlau S U,19,347072
2026-06-30T01:57:49.056718,Stadlau S U,19,347015
2026-06-30T01:57:49.056718,Stadlau S U,19,347562
2026-06-30T01:57:49.056718,Stadlau S U,19,348382
2026-06-30T01:57:49.056718,Stadlau S U,19,348363
2026-06-30T01:57:49.056718,Stadlau S U,19,348328
2026-06-30T01:57:49.056718,Stadlau S U,19,348242
2026-06-30T01:57:49.056718,Stadlau S U,19,348222
2026-06-30T01:57:49.056718,Stadlau S U,19,348097
2026-06-30T01:57:49.056718,Stadlau S U,19,348096
2026-06-30T01:57:49.056718,Stadlau S U,19,348055
2026-06-30T01:57:49.056718,Kaisermühlen-VIC U,1,346403
2026-06-30T01:57:49.056718,Kagraner Platz U,24,345494
2026-06-30T01:57:49.056718,Kagraner Platz U,24,345296
2026-06-30T01:57:49.056718,Kagraner Platz U,24,345818
2026-06-30T01:57:49.056718,Kagraner Platz U,24,345782
2026-06-30T01:57:49.056718,Kagraner Platz U,24,345521
2026-06-30T01:57:49.056718,Kagraner Platz U,24,346454
2026-06-30T01:57:49.056718,Kagraner Platz U,24,346365
2026-06-30T01:57:49.056718,Kagraner Platz U,24,346316
2026-06-30T01:57:49.056718,Kagraner Platz U,24,346947
2026-06-30T01:57:49.056718,Kagraner Platz U,24,346857
2026-06-30T01:57:49.056718,Kagraner Platz U,24,346835
2026-06-30T01:57:49.056718,Kagraner Platz U,24,346766
2026-06-30T01:57:49.056718,Kagraner Platz U,24,346653
2026-06-30T01:57:49.056718,Kagraner Platz U,24,346649
2026-06-30T01:57:49.056718,Kagraner Platz U,24,347429
2026-06-30T01:57:49.056718,Kagraner Platz U,24,347226
2026-06-30T01:57:49.056718,Kagraner Platz U,24,347136
2026-06-30T01:57:49.056718,Kagraner Platz U,24,347927
2026-06-30T01:57:49.056718,Kagraner Platz U,24,347845
2026-06-30T01:57:49.056718,Kagraner Platz U,24,347750
2026-06-30T01:57:49.056718,Kagraner Platz U,24,348423
2026-06-30T01:57:49.056718,Kagraner Platz U,24,348355
2026-06-30T01:57:49.056718,Kagraner Platz U,24,348334
2026-06-30T01:57:49.056718,Kagraner Platz U,24,348864
2026-06-30T01:57:49.056718,Alterlaa U,6,345546
2026-06-30T01:57:49.056718,Alterlaa U,6,347416
2026-06-30T01:57:49.056718,Alterlaa U,6,347925
2026-06-30T01:57:49.056718,Alterlaa U,6,348311
2026-06-30T01:57:49.056718,Alterlaa U,6,348252
2026-06-30T01:57:49.056718,Alterlaa U,6,349014
2026-06-30T01:57:49.056718,Bacherplatz,25,345270
2026-06-30T01:57:49.056718,Bacherplatz,25,345258
2026-06-30T01:57:49.056718,Bacherplatz,25,345135
2026-06-30T01:57:49.056718,Bacherplatz,25,345038
2026-06-30T01:57:49.056718,Bacherplatz,25,345916
2026-06-30T01:57:49.056718,Bacherplatz,25,345739
2026-06-30T01:57:49.056718,Bacherplatz,25,345710
2026-06-30T01:57:49.056718,Bacherplatz,25,345696
2026-06-30T01:57:49.056718,Bacherplatz,25,346364
2026-06-30T01:57:49.056718,Bacherplatz,25,346142
2026-06-30T01:57:49.056718,Bacherplatz,25,346948
2026-06-30T01:57:49.056718,Bacherplatz,25,346785
2026-06-30T01:57:49.056718,Bacherplatz,25,346762
2026-06-30T01:57:49.056718,Bacherplatz,25,346621
2026-06-30T01:57:49.056718,Bacherplatz,25,347417
2026-06-30T01:57:49.056718,Bacherplatz,25,347009
2026-06-30T01:57:49.056718,Bacherplatz,25,347801
2026-06-30T01:57:49.056718,Bacherplatz,25,347625
2026-06-30T01:57:49.056718,Bacherplatz,25,347505
2026-06-30T01:57:49.056718,Bacherplatz,25,348379
2026-06-30T01:57:49.056718,Bacherplatz,25,348265
2026-06-30T01:57:49.056718,Bacherplatz,25,348238
2026-06-30T01:57:49.056718,Bacherplatz,25,348014
2026-06-30T01:57:49.056718,Bacherplatz,25,348608
2026-06-30T01:57:49.056718,Bacherplatz,25,398771
2026-06-30T01:57:49.056718,Carl-Appel-Straße,19,345157
2026-06-30T01:57:49.056718,Carl-Appel-Straße,19,345685
2026-06-30T01:57:49.056718,Carl-Appel-Straße,19,345584
2026-06-30T01:57:49.056718,Carl-Appel-Straße,19,346380
2026-06-30T01:57:49.056718,Carl-Appel-Straße,19,346276
2026-06-30T01:57:49.056718,Carl-Appel-Straße,19,346173
2026-06-30T01:57:49.056718,Carl-Appel-Straße,19,346138
2026-06-30T01:57:49.056718,Carl-Appel-Straße,19,346003
2026-06-30T01:57:49.056718,Carl-Appel-Straße,19,347436
2026-06-30T01:57:49.056718,Carl-Appel-Straße,19,347258
2026-06-30T01:57:49.056718,Carl-Appel-Straße,19,347191
2026-06-30T01:57:49.056718,Carl-Appel-Straße,19,347956
2026-06-30T01:57:49.056718,Carl-Appel-Straße,19,347951
2026-06-30T01:57:49.056718,Carl-Appel-Straße,19,347827
2026-06-30T01:57:49.056718,Carl-Appel-Straße,19,347775
2026-06-30T01:57:49.056718,Carl-Appel-Straße,19,347747
2026-06-30T01:57:49.056718,Carl-Appel-Straße,19,348172
2026-06-30T01:57:49.056718,Carl-Appel-Straße,19,348013
2026-06-30T01:57:49.056718,Carl-Appel-Straße,19,348989
2026-06-30T01:57:49.056718,Otto-Probst-Platz,7,345272
2026-06-30T01:57:49.056718,Otto-Probst-Platz,7,345852
2026-06-30T01:57:49.056718,Otto-Probst-Platz,7,346315
2026-06-30T01:57:49.056718,Otto-Probst-Platz,7,346305
2026-06-30T01:57:49.056718,Otto-Probst-Platz,7,346914
2026-06-30T01:57:49.056718,Otto-Probst-Platz,7,398770
2026-06-30T01:57:49.056718,Otto-Probst-Platz,7,348960
2026-06-30T01:57:49.056718,Alaudagasse U,4,345843
2026-06-30T01:57:49.056718,Alaudagasse U,4,345618
2026-06-30T01:57:49.056718,Alaudagasse U,4,347713
2026-06-30T01:57:49.056718,Alaudagasse U,4,348369
2026-06-30T01:57:49.056718,Svetelskystraße,11,345423
2026-06-30T01:57:49.056718,Svetelskystraße,11,345672
2026-06-30T01:57:49.056718,Svetelskystraße,11,345643
2026-06-30T01:57:49.056718,Svetelskystraße,11,345559
2026-06-30T01:57:49.056718,Svetelskystraße,11,346280
2026-06-30T01:57:49.056718,Svetelskystraße,11,346275
2026-06-30T01:57:49.056718,Svetelskystraße,11,347095
2026-06-30T01:57:49.056718,Svetelskystraße,11,347856
2026-06-30T01:57:49.056718,Svetelskystraße,11,347802
2026-06-30T01:57:49.056718,Svetelskystraße,11,348163
2026-06-30T01:57:49.056718,Svetelskystraße,11,398824
2026-06-30T01:57:49.056718,Weißenböckstraße,10,345163
2026-06-30T01:57:49.056718,Weißenböckstraße,10,346192
2026-06-30T01:57:49.056718,Weißenböckstraße,10,346804
2026-06-30T01:57:49.056718,Weißenböckstraße,10,346700
2026-06-30T01:57:49.056718,Weißenböckstraße,10,346615
2026-06-30T01:57:49.056718,Weißenböckstraße,10,347631
2026-06-30T01:57:49.056718,Weißenböckstraße,10,347547
2026-06-30T01:57:49.056718,Weißenböckstraße,10,348496
2026-06-30T01:57:49.056718,Weißenböckstraße,10,348213
2026-06-30T01:57:49.056718,Weißenböckstraße,10,348167
2026-06-30T01:57:49.056718,Zentralfriedhof 2. Tor,10,345427
2026-06-30T01:57:49.056718,Zentralfriedhof 2. Tor,10,345698
2026-06-30T01:57:49.056718,Zentralfriedhof 2. Tor,10,345507
2026-06-30T01:57:49.056718,Zentralfriedhof 2. Tor,10,346907
2026-06-30T01:57:49.056718,Zentralfriedhof 2. Tor,10,346799
2026-06-30T01:57:49.056718,Zentralfriedhof 2. Tor,10,347336
2026-06-30T01:57:49.056718,Zentralfriedhof 2. Tor,10,347006
2026-06-30T01:57:49.056718,Zentralfriedhof 2. Tor,10,347957
2026-06-30T01:57:49.056718,Zentralfriedhof 2. Tor,10,347566
2026-06-30T01:57:49.056718,Zentralfriedhof 2. Tor,10,348979
2026-06-30T01:57:49.056718,Simoningplatz,23,345462
2026-06-30T01:57:49.056718,Simoningplatz,23,345446
2026-06-30T01:57:49.056718,Simoningplatz,23,345434
2026-06-30T01:57:49.056718,Simoningplatz,23,345349
2026-06-30T01:57:49.056718,Simoningplatz,23,345341
2026-06-30T01:57:49.056718,Simoningplatz,23,345256
2026-06-30T01:57:49.056718,Simoningplatz,23,345188
2026-06-30T01:57:49.056718,Simoningplatz,23,345918
2026-06-30T01:57:49.056718,Simoningplatz,23,346496
2026-06-30T01:57:49.056718,Simoningplatz,23,346322
2026-06-30T01:57:49.056718,Simoningplatz,23,346231
2026-06-30T01:57:49.056718,Simoningplatz,23,346069
2026-06-30T01:57:49.056718,Simoningplatz,23,346961
2026-06-30T01:57:49.056718,Simoningplatz,23,346777
2026-06-30T01:57:49.056718,Simoningplatz,23,346748
2026-06-30T01:57:49.056718,Simoningplatz,23,347424
2026-06-30T01:57:49.056718,Simoningplatz,23,347193
2026-06-30T01:57:49.056718,Simoningplatz,23,347180
2026-06-30T01:57:49.056718,Simoningplatz,23,347158
2026-06-30T01:57:49.056718,Simoningplatz,23,348203
2026-06-30T01:57:49.056718,Simoningplatz,23,398810
2026-06-30T01:57:49.056718,Simoningplatz,23,398763
2026-06-30T01:57:49.056718,Simoningplatz,23,398865
2026-06-30T01:57:49.056718,Etrichstraße,3,346784
2026-06-30T01:57:49.056718,Etrichstraße,3,347943
2026-06-30T01:57:49.056718,Etrichstraße,3,348276
2026-06-30T01:57:49.056718,Zippererstraße U,19,345387
2026-06-30T01:57:49.056718,Zippererstraße U,19,345911
2026-06-30T01:57:49.056718,Zippererstraße U,19,345655
2026-06-30T01:57:49.056718,Zippererstraße U,19,346426
2026-06-30T01:57:49.056718,Zippererstraße U,19,346283
2026-06-30T01:57:49.056718,Zippererstraße U,19,346078
2026-06-30T01:57:49.056718,Zippererstraße U,19,346520
2026-06-30T01:57:49.056718,Zippererstraße U,19,347477
2026-06-30T01:57:49.056718,Zippererstraße U,19,347393
2026-06-30T01:57:49.056718,Zippererstraße U,19,347375
2026-06-30T01:57:49.056718,Zippererstraße U,19,347337
2026-06-30T01:57:49.056718,Zippererstraße U,19,347211
2026-06-30T01:57:49.056718,Zippererstraße U,19,347837
2026-06-30T01:57:49.056718,Zippererstraße U,19,347762
2026-06-30T01:57:49.056718,Zippererstraße U,19,347753
2026-06-30T01:57:49.056718,Zippererstraße U,19,348473
2026-06-30T01:57:49.056718,Zippererstraße U,19,348454
2026-06-30T01:57:49.056718,Zippererstraße U,19,348185
2026-06-30T01:57:49.056718,Zippererstraße U,19,348645
2026-06-30T01:57:49.056718,Hetzendorf S / Altmannsdorfer Straße,5,345019
2026-06-30T01:57:49.056718,Hetzendorf S / Altmannsdorfer Straße,5,345578
2026-06-30T01:57:49.056718,Hetzendorf S / Altmannsdorfer Straße,5,347465
2026-06-30T01:57:49.056718,Hetzendorf S / Altmannsdorfer Straße,5,347159
2026-06-30T01:57:49.056718,Hetzendorf S / Altmannsdorfer Straße,5,349034
2026-06-30T01:57:49.056718,Gatterhölzl,14,345003
2026-06-30T01:57:49.056718,Gatterhölzl,14,345667
2026-06-30T01:57:49.056718,Gatterhölzl,14,345658
2026-06-30T01:57:49.056718,Gatterhölzl,14,345511
2026-06-30T01:57:49.056718,Gatterhölzl,14,346945
2026-06-30T01:57:49.056718,Gatterhölzl,14,346806
2026-06-30T01:57:49.056718,Gatterhölzl,14,346645
2026-06-30T01:57:49.056718,Gatterhölzl,14,347367
2026-06-30T01:57:49.056718,Gatterhölzl,14,347755
2026-06-30T01:57:49.056718,Gatterhölzl,14,347721
2026-06-30T01:57:49.056718,Gatterhölzl,14,347658
2026-06-30T01:57:49.056718,Gatterhölzl,14,348289
2026-06-30T01:57:49.056718,Gatterhölzl,14,348110
2026-06-30T01:57:49.056718,Gatterhölzl,14,349029
2026-06-30T01:57:49.056718,Speising S,6,345450
2026-06-30T01:57:49.056718,Speising S,6,345336
2026-06-30T01:57:49.056718,Speising S,6,345931
2026-06-30T01:57:49.056718,Speising S,6,346303
2026-06-30T01:57:49.056718,Speising S,6,346773
2026-06-30T01:57:49.056718,Speising S,6,398828
2026-06-30T01:57:49.056718,Hasnerstraße / Hofferplatz,19,345467
2026-06-30T01:57:49.056718,Hasnerstraße / Hofferplatz,19,345409
2026-06-30T01:57:49.056718,Hasnerstraße / Hofferplatz,19,345760
2026-06-30T01:57:49.056718,Hasnerstraße / Hofferplatz,19,345609
2026-06-30T01:57:49.056718,Hasnerstraße / Hofferplatz,19,345586
2026-06-30T01:57:49.056718,Hasnerstraße / Hofferplatz,19,346318
2026-06-30T01:57:49.056718,Hasnerstraße / Hofferplatz,19,346952
2026-06-30T01:57:49.056718,Hasnerstraße / Hofferplatz,19,346887
2026-06-30T01:57:49.056718,Hasnerstraße / Hofferplatz,19,346848
2026-06-30T01:57:49.056718,Hasnerstraße / Hofferplatz,19,346583
2026-06-30T01:57:49.056718,Hasnerstraße / Hofferplatz,19,347363
2026-06-30T01:57:49.056718,Hasnerstraße / Hofferplatz,19,347601
2026-06-30T01:57:49.056718,Hasnerstraße / Hofferplatz,19,347524
2026-06-30T01:57:49.056718,Hasnerstraße / Hofferplatz,19,348403
2026-06-30T01:57:49.056718,Hasnerstraße / Hofferplatz,19,348201
2026-06-30T01:57:49.056718,Hasnerstraße / Hofferplatz,19,348122
2026-06-30T01:57:49.056718,Hasnerstraße / Hofferplatz,19,398806
2026-06-30T01:57:49.056718,Hasnerstraße / Hofferplatz,19,398783
2026-06-30T01:57:49.056718,Hasnerstraße / Hofferplatz,19,348873
2026-06-30T01:57:49.056718,Nietzscheplatz,6,345950
2026-06-30T01:57:49.056718,Nietzscheplatz,6,348704
2026-06-30T01:57:49.056718,Nietzscheplatz,6,349109
2026-06-30T01:57:49.056718,Nietzscheplatz,6,349037
2026-06-30T01:57:49.056718,Nietzscheplatz,6,349166
2026-06-30T01:57:49.056718,Nietzscheplatz,6,349116
2026-06-30T01:57:49.056718,Wattgasse,14,345306
2026-06-30T01:57:49.056718,Wattgasse,14,345239
2026-06-30T01:57:49.056718,Wattgasse,14,345096
2026-06-30T01:57:49.056718,Wattgasse,14,346481
2026-06-30T01:57:49.056718,Wattgasse,14,346203
2026-06-30T01:57:49.056718,Wattgasse,14,346108
2026-06-30T01:57:49.056718,Wattgasse,14,346741
2026-06-30T01:57:49.056718,Wattgasse,14,346595
2026-06-30T01:57:49.056718,Wattgasse,14,346538
2026-06-30T01:57:49.056718,Wattgasse,14,347181
2026-06-30T01:57:49.056718,Wattgasse,14,347985
2026-06-30T01:57:49.056718,Wattgasse,14,348461
2026-06-30T01:57:49.056718,Wattgasse,14,348411
2026-06-30T01:57:49.056718,Wattgasse,14,349171
2026-06-30T01:57:49.056718,Grinzing,1,348168
2026-06-30T01:57:49.056718,Oberdöbling S,15,346431
2026-06-30T01:57:49.056718,Oberdöbling S,15,346258
2026-06-30T01:57:49.056718,Oberdöbling S,15,346154
2026-06-30T01:57:49.056718,Oberdöbling S,15,346831
2026-06-30T01:57:49.056718,Oberdöbling S,15,346610
2026-06-30T01:57:49.056718,Oberdöbling S,15,346581
2026-06-30T01:57:49.056718,Oberdöbling S,15,346528
2026-06-30T01:57:49.056718,Oberdöbling S,15,346511
2026-06-30T01:57:49.056718,Oberdöbling S,15,347457
2026-06-30T01:57:49.056718,Oberdöbling S,15,347667
2026-06-30T01:57:49.056718,Oberdöbling S,15,348333
2026-06-30T01:57:49.056718,Oberdöbling S,15,348226
2026-06-30T01:57:49.056718,Oberdöbling S,15,348677
2026-06-30T01:57:49.056718,Oberdöbling S,15,398766
2026-06-30T01:57:49.056718,Oberdöbling S,15,349067
2026-06-30T01:57:49.056718,Kantnergasse,17,345456
2026-06-30T01:57:49.056718,Kantnergasse,17,345452
2026-06-30T01:57:49.056718,Kantnergasse,17,345010
2026-06-30T01:57:49.056718,Kantnergasse,17,346228
2026-06-30T01:57:49.056718,Kantnergasse,17,346664
2026-06-30T01:57:49.056718,Kantnergasse,17,347451
2026-06-30T01:57:49.056718,Kantnergasse,17,347450
2026-06-30T01:57:49.056718,Kantnergasse,17,347419
2026-06-30T01:57:49.056718,Kantnergasse,17,347404
2026-06-30T01:57:49.056718,Kantnergasse,17,347338
2026-06-30T01:57:49.056718,Kantnergasse,17,347291
2026-06-30T01:57:49.056718,Kantnergasse,17,347125
2026-06-30T01:57:49.056718,Kantnergasse,17,347091
2026-06-30T01:57:49.056718,Kantnergasse,17,347070
2026-06-30T01:57:49.056718,Kantnergasse,17,347552
2026-06-30T01:57:49.056718,Kantnergasse,17,348069
2026-06-30T01:57:49.056718,Kantnergasse,17,398830
2026-06-30T01:57:49.056718,Leopoldau S U,12,345232
2026-06-30T01:57:49.056718,Leopoldau S U,12,345888
2026-06-30T01:57:49.056718,Leopoldau S U,12,346467
2026-06-30T01:57:49.056718,Leopoldau S U,12,346361
2026-06-30T01:57:49.056718,Leopoldau S U,12,346157
2026-06-30T01:57:49.056718,Leopoldau S U,12,346958
2026-06-30T01:57:49.056718,Leopoldau S U,12,346556
2026-06-30T01:57:49.056718,Leopoldau S U,12,347154
2026-06-30T01:57:49.056718,Leopoldau S U,12,347928
2026-06-30T01:57:49.056718,Leopoldau S U,12,347811
2026-06-30T01:57:49.056718,Leopoldau S U,12,348310
2026-06-30T01:57:49.056718,Leopoldau S U,12,348205
2026-06-30T01:57:49.056718,Josef-Baumann-Gasse,9,345007
2026-06-30T01:57:49.056718,Josef-Baumann-Gasse,9,345006
2026-06-30T01:57:49.056718,Josef-Baumann-Gasse,9,345884
2026-06-30T01:57:49.056718,Josef-Baumann-Gasse,9,346105
2026-06-30T01:57:49.056718,Josef-Baumann-Gasse,9,346042
2026-06-30T01:57:49.056718,Josef-Baumann-Gasse,9,346606
2026-06-30T01:57:49.056718,Josef-Baumann-Gasse,9,347440
2026-06-30T01:57:49.056718,Josef-Baumann-Gasse,9,347024
2026-06-30T01:57:49.056718,Josef-Baumann-Gasse,9,348543
2026-06-30T01:57:49.056718,Fultonstraße,28,345278
2026-06-30T01:57:49.056718,Fultonstraße,28,345903
2026-06-30T01:57:49.056718,Fultonstraße,28,345854
2026-06-30T01:57:49.056718,Fultonstraße,28,345736
2026-06-30T01:57:49.056718,Fultonstraße,28,345727
2026-06-30T01:57:49.056718,Fultonstraße,28,346169
2026-06-30T01:57:49.056718,Fultonstraße,28,346153
2026-06-30T01:57:49.056718,Fultonstraße,28,346039
2026-06-30T01:57:49.056718,Fultonstraße,28,346685
2026-06-30T01:57:49.056718,Fultonstraße,28,346660
2026-06-30T01:57:49.056718,Fultonstraße,28,346501
2026-06-30T01:57:49.056718,Fultonstraße,28,347354
2026-06-30T01:57:49.056718,Fultonstraße,28,347352
2026-06-30T01:57:49.056718,Fultonstraße,28,347231
2026-06-30T01:57:49.056718,Fultonstraße,28,347199
2026-06-30T01:57:49.056718,Fultonstraße,28,347054
2026-06-30T01:57:49.056718,Fultonstraße,28,347876
2026-06-30T01:57:49.056718,Fultonstraße,28,347813
2026-06-30T01:57:49.056718,Fultonstraße,28,347768
2026-06-30T01:57:49.056718,Fultonstraße,28,347738
2026-06-30T01:57:49.056718,Fultonstraße,28,347616
2026-06-30T01:57:49.056718,Fultonstraße,28,348197
2026-06-30T01:57:49.056718,Fultonstraße,28,348143
2026-06-30T01:57:49.056718,Fultonstraße,28,348107
2026-06-30T01:57:49.056718,Fultonstraße,28,348094
2026-06-30T01:57:49.056718,Fultonstraße,28,348080
2026-06-30T01:57:49.056718,Fultonstraße,28,348581
2026-06-30T01:57:49.056718,Fultonstraße,28,348554
2026-06-30T01:57:49.056718,Hopfengasse,12,345271
2026-06-30T01:57:49.056718,Hopfengasse,12,345934
2026-06-30T01:57:49.056718,Hopfengasse,12,346401
2026-06-30T01:57:49.056718,Hopfengasse,12,346557
2026-06-30T01:57:49.056718,Hopfengasse,12,347347
2026-06-30T01:57:49.056718,Hopfengasse,12,347227
2026-06-30T01:57:49.056718,Hopfengasse,12,347903
2026-06-30T01:57:49.056718,Hopfengasse,12,347844
2026-06-30T01:57:49.056718,Hopfengasse,12,347501
2026-06-30T01:57:49.056718,Hopfengasse,12,348625
2026-06-30T01:57:49.056718,Hopfengasse,12,348561
2026-06-30T01:57:49.056718,Hopfengasse,12,348933
2026-06-30T01:57:49.056718,Jedlesee / Bellgasse,13,345460
2026-06-30T01:57:49.056718,Jedlesee / Bellgasse,13,345344
2026-06-30T01:57:49.056718,Jedlesee / Bellgasse,13,345011
2026-06-30T01:57:49.056718,Jedlesee / Bellgasse,13,345860
2026-06-30T01:57:49.056718,Jedlesee / Bellgasse,13,345721
2026-06-30T01:57:49.056718,Jedlesee / Bellgasse,13,347381
2026-06-30T01:57:49.056718,Jedlesee / Bellgasse,13,347584
2026-06-30T01:57:49.056718,Jedlesee / Bellgasse,13,348393
2026-06-30T01:57:49.056718,Jedlesee / Bellgasse,13,348357
2026-06-30T01:57:49.056718,Jedlesee / Bellgasse,13,348254
2026-06-30T01:57:49.056718,Jedlesee / Bellgasse,13,348181
2026-06-30T01:57:49.056718,Jedlesee / Bellgasse,13,348074
2026-06-30T01:57:49.056718,Jedlesee / Bellgasse,13,398742
2026-06-30T01:57:49.056718,Jedleseer Friedhof,19,345333
2026-06-30T01:57:49.056718,Jedleseer Friedhof,19,346391
2026-06-30T01:57:49.056718,Jedleseer Friedhof,19,346863
2026-06-30T01:57:49.056718,Jedleseer Friedhof,19,347499
2026-06-30T01:57:49.056718,Jedleseer Friedhof,19,347437
2026-06-30T01:57:49.056718,Jedleseer Friedhof,19,347295
2026-06-30T01:57:49.056718,Jedleseer Friedhof,19,347205
2026-06-30T01:57:49.056718,Jedleseer Friedhof,19,347018
2026-06-30T01:57:49.056718,Jedleseer Friedhof,19,347723
2026-06-30T01:57:49.056718,Jedleseer Friedhof,19,347572
2026-06-30T01:57:49.056718,Jedleseer Friedhof,19,348435
2026-06-30T01:57:49.056718,Jedleseer Friedhof,19,348391
2026-06-30T01:57:49.056718,Jedleseer Friedhof,19,348155
2026-06-30T01:57:49.056718,Jedleseer Friedhof,19,348675
2026-06-30T01:57:49.056718,Jedleseer Friedhof,19,348660
2026-06-30T01:57:49.056718,Jedleseer Friedhof,19,348600
2026-06-30T01:57:49.056718,Jedleseer Friedhof,19,398839
2026-06-30T01:57:49.056718,Jedleseer Friedhof,19,398778
2026-06-30T01:57:49.056718,Jedleseer Friedhof,19,398725
2026-06-30T01:57:49.056718,Strebersdorf / Meriangasse,9,345220
2026-06-30T01:57:49.056718,Strebersdorf / Meriangasse,9,345015
2026-06-30T01:57:49.056718,Strebersdorf / Meriangasse,9,347257
2026-06-30T01:57:49.056718,Strebersdorf / Meriangasse,9,347005
2026-06-30T01:57:49.056718,Strebersdorf / Meriangasse,9,347879
2026-06-30T01:57:49.056718,Strebersdorf / Meriangasse,9,348498
2026-06-30T01:57:49.056718,Strebersdorf / Meriangasse,9,348479
2026-06-30T01:57:49.056718,Strebersdorf / Meriangasse,9,348237
2026-06-30T01:57:49.056718,Strebersdorf / Meriangasse,9,398835
2026-06-30T01:57:49.056718,Kagraner Anger,5,345388
2026-06-30T01:57:49.056718,Kagraner Anger,5,346130
2026-06-30T01:57:49.056718,Kagraner Anger,5,346552
2026-06-30T01:57:49.056718,Kagraner Anger,5,347298
2026-06-30T01:57:49.056718,Kagraner Anger,5,347930
2026-06-30T01:57:49.056718,mdw Campus,3,346545
2026-06-30T01:57:49.056718,mdw Campus,3,347456
2026-06-30T01:57:49.056718,mdw Campus,3,347690
2026-06-30T01:57:49.056718,Stavangergasse,12,345899
2026-06-30T01:57:49.056718,Stavangergasse,12,345862
2026-06-30T01:57:49.056718,Stavangergasse,12,345631
2026-06-30T01:57:49.056718,Stavangergasse,12,346262
2026-06-30T01:57:49.056718,Stavangergasse,12,346127
2026-06-30T01:57:49.056718,Stavangergasse,12,346920
2026-06-30T01:57:49.056718,Stavangergasse,12,347281
2026-06-30T01:57:49.056718,Stavangergasse,12,347666
2026-06-30T01:57:49.056718,Stavangergasse,12,348103
2026-06-30T01:57:49.056718,Stavangergasse,12,348681
2026-06-30T01:57:49.056718,Stavangergasse,12,398784
2026-06-30T01:57:49.056718,Stavangergasse,12,398750
2026-06-30T01:57:49.056718,Hans-Steger-Gasse,18,345438
2026-06-30T01:57:49.056718,Hans-Steger-Gasse,18,345199
2026-06-30T01:57:49.056718,Hans-Steger-Gasse,18,345102
2026-06-30T01:57:49.056718,Hans-Steger-Gasse,18,345998
2026-06-30T01:57:49.056718,Hans-Steger-Gasse,18,345848
2026-06-30T01:57:49.056718,Hans-Steger-Gasse,18,345738
2026-06-30T01:57:49.056718,Hans-Steger-Gasse,18,345581
2026-06-30T01:57:49.056718,Hans-Steger-Gasse,18,346152
2026-06-30T01:57:49.056718,Hans-Steger-Gasse,18,346635
2026-06-30T01:57:49.056718,Hans-Steger-Gasse,18,346509
2026-06-30T01:57:49.056718,Hans-Steger-Gasse,18,347351
2026-06-30T01:57:49.056718,Hans-Steger-Gasse,18,347271
2026-06-30T01:57:49.056718,Hans-Steger-Gasse,18,347045
2026-06-30T01:57:49.056718,Hans-Steger-Gasse,18,347880
2026-06-30T01:57:49.056718,Hans-Steger-Gasse,18,347794
2026-06-30T01:57:49.056718,Hans-Steger-Gasse,18,347697
2026-06-30T01:57:49.056718,Hans-Steger-Gasse,18,348656
2026-06-30T01:57:49.056718,Hans-Steger-Gasse,18,398791
2026-06-30T01:57:49.056718,Hirschstetten S,16,345392
2026-06-30T01:57:49.056718,Hirschstetten S,16,345995
2026-06-30T01:57:49.056718,Hirschstetten S,16,345700
2026-06-30T01:57:49.056718,Hirschstetten S,16,345687
2026-06-30T01:57:49.056718,Hirschstetten S,16,346148
2026-06-30T01:57:49.056718,Hirschstetten S,16,346747
2026-06-30T01:57:49.056718,Hirschstetten S,16,346712
2026-06-30T01:57:49.056718,Hirschstetten S,16,346623
2026-06-30T01:57:49.056718,Hirschstetten S,16,346561
2026-06-30T01:57:49.056718,Hirschstetten S,16,347185
2026-06-30T01:57:49.056718,Hirschstetten S,16,347030
2026-06-30T01:57:49.056718,Hirschstetten S,16,347674
2026-06-30T01:57:49.056718,Hirschstetten S,16,348495
2026-06-30T01:57:49.056718,Hirschstetten S,16,348575
2026-06-30T01:57:49.056718,Hirschstetten S,16,348541
2026-06-30T01:57:49.056718,Hirschstetten S,16,398746
2026-06-30T01:57:49.056718,Atzgersdorf S,11,345257
2026-06-30T01:57:49.056718,Atzgersdorf S,11,345202
2026-06-30T01:57:49.056718,Atzgersdorf S,11,345137
2026-06-30T01:57:49.056718,Atzgersdorf S,11,345018
2026-06-30T01:57:49.056718,Atzgersdorf S,11,345535
2026-06-30T01:57:49.056718,Atzgersdorf S,11,346214
2026-06-30T01:57:49.056718,Atzgersdorf S,11,347567
2026-06-30T01:57:49.056718,Atzgersdorf S,11,348156
2026-06-30T01:57:49.056718,Atzgersdorf S,11,348134
2026-06-30T01:57:49.056718,Atzgersdorf S,11,398825
2026-06-30T01:57:49.056718,Atzgersdorf S,11,398793
2026-06-30T01:57:49.056718,Siebenhirten U,12,345295
2026-06-30T01:57:49.056718,Siebenhirten U,12,345245
2026-06-30T01:57:49.056718,Siebenhirten U,12,345661
2026-06-30T01:57:49.056718,Siebenhirten U,12,345652
2026-06-30T01:57:49.056718,Siebenhirten U,12,346382
2026-06-30T01:57:49.056718,Siebenhirten U,12,346216
2026-06-30T01:57:49.056718,Siebenhirten U,12,346089
2026-06-30T01:57:49.056718,Siebenhirten U,12,346774
2026-06-30T01:57:49.056718,Siebenhirten U,12,346637
2026-06-30T01:57:49.056718,Siebenhirten U,12,347744
2026-06-30T01:57:49.056718,Siebenhirten U,12,348483
2026-06-30T01:57:49.056718,Siebenhirten U,12,348516
2026-06-30T01:57:49.056718,Erlaaer Straße U,13,345361
2026-06-30T01:57:49.056718,Erlaaer Straße U,13,345351
2026-06-30T01:57:49.056718,Erlaaer Straße U,13,346002
2026-06-30T01:57:49.056718,Erlaaer Straße U,13,346915
2026-06-30T01:57:49.056718,Erlaaer Straße U,13,346696
2026-06-30T01:57:49.056718,Erlaaer Straße U,13,346666
2026-06-30T01:57:49.056718,Erlaaer Straße U,13,346513
2026-06-30T01:57:49.056718,Erlaaer Straße U,13,347287
2026-06-30T01:57:49.056718,Erlaaer Straße U,13,347148
2026-06-30T01:57:49.056718,Erlaaer Straße U,13,347905
2026-06-30T01:57:49.056718,Erlaaer Straße U,13,347665
2026-06-30T01:57:49.056718,Erlaaer Straße U,13,347544
2026-06-30T01:57:49.056718,Erlaaer Straße U,13,398764
2026-06-30T01:57:49.056718,Perfektastraße U,8,345204
2026-06-30T01:57:49.056718,Perfektastraße U,8,346409
2026-06-30T01:57:49.056718,Perfektastraße U,8,346268
2026-06-30T01:57:49.056718,Perfektastraße U,8,346797
2026-06-30T01:57:49.056718,Perfektastraße U,8,346759
2026-06-30T01:57:49.056718,Perfektastraße U,8,347296
2026-06-30T01:57:49.056718,Perfektastraße U,8,347986
2026-06-30T01:57:49.056718,Perfektastraße U,8,347542
2026-06-30T01:57:49.056718,Meidling S U / Vivenotgasse,7,345606
2026-06-30T01:57:49.056718,Meidling S U / Vivenotgasse,7,346758
2026-06-30T01:57:49.056718,Meidling S U / Vivenotgasse,7,347103
2026-06-30T01:57:49.056718,Meidling S U / Vivenotgasse,7,347731
2026-06-30T01:57:49.056718,Meidling S U / Vivenotgasse,7,347604
2026-06-30T01:57:49.056718,Meidling S U / Vivenotgasse,7,348227
2026-06-30T01:57:49.056718,Meidling S U / Vivenotgasse,7,348696
2026-06-30T01:57:49.056718,Praterstern Ausstellungsstraße,9,345651
2026-06-30T01:57:49.056718,Praterstern Ausstellungsstraße,9,345645
2026-06-30T01:57:49.056718,Praterstern Ausstellungsstraße,9,346979
2026-06-30T01:57:49.056718,Praterstern Ausstellungsstraße,9,346938
2026-06-30T01:57:49.056718,Praterstern Ausstellungsstraße,9,346878
2026-06-30T01:57:49.056718,Praterstern Ausstellungsstraße,9,347763
2026-06-30T01:57:49.056718,Praterstern Ausstellungsstraße,9,348228
2026-06-30T01:57:49.056718,Praterstern Ausstellungsstraße,9,348635
2026-06-30T01:57:49.056718,Praterstern Ausstellungsstraße,9,348607
2026-06-30T01:57:49.056718,Muthgasse,8,345966
2026-06-30T01:57:49.056718,Muthgasse,8,345865
2026-06-30T01:57:49.056718,Muthgasse,8,346079
2026-06-30T01:57:49.056718,Muthgasse,8,346983
2026-06-30T01:57:49.056718,Muthgasse,8,347301
2026-06-30T01:57:49.056718,Muthgasse,8,348591
2026-06-30T01:57:49.056718,Muthgasse,8,348533
2026-06-30T01:57:49.056718,Muthgasse,8,348522
2026-06-30T01:57:49.056718,Aspern Nord S U,10,345486
2026-06-30T01:57:49.056718,Aspern Nord S U,10,345837
2026-06-30T01:57:49.056718,Aspern Nord S U,10,345781
2026-06-30T01:57:49.056718,Aspern Nord S U,10,345528
2026-06-30T01:57:49.056718,Aspern Nord S U,10,346289
2026-06-30T01:57:49.056718,Aspern Nord S U,10,346655
2026-06-30T01:57:49.056718,Aspern Nord S U,10,347342
2026-06-30T01:57:49.056718,Aspern Nord S U,10,347929
2026-06-30T01:57:49.056718,Aspern Nord S U,10,348470
2026-06-30T01:57:49.056718,Aspern Nord S U,10,348290
2026-06-30T01:57:49.056718,Seepark,3,345493
2026-06-30T01:57:49.056718,Seepark,3,346596
2026-06-30T01:57:49.056718,Seepark,3,398851
2026-06-30T01:57:49.056718,Seestadt U,1,347835
2026-06-30T01:57:49.056718,Schwedenplatz U,3,346613
2026-06-30T01:57:49.056718,Schwedenplatz U,3,347607
2026-06-30T01:57:49.056718,Schwedenplatz U,3,348705
2026-06-30T01:57:49.056718,Kultursommer26 - Waldmüllerpark,5,345483
2026-06-30T01:57:49.056718,Kultursommer26 - Waldmüllerpark,5,345287
2026-06-30T01:57:49.056718,Kultursommer26 - Waldmüllerpark,5,345928
2026-06-30T01:57:49.056718,Kultursommer26 - Waldmüllerpark,5,347405
2026-06-30T01:57:49.056718,Kultursommer26 - Waldmüllerpark,5,348667
2026-06-30T01:57:49.056718,Stubentor U,1,349091
2026-06-30T01:57:49.056718,Landstraße - Wien Mitte S U,1,345768
2026-06-30T01:57:49.056718,Praterstern S U,42,345454
2026-06-30T01:57:49.056718,Praterstern S U,42,345335
2026-06-30T01:57:49.056718,Praterstern S U,42,345076
2026-06-30T01:57:49.056718,Praterstern S U,42,345042
2026-06-30T01:57:49.056718,Praterstern S U,42,345845
2026-06-30T01:57:49.056718,Praterstern S U,42,345684
2026-06-30T01:57:49.056718,Praterstern S U,42,345593
2026-06-30T01:57:49.056718,Praterstern S U,42,346942
2026-06-30T01:57:49.056718,Praterstern S U,42,346837
2026-06-30T01:57:49.056718,Praterstern S U,42,346834
2026-06-30T01:57:49.056718,Praterstern S U,42,346833
2026-06-30T01:57:49.056718,Praterstern S U,42,346716
2026-06-30T01:57:49.056718,Praterstern S U,42,346709
2026-06-30T01:57:49.056718,Praterstern S U,42,346678
2026-06-30T01:57:49.056718,Praterstern S U,42,347491
2026-06-30T01:57:49.056718,Praterstern S U,42,347335
2026-06-30T01:57:49.056718,Praterstern S U,42,347220
2026-06-30T01:57:49.056718,Praterstern S U,42,347149
2026-06-30T01:57:49.056718,Praterstern S U,42,347941
2026-06-30T01:57:49.056718,Praterstern S U,42,347888
2026-06-30T01:57:49.056718,Praterstern S U,42,347825
2026-06-30T01:57:49.056718,Praterstern S U,42,347728
2026-06-30T01:57:49.056718,Praterstern S U,42,347533
2026-06-30T01:57:49.056718,Praterstern S U,42,347525
2026-06-30T01:57:49.056718,Praterstern S U,42,348477
2026-06-30T01:57:49.056718,Praterstern S U,42,348471
2026-06-30T01:57:49.056718,Praterstern S U,42,348420
2026-06-30T01:57:49.056718,Praterstern S U,42,348343
2026-06-30T01:57:49.056718,Praterstern S U,42,348339
2026-06-30T01:57:49.056718,Praterstern S U,42,348337
2026-06-30T01:57:49.056718,Praterstern S U,42,348246
2026-06-30T01:57:49.056718,Praterstern S U,42,348153
2026-06-30T01:57:49.056718,Praterstern S U,42,348030
2026-06-30T01:57:49.056718,Praterstern S U,42,348015
2026-06-30T01:57:49.056718,Praterstern S U,42,348707
2026-06-30T01:57:49.056718,Praterstern S U,42,348699
2026-06-30T01:57:49.056718,Praterstern S U,42,348542
2026-06-30T01:57:49.056718,Praterstern S U,42,398797
2026-06-30T01:57:49.056718,Praterstern S U,42,398759
2026-06-30T01:57:49.056718,Praterstern S U,42,398717
2026-06-30T01:57:49.056718,Praterstern S U,42,348869
2026-06-30T01:57:49.056718,Praterstern S U,42,349168
2026-06-30T01:57:49.056718,Rustengasse,15,345320
2026-06-30T01:57:49.056718,Rustengasse,15,345971
2026-06-30T01:57:49.056718,Rustengasse,15,345681
2026-06-30T01:57:49.056718,Rustengasse,15,345647
2026-06-30T01:57:49.056718,Rustengasse,15,346489
2026-06-30T01:57:49.056718,Rustengasse,15,346956
2026-06-30T01:57:49.056718,Rustengasse,15,346940
2026-06-30T01:57:49.056718,Rustengasse,15,346657
2026-06-30T01:57:49.056718,Rustengasse,15,346626
2026-06-30T01:57:49.056718,Rustengasse,15,346625
2026-06-30T01:57:49.056718,Rustengasse,15,347078
2026-06-30T01:57:49.056718,Rustengasse,15,347923
2026-06-30T01:57:49.056718,Rustengasse,15,347848
2026-06-30T01:57:49.056718,Rustengasse,15,348150
2026-06-30T01:57:49.056718,Rustengasse,15,349017
2026-06-30T01:57:49.056718,Heiligenstadt S U,15,345354
2026-06-30T01:57:49.056718,Heiligenstadt S U,15,345084
2026-06-30T01:57:49.056718,Heiligenstadt S U,15,345043
2026-06-30T01:57:49.056718,Heiligenstadt S U,15,345795
2026-06-30T01:57:49.056718,Heiligenstadt S U,15,345678
2026-06-30T01:57:49.056718,Heiligenstadt S U,15,345517
2026-06-30T01:57:49.056718,Heiligenstadt S U,15,346328
2026-06-30T01:57:49.056718,Heiligenstadt S U,15,347455
2026-06-30T01:57:49.056718,Heiligenstadt S U,15,347116
2026-06-30T01:57:49.056718,Heiligenstadt S U,15,347987
2026-06-30T01:57:49.056718,Heiligenstadt S U,15,347549
2026-06-30T01:57:49.056718,Heiligenstadt S U,15,348207
2026-06-30T01:57:49.056718,Heiligenstadt S U,15,348184
2026-06-30T01:57:49.056718,Heiligenstadt S U,15,348631
2026-06-30T01:57:49.056718,Heiligenstadt S U,15,349158
2026-06-30T01:57:49.056718,Breitensee S,26,345484
2026-06-30T01:57:49.056718,Breitensee S,26,345178
2026-06-30T01:57:49.056718,Breitensee S,26,345173
2026-06-30T01:57:49.056718,Breitensee S,26,345088
2026-06-30T01:57:49.056718,Breitensee S,26,345932
2026-06-30T01:57:49.056718,Breitensee S,26,345856
2026-06-30T01:57:49.056718,Breitensee S,26,345662
2026-06-30T01:57:49.056718,Breitensee S,26,346494
2026-06-30T01:57:49.056718,Breitensee S,26,346417
2026-06-30T01:57:49.056718,Breitensee S,26,346215
2026-06-30T01:57:49.056718,Breitensee S,26,346141
2026-06-30T01:57:49.056718,Breitensee S,26,346037
2026-06-30T01:57:49.056718,Breitensee S,26,346941
2026-06-30T01:57:49.056718,Breitensee S,26,346713
2026-06-30T01:57:49.056718,Breitensee S,26,346659
2026-06-30T01:57:49.056718,Breitensee S,26,347346
2026-06-30T01:57:49.056718,Breitensee S,26,347333
2026-06-30T01:57:49.056718,Breitensee S,26,348451
2026-06-30T01:57:49.056718,Breitensee S,26,348178
2026-06-30T01:57:49.056718,Breitensee S,26,348116
2026-06-30T01:57:49.056718,Breitensee S,26,348063
2026-06-30T01:57:49.056718,Breitensee S,26,348668
2026-06-30T01:57:49.056718,Breitensee S,26,348586
2026-06-30T01:57:49.056718,Breitensee S,26,348538
2026-06-30T01:57:49.056718,Breitensee S,26,398718
2026-06-30T01:57:49.056718,Breitensee S,26,348887
2026-06-30T01:57:49.056718,Hütteldorf S U,12,345331
2026-06-30T01:57:49.056718,Hütteldorf S U,12,345119
2026-06-30T01:57:49.056718,Hütteldorf S U,12,345035
2026-06-30T01:57:49.056718,Hütteldorf S U,12,345907
2026-06-30T01:57:49.056718,Hütteldorf S U,12,345766
2026-06-30T01:57:49.056718,Hütteldorf S U,12,346989
2026-06-30T01:57:49.056718,Hütteldorf S U,12,346503
2026-06-30T01:57:49.056718,Hütteldorf S U,12,347488
2026-06-30T01:57:49.056718,Hütteldorf S U,12,347392
2026-06-30T01:57:49.056718,Hütteldorf S U,12,347916
2026-06-30T01:57:49.056718,Hütteldorf S U,12,347909
2026-06-30T01:57:49.056718,Hütteldorf S U,12,398850
2026-06-30T01:57:49.056718,Rathaus U,1,347914
2026-06-30T01:57:49.056718,Hans-Mandl-Berufsschule,17,345085
2026-06-30T01:57:49.056718,Hans-Mandl-Berufsschule,17,345891
2026-06-30T01:57:49.056718,Hans-Mandl-Berufsschule,17,345756
2026-06-30T01:57:49.056718,Hans-Mandl-Berufsschule,17,346430
2026-06-30T01:57:49.056718,Hans-Mandl-Berufsschule,17,346715
2026-06-30T01:57:49.056718,Hans-Mandl-Berufsschule,17,346605
2026-06-30T01:57:49.056718,Hans-Mandl-Berufsschule,17,347481
2026-06-30T01:57:49.056718,Hans-Mandl-Berufsschule,17,347387
2026-06-30T01:57:49.056718,Hans-Mandl-Berufsschule,17,347379
2026-06-30T01:57:49.056718,Hans-Mandl-Berufsschule,17,347218
2026-06-30T01:57:49.056718,Hans-Mandl-Berufsschule,17,347201
2026-06-30T01:57:49.056718,Hans-Mandl-Berufsschule,17,347863
2026-06-30T01:57:49.056718,Hans-Mandl-Berufsschule,17,347820
2026-06-30T01:57:49.056718,Hans-Mandl-Berufsschule,17,347581
2026-06-30T01:57:49.056718,Hans-Mandl-Berufsschule,17,398849
2026-06-30T01:57:49.056718,Hans-Mandl-Berufsschule,17,348923
2026-06-30T01:57:49.056718,Hans-Mandl-Berufsschule,17,348815
2026-06-30T01:57:49.056718,Dänenstraße / BOKU,2,346870
2026-06-30T01:57:49.056718,Dänenstraße / BOKU,2,349157
2026-06-30T01:57:49.056718,Schloss Schönbrunn,30,345459
2026-06-30T01:57:49.056718,Schloss Schönbrunn,30,345451
2026-06-30T01:57:49.056718,Schloss Schönbrunn,30,345431
2026-06-30T01:57:49.056718,Schloss Schönbrunn,30,345356
2026-06-30T01:57:49.056718,Schloss Schönbrunn,30,345290
2026-06-30T01:57:49.056718,Schloss Schönbrunn,30,345203
2026-06-30T01:57:49.056718,Schloss Schönbrunn,30,345115
2026-06-30T01:57:49.056718,Schloss Schönbrunn,30,345946
2026-06-30T01:57:49.056718,Schloss Schönbrunn,30,345929
2026-06-30T01:57:49.056718,Schloss Schönbrunn,30,345898
2026-06-30T01:57:49.056718,Schloss Schönbrunn,30,345889
2026-06-30T01:57:49.056718,Schloss Schönbrunn,30,345880
2026-06-30T01:57:49.056718,Schloss Schönbrunn,30,345879
2026-06-30T01:57:49.056718,Schloss Schönbrunn,30,345868
2026-06-30T01:57:49.056718,Schloss Schönbrunn,30,345835
2026-06-30T01:57:49.056718,Schloss Schönbrunn,30,346242
2026-06-30T01:57:49.056718,Schloss Schönbrunn,30,346189
2026-06-30T01:57:49.056718,Schloss Schönbrunn,30,346121
2026-06-30T01:57:49.056718,Schloss Schönbrunn,30,346101
2026-06-30T01:57:49.056718,Schloss Schönbrunn,30,346007
2026-06-30T01:57:49.056718,Schloss Schönbrunn,30,346568
2026-06-30T01:57:49.056718,Schloss Schönbrunn,30,347447
2026-06-30T01:57:49.056718,Schloss Schönbrunn,30,347356
2026-06-30T01:57:49.056718,Schloss Schönbrunn,30,347010
2026-06-30T01:57:49.056718,Schloss Schönbrunn,30,347979
2026-06-30T01:57:49.056718,Schloss Schönbrunn,30,347767
2026-06-30T01:57:49.056718,Schloss Schönbrunn,30,348114
2026-06-30T01:57:49.056718,Schloss Schönbrunn,30,348025
2026-06-30T01:57:49.056718,Schloss Schönbrunn,30,348012
2026-06-30T01:57:49.056718,Schloss Schönbrunn,30,348670
2026-06-30T01:57:49.056718,Eslarngasse / Juchgasse,16,345352
2026-06-30T01:57:49.056718,Eslarngasse / Juchgasse,16,345275
2026-06-30T01:57:49.056718,Eslarngasse / Juchgasse,16,345091
2026-06-30T01:57:49.056718,Eslarngasse / Juchgasse,16,345510
2026-06-30T01:57:49.056718,Eslarngasse / Juchgasse,16,346302
2026-06-30T01:57:49.056718,Eslarngasse / Juchgasse,16,347445
2026-06-30T01:57:49.056718,Eslarngasse / Juchgasse,16,347254
2026-06-30T01:57:49.056718,Eslarngasse / Juchgasse,16,347889
2026-06-30T01:57:49.056718,Eslarngasse / Juchgasse,16,347872
2026-06-30T01:57:49.056718,Eslarngasse / Juchgasse,16,347796
2026-06-30T01:57:49.056718,Eslarngasse / Juchgasse,16,347655
2026-06-30T01:57:49.056718,Eslarngasse / Juchgasse,16,347621
2026-06-30T01:57:49.056718,Eslarngasse / Juchgasse,16,348447
2026-06-30T01:57:49.056718,Eslarngasse / Juchgasse,16,348689
2026-06-30T01:57:49.056718,Eslarngasse / Juchgasse,16,348632
2026-06-30T01:57:49.056718,Eslarngasse / Juchgasse,16,348929
2026-06-30T01:57:49.056718,Plößlgasse / Belvedere,26,345432
2026-06-30T01:57:49.056718,Plößlgasse / Belvedere,26,345194
2026-06-30T01:57:49.056718,Plößlgasse / Belvedere,26,345031
2026-06-30T01:57:49.056718,Plößlgasse / Belvedere,26,345990
2026-06-30T01:57:49.056718,Plößlgasse / Belvedere,26,345677
2026-06-30T01:57:49.056718,Plößlgasse / Belvedere,26,345572
2026-06-30T01:57:49.056718,Plößlgasse / Belvedere,26,346458
2026-06-30T01:57:49.056718,Plößlgasse / Belvedere,26,346151
2026-06-30T01:57:49.056718,Plößlgasse / Belvedere,26,346057
2026-06-30T01:57:49.056718,Plößlgasse / Belvedere,26,346919
2026-06-30T01:57:49.056718,Plößlgasse / Belvedere,26,346733
2026-06-30T01:57:49.056718,Plößlgasse / Belvedere,26,346624
2026-06-30T01:57:49.056718,Plößlgasse / Belvedere,26,346543
2026-06-30T01:57:49.056718,Plößlgasse / Belvedere,26,346541
2026-06-30T01:57:49.056718,Plößlgasse / Belvedere,26,347397
2026-06-30T01:57:49.056718,Plößlgasse / Belvedere,26,347384
2026-06-30T01:57:49.056718,Plößlgasse / Belvedere,26,347069
2026-06-30T01:57:49.056718,Plößlgasse / Belvedere,26,347940
2026-06-30T01:57:49.056718,Plößlgasse / Belvedere,26,347797
2026-06-30T01:57:49.056718,Plößlgasse / Belvedere,26,348431
2026-06-30T01:57:49.056718,Plößlgasse / Belvedere,26,348253
2026-06-30T01:57:49.056718,Plößlgasse / Belvedere,26,348249
2026-06-30T01:57:49.056718,Plößlgasse / Belvedere,26,348190
2026-06-30T01:57:49.056718,Plößlgasse / Belvedere,26,348702
2026-06-30T01:57:49.056718,Plößlgasse / Belvedere,26,348612
2026-06-30T01:57:49.056718,Plößlgasse / Belvedere,26,398738
2026-06-30T01:57:49.056718,Sankt-Elisabeth-Platz,21,345477
2026-06-30T01:57:49.056718,Sankt-Elisabeth-Platz,21,345394
2026-06-30T01:57:49.056718,Sankt-Elisabeth-Platz,21,345379
2026-06-30T01:57:49.056718,Sankt-Elisabeth-Platz,21,345813
2026-06-30T01:57:49.056718,Sankt-Elisabeth-Platz,21,345670
2026-06-30T01:57:49.056718,Sankt-Elisabeth-Platz,21,346230
2026-06-30T01:57:49.056718,Sankt-Elisabeth-Platz,21,346901
2026-06-30T01:57:49.056718,Sankt-Elisabeth-Platz,21,346876
2026-06-30T01:57:49.056718,Sankt-Elisabeth-Platz,21,346791
2026-06-30T01:57:49.056718,Sankt-Elisabeth-Platz,21,347106
2026-06-30T01:57:49.056718,Sankt-Elisabeth-Platz,21,347871
2026-06-30T01:57:49.056718,Sankt-Elisabeth-Platz,21,347808
2026-06-30T01:57:49.056718,Sankt-Elisabeth-Platz,21,347551
2026-06-30T01:57:49.056718,Sankt-Elisabeth-Platz,21,348481
2026-06-30T01:57:49.056718,Sankt-Elisabeth-Platz,21,348301
2026-06-30T01:57:49.056718,Sankt-Elisabeth-Platz,21,348287
2026-06-30T01:57:49.056718,Sankt-Elisabeth-Platz,21,348202
2026-06-30T01:57:49.056718,Sankt-Elisabeth-Platz,21,348029
2026-06-30T01:57:49.056718,Sankt-Elisabeth-Platz,21,348633
2026-06-30T01:57:49.056718,Sankt-Elisabeth-Platz,21,348562
2026-06-30T01:57:49.056718,Sankt-Elisabeth-Platz,21,398777
2026-06-30T01:57:49.056718,Laudongasse / Schönbornpark,3,346566
2026-06-30T01:57:49.056718,Laudongasse / Schönbornpark,3,347679
2026-06-30T01:57:49.056718,Laudongasse / Schönbornpark,3,348282
2026-06-30T01:57:49.056718,Rossauer Lände U,4,346008
2026-06-30T01:57:49.056718,Rossauer Lände U,4,347579
2026-06-30T01:57:49.056718,Rossauer Lände U,4,348008
2026-06-30T01:57:49.056718,Rossauer Lände U,4,348927
2026-06-30T01:57:49.056718,Lazarettgasse,7,345644
2026-06-30T01:57:49.056718,Lazarettgasse,7,346499
2026-06-30T01:57:49.056718,Lazarettgasse,7,346185
2026-06-30T01:57:49.056718,Lazarettgasse,7,346818
2026-06-30T01:57:49.056718,Lazarettgasse,7,346779
2026-06-30T01:57:49.056718,Lazarettgasse,7,347473
2026-06-30T01:57:49.056718,Lazarettgasse,7,347676
2026-06-30T01:57:49.056718,Edelsinnstraße,9,345131
2026-06-30T01:57:49.056718,Edelsinnstraße,9,345861
2026-06-30T01:57:49.056718,Edelsinnstraße,9,346190
2026-06-30T01:57:49.056718,Edelsinnstraße,9,347255
2026-06-30T01:57:49.056718,Edelsinnstraße,9,347959
2026-06-30T01:57:49.056718,Edelsinnstraße,9,347760
2026-06-30T01:57:49.056718,Edelsinnstraße,9,347649
2026-06-30T01:57:49.056718,Edelsinnstraße,9,348040
2026-06-30T01:57:49.056718,Edelsinnstraße,9,348017
2026-06-30T01:57:49.056718,Amerlingstraße,4,345164
2026-06-30T01:57:49.056718,Amerlingstraße,4,346787
2026-06-30T01:57:49.056718,Amerlingstraße,4,348439
2026-06-30T01:57:49.056718,Amerlingstraße,4,348417
2026-06-30T01:57:49.056718,Albertgasse,10,345378
2026-06-30T01:57:49.056718,Albertgasse,10,346164
2026-06-30T01:57:49.056718,Albertgasse,10,346070
2026-06-30T01:57:49.056718,Albertgasse,10,346068
2026-06-30T01:57:49.056718,Albertgasse,10,346060
2026-06-30T01:57:49.056718,Albertgasse,10,346550
2026-06-30T01:57:49.056718,Albertgasse,10,347710
2026-06-30T01:57:49.056718,Albertgasse,10,347622
2026-06-30T01:57:49.056718,Albertgasse,10,348925
2026-06-30T01:57:49.056718,Albertgasse,10,348913
2026-06-30T01:57:49.056718,Universitätsring,1,346474
2026-06-30T01:57:49.056718,Herrengasse U,1,349190
2026-06-30T01:57:49.056718,Sensengasse,6,345262
2026-06-30T01:57:49.056718,Sensengasse,6,345049
2026-06-30T01:57:49.056718,Sensengasse,6,346965
2026-06-30T01:57:49.056718,Sensengasse,6,347881
2026-06-30T01:57:49.056718,Sensengasse,6,347580
2026-06-30T01:57:49.056718,Sensengasse,6,348016
2026-06-30T01:57:49.056718,Belgradplatz,8,345619
2026-06-30T01:57:49.056718,Belgradplatz,8,346894
2026-06-30T01:57:49.056718,Belgradplatz,8,346794
2026-06-30T01:57:49.056718,Belgradplatz,8,347165
2026-06-30T01:57:49.056718,Belgradplatz,8,347806
2026-06-30T01:57:49.056718,Belgradplatz,8,348123
2026-06-30T01:57:49.056718,Belgradplatz,8,348991
2026-06-30T01:57:49.056718,Belgradplatz,8,348872
2026-06-30T01:57:49.056718,Rathausplatz / Burgtheater,1,345937
2026-06-30T01:57:49.056718,Arbeitergasse - Gürtel,23,345375
2026-06-30T01:57:49.056718,Arbeitergasse - Gürtel,23,345225
2026-06-30T01:57:49.056718,Arbeitergasse - Gürtel,23,345166
2026-06-30T01:57:49.056718,Arbeitergasse - Gürtel,23,345926
2026-06-30T01:57:49.056718,Arbeitergasse - Gürtel,23,345914
2026-06-30T01:57:49.056718,Arbeitergasse - Gürtel,23,345886
2026-06-30T01:57:49.056718,Arbeitergasse - Gürtel,23,345711
2026-06-30T01:57:49.056718,Arbeitergasse - Gürtel,23,346362
2026-06-30T01:57:49.056718,Arbeitergasse - Gürtel,23,346340
2026-06-30T01:57:49.056718,Arbeitergasse - Gürtel,23,346339
2026-06-30T01:57:49.056718,Arbeitergasse - Gürtel,23,346807
2026-06-30T01:57:49.056718,Arbeitergasse - Gürtel,23,346542
2026-06-30T01:57:49.056718,Arbeitergasse - Gürtel,23,347464
2026-06-30T01:57:49.056718,Arbeitergasse - Gürtel,23,347316
2026-06-30T01:57:49.056718,Arbeitergasse - Gürtel,23,347265
2026-06-30T01:57:49.056718,Arbeitergasse - Gürtel,23,347188
2026-06-30T01:57:49.056718,Arbeitergasse - Gürtel,23,347752
2026-06-30T01:57:49.056718,Arbeitergasse - Gürtel,23,347659
2026-06-30T01:57:49.056718,Arbeitergasse - Gürtel,23,347652
2026-06-30T01:57:49.056718,Arbeitergasse - Gürtel,23,347561
2026-06-30T01:57:49.056718,Arbeitergasse - Gürtel,23,348102
2026-06-30T01:57:49.056718,Arbeitergasse - Gürtel,23,348011
2026-06-30T01:57:49.056718,Arbeitergasse - Gürtel,23,348639
2026-06-30T01:57:49.056718,Bauernfeldplatz / Palais Lichtenstein,25,345400
2026-06-30T01:57:49.056718,Bauernfeldplatz / Palais Lichtenstein,25,345305
2026-06-30T01:57:49.056718,Bauernfeldplatz / Palais Lichtenstein,25,345201
2026-06-30T01:57:49.056718,Bauernfeldplatz / Palais Lichtenstein,25,345699
2026-06-30T01:57:49.056718,Bauernfeldplatz / Palais Lichtenstein,25,345553
2026-06-30T01:57:49.056718,Bauernfeldplatz / Palais Lichtenstein,25,345533
2026-06-30T01:57:49.056718,Bauernfeldplatz / Palais Lichtenstein,25,345530
2026-06-30T01:57:49.056718,Bauernfeldplatz / Palais Lichtenstein,25,346432
2026-06-30T01:57:49.056718,Bauernfeldplatz / Palais Lichtenstein,25,346292
2026-06-30T01:57:49.056718,Bauernfeldplatz / Palais Lichtenstein,25,346106
2026-06-30T01:57:49.056718,Bauernfeldplatz / Palais Lichtenstein,25,346814
2026-06-30T01:57:49.056718,Bauernfeldplatz / Palais Lichtenstein,25,346805
2026-06-30T01:57:49.056718,Bauernfeldplatz / Palais Lichtenstein,25,346692
2026-06-30T01:57:49.056718,Bauernfeldplatz / Palais Lichtenstein,25,346555
2026-06-30T01:57:49.056718,Bauernfeldplatz / Palais Lichtenstein,25,347492
2026-06-30T01:57:49.056718,Bauernfeldplatz / Palais Lichtenstein,25,347344
2026-06-30T01:57:49.056718,Bauernfeldplatz / Palais Lichtenstein,25,347294
2026-06-30T01:57:49.056718,Bauernfeldplatz / Palais Lichtenstein,25,347228
2026-06-30T01:57:49.056718,Bauernfeldplatz / Palais Lichtenstein,25,347717
2026-06-30T01:57:49.056718,Bauernfeldplatz / Palais Lichtenstein,25,348341
2026-06-30T01:57:49.056718,Bauernfeldplatz / Palais Lichtenstein,25,348297
2026-06-30T01:57:49.056718,Bauernfeldplatz / Palais Lichtenstein,25,348248
2026-06-30T01:57:49.056718,Bauernfeldplatz / Palais Lichtenstein,25,348233
2026-06-30T01:57:49.056718,Bauernfeldplatz / Palais Lichtenstein,25,348698
2026-06-30T01:57:49.056718,Bauernfeldplatz / Palais Lichtenstein,25,398758
2026-06-30T01:57:49.056718,Johannesgasse / Stadtpark,8,345014
2026-06-30T01:57:49.056718,Johannesgasse / Stadtpark,8,346253
2026-06-30T01:57:49.056718,Johannesgasse / Stadtpark,8,346227
2026-06-30T01:57:49.056718,Johannesgasse / Stadtpark,8,346736
2026-06-30T01:57:49.056718,Johannesgasse / Stadtpark,8,346691
2026-06-30T01:57:49.056718,Johannesgasse / Stadtpark,8,348466
2026-06-30T01:57:49.056718,Johannesgasse / Stadtpark,8,348437
2026-06-30T01:57:49.056718,Johannesgasse / Stadtpark,8,348324
2026-06-30T01:57:49.056718,Bischof-Faber-Platz,2,345382
2026-06-30T01:57:49.056718,Bischof-Faber-Platz,2,349002
2026-06-30T01:57:49.056718,Am Schöpfwerk U,10,345297
2026-06-30T01:57:49.056718,Am Schöpfwerk U,10,345725
2026-06-30T01:57:49.056718,Am Schöpfwerk U,10,345534
2026-06-30T01:57:49.056718,Am Schöpfwerk U,10,346462
2026-06-30T01:57:49.056718,Am Schöpfwerk U,10,346838
2026-06-30T01:57:49.056718,Am Schöpfwerk U,10,348701
2026-06-30T01:57:49.056718,Am Schöpfwerk U,10,398782
2026-06-30T01:57:49.056718,Am Schöpfwerk U,10,398772
2026-06-30T01:57:49.056718,Am Schöpfwerk U,10,349108
2026-06-30T01:57:49.056718,Am Schöpfwerk U,10,348959
2026-06-30T01:57:49.056718,Alserbachstraße,27,345455
2026-06-30T01:57:49.056718,Alserbachstraße,27,345445
2026-06-30T01:57:49.056718,Alserbachstraße,27,345260
2026-06-30T01:57:49.056718,Alserbachstraße,27,345231
2026-06-30T01:57:49.056718,Alserbachstraße,27,345028
2026-06-30T01:57:49.056718,Alserbachstraße,27,345901
2026-06-30T01:57:49.056718,Alserbachstraße,27,345895
2026-06-30T01:57:49.056718,Alserbachstraße,27,345512
2026-06-30T01:57:49.056718,Alserbachstraße,27,346479
2026-06-30T01:57:49.056718,Alserbachstraße,27,346299
2026-06-30T01:57:49.056718,Alserbachstraße,27,346184
2026-06-30T01:57:49.056718,Alserbachstraße,27,346962
2026-06-30T01:57:49.056718,Alserbachstraße,27,346917
2026-06-30T01:57:49.056718,Alserbachstraße,27,346877
2026-06-30T01:57:49.056718,Alserbachstraße,27,346582
2026-06-30T01:57:49.056718,Alserbachstraße,27,346544
2026-06-30T01:57:49.056718,Alserbachstraße,27,346506
2026-06-30T01:57:49.056718,Alserbachstraße,27,347324
2026-06-30T01:57:49.056718,Alserbachstraße,27,347040
2026-06-30T01:57:49.056718,Alserbachstraße,27,347891
2026-06-30T01:57:49.056718,Alserbachstraße,27,347821
2026-06-30T01:57:49.056718,Alserbachstraße,27,347793
2026-06-30T01:57:49.056718,Alserbachstraße,27,347740
2026-06-30T01:57:49.056718,Alserbachstraße,27,347523
2026-06-30T01:57:49.056718,Alserbachstraße,27,348425
2026-06-30T01:57:49.056718,Alserbachstraße,27,348159
2026-06-30T01:57:49.056718,Alserbachstraße,27,348839
2026-06-30T01:57:49.056718,Petrusgasse,32,345371
2026-06-30T01:57:49.056718,Petrusgasse,32,345300
2026-06-30T01:57:49.056718,Petrusgasse,32,345230
2026-06-30T01:57:49.056718,Petrusgasse,32,345196
2026-06-30T01:57:49.056718,Petrusgasse,32,345080
2026-06-30T01:57:49.056718,Petrusgasse,32,345023
2026-06-30T01:57:49.056718,Petrusgasse,32,345972
2026-06-30T01:57:49.056718,Petrusgasse,32,345927
2026-06-30T01:57:49.056718,Petrusgasse,32,345900
2026-06-30T01:57:49.056718,Petrusgasse,32,345775
2026-06-30T01:57:49.056718,Petrusgasse,32,345653
2026-06-30T01:57:49.056718,Petrusgasse,32,345634
2026-06-30T01:57:49.056718,Petrusgasse,32,345628
2026-06-30T01:57:49.056718,Petrusgasse,32,345615
2026-06-30T01:57:49.056718,Petrusgasse,32,346219
2026-06-30T01:57:49.056718,Petrusgasse,32,346966
2026-06-30T01:57:49.056718,Petrusgasse,32,346652
2026-06-30T01:57:49.056718,Petrusgasse,32,347484
2026-06-30T01:57:49.056718,Petrusgasse,32,347223
2026-06-30T01:57:49.056718,Petrusgasse,32,347782
2026-06-30T01:57:49.056718,Petrusgasse,32,347739
2026-06-30T01:57:49.056718,Petrusgasse,32,347668
2026-06-30T01:57:49.056718,Petrusgasse,32,348396
2026-06-30T01:57:49.056718,Petrusgasse,32,348325
2026-06-30T01:57:49.056718,Petrusgasse,32,348219
2026-06-30T01:57:49.056718,Petrusgasse,32,348179
2026-06-30T01:57:49.056718,Petrusgasse,32,348140
2026-06-30T01:57:49.056718,Petrusgasse,32,348027
2026-06-30T01:57:49.056718,Petrusgasse,32,348592
2026-06-30T01:57:49.056718,Petrusgasse,32,348556
2026-06-30T01:57:49.056718,Petrusgasse,32,398807
2026-06-30T01:57:49.056718,Petrusgasse,32,348936
2026-06-30T01:57:49.056718,Wassergasse,14,345324
2026-06-30T01:57:49.056718,Wassergasse,14,345182
2026-06-30T01:57:49.056718,Wassergasse,14,345054
2026-06-30T01:57:49.056718,Wassergasse,14,346325
2026-06-30T01:57:49.056718,Wassergasse,14,346272
2026-06-30T01:57:49.056718,Wassergasse,14,346263
2026-06-30T01:57:49.056718,Wassergasse,14,346144
2026-06-30T01:57:49.056718,Wassergasse,14,346124
2026-06-30T01:57:49.056718,Wassergasse,14,346067
2026-06-30T01:57:49.056718,Wassergasse,14,347427
2026-06-30T01:57:49.056718,Wassergasse,14,347074
2026-06-30T01:57:49.056718,Wassergasse,14,347853
2026-06-30T01:57:49.056718,Wassergasse,14,347532
2026-06-30T01:57:49.056718,Wassergasse,14,348039
2026-06-30T01:57:49.056718,Löwengasse,18,345233
2026-06-30T01:57:49.056718,Löwengasse,18,345098
2026-06-30T01:57:49.056718,Löwengasse,18,345763
2026-06-30T01:57:49.056718,Löwengasse,18,346497
2026-06-30T01:57:49.056718,Löwengasse,18,346161
2026-06-30T01:57:49.056718,Löwengasse,18,346905
2026-06-30T01:57:49.056718,Löwengasse,18,346585
2026-06-30T01:57:49.056718,Löwengasse,18,347441
2026-06-30T01:57:49.056718,Löwengasse,18,347152
2026-06-30T01:57:49.056718,Löwengasse,18,347644
2026-06-30T01:57:49.056718,Löwengasse,18,347515
2026-06-30T01:57:49.056718,Löwengasse,18,348488
2026-06-30T01:57:49.056718,Löwengasse,18,348484
2026-06-30T01:57:49.056718,Löwengasse,18,348458
2026-06-30T01:57:49.056718,Löwengasse,18,348245
2026-06-30T01:57:49.056718,Löwengasse,18,398834
2026-06-30T01:57:49.056718,Löwengasse,18,398792
2026-06-30T01:57:49.056718,Löwengasse,18,348922
2026-06-30T01:57:49.056718,Kardinal-Nagl-Platz U,48,345464
2026-06-30T01:57:49.056718,Kardinal-Nagl-Platz U,48,345347
2026-06-30T01:57:49.056718,Kardinal-Nagl-Platz U,48,345266
2026-06-30T01:57:49.056718,Kardinal-Nagl-Platz U,48,345246
2026-06-30T01:57:49.056718,Kardinal-Nagl-Platz U,48,345206
2026-06-30T01:57:49.056718,Kardinal-Nagl-Platz U,48,345177
2026-06-30T01:57:49.056718,Kardinal-Nagl-Platz U,48,345799
2026-06-30T01:57:49.056718,Kardinal-Nagl-Platz U,48,345790
2026-06-30T01:57:49.056718,Kardinal-Nagl-Platz U,48,345772
2026-06-30T01:57:49.056718,Kardinal-Nagl-Platz U,48,345740
2026-06-30T01:57:49.056718,Kardinal-Nagl-Platz U,48,345501
2026-06-30T01:57:49.056718,Kardinal-Nagl-Platz U,48,346469
2026-06-30T01:57:49.056718,Kardinal-Nagl-Platz U,48,346421
2026-06-30T01:57:49.056718,Kardinal-Nagl-Platz U,48,346313
2026-06-30T01:57:49.056718,Kardinal-Nagl-Platz U,48,346237
2026-06-30T01:57:49.056718,Kardinal-Nagl-Platz U,48,346181
2026-06-30T01:57:49.056718,Kardinal-Nagl-Platz U,48,346145
2026-06-30T01:57:49.056718,Kardinal-Nagl-Platz U,48,346043
2026-06-30T01:57:49.056718,Kardinal-Nagl-Platz U,48,346977
2026-06-30T01:57:49.056718,Kardinal-Nagl-Platz U,48,346926
2026-06-30T01:57:49.056718,Kardinal-Nagl-Platz U,48,346729
2026-06-30T01:57:49.056718,Kardinal-Nagl-Platz U,48,346681
2026-06-30T01:57:49.056718,Kardinal-Nagl-Platz U,48,346533
2026-06-30T01:57:49.056718,Kardinal-Nagl-Platz U,48,346529
2026-06-30T01:57:49.056718,Kardinal-Nagl-Platz U,48,347425
2026-06-30T01:57:49.056718,Kardinal-Nagl-Platz U,48,347329
2026-06-30T01:57:49.056718,Kardinal-Nagl-Platz U,48,347153
2026-06-30T01:57:49.056718,Kardinal-Nagl-Platz U,48,347890
2026-06-30T01:57:49.056718,Kardinal-Nagl-Platz U,48,347770
2026-06-30T01:57:49.056718,Kardinal-Nagl-Platz U,48,347761
2026-06-30T01:57:49.056718,Kardinal-Nagl-Platz U,48,347693
2026-06-30T01:57:49.056718,Kardinal-Nagl-Platz U,48,347638
2026-06-30T01:57:49.056718,Kardinal-Nagl-Platz U,48,347556
2026-06-30T01:57:49.056718,Kardinal-Nagl-Platz U,48,347500
2026-06-30T01:57:49.056718,Kardinal-Nagl-Platz U,48,348344
2026-06-30T01:57:49.056718,Kardinal-Nagl-Platz U,48,348313
2026-06-30T01:57:49.056718,Kardinal-Nagl-Platz U,48,348192
2026-06-30T01:57:49.056718,Kardinal-Nagl-Platz U,48,348024
2026-06-30T01:57:49.056718,Kardinal-Nagl-Platz U,48,348685
2026-06-30T01:57:49.056718,Kardinal-Nagl-Platz U,48,348676
2026-06-30T01:57:49.056718,Kardinal-Nagl-Platz U,48,348636
2026-06-30T01:57:49.056718,Kardinal-Nagl-Platz U,48,348593
2026-06-30T01:57:49.056718,Kardinal-Nagl-Platz U,48,348585
2026-06-30T01:57:49.056718,Kardinal-Nagl-Platz U,48,348582
2026-06-30T01:57:49.056718,Kardinal-Nagl-Platz U,48,348515
2026-06-30T01:57:49.056718,Kardinal-Nagl-Platz U,48,398786
2026-06-30T01:57:49.056718,Kardinal-Nagl-Platz U,48,349057
2026-06-30T01:57:49.056718,Kardinal-Nagl-Platz U,48,349013
2026-06-30T01:57:49.056718,Kärntner Ring,2,345811
2026-06-30T01:57:49.056718,Kärntner Ring,2,348672
2026-06-30T01:57:49.056718,Schottenring U,14,345426
2026-06-30T01:57:49.056718,Schottenring U,14,345175
2026-06-30T01:57:49.056718,Schottenring U,14,345913
2026-06-30T01:57:49.056718,Schottenring U,14,345650
2026-06-30T01:57:49.056718,Schottenring U,14,346357
2026-06-30T01:57:49.056718,Schottenring U,14,346327
2026-06-30T01:57:49.056718,Schottenring U,14,346929
2026-06-30T01:57:49.056718,Schottenring U,14,346910
2026-06-30T01:57:49.056718,Schottenring U,14,346776
2026-06-30T01:57:49.056718,Schottenring U,14,347453
2026-06-30T01:57:49.056718,Schottenring U,14,347906
2026-06-30T01:57:49.056718,Schottenring U,14,347594
2026-06-30T01:57:49.056718,Schottenring U,14,348277
2026-06-30T01:57:49.056718,Schottenring U,14,398789
2026-06-30T01:57:49.056718,Strozzigasse,5,345340
2026-06-30T01:57:49.056718,Strozzigasse,5,345205
2026-06-30T01:57:49.056718,Strozzigasse,5,348584
2026-06-30T01:57:49.056718,Strozzigasse,5,398858
2026-06-30T01:57:49.056718,Strozzigasse,5,348853
2026-06-30T01:57:49.056718,Stefan-Fadinger-Platz,2,346349
2026-06-30T01:57:49.056718,Stefan-Fadinger-Platz,2,347086
2026-06-30T01:57:49.056718,Brünnlbadgasse,2,345255
2026-06-30T01:57:49.056718,Brünnlbadgasse,2,347065
2026-06-30T01:57:49.056718,Obere Augartenstraße,23,345124
2026-06-30T01:57:49.056718,Obere Augartenstraße,23,345117
2026-06-30T01:57:49.056718,Obere Augartenstraße,23,345040
2026-06-30T01:57:49.056718,Obere Augartenstraße,23,345987
2026-06-30T01:57:49.056718,Obere Augartenstraße,23,345968
2026-06-30T01:57:49.056718,Obere Augartenstraße,23,345536
2026-06-30T01:57:49.056718,Obere Augartenstraße,23,346397
2026-06-30T01:57:49.056718,Obere Augartenstraße,23,346149
2026-06-30T01:57:49.056718,Obere Augartenstraße,23,346028
2026-06-30T01:57:49.056718,Obere Augartenstraße,23,346026
2026-06-30T01:57:49.056718,Obere Augartenstraße,23,346847
2026-06-30T01:57:49.056718,Obere Augartenstraße,23,346665
2026-06-30T01:57:49.056718,Obere Augartenstraße,23,347273
2026-06-30T01:57:49.056718,Obere Augartenstraße,23,347252
2026-06-30T01:57:49.056718,Obere Augartenstraße,23,347240
2026-06-30T01:57:49.056718,Obere Augartenstraße,23,347094
2026-06-30T01:57:49.056718,Obere Augartenstraße,23,348499
2026-06-30T01:57:49.056718,Obere Augartenstraße,23,348296
2026-06-30T01:57:49.056718,Obere Augartenstraße,23,348087
2026-06-30T01:57:49.056718,Obere Augartenstraße,23,348086
2026-06-30T01:57:49.056718,Obere Augartenstraße,23,348693
2026-06-30T01:57:49.056718,Obere Augartenstraße,23,348809
2026-06-30T01:57:49.056718,Obere Augartenstraße,23,398864
2026-06-30T01:57:49.056718,Gußhausstraße / Argentinierstraße,5,346107
2026-06-30T01:57:49.056718,Gußhausstraße / Argentinierstraße,5,347209
2026-06-30T01:57:49.056718,Gußhausstraße / Argentinierstraße,5,348514
2026-06-30T01:57:49.056718,Gußhausstraße / Argentinierstraße,5,348996
2026-06-30T01:57:49.056718,Gußhausstraße / Argentinierstraße,5,348903
2026-06-30T01:57:49.056718,Marschallplatz,3,345545
2026-06-30T01:57:49.056718,Marschallplatz,3,347177
2026-06-30T01:57:49.056718,Marschallplatz,3,348997
2026-06-30T01:57:49.056718,Ober St. Veit U,15,345479
2026-06-30T01:57:49.056718,Ober St. Veit U,15,345104
2026-06-30T01:57:49.056718,Ober St. Veit U,15,345753
2026-06-30T01:57:49.056718,Ober St. Veit U,15,346197
2026-06-30T01:57:49.056718,Ober St. Veit U,15,346846
2026-06-30T01:57:49.056718,Ober St. Veit U,15,346750
2026-06-30T01:57:49.056718,Ober St. Veit U,15,346650
2026-06-30T01:57:49.056718,Ober St. Veit U,15,347306
2026-06-30T01:57:49.056718,Ober St. Veit U,15,347780
2026-06-30T01:57:49.056718,Ober St. Veit U,15,347709
2026-06-30T01:57:49.056718,Ober St. Veit U,15,348551
2026-06-30T01:57:49.056718,Ober St. Veit U,15,349069
2026-06-30T01:57:49.056718,Ober St. Veit U,15,348984
2026-06-30T01:57:49.056718,Ober St. Veit U,15,348907
2026-06-30T01:57:49.056718,Ober St. Veit U,15,349154
2026-06-30T01:57:49.056718,Auf der Schmelz,18,345469
2026-06-30T01:57:49.056718,Auf der Schmelz,18,345090
2026-06-30T01:57:49.056718,Auf der Schmelz,18,345975
2026-06-30T01:57:49.056718,Auf der Schmelz,18,345664
2026-06-30T01:57:49.056718,Auf der Schmelz,18,345659
2026-06-30T01:57:49.056718,Auf der Schmelz,18,346465
2026-06-30T01:57:49.056718,Auf der Schmelz,18,346389
2026-06-30T01:57:49.056718,Auf der Schmelz,18,346062
2026-06-30T01:57:49.056718,Auf der Schmelz,18,346851
2026-06-30T01:57:49.056718,Auf der Schmelz,18,346525
2026-06-30T01:57:49.056718,Auf der Schmelz,18,347178
2026-06-30T01:57:49.056718,Auf der Schmelz,18,347730
2026-06-30T01:57:49.056718,Auf der Schmelz,18,348348
2026-06-30T01:57:49.056718,Auf der Schmelz,18,348338
2026-06-30T01:57:49.056718,Auf der Schmelz,18,348043
2026-06-30T01:57:49.056718,Auf der Schmelz,18,348573
2026-06-30T01:57:49.056718,Auf der Schmelz,18,348564
2026-06-30T01:57:49.056718,Auf der Schmelz,18,398823
2026-06-30T01:57:49.056718,Grimmgasse,17,345463
2026-06-30T01:57:49.056718,Grimmgasse,17,345213
2026-06-30T01:57:49.056718,Grimmgasse,17,345168
2026-06-30T01:57:49.056718,Grimmgasse,17,345985
2026-06-30T01:57:49.056718,Grimmgasse,17,346423
2026-06-30T01:57:49.056718,Grimmgasse,17,346404
2026-06-30T01:57:49.056718,Grimmgasse,17,346922
2026-06-30T01:57:49.056718,Grimmgasse,17,346593
2026-06-30T01:57:49.056718,Grimmgasse,17,346564
2026-06-30T01:57:49.056718,Grimmgasse,17,347475
2026-06-30T01:57:49.056718,Grimmgasse,17,347190
2026-06-30T01:57:49.056718,Grimmgasse,17,347719
2026-06-30T01:57:49.056718,Grimmgasse,17,347635
2026-06-30T01:57:49.056718,Grimmgasse,17,348375
2026-06-30T01:57:49.056718,Grimmgasse,17,348304
2026-06-30T01:57:49.056718,Grimmgasse,17,348022
2026-06-30T01:57:49.056718,Grimmgasse,17,349038
2026-06-30T01:57:49.056718,Parhamerplatz,29,345448
2026-06-30T01:57:49.056718,Parhamerplatz,29,345229
2026-06-30T01:57:49.056718,Parhamerplatz,29,345221
2026-06-30T01:57:49.056718,Parhamerplatz,29,345152
2026-06-30T01:57:49.056718,Parhamerplatz,29,345129
2026-06-30T01:57:49.056718,Parhamerplatz,29,345961
2026-06-30T01:57:49.056718,Parhamerplatz,29,345923
2026-06-30T01:57:49.056718,Parhamerplatz,29,345893
2026-06-30T01:57:49.056718,Parhamerplatz,29,345841
2026-06-30T01:57:49.056718,Parhamerplatz,29,345719
2026-06-30T01:57:49.056718,Parhamerplatz,29,346459
2026-06-30T01:57:49.056718,Parhamerplatz,29,346334
2026-06-30T01:57:49.056718,Parhamerplatz,29,346222
2026-06-30T01:57:49.056718,Parhamerplatz,29,346160
2026-06-30T01:57:49.056718,Parhamerplatz,29,346048
2026-06-30T01:57:49.056718,Parhamerplatz,29,346880
2026-06-30T01:57:49.056718,Parhamerplatz,29,346825
2026-06-30T01:57:49.056718,Parhamerplatz,29,346508
2026-06-30T01:57:49.056718,Parhamerplatz,29,347244
2026-06-30T01:57:49.056718,Parhamerplatz,29,347174
2026-06-30T01:57:49.056718,Parhamerplatz,29,347130
2026-06-30T01:57:49.056718,Parhamerplatz,29,347032
2026-06-30T01:57:49.056718,Parhamerplatz,29,347989
2026-06-30T01:57:49.056718,Parhamerplatz,29,347759
2026-06-30T01:57:49.056718,Parhamerplatz,29,348023
2026-06-30T01:57:49.056718,Parhamerplatz,29,398853
2026-06-30T01:57:49.056718,Parhamerplatz,29,398775
2026-06-30T01:57:49.056718,Parhamerplatz,29,398755
2026-06-30T01:57:49.056718,Parhamerplatz,29,348917
2026-06-30T01:57:49.056718,Kendlerstraße U,15,345244
2026-06-30T01:57:49.056718,Kendlerstraße U,15,345986
2026-06-30T01:57:49.056718,Kendlerstraße U,15,345872
2026-06-30T01:57:49.056718,Kendlerstraße U,15,345692
2026-06-30T01:57:49.056718,Kendlerstraße U,15,345679
2026-06-30T01:57:49.056718,Kendlerstraße U,15,346419
2026-06-30T01:57:49.056718,Kendlerstraße U,15,346324
2026-06-30T01:57:49.056718,Kendlerstraße U,15,346270
2026-06-30T01:57:49.056718,Kendlerstraße U,15,346126
2026-06-30T01:57:49.056718,Kendlerstraße U,15,347975
2026-06-30T01:57:49.056718,Kendlerstraße U,15,348493
2026-06-30T01:57:49.056718,Kendlerstraße U,15,348236
2026-06-30T01:57:49.056718,Kendlerstraße U,15,348119
2026-06-30T01:57:49.056718,Kendlerstraße U,15,349033
2026-06-30T01:57:49.056718,Kendlerstraße U,15,348947
2026-06-30T01:57:49.056718,Dornerplatz,25,345482
2026-06-30T01:57:49.056718,Dornerplatz,25,345321
2026-06-30T01:57:49.056718,Dornerplatz,25,345208
2026-06-30T01:57:49.056718,Dornerplatz,25,345068
2026-06-30T01:57:49.056718,Dornerplatz,25,345065
2026-06-30T01:57:49.056718,Dornerplatz,25,345733
2026-06-30T01:57:49.056718,Dornerplatz,25,345582
2026-06-30T01:57:49.056718,Dornerplatz,25,346490
2026-06-30T01:57:49.056718,Dornerplatz,25,346405
2026-06-30T01:57:49.056718,Dornerplatz,25,346236
2026-06-30T01:57:49.056718,Dornerplatz,25,346918
2026-06-30T01:57:49.056718,Dornerplatz,25,346745
2026-06-30T01:57:49.056718,Dornerplatz,25,346602
2026-06-30T01:57:49.056718,Dornerplatz,25,346579
2026-06-30T01:57:49.056718,Dornerplatz,25,347409
2026-06-30T01:57:49.056718,Dornerplatz,25,347355
2026-06-30T01:57:49.056718,Dornerplatz,25,347283
2026-06-30T01:57:49.056718,Dornerplatz,25,347173
2026-06-30T01:57:49.056718,Dornerplatz,25,347084
2026-06-30T01:57:49.056718,Dornerplatz,25,347705
2026-06-30T01:57:49.056718,Dornerplatz,25,347700
2026-06-30T01:57:49.056718,Dornerplatz,25,348402
2026-06-30T01:57:49.056718,Dornerplatz,25,348157
2026-06-30T01:57:49.056718,Dornerplatz,25,398785
2026-06-30T01:57:49.056718,Dornerplatz,25,348842
2026-06-30T01:57:49.056718,Hernals S,24,345330
2026-06-30T01:57:49.056718,Hernals S,24,345310
2026-06-30T01:57:49.056718,Hernals S,24,345247
2026-06-30T01:57:49.056718,Hernals S,24,345077
2026-06-30T01:57:49.056718,Hernals S,24,345908
2026-06-30T01:57:49.056718,Hernals S,24,345875
2026-06-30T01:57:49.056718,Hernals S,24,345805
2026-06-30T01:57:49.056718,Hernals S,24,345668
2026-06-30T01:57:49.056718,Hernals S,24,346072
2026-06-30T01:57:49.056718,Hernals S,24,346058
2026-06-30T01:57:49.056718,Hernals S,24,346661
2026-06-30T01:57:49.056718,Hernals S,24,346534
2026-06-30T01:57:49.056718,Hernals S,24,346516
2026-06-30T01:57:49.056718,Hernals S,24,347107
2026-06-30T01:57:49.056718,Hernals S,24,347894
2026-06-30T01:57:49.056718,Hernals S,24,347684
2026-06-30T01:57:49.056718,Hernals S,24,348410
2026-06-30T01:57:49.056718,Hernals S,24,348308
2026-06-30T01:57:49.056718,Hernals S,24,348305
2026-06-30T01:57:49.056718,Hernals S,24,348120
2026-06-30T01:57:49.056718,Hernals S,24,348082
2026-06-30T01:57:49.056718,Hernals S,24,348647
2026-06-30T01:57:49.056718,Hernals S,24,348604
2026-06-30T01:57:49.056718,Hernals S,24,348980
2026-06-30T01:57:49.056718,Schmelzbrücke,15,345280
2026-06-30T01:57:49.056718,Schmelzbrücke,15,345978
2026-06-30T01:57:49.056718,Schmelzbrücke,15,345600
2026-06-30T01:57:49.056718,Schmelzbrücke,15,345592
2026-06-30T01:57:49.056718,Schmelzbrücke,15,346428
2026-06-30T01:57:49.056718,Schmelzbrücke,15,346388
2026-06-30T01:57:49.056718,Schmelzbrücke,15,347034
2026-06-30T01:57:49.056718,Schmelzbrücke,15,347028
2026-06-30T01:57:49.056718,Schmelzbrücke,15,347974
2026-06-30T01:57:49.056718,Schmelzbrücke,15,347931
2026-06-30T01:57:49.056718,Schmelzbrücke,15,347860
2026-06-30T01:57:49.056718,Schmelzbrücke,15,348281
2026-06-30T01:57:49.056718,Schmelzbrücke,15,348204
2026-06-30T01:57:49.056718,Schmelzbrücke,15,348712
2026-06-30T01:57:49.056718,Schmelzbrücke,15,398731
2026-06-30T01:57:49.056718,Michelbeuern-AKH U,24,345425
2026-06-30T01:57:49.056718,Michelbeuern-AKH U,24,345170
2026-06-30T01:57:49.056718,Michelbeuern-AKH U,24,345083
2026-06-30T01:57:49.056718,Michelbeuern-AKH U,24,345983
2026-06-30T01:57:49.056718,Michelbeuern-AKH U,24,345877
2026-06-30T01:57:49.056718,Michelbeuern-AKH U,24,345701
2026-06-30T01:57:49.056718,Michelbeuern-AKH U,24,345527
2026-06-30T01:57:49.056718,Michelbeuern-AKH U,24,345518
2026-06-30T01:57:49.056718,Michelbeuern-AKH U,24,346448
2026-06-30T01:57:49.056718,Michelbeuern-AKH U,24,346265
2026-06-30T01:57:49.056718,Michelbeuern-AKH U,24,346102
2026-06-30T01:57:49.056718,Michelbeuern-AKH U,24,346946
2026-06-30T01:57:49.056718,Michelbeuern-AKH U,24,346836
2026-06-30T01:57:49.056718,Michelbeuern-AKH U,24,346667
2026-06-30T01:57:49.056718,Michelbeuern-AKH U,24,347278
2026-06-30T01:57:49.056718,Michelbeuern-AKH U,24,347237
2026-06-30T01:57:49.056718,Michelbeuern-AKH U,24,347166
2026-06-30T01:57:49.056718,Michelbeuern-AKH U,24,347110
2026-06-30T01:57:49.056718,Michelbeuern-AKH U,24,347988
2026-06-30T01:57:49.056718,Michelbeuern-AKH U,24,347868
2026-06-30T01:57:49.056718,Michelbeuern-AKH U,24,348440
2026-06-30T01:57:49.056718,Michelbeuern-AKH U,24,348104
2026-06-30T01:57:49.056718,Michelbeuern-AKH U,24,348067
2026-06-30T01:57:49.056718,Michelbeuern-AKH U,24,348680
2026-06-30T01:57:49.056718,Johann-Nepomuk-Vogl-Platz,2,346395
2026-06-30T01:57:49.056718,Johann-Nepomuk-Vogl-Platz,2,346248
2026-06-30T01:57:49.056718,Mayerhofgasse,17,345465
2026-06-30T01:57:49.056718,Mayerhofgasse,17,345110
2026-06-30T01:57:49.056718,Mayerhofgasse,17,346224
2026-06-30T01:57:49.056718,Mayerhofgasse,17,346166
2026-06-30T01:57:49.056718,Mayerhofgasse,17,346854
2026-06-30T01:57:49.056718,Mayerhofgasse,17,346746
2026-06-30T01:57:49.056718,Mayerhofgasse,17,347320
2026-06-30T01:57:49.056718,Mayerhofgasse,17,347139
2026-06-30T01:57:49.056718,Mayerhofgasse,17,347908
2026-06-30T01:57:49.056718,Mayerhofgasse,17,347623
2026-06-30T01:57:49.056718,Mayerhofgasse,17,347506
2026-06-30T01:57:49.056718,Mayerhofgasse,17,348486
2026-06-30T01:57:49.056718,Mayerhofgasse,17,348302
2026-06-30T01:57:49.056718,Mayerhofgasse,17,348180
2026-06-30T01:57:49.056718,Mayerhofgasse,17,348703
2026-06-30T01:57:49.056718,Mayerhofgasse,17,348537
2026-06-30T01:57:49.056718,Mayerhofgasse,17,398773
2026-06-30T01:57:49.056718,Westbahnstraße / Schottenfeldgasse,2,347952
2026-06-30T01:57:49.056718,Westbahnstraße / Schottenfeldgasse,2,348856
2026-06-30T01:57:49.056718,Vorgartenstraße U,20,345490
2026-06-30T01:57:49.056718,Vorgartenstraße U,20,345420
2026-06-30T01:57:49.056718,Vorgartenstraße U,20,345210
2026-06-30T01:57:49.056718,Vorgartenstraße U,20,345033
2026-06-30T01:57:49.056718,Vorgartenstraße U,20,345640
2026-06-30T01:57:49.056718,Vorgartenstraße U,20,345617
2026-06-30T01:57:49.056718,Vorgartenstraße U,20,346013
2026-06-30T01:57:49.056718,Vorgartenstraße U,20,346960
2026-06-30T01:57:49.056718,Vorgartenstraße U,20,347378
2026-06-30T01:57:49.056718,Vorgartenstraße U,20,347088
2026-06-30T01:57:49.056718,Vorgartenstraße U,20,347022
2026-06-30T01:57:49.056718,Vorgartenstraße U,20,347947
2026-06-30T01:57:49.056718,Vorgartenstraße U,20,347874
2026-06-30T01:57:49.056718,Vorgartenstraße U,20,347757
2026-06-30T01:57:49.056718,Vorgartenstraße U,20,348422
2026-06-30T01:57:49.056718,Vorgartenstraße U,20,348335
2026-06-30T01:57:49.056718,Vorgartenstraße U,20,348247
2026-06-30T01:57:49.056718,Vorgartenstraße U,20,348007
2026-06-30T01:57:49.056718,Vorgartenstraße U,20,348621
2026-06-30T01:57:49.056718,Vorgartenstraße U,20,348588
2026-06-30T01:57:49.056718,Krieau U,17,345393
2026-06-30T01:57:49.056718,Krieau U,17,345638
2026-06-30T01:57:49.056718,Krieau U,17,346234
2026-06-30T01:57:49.056718,Krieau U,17,346030
2026-06-30T01:57:49.056718,Krieau U,17,346911
2026-06-30T01:57:49.056718,Krieau U,17,346600
2026-06-30T01:57:49.056718,Krieau U,17,346597
2026-06-30T01:57:49.056718,Krieau U,17,346558
2026-06-30T01:57:49.056718,Krieau U,17,347490
2026-06-30T01:57:49.056718,Krieau U,17,347327
2026-06-30T01:57:49.056718,Krieau U,17,347066
2026-06-30T01:57:49.056718,Krieau U,17,347737
2026-06-30T01:57:49.056718,Krieau U,17,348234
2026-06-30T01:57:49.056718,Krieau U,17,348049
2026-06-30T01:57:49.056718,Krieau U,17,348710
2026-06-30T01:57:49.056718,Krieau U,17,348692
2026-06-30T01:57:49.056718,Krieau U,17,398838
2026-06-30T01:57:49.056718,Ottakring S U,28,345293
2026-06-30T01:57:49.056718,Ottakring S U,28,345242
2026-06-30T01:57:49.056718,Ottakring S U,28,345222
2026-06-30T01:57:49.056718,Ottakring S U,28,345062
2026-06-30T01:57:49.056718,Ottakring S U,28,345869
2026-06-30T01:57:49.056718,Ottakring S U,28,345708
2026-06-30T01:57:49.056718,Ottakring S U,28,345607
2026-06-30T01:57:49.056718,Ottakring S U,28,346378
2026-06-30T01:57:49.056718,Ottakring S U,28,346290
2026-06-30T01:57:49.056718,Ottakring S U,28,346963
2026-06-30T01:57:49.056718,Ottakring S U,28,346622
2026-06-30T01:57:49.056718,Ottakring S U,28,346589
2026-06-30T01:57:49.056718,Ottakring S U,28,346586
2026-06-30T01:57:49.056718,Ottakring S U,28,347013
2026-06-30T01:57:49.056718,Ottakring S U,28,347007
2026-06-30T01:57:49.056718,Ottakring S U,28,347823
2026-06-30T01:57:49.056718,Ottakring S U,28,347741
2026-06-30T01:57:49.056718,Ottakring S U,28,348456
2026-06-30T01:57:49.056718,Ottakring S U,28,348438
2026-06-30T01:57:49.056718,Ottakring S U,28,348250
2026-06-30T01:57:49.056718,Ottakring S U,28,348149
2026-06-30T01:57:49.056718,Ottakring S U,28,348090
2026-06-30T01:57:49.056718,Ottakring S U,28,348706
2026-06-30T01:57:49.056718,Ottakring S U,28,398842
2026-06-30T01:57:49.056718,Ottakring S U,28,398829
2026-06-30T01:57:49.056718,Ottakring S U,28,349064
2026-06-30T01:57:49.056718,Ottakring S U,28,348938
2026-06-30T01:57:49.056718,Ottakring S U,28,348897
2026-06-30T01:57:49.056718,Hartmanngasse ,27,345807
2026-06-30T01:57:49.056718,Hartmanngasse ,27,345594
2026-06-30T01:57:49.056718,Hartmanngasse ,27,345548
2026-06-30T01:57:49.056718,Hartmanngasse ,27,346445
2026-06-30T01:57:49.056718,Hartmanngasse ,27,346968
2026-06-30T01:57:49.056718,Hartmanngasse ,27,346875
2026-06-30T01:57:49.056718,Hartmanngasse ,27,346639
2026-06-30T01:57:49.056718,Hartmanngasse ,27,347494
2026-06-30T01:57:49.056718,Hartmanngasse ,27,347312
2026-06-30T01:57:49.056718,Hartmanngasse ,27,347161
2026-06-30T01:57:49.056718,Hartmanngasse ,27,347051
2026-06-30T01:57:49.056718,Hartmanngasse ,27,347964
2026-06-30T01:57:49.056718,Hartmanngasse ,27,347946
2026-06-30T01:57:49.056718,Hartmanngasse ,27,347789
2026-06-30T01:57:49.056718,Hartmanngasse ,27,347727
2026-06-30T01:57:49.056718,Hartmanngasse ,27,347595
2026-06-30T01:57:49.056718,Hartmanngasse ,27,347559
2026-06-30T01:57:49.056718,Hartmanngasse ,27,348463
2026-06-30T01:57:49.056718,Hartmanngasse ,27,348457
2026-06-30T01:57:49.056718,Hartmanngasse ,27,348397
2026-06-30T01:57:49.056718,Hartmanngasse ,27,348381
2026-06-30T01:57:49.056718,Hartmanngasse ,27,348321
2026-06-30T01:57:49.056718,Hartmanngasse ,27,348244
2026-06-30T01:57:49.056718,Hartmanngasse ,27,348688
2026-06-30T01:57:49.056718,Hartmanngasse ,27,348570
2026-06-30T01:57:49.056718,Hartmanngasse ,27,348534
2026-06-30T01:57:49.056718,Hartmanngasse ,27,349087
2026-06-30T01:57:49.056718,Nestroyplatz U,8,345020
2026-06-30T01:57:49.056718,Nestroyplatz U,8,345759
2026-06-30T01:57:49.056718,Nestroyplatz U,8,345747
2026-06-30T01:57:49.056718,Nestroyplatz U,8,345565
2026-06-30T01:57:49.056718,Nestroyplatz U,8,346407
2026-06-30T01:57:49.056718,Nestroyplatz U,8,347651
2026-06-30T01:57:49.056718,Nestroyplatz U,8,348649
2026-06-30T01:57:49.056718,Nestroyplatz U,8,398866
2026-06-30T01:57:49.056718,Messe-Prater U,38,345487
2026-06-30T01:57:49.056718,Messe-Prater U,38,345376
2026-06-30T01:57:49.056718,Messe-Prater U,38,345312
2026-06-30T01:57:49.056718,Messe-Prater U,38,345140
2026-06-30T01:57:49.056718,Messe-Prater U,38,345981
2026-06-30T01:57:49.056718,Messe-Prater U,38,345935
2026-06-30T01:57:49.056718,Messe-Prater U,38,345800
2026-06-30T01:57:49.056718,Messe-Prater U,38,345792
2026-06-30T01:57:49.056718,Messe-Prater U,38,345784
2026-06-30T01:57:49.056718,Messe-Prater U,38,345673
2026-06-30T01:57:49.056718,Messe-Prater U,38,346309
2026-06-30T01:57:49.056718,Messe-Prater U,38,346243
2026-06-30T01:57:49.056718,Messe-Prater U,38,346235
2026-06-30T01:57:49.056718,Messe-Prater U,38,346232
2026-06-30T01:57:49.056718,Messe-Prater U,38,346188
2026-06-30T01:57:49.056718,Messe-Prater U,38,346034
2026-06-30T01:57:49.056718,Messe-Prater U,38,346978
2026-06-30T01:57:49.056718,Messe-Prater U,38,346954
2026-06-30T01:57:49.056718,Messe-Prater U,38,346688
2026-06-30T01:57:49.056718,Messe-Prater U,38,346675
2026-06-30T01:57:49.056718,Messe-Prater U,38,346644
2026-06-30T01:57:49.056718,Messe-Prater U,38,347358
2026-06-30T01:57:49.056718,Messe-Prater U,38,347276
2026-06-30T01:57:49.056718,Messe-Prater U,38,347057
2026-06-30T01:57:49.056718,Messe-Prater U,38,347997
2026-06-30T01:57:49.056718,Messe-Prater U,38,347907
2026-06-30T01:57:49.056718,Messe-Prater U,38,347838
2026-06-30T01:57:49.056718,Messe-Prater U,38,347828
2026-06-30T01:57:49.056718,Messe-Prater U,38,347720
2026-06-30T01:57:49.056718,Messe-Prater U,38,347664
2026-06-30T01:57:49.056718,Messe-Prater U,38,348327
2026-06-30T01:57:49.056718,Messe-Prater U,38,348251
2026-06-30T01:57:49.056718,Messe-Prater U,38,348129
2026-06-30T01:57:49.056718,Messe-Prater U,38,348711
2026-06-30T01:57:49.056718,Messe-Prater U,38,348540
2026-06-30T01:57:49.056718,Messe-Prater U,38,398844
2026-06-30T01:57:49.056718,Messe-Prater U,38,398757
2026-06-30T01:57:49.056718,Messe-Prater U,38,398870
2026-06-30T01:57:49.056718,Loquaiplatz,17,345328
2026-06-30T01:57:49.056718,Loquaiplatz,17,345212
2026-06-30T01:57:49.056718,Loquaiplatz,17,345030
2026-06-30T01:57:49.056718,Loquaiplatz,17,345566
2026-06-30T01:57:49.056718,Loquaiplatz,17,345561
2026-06-30T01:57:49.056718,Loquaiplatz,17,346032
2026-06-30T01:57:49.056718,Loquaiplatz,17,346010
2026-06-30T01:57:49.056718,Loquaiplatz,17,346991
2026-06-30T01:57:49.056718,Loquaiplatz,17,347311
2026-06-30T01:57:49.056718,Loquaiplatz,17,347695
2026-06-30T01:57:49.056718,Loquaiplatz,17,348405
2026-06-30T01:57:49.056718,Loquaiplatz,17,348231
2026-06-30T01:57:49.056718,Loquaiplatz,17,348109
2026-06-30T01:57:49.056718,Loquaiplatz,17,398820
2026-06-30T01:57:49.056718,Loquaiplatz,17,398741
2026-06-30T01:57:49.056718,Loquaiplatz,17,398727
2026-06-30T01:57:49.056718,Loquaiplatz,17,348802
2026-06-30T01:57:49.056718,Rosensteingasse,17,345360
2026-06-30T01:57:49.056718,Rosensteingasse,17,345941
2026-06-30T01:57:49.056718,Rosensteingasse,17,345917
2026-06-30T01:57:49.056718,Rosensteingasse,17,345629
2026-06-30T01:57:49.056718,Rosensteingasse,17,346427
2026-06-30T01:57:49.056718,Rosensteingasse,17,346296
2026-06-30T01:57:49.056718,Rosensteingasse,17,346017
2026-06-30T01:57:49.056718,Rosensteingasse,17,346812
2026-06-30T01:57:49.056718,Rosensteingasse,17,346707
2026-06-30T01:57:49.056718,Rosensteingasse,17,346701
2026-06-30T01:57:49.056718,Rosensteingasse,17,346601
2026-06-30T01:57:49.056718,Rosensteingasse,17,347485
2026-06-30T01:57:49.056718,Rosensteingasse,17,347843
2026-06-30T01:57:49.056718,Rosensteingasse,17,348579
2026-06-30T01:57:49.056718,Rosensteingasse,17,398836
2026-06-30T01:57:49.056718,Rosensteingasse,17,348861
2026-06-30T01:57:49.056718,Rosensteingasse,17,349192
2026-06-30T01:57:49.056718,Gumpendorfer Gürtel,35,345422
2026-06-30T01:57:49.056718,Gumpendorfer Gürtel,35,345370
2026-06-30T01:57:49.056718,Gumpendorfer Gürtel,35,345345
2026-06-30T01:57:49.056718,Gumpendorfer Gürtel,35,345303
2026-06-30T01:57:49.056718,Gumpendorfer Gürtel,35,345289
2026-06-30T01:57:49.056718,Gumpendorfer Gürtel,35,345267
2026-06-30T01:57:49.056718,Gumpendorfer Gürtel,35,345059
2026-06-30T01:57:49.056718,Gumpendorfer Gürtel,35,345933
2026-06-30T01:57:49.056718,Gumpendorfer Gürtel,35,345828
2026-06-30T01:57:49.056718,Gumpendorfer Gürtel,35,345822
2026-06-30T01:57:49.056718,Gumpendorfer Gürtel,35,345657
2026-06-30T01:57:49.056718,Gumpendorfer Gürtel,35,345602
2026-06-30T01:57:49.056718,Gumpendorfer Gürtel,35,346383
2026-06-30T01:57:49.056718,Gumpendorfer Gürtel,35,346374
2026-06-30T01:57:49.056718,Gumpendorfer Gürtel,35,346081
2026-06-30T01:57:49.056718,Gumpendorfer Gürtel,35,346004
2026-06-30T01:57:49.056718,Gumpendorfer Gürtel,35,346765
2026-06-30T01:57:49.056718,Gumpendorfer Gürtel,35,346706
2026-06-30T01:57:49.056718,Gumpendorfer Gürtel,35,346540
2026-06-30T01:57:49.056718,Gumpendorfer Gürtel,35,346539
2026-06-30T01:57:49.056718,Gumpendorfer Gürtel,35,346507
2026-06-30T01:57:49.056718,Gumpendorfer Gürtel,35,347459
2026-06-30T01:57:49.056718,Gumpendorfer Gürtel,35,347792
2026-06-30T01:57:49.056718,Gumpendorfer Gürtel,35,348345
2026-06-30T01:57:49.056718,Gumpendorfer Gürtel,35,348309
2026-06-30T01:57:49.056718,Gumpendorfer Gürtel,35,348258
2026-06-30T01:57:49.056718,Gumpendorfer Gürtel,35,348152
2026-06-30T01:57:49.056718,Gumpendorfer Gürtel,35,348606
2026-06-30T01:57:49.056718,Gumpendorfer Gürtel,35,398724
2026-06-30T01:57:49.056718,Gumpendorfer Gürtel,35,349103
2026-06-30T01:57:49.056718,Gumpendorfer Gürtel,35,348995
2026-06-30T01:57:49.056718,Gumpendorfer Gürtel,35,348946
2026-06-30T01:57:49.056718,Gumpendorfer Gürtel,35,348941
2026-06-30T01:57:49.056718,Gumpendorfer Gürtel,35,349189
2026-06-30T01:57:49.056718,Gumpendorfer Gürtel,35,349126
2026-06-30T01:57:49.056718,Burggasse-Stadthalle U,24,345481
2026-06-30T01:57:49.056718,Burggasse-Stadthalle U,24,345703
2026-06-30T01:57:49.056718,Burggasse-Stadthalle U,24,346408
2026-06-30T01:57:49.056718,Burggasse-Stadthalle U,24,346353
2026-06-30T01:57:49.056718,Burggasse-Stadthalle U,24,346307
2026-06-30T01:57:49.056718,Burggasse-Stadthalle U,24,346213
2026-06-30T01:57:49.056718,Burggasse-Stadthalle U,24,346906
2026-06-30T01:57:49.056718,Burggasse-Stadthalle U,24,346788
2026-06-30T01:57:49.056718,Burggasse-Stadthalle U,24,346517
2026-06-30T01:57:49.056718,Burggasse-Stadthalle U,24,347399
2026-06-30T01:57:49.056718,Burggasse-Stadthalle U,24,347368
2026-06-30T01:57:49.056718,Burggasse-Stadthalle U,24,347366
2026-06-30T01:57:49.056718,Burggasse-Stadthalle U,24,347269
2026-06-30T01:57:49.056718,Burggasse-Stadthalle U,24,347230
2026-06-30T01:57:49.056718,Burggasse-Stadthalle U,24,347026
2026-06-30T01:57:49.056718,Burggasse-Stadthalle U,24,347019
2026-06-30T01:57:49.056718,Burggasse-Stadthalle U,24,347805
2026-06-30T01:57:49.056718,Burggasse-Stadthalle U,24,347526
2026-06-30T01:57:49.056718,Burggasse-Stadthalle U,24,348429
2026-06-30T01:57:49.056718,Burggasse-Stadthalle U,24,348418
2026-06-30T01:57:49.056718,Burggasse-Stadthalle U,24,348386
2026-06-30T01:57:49.056718,Burggasse-Stadthalle U,24,348300
2026-06-30T01:57:49.056718,Burggasse-Stadthalle U,24,348209
2026-06-30T01:57:49.056718,Burggasse-Stadthalle U,24,348678
2026-06-30T01:57:49.056718,Urban-Loritz-Platz,18,345398
2026-06-30T01:57:49.056718,Urban-Loritz-Platz,18,345364
2026-06-30T01:57:49.056718,Urban-Loritz-Platz,18,345646
2026-06-30T01:57:49.056718,Urban-Loritz-Platz,18,345608
2026-06-30T01:57:49.056718,Urban-Loritz-Platz,18,346317
2026-06-30T01:57:49.056718,Urban-Loritz-Platz,18,346310
2026-06-30T01:57:49.056718,Urban-Loritz-Platz,18,346025
2026-06-30T01:57:49.056718,Urban-Loritz-Platz,18,346023
2026-06-30T01:57:49.056718,Urban-Loritz-Platz,18,346001
2026-06-30T01:57:49.056718,Urban-Loritz-Platz,18,346892
2026-06-30T01:57:49.056718,Urban-Loritz-Platz,18,347420
2026-06-30T01:57:49.056718,Urban-Loritz-Platz,18,347134
2026-06-30T01:57:49.056718,Urban-Loritz-Platz,18,348162
2026-06-30T01:57:49.056718,Urban-Loritz-Platz,18,348160
2026-06-30T01:57:49.056718,Urban-Loritz-Platz,18,348151
2026-06-30T01:57:49.056718,Urban-Loritz-Platz,18,348002
2026-06-30T01:57:49.056718,Urban-Loritz-Platz,18,348559
2026-06-30T01:57:49.056718,Urban-Loritz-Platz,18,349179
2026-06-30T01:57:49.056718,Hanusch Krankenhaus,8,345314
2026-06-30T01:57:49.056718,Hanusch Krankenhaus,8,345649
2026-06-30T01:57:49.056718,Hanusch Krankenhaus,8,346198
2026-06-30T01:57:49.056718,Hanusch Krankenhaus,8,347056
2026-06-30T01:57:49.056718,Hanusch Krankenhaus,8,347575
2026-06-30T01:57:49.056718,Hanusch Krankenhaus,8,349096
2026-06-30T01:57:49.056718,Hanusch Krankenhaus,8,348875
2026-06-30T01:57:49.056718,Hanusch Krankenhaus,8,348855
2026-06-30T01:57:49.056718,Westbahnhof S U / Gerstnerstraße,20,345418
2026-06-30T01:57:49.056718,Westbahnhof S U / Gerstnerstraße,20,345041
2026-06-30T01:57:49.056718,Westbahnhof S U / Gerstnerstraße,20,346343
2026-06-30T01:57:49.056718,Westbahnhof S U / Gerstnerstraße,20,346209
2026-06-30T01:57:49.056718,Westbahnhof S U / Gerstnerstraße,20,346119
2026-06-30T01:57:49.056718,Westbahnhof S U / Gerstnerstraße,20,346546
2026-06-30T01:57:49.056718,Westbahnhof S U / Gerstnerstraße,20,347415
2026-06-30T01:57:49.056718,Westbahnhof S U / Gerstnerstraße,20,347402
2026-06-30T01:57:49.056718,Westbahnhof S U / Gerstnerstraße,20,347394
2026-06-30T01:57:49.056718,Westbahnhof S U / Gerstnerstraße,20,347934
2026-06-30T01:57:49.056718,Westbahnhof S U / Gerstnerstraße,20,347926
2026-06-30T01:57:49.056718,Westbahnhof S U / Gerstnerstraße,20,347912
2026-06-30T01:57:49.056718,Westbahnhof S U / Gerstnerstraße,20,347858
2026-06-30T01:57:49.056718,Westbahnhof S U / Gerstnerstraße,20,347804
2026-06-30T01:57:49.056718,Westbahnhof S U / Gerstnerstraße,20,347766
2026-06-30T01:57:49.056718,Westbahnhof S U / Gerstnerstraße,20,348088
2026-06-30T01:57:49.056718,Westbahnhof S U / Gerstnerstraße,20,348078
2026-06-30T01:57:49.056718,Westbahnhof S U / Gerstnerstraße,20,348018
2026-06-30T01:57:49.056718,Westbahnhof S U / Gerstnerstraße,20,348664
2026-06-30T01:57:49.056718,Westbahnhof S U / Gerstnerstraße,20,348622
2026-06-30T01:57:49.056718,Wieningerplatz,21,345264
2026-06-30T01:57:49.056718,Wieningerplatz,21,345224
2026-06-30T01:57:49.056718,Wieningerplatz,21,345999
2026-06-30T01:57:49.056718,Wieningerplatz,21,345836
2026-06-30T01:57:49.056718,Wieningerplatz,21,345770
2026-06-30T01:57:49.056718,Wieningerplatz,21,345626
2026-06-30T01:57:49.056718,Wieningerplatz,21,346329
2026-06-30T01:57:49.056718,Wieningerplatz,21,346798
2026-06-30T01:57:49.056718,Wieningerplatz,21,347246
2026-06-30T01:57:49.056718,Wieningerplatz,21,347243
2026-06-30T01:57:49.056718,Wieningerplatz,21,347189
2026-06-30T01:57:49.056718,Wieningerplatz,21,347039
2026-06-30T01:57:49.056718,Wieningerplatz,21,347765
2026-06-30T01:57:49.056718,Wieningerplatz,21,347560
2026-06-30T01:57:49.056718,Wieningerplatz,21,348293
2026-06-30T01:57:49.056718,Wieningerplatz,21,348217
2026-06-30T01:57:49.056718,Wieningerplatz,21,348057
2026-06-30T01:57:49.056718,Wieningerplatz,21,348669
2026-06-30T01:57:49.056718,Wieningerplatz,21,398809
2026-06-30T01:57:49.056718,Wieningerplatz,21,349054
2026-06-30T01:57:49.056718,Wieningerplatz,21,349128
2026-06-30T01:57:49.056718,Markgraf-Rüdiger Straße,21,345286
2026-06-30T01:57:49.056718,Markgraf-Rüdiger Straße,21,345116
2026-06-30T01:57:49.056718,Markgraf-Rüdiger Straße,21,345564
2026-06-30T01:57:49.056718,Markgraf-Rüdiger Straße,21,346414
2026-06-30T01:57:49.056718,Markgraf-Rüdiger Straße,21,346109
2026-06-30T01:57:49.056718,Markgraf-Rüdiger Straße,21,346893
2026-06-30T01:57:49.056718,Markgraf-Rüdiger Straße,21,346889
2026-06-30T01:57:49.056718,Markgraf-Rüdiger Straße,21,346686
2026-06-30T01:57:49.056718,Markgraf-Rüdiger Straße,21,346640
2026-06-30T01:57:49.056718,Markgraf-Rüdiger Straße,21,346576
2026-06-30T01:57:49.056718,Markgraf-Rüdiger Straße,21,346530
2026-06-30T01:57:49.056718,Markgraf-Rüdiger Straße,21,347302
2026-06-30T01:57:49.056718,Markgraf-Rüdiger Straße,21,347678
2026-06-30T01:57:49.056718,Markgraf-Rüdiger Straße,21,347596
2026-06-30T01:57:49.056718,Markgraf-Rüdiger Straße,21,347543
2026-06-30T01:57:49.056718,Markgraf-Rüdiger Straße,21,348432
2026-06-30T01:57:49.056718,Markgraf-Rüdiger Straße,21,348316
2026-06-30T01:57:49.056718,Markgraf-Rüdiger Straße,21,348165
2026-06-30T01:57:49.056718,Markgraf-Rüdiger Straße,21,398813
2026-06-30T01:57:49.056718,Markgraf-Rüdiger Straße,21,349089
2026-06-30T01:57:49.056718,Markgraf-Rüdiger Straße,21,349191
2026-06-30T01:57:49.056718,Plunkergasse,17,345254
2026-06-30T01:57:49.056718,Plunkergasse,17,345012
2026-06-30T01:57:49.056718,Plunkergasse,17,345000
2026-06-30T01:57:49.056718,Plunkergasse,17,345945
2026-06-30T01:57:49.056718,Plunkergasse,17,345939
2026-06-30T01:57:49.056718,Plunkergasse,17,345796
2026-06-30T01:57:49.056718,Plunkergasse,17,345732
2026-06-30T01:57:49.056718,Plunkergasse,17,345625
2026-06-30T01:57:49.056718,Plunkergasse,17,346447
2026-06-30T01:57:49.056718,Plunkergasse,17,346074
2026-06-30T01:57:49.056718,Plunkergasse,17,346840
2026-06-30T01:57:49.056718,Plunkergasse,17,346823
2026-06-30T01:57:49.056718,Plunkergasse,17,347369
2026-06-30T01:57:49.056718,Plunkergasse,17,347145
2026-06-30T01:57:49.056718,Plunkergasse,17,348083
2026-06-30T01:57:49.056718,Plunkergasse,17,348064
2026-06-30T01:57:49.056718,Plunkergasse,17,349047
2026-06-30T01:57:49.056718,Selzergasse,16,345491
2026-06-30T01:57:49.056718,Selzergasse,16,345973
2026-06-30T01:57:49.056718,Selzergasse,16,345804
2026-06-30T01:57:49.056718,Selzergasse,16,346738
2026-06-30T01:57:49.056718,Selzergasse,16,346705
2026-06-30T01:57:49.056718,Selzergasse,16,346676
2026-06-30T01:57:49.056718,Selzergasse,16,347184
2026-06-30T01:57:49.056718,Selzergasse,16,347175
2026-06-30T01:57:49.056718,Selzergasse,16,347117
2026-06-30T01:57:49.056718,Selzergasse,16,347963
2026-06-30T01:57:49.056718,Selzergasse,16,347877
2026-06-30T01:57:49.056718,Selzergasse,16,347832
2026-06-30T01:57:49.056718,Selzergasse,16,347586
2026-06-30T01:57:49.056718,Selzergasse,16,348646
2026-06-30T01:57:49.056718,Selzergasse,16,348605
2026-06-30T01:57:49.056718,Selzergasse,16,398714
2026-06-30T01:57:49.056718,Westbahnhof S U / Felberstraße,22,345495
2026-06-30T01:57:49.056718,Westbahnhof S U / Felberstraße,22,345478
2026-06-30T01:57:49.056718,Westbahnhof S U / Felberstraße,22,345410
2026-06-30T01:57:49.056718,Westbahnhof S U / Felberstraße,22,345380
2026-06-30T01:57:49.056718,Westbahnhof S U / Felberstraße,22,345227
2026-06-30T01:57:49.056718,Westbahnhof S U / Felberstraße,22,345158
2026-06-30T01:57:49.056718,Westbahnhof S U / Felberstraße,22,345103
2026-06-30T01:57:49.056718,Westbahnhof S U / Felberstraße,22,345069
2026-06-30T01:57:49.056718,Westbahnhof S U / Felberstraße,22,345964
2026-06-30T01:57:49.056718,Westbahnhof S U / Felberstraße,22,345954
2026-06-30T01:57:49.056718,Westbahnhof S U / Felberstraße,22,346429
2026-06-30T01:57:49.056718,Westbahnhof S U / Felberstraße,22,346725
2026-06-30T01:57:49.056718,Westbahnhof S U / Felberstraße,22,347304
2026-06-30T01:57:49.056718,Westbahnhof S U / Felberstraße,22,347203
2026-06-30T01:57:49.056718,Westbahnhof S U / Felberstraße,22,347998
2026-06-30T01:57:49.056718,Westbahnhof S U / Felberstraße,22,347663
2026-06-30T01:57:49.056718,Westbahnhof S U / Felberstraße,22,348264
2026-06-30T01:57:49.056718,Westbahnhof S U / Felberstraße,22,348034
2026-06-30T01:57:49.056718,Westbahnhof S U / Felberstraße,22,398715
2026-06-30T01:57:49.056718,Westbahnhof S U / Felberstraße,22,398796
2026-06-30T01:57:49.056718,Westbahnhof S U / Felberstraße,22,348911
2026-06-30T01:57:49.056718,Westbahnhof S U / Felberstraße,22,349122
2026-06-30T01:57:49.056718,Kundratstraße,13,345181
2026-06-30T01:57:49.056718,Kundratstraße,13,345063
2026-06-30T01:57:49.056718,Kundratstraße,13,345504
2026-06-30T01:57:49.056718,Kundratstraße,13,346457
2026-06-30T01:57:49.056718,Kundratstraße,13,346020
2026-06-30T01:57:49.056718,Kundratstraße,13,346793
2026-06-30T01:57:49.056718,Kundratstraße,13,346563
2026-06-30T01:57:49.056718,Kundratstraße,13,347993
2026-06-30T01:57:49.056718,Kundratstraße,13,347751
2026-06-30T01:57:49.056718,Kundratstraße,13,347645
2026-06-30T01:57:49.056718,Kundratstraße,13,347538
2026-06-30T01:57:49.056718,Kundratstraße,13,348421
2026-06-30T01:57:49.056718,Kundratstraße,13,348376
2026-06-30T01:57:49.056718,Arthaberplatz,26,345413
2026-06-30T01:57:49.056718,Arthaberplatz,26,345407
2026-06-30T01:57:49.056718,Arthaberplatz,26,345801
2026-06-30T01:57:49.056718,Arthaberplatz,26,345686
2026-06-30T01:57:49.056718,Arthaberplatz,26,345660
2026-06-30T01:57:49.056718,Arthaberplatz,26,345529
2026-06-30T01:57:49.056718,Arthaberplatz,26,346186
2026-06-30T01:57:49.056718,Arthaberplatz,26,346110
2026-06-30T01:57:49.056718,Arthaberplatz,26,346095
2026-06-30T01:57:49.056718,Arthaberplatz,26,346790
2026-06-30T01:57:49.056718,Arthaberplatz,26,347400
2026-06-30T01:57:49.056718,Arthaberplatz,26,347192
2026-06-30T01:57:49.056718,Arthaberplatz,26,347639
2026-06-30T01:57:49.056718,Arthaberplatz,26,348112
2026-06-30T01:57:49.056718,Arthaberplatz,26,348042
2026-06-30T01:57:49.056718,Arthaberplatz,26,348526
2026-06-30T01:57:49.056718,Arthaberplatz,26,398721
2026-06-30T01:57:49.056718,Arthaberplatz,26,349076
2026-06-30T01:57:49.056718,Arthaberplatz,26,349049
2026-06-30T01:57:49.056718,Arthaberplatz,26,349035
2026-06-30T01:57:49.056718,Arthaberplatz,26,348970
2026-06-30T01:57:49.056718,Arthaberplatz,26,348931
2026-06-30T01:57:49.056718,Arthaberplatz,26,348818
2026-06-30T01:57:49.056718,Arthaberplatz,26,348817
2026-06-30T01:57:49.056718,Arthaberplatz,26,349198
2026-06-30T01:57:49.056718,Arthaberplatz,26,349185
2026-06-30T01:57:49.056718,Karmeliterplatz,18,345284
2026-06-30T01:57:49.056718,Karmeliterplatz,18,345106
2026-06-30T01:57:49.056718,Karmeliterplatz,18,345025
2026-06-30T01:57:49.056718,Karmeliterplatz,18,345022
2026-06-30T01:57:49.056718,Karmeliterplatz,18,345671
2026-06-30T01:57:49.056718,Karmeliterplatz,18,346976
2026-06-30T01:57:49.056718,Karmeliterplatz,18,346731
2026-06-30T01:57:49.056718,Karmeliterplatz,18,346604
2026-06-30T01:57:49.056718,Karmeliterplatz,18,347370
2026-06-30T01:57:49.056718,Karmeliterplatz,18,347349
2026-06-30T01:57:49.056718,Karmeliterplatz,18,347331
2026-06-30T01:57:49.056718,Karmeliterplatz,18,347025
2026-06-30T01:57:49.056718,Karmeliterplatz,18,347703
2026-06-30T01:57:49.056718,Karmeliterplatz,18,347642
2026-06-30T01:57:49.056718,Karmeliterplatz,18,348485
2026-06-30T01:57:49.056718,Karmeliterplatz,18,348322
2026-06-30T01:57:49.056718,Karmeliterplatz,18,348587
2026-06-30T01:57:49.056718,Karmeliterplatz,18,348583
2026-06-30T01:57:49.056718,Fröbelgasse,24,345281
2026-06-30T01:57:49.056718,Fröbelgasse,24,345195
2026-06-30T01:57:49.056718,Fröbelgasse,24,345072
2026-06-30T01:57:49.056718,Fröbelgasse,24,345758
2026-06-30T01:57:49.056718,Fröbelgasse,24,345688
2026-06-30T01:57:49.056718,Fröbelgasse,24,345663
2026-06-30T01:57:49.056718,Fröbelgasse,24,345540
2026-06-30T01:57:49.056718,Fröbelgasse,24,346207
2026-06-30T01:57:49.056718,Fröbelgasse,24,346170
2026-06-30T01:57:49.056718,Fröbelgasse,24,346140
2026-06-30T01:57:49.056718,Fröbelgasse,24,346099
2026-06-30T01:57:49.056718,Fröbelgasse,24,346031
2026-06-30T01:57:49.056718,Fröbelgasse,24,346981
2026-06-30T01:57:49.056718,Fröbelgasse,24,346925
2026-06-30T01:57:49.056718,Fröbelgasse,24,346832
2026-06-30T01:57:49.056718,Fröbelgasse,24,346739
2026-06-30T01:57:49.056718,Fröbelgasse,24,346588
2026-06-30T01:57:49.056718,Fröbelgasse,24,347406
2026-06-30T01:57:49.056718,Fröbelgasse,24,347602
2026-06-30T01:57:49.056718,Fröbelgasse,24,347565
2026-06-30T01:57:49.056718,Fröbelgasse,24,348058
2026-06-30T01:57:49.056718,Fröbelgasse,24,348003
2026-06-30T01:57:49.056718,Fröbelgasse,24,398832
2026-06-30T01:57:49.056718,Fröbelgasse,24,349042
2026-06-30T01:57:49.056718,Reumannplatz U,26,345404
2026-06-30T01:57:49.056718,Reumannplatz U,26,345949
2026-06-30T01:57:49.056718,Reumannplatz U,26,345863
2026-06-30T01:57:49.056718,Reumannplatz U,26,345743
2026-06-30T01:57:49.056718,Reumannplatz U,26,345560
2026-06-30T01:57:49.056718,Reumannplatz U,26,346267
2026-06-30T01:57:49.056718,Reumannplatz U,26,346266
2026-06-30T01:57:49.056718,Reumannplatz U,26,346146
2026-06-30T01:57:49.056718,Reumannplatz U,26,346636
2026-06-30T01:57:49.056718,Reumannplatz U,26,346598
2026-06-30T01:57:49.056718,Reumannplatz U,26,346551
2026-06-30T01:57:49.056718,Reumannplatz U,26,347242
2026-06-30T01:57:49.056718,Reumannplatz U,26,347187
2026-06-30T01:57:49.056718,Reumannplatz U,26,347150
2026-06-30T01:57:49.056718,Reumannplatz U,26,347061
2026-06-30T01:57:49.056718,Reumannplatz U,26,347900
2026-06-30T01:57:49.056718,Reumannplatz U,26,347883
2026-06-30T01:57:49.056718,Reumannplatz U,26,347882
2026-06-30T01:57:49.056718,Reumannplatz U,26,347662
2026-06-30T01:57:49.056718,Reumannplatz U,26,347632
2026-06-30T01:57:49.056718,Reumannplatz U,26,347587
2026-06-30T01:57:49.056718,Reumannplatz U,26,347529
2026-06-30T01:57:49.056718,Reumannplatz U,26,348374
2026-06-30T01:57:49.056718,Reumannplatz U,26,348089
2026-06-30T01:57:49.056718,Reumannplatz U,26,348594
2026-06-30T01:57:49.056718,Reumannplatz U,26,398814
2026-06-30T01:57:49.056718,Brestelgasse,8,345338
2026-06-30T01:57:49.056718,Brestelgasse,8,345276
2026-06-30T01:57:49.056718,Brestelgasse,8,345169
2026-06-30T01:57:49.056718,Brestelgasse,8,346360
2026-06-30T01:57:49.056718,Brestelgasse,8,346782
2026-06-30T01:57:49.056718,Brestelgasse,8,347222
2026-06-30T01:57:49.056718,Brestelgasse,8,347633
2026-06-30T01:57:49.056718,Brestelgasse,8,347540
2026-06-30T01:57:49.056718,Thaliastraße U,30,345363
2026-06-30T01:57:49.056718,Thaliastraße U,30,345357
2026-06-30T01:57:49.056718,Thaliastraße U,30,345315
2026-06-30T01:57:49.056718,Thaliastraße U,30,345217
2026-06-30T01:57:49.056718,Thaliastraße U,30,345056
2026-06-30T01:57:49.056718,Thaliastraße U,30,345547
2026-06-30T01:57:49.056718,Thaliastraße U,30,346342
2026-06-30T01:57:49.056718,Thaliastraße U,30,346225
2026-06-30T01:57:49.056718,Thaliastraße U,30,346086
2026-06-30T01:57:49.056718,Thaliastraße U,30,346770
2026-06-30T01:57:49.056718,Thaliastraße U,30,346749
2026-06-30T01:57:49.056718,Thaliastraße U,30,346594
2026-06-30T01:57:49.056718,Thaliastraße U,30,346573
2026-06-30T01:57:49.056718,Thaliastraße U,30,347412
2026-06-30T01:57:49.056718,Thaliastraße U,30,347395
2026-06-30T01:57:49.056718,Thaliastraße U,30,347100
2026-06-30T01:57:49.056718,Thaliastraße U,30,347082
2026-06-30T01:57:49.056718,Thaliastraße U,30,347017
2026-06-30T01:57:49.056718,Thaliastraße U,30,347980
2026-06-30T01:57:49.056718,Thaliastraße U,30,347896
2026-06-30T01:57:49.056718,Thaliastraße U,30,347787
2026-06-30T01:57:49.056718,Thaliastraße U,30,347749
2026-06-30T01:57:49.056718,Thaliastraße U,30,347641
2026-06-30T01:57:49.056718,Thaliastraße U,30,348465
2026-06-30T01:57:49.056718,Thaliastraße U,30,348377
2026-06-30T01:57:49.056718,Thaliastraße U,30,348285
2026-06-30T01:57:49.056718,Thaliastraße U,30,348274
2026-06-30T01:57:49.056718,Thaliastraße U,30,348137
2026-06-30T01:57:49.056718,Thaliastraße U,30,348121
2026-06-30T01:57:49.056718,Thaliastraße U,30,348548
2026-06-30T01:57:49.056718,Nussdorfer Straße S,7,345279
2026-06-30T01:57:49.056718,Nussdorfer Straße S,7,346333
2026-06-30T01:57:49.056718,Nussdorfer Straße S,7,346829
2026-06-30T01:57:49.056718,Nussdorfer Straße S,7,347374
2026-06-30T01:57:49.056718,Nussdorfer Straße S,7,347081
2026-06-30T01:57:49.056718,Nussdorfer Straße S,7,348171
2026-06-30T01:57:49.056718,Nussdorfer Straße S,7,398805
2026-06-30T01:57:49.056718,Elterleinplatz,19,345430
2026-06-30T01:57:49.056718,Elterleinplatz,19,345322
2026-06-30T01:57:49.056718,Elterleinplatz,19,345842
2026-06-30T01:57:49.056718,Elterleinplatz,19,345742
2026-06-30T01:57:49.056718,Elterleinplatz,19,345620
2026-06-30T01:57:49.056718,Elterleinplatz,19,345550
2026-06-30T01:57:49.056718,Elterleinplatz,19,346461
2026-06-30T01:57:49.056718,Elterleinplatz,19,346244
2026-06-30T01:57:49.056718,Elterleinplatz,19,346077
2026-06-30T01:57:49.056718,Elterleinplatz,19,346993
2026-06-30T01:57:49.056718,Elterleinplatz,19,346843
2026-06-30T01:57:49.056718,Elterleinplatz,19,346808
2026-06-30T01:57:49.056718,Elterleinplatz,19,347108
2026-06-30T01:57:49.056718,Elterleinplatz,19,347105
2026-06-30T01:57:49.056718,Elterleinplatz,19,347968
2026-06-30T01:57:49.056718,Elterleinplatz,19,347634
2026-06-30T01:57:49.056718,Elterleinplatz,19,348351
2026-06-30T01:57:49.056718,Elterleinplatz,19,348154
2026-06-30T01:57:49.056718,Elterleinplatz,19,348674
2026-06-30T01:57:49.056718,Canisiusgasse,5,347398
2026-06-30T01:57:49.056718,Canisiusgasse,5,347857
2026-06-30T01:57:49.056718,Canisiusgasse,5,347833
2026-06-30T01:57:49.056718,Canisiusgasse,5,347826
2026-06-30T01:57:49.056718,Canisiusgasse,5,348650
2026-06-30T01:57:49.056718,Meidling S U / Schedifkaplatz,5,345475
2026-06-30T01:57:49.056718,Meidling S U / Schedifkaplatz,5,346988
2026-06-30T01:57:49.056718,Meidling S U / Schedifkaplatz,5,347268
2026-06-30T01:57:49.056718,Meidling S U / Schedifkaplatz,5,347172
2026-06-30T01:57:49.056718,Meidling S U / Schedifkaplatz,5,348400
2026-06-30T01:57:49.056718,Palffygasse,23,345390
2026-06-30T01:57:49.056718,Palffygasse,23,345386
2026-06-30T01:57:49.056718,Palffygasse,23,345329
2026-06-30T01:57:49.056718,Palffygasse,23,345274
2026-06-30T01:57:49.056718,Palffygasse,23,345109
2026-06-30T01:57:49.056718,Palffygasse,23,345029
2026-06-30T01:57:49.056718,Palffygasse,23,346420
2026-06-30T01:57:49.056718,Palffygasse,23,346376
2026-06-30T01:57:49.056718,Palffygasse,23,346125
2026-06-30T01:57:49.056718,Palffygasse,23,346053
2026-06-30T01:57:49.056718,Palffygasse,23,346927
2026-06-30T01:57:49.056718,Palffygasse,23,346869
2026-06-30T01:57:49.056718,Palffygasse,23,346781
2026-06-30T01:57:49.056718,Palffygasse,23,346547
2026-06-30T01:57:49.056718,Palffygasse,23,347314
2026-06-30T01:57:49.056718,Palffygasse,23,347308
2026-06-30T01:57:49.056718,Palffygasse,23,347795
2026-06-30T01:57:49.056718,Palffygasse,23,347742
2026-06-30T01:57:49.056718,Palffygasse,23,347516
2026-06-30T01:57:49.056718,Palffygasse,23,347504
2026-06-30T01:57:49.056718,Palffygasse,23,348448
2026-06-30T01:57:49.056718,Palffygasse,23,348560
2026-06-30T01:57:49.056718,Palffygasse,23,398768
2026-06-30T01:57:49.056718,Gersthof S,25,345412
2026-06-30T01:57:49.056718,Gersthof S,25,345993
2026-06-30T01:57:49.056718,Gersthof S,25,345963
2026-06-30T01:57:49.056718,Gersthof S,25,345689
2026-06-30T01:57:49.056718,Gersthof S,25,345656
2026-06-30T01:57:49.056718,Gersthof S,25,345597
2026-06-30T01:57:49.056718,Gersthof S,25,345576
2026-06-30T01:57:49.056718,Gersthof S,25,346278
2026-06-30T01:57:49.056718,Gersthof S,25,346045
2026-06-30T01:57:49.056718,Gersthof S,25,346683
2026-06-30T01:57:49.056718,Gersthof S,25,346512
2026-06-30T01:57:49.056718,Gersthof S,25,347461
2026-06-30T01:57:49.056718,Gersthof S,25,347383
2026-06-30T01:57:49.056718,Gersthof S,25,347282
2026-06-30T01:57:49.056718,Gersthof S,25,347996
2026-06-30T01:57:49.056718,Gersthof S,25,347692
2026-06-30T01:57:49.056718,Gersthof S,25,347563
2026-06-30T01:57:49.056718,Gersthof S,25,348494
2026-06-30T01:57:49.056718,Gersthof S,25,348371
2026-06-30T01:57:49.056718,Gersthof S,25,348352
2026-06-30T01:57:49.056718,Gersthof S,25,348279
2026-06-30T01:57:49.056718,Gersthof S,25,348232
2026-06-30T01:57:49.056718,Gersthof S,25,348124
2026-06-30T01:57:49.056718,Gersthof S,25,348076
2026-06-30T01:57:49.056718,Gersthof S,25,349005
2026-06-30T01:57:49.056718,Reinprechtsdorfer Brücke,32,345327
2026-06-30T01:57:49.056718,Reinprechtsdorfer Brücke,32,345156
2026-06-30T01:57:49.056718,Reinprechtsdorfer Brücke,32,345108
2026-06-30T01:57:49.056718,Reinprechtsdorfer Brücke,32,345095
2026-06-30T01:57:49.056718,Reinprechtsdorfer Brücke,32,345962
2026-06-30T01:57:49.056718,Reinprechtsdorfer Brücke,32,345948
2026-06-30T01:57:49.056718,Reinprechtsdorfer Brücke,32,345919
2026-06-30T01:57:49.056718,Reinprechtsdorfer Brücke,32,345789
2026-06-30T01:57:49.056718,Reinprechtsdorfer Brücke,32,345665
2026-06-30T01:57:49.056718,Reinprechtsdorfer Brücke,32,345580
2026-06-30T01:57:49.056718,Reinprechtsdorfer Brücke,32,346294
2026-06-30T01:57:49.056718,Reinprechtsdorfer Brücke,32,346282
2026-06-30T01:57:49.056718,Reinprechtsdorfer Brücke,32,346085
2026-06-30T01:57:49.056718,Reinprechtsdorfer Brücke,32,346936
2026-06-30T01:57:49.056718,Reinprechtsdorfer Brücke,32,346771
2026-06-30T01:57:49.056718,Reinprechtsdorfer Brücke,32,346752
2026-06-30T01:57:49.056718,Reinprechtsdorfer Brücke,32,346694
2026-06-30T01:57:49.056718,Reinprechtsdorfer Brücke,32,346674
2026-06-30T01:57:49.056718,Reinprechtsdorfer Brücke,32,346575
2026-06-30T01:57:49.056718,Reinprechtsdorfer Brücke,32,347224
2026-06-30T01:57:49.056718,Reinprechtsdorfer Brücke,32,347132
2026-06-30T01:57:49.056718,Reinprechtsdorfer Brücke,32,347096
2026-06-30T01:57:49.056718,Reinprechtsdorfer Brücke,32,347020
2026-06-30T01:57:49.056718,Reinprechtsdorfer Brücke,32,347885
2026-06-30T01:57:49.056718,Reinprechtsdorfer Brücke,32,347817
2026-06-30T01:57:49.056718,Reinprechtsdorfer Brücke,32,347803
2026-06-30T01:57:49.056718,Reinprechtsdorfer Brücke,32,347688
2026-06-30T01:57:49.056718,Reinprechtsdorfer Brücke,32,347528
2026-06-30T01:57:49.056718,Reinprechtsdorfer Brücke,32,348406
2026-06-30T01:57:49.056718,Reinprechtsdorfer Brücke,32,348295
2026-06-30T01:57:49.056718,Reinprechtsdorfer Brücke,32,348132
2026-06-30T01:57:49.056718,Reinprechtsdorfer Brücke,32,348520
2026-06-30T01:57:49.056718,Siebensterngasse,7,345480
2026-06-30T01:57:49.056718,Siebensterngasse,7,345598
2026-06-30T01:57:49.056718,Siebensterngasse,7,346139
2026-06-30T01:57:49.056718,Siebensterngasse,7,347626
2026-06-30T01:57:49.056718,Siebensterngasse,7,348408
2026-06-30T01:57:49.056718,Siebensterngasse,7,348280
2026-06-30T01:57:49.056718,Siebensterngasse,7,348052
2026-06-30T01:57:49.056718,Siebenbrunnenplatz,17,346415
2026-06-30T01:57:49.056718,Siebenbrunnenplatz,17,346331
2026-06-30T01:57:49.056718,Siebenbrunnenplatz,17,346301
2026-06-30T01:57:49.056718,Siebenbrunnenplatz,17,346257
2026-06-30T01:57:49.056718,Siebenbrunnenplatz,17,346114
2026-06-30T01:57:49.056718,Siebenbrunnenplatz,17,346041
2026-06-30T01:57:49.056718,Siebenbrunnenplatz,17,346924
2026-06-30T01:57:49.056718,Siebenbrunnenplatz,17,346809
2026-06-30T01:57:49.056718,Siebenbrunnenplatz,17,346699
2026-06-30T01:57:49.056718,Siebenbrunnenplatz,17,347444
2026-06-30T01:57:49.056718,Siebenbrunnenplatz,17,347261
2026-06-30T01:57:49.056718,Siebenbrunnenplatz,17,347122
2026-06-30T01:57:49.056718,Siebenbrunnenplatz,17,347087
2026-06-30T01:57:49.056718,Siebenbrunnenplatz,17,347046
2026-06-30T01:57:49.056718,Siebenbrunnenplatz,17,347919
2026-06-30T01:57:49.056718,Siebenbrunnenplatz,17,347875
2026-06-30T01:57:49.056718,Siebenbrunnenplatz,17,348497
2026-06-30T01:57:49.056718,Rosensteingasse / Blumengasse,19,345277
2026-06-30T01:57:49.056718,Rosensteingasse / Blumengasse,19,345881
2026-06-30T01:57:49.056718,Rosensteingasse / Blumengasse,19,345603
2026-06-30T01:57:49.056718,Rosensteingasse / Blumengasse,19,346150
2026-06-30T01:57:49.056718,Rosensteingasse / Blumengasse,19,346047
2026-06-30T01:57:49.056718,Rosensteingasse / Blumengasse,19,346813
2026-06-30T01:57:49.056718,Rosensteingasse / Blumengasse,19,346744
2026-06-30T01:57:49.056718,Rosensteingasse / Blumengasse,19,346742
2026-06-30T01:57:49.056718,Rosensteingasse / Blumengasse,19,347365
2026-06-30T01:57:49.056718,Rosensteingasse / Blumengasse,19,347942
2026-06-30T01:57:49.056718,Rosensteingasse / Blumengasse,19,347815
2026-06-30T01:57:49.056718,Rosensteingasse / Blumengasse,19,347746
2026-06-30T01:57:49.056718,Rosensteingasse / Blumengasse,19,348455
2026-06-30T01:57:49.056718,Rosensteingasse / Blumengasse,19,348273
2026-06-30T01:57:49.056718,Rosensteingasse / Blumengasse,19,348189
2026-06-30T01:57:49.056718,Rosensteingasse / Blumengasse,19,348127
2026-06-30T01:57:49.056718,Rosensteingasse / Blumengasse,19,348071
2026-06-30T01:57:49.056718,Rosensteingasse / Blumengasse,19,348630
2026-06-30T01:57:49.056718,Rosensteingasse / Blumengasse,19,348987
2026-06-30T01:57:49.056718,Schottenring U /Herminengasse,5,346460
2026-06-30T01:57:49.056718,Schottenring U /Herminengasse,5,346100
2026-06-30T01:57:49.056718,Schottenring U /Herminengasse,5,346027
2026-06-30T01:57:49.056718,Schottenring U /Herminengasse,5,347325
2026-06-30T01:57:49.056718,Schottenring U /Herminengasse,5,347131
2026-06-30T01:57:49.056718,Josefstädter Straße U,3,345554
2026-06-30T01:57:49.056718,Josefstädter Straße U,3,347677
2026-06-30T01:57:49.056718,Josefstädter Straße U,3,348547
2026-06-30T01:57:49.056718,Friedrich-Engels-Platz,21,345429
2026-06-30T01:57:49.056718,Friedrich-Engels-Platz,21,345989
2026-06-30T01:57:49.056718,Friedrich-Engels-Platz,21,345979
2026-06-30T01:57:49.056718,Friedrich-Engels-Platz,21,345780
2026-06-30T01:57:49.056718,Friedrich-Engels-Platz,21,345762
2026-06-30T01:57:49.056718,Friedrich-Engels-Platz,21,345577
2026-06-30T01:57:49.056718,Friedrich-Engels-Platz,21,345558
2026-06-30T01:57:49.056718,Friedrich-Engels-Platz,21,346162
2026-06-30T01:57:49.056718,Friedrich-Engels-Platz,21,346075
2026-06-30T01:57:49.056718,Friedrich-Engels-Platz,21,346012
2026-06-30T01:57:49.056718,Friedrich-Engels-Platz,21,346740
2026-06-30T01:57:49.056718,Friedrich-Engels-Platz,21,347469
2026-06-30T01:57:49.056718,Friedrich-Engels-Platz,21,347701
2026-06-30T01:57:49.056718,Friedrich-Engels-Platz,21,347694
2026-06-30T01:57:49.056718,Friedrich-Engels-Platz,21,347535
2026-06-30T01:57:49.056718,Friedrich-Engels-Platz,21,347522
2026-06-30T01:57:49.056718,Friedrich-Engels-Platz,21,348453
2026-06-30T01:57:49.056718,Friedrich-Engels-Platz,21,348353
2026-06-30T01:57:49.056718,Friedrich-Engels-Platz,21,348230
2026-06-30T01:57:49.056718,Friedrich-Engels-Platz,21,348682
2026-06-30T01:57:49.056718,Friedrich-Engels-Platz,21,348569
2026-06-30T01:57:49.056718,Dresdner Straße U,6,345362
2026-06-30T01:57:49.056718,Dresdner Straße U,6,345997
2026-06-30T01:57:49.056718,Dresdner Straße U,6,346680
2026-06-30T01:57:49.056718,Dresdner Straße U,6,347008
2026-06-30T01:57:49.056718,Dresdner Straße U,6,347582
2026-06-30T01:57:49.056718,Dresdner Straße U,6,348068
2026-06-30T01:57:49.056718,Jägerstraße U,28,345389
2026-06-30T01:57:49.056718,Jägerstraße U,28,345291
2026-06-30T01:57:49.056718,Jägerstraße U,28,345282
2026-06-30T01:57:49.056718,Jägerstraße U,28,345273
2026-06-30T01:57:49.056718,Jägerstraße U,28,345806
2026-06-30T01:57:49.056718,Jägerstraße U,28,345761
2026-06-30T01:57:49.056718,Jägerstraße U,28,345589
2026-06-30T01:57:49.056718,Jägerstraße U,28,345583
2026-06-30T01:57:49.056718,Jägerstraße U,28,345579
2026-06-30T01:57:49.056718,Jägerstraße U,28,345537
2026-06-30T01:57:49.056718,Jägerstraße U,28,346449
2026-06-30T01:57:49.056718,Jägerstraße U,28,346384
2026-06-30T01:57:49.056718,Jägerstraße U,28,346363
2026-06-30T01:57:49.056718,Jägerstraße U,28,346223
2026-06-30T01:57:49.056718,Jägerstraße U,28,346206
2026-06-30T01:57:49.056718,Jägerstraße U,28,346913
2026-06-30T01:57:49.056718,Jägerstraße U,28,346772
2026-06-30T01:57:49.056718,Jägerstraße U,28,346756
2026-06-30T01:57:49.056718,Jägerstraße U,28,346734
2026-06-30T01:57:49.056718,Jägerstraße U,28,346536
2026-06-30T01:57:49.056718,Jägerstraße U,28,347142
2026-06-30T01:57:49.056718,Jägerstraße U,28,347899
2026-06-30T01:57:49.056718,Jägerstraße U,28,347712
2026-06-30T01:57:49.056718,Jägerstraße U,28,348284
2026-06-30T01:57:49.056718,Jägerstraße U,28,348215
2026-06-30T01:57:49.056718,Jägerstraße U,28,348095
2026-06-30T01:57:49.056718,Jägerstraße U,28,348620
2026-06-30T01:57:49.056718,Jägerstraße U,28,398744
2026-06-30T01:57:49.056718,Traisengasse S,16,345368
2026-06-30T01:57:49.056718,Traisengasse S,16,345071
2026-06-30T01:57:49.056718,Traisengasse S,16,345017
2026-06-30T01:57:49.056718,Traisengasse S,16,346949
2026-06-30T01:57:49.056718,Traisengasse S,16,346845
2026-06-30T01:57:49.056718,Traisengasse S,16,347396
2026-06-30T01:57:49.056718,Traisengasse S,16,347062
2026-06-30T01:57:49.056718,Traisengasse S,16,347944
2026-06-30T01:57:49.056718,Traisengasse S,16,347935
2026-06-30T01:57:49.056718,Traisengasse S,16,347897
2026-06-30T01:57:49.056718,Traisengasse S,16,348392
2026-06-30T01:57:49.056718,Traisengasse S,16,348629
2026-06-30T01:57:49.056718,Traisengasse S,16,348557
2026-06-30T01:57:49.056718,Traisengasse S,16,398774
2026-06-30T01:57:49.056718,Traisengasse S,16,349018
2026-06-30T01:57:49.056718,Traisengasse S,16,348882
2026-06-30T01:57:49.056718,Kettenbrückengasse U / Naschmarkt,1,347140
2026-06-30T01:57:49.056718,Aumannplatz,26,345299
2026-06-30T01:57:49.056718,Aumannplatz,26,345248
2026-06-30T01:57:49.056718,Aumannplatz,26,345050
2026-06-30T01:57:49.056718,Aumannplatz,26,345008
2026-06-30T01:57:49.056718,Aumannplatz,26,345887
2026-06-30T01:57:49.056718,Aumannplatz,26,345767
2026-06-30T01:57:49.056718,Aumannplatz,26,346035
2026-06-30T01:57:49.056718,Aumannplatz,26,346934
2026-06-30T01:57:49.056718,Aumannplatz,26,346643
2026-06-30T01:57:49.056718,Aumannplatz,26,346618
2026-06-30T01:57:49.056718,Aumannplatz,26,347284
2026-06-30T01:57:49.056718,Aumannplatz,26,347207
2026-06-30T01:57:49.056718,Aumannplatz,26,347194
2026-06-30T01:57:49.056718,Aumannplatz,26,347156
2026-06-30T01:57:49.056718,Aumannplatz,26,347151
2026-06-30T01:57:49.056718,Aumannplatz,26,347135
2026-06-30T01:57:49.056718,Aumannplatz,26,347098
2026-06-30T01:57:49.056718,Aumannplatz,26,347850
2026-06-30T01:57:49.056718,Aumannplatz,26,347772
2026-06-30T01:57:49.056718,Aumannplatz,26,347609
2026-06-30T01:57:49.056718,Aumannplatz,26,348444
2026-06-30T01:57:49.056718,Aumannplatz,26,348323
2026-06-30T01:57:49.056718,Aumannplatz,26,348270
2026-06-30T01:57:49.056718,Aumannplatz,26,348224
2026-06-30T01:57:49.056718,Aumannplatz,26,348176
2026-06-30T01:57:49.056718,Aumannplatz,26,348037
2026-06-30T01:57:49.056718,Längenfeldgasse U,39,345326
2026-06-30T01:57:49.056718,Längenfeldgasse U,39,345285
2026-06-30T01:57:49.056718,Längenfeldgasse U,39,345228
2026-06-30T01:57:49.056718,Längenfeldgasse U,39,345215
2026-06-30T01:57:49.056718,Längenfeldgasse U,39,345149
2026-06-30T01:57:49.056718,Längenfeldgasse U,39,345878
2026-06-30T01:57:49.056718,Längenfeldgasse U,39,345873
2026-06-30T01:57:49.056718,Längenfeldgasse U,39,345815
2026-06-30T01:57:49.056718,Längenfeldgasse U,39,345765
2026-06-30T01:57:49.056718,Längenfeldgasse U,39,346373
2026-06-30T01:57:49.056718,Längenfeldgasse U,39,346326
2026-06-30T01:57:49.056718,Längenfeldgasse U,39,346247
2026-06-30T01:57:49.056718,Längenfeldgasse U,39,346238
2026-06-30T01:57:49.056718,Längenfeldgasse U,39,346200
2026-06-30T01:57:49.056718,Längenfeldgasse U,39,346195
2026-06-30T01:57:49.056718,Längenfeldgasse U,39,346158
2026-06-30T01:57:49.056718,Längenfeldgasse U,39,346016
2026-06-30T01:57:49.056718,Längenfeldgasse U,39,346971
2026-06-30T01:57:49.056718,Längenfeldgasse U,39,346959
2026-06-30T01:57:49.056718,Längenfeldgasse U,39,346873
2026-06-30T01:57:49.056718,Längenfeldgasse U,39,346728
2026-06-30T01:57:49.056718,Längenfeldgasse U,39,346630
2026-06-30T01:57:49.056718,Längenfeldgasse U,39,346535
2026-06-30T01:57:49.056718,Längenfeldgasse U,39,346519
2026-06-30T01:57:49.056718,Längenfeldgasse U,39,347482
2026-06-30T01:57:49.056718,Längenfeldgasse U,39,347360
2026-06-30T01:57:49.056718,Längenfeldgasse U,39,347343
2026-06-30T01:57:49.056718,Längenfeldgasse U,39,347305
2026-06-30T01:57:49.056718,Längenfeldgasse U,39,347977
2026-06-30T01:57:49.056718,Längenfeldgasse U,39,347656
2026-06-30T01:57:49.056718,Längenfeldgasse U,39,347624
2026-06-30T01:57:49.056718,Längenfeldgasse U,39,347518
2026-06-30T01:57:49.056718,Längenfeldgasse U,39,348449
2026-06-30T01:57:49.056718,Längenfeldgasse U,39,348409
2026-06-30T01:57:49.056718,Längenfeldgasse U,39,348038
2026-06-30T01:57:49.056718,Längenfeldgasse U,39,348020
2026-06-30T01:57:49.056718,Längenfeldgasse U,39,348598
2026-06-30T01:57:49.056718,Längenfeldgasse U,39,398743
2026-06-30T01:57:49.056718,Längenfeldgasse U,39,348805
2026-06-30T01:57:49.056718,Althanstraße,19,345417
2026-06-30T01:57:49.056718,Althanstraße,19,345183
2026-06-30T01:57:49.056718,Althanstraße,19,345126
2026-06-30T01:57:49.056718,Althanstraße,19,345032
2026-06-30T01:57:49.056718,Althanstraße,19,345567
2026-06-30T01:57:49.056718,Althanstraße,19,346163
2026-06-30T01:57:49.056718,Althanstraße,19,346084
2026-06-30T01:57:49.056718,Althanstraße,19,346082
2026-06-30T01:57:49.056718,Althanstraße,19,346021
2026-06-30T01:57:49.056718,Althanstraße,19,346737
2026-06-30T01:57:49.056718,Althanstraße,19,347274
2026-06-30T01:57:49.056718,Althanstraße,19,347043
2026-06-30T01:57:49.056718,Althanstraße,19,347878
2026-06-30T01:57:49.056718,Althanstraße,19,347589
2026-06-30T01:57:49.056718,Althanstraße,19,348433
2026-06-30T01:57:49.056718,Althanstraße,19,348329
2026-06-30T01:57:49.056718,Althanstraße,19,348292
2026-06-30T01:57:49.056718,Althanstraße,19,348713
2026-06-30T01:57:49.056718,Althanstraße,19,348530
2026-06-30T01:57:49.056718,Schottentor U,1,345675
2026-06-30T01:57:49.056718,Neubaugasse U,6,347724
2026-06-30T01:57:49.056718,Neubaugasse U,6,347585
2026-06-30T01:57:49.056718,Neubaugasse U,6,348332
2026-06-30T01:57:49.056718,Neubaugasse U,6,348241
2026-06-30T01:57:49.056718,Neubaugasse U,6,398817
2026-06-30T01:57:49.056718,Neubaugasse U,6,398798
2026-06-30T01:57:49.056718,Museumsquartier U,6,345074
2026-06-30T01:57:49.056718,Museumsquartier U,6,345037
2026-06-30T01:57:49.056718,Museumsquartier U,6,346009
2026-06-30T01:57:49.056718,Museumsquartier U,6,347982
2026-06-30T01:57:49.056718,Museumsquartier U,6,348610
2026-06-30T01:57:49.056718,Museumsquartier U,6,349086
2026-06-30T01:57:49.056718,Johnstrasse U,16,345253
2026-06-30T01:57:49.056718,Johnstrasse U,16,345145
2026-06-30T01:57:49.056718,Johnstrasse U,16,345883
2026-06-30T01:57:49.056718,Johnstrasse U,16,345876
2026-06-30T01:57:49.056718,Johnstrasse U,16,345779
2026-06-30T01:57:49.056718,Johnstrasse U,16,346356
2026-06-30T01:57:49.056718,Johnstrasse U,16,346277
2026-06-30T01:57:49.056718,Johnstrasse U,16,346167
2026-06-30T01:57:49.056718,Johnstrasse U,16,346055
2026-06-30T01:57:49.056718,Johnstrasse U,16,346951
2026-06-30T01:57:49.056718,Johnstrasse U,16,346720
2026-06-30T01:57:49.056718,Johnstrasse U,16,347432
2026-06-30T01:57:49.056718,Johnstrasse U,16,347672
2026-06-30T01:57:49.056718,Johnstrasse U,16,348395
2026-06-30T01:57:49.056718,Johnstrasse U,16,348613
2026-06-30T01:57:49.056718,Johnstrasse U,16,398803
2026-06-30T01:57:49.056718,Turnergasse,14,345421
2026-06-30T01:57:49.056718,Turnergasse,14,345112
2026-06-30T01:57:49.056718,Turnergasse,14,345544
2026-06-30T01:57:49.056718,Turnergasse,14,346269
2026-06-30T01:57:49.056718,Turnergasse,14,346199
2026-06-30T01:57:49.056718,Turnergasse,14,346950
2026-06-30T01:57:49.056718,Turnergasse,14,346904
2026-06-30T01:57:49.056718,Turnergasse,14,346898
2026-06-30T01:57:49.056718,Turnergasse,14,347466
2026-06-30T01:57:49.056718,Turnergasse,14,347128
2026-06-30T01:57:49.056718,Turnergasse,14,347011
2026-06-30T01:57:49.056718,Turnergasse,14,347646
2026-06-30T01:57:49.056718,Turnergasse,14,348648
2026-06-30T01:57:49.056718,Turnergasse,14,398816
2026-06-30T01:57:49.056718,Kutschkergasse,9,346418
2026-06-30T01:57:49.056718,Kutschkergasse,9,346285
2026-06-30T01:57:49.056718,Kutschkergasse,9,346670
2026-06-30T01:57:49.056718,Kutschkergasse,9,346631
2026-06-30T01:57:49.056718,Kutschkergasse,9,347468
2026-06-30T01:57:49.056718,Kutschkergasse,9,347611
2026-06-30T01:57:49.056718,Kutschkergasse,9,348446
2026-06-30T01:57:49.056718,Kutschkergasse,9,348019
2026-06-30T01:57:49.056718,Kutschkergasse,9,348806
2026-06-30T01:57:49.056718,Stadion U,11,345304
2026-06-30T01:57:49.056718,Stadion U,11,345144
2026-06-30T01:57:49.056718,Stadion U,11,346473
2026-06-30T01:57:49.056718,Stadion U,11,346468
2026-06-30T01:57:49.056718,Stadion U,11,346359
2026-06-30T01:57:49.056718,Stadion U,11,346252
2026-06-30T01:57:49.056718,Stadion U,11,346839
2026-06-30T01:57:49.056718,Stadion U,11,347213
2026-06-30T01:57:49.056718,Stadion U,11,348419
2026-06-30T01:57:49.056718,Stadion U,11,348364
2026-06-30T01:57:49.056718,Stadion U,11,348700
2026-06-30T01:57:49.056718,Brückengasse,25,345441
2026-06-30T01:57:49.056718,Brückengasse,25,345374
2026-06-30T01:57:49.056718,Brückengasse,25,345353
2026-06-30T01:57:49.056718,Brückengasse,25,345342
2026-06-30T01:57:49.056718,Brückengasse,25,345099
2026-06-30T01:57:49.056718,Brückengasse,25,345793
2026-06-30T01:57:49.056718,Brückengasse,25,345786
2026-06-30T01:57:49.056718,Brückengasse,25,346450
2026-06-30T01:57:49.056718,Brückengasse,25,346928
2026-06-30T01:57:49.056718,Brückengasse,25,346896
2026-06-30T01:57:49.056718,Brückengasse,25,346792
2026-06-30T01:57:49.056718,Brückengasse,25,346769
2026-06-30T01:57:49.056718,Brückengasse,25,346719
2026-06-30T01:57:49.056718,Brückengasse,25,347361
2026-06-30T01:57:49.056718,Brückengasse,25,347236
2026-06-30T01:57:49.056718,Brückengasse,25,347219
2026-06-30T01:57:49.056718,Brückengasse,25,347200
2026-06-30T01:57:49.056718,Brückengasse,25,347969
2026-06-30T01:57:49.056718,Brückengasse,25,347950
2026-06-30T01:57:49.056718,Brückengasse,25,347686
2026-06-30T01:57:49.056718,Brückengasse,25,348436
2026-06-30T01:57:49.056718,Brückengasse,25,348399
2026-06-30T01:57:49.056718,Brückengasse,25,348291
2026-06-30T01:57:49.056718,Brückengasse,25,348070
2026-06-30T01:57:49.056718,Brückengasse,25,348549
2026-06-30T01:57:49.056718,Schuhmeierplatz,22,345189
2026-06-30T01:57:49.056718,Schuhmeierplatz,22,345906
2026-06-30T01:57:49.056718,Schuhmeierplatz,22,345859
2026-06-30T01:57:49.056718,Schuhmeierplatz,22,345587
2026-06-30T01:57:49.056718,Schuhmeierplatz,22,345585
2026-06-30T01:57:49.056718,Schuhmeierplatz,22,346480
2026-06-30T01:57:49.056718,Schuhmeierplatz,22,346472
2026-06-30T01:57:49.056718,Schuhmeierplatz,22,346217
2026-06-30T01:57:49.056718,Schuhmeierplatz,22,346899
2026-06-30T01:57:49.056718,Schuhmeierplatz,22,347442
2026-06-30T01:57:49.056718,Schuhmeierplatz,22,347208
2026-06-30T01:57:49.056718,Schuhmeierplatz,22,347722
2026-06-30T01:57:49.056718,Schuhmeierplatz,22,347702
2026-06-30T01:57:49.056718,Schuhmeierplatz,22,348475
2026-06-30T01:57:49.056718,Schuhmeierplatz,22,348073
2026-06-30T01:57:49.056718,Schuhmeierplatz,22,348596
2026-06-30T01:57:49.056718,Schuhmeierplatz,22,348577
2026-06-30T01:57:49.056718,Schuhmeierplatz,22,348529
2026-06-30T01:57:49.056718,Schuhmeierplatz,22,398740
2026-06-30T01:57:49.056718,Schuhmeierplatz,22,349070
2026-06-30T01:57:49.056718,Schuhmeierplatz,22,349063
2026-06-30T01:57:49.056718,Schuhmeierplatz,22,348837
2026-06-30T01:57:49.056718,Schönbrunn U,11,345155
2026-06-30T01:57:49.056718,Schönbrunn U,11,346396
2026-06-30T01:57:49.056718,Schönbrunn U,11,346368
2026-06-30T01:57:49.056718,Schönbrunn U,11,346129
2026-06-30T01:57:49.056718,Schönbrunn U,11,346780
2026-06-30T01:57:49.056718,Schönbrunn U,11,347206
2026-06-30T01:57:49.056718,Schönbrunn U,11,347143
2026-06-30T01:57:49.056718,Schönbrunn U,11,347810
2026-06-30T01:57:49.056718,Schönbrunn U,11,348286
2026-06-30T01:57:49.056718,Schönbrunn U,11,349093
2026-06-30T01:57:49.056718,Schönbrunn U,11,349078
2026-06-30T01:57:49.056718,Hermesstraße / Oscar-Straus-Park ,8,345726
2026-06-30T01:57:49.056718,Hermesstraße / Oscar-Straus-Park ,8,346997
2026-06-30T01:57:49.056718,Hermesstraße / Oscar-Straus-Park ,8,346743
2026-06-30T01:57:49.056718,Hermesstraße / Oscar-Straus-Park ,8,347386
2026-06-30T01:57:49.056718,Hermesstraße / Oscar-Straus-Park ,8,348331
2026-06-30T01:57:49.056718,Hermesstraße / Oscar-Straus-Park ,8,348535
2026-06-30T01:57:49.056718,Hermesstraße / Oscar-Straus-Park ,8,349079
2026-06-30T01:57:49.056718,Hermesstraße / Oscar-Straus-Park ,8,349163
2026-06-30T01:57:49.056718,Modecenterstraße / The Marks,18,345488
2026-06-30T01:57:49.056718,Modecenterstraße / The Marks,18,345424
2026-06-30T01:57:49.056718,Modecenterstraße / The Marks,18,345214
2026-06-30T01:57:49.056718,Modecenterstraße / The Marks,18,345004
2026-06-30T01:57:49.056718,Modecenterstraße / The Marks,18,345746
2026-06-30T01:57:49.056718,Modecenterstraße / The Marks,18,345503
2026-06-30T01:57:49.056718,Modecenterstraße / The Marks,18,346259
2026-06-30T01:57:49.056718,Modecenterstraße / The Marks,18,347388
2026-06-30T01:57:49.056718,Modecenterstraße / The Marks,18,347371
2026-06-30T01:57:49.056718,Modecenterstraße / The Marks,18,347031
2026-06-30T01:57:49.056718,Modecenterstraße / The Marks,18,347781
2026-06-30T01:57:49.056718,Modecenterstraße / The Marks,18,347736
2026-06-30T01:57:49.056718,Modecenterstraße / The Marks,18,347718
2026-06-30T01:57:49.056718,Modecenterstraße / The Marks,18,348491
2026-06-30T01:57:49.056718,Modecenterstraße / The Marks,18,348208
2026-06-30T01:57:49.056718,Modecenterstraße / The Marks,18,348193
2026-06-30T01:57:49.056718,Modecenterstraße / The Marks,18,348524
2026-06-30T01:57:49.056718,Modecenterstraße / The Marks,18,398871
2026-06-30T01:57:49.056718,Am Langen Felde,10,345473
2026-06-30T01:57:49.056718,Am Langen Felde,10,345769
2026-06-30T01:57:49.056718,Am Langen Felde,10,345720
2026-06-30T01:57:49.056718,Am Langen Felde,10,345627
2026-06-30T01:57:49.056718,Am Langen Felde,10,346052
2026-06-30T01:57:49.056718,Am Langen Felde,10,346957
2026-06-30T01:57:49.056718,Am Langen Felde,10,347385
2026-06-30T01:57:49.056718,Am Langen Felde,10,347734
2026-06-30T01:57:49.056718,Am Langen Felde,10,348347
2026-06-30T01:57:49.056718,Am Langen Felde,10,348830
2026-06-30T01:57:49.056718,Pilgramgasse U,13,345136
2026-06-30T01:57:49.056718,Pilgramgasse U,13,345642
2026-06-30T01:57:49.056718,Pilgramgasse U,13,345574
2026-06-30T01:57:49.056718,Pilgramgasse U,13,346375
2026-06-30T01:57:49.056718,Pilgramgasse U,13,346180
2026-06-30T01:57:49.056718,Pilgramgasse U,13,346673
2026-06-30T01:57:49.056718,Pilgramgasse U,13,347380
2026-06-30T01:57:49.056718,Pilgramgasse U,13,347376
2026-06-30T01:57:49.056718,Pilgramgasse U,13,347318
2026-06-30T01:57:49.056718,Pilgramgasse U,13,347288
2026-06-30T01:57:49.056718,Pilgramgasse U,13,347176
2026-06-30T01:57:49.056718,Pilgramgasse U,13,347141
2026-06-30T01:57:49.056718,Pilgramgasse U,13,348545
2026-06-30T01:57:49.056718,Purkytgasse ,11,345317
2026-06-30T01:57:49.056718,Purkytgasse ,11,345283
2026-06-30T01:57:49.056718,Purkytgasse ,11,345641
2026-06-30T01:57:49.056718,Purkytgasse ,11,346193
2026-06-30T01:57:49.056718,Purkytgasse ,11,346064
2026-06-30T01:57:49.056718,Purkytgasse ,11,346711
2026-06-30T01:57:49.056718,Purkytgasse ,11,347428
2026-06-30T01:57:49.056718,Purkytgasse ,11,347426
2026-06-30T01:57:49.056718,Purkytgasse ,11,347852
2026-06-30T01:57:49.056718,Purkytgasse ,11,347814
2026-06-30T01:57:49.056718,Purkytgasse ,11,348009
2026-06-30T01:57:49.056718,Neue Donau U,25,345294
2026-06-30T01:57:49.056718,Neue Donau U,25,345833
2026-06-30T01:57:49.056718,Neue Donau U,25,345798
2026-06-30T01:57:49.056718,Neue Donau U,25,346011
2026-06-30T01:57:49.056718,Neue Donau U,25,346882
2026-06-30T01:57:49.056718,Neue Donau U,25,346856
2026-06-30T01:57:49.056718,Neue Donau U,25,347489
2026-06-30T01:57:49.056718,Neue Donau U,25,347256
2026-06-30T01:57:49.056718,Neue Donau U,25,347050
2026-06-30T01:57:49.056718,Neue Donau U,25,347981
2026-06-30T01:57:49.056718,Neue Donau U,25,347836
2026-06-30T01:57:49.056718,Neue Donau U,25,347599
2026-06-30T01:57:49.056718,Neue Donau U,25,347590
2026-06-30T01:57:49.056718,Neue Donau U,25,347545
2026-06-30T01:57:49.056718,Neue Donau U,25,348469
2026-06-30T01:57:49.056718,Neue Donau U,25,348394
2026-06-30T01:57:49.056718,Neue Donau U,25,348187
2026-06-30T01:57:49.056718,Neue Donau U,25,348054
2026-06-30T01:57:49.056718,Neue Donau U,25,348028
2026-06-30T01:57:49.056718,Neue Donau U,25,348661
2026-06-30T01:57:49.056718,Neue Donau U,25,348654
2026-06-30T01:57:49.056718,Neue Donau U,25,348642
2026-06-30T01:57:49.056718,Neue Donau U,25,398812
2026-06-30T01:57:49.056718,Neue Donau U,25,398729
2026-06-30T01:57:49.056718,Neue Donau U,25,349146
2026-06-30T01:57:49.056718,Franz-Josef Bahnhof S,20,345249
2026-06-30T01:57:49.056718,Franz-Josef Bahnhof S,20,345021
2026-06-30T01:57:49.056718,Franz-Josef Bahnhof S,20,345892
2026-06-30T01:57:49.056718,Franz-Josef Bahnhof S,20,345851
2026-06-30T01:57:49.056718,Franz-Josef Bahnhof S,20,345814
2026-06-30T01:57:49.056718,Franz-Josef Bahnhof S,20,345783
2026-06-30T01:57:49.056718,Franz-Josef Bahnhof S,20,345612
2026-06-30T01:57:49.056718,Franz-Josef Bahnhof S,20,346487
2026-06-30T01:57:49.056718,Franz-Josef Bahnhof S,20,346311
2026-06-30T01:57:49.056718,Franz-Josef Bahnhof S,20,346271
2026-06-30T01:57:49.056718,Franz-Josef Bahnhof S,20,346826
2026-06-30T01:57:49.056718,Franz-Josef Bahnhof S,20,346690
2026-06-30T01:57:49.056718,Franz-Josef Bahnhof S,20,347373
2026-06-30T01:57:49.056718,Franz-Josef Bahnhof S,20,347774
2026-06-30T01:57:49.056718,Franz-Josef Bahnhof S,20,348398
2026-06-30T01:57:49.056718,Franz-Josef Bahnhof S,20,348272
2026-06-30T01:57:49.056718,Franz-Josef Bahnhof S,20,348100
2026-06-30T01:57:49.056718,Franz-Josef Bahnhof S,20,348000
2026-06-30T01:57:49.056718,Franz-Josef Bahnhof S,20,348616
2026-06-30T01:57:49.056718,Franz-Josef Bahnhof S,20,348531
2026-06-30T01:57:49.056718,Niederpointenstraße,2,347403
2026-06-30T01:57:49.056718,Niederpointenstraße,2,348889
2026-06-30T01:57:49.056718,Leopoldauer Platz,15,345211
2026-06-30T01:57:49.056718,Leopoldauer Platz,15,345002
2026-06-30T01:57:49.056718,Leopoldauer Platz,15,345974
2026-06-30T01:57:49.056718,Leopoldauer Platz,15,346330
2026-06-30T01:57:49.056718,Leopoldauer Platz,15,346175
2026-06-30T01:57:49.056718,Leopoldauer Platz,15,346532
2026-06-30T01:57:49.056718,Leopoldauer Platz,15,347476
2026-06-30T01:57:49.056718,Leopoldauer Platz,15,347241
2026-06-30T01:57:49.056718,Leopoldauer Platz,15,347210
2026-06-30T01:57:49.056718,Leopoldauer Platz,15,347800
2026-06-30T01:57:49.056718,Leopoldauer Platz,15,347777
2026-06-30T01:57:49.056718,Leopoldauer Platz,15,347743
2026-06-30T01:57:49.056718,Leopoldauer Platz,15,348062
2026-06-30T01:57:49.056718,Leopoldauer Platz,15,348684
2026-06-30T01:57:49.056718,Leopoldauer Platz,15,398737
2026-06-30T01:57:49.056718,Gewerbepark Stadlau,3,346567
2026-06-30T01:57:49.056718,Gewerbepark Stadlau,3,347915
2026-06-30T01:57:49.056718,Gewerbepark Stadlau,3,348125
2026-06-30T01:57:49.056718,Atzgersdorf Bildungscampus,8,345366
2026-06-30T01:57:49.056718,Atzgersdorf Bildungscampus,8,345543
2026-06-30T01:57:49.056718,Atzgersdorf Bildungscampus,8,345515
2026-06-30T01:57:49.056718,Atzgersdorf Bildungscampus,8,347619
2026-06-30T01:57:49.056718,Atzgersdorf Bildungscampus,8,348077
2026-06-30T01:57:49.056718,Atzgersdorf Bildungscampus,8,348614
2026-06-30T01:57:49.056718,Atzgersdorf Bildungscampus,8,349000
2026-06-30T01:57:49.056718,Atzgersdorf Bildungscampus,8,348999
2026-06-30T01:57:49.056718,Adelheid-Popp-Gasse,14,345443
2026-06-30T01:57:49.056718,Adelheid-Popp-Gasse,14,345238
2026-06-30T01:57:49.056718,Adelheid-Popp-Gasse,14,345947
2026-06-30T01:57:49.056718,Adelheid-Popp-Gasse,14,345904
2026-06-30T01:57:49.056718,Adelheid-Popp-Gasse,14,346933
2026-06-30T01:57:49.056718,Adelheid-Popp-Gasse,14,346828
2026-06-30T01:57:49.056718,Adelheid-Popp-Gasse,14,346763
2026-06-30T01:57:49.056718,Adelheid-Popp-Gasse,14,346522
2026-06-30T01:57:49.056718,Adelheid-Popp-Gasse,14,348229
2026-06-30T01:57:49.056718,Adelheid-Popp-Gasse,14,348174
2026-06-30T01:57:49.056718,Adelheid-Popp-Gasse,14,348663
2026-06-30T01:57:49.056718,Adelheid-Popp-Gasse,14,348527
2026-06-30T01:57:49.056718,Adelheid-Popp-Gasse,14,348921
2026-06-30T01:57:49.056718,Adelheid-Popp-Gasse,14,349145
2026-06-30T01:57:49.056718,Siebenbrunnenfeldgasse,3,348671
2026-06-30T01:57:49.056718,Siebenbrunnenfeldgasse,3,349024
2026-06-30T01:57:49.056718,Siebenbrunnenfeldgasse,3,348803
2026-06-30T01:57:49.056718,Technisches Museum,4,345298
2026-06-30T01:57:49.056718,Technisches Museum,4,345885
2026-06-30T01:57:49.056718,Technisches Museum,4,347873
2026-06-30T01:57:49.056718,Technisches Museum,4,398815
2026-06-30T01:57:49.056718,Währinger Park,3,345086
2026-06-30T01:57:49.056718,Währinger Park,3,346284
2026-06-30T01:57:49.056718,Währinger Park,3,349119
2026-06-30T01:57:49.056718,Ettenreichgasse / Schulzentrum ,5,346425
2026-06-30T01:57:49.056718,Ettenreichgasse / Schulzentrum ,5,346687
2026-06-30T01:57:49.056718,Ettenreichgasse / Schulzentrum ,5,347164
2026-06-30T01:57:49.056718,Ettenreichgasse / Schulzentrum ,5,347089
2026-06-30T01:57:49.056718,Ettenreichgasse / Schulzentrum ,5,347992
2026-06-30T01:57:49.056718,Wendstattgasse,5,345820
2026-06-30T01:57:49.056718,Wendstattgasse,5,345569
2026-06-30T01:57:49.056718,Wendstattgasse,5,347867
2026-06-30T01:57:49.056718,Wendstattgasse,5,347849
2026-06-30T01:57:49.056718,Wendstattgasse,5,348318
2026-06-30T01:57:49.056718,Neilreichgasse,5,345669
2026-06-30T01:57:49.056718,Neilreichgasse,5,346295
2026-06-30T01:57:49.056718,Neilreichgasse,5,347866
2026-06-30T01:57:49.056718,Neilreichgasse,5,348847
2026-06-30T01:57:49.056718,Neilreichgasse,5,348822
2026-06-30T01:57:49.056718,Gutheil-Schoder-Gasse / Badner Bahn,9,345191
2026-06-30T01:57:49.056718,Gutheil-Schoder-Gasse / Badner Bahn,9,345705
2026-06-30T01:57:49.056718,Gutheil-Schoder-Gasse / Badner Bahn,9,345513
2026-06-30T01:57:49.056718,Gutheil-Schoder-Gasse / Badner Bahn,9,346412
2026-06-30T01:57:49.056718,Gutheil-Schoder-Gasse / Badner Bahn,9,346411
2026-06-30T01:57:49.056718,Gutheil-Schoder-Gasse / Badner Bahn,9,346647
2026-06-30T01:57:49.056718,Gutheil-Schoder-Gasse / Badner Bahn,9,347962
2026-06-30T01:57:49.056718,Gutheil-Schoder-Gasse / Badner Bahn,9,348401
2026-06-30T01:57:49.056718,Gutheil-Schoder-Gasse / Badner Bahn,9,348066
2026-06-30T01:57:49.056718,Neu Leopoldau,6,345943
2026-06-30T01:57:49.056718,Neu Leopoldau,6,346916
2026-06-30T01:57:49.056718,Neu Leopoldau,6,346852
2026-06-30T01:57:49.056718,Neu Leopoldau,6,347650
2026-06-30T01:57:49.056718,Neu Leopoldau,6,348412
2026-06-30T01:57:49.056718,Neu Leopoldau,6,348552
2026-06-30T01:57:49.056718,Strebersdorf S,4,346495
2026-06-30T01:57:49.056718,Strebersdorf S,4,347530
2026-06-30T01:57:49.056718,Strebersdorf S,4,348426
2026-06-30T01:57:49.056718,Strebersdorf S,4,398841
2026-06-30T01:57:49.056718,Nussbaumallee,9,345334
2026-06-30T01:57:49.056718,Nussbaumallee,9,345192
2026-06-30T01:57:49.056718,Nussbaumallee,9,346436
2026-06-30T01:57:49.056718,Nussbaumallee,9,346370
2026-06-30T01:57:49.056718,Nussbaumallee,9,347307
2026-06-30T01:57:49.056718,Nussbaumallee,9,347183
2026-06-30T01:57:49.056718,Nussbaumallee,9,347002
2026-06-30T01:57:49.056718,Nussbaumallee,9,348428
2026-06-30T01:57:49.056718,Nussbaumallee,9,348365
2026-06-30T01:57:49.056718,Raxstraße,8,345070
2026-06-30T01:57:49.056718,Raxstraße,8,345674
2026-06-30T01:57:49.056718,Raxstraße,8,345623
2026-06-30T01:57:49.056718,Raxstraße,8,346233
2026-06-30T01:57:49.056718,Raxstraße,8,347958
2026-06-30T01:57:49.056718,Raxstraße,8,348414
2026-06-30T01:57:49.056718,Raxstraße,8,348407
2026-06-30T01:57:49.056718,Raxstraße,8,348261
2026-06-30T01:57:49.056718,Wattmanngasse,2,347085
2026-06-30T01:57:49.056718,Wattmanngasse,2,348935
2026-06-30T01:57:49.056718,Joachimsthaler Platz,6,345472
2026-06-30T01:57:49.056718,Joachimsthaler Platz,6,345976
2026-06-30T01:57:49.056718,Joachimsthaler Platz,6,346410
2026-06-30T01:57:49.056718,Joachimsthaler Platz,6,346935
2026-06-30T01:57:49.056718,Joachimsthaler Platz,6,348819
2026-06-30T01:57:49.056718,Joachimsthaler Platz,6,349186
2026-06-30T01:57:49.056718,Floridsdorfer Markt,4,345803
2026-06-30T01:57:49.056718,Floridsdorfer Markt,4,345722
2026-06-30T01:57:49.056718,Floridsdorfer Markt,4,347317
2026-06-30T01:57:49.056718,Floridsdorfer Markt,4,347548
2026-06-30T01:57:49.056718,Nussdorf S,4,345055
2026-06-30T01:57:49.056718,Nussdorf S,4,347893
2026-06-30T01:57:49.056718,Nussdorf S,4,347779
2026-06-30T01:57:49.056718,Nussdorf S,4,349149
2026-06-30T01:57:49.056718,Bertha-von-Suttner-Gasse,14,345143
2026-06-30T01:57:49.056718,Bertha-von-Suttner-Gasse,14,345832
2026-06-30T01:57:49.056718,Bertha-von-Suttner-Gasse,14,346122
2026-06-30T01:57:49.056718,Bertha-von-Suttner-Gasse,14,346609
2026-06-30T01:57:49.056718,Bertha-von-Suttner-Gasse,14,347471
2026-06-30T01:57:49.056718,Bertha-von-Suttner-Gasse,14,347162
2026-06-30T01:57:49.056718,Bertha-von-Suttner-Gasse,14,347014
2026-06-30T01:57:49.056718,Bertha-von-Suttner-Gasse,14,347910
2026-06-30T01:57:49.056718,Bertha-von-Suttner-Gasse,14,347783
2026-06-30T01:57:49.056718,Bertha-von-Suttner-Gasse,14,347691
2026-06-30T01:57:49.056718,Bertha-von-Suttner-Gasse,14,348198
2026-06-30T01:57:49.056718,Bertha-von-Suttner-Gasse,14,348695
2026-06-30T01:57:49.056718,Bertha-von-Suttner-Gasse,14,348662
2026-06-30T01:57:49.056718,Bertha-von-Suttner-Gasse,14,398732
2026-06-30T01:57:49.056718,Hauptbahnhof Ost,9,345827
2026-06-30T01:57:49.056718,Hauptbahnhof Ost,9,346104
2026-06-30T01:57:49.056718,Hauptbahnhof Ost,9,346953
2026-06-30T01:57:49.056718,Hauptbahnhof Ost,9,346937
2026-06-30T01:57:49.056718,Hauptbahnhof Ost,9,346820
2026-06-30T01:57:49.056718,Hauptbahnhof Ost,9,346817
2026-06-30T01:57:49.056718,Hauptbahnhof Ost,9,346669
2026-06-30T01:57:49.056718,Hauptbahnhof Ost,9,348539
2026-06-30T01:57:49.056718,Hauptbahnhof Ost,9,398837
2026-06-30T01:57:49.056718,Hafen Wien,8,346250
2026-06-30T01:57:49.056718,Hafen Wien,8,346999
2026-06-30T01:57:49.056718,Hafen Wien,8,346902
2026-06-30T01:57:49.056718,Hafen Wien,8,346824
2026-06-30T01:57:49.056718,Hafen Wien,8,347970
2026-06-30T01:57:49.056718,Hafen Wien,8,347887
2026-06-30T01:57:49.056718,Hafen Wien,8,347555
2026-06-30T01:57:49.056718,Hafen Wien,8,348472
2026-06-30T01:57:49.056718,Hundertwasserhaus,22,345444
2026-06-30T01:57:49.056718,Hundertwasserhaus,22,345406
2026-06-30T01:57:49.056718,Hundertwasserhaus,22,345060
2026-06-30T01:57:49.056718,Hundertwasserhaus,22,345920
2026-06-30T01:57:49.056718,Hundertwasserhaus,22,345849
2026-06-30T01:57:49.056718,Hundertwasserhaus,22,346492
2026-06-30T01:57:49.056718,Hundertwasserhaus,22,346051
2026-06-30T01:57:49.056718,Hundertwasserhaus,22,346033
2026-06-30T01:57:49.056718,Hundertwasserhaus,22,346900
2026-06-30T01:57:49.056718,Hundertwasserhaus,22,346755
2026-06-30T01:57:49.056718,Hundertwasserhaus,22,346614
2026-06-30T01:57:49.056718,Hundertwasserhaus,22,347144
2026-06-30T01:57:49.056718,Hundertwasserhaus,22,347966
2026-06-30T01:57:49.056718,Hundertwasserhaus,22,347904
2026-06-30T01:57:49.056718,Hundertwasserhaus,22,347847
2026-06-30T01:57:49.056718,Hundertwasserhaus,22,347508
2026-06-30T01:57:49.056718,Hundertwasserhaus,22,348235
2026-06-30T01:57:49.056718,Hundertwasserhaus,22,348709
2026-06-30T01:57:49.056718,Hundertwasserhaus,22,398787
2026-06-30T01:57:49.056718,Hundertwasserhaus,22,349071
2026-06-30T01:57:49.056718,Hundertwasserhaus,22,348827
2026-06-30T01:57:49.056718,Hundertwasserhaus,22,349159
2026-06-30T01:57:49.056718,Seestadt U - Lina-Bo-Bardi-Platz,4,346177
2026-06-30T01:57:49.056718,Seestadt U - Lina-Bo-Bardi-Platz,4,347603
2026-06-30T01:57:49.056718,Seestadt U - Lina-Bo-Bardi-Platz,4,348354
2026-06-30T01:57:49.056718,Seestadt U - Lina-Bo-Bardi-Platz,4,348195
2026-06-30T01:57:49.056718,Barbara-Prammer-Allee,4,345850
2026-06-30T01:57:49.056718,Barbara-Prammer-Allee,4,346754
2026-06-30T01:57:49.056718,Barbara-Prammer-Allee,4,347390
2026-06-30T01:57:49.056718,Barbara-Prammer-Allee,4,347047
2026-06-30T01:57:49.056718,Sonnenallee,12,345078
2026-06-30T01:57:49.056718,Sonnenallee,12,345823
2026-06-30T01:57:49.056718,Sonnenallee,12,345523
2026-06-30T01:57:49.056718,Sonnenallee,12,346113
2026-06-30T01:57:49.056718,Sonnenallee,12,346071
2026-06-30T01:57:49.056718,Sonnenallee,12,346708
2026-06-30T01:57:49.056718,Sonnenallee,12,347052
2026-06-30T01:57:49.056718,Sonnenallee,12,347778
2026-06-30T01:57:49.056718,Sonnenallee,12,398800
2026-06-30T01:57:49.056718,Sonnenallee,12,398765
2026-06-30T01:57:49.056718,Sonnenallee,12,349074
2026-06-30T01:57:49.056718,Sonnenallee,12,349180
2026-06-30T01:57:49.056718,AIT Austrian Institute of Technology / Giefinggasse ,3,346718
2026-06-30T01:57:49.056718,AIT Austrian Institute of Technology / Giefinggasse ,3,347764
2026-06-30T01:57:49.056718,AIT Austrian Institute of Technology / Giefinggasse ,3,347519
2026-06-30T01:57:49.056718,Hannovermarkt,11,345419
2026-06-30T01:57:49.056718,Hannovermarkt,11,345269
2026-06-30T01:57:49.056718,Hannovermarkt,11,345810
2026-06-30T01:57:49.056718,Hannovermarkt,11,346116
2026-06-30T01:57:49.056718,Hannovermarkt,11,346923
2026-06-30T01:57:49.056718,Hannovermarkt,11,346689
2026-06-30T01:57:49.056718,Hannovermarkt,11,347179
2026-06-30T01:57:49.056718,Hannovermarkt,11,347049
2026-06-30T01:57:49.056718,Hannovermarkt,11,347706
2026-06-30T01:57:49.056718,Hannovermarkt,11,348384
2026-06-30T01:57:49.056718,Hannovermarkt,11,348170
2026-06-30T01:57:49.056718,Blériotgasse,6,346603
2026-06-30T01:57:49.056718,Blériotgasse,6,347410
2026-06-30T01:57:49.056718,Blériotgasse,6,347377
2026-06-30T01:57:49.056718,Blériotgasse,6,347339
2026-06-30T01:57:49.056718,Blériotgasse,6,347884
2026-06-30T01:57:49.056718,Blériotgasse,6,347869
2026-06-30T01:57:49.056718,Vetmed Haupteingang,7,345524
2026-06-30T01:57:49.056718,Vetmed Haupteingang,7,346352
2026-06-30T01:57:49.056718,Vetmed Haupteingang,7,346245
2026-06-30T01:57:49.056718,Vetmed Haupteingang,7,346076
2026-06-30T01:57:49.056718,Vetmed Haupteingang,7,347458
2026-06-30T01:57:49.056718,Vetmed Haupteingang,7,347984
2026-06-30T01:57:49.056718,Vetmed Haupteingang,7,347733
2026-06-30T01:57:49.056718,Vetmed UB,5,346178
2026-06-30T01:57:49.056718,Vetmed UB,5,346571
2026-06-30T01:57:49.056718,Vetmed UB,5,347990
2026-06-30T01:57:49.056718,Vetmed UB,5,348041
2026-06-30T01:57:49.056718,Vetmed UB,5,398735
2026-06-30T01:57:49.056718,Rebhanngasse / Nordbahnstrasse,12,345428
2026-06-30T01:57:49.056718,Rebhanngasse / Nordbahnstrasse,12,345240
2026-06-30T01:57:49.056718,Rebhanngasse / Nordbahnstrasse,12,345871
2026-06-30T01:57:49.056718,Rebhanngasse / Nordbahnstrasse,12,345716
2026-06-30T01:57:49.056718,Rebhanngasse / Nordbahnstrasse,12,345500
2026-06-30T01:57:49.056718,Rebhanngasse / Nordbahnstrasse,12,346218
2026-06-30T01:57:49.056718,Rebhanngasse / Nordbahnstrasse,12,346855
2026-06-30T01:57:49.056718,Rebhanngasse / Nordbahnstrasse,12,347313
2026-06-30T01:57:49.056718,Rebhanngasse / Nordbahnstrasse,12,347216
2026-06-30T01:57:49.056718,Rebhanngasse / Nordbahnstrasse,12,347729
2026-06-30T01:57:49.056718,Rebhanngasse / Nordbahnstrasse,12,348655
2026-06-30T01:57:49.056718,Rebhanngasse / Nordbahnstrasse,12,349048
2026-06-30T01:57:49.056718,Nordbahnstrasse,21,345447
2026-06-30T01:57:49.056718,Nordbahnstrasse,21,345318
2026-06-30T01:57:49.056718,Nordbahnstrasse,21,345097
2026-06-30T01:57:49.056718,Nordbahnstrasse,21,345616
2026-06-30T01:57:49.056718,Nordbahnstrasse,21,346486
2026-06-30T01:57:49.056718,Nordbahnstrasse,21,346256
2026-06-30T01:57:49.056718,Nordbahnstrasse,21,346174
2026-06-30T01:57:49.056718,Nordbahnstrasse,21,346131
2026-06-30T01:57:49.056718,Nordbahnstrasse,21,346974
2026-06-30T01:57:49.056718,Nordbahnstrasse,21,346955
2026-06-30T01:57:49.056718,Nordbahnstrasse,21,346634
2026-06-30T01:57:49.056718,Nordbahnstrasse,21,346577
2026-06-30T01:57:49.056718,Nordbahnstrasse,21,347259
2026-06-30T01:57:49.056718,Nordbahnstrasse,21,347063
2026-06-30T01:57:49.056718,Nordbahnstrasse,21,347035
2026-06-30T01:57:49.056718,Nordbahnstrasse,21,347892
2026-06-30T01:57:49.056718,Nordbahnstrasse,21,347647
2026-06-30T01:57:49.056718,Nordbahnstrasse,21,347610
2026-06-30T01:57:49.056718,Nordbahnstrasse,21,347539
2026-06-30T01:57:49.056718,Nordbahnstrasse,21,348275
2026-06-30T01:57:49.056718,Nordbahnstrasse,21,348075
2026-06-30T01:57:49.056718,Ziegelofengasse / Margaretenstraße,12,345209
2026-06-30T01:57:49.056718,Ziegelofengasse / Margaretenstraße,12,345111
2026-06-30T01:57:49.056718,Ziegelofengasse / Margaretenstraße,12,345045
2026-06-30T01:57:49.056718,Ziegelofengasse / Margaretenstraße,12,345938
2026-06-30T01:57:49.056718,Ziegelofengasse / Margaretenstraße,12,346120
2026-06-30T01:57:49.056718,Ziegelofengasse / Margaretenstraße,12,346061
2026-06-30T01:57:49.056718,Ziegelofengasse / Margaretenstraße,12,346682
2026-06-30T01:57:49.056718,Ziegelofengasse / Margaretenstraße,12,346654
2026-06-30T01:57:49.056718,Ziegelofengasse / Margaretenstraße,12,347973
2026-06-30T01:57:49.056718,Ziegelofengasse / Margaretenstraße,12,347967
2026-06-30T01:57:49.056718,Ziegelofengasse / Margaretenstraße,12,348314
2026-06-30T01:57:49.056718,Ziegelofengasse / Margaretenstraße,12,348595
2026-06-30T01:57:49.056718,BIKE 345292,1,345292
2026-06-30T01:57:49.056718,BIKE 348851,1,348851
2026-06-30T01:57:49.056718,BIKE 349139,1,349139
2026-06-30T01:57:49.056718,BIKE 349197,1,349197
2026-06-30T01:57:49.056718,BIKE 349059,1,349059
2026-06-30T01:57:49.056718,BIKE 347807,1,347807
2026-06-30T01:57:49.056718,BIKE 347171,1,347171
2026-06-30T01:57:49.056718,BIKE 348255,1,348255
2026-06-30T01:57:49.056718,BIKE 348968,1,348968
2026-06-30T01:57:49.056718,BIKE 348957,1,348957
2026-06-30T01:57:49.056718,BIKE 348881,1,348881
2026-06-30T01:57:49.056718,BIKE 348816,1,348816
2026-06-30T01:57:49.056718,BIKE 346810,1,346810
2026-06-30T01:57:49.056718,BIKE 348948,1,348948
2026-06-30T01:57:49.056718,BIKE 349150,1,349150
2026-06-30T01:57:49.056718,BIKE 348899,1,348899
2026-06-30T01:57:49.056718,BIKE 347859,1,347859
2026-06-30T01:57:49.056718,BIKE 349112,1,349112
2026-06-30T01:57:49.056718,BIKE 345319,1,345319
2026-06-30T01:57:49.056718,BIKE 349030,1,349030
2026-06-30T01:57:49.056718,BIKE 346943,1,346943
2026-06-30T01:57:49.056718,BIKE 349114,1,349114
2026-06-30T01:57:49.056718,BIKE 348908,1,348908
2026-06-30T01:57:49.056718,BIKE 398843,1,398843
2026-06-30T01:57:49.056718,BIKE 347937,1,347937
2026-06-30T01:57:49.056718,BIKE 348863,1,348863
2026-06-30T01:57:49.056718,BIKE 347960,1,347960
2026-06-30T01:57:49.056718,BIKE 398739,1,398739
2026-06-30T01:57:49.056718,BIKE 348846,1,348846
2026-06-30T01:57:49.056718,BIKE 347618,1,347618
2026-06-30T01:57:49.056718,BIKE 346386,1,346386
2026-06-30T01:57:49.056718,BIKE 398801,1,398801
2026-06-30T01:57:49.056718,BIKE 348443,1,348443
2026-06-30T01:57:49.056718,BIKE 398781,1,398781
2026-06-30T01:57:49.056718,BIKE 347870,1,347870
2026-06-30T01:57:49.056718,BIKE 349120,1,349120
2026-06-30T01:57:49.056718,BIKE 349094,1,349094
2026-06-30T01:57:49.056718,BIKE 346456,1,346456
2026-06-30T01:57:49.056718,BIKE 398795,1,398795
2026-06-30T01:57:49.056718,BIKE 348808,1,348808
2026-06-30T01:57:49.056718,BIKE 349043,1,349043
2026-06-30T01:57:49.056718,BIKE 348523,1,348523
2026-06-30T01:57:49.056718,BIKE 347716,1,347716
2026-06-30T01:57:49.056718,BIKE 348962,1,348962
2026-06-30T01:57:49.056718,BIKE 346821,1,346821
2026-06-30T01:57:49.056718,BIKE 346710,1,346710
2026-06-30T01:57:49.056718,BIKE 348624,1,348624
2026-06-30T01:57:49.056718,BIKE 349102,1,349102
2026-06-30T01:57:49.056718,BIKE 348934,1,348934
2026-06-30T01:57:49.056718,BIKE 347454,1,347454
2026-06-30T01:57:49.056718,BIKE 349182,1,349182
2026-06-30T01:57:49.056718,BIKE 345691,1,345691
2026-06-30T01:57:49.056718,BIKE 345830,1,345830
2026-06-30T01:57:49.056718,BIKE 346987,1,346987
2026-06-30T01:57:49.056718,BIKE 346038,1,346038
2026-06-30T01:57:49.056718,BIKE 347704,1,347704
2026-06-30T01:57:49.056718,BIKE 348574,1,348574
2026-06-30T01:57:49.056718,BIKE 346239,1,346239
2026-06-30T01:57:49.056718,BIKE 398869,1,398869
2026-06-30T01:57:49.056718,BIKE 346830,1,346830
2026-06-30T01:57:49.056718,BIKE 346390,1,346390
2026-06-30T01:57:49.056718,BIKE 348164,1,348164
2026-06-30T01:57:49.056718,BIKE 347138,1,347138
2026-06-30T01:57:49.056718,BIKE 345568,1,345568
2026-06-30T01:57:49.056718,BIKE 348858,1,348858
2026-06-30T01:57:49.056718,BIKE 345635,1,345635
2026-06-30T01:57:49.056718,BIKE 345744,1,345744
2026-06-30T01:57:49.056718,BIKE 347754,1,347754
2026-06-30T01:57:49.056718,BIKE 345311,1,345311
2026-06-30T01:57:49.056718,BIKE 347359,1,347359
2026-06-30T01:57:49.056718,BIKE 349110,1,349110
2026-06-30T01:57:49.056718,BIKE 347991,1,347991
2026-06-30T01:57:49.056718,BIKE 346672,1,346672
2026-06-30T01:57:49.056718,BIKE 345016,1,345016
2026-06-30T01:57:49.056718,BIKE 348940,1,348940
2026-06-30T01:57:49.056718,BIKE 348550,1,348550
2026-06-30T01:57:49.056718,BIKE 346617,1,346617
2026-06-30T01:57:49.056718,BIKE 347182,1,347182
2026-06-30T01:57:49.056718,BIKE 348823,1,348823
2026-06-30T01:57:49.056718,BIKE 347123,1,347123
2026-06-30T01:57:49.056718,BIKE 346860,1,346860
2026-06-30T01:57:49.056718,BIKE 345693,1,345693
2026-06-30T01:57:49.056718,BIKE 347075,1,347075
2026-06-30T01:57:49.056718,BIKE 348243,1,348243
2026-06-30T01:57:49.056718,BIKE 347270,1,347270
2026-06-30T01:57:49.056718,BIKE 346704,1,346704
2026-06-30T01:57:49.056718,BIKE 347732,1,347732
2026-06-30T01:57:49.056718,BIKE 345123,1,345123
2026-06-30T01:57:49.056718,BIKE 347029,1,347029
2026-06-30T01:57:49.056718,BIKE 346668,1,346668
2026-06-30T01:57:49.056718,BIKE 346865,1,346865
2026-06-30T01:57:49.056718,BIKE 348474,1,348474
2026-06-30T01:57:49.056718,BIKE 345745,1,345745
2026-06-30T01:57:49.056718,BIKE 345570,1,345570
2026-06-30T01:57:49.056718,BIKE 347413,1,347413
2026-06-30T01:57:49.056718,BIKE 346572,1,346572
2026-06-30T01:57:49.056718,BIKE 346616,1,346616
2026-06-30T01:57:49.056718,BIKE 345773,1,345773
2026-06-30T01:57:49.056718,BIKE 345307,1,345307
2026-06-30T01:57:49.056718,BIKE 347574,1,347574
2026-06-30T01:57:49.056718,BIKE 348299,1,348299
2026-06-30T01:57:49.056718,BIKE 349123,1,349123
2026-06-30T01:57:49.056718,BIKE 347348,1,347348
2026-06-30T01:57:49.056718,BIKE 345251,1,345251
2026-06-30T01:57:49.056718,BIKE 349131,1,349131
2026-06-30T01:57:49.056718,BIKE 346471,1,346471
2026-06-30T01:57:49.056718,BIKE 346387,1,346387
2026-06-30T01:57:49.056718,BIKE 347114,1,347114
2026-06-30T01:57:49.056718,BIKE 345694,1,345694
2026-06-30T01:57:49.056718,BIKE 348801,1,348801
2026-06-30T01:57:49.056718,BIKE 346115,1,346115
2026-06-30T01:57:49.056718,BIKE 348617,1,348617
2026-06-30T01:57:49.056718,BIKE 347834,1,347834
2026-06-30T01:57:49.056718,BIKE 349183,1,349183
2026-06-30T01:57:49.056718,BIKE 345624,1,345624
2026-06-30T01:57:49.056718,BIKE 349022,1,349022
2026-06-30T01:57:49.056718,BIKE 347167,1,347167
2026-06-30T01:57:49.056718,BIKE 348139,1,348139
2026-06-30T01:57:49.056718,BIKE 348868,1,348868
2026-06-30T01:57:49.056718,BIKE 345261,1,345261
2026-06-30T01:57:49.056718,BIKE 349011,1,349011
2026-06-30T01:57:49.056718,BIKE 349060,1,349060
2026-06-30T01:57:49.056718,BIKE 348919,1,348919
2026-06-30T01:57:49.056718,BIKE 348844,1,348844
2026-06-30T01:57:49.056718,BIKE 349111,1,349111
2026-06-30T01:57:49.056718,BIKE 349113,1,349113
2026-06-30T01:57:49.056718,BIKE 349162,1,349162
2026-06-30T01:57:49.056718,BIKE 349106,1,349106
2026-06-30T01:57:49.056718,BIKE 348831,1,348831
2026-06-30T01:57:49.056718,BIKE 348148,1,348148
