timestamp,place_name,num_bikes,bike_number
2025-09-15T01:55:40.137880,Julius-Raab-Platz,8,346957
2025-09-15T01:55:40.137880,Julius-Raab-Platz,8,346657
2025-09-15T01:55:40.137880,Julius-Raab-Platz,8,347956
2025-09-15T01:55:40.137880,Julius-Raab-Platz,8,347746
2025-09-15T01:55:40.137880,Julius-Raab-Platz,8,348014
2025-09-15T01:55:40.137880,Julius-Raab-Platz,8,348878
2025-09-15T01:55:40.137880,Julius-Raab-Platz,8,348875
2025-09-15T01:55:40.137880,Julius-Raab-Platz,8,349179
2025-09-15T01:55:40.137880,Hoher Markt,5,345516
2025-09-15T01:55:40.137880,Hoher Markt,5,346034
2025-09-15T01:55:40.137880,Hoher Markt,5,346826
2025-09-15T01:55:40.137880,Hoher Markt,5,347370
2025-09-15T01:55:40.137880,Hoher Markt,5,347542
2025-09-15T01:55:40.137880,Oper,14,345044
2025-09-15T01:55:40.137880,Oper,14,345987
2025-09-15T01:55:40.137880,Oper,14,345707
2025-09-15T01:55:40.137880,Oper,14,346330
2025-09-15T01:55:40.137880,Oper,14,346625
2025-09-15T01:55:40.137880,Oper,14,346569
2025-09-15T01:55:40.137880,Oper,14,347387
2025-09-15T01:55:40.137880,Oper,14,347308
2025-09-15T01:55:40.137880,Oper,14,347293
2025-09-15T01:55:40.137880,Oper,14,347972
2025-09-15T01:55:40.137880,Oper,14,347884
2025-09-15T01:55:40.137880,Oper,14,348322
2025-09-15T01:55:40.137880,Oper,14,348240
2025-09-15T01:55:40.137880,Oper,14,349007
2025-09-15T01:55:40.137880,Volksgarten,4,345847
2025-09-15T01:55:40.137880,Volksgarten,4,346154
2025-09-15T01:55:40.137880,Volksgarten,4,347146
2025-09-15T01:55:40.137880,Volksgarten,4,348045
2025-09-15T01:55:40.137880,Stephansplatz U,22,345462
2025-09-15T01:55:40.137880,Stephansplatz U,22,345436
2025-09-15T01:55:40.137880,Stephansplatz U,22,345208
2025-09-15T01:55:40.137880,Stephansplatz U,22,345030
2025-09-15T01:55:40.137880,Stephansplatz U,22,345943
2025-09-15T01:55:40.137880,Stephansplatz U,22,345637
2025-09-15T01:55:40.137880,Stephansplatz U,22,346861
2025-09-15T01:55:40.137880,Stephansplatz U,22,346799
2025-09-15T01:55:40.137880,Stephansplatz U,22,346777
2025-09-15T01:55:40.137880,Stephansplatz U,22,346689
2025-09-15T01:55:40.137880,Stephansplatz U,22,346629
2025-09-15T01:55:40.137880,Stephansplatz U,22,347499
2025-09-15T01:55:40.137880,Stephansplatz U,22,347475
2025-09-15T01:55:40.137880,Stephansplatz U,22,347276
2025-09-15T01:55:40.137880,Stephansplatz U,22,347196
2025-09-15T01:55:40.137880,Stephansplatz U,22,347887
2025-09-15T01:55:40.137880,Stephansplatz U,22,347577
2025-09-15T01:55:40.137880,Stephansplatz U,22,348451
2025-09-15T01:55:40.137880,Stephansplatz U,22,348445
2025-09-15T01:55:40.137880,Stephansplatz U,22,348375
2025-09-15T01:55:40.137880,Stephansplatz U,22,348966
2025-09-15T01:55:40.137880,Stephansplatz U,22,348853
2025-09-15T01:55:40.137880,Taborstraße U,19,345498
2025-09-15T01:55:40.137880,Taborstraße U,19,345458
2025-09-15T01:55:40.137880,Taborstraße U,19,346090
2025-09-15T01:55:40.137880,Taborstraße U,19,346754
2025-09-15T01:55:40.137880,Taborstraße U,19,346714
2025-09-15T01:55:40.137880,Taborstraße U,19,346603
2025-09-15T01:55:40.137880,Taborstraße U,19,346572
2025-09-15T01:55:40.137880,Taborstraße U,19,347494
2025-09-15T01:55:40.137880,Taborstraße U,19,347391
2025-09-15T01:55:40.137880,Taborstraße U,19,347381
2025-09-15T01:55:40.137880,Taborstraße U,19,347371
2025-09-15T01:55:40.137880,Taborstraße U,19,347854
2025-09-15T01:55:40.137880,Taborstraße U,19,347809
2025-09-15T01:55:40.137880,Taborstraße U,19,347707
2025-09-15T01:55:40.137880,Taborstraße U,19,347527
2025-09-15T01:55:40.137880,Taborstraße U,19,348273
2025-09-15T01:55:40.137880,Taborstraße U,19,348052
2025-09-15T01:55:40.137880,Taborstraße U,19,348969
2025-09-15T01:55:40.137880,Taborstraße U,19,348895
2025-09-15T01:55:40.137880,WU-Campus / Südportalstraße ,19,345482
2025-09-15T01:55:40.137880,WU-Campus / Südportalstraße ,19,345205
2025-09-15T01:55:40.137880,WU-Campus / Südportalstraße ,19,345880
2025-09-15T01:55:40.137880,WU-Campus / Südportalstraße ,19,345830
2025-09-15T01:55:40.137880,WU-Campus / Südportalstraße ,19,345708
2025-09-15T01:55:40.137880,WU-Campus / Südportalstraße ,19,346382
2025-09-15T01:55:40.137880,WU-Campus / Südportalstraße ,19,346277
2025-09-15T01:55:40.137880,WU-Campus / Südportalstraße ,19,346242
2025-09-15T01:55:40.137880,WU-Campus / Südportalstraße ,19,346072
2025-09-15T01:55:40.137880,WU-Campus / Südportalstraße ,19,346031
2025-09-15T01:55:40.137880,WU-Campus / Südportalstraße ,19,346731
2025-09-15T01:55:40.137880,WU-Campus / Südportalstraße ,19,347498
2025-09-15T01:55:40.137880,WU-Campus / Südportalstraße ,19,347437
2025-09-15T01:55:40.137880,WU-Campus / Südportalstraße ,19,347154
2025-09-15T01:55:40.137880,WU-Campus / Südportalstraße ,19,347122
2025-09-15T01:55:40.137880,WU-Campus / Südportalstraße ,19,347697
2025-09-15T01:55:40.137880,WU-Campus / Südportalstraße ,19,348289
2025-09-15T01:55:40.137880,WU-Campus / Südportalstraße ,19,348595
2025-09-15T01:55:40.137880,WU-Campus / Südportalstraße ,19,348912
2025-09-15T01:55:40.137880,Radetzkyplatz,18,345110
2025-09-15T01:55:40.137880,Radetzkyplatz,18,345893
2025-09-15T01:55:40.137880,Radetzkyplatz,18,345614
2025-09-15T01:55:40.137880,Radetzkyplatz,18,345592
2025-09-15T01:55:40.137880,Radetzkyplatz,18,346988
2025-09-15T01:55:40.137880,Radetzkyplatz,18,346653
2025-09-15T01:55:40.137880,Radetzkyplatz,18,347409
2025-09-15T01:55:40.137880,Radetzkyplatz,18,347277
2025-09-15T01:55:40.137880,Radetzkyplatz,18,347138
2025-09-15T01:55:40.137880,Radetzkyplatz,18,347100
2025-09-15T01:55:40.137880,Radetzkyplatz,18,347040
2025-09-15T01:55:40.137880,Radetzkyplatz,18,347000
2025-09-15T01:55:40.137880,Radetzkyplatz,18,347965
2025-09-15T01:55:40.137880,Radetzkyplatz,18,347915
2025-09-15T01:55:40.137880,Radetzkyplatz,18,347907
2025-09-15T01:55:40.137880,Radetzkyplatz,18,347699
2025-09-15T01:55:40.137880,Radetzkyplatz,18,348656
2025-09-15T01:55:40.137880,Radetzkyplatz,18,348524
2025-09-15T01:55:40.137880,Bahngasse / mdw-University of Music and Performing Arts,23,345464
2025-09-15T01:55:40.137880,Bahngasse / mdw-University of Music and Performing Arts,23,345317
2025-09-15T01:55:40.137880,Bahngasse / mdw-University of Music and Performing Arts,23,345034
2025-09-15T01:55:40.137880,Bahngasse / mdw-University of Music and Performing Arts,23,345915
2025-09-15T01:55:40.137880,Bahngasse / mdw-University of Music and Performing Arts,23,345691
2025-09-15T01:55:40.137880,Bahngasse / mdw-University of Music and Performing Arts,23,345508
2025-09-15T01:55:40.137880,Bahngasse / mdw-University of Music and Performing Arts,23,346410
2025-09-15T01:55:40.137880,Bahngasse / mdw-University of Music and Performing Arts,23,346728
2025-09-15T01:55:40.137880,Bahngasse / mdw-University of Music and Performing Arts,23,346726
2025-09-15T01:55:40.137880,Bahngasse / mdw-University of Music and Performing Arts,23,346586
2025-09-15T01:55:40.137880,Bahngasse / mdw-University of Music and Performing Arts,23,346516
2025-09-15T01:55:40.137880,Bahngasse / mdw-University of Music and Performing Arts,23,347400
2025-09-15T01:55:40.137880,Bahngasse / mdw-University of Music and Performing Arts,23,347351
2025-09-15T01:55:40.137880,Bahngasse / mdw-University of Music and Performing Arts,23,347230
2025-09-15T01:55:40.137880,Bahngasse / mdw-University of Music and Performing Arts,23,347200
2025-09-15T01:55:40.137880,Bahngasse / mdw-University of Music and Performing Arts,23,347601
2025-09-15T01:55:40.137880,Bahngasse / mdw-University of Music and Performing Arts,23,348300
2025-09-15T01:55:40.137880,Bahngasse / mdw-University of Music and Performing Arts,23,348249
2025-09-15T01:55:40.137880,Bahngasse / mdw-University of Music and Performing Arts,23,348036
2025-09-15T01:55:40.137880,Bahngasse / mdw-University of Music and Performing Arts,23,348011
2025-09-15T01:55:40.137880,Bahngasse / mdw-University of Music and Performing Arts,23,348921
2025-09-15T01:55:40.137880,Bahngasse / mdw-University of Music and Performing Arts,23,349197
2025-09-15T01:55:40.137880,Bahngasse / mdw-University of Music and Performing Arts,23,349189
2025-09-15T01:55:40.137880,Erdberg U,33,345912
2025-09-15T01:55:40.137880,Erdberg U,33,345845
2025-09-15T01:55:40.137880,Erdberg U,33,345511
2025-09-15T01:55:40.137880,Erdberg U,33,346359
2025-09-15T01:55:40.137880,Erdberg U,33,346338
2025-09-15T01:55:40.137880,Erdberg U,33,346054
2025-09-15T01:55:40.137880,Erdberg U,33,346045
2025-09-15T01:55:40.137880,Erdberg U,33,346786
2025-09-15T01:55:40.137880,Erdberg U,33,346741
2025-09-15T01:55:40.137880,Erdberg U,33,346686
2025-09-15T01:55:40.137880,Erdberg U,33,346615
2025-09-15T01:55:40.137880,Erdberg U,33,347238
2025-09-15T01:55:40.137880,Erdberg U,33,347182
2025-09-15T01:55:40.137880,Erdberg U,33,347944
2025-09-15T01:55:40.137880,Erdberg U,33,347859
2025-09-15T01:55:40.137880,Erdberg U,33,347789
2025-09-15T01:55:40.137880,Erdberg U,33,347785
2025-09-15T01:55:40.137880,Erdberg U,33,347727
2025-09-15T01:55:40.137880,Erdberg U,33,347721
2025-09-15T01:55:40.137880,Erdberg U,33,347641
2025-09-15T01:55:40.137880,Erdberg U,33,347524
2025-09-15T01:55:40.137880,Erdberg U,33,348452
2025-09-15T01:55:40.137880,Erdberg U,33,348380
2025-09-15T01:55:40.137880,Erdberg U,33,348277
2025-09-15T01:55:40.137880,Erdberg U,33,348150
2025-09-15T01:55:40.137880,Erdberg U,33,348121
2025-09-15T01:55:40.137880,Erdberg U,33,348104
2025-09-15T01:55:40.137880,Erdberg U,33,348042
2025-09-15T01:55:40.137880,Erdberg U,33,348531
2025-09-15T01:55:40.137880,Erdberg U,33,348526
2025-09-15T01:55:40.137880,Erdberg U,33,348900
2025-09-15T01:55:40.137880,Erdberg U,33,348896
2025-09-15T01:55:40.137880,Erdberg U,33,349165
2025-09-15T01:55:40.137880,Media Quarter Marx,22,345445
2025-09-15T01:55:40.137880,Media Quarter Marx,22,345200
2025-09-15T01:55:40.137880,Media Quarter Marx,22,345142
2025-09-15T01:55:40.137880,Media Quarter Marx,22,345085
2025-09-15T01:55:40.137880,Media Quarter Marx,22,345019
2025-09-15T01:55:40.137880,Media Quarter Marx,22,345711
2025-09-15T01:55:40.137880,Media Quarter Marx,22,345564
2025-09-15T01:55:40.137880,Media Quarter Marx,22,345559
2025-09-15T01:55:40.137880,Media Quarter Marx,22,345535
2025-09-15T01:55:40.137880,Media Quarter Marx,22,346365
2025-09-15T01:55:40.137880,Media Quarter Marx,22,346906
2025-09-15T01:55:40.137880,Media Quarter Marx,22,346823
2025-09-15T01:55:40.137880,Media Quarter Marx,22,346765
2025-09-15T01:55:40.137880,Media Quarter Marx,22,347427
2025-09-15T01:55:40.137880,Media Quarter Marx,22,347236
2025-09-15T01:55:40.137880,Media Quarter Marx,22,347987
2025-09-15T01:55:40.137880,Media Quarter Marx,22,347717
2025-09-15T01:55:40.137880,Media Quarter Marx,22,348446
2025-09-15T01:55:40.137880,Media Quarter Marx,22,348415
2025-09-15T01:55:40.137880,Media Quarter Marx,22,348268
2025-09-15T01:55:40.137880,Media Quarter Marx,22,348537
2025-09-15T01:55:40.137880,Media Quarter Marx,22,348525
2025-09-15T01:55:40.137880,Rennweg S,5,345111
2025-09-15T01:55:40.137880,Rennweg S,5,347318
2025-09-15T01:55:40.137880,Rennweg S,5,347954
2025-09-15T01:55:40.137880,Rennweg S,5,347903
2025-09-15T01:55:40.137880,Rennweg S,5,348147
2025-09-15T01:55:40.137880,Rochusmarkt,10,345446
2025-09-15T01:55:40.137880,Rochusmarkt,10,345336
2025-09-15T01:55:40.137880,Rochusmarkt,10,345132
2025-09-15T01:55:40.137880,Rochusmarkt,10,345964
2025-09-15T01:55:40.137880,Rochusmarkt,10,347071
2025-09-15T01:55:40.137880,Rochusmarkt,10,347932
2025-09-15T01:55:40.137880,Rochusmarkt,10,348295
2025-09-15T01:55:40.137880,Rochusmarkt,10,348115
2025-09-15T01:55:40.137880,Rochusmarkt,10,348075
2025-09-15T01:55:40.137880,Rochusmarkt,10,348019
2025-09-15T01:55:40.137880,Schwarzenbergplatz,8,345243
2025-09-15T01:55:40.137880,Schwarzenbergplatz,8,346493
2025-09-15T01:55:40.137880,Schwarzenbergplatz,8,346317
2025-09-15T01:55:40.137880,Schwarzenbergplatz,8,346756
2025-09-15T01:55:40.137880,Schwarzenbergplatz,8,347378
2025-09-15T01:55:40.137880,Schwarzenbergplatz,8,347053
2025-09-15T01:55:40.137880,Schwarzenbergplatz,8,347930
2025-09-15T01:55:40.137880,Schwarzenbergplatz,8,348469
2025-09-15T01:55:40.137880,Heumühlgasse,31,345463
2025-09-15T01:55:40.137880,Heumühlgasse,31,345417
2025-09-15T01:55:40.137880,Heumühlgasse,31,345242
2025-09-15T01:55:40.137880,Heumühlgasse,31,345024
2025-09-15T01:55:40.137880,Heumühlgasse,31,345961
2025-09-15T01:55:40.137880,Heumühlgasse,31,345794
2025-09-15T01:55:40.137880,Heumühlgasse,31,345770
2025-09-15T01:55:40.137880,Heumühlgasse,31,345519
2025-09-15T01:55:40.137880,Heumühlgasse,31,346128
2025-09-15T01:55:40.137880,Heumühlgasse,31,346057
2025-09-15T01:55:40.137880,Heumühlgasse,31,346782
2025-09-15T01:55:40.137880,Heumühlgasse,31,346745
2025-09-15T01:55:40.137880,Heumühlgasse,31,346652
2025-09-15T01:55:40.137880,Heumühlgasse,31,346632
2025-09-15T01:55:40.137880,Heumühlgasse,31,346595
2025-09-15T01:55:40.137880,Heumühlgasse,31,346566
2025-09-15T01:55:40.137880,Heumühlgasse,31,346531
2025-09-15T01:55:40.137880,Heumühlgasse,31,347408
2025-09-15T01:55:40.137880,Heumühlgasse,31,347380
2025-09-15T01:55:40.137880,Heumühlgasse,31,347264
2025-09-15T01:55:40.137880,Heumühlgasse,31,347217
2025-09-15T01:55:40.137880,Heumühlgasse,31,347201
2025-09-15T01:55:40.137880,Heumühlgasse,31,347137
2025-09-15T01:55:40.137880,Heumühlgasse,31,347121
2025-09-15T01:55:40.137880,Heumühlgasse,31,347014
2025-09-15T01:55:40.137880,Heumühlgasse,31,347897
2025-09-15T01:55:40.137880,Heumühlgasse,31,347846
2025-09-15T01:55:40.137880,Heumühlgasse,31,348484
2025-09-15T01:55:40.137880,Heumühlgasse,31,348472
2025-09-15T01:55:40.137880,Heumühlgasse,31,348442
2025-09-15T01:55:40.137880,Heumühlgasse,31,348658
2025-09-15T01:55:40.137880,Margaretengürtel U,41,345393
2025-09-15T01:55:40.137880,Margaretengürtel U,41,345214
2025-09-15T01:55:40.137880,Margaretengürtel U,41,345083
2025-09-15T01:55:40.137880,Margaretengürtel U,41,345947
2025-09-15T01:55:40.137880,Margaretengürtel U,41,345604
2025-09-15T01:55:40.137880,Margaretengürtel U,41,345598
2025-09-15T01:55:40.137880,Margaretengürtel U,41,345549
2025-09-15T01:55:40.137880,Margaretengürtel U,41,345530
2025-09-15T01:55:40.137880,Margaretengürtel U,41,346449
2025-09-15T01:55:40.137880,Margaretengürtel U,41,346430
2025-09-15T01:55:40.137880,Margaretengürtel U,41,346426
2025-09-15T01:55:40.137880,Margaretengürtel U,41,346391
2025-09-15T01:55:40.137880,Margaretengürtel U,41,346295
2025-09-15T01:55:40.137880,Margaretengürtel U,41,346132
2025-09-15T01:55:40.137880,Margaretengürtel U,41,346036
2025-09-15T01:55:40.137880,Margaretengürtel U,41,346030
2025-09-15T01:55:40.137880,Margaretengürtel U,41,346707
2025-09-15T01:55:40.137880,Margaretengürtel U,41,346626
2025-09-15T01:55:40.137880,Margaretengürtel U,41,346513
2025-09-15T01:55:40.137880,Margaretengürtel U,41,347374
2025-09-15T01:55:40.137880,Margaretengürtel U,41,347203
2025-09-15T01:55:40.137880,Margaretengürtel U,41,347181
2025-09-15T01:55:40.137880,Margaretengürtel U,41,347136
2025-09-15T01:55:40.137880,Margaretengürtel U,41,347097
2025-09-15T01:55:40.137880,Margaretengürtel U,41,347076
2025-09-15T01:55:40.137880,Margaretengürtel U,41,347978
2025-09-15T01:55:40.137880,Margaretengürtel U,41,347975
2025-09-15T01:55:40.137880,Margaretengürtel U,41,347943
2025-09-15T01:55:40.137880,Margaretengürtel U,41,347771
2025-09-15T01:55:40.137880,Margaretengürtel U,41,347635
2025-09-15T01:55:40.137880,Margaretengürtel U,41,347503
2025-09-15T01:55:40.137880,Margaretengürtel U,41,348389
2025-09-15T01:55:40.137880,Margaretengürtel U,41,348306
2025-09-15T01:55:40.137880,Margaretengürtel U,41,348216
2025-09-15T01:55:40.137880,Margaretengürtel U,41,348204
2025-09-15T01:55:40.137880,Margaretengürtel U,41,348202
2025-09-15T01:55:40.137880,Margaretengürtel U,41,348168
2025-09-15T01:55:40.137880,Margaretengürtel U,41,348065
2025-09-15T01:55:40.137880,Margaretengürtel U,41,348699
2025-09-15T01:55:40.137880,Margaretengürtel U,41,348661
2025-09-15T01:55:40.137880,Margaretengürtel U,41,348580
2025-09-15T01:55:40.137880,Mittersteig,12,345210
2025-09-15T01:55:40.137880,Mittersteig,12,345072
2025-09-15T01:55:40.137880,Mittersteig,12,345903
2025-09-15T01:55:40.137880,Mittersteig,12,345560
2025-09-15T01:55:40.137880,Mittersteig,12,345531
2025-09-15T01:55:40.137880,Mittersteig,12,346670
2025-09-15T01:55:40.137880,Mittersteig,12,347346
2025-09-15T01:55:40.137880,Mittersteig,12,347923
2025-09-15T01:55:40.137880,Mittersteig,12,348347
2025-09-15T01:55:40.137880,Mittersteig,12,348203
2025-09-15T01:55:40.137880,Mittersteig,12,348528
2025-09-15T01:55:40.137880,Mittersteig,12,348822
2025-09-15T01:55:40.137880,Ceija-Stojka-Platz,6,345157
2025-09-15T01:55:40.137880,Ceija-Stojka-Platz,6,346408
2025-09-15T01:55:40.137880,Ceija-Stojka-Platz,6,346998
2025-09-15T01:55:40.137880,Ceija-Stojka-Platz,6,346687
2025-09-15T01:55:40.137880,Ceija-Stojka-Platz,6,348495
2025-09-15T01:55:40.137880,Ceija-Stojka-Platz,6,398722
2025-09-15T01:55:40.137880,Volkstheater U,1,346817
2025-09-15T01:55:40.137880,Zieglergasse U,8,345719
2025-09-15T01:55:40.137880,Zieglergasse U,8,346423
2025-09-15T01:55:40.137880,Zieglergasse U,8,346336
2025-09-15T01:55:40.137880,Zieglergasse U,8,347971
2025-09-15T01:55:40.137880,Zieglergasse U,8,348463
2025-09-15T01:55:40.137880,Zieglergasse U,8,348308
2025-09-15T01:55:40.137880,Zieglergasse U,8,349048
2025-09-15T01:55:40.137880,Zieglergasse U,8,348964
2025-09-15T01:55:40.137880,Berggasse,16,345495
2025-09-15T01:55:40.137880,Berggasse,16,345021
2025-09-15T01:55:40.137880,Berggasse,16,345005
2025-09-15T01:55:40.137880,Berggasse,16,345936
2025-09-15T01:55:40.137880,Berggasse,16,346049
2025-09-15T01:55:40.137880,Berggasse,16,346770
2025-09-15T01:55:40.137880,Berggasse,16,346503
2025-09-15T01:55:40.137880,Berggasse,16,347441
2025-09-15T01:55:40.137880,Berggasse,16,347306
2025-09-15T01:55:40.137880,Berggasse,16,347928
2025-09-15T01:55:40.137880,Berggasse,16,347880
2025-09-15T01:55:40.137880,Berggasse,16,347821
2025-09-15T01:55:40.137880,Berggasse,16,348402
2025-09-15T01:55:40.137880,Berggasse,16,348400
2025-09-15T01:55:40.137880,Berggasse,16,348210
2025-09-15T01:55:40.137880,Berggasse,16,348704
2025-09-15T01:55:40.137880,Frankhplatz,6,346732
2025-09-15T01:55:40.137880,Frankhplatz,6,347284
2025-09-15T01:55:40.137880,Frankhplatz,6,347167
2025-09-15T01:55:40.137880,Frankhplatz,6,347810
2025-09-15T01:55:40.137880,Frankhplatz,6,348397
2025-09-15T01:55:40.137880,Frankhplatz,6,348379
2025-09-15T01:55:40.137880,Friedensbrücke U,32,345384
2025-09-15T01:55:40.137880,Friedensbrücke U,32,345345
2025-09-15T01:55:40.137880,Friedensbrücke U,32,345322
2025-09-15T01:55:40.137880,Friedensbrücke U,32,345287
2025-09-15T01:55:40.137880,Friedensbrücke U,32,345154
2025-09-15T01:55:40.137880,Friedensbrücke U,32,345053
2025-09-15T01:55:40.137880,Friedensbrücke U,32,345876
2025-09-15T01:55:40.137880,Friedensbrücke U,32,345849
2025-09-15T01:55:40.137880,Friedensbrücke U,32,345716
2025-09-15T01:55:40.137880,Friedensbrücke U,32,345673
2025-09-15T01:55:40.137880,Friedensbrücke U,32,345504
2025-09-15T01:55:40.137880,Friedensbrücke U,32,346388
2025-09-15T01:55:40.137880,Friedensbrücke U,32,346385
2025-09-15T01:55:40.137880,Friedensbrücke U,32,346218
2025-09-15T01:55:40.137880,Friedensbrücke U,32,346213
2025-09-15T01:55:40.137880,Friedensbrücke U,32,346204
2025-09-15T01:55:40.137880,Friedensbrücke U,32,346884
2025-09-15T01:55:40.137880,Friedensbrücke U,32,347396
2025-09-15T01:55:40.137880,Friedensbrücke U,32,347349
2025-09-15T01:55:40.137880,Friedensbrücke U,32,347026
2025-09-15T01:55:40.137880,Friedensbrücke U,32,347010
2025-09-15T01:55:40.137880,Friedensbrücke U,32,347940
2025-09-15T01:55:40.137880,Friedensbrücke U,32,347549
2025-09-15T01:55:40.137880,Friedensbrücke U,32,347545
2025-09-15T01:55:40.137880,Friedensbrücke U,32,348343
2025-09-15T01:55:40.137880,Friedensbrücke U,32,348331
2025-09-15T01:55:40.137880,Friedensbrücke U,32,348314
2025-09-15T01:55:40.137880,Friedensbrücke U,32,348172
2025-09-15T01:55:40.137880,Friedensbrücke U,32,348044
2025-09-15T01:55:40.137880,Friedensbrücke U,32,348635
2025-09-15T01:55:40.137880,Friedensbrücke U,32,348880
2025-09-15T01:55:40.137880,Friedensbrücke U,32,349193
2025-09-15T01:55:40.137880,Spittelau S U,7,345375
2025-09-15T01:55:40.137880,Spittelau S U,7,345741
2025-09-15T01:55:40.137880,Spittelau S U,7,346367
2025-09-15T01:55:40.137880,Spittelau S U,7,346918
2025-09-15T01:55:40.137880,Spittelau S U,7,347001
2025-09-15T01:55:40.137880,Spittelau S U,7,348046
2025-09-15T01:55:40.137880,Spittelau S U,7,348012
2025-09-15T01:55:40.137880,Absbergbrücke / Alfred-Böhm-Park,7,345067
2025-09-15T01:55:40.137880,Absbergbrücke / Alfred-Böhm-Park,7,345537
2025-09-15T01:55:40.137880,Absbergbrücke / Alfred-Böhm-Park,7,346158
2025-09-15T01:55:40.137880,Absbergbrücke / Alfred-Böhm-Park,7,347148
2025-09-15T01:55:40.137880,Absbergbrücke / Alfred-Böhm-Park,7,348132
2025-09-15T01:55:40.137880,Absbergbrücke / Alfred-Böhm-Park,7,348696
2025-09-15T01:55:40.137880,Absbergbrücke / Alfred-Böhm-Park,7,348971
2025-09-15T01:55:40.137880,Altes Landgut U,2,345121
2025-09-15T01:55:40.137880,Altes Landgut U,2,347104
2025-09-15T01:55:40.137880,Bloch-Bauer-Promenade,9,347179
2025-09-15T01:55:40.137880,Bloch-Bauer-Promenade,9,347906
2025-09-15T01:55:40.137880,Bloch-Bauer-Promenade,9,347818
2025-09-15T01:55:40.137880,Bloch-Bauer-Promenade,9,347608
2025-09-15T01:55:40.137880,Bloch-Bauer-Promenade,9,348693
2025-09-15T01:55:40.137880,Bloch-Bauer-Promenade,9,348557
2025-09-15T01:55:40.137880,Bloch-Bauer-Promenade,9,348948
2025-09-15T01:55:40.137880,Bloch-Bauer-Promenade,9,348854
2025-09-15T01:55:40.137880,Bloch-Bauer-Promenade,9,349155
2025-09-15T01:55:40.137880,Hauptbahnhof S U ,32,345476
2025-09-15T01:55:40.137880,Hauptbahnhof S U ,32,345364
2025-09-15T01:55:40.137880,Hauptbahnhof S U ,32,345766
2025-09-15T01:55:40.137880,Hauptbahnhof S U ,32,345753
2025-09-15T01:55:40.137880,Hauptbahnhof S U ,32,345609
2025-09-15T01:55:40.137880,Hauptbahnhof S U ,32,346236
2025-09-15T01:55:40.137880,Hauptbahnhof S U ,32,346156
2025-09-15T01:55:40.137880,Hauptbahnhof S U ,32,346124
2025-09-15T01:55:40.137880,Hauptbahnhof S U ,32,346962
2025-09-15T01:55:40.137880,Hauptbahnhof S U ,32,346945
2025-09-15T01:55:40.137880,Hauptbahnhof S U ,32,346849
2025-09-15T01:55:40.137880,Hauptbahnhof S U ,32,346841
2025-09-15T01:55:40.137880,Hauptbahnhof S U ,32,346816
2025-09-15T01:55:40.137880,Hauptbahnhof S U ,32,346676
2025-09-15T01:55:40.137880,Hauptbahnhof S U ,32,346640
2025-09-15T01:55:40.137880,Hauptbahnhof S U ,32,346502
2025-09-15T01:55:40.137880,Hauptbahnhof S U ,32,347344
2025-09-15T01:55:40.137880,Hauptbahnhof S U ,32,347329
2025-09-15T01:55:40.137880,Hauptbahnhof S U ,32,347208
2025-09-15T01:55:40.137880,Hauptbahnhof S U ,32,347140
2025-09-15T01:55:40.137880,Hauptbahnhof S U ,32,347106
2025-09-15T01:55:40.137880,Hauptbahnhof S U ,32,347045
2025-09-15T01:55:40.137880,Hauptbahnhof S U ,32,347991
2025-09-15T01:55:40.137880,Hauptbahnhof S U ,32,347845
2025-09-15T01:55:40.137880,Hauptbahnhof S U ,32,347723
2025-09-15T01:55:40.137880,Hauptbahnhof S U ,32,347563
2025-09-15T01:55:40.137880,Hauptbahnhof S U ,32,348410
2025-09-15T01:55:40.137880,Hauptbahnhof S U ,32,348367
2025-09-15T01:55:40.137880,Hauptbahnhof S U ,32,348269
2025-09-15T01:55:40.137880,Hauptbahnhof S U ,32,348247
2025-09-15T01:55:40.137880,Hauptbahnhof S U ,32,348633
2025-09-15T01:55:40.137880,Hauptbahnhof S U ,32,348577
2025-09-15T01:55:40.137880,Keplerplatz U,2,347152
2025-09-15T01:55:40.137880,Keplerplatz U,2,347749
2025-09-15T01:55:40.137880,Absberggasse,2,345163
2025-09-15T01:55:40.137880,Absberggasse,2,348284
2025-09-15T01:55:40.137880,Enkplatz U,7,345353
2025-09-15T01:55:40.137880,Enkplatz U,7,346200
2025-09-15T01:55:40.137880,Enkplatz U,7,346065
2025-09-15T01:55:40.137880,Enkplatz U,7,346856
2025-09-15T01:55:40.137880,Enkplatz U,7,346724
2025-09-15T01:55:40.137880,Enkplatz U,7,348068
2025-09-15T01:55:40.137880,Enkplatz U,7,398759
2025-09-15T01:55:40.137880,Gasometer U,16,345370
2025-09-15T01:55:40.137880,Gasometer U,16,345323
2025-09-15T01:55:40.137880,Gasometer U,16,345934
2025-09-15T01:55:40.137880,Gasometer U,16,345892
2025-09-15T01:55:40.137880,Gasometer U,16,346384
2025-09-15T01:55:40.137880,Gasometer U,16,346210
2025-09-15T01:55:40.137880,Gasometer U,16,346608
2025-09-15T01:55:40.137880,Gasometer U,16,346512
2025-09-15T01:55:40.137880,Gasometer U,16,347430
2025-09-15T01:55:40.137880,Gasometer U,16,347359
2025-09-15T01:55:40.137880,Gasometer U,16,347204
2025-09-15T01:55:40.137880,Gasometer U,16,347969
2025-09-15T01:55:40.137880,Gasometer U,16,348158
2025-09-15T01:55:40.137880,Gasometer U,16,348069
2025-09-15T01:55:40.137880,Gasometer U,16,348565
2025-09-15T01:55:40.137880,Gasometer U,16,348529
2025-09-15T01:55:40.137880,Geiselbergstraße S,7,345280
2025-09-15T01:55:40.137880,Geiselbergstraße S,7,345800
2025-09-15T01:55:40.137880,Geiselbergstraße S,7,346490
2025-09-15T01:55:40.137880,Geiselbergstraße S,7,346327
2025-09-15T01:55:40.137880,Geiselbergstraße S,7,348258
2025-09-15T01:55:40.137880,Geiselbergstraße S,7,348183
2025-09-15T01:55:40.137880,Geiselbergstraße S,7,348913
2025-09-15T01:55:40.137880,Simmering S U,9,345739
2025-09-15T01:55:40.137880,Simmering S U,9,346387
2025-09-15T01:55:40.137880,Simmering S U,9,346222
2025-09-15T01:55:40.137880,Simmering S U,9,346683
2025-09-15T01:55:40.137880,Simmering S U,9,346666
2025-09-15T01:55:40.137880,Simmering S U,9,347982
2025-09-15T01:55:40.137880,Simmering S U,9,349060
2025-09-15T01:55:40.137880,Simmering S U,9,348944
2025-09-15T01:55:40.137880,Simmering S U,9,348915
2025-09-15T01:55:40.137880,Niederhofstraße U,30,345330
2025-09-15T01:55:40.137880,Niederhofstraße U,30,345310
2025-09-15T01:55:40.137880,Niederhofstraße U,30,345182
2025-09-15T01:55:40.137880,Niederhofstraße U,30,345116
2025-09-15T01:55:40.137880,Niederhofstraße U,30,345058
2025-09-15T01:55:40.137880,Niederhofstraße U,30,345052
2025-09-15T01:55:40.137880,Niederhofstraße U,30,345983
2025-09-15T01:55:40.137880,Niederhofstraße U,30,345786
2025-09-15T01:55:40.137880,Niederhofstraße U,30,345554
2025-09-15T01:55:40.137880,Niederhofstraße U,30,346496
2025-09-15T01:55:40.137880,Niederhofstraße U,30,346291
2025-09-15T01:55:40.137880,Niederhofstraße U,30,346267
2025-09-15T01:55:40.137880,Niederhofstraße U,30,346050
2025-09-15T01:55:40.137880,Niederhofstraße U,30,346023
2025-09-15T01:55:40.137880,Niederhofstraße U,30,346810
2025-09-15T01:55:40.137880,Niederhofstraße U,30,346785
2025-09-15T01:55:40.137880,Niederhofstraße U,30,347497
2025-09-15T01:55:40.137880,Niederhofstraße U,30,347484
2025-09-15T01:55:40.137880,Niederhofstraße U,30,347312
2025-09-15T01:55:40.137880,Niederhofstraße U,30,347244
2025-09-15T01:55:40.137880,Niederhofstraße U,30,347185
2025-09-15T01:55:40.137880,Niederhofstraße U,30,347117
2025-09-15T01:55:40.137880,Niederhofstraße U,30,347005
2025-09-15T01:55:40.137880,Niederhofstraße U,30,347756
2025-09-15T01:55:40.137880,Niederhofstraße U,30,347662
2025-09-15T01:55:40.137880,Niederhofstraße U,30,347533
2025-09-15T01:55:40.137880,Niederhofstraße U,30,348176
2025-09-15T01:55:40.137880,Niederhofstraße U,30,348152
2025-09-15T01:55:40.137880,Niederhofstraße U,30,348074
2025-09-15T01:55:40.137880,Niederhofstraße U,30,398735
2025-09-15T01:55:40.137880,Hietzing U,38,345452
2025-09-15T01:55:40.137880,Hietzing U,38,345319
2025-09-15T01:55:40.137880,Hietzing U,38,345996
2025-09-15T01:55:40.137880,Hietzing U,38,345948
2025-09-15T01:55:40.137880,Hietzing U,38,345889
2025-09-15T01:55:40.137880,Hietzing U,38,345865
2025-09-15T01:55:40.137880,Hietzing U,38,345817
2025-09-15T01:55:40.137880,Hietzing U,38,345795
2025-09-15T01:55:40.137880,Hietzing U,38,345700
2025-09-15T01:55:40.137880,Hietzing U,38,345685
2025-09-15T01:55:40.137880,Hietzing U,38,346444
2025-09-15T01:55:40.137880,Hietzing U,38,346442
2025-09-15T01:55:40.137880,Hietzing U,38,346307
2025-09-15T01:55:40.137880,Hietzing U,38,346178
2025-09-15T01:55:40.137880,Hietzing U,38,346074
2025-09-15T01:55:40.137880,Hietzing U,38,346015
2025-09-15T01:55:40.137880,Hietzing U,38,346833
2025-09-15T01:55:40.137880,Hietzing U,38,346831
2025-09-15T01:55:40.137880,Hietzing U,38,346812
2025-09-15T01:55:40.137880,Hietzing U,38,346715
2025-09-15T01:55:40.137880,Hietzing U,38,346712
2025-09-15T01:55:40.137880,Hietzing U,38,346618
2025-09-15T01:55:40.137880,Hietzing U,38,347414
2025-09-15T01:55:40.137880,Hietzing U,38,347345
2025-09-15T01:55:40.137880,Hietzing U,38,347291
2025-09-15T01:55:40.137880,Hietzing U,38,347150
2025-09-15T01:55:40.137880,Hietzing U,38,347102
2025-09-15T01:55:40.137880,Hietzing U,38,347910
2025-09-15T01:55:40.137880,Hietzing U,38,347886
2025-09-15T01:55:40.137880,Hietzing U,38,347814
2025-09-15T01:55:40.137880,Hietzing U,38,347778
2025-09-15T01:55:40.137880,Hietzing U,38,347551
2025-09-15T01:55:40.137880,Hietzing U,38,347537
2025-09-15T01:55:40.137880,Hietzing U,38,347516
2025-09-15T01:55:40.137880,Hietzing U,38,348433
2025-09-15T01:55:40.137880,Hietzing U,38,348001
2025-09-15T01:55:40.137880,Hietzing U,38,348615
2025-09-15T01:55:40.137880,Hietzing U,38,348572
2025-09-15T01:55:40.137880,Westbahnhof S U,1,348810
2025-09-15T01:55:40.137880,Richard-Wagner-Platz,22,345477
2025-09-15T01:55:40.137880,Richard-Wagner-Platz,22,345434
2025-09-15T01:55:40.137880,Richard-Wagner-Platz,22,345392
2025-09-15T01:55:40.137880,Richard-Wagner-Platz,22,345296
2025-09-15T01:55:40.137880,Richard-Wagner-Platz,22,345063
2025-09-15T01:55:40.137880,Richard-Wagner-Platz,22,345028
2025-09-15T01:55:40.137880,Richard-Wagner-Platz,22,345908
2025-09-15T01:55:40.137880,Richard-Wagner-Platz,22,345600
2025-09-15T01:55:40.137880,Richard-Wagner-Platz,22,346479
2025-09-15T01:55:40.137880,Richard-Wagner-Platz,22,346414
2025-09-15T01:55:40.137880,Richard-Wagner-Platz,22,346220
2025-09-15T01:55:40.137880,Richard-Wagner-Platz,22,346209
2025-09-15T01:55:40.137880,Richard-Wagner-Platz,22,346153
2025-09-15T01:55:40.137880,Richard-Wagner-Platz,22,346102
2025-09-15T01:55:40.137880,Richard-Wagner-Platz,22,346818
2025-09-15T01:55:40.137880,Richard-Wagner-Platz,22,346774
2025-09-15T01:55:40.137880,Richard-Wagner-Platz,22,347092
2025-09-15T01:55:40.137880,Richard-Wagner-Platz,22,347737
2025-09-15T01:55:40.137880,Richard-Wagner-Platz,22,348332
2025-09-15T01:55:40.137880,Richard-Wagner-Platz,22,348255
2025-09-15T01:55:40.137880,Richard-Wagner-Platz,22,348211
2025-09-15T01:55:40.137880,Richard-Wagner-Platz,22,348543
2025-09-15T01:55:40.137880,Alser Straße U,7,345352
2025-09-15T01:55:40.137880,Alser Straße U,7,345264
2025-09-15T01:55:40.137880,Alser Straße U,7,345589
2025-09-15T01:55:40.137880,Alser Straße U,7,346473
2025-09-15T01:55:40.137880,Alser Straße U,7,346250
2025-09-15T01:55:40.137880,Alser Straße U,7,347983
2025-09-15T01:55:40.137880,Alser Straße U,7,348296
2025-09-15T01:55:40.137880,Währinger Straße U,4,345091
2025-09-15T01:55:40.137880,Währinger Straße U,4,346316
2025-09-15T01:55:40.137880,Währinger Straße U,4,347438
2025-09-15T01:55:40.137880,Währinger Straße U,4,347929
2025-09-15T01:55:40.137880,Gymnasiumstraße,8,345799
2025-09-15T01:55:40.137880,Gymnasiumstraße,8,345676
2025-09-15T01:55:40.137880,Gymnasiumstraße,8,345662
2025-09-15T01:55:40.137880,Gymnasiumstraße,8,346272
2025-09-15T01:55:40.137880,Gymnasiumstraße,8,346058
2025-09-15T01:55:40.137880,Gymnasiumstraße,8,346002
2025-09-15T01:55:40.137880,Gymnasiumstraße,8,348958
2025-09-15T01:55:40.137880,Gymnasiumstraße,8,348914
2025-09-15T01:55:40.137880,Handelskai S U,45,345422
2025-09-15T01:55:40.137880,Handelskai S U,45,345075
2025-09-15T01:55:40.137880,Handelskai S U,45,345059
2025-09-15T01:55:40.137880,Handelskai S U,45,345967
2025-09-15T01:55:40.137880,Handelskai S U,45,345778
2025-09-15T01:55:40.137880,Handelskai S U,45,345750
2025-09-15T01:55:40.137880,Handelskai S U,45,345742
2025-09-15T01:55:40.137880,Handelskai S U,45,345639
2025-09-15T01:55:40.137880,Handelskai S U,45,345625
2025-09-15T01:55:40.137880,Handelskai S U,45,345611
2025-09-15T01:55:40.137880,Handelskai S U,45,345579
2025-09-15T01:55:40.137880,Handelskai S U,45,346405
2025-09-15T01:55:40.137880,Handelskai S U,45,346401
2025-09-15T01:55:40.137880,Handelskai S U,45,346166
2025-09-15T01:55:40.137880,Handelskai S U,45,346075
2025-09-15T01:55:40.137880,Handelskai S U,45,346064
2025-09-15T01:55:40.137880,Handelskai S U,45,346980
2025-09-15T01:55:40.137880,Handelskai S U,45,346790
2025-09-15T01:55:40.137880,Handelskai S U,45,346751
2025-09-15T01:55:40.137880,Handelskai S U,45,346681
2025-09-15T01:55:40.137880,Handelskai S U,45,346500
2025-09-15T01:55:40.137880,Handelskai S U,45,347488
2025-09-15T01:55:40.137880,Handelskai S U,45,347486
2025-09-15T01:55:40.137880,Handelskai S U,45,347369
2025-09-15T01:55:40.137880,Handelskai S U,45,347303
2025-09-15T01:55:40.137880,Handelskai S U,45,347267
2025-09-15T01:55:40.137880,Handelskai S U,45,347186
2025-09-15T01:55:40.137880,Handelskai S U,45,347869
2025-09-15T01:55:40.137880,Handelskai S U,45,347811
2025-09-15T01:55:40.137880,Handelskai S U,45,347797
2025-09-15T01:55:40.137880,Handelskai S U,45,347765
2025-09-15T01:55:40.137880,Handelskai S U,45,347696
2025-09-15T01:55:40.137880,Handelskai S U,45,347539
2025-09-15T01:55:40.137880,Handelskai S U,45,348476
2025-09-15T01:55:40.137880,Handelskai S U,45,348454
2025-09-15T01:55:40.137880,Handelskai S U,45,348440
2025-09-15T01:55:40.137880,Handelskai S U,45,348281
2025-09-15T01:55:40.137880,Handelskai S U,45,348173
2025-09-15T01:55:40.137880,Handelskai S U,45,348138
2025-09-15T01:55:40.137880,Handelskai S U,45,348128
2025-09-15T01:55:40.137880,Handelskai S U,45,348703
2025-09-15T01:55:40.137880,Handelskai S U,45,348618
2025-09-15T01:55:40.137880,Handelskai S U,45,348545
2025-09-15T01:55:40.137880,Handelskai S U,45,398738
2025-09-15T01:55:40.137880,Handelskai S U,45,348931
2025-09-15T01:55:40.137880,Wallensteinplatz,20,345447
2025-09-15T01:55:40.137880,Wallensteinplatz,20,345901
2025-09-15T01:55:40.137880,Wallensteinplatz,20,345790
2025-09-15T01:55:40.137880,Wallensteinplatz,20,345663
2025-09-15T01:55:40.137880,Wallensteinplatz,20,345658
2025-09-15T01:55:40.137880,Wallensteinplatz,20,345642
2025-09-15T01:55:40.137880,Wallensteinplatz,20,346292
2025-09-15T01:55:40.137880,Wallensteinplatz,20,346146
2025-09-15T01:55:40.137880,Wallensteinplatz,20,346059
2025-09-15T01:55:40.137880,Wallensteinplatz,20,346898
2025-09-15T01:55:40.137880,Wallensteinplatz,20,346627
2025-09-15T01:55:40.137880,Wallensteinplatz,20,347320
2025-09-15T01:55:40.137880,Wallensteinplatz,20,347240
2025-09-15T01:55:40.137880,Wallensteinplatz,20,347977
2025-09-15T01:55:40.137880,Wallensteinplatz,20,347750
2025-09-15T01:55:40.137880,Wallensteinplatz,20,347568
2025-09-15T01:55:40.137880,Wallensteinplatz,20,348436
2025-09-15T01:55:40.137880,Wallensteinplatz,20,348030
2025-09-15T01:55:40.137880,Wallensteinplatz,20,348538
2025-09-15T01:55:40.137880,Wallensteinplatz,20,398756
2025-09-15T01:55:40.137880,Brünner Straße S,12,345496
2025-09-15T01:55:40.137880,Brünner Straße S,12,345248
2025-09-15T01:55:40.137880,Brünner Straße S,12,345013
2025-09-15T01:55:40.137880,Brünner Straße S,12,346971
2025-09-15T01:55:40.137880,Brünner Straße S,12,346896
2025-09-15T01:55:40.137880,Brünner Straße S,12,346616
2025-09-15T01:55:40.137880,Brünner Straße S,12,346576
2025-09-15T01:55:40.137880,Brünner Straße S,12,347802
2025-09-15T01:55:40.137880,Brünner Straße S,12,347647
2025-09-15T01:55:40.137880,Brünner Straße S,12,348496
2025-09-15T01:55:40.137880,Brünner Straße S,12,348489
2025-09-15T01:55:40.137880,Brünner Straße S,12,348106
2025-09-15T01:55:40.137880,Floridsdorf S U,11,345386
2025-09-15T01:55:40.137880,Floridsdorf S U,11,345026
2025-09-15T01:55:40.137880,Floridsdorf S U,11,345020
2025-09-15T01:55:40.137880,Floridsdorf S U,11,345008
2025-09-15T01:55:40.137880,Floridsdorf S U,11,345622
2025-09-15T01:55:40.137880,Floridsdorf S U,11,346138
2025-09-15T01:55:40.137880,Floridsdorf S U,11,346695
2025-09-15T01:55:40.137880,Floridsdorf S U,11,347465
2025-09-15T01:55:40.137880,Floridsdorf S U,11,347844
2025-09-15T01:55:40.137880,Floridsdorf S U,11,347682
2025-09-15T01:55:40.137880,Floridsdorf S U,11,398736
2025-09-15T01:55:40.137880,Großfeldsiedlung U,4,346176
2025-09-15T01:55:40.137880,Großfeldsiedlung U,4,346105
2025-09-15T01:55:40.137880,Großfeldsiedlung U,4,346008
2025-09-15T01:55:40.137880,Großfeldsiedlung U,4,347260
2025-09-15T01:55:40.137880,Siemensstraße S,1,349192
2025-09-15T01:55:40.137880,Donauspital U,27,345361
2025-09-15T01:55:40.137880,Donauspital U,27,345350
2025-09-15T01:55:40.137880,Donauspital U,27,345318
2025-09-15T01:55:40.137880,Donauspital U,27,345312
2025-09-15T01:55:40.137880,Donauspital U,27,345278
2025-09-15T01:55:40.137880,Donauspital U,27,345272
2025-09-15T01:55:40.137880,Donauspital U,27,345068
2025-09-15T01:55:40.137880,Donauspital U,27,345051
2025-09-15T01:55:40.137880,Donauspital U,27,345952
2025-09-15T01:55:40.137880,Donauspital U,27,345925
2025-09-15T01:55:40.137880,Donauspital U,27,345899
2025-09-15T01:55:40.137880,Donauspital U,27,345696
2025-09-15T01:55:40.137880,Donauspital U,27,346940
2025-09-15T01:55:40.137880,Donauspital U,27,346719
2025-09-15T01:55:40.137880,Donauspital U,27,347474
2025-09-15T01:55:40.137880,Donauspital U,27,347177
2025-09-15T01:55:40.137880,Donauspital U,27,347164
2025-09-15T01:55:40.137880,Donauspital U,27,347689
2025-09-15T01:55:40.137880,Donauspital U,27,347679
2025-09-15T01:55:40.137880,Donauspital U,27,348398
2025-09-15T01:55:40.137880,Donauspital U,27,348339
2025-09-15T01:55:40.137880,Donauspital U,27,348254
2025-09-15T01:55:40.137880,Donauspital U,27,348105
2025-09-15T01:55:40.137880,Donauspital U,27,348043
2025-09-15T01:55:40.137880,Donauspital U,27,348619
2025-09-15T01:55:40.137880,Donauspital U,27,348584
2025-09-15T01:55:40.137880,Donauspital U,27,348527
2025-09-15T01:55:40.137880,Erzherzog-Karl-Straße S,2,347460
2025-09-15T01:55:40.137880,Erzherzog-Karl-Straße S,2,347113
2025-09-15T01:55:40.137880,Hausfeldstraße S U,27,345442
2025-09-15T01:55:40.137880,Hausfeldstraße S U,27,345360
2025-09-15T01:55:40.137880,Hausfeldstraße S U,27,345283
2025-09-15T01:55:40.137880,Hausfeldstraße S U,27,345914
2025-09-15T01:55:40.137880,Hausfeldstraße S U,27,345898
2025-09-15T01:55:40.137880,Hausfeldstraße S U,27,345850
2025-09-15T01:55:40.137880,Hausfeldstraße S U,27,345727
2025-09-15T01:55:40.137880,Hausfeldstraße S U,27,345717
2025-09-15T01:55:40.137880,Hausfeldstraße S U,27,345674
2025-09-15T01:55:40.137880,Hausfeldstraße S U,27,345623
2025-09-15T01:55:40.137880,Hausfeldstraße S U,27,346318
2025-09-15T01:55:40.137880,Hausfeldstraße S U,27,346744
2025-09-15T01:55:40.137880,Hausfeldstraße S U,27,346591
2025-09-15T01:55:40.137880,Hausfeldstraße S U,27,347128
2025-09-15T01:55:40.137880,Hausfeldstraße S U,27,347123
2025-09-15T01:55:40.137880,Hausfeldstraße S U,27,347050
2025-09-15T01:55:40.137880,Hausfeldstraße S U,27,347905
2025-09-15T01:55:40.137880,Hausfeldstraße S U,27,347895
2025-09-15T01:55:40.137880,Hausfeldstraße S U,27,347813
2025-09-15T01:55:40.137880,Hausfeldstraße S U,27,347703
2025-09-15T01:55:40.137880,Hausfeldstraße S U,27,347620
2025-09-15T01:55:40.137880,Hausfeldstraße S U,27,347583
2025-09-15T01:55:40.137880,Hausfeldstraße S U,27,348392
2025-09-15T01:55:40.137880,Hausfeldstraße S U,27,348018
2025-09-15T01:55:40.137880,Hausfeldstraße S U,27,348013
2025-09-15T01:55:40.137880,Hausfeldstraße S U,27,348629
2025-09-15T01:55:40.137880,Hausfeldstraße S U,27,348590
2025-09-15T01:55:40.137880,Kagran U,11,345459
2025-09-15T01:55:40.137880,Kagran U,11,345859
2025-09-15T01:55:40.137880,Kagran U,11,345784
2025-09-15T01:55:40.137880,Kagran U,11,346174
2025-09-15T01:55:40.137880,Kagran U,11,346987
2025-09-15T01:55:40.137880,Kagran U,11,347335
2025-09-15T01:55:40.137880,Kagran U,11,347331
2025-09-15T01:55:40.137880,Kagran U,11,347279
2025-09-15T01:55:40.137880,Kagran U,11,347044
2025-09-15T01:55:40.137880,Kagran U,11,347863
2025-09-15T01:55:40.137880,Kagran U,11,348357
2025-09-15T01:55:40.137880,Maria-Tusch-Straße,10,346454
2025-09-15T01:55:40.137880,Maria-Tusch-Straße,10,346214
2025-09-15T01:55:40.137880,Maria-Tusch-Straße,10,346914
2025-09-15T01:55:40.137880,Maria-Tusch-Straße,10,346784
2025-09-15T01:55:40.137880,Maria-Tusch-Straße,10,347585
2025-09-15T01:55:40.137880,Maria-Tusch-Straße,10,347535
2025-09-15T01:55:40.137880,Maria-Tusch-Straße,10,347532
2025-09-15T01:55:40.137880,Maria-Tusch-Straße,10,348130
2025-09-15T01:55:40.137880,Maria-Tusch-Straße,10,348099
2025-09-15T01:55:40.137880,Maria-Tusch-Straße,10,348672
2025-09-15T01:55:40.137880,Rennbahnweg U,4,345999
2025-09-15T01:55:40.137880,Rennbahnweg U,4,347418
2025-09-15T01:55:40.137880,Rennbahnweg U,4,347192
2025-09-15T01:55:40.137880,Rennbahnweg U,4,347519
2025-09-15T01:55:40.137880,Schüttauplatz,8,346127
2025-09-15T01:55:40.137880,Schüttauplatz,8,347876
2025-09-15T01:55:40.137880,Schüttauplatz,8,347675
2025-09-15T01:55:40.137880,Schüttauplatz,8,347637
2025-09-15T01:55:40.137880,Schüttauplatz,8,348483
2025-09-15T01:55:40.137880,Schüttauplatz,8,348411
2025-09-15T01:55:40.137880,Schüttauplatz,8,348713
2025-09-15T01:55:40.137880,Schüttauplatz,8,348851
2025-09-15T01:55:40.137880,Stadlau U,16,345492
2025-09-15T01:55:40.137880,Stadlau U,16,345144
2025-09-15T01:55:40.137880,Stadlau U,16,345871
2025-09-15T01:55:40.137880,Stadlau U,16,345863
2025-09-15T01:55:40.137880,Stadlau U,16,345842
2025-09-15T01:55:40.137880,Stadlau U,16,345808
2025-09-15T01:55:40.137880,Stadlau U,16,346006
2025-09-15T01:55:40.137880,Stadlau U,16,346903
2025-09-15T01:55:40.137880,Stadlau U,16,347327
2025-09-15T01:55:40.137880,Stadlau U,16,347665
2025-09-15T01:55:40.137880,Stadlau U,16,347558
2025-09-15T01:55:40.137880,Stadlau U,16,348325
2025-09-15T01:55:40.137880,Stadlau U,16,348318
2025-09-15T01:55:40.137880,Stadlau U,16,349087
2025-09-15T01:55:40.137880,Stadlau U,16,349037
2025-09-15T01:55:40.137880,Stadlau U,16,349137
2025-09-15T01:55:40.137880,VIC Kaisermühlen U,26,345288
2025-09-15T01:55:40.137880,VIC Kaisermühlen U,26,345274
2025-09-15T01:55:40.137880,VIC Kaisermühlen U,26,345117
2025-09-15T01:55:40.137880,VIC Kaisermühlen U,26,345065
2025-09-15T01:55:40.137880,VIC Kaisermühlen U,26,345513
2025-09-15T01:55:40.137880,VIC Kaisermühlen U,26,346458
2025-09-15T01:55:40.137880,VIC Kaisermühlen U,26,346407
2025-09-15T01:55:40.137880,VIC Kaisermühlen U,26,346356
2025-09-15T01:55:40.137880,VIC Kaisermühlen U,26,346324
2025-09-15T01:55:40.137880,VIC Kaisermühlen U,26,346192
2025-09-15T01:55:40.137880,VIC Kaisermühlen U,26,346086
2025-09-15T01:55:40.137880,VIC Kaisermühlen U,26,346062
2025-09-15T01:55:40.137880,VIC Kaisermühlen U,26,346966
2025-09-15T01:55:40.137880,VIC Kaisermühlen U,26,346854
2025-09-15T01:55:40.137880,VIC Kaisermühlen U,26,346778
2025-09-15T01:55:40.137880,VIC Kaisermühlen U,26,346677
2025-09-15T01:55:40.137880,VIC Kaisermühlen U,26,346637
2025-09-15T01:55:40.137880,VIC Kaisermühlen U,26,347237
2025-09-15T01:55:40.137880,VIC Kaisermühlen U,26,347973
2025-09-15T01:55:40.137880,VIC Kaisermühlen U,26,347724
2025-09-15T01:55:40.137880,VIC Kaisermühlen U,26,347579
2025-09-15T01:55:40.137880,VIC Kaisermühlen U,26,347510
2025-09-15T01:55:40.137880,VIC Kaisermühlen U,26,348488
2025-09-15T01:55:40.137880,VIC Kaisermühlen U,26,348237
2025-09-15T01:55:40.137880,VIC Kaisermühlen U,26,348129
2025-09-15T01:55:40.137880,VIC Kaisermühlen U,26,348623
2025-09-15T01:55:40.137880,Kagraner Platz U,5,347366
2025-09-15T01:55:40.137880,Kagraner Platz U,5,347695
2025-09-15T01:55:40.137880,Kagraner Platz U,5,348066
2025-09-15T01:55:40.137880,Kagraner Platz U,5,348511
2025-09-15T01:55:40.137880,Kagraner Platz U,5,349098
2025-09-15T01:55:40.137880,Alterlaa U,17,345426
2025-09-15T01:55:40.137880,Alterlaa U,17,345414
2025-09-15T01:55:40.137880,Alterlaa U,17,345250
2025-09-15T01:55:40.137880,Alterlaa U,17,345168
2025-09-15T01:55:40.137880,Alterlaa U,17,345855
2025-09-15T01:55:40.137880,Alterlaa U,17,345563
2025-09-15T01:55:40.137880,Alterlaa U,17,346375
2025-09-15T01:55:40.137880,Alterlaa U,17,346933
2025-09-15T01:55:40.137880,Alterlaa U,17,346585
2025-09-15T01:55:40.137880,Alterlaa U,17,347357
2025-09-15T01:55:40.137880,Alterlaa U,17,347162
2025-09-15T01:55:40.137880,Alterlaa U,17,347990
2025-09-15T01:55:40.137880,Alterlaa U,17,347758
2025-09-15T01:55:40.137880,Alterlaa U,17,347677
2025-09-15T01:55:40.137880,Alterlaa U,17,348419
2025-09-15T01:55:40.137880,Alterlaa U,17,348414
2025-09-15T01:55:40.137880,Alterlaa U,17,348939
2025-09-15T01:55:40.137880,Bacherplatz,12,345918
2025-09-15T01:55:40.137880,Bacherplatz,12,345734
2025-09-15T01:55:40.137880,Bacherplatz,12,345729
2025-09-15T01:55:40.137880,Bacherplatz,12,345651
2025-09-15T01:55:40.137880,Bacherplatz,12,346985
2025-09-15T01:55:40.137880,Bacherplatz,12,346882
2025-09-15T01:55:40.137880,Bacherplatz,12,347241
2025-09-15T01:55:40.137880,Bacherplatz,12,347176
2025-09-15T01:55:40.137880,Bacherplatz,12,347088
2025-09-15T01:55:40.137880,Bacherplatz,12,347678
2025-09-15T01:55:40.137880,Bacherplatz,12,348136
2025-09-15T01:55:40.137880,Bacherplatz,12,348004
2025-09-15T01:55:40.137880,Carl-Appel-Straße,6,345746
2025-09-15T01:55:40.137880,Carl-Appel-Straße,6,346464
2025-09-15T01:55:40.137880,Carl-Appel-Straße,6,346908
2025-09-15T01:55:40.137880,Carl-Appel-Straße,6,349013
2025-09-15T01:55:40.137880,Carl-Appel-Straße,6,348894
2025-09-15T01:55:40.137880,Carl-Appel-Straße,6,349171
2025-09-15T01:55:40.137880,Otto-Probst-Platz,5,345478
2025-09-15T01:55:40.137880,Otto-Probst-Platz,5,347783
2025-09-15T01:55:40.137880,Otto-Probst-Platz,5,347506
2025-09-15T01:55:40.137880,Otto-Probst-Platz,5,348492
2025-09-15T01:55:40.137880,Otto-Probst-Platz,5,348213
2025-09-15T01:55:40.137880,Alaudagasse U,13,345080
2025-09-15T01:55:40.137880,Alaudagasse U,13,345061
2025-09-15T01:55:40.137880,Alaudagasse U,13,345905
2025-09-15T01:55:40.137880,Alaudagasse U,13,346333
2025-09-15T01:55:40.137880,Alaudagasse U,13,346177
2025-09-15T01:55:40.137880,Alaudagasse U,13,346922
2025-09-15T01:55:40.137880,Alaudagasse U,13,346636
2025-09-15T01:55:40.137880,Alaudagasse U,13,347480
2025-09-15T01:55:40.137880,Alaudagasse U,13,347806
2025-09-15T01:55:40.137880,Alaudagasse U,13,348363
2025-09-15T01:55:40.137880,Alaudagasse U,13,348054
2025-09-15T01:55:40.137880,Alaudagasse U,13,398775
2025-09-15T01:55:40.137880,Alaudagasse U,13,398750
2025-09-15T01:55:40.137880,Svetelskystraße,22,345487
2025-09-15T01:55:40.137880,Svetelskystraße,22,345429
2025-09-15T01:55:40.137880,Svetelskystraße,22,345406
2025-09-15T01:55:40.137880,Svetelskystraße,22,345338
2025-09-15T01:55:40.137880,Svetelskystraße,22,345255
2025-09-15T01:55:40.137880,Svetelskystraße,22,345581
2025-09-15T01:55:40.137880,Svetelskystraße,22,346239
2025-09-15T01:55:40.137880,Svetelskystraße,22,346995
2025-09-15T01:55:40.137880,Svetelskystraße,22,346965
2025-09-15T01:55:40.137880,Svetelskystraße,22,346840
2025-09-15T01:55:40.137880,Svetelskystraße,22,346837
2025-09-15T01:55:40.137880,Svetelskystraße,22,346783
2025-09-15T01:55:40.137880,Svetelskystraße,22,346773
2025-09-15T01:55:40.137880,Svetelskystraße,22,347791
2025-09-15T01:55:40.137880,Svetelskystraße,22,348403
2025-09-15T01:55:40.137880,Svetelskystraße,22,348370
2025-09-15T01:55:40.137880,Svetelskystraße,22,348221
2025-09-15T01:55:40.137880,Svetelskystraße,22,348032
2025-09-15T01:55:40.137880,Svetelskystraße,22,348675
2025-09-15T01:55:40.137880,Svetelskystraße,22,348645
2025-09-15T01:55:40.137880,Svetelskystraße,22,348588
2025-09-15T01:55:40.137880,Svetelskystraße,22,348839
2025-09-15T01:55:40.137880,Weißenböckstraße,5,346462
2025-09-15T01:55:40.137880,Weißenböckstraße,5,346240
2025-09-15T01:55:40.137880,Weißenböckstraße,5,346815
2025-09-15T01:55:40.137880,Weißenböckstraße,5,346713
2025-09-15T01:55:40.137880,Weißenböckstraße,5,347233
2025-09-15T01:55:40.137880,Zentralfriedhof 2. Tor,12,345444
2025-09-15T01:55:40.137880,Zentralfriedhof 2. Tor,12,345225
2025-09-15T01:55:40.137880,Zentralfriedhof 2. Tor,12,345045
2025-09-15T01:55:40.137880,Zentralfriedhof 2. Tor,12,346358
2025-09-15T01:55:40.137880,Zentralfriedhof 2. Tor,12,346254
2025-09-15T01:55:40.137880,Zentralfriedhof 2. Tor,12,346761
2025-09-15T01:55:40.137880,Zentralfriedhof 2. Tor,12,347410
2025-09-15T01:55:40.137880,Zentralfriedhof 2. Tor,12,347317
2025-09-15T01:55:40.137880,Zentralfriedhof 2. Tor,12,347246
2025-09-15T01:55:40.137880,Zentralfriedhof 2. Tor,12,347205
2025-09-15T01:55:40.137880,Zentralfriedhof 2. Tor,12,348461
2025-09-15T01:55:40.137880,Zentralfriedhof 2. Tor,12,348383
2025-09-15T01:55:40.137880,Simoningplatz,17,345473
2025-09-15T01:55:40.137880,Simoningplatz,17,345305
2025-09-15T01:55:40.137880,Simoningplatz,17,345664
2025-09-15T01:55:40.137880,Simoningplatz,17,346378
2025-09-15T01:55:40.137880,Simoningplatz,17,346284
2025-09-15T01:55:40.137880,Simoningplatz,17,346693
2025-09-15T01:55:40.137880,Simoningplatz,17,346655
2025-09-15T01:55:40.137880,Simoningplatz,17,347417
2025-09-15T01:55:40.137880,Simoningplatz,17,347332
2025-09-15T01:55:40.137880,Simoningplatz,17,347548
2025-09-15T01:55:40.137880,Simoningplatz,17,348271
2025-09-15T01:55:40.137880,Simoningplatz,17,348238
2025-09-15T01:55:40.137880,Simoningplatz,17,348195
2025-09-15T01:55:40.137880,Simoningplatz,17,348146
2025-09-15T01:55:40.137880,Simoningplatz,17,348041
2025-09-15T01:55:40.137880,Simoningplatz,17,348694
2025-09-15T01:55:40.137880,Simoningplatz,17,348609
2025-09-15T01:55:40.137880,Etrichstraße,14,345191
2025-09-15T01:55:40.137880,Etrichstraße,14,345079
2025-09-15T01:55:40.137880,Etrichstraße,14,345043
2025-09-15T01:55:40.137880,Etrichstraße,14,345986
2025-09-15T01:55:40.137880,Etrichstraße,14,345969
2025-09-15T01:55:40.137880,Etrichstraße,14,345907
2025-09-15T01:55:40.137880,Etrichstraße,14,345813
2025-09-15T01:55:40.137880,Etrichstraße,14,345655
2025-09-15T01:55:40.137880,Etrichstraße,14,345546
2025-09-15T01:55:40.137880,Etrichstraße,14,346953
2025-09-15T01:55:40.137880,Etrichstraße,14,346628
2025-09-15T01:55:40.137880,Etrichstraße,14,347180
2025-09-15T01:55:40.137880,Etrichstraße,14,347093
2025-09-15T01:55:40.137880,Etrichstraße,14,348517
2025-09-15T01:55:40.137880,Zippererstraße U,17,345337
2025-09-15T01:55:40.137880,Zippererstraße U,17,345979
2025-09-15T01:55:40.137880,Zippererstraße U,17,345851
2025-09-15T01:55:40.137880,Zippererstraße U,17,345606
2025-09-15T01:55:40.137880,Zippererstraße U,17,346343
2025-09-15T01:55:40.137880,Zippererstraße U,17,346235
2025-09-15T01:55:40.137880,Zippererstraße U,17,346624
2025-09-15T01:55:40.137880,Zippererstraße U,17,347449
2025-09-15T01:55:40.137880,Zippererstraße U,17,347175
2025-09-15T01:55:40.137880,Zippererstraße U,17,347083
2025-09-15T01:55:40.137880,Zippererstraße U,17,347553
2025-09-15T01:55:40.137880,Zippererstraße U,17,348425
2025-09-15T01:55:40.137880,Zippererstraße U,17,348134
2025-09-15T01:55:40.137880,Zippererstraße U,17,348071
2025-09-15T01:55:40.137880,Zippererstraße U,17,348521
2025-09-15T01:55:40.137880,Zippererstraße U,17,348995
2025-09-15T01:55:40.137880,Zippererstraße U,17,348800
2025-09-15T01:55:40.137880,Hetzendorf S,10,345062
2025-09-15T01:55:40.137880,Hetzendorf S,10,345829
2025-09-15T01:55:40.137880,Hetzendorf S,10,346310
2025-09-15T01:55:40.137880,Hetzendorf S,10,346801
2025-09-15T01:55:40.137880,Hetzendorf S,10,346781
2025-09-15T01:55:40.137880,Hetzendorf S,10,347311
2025-09-15T01:55:40.137880,Hetzendorf S,10,347619
2025-09-15T01:55:40.137880,Hetzendorf S,10,348437
2025-09-15T01:55:40.137880,Hetzendorf S,10,348342
2025-09-15T01:55:40.137880,Hetzendorf S,10,349022
2025-09-15T01:55:40.137880,Gatterhölzl,4,346639
2025-09-15T01:55:40.137880,Gatterhölzl,4,346604
2025-09-15T01:55:40.137880,Gatterhölzl,4,347125
2025-09-15T01:55:40.137880,Gatterhölzl,4,347636
2025-09-15T01:55:40.137880,Speising S,2,345500
2025-09-15T01:55:40.137880,Speising S,2,347698
2025-09-15T01:55:40.137880,Hasnerstraße / Hofferplatz,3,346348
2025-09-15T01:55:40.137880,Hasnerstraße / Hofferplatz,3,346007
2025-09-15T01:55:40.137880,Hasnerstraße / Hofferplatz,3,347767
2025-09-15T01:55:40.137880,Nietzscheplatz,5,345493
2025-09-15T01:55:40.137880,Nietzscheplatz,5,345428
2025-09-15T01:55:40.137880,Nietzscheplatz,5,346943
2025-09-15T01:55:40.137880,Nietzscheplatz,5,346668
2025-09-15T01:55:40.137880,Nietzscheplatz,5,347004
2025-09-15T01:55:40.137880,Wattgasse,10,345981
2025-09-15T01:55:40.137880,Wattgasse,10,345975
2025-09-15T01:55:40.137880,Wattgasse,10,345973
2025-09-15T01:55:40.137880,Wattgasse,10,345747
2025-09-15T01:55:40.137880,Wattgasse,10,346583
2025-09-15T01:55:40.137880,Wattgasse,10,346511
2025-09-15T01:55:40.137880,Wattgasse,10,347157
2025-09-15T01:55:40.137880,Wattgasse,10,347948
2025-09-15T01:55:40.137880,Wattgasse,10,347754
2025-09-15T01:55:40.137880,Wattgasse,10,348083
2025-09-15T01:55:40.137880,Oberdöbling S,10,345000
2025-09-15T01:55:40.137880,Oberdöbling S,10,345667
2025-09-15T01:55:40.137880,Oberdöbling S,10,346251
2025-09-15T01:55:40.137880,Oberdöbling S,10,346858
2025-09-15T01:55:40.137880,Oberdöbling S,10,347607
2025-09-15T01:55:40.137880,Oberdöbling S,10,348294
2025-09-15T01:55:40.137880,Oberdöbling S,10,348079
2025-09-15T01:55:40.137880,Oberdöbling S,10,348548
2025-09-15T01:55:40.137880,Oberdöbling S,10,348917
2025-09-15T01:55:40.137880,Oberdöbling S,10,348846
2025-09-15T01:55:40.137880,Kantnergasse,12,345641
2025-09-15T01:55:40.137880,Kantnergasse,12,347326
2025-09-15T01:55:40.137880,Kantnergasse,12,347613
2025-09-15T01:55:40.137880,Kantnergasse,12,348354
2025-09-15T01:55:40.137880,Kantnergasse,12,348125
2025-09-15T01:55:40.137880,Kantnergasse,12,348680
2025-09-15T01:55:40.137880,Kantnergasse,12,348664
2025-09-15T01:55:40.137880,Kantnergasse,12,348630
2025-09-15T01:55:40.137880,Kantnergasse,12,348592
2025-09-15T01:55:40.137880,Kantnergasse,12,349113
2025-09-15T01:55:40.137880,Kantnergasse,12,349088
2025-09-15T01:55:40.137880,Kantnergasse,12,348838
2025-09-15T01:55:40.137880,Josef-Baumann-Gasse,27,345355
2025-09-15T01:55:40.137880,Josef-Baumann-Gasse,27,345186
2025-09-15T01:55:40.137880,Josef-Baumann-Gasse,27,345627
2025-09-15T01:55:40.137880,Josef-Baumann-Gasse,27,345608
2025-09-15T01:55:40.137880,Josef-Baumann-Gasse,27,345574
2025-09-15T01:55:40.137880,Josef-Baumann-Gasse,27,345517
2025-09-15T01:55:40.137880,Josef-Baumann-Gasse,27,346447
2025-09-15T01:55:40.137880,Josef-Baumann-Gasse,27,346372
2025-09-15T01:55:40.137880,Josef-Baumann-Gasse,27,346329
2025-09-15T01:55:40.137880,Josef-Baumann-Gasse,27,346140
2025-09-15T01:55:40.137880,Josef-Baumann-Gasse,27,346055
2025-09-15T01:55:40.137880,Josef-Baumann-Gasse,27,346901
2025-09-15T01:55:40.137880,Josef-Baumann-Gasse,27,346893
2025-09-15T01:55:40.137880,Josef-Baumann-Gasse,27,346519
2025-09-15T01:55:40.137880,Josef-Baumann-Gasse,27,347455
2025-09-15T01:55:40.137880,Josef-Baumann-Gasse,27,347073
2025-09-15T01:55:40.137880,Josef-Baumann-Gasse,27,347070
2025-09-15T01:55:40.137880,Josef-Baumann-Gasse,27,347052
2025-09-15T01:55:40.137880,Josef-Baumann-Gasse,27,347003
2025-09-15T01:55:40.137880,Josef-Baumann-Gasse,27,347970
2025-09-15T01:55:40.137880,Josef-Baumann-Gasse,27,347925
2025-09-15T01:55:40.137880,Josef-Baumann-Gasse,27,347866
2025-09-15T01:55:40.137880,Josef-Baumann-Gasse,27,347711
2025-09-15T01:55:40.137880,Josef-Baumann-Gasse,27,348407
2025-09-15T01:55:40.137880,Josef-Baumann-Gasse,27,348226
2025-09-15T01:55:40.137880,Josef-Baumann-Gasse,27,348090
2025-09-15T01:55:40.137880,Josef-Baumann-Gasse,27,348546
2025-09-15T01:55:40.137880,Fultonstraße,12,345441
2025-09-15T01:55:40.137880,Fultonstraße,12,345196
2025-09-15T01:55:40.137880,Fultonstraße,12,345657
2025-09-15T01:55:40.137880,Fultonstraße,12,346678
2025-09-15T01:55:40.137880,Fultonstraße,12,346581
2025-09-15T01:55:40.137880,Fultonstraße,12,347039
2025-09-15T01:55:40.137880,Fultonstraße,12,347883
2025-09-15T01:55:40.137880,Fultonstraße,12,347822
2025-09-15T01:55:40.137880,Fultonstraße,12,347779
2025-09-15T01:55:40.137880,Fultonstraße,12,348214
2025-09-15T01:55:40.137880,Fultonstraße,12,348582
2025-09-15T01:55:40.137880,Fultonstraße,12,348870
2025-09-15T01:55:40.137880,Hopfengasse,2,347715
2025-09-15T01:55:40.137880,Hopfengasse,2,349131
2025-09-15T01:55:40.137880,Jedlesee / Bellgasse,15,345046
2025-09-15T01:55:40.137880,Jedlesee / Bellgasse,15,345939
2025-09-15T01:55:40.137880,Jedlesee / Bellgasse,15,346255
2025-09-15T01:55:40.137880,Jedlesee / Bellgasse,15,346070
2025-09-15T01:55:40.137880,Jedlesee / Bellgasse,15,346010
2025-09-15T01:55:40.137880,Jedlesee / Bellgasse,15,347482
2025-09-15T01:55:40.137880,Jedlesee / Bellgasse,15,347373
2025-09-15T01:55:40.137880,Jedlesee / Bellgasse,15,347339
2025-09-15T01:55:40.137880,Jedlesee / Bellgasse,15,347337
2025-09-15T01:55:40.137880,Jedlesee / Bellgasse,15,347197
2025-09-15T01:55:40.137880,Jedlesee / Bellgasse,15,347917
2025-09-15T01:55:40.137880,Jedlesee / Bellgasse,15,347798
2025-09-15T01:55:40.137880,Jedlesee / Bellgasse,15,347753
2025-09-15T01:55:40.137880,Jedlesee / Bellgasse,15,347659
2025-09-15T01:55:40.137880,Jedlesee / Bellgasse,15,398725
2025-09-15T01:55:40.137880,Jedleseer Friedhof,2,346743
2025-09-15T01:55:40.137880,Jedleseer Friedhof,2,346659
2025-09-15T01:55:40.137880,Strebersdorf / Edmund-Hawranek-Platz,12,345681
2025-09-15T01:55:40.137880,Strebersdorf / Edmund-Hawranek-Platz,12,345577
2025-09-15T01:55:40.137880,Strebersdorf / Edmund-Hawranek-Platz,12,346188
2025-09-15T01:55:40.137880,Strebersdorf / Edmund-Hawranek-Platz,12,346800
2025-09-15T01:55:40.137880,Strebersdorf / Edmund-Hawranek-Platz,12,346684
2025-09-15T01:55:40.137880,Strebersdorf / Edmund-Hawranek-Platz,12,347428
2025-09-15T01:55:40.137880,Strebersdorf / Edmund-Hawranek-Platz,12,347256
2025-09-15T01:55:40.137880,Strebersdorf / Edmund-Hawranek-Platz,12,347047
2025-09-15T01:55:40.137880,Strebersdorf / Edmund-Hawranek-Platz,12,347639
2025-09-15T01:55:40.137880,Strebersdorf / Edmund-Hawranek-Platz,12,347560
2025-09-15T01:55:40.137880,Strebersdorf / Edmund-Hawranek-Platz,12,348417
2025-09-15T01:55:40.137880,Strebersdorf / Edmund-Hawranek-Platz,12,349190
2025-09-15T01:55:40.137880,Kagraner Anger,6,345183
2025-09-15T01:55:40.137880,Kagraner Anger,6,345652
2025-09-15T01:55:40.137880,Kagraner Anger,6,346794
2025-09-15T01:55:40.137880,Kagraner Anger,6,347839
2025-09-15T01:55:40.137880,Kagraner Anger,6,348605
2025-09-15T01:55:40.137880,Kagraner Anger,6,348974
2025-09-15T01:55:40.137880,Stavangergasse,7,345955
2025-09-15T01:55:40.137880,Stavangergasse,7,346037
2025-09-15T01:55:40.137880,Stavangergasse,7,347174
2025-09-15T01:55:40.137880,Stavangergasse,7,347060
2025-09-15T01:55:40.137880,Stavangergasse,7,348560
2025-09-15T01:55:40.137880,Stavangergasse,7,348516
2025-09-15T01:55:40.137880,Stavangergasse,7,349143
2025-09-15T01:55:40.137880,Hans-Steger-Gasse,10,345252
2025-09-15T01:55:40.137880,Hans-Steger-Gasse,10,346347
2025-09-15T01:55:40.137880,Hans-Steger-Gasse,10,346613
2025-09-15T01:55:40.137880,Hans-Steger-Gasse,10,347961
2025-09-15T01:55:40.137880,Hans-Steger-Gasse,10,347949
2025-09-15T01:55:40.137880,Hans-Steger-Gasse,10,347559
2025-09-15T01:55:40.137880,Hans-Steger-Gasse,10,348336
2025-09-15T01:55:40.137880,Hans-Steger-Gasse,10,348154
2025-09-15T01:55:40.137880,Hans-Steger-Gasse,10,348677
2025-09-15T01:55:40.137880,Hans-Steger-Gasse,10,349061
2025-09-15T01:55:40.137880,Hirschstetten S,5,345468
2025-09-15T01:55:40.137880,Hirschstetten S,5,346485
2025-09-15T01:55:40.137880,Hirschstetten S,5,346151
2025-09-15T01:55:40.137880,Hirschstetten S,5,346020
2025-09-15T01:55:40.137880,Hirschstetten S,5,347292
2025-09-15T01:55:40.137880,Atzgersdorf S,7,345397
2025-09-15T01:55:40.137880,Atzgersdorf S,7,346227
2025-09-15T01:55:40.137880,Atzgersdorf S,7,346638
2025-09-15T01:55:40.137880,Atzgersdorf S,7,346610
2025-09-15T01:55:40.137880,Atzgersdorf S,7,346507
2025-09-15T01:55:40.137880,Atzgersdorf S,7,347471
2025-09-15T01:55:40.137880,Atzgersdorf S,7,348647
2025-09-15T01:55:40.137880,Siebenhirten U,12,345978
2025-09-15T01:55:40.137880,Siebenhirten U,12,345877
2025-09-15T01:55:40.137880,Siebenhirten U,12,345806
2025-09-15T01:55:40.137880,Siebenhirten U,12,345602
2025-09-15T01:55:40.137880,Siebenhirten U,12,346973
2025-09-15T01:55:40.137880,Siebenhirten U,12,346758
2025-09-15T01:55:40.137880,Siebenhirten U,12,346755
2025-09-15T01:55:40.137880,Siebenhirten U,12,347827
2025-09-15T01:55:40.137880,Siebenhirten U,12,347627
2025-09-15T01:55:40.137880,Siebenhirten U,12,347531
2025-09-15T01:55:40.137880,Siebenhirten U,12,348207
2025-09-15T01:55:40.137880,Siebenhirten U,12,348523
2025-09-15T01:55:40.137880,Erlaaer Straße U,7,345782
2025-09-15T01:55:40.137880,Erlaaer Straße U,7,345599
2025-09-15T01:55:40.137880,Erlaaer Straße U,7,346068
2025-09-15T01:55:40.137880,Erlaaer Straße U,7,347269
2025-09-15T01:55:40.137880,Erlaaer Straße U,7,347640
2025-09-15T01:55:40.137880,Erlaaer Straße U,7,347571
2025-09-15T01:55:40.137880,Erlaaer Straße U,7,348196
2025-09-15T01:55:40.137880,Perfektastraße U,9,346066
2025-09-15T01:55:40.137880,Perfektastraße U,9,346016
2025-09-15T01:55:40.137880,Perfektastraße U,9,346986
2025-09-15T01:55:40.137880,Perfektastraße U,9,346776
2025-09-15T01:55:40.137880,Perfektastraße U,9,347840
2025-09-15T01:55:40.137880,Perfektastraße U,9,348432
2025-09-15T01:55:40.137880,Perfektastraße U,9,348178
2025-09-15T01:55:40.137880,Perfektastraße U,9,348927
2025-09-15T01:55:40.137880,Perfektastraße U,9,349204
2025-09-15T01:55:40.137880,Praterstern Ausstellungsstraße,16,345433
2025-09-15T01:55:40.137880,Praterstern Ausstellungsstraße,16,345041
2025-09-15T01:55:40.137880,Praterstern Ausstellungsstraße,16,345858
2025-09-15T01:55:40.137880,Praterstern Ausstellungsstraße,16,345647
2025-09-15T01:55:40.137880,Praterstern Ausstellungsstraße,16,345515
2025-09-15T01:55:40.137880,Praterstern Ausstellungsstraße,16,346467
2025-09-15T01:55:40.137880,Praterstern Ausstellungsstraße,16,346453
2025-09-15T01:55:40.137880,Praterstern Ausstellungsstraße,16,346118
2025-09-15T01:55:40.137880,Praterstern Ausstellungsstraße,16,346645
2025-09-15T01:55:40.137880,Praterstern Ausstellungsstraße,16,347300
2025-09-15T01:55:40.137880,Praterstern Ausstellungsstraße,16,347508
2025-09-15T01:55:40.137880,Praterstern Ausstellungsstraße,16,348348
2025-09-15T01:55:40.137880,Praterstern Ausstellungsstraße,16,348567
2025-09-15T01:55:40.137880,Praterstern Ausstellungsstraße,16,349069
2025-09-15T01:55:40.137880,Praterstern Ausstellungsstraße,16,349052
2025-09-15T01:55:40.137880,Praterstern Ausstellungsstraße,16,348932
2025-09-15T01:55:40.137880,Muthgasse,15,346409
2025-09-15T01:55:40.137880,Muthgasse,15,346137
2025-09-15T01:55:40.137880,Muthgasse,15,346734
2025-09-15T01:55:40.137880,Muthgasse,15,347462
2025-09-15T01:55:40.137880,Muthgasse,15,347314
2025-09-15T01:55:40.137880,Muthgasse,15,347189
2025-09-15T01:55:40.137880,Muthgasse,15,347830
2025-09-15T01:55:40.137880,Muthgasse,15,347590
2025-09-15T01:55:40.137880,Muthgasse,15,347521
2025-09-15T01:55:40.137880,Muthgasse,15,348396
2025-09-15T01:55:40.137880,Muthgasse,15,348301
2025-09-15T01:55:40.137880,Muthgasse,15,348297
2025-09-15T01:55:40.137880,Muthgasse,15,348022
2025-09-15T01:55:40.137880,Muthgasse,15,348706
2025-09-15T01:55:40.137880,Muthgasse,15,348678
2025-09-15T01:55:40.137880,Liesing S,22,345356
2025-09-15T01:55:40.137880,Liesing S,22,345349
2025-09-15T01:55:40.137880,Liesing S,22,345344
2025-09-15T01:55:40.137880,Liesing S,22,345937
2025-09-15T01:55:40.137880,Liesing S,22,345828
2025-09-15T01:55:40.137880,Liesing S,22,345736
2025-09-15T01:55:40.137880,Liesing S,22,345648
2025-09-15T01:55:40.137880,Liesing S,22,346746
2025-09-15T01:55:40.137880,Liesing S,22,346725
2025-09-15T01:55:40.137880,Liesing S,22,346567
2025-09-15T01:55:40.137880,Liesing S,22,347211
2025-09-15T01:55:40.137880,Liesing S,22,347077
2025-09-15T01:55:40.137880,Liesing S,22,347013
2025-09-15T01:55:40.137880,Liesing S,22,347760
2025-09-15T01:55:40.137880,Liesing S,22,348487
2025-09-15T01:55:40.137880,Liesing S,22,348248
2025-09-15T01:55:40.137880,Liesing S,22,348155
2025-09-15T01:55:40.137880,Liesing S,22,348107
2025-09-15T01:55:40.137880,Liesing S,22,348691
2025-09-15T01:55:40.137880,Liesing S,22,348644
2025-09-15T01:55:40.137880,Liesing S,22,349104
2025-09-15T01:55:40.137880,Liesing S,22,349195
2025-09-15T01:55:40.137880,Aspern Nord S U,11,345404
2025-09-15T01:55:40.137880,Aspern Nord S U,11,345245
2025-09-15T01:55:40.137880,Aspern Nord S U,11,345698
2025-09-15T01:55:40.137880,Aspern Nord S U,11,345562
2025-09-15T01:55:40.137880,Aspern Nord S U,11,346489
2025-09-15T01:55:40.137880,Aspern Nord S U,11,346322
2025-09-15T01:55:40.137880,Aspern Nord S U,11,346311
2025-09-15T01:55:40.137880,Aspern Nord S U,11,346103
2025-09-15T01:55:40.137880,Aspern Nord S U,11,347132
2025-09-15T01:55:40.137880,Aspern Nord S U,11,347743
2025-09-15T01:55:40.137880,Aspern Nord S U,11,348017
2025-09-15T01:55:40.137880,Seepark,8,345279
2025-09-15T01:55:40.137880,Seepark,8,346492
2025-09-15T01:55:40.137880,Seepark,8,347407
2025-09-15T01:55:40.137880,Seepark,8,347183
2025-09-15T01:55:40.137880,Seepark,8,347828
2025-09-15T01:55:40.137880,Seepark,8,347769
2025-09-15T01:55:40.137880,Seepark,8,347762
2025-09-15T01:55:40.137880,Seepark,8,348611
2025-09-15T01:55:40.137880,Seestadt U,8,345304
2025-09-15T01:55:40.137880,Seestadt U,8,345823
2025-09-15T01:55:40.137880,Seestadt U,8,346312
2025-09-15T01:55:40.137880,Seestadt U,8,346720
2025-09-15T01:55:40.137880,Seestadt U,8,347774
2025-09-15T01:55:40.137880,Seestadt U,8,348278
2025-09-15T01:55:40.137880,Seestadt U,8,348003
2025-09-15T01:55:40.137880,Seestadt U,8,348579
2025-09-15T01:55:40.137880,Schwedenplatz,32,345348
2025-09-15T01:55:40.137880,Schwedenplatz,32,345292
2025-09-15T01:55:40.137880,Schwedenplatz,32,345135
2025-09-15T01:55:40.137880,Schwedenplatz,32,345077
2025-09-15T01:55:40.137880,Schwedenplatz,32,345869
2025-09-15T01:55:40.137880,Schwedenplatz,32,345771
2025-09-15T01:55:40.137880,Schwedenplatz,32,345710
2025-09-15T01:55:40.137880,Schwedenplatz,32,345529
2025-09-15T01:55:40.137880,Schwedenplatz,32,346340
2025-09-15T01:55:40.137880,Schwedenplatz,32,346612
2025-09-15T01:55:40.137880,Schwedenplatz,32,346596
2025-09-15T01:55:40.137880,Schwedenplatz,32,346549
2025-09-15T01:55:40.137880,Schwedenplatz,32,347385
2025-09-15T01:55:40.137880,Schwedenplatz,32,347382
2025-09-15T01:55:40.137880,Schwedenplatz,32,347315
2025-09-15T01:55:40.137880,Schwedenplatz,32,347313
2025-09-15T01:55:40.137880,Schwedenplatz,32,347257
2025-09-15T01:55:40.137880,Schwedenplatz,32,347224
2025-09-15T01:55:40.137880,Schwedenplatz,32,347074
2025-09-15T01:55:40.137880,Schwedenplatz,32,347669
2025-09-15T01:55:40.137880,Schwedenplatz,32,347655
2025-09-15T01:55:40.137880,Schwedenplatz,32,347518
2025-09-15T01:55:40.137880,Schwedenplatz,32,348466
2025-09-15T01:55:40.137880,Schwedenplatz,32,348274
2025-09-15T01:55:40.137880,Schwedenplatz,32,348227
2025-09-15T01:55:40.137880,Schwedenplatz,32,348135
2025-09-15T01:55:40.137880,Schwedenplatz,32,348131
2025-09-15T01:55:40.137880,Schwedenplatz,32,348035
2025-09-15T01:55:40.137880,Schwedenplatz,32,398728
2025-09-15T01:55:40.137880,Schwedenplatz,32,349091
2025-09-15T01:55:40.137880,Schwedenplatz,32,348890
2025-09-15T01:55:40.137880,Schwedenplatz,32,349164
2025-09-15T01:55:40.137880,Waldmüllerpark,1,346685
2025-09-15T01:55:40.137880,Landstraße - Wien Mitte S U,3,346308
2025-09-15T01:55:40.137880,Landstraße - Wien Mitte S U,3,347333
2025-09-15T01:55:40.137880,Landstraße - Wien Mitte S U,3,347323
2025-09-15T01:55:40.137880,Praterstern S U,83,345416
2025-09-15T01:55:40.137880,Praterstern S U,83,345303
2025-09-15T01:55:40.137880,Praterstern S U,83,345281
2025-09-15T01:55:40.137880,Praterstern S U,83,345145
2025-09-15T01:55:40.137880,Praterstern S U,83,345123
2025-09-15T01:55:40.137880,Praterstern S U,83,345010
2025-09-15T01:55:40.137880,Praterstern S U,83,345007
2025-09-15T01:55:40.137880,Praterstern S U,83,345930
2025-09-15T01:55:40.137880,Praterstern S U,83,345916
2025-09-15T01:55:40.137880,Praterstern S U,83,345792
2025-09-15T01:55:40.137880,Praterstern S U,83,345775
2025-09-15T01:55:40.137880,Praterstern S U,83,345720
2025-09-15T01:55:40.137880,Praterstern S U,83,345699
2025-09-15T01:55:40.137880,Praterstern S U,83,345689
2025-09-15T01:55:40.137880,Praterstern S U,83,345680
2025-09-15T01:55:40.137880,Praterstern S U,83,345670
2025-09-15T01:55:40.137880,Praterstern S U,83,345666
2025-09-15T01:55:40.137880,Praterstern S U,83,345601
2025-09-15T01:55:40.137880,Praterstern S U,83,345569
2025-09-15T01:55:40.137880,Praterstern S U,83,345533
2025-09-15T01:55:40.137880,Praterstern S U,83,346478
2025-09-15T01:55:40.137880,Praterstern S U,83,346369
2025-09-15T01:55:40.137880,Praterstern S U,83,346299
2025-09-15T01:55:40.137880,Praterstern S U,83,346283
2025-09-15T01:55:40.137880,Praterstern S U,83,346228
2025-09-15T01:55:40.137880,Praterstern S U,83,346201
2025-09-15T01:55:40.137880,Praterstern S U,83,346119
2025-09-15T01:55:40.137880,Praterstern S U,83,346117
2025-09-15T01:55:40.137880,Praterstern S U,83,346083
2025-09-15T01:55:40.137880,Praterstern S U,83,346924
2025-09-15T01:55:40.137880,Praterstern S U,83,346892
2025-09-15T01:55:40.137880,Praterstern S U,83,346873
2025-09-15T01:55:40.137880,Praterstern S U,83,346860
2025-09-15T01:55:40.137880,Praterstern S U,83,346788
2025-09-15T01:55:40.137880,Praterstern S U,83,346766
2025-09-15T01:55:40.137880,Praterstern S U,83,346550
2025-09-15T01:55:40.137880,Praterstern S U,83,347470
2025-09-15T01:55:40.137880,Praterstern S U,83,347442
2025-09-15T01:55:40.137880,Praterstern S U,83,347411
2025-09-15T01:55:40.137880,Praterstern S U,83,347324
2025-09-15T01:55:40.137880,Praterstern S U,83,347283
2025-09-15T01:55:40.137880,Praterstern S U,83,347268
2025-09-15T01:55:40.137880,Praterstern S U,83,347212
2025-09-15T01:55:40.137880,Praterstern S U,83,347206
2025-09-15T01:55:40.137880,Praterstern S U,83,347187
2025-09-15T01:55:40.137880,Praterstern S U,83,347119
2025-09-15T01:55:40.137880,Praterstern S U,83,347105
2025-09-15T01:55:40.137880,Praterstern S U,83,347078
2025-09-15T01:55:40.137880,Praterstern S U,83,347985
2025-09-15T01:55:40.137880,Praterstern S U,83,347966
2025-09-15T01:55:40.137880,Praterstern S U,83,347963
2025-09-15T01:55:40.137880,Praterstern S U,83,347931
2025-09-15T01:55:40.137880,Praterstern S U,83,347908
2025-09-15T01:55:40.137880,Praterstern S U,83,347860
2025-09-15T01:55:40.137880,Praterstern S U,83,347857
2025-09-15T01:55:40.137880,Praterstern S U,83,347850
2025-09-15T01:55:40.137880,Praterstern S U,83,347820
2025-09-15T01:55:40.137880,Praterstern S U,83,347777
2025-09-15T01:55:40.137880,Praterstern S U,83,347654
2025-09-15T01:55:40.137880,Praterstern S U,83,347652
2025-09-15T01:55:40.137880,Praterstern S U,83,347644
2025-09-15T01:55:40.137880,Praterstern S U,83,347616
2025-09-15T01:55:40.137880,Praterstern S U,83,347611
2025-09-15T01:55:40.137880,Praterstern S U,83,347586
2025-09-15T01:55:40.137880,Praterstern S U,83,347572
2025-09-15T01:55:40.137880,Praterstern S U,83,348494
2025-09-15T01:55:40.137880,Praterstern S U,83,348467
2025-09-15T01:55:40.137880,Praterstern S U,83,348312
2025-09-15T01:55:40.137880,Praterstern S U,83,348298
2025-09-15T01:55:40.137880,Praterstern S U,83,348265
2025-09-15T01:55:40.137880,Praterstern S U,83,348250
2025-09-15T01:55:40.137880,Praterstern S U,83,348070
2025-09-15T01:55:40.137880,Praterstern S U,83,348057
2025-09-15T01:55:40.137880,Praterstern S U,83,348687
2025-09-15T01:55:40.137880,Praterstern S U,83,348591
2025-09-15T01:55:40.137880,Praterstern S U,83,348547
2025-09-15T01:55:40.137880,Praterstern S U,83,348530
2025-09-15T01:55:40.137880,Praterstern S U,83,398740
2025-09-15T01:55:40.137880,Praterstern S U,83,348860
2025-09-15T01:55:40.137880,Praterstern S U,83,348848
2025-09-15T01:55:40.137880,Praterstern S U,83,348817
2025-09-15T01:55:40.137880,Praterstern S U,83,349201
2025-09-15T01:55:40.137880,Praterstern S U,83,349141
2025-09-15T01:55:40.137880,Rustengasse,24,345894
2025-09-15T01:55:40.137880,Rustengasse,24,345524
2025-09-15T01:55:40.137880,Rustengasse,24,346248
2025-09-15T01:55:40.137880,Rustengasse,24,346093
2025-09-15T01:55:40.137880,Rustengasse,24,346043
2025-09-15T01:55:40.137880,Rustengasse,24,346946
2025-09-15T01:55:40.137880,Rustengasse,24,346928
2025-09-15T01:55:40.137880,Rustengasse,24,346899
2025-09-15T01:55:40.137880,Rustengasse,24,346802
2025-09-15T01:55:40.137880,Rustengasse,24,346793
2025-09-15T01:55:40.137880,Rustengasse,24,346716
2025-09-15T01:55:40.137880,Rustengasse,24,346523
2025-09-15T01:55:40.137880,Rustengasse,24,347478
2025-09-15T01:55:40.137880,Rustengasse,24,347347
2025-09-15T01:55:40.137880,Rustengasse,24,347080
2025-09-15T01:55:40.137880,Rustengasse,24,347523
2025-09-15T01:55:40.137880,Rustengasse,24,348480
2025-09-15T01:55:40.137880,Rustengasse,24,348275
2025-09-15T01:55:40.137880,Rustengasse,24,348215
2025-09-15T01:55:40.137880,Rustengasse,24,348009
2025-09-15T01:55:40.137880,Rustengasse,24,348685
2025-09-15T01:55:40.137880,Rustengasse,24,348666
2025-09-15T01:55:40.137880,Rustengasse,24,348585
2025-09-15T01:55:40.137880,Rustengasse,24,348556
2025-09-15T01:55:40.137880,Heiligenstadt S U,14,345247
2025-09-15T01:55:40.137880,Heiligenstadt S U,14,345233
2025-09-15T01:55:40.137880,Heiligenstadt S U,14,345615
2025-09-15T01:55:40.137880,Heiligenstadt S U,14,346207
2025-09-15T01:55:40.137880,Heiligenstadt S U,14,346190
2025-09-15T01:55:40.137880,Heiligenstadt S U,14,346747
2025-09-15T01:55:40.137880,Heiligenstadt S U,14,346617
2025-09-15T01:55:40.137880,Heiligenstadt S U,14,346517
2025-09-15T01:55:40.137880,Heiligenstadt S U,14,347412
2025-09-15T01:55:40.137880,Heiligenstadt S U,14,347384
2025-09-15T01:55:40.137880,Heiligenstadt S U,14,347736
2025-09-15T01:55:40.137880,Heiligenstadt S U,14,348390
2025-09-15T01:55:40.137880,Heiligenstadt S U,14,348163
2025-09-15T01:55:40.137880,Heiligenstadt S U,14,348024
2025-09-15T01:55:40.137880,Hütteldorf  S U,39,345409
2025-09-15T01:55:40.137880,Hütteldorf  S U,39,345331
2025-09-15T01:55:40.137880,Hütteldorf  S U,39,345107
2025-09-15T01:55:40.137880,Hütteldorf  S U,39,345886
2025-09-15T01:55:40.137880,Hütteldorf  S U,39,345783
2025-09-15T01:55:40.137880,Hütteldorf  S U,39,345556
2025-09-15T01:55:40.137880,Hütteldorf  S U,39,345552
2025-09-15T01:55:40.137880,Hütteldorf  S U,39,346420
2025-09-15T01:55:40.137880,Hütteldorf  S U,39,346400
2025-09-15T01:55:40.137880,Hütteldorf  S U,39,346370
2025-09-15T01:55:40.137880,Hütteldorf  S U,39,346326
2025-09-15T01:55:40.137880,Hütteldorf  S U,39,346305
2025-09-15T01:55:40.137880,Hütteldorf  S U,39,346223
2025-09-15T01:55:40.137880,Hütteldorf  S U,39,346212
2025-09-15T01:55:40.137880,Hütteldorf  S U,39,346109
2025-09-15T01:55:40.137880,Hütteldorf  S U,39,346106
2025-09-15T01:55:40.137880,Hütteldorf  S U,39,346848
2025-09-15T01:55:40.137880,Hütteldorf  S U,39,346804
2025-09-15T01:55:40.137880,Hütteldorf  S U,39,346763
2025-09-15T01:55:40.137880,Hütteldorf  S U,39,346630
2025-09-15T01:55:40.137880,Hütteldorf  S U,39,346578
2025-09-15T01:55:40.137880,Hütteldorf  S U,39,346564
2025-09-15T01:55:40.137880,Hütteldorf  S U,39,347199
2025-09-15T01:55:40.137880,Hütteldorf  S U,39,347155
2025-09-15T01:55:40.137880,Hütteldorf  S U,39,347043
2025-09-15T01:55:40.137880,Hütteldorf  S U,39,347034
2025-09-15T01:55:40.137880,Hütteldorf  S U,39,347993
2025-09-15T01:55:40.137880,Hütteldorf  S U,39,347935
2025-09-15T01:55:40.137880,Hütteldorf  S U,39,347900
2025-09-15T01:55:40.137880,Hütteldorf  S U,39,347614
2025-09-15T01:55:40.137880,Hütteldorf  S U,39,347504
2025-09-15T01:55:40.137880,Hütteldorf  S U,39,348327
2025-09-15T01:55:40.137880,Hütteldorf  S U,39,348311
2025-09-15T01:55:40.137880,Hütteldorf  S U,39,348101
2025-09-15T01:55:40.137880,Hütteldorf  S U,39,348695
2025-09-15T01:55:40.137880,Hütteldorf  S U,39,348663
2025-09-15T01:55:40.137880,Hütteldorf  S U,39,348642
2025-09-15T01:55:40.137880,Hütteldorf  S U,39,348586
2025-09-15T01:55:40.137880,Hütteldorf  S U,39,398729
2025-09-15T01:55:40.137880,Rathaus U,19,345371
2025-09-15T01:55:40.137880,Rathaus U,19,345173
2025-09-15T01:55:40.137880,Rathaus U,19,345922
2025-09-15T01:55:40.137880,Rathaus U,19,345819
2025-09-15T01:55:40.137880,Rathaus U,19,345702
2025-09-15T01:55:40.137880,Rathaus U,19,345678
2025-09-15T01:55:40.137880,Rathaus U,19,346376
2025-09-15T01:55:40.137880,Rathaus U,19,346245
2025-09-15T01:55:40.137880,Rathaus U,19,347307
2025-09-15T01:55:40.137880,Rathaus U,19,347968
2025-09-15T01:55:40.137880,Rathaus U,19,347693
2025-09-15T01:55:40.137880,Rathaus U,19,347550
2025-09-15T01:55:40.137880,Rathaus U,19,348378
2025-09-15T01:55:40.137880,Rathaus U,19,348346
2025-09-15T01:55:40.137880,Rathaus U,19,348246
2025-09-15T01:55:40.137880,Rathaus U,19,348159
2025-09-15T01:55:40.137880,Rathaus U,19,398733
2025-09-15T01:55:40.137880,Rathaus U,19,348976
2025-09-15T01:55:40.137880,Rathaus U,19,348871
2025-09-15T01:55:40.137880,Hans-Mandl-Berufsschule,2,346597
2025-09-15T01:55:40.137880,Hans-Mandl-Berufsschule,2,347255
2025-09-15T01:55:40.137880,Dänenstraße / BOKU,4,346373
2025-09-15T01:55:40.137880,Dänenstraße / BOKU,4,346357
2025-09-15T01:55:40.137880,Dänenstraße / BOKU,4,346270
2025-09-15T01:55:40.137880,Dänenstraße / BOKU,4,347794
2025-09-15T01:55:40.137880,Schloss Schönbrunn,42,345439
2025-09-15T01:55:40.137880,Schloss Schönbrunn,42,345411
2025-09-15T01:55:40.137880,Schloss Schönbrunn,42,345219
2025-09-15T01:55:40.137880,Schloss Schönbrunn,42,345218
2025-09-15T01:55:40.137880,Schloss Schönbrunn,42,345185
2025-09-15T01:55:40.137880,Schloss Schönbrunn,42,345988
2025-09-15T01:55:40.137880,Schloss Schönbrunn,42,345928
2025-09-15T01:55:40.137880,Schloss Schönbrunn,42,345834
2025-09-15T01:55:40.137880,Schloss Schönbrunn,42,345824
2025-09-15T01:55:40.137880,Schloss Schönbrunn,42,345780
2025-09-15T01:55:40.137880,Schloss Schönbrunn,42,345718
2025-09-15T01:55:40.137880,Schloss Schönbrunn,42,345586
2025-09-15T01:55:40.137880,Schloss Schönbrunn,42,346450
2025-09-15T01:55:40.137880,Schloss Schönbrunn,42,346448
2025-09-15T01:55:40.137880,Schloss Schönbrunn,42,346379
2025-09-15T01:55:40.137880,Schloss Schönbrunn,42,346970
2025-09-15T01:55:40.137880,Schloss Schönbrunn,42,346772
2025-09-15T01:55:40.137880,Schloss Schönbrunn,42,346692
2025-09-15T01:55:40.137880,Schloss Schönbrunn,42,346654
2025-09-15T01:55:40.137880,Schloss Schönbrunn,42,346598
2025-09-15T01:55:40.137880,Schloss Schönbrunn,42,346548
2025-09-15T01:55:40.137880,Schloss Schönbrunn,42,346527
2025-09-15T01:55:40.137880,Schloss Schönbrunn,42,347389
2025-09-15T01:55:40.137880,Schloss Schönbrunn,42,347386
2025-09-15T01:55:40.137880,Schloss Schönbrunn,42,347322
2025-09-15T01:55:40.137880,Schloss Schönbrunn,42,347133
2025-09-15T01:55:40.137880,Schloss Schönbrunn,42,347898
2025-09-15T01:55:40.137880,Schloss Schönbrunn,42,347716
2025-09-15T01:55:40.137880,Schloss Schönbrunn,42,347686
2025-09-15T01:55:40.137880,Schloss Schönbrunn,42,347632
2025-09-15T01:55:40.137880,Schloss Schönbrunn,42,348473
2025-09-15T01:55:40.137880,Schloss Schönbrunn,42,348428
2025-09-15T01:55:40.137880,Schloss Schönbrunn,42,348388
2025-09-15T01:55:40.137880,Schloss Schönbrunn,42,348205
2025-09-15T01:55:40.137880,Schloss Schönbrunn,42,348200
2025-09-15T01:55:40.137880,Schloss Schönbrunn,42,348166
2025-09-15T01:55:40.137880,Schloss Schönbrunn,42,348117
2025-09-15T01:55:40.137880,Schloss Schönbrunn,42,348702
2025-09-15T01:55:40.137880,Schloss Schönbrunn,42,348684
2025-09-15T01:55:40.137880,Schloss Schönbrunn,42,348668
2025-09-15T01:55:40.137880,Schloss Schönbrunn,42,348614
2025-09-15T01:55:40.137880,Schloss Schönbrunn,42,398763
2025-09-15T01:55:40.137880,Eslarngasse / Juchgasse,14,345314
2025-09-15T01:55:40.137880,Eslarngasse / Juchgasse,14,345130
2025-09-15T01:55:40.137880,Eslarngasse / Juchgasse,14,345994
2025-09-15T01:55:40.137880,Eslarngasse / Juchgasse,14,346360
2025-09-15T01:55:40.137880,Eslarngasse / Juchgasse,14,346229
2025-09-15T01:55:40.137880,Eslarngasse / Juchgasse,14,346827
2025-09-15T01:55:40.137880,Eslarngasse / Juchgasse,14,346584
2025-09-15T01:55:40.137880,Eslarngasse / Juchgasse,14,347024
2025-09-15T01:55:40.137880,Eslarngasse / Juchgasse,14,347816
2025-09-15T01:55:40.137880,Eslarngasse / Juchgasse,14,347815
2025-09-15T01:55:40.137880,Eslarngasse / Juchgasse,14,348228
2025-09-15T01:55:40.137880,Eslarngasse / Juchgasse,14,348600
2025-09-15T01:55:40.137880,Eslarngasse / Juchgasse,14,398727
2025-09-15T01:55:40.137880,Eslarngasse / Juchgasse,14,398724
2025-09-15T01:55:40.137880,Plößlgasse / Belvedere,9,346278
2025-09-15T01:55:40.137880,Plößlgasse / Belvedere,9,347413
2025-09-15T01:55:40.137880,Plößlgasse / Belvedere,9,347362
2025-09-15T01:55:40.137880,Plößlgasse / Belvedere,9,347296
2025-09-15T01:55:40.137880,Plößlgasse / Belvedere,9,347115
2025-09-15T01:55:40.137880,Plößlgasse / Belvedere,9,347676
2025-09-15T01:55:40.137880,Plößlgasse / Belvedere,9,348320
2025-09-15T01:55:40.137880,Plößlgasse / Belvedere,9,348266
2025-09-15T01:55:40.137880,Plößlgasse / Belvedere,9,348263
2025-09-15T01:55:40.137880,Sankt-Elisabeth-Platz,7,345329
2025-09-15T01:55:40.137880,Sankt-Elisabeth-Platz,7,345772
2025-09-15T01:55:40.137880,Sankt-Elisabeth-Platz,7,345619
2025-09-15T01:55:40.137880,Sankt-Elisabeth-Platz,7,346067
2025-09-15T01:55:40.137880,Sankt-Elisabeth-Platz,7,346955
2025-09-15T01:55:40.137880,Sankt-Elisabeth-Platz,7,347763
2025-09-15T01:55:40.137880,Sankt-Elisabeth-Platz,7,347701
2025-09-15T01:55:40.137880,Laudongasse / Schönbornpark,7,345659
2025-09-15T01:55:40.137880,Laudongasse / Schönbornpark,7,346673
2025-09-15T01:55:40.137880,Laudongasse / Schönbornpark,7,346671
2025-09-15T01:55:40.137880,Laudongasse / Schönbornpark,7,346522
2025-09-15T01:55:40.137880,Laudongasse / Schönbornpark,7,347489
2025-09-15T01:55:40.137880,Laudongasse / Schönbornpark,7,347395
2025-09-15T01:55:40.137880,Laudongasse / Schönbornpark,7,348832
2025-09-15T01:55:40.137880,Rossauer Lände U,8,345749
2025-09-15T01:55:40.137880,Rossauer Lände U,8,346417
2025-09-15T01:55:40.137880,Rossauer Lände U,8,346416
2025-09-15T01:55:40.137880,Rossauer Lände U,8,346025
2025-09-15T01:55:40.137880,Rossauer Lände U,8,347008
2025-09-15T01:55:40.137880,Rossauer Lände U,8,347502
2025-09-15T01:55:40.137880,Rossauer Lände U,8,348369
2025-09-15T01:55:40.137880,Rossauer Lände U,8,348869
2025-09-15T01:55:40.137880,Lazarettgasse,21,345216
2025-09-15T01:55:40.137880,Lazarettgasse,21,345885
2025-09-15T01:55:40.137880,Lazarettgasse,21,345779
2025-09-15T01:55:40.137880,Lazarettgasse,21,346440
2025-09-15T01:55:40.137880,Lazarettgasse,21,346290
2025-09-15T01:55:40.137880,Lazarettgasse,21,346241
2025-09-15T01:55:40.137880,Lazarettgasse,21,346905
2025-09-15T01:55:40.137880,Lazarettgasse,21,346879
2025-09-15T01:55:40.137880,Lazarettgasse,21,346857
2025-09-15T01:55:40.137880,Lazarettgasse,21,346846
2025-09-15T01:55:40.137880,Lazarettgasse,21,346730
2025-09-15T01:55:40.137880,Lazarettgasse,21,346606
2025-09-15T01:55:40.137880,Lazarettgasse,21,347274
2025-09-15T01:55:40.137880,Lazarettgasse,21,347184
2025-09-15T01:55:40.137880,Lazarettgasse,21,347795
2025-09-15T01:55:40.137880,Lazarettgasse,21,347540
2025-09-15T01:55:40.137880,Lazarettgasse,21,348285
2025-09-15T01:55:40.137880,Lazarettgasse,21,348051
2025-09-15T01:55:40.137880,Lazarettgasse,21,348681
2025-09-15T01:55:40.137880,Lazarettgasse,21,348653
2025-09-15T01:55:40.137880,Lazarettgasse,21,348831
2025-09-15T01:55:40.137880,Edelsinnstraße,6,345682
2025-09-15T01:55:40.137880,Edelsinnstraße,6,345617
2025-09-15T01:55:40.137880,Edelsinnstraße,6,346874
2025-09-15T01:55:40.137880,Edelsinnstraße,6,347365
2025-09-15T01:55:40.137880,Edelsinnstraße,6,347787
2025-09-15T01:55:40.137880,Edelsinnstraße,6,349107
2025-09-15T01:55:40.137880,Amerlingstraße,4,345295
2025-09-15T01:55:40.137880,Amerlingstraße,4,345153
2025-09-15T01:55:40.137880,Amerlingstraße,4,347642
2025-09-15T01:55:40.137880,Amerlingstraße,4,348963
2025-09-15T01:55:40.137880,Albertgasse,2,346424
2025-09-15T01:55:40.137880,Albertgasse,2,346742
2025-09-15T01:55:40.137880,Universitätsring,23,345302
2025-09-15T01:55:40.137880,Universitätsring,23,345262
2025-09-15T01:55:40.137880,Universitätsring,23,345228
2025-09-15T01:55:40.137880,Universitätsring,23,345095
2025-09-15T01:55:40.137880,Universitätsring,23,345992
2025-09-15T01:55:40.137880,Universitätsring,23,345723
2025-09-15T01:55:40.137880,Universitätsring,23,345603
2025-09-15T01:55:40.137880,Universitätsring,23,345576
2025-09-15T01:55:40.137880,Universitätsring,23,346263
2025-09-15T01:55:40.137880,Universitätsring,23,346206
2025-09-15T01:55:40.137880,Universitätsring,23,346952
2025-09-15T01:55:40.137880,Universitätsring,23,346932
2025-09-15T01:55:40.137880,Universitätsring,23,346698
2025-09-15T01:55:40.137880,Universitätsring,23,346588
2025-09-15T01:55:40.137880,Universitätsring,23,346509
2025-09-15T01:55:40.137880,Universitätsring,23,347316
2025-09-15T01:55:40.137880,Universitätsring,23,347082
2025-09-15T01:55:40.137880,Universitätsring,23,347995
2025-09-15T01:55:40.137880,Universitätsring,23,347882
2025-09-15T01:55:40.137880,Universitätsring,23,347837
2025-09-15T01:55:40.137880,Universitätsring,23,348315
2025-09-15T01:55:40.137880,Universitätsring,23,348676
2025-09-15T01:55:40.137880,Universitätsring,23,348674
2025-09-15T01:55:40.137880,Herrengasse U,15,345139
2025-09-15T01:55:40.137880,Herrengasse U,15,345114
2025-09-15T01:55:40.137880,Herrengasse U,15,345920
2025-09-15T01:55:40.137880,Herrengasse U,15,345797
2025-09-15T01:55:40.137880,Herrengasse U,15,346238
2025-09-15T01:55:40.137880,Herrengasse U,15,346951
2025-09-15T01:55:40.137880,Herrengasse U,15,346944
2025-09-15T01:55:40.137880,Herrengasse U,15,346853
2025-09-15T01:55:40.137880,Herrengasse U,15,346836
2025-09-15T01:55:40.137880,Herrengasse U,15,346808
2025-09-15T01:55:40.137880,Herrengasse U,15,347130
2025-09-15T01:55:40.137880,Herrengasse U,15,347095
2025-09-15T01:55:40.137880,Herrengasse U,15,347037
2025-09-15T01:55:40.137880,Herrengasse U,15,348197
2025-09-15T01:55:40.137880,Herrengasse U,15,398715
2025-09-15T01:55:40.137880,Sensengasse,12,345432
2025-09-15T01:55:40.137880,Sensengasse,12,345366
2025-09-15T01:55:40.137880,Sensengasse,12,345213
2025-09-15T01:55:40.137880,Sensengasse,12,345686
2025-09-15T01:55:40.137880,Sensengasse,12,345646
2025-09-15T01:55:40.137880,Sensengasse,12,346038
2025-09-15T01:55:40.137880,Sensengasse,12,346700
2025-09-15T01:55:40.137880,Sensengasse,12,347305
2025-09-15T01:55:40.137880,Sensengasse,12,347301
2025-09-15T01:55:40.137880,Sensengasse,12,347964
2025-09-15T01:55:40.137880,Sensengasse,12,347849
2025-09-15T01:55:40.137880,Sensengasse,12,347782
2025-09-15T01:55:40.137880,Belgradplatz,20,345499
2025-09-15T01:55:40.137880,Belgradplatz,20,345448
2025-09-15T01:55:40.137880,Belgradplatz,20,345419
2025-09-15T01:55:40.137880,Belgradplatz,20,345346
2025-09-15T01:55:40.137880,Belgradplatz,20,345016
2025-09-15T01:55:40.137880,Belgradplatz,20,345570
2025-09-15T01:55:40.137880,Belgradplatz,20,346294
2025-09-15T01:55:40.137880,Belgradplatz,20,346225
2025-09-15T01:55:40.137880,Belgradplatz,20,346888
2025-09-15T01:55:40.137880,Belgradplatz,20,346867
2025-09-15T01:55:40.137880,Belgradplatz,20,346631
2025-09-15T01:55:40.137880,Belgradplatz,20,346529
2025-09-15T01:55:40.137880,Belgradplatz,20,347479
2025-09-15T01:55:40.137880,Belgradplatz,20,347161
2025-09-15T01:55:40.137880,Belgradplatz,20,348381
2025-09-15T01:55:40.137880,Belgradplatz,20,348231
2025-09-15T01:55:40.137880,Belgradplatz,20,348165
2025-09-15T01:55:40.137880,Belgradplatz,20,348033
2025-09-15T01:55:40.137880,Belgradplatz,20,348002
2025-09-15T01:55:40.137880,Belgradplatz,20,348555
2025-09-15T01:55:40.137880,Rathausplatz / Burgtheater,10,345402
2025-09-15T01:55:40.137880,Rathausplatz / Burgtheater,10,345555
2025-09-15T01:55:40.137880,Rathausplatz / Burgtheater,10,345509
2025-09-15T01:55:40.137880,Rathausplatz / Burgtheater,10,346104
2025-09-15T01:55:40.137880,Rathausplatz / Burgtheater,10,346508
2025-09-15T01:55:40.137880,Rathausplatz / Burgtheater,10,347287
2025-09-15T01:55:40.137880,Rathausplatz / Burgtheater,10,347124
2025-09-15T01:55:40.137880,Rathausplatz / Burgtheater,10,347784
2025-09-15T01:55:40.137880,Rathausplatz / Burgtheater,10,348514
2025-09-15T01:55:40.137880,Rathausplatz / Burgtheater,10,398739
2025-09-15T01:55:40.137880,Arbeitergasse - Gürtel,26,345270
2025-09-15T01:55:40.137880,Arbeitergasse - Gürtel,26,345263
2025-09-15T01:55:40.137880,Arbeitergasse - Gürtel,26,345124
2025-09-15T01:55:40.137880,Arbeitergasse - Gürtel,26,345070
2025-09-15T01:55:40.137880,Arbeitergasse - Gürtel,26,345838
2025-09-15T01:55:40.137880,Arbeitergasse - Gürtel,26,345695
2025-09-15T01:55:40.137880,Arbeitergasse - Gürtel,26,345613
2025-09-15T01:55:40.137880,Arbeitergasse - Gürtel,26,345612
2025-09-15T01:55:40.137880,Arbeitergasse - Gürtel,26,346494
2025-09-15T01:55:40.137880,Arbeitergasse - Gürtel,26,346433
2025-09-15T01:55:40.137880,Arbeitergasse - Gürtel,26,346314
2025-09-15T01:55:40.137880,Arbeitergasse - Gürtel,26,346249
2025-09-15T01:55:40.137880,Arbeitergasse - Gürtel,26,346110
2025-09-15T01:55:40.137880,Arbeitergasse - Gürtel,26,346959
2025-09-15T01:55:40.137880,Arbeitergasse - Gürtel,26,346941
2025-09-15T01:55:40.137880,Arbeitergasse - Gürtel,26,346855
2025-09-15T01:55:40.137880,Arbeitergasse - Gürtel,26,346587
2025-09-15T01:55:40.137880,Arbeitergasse - Gürtel,26,346577
2025-09-15T01:55:40.137880,Arbeitergasse - Gürtel,26,347473
2025-09-15T01:55:40.137880,Arbeitergasse - Gürtel,26,347259
2025-09-15T01:55:40.137880,Arbeitergasse - Gürtel,26,347242
2025-09-15T01:55:40.137880,Arbeitergasse - Gürtel,26,347016
2025-09-15T01:55:40.137880,Arbeitergasse - Gürtel,26,348497
2025-09-15T01:55:40.137880,Arbeitergasse - Gürtel,26,348386
2025-09-15T01:55:40.137880,Arbeitergasse - Gürtel,26,348356
2025-09-15T01:55:40.137880,Arbeitergasse - Gürtel,26,348234
2025-09-15T01:55:40.137880,Bauernfeldplatz / Palais Lichtenstein,26,345423
2025-09-15T01:55:40.137880,Bauernfeldplatz / Palais Lichtenstein,26,345405
2025-09-15T01:55:40.137880,Bauernfeldplatz / Palais Lichtenstein,26,345197
2025-09-15T01:55:40.137880,Bauernfeldplatz / Palais Lichtenstein,26,345088
2025-09-15T01:55:40.137880,Bauernfeldplatz / Palais Lichtenstein,26,345086
2025-09-15T01:55:40.137880,Bauernfeldplatz / Palais Lichtenstein,26,345962
2025-09-15T01:55:40.137880,Bauernfeldplatz / Palais Lichtenstein,26,345904
2025-09-15T01:55:40.137880,Bauernfeldplatz / Palais Lichtenstein,26,345754
2025-09-15T01:55:40.137880,Bauernfeldplatz / Palais Lichtenstein,26,346477
2025-09-15T01:55:40.137880,Bauernfeldplatz / Palais Lichtenstein,26,346465
2025-09-15T01:55:40.137880,Bauernfeldplatz / Palais Lichtenstein,26,346078
2025-09-15T01:55:40.137880,Bauernfeldplatz / Palais Lichtenstein,26,346977
2025-09-15T01:55:40.137880,Bauernfeldplatz / Palais Lichtenstein,26,346935
2025-09-15T01:55:40.137880,Bauernfeldplatz / Palais Lichtenstein,26,346679
2025-09-15T01:55:40.137880,Bauernfeldplatz / Palais Lichtenstein,26,347440
2025-09-15T01:55:40.137880,Bauernfeldplatz / Palais Lichtenstein,26,347394
2025-09-15T01:55:40.137880,Bauernfeldplatz / Palais Lichtenstein,26,347934
2025-09-15T01:55:40.137880,Bauernfeldplatz / Palais Lichtenstein,26,347909
2025-09-15T01:55:40.137880,Bauernfeldplatz / Palais Lichtenstein,26,347865
2025-09-15T01:55:40.137880,Bauernfeldplatz / Palais Lichtenstein,26,347808
2025-09-15T01:55:40.137880,Bauernfeldplatz / Palais Lichtenstein,26,347684
2025-09-15T01:55:40.137880,Bauernfeldplatz / Palais Lichtenstein,26,347618
2025-09-15T01:55:40.137880,Bauernfeldplatz / Palais Lichtenstein,26,348140
2025-09-15T01:55:40.137880,Bauernfeldplatz / Palais Lichtenstein,26,348088
2025-09-15T01:55:40.137880,Bauernfeldplatz / Palais Lichtenstein,26,348574
2025-09-15T01:55:40.137880,Bauernfeldplatz / Palais Lichtenstein,26,348904
2025-09-15T01:55:40.137880,Johannesgasse / Stadtpark,27,345184
2025-09-15T01:55:40.137880,Johannesgasse / Stadtpark,27,345178
2025-09-15T01:55:40.137880,Johannesgasse / Stadtpark,27,345143
2025-09-15T01:55:40.137880,Johannesgasse / Stadtpark,27,345018
2025-09-15T01:55:40.137880,Johannesgasse / Stadtpark,27,345012
2025-09-15T01:55:40.137880,Johannesgasse / Stadtpark,27,345888
2025-09-15T01:55:40.137880,Johannesgasse / Stadtpark,27,345561
2025-09-15T01:55:40.137880,Johannesgasse / Stadtpark,27,346323
2025-09-15T01:55:40.137880,Johannesgasse / Stadtpark,27,346276
2025-09-15T01:55:40.137880,Johannesgasse / Stadtpark,27,346092
2025-09-15T01:55:40.137880,Johannesgasse / Stadtpark,27,346880
2025-09-15T01:55:40.137880,Johannesgasse / Stadtpark,27,346828
2025-09-15T01:55:40.137880,Johannesgasse / Stadtpark,27,347467
2025-09-15T01:55:40.137880,Johannesgasse / Stadtpark,27,347439
2025-09-15T01:55:40.137880,Johannesgasse / Stadtpark,27,347234
2025-09-15T01:55:40.137880,Johannesgasse / Stadtpark,27,347145
2025-09-15T01:55:40.137880,Johannesgasse / Stadtpark,27,347135
2025-09-15T01:55:40.137880,Johannesgasse / Stadtpark,27,347127
2025-09-15T01:55:40.137880,Johannesgasse / Stadtpark,27,347916
2025-09-15T01:55:40.137880,Johannesgasse / Stadtpark,27,347912
2025-09-15T01:55:40.137880,Johannesgasse / Stadtpark,27,347877
2025-09-15T01:55:40.137880,Johannesgasse / Stadtpark,27,347668
2025-09-15T01:55:40.137880,Johannesgasse / Stadtpark,27,347650
2025-09-15T01:55:40.137880,Johannesgasse / Stadtpark,27,347596
2025-09-15T01:55:40.137880,Johannesgasse / Stadtpark,27,348181
2025-09-15T01:55:40.137880,Johannesgasse / Stadtpark,27,348015
2025-09-15T01:55:40.137880,Johannesgasse / Stadtpark,27,348597
2025-09-15T01:55:40.137880,Bischof-Faber-Platz,1,349036
2025-09-15T01:55:40.137880,Am Schöpfwerk U,4,347459
2025-09-15T01:55:40.137880,Am Schöpfwerk U,4,347261
2025-09-15T01:55:40.137880,Am Schöpfwerk U,4,347223
2025-09-15T01:55:40.137880,Am Schöpfwerk U,4,347600
2025-09-15T01:55:40.137880,Alserbachstraße,9,345347
2025-09-15T01:55:40.137880,Alserbachstraße,9,345768
2025-09-15T01:55:40.137880,Alserbachstraße,9,346080
2025-09-15T01:55:40.137880,Alserbachstraße,9,346555
2025-09-15T01:55:40.137880,Alserbachstraße,9,347781
2025-09-15T01:55:40.137880,Alserbachstraße,9,347738
2025-09-15T01:55:40.137880,Alserbachstraße,9,348571
2025-09-15T01:55:40.137880,Alserbachstraße,9,349064
2025-09-15T01:55:40.137880,Alserbachstraße,9,349163
2025-09-15T01:55:40.137880,Petrusgasse,11,345177
2025-09-15T01:55:40.137880,Petrusgasse,11,345060
2025-09-15T01:55:40.137880,Petrusgasse,11,345550
2025-09-15T01:55:40.137880,Petrusgasse,11,346136
2025-09-15T01:55:40.137880,Petrusgasse,11,347466
2025-09-15T01:55:40.137880,Petrusgasse,11,347141
2025-09-15T01:55:40.137880,Petrusgasse,11,347888
2025-09-15T01:55:40.137880,Petrusgasse,11,347875
2025-09-15T01:55:40.137880,Petrusgasse,11,348252
2025-09-15T01:55:40.137880,Petrusgasse,11,348016
2025-09-15T01:55:40.137880,Petrusgasse,11,348549
2025-09-15T01:55:40.137880,Wassergasse,32,345192
2025-09-15T01:55:40.137880,Wassergasse,32,345128
2025-09-15T01:55:40.137880,Wassergasse,32,345954
2025-09-15T01:55:40.137880,Wassergasse,32,345840
2025-09-15T01:55:40.137880,Wassergasse,32,345593
2025-09-15T01:55:40.137880,Wassergasse,32,345587
2025-09-15T01:55:40.137880,Wassergasse,32,346480
2025-09-15T01:55:40.137880,Wassergasse,32,346149
2025-09-15T01:55:40.137880,Wassergasse,32,346100
2025-09-15T01:55:40.137880,Wassergasse,32,346076
2025-09-15T01:55:40.137880,Wassergasse,32,346071
2025-09-15T01:55:40.137880,Wassergasse,32,346993
2025-09-15T01:55:40.137880,Wassergasse,32,346990
2025-09-15T01:55:40.137880,Wassergasse,32,346978
2025-09-15T01:55:40.137880,Wassergasse,32,346813
2025-09-15T01:55:40.137880,Wassergasse,32,346706
2025-09-15T01:55:40.137880,Wassergasse,32,346561
2025-09-15T01:55:40.137880,Wassergasse,32,347446
2025-09-15T01:55:40.137880,Wassergasse,32,347103
2025-09-15T01:55:40.137880,Wassergasse,32,347089
2025-09-15T01:55:40.137880,Wassergasse,32,347035
2025-09-15T01:55:40.137880,Wassergasse,32,347002
2025-09-15T01:55:40.137880,Wassergasse,32,347942
2025-09-15T01:55:40.137880,Wassergasse,32,347933
2025-09-15T01:55:40.137880,Wassergasse,32,347610
2025-09-15T01:55:40.137880,Wassergasse,32,348465
2025-09-15T01:55:40.137880,Wassergasse,32,348443
2025-09-15T01:55:40.137880,Wassergasse,32,348313
2025-09-15T01:55:40.137880,Wassergasse,32,348143
2025-09-15T01:55:40.137880,Wassergasse,32,348067
2025-09-15T01:55:40.137880,Wassergasse,32,348632
2025-09-15T01:55:40.137880,Wassergasse,32,348610
2025-09-15T01:55:40.137880,Löwengasse,20,345616
2025-09-15T01:55:40.137880,Löwengasse,20,345532
2025-09-15T01:55:40.137880,Löwengasse,20,346441
2025-09-15T01:55:40.137880,Löwengasse,20,346199
2025-09-15T01:55:40.137880,Löwengasse,20,346843
2025-09-15T01:55:40.137880,Löwengasse,20,346663
2025-09-15T01:55:40.137880,Löwengasse,20,346646
2025-09-15T01:55:40.137880,Löwengasse,20,346571
2025-09-15T01:55:40.137880,Löwengasse,20,347404
2025-09-15T01:55:40.137880,Löwengasse,20,347156
2025-09-15T01:55:40.137880,Löwengasse,20,347996
2025-09-15T01:55:40.137880,Löwengasse,20,347927
2025-09-15T01:55:40.137880,Löwengasse,20,347911
2025-09-15T01:55:40.137880,Löwengasse,20,347868
2025-09-15T01:55:40.137880,Löwengasse,20,347598
2025-09-15T01:55:40.137880,Löwengasse,20,348286
2025-09-15T01:55:40.137880,Löwengasse,20,348261
2025-09-15T01:55:40.137880,Löwengasse,20,348243
2025-09-15T01:55:40.137880,Löwengasse,20,349026
2025-09-15T01:55:40.137880,Löwengasse,20,348935
2025-09-15T01:55:40.137880,Kardinal-Nagl-Platz U,17,345474
2025-09-15T01:55:40.137880,Kardinal-Nagl-Platz U,17,345454
2025-09-15T01:55:40.137880,Kardinal-Nagl-Platz U,17,345040
2025-09-15T01:55:40.137880,Kardinal-Nagl-Platz U,17,345760
2025-09-15T01:55:40.137880,Kardinal-Nagl-Platz U,17,346459
2025-09-15T01:55:40.137880,Kardinal-Nagl-Platz U,17,346052
2025-09-15T01:55:40.137880,Kardinal-Nagl-Platz U,17,347379
2025-09-15T01:55:40.137880,Kardinal-Nagl-Platz U,17,347376
2025-09-15T01:55:40.137880,Kardinal-Nagl-Platz U,17,347786
2025-09-15T01:55:40.137880,Kardinal-Nagl-Platz U,17,347584
2025-09-15T01:55:40.137880,Kardinal-Nagl-Platz U,17,347580
2025-09-15T01:55:40.137880,Kardinal-Nagl-Platz U,17,348349
2025-09-15T01:55:40.137880,Kardinal-Nagl-Platz U,17,348344
2025-09-15T01:55:40.137880,Kardinal-Nagl-Platz U,17,348118
2025-09-15T01:55:40.137880,Kardinal-Nagl-Platz U,17,348561
2025-09-15T01:55:40.137880,Kardinal-Nagl-Platz U,17,398748
2025-09-15T01:55:40.137880,Kardinal-Nagl-Platz U,17,348862
2025-09-15T01:55:40.137880,Kärntner Ring,10,345453
2025-09-15T01:55:40.137880,Kärntner Ring,10,346288
2025-09-15T01:55:40.137880,Kärntner Ring,10,346060
2025-09-15T01:55:40.137880,Kärntner Ring,10,346868
2025-09-15T01:55:40.137880,Kärntner Ring,10,346602
2025-09-15T01:55:40.137880,Kärntner Ring,10,348391
2025-09-15T01:55:40.137880,Kärntner Ring,10,348235
2025-09-15T01:55:40.137880,Kärntner Ring,10,348598
2025-09-15T01:55:40.137880,Kärntner Ring,10,349050
2025-09-15T01:55:40.137880,Kärntner Ring,10,349158
2025-09-15T01:55:40.137880,Schottenring U,42,345484
2025-09-15T01:55:40.137880,Schottenring U,42,345224
2025-09-15T01:55:40.137880,Schottenring U,42,345201
2025-09-15T01:55:40.137880,Schottenring U,42,345190
2025-09-15T01:55:40.137880,Schottenring U,42,345149
2025-09-15T01:55:40.137880,Schottenring U,42,345958
2025-09-15T01:55:40.137880,Schottenring U,42,345831
2025-09-15T01:55:40.137880,Schottenring U,42,345744
2025-09-15T01:55:40.137880,Schottenring U,42,345733
2025-09-15T01:55:40.137880,Schottenring U,42,345722
2025-09-15T01:55:40.137880,Schottenring U,42,345656
2025-09-15T01:55:40.137880,Schottenring U,42,346321
2025-09-15T01:55:40.137880,Schottenring U,42,346265
2025-09-15T01:55:40.137880,Schottenring U,42,346257
2025-09-15T01:55:40.137880,Schottenring U,42,346202
2025-09-15T01:55:40.137880,Schottenring U,42,346063
2025-09-15T01:55:40.137880,Schottenring U,42,346004
2025-09-15T01:55:40.137880,Schottenring U,42,346003
2025-09-15T01:55:40.137880,Schottenring U,42,346960
2025-09-15T01:55:40.137880,Schottenring U,42,346948
2025-09-15T01:55:40.137880,Schottenring U,42,346931
2025-09-15T01:55:40.137880,Schottenring U,42,346835
2025-09-15T01:55:40.137880,Schottenring U,42,346757
2025-09-15T01:55:40.137880,Schottenring U,42,346735
2025-09-15T01:55:40.137880,Schottenring U,42,346699
2025-09-15T01:55:40.137880,Schottenring U,42,346660
2025-09-15T01:55:40.137880,Schottenring U,42,346532
2025-09-15T01:55:40.137880,Schottenring U,42,347420
2025-09-15T01:55:40.137880,Schottenring U,42,347221
2025-09-15T01:55:40.137880,Schottenring U,42,347042
2025-09-15T01:55:40.137880,Schottenring U,42,347028
2025-09-15T01:55:40.137880,Schottenring U,42,347752
2025-09-15T01:55:40.137880,Schottenring U,42,347742
2025-09-15T01:55:40.137880,Schottenring U,42,347653
2025-09-15T01:55:40.137880,Schottenring U,42,347634
2025-09-15T01:55:40.137880,Schottenring U,42,347507
2025-09-15T01:55:40.137880,Schottenring U,42,348244
2025-09-15T01:55:40.137880,Schottenring U,42,348094
2025-09-15T01:55:40.137880,Schottenring U,42,348060
2025-09-15T01:55:40.137880,Schottenring U,42,348049
2025-09-15T01:55:40.137880,Schottenring U,42,348536
2025-09-15T01:55:40.137880,Schottenring U,42,398757
2025-09-15T01:55:40.137880,Strozzigasse,3,345035
2025-09-15T01:55:40.137880,Strozzigasse,3,345990
2025-09-15T01:55:40.137880,Strozzigasse,3,347057
2025-09-15T01:55:40.137880,Yppengasse,4,347330
2025-09-15T01:55:40.137880,Yppengasse,4,348413
2025-09-15T01:55:40.137880,Yppengasse,4,348323
2025-09-15T01:55:40.137880,Yppengasse,4,348109
2025-09-15T01:55:40.137880,Stefan-Fadinger-Platz,2,348990
2025-09-15T01:55:40.137880,Stefan-Fadinger-Platz,2,349138
2025-09-15T01:55:40.137880,Brünnlbadgasse,11,345726
2025-09-15T01:55:40.137880,Brünnlbadgasse,11,345690
2025-09-15T01:55:40.137880,Brünnlbadgasse,11,345525
2025-09-15T01:55:40.137880,Brünnlbadgasse,11,346226
2025-09-15T01:55:40.137880,Brünnlbadgasse,11,346094
2025-09-15T01:55:40.137880,Brünnlbadgasse,11,346032
2025-09-15T01:55:40.137880,Brünnlbadgasse,11,347448
2025-09-15T01:55:40.137880,Brünnlbadgasse,11,347390
2025-09-15T01:55:40.137880,Brünnlbadgasse,11,347997
2025-09-15T01:55:40.137880,Brünnlbadgasse,11,348692
2025-09-15T01:55:40.137880,Brünnlbadgasse,11,348583
2025-09-15T01:55:40.137880,Obere Augartenstraße,36,345376
2025-09-15T01:55:40.137880,Obere Augartenstraße,36,345257
2025-09-15T01:55:40.137880,Obere Augartenstraße,36,345098
2025-09-15T01:55:40.137880,Obere Augartenstraße,36,345092
2025-09-15T01:55:40.137880,Obere Augartenstraße,36,345900
2025-09-15T01:55:40.137880,Obere Augartenstraße,36,345724
2025-09-15T01:55:40.137880,Obere Augartenstraße,36,345693
2025-09-15T01:55:40.137880,Obere Augartenstraße,36,345688
2025-09-15T01:55:40.137880,Obere Augartenstraße,36,346488
2025-09-15T01:55:40.137880,Obere Augartenstraße,36,346269
2025-09-15T01:55:40.137880,Obere Augartenstraße,36,346187
2025-09-15T01:55:40.137880,Obere Augartenstraße,36,346047
2025-09-15T01:55:40.137880,Obere Augartenstraße,36,346916
2025-09-15T01:55:40.137880,Obere Augartenstraße,36,346859
2025-09-15T01:55:40.137880,Obere Augartenstraße,36,346824
2025-09-15T01:55:40.137880,Obere Augartenstraße,36,346647
2025-09-15T01:55:40.137880,Obere Augartenstraße,36,347458
2025-09-15T01:55:40.137880,Obere Augartenstraße,36,347388
2025-09-15T01:55:40.137880,Obere Augartenstraße,36,347258
2025-09-15T01:55:40.137880,Obere Augartenstraße,36,347229
2025-09-15T01:55:40.137880,Obere Augartenstraße,36,347120
2025-09-15T01:55:40.137880,Obere Augartenstraße,36,347096
2025-09-15T01:55:40.137880,Obere Augartenstraße,36,347084
2025-09-15T01:55:40.137880,Obere Augartenstraße,36,347048
2025-09-15T01:55:40.137880,Obere Augartenstraße,36,347021
2025-09-15T01:55:40.137880,Obere Augartenstraße,36,347847
2025-09-15T01:55:40.137880,Obere Augartenstraße,36,347831
2025-09-15T01:55:40.137880,Obere Augartenstraße,36,347825
2025-09-15T01:55:40.137880,Obere Augartenstraße,36,347751
2025-09-15T01:55:40.137880,Obere Augartenstraße,36,347529
2025-09-15T01:55:40.137880,Obere Augartenstraße,36,348441
2025-09-15T01:55:40.137880,Obere Augartenstraße,36,348279
2025-09-15T01:55:40.137880,Obere Augartenstraße,36,348007
2025-09-15T01:55:40.137880,Obere Augartenstraße,36,348648
2025-09-15T01:55:40.137880,Obere Augartenstraße,36,398717
2025-09-15T01:55:40.137880,Obere Augartenstraße,36,349002
2025-09-15T01:55:40.137880,Gußhausstraße / Argentinierstraße,8,345580
2025-09-15T01:55:40.137880,Gußhausstraße / Argentinierstraße,8,346457
2025-09-15T01:55:40.137880,Gußhausstraße / Argentinierstraße,8,346042
2025-09-15T01:55:40.137880,Gußhausstraße / Argentinierstraße,8,347424
2025-09-15T01:55:40.137880,Gußhausstraße / Argentinierstraße,8,347202
2025-09-15T01:55:40.137880,Gußhausstraße / Argentinierstraße,8,347989
2025-09-15T01:55:40.137880,Gußhausstraße / Argentinierstraße,8,348563
2025-09-15T01:55:40.137880,Gußhausstraße / Argentinierstraße,8,398751
2025-09-15T01:55:40.137880,Marschallplatz,9,345471
2025-09-15T01:55:40.137880,Marschallplatz,9,345031
2025-09-15T01:55:40.137880,Marschallplatz,9,345553
2025-09-15T01:55:40.137880,Marschallplatz,9,346350
2025-09-15T01:55:40.137880,Marschallplatz,9,347072
2025-09-15T01:55:40.137880,Marschallplatz,9,347874
2025-09-15T01:55:40.137880,Marschallplatz,9,347841
2025-09-15T01:55:40.137880,Marschallplatz,9,347705
2025-09-15T01:55:40.137880,Marschallplatz,9,348039
2025-09-15T01:55:40.137880,Ober St. Veit U,2,345129
2025-09-15T01:55:40.137880,Ober St. Veit U,2,347645
2025-09-15T01:55:40.137880,Auf der Schmelz,17,345394
2025-09-15T01:55:40.137880,Auf der Schmelz,17,345875
2025-09-15T01:55:40.137880,Auf der Schmelz,17,345787
2025-09-15T01:55:40.137880,Auf der Schmelz,17,345596
2025-09-15T01:55:40.137880,Auf der Schmelz,17,346491
2025-09-15T01:55:40.137880,Auf der Schmelz,17,346152
2025-09-15T01:55:40.137880,Auf der Schmelz,17,346994
2025-09-15T01:55:40.137880,Auf der Schmelz,17,346545
2025-09-15T01:55:40.137880,Auf der Schmelz,17,347452
2025-09-15T01:55:40.137880,Auf der Schmelz,17,347190
2025-09-15T01:55:40.137880,Auf der Schmelz,17,347861
2025-09-15T01:55:40.137880,Auf der Schmelz,17,347761
2025-09-15T01:55:40.137880,Auf der Schmelz,17,348293
2025-09-15T01:55:40.137880,Auf der Schmelz,17,348242
2025-09-15T01:55:40.137880,Auf der Schmelz,17,348082
2025-09-15T01:55:40.137880,Auf der Schmelz,17,348078
2025-09-15T01:55:40.137880,Auf der Schmelz,17,348994
2025-09-15T01:55:40.137880,Grimmgasse,20,345324
2025-09-15T01:55:40.137880,Grimmgasse,20,345136
2025-09-15T01:55:40.137880,Grimmgasse,20,345837
2025-09-15T01:55:40.137880,Grimmgasse,20,345536
2025-09-15T01:55:40.137880,Grimmgasse,20,346256
2025-09-15T01:55:40.137880,Grimmgasse,20,346215
2025-09-15T01:55:40.137880,Grimmgasse,20,346089
2025-09-15T01:55:40.137880,Grimmgasse,20,346956
2025-09-15T01:55:40.137880,Grimmgasse,20,346839
2025-09-15T01:55:40.137880,Grimmgasse,20,346752
2025-09-15T01:55:40.137880,Grimmgasse,20,346733
2025-09-15T01:55:40.137880,Grimmgasse,20,347358
2025-09-15T01:55:40.137880,Grimmgasse,20,347348
2025-09-15T01:55:40.137880,Grimmgasse,20,347209
2025-09-15T01:55:40.137880,Grimmgasse,20,347006
2025-09-15T01:55:40.137880,Grimmgasse,20,347871
2025-09-15T01:55:40.137880,Grimmgasse,20,347740
2025-09-15T01:55:40.137880,Grimmgasse,20,348110
2025-09-15T01:55:40.137880,Grimmgasse,20,348063
2025-09-15T01:55:40.137880,Grimmgasse,20,348554
2025-09-15T01:55:40.137880,Parhamerplatz,2,345377
2025-09-15T01:55:40.137880,Parhamerplatz,2,348287
2025-09-15T01:55:40.137880,Kendlerstraße U,14,345421
2025-09-15T01:55:40.137880,Kendlerstraße U,14,345275
2025-09-15T01:55:40.137880,Kendlerstraße U,14,345194
2025-09-15T01:55:40.137880,Kendlerstraße U,14,345873
2025-09-15T01:55:40.137880,Kendlerstraße U,14,346362
2025-09-15T01:55:40.137880,Kendlerstraße U,14,346084
2025-09-15T01:55:40.137880,Kendlerstraße U,14,346069
2025-09-15T01:55:40.137880,Kendlerstraße U,14,346983
2025-09-15T01:55:40.137880,Kendlerstraße U,14,346696
2025-09-15T01:55:40.137880,Kendlerstraße U,14,346675
2025-09-15T01:55:40.137880,Kendlerstraße U,14,347216
2025-09-15T01:55:40.137880,Kendlerstraße U,14,347631
2025-09-15T01:55:40.137880,Kendlerstraße U,14,348447
2025-09-15T01:55:40.137880,Kendlerstraße U,14,348149
2025-09-15T01:55:40.137880,Dornerplatz,4,347776
2025-09-15T01:55:40.137880,Dornerplatz,4,348077
2025-09-15T01:55:40.137880,Dornerplatz,4,348047
2025-09-15T01:55:40.137880,Dornerplatz,4,348953
2025-09-15T01:55:40.137880,Hernals S,5,345002
2025-09-15T01:55:40.137880,Hernals S,5,346851
2025-09-15T01:55:40.137880,Hernals S,5,347834
2025-09-15T01:55:40.137880,Hernals S,5,348905
2025-09-15T01:55:40.137880,Hernals S,5,349170
2025-09-15T01:55:40.137880,Schmelzbrücke,8,346264
2025-09-15T01:55:40.137880,Schmelzbrücke,8,346938
2025-09-15T01:55:40.137880,Schmelzbrücke,8,346546
2025-09-15T01:55:40.137880,Schmelzbrücke,8,346544
2025-09-15T01:55:40.137880,Schmelzbrücke,8,347994
2025-09-15T01:55:40.137880,Schmelzbrücke,8,347528
2025-09-15T01:55:40.137880,Schmelzbrücke,8,348422
2025-09-15T01:55:40.137880,Schmelzbrücke,8,349083
2025-09-15T01:55:40.137880,Michelbeuern-AKH U,11,345960
2025-09-15T01:55:40.137880,Michelbeuern-AKH U,11,345917
2025-09-15T01:55:40.137880,Michelbeuern-AKH U,11,345793
2025-09-15T01:55:40.137880,Michelbeuern-AKH U,11,345636
2025-09-15T01:55:40.137880,Michelbeuern-AKH U,11,346061
2025-09-15T01:55:40.137880,Michelbeuern-AKH U,11,346014
2025-09-15T01:55:40.137880,Michelbeuern-AKH U,11,346762
2025-09-15T01:55:40.137880,Michelbeuern-AKH U,11,346662
2025-09-15T01:55:40.137880,Michelbeuern-AKH U,11,346609
2025-09-15T01:55:40.137880,Michelbeuern-AKH U,11,348377
2025-09-15T01:55:40.137880,Michelbeuern-AKH U,11,348259
2025-09-15T01:55:40.137880,Johann-Nepomuk-Vogl-Platz,1,346845
2025-09-15T01:55:40.137880,Mayerhofgasse,12,345372
2025-09-15T01:55:40.137880,Mayerhofgasse,12,345362
2025-09-15T01:55:40.137880,Mayerhofgasse,12,346472
2025-09-15T01:55:40.137880,Mayerhofgasse,12,346412
2025-09-15T01:55:40.137880,Mayerhofgasse,12,346344
2025-09-15T01:55:40.137880,Mayerhofgasse,12,346282
2025-09-15T01:55:40.137880,Mayerhofgasse,12,346920
2025-09-15T01:55:40.137880,Mayerhofgasse,12,347836
2025-09-15T01:55:40.137880,Mayerhofgasse,12,347801
2025-09-15T01:55:40.137880,Mayerhofgasse,12,348622
2025-09-15T01:55:40.137880,Mayerhofgasse,12,348539
2025-09-15T01:55:40.137880,Mayerhofgasse,12,398755
2025-09-15T01:55:40.137880,Westbahnstraße / Schottenfeldgasse,11,345230
2025-09-15T01:55:40.137880,Westbahnstraße / Schottenfeldgasse,11,345221
2025-09-15T01:55:40.137880,Westbahnstraße / Schottenfeldgasse,11,346669
2025-09-15T01:55:40.137880,Westbahnstraße / Schottenfeldgasse,11,347922
2025-09-15T01:55:40.137880,Westbahnstraße / Schottenfeldgasse,11,347896
2025-09-15T01:55:40.137880,Westbahnstraße / Schottenfeldgasse,11,347878
2025-09-15T01:55:40.137880,Westbahnstraße / Schottenfeldgasse,11,347862
2025-09-15T01:55:40.137880,Westbahnstraße / Schottenfeldgasse,11,347552
2025-09-15T01:55:40.137880,Westbahnstraße / Schottenfeldgasse,11,348187
2025-09-15T01:55:40.137880,Westbahnstraße / Schottenfeldgasse,11,348934
2025-09-15T01:55:40.137880,Westbahnstraße / Schottenfeldgasse,11,348876
2025-09-15T01:55:40.137880,Vorgartenstraße U,11,345582
2025-09-15T01:55:40.137880,Vorgartenstraße U,11,346499
2025-09-15T01:55:40.137880,Vorgartenstraße U,11,346431
2025-09-15T01:55:40.137880,Vorgartenstraße U,11,346395
2025-09-15T01:55:40.137880,Vorgartenstraße U,11,346352
2025-09-15T01:55:40.137880,Vorgartenstraße U,11,346930
2025-09-15T01:55:40.137880,Vorgartenstraße U,11,346553
2025-09-15T01:55:40.137880,Vorgartenstraße U,11,347343
2025-09-15T01:55:40.137880,Vorgartenstraße U,11,348624
2025-09-15T01:55:40.137880,Vorgartenstraße U,11,349072
2025-09-15T01:55:40.137880,Vorgartenstraße U,11,348803
2025-09-15T01:55:40.137880,Krieau U,34,345489
2025-09-15T01:55:40.137880,Krieau U,34,345449
2025-09-15T01:55:40.137880,Krieau U,34,345374
2025-09-15T01:55:40.137880,Krieau U,34,345354
2025-09-15T01:55:40.137880,Krieau U,34,345195
2025-09-15T01:55:40.137880,Krieau U,34,345777
2025-09-15T01:55:40.137880,Krieau U,34,346368
2025-09-15T01:55:40.137880,Krieau U,34,346260
2025-09-15T01:55:40.137880,Krieau U,34,346842
2025-09-15T01:55:40.137880,Krieau U,34,346622
2025-09-15T01:55:40.137880,Krieau U,34,346614
2025-09-15T01:55:40.137880,Krieau U,34,346540
2025-09-15T01:55:40.137880,Krieau U,34,347436
2025-09-15T01:55:40.137880,Krieau U,34,347319
2025-09-15T01:55:40.137880,Krieau U,34,347232
2025-09-15T01:55:40.137880,Krieau U,34,347210
2025-09-15T01:55:40.137880,Krieau U,34,347170
2025-09-15T01:55:40.137880,Krieau U,34,347938
2025-09-15T01:55:40.137880,Krieau U,34,347879
2025-09-15T01:55:40.137880,Krieau U,34,347687
2025-09-15T01:55:40.137880,Krieau U,34,347663
2025-09-15T01:55:40.137880,Krieau U,34,347570
2025-09-15T01:55:40.137880,Krieau U,34,348426
2025-09-15T01:55:40.137880,Krieau U,34,348194
2025-09-15T01:55:40.137880,Krieau U,34,348148
2025-09-15T01:55:40.137880,Krieau U,34,348137
2025-09-15T01:55:40.137880,Krieau U,34,348133
2025-09-15T01:55:40.137880,Krieau U,34,348112
2025-09-15T01:55:40.137880,Krieau U,34,348061
2025-09-15T01:55:40.137880,Krieau U,34,348606
2025-09-15T01:55:40.137880,Krieau U,34,398744
2025-09-15T01:55:40.137880,Krieau U,34,349092
2025-09-15T01:55:40.137880,Krieau U,34,349045
2025-09-15T01:55:40.137880,Krieau U,34,348824
2025-09-15T01:55:40.137880,Ottakring S U,11,345485
2025-09-15T01:55:40.137880,Ottakring S U,11,345415
2025-09-15T01:55:40.137880,Ottakring S U,11,345721
2025-09-15T01:55:40.137880,Ottakring S U,11,346125
2025-09-15T01:55:40.137880,Ottakring S U,11,346844
2025-09-15T01:55:40.137880,Ottakring S U,11,347472
2025-09-15T01:55:40.137880,Ottakring S U,11,347450
2025-09-15T01:55:40.137880,Ottakring S U,11,347772
2025-09-15T01:55:40.137880,Ottakring S U,11,347713
2025-09-15T01:55:40.137880,Ottakring S U,11,347591
2025-09-15T01:55:40.137880,Ottakring S U,11,347557
2025-09-15T01:55:40.137880,Hartmanngasse ,12,345267
2025-09-15T01:55:40.137880,Hartmanngasse ,12,345175
2025-09-15T01:55:40.137880,Hartmanngasse ,12,345105
2025-09-15T01:55:40.137880,Hartmanngasse ,12,346911
2025-09-15T01:55:40.137880,Hartmanngasse ,12,347792
2025-09-15T01:55:40.137880,Hartmanngasse ,12,347770
2025-09-15T01:55:40.137880,Hartmanngasse ,12,347646
2025-09-15T01:55:40.137880,Hartmanngasse ,12,347576
2025-09-15T01:55:40.137880,Hartmanngasse ,12,348479
2025-09-15T01:55:40.137880,Hartmanngasse ,12,348940
2025-09-15T01:55:40.137880,Hartmanngasse ,12,349178
2025-09-15T01:55:40.137880,Hartmanngasse ,12,349115
2025-09-15T01:55:40.137880,Messe-Prater U,20,345456
2025-09-15T01:55:40.137880,Messe-Prater U,20,345425
2025-09-15T01:55:40.137880,Messe-Prater U,20,345082
2025-09-15T01:55:40.137880,Messe-Prater U,20,345998
2025-09-15T01:55:40.137880,Messe-Prater U,20,346475
2025-09-15T01:55:40.137880,Messe-Prater U,20,346355
2025-09-15T01:55:40.137880,Messe-Prater U,20,346243
2025-09-15T01:55:40.137880,Messe-Prater U,20,346189
2025-09-15T01:55:40.137880,Messe-Prater U,20,346111
2025-09-15T01:55:40.137880,Messe-Prater U,20,346981
2025-09-15T01:55:40.137880,Messe-Prater U,20,346830
2025-09-15T01:55:40.137880,Messe-Prater U,20,347435
2025-09-15T01:55:40.137880,Messe-Prater U,20,347087
2025-09-15T01:55:40.137880,Messe-Prater U,20,347918
2025-09-15T01:55:40.137880,Messe-Prater U,20,347556
2025-09-15T01:55:40.137880,Messe-Prater U,20,347555
2025-09-15T01:55:40.137880,Messe-Prater U,20,348299
2025-09-15T01:55:40.137880,Messe-Prater U,20,348568
2025-09-15T01:55:40.137880,Messe-Prater U,20,349010
2025-09-15T01:55:40.137880,Messe-Prater U,20,348818
2025-09-15T01:55:40.137880,Loquaiplatz,10,345479
2025-09-15T01:55:40.137880,Loquaiplatz,10,345246
2025-09-15T01:55:40.137880,Loquaiplatz,10,345810
2025-09-15T01:55:40.137880,Loquaiplatz,10,346481
2025-09-15T01:55:40.137880,Loquaiplatz,10,346017
2025-09-15T01:55:40.137880,Loquaiplatz,10,346682
2025-09-15T01:55:40.137880,Loquaiplatz,10,347298
2025-09-15T01:55:40.137880,Loquaiplatz,10,347926
2025-09-15T01:55:40.137880,Loquaiplatz,10,348316
2025-09-15T01:55:40.137880,Loquaiplatz,10,348662
2025-09-15T01:55:40.137880,Rosensteingasse,8,345408
2025-09-15T01:55:40.137880,Rosensteingasse,8,345261
2025-09-15T01:55:40.137880,Rosensteingasse,8,345804
2025-09-15T01:55:40.137880,Rosensteingasse,8,346364
2025-09-15T01:55:40.137880,Rosensteingasse,8,346749
2025-09-15T01:55:40.137880,Rosensteingasse,8,346543
2025-09-15T01:55:40.137880,Rosensteingasse,8,347625
2025-09-15T01:55:40.137880,Rosensteingasse,8,348705
2025-09-15T01:55:40.137880,Gumpendorfer Gürtel,31,345380
2025-09-15T01:55:40.137880,Gumpendorfer Gürtel,31,345206
2025-09-15T01:55:40.137880,Gumpendorfer Gürtel,31,345162
2025-09-15T01:55:40.137880,Gumpendorfer Gürtel,31,345125
2025-09-15T01:55:40.137880,Gumpendorfer Gürtel,31,345071
2025-09-15T01:55:40.137880,Gumpendorfer Gürtel,31,345935
2025-09-15T01:55:40.137880,Gumpendorfer Gürtel,31,345687
2025-09-15T01:55:40.137880,Gumpendorfer Gürtel,31,345573
2025-09-15T01:55:40.137880,Gumpendorfer Gürtel,31,345520
2025-09-15T01:55:40.137880,Gumpendorfer Gürtel,31,346456
2025-09-15T01:55:40.137880,Gumpendorfer Gürtel,31,346280
2025-09-15T01:55:40.137880,Gumpendorfer Gürtel,31,346040
2025-09-15T01:55:40.137880,Gumpendorfer Gürtel,31,346821
2025-09-15T01:55:40.137880,Gumpendorfer Gürtel,31,346768
2025-09-15T01:55:40.137880,Gumpendorfer Gürtel,31,346691
2025-09-15T01:55:40.137880,Gumpendorfer Gürtel,31,346633
2025-09-15T01:55:40.137880,Gumpendorfer Gürtel,31,346594
2025-09-15T01:55:40.137880,Gumpendorfer Gürtel,31,347299
2025-09-15T01:55:40.137880,Gumpendorfer Gürtel,31,347285
2025-09-15T01:55:40.137880,Gumpendorfer Gürtel,31,347207
2025-09-15T01:55:40.137880,Gumpendorfer Gürtel,31,347153
2025-09-15T01:55:40.137880,Gumpendorfer Gürtel,31,347999
2025-09-15T01:55:40.137880,Gumpendorfer Gürtel,31,347893
2025-09-15T01:55:40.137880,Gumpendorfer Gürtel,31,347823
2025-09-15T01:55:40.137880,Gumpendorfer Gürtel,31,347819
2025-09-15T01:55:40.137880,Gumpendorfer Gürtel,31,348253
2025-09-15T01:55:40.137880,Gumpendorfer Gürtel,31,348190
2025-09-15T01:55:40.137880,Gumpendorfer Gürtel,31,348145
2025-09-15T01:55:40.137880,Gumpendorfer Gürtel,31,348708
2025-09-15T01:55:40.137880,Gumpendorfer Gürtel,31,348649
2025-09-15T01:55:40.137880,Gumpendorfer Gürtel,31,348616
2025-09-15T01:55:40.137880,Burggasse-Stadthalle U,3,347476
2025-09-15T01:55:40.137880,Burggasse-Stadthalle U,3,348683
2025-09-15T01:55:40.137880,Burggasse-Stadthalle U,3,348859
2025-09-15T01:55:40.137880,Urban-Loritz-Platz,2,345011
2025-09-15T01:55:40.137880,Urban-Loritz-Platz,2,346113
2025-09-15T01:55:40.137880,Westbahnhof S U / Gerstnerstraße,1,345025
2025-09-15T01:55:40.137880,Wieningerplatz,21,345389
2025-09-15T01:55:40.137880,Wieningerplatz,21,345174
2025-09-15T01:55:40.137880,Wieningerplatz,21,345100
2025-09-15T01:55:40.137880,Wieningerplatz,21,345965
2025-09-15T01:55:40.137880,Wieningerplatz,21,345812
2025-09-15T01:55:40.137880,Wieningerplatz,21,345756
2025-09-15T01:55:40.137880,Wieningerplatz,21,345523
2025-09-15T01:55:40.137880,Wieningerplatz,21,346349
2025-09-15T01:55:40.137880,Wieningerplatz,21,346281
2025-09-15T01:55:40.137880,Wieningerplatz,21,346001
2025-09-15T01:55:40.137880,Wieningerplatz,21,346926
2025-09-15T01:55:40.137880,Wieningerplatz,21,346701
2025-09-15T01:55:40.137880,Wieningerplatz,21,346665
2025-09-15T01:55:40.137880,Wieningerplatz,21,346525
2025-09-15T01:55:40.137880,Wieningerplatz,21,347461
2025-09-15T01:55:40.137880,Wieningerplatz,21,347079
2025-09-15T01:55:40.137880,Wieningerplatz,21,347066
2025-09-15T01:55:40.137880,Wieningerplatz,21,347872
2025-09-15T01:55:40.137880,Wieningerplatz,21,347775
2025-09-15T01:55:40.137880,Wieningerplatz,21,348232
2025-09-15T01:55:40.137880,Wieningerplatz,21,348089
2025-09-15T01:55:40.137880,Markgraf-Rüdiger Straße,20,345985
2025-09-15T01:55:40.137880,Markgraf-Rüdiger Straße,20,345856
2025-09-15T01:55:40.137880,Markgraf-Rüdiger Straße,20,346351
2025-09-15T01:55:40.137880,Markgraf-Rüdiger Straße,20,346274
2025-09-15T01:55:40.137880,Markgraf-Rüdiger Straße,20,346163
2025-09-15T01:55:40.137880,Markgraf-Rüdiger Straße,20,346641
2025-09-15T01:55:40.137880,Markgraf-Rüdiger Straße,20,346570
2025-09-15T01:55:40.137880,Markgraf-Rüdiger Straße,20,347015
2025-09-15T01:55:40.137880,Markgraf-Rüdiger Straße,20,347960
2025-09-15T01:55:40.137880,Markgraf-Rüdiger Straße,20,347628
2025-09-15T01:55:40.137880,Markgraf-Rüdiger Straße,20,347604
2025-09-15T01:55:40.137880,Markgraf-Rüdiger Straße,20,348460
2025-09-15T01:55:40.137880,Markgraf-Rüdiger Straße,20,348372
2025-09-15T01:55:40.137880,Markgraf-Rüdiger Straße,20,348170
2025-09-15T01:55:40.137880,Markgraf-Rüdiger Straße,20,348124
2025-09-15T01:55:40.137880,Markgraf-Rüdiger Straße,20,348114
2025-09-15T01:55:40.137880,Markgraf-Rüdiger Straße,20,348081
2025-09-15T01:55:40.137880,Markgraf-Rüdiger Straße,20,348631
2025-09-15T01:55:40.137880,Markgraf-Rüdiger Straße,20,348602
2025-09-15T01:55:40.137880,Markgraf-Rüdiger Straße,20,398776
2025-09-15T01:55:40.137880,Plunkergasse,8,345634
2025-09-15T01:55:40.137880,Plunkergasse,8,346171
2025-09-15T01:55:40.137880,Plunkergasse,8,346085
2025-09-15T01:55:40.137880,Plunkergasse,8,346575
2025-09-15T01:55:40.137880,Plunkergasse,8,347129
2025-09-15T01:55:40.137880,Plunkergasse,8,347812
2025-09-15T01:55:40.137880,Plunkergasse,8,348029
2025-09-15T01:55:40.137880,Plunkergasse,8,348027
2025-09-15T01:55:40.137880,Selzergasse,18,345491
2025-09-15T01:55:40.137880,Selzergasse,18,345127
2025-09-15T01:55:40.137880,Selzergasse,18,345957
2025-09-15T01:55:40.137880,Selzergasse,18,345731
2025-09-15T01:55:40.137880,Selzergasse,18,345505
2025-09-15T01:55:40.137880,Selzergasse,18,346077
2025-09-15T01:55:40.137880,Selzergasse,18,346942
2025-09-15T01:55:40.137880,Selzergasse,18,346852
2025-09-15T01:55:40.137880,Selzergasse,18,347328
2025-09-15T01:55:40.137880,Selzergasse,18,347214
2025-09-15T01:55:40.137880,Selzergasse,18,347051
2025-09-15T01:55:40.137880,Selzergasse,18,347793
2025-09-15T01:55:40.137880,Selzergasse,18,347731
2025-09-15T01:55:40.137880,Selzergasse,18,347702
2025-09-15T01:55:40.137880,Selzergasse,18,348416
2025-09-15T01:55:40.137880,Selzergasse,18,348650
2025-09-15T01:55:40.137880,Selzergasse,18,349108
2025-09-15T01:55:40.137880,Selzergasse,18,349152
2025-09-15T01:55:40.137880,Westbahnhof S U / Felberstraße,10,345440
2025-09-15T01:55:40.137880,Westbahnhof S U / Felberstraße,10,345400
2025-09-15T01:55:40.137880,Westbahnhof S U / Felberstraße,10,345956
2025-09-15T01:55:40.137880,Westbahnhof S U / Felberstraße,10,346221
2025-09-15T01:55:40.137880,Westbahnhof S U / Felberstraße,10,346145
2025-09-15T01:55:40.137880,Westbahnhof S U / Felberstraße,10,346134
2025-09-15T01:55:40.137880,Westbahnhof S U / Felberstraße,10,346934
2025-09-15T01:55:40.137880,Westbahnhof S U / Felberstraße,10,346557
2025-09-15T01:55:40.137880,Westbahnhof S U / Felberstraße,10,347231
2025-09-15T01:55:40.137880,Westbahnhof S U / Felberstraße,10,348393
2025-09-15T01:55:40.137880,Kundratstraße,6,345897
2025-09-15T01:55:40.137880,Kundratstraße,6,346834
2025-09-15T01:55:40.137880,Kundratstraße,6,347768
2025-09-15T01:55:40.137880,Kundratstraße,6,347661
2025-09-15T01:55:40.137880,Kundratstraße,6,348192
2025-09-15T01:55:40.137880,Kundratstraße,6,348161
2025-09-15T01:55:40.137880,Arthaberplatz,1,346406
2025-09-15T01:55:40.137880,Karmeliterplatz,25,345469
2025-09-15T01:55:40.137880,Karmeliterplatz,25,345141
2025-09-15T01:55:40.137880,Karmeliterplatz,25,345963
2025-09-15T01:55:40.137880,Karmeliterplatz,25,345866
2025-09-15T01:55:40.137880,Karmeliterplatz,25,345853
2025-09-15T01:55:40.137880,Karmeliterplatz,25,345807
2025-09-15T01:55:40.137880,Karmeliterplatz,25,346411
2025-09-15T01:55:40.137880,Karmeliterplatz,25,346402
2025-09-15T01:55:40.137880,Karmeliterplatz,25,346244
2025-09-15T01:55:40.137880,Karmeliterplatz,25,346193
2025-09-15T01:55:40.137880,Karmeliterplatz,25,346895
2025-09-15T01:55:40.137880,Karmeliterplatz,25,346787
2025-09-15T01:55:40.137880,Karmeliterplatz,25,346736
2025-09-15T01:55:40.137880,Karmeliterplatz,25,347250
2025-09-15T01:55:40.137880,Karmeliterplatz,25,347951
2025-09-15T01:55:40.137880,Karmeliterplatz,25,347817
2025-09-15T01:55:40.137880,Karmeliterplatz,25,347710
2025-09-15T01:55:40.137880,Karmeliterplatz,25,348305
2025-09-15T01:55:40.137880,Karmeliterplatz,25,348229
2025-09-15T01:55:40.137880,Karmeliterplatz,25,348175
2025-09-15T01:55:40.137880,Karmeliterplatz,25,348097
2025-09-15T01:55:40.137880,Karmeliterplatz,25,348076
2025-09-15T01:55:40.137880,Karmeliterplatz,25,348028
2025-09-15T01:55:40.137880,Karmeliterplatz,25,348589
2025-09-15T01:55:40.137880,Karmeliterplatz,25,349000
2025-09-15T01:55:40.137880,Fröbelgasse,4,345167
2025-09-15T01:55:40.137880,Fröbelgasse,4,345882
2025-09-15T01:55:40.137880,Fröbelgasse,4,346175
2025-09-15T01:55:40.137880,Fröbelgasse,4,347899
2025-09-15T01:55:40.137880,Reumannplatz U,12,345438
2025-09-15T01:55:40.137880,Reumannplatz U,12,345119
2025-09-15T01:55:40.137880,Reumannplatz U,12,345857
2025-09-15T01:55:40.137880,Reumannplatz U,12,345737
2025-09-15T01:55:40.137880,Reumannplatz U,12,346533
2025-09-15T01:55:40.137880,Reumannplatz U,12,346530
2025-09-15T01:55:40.137880,Reumannplatz U,12,346518
2025-09-15T01:55:40.137880,Reumannplatz U,12,347375
2025-09-15T01:55:40.137880,Reumannplatz U,12,347340
2025-09-15T01:55:40.137880,Reumannplatz U,12,348355
2025-09-15T01:55:40.137880,Reumannplatz U,12,348855
2025-09-15T01:55:40.137880,Reumannplatz U,12,349199
2025-09-15T01:55:40.137880,Thaliastraße U,1,345367
2025-09-15T01:55:40.137880,Nussdorfer Straße U,9,346051
2025-09-15T01:55:40.137880,Nussdorfer Straße U,9,346963
2025-09-15T01:55:40.137880,Nussdorfer Straße U,9,346599
2025-09-15T01:55:40.137880,Nussdorfer Straße U,9,346541
2025-09-15T01:55:40.137880,Nussdorfer Straße U,9,347490
2025-09-15T01:55:40.137880,Nussdorfer Straße U,9,347030
2025-09-15T01:55:40.137880,Nussdorfer Straße U,9,347773
2025-09-15T01:55:40.137880,Nussdorfer Straße U,9,347605
2025-09-15T01:55:40.137880,Nussdorfer Straße U,9,348062
2025-09-15T01:55:40.137880,Elterleinplatz,1,346863
2025-09-15T01:55:40.137880,Canisiusgasse,2,345238
2025-09-15T01:55:40.137880,Canisiusgasse,2,348806
2025-09-15T01:55:40.137880,Palffygasse,4,346392
2025-09-15T01:55:40.137880,Palffygasse,4,346954
2025-09-15T01:55:40.137880,Palffygasse,4,346886
2025-09-15T01:55:40.137880,Palffygasse,4,348174
2025-09-15T01:55:40.137880,Gersthof S,3,347056
2025-09-15T01:55:40.137880,Gersthof S,3,348328
2025-09-15T01:55:40.137880,Gersthof S,3,348581
2025-09-15T01:55:40.137880,Reinprechtsdorfer Brücke,22,345271
2025-09-15T01:55:40.137880,Reinprechtsdorfer Brücke,22,345260
2025-09-15T01:55:40.137880,Reinprechtsdorfer Brücke,22,345232
2025-09-15T01:55:40.137880,Reinprechtsdorfer Brücke,22,345862
2025-09-15T01:55:40.137880,Reinprechtsdorfer Brücke,22,345852
2025-09-15T01:55:40.137880,Reinprechtsdorfer Brücke,22,345638
2025-09-15T01:55:40.137880,Reinprechtsdorfer Brücke,22,346422
2025-09-15T01:55:40.137880,Reinprechtsdorfer Brücke,22,346101
2025-09-15T01:55:40.137880,Reinprechtsdorfer Brücke,22,346024
2025-09-15T01:55:40.137880,Reinprechtsdorfer Brücke,22,346984
2025-09-15T01:55:40.137880,Reinprechtsdorfer Brücke,22,346764
2025-09-15T01:55:40.137880,Reinprechtsdorfer Brücke,22,347491
2025-09-15T01:55:40.137880,Reinprechtsdorfer Brücke,22,347252
2025-09-15T01:55:40.137880,Reinprechtsdorfer Brücke,22,347974
2025-09-15T01:55:40.137880,Reinprechtsdorfer Brücke,22,347700
2025-09-15T01:55:40.137880,Reinprechtsdorfer Brücke,22,347593
2025-09-15T01:55:40.137880,Reinprechtsdorfer Brücke,22,347526
2025-09-15T01:55:40.137880,Reinprechtsdorfer Brücke,22,348486
2025-09-15T01:55:40.137880,Reinprechtsdorfer Brücke,22,348304
2025-09-15T01:55:40.137880,Reinprechtsdorfer Brücke,22,348179
2025-09-15T01:55:40.137880,Reinprechtsdorfer Brücke,22,348006
2025-09-15T01:55:40.137880,Reinprechtsdorfer Brücke,22,398758
2025-09-15T01:55:40.137880,Siebensternplatz,8,345365
2025-09-15T01:55:40.137880,Siebensternplatz,8,346389
2025-09-15T01:55:40.137880,Siebensternplatz,8,346039
2025-09-15T01:55:40.137880,Siebensternplatz,8,346029
2025-09-15T01:55:40.137880,Siebensternplatz,8,346929
2025-09-15T01:55:40.137880,Siebensternplatz,8,346704
2025-09-15T01:55:40.137880,Siebensternplatz,8,348909
2025-09-15T01:55:40.137880,Siebensternplatz,8,348802
2025-09-15T01:55:40.137880,Siebenbrunnenplatz,10,345179
2025-09-15T01:55:40.137880,Siebenbrunnenplatz,10,346495
2025-09-15T01:55:40.137880,Siebenbrunnenplatz,10,346289
2025-09-15T01:55:40.137880,Siebenbrunnenplatz,10,346208
2025-09-15T01:55:40.137880,Siebenbrunnenplatz,10,346041
2025-09-15T01:55:40.137880,Siebenbrunnenplatz,10,347271
2025-09-15T01:55:40.137880,Siebenbrunnenplatz,10,348055
2025-09-15T01:55:40.137880,Siebenbrunnenplatz,10,348626
2025-09-15T01:55:40.137880,Siebenbrunnenplatz,10,349112
2025-09-15T01:55:40.137880,Siebenbrunnenplatz,10,349159
2025-09-15T01:55:40.137880,Rosensteingasse / Blumengasse,6,345467
2025-09-15T01:55:40.137880,Rosensteingasse / Blumengasse,6,346737
2025-09-15T01:55:40.137880,Rosensteingasse / Blumengasse,6,347487
2025-09-15T01:55:40.137880,Rosensteingasse / Blumengasse,6,348080
2025-09-15T01:55:40.137880,Rosensteingasse / Blumengasse,6,349187
2025-09-15T01:55:40.137880,Rosensteingasse / Blumengasse,6,349123
2025-09-15T01:55:40.137880,Schottenring U /Herminengasse,8,345488
2025-09-15T01:55:40.137880,Schottenring U /Herminengasse,8,346160
2025-09-15T01:55:40.137880,Schottenring U /Herminengasse,8,346760
2025-09-15T01:55:40.137880,Schottenring U /Herminengasse,8,346667
2025-09-15T01:55:40.137880,Schottenring U /Herminengasse,8,347046
2025-09-15T01:55:40.137880,Schottenring U /Herminengasse,8,348303
2025-09-15T01:55:40.137880,Schottenring U /Herminengasse,8,348899
2025-09-15T01:55:40.137880,Schottenring U /Herminengasse,8,348809
2025-09-15T01:55:40.137880,Josefstädter Straße U,6,345827
2025-09-15T01:55:40.137880,Josefstädter Straße U,6,346315
2025-09-15T01:55:40.137880,Josefstädter Straße U,6,346923
2025-09-15T01:55:40.137880,Josefstädter Straße U,6,347302
2025-09-15T01:55:40.137880,Josefstädter Straße U,6,348142
2025-09-15T01:55:40.137880,Josefstädter Straße U,6,348519
2025-09-15T01:55:40.137880,Friedrich-Engels-Platz,29,345055
2025-09-15T01:55:40.137880,Friedrich-Engels-Platz,29,345027
2025-09-15T01:55:40.137880,Friedrich-Engels-Platz,29,345543
2025-09-15T01:55:40.137880,Friedrich-Engels-Platz,29,346455
2025-09-15T01:55:40.137880,Friedrich-Engels-Platz,29,346437
2025-09-15T01:55:40.137880,Friedrich-Engels-Platz,29,346429
2025-09-15T01:55:40.137880,Friedrich-Engels-Platz,29,346366
2025-09-15T01:55:40.137880,Friedrich-Engels-Platz,29,346262
2025-09-15T01:55:40.137880,Friedrich-Engels-Platz,29,346155
2025-09-15T01:55:40.137880,Friedrich-Engels-Platz,29,346968
2025-09-15T01:55:40.137880,Friedrich-Engels-Platz,29,346915
2025-09-15T01:55:40.137880,Friedrich-Engels-Platz,29,346822
2025-09-15T01:55:40.137880,Friedrich-Engels-Platz,29,346554
2025-09-15T01:55:40.137880,Friedrich-Engels-Platz,29,347495
2025-09-15T01:55:40.137880,Friedrich-Engels-Platz,29,347402
2025-09-15T01:55:40.137880,Friedrich-Engels-Platz,29,347247
2025-09-15T01:55:40.137880,Friedrich-Engels-Platz,29,347976
2025-09-15T01:55:40.137880,Friedrich-Engels-Platz,29,347885
2025-09-15T01:55:40.137880,Friedrich-Engels-Platz,29,347826
2025-09-15T01:55:40.137880,Friedrich-Engels-Platz,29,347690
2025-09-15T01:55:40.137880,Friedrich-Engels-Platz,29,348361
2025-09-15T01:55:40.137880,Friedrich-Engels-Platz,29,348352
2025-09-15T01:55:40.137880,Friedrich-Engels-Platz,29,348276
2025-09-15T01:55:40.137880,Friedrich-Engels-Platz,29,348209
2025-09-15T01:55:40.137880,Friedrich-Engels-Platz,29,348688
2025-09-15T01:55:40.137880,Friedrich-Engels-Platz,29,398749
2025-09-15T01:55:40.137880,Friedrich-Engels-Platz,29,349081
2025-09-15T01:55:40.137880,Friedrich-Engels-Platz,29,349016
2025-09-15T01:55:40.137880,Friedrich-Engels-Platz,29,348823
2025-09-15T01:55:40.137880,Dresdner Straße U,8,346877
2025-09-15T01:55:40.137880,Dresdner Straße U,8,346680
2025-09-15T01:55:40.137880,Dresdner Straße U,8,346528
2025-09-15T01:55:40.137880,Dresdner Straße U,8,347979
2025-09-15T01:55:40.137880,Dresdner Straße U,8,347732
2025-09-15T01:55:40.137880,Dresdner Straße U,8,348157
2025-09-15T01:55:40.137880,Dresdner Straße U,8,348607
2025-09-15T01:55:40.137880,Dresdner Straße U,8,348551
2025-09-15T01:55:40.137880,Jägerstraße U,10,346750
2025-09-15T01:55:40.137880,Jägerstraße U,10,346650
2025-09-15T01:55:40.137880,Jägerstraße U,10,347068
2025-09-15T01:55:40.137880,Jägerstraße U,10,347065
2025-09-15T01:55:40.137880,Jägerstraße U,10,347950
2025-09-15T01:55:40.137880,Jägerstraße U,10,347747
2025-09-15T01:55:40.137880,Jägerstraße U,10,348218
2025-09-15T01:55:40.137880,Jägerstraße U,10,348103
2025-09-15T01:55:40.137880,Jägerstraße U,10,348100
2025-09-15T01:55:40.137880,Jägerstraße U,10,348967
2025-09-15T01:55:40.137880,Traisengasse S,13,345076
2025-09-15T01:55:40.137880,Traisengasse S,13,345887
2025-09-15T01:55:40.137880,Traisengasse S,13,346486
2025-09-15T01:55:40.137880,Traisengasse S,13,346185
2025-09-15T01:55:40.137880,Traisengasse S,13,346562
2025-09-15T01:55:40.137880,Traisengasse S,13,347456
2025-09-15T01:55:40.137880,Traisengasse S,13,347429
2025-09-15T01:55:40.137880,Traisengasse S,13,347734
2025-09-15T01:55:40.137880,Traisengasse S,13,347666
2025-09-15T01:55:40.137880,Traisengasse S,13,348427
2025-09-15T01:55:40.137880,Traisengasse S,13,348302
2025-09-15T01:55:40.137880,Traisengasse S,13,348264
2025-09-15T01:55:40.137880,Traisengasse S,13,348891
2025-09-15T01:55:40.137880,Kettenbrückengasse U / Naschmarkt,23,345379
2025-09-15T01:55:40.137880,Kettenbrückengasse U / Naschmarkt,23,345315
2025-09-15T01:55:40.137880,Kettenbrückengasse U / Naschmarkt,23,345215
2025-09-15T01:55:40.137880,Kettenbrückengasse U / Naschmarkt,23,345692
2025-09-15T01:55:40.137880,Kettenbrückengasse U / Naschmarkt,23,345594
2025-09-15T01:55:40.137880,Kettenbrückengasse U / Naschmarkt,23,345568
2025-09-15T01:55:40.137880,Kettenbrückengasse U / Naschmarkt,23,346300
2025-09-15T01:55:40.137880,Kettenbrückengasse U / Naschmarkt,23,346108
2025-09-15T01:55:40.137880,Kettenbrückengasse U / Naschmarkt,23,346035
2025-09-15T01:55:40.137880,Kettenbrückengasse U / Naschmarkt,23,346814
2025-09-15T01:55:40.137880,Kettenbrückengasse U / Naschmarkt,23,346779
2025-09-15T01:55:40.137880,Kettenbrückengasse U / Naschmarkt,23,346634
2025-09-15T01:55:40.137880,Kettenbrückengasse U / Naschmarkt,23,346580
2025-09-15T01:55:40.137880,Kettenbrückengasse U / Naschmarkt,23,347398
2025-09-15T01:55:40.137880,Kettenbrückengasse U / Naschmarkt,23,347352
2025-09-15T01:55:40.137880,Kettenbrückengasse U / Naschmarkt,23,347304
2025-09-15T01:55:40.137880,Kettenbrückengasse U / Naschmarkt,23,347191
2025-09-15T01:55:40.137880,Kettenbrückengasse U / Naschmarkt,23,347163
2025-09-15T01:55:40.137880,Kettenbrückengasse U / Naschmarkt,23,347118
2025-09-15T01:55:40.137880,Kettenbrückengasse U / Naschmarkt,23,347067
2025-09-15T01:55:40.137880,Kettenbrückengasse U / Naschmarkt,23,347574
2025-09-15T01:55:40.137880,Kettenbrückengasse U / Naschmarkt,23,348700
2025-09-15T01:55:40.137880,Kettenbrückengasse U / Naschmarkt,23,348620
2025-09-15T01:55:40.137880,Aumannplatz,1,347061
2025-09-15T01:55:40.137880,Längenfeldgasse U,20,345465
2025-09-15T01:55:40.137880,Längenfeldgasse U,20,345235
2025-09-15T01:55:40.137880,Längenfeldgasse U,20,345212
2025-09-15T01:55:40.137880,Längenfeldgasse U,20,345090
2025-09-15T01:55:40.137880,Längenfeldgasse U,20,345084
2025-09-15T01:55:40.137880,Längenfeldgasse U,20,345854
2025-09-15T01:55:40.137880,Längenfeldgasse U,20,346044
2025-09-15T01:55:40.137880,Längenfeldgasse U,20,346027
2025-09-15T01:55:40.137880,Längenfeldgasse U,20,346000
2025-09-15T01:55:40.137880,Längenfeldgasse U,20,346969
2025-09-15T01:55:40.137880,Längenfeldgasse U,20,346894
2025-09-15T01:55:40.137880,Längenfeldgasse U,20,346643
2025-09-15T01:55:40.137880,Längenfeldgasse U,20,347158
2025-09-15T01:55:40.137880,Längenfeldgasse U,20,347981
2025-09-15T01:55:40.137880,Längenfeldgasse U,20,347544
2025-09-15T01:55:40.137880,Längenfeldgasse U,20,347543
2025-09-15T01:55:40.137880,Längenfeldgasse U,20,347514
2025-09-15T01:55:40.137880,Längenfeldgasse U,20,348212
2025-09-15T01:55:40.137880,Längenfeldgasse U,20,348053
2025-09-15T01:55:40.137880,Längenfeldgasse U,20,348599
2025-09-15T01:55:40.137880,Althanstraße,19,345483
2025-09-15T01:55:40.137880,Althanstraße,19,345209
2025-09-15T01:55:40.137880,Althanstraße,19,345078
2025-09-15T01:55:40.137880,Althanstraße,19,345881
2025-09-15T01:55:40.137880,Althanstraße,19,345773
2025-09-15T01:55:40.137880,Althanstraße,19,345769
2025-09-15T01:55:40.137880,Althanstraße,19,345512
2025-09-15T01:55:40.137880,Althanstraße,19,346925
2025-09-15T01:55:40.137880,Althanstraße,19,346912
2025-09-15T01:55:40.137880,Althanstraße,19,346792
2025-09-15T01:55:40.137880,Althanstraße,19,347354
2025-09-15T01:55:40.137880,Althanstraße,19,347342
2025-09-15T01:55:40.137880,Althanstraße,19,347017
2025-09-15T01:55:40.137880,Althanstraße,19,347843
2025-09-15T01:55:40.137880,Althanstraße,19,347714
2025-09-15T01:55:40.137880,Althanstraße,19,348457
2025-09-15T01:55:40.137880,Althanstraße,19,348280
2025-09-15T01:55:40.137880,Althanstraße,19,348153
2025-09-15T01:55:40.137880,Althanstraße,19,398737
2025-09-15T01:55:40.137880,Schottentor U,69,345451
2025-09-15T01:55:40.137880,Schottentor U,69,345420
2025-09-15T01:55:40.137880,Schottentor U,69,345343
2025-09-15T01:55:40.137880,Schottentor U,69,345334
2025-09-15T01:55:40.137880,Schottentor U,69,345332
2025-09-15T01:55:40.137880,Schottentor U,69,345289
2025-09-15T01:55:40.137880,Schottentor U,69,345282
2025-09-15T01:55:40.137880,Schottentor U,69,345253
2025-09-15T01:55:40.137880,Schottentor U,69,345237
2025-09-15T01:55:40.137880,Schottentor U,69,345199
2025-09-15T01:55:40.137880,Schottentor U,69,345148
2025-09-15T01:55:40.137880,Schottentor U,69,345146
2025-09-15T01:55:40.137880,Schottentor U,69,345108
2025-09-15T01:55:40.137880,Schottentor U,69,345993
2025-09-15T01:55:40.137880,Schottentor U,69,345764
2025-09-15T01:55:40.137880,Schottentor U,69,345725
2025-09-15T01:55:40.137880,Schottentor U,69,345694
2025-09-15T01:55:40.137880,Schottentor U,69,345595
2025-09-15T01:55:40.137880,Schottentor U,69,345578
2025-09-15T01:55:40.137880,Schottentor U,69,345527
2025-09-15T01:55:40.137880,Schottentor U,69,346484
2025-09-15T01:55:40.137880,Schottentor U,69,346418
2025-09-15T01:55:40.137880,Schottentor U,69,346403
2025-09-15T01:55:40.137880,Schottentor U,69,346237
2025-09-15T01:55:40.137880,Schottentor U,69,346182
2025-09-15T01:55:40.137880,Schottentor U,69,346141
2025-09-15T01:55:40.137880,Schottentor U,69,346114
2025-09-15T01:55:40.137880,Schottentor U,69,346033
2025-09-15T01:55:40.137880,Schottentor U,69,346806
2025-09-15T01:55:40.137880,Schottentor U,69,346697
2025-09-15T01:55:40.137880,Schottentor U,69,346694
2025-09-15T01:55:40.137880,Schottentor U,69,346672
2025-09-15T01:55:40.137880,Schottentor U,69,346649
2025-09-15T01:55:40.137880,Schottentor U,69,346623
2025-09-15T01:55:40.137880,Schottentor U,69,346574
2025-09-15T01:55:40.137880,Schottentor U,69,346547
2025-09-15T01:55:40.137880,Schottentor U,69,346504
2025-09-15T01:55:40.137880,Schottentor U,69,347464
2025-09-15T01:55:40.137880,Schottentor U,69,347363
2025-09-15T01:55:40.137880,Schottentor U,69,347336
2025-09-15T01:55:40.137880,Schottentor U,69,347325
2025-09-15T01:55:40.137880,Schottentor U,69,347227
2025-09-15T01:55:40.137880,Schottentor U,69,347195
2025-09-15T01:55:40.137880,Schottentor U,69,347178
2025-09-15T01:55:40.137880,Schottentor U,69,347114
2025-09-15T01:55:40.137880,Schottentor U,69,347099
2025-09-15T01:55:40.137880,Schottentor U,69,347009
2025-09-15T01:55:40.137880,Schottentor U,69,347992
2025-09-15T01:55:40.137880,Schottentor U,69,347958
2025-09-15T01:55:40.137880,Schottentor U,69,347952
2025-09-15T01:55:40.137880,Schottentor U,69,347902
2025-09-15T01:55:40.137880,Schottentor U,69,347824
2025-09-15T01:55:40.137880,Schottentor U,69,347800
2025-09-15T01:55:40.137880,Schottentor U,69,347680
2025-09-15T01:55:40.137880,Schottentor U,69,347656
2025-09-15T01:55:40.137880,Schottentor U,69,347547
2025-09-15T01:55:40.137880,Schottentor U,69,348459
2025-09-15T01:55:40.137880,Schottentor U,69,348449
2025-09-15T01:55:40.137880,Schottentor U,69,348384
2025-09-15T01:55:40.137880,Schottentor U,69,348335
2025-09-15T01:55:40.137880,Schottentor U,69,348282
2025-09-15T01:55:40.137880,Schottentor U,69,348241
2025-09-15T01:55:40.137880,Schottentor U,69,348230
2025-09-15T01:55:40.137880,Schottentor U,69,348206
2025-09-15T01:55:40.137880,Schottentor U,69,348189
2025-09-15T01:55:40.137880,Schottentor U,69,348141
2025-09-15T01:55:40.137880,Schottentor U,69,348120
2025-09-15T01:55:40.137880,Schottentor U,69,348058
2025-09-15T01:55:40.137880,Schottentor U,69,348576
2025-09-15T01:55:40.137880,Neubaugasse U,13,345251
2025-09-15T01:55:40.137880,Neubaugasse U,13,345672
2025-09-15T01:55:40.137880,Neubaugasse U,13,346949
2025-09-15T01:55:40.137880,Neubaugasse U,13,347355
2025-09-15T01:55:40.137880,Neubaugasse U,13,347708
2025-09-15T01:55:40.137880,Neubaugasse U,13,347592
2025-09-15T01:55:40.137880,Neubaugasse U,13,347522
2025-09-15T01:55:40.137880,Neubaugasse U,13,348290
2025-09-15T01:55:40.137880,Neubaugasse U,13,348098
2025-09-15T01:55:40.137880,Neubaugasse U,13,348982
2025-09-15T01:55:40.137880,Neubaugasse U,13,348943
2025-09-15T01:55:40.137880,Neubaugasse U,13,349160
2025-09-15T01:55:40.137880,Neubaugasse U,13,349117
2025-09-15T01:55:40.137880,Museumsquartier U,2,346191
2025-09-15T01:55:40.137880,Museumsquartier U,2,346721
2025-09-15T01:55:40.137880,Johnstrasse U,1,348659
2025-09-15T01:55:40.137880,Turnergasse,9,345326
2025-09-15T01:55:40.137880,Turnergasse,9,345291
2025-09-15T01:55:40.137880,Turnergasse,9,345755
2025-09-15T01:55:40.137880,Turnergasse,9,345653
2025-09-15T01:55:40.137880,Turnergasse,9,346313
2025-09-15T01:55:40.137880,Turnergasse,9,346258
2025-09-15T01:55:40.137880,Turnergasse,9,346921
2025-09-15T01:55:40.137880,Turnergasse,9,347134
2025-09-15T01:55:40.137880,Turnergasse,9,347085
2025-09-15T01:55:40.137880,Kutschkergasse,3,345273
2025-09-15T01:55:40.137880,Kutschkergasse,3,346717
2025-09-15T01:55:40.137880,Kutschkergasse,3,346568
2025-09-15T01:55:40.137880,Stadion U,13,345412
2025-09-15T01:55:40.137880,Stadion U,13,345933
2025-09-15T01:55:40.137880,Stadion U,13,345501
2025-09-15T01:55:40.137880,Stadion U,13,346216
2025-09-15T01:55:40.137880,Stadion U,13,346964
2025-09-15T01:55:40.137880,Stadion U,13,346850
2025-09-15T01:55:40.137880,Stadion U,13,347383
2025-09-15T01:55:40.137880,Stadion U,13,347220
2025-09-15T01:55:40.137880,Stadion U,13,347075
2025-09-15T01:55:40.137880,Stadion U,13,347920
2025-09-15T01:55:40.137880,Stadion U,13,349042
2025-09-15T01:55:40.137880,Stadion U,13,348898
2025-09-15T01:55:40.137880,Stadion U,13,348883
2025-09-15T01:55:40.137880,Brückengasse,18,345074
2025-09-15T01:55:40.137880,Brückengasse,18,345968
2025-09-15T01:55:40.137880,Brückengasse,18,345677
2025-09-15T01:55:40.137880,Brückengasse,18,345528
2025-09-15T01:55:40.137880,Brückengasse,18,346460
2025-09-15T01:55:40.137880,Brückengasse,18,346234
2025-09-15T01:55:40.137880,Brückengasse,18,346183
2025-09-15T01:55:40.137880,Brückengasse,18,346133
2025-09-15T01:55:40.137880,Brückengasse,18,346099
2025-09-15T01:55:40.137880,Brückengasse,18,347919
2025-09-15T01:55:40.137880,Brückengasse,18,347889
2025-09-15T01:55:40.137880,Brückengasse,18,347881
2025-09-15T01:55:40.137880,Brückengasse,18,347780
2025-09-15T01:55:40.137880,Brückengasse,18,348048
2025-09-15T01:55:40.137880,Brückengasse,18,348712
2025-09-15T01:55:40.137880,Brückengasse,18,348638
2025-09-15T01:55:40.137880,Brückengasse,18,348628
2025-09-15T01:55:40.137880,Brückengasse,18,348552
2025-09-15T01:55:40.137880,Schuhmeierplatz,7,345789
2025-09-15T01:55:40.137880,Schuhmeierplatz,7,346129
2025-09-15T01:55:40.137880,Schuhmeierplatz,7,346620
2025-09-15T01:55:40.137880,Schuhmeierplatz,7,347108
2025-09-15T01:55:40.137880,Schuhmeierplatz,7,347937
2025-09-15T01:55:40.137880,Schuhmeierplatz,7,348191
2025-09-15T01:55:40.137880,Schuhmeierplatz,7,348185
2025-09-15T01:55:40.137880,Schönbrunn U,16,345369
2025-09-15T01:55:40.137880,Schönbrunn U,16,345340
2025-09-15T01:55:40.137880,Schönbrunn U,16,345203
2025-09-15T01:55:40.137880,Schönbrunn U,16,345911
2025-09-15T01:55:40.137880,Schönbrunn U,16,345628
2025-09-15T01:55:40.137880,Schönbrunn U,16,345624
2025-09-15T01:55:40.137880,Schönbrunn U,16,345571
2025-09-15T01:55:40.137880,Schönbrunn U,16,345506
2025-09-15T01:55:40.137880,Schönbrunn U,16,346469
2025-09-15T01:55:40.137880,Schönbrunn U,16,346297
2025-09-15T01:55:40.137880,Schönbrunn U,16,346526
2025-09-15T01:55:40.137880,Schönbrunn U,16,347986
2025-09-15T01:55:40.137880,Schönbrunn U,16,347587
2025-09-15T01:55:40.137880,Schönbrunn U,16,347565
2025-09-15T01:55:40.137880,Schönbrunn U,16,348362
2025-09-15T01:55:40.137880,Schönbrunn U,16,348646
2025-09-15T01:55:40.137880,Hermesstraße / Oscar-Straus-Park ,18,345284
2025-09-15T01:55:40.137880,Hermesstraße / Oscar-Straus-Park ,18,345131
2025-09-15T01:55:40.137880,Hermesstraße / Oscar-Straus-Park ,18,345927
2025-09-15T01:55:40.137880,Hermesstraße / Oscar-Straus-Park ,18,345781
2025-09-15T01:55:40.137880,Hermesstraße / Oscar-Straus-Park ,18,345738
2025-09-15T01:55:40.137880,Hermesstraße / Oscar-Straus-Park ,18,346397
2025-09-15T01:55:40.137880,Hermesstraße / Oscar-Straus-Park ,18,346286
2025-09-15T01:55:40.137880,Hermesstraße / Oscar-Straus-Park ,18,346232
2025-09-15T01:55:40.137880,Hermesstraße / Oscar-Straus-Park ,18,346198
2025-09-15T01:55:40.137880,Hermesstraße / Oscar-Straus-Park ,18,346819
2025-09-15T01:55:40.137880,Hermesstraße / Oscar-Straus-Park ,18,346534
2025-09-15T01:55:40.137880,Hermesstraße / Oscar-Straus-Park ,18,347444
2025-09-15T01:55:40.137880,Hermesstraße / Oscar-Straus-Park ,18,347011
2025-09-15T01:55:40.137880,Hermesstraße / Oscar-Straus-Park ,18,347688
2025-09-15T01:55:40.137880,Hermesstraße / Oscar-Straus-Park ,18,347578
2025-09-15T01:55:40.137880,Hermesstraße / Oscar-Straus-Park ,18,348405
2025-09-15T01:55:40.137880,Hermesstraße / Oscar-Straus-Park ,18,348701
2025-09-15T01:55:40.137880,Hermesstraße / Oscar-Straus-Park ,18,348892
2025-09-15T01:55:40.137880,Modecenterstraße / The Marks,25,345223
2025-09-15T01:55:40.137880,Modecenterstraße / The Marks,25,345172
2025-09-15T01:55:40.137880,Modecenterstraße / The Marks,25,345591
2025-09-15T01:55:40.137880,Modecenterstraße / The Marks,25,346335
2025-09-15T01:55:40.137880,Modecenterstraße / The Marks,25,346293
2025-09-15T01:55:40.137880,Modecenterstraße / The Marks,25,346253
2025-09-15T01:55:40.137880,Modecenterstraße / The Marks,25,346936
2025-09-15T01:55:40.137880,Modecenterstraße / The Marks,25,346917
2025-09-15T01:55:40.137880,Modecenterstraße / The Marks,25,346780
2025-09-15T01:55:40.137880,Modecenterstraße / The Marks,25,346767
2025-09-15T01:55:40.137880,Modecenterstraße / The Marks,25,347360
2025-09-15T01:55:40.137880,Modecenterstraße / The Marks,25,347288
2025-09-15T01:55:40.137880,Modecenterstraße / The Marks,25,347272
2025-09-15T01:55:40.137880,Modecenterstraße / The Marks,25,347266
2025-09-15T01:55:40.137880,Modecenterstraße / The Marks,25,347838
2025-09-15T01:55:40.137880,Modecenterstraße / The Marks,25,347835
2025-09-15T01:55:40.137880,Modecenterstraße / The Marks,25,347681
2025-09-15T01:55:40.137880,Modecenterstraße / The Marks,25,347534
2025-09-15T01:55:40.137880,Modecenterstraße / The Marks,25,348424
2025-09-15T01:55:40.137880,Modecenterstraße / The Marks,25,348119
2025-09-15T01:55:40.137880,Modecenterstraße / The Marks,25,348038
2025-09-15T01:55:40.137880,Modecenterstraße / The Marks,25,348578
2025-09-15T01:55:40.137880,Modecenterstraße / The Marks,25,348542
2025-09-15T01:55:40.137880,Modecenterstraße / The Marks,25,398723
2025-09-15T01:55:40.137880,Modecenterstraße / The Marks,25,349085
2025-09-15T01:55:40.137880,Am Langen Felde,8,345705
2025-09-15T01:55:40.137880,Am Langen Felde,8,346186
2025-09-15T01:55:40.137880,Am Langen Felde,8,346048
2025-09-15T01:55:40.137880,Am Langen Felde,8,347353
2025-09-15T01:55:40.137880,Am Langen Felde,8,347031
2025-09-15T01:55:40.137880,Am Langen Felde,8,348251
2025-09-15T01:55:40.137880,Am Langen Felde,8,348505
2025-09-15T01:55:40.137880,Am Langen Felde,8,398730
2025-09-15T01:55:40.137880,eLastenräder- Modecenterstraße / The Marks,6,345640
2025-09-15T01:55:40.137880,eLastenräder- Modecenterstraße / The Marks,6,345542
2025-09-15T01:55:40.137880,eLastenräder- Modecenterstraße / The Marks,6,347720
2025-09-15T01:55:40.137880,eLastenräder- Modecenterstraße / The Marks,6,347664
2025-09-15T01:55:40.137880,eLastenräder- Modecenterstraße / The Marks,6,347501
2025-09-15T01:55:40.137880,eLastenräder- Modecenterstraße / The Marks,6,348501
2025-09-15T01:55:40.137880,Pilgramgasse U,11,345211
2025-09-15T01:55:40.137880,Pilgramgasse U,11,345050
2025-09-15T01:55:40.137880,Pilgramgasse U,11,345003
2025-09-15T01:55:40.137880,Pilgramgasse U,11,345668
2025-09-15T01:55:40.137880,Pilgramgasse U,11,346538
2025-09-15T01:55:40.137880,Pilgramgasse U,11,347483
2025-09-15T01:55:40.137880,Pilgramgasse U,11,347401
2025-09-15T01:55:40.137880,Pilgramgasse U,11,347131
2025-09-15T01:55:40.137880,Pilgramgasse U,11,347988
2025-09-15T01:55:40.137880,Pilgramgasse U,11,347939
2025-09-15T01:55:40.137880,Pilgramgasse U,11,348569
2025-09-15T01:55:40.137880,eLastenräder - Bruno-Marek-Allee,4,345597
2025-09-15T01:55:40.137880,eLastenräder - Bruno-Marek-Allee,4,346328
2025-09-15T01:55:40.137880,eLastenräder - Bruno-Marek-Allee,4,346184
2025-09-15T01:55:40.137880,eLastenräder - Bruno-Marek-Allee,4,348020
2025-09-15T01:55:40.137880,eLastenräder - Am Tabor,8,345038
2025-09-15T01:55:40.137880,eLastenräder - Am Tabor,8,345820
2025-09-15T01:55:40.137880,eLastenräder - Am Tabor,8,346471
2025-09-15T01:55:40.137880,eLastenräder - Am Tabor,8,346937
2025-09-15T01:55:40.137880,eLastenräder - Am Tabor,8,346708
2025-09-15T01:55:40.137880,eLastenräder - Am Tabor,8,348374
2025-09-15T01:55:40.137880,eLastenräder - Am Tabor,8,348073
2025-09-15T01:55:40.137880,eLastenräder - Am Tabor,8,348508
2025-09-15T01:55:40.137880,Purkytgasse ,12,345450
2025-09-15T01:55:40.137880,Purkytgasse ,12,345977
2025-09-15T01:55:40.137880,Purkytgasse ,12,345868
2025-09-15T01:55:40.137880,Purkytgasse ,12,345836
2025-09-15T01:55:40.137880,Purkytgasse ,12,345796
2025-09-15T01:55:40.137880,Purkytgasse ,12,345503
2025-09-15T01:55:40.137880,Purkytgasse ,12,346601
2025-09-15T01:55:40.137880,Purkytgasse ,12,347463
2025-09-15T01:55:40.137880,Purkytgasse ,12,347310
2025-09-15T01:55:40.137880,Purkytgasse ,12,348111
2025-09-15T01:55:40.137880,Purkytgasse ,12,348544
2025-09-15T01:55:40.137880,Purkytgasse ,12,398732
2025-09-15T01:55:40.137880,Neue Donau U,8,345785
2025-09-15T01:55:40.137880,Neue Donau U,8,346515
2025-09-15T01:55:40.137880,Neue Donau U,8,347419
2025-09-15T01:55:40.137880,Neue Donau U,8,348236
2025-09-15T01:55:40.137880,Neue Donau U,8,348671
2025-09-15T01:55:40.137880,Neue Donau U,8,348535
2025-09-15T01:55:40.137880,Neue Donau U,8,348532
2025-09-15T01:55:40.137880,Neue Donau U,8,348959
2025-09-15T01:55:40.137880,Franz-Josef Bahnhof S,34,345399
2025-09-15T01:55:40.137880,Franz-Josef Bahnhof S,34,345339
2025-09-15T01:55:40.137880,Franz-Josef Bahnhof S,34,345333
2025-09-15T01:55:40.137880,Franz-Josef Bahnhof S,34,345254
2025-09-15T01:55:40.137880,Franz-Josef Bahnhof S,34,345972
2025-09-15T01:55:40.137880,Franz-Josef Bahnhof S,34,345929
2025-09-15T01:55:40.137880,Franz-Josef Bahnhof S,34,345906
2025-09-15T01:55:40.137880,Franz-Josef Bahnhof S,34,345879
2025-09-15T01:55:40.137880,Franz-Josef Bahnhof S,34,345814
2025-09-15T01:55:40.137880,Franz-Josef Bahnhof S,34,345684
2025-09-15T01:55:40.137880,Franz-Josef Bahnhof S,34,345545
2025-09-15T01:55:40.137880,Franz-Josef Bahnhof S,34,345544
2025-09-15T01:55:40.137880,Franz-Josef Bahnhof S,34,346383
2025-09-15T01:55:40.137880,Franz-Josef Bahnhof S,34,346363
2025-09-15T01:55:40.137880,Franz-Josef Bahnhof S,34,346046
2025-09-15T01:55:40.137880,Franz-Josef Bahnhof S,34,346989
2025-09-15T01:55:40.137880,Franz-Josef Bahnhof S,34,346939
2025-09-15T01:55:40.137880,Franz-Josef Bahnhof S,34,346811
2025-09-15T01:55:40.137880,Franz-Josef Bahnhof S,34,347447
2025-09-15T01:55:40.137880,Franz-Josef Bahnhof S,34,347421
2025-09-15T01:55:40.137880,Franz-Josef Bahnhof S,34,347007
2025-09-15T01:55:40.137880,Franz-Josef Bahnhof S,34,347759
2025-09-15T01:55:40.137880,Franz-Josef Bahnhof S,34,347748
2025-09-15T01:55:40.137880,Franz-Josef Bahnhof S,34,347733
2025-09-15T01:55:40.137880,Franz-Josef Bahnhof S,34,347566
2025-09-15T01:55:40.137880,Franz-Josef Bahnhof S,34,348471
2025-09-15T01:55:40.137880,Franz-Josef Bahnhof S,34,348395
2025-09-15T01:55:40.137880,Franz-Josef Bahnhof S,34,348160
2025-09-15T01:55:40.137880,Franz-Josef Bahnhof S,34,348156
2025-09-15T01:55:40.137880,Franz-Josef Bahnhof S,34,348670
2025-09-15T01:55:40.137880,Franz-Josef Bahnhof S,34,348660
2025-09-15T01:55:40.137880,Franz-Josef Bahnhof S,34,348617
2025-09-15T01:55:40.137880,Franz-Josef Bahnhof S,34,349034
2025-09-15T01:55:40.137880,Franz-Josef Bahnhof S,34,348970
2025-09-15T01:55:40.137880,Niederpointenstraße,5,345165
2025-09-15T01:55:40.137880,Niederpointenstraße,5,346390
2025-09-15T01:55:40.137880,Niederpointenstraße,5,346722
2025-09-15T01:55:40.137880,Niederpointenstraße,5,347297
2025-09-15T01:55:40.137880,Niederpointenstraße,5,348184
2025-09-15T01:55:40.137880,Leopoldauer Platz,23,345457
2025-09-15T01:55:40.137880,Leopoldauer Platz,23,345443
2025-09-15T01:55:40.137880,Leopoldauer Platz,23,345293
2025-09-15T01:55:40.137880,Leopoldauer Platz,23,345231
2025-09-15T01:55:40.137880,Leopoldauer Platz,23,345113
2025-09-15T01:55:40.137880,Leopoldauer Platz,23,345057
2025-09-15T01:55:40.137880,Leopoldauer Platz,23,345660
2025-09-15T01:55:40.137880,Leopoldauer Platz,23,346012
2025-09-15T01:55:40.137880,Leopoldauer Platz,23,346876
2025-09-15T01:55:40.137880,Leopoldauer Platz,23,346789
2025-09-15T01:55:40.137880,Leopoldauer Platz,23,346635
2025-09-15T01:55:40.137880,Leopoldauer Platz,23,347406
2025-09-15T01:55:40.137880,Leopoldauer Platz,23,347397
2025-09-15T01:55:40.137880,Leopoldauer Platz,23,347290
2025-09-15T01:55:40.137880,Leopoldauer Platz,23,347172
2025-09-15T01:55:40.137880,Leopoldauer Platz,23,347032
2025-09-15T01:55:40.137880,Leopoldauer Platz,23,347029
2025-09-15T01:55:40.137880,Leopoldauer Platz,23,347019
2025-09-15T01:55:40.137880,Leopoldauer Platz,23,347730
2025-09-15T01:55:40.137880,Leopoldauer Platz,23,347638
2025-09-15T01:55:40.137880,Leopoldauer Platz,23,349025
2025-09-15T01:55:40.137880,Leopoldauer Platz,23,348834
2025-09-15T01:55:40.137880,Leopoldauer Platz,23,349128
2025-09-15T01:55:40.137880,ArbeiterInnenstrand,8,345342
2025-09-15T01:55:40.137880,ArbeiterInnenstrand,8,345341
2025-09-15T01:55:40.137880,ArbeiterInnenstrand,8,345297
2025-09-15T01:55:40.137880,ArbeiterInnenstrand,8,345042
2025-09-15T01:55:40.137880,ArbeiterInnenstrand,8,346656
2025-09-15T01:55:40.137880,ArbeiterInnenstrand,8,347454
2025-09-15T01:55:40.137880,ArbeiterInnenstrand,8,347739
2025-09-15T01:55:40.137880,ArbeiterInnenstrand,8,348667
2025-09-15T01:55:40.137880,Gewerbepark Stadlau,1,345822
2025-09-15T01:55:40.137880,Atzgersdorf Bildungscampus,4,345626
2025-09-15T01:55:40.137880,Atzgersdorf Bildungscampus,4,346087
2025-09-15T01:55:40.137880,Atzgersdorf Bildungscampus,4,346927
2025-09-15T01:55:40.137880,Atzgersdorf Bildungscampus,4,348326
2025-09-15T01:55:40.137880,Adelheid-Popp-Gasse,14,345435
2025-09-15T01:55:40.137880,Adelheid-Popp-Gasse,14,345357
2025-09-15T01:55:40.137880,Adelheid-Popp-Gasse,14,345335
2025-09-15T01:55:40.137880,Adelheid-Popp-Gasse,14,345017
2025-09-15T01:55:40.137880,Adelheid-Popp-Gasse,14,345861
2025-09-15T01:55:40.137880,Adelheid-Popp-Gasse,14,346404
2025-09-15T01:55:40.137880,Adelheid-Popp-Gasse,14,347350
2025-09-15T01:55:40.137880,Adelheid-Popp-Gasse,14,348139
2025-09-15T01:55:40.137880,Adelheid-Popp-Gasse,14,349063
2025-09-15T01:55:40.137880,Adelheid-Popp-Gasse,14,348960
2025-09-15T01:55:40.137880,Adelheid-Popp-Gasse,14,348951
2025-09-15T01:55:40.137880,Adelheid-Popp-Gasse,14,348908
2025-09-15T01:55:40.137880,Adelheid-Popp-Gasse,14,348893
2025-09-15T01:55:40.137880,Adelheid-Popp-Gasse,14,349183
2025-09-15T01:55:40.137880,Alte Donau U,19,345064
2025-09-15T01:55:40.137880,Alte Donau U,19,345047
2025-09-15T01:55:40.137880,Alte Donau U,19,345763
2025-09-15T01:55:40.137880,Alte Donau U,19,345703
2025-09-15T01:55:40.137880,Alte Donau U,19,345630
2025-09-15T01:55:40.137880,Alte Donau U,19,346164
2025-09-15T01:55:40.137880,Alte Donau U,19,346573
2025-09-15T01:55:40.137880,Alte Donau U,19,346542
2025-09-15T01:55:40.137880,Alte Donau U,19,347334
2025-09-15T01:55:40.137880,Alte Donau U,19,347295
2025-09-15T01:55:40.137880,Alte Donau U,19,347694
2025-09-15T01:55:40.137880,Alte Donau U,19,347511
2025-09-15T01:55:40.137880,Alte Donau U,19,348198
2025-09-15T01:55:40.137880,Alte Donau U,19,348095
2025-09-15T01:55:40.137880,Alte Donau U,19,348087
2025-09-15T01:55:40.137880,Alte Donau U,19,348026
2025-09-15T01:55:40.137880,Alte Donau U,19,348021
2025-09-15T01:55:40.137880,Alte Donau U,19,348594
2025-09-15T01:55:40.137880,Alte Donau U,19,349109
2025-09-15T01:55:40.137880,VHS Kulturgarage,19,345472
2025-09-15T01:55:40.137880,VHS Kulturgarage,19,345099
2025-09-15T01:55:40.137880,VHS Kulturgarage,19,345909
2025-09-15T01:55:40.137880,VHS Kulturgarage,19,345848
2025-09-15T01:55:40.137880,VHS Kulturgarage,19,345833
2025-09-15T01:55:40.137880,VHS Kulturgarage,19,345805
2025-09-15T01:55:40.137880,VHS Kulturgarage,19,345697
2025-09-15T01:55:40.137880,VHS Kulturgarage,19,345514
2025-09-15T01:55:40.137880,VHS Kulturgarage,19,346419
2025-09-15T01:55:40.137880,VHS Kulturgarage,19,346303
2025-09-15T01:55:40.137880,VHS Kulturgarage,19,346298
2025-09-15T01:55:40.137880,VHS Kulturgarage,19,346142
2025-09-15T01:55:40.137880,VHS Kulturgarage,19,346900
2025-09-15T01:55:40.137880,VHS Kulturgarage,19,346897
2025-09-15T01:55:40.137880,VHS Kulturgarage,19,346537
2025-09-15T01:55:40.137880,VHS Kulturgarage,19,347243
2025-09-15T01:55:40.137880,VHS Kulturgarage,19,347064
2025-09-15T01:55:40.137880,VHS Kulturgarage,19,347530
2025-09-15T01:55:40.137880,VHS Kulturgarage,19,348566
2025-09-15T01:55:40.137880,Siebenbrunnenfeldgasse,13,345776
2025-09-15T01:55:40.137880,Siebenbrunnenfeldgasse,13,346688
2025-09-15T01:55:40.137880,Siebenbrunnenfeldgasse,13,346642
2025-09-15T01:55:40.137880,Siebenbrunnenfeldgasse,13,346505
2025-09-15T01:55:40.137880,Siebenbrunnenfeldgasse,13,347432
2025-09-15T01:55:40.137880,Siebenbrunnenfeldgasse,13,347270
2025-09-15T01:55:40.137880,Siebenbrunnenfeldgasse,13,347226
2025-09-15T01:55:40.137880,Siebenbrunnenfeldgasse,13,347081
2025-09-15T01:55:40.137880,Siebenbrunnenfeldgasse,13,347022
2025-09-15T01:55:40.137880,Siebenbrunnenfeldgasse,13,347967
2025-09-15T01:55:40.137880,Siebenbrunnenfeldgasse,13,347712
2025-09-15T01:55:40.137880,Siebenbrunnenfeldgasse,13,347709
2025-09-15T01:55:40.137880,Siebenbrunnenfeldgasse,13,348520
2025-09-15T01:55:40.137880,Technisches Museum,22,345430
2025-09-15T01:55:40.137880,Technisches Museum,22,345358
2025-09-15T01:55:40.137880,Technisches Museum,22,345109
2025-09-15T01:55:40.137880,Technisches Museum,22,345946
2025-09-15T01:55:40.137880,Technisches Museum,22,345910
2025-09-15T01:55:40.137880,Technisches Museum,22,345620
2025-09-15T01:55:40.137880,Technisches Museum,22,345522
2025-09-15T01:55:40.137880,Technisches Museum,22,345521
2025-09-15T01:55:40.137880,Technisches Museum,22,346334
2025-09-15T01:55:40.137880,Technisches Museum,22,346231
2025-09-15T01:55:40.137880,Technisches Museum,22,346219
2025-09-15T01:55:40.137880,Technisches Museum,22,346150
2025-09-15T01:55:40.137880,Technisches Museum,22,346950
2025-09-15T01:55:40.137880,Technisches Museum,22,347481
2025-09-15T01:55:40.137880,Technisches Museum,22,347403
2025-09-15T01:55:40.137880,Technisches Museum,22,347273
2025-09-15T01:55:40.137880,Technisches Museum,22,348371
2025-09-15T01:55:40.137880,Technisches Museum,22,348358
2025-09-15T01:55:40.137880,Technisches Museum,22,348180
2025-09-15T01:55:40.137880,Technisches Museum,22,348711
2025-09-15T01:55:40.137880,Technisches Museum,22,348601
2025-09-15T01:55:40.137880,Technisches Museum,22,348573
2025-09-15T01:55:40.137880,Währinger Park,1,346862
2025-09-15T01:55:40.137880,Wendstattgasse,10,345101
2025-09-15T01:55:40.137880,Wendstattgasse,10,345884
2025-09-15T01:55:40.137880,Wendstattgasse,10,345832
2025-09-15T01:55:40.137880,Wendstattgasse,10,346026
2025-09-15T01:55:40.137880,Wendstattgasse,10,347377
2025-09-15T01:55:40.137880,Wendstattgasse,10,347921
2025-09-15T01:55:40.137880,Wendstattgasse,10,348292
2025-09-15T01:55:40.137880,Wendstattgasse,10,348223
2025-09-15T01:55:40.137880,Wendstattgasse,10,348144
2025-09-15T01:55:40.137880,Wendstattgasse,10,348540
2025-09-15T01:55:40.137880,Neilreichgasse,2,347368
2025-09-15T01:55:40.137880,Neilreichgasse,2,348698
2025-09-15T01:55:40.137880,Gutheil-Schoder-Gasse / Badner Bahn,3,345181
2025-09-15T01:55:40.137880,Gutheil-Schoder-Gasse / Badner Bahn,3,346999
2025-09-15T01:55:40.137880,Gutheil-Schoder-Gasse / Badner Bahn,3,346559
2025-09-15T01:55:40.137880,Neu Leopoldau,2,345300
2025-09-15T01:55:40.137880,Neu Leopoldau,2,349101
2025-09-15T01:55:40.137880,Strebersdorf S,16,345475
2025-09-15T01:55:40.137880,Strebersdorf S,16,345427
2025-09-15T01:55:40.137880,Strebersdorf S,16,345217
2025-09-15T01:55:40.137880,Strebersdorf S,16,345138
2025-09-15T01:55:40.137880,Strebersdorf S,16,345919
2025-09-15T01:55:40.137880,Strebersdorf S,16,345740
2025-09-15T01:55:40.137880,Strebersdorf S,16,345541
2025-09-15T01:55:40.137880,Strebersdorf S,16,346476
2025-09-15T01:55:40.137880,Strebersdorf S,16,346992
2025-09-15T01:55:40.137880,Strebersdorf S,16,346875
2025-09-15T01:55:40.137880,Strebersdorf S,16,347165
2025-09-15T01:55:40.137880,Strebersdorf S,16,347692
2025-09-15T01:55:40.137880,Strebersdorf S,16,347672
2025-09-15T01:55:40.137880,Strebersdorf S,16,347626
2025-09-15T01:55:40.137880,Strebersdorf S,16,347589
2025-09-15T01:55:40.137880,Strebersdorf S,16,348096
2025-09-15T01:55:40.137880,Rodlergasse,2,346552
2025-09-15T01:55:40.137880,Rodlergasse,2,349024
2025-09-15T01:55:40.137880,Nussbaumallee,4,346415
2025-09-15T01:55:40.137880,Nussbaumallee,4,347281
2025-09-15T01:55:40.137880,Nussbaumallee,4,347953
2025-09-15T01:55:40.137880,Nussbaumallee,4,348636
2025-09-15T01:55:40.137880,Raxstraße,7,345256
2025-09-15T01:55:40.137880,Raxstraße,7,346487
2025-09-15T01:55:40.137880,Raxstraße,7,346910
2025-09-15T01:55:40.137880,Raxstraße,7,346710
2025-09-15T01:55:40.137880,Raxstraße,7,348034
2025-09-15T01:55:40.137880,Raxstraße,7,398745
2025-09-15T01:55:40.137880,Raxstraße,7,349182
2025-09-15T01:55:40.137880,Joachimsthaler Platz,1,345846
2025-09-15T01:55:40.137880,Floridsdorfer Markt,2,345014
2025-09-15T01:55:40.137880,Floridsdorfer Markt,2,346661
2025-09-15T01:55:40.137880,Nussdorf S,20,345460
2025-09-15T01:55:40.137880,Nussdorf S,20,345410
2025-09-15T01:55:40.137880,Nussdorf S,20,345307
2025-09-15T01:55:40.137880,Nussdorf S,20,345103
2025-09-15T01:55:40.137880,Nussdorf S,20,345841
2025-09-15T01:55:40.137880,Nussdorf S,20,346396
2025-09-15T01:55:40.137880,Nussdorf S,20,346180
2025-09-15T01:55:40.137880,Nussdorf S,20,346082
2025-09-15T01:55:40.137880,Nussdorf S,20,346651
2025-09-15T01:55:40.137880,Nussdorf S,20,346560
2025-09-15T01:55:40.137880,Nussdorf S,20,347159
2025-09-15T01:55:40.137880,Nussdorf S,20,347101
2025-09-15T01:55:40.137880,Nussdorf S,20,348448
2025-09-15T01:55:40.137880,Nussdorf S,20,348334
2025-09-15T01:55:40.137880,Nussdorf S,20,348324
2025-09-15T01:55:40.137880,Nussdorf S,20,348267
2025-09-15T01:55:40.137880,Nussdorf S,20,348245
2025-09-15T01:55:40.137880,Nussdorf S,20,348031
2025-09-15T01:55:40.137880,Nussdorf S,20,349106
2025-09-15T01:55:40.137880,Nussdorf S,20,348874
2025-09-15T01:55:40.137880,Bertha-von-Suttner-Gasse,6,345152
2025-09-15T01:55:40.137880,Bertha-von-Suttner-Gasse,6,346018
2025-09-15T01:55:40.137880,Bertha-von-Suttner-Gasse,6,346887
2025-09-15T01:55:40.137880,Bertha-von-Suttner-Gasse,6,347392
2025-09-15T01:55:40.137880,Bertha-von-Suttner-Gasse,6,347144
2025-09-15T01:55:40.137880,Bertha-von-Suttner-Gasse,6,347856
2025-09-15T01:55:40.137880,Hauptbahnhof Ost,2,346913
2025-09-15T01:55:40.137880,Hauptbahnhof Ost,2,347525
2025-09-15T01:55:40.137880,FH Technikum,13,345290
2025-09-15T01:55:40.137880,FH Technikum,13,345037
2025-09-15T01:55:40.137880,FH Technikum,13,345759
2025-09-15T01:55:40.137880,FH Technikum,13,345510
2025-09-15T01:55:40.137880,FH Technikum,13,346135
2025-09-15T01:55:40.137880,FH Technikum,13,347416
2025-09-15T01:55:40.137880,FH Technikum,13,347094
2025-09-15T01:55:40.137880,FH Technikum,13,347790
2025-09-15T01:55:40.137880,FH Technikum,13,348444
2025-09-15T01:55:40.137880,FH Technikum,13,348429
2025-09-15T01:55:40.137880,FH Technikum,13,348350
2025-09-15T01:55:40.137880,FH Technikum,13,348329
2025-09-15T01:55:40.137880,FH Technikum,13,348116
2025-09-15T01:55:40.137880,Hafen Wien,14,345991
2025-09-15T01:55:40.137880,Hafen Wien,14,346498
2025-09-15T01:55:40.137880,Hafen Wien,14,346165
2025-09-15T01:55:40.137880,Hafen Wien,14,346864
2025-09-15T01:55:40.137880,Hafen Wien,14,346729
2025-09-15T01:55:40.137880,Hafen Wien,14,346556
2025-09-15T01:55:40.137880,Hafen Wien,14,347415
2025-09-15T01:55:40.137880,Hafen Wien,14,347289
2025-09-15T01:55:40.137880,Hafen Wien,14,347286
2025-09-15T01:55:40.137880,Hafen Wien,14,347248
2025-09-15T01:55:40.137880,Hafen Wien,14,347670
2025-09-15T01:55:40.137880,Hafen Wien,14,347588
2025-09-15T01:55:40.137880,Hafen Wien,14,348064
2025-09-15T01:55:40.137880,Hafen Wien,14,398734
2025-09-15T01:55:40.137880,Seestadt U - Lina-Bo-Bardi-Platz,11,345269
2025-09-15T01:55:40.137880,Seestadt U - Lina-Bo-Bardi-Platz,11,345259
2025-09-15T01:55:40.137880,Seestadt U - Lina-Bo-Bardi-Platz,11,345022
2025-09-15T01:55:40.137880,Seestadt U - Lina-Bo-Bardi-Platz,11,345801
2025-09-15T01:55:40.137880,Seestadt U - Lina-Bo-Bardi-Platz,11,345547
2025-09-15T01:55:40.137880,Seestadt U - Lina-Bo-Bardi-Platz,11,346427
2025-09-15T01:55:40.137880,Seestadt U - Lina-Bo-Bardi-Platz,11,346252
2025-09-15T01:55:40.137880,Seestadt U - Lina-Bo-Bardi-Platz,11,346878
2025-09-15T01:55:40.137880,Seestadt U - Lina-Bo-Bardi-Platz,11,347198
2025-09-15T01:55:40.137880,Seestadt U - Lina-Bo-Bardi-Platz,11,347858
2025-09-15T01:55:40.137880,Seestadt U - Lina-Bo-Bardi-Platz,11,348310
2025-09-15T01:55:40.137880,Barbara-Prammer-Allee,13,345486
2025-09-15T01:55:40.137880,Barbara-Prammer-Allee,13,345407
2025-09-15T01:55:40.137880,Barbara-Prammer-Allee,13,345102
2025-09-15T01:55:40.137880,Barbara-Prammer-Allee,13,345054
2025-09-15T01:55:40.137880,Barbara-Prammer-Allee,13,345902
2025-09-15T01:55:40.137880,Barbara-Prammer-Allee,13,346461
2025-09-15T01:55:40.137880,Barbara-Prammer-Allee,13,346332
2025-09-15T01:55:40.137880,Barbara-Prammer-Allee,13,346259
2025-09-15T01:55:40.137880,Barbara-Prammer-Allee,13,346056
2025-09-15T01:55:40.137880,Barbara-Prammer-Allee,13,346690
2025-09-15T01:55:40.137880,Barbara-Prammer-Allee,13,348072
2025-09-15T01:55:40.137880,Barbara-Prammer-Allee,13,348679
2025-09-15T01:55:40.137880,Barbara-Prammer-Allee,13,348550
2025-09-15T01:55:40.137880,Sonnenallee,2,347171
2025-09-15T01:55:40.137880,Sonnenallee,2,347891
2025-09-15T01:55:40.137880,AIT Austrian Institute of Technology / Giefinggasse ,9,345815
2025-09-15T01:55:40.137880,AIT Austrian Institute of Technology / Giefinggasse ,9,345629
2025-09-15T01:55:40.137880,AIT Austrian Institute of Technology / Giefinggasse ,9,346172
2025-09-15T01:55:40.137880,AIT Austrian Institute of Technology / Giefinggasse ,9,346907
2025-09-15T01:55:40.137880,AIT Austrian Institute of Technology / Giefinggasse ,9,346524
2025-09-15T01:55:40.137880,AIT Austrian Institute of Technology / Giefinggasse ,9,348468
2025-09-15T01:55:40.137880,AIT Austrian Institute of Technology / Giefinggasse ,9,348151
2025-09-15T01:55:40.137880,AIT Austrian Institute of Technology / Giefinggasse ,9,348056
2025-09-15T01:55:40.137880,AIT Austrian Institute of Technology / Giefinggasse ,9,348023
2025-09-15T01:55:40.137880,Hannovermarkt (20),3,346097
2025-09-15T01:55:40.137880,Hannovermarkt (20),3,348364
2025-09-15T01:55:40.137880,Hannovermarkt (20),3,348037
2025-09-15T01:55:40.137880,Blériotgasse,7,345461
2025-09-15T01:55:40.137880,Blériotgasse,7,345204
2025-09-15T01:55:40.137880,Blériotgasse,7,346881
2025-09-15T01:55:40.137880,Blériotgasse,7,347219
2025-09-15T01:55:40.137880,Blériotgasse,7,347853
2025-09-15T01:55:40.137880,Blériotgasse,7,347852
2025-09-15T01:55:40.137880,Blériotgasse,7,347575
2025-09-15T01:55:40.137880,Vetmed Haupteingang,19,345466
2025-09-15T01:55:40.137880,Vetmed Haupteingang,19,345385
2025-09-15T01:55:40.137880,Vetmed Haupteingang,19,345368
2025-09-15T01:55:40.137880,Vetmed Haupteingang,19,345241
2025-09-15T01:55:40.137880,Vetmed Haupteingang,19,345015
2025-09-15T01:55:40.137880,Vetmed Haupteingang,19,345765
2025-09-15T01:55:40.137880,Vetmed Haupteingang,19,346439
2025-09-15T01:55:40.137880,Vetmed Haupteingang,19,346435
2025-09-15T01:55:40.137880,Vetmed Haupteingang,19,346425
2025-09-15T01:55:40.137880,Vetmed Haupteingang,19,346361
2025-09-15T01:55:40.137880,Vetmed Haupteingang,19,346247
2025-09-15T01:55:40.137880,Vetmed Haupteingang,19,346203
2025-09-15T01:55:40.137880,Vetmed Haupteingang,19,346974
2025-09-15T01:55:40.137880,Vetmed Haupteingang,19,347848
2025-09-15T01:55:40.137880,Vetmed Haupteingang,19,348435
2025-09-15T01:55:40.137880,Vetmed Haupteingang,19,348404
2025-09-15T01:55:40.137880,Vetmed Haupteingang,19,348222
2025-09-15T01:55:40.137880,Vetmed Haupteingang,19,348193
2025-09-15T01:55:40.137880,Vetmed Haupteingang,19,348040
2025-09-15T01:55:40.137880,Vetmed UB,5,346098
2025-09-15T01:55:40.137880,Vetmed UB,5,346723
2025-09-15T01:55:40.137880,Vetmed UB,5,348498
2025-09-15T01:55:40.137880,Vetmed UB,5,348093
2025-09-15T01:55:40.137880,Vetmed UB,5,348086
2025-09-15T01:55:40.137880,Rebhanngasse / Nordbahnstrasse,16,345299
2025-09-15T01:55:40.137880,Rebhanngasse / Nordbahnstrasse,16,345266
2025-09-15T01:55:40.137880,Rebhanngasse / Nordbahnstrasse,16,345207
2025-09-15T01:55:40.137880,Rebhanngasse / Nordbahnstrasse,16,345924
2025-09-15T01:55:40.137880,Rebhanngasse / Nordbahnstrasse,16,345502
2025-09-15T01:55:40.137880,Rebhanngasse / Nordbahnstrasse,16,346386
2025-09-15T01:55:40.137880,Rebhanngasse / Nordbahnstrasse,16,346167
2025-09-15T01:55:40.137880,Rebhanngasse / Nordbahnstrasse,16,346144
2025-09-15T01:55:40.137880,Rebhanngasse / Nordbahnstrasse,16,346807
2025-09-15T01:55:40.137880,Rebhanngasse / Nordbahnstrasse,16,347239
2025-09-15T01:55:40.137880,Rebhanngasse / Nordbahnstrasse,16,347890
2025-09-15T01:55:40.137880,Rebhanngasse / Nordbahnstrasse,16,347643
2025-09-15T01:55:40.137880,Rebhanngasse / Nordbahnstrasse,16,348270
2025-09-15T01:55:40.137880,Rebhanngasse / Nordbahnstrasse,16,348162
2025-09-15T01:55:40.137880,Rebhanngasse / Nordbahnstrasse,16,398741
2025-09-15T01:55:40.137880,Rebhanngasse / Nordbahnstrasse,16,348845
2025-09-15T01:55:40.137880,Karl Tornay Gasse ,17,345147
2025-09-15T01:55:40.137880,Karl Tornay Gasse ,17,345989
2025-09-15T01:55:40.137880,Karl Tornay Gasse ,17,345567
2025-09-15T01:55:40.137880,Karl Tornay Gasse ,17,345507
2025-09-15T01:55:40.137880,Karl Tornay Gasse ,17,346224
2025-09-15T01:55:40.137880,Karl Tornay Gasse ,17,346195
2025-09-15T01:55:40.137880,Karl Tornay Gasse ,17,346194
2025-09-15T01:55:40.137880,Karl Tornay Gasse ,17,346832
2025-09-15T01:55:40.137880,Karl Tornay Gasse ,17,346644
2025-09-15T01:55:40.137880,Karl Tornay Gasse ,17,346514
2025-09-15T01:55:40.137880,Karl Tornay Gasse ,17,347434
2025-09-15T01:55:40.137880,Karl Tornay Gasse ,17,347149
2025-09-15T01:55:40.137880,Karl Tornay Gasse ,17,347735
2025-09-15T01:55:40.137880,Karl Tornay Gasse ,17,347648
2025-09-15T01:55:40.137880,Karl Tornay Gasse ,17,348421
2025-09-15T01:55:40.137880,Karl Tornay Gasse ,17,348164
2025-09-15T01:55:40.137880,Karl Tornay Gasse ,17,348651
2025-09-15T01:55:40.137880,BIKE 347945,1,347945
2025-09-15T01:55:40.137880,BIKE 346847,1,346847
2025-09-15T01:55:40.137880,BIKE 348188,1,348188
2025-09-15T01:55:40.137880,BIKE 99946,1,99946
2025-09-15T01:55:40.137880,BIKE 345126,1,345126
2025-09-15T01:55:40.137880,BIKE 348983,1,348983
2025-09-15T01:55:40.137880,BIKE 349074,1,349074
2025-09-15T01:55:40.137880,BIKE 348351,1,348351
2025-09-15T01:55:40.137880,BIKE 348621,1,348621
2025-09-15T01:55:40.137880,BIKE 348613,1,348613
2025-09-15T01:55:40.137880,BIKE 346727,1,346727
2025-09-15T01:55:40.137880,BIKE 346883,1,346883
2025-09-15T01:55:40.137880,BIKE 345480,1,345480
2025-09-15T01:55:40.137880,BIKE 345351,1,345351
2025-09-15T01:55:40.137880,BIKE 347706,1,347706
2025-09-15T01:55:40.137880,BIKE 345490,1,345490
2025-09-15T01:55:40.137880,BIKE 346775,1,346775
2025-09-15T01:55:40.137880,BIKE 345891,1,345891
2025-09-15T01:55:40.137880,BIKE 347962,1,347962
2025-09-15T01:55:40.137880,BIKE 346011,1,346011
2025-09-15T01:55:40.137880,BIKE 345997,1,345997
2025-09-15T01:55:40.137880,BIKE 348272,1,348272
2025-09-15T01:55:40.137880,BIKE 348123,1,348123
2025-09-15T01:55:40.137880,BIKE 347058,1,347058
2025-09-15T01:55:40.137880,BIKE 348559,1,348559
2025-09-15T01:55:40.137880,BIKE 347609,1,347609
2025-09-15T01:55:40.137880,BIKE 348625,1,348625
2025-09-15T01:55:40.137880,BIKE 347764,1,347764
2025-09-15T01:55:40.137880,BIKE 348177,1,348177
2025-09-15T01:55:40.137880,BIKE 345244,1,345244
2025-09-15T01:55:40.137880,BIKE 348707,1,348707
2025-09-15T01:55:40.137880,BIKE 346233,1,346233
2025-09-15T01:55:40.137880,BIKE 345134,1,345134
2025-09-15T01:55:40.137880,BIKE 346470,1,346470
2025-09-15T01:55:40.137880,BIKE 347235,1,347235
2025-09-15T01:55:40.137880,BIKE 346825,1,346825
2025-09-15T01:55:40.137880,BIKE 347946,1,347946
2025-09-15T01:55:40.137880,BIKE 347265,1,347265
2025-09-15T01:55:40.137880,BIKE 345665,1,345665
2025-09-15T01:55:40.137880,BIKE 346991,1,346991
2025-09-15T01:55:40.137880,BIKE 346739,1,346739
2025-09-15T01:55:40.137880,BIKE 347704,1,347704
2025-09-15T01:55:40.137880,BIKE 347873,1,347873
2025-09-15T01:55:40.137880,BIKE 348506,1,348506
2025-09-15T01:55:40.137880,BIKE 345106,1,345106
2025-09-15T01:55:40.137880,BIKE 347062,1,347062
2025-09-15T01:55:40.137880,BIKE 348669,1,348669
2025-09-15T01:55:40.137880,BIKE 348171,1,348171
2025-09-15T01:55:40.137880,BIKE 348553,1,348553
2025-09-15T01:55:40.137880,BIKE 345294,1,345294
2025-09-15T01:55:40.137880,BIKE 345953,1,345953
2025-09-15T01:55:40.137880,BIKE 346434,1,346434
2025-09-15T01:55:40.137880,BIKE 345585,1,345585
2025-09-15T01:55:40.137880,BIKE 345950,1,345950
2025-09-15T01:55:40.137880,BIKE 349172,1,349172
2025-09-15T01:55:40.137880,BIKE 346331,1,346331
2025-09-15T01:55:40.137880,BIKE 348000,1,348000
2025-09-15T01:55:40.137880,BIKE 345811,1,345811
2025-09-15T01:55:40.137880,BIKE 348482,1,348482
2025-09-15T01:55:40.137880,BIKE 348333,1,348333
2025-09-15T01:55:40.137880,BIKE 348010,1,348010
2025-09-15T01:55:40.137880,BIKE 348897,1,348897
2025-09-15T01:55:40.137880,BIKE 348518,1,348518
2025-09-15T01:55:40.137880,BIKE 345391,1,345391
2025-09-15T01:55:40.137880,BIKE 345431,1,345431
2025-09-15T01:55:40.137880,BIKE 345767,1,345767
2025-09-15T01:55:40.137880,BIKE 347728,1,347728
2025-09-15T01:55:40.137880,BIKE 345883,1,345883
2025-09-15T01:55:40.137880,BIKE 345381,1,345381
2025-09-15T01:55:40.137880,BIKE 347741,1,347741
2025-09-15T01:55:40.137880,BIKE 346432,1,346432
2025-09-15T01:55:40.137880,BIKE 346889,1,346889
2025-09-15T01:55:40.137880,BIKE 348385,1,348385
2025-09-15T01:55:40.137880,BIKE 345066,1,345066
2025-09-15T01:55:40.137880,BIKE 348655,1,348655
2025-09-15T01:55:40.137880,BIKE 348596,1,348596
2025-09-15T01:55:40.137880,BIKE 348570,1,348570
2025-09-15T01:55:40.137880,BIKE 348690,1,348690
2025-09-15T01:55:40.137880,BIKE 348239,1,348239
2025-09-15T01:55:40.137880,BIKE 348455,1,348455
2025-09-15T01:55:40.137880,BIKE 346565,1,346565
2025-09-15T01:55:40.137880,BIKE 346019,1,346019
2025-09-15T01:55:40.137880,BIKE 348406,1,348406
2025-09-15T01:55:40.137880,BIKE 398721,1,398721
2025-09-15T01:55:40.137880,BIKE 345572,1,345572
2025-09-15T01:55:40.137880,BIKE 347025,1,347025
2025-09-15T01:55:40.137880,BIKE 346563,1,346563
2025-09-15T01:55:40.137880,BIKE 345265,1,345265
2025-09-15T01:55:40.137880,BIKE 347018,1,347018
2025-09-15T01:55:40.137880,BIKE 348641,1,348641
2025-09-15T01:55:40.137880,BIKE 345588,1,345588
2025-09-15T01:55:40.137880,BIKE 347803,1,347803
2025-09-15T01:55:40.137880,BIKE 347718,1,347718
2025-09-15T01:55:40.137880,BIKE 348509,1,348509
2025-09-15T01:55:40.137880,BIKE 347755,1,347755
2025-09-15T01:55:40.137880,BIKE 345728,1,345728
2025-09-15T01:55:40.137880,BIKE 346428,1,346428
2025-09-15T01:55:40.137880,BIKE 346438,1,346438
2025-09-15T01:55:40.137880,BIKE 348477,1,348477
2025-09-15T01:55:40.137880,BIKE 346703,1,346703
2025-09-15T01:55:40.137880,BIKE 347020,1,347020
2025-09-15T01:55:40.137880,BIKE 346809,1,346809
2025-09-15T01:55:40.137880,BIKE 348541,1,348541
2025-09-15T01:55:40.137880,BIKE 345166,1,345166
2025-09-15T01:55:40.137880,BIKE 348522,1,348522
2025-09-15T01:55:40.137880,BIKE 346820,1,346820
2025-09-15T01:55:40.137880,BIKE 347393,1,347393
2025-09-15T01:55:40.137880,BIKE 348639,1,348639
2025-09-15T01:55:40.137880,BIKE 347090,1,347090
2025-09-15T01:55:40.137880,BIKE 345818,1,345818
2025-09-15T01:55:40.137880,BIKE 347633,1,347633
2025-09-15T01:55:40.137880,BIKE 346520,1,346520
2025-09-15T01:55:40.137880,BIKE 345001,1,345001
2025-09-15T01:55:40.137880,BIKE 347984,1,347984
2025-09-15T01:55:40.137880,BIKE 346013,1,346013
2025-09-15T01:55:40.137880,BIKE 346536,1,346536
2025-09-15T01:55:40.137880,BIKE 346468,1,346468
2025-09-15T01:55:40.137880,BIKE 346121,1,346121
2025-09-15T01:55:40.137880,BIKE 345159,1,345159
2025-09-15T01:55:40.137880,BIKE 346582,1,346582
2025-09-15T01:55:40.137880,BIKE 345023,1,345023
2025-09-15T01:55:40.137880,BIKE 347629,1,347629
2025-09-15T01:55:40.137880,BIKE 346009,1,346009
2025-09-15T01:55:40.137880,BIKE 345751,1,345751
2025-09-15T01:55:40.137880,BIKE 346605,1,346605
2025-09-15T01:55:40.137880,BIKE 348394,1,348394
2025-09-15T01:55:40.137880,BIKE 348434,1,348434
2025-09-15T01:55:40.137880,BIKE 345004,1,345004
2025-09-15T01:55:40.137880,BIKE 345643,1,345643
2025-09-15T01:55:40.137880,BIKE 347582,1,347582
2025-09-15T01:55:40.137880,BIKE 347275,1,347275
2025-09-15T01:55:40.137880,BIKE 346664,1,346664
2025-09-15T01:55:40.137880,BIKE 346380,1,346380
2025-09-15T01:55:40.137880,BIKE 347151,1,347151
2025-09-15T01:55:40.137880,BIKE 345258,1,345258
2025-09-15T01:55:40.137880,BIKE 347294,1,347294
2025-09-15T01:55:40.137880,BIKE 346445,1,346445
2025-09-15T01:55:40.137880,BIKE 348085,1,348085
2025-09-15T01:55:40.137880,BIKE 347443,1,347443
2025-09-15T01:55:40.137880,BIKE 347468,1,347468
2025-09-15T01:55:40.137880,BIKE 347173,1,347173
2025-09-15T01:55:40.137880,BIKE 347426,1,347426
2025-09-15T01:55:40.137880,BIKE 347059,1,347059
2025-09-15T01:55:40.137880,BIKE 345913,1,345913
2025-09-15T01:55:40.137880,BIKE 348991,1,348991
2025-09-15T01:55:40.137880,BIKE 347581,1,347581
2025-09-15T01:55:40.137880,BIKE 347603,1,347603
2025-09-15T01:55:40.137880,BIKE 348208,1,348208
2025-09-15T01:55:40.137880,BIKE 348059,1,348059
2025-09-15T01:55:40.137880,BIKE 347658,1,347658
2025-09-15T01:55:40.137880,BIKE 345980,1,345980
2025-09-15T01:55:40.137880,BIKE 347674,1,347674
2025-09-15T01:55:40.137880,BIKE 348955,1,348955
2025-09-15T01:55:40.137880,BIKE 345403,1,345403
2025-09-15T01:55:40.137880,BIKE 345826,1,345826
2025-09-15T01:55:40.137880,BIKE 345926,1,345926
2025-09-15T01:55:40.137880,BIKE 345032,1,345032
2025-09-15T01:55:40.137880,BIKE 346139,1,346139
2025-09-15T01:55:40.137880,BIKE 345249,1,345249
2025-09-15T01:55:40.137880,BIKE 347562,1,347562
2025-09-15T01:55:40.137880,BIKE 349031,1,349031
2025-09-15T01:55:40.137880,BIKE 345610,1,345610
2025-09-15T01:55:40.137880,BIKE 349129,1,349129
2025-09-15T01:55:40.137880,BIKE 349198,1,349198
2025-09-15T01:55:40.137880,BIKE 349021,1,349021
2025-09-15T01:55:40.137880,BIKE 348340,1,348340
2025-09-15T01:55:40.137880,BIKE 345321,1,345321
2025-09-15T01:55:40.137880,BIKE 347520,1,347520
2025-09-15T01:55:40.137880,BIKE 347691,1,347691
2025-09-15T01:55:40.137880,BIKE 345220,1,345220
2025-09-15T01:55:40.137880,BIKE 349033,1,349033
2025-09-15T01:55:40.137880,BIKE 349075,1,349075
2025-09-15T01:55:40.137880,BIKE 345137,1,345137
2025-09-15T01:55:40.137880,BIKE 347998,1,347998
2025-09-15T01:55:40.137880,BIKE 348470,1,348470
2025-09-15T01:55:40.137880,BIKE 348341,1,348341
2025-09-15T01:55:40.137880,BIKE 348167,1,348167
2025-09-15T01:55:40.137880,BIKE 345378,1,345378
2025-09-15T01:55:40.137880,BIKE 349097,1,349097
2025-09-15T01:55:40.137880,BIKE 346463,1,346463
2025-09-15T01:55:40.137880,BIKE 346919,1,346919
2025-09-15T01:55:40.137880,BIKE 349121,1,349121
2025-09-15T01:55:40.137880,BIKE 349116,1,349116
2025-09-15T01:55:40.137880,BIKE 348997,1,348997
2025-09-15T01:55:40.137880,BIKE 349186,1,349186
2025-09-15T01:55:40.137880,BIKE 349071,1,349071
2025-09-15T01:55:40.137880,BIKE 349096,1,349096
2025-09-15T01:55:40.137880,BIKE 347012,1,347012
2025-09-15T01:55:40.137880,BIKE 349008,1,349008
2025-09-15T01:55:40.137880,BIKE 348418,1,348418
2025-09-15T01:55:40.137880,BIKE 349157,1,349157
2025-09-15T01:55:40.137880,BIKE 348836,1,348836
2025-09-15T01:55:40.137880,BIKE 347594,1,347594
2025-09-15T01:55:40.137880,BIKE 345590,1,345590
2025-09-15T01:55:40.137880,BIKE 346088,1,346088
2025-09-15T01:55:40.137880,BIKE 347505,1,347505
2025-09-15T01:55:40.137880,BIKE 348804,1,348804
2025-09-15T01:55:40.137880,BIKE 348993,1,348993
2025-09-15T01:55:40.137880,BIKE 349110,1,349110
2025-09-15T01:55:40.137880,BIKE 348926,1,348926
2025-09-15T01:55:40.137880,BIKE 345239,1,345239
2025-09-15T01:55:40.137880,BIKE 348819,1,348819
2025-09-15T01:55:40.137880,BIKE 349099,1,349099
2025-09-15T01:55:40.137880,BIKE 349018,1,349018
2025-09-15T01:55:40.137880,BIKE 348919,1,348919
2025-09-15T01:55:40.137880,BIKE 348992,1,348992
2025-09-15T01:55:40.137880,BIKE 348916,1,348916
2025-09-15T01:55:40.137880,BIKE 349151,1,349151
2025-09-15T01:55:40.137880,BIKE 348849,1,348849
2025-09-15T01:55:40.137880,BIKE 349058,1,349058
2025-09-15T01:55:40.137880,BIKE 349173,1,349173
2025-09-15T01:55:40.137880,BIKE 346797,1,346797
2025-09-15T01:55:40.137880,BIKE 348833,1,348833
2025-09-15T01:55:40.137880,BIKE 348949,1,348949
2025-09-15T01:55:40.137880,BIKE 349105,1,349105
2025-09-15T01:55:40.137880,BIKE 349118,1,349118
2025-09-15T01:55:40.137880,BIKE 348977,1,348977
2025-09-15T01:55:40.137880,BIKE 349136,1,349136
2025-09-15T01:55:40.137880,BIKE 348942,1,348942
2025-09-15T01:55:40.137880,BIKE 348813,1,348813
2025-09-15T01:55:40.137880,BIKE 348829,1,348829
2025-09-15T01:55:40.137880,BIKE 348985,1,348985
2025-09-15T01:55:40.137880,BIKE 349127,1,349127
