timestamp,place_name,num_bikes,bike_number
2026-08-30T00:48:36.672129,Julius-Raab-Platz,20,345138
2026-08-30T00:48:36.672129,Julius-Raab-Platz,20,345045
2026-08-30T00:48:36.672129,Julius-Raab-Platz,20,345778
2026-08-30T00:48:36.672129,Julius-Raab-Platz,20,345664
2026-08-30T00:48:36.672129,Julius-Raab-Platz,20,346369
2026-08-30T00:48:36.672129,Julius-Raab-Platz,20,346313
2026-08-30T00:48:36.672129,Julius-Raab-Platz,20,346016
2026-08-30T00:48:36.672129,Julius-Raab-Platz,20,346622
2026-08-30T00:48:36.672129,Julius-Raab-Platz,20,347417
2026-08-30T00:48:36.672129,Julius-Raab-Platz,20,347921
2026-08-30T00:48:36.672129,Julius-Raab-Platz,20,347855
2026-08-30T00:48:36.672129,Julius-Raab-Platz,20,347738
2026-08-30T00:48:36.672129,Julius-Raab-Platz,20,347725
2026-08-30T00:48:36.672129,Julius-Raab-Platz,20,348495
2026-08-30T00:48:36.672129,Julius-Raab-Platz,20,348459
2026-08-30T00:48:36.672129,Julius-Raab-Platz,20,348432
2026-08-30T00:48:36.672129,Julius-Raab-Platz,20,348393
2026-08-30T00:48:36.672129,Julius-Raab-Platz,20,348164
2026-08-30T00:48:36.672129,Julius-Raab-Platz,20,348096
2026-08-30T00:48:36.672129,Julius-Raab-Platz,20,348039
2026-08-30T00:48:36.672129,Hoher Markt,7,345463
2026-08-30T00:48:36.672129,Hoher Markt,7,345784
2026-08-30T00:48:36.672129,Hoher Markt,7,346692
2026-08-30T00:48:36.672129,Hoher Markt,7,347276
2026-08-30T00:48:36.672129,Hoher Markt,7,347938
2026-08-30T00:48:36.672129,Hoher Markt,7,347788
2026-08-30T00:48:36.672129,Hoher Markt,7,348132
2026-08-30T00:48:36.672129,Oper / Karlsplatz U,21,345487
2026-08-30T00:48:36.672129,Oper / Karlsplatz U,21,345220
2026-08-30T00:48:36.672129,Oper / Karlsplatz U,21,345169
2026-08-30T00:48:36.672129,Oper / Karlsplatz U,21,345993
2026-08-30T00:48:36.672129,Oper / Karlsplatz U,21,345733
2026-08-30T00:48:36.672129,Oper / Karlsplatz U,21,345620
2026-08-30T00:48:36.672129,Oper / Karlsplatz U,21,345615
2026-08-30T00:48:36.672129,Oper / Karlsplatz U,21,346375
2026-08-30T00:48:36.672129,Oper / Karlsplatz U,21,346245
2026-08-30T00:48:36.672129,Oper / Karlsplatz U,21,346111
2026-08-30T00:48:36.672129,Oper / Karlsplatz U,21,346781
2026-08-30T00:48:36.672129,Oper / Karlsplatz U,21,346774
2026-08-30T00:48:36.672129,Oper / Karlsplatz U,21,346731
2026-08-30T00:48:36.672129,Oper / Karlsplatz U,21,347366
2026-08-30T00:48:36.672129,Oper / Karlsplatz U,21,347255
2026-08-30T00:48:36.672129,Oper / Karlsplatz U,21,347794
2026-08-30T00:48:36.672129,Oper / Karlsplatz U,21,347508
2026-08-30T00:48:36.672129,Oper / Karlsplatz U,21,348291
2026-08-30T00:48:36.672129,Oper / Karlsplatz U,21,348230
2026-08-30T00:48:36.672129,Oper / Karlsplatz U,21,348647
2026-08-30T00:48:36.672129,Oper / Karlsplatz U,21,348546
2026-08-30T00:48:36.672129,Ring / Volkstheater U,1,345857
2026-08-30T00:48:36.672129,Taborstraße U,35,345413
2026-08-30T00:48:36.672129,Taborstraße U,35,345385
2026-08-30T00:48:36.672129,Taborstraße U,35,345380
2026-08-30T00:48:36.672129,Taborstraße U,35,345303
2026-08-30T00:48:36.672129,Taborstraße U,35,345285
2026-08-30T00:48:36.672129,Taborstraße U,35,345189
2026-08-30T00:48:36.672129,Taborstraße U,35,345088
2026-08-30T00:48:36.672129,Taborstraße U,35,345046
2026-08-30T00:48:36.672129,Taborstraße U,35,345019
2026-08-30T00:48:36.672129,Taborstraße U,35,345840
2026-08-30T00:48:36.672129,Taborstraße U,35,345803
2026-08-30T00:48:36.672129,Taborstraße U,35,345801
2026-08-30T00:48:36.672129,Taborstraße U,35,345766
2026-08-30T00:48:36.672129,Taborstraße U,35,345748
2026-08-30T00:48:36.672129,Taborstraße U,35,345583
2026-08-30T00:48:36.672129,Taborstraße U,35,345510
2026-08-30T00:48:36.672129,Taborstraße U,35,346448
2026-08-30T00:48:36.672129,Taborstraße U,35,346101
2026-08-30T00:48:36.672129,Taborstraße U,35,346800
2026-08-30T00:48:36.672129,Taborstraße U,35,346564
2026-08-30T00:48:36.672129,Taborstraße U,35,346547
2026-08-30T00:48:36.672129,Taborstraße U,35,347054
2026-08-30T00:48:36.672129,Taborstraße U,35,347907
2026-08-30T00:48:36.672129,Taborstraße U,35,347844
2026-08-30T00:48:36.672129,Taborstraße U,35,347777
2026-08-30T00:48:36.672129,Taborstraße U,35,347620
2026-08-30T00:48:36.672129,Taborstraße U,35,347587
2026-08-30T00:48:36.672129,Taborstraße U,35,347510
2026-08-30T00:48:36.672129,Taborstraße U,35,348451
2026-08-30T00:48:36.672129,Taborstraße U,35,348363
2026-08-30T00:48:36.672129,Taborstraße U,35,348156
2026-08-30T00:48:36.672129,Taborstraße U,35,348566
2026-08-30T00:48:36.672129,Taborstraße U,35,349636
2026-08-30T00:48:36.672129,Taborstraße U,35,349628
2026-08-30T00:48:36.672129,Taborstraße U,35,349274
2026-08-30T00:48:36.672129,WU-Campus / Südportalstraße ,21,345114
2026-08-30T00:48:36.672129,WU-Campus / Südportalstraße ,21,345053
2026-08-30T00:48:36.672129,WU-Campus / Südportalstraße ,21,345034
2026-08-30T00:48:36.672129,WU-Campus / Südportalstraße ,21,345715
2026-08-30T00:48:36.672129,WU-Campus / Südportalstraße ,21,346492
2026-08-30T00:48:36.672129,WU-Campus / Südportalstraße ,21,346477
2026-08-30T00:48:36.672129,WU-Campus / Südportalstraße ,21,346367
2026-08-30T00:48:36.672129,WU-Campus / Südportalstraße ,21,346352
2026-08-30T00:48:36.672129,WU-Campus / Südportalstraße ,21,346105
2026-08-30T00:48:36.672129,WU-Campus / Südportalstraße ,21,346028
2026-08-30T00:48:36.672129,WU-Campus / Südportalstraße ,21,346010
2026-08-30T00:48:36.672129,WU-Campus / Südportalstraße ,21,346764
2026-08-30T00:48:36.672129,WU-Campus / Südportalstraße ,21,347437
2026-08-30T00:48:36.672129,WU-Campus / Südportalstraße ,21,347358
2026-08-30T00:48:36.672129,WU-Campus / Südportalstraße ,21,347069
2026-08-30T00:48:36.672129,WU-Campus / Südportalstraße ,21,347981
2026-08-30T00:48:36.672129,WU-Campus / Südportalstraße ,21,347827
2026-08-30T00:48:36.672129,WU-Campus / Südportalstraße ,21,348356
2026-08-30T00:48:36.672129,WU-Campus / Südportalstraße ,21,348174
2026-08-30T00:48:36.672129,WU-Campus / Südportalstraße ,21,348685
2026-08-30T00:48:36.672129,WU-Campus / Südportalstraße ,21,349500
2026-08-30T00:48:36.672129,Radetzkyplatz,15,345349
2026-08-30T00:48:36.672129,Radetzkyplatz,15,345710
2026-08-30T00:48:36.672129,Radetzkyplatz,15,345624
2026-08-30T00:48:36.672129,Radetzkyplatz,15,346994
2026-08-30T00:48:36.672129,Radetzkyplatz,15,346762
2026-08-30T00:48:36.672129,Radetzkyplatz,15,346656
2026-08-30T00:48:36.672129,Radetzkyplatz,15,346503
2026-08-30T00:48:36.672129,Radetzkyplatz,15,347380
2026-08-30T00:48:36.672129,Radetzkyplatz,15,347128
2026-08-30T00:48:36.672129,Radetzkyplatz,15,347106
2026-08-30T00:48:36.672129,Radetzkyplatz,15,347056
2026-08-30T00:48:36.672129,Radetzkyplatz,15,347998
2026-08-30T00:48:36.672129,Radetzkyplatz,15,347600
2026-08-30T00:48:36.672129,Radetzkyplatz,15,347548
2026-08-30T00:48:36.672129,Radetzkyplatz,15,349548
2026-08-30T00:48:36.672129,Erdberg U,36,345444
2026-08-30T00:48:36.672129,Erdberg U,36,345343
2026-08-30T00:48:36.672129,Erdberg U,36,345321
2026-08-30T00:48:36.672129,Erdberg U,36,345271
2026-08-30T00:48:36.672129,Erdberg U,36,345075
2026-08-30T00:48:36.672129,Erdberg U,36,345963
2026-08-30T00:48:36.672129,Erdberg U,36,345904
2026-08-30T00:48:36.672129,Erdberg U,36,345567
2026-08-30T00:48:36.672129,Erdberg U,36,345565
2026-08-30T00:48:36.672129,Erdberg U,36,346422
2026-08-30T00:48:36.672129,Erdberg U,36,346169
2026-08-30T00:48:36.672129,Erdberg U,36,346108
2026-08-30T00:48:36.672129,Erdberg U,36,346003
2026-08-30T00:48:36.672129,Erdberg U,36,346924
2026-08-30T00:48:36.672129,Erdberg U,36,346902
2026-08-30T00:48:36.672129,Erdberg U,36,346867
2026-08-30T00:48:36.672129,Erdberg U,36,346865
2026-08-30T00:48:36.672129,Erdberg U,36,346772
2026-08-30T00:48:36.672129,Erdberg U,36,346706
2026-08-30T00:48:36.672129,Erdberg U,36,346645
2026-08-30T00:48:36.672129,Erdberg U,36,346627
2026-08-30T00:48:36.672129,Erdberg U,36,347450
2026-08-30T00:48:36.672129,Erdberg U,36,347215
2026-08-30T00:48:36.672129,Erdberg U,36,347129
2026-08-30T00:48:36.672129,Erdberg U,36,347014
2026-08-30T00:48:36.672129,Erdberg U,36,348429
2026-08-30T00:48:36.672129,Erdberg U,36,348331
2026-08-30T00:48:36.672129,Erdberg U,36,348325
2026-08-30T00:48:36.672129,Erdberg U,36,348270
2026-08-30T00:48:36.672129,Erdberg U,36,348238
2026-08-30T00:48:36.672129,Erdberg U,36,348190
2026-08-30T00:48:36.672129,Erdberg U,36,348133
2026-08-30T00:48:36.672129,Erdberg U,36,348127
2026-08-30T00:48:36.672129,Erdberg U,36,348696
2026-08-30T00:48:36.672129,Erdberg U,36,348621
2026-08-30T00:48:36.672129,Erdberg U,36,348534
2026-08-30T00:48:36.672129,Media Quarter Marx,28,345252
2026-08-30T00:48:36.672129,Media Quarter Marx,28,345205
2026-08-30T00:48:36.672129,Media Quarter Marx,28,345062
2026-08-30T00:48:36.672129,Media Quarter Marx,28,345971
2026-08-30T00:48:36.672129,Media Quarter Marx,28,345829
2026-08-30T00:48:36.672129,Media Quarter Marx,28,345815
2026-08-30T00:48:36.672129,Media Quarter Marx,28,345666
2026-08-30T00:48:36.672129,Media Quarter Marx,28,345546
2026-08-30T00:48:36.672129,Media Quarter Marx,28,346354
2026-08-30T00:48:36.672129,Media Quarter Marx,28,346888
2026-08-30T00:48:36.672129,Media Quarter Marx,28,346567
2026-08-30T00:48:36.672129,Media Quarter Marx,28,347458
2026-08-30T00:48:36.672129,Media Quarter Marx,28,347062
2026-08-30T00:48:36.672129,Media Quarter Marx,28,347911
2026-08-30T00:48:36.672129,Media Quarter Marx,28,347683
2026-08-30T00:48:36.672129,Media Quarter Marx,28,347507
2026-08-30T00:48:36.672129,Media Quarter Marx,28,348467
2026-08-30T00:48:36.672129,Media Quarter Marx,28,348465
2026-08-30T00:48:36.672129,Media Quarter Marx,28,348456
2026-08-30T00:48:36.672129,Media Quarter Marx,28,348401
2026-08-30T00:48:36.672129,Media Quarter Marx,28,348398
2026-08-30T00:48:36.672129,Media Quarter Marx,28,348060
2026-08-30T00:48:36.672129,Media Quarter Marx,28,348012
2026-08-30T00:48:36.672129,Media Quarter Marx,28,348613
2026-08-30T00:48:36.672129,Media Quarter Marx,28,349667
2026-08-30T00:48:36.672129,Media Quarter Marx,28,349499
2026-08-30T00:48:36.672129,Media Quarter Marx,28,349452
2026-08-30T00:48:36.672129,Media Quarter Marx,28,349310
2026-08-30T00:48:36.672129,Rennweg S,6,345833
2026-08-30T00:48:36.672129,Rennweg S,6,346256
2026-08-30T00:48:36.672129,Rennweg S,6,347397
2026-08-30T00:48:36.672129,Rennweg S,6,347330
2026-08-30T00:48:36.672129,Rennweg S,6,348571
2026-08-30T00:48:36.672129,Rennweg S,6,349599
2026-08-30T00:48:36.672129,Rochusgasse U,5,347293
2026-08-30T00:48:36.672129,Rochusgasse U,5,349683
2026-08-30T00:48:36.672129,Rochusgasse U,5,349507
2026-08-30T00:48:36.672129,Rochusgasse U,5,349464
2026-08-30T00:48:36.672129,Rochusgasse U,5,349386
2026-08-30T00:48:36.672129,Schwarzenbergplatz,24,345243
2026-08-30T00:48:36.672129,Schwarzenbergplatz,24,345168
2026-08-30T00:48:36.672129,Schwarzenbergplatz,24,345025
2026-08-30T00:48:36.672129,Schwarzenbergplatz,24,345005
2026-08-30T00:48:36.672129,Schwarzenbergplatz,24,345967
2026-08-30T00:48:36.672129,Schwarzenbergplatz,24,345673
2026-08-30T00:48:36.672129,Schwarzenbergplatz,24,345528
2026-08-30T00:48:36.672129,Schwarzenbergplatz,24,346349
2026-08-30T00:48:36.672129,Schwarzenbergplatz,24,346986
2026-08-30T00:48:36.672129,Schwarzenbergplatz,24,346945
2026-08-30T00:48:36.672129,Schwarzenbergplatz,24,346844
2026-08-30T00:48:36.672129,Schwarzenbergplatz,24,347360
2026-08-30T00:48:36.672129,Schwarzenbergplatz,24,347038
2026-08-30T00:48:36.672129,Schwarzenbergplatz,24,347986
2026-08-30T00:48:36.672129,Schwarzenbergplatz,24,347942
2026-08-30T00:48:36.672129,Schwarzenbergplatz,24,347785
2026-08-30T00:48:36.672129,Schwarzenbergplatz,24,348361
2026-08-30T00:48:36.672129,Schwarzenbergplatz,24,348165
2026-08-30T00:48:36.672129,Schwarzenbergplatz,24,348661
2026-08-30T00:48:36.672129,Schwarzenbergplatz,24,348550
2026-08-30T00:48:36.672129,Schwarzenbergplatz,24,348544
2026-08-30T00:48:36.672129,Schwarzenbergplatz,24,398797
2026-08-30T00:48:36.672129,Schwarzenbergplatz,24,398743
2026-08-30T00:48:36.672129,Schwarzenbergplatz,24,398734
2026-08-30T00:48:36.672129,Preßgasse,14,345457
2026-08-30T00:48:36.672129,Preßgasse,14,345919
2026-08-30T00:48:36.672129,Preßgasse,14,346457
2026-08-30T00:48:36.672129,Preßgasse,14,346851
2026-08-30T00:48:36.672129,Preßgasse,14,346677
2026-08-30T00:48:36.672129,Preßgasse,14,346635
2026-08-30T00:48:36.672129,Preßgasse,14,347413
2026-08-30T00:48:36.672129,Preßgasse,14,347251
2026-08-30T00:48:36.672129,Preßgasse,14,347943
2026-08-30T00:48:36.672129,Preßgasse,14,347881
2026-08-30T00:48:36.672129,Preßgasse,14,347617
2026-08-30T00:48:36.672129,Preßgasse,14,348619
2026-08-30T00:48:36.672129,Preßgasse,14,348535
2026-08-30T00:48:36.672129,Preßgasse,14,398871
2026-08-30T00:48:36.672129,Margaretengürtel U,15,345371
2026-08-30T00:48:36.672129,Margaretengürtel U,15,345336
2026-08-30T00:48:36.672129,Margaretengürtel U,15,345159
2026-08-30T00:48:36.672129,Margaretengürtel U,15,345954
2026-08-30T00:48:36.672129,Margaretengürtel U,15,345882
2026-08-30T00:48:36.672129,Margaretengürtel U,15,345619
2026-08-30T00:48:36.672129,Margaretengürtel U,15,346298
2026-08-30T00:48:36.672129,Margaretengürtel U,15,346970
2026-08-30T00:48:36.672129,Margaretengürtel U,15,346919
2026-08-30T00:48:36.672129,Margaretengürtel U,15,346799
2026-08-30T00:48:36.672129,Margaretengürtel U,15,347107
2026-08-30T00:48:36.672129,Margaretengürtel U,15,347689
2026-08-30T00:48:36.672129,Margaretengürtel U,15,348023
2026-08-30T00:48:36.672129,Margaretengürtel U,15,348670
2026-08-30T00:48:36.672129,Margaretengürtel U,15,348620
2026-08-30T00:48:36.672129,Mittersteig,8,345601
2026-08-30T00:48:36.672129,Mittersteig,8,345515
2026-08-30T00:48:36.672129,Mittersteig,8,345511
2026-08-30T00:48:36.672129,Mittersteig,8,346374
2026-08-30T00:48:36.672129,Mittersteig,8,347979
2026-08-30T00:48:36.672129,Mittersteig,8,348662
2026-08-30T00:48:36.672129,Mittersteig,8,349602
2026-08-30T00:48:36.672129,Mittersteig,8,349437
2026-08-30T00:48:36.672129,Ceija-Stojka-Platz,11,345495
2026-08-30T00:48:36.672129,Ceija-Stojka-Platz,11,346281
2026-08-30T00:48:36.672129,Ceija-Stojka-Platz,11,346118
2026-08-30T00:48:36.672129,Ceija-Stojka-Platz,11,346857
2026-08-30T00:48:36.672129,Ceija-Stojka-Platz,11,347467
2026-08-30T00:48:36.672129,Ceija-Stojka-Platz,11,347198
2026-08-30T00:48:36.672129,Ceija-Stojka-Platz,11,347866
2026-08-30T00:48:36.672129,Ceija-Stojka-Platz,11,348166
2026-08-30T00:48:36.672129,Ceija-Stojka-Platz,11,349902
2026-08-30T00:48:36.672129,Ceija-Stojka-Platz,11,349733
2026-08-30T00:48:36.672129,Ceija-Stojka-Platz,11,349726
2026-08-30T00:48:36.672129,Volkstheater U,3,347411
2026-08-30T00:48:36.672129,Volkstheater U,3,349937
2026-08-30T00:48:36.672129,Volkstheater U,3,349651
2026-08-30T00:48:36.672129,Zieglergasse U,4,345819
2026-08-30T00:48:36.672129,Zieglergasse U,4,346958
2026-08-30T00:48:36.672129,Zieglergasse U,4,347929
2026-08-30T00:48:36.672129,Zieglergasse U,4,348106
2026-08-30T00:48:36.672129,Oskar-Morgenstern-Platz,30,345121
2026-08-30T00:48:36.672129,Oskar-Morgenstern-Platz,30,345071
2026-08-30T00:48:36.672129,Oskar-Morgenstern-Platz,30,345013
2026-08-30T00:48:36.672129,Oskar-Morgenstern-Platz,30,345937
2026-08-30T00:48:36.672129,Oskar-Morgenstern-Platz,30,345897
2026-08-30T00:48:36.672129,Oskar-Morgenstern-Platz,30,345732
2026-08-30T00:48:36.672129,Oskar-Morgenstern-Platz,30,346074
2026-08-30T00:48:36.672129,Oskar-Morgenstern-Platz,30,346026
2026-08-30T00:48:36.672129,Oskar-Morgenstern-Platz,30,346830
2026-08-30T00:48:36.672129,Oskar-Morgenstern-Platz,30,346729
2026-08-30T00:48:36.672129,Oskar-Morgenstern-Platz,30,346638
2026-08-30T00:48:36.672129,Oskar-Morgenstern-Platz,30,347431
2026-08-30T00:48:36.672129,Oskar-Morgenstern-Platz,30,347390
2026-08-30T00:48:36.672129,Oskar-Morgenstern-Platz,30,347368
2026-08-30T00:48:36.672129,Oskar-Morgenstern-Platz,30,347072
2026-08-30T00:48:36.672129,Oskar-Morgenstern-Platz,30,347912
2026-08-30T00:48:36.672129,Oskar-Morgenstern-Platz,30,347883
2026-08-30T00:48:36.672129,Oskar-Morgenstern-Platz,30,347826
2026-08-30T00:48:36.672129,Oskar-Morgenstern-Platz,30,347632
2026-08-30T00:48:36.672129,Oskar-Morgenstern-Platz,30,347619
2026-08-30T00:48:36.672129,Oskar-Morgenstern-Platz,30,347581
2026-08-30T00:48:36.672129,Oskar-Morgenstern-Platz,30,347502
2026-08-30T00:48:36.672129,Oskar-Morgenstern-Platz,30,348455
2026-08-30T00:48:36.672129,Oskar-Morgenstern-Platz,30,348426
2026-08-30T00:48:36.672129,Oskar-Morgenstern-Platz,30,348299
2026-08-30T00:48:36.672129,Oskar-Morgenstern-Platz,30,348107
2026-08-30T00:48:36.672129,Oskar-Morgenstern-Platz,30,348603
2026-08-30T00:48:36.672129,Oskar-Morgenstern-Platz,30,348567
2026-08-30T00:48:36.672129,Oskar-Morgenstern-Platz,30,398823
2026-08-30T00:48:36.672129,Oskar-Morgenstern-Platz,30,398769
2026-08-30T00:48:36.672129,Frankhplatz,13,345428
2026-08-30T00:48:36.672129,Frankhplatz,13,345281
2026-08-30T00:48:36.672129,Frankhplatz,13,345164
2026-08-30T00:48:36.672129,Frankhplatz,13,345513
2026-08-30T00:48:36.672129,Frankhplatz,13,346178
2026-08-30T00:48:36.672129,Frankhplatz,13,346085
2026-08-30T00:48:36.672129,Frankhplatz,13,347176
2026-08-30T00:48:36.672129,Frankhplatz,13,347918
2026-08-30T00:48:36.672129,Frankhplatz,13,347807
2026-08-30T00:48:36.672129,Frankhplatz,13,347793
2026-08-30T00:48:36.672129,Frankhplatz,13,348254
2026-08-30T00:48:36.672129,Frankhplatz,13,348674
2026-08-30T00:48:36.672129,Frankhplatz,13,348516
2026-08-30T00:48:36.672129,Friedensbrücke U,22,345481
2026-08-30T00:48:36.672129,Friedensbrücke U,22,345344
2026-08-30T00:48:36.672129,Friedensbrücke U,22,345260
2026-08-30T00:48:36.672129,Friedensbrücke U,22,345074
2026-08-30T00:48:36.672129,Friedensbrücke U,22,345681
2026-08-30T00:48:36.672129,Friedensbrücke U,22,345651
2026-08-30T00:48:36.672129,Friedensbrücke U,22,345539
2026-08-30T00:48:36.672129,Friedensbrücke U,22,345535
2026-08-30T00:48:36.672129,Friedensbrücke U,22,345514
2026-08-30T00:48:36.672129,Friedensbrücke U,22,346285
2026-08-30T00:48:36.672129,Friedensbrücke U,22,346206
2026-08-30T00:48:36.672129,Friedensbrücke U,22,346162
2026-08-30T00:48:36.672129,Friedensbrücke U,22,346893
2026-08-30T00:48:36.672129,Friedensbrücke U,22,346522
2026-08-30T00:48:36.672129,Friedensbrücke U,22,347080
2026-08-30T00:48:36.672129,Friedensbrücke U,22,347002
2026-08-30T00:48:36.672129,Friedensbrücke U,22,347859
2026-08-30T00:48:36.672129,Friedensbrücke U,22,347609
2026-08-30T00:48:36.672129,Friedensbrücke U,22,348435
2026-08-30T00:48:36.672129,Friedensbrücke U,22,348233
2026-08-30T00:48:36.672129,Friedensbrücke U,22,348010
2026-08-30T00:48:36.672129,Friedensbrücke U,22,349515
2026-08-30T00:48:36.672129,Spittelau S U,26,345408
2026-08-30T00:48:36.672129,Spittelau S U,26,345814
2026-08-30T00:48:36.672129,Spittelau S U,26,345799
2026-08-30T00:48:36.672129,Spittelau S U,26,345798
2026-08-30T00:48:36.672129,Spittelau S U,26,345726
2026-08-30T00:48:36.672129,Spittelau S U,26,346360
2026-08-30T00:48:36.672129,Spittelau S U,26,346334
2026-08-30T00:48:36.672129,Spittelau S U,26,346084
2026-08-30T00:48:36.672129,Spittelau S U,26,346066
2026-08-30T00:48:36.672129,Spittelau S U,26,346929
2026-08-30T00:48:36.672129,Spittelau S U,26,346791
2026-08-30T00:48:36.672129,Spittelau S U,26,346606
2026-08-30T00:48:36.672129,Spittelau S U,26,346520
2026-08-30T00:48:36.672129,Spittelau S U,26,347379
2026-08-30T00:48:36.672129,Spittelau S U,26,347325
2026-08-30T00:48:36.672129,Spittelau S U,26,347294
2026-08-30T00:48:36.672129,Spittelau S U,26,347874
2026-08-30T00:48:36.672129,Spittelau S U,26,347854
2026-08-30T00:48:36.672129,Spittelau S U,26,347803
2026-08-30T00:48:36.672129,Spittelau S U,26,347772
2026-08-30T00:48:36.672129,Spittelau S U,26,347720
2026-08-30T00:48:36.672129,Spittelau S U,26,348446
2026-08-30T00:48:36.672129,Spittelau S U,26,348185
2026-08-30T00:48:36.672129,Spittelau S U,26,348115
2026-08-30T00:48:36.672129,Spittelau S U,26,349879
2026-08-30T00:48:36.672129,Spittelau S U,26,349344
2026-08-30T00:48:36.672129,Absbergbrücke ,18,345153
2026-08-30T00:48:36.672129,Absbergbrücke ,18,345831
2026-08-30T00:48:36.672129,Absbergbrücke ,18,345585
2026-08-30T00:48:36.672129,Absbergbrücke ,18,346275
2026-08-30T00:48:36.672129,Absbergbrücke ,18,346224
2026-08-30T00:48:36.672129,Absbergbrücke ,18,346047
2026-08-30T00:48:36.672129,Absbergbrücke ,18,347477
2026-08-30T00:48:36.672129,Absbergbrücke ,18,347278
2026-08-30T00:48:36.672129,Absbergbrücke ,18,347187
2026-08-30T00:48:36.672129,Absbergbrücke ,18,347152
2026-08-30T00:48:36.672129,Absbergbrücke ,18,347984
2026-08-30T00:48:36.672129,Absbergbrücke ,18,347764
2026-08-30T00:48:36.672129,Absbergbrücke ,18,347649
2026-08-30T00:48:36.672129,Absbergbrücke ,18,347511
2026-08-30T00:48:36.672129,Absbergbrücke ,18,348448
2026-08-30T00:48:36.672129,Absbergbrücke ,18,398870
2026-08-30T00:48:36.672129,Absbergbrücke ,18,349394
2026-08-30T00:48:36.672129,Absbergbrücke ,18,349245
2026-08-30T00:48:36.672129,Altes Landgut U,13,345450
2026-08-30T00:48:36.672129,Altes Landgut U,13,345341
2026-08-30T00:48:36.672129,Altes Landgut U,13,345570
2026-08-30T00:48:36.672129,Altes Landgut U,13,346487
2026-08-30T00:48:36.672129,Altes Landgut U,13,346280
2026-08-30T00:48:36.672129,Altes Landgut U,13,346125
2026-08-30T00:48:36.672129,Altes Landgut U,13,346882
2026-08-30T00:48:36.672129,Altes Landgut U,13,347375
2026-08-30T00:48:36.672129,Altes Landgut U,13,347976
2026-08-30T00:48:36.672129,Altes Landgut U,13,347964
2026-08-30T00:48:36.672129,Altes Landgut U,13,347652
2026-08-30T00:48:36.672129,Altes Landgut U,13,348265
2026-08-30T00:48:36.672129,Altes Landgut U,13,349818
2026-08-30T00:48:36.672129,Bloch-Bauer-Promenade,5,345698
2026-08-30T00:48:36.672129,Bloch-Bauer-Promenade,5,346486
2026-08-30T00:48:36.672129,Bloch-Bauer-Promenade,5,347336
2026-08-30T00:48:36.672129,Bloch-Bauer-Promenade,5,347795
2026-08-30T00:48:36.672129,Bloch-Bauer-Promenade,5,348561
2026-08-30T00:48:36.672129,Hauptbahnhof S U ,19,345357
2026-08-30T00:48:36.672129,Hauptbahnhof S U ,19,345200
2026-08-30T00:48:36.672129,Hauptbahnhof S U ,19,345123
2026-08-30T00:48:36.672129,Hauptbahnhof S U ,19,345886
2026-08-30T00:48:36.672129,Hauptbahnhof S U ,19,345796
2026-08-30T00:48:36.672129,Hauptbahnhof S U ,19,345771
2026-08-30T00:48:36.672129,Hauptbahnhof S U ,19,345721
2026-08-30T00:48:36.672129,Hauptbahnhof S U ,19,345690
2026-08-30T00:48:36.672129,Hauptbahnhof S U ,19,346395
2026-08-30T00:48:36.672129,Hauptbahnhof S U ,19,346943
2026-08-30T00:48:36.672129,Hauptbahnhof S U ,19,347454
2026-08-30T00:48:36.672129,Hauptbahnhof S U ,19,347028
2026-08-30T00:48:36.672129,Hauptbahnhof S U ,19,347937
2026-08-30T00:48:36.672129,Hauptbahnhof S U ,19,347891
2026-08-30T00:48:36.672129,Hauptbahnhof S U ,19,347760
2026-08-30T00:48:36.672129,Hauptbahnhof S U ,19,348388
2026-08-30T00:48:36.672129,Hauptbahnhof S U ,19,348559
2026-08-30T00:48:36.672129,Hauptbahnhof S U ,19,398795
2026-08-30T00:48:36.672129,Hauptbahnhof S U ,19,349227
2026-08-30T00:48:36.672129,Keplerplatz U,15,345131
2026-08-30T00:48:36.672129,Keplerplatz U,15,345080
2026-08-30T00:48:36.672129,Keplerplatz U,15,345781
2026-08-30T00:48:36.672129,Keplerplatz U,15,346192
2026-08-30T00:48:36.672129,Keplerplatz U,15,346911
2026-08-30T00:48:36.672129,Keplerplatz U,15,346862
2026-08-30T00:48:36.672129,Keplerplatz U,15,347108
2026-08-30T00:48:36.672129,Keplerplatz U,15,349833
2026-08-30T00:48:36.672129,Keplerplatz U,15,349827
2026-08-30T00:48:36.672129,Keplerplatz U,15,349749
2026-08-30T00:48:36.672129,Keplerplatz U,15,349724
2026-08-30T00:48:36.672129,Keplerplatz U,15,349578
2026-08-30T00:48:36.672129,Keplerplatz U,15,349549
2026-08-30T00:48:36.672129,Keplerplatz U,15,349513
2026-08-30T00:48:36.672129,Keplerplatz U,15,349447
2026-08-30T00:48:36.672129,Puchsbaumgasse,3,345109
2026-08-30T00:48:36.672129,Puchsbaumgasse,3,349867
2026-08-30T00:48:36.672129,Puchsbaumgasse,3,349433
2026-08-30T00:48:36.672129,Enkplatz U,9,345689
2026-08-30T00:48:36.672129,Enkplatz U,9,346668
2026-08-30T00:48:36.672129,Enkplatz U,9,347221
2026-08-30T00:48:36.672129,Enkplatz U,9,347161
2026-08-30T00:48:36.672129,Enkplatz U,9,348462
2026-08-30T00:48:36.672129,Enkplatz U,9,349911
2026-08-30T00:48:36.672129,Enkplatz U,9,349512
2026-08-30T00:48:36.672129,Enkplatz U,9,349305
2026-08-30T00:48:36.672129,Enkplatz U,9,349261
2026-08-30T00:48:36.672129,Gasometer U,27,345178
2026-08-30T00:48:36.672129,Gasometer U,27,345176
2026-08-30T00:48:36.672129,Gasometer U,27,345100
2026-08-30T00:48:36.672129,Gasometer U,27,345922
2026-08-30T00:48:36.672129,Gasometer U,27,345759
2026-08-30T00:48:36.672129,Gasometer U,27,346033
2026-08-30T00:48:36.672129,Gasometer U,27,346852
2026-08-30T00:48:36.672129,Gasometer U,27,347457
2026-08-30T00:48:36.672129,Gasometer U,27,347453
2026-08-30T00:48:36.672129,Gasometer U,27,347433
2026-08-30T00:48:36.672129,Gasometer U,27,347352
2026-08-30T00:48:36.672129,Gasometer U,27,347331
2026-08-30T00:48:36.672129,Gasometer U,27,347328
2026-08-30T00:48:36.672129,Gasometer U,27,347280
2026-08-30T00:48:36.672129,Gasometer U,27,347189
2026-08-30T00:48:36.672129,Gasometer U,27,347094
2026-08-30T00:48:36.672129,Gasometer U,27,347533
2026-08-30T00:48:36.672129,Gasometer U,27,348276
2026-08-30T00:48:36.672129,Gasometer U,27,348633
2026-08-30T00:48:36.672129,Gasometer U,27,348579
2026-08-30T00:48:36.672129,Gasometer U,27,348577
2026-08-30T00:48:36.672129,Gasometer U,27,348554
2026-08-30T00:48:36.672129,Gasometer U,27,349989
2026-08-30T00:48:36.672129,Gasometer U,27,349823
2026-08-30T00:48:36.672129,Gasometer U,27,349723
2026-08-30T00:48:36.672129,Gasometer U,27,349411
2026-08-30T00:48:36.672129,Gasometer U,27,349301
2026-08-30T00:48:36.672129,Geiselbergstraße S,16,345478
2026-08-30T00:48:36.672129,Geiselbergstraße S,16,345789
2026-08-30T00:48:36.672129,Geiselbergstraße S,16,345527
2026-08-30T00:48:36.672129,Geiselbergstraße S,16,346191
2026-08-30T00:48:36.672129,Geiselbergstraße S,16,346528
2026-08-30T00:48:36.672129,Geiselbergstraße S,16,347407
2026-08-30T00:48:36.672129,Geiselbergstraße S,16,347612
2026-08-30T00:48:36.672129,Geiselbergstraße S,16,347598
2026-08-30T00:48:36.672129,Geiselbergstraße S,16,348491
2026-08-30T00:48:36.672129,Geiselbergstraße S,16,348336
2026-08-30T00:48:36.672129,Geiselbergstraße S,16,348263
2026-08-30T00:48:36.672129,Geiselbergstraße S,16,348079
2026-08-30T00:48:36.672129,Geiselbergstraße S,16,348663
2026-08-30T00:48:36.672129,Geiselbergstraße S,16,349943
2026-08-30T00:48:36.672129,Geiselbergstraße S,16,349731
2026-08-30T00:48:36.672129,Geiselbergstraße S,16,349567
2026-08-30T00:48:36.672129,Simmering S U,19,345363
2026-08-30T00:48:36.672129,Simmering S U,19,345209
2026-08-30T00:48:36.672129,Simmering S U,19,345552
2026-08-30T00:48:36.672129,Simmering S U,19,346029
2026-08-30T00:48:36.672129,Simmering S U,19,346805
2026-08-30T00:48:36.672129,Simmering S U,19,346755
2026-08-30T00:48:36.672129,Simmering S U,19,347235
2026-08-30T00:48:36.672129,Simmering S U,19,347004
2026-08-30T00:48:36.672129,Simmering S U,19,347702
2026-08-30T00:48:36.672129,Simmering S U,19,348543
2026-08-30T00:48:36.672129,Simmering S U,19,348517
2026-08-30T00:48:36.672129,Simmering S U,19,349992
2026-08-30T00:48:36.672129,Simmering S U,19,349977
2026-08-30T00:48:36.672129,Simmering S U,19,349908
2026-08-30T00:48:36.672129,Simmering S U,19,349862
2026-08-30T00:48:36.672129,Simmering S U,19,349714
2026-08-30T00:48:36.672129,Simmering S U,19,349584
2026-08-30T00:48:36.672129,Simmering S U,19,349401
2026-08-30T00:48:36.672129,Simmering S U,19,349244
2026-08-30T00:48:36.672129,Niederhofstraße U,15,345333
2026-08-30T00:48:36.672129,Niederhofstraße U,15,345329
2026-08-30T00:48:36.672129,Niederhofstraße U,15,345216
2026-08-30T00:48:36.672129,Niederhofstraße U,15,345867
2026-08-30T00:48:36.672129,Niederhofstraße U,15,346200
2026-08-30T00:48:36.672129,Niederhofstraße U,15,347383
2026-08-30T00:48:36.672129,Niederhofstraße U,15,347234
2026-08-30T00:48:36.672129,Niederhofstraße U,15,347084
2026-08-30T00:48:36.672129,Niederhofstraße U,15,347917
2026-08-30T00:48:36.672129,Niederhofstraße U,15,347908
2026-08-30T00:48:36.672129,Niederhofstraße U,15,347899
2026-08-30T00:48:36.672129,Niederhofstraße U,15,347843
2026-08-30T00:48:36.672129,Niederhofstraße U,15,347766
2026-08-30T00:48:36.672129,Niederhofstraße U,15,348219
2026-08-30T00:48:36.672129,Niederhofstraße U,15,348526
2026-08-30T00:48:36.672129,Hietzing U,29,345491
2026-08-30T00:48:36.672129,Hietzing U,29,345470
2026-08-30T00:48:36.672129,Hietzing U,29,345177
2026-08-30T00:48:36.672129,Hietzing U,29,345908
2026-08-30T00:48:36.672129,Hietzing U,29,346480
2026-08-30T00:48:36.672129,Hietzing U,29,346397
2026-08-30T00:48:36.672129,Hietzing U,29,346317
2026-08-30T00:48:36.672129,Hietzing U,29,346221
2026-08-30T00:48:36.672129,Hietzing U,29,346166
2026-08-30T00:48:36.672129,Hietzing U,29,346872
2026-08-30T00:48:36.672129,Hietzing U,29,346858
2026-08-30T00:48:36.672129,Hietzing U,29,346578
2026-08-30T00:48:36.672129,Hietzing U,29,347460
2026-08-30T00:48:36.672129,Hietzing U,29,347373
2026-08-30T00:48:36.672129,Hietzing U,29,347199
2026-08-30T00:48:36.672129,Hietzing U,29,347115
2026-08-30T00:48:36.672129,Hietzing U,29,347872
2026-08-30T00:48:36.672129,Hietzing U,29,347867
2026-08-30T00:48:36.672129,Hietzing U,29,347601
2026-08-30T00:48:36.672129,Hietzing U,29,348482
2026-08-30T00:48:36.672129,Hietzing U,29,348294
2026-08-30T00:48:36.672129,Hietzing U,29,348268
2026-08-30T00:48:36.672129,Hietzing U,29,348112
2026-08-30T00:48:36.672129,Hietzing U,29,348071
2026-08-30T00:48:36.672129,Hietzing U,29,348049
2026-08-30T00:48:36.672129,Hietzing U,29,348036
2026-08-30T00:48:36.672129,Hietzing U,29,398737
2026-08-30T00:48:36.672129,Hietzing U,29,349831
2026-08-30T00:48:36.672129,Hietzing U,29,349302
2026-08-30T00:48:36.672129,Westbahnhof S U,11,345458
2026-08-30T00:48:36.672129,Westbahnhof S U,11,346291
2026-08-30T00:48:36.672129,Westbahnhof S U,11,346015
2026-08-30T00:48:36.672129,Westbahnhof S U,11,346890
2026-08-30T00:48:36.672129,Westbahnhof S U,11,346845
2026-08-30T00:48:36.672129,Westbahnhof S U,11,346716
2026-08-30T00:48:36.672129,Westbahnhof S U,11,347282
2026-08-30T00:48:36.672129,Westbahnhof S U,11,347268
2026-08-30T00:48:36.672129,Westbahnhof S U,11,347179
2026-08-30T00:48:36.672129,Westbahnhof S U,11,348159
2026-08-30T00:48:36.672129,Westbahnhof S U,11,348122
2026-08-30T00:48:36.672129,Richard-Wagner-Platz,10,345921
2026-08-30T00:48:36.672129,Richard-Wagner-Platz,10,345780
2026-08-30T00:48:36.672129,Richard-Wagner-Platz,10,346407
2026-08-30T00:48:36.672129,Richard-Wagner-Platz,10,346650
2026-08-30T00:48:36.672129,Richard-Wagner-Platz,10,347356
2026-08-30T00:48:36.672129,Richard-Wagner-Platz,10,347297
2026-08-30T00:48:36.672129,Richard-Wagner-Platz,10,348441
2026-08-30T00:48:36.672129,Richard-Wagner-Platz,10,348593
2026-08-30T00:48:36.672129,Richard-Wagner-Platz,10,349564
2026-08-30T00:48:36.672129,Richard-Wagner-Platz,10,349431
2026-08-30T00:48:36.672129,Alser Straße U,37,345456
2026-08-30T00:48:36.672129,Alser Straße U,37,345289
2026-08-30T00:48:36.672129,Alser Straße U,37,345229
2026-08-30T00:48:36.672129,Alser Straße U,37,345224
2026-08-30T00:48:36.672129,Alser Straße U,37,345173
2026-08-30T00:48:36.672129,Alser Straße U,37,345855
2026-08-30T00:48:36.672129,Alser Straße U,37,345622
2026-08-30T00:48:36.672129,Alser Straße U,37,346499
2026-08-30T00:48:36.672129,Alser Straße U,37,346428
2026-08-30T00:48:36.672129,Alser Straße U,37,346376
2026-08-30T00:48:36.672129,Alser Straße U,37,346368
2026-08-30T00:48:36.672129,Alser Straße U,37,346011
2026-08-30T00:48:36.672129,Alser Straße U,37,346956
2026-08-30T00:48:36.672129,Alser Straße U,37,346884
2026-08-30T00:48:36.672129,Alser Straße U,37,347459
2026-08-30T00:48:36.672129,Alser Straße U,37,347444
2026-08-30T00:48:36.672129,Alser Straße U,37,347357
2026-08-30T00:48:36.672129,Alser Straße U,37,347329
2026-08-30T00:48:36.672129,Alser Straße U,37,347314
2026-08-30T00:48:36.672129,Alser Straße U,37,347306
2026-08-30T00:48:36.672129,Alser Straße U,37,347103
2026-08-30T00:48:36.672129,Alser Straße U,37,347086
2026-08-30T00:48:36.672129,Alser Straße U,37,347073
2026-08-30T00:48:36.672129,Alser Straße U,37,347783
2026-08-30T00:48:36.672129,Alser Straße U,37,347781
2026-08-30T00:48:36.672129,Alser Straße U,37,347584
2026-08-30T00:48:36.672129,Alser Straße U,37,347569
2026-08-30T00:48:36.672129,Alser Straße U,37,348413
2026-08-30T00:48:36.672129,Alser Straße U,37,348223
2026-08-30T00:48:36.672129,Alser Straße U,37,348189
2026-08-30T00:48:36.672129,Alser Straße U,37,348123
2026-08-30T00:48:36.672129,Alser Straße U,37,348119
2026-08-30T00:48:36.672129,Alser Straße U,37,348695
2026-08-30T00:48:36.672129,Alser Straße U,37,348688
2026-08-30T00:48:36.672129,Alser Straße U,37,348523
2026-08-30T00:48:36.672129,Alser Straße U,37,398826
2026-08-30T00:48:36.672129,Alser Straße U,37,349329
2026-08-30T00:48:36.672129,Währinger Straße U,15,345465
2026-08-30T00:48:36.672129,Währinger Straße U,15,345460
2026-08-30T00:48:36.672129,Währinger Straße U,15,345284
2026-08-30T00:48:36.672129,Währinger Straße U,15,345974
2026-08-30T00:48:36.672129,Währinger Straße U,15,345889
2026-08-30T00:48:36.672129,Währinger Straße U,15,345822
2026-08-30T00:48:36.672129,Währinger Straße U,15,346051
2026-08-30T00:48:36.672129,Währinger Straße U,15,346732
2026-08-30T00:48:36.672129,Währinger Straße U,15,347079
2026-08-30T00:48:36.672129,Währinger Straße U,15,347924
2026-08-30T00:48:36.672129,Währinger Straße U,15,347837
2026-08-30T00:48:36.672129,Währinger Straße U,15,347634
2026-08-30T00:48:36.672129,Währinger Straße U,15,348284
2026-08-30T00:48:36.672129,Währinger Straße U,15,348134
2026-08-30T00:48:36.672129,Währinger Straße U,15,349849
2026-08-30T00:48:36.672129,Hardtgasse,3,345156
2026-08-30T00:48:36.672129,Hardtgasse,3,347374
2026-08-30T00:48:36.672129,Hardtgasse,3,347090
2026-08-30T00:48:36.672129,Handelskai S U,19,345404
2026-08-30T00:48:36.672129,Handelskai S U,19,345190
2026-08-30T00:48:36.672129,Handelskai S U,19,345031
2026-08-30T00:48:36.672129,Handelskai S U,19,345888
2026-08-30T00:48:36.672129,Handelskai S U,19,345751
2026-08-30T00:48:36.672129,Handelskai S U,19,346338
2026-08-30T00:48:36.672129,Handelskai S U,19,346272
2026-08-30T00:48:36.672129,Handelskai S U,19,346826
2026-08-30T00:48:36.672129,Handelskai S U,19,346769
2026-08-30T00:48:36.672129,Handelskai S U,19,346708
2026-08-30T00:48:36.672129,Handelskai S U,19,346561
2026-08-30T00:48:36.672129,Handelskai S U,19,347494
2026-08-30T00:48:36.672129,Handelskai S U,19,347219
2026-08-30T00:48:36.672129,Handelskai S U,19,347120
2026-08-30T00:48:36.672129,Handelskai S U,19,347756
2026-08-30T00:48:36.672129,Handelskai S U,19,348439
2026-08-30T00:48:36.672129,Handelskai S U,19,348427
2026-08-30T00:48:36.672129,Handelskai S U,19,348624
2026-08-30T00:48:36.672129,Handelskai S U,19,349878
2026-08-30T00:48:36.672129,Wallensteinplatz,30,345290
2026-08-30T00:48:36.672129,Wallensteinplatz,30,345288
2026-08-30T00:48:36.672129,Wallensteinplatz,30,345024
2026-08-30T00:48:36.672129,Wallensteinplatz,30,345736
2026-08-30T00:48:36.672129,Wallensteinplatz,30,345582
2026-08-30T00:48:36.672129,Wallensteinplatz,30,346137
2026-08-30T00:48:36.672129,Wallensteinplatz,30,346847
2026-08-30T00:48:36.672129,Wallensteinplatz,30,346808
2026-08-30T00:48:36.672129,Wallensteinplatz,30,346560
2026-08-30T00:48:36.672129,Wallensteinplatz,30,346558
2026-08-30T00:48:36.672129,Wallensteinplatz,30,346541
2026-08-30T00:48:36.672129,Wallensteinplatz,30,347485
2026-08-30T00:48:36.672129,Wallensteinplatz,30,347446
2026-08-30T00:48:36.672129,Wallensteinplatz,30,347408
2026-08-30T00:48:36.672129,Wallensteinplatz,30,347020
2026-08-30T00:48:36.672129,Wallensteinplatz,30,347015
2026-08-30T00:48:36.672129,Wallensteinplatz,30,347906
2026-08-30T00:48:36.672129,Wallensteinplatz,30,347888
2026-08-30T00:48:36.672129,Wallensteinplatz,30,347847
2026-08-30T00:48:36.672129,Wallensteinplatz,30,347833
2026-08-30T00:48:36.672129,Wallensteinplatz,30,347753
2026-08-30T00:48:36.672129,Wallensteinplatz,30,347580
2026-08-30T00:48:36.672129,Wallensteinplatz,30,348411
2026-08-30T00:48:36.672129,Wallensteinplatz,30,348340
2026-08-30T00:48:36.672129,Wallensteinplatz,30,348146
2026-08-30T00:48:36.672129,Wallensteinplatz,30,348139
2026-08-30T00:48:36.672129,Wallensteinplatz,30,348000
2026-08-30T00:48:36.672129,Wallensteinplatz,30,348711
2026-08-30T00:48:36.672129,Wallensteinplatz,30,398825
2026-08-30T00:48:36.672129,Wallensteinplatz,30,349320
2026-08-30T00:48:36.672129,Brünner Straße S,14,345488
2026-08-30T00:48:36.672129,Brünner Straße S,14,345426
2026-08-30T00:48:36.672129,Brünner Straße S,14,345239
2026-08-30T00:48:36.672129,Brünner Straße S,14,345108
2026-08-30T00:48:36.672129,Brünner Straße S,14,346227
2026-08-30T00:48:36.672129,Brünner Straße S,14,346829
2026-08-30T00:48:36.672129,Brünner Straße S,14,347310
2026-08-30T00:48:36.672129,Brünner Straße S,14,347145
2026-08-30T00:48:36.672129,Brünner Straße S,14,347675
2026-08-30T00:48:36.672129,Brünner Straße S,14,348399
2026-08-30T00:48:36.672129,Brünner Straße S,14,348282
2026-08-30T00:48:36.672129,Brünner Straße S,14,348124
2026-08-30T00:48:36.672129,Brünner Straße S,14,348094
2026-08-30T00:48:36.672129,Brünner Straße S,14,398778
2026-08-30T00:48:36.672129,Floridsdorf S U,17,345330
2026-08-30T00:48:36.672129,Floridsdorf S U,17,345235
2026-08-30T00:48:36.672129,Floridsdorf S U,17,345086
2026-08-30T00:48:36.672129,Floridsdorf S U,17,345064
2026-08-30T00:48:36.672129,Floridsdorf S U,17,345818
2026-08-30T00:48:36.672129,Floridsdorf S U,17,346386
2026-08-30T00:48:36.672129,Floridsdorf S U,17,346253
2026-08-30T00:48:36.672129,Floridsdorf S U,17,346632
2026-08-30T00:48:36.672129,Floridsdorf S U,17,347447
2026-08-30T00:48:36.672129,Floridsdorf S U,17,347312
2026-08-30T00:48:36.672129,Floridsdorf S U,17,347920
2026-08-30T00:48:36.672129,Floridsdorf S U,17,347852
2026-08-30T00:48:36.672129,Floridsdorf S U,17,347831
2026-08-30T00:48:36.672129,Floridsdorf S U,17,347784
2026-08-30T00:48:36.672129,Floridsdorf S U,17,347645
2026-08-30T00:48:36.672129,Floridsdorf S U,17,347520
2026-08-30T00:48:36.672129,Floridsdorf S U,17,349625
2026-08-30T00:48:36.672129,Großfeldsiedlung U,24,345448
2026-08-30T00:48:36.672129,Großfeldsiedlung U,24,345997
2026-08-30T00:48:36.672129,Großfeldsiedlung U,24,345936
2026-08-30T00:48:36.672129,Großfeldsiedlung U,24,345920
2026-08-30T00:48:36.672129,Großfeldsiedlung U,24,345737
2026-08-30T00:48:36.672129,Großfeldsiedlung U,24,345656
2026-08-30T00:48:36.672129,Großfeldsiedlung U,24,345589
2026-08-30T00:48:36.672129,Großfeldsiedlung U,24,346402
2026-08-30T00:48:36.672129,Großfeldsiedlung U,24,346264
2026-08-30T00:48:36.672129,Großfeldsiedlung U,24,346161
2026-08-30T00:48:36.672129,Großfeldsiedlung U,24,346680
2026-08-30T00:48:36.672129,Großfeldsiedlung U,24,347332
2026-08-30T00:48:36.672129,Großfeldsiedlung U,24,347230
2026-08-30T00:48:36.672129,Großfeldsiedlung U,24,347040
2026-08-30T00:48:36.672129,Großfeldsiedlung U,24,347978
2026-08-30T00:48:36.672129,Großfeldsiedlung U,24,347960
2026-08-30T00:48:36.672129,Großfeldsiedlung U,24,347868
2026-08-30T00:48:36.672129,Großfeldsiedlung U,24,347627
2026-08-30T00:48:36.672129,Großfeldsiedlung U,24,348067
2026-08-30T00:48:36.672129,Großfeldsiedlung U,24,348678
2026-08-30T00:48:36.672129,Großfeldsiedlung U,24,349859
2026-08-30T00:48:36.672129,Großfeldsiedlung U,24,349523
2026-08-30T00:48:36.672129,Großfeldsiedlung U,24,349501
2026-08-30T00:48:36.672129,Großfeldsiedlung U,24,349312
2026-08-30T00:48:36.672129,Siemensstraße S,16,345335
2026-08-30T00:48:36.672129,Siemensstraße S,16,346610
2026-08-30T00:48:36.672129,Siemensstraße S,16,347438
2026-08-30T00:48:36.672129,Siemensstraße S,16,347250
2026-08-30T00:48:36.672129,Siemensstraße S,16,347604
2026-08-30T00:48:36.672129,Siemensstraße S,16,348412
2026-08-30T00:48:36.672129,Siemensstraße S,16,348242
2026-08-30T00:48:36.672129,Siemensstraße S,16,348147
2026-08-30T00:48:36.672129,Siemensstraße S,16,348677
2026-08-30T00:48:36.672129,Siemensstraße S,16,348592
2026-08-30T00:48:36.672129,Siemensstraße S,16,348584
2026-08-30T00:48:36.672129,Siemensstraße S,16,398820
2026-08-30T00:48:36.672129,Siemensstraße S,16,349962
2026-08-30T00:48:36.672129,Siemensstraße S,16,349477
2026-08-30T00:48:36.672129,Siemensstraße S,16,349476
2026-08-30T00:48:36.672129,Siemensstraße S,16,349417
2026-08-30T00:48:36.672129,Aspernstraße U,6,345422
2026-08-30T00:48:36.672129,Aspernstraße U,6,345359
2026-08-30T00:48:36.672129,Aspernstraße U,6,345718
2026-08-30T00:48:36.672129,Aspernstraße U,6,346566
2026-08-30T00:48:36.672129,Aspernstraße U,6,347588
2026-08-30T00:48:36.672129,Aspernstraße U,6,398791
2026-08-30T00:48:36.672129,Donauspital U,23,345490
2026-08-30T00:48:36.672129,Donauspital U,23,345419
2026-08-30T00:48:36.672129,Donauspital U,23,345278
2026-08-30T00:48:36.672129,Donauspital U,23,345154
2026-08-30T00:48:36.672129,Donauspital U,23,345555
2026-08-30T00:48:36.672129,Donauspital U,23,346640
2026-08-30T00:48:36.672129,Donauspital U,23,346590
2026-08-30T00:48:36.672129,Donauspital U,23,347340
2026-08-30T00:48:36.672129,Donauspital U,23,347315
2026-08-30T00:48:36.672129,Donauspital U,23,347296
2026-08-30T00:48:36.672129,Donauspital U,23,347206
2026-08-30T00:48:36.672129,Donauspital U,23,347201
2026-08-30T00:48:36.672129,Donauspital U,23,347091
2026-08-30T00:48:36.672129,Donauspital U,23,347061
2026-08-30T00:48:36.672129,Donauspital U,23,347963
2026-08-30T00:48:36.672129,Donauspital U,23,347763
2026-08-30T00:48:36.672129,Donauspital U,23,347715
2026-08-30T00:48:36.672129,Donauspital U,23,348323
2026-08-30T00:48:36.672129,Donauspital U,23,348272
2026-08-30T00:48:36.672129,Donauspital U,23,348110
2026-08-30T00:48:36.672129,Donauspital U,23,348607
2026-08-30T00:48:36.672129,Donauspital U,23,398736
2026-08-30T00:48:36.672129,Donauspital U,23,349777
2026-08-30T00:48:36.672129,Erzherzog-Karl-Straße S,22,345473
2026-08-30T00:48:36.672129,Erzherzog-Karl-Straße S,22,345199
2026-08-30T00:48:36.672129,Erzherzog-Karl-Straße S,22,345995
2026-08-30T00:48:36.672129,Erzherzog-Karl-Straße S,22,345847
2026-08-30T00:48:36.672129,Erzherzog-Karl-Straße S,22,345794
2026-08-30T00:48:36.672129,Erzherzog-Karl-Straße S,22,346336
2026-08-30T00:48:36.672129,Erzherzog-Karl-Straße S,22,346329
2026-08-30T00:48:36.672129,Erzherzog-Karl-Straße S,22,346269
2026-08-30T00:48:36.672129,Erzherzog-Karl-Straße S,22,346215
2026-08-30T00:48:36.672129,Erzherzog-Karl-Straße S,22,346659
2026-08-30T00:48:36.672129,Erzherzog-Karl-Straße S,22,346618
2026-08-30T00:48:36.672129,Erzherzog-Karl-Straße S,22,347740
2026-08-30T00:48:36.672129,Erzherzog-Karl-Straße S,22,347714
2026-08-30T00:48:36.672129,Erzherzog-Karl-Straße S,22,347578
2026-08-30T00:48:36.672129,Erzherzog-Karl-Straße S,22,347527
2026-08-30T00:48:36.672129,Erzherzog-Karl-Straße S,22,348312
2026-08-30T00:48:36.672129,Erzherzog-Karl-Straße S,22,348191
2026-08-30T00:48:36.672129,Erzherzog-Karl-Straße S,22,348125
2026-08-30T00:48:36.672129,Erzherzog-Karl-Straße S,22,348014
2026-08-30T00:48:36.672129,Erzherzog-Karl-Straße S,22,348542
2026-08-30T00:48:36.672129,Erzherzog-Karl-Straße S,22,349965
2026-08-30T00:48:36.672129,Erzherzog-Karl-Straße S,22,349708
2026-08-30T00:48:36.672129,Hausfeldstraße S U,41,345494
2026-08-30T00:48:36.672129,Hausfeldstraße S U,41,345486
2026-08-30T00:48:36.672129,Hausfeldstraße S U,41,345480
2026-08-30T00:48:36.672129,Hausfeldstraße S U,41,345387
2026-08-30T00:48:36.672129,Hausfeldstraße S U,41,345315
2026-08-30T00:48:36.672129,Hausfeldstraße S U,41,345297
2026-08-30T00:48:36.672129,Hausfeldstraße S U,41,345218
2026-08-30T00:48:36.672129,Hausfeldstraße S U,41,345203
2026-08-30T00:48:36.672129,Hausfeldstraße S U,41,345058
2026-08-30T00:48:36.672129,Hausfeldstraße S U,41,345052
2026-08-30T00:48:36.672129,Hausfeldstraße S U,41,345850
2026-08-30T00:48:36.672129,Hausfeldstraße S U,41,345714
2026-08-30T00:48:36.672129,Hausfeldstraße S U,41,345521
2026-08-30T00:48:36.672129,Hausfeldstraße S U,41,345501
2026-08-30T00:48:36.672129,Hausfeldstraße S U,41,346135
2026-08-30T00:48:36.672129,Hausfeldstraße S U,41,346072
2026-08-30T00:48:36.672129,Hausfeldstraße S U,41,346046
2026-08-30T00:48:36.672129,Hausfeldstraße S U,41,346963
2026-08-30T00:48:36.672129,Hausfeldstraße S U,41,346886
2026-08-30T00:48:36.672129,Hausfeldstraße S U,41,346843
2026-08-30T00:48:36.672129,Hausfeldstraße S U,41,346647
2026-08-30T00:48:36.672129,Hausfeldstraße S U,41,346607
2026-08-30T00:48:36.672129,Hausfeldstraße S U,41,347424
2026-08-30T00:48:36.672129,Hausfeldstraße S U,41,347313
2026-08-30T00:48:36.672129,Hausfeldstraße S U,41,347291
2026-08-30T00:48:36.672129,Hausfeldstraße S U,41,347158
2026-08-30T00:48:36.672129,Hausfeldstraße S U,41,347118
2026-08-30T00:48:36.672129,Hausfeldstraße S U,41,347011
2026-08-30T00:48:36.672129,Hausfeldstraße S U,41,347926
2026-08-30T00:48:36.672129,Hausfeldstraße S U,41,347900
2026-08-30T00:48:36.672129,Hausfeldstraße S U,41,347712
2026-08-30T00:48:36.672129,Hausfeldstraße S U,41,348374
2026-08-30T00:48:36.672129,Hausfeldstraße S U,41,348217
2026-08-30T00:48:36.672129,Hausfeldstraße S U,41,348179
2026-08-30T00:48:36.672129,Hausfeldstraße S U,41,348047
2026-08-30T00:48:36.672129,Hausfeldstraße S U,41,348575
2026-08-30T00:48:36.672129,Hausfeldstraße S U,41,348552
2026-08-30T00:48:36.672129,Hausfeldstraße S U,41,398715
2026-08-30T00:48:36.672129,Hausfeldstraße S U,41,398858
2026-08-30T00:48:36.672129,Hausfeldstraße S U,41,349496
2026-08-30T00:48:36.672129,Hausfeldstraße S U,41,349330
2026-08-30T00:48:36.672129,Kagran U,9,345472
2026-08-30T00:48:36.672129,Kagran U,9,345103
2026-08-30T00:48:36.672129,Kagran U,9,345553
2026-08-30T00:48:36.672129,Kagran U,9,347442
2026-08-30T00:48:36.672129,Kagran U,9,347121
2026-08-30T00:48:36.672129,Kagran U,9,347957
2026-08-30T00:48:36.672129,Kagran U,9,347819
2026-08-30T00:48:36.672129,Kagran U,9,348424
2026-08-30T00:48:36.672129,Kagran U,9,348269
2026-08-30T00:48:36.672129,Maria-Tusch-Straße,12,345338
2026-08-30T00:48:36.672129,Maria-Tusch-Straße,12,346738
2026-08-30T00:48:36.672129,Maria-Tusch-Straße,12,346589
2026-08-30T00:48:36.672129,Maria-Tusch-Straße,12,346532
2026-08-30T00:48:36.672129,Maria-Tusch-Straße,12,347045
2026-08-30T00:48:36.672129,Maria-Tusch-Straße,12,347805
2026-08-30T00:48:36.672129,Maria-Tusch-Straße,12,348140
2026-08-30T00:48:36.672129,Maria-Tusch-Straße,12,348710
2026-08-30T00:48:36.672129,Maria-Tusch-Straße,12,348569
2026-08-30T00:48:36.672129,Maria-Tusch-Straße,12,349976
2026-08-30T00:48:36.672129,Maria-Tusch-Straße,12,349934
2026-08-30T00:48:36.672129,Maria-Tusch-Straße,12,349839
2026-08-30T00:48:36.672129,Rennbahnweg U,22,345276
2026-08-30T00:48:36.672129,Rennbahnweg U,22,345693
2026-08-30T00:48:36.672129,Rennbahnweg U,22,345509
2026-08-30T00:48:36.672129,Rennbahnweg U,22,346296
2026-08-30T00:48:36.672129,Rennbahnweg U,22,346077
2026-08-30T00:48:36.672129,Rennbahnweg U,22,346906
2026-08-30T00:48:36.672129,Rennbahnweg U,22,346790
2026-08-30T00:48:36.672129,Rennbahnweg U,22,346783
2026-08-30T00:48:36.672129,Rennbahnweg U,22,346537
2026-08-30T00:48:36.672129,Rennbahnweg U,22,347256
2026-08-30T00:48:36.672129,Rennbahnweg U,22,347163
2026-08-30T00:48:36.672129,Rennbahnweg U,22,347070
2026-08-30T00:48:36.672129,Rennbahnweg U,22,347895
2026-08-30T00:48:36.672129,Rennbahnweg U,22,347808
2026-08-30T00:48:36.672129,Rennbahnweg U,22,348454
2026-08-30T00:48:36.672129,Rennbahnweg U,22,348245
2026-08-30T00:48:36.672129,Rennbahnweg U,22,348700
2026-08-30T00:48:36.672129,Rennbahnweg U,22,349913
2026-08-30T00:48:36.672129,Rennbahnweg U,22,349798
2026-08-30T00:48:36.672129,Rennbahnweg U,22,349539
2026-08-30T00:48:36.672129,Rennbahnweg U,22,349438
2026-08-30T00:48:36.672129,Rennbahnweg U,22,349338
2026-08-30T00:48:36.672129,Schüttauplatz,23,345466
2026-08-30T00:48:36.672129,Schüttauplatz,23,345871
2026-08-30T00:48:36.672129,Schüttauplatz,23,345787
2026-08-30T00:48:36.672129,Schüttauplatz,23,345750
2026-08-30T00:48:36.672129,Schüttauplatz,23,345717
2026-08-30T00:48:36.672129,Schüttauplatz,23,345636
2026-08-30T00:48:36.672129,Schüttauplatz,23,346155
2026-08-30T00:48:36.672129,Schüttauplatz,23,346097
2026-08-30T00:48:36.672129,Schüttauplatz,23,346987
2026-08-30T00:48:36.672129,Schüttauplatz,23,346815
2026-08-30T00:48:36.672129,Schüttauplatz,23,346614
2026-08-30T00:48:36.672129,Schüttauplatz,23,347347
2026-08-30T00:48:36.672129,Schüttauplatz,23,347273
2026-08-30T00:48:36.672129,Schüttauplatz,23,347820
2026-08-30T00:48:36.672129,Schüttauplatz,23,347512
2026-08-30T00:48:36.672129,Schüttauplatz,23,348457
2026-08-30T00:48:36.672129,Schüttauplatz,23,348433
2026-08-30T00:48:36.672129,Schüttauplatz,23,348232
2026-08-30T00:48:36.672129,Schüttauplatz,23,348582
2026-08-30T00:48:36.672129,Schüttauplatz,23,348521
2026-08-30T00:48:36.672129,Schüttauplatz,23,349769
2026-08-30T00:48:36.672129,Schüttauplatz,23,349367
2026-08-30T00:48:36.672129,Schüttauplatz,23,349275
2026-08-30T00:48:36.672129,Stadlau S U,17,345027
2026-08-30T00:48:36.672129,Stadlau S U,17,345996
2026-08-30T00:48:36.672129,Stadlau S U,17,345976
2026-08-30T00:48:36.672129,Stadlau S U,17,345522
2026-08-30T00:48:36.672129,Stadlau S U,17,346311
2026-08-30T00:48:36.672129,Stadlau S U,17,346149
2026-08-30T00:48:36.672129,Stadlau S U,17,346951
2026-08-30T00:48:36.672129,Stadlau S U,17,346687
2026-08-30T00:48:36.672129,Stadlau S U,17,347289
2026-08-30T00:48:36.672129,Stadlau S U,17,347016
2026-08-30T00:48:36.672129,Stadlau S U,17,347930
2026-08-30T00:48:36.672129,Stadlau S U,17,347836
2026-08-30T00:48:36.672129,Stadlau S U,17,347721
2026-08-30T00:48:36.672129,Stadlau S U,17,348400
2026-08-30T00:48:36.672129,Stadlau S U,17,348277
2026-08-30T00:48:36.672129,Stadlau S U,17,349808
2026-08-30T00:48:36.672129,Stadlau S U,17,349372
2026-08-30T00:48:36.672129,Kaisermühlen-VIC U,39,345475
2026-08-30T00:48:36.672129,Kaisermühlen-VIC U,39,345430
2026-08-30T00:48:36.672129,Kaisermühlen-VIC U,39,345407
2026-08-30T00:48:36.672129,Kaisermühlen-VIC U,39,345230
2026-08-30T00:48:36.672129,Kaisermühlen-VIC U,39,345215
2026-08-30T00:48:36.672129,Kaisermühlen-VIC U,39,345204
2026-08-30T00:48:36.672129,Kaisermühlen-VIC U,39,345183
2026-08-30T00:48:36.672129,Kaisermühlen-VIC U,39,345026
2026-08-30T00:48:36.672129,Kaisermühlen-VIC U,39,345950
2026-08-30T00:48:36.672129,Kaisermühlen-VIC U,39,345913
2026-08-30T00:48:36.672129,Kaisermühlen-VIC U,39,345658
2026-08-30T00:48:36.672129,Kaisermühlen-VIC U,39,346328
2026-08-30T00:48:36.672129,Kaisermühlen-VIC U,39,346276
2026-08-30T00:48:36.672129,Kaisermühlen-VIC U,39,346225
2026-08-30T00:48:36.672129,Kaisermühlen-VIC U,39,346216
2026-08-30T00:48:36.672129,Kaisermühlen-VIC U,39,346207
2026-08-30T00:48:36.672129,Kaisermühlen-VIC U,39,346992
2026-08-30T00:48:36.672129,Kaisermühlen-VIC U,39,346912
2026-08-30T00:48:36.672129,Kaisermühlen-VIC U,39,346776
2026-08-30T00:48:36.672129,Kaisermühlen-VIC U,39,346674
2026-08-30T00:48:36.672129,Kaisermühlen-VIC U,39,346592
2026-08-30T00:48:36.672129,Kaisermühlen-VIC U,39,347403
2026-08-30T00:48:36.672129,Kaisermühlen-VIC U,39,347114
2026-08-30T00:48:36.672129,Kaisermühlen-VIC U,39,347076
2026-08-30T00:48:36.672129,Kaisermühlen-VIC U,39,347000
2026-08-30T00:48:36.672129,Kaisermühlen-VIC U,39,347817
2026-08-30T00:48:36.672129,Kaisermühlen-VIC U,39,347538
2026-08-30T00:48:36.672129,Kaisermühlen-VIC U,39,348304
2026-08-30T00:48:36.672129,Kaisermühlen-VIC U,39,348236
2026-08-30T00:48:36.672129,Kaisermühlen-VIC U,39,348116
2026-08-30T00:48:36.672129,Kaisermühlen-VIC U,39,348100
2026-08-30T00:48:36.672129,Kaisermühlen-VIC U,39,348705
2026-08-30T00:48:36.672129,Kaisermühlen-VIC U,39,348601
2026-08-30T00:48:36.672129,Kaisermühlen-VIC U,39,398851
2026-08-30T00:48:36.672129,Kaisermühlen-VIC U,39,398763
2026-08-30T00:48:36.672129,Kaisermühlen-VIC U,39,349900
2026-08-30T00:48:36.672129,Kaisermühlen-VIC U,39,349592
2026-08-30T00:48:36.672129,Kaisermühlen-VIC U,39,349497
2026-08-30T00:48:36.672129,Kaisermühlen-VIC U,39,349419
2026-08-30T00:48:36.672129,Kagraner Platz U,12,345296
2026-08-30T00:48:36.672129,Kagraner Platz U,12,345674
2026-08-30T00:48:36.672129,Kagraner Platz U,12,345641
2026-08-30T00:48:36.672129,Kagraner Platz U,12,346062
2026-08-30T00:48:36.672129,Kagraner Platz U,12,346526
2026-08-30T00:48:36.672129,Kagraner Platz U,12,347974
2026-08-30T00:48:36.672129,Kagraner Platz U,12,347934
2026-08-30T00:48:36.672129,Kagraner Platz U,12,347915
2026-08-30T00:48:36.672129,Kagraner Platz U,12,347818
2026-08-30T00:48:36.672129,Kagraner Platz U,12,348452
2026-08-30T00:48:36.672129,Kagraner Platz U,12,348576
2026-08-30T00:48:36.672129,Kagraner Platz U,12,349762
2026-08-30T00:48:36.672129,Alterlaa U,9,345293
2026-08-30T00:48:36.672129,Alterlaa U,9,345256
2026-08-30T00:48:36.672129,Alterlaa U,9,345170
2026-08-30T00:48:36.672129,Alterlaa U,9,345020
2026-08-30T00:48:36.672129,Alterlaa U,9,345704
2026-08-30T00:48:36.672129,Alterlaa U,9,347138
2026-08-30T00:48:36.672129,Alterlaa U,9,347973
2026-08-30T00:48:36.672129,Alterlaa U,9,348076
2026-08-30T00:48:36.672129,Alterlaa U,9,349923
2026-08-30T00:48:36.672129,Bacherplatz,9,345696
2026-08-30T00:48:36.672129,Bacherplatz,9,346954
2026-08-30T00:48:36.672129,Bacherplatz,9,346848
2026-08-30T00:48:36.672129,Bacherplatz,9,346540
2026-08-30T00:48:36.672129,Bacherplatz,9,347432
2026-08-30T00:48:36.672129,Bacherplatz,9,347513
2026-08-30T00:48:36.672129,Bacherplatz,9,348136
2026-08-30T00:48:36.672129,Bacherplatz,9,348020
2026-08-30T00:48:36.672129,Bacherplatz,9,398805
2026-08-30T00:48:36.672129,Carl-Appel-Straße,9,345425
2026-08-30T00:48:36.672129,Carl-Appel-Straße,9,346447
2026-08-30T00:48:36.672129,Carl-Appel-Straße,9,346744
2026-08-30T00:48:36.672129,Carl-Appel-Straße,9,347213
2026-08-30T00:48:36.672129,Carl-Appel-Straße,9,347787
2026-08-30T00:48:36.672129,Carl-Appel-Straße,9,348345
2026-08-30T00:48:36.672129,Carl-Appel-Straße,9,348551
2026-08-30T00:48:36.672129,Carl-Appel-Straße,9,398866
2026-08-30T00:48:36.672129,Carl-Appel-Straße,9,349483
2026-08-30T00:48:36.672129,Otto-Probst-Platz,5,345723
2026-08-30T00:48:36.672129,Otto-Probst-Platz,5,346412
2026-08-30T00:48:36.672129,Otto-Probst-Platz,5,346109
2026-08-30T00:48:36.672129,Otto-Probst-Platz,5,346552
2026-08-30T00:48:36.672129,Otto-Probst-Platz,5,348558
2026-08-30T00:48:36.672129,Alaudagasse U,15,345445
2026-08-30T00:48:36.672129,Alaudagasse U,15,345250
2026-08-30T00:48:36.672129,Alaudagasse U,15,345147
2026-08-30T00:48:36.672129,Alaudagasse U,15,345112
2026-08-30T00:48:36.672129,Alaudagasse U,15,345968
2026-08-30T00:48:36.672129,Alaudagasse U,15,345832
2026-08-30T00:48:36.672129,Alaudagasse U,15,346013
2026-08-30T00:48:36.672129,Alaudagasse U,15,347928
2026-08-30T00:48:36.672129,Alaudagasse U,15,347704
2026-08-30T00:48:36.672129,Alaudagasse U,15,347695
2026-08-30T00:48:36.672129,Alaudagasse U,15,348440
2026-08-30T00:48:36.672129,Alaudagasse U,15,348089
2026-08-30T00:48:36.672129,Alaudagasse U,15,348655
2026-08-30T00:48:36.672129,Alaudagasse U,15,349404
2026-08-30T00:48:36.672129,Alaudagasse U,15,349323
2026-08-30T00:48:36.672129,Svetelskystraße,25,345097
2026-08-30T00:48:36.672129,Svetelskystraße,25,345054
2026-08-30T00:48:36.672129,Svetelskystraße,25,345038
2026-08-30T00:48:36.672129,Svetelskystraße,25,345853
2026-08-30T00:48:36.672129,Svetelskystraße,25,345820
2026-08-30T00:48:36.672129,Svetelskystraße,25,345574
2026-08-30T00:48:36.672129,Svetelskystraße,25,346330
2026-08-30T00:48:36.672129,Svetelskystraße,25,346327
2026-08-30T00:48:36.672129,Svetelskystraße,25,346247
2026-08-30T00:48:36.672129,Svetelskystraße,25,346959
2026-08-30T00:48:36.672129,Svetelskystraße,25,346935
2026-08-30T00:48:36.672129,Svetelskystraße,25,347363
2026-08-30T00:48:36.672129,Svetelskystraße,25,347848
2026-08-30T00:48:36.672129,Svetelskystraße,25,347723
2026-08-30T00:48:36.672129,Svetelskystraße,25,347542
2026-08-30T00:48:36.672129,Svetelskystraße,25,348253
2026-08-30T00:48:36.672129,Svetelskystraße,25,348239
2026-08-30T00:48:36.672129,Svetelskystraße,25,348205
2026-08-30T00:48:36.672129,Svetelskystraße,25,348689
2026-08-30T00:48:36.672129,Svetelskystraße,25,398837
2026-08-30T00:48:36.672129,Svetelskystraße,25,398788
2026-08-30T00:48:36.672129,Svetelskystraße,25,349889
2026-08-30T00:48:36.672129,Svetelskystraße,25,349796
2026-08-30T00:48:36.672129,Svetelskystraße,25,349698
2026-08-30T00:48:36.672129,Svetelskystraße,25,349505
2026-08-30T00:48:36.672129,Weißenböckstraße,16,345319
2026-08-30T00:48:36.672129,Weißenböckstraße,16,345918
2026-08-30T00:48:36.672129,Weißenböckstraße,16,345770
2026-08-30T00:48:36.672129,Weißenböckstraße,16,345647
2026-08-30T00:48:36.672129,Weißenböckstraße,16,346305
2026-08-30T00:48:36.672129,Weißenböckstraße,16,346585
2026-08-30T00:48:36.672129,Weißenböckstraße,16,347955
2026-08-30T00:48:36.672129,Weißenböckstraße,16,347790
2026-08-30T00:48:36.672129,Weißenböckstraße,16,347780
2026-08-30T00:48:36.672129,Weißenböckstraße,16,348350
2026-08-30T00:48:36.672129,Weißenböckstraße,16,348341
2026-08-30T00:48:36.672129,Weißenböckstraße,16,348297
2026-08-30T00:48:36.672129,Weißenböckstraße,16,348226
2026-08-30T00:48:36.672129,Weißenböckstraße,16,349999
2026-08-30T00:48:36.672129,Weißenböckstraße,16,349921
2026-08-30T00:48:36.672129,Weißenböckstraße,16,349237
2026-08-30T00:48:36.672129,Zentralfriedhof 2. Tor,15,345947
2026-08-30T00:48:36.672129,Zentralfriedhof 2. Tor,15,345902
2026-08-30T00:48:36.672129,Zentralfriedhof 2. Tor,15,346981
2026-08-30T00:48:36.672129,Zentralfriedhof 2. Tor,15,346878
2026-08-30T00:48:36.672129,Zentralfriedhof 2. Tor,15,346786
2026-08-30T00:48:36.672129,Zentralfriedhof 2. Tor,15,347334
2026-08-30T00:48:36.672129,Zentralfriedhof 2. Tor,15,347673
2026-08-30T00:48:36.672129,Zentralfriedhof 2. Tor,15,347543
2026-08-30T00:48:36.672129,Zentralfriedhof 2. Tor,15,398815
2026-08-30T00:48:36.672129,Zentralfriedhof 2. Tor,15,349650
2026-08-30T00:48:36.672129,Zentralfriedhof 2. Tor,15,349629
2026-08-30T00:48:36.672129,Zentralfriedhof 2. Tor,15,349558
2026-08-30T00:48:36.672129,Zentralfriedhof 2. Tor,15,349389
2026-08-30T00:48:36.672129,Zentralfriedhof 2. Tor,15,349373
2026-08-30T00:48:36.672129,Zentralfriedhof 2. Tor,15,349216
2026-08-30T00:48:36.672129,Simoningplatz,19,345965
2026-08-30T00:48:36.672129,Simoningplatz,19,345838
2026-08-30T00:48:36.672129,Simoningplatz,19,346312
2026-08-30T00:48:36.672129,Simoningplatz,19,346130
2026-08-30T00:48:36.672129,Simoningplatz,19,346871
2026-08-30T00:48:36.672129,Simoningplatz,19,346824
2026-08-30T00:48:36.672129,Simoningplatz,19,346814
2026-08-30T00:48:36.672129,Simoningplatz,19,346658
2026-08-30T00:48:36.672129,Simoningplatz,19,346581
2026-08-30T00:48:36.672129,Simoningplatz,19,347287
2026-08-30T00:48:36.672129,Simoningplatz,19,347272
2026-08-30T00:48:36.672129,Simoningplatz,19,347146
2026-08-30T00:48:36.672129,Simoningplatz,19,347989
2026-08-30T00:48:36.672129,Simoningplatz,19,347887
2026-08-30T00:48:36.672129,Simoningplatz,19,347694
2026-08-30T00:48:36.672129,Simoningplatz,19,347660
2026-08-30T00:48:36.672129,Simoningplatz,19,348353
2026-08-30T00:48:36.672129,Simoningplatz,19,349837
2026-08-30T00:48:36.672129,Simoningplatz,19,349311
2026-08-30T00:48:36.672129,Etrichstraße,21,345580
2026-08-30T00:48:36.672129,Etrichstraße,21,346942
2026-08-30T00:48:36.672129,Etrichstraße,21,346839
2026-08-30T00:48:36.672129,Etrichstraße,21,347288
2026-08-30T00:48:36.672129,Etrichstraße,21,347243
2026-08-30T00:48:36.672129,Etrichstraße,21,347871
2026-08-30T00:48:36.672129,Etrichstraße,21,347727
2026-08-30T00:48:36.672129,Etrichstraße,21,348255
2026-08-30T00:48:36.672129,Etrichstraße,21,398714
2026-08-30T00:48:36.672129,Etrichstraße,21,349918
2026-08-30T00:48:36.672129,Etrichstraße,21,349791
2026-08-30T00:48:36.672129,Etrichstraße,21,349735
2026-08-30T00:48:36.672129,Etrichstraße,21,349660
2026-08-30T00:48:36.672129,Etrichstraße,21,349635
2026-08-30T00:48:36.672129,Etrichstraße,21,349589
2026-08-30T00:48:36.672129,Etrichstraße,21,349502
2026-08-30T00:48:36.672129,Etrichstraße,21,349381
2026-08-30T00:48:36.672129,Etrichstraße,21,349356
2026-08-30T00:48:36.672129,Etrichstraße,21,349290
2026-08-30T00:48:36.672129,Etrichstraße,21,349223
2026-08-30T00:48:36.672129,Etrichstraße,21,349206
2026-08-30T00:48:36.672129,Zippererstraße U,19,345139
2026-08-30T00:48:36.672129,Zippererstraße U,19,345125
2026-08-30T00:48:36.672129,Zippererstraße U,19,345915
2026-08-30T00:48:36.672129,Zippererstraße U,19,345790
2026-08-30T00:48:36.672129,Zippererstraße U,19,345725
2026-08-30T00:48:36.672129,Zippererstraße U,19,345559
2026-08-30T00:48:36.672129,Zippererstraße U,19,346426
2026-08-30T00:48:36.672129,Zippererstraße U,19,346377
2026-08-30T00:48:36.672129,Zippererstraße U,19,346054
2026-08-30T00:48:36.672129,Zippererstraße U,19,346873
2026-08-30T00:48:36.672129,Zippererstraße U,19,346763
2026-08-30T00:48:36.672129,Zippererstraße U,19,347495
2026-08-30T00:48:36.672129,Zippererstraße U,19,347044
2026-08-30T00:48:36.672129,Zippererstraße U,19,347945
2026-08-30T00:48:36.672129,Zippererstraße U,19,347596
2026-08-30T00:48:36.672129,Zippererstraße U,19,348244
2026-08-30T00:48:36.672129,Zippererstraße U,19,348519
2026-08-30T00:48:36.672129,Zippererstraße U,19,349532
2026-08-30T00:48:36.672129,Zippererstraße U,19,349203
2026-08-30T00:48:36.672129,Hetzendorf S / Altmannsdorfer Straße,2,345988
2026-08-30T00:48:36.672129,Hetzendorf S / Altmannsdorfer Straße,2,349664
2026-08-30T00:48:36.672129,Gatterhölzl,2,348033
2026-08-30T00:48:36.672129,Gatterhölzl,2,349933
2026-08-30T00:48:36.672129,Speising S,8,345247
2026-08-30T00:48:36.672129,Speising S,8,345057
2026-08-30T00:48:36.672129,Speising S,8,345797
2026-08-30T00:48:36.672129,Speising S,8,346302
2026-08-30T00:48:36.672129,Speising S,8,347007
2026-08-30T00:48:36.672129,Speising S,8,348338
2026-08-30T00:48:36.672129,Speising S,8,348327
2026-08-30T00:48:36.672129,Speising S,8,349646
2026-08-30T00:48:36.672129,Landstraßer Gürtel Eurogate,3,346701
2026-08-30T00:48:36.672129,Landstraßer Gürtel Eurogate,3,347217
2026-08-30T00:48:36.672129,Landstraßer Gürtel Eurogate,3,348524
2026-08-30T00:48:36.672129,Hasnerstraße / Hofferplatz,5,347658
2026-08-30T00:48:36.672129,Hasnerstraße / Hofferplatz,5,349624
2026-08-30T00:48:36.672129,Hasnerstraße / Hofferplatz,5,349550
2026-08-30T00:48:36.672129,Hasnerstraße / Hofferplatz,5,349524
2026-08-30T00:48:36.672129,Hasnerstraße / Hofferplatz,5,349246
2026-08-30T00:48:36.672129,Wattgasse,11,345712
2026-08-30T00:48:36.672129,Wattgasse,11,345543
2026-08-30T00:48:36.672129,Wattgasse,11,345532
2026-08-30T00:48:36.672129,Wattgasse,11,345502
2026-08-30T00:48:36.672129,Wattgasse,11,346451
2026-08-30T00:48:36.672129,Wattgasse,11,346990
2026-08-30T00:48:36.672129,Wattgasse,11,346509
2026-08-30T00:48:36.672129,Wattgasse,11,347063
2026-08-30T00:48:36.672129,Wattgasse,11,347882
2026-08-30T00:48:36.672129,Wattgasse,11,349946
2026-08-30T00:48:36.672129,Wattgasse,11,349266
2026-08-30T00:48:36.672129,Grinzing,6,345400
2026-08-30T00:48:36.672129,Grinzing,6,345223
2026-08-30T00:48:36.672129,Grinzing,6,345085
2026-08-30T00:48:36.672129,Grinzing,6,346134
2026-08-30T00:48:36.672129,Grinzing,6,346071
2026-08-30T00:48:36.672129,Grinzing,6,347734
2026-08-30T00:48:36.672129,Oberdöbling S,12,345769
2026-08-30T00:48:36.672129,Oberdöbling S,12,345560
2026-08-30T00:48:36.672129,Oberdöbling S,12,346464
2026-08-30T00:48:36.672129,Oberdöbling S,12,346993
2026-08-30T00:48:36.672129,Oberdöbling S,12,346980
2026-08-30T00:48:36.672129,Oberdöbling S,12,346859
2026-08-30T00:48:36.672129,Oberdöbling S,12,346565
2026-08-30T00:48:36.672129,Oberdöbling S,12,348289
2026-08-30T00:48:36.672129,Oberdöbling S,12,398756
2026-08-30T00:48:36.672129,Oberdöbling S,12,349901
2026-08-30T00:48:36.672129,Oberdöbling S,12,349758
2026-08-30T00:48:36.672129,Oberdöbling S,12,349337
2026-08-30T00:48:36.672129,Kantnergasse,18,345320
2026-08-30T00:48:36.672129,Kantnergasse,18,345249
2026-08-30T00:48:36.672129,Kantnergasse,18,345012
2026-08-30T00:48:36.672129,Kantnergasse,18,345782
2026-08-30T00:48:36.672129,Kantnergasse,18,346757
2026-08-30T00:48:36.672129,Kantnergasse,18,347452
2026-08-30T00:48:36.672129,Kantnergasse,18,347393
2026-08-30T00:48:36.672129,Kantnergasse,18,347183
2026-08-30T00:48:36.672129,Kantnergasse,18,347155
2026-08-30T00:48:36.672129,Kantnergasse,18,347864
2026-08-30T00:48:36.672129,Kantnergasse,18,347796
2026-08-30T00:48:36.672129,Kantnergasse,18,347608
2026-08-30T00:48:36.672129,Kantnergasse,18,348317
2026-08-30T00:48:36.672129,Kantnergasse,18,348606
2026-08-30T00:48:36.672129,Kantnergasse,18,348525
2026-08-30T00:48:36.672129,Kantnergasse,18,398850
2026-08-30T00:48:36.672129,Kantnergasse,18,349949
2026-08-30T00:48:36.672129,Kantnergasse,18,349212
2026-08-30T00:48:36.672129,Leopoldau S U,13,345360
2026-08-30T00:48:36.672129,Leopoldau S U,13,346662
2026-08-30T00:48:36.672129,Leopoldau S U,13,346559
2026-08-30T00:48:36.672129,Leopoldau S U,13,347469
2026-08-30T00:48:36.672129,Leopoldau S U,13,347941
2026-08-30T00:48:36.672129,Leopoldau S U,13,347901
2026-08-30T00:48:36.672129,Leopoldau S U,13,347722
2026-08-30T00:48:36.672129,Leopoldau S U,13,348497
2026-08-30T00:48:36.672129,Leopoldau S U,13,348326
2026-08-30T00:48:36.672129,Leopoldau S U,13,349925
2026-08-30T00:48:36.672129,Leopoldau S U,13,349863
2026-08-30T00:48:36.672129,Leopoldau S U,13,349529
2026-08-30T00:48:36.672129,Leopoldau S U,13,349461
2026-08-30T00:48:36.672129,Josef-Baumann-Gasse,14,345841
2026-08-30T00:48:36.672129,Josef-Baumann-Gasse,14,346438
2026-08-30T00:48:36.672129,Josef-Baumann-Gasse,14,346337
2026-08-30T00:48:36.672129,Josef-Baumann-Gasse,14,346156
2026-08-30T00:48:36.672129,Josef-Baumann-Gasse,14,346926
2026-08-30T00:48:36.672129,Josef-Baumann-Gasse,14,346519
2026-08-30T00:48:36.672129,Josef-Baumann-Gasse,14,347970
2026-08-30T00:48:36.672129,Josef-Baumann-Gasse,14,348148
2026-08-30T00:48:36.672129,Josef-Baumann-Gasse,14,348027
2026-08-30T00:48:36.672129,Josef-Baumann-Gasse,14,348599
2026-08-30T00:48:36.672129,Josef-Baumann-Gasse,14,348520
2026-08-30T00:48:36.672129,Josef-Baumann-Gasse,14,349880
2026-08-30T00:48:36.672129,Josef-Baumann-Gasse,14,349693
2026-08-30T00:48:36.672129,Josef-Baumann-Gasse,14,349243
2026-08-30T00:48:36.672129,Fultonstraße,30,345474
2026-08-30T00:48:36.672129,Fultonstraße,30,345440
2026-08-30T00:48:36.672129,Fultonstraße,30,345399
2026-08-30T00:48:36.672129,Fultonstraße,30,345899
2026-08-30T00:48:36.672129,Fultonstraße,30,345875
2026-08-30T00:48:36.672129,Fultonstraße,30,345668
2026-08-30T00:48:36.672129,Fultonstraße,30,346278
2026-08-30T00:48:36.672129,Fultonstraße,30,346923
2026-08-30T00:48:36.672129,Fultonstraße,30,346726
2026-08-30T00:48:36.672129,Fultonstraße,30,346710
2026-08-30T00:48:36.672129,Fultonstraße,30,346653
2026-08-30T00:48:36.672129,Fultonstraße,30,346523
2026-08-30T00:48:36.672129,Fultonstraße,30,347346
2026-08-30T00:48:36.672129,Fultonstraße,30,347130
2026-08-30T00:48:36.672129,Fultonstraße,30,347999
2026-08-30T00:48:36.672129,Fultonstraße,30,347846
2026-08-30T00:48:36.672129,Fultonstraße,30,347801
2026-08-30T00:48:36.672129,Fultonstraße,30,347697
2026-08-30T00:48:36.672129,Fultonstraße,30,347637
2026-08-30T00:48:36.672129,Fultonstraße,30,347565
2026-08-30T00:48:36.672129,Fultonstraße,30,347516
2026-08-30T00:48:36.672129,Fultonstraße,30,348108
2026-08-30T00:48:36.672129,Fultonstraße,30,348017
2026-08-30T00:48:36.672129,Fultonstraße,30,348541
2026-08-30T00:48:36.672129,Fultonstraße,30,349781
2026-08-30T00:48:36.672129,Fultonstraße,30,349717
2026-08-30T00:48:36.672129,Fultonstraße,30,349659
2026-08-30T00:48:36.672129,Fultonstraße,30,349526
2026-08-30T00:48:36.672129,Fultonstraße,30,349490
2026-08-30T00:48:36.672129,Fultonstraße,30,349349
2026-08-30T00:48:36.672129,Hopfengasse,22,345383
2026-08-30T00:48:36.672129,Hopfengasse,22,345273
2026-08-30T00:48:36.672129,Hopfengasse,22,345835
2026-08-30T00:48:36.672129,Hopfengasse,22,345805
2026-08-30T00:48:36.672129,Hopfengasse,22,345722
2026-08-30T00:48:36.672129,Hopfengasse,22,345576
2026-08-30T00:48:36.672129,Hopfengasse,22,346481
2026-08-30T00:48:36.672129,Hopfengasse,22,346088
2026-08-30T00:48:36.672129,Hopfengasse,22,346080
2026-08-30T00:48:36.672129,Hopfengasse,22,346979
2026-08-30T00:48:36.672129,Hopfengasse,22,346915
2026-08-30T00:48:36.672129,Hopfengasse,22,346885
2026-08-30T00:48:36.672129,Hopfengasse,22,346795
2026-08-30T00:48:36.672129,Hopfengasse,22,346704
2026-08-30T00:48:36.672129,Hopfengasse,22,347301
2026-08-30T00:48:36.672129,Hopfengasse,22,347178
2026-08-30T00:48:36.672129,Hopfengasse,22,347946
2026-08-30T00:48:36.672129,Hopfengasse,22,347749
2026-08-30T00:48:36.672129,Hopfengasse,22,347684
2026-08-30T00:48:36.672129,Hopfengasse,22,347529
2026-08-30T00:48:36.672129,Hopfengasse,22,348615
2026-08-30T00:48:36.672129,Hopfengasse,22,348562
2026-08-30T00:48:36.672129,Jedlesee / Bellgasse,24,345345
2026-08-30T00:48:36.672129,Jedlesee / Bellgasse,24,345872
2026-08-30T00:48:36.672129,Jedlesee / Bellgasse,24,345744
2026-08-30T00:48:36.672129,Jedlesee / Bellgasse,24,346435
2026-08-30T00:48:36.672129,Jedlesee / Bellgasse,24,346403
2026-08-30T00:48:36.672129,Jedlesee / Bellgasse,24,346104
2026-08-30T00:48:36.672129,Jedlesee / Bellgasse,24,346941
2026-08-30T00:48:36.672129,Jedlesee / Bellgasse,24,346900
2026-08-30T00:48:36.672129,Jedlesee / Bellgasse,24,346817
2026-08-30T00:48:36.672129,Jedlesee / Bellgasse,24,346720
2026-08-30T00:48:36.672129,Jedlesee / Bellgasse,24,347414
2026-08-30T00:48:36.672129,Jedlesee / Bellgasse,24,347275
2026-08-30T00:48:36.672129,Jedlesee / Bellgasse,24,347755
2026-08-30T00:48:36.672129,Jedlesee / Bellgasse,24,347593
2026-08-30T00:48:36.672129,Jedlesee / Bellgasse,24,347582
2026-08-30T00:48:36.672129,Jedlesee / Bellgasse,24,348379
2026-08-30T00:48:36.672129,Jedlesee / Bellgasse,24,348286
2026-08-30T00:48:36.672129,Jedlesee / Bellgasse,24,348149
2026-08-30T00:48:36.672129,Jedlesee / Bellgasse,24,348712
2026-08-30T00:48:36.672129,Jedlesee / Bellgasse,24,348614
2026-08-30T00:48:36.672129,Jedlesee / Bellgasse,24,349906
2026-08-30T00:48:36.672129,Jedlesee / Bellgasse,24,349738
2026-08-30T00:48:36.672129,Jedlesee / Bellgasse,24,349341
2026-08-30T00:48:36.672129,Jedlesee / Bellgasse,24,349289
2026-08-30T00:48:36.672129,Jedleseer Friedhof,3,346048
2026-08-30T00:48:36.672129,Jedleseer Friedhof,3,346823
2026-08-30T00:48:36.672129,Jedleseer Friedhof,3,347133
2026-08-30T00:48:36.672129,Strebersdorf / Meriangasse,12,345462
2026-08-30T00:48:36.672129,Strebersdorf / Meriangasse,12,346131
2026-08-30T00:48:36.672129,Strebersdorf / Meriangasse,12,346090
2026-08-30T00:48:36.672129,Strebersdorf / Meriangasse,12,347429
2026-08-30T00:48:36.672129,Strebersdorf / Meriangasse,12,348434
2026-08-30T00:48:36.672129,Strebersdorf / Meriangasse,12,348068
2026-08-30T00:48:36.672129,Strebersdorf / Meriangasse,12,348646
2026-08-30T00:48:36.672129,Strebersdorf / Meriangasse,12,348583
2026-08-30T00:48:36.672129,Strebersdorf / Meriangasse,12,349637
2026-08-30T00:48:36.672129,Strebersdorf / Meriangasse,12,349481
2026-08-30T00:48:36.672129,Strebersdorf / Meriangasse,12,349405
2026-08-30T00:48:36.672129,Strebersdorf / Meriangasse,12,349390
2026-08-30T00:48:36.672129,Kagraner Anger,21,345240
2026-08-30T00:48:36.672129,Kagraner Anger,21,345155
2026-08-30T00:48:36.672129,Kagraner Anger,21,345065
2026-08-30T00:48:36.672129,Kagraner Anger,21,346340
2026-08-30T00:48:36.672129,Kagraner Anger,21,346855
2026-08-30T00:48:36.672129,Kagraner Anger,21,346841
2026-08-30T00:48:36.672129,Kagraner Anger,21,346797
2026-08-30T00:48:36.672129,Kagraner Anger,21,347376
2026-08-30T00:48:36.672129,Kagraner Anger,21,347345
2026-08-30T00:48:36.672129,Kagraner Anger,21,347260
2026-08-30T00:48:36.672129,Kagraner Anger,21,347065
2026-08-30T00:48:36.672129,Kagraner Anger,21,347806
2026-08-30T00:48:36.672129,Kagraner Anger,21,347540
2026-08-30T00:48:36.672129,Kagraner Anger,21,348419
2026-08-30T00:48:36.672129,Kagraner Anger,21,348214
2026-08-30T00:48:36.672129,Kagraner Anger,21,348681
2026-08-30T00:48:36.672129,Kagraner Anger,21,349926
2026-08-30T00:48:36.672129,Kagraner Anger,21,349893
2026-08-30T00:48:36.672129,Kagraner Anger,21,349817
2026-08-30T00:48:36.672129,Kagraner Anger,21,349673
2026-08-30T00:48:36.672129,Kagraner Anger,21,349662
2026-08-30T00:48:36.672129,mdw Campus,5,346041
2026-08-30T00:48:36.672129,mdw Campus,5,346626
2026-08-30T00:48:36.672129,mdw Campus,5,347370
2026-08-30T00:48:36.672129,mdw Campus,5,347116
2026-08-30T00:48:36.672129,mdw Campus,5,348109
2026-08-30T00:48:36.672129,Stavangergasse,14,345059
2026-08-30T00:48:36.672129,Stavangergasse,14,345973
2026-08-30T00:48:36.672129,Stavangergasse,14,345692
2026-08-30T00:48:36.672129,Stavangergasse,14,346202
2026-08-30T00:48:36.672129,Stavangergasse,14,347170
2026-08-30T00:48:36.672129,Stavangergasse,14,347134
2026-08-30T00:48:36.672129,Stavangergasse,14,347685
2026-08-30T00:48:36.672129,Stavangergasse,14,348444
2026-08-30T00:48:36.672129,Stavangergasse,14,348378
2026-08-30T00:48:36.672129,Stavangergasse,14,348222
2026-08-30T00:48:36.672129,Stavangergasse,14,348161
2026-08-30T00:48:36.672129,Stavangergasse,14,398806
2026-08-30T00:48:36.672129,Stavangergasse,14,349278
2026-08-30T00:48:36.672129,Stavangergasse,14,349250
2026-08-30T00:48:36.672129,Hans-Steger-Gasse,16,345332
2026-08-30T00:48:36.672129,Hans-Steger-Gasse,16,345116
2026-08-30T00:48:36.672129,Hans-Steger-Gasse,16,346359
2026-08-30T00:48:36.672129,Hans-Steger-Gasse,16,346260
2026-08-30T00:48:36.672129,Hans-Steger-Gasse,16,346549
2026-08-30T00:48:36.672129,Hans-Steger-Gasse,16,347797
2026-08-30T00:48:36.672129,Hans-Steger-Gasse,16,347674
2026-08-30T00:48:36.672129,Hans-Steger-Gasse,16,347626
2026-08-30T00:48:36.672129,Hans-Steger-Gasse,16,348390
2026-08-30T00:48:36.672129,Hans-Steger-Gasse,16,349997
2026-08-30T00:48:36.672129,Hans-Steger-Gasse,16,349995
2026-08-30T00:48:36.672129,Hans-Steger-Gasse,16,349939
2026-08-30T00:48:36.672129,Hans-Steger-Gasse,16,349656
2026-08-30T00:48:36.672129,Hans-Steger-Gasse,16,349639
2026-08-30T00:48:36.672129,Hans-Steger-Gasse,16,349631
2026-08-30T00:48:36.672129,Hans-Steger-Gasse,16,349365
2026-08-30T00:48:36.672129,Hirschstetten S,24,345949
2026-08-30T00:48:36.672129,Hirschstetten S,24,345529
2026-08-30T00:48:36.672129,Hirschstetten S,24,346493
2026-08-30T00:48:36.672129,Hirschstetten S,24,346453
2026-08-30T00:48:36.672129,Hirschstetten S,24,346966
2026-08-30T00:48:36.672129,Hirschstetten S,24,346816
2026-08-30T00:48:36.672129,Hirschstetten S,24,346812
2026-08-30T00:48:36.672129,Hirschstetten S,24,346767
2026-08-30T00:48:36.672129,Hirschstetten S,24,346682
2026-08-30T00:48:36.672129,Hirschstetten S,24,346529
2026-08-30T00:48:36.672129,Hirschstetten S,24,347342
2026-08-30T00:48:36.672129,Hirschstetten S,24,347150
2026-08-30T00:48:36.672129,Hirschstetten S,24,347017
2026-08-30T00:48:36.672129,Hirschstetten S,24,347948
2026-08-30T00:48:36.672129,Hirschstetten S,24,347839
2026-08-30T00:48:36.672129,Hirschstetten S,24,347838
2026-08-30T00:48:36.672129,Hirschstetten S,24,347589
2026-08-30T00:48:36.672129,Hirschstetten S,24,348568
2026-08-30T00:48:36.672129,Hirschstetten S,24,398862
2026-08-30T00:48:36.672129,Hirschstetten S,24,398855
2026-08-30T00:48:36.672129,Hirschstetten S,24,349967
2026-08-30T00:48:36.672129,Hirschstetten S,24,349458
2026-08-30T00:48:36.672129,Hirschstetten S,24,349332
2026-08-30T00:48:36.672129,Hirschstetten S,24,349284
2026-08-30T00:48:36.672129,Atzgersdorf S,6,349987
2026-08-30T00:48:36.672129,Atzgersdorf S,6,349927
2026-08-30T00:48:36.672129,Atzgersdorf S,6,349626
2026-08-30T00:48:36.672129,Atzgersdorf S,6,349580
2026-08-30T00:48:36.672129,Atzgersdorf S,6,349427
2026-08-30T00:48:36.672129,Atzgersdorf S,6,349363
2026-08-30T00:48:36.672129,Siebenhirten U,8,345863
2026-08-30T00:48:36.672129,Siebenhirten U,8,347123
2026-08-30T00:48:36.672129,Siebenhirten U,8,347997
2026-08-30T00:48:36.672129,Siebenhirten U,8,347761
2026-08-30T00:48:36.672129,Siebenhirten U,8,348099
2026-08-30T00:48:36.672129,Siebenhirten U,8,398864
2026-08-30T00:48:36.672129,Siebenhirten U,8,349979
2026-08-30T00:48:36.672129,Siebenhirten U,8,349658
2026-08-30T00:48:36.672129,Erlaaer Straße U,3,345836
2026-08-30T00:48:36.672129,Erlaaer Straße U,3,347167
2026-08-30T00:48:36.672129,Erlaaer Straße U,3,347925
2026-08-30T00:48:36.672129,Perfektastraße U,21,345004
2026-08-30T00:48:36.672129,Perfektastraße U,21,345966
2026-08-30T00:48:36.672129,Perfektastraße U,21,345740
2026-08-30T00:48:36.672129,Perfektastraße U,21,345724
2026-08-30T00:48:36.672129,Perfektastraße U,21,346381
2026-08-30T00:48:36.672129,Perfektastraße U,21,346126
2026-08-30T00:48:36.672129,Perfektastraße U,21,346083
2026-08-30T00:48:36.672129,Perfektastraße U,21,346613
2026-08-30T00:48:36.672129,Perfektastraße U,21,346579
2026-08-30T00:48:36.672129,Perfektastraße U,21,346539
2026-08-30T00:48:36.672129,Perfektastraße U,21,347261
2026-08-30T00:48:36.672129,Perfektastraße U,21,347081
2026-08-30T00:48:36.672129,Perfektastraße U,21,348481
2026-08-30T00:48:36.672129,Perfektastraße U,21,348443
2026-08-30T00:48:36.672129,Perfektastraße U,21,348389
2026-08-30T00:48:36.672129,Perfektastraße U,21,348342
2026-08-30T00:48:36.672129,Perfektastraße U,21,348281
2026-08-30T00:48:36.672129,Perfektastraße U,21,348704
2026-08-30T00:48:36.672129,Perfektastraße U,21,348658
2026-08-30T00:48:36.672129,Perfektastraße U,21,348632
2026-08-30T00:48:36.672129,Perfektastraße U,21,349924
2026-08-30T00:48:36.672129,Meidling S U / Vivenotgasse,20,345418
2026-08-30T00:48:36.672129,Meidling S U / Vivenotgasse,20,345558
2026-08-30T00:48:36.672129,Meidling S U / Vivenotgasse,20,345517
2026-08-30T00:48:36.672129,Meidling S U / Vivenotgasse,20,346294
2026-08-30T00:48:36.672129,Meidling S U / Vivenotgasse,20,346254
2026-08-30T00:48:36.672129,Meidling S U / Vivenotgasse,20,346977
2026-08-30T00:48:36.672129,Meidling S U / Vivenotgasse,20,346639
2026-08-30T00:48:36.672129,Meidling S U / Vivenotgasse,20,347088
2026-08-30T00:48:36.672129,Meidling S U / Vivenotgasse,20,348417
2026-08-30T00:48:36.672129,Meidling S U / Vivenotgasse,20,348117
2026-08-30T00:48:36.672129,Meidling S U / Vivenotgasse,20,348664
2026-08-30T00:48:36.672129,Meidling S U / Vivenotgasse,20,349895
2026-08-30T00:48:36.672129,Meidling S U / Vivenotgasse,20,349877
2026-08-30T00:48:36.672129,Meidling S U / Vivenotgasse,20,349618
2026-08-30T00:48:36.672129,Meidling S U / Vivenotgasse,20,349531
2026-08-30T00:48:36.672129,Meidling S U / Vivenotgasse,20,349465
2026-08-30T00:48:36.672129,Meidling S U / Vivenotgasse,20,349460
2026-08-30T00:48:36.672129,Meidling S U / Vivenotgasse,20,349391
2026-08-30T00:48:36.672129,Meidling S U / Vivenotgasse,20,349374
2026-08-30T00:48:36.672129,Meidling S U / Vivenotgasse,20,349347
2026-08-30T00:48:36.672129,Praterstern Ausstellungsstraße,34,345482
2026-08-30T00:48:36.672129,Praterstern Ausstellungsstraße,34,345132
2026-08-30T00:48:36.672129,Praterstern Ausstellungsstraße,34,345122
2026-08-30T00:48:36.672129,Praterstern Ausstellungsstraße,34,345066
2026-08-30T00:48:36.672129,Praterstern Ausstellungsstraße,34,345978
2026-08-30T00:48:36.672129,Praterstern Ausstellungsstraße,34,345955
2026-08-30T00:48:36.672129,Praterstern Ausstellungsstraße,34,345948
2026-08-30T00:48:36.672129,Praterstern Ausstellungsstraße,34,345834
2026-08-30T00:48:36.672129,Praterstern Ausstellungsstraße,34,345573
2026-08-30T00:48:36.672129,Praterstern Ausstellungsstraße,34,345541
2026-08-30T00:48:36.672129,Praterstern Ausstellungsstraße,34,346495
2026-08-30T00:48:36.672129,Praterstern Ausstellungsstraße,34,346444
2026-08-30T00:48:36.672129,Praterstern Ausstellungsstraße,34,346417
2026-08-30T00:48:36.672129,Praterstern Ausstellungsstraße,34,346318
2026-08-30T00:48:36.672129,Praterstern Ausstellungsstraße,34,346315
2026-08-30T00:48:36.672129,Praterstern Ausstellungsstraße,34,346300
2026-08-30T00:48:36.672129,Praterstern Ausstellungsstraße,34,346258
2026-08-30T00:48:36.672129,Praterstern Ausstellungsstraße,34,347428
2026-08-30T00:48:36.672129,Praterstern Ausstellungsstraße,34,347389
2026-08-30T00:48:36.672129,Praterstern Ausstellungsstraße,34,347304
2026-08-30T00:48:36.672129,Praterstern Ausstellungsstraße,34,347246
2026-08-30T00:48:36.672129,Praterstern Ausstellungsstraße,34,347239
2026-08-30T00:48:36.672129,Praterstern Ausstellungsstraße,34,347008
2026-08-30T00:48:36.672129,Praterstern Ausstellungsstraße,34,347980
2026-08-30T00:48:36.672129,Praterstern Ausstellungsstraße,34,347861
2026-08-30T00:48:36.672129,Praterstern Ausstellungsstraße,34,347773
2026-08-30T00:48:36.672129,Praterstern Ausstellungsstraße,34,347729
2026-08-30T00:48:36.672129,Praterstern Ausstellungsstraße,34,347666
2026-08-30T00:48:36.672129,Praterstern Ausstellungsstraße,34,348461
2026-08-30T00:48:36.672129,Praterstern Ausstellungsstraße,34,348208
2026-08-30T00:48:36.672129,Praterstern Ausstellungsstraße,34,348052
2026-08-30T00:48:36.672129,Praterstern Ausstellungsstraße,34,398804
2026-08-30T00:48:36.672129,Praterstern Ausstellungsstraße,34,349891
2026-08-30T00:48:36.672129,Praterstern Ausstellungsstraße,34,349609
2026-08-30T00:48:36.672129,Muthgasse,9,345604
2026-08-30T00:48:36.672129,Muthgasse,9,346853
2026-08-30T00:48:36.672129,Muthgasse,9,346842
2026-08-30T00:48:36.672129,Muthgasse,9,347047
2026-08-30T00:48:36.672129,Muthgasse,9,347623
2026-08-30T00:48:36.672129,Muthgasse,9,348395
2026-08-30T00:48:36.672129,Muthgasse,9,349838
2026-08-30T00:48:36.672129,Muthgasse,9,349345
2026-08-30T00:48:36.672129,Muthgasse,9,349319
2026-08-30T00:48:36.672129,Liesing S,4,345898
2026-08-30T00:48:36.672129,Liesing S,4,345708
2026-08-30T00:48:36.672129,Liesing S,4,346768
2026-08-30T00:48:36.672129,Liesing S,4,347338
2026-08-30T00:48:36.672129,Aspern Nord S U,17,345499
2026-08-30T00:48:36.672129,Aspern Nord S U,17,345653
2026-08-30T00:48:36.672129,Aspern Nord S U,17,345564
2026-08-30T00:48:36.672129,Aspern Nord S U,17,345534
2026-08-30T00:48:36.672129,Aspern Nord S U,17,346255
2026-08-30T00:48:36.672129,Aspern Nord S U,17,346127
2026-08-30T00:48:36.672129,Aspern Nord S U,17,346102
2026-08-30T00:48:36.672129,Aspern Nord S U,17,346846
2026-08-30T00:48:36.672129,Aspern Nord S U,17,346778
2026-08-30T00:48:36.672129,Aspern Nord S U,17,347484
2026-08-30T00:48:36.672129,Aspern Nord S U,17,348271
2026-08-30T00:48:36.672129,Aspern Nord S U,17,348101
2026-08-30T00:48:36.672129,Aspern Nord S U,17,348069
2026-08-30T00:48:36.672129,Aspern Nord S U,17,348707
2026-08-30T00:48:36.672129,Aspern Nord S U,17,349966
2026-08-30T00:48:36.672129,Aspern Nord S U,17,349621
2026-08-30T00:48:36.672129,Aspern Nord S U,17,349436
2026-08-30T00:48:36.672129,Seepark,1,347064
2026-08-30T00:48:36.672129,Seestadt U,10,345437
2026-08-30T00:48:36.672129,Seestadt U,10,345928
2026-08-30T00:48:36.672129,Seestadt U,10,345880
2026-08-30T00:48:36.672129,Seestadt U,10,345811
2026-08-30T00:48:36.672129,Seestadt U,10,347410
2026-08-30T00:48:36.672129,Seestadt U,10,347382
2026-08-30T00:48:36.672129,Seestadt U,10,347698
2026-08-30T00:48:36.672129,Seestadt U,10,348436
2026-08-30T00:48:36.672129,Seestadt U,10,348391
2026-08-30T00:48:36.672129,Seestadt U,10,348120
2026-08-30T00:48:36.672129,Schwedenplatz U,5,345328
2026-08-30T00:48:36.672129,Schwedenplatz U,5,345979
2026-08-30T00:48:36.672129,Schwedenplatz U,5,346232
2026-08-30T00:48:36.672129,Schwedenplatz U,5,348066
2026-08-30T00:48:36.672129,Schwedenplatz U,5,348676
2026-08-30T00:48:36.672129,Waldmüllerpark,7,345314
2026-08-30T00:48:36.672129,Waldmüllerpark,7,346445
2026-08-30T00:48:36.672129,Waldmüllerpark,7,347497
2026-08-30T00:48:36.672129,Waldmüllerpark,7,348104
2026-08-30T00:48:36.672129,Waldmüllerpark,7,348018
2026-08-30T00:48:36.672129,Waldmüllerpark,7,349649
2026-08-30T00:48:36.672129,Waldmüllerpark,7,349218
2026-08-30T00:48:36.672129,Stubentor U,1,347577
2026-08-30T00:48:36.672129,Landstraße - Wien Mitte S U,16,345594
2026-08-30T00:48:36.672129,Landstraße - Wien Mitte S U,16,346469
2026-08-30T00:48:36.672129,Landstraße - Wien Mitte S U,16,346229
2026-08-30T00:48:36.672129,Landstraße - Wien Mitte S U,16,346525
2026-08-30T00:48:36.672129,Landstraße - Wien Mitte S U,16,347422
2026-08-30T00:48:36.672129,Landstraße - Wien Mitte S U,16,347142
2026-08-30T00:48:36.672129,Landstraße - Wien Mitte S U,16,347768
2026-08-30T00:48:36.672129,Landstraße - Wien Mitte S U,16,348167
2026-08-30T00:48:36.672129,Landstraße - Wien Mitte S U,16,348703
2026-08-30T00:48:36.672129,Landstraße - Wien Mitte S U,16,398802
2026-08-30T00:48:36.672129,Landstraße - Wien Mitte S U,16,349654
2026-08-30T00:48:36.672129,Landstraße - Wien Mitte S U,16,349414
2026-08-30T00:48:36.672129,Landstraße - Wien Mitte S U,16,349362
2026-08-30T00:48:36.672129,Landstraße - Wien Mitte S U,16,349272
2026-08-30T00:48:36.672129,Landstraße - Wien Mitte S U,16,349219
2026-08-30T00:48:36.672129,Landstraße - Wien Mitte S U,16,349217
2026-08-30T00:48:36.672129,Praterstern S U,52,345452
2026-08-30T00:48:36.672129,Praterstern S U,52,345386
2026-08-30T00:48:36.672129,Praterstern S U,52,345350
2026-08-30T00:48:36.672129,Praterstern S U,52,345294
2026-08-30T00:48:36.672129,Praterstern S U,52,345254
2026-08-30T00:48:36.672129,Praterstern S U,52,345143
2026-08-30T00:48:36.672129,Praterstern S U,52,345078
2026-08-30T00:48:36.672129,Praterstern S U,52,345033
2026-08-30T00:48:36.672129,Praterstern S U,52,345010
2026-08-30T00:48:36.672129,Praterstern S U,52,345985
2026-08-30T00:48:36.672129,Praterstern S U,52,345777
2026-08-30T00:48:36.672129,Praterstern S U,52,345617
2026-08-30T00:48:36.672129,Praterstern S U,52,345605
2026-08-30T00:48:36.672129,Praterstern S U,52,345500
2026-08-30T00:48:36.672129,Praterstern S U,52,346250
2026-08-30T00:48:36.672129,Praterstern S U,52,346203
2026-08-30T00:48:36.672129,Praterstern S U,52,346193
2026-08-30T00:48:36.672129,Praterstern S U,52,346186
2026-08-30T00:48:36.672129,Praterstern S U,52,346145
2026-08-30T00:48:36.672129,Praterstern S U,52,346113
2026-08-30T00:48:36.672129,Praterstern S U,52,346089
2026-08-30T00:48:36.672129,Praterstern S U,52,346086
2026-08-30T00:48:36.672129,Praterstern S U,52,346076
2026-08-30T00:48:36.672129,Praterstern S U,52,346059
2026-08-30T00:48:36.672129,Praterstern S U,52,346056
2026-08-30T00:48:36.672129,Praterstern S U,52,346922
2026-08-30T00:48:36.672129,Praterstern S U,52,346907
2026-08-30T00:48:36.672129,Praterstern S U,52,346880
2026-08-30T00:48:36.672129,Praterstern S U,52,346745
2026-08-30T00:48:36.672129,Praterstern S U,52,346625
2026-08-30T00:48:36.672129,Praterstern S U,52,346615
2026-08-30T00:48:36.672129,Praterstern S U,52,347362
2026-08-30T00:48:36.672129,Praterstern S U,52,347222
2026-08-30T00:48:36.672129,Praterstern S U,52,347095
2026-08-30T00:48:36.672129,Praterstern S U,52,347939
2026-08-30T00:48:36.672129,Praterstern S U,52,347842
2026-08-30T00:48:36.672129,Praterstern S U,52,347822
2026-08-30T00:48:36.672129,Praterstern S U,52,347814
2026-08-30T00:48:36.672129,Praterstern S U,52,347558
2026-08-30T00:48:36.672129,Praterstern S U,52,348438
2026-08-30T00:48:36.672129,Praterstern S U,52,348228
2026-08-30T00:48:36.672129,Praterstern S U,52,348181
2026-08-30T00:48:36.672129,Praterstern S U,52,348053
2026-08-30T00:48:36.672129,Praterstern S U,52,348008
2026-08-30T00:48:36.672129,Praterstern S U,52,348682
2026-08-30T00:48:36.672129,Praterstern S U,52,348651
2026-08-30T00:48:36.672129,Praterstern S U,52,348638
2026-08-30T00:48:36.672129,Praterstern S U,52,348622
2026-08-30T00:48:36.672129,Praterstern S U,52,348572
2026-08-30T00:48:36.672129,Praterstern S U,52,348515
2026-08-30T00:48:36.672129,Praterstern S U,52,349904
2026-08-30T00:48:36.672129,Praterstern S U,52,349680
2026-08-30T00:48:36.672129,Rustengasse,16,345443
2026-08-30T00:48:36.672129,Rustengasse,16,345911
2026-08-30T00:48:36.672129,Rustengasse,16,345743
2026-08-30T00:48:36.672129,Rustengasse,16,346175
2026-08-30T00:48:36.672129,Rustengasse,16,346037
2026-08-30T00:48:36.672129,Rustengasse,16,346736
2026-08-30T00:48:36.672129,Rustengasse,16,346643
2026-08-30T00:48:36.672129,Rustengasse,16,347499
2026-08-30T00:48:36.672129,Rustengasse,16,347241
2026-08-30T00:48:36.672129,Rustengasse,16,347860
2026-08-30T00:48:36.672129,Rustengasse,16,347607
2026-08-30T00:48:36.672129,Rustengasse,16,347503
2026-08-30T00:48:36.672129,Rustengasse,16,348357
2026-08-30T00:48:36.672129,Rustengasse,16,348259
2026-08-30T00:48:36.672129,Rustengasse,16,348118
2026-08-30T00:48:36.672129,Rustengasse,16,348088
2026-08-30T00:48:36.672129,Heiligenstadt S U,19,345860
2026-08-30T00:48:36.672129,Heiligenstadt S U,19,345719
2026-08-30T00:48:36.672129,Heiligenstadt S U,19,345593
2026-08-30T00:48:36.672129,Heiligenstadt S U,19,346078
2026-08-30T00:48:36.672129,Heiligenstadt S U,19,346004
2026-08-30T00:48:36.672129,Heiligenstadt S U,19,346939
2026-08-30T00:48:36.672129,Heiligenstadt S U,19,346775
2026-08-30T00:48:36.672129,Heiligenstadt S U,19,346661
2026-08-30T00:48:36.672129,Heiligenstadt S U,19,347361
2026-08-30T00:48:36.672129,Heiligenstadt S U,19,347101
2026-08-30T00:48:36.672129,Heiligenstadt S U,19,347750
2026-08-30T00:48:36.672129,Heiligenstadt S U,19,347693
2026-08-30T00:48:36.672129,Heiligenstadt S U,19,347599
2026-08-30T00:48:36.672129,Heiligenstadt S U,19,348397
2026-08-30T00:48:36.672129,Heiligenstadt S U,19,348305
2026-08-30T00:48:36.672129,Heiligenstadt S U,19,348041
2026-08-30T00:48:36.672129,Heiligenstadt S U,19,348588
2026-08-30T00:48:36.672129,Heiligenstadt S U,19,398724
2026-08-30T00:48:36.672129,Heiligenstadt S U,19,349346
2026-08-30T00:48:36.672129,Breitensee S,24,345991
2026-08-30T00:48:36.672129,Breitensee S,24,345961
2026-08-30T00:48:36.672129,Breitensee S,24,345655
2026-08-30T00:48:36.672129,Breitensee S,24,345649
2026-08-30T00:48:36.672129,Breitensee S,24,346208
2026-08-30T00:48:36.672129,Breitensee S,24,346792
2026-08-30T00:48:36.672129,Breitensee S,24,346740
2026-08-30T00:48:36.672129,Breitensee S,24,346531
2026-08-30T00:48:36.672129,Breitensee S,24,347317
2026-08-30T00:48:36.672129,Breitensee S,24,347110
2026-08-30T00:48:36.672129,Breitensee S,24,347521
2026-08-30T00:48:36.672129,Breitensee S,24,348447
2026-08-30T00:48:36.672129,Breitensee S,24,348364
2026-08-30T00:48:36.672129,Breitensee S,24,348296
2026-08-30T00:48:36.672129,Breitensee S,24,348075
2026-08-30T00:48:36.672129,Breitensee S,24,348537
2026-08-30T00:48:36.672129,Breitensee S,24,348532
2026-08-30T00:48:36.672129,Breitensee S,24,349875
2026-08-30T00:48:36.672129,Breitensee S,24,349857
2026-08-30T00:48:36.672129,Breitensee S,24,349836
2026-08-30T00:48:36.672129,Breitensee S,24,349743
2026-08-30T00:48:36.672129,Breitensee S,24,349728
2026-08-30T00:48:36.672129,Breitensee S,24,349603
2026-08-30T00:48:36.672129,Breitensee S,24,349581
2026-08-30T00:48:36.672129,Hütteldorf S U,32,345378
2026-08-30T00:48:36.672129,Hütteldorf S U,32,345334
2026-08-30T00:48:36.672129,Hütteldorf S U,32,345023
2026-08-30T00:48:36.672129,Hütteldorf S U,32,345969
2026-08-30T00:48:36.672129,Hütteldorf S U,32,345638
2026-08-30T00:48:36.672129,Hütteldorf S U,32,346335
2026-08-30T00:48:36.672129,Hütteldorf S U,32,346989
2026-08-30T00:48:36.672129,Hütteldorf S U,32,346921
2026-08-30T00:48:36.672129,Hütteldorf S U,32,346524
2026-08-30T00:48:36.672129,Hütteldorf S U,32,347478
2026-08-30T00:48:36.672129,Hütteldorf S U,32,347430
2026-08-30T00:48:36.672129,Hütteldorf S U,32,347405
2026-08-30T00:48:36.672129,Hütteldorf S U,32,347392
2026-08-30T00:48:36.672129,Hütteldorf S U,32,347339
2026-08-30T00:48:36.672129,Hütteldorf S U,32,347323
2026-08-30T00:48:36.672129,Hütteldorf S U,32,347283
2026-08-30T00:48:36.672129,Hütteldorf S U,32,347259
2026-08-30T00:48:36.672129,Hütteldorf S U,32,347021
2026-08-30T00:48:36.672129,Hütteldorf S U,32,347956
2026-08-30T00:48:36.672129,Hütteldorf S U,32,347902
2026-08-30T00:48:36.672129,Hütteldorf S U,32,347563
2026-08-30T00:48:36.672129,Hütteldorf S U,32,348348
2026-08-30T00:48:36.672129,Hütteldorf S U,32,348699
2026-08-30T00:48:36.672129,Hütteldorf S U,32,348602
2026-08-30T00:48:36.672129,Hütteldorf S U,32,349765
2026-08-30T00:48:36.672129,Hütteldorf S U,32,349764
2026-08-30T00:48:36.672129,Hütteldorf S U,32,349622
2026-08-30T00:48:36.672129,Hütteldorf S U,32,349614
2026-08-30T00:48:36.672129,Hütteldorf S U,32,349601
2026-08-30T00:48:36.672129,Hütteldorf S U,32,349486
2026-08-30T00:48:36.672129,Hütteldorf S U,32,349328
2026-08-30T00:48:36.672129,Hütteldorf S U,32,349200
2026-08-30T00:48:36.672129,Rathaus U,18,345496
2026-08-30T00:48:36.672129,Rathaus U,18,345461
2026-08-30T00:48:36.672129,Rathaus U,18,345096
2026-08-30T00:48:36.672129,Rathaus U,18,345581
2026-08-30T00:48:36.672129,Rathaus U,18,345503
2026-08-30T00:48:36.672129,Rathaus U,18,346425
2026-08-30T00:48:36.672129,Rathaus U,18,346347
2026-08-30T00:48:36.672129,Rathaus U,18,346079
2026-08-30T00:48:36.672129,Rathaus U,18,346868
2026-08-30T00:48:36.672129,Rathaus U,18,346866
2026-08-30T00:48:36.672129,Rathaus U,18,346657
2026-08-30T00:48:36.672129,Rathaus U,18,346513
2026-08-30T00:48:36.672129,Rathaus U,18,347318
2026-08-30T00:48:36.672129,Rathaus U,18,347893
2026-08-30T00:48:36.672129,Rathaus U,18,347876
2026-08-30T00:48:36.672129,Rathaus U,18,347782
2026-08-30T00:48:36.672129,Rathaus U,18,348476
2026-08-30T00:48:36.672129,Rathaus U,18,398749
2026-08-30T00:48:36.672129,Hans-Mandl-Berufsschule,8,345312
2026-08-30T00:48:36.672129,Hans-Mandl-Berufsschule,8,345645
2026-08-30T00:48:36.672129,Hans-Mandl-Berufsschule,8,347232
2026-08-30T00:48:36.672129,Hans-Mandl-Berufsschule,8,347159
2026-08-30T00:48:36.672129,Hans-Mandl-Berufsschule,8,348074
2026-08-30T00:48:36.672129,Hans-Mandl-Berufsschule,8,348578
2026-08-30T00:48:36.672129,Hans-Mandl-Berufsschule,8,349282
2026-08-30T00:48:36.672129,Hans-Mandl-Berufsschule,8,349270
2026-08-30T00:48:36.672129,Dänenstraße / BOKU,1,349235
2026-08-30T00:48:36.672129,Schloss Schönbrunn,11,345644
2026-08-30T00:48:36.672129,Schloss Schönbrunn,11,345519
2026-08-30T00:48:36.672129,Schloss Schönbrunn,11,346484
2026-08-30T00:48:36.672129,Schloss Schönbrunn,11,346248
2026-08-30T00:48:36.672129,Schloss Schönbrunn,11,346189
2026-08-30T00:48:36.672129,Schloss Schönbrunn,11,347468
2026-08-30T00:48:36.672129,Schloss Schönbrunn,11,347377
2026-08-30T00:48:36.672129,Schloss Schönbrunn,11,347267
2026-08-30T00:48:36.672129,Schloss Schönbrunn,11,347131
2026-08-30T00:48:36.672129,Schloss Schönbrunn,11,347927
2026-08-30T00:48:36.672129,Schloss Schönbrunn,11,347821
2026-08-30T00:48:36.672129,Eslarngasse / Juchgasse,3,345934
2026-08-30T00:48:36.672129,Eslarngasse / Juchgasse,3,345765
2026-08-30T00:48:36.672129,Eslarngasse / Juchgasse,3,347190
2026-08-30T00:48:36.672129,Plößlgasse / Belvedere,27,345434
2026-08-30T00:48:36.672129,Plößlgasse / Belvedere,27,345402
2026-08-30T00:48:36.672129,Plößlgasse / Belvedere,27,345390
2026-08-30T00:48:36.672129,Plößlgasse / Belvedere,27,345327
2026-08-30T00:48:36.672129,Plößlgasse / Belvedere,27,345192
2026-08-30T00:48:36.672129,Plößlgasse / Belvedere,27,345935
2026-08-30T00:48:36.672129,Plößlgasse / Belvedere,27,345869
2026-08-30T00:48:36.672129,Plößlgasse / Belvedere,27,345753
2026-08-30T00:48:36.672129,Plößlgasse / Belvedere,27,345575
2026-08-30T00:48:36.672129,Plößlgasse / Belvedere,27,346427
2026-08-30T00:48:36.672129,Plößlgasse / Belvedere,27,346420
2026-08-30T00:48:36.672129,Plößlgasse / Belvedere,27,346181
2026-08-30T00:48:36.672129,Plößlgasse / Belvedere,27,346148
2026-08-30T00:48:36.672129,Plößlgasse / Belvedere,27,346112
2026-08-30T00:48:36.672129,Plößlgasse / Belvedere,27,346067
2026-08-30T00:48:36.672129,Plößlgasse / Belvedere,27,346785
2026-08-30T00:48:36.672129,Plößlgasse / Belvedere,27,346620
2026-08-30T00:48:36.672129,Plößlgasse / Belvedere,27,346536
2026-08-30T00:48:36.672129,Plößlgasse / Belvedere,27,346535
2026-08-30T00:48:36.672129,Plößlgasse / Belvedere,27,347248
2026-08-30T00:48:36.672129,Plößlgasse / Belvedere,27,347933
2026-08-30T00:48:36.672129,Plößlgasse / Belvedere,27,347736
2026-08-30T00:48:36.672129,Plößlgasse / Belvedere,27,348377
2026-08-30T00:48:36.672129,Plößlgasse / Belvedere,27,348195
2026-08-30T00:48:36.672129,Plößlgasse / Belvedere,27,348086
2026-08-30T00:48:36.672129,Plößlgasse / Belvedere,27,349734
2026-08-30T00:48:36.672129,Plößlgasse / Belvedere,27,349271
2026-08-30T00:48:36.672129,Sankt-Elisabeth-Platz,20,345274
2026-08-30T00:48:36.672129,Sankt-Elisabeth-Platz,20,345182
2026-08-30T00:48:36.672129,Sankt-Elisabeth-Platz,20,345181
2026-08-30T00:48:36.672129,Sankt-Elisabeth-Platz,20,345650
2026-08-30T00:48:36.672129,Sankt-Elisabeth-Platz,20,346476
2026-08-30T00:48:36.672129,Sankt-Elisabeth-Platz,20,346234
2026-08-30T00:48:36.672129,Sankt-Elisabeth-Platz,20,346199
2026-08-30T00:48:36.672129,Sankt-Elisabeth-Platz,20,346133
2026-08-30T00:48:36.672129,Sankt-Elisabeth-Platz,20,346896
2026-08-30T00:48:36.672129,Sankt-Elisabeth-Platz,20,346516
2026-08-30T00:48:36.672129,Sankt-Elisabeth-Platz,20,347443
2026-08-30T00:48:36.672129,Sankt-Elisabeth-Platz,20,347809
2026-08-30T00:48:36.672129,Sankt-Elisabeth-Platz,20,347690
2026-08-30T00:48:36.672129,Sankt-Elisabeth-Platz,20,347572
2026-08-30T00:48:36.672129,Sankt-Elisabeth-Platz,20,347553
2026-08-30T00:48:36.672129,Sankt-Elisabeth-Platz,20,347506
2026-08-30T00:48:36.672129,Sankt-Elisabeth-Platz,20,348653
2026-08-30T00:48:36.672129,Sankt-Elisabeth-Platz,20,349864
2026-08-30T00:48:36.672129,Sankt-Elisabeth-Platz,20,349772
2026-08-30T00:48:36.672129,Sankt-Elisabeth-Platz,20,349712
2026-08-30T00:48:36.672129,Laudongasse / Schönbornpark,4,345907
2026-08-30T00:48:36.672129,Laudongasse / Schönbornpark,4,346120
2026-08-30T00:48:36.672129,Laudongasse / Schönbornpark,4,347574
2026-08-30T00:48:36.672129,Laudongasse / Schönbornpark,4,398812
2026-08-30T00:48:36.672129,Rossauer Lände U,24,345994
2026-08-30T00:48:36.672129,Rossauer Lände U,24,346322
2026-08-30T00:48:36.672129,Rossauer Lände U,24,346204
2026-08-30T00:48:36.672129,Rossauer Lände U,24,346039
2026-08-30T00:48:36.672129,Rossauer Lände U,24,346834
2026-08-30T00:48:36.672129,Rossauer Lände U,24,346676
2026-08-30T00:48:36.672129,Rossauer Lände U,24,346634
2026-08-30T00:48:36.672129,Rossauer Lände U,24,347436
2026-08-30T00:48:36.672129,Rossauer Lände U,24,347409
2026-08-30T00:48:36.672129,Rossauer Lände U,24,347387
2026-08-30T00:48:36.672129,Rossauer Lände U,24,347367
2026-08-30T00:48:36.672129,Rossauer Lände U,24,347364
2026-08-30T00:48:36.672129,Rossauer Lände U,24,347224
2026-08-30T00:48:36.672129,Rossauer Lände U,24,347164
2026-08-30T00:48:36.672129,Rossauer Lände U,24,347156
2026-08-30T00:48:36.672129,Rossauer Lände U,24,347932
2026-08-30T00:48:36.672129,Rossauer Lände U,24,347828
2026-08-30T00:48:36.672129,Rossauer Lände U,24,347669
2026-08-30T00:48:36.672129,Rossauer Lände U,24,348032
2026-08-30T00:48:36.672129,Rossauer Lände U,24,348031
2026-08-30T00:48:36.672129,Rossauer Lände U,24,348660
2026-08-30T00:48:36.672129,Rossauer Lände U,24,398863
2026-08-30T00:48:36.672129,Rossauer Lände U,24,349894
2026-08-30T00:48:36.672129,Rossauer Lände U,24,349767
2026-08-30T00:48:36.672129,Lazarettgasse,8,345299
2026-08-30T00:48:36.672129,Lazarettgasse,8,345015
2026-08-30T00:48:36.672129,Lazarettgasse,8,346293
2026-08-30T00:48:36.672129,Lazarettgasse,8,347270
2026-08-30T00:48:36.672129,Lazarettgasse,8,348415
2026-08-30T00:48:36.672129,Lazarettgasse,8,348635
2026-08-30T00:48:36.672129,Lazarettgasse,8,398832
2026-08-30T00:48:36.672129,Lazarettgasse,8,398731
2026-08-30T00:48:36.672129,Edelsinnstraße,1,349586
2026-08-30T00:48:36.672129,Karlsplatz U / TU Wien,8,345310
2026-08-30T00:48:36.672129,Karlsplatz U / TU Wien,8,345953
2026-08-30T00:48:36.672129,Karlsplatz U / TU Wien,8,345864
2026-08-30T00:48:36.672129,Karlsplatz U / TU Wien,8,345646
2026-08-30T00:48:36.672129,Karlsplatz U / TU Wien,8,346040
2026-08-30T00:48:36.672129,Karlsplatz U / TU Wien,8,347590
2026-08-30T00:48:36.672129,Karlsplatz U / TU Wien,8,348460
2026-08-30T00:48:36.672129,Karlsplatz U / TU Wien,8,348178
2026-08-30T00:48:36.672129,Amerlingstraße,3,349812
2026-08-30T00:48:36.672129,Amerlingstraße,3,349613
2026-08-30T00:48:36.672129,Amerlingstraße,3,349525
2026-08-30T00:48:36.672129,Albertgasse,22,345304
2026-08-30T00:48:36.672129,Albertgasse,22,345237
2026-08-30T00:48:36.672129,Albertgasse,22,345001
2026-08-30T00:48:36.672129,Albertgasse,22,345873
2026-08-30T00:48:36.672129,Albertgasse,22,345739
2026-08-30T00:48:36.672129,Albertgasse,22,345728
2026-08-30T00:48:36.672129,Albertgasse,22,346459
2026-08-30T00:48:36.672129,Albertgasse,22,346973
2026-08-30T00:48:36.672129,Albertgasse,22,346838
2026-08-30T00:48:36.672129,Albertgasse,22,346739
2026-08-30T00:48:36.672129,Albertgasse,22,346637
2026-08-30T00:48:36.672129,Albertgasse,22,346624
2026-08-30T00:48:36.672129,Albertgasse,22,347402
2026-08-30T00:48:36.672129,Albertgasse,22,347378
2026-08-30T00:48:36.672129,Albertgasse,22,347308
2026-08-30T00:48:36.672129,Albertgasse,22,347165
2026-08-30T00:48:36.672129,Albertgasse,22,347151
2026-08-30T00:48:36.672129,Albertgasse,22,347122
2026-08-30T00:48:36.672129,Albertgasse,22,347845
2026-08-30T00:48:36.672129,Albertgasse,22,347716
2026-08-30T00:48:36.672129,Albertgasse,22,347549
2026-08-30T00:48:36.672129,Albertgasse,22,348113
2026-08-30T00:48:36.672129,Universitätsring,13,345451
2026-08-30T00:48:36.672129,Universitätsring,13,345352
2026-08-30T00:48:36.672129,Universitätsring,13,345526
2026-08-30T00:48:36.672129,Universitätsring,13,346141
2026-08-30T00:48:36.672129,Universitätsring,13,346780
2026-08-30T00:48:36.672129,Universitätsring,13,347480
2026-08-30T00:48:36.672129,Universitätsring,13,347445
2026-08-30T00:48:36.672129,Universitätsring,13,347049
2026-08-30T00:48:36.672129,Universitätsring,13,347528
2026-08-30T00:48:36.672129,Universitätsring,13,347504
2026-08-30T00:48:36.672129,Universitätsring,13,348381
2026-08-30T00:48:36.672129,Universitätsring,13,348105
2026-08-30T00:48:36.672129,Universitätsring,13,348006
2026-08-30T00:48:36.672129,Herrengasse U,26,345298
2026-08-30T00:48:36.672129,Herrengasse U,26,345174
2026-08-30T00:48:36.672129,Herrengasse U,26,345124
2026-08-30T00:48:36.672129,Herrengasse U,26,345014
2026-08-30T00:48:36.672129,Herrengasse U,26,345635
2026-08-30T00:48:36.672129,Herrengasse U,26,345540
2026-08-30T00:48:36.672129,Herrengasse U,26,346652
2026-08-30T00:48:36.672129,Herrengasse U,26,346582
2026-08-30T00:48:36.672129,Herrengasse U,26,347420
2026-08-30T00:48:36.672129,Herrengasse U,26,347041
2026-08-30T00:48:36.672129,Herrengasse U,26,347030
2026-08-30T00:48:36.672129,Herrengasse U,26,347985
2026-08-30T00:48:36.672129,Herrengasse U,26,347953
2026-08-30T00:48:36.672129,Herrengasse U,26,347897
2026-08-30T00:48:36.672129,Herrengasse U,26,347849
2026-08-30T00:48:36.672129,Herrengasse U,26,347717
2026-08-30T00:48:36.672129,Herrengasse U,26,347583
2026-08-30T00:48:36.672129,Herrengasse U,26,347526
2026-08-30T00:48:36.672129,Herrengasse U,26,348469
2026-08-30T00:48:36.672129,Herrengasse U,26,348423
2026-08-30T00:48:36.672129,Herrengasse U,26,348351
2026-08-30T00:48:36.672129,Herrengasse U,26,348300
2026-08-30T00:48:36.672129,Herrengasse U,26,348211
2026-08-30T00:48:36.672129,Herrengasse U,26,348046
2026-08-30T00:48:36.672129,Herrengasse U,26,398727
2026-08-30T00:48:36.672129,Herrengasse U,26,398719
2026-08-30T00:48:36.672129,Sensengasse,7,345162
2026-08-30T00:48:36.672129,Sensengasse,7,347857
2026-08-30T00:48:36.672129,Sensengasse,7,347706
2026-08-30T00:48:36.672129,Sensengasse,7,348083
2026-08-30T00:48:36.672129,Sensengasse,7,398822
2026-08-30T00:48:36.672129,Sensengasse,7,349331
2026-08-30T00:48:36.672129,Sensengasse,7,349254
2026-08-30T00:48:36.672129,Belgradplatz,9,349959
2026-08-30T00:48:36.672129,Belgradplatz,9,349953
2026-08-30T00:48:36.672129,Belgradplatz,9,349598
2026-08-30T00:48:36.672129,Belgradplatz,9,349475
2026-08-30T00:48:36.672129,Belgradplatz,9,349472
2026-08-30T00:48:36.672129,Belgradplatz,9,349448
2026-08-30T00:48:36.672129,Belgradplatz,9,349397
2026-08-30T00:48:36.672129,Belgradplatz,9,349321
2026-08-30T00:48:36.672129,Belgradplatz,9,349242
2026-08-30T00:48:36.672129,Rathausplatz / Burgtheater,2,346630
2026-08-30T00:48:36.672129,Rathausplatz / Burgtheater,2,347465
2026-08-30T00:48:36.672129,Arbeitergasse - Gürtel,10,345427
2026-08-30T00:48:36.672129,Arbeitergasse - Gürtel,10,345423
2026-08-30T00:48:36.672129,Arbeitergasse - Gürtel,10,345672
2026-08-30T00:48:36.672129,Arbeitergasse - Gürtel,10,346267
2026-08-30T00:48:36.672129,Arbeitergasse - Gürtel,10,346864
2026-08-30T00:48:36.672129,Arbeitergasse - Gürtel,10,347254
2026-08-30T00:48:36.672129,Arbeitergasse - Gürtel,10,349834
2026-08-30T00:48:36.672129,Arbeitergasse - Gürtel,10,349424
2026-08-30T00:48:36.672129,Arbeitergasse - Gürtel,10,349421
2026-08-30T00:48:36.672129,Arbeitergasse - Gürtel,10,349236
2026-08-30T00:48:36.672129,Bauernfeldplatz / Palais Lichtenstein,18,345342
2026-08-30T00:48:36.672129,Bauernfeldplatz / Palais Lichtenstein,18,345287
2026-08-30T00:48:36.672129,Bauernfeldplatz / Palais Lichtenstein,18,345118
2026-08-30T00:48:36.672129,Bauernfeldplatz / Palais Lichtenstein,18,345102
2026-08-30T00:48:36.672129,Bauernfeldplatz / Palais Lichtenstein,18,345634
2026-08-30T00:48:36.672129,Bauernfeldplatz / Palais Lichtenstein,18,345631
2026-08-30T00:48:36.672129,Bauernfeldplatz / Palais Lichtenstein,18,346488
2026-08-30T00:48:36.672129,Bauernfeldplatz / Palais Lichtenstein,18,346819
2026-08-30T00:48:36.672129,Bauernfeldplatz / Palais Lichtenstein,18,346766
2026-08-30T00:48:36.672129,Bauernfeldplatz / Palais Lichtenstein,18,346748
2026-08-30T00:48:36.672129,Bauernfeldplatz / Palais Lichtenstein,18,346600
2026-08-30T00:48:36.672129,Bauernfeldplatz / Palais Lichtenstein,18,346591
2026-08-30T00:48:36.672129,Bauernfeldplatz / Palais Lichtenstein,18,347466
2026-08-30T00:48:36.672129,Bauernfeldplatz / Palais Lichtenstein,18,347439
2026-08-30T00:48:36.672129,Bauernfeldplatz / Palais Lichtenstein,18,347418
2026-08-30T00:48:36.672129,Bauernfeldplatz / Palais Lichtenstein,18,347005
2026-08-30T00:48:36.672129,Bauernfeldplatz / Palais Lichtenstein,18,348483
2026-08-30T00:48:36.672129,Bauernfeldplatz / Palais Lichtenstein,18,349954
2026-08-30T00:48:36.672129,Johannesgasse / Stadtpark,16,345325
2026-08-30T00:48:36.672129,Johannesgasse / Stadtpark,16,345323
2026-08-30T00:48:36.672129,Johannesgasse / Stadtpark,16,345258
2026-08-30T00:48:36.672129,Johannesgasse / Stadtpark,16,345185
2026-08-30T00:48:36.672129,Johannesgasse / Stadtpark,16,345970
2026-08-30T00:48:36.672129,Johannesgasse / Stadtpark,16,346405
2026-08-30T00:48:36.672129,Johannesgasse / Stadtpark,16,346393
2026-08-30T00:48:36.672129,Johannesgasse / Stadtpark,16,346100
2026-08-30T00:48:36.672129,Johannesgasse / Stadtpark,16,346069
2026-08-30T00:48:36.672129,Johannesgasse / Stadtpark,16,346961
2026-08-30T00:48:36.672129,Johannesgasse / Stadtpark,16,346636
2026-08-30T00:48:36.672129,Johannesgasse / Stadtpark,16,346505
2026-08-30T00:48:36.672129,Johannesgasse / Stadtpark,16,347245
2026-08-30T00:48:36.672129,Johannesgasse / Stadtpark,16,347139
2026-08-30T00:48:36.672129,Johannesgasse / Stadtpark,16,348421
2026-08-30T00:48:36.672129,Johannesgasse / Stadtpark,16,348002
2026-08-30T00:48:36.672129,Bischof-Faber-Platz,1,346414
2026-08-30T00:48:36.672129,Am Schöpfwerk U,3,349858
2026-08-30T00:48:36.672129,Am Schöpfwerk U,3,349459
2026-08-30T00:48:36.672129,Am Schöpfwerk U,3,349348
2026-08-30T00:48:36.672129,Alserbachstraße,7,345868
2026-08-30T00:48:36.672129,Alserbachstraße,7,345764
2026-08-30T00:48:36.672129,Alserbachstraße,7,345742
2026-08-30T00:48:36.672129,Alserbachstraße,7,347391
2026-08-30T00:48:36.672129,Alserbachstraße,7,347791
2026-08-30T00:48:36.672129,Alserbachstraße,7,347676
2026-08-30T00:48:36.672129,Alserbachstraße,7,348098
2026-08-30T00:48:36.672129,Petrusgasse,20,345929
2026-08-30T00:48:36.672129,Petrusgasse,20,345536
2026-08-30T00:48:36.672129,Petrusgasse,20,346143
2026-08-30T00:48:36.672129,Petrusgasse,20,346122
2026-08-30T00:48:36.672129,Petrusgasse,20,346820
2026-08-30T00:48:36.672129,Petrusgasse,20,346728
2026-08-30T00:48:36.672129,Petrusgasse,20,346593
2026-08-30T00:48:36.672129,Petrusgasse,20,347154
2026-08-30T00:48:36.672129,Petrusgasse,20,347993
2026-08-30T00:48:36.672129,Petrusgasse,20,347987
2026-08-30T00:48:36.672129,Petrusgasse,20,347913
2026-08-30T00:48:36.672129,Petrusgasse,20,347642
2026-08-30T00:48:36.672129,Petrusgasse,20,348028
2026-08-30T00:48:36.672129,Petrusgasse,20,348022
2026-08-30T00:48:36.672129,Petrusgasse,20,348609
2026-08-30T00:48:36.672129,Petrusgasse,20,349809
2026-08-30T00:48:36.672129,Petrusgasse,20,349616
2026-08-30T00:48:36.672129,Petrusgasse,20,349574
2026-08-30T00:48:36.672129,Petrusgasse,20,349533
2026-08-30T00:48:36.672129,Petrusgasse,20,349324
2026-08-30T00:48:36.672129,Wassergasse,27,345416
2026-08-30T00:48:36.672129,Wassergasse,27,345372
2026-08-30T00:48:36.672129,Wassergasse,27,345353
2026-08-30T00:48:36.672129,Wassergasse,27,345269
2026-08-30T00:48:36.672129,Wassergasse,27,345219
2026-08-30T00:48:36.672129,Wassergasse,27,345175
2026-08-30T00:48:36.672129,Wassergasse,27,345990
2026-08-30T00:48:36.672129,Wassergasse,27,345945
2026-08-30T00:48:36.672129,Wassergasse,27,345642
2026-08-30T00:48:36.672129,Wassergasse,27,346399
2026-08-30T00:48:36.672129,Wassergasse,27,346319
2026-08-30T00:48:36.672129,Wassergasse,27,346988
2026-08-30T00:48:36.672129,Wassergasse,27,346698
2026-08-30T00:48:36.672129,Wassergasse,27,346672
2026-08-30T00:48:36.672129,Wassergasse,27,346654
2026-08-30T00:48:36.672129,Wassergasse,27,346594
2026-08-30T00:48:36.672129,Wassergasse,27,347227
2026-08-30T00:48:36.672129,Wassergasse,27,347214
2026-08-30T00:48:36.672129,Wassergasse,27,347193
2026-08-30T00:48:36.672129,Wassergasse,27,347862
2026-08-30T00:48:36.672129,Wassergasse,27,347699
2026-08-30T00:48:36.672129,Wassergasse,27,347635
2026-08-30T00:48:36.672129,Wassergasse,27,347500
2026-08-30T00:48:36.672129,Wassergasse,27,348499
2026-08-30T00:48:36.672129,Wassergasse,27,348387
2026-08-30T00:48:36.672129,Wassergasse,27,348671
2026-08-30T00:48:36.672129,Wassergasse,27,398748
2026-08-30T00:48:36.672129,Löwengasse,39,345362
2026-08-30T00:48:36.672129,Löwengasse,39,345792
2026-08-30T00:48:36.672129,Löwengasse,39,345706
2026-08-30T00:48:36.672129,Löwengasse,39,345628
2026-08-30T00:48:36.672129,Löwengasse,39,345578
2026-08-30T00:48:36.672129,Löwengasse,39,346383
2026-08-30T00:48:36.672129,Löwengasse,39,346379
2026-08-30T00:48:36.672129,Löwengasse,39,346307
2026-08-30T00:48:36.672129,Löwengasse,39,346099
2026-08-30T00:48:36.672129,Löwengasse,39,346014
2026-08-30T00:48:36.672129,Löwengasse,39,346899
2026-08-30T00:48:36.672129,Löwengasse,39,346555
2026-08-30T00:48:36.672129,Löwengasse,39,346548
2026-08-30T00:48:36.672129,Löwengasse,39,347464
2026-08-30T00:48:36.672129,Löwengasse,39,347404
2026-08-30T00:48:36.672129,Löwengasse,39,347285
2026-08-30T00:48:36.672129,Löwengasse,39,347202
2026-08-30T00:48:36.672129,Löwengasse,39,347182
2026-08-30T00:48:36.672129,Löwengasse,39,347983
2026-08-30T00:48:36.672129,Löwengasse,39,347954
2026-08-30T00:48:36.672129,Löwengasse,39,347885
2026-08-30T00:48:36.672129,Löwengasse,39,347762
2026-08-30T00:48:36.672129,Löwengasse,39,347746
2026-08-30T00:48:36.672129,Löwengasse,39,347663
2026-08-30T00:48:36.672129,Löwengasse,39,347592
2026-08-30T00:48:36.672129,Löwengasse,39,348386
2026-08-30T00:48:36.672129,Löwengasse,39,348313
2026-08-30T00:48:36.672129,Löwengasse,39,348306
2026-08-30T00:48:36.672129,Löwengasse,39,348295
2026-08-30T00:48:36.672129,Löwengasse,39,348187
2026-08-30T00:48:36.672129,Löwengasse,39,348173
2026-08-30T00:48:36.672129,Löwengasse,39,348171
2026-08-30T00:48:36.672129,Löwengasse,39,348154
2026-08-30T00:48:36.672129,Löwengasse,39,348121
2026-08-30T00:48:36.672129,Löwengasse,39,348011
2026-08-30T00:48:36.672129,Löwengasse,39,348553
2026-08-30T00:48:36.672129,Löwengasse,39,348531
2026-08-30T00:48:36.672129,Löwengasse,39,398759
2026-08-30T00:48:36.672129,Löwengasse,39,349269
2026-08-30T00:48:36.672129,Kardinal-Nagl-Platz U,26,345459
2026-08-30T00:48:36.672129,Kardinal-Nagl-Platz U,26,345263
2026-08-30T00:48:36.672129,Kardinal-Nagl-Platz U,26,345094
2026-08-30T00:48:36.672129,Kardinal-Nagl-Platz U,26,345008
2026-08-30T00:48:36.672129,Kardinal-Nagl-Platz U,26,345767
2026-08-30T00:48:36.672129,Kardinal-Nagl-Platz U,26,346441
2026-08-30T00:48:36.672129,Kardinal-Nagl-Platz U,26,346197
2026-08-30T00:48:36.672129,Kardinal-Nagl-Platz U,26,346971
2026-08-30T00:48:36.672129,Kardinal-Nagl-Platz U,26,346707
2026-08-30T00:48:36.672129,Kardinal-Nagl-Platz U,26,346683
2026-08-30T00:48:36.672129,Kardinal-Nagl-Platz U,26,346596
2026-08-30T00:48:36.672129,Kardinal-Nagl-Platz U,26,347489
2026-08-30T00:48:36.672129,Kardinal-Nagl-Platz U,26,347381
2026-08-30T00:48:36.672129,Kardinal-Nagl-Platz U,26,347321
2026-08-30T00:48:36.672129,Kardinal-Nagl-Platz U,26,347952
2026-08-30T00:48:36.672129,Kardinal-Nagl-Platz U,26,347903
2026-08-30T00:48:36.672129,Kardinal-Nagl-Platz U,26,347774
2026-08-30T00:48:36.672129,Kardinal-Nagl-Platz U,26,347728
2026-08-30T00:48:36.672129,Kardinal-Nagl-Platz U,26,348231
2026-08-30T00:48:36.672129,Kardinal-Nagl-Platz U,26,348091
2026-08-30T00:48:36.672129,Kardinal-Nagl-Platz U,26,348690
2026-08-30T00:48:36.672129,Kardinal-Nagl-Platz U,26,398792
2026-08-30T00:48:36.672129,Kardinal-Nagl-Platz U,26,349940
2026-08-30T00:48:36.672129,Kardinal-Nagl-Platz U,26,349470
2026-08-30T00:48:36.672129,Kardinal-Nagl-Platz U,26,349425
2026-08-30T00:48:36.672129,Kardinal-Nagl-Platz U,26,349226
2026-08-30T00:48:36.672129,Kärntner Ring,8,345957
2026-08-30T00:48:36.672129,Kärntner Ring,8,345584
2026-08-30T00:48:36.672129,Kärntner Ring,8,346353
2026-08-30T00:48:36.672129,Kärntner Ring,8,347303
2026-08-30T00:48:36.672129,Kärntner Ring,8,347916
2026-08-30T00:48:36.672129,Kärntner Ring,8,347877
2026-08-30T00:48:36.672129,Kärntner Ring,8,347646
2026-08-30T00:48:36.672129,Kärntner Ring,8,348212
2026-08-30T00:48:36.672129,Schottenring U,5,345376
2026-08-30T00:48:36.672129,Schottenring U,5,345081
2026-08-30T00:48:36.672129,Schottenring U,5,345602
2026-08-30T00:48:36.672129,Schottenring U,5,346461
2026-08-30T00:48:36.672129,Schottenring U,5,346550
2026-08-30T00:48:36.672129,Strozzigasse,15,345392
2026-08-30T00:48:36.672129,Strozzigasse,15,345364
2026-08-30T00:48:36.672129,Strozzigasse,15,345600
2026-08-30T00:48:36.672129,Strozzigasse,15,345538
2026-08-30T00:48:36.672129,Strozzigasse,15,346494
2026-08-30T00:48:36.672129,Strozzigasse,15,346176
2026-08-30T00:48:36.672129,Strozzigasse,15,347498
2026-08-30T00:48:36.672129,Strozzigasse,15,347059
2026-08-30T00:48:36.672129,Strozzigasse,15,347800
2026-08-30T00:48:36.672129,Strozzigasse,15,347747
2026-08-30T00:48:36.672129,Strozzigasse,15,347681
2026-08-30T00:48:36.672129,Strozzigasse,15,347560
2026-08-30T00:48:36.672129,Strozzigasse,15,348396
2026-08-30T00:48:36.672129,Strozzigasse,15,348679
2026-08-30T00:48:36.672129,Strozzigasse,15,349795
2026-08-30T00:48:36.672129,Yppengasse,34,345377
2026-08-30T00:48:36.672129,Yppengasse,34,345210
2026-08-30T00:48:36.672129,Yppengasse,34,345854
2026-08-30T00:48:36.672129,Yppengasse,34,345774
2026-08-30T00:48:36.672129,Yppengasse,34,345614
2026-08-30T00:48:36.672129,Yppengasse,34,345609
2026-08-30T00:48:36.672129,Yppengasse,34,346262
2026-08-30T00:48:36.672129,Yppengasse,34,346211
2026-08-30T00:48:36.672129,Yppengasse,34,346938
2026-08-30T00:48:36.672129,Yppengasse,34,346877
2026-08-30T00:48:36.672129,Yppengasse,34,346688
2026-08-30T00:48:36.672129,Yppengasse,34,347492
2026-08-30T00:48:36.672129,Yppengasse,34,347195
2026-08-30T00:48:36.672129,Yppengasse,34,347173
2026-08-30T00:48:36.672129,Yppengasse,34,347025
2026-08-30T00:48:36.672129,Yppengasse,34,347991
2026-08-30T00:48:36.672129,Yppengasse,34,347990
2026-08-30T00:48:36.672129,Yppengasse,34,347892
2026-08-30T00:48:36.672129,Yppengasse,34,347870
2026-08-30T00:48:36.672129,Yppengasse,34,347741
2026-08-30T00:48:36.672129,Yppengasse,34,347679
2026-08-30T00:48:36.672129,Yppengasse,34,347614
2026-08-30T00:48:36.672129,Yppengasse,34,348252
2026-08-30T00:48:36.672129,Yppengasse,34,348090
2026-08-30T00:48:36.672129,Yppengasse,34,348044
2026-08-30T00:48:36.672129,Yppengasse,34,348669
2026-08-30T00:48:36.672129,Yppengasse,34,348616
2026-08-30T00:48:36.672129,Yppengasse,34,348595
2026-08-30T00:48:36.672129,Yppengasse,34,398757
2026-08-30T00:48:36.672129,Yppengasse,34,349975
2026-08-30T00:48:36.672129,Yppengasse,34,349755
2026-08-30T00:48:36.672129,Yppengasse,34,349732
2026-08-30T00:48:36.672129,Yppengasse,34,349471
2026-08-30T00:48:36.672129,Yppengasse,34,349408
2026-08-30T00:48:36.672129,Stefan-Fadinger-Platz,1,349376
2026-08-30T00:48:36.672129,Brünnlbadgasse,9,345682
2026-08-30T00:48:36.672129,Brünnlbadgasse,9,346355
2026-08-30T00:48:36.672129,Brünnlbadgasse,9,346093
2026-08-30T00:48:36.672129,Brünnlbadgasse,9,346050
2026-08-30T00:48:36.672129,Brünnlbadgasse,9,347185
2026-08-30T00:48:36.672129,Brünnlbadgasse,9,347815
2026-08-30T00:48:36.672129,Brünnlbadgasse,9,349830
2026-08-30T00:48:36.672129,Brünnlbadgasse,9,349530
2026-08-30T00:48:36.672129,Brünnlbadgasse,9,349357
2026-08-30T00:48:36.672129,Obere Augartenstraße,41,345446
2026-08-30T00:48:36.672129,Obere Augartenstraße,41,345403
2026-08-30T00:48:36.672129,Obere Augartenstraße,41,345358
2026-08-30T00:48:36.672129,Obere Augartenstraße,41,345291
2026-08-30T00:48:36.672129,Obere Augartenstraße,41,345251
2026-08-30T00:48:36.672129,Obere Augartenstraße,41,345214
2026-08-30T00:48:36.672129,Obere Augartenstraße,41,345136
2026-08-30T00:48:36.672129,Obere Augartenstraße,41,345115
2026-08-30T00:48:36.672129,Obere Augartenstraße,41,345809
2026-08-30T00:48:36.672129,Obere Augartenstraße,41,346497
2026-08-30T00:48:36.672129,Obere Augartenstraße,41,346361
2026-08-30T00:48:36.672129,Obere Augartenstraße,41,346356
2026-08-30T00:48:36.672129,Obere Augartenstraße,41,346241
2026-08-30T00:48:36.672129,Obere Augartenstraße,41,346230
2026-08-30T00:48:36.672129,Obere Augartenstraße,41,346213
2026-08-30T00:48:36.672129,Obere Augartenstraße,41,346187
2026-08-30T00:48:36.672129,Obere Augartenstraße,41,346184
2026-08-30T00:48:36.672129,Obere Augartenstraße,41,346129
2026-08-30T00:48:36.672129,Obere Augartenstraße,41,346027
2026-08-30T00:48:36.672129,Obere Augartenstraße,41,346000
2026-08-30T00:48:36.672129,Obere Augartenstraße,41,346998
2026-08-30T00:48:36.672129,Obere Augartenstraße,41,346984
2026-08-30T00:48:36.672129,Obere Augartenstraße,41,346777
2026-08-30T00:48:36.672129,Obere Augartenstraße,41,346756
2026-08-30T00:48:36.672129,Obere Augartenstraße,41,346730
2026-08-30T00:48:36.672129,Obere Augartenstraße,41,346695
2026-08-30T00:48:36.672129,Obere Augartenstraße,41,346673
2026-08-30T00:48:36.672129,Obere Augartenstraße,41,346644
2026-08-30T00:48:36.672129,Obere Augartenstraße,41,347482
2026-08-30T00:48:36.672129,Obere Augartenstraße,41,347451
2026-08-30T00:48:36.672129,Obere Augartenstraße,41,347398
2026-08-30T00:48:36.672129,Obere Augartenstraße,41,347277
2026-08-30T00:48:36.672129,Obere Augartenstraße,41,347209
2026-08-30T00:48:36.672129,Obere Augartenstraße,41,347162
2026-08-30T00:48:36.672129,Obere Augartenstraße,41,347633
2026-08-30T00:48:36.672129,Obere Augartenstraße,41,347531
2026-08-30T00:48:36.672129,Obere Augartenstraße,41,348494
2026-08-30T00:48:36.672129,Obere Augartenstraße,41,348492
2026-08-30T00:48:36.672129,Obere Augartenstraße,41,348404
2026-08-30T00:48:36.672129,Obere Augartenstraße,41,348264
2026-08-30T00:48:36.672129,Obere Augartenstraße,41,398728
2026-08-30T00:48:36.672129,Gußhausstraße / Argentinierstraße,12,345134
2026-08-30T00:48:36.672129,Gußhausstraße / Argentinierstraße,12,345017
2026-08-30T00:48:36.672129,Gußhausstraße / Argentinierstraße,12,345524
2026-08-30T00:48:36.672129,Gußhausstraße / Argentinierstraße,12,346917
2026-08-30T00:48:36.672129,Gußhausstraße / Argentinierstraße,12,346691
2026-08-30T00:48:36.672129,Gußhausstraße / Argentinierstraße,12,347461
2026-08-30T00:48:36.672129,Gußhausstraße / Argentinierstraße,12,347647
2026-08-30T00:48:36.672129,Gußhausstraße / Argentinierstraße,12,347566
2026-08-30T00:48:36.672129,Gußhausstraße / Argentinierstraße,12,348240
2026-08-30T00:48:36.672129,Gußhausstraße / Argentinierstraße,12,348547
2026-08-30T00:48:36.672129,Gußhausstraße / Argentinierstraße,12,348528
2026-08-30T00:48:36.672129,Gußhausstraße / Argentinierstraße,12,349825
2026-08-30T00:48:36.672129,Marschallplatz,9,345933
2026-08-30T00:48:36.672129,Marschallplatz,9,345858
2026-08-30T00:48:36.672129,Marschallplatz,9,345544
2026-08-30T00:48:36.672129,Marschallplatz,9,346231
2026-08-30T00:48:36.672129,Marschallplatz,9,348129
2026-08-30T00:48:36.672129,Marschallplatz,9,349984
2026-08-30T00:48:36.672129,Marschallplatz,9,349824
2026-08-30T00:48:36.672129,Marschallplatz,9,349681
2026-08-30T00:48:36.672129,Marschallplatz,9,349611
2026-08-30T00:48:36.672129,Ober St. Veit U,9,345055
2026-08-30T00:48:36.672129,Ober St. Veit U,9,345697
2026-08-30T00:48:36.672129,Ober St. Veit U,9,346472
2026-08-30T00:48:36.672129,Ober St. Veit U,9,346727
2026-08-30T00:48:36.672129,Ober St. Veit U,9,347488
2026-08-30T00:48:36.672129,Ober St. Veit U,9,347944
2026-08-30T00:48:36.672129,Ober St. Veit U,9,347798
2026-08-30T00:48:36.672129,Ober St. Veit U,9,348545
2026-08-30T00:48:36.672129,Ober St. Veit U,9,349753
2026-08-30T00:48:36.672129,Auf der Schmelz,7,345800
2026-08-30T00:48:36.672129,Auf der Schmelz,7,345762
2026-08-30T00:48:36.672129,Auf der Schmelz,7,346388
2026-08-30T00:48:36.672129,Auf der Schmelz,7,346167
2026-08-30T00:48:36.672129,Auf der Schmelz,7,349815
2026-08-30T00:48:36.672129,Auf der Schmelz,7,349422
2026-08-30T00:48:36.672129,Auf der Schmelz,7,349260
2026-08-30T00:48:36.672129,Grimmgasse,13,345885
2026-08-30T00:48:36.672129,Grimmgasse,13,346953
2026-08-30T00:48:36.672129,Grimmgasse,13,346818
2026-08-30T00:48:36.672129,Grimmgasse,13,346621
2026-08-30T00:48:36.672129,Grimmgasse,13,346542
2026-08-30T00:48:36.672129,Grimmgasse,13,347396
2026-08-30T00:48:36.672129,Grimmgasse,13,347335
2026-08-30T00:48:36.672129,Grimmgasse,13,347208
2026-08-30T00:48:36.672129,Grimmgasse,13,347097
2026-08-30T00:48:36.672129,Grimmgasse,13,347052
2026-08-30T00:48:36.672129,Grimmgasse,13,348072
2026-08-30T00:48:36.672129,Grimmgasse,13,348587
2026-08-30T00:48:36.672129,Grimmgasse,13,398793
2026-08-30T00:48:36.672129,Parhamerplatz,21,345099
2026-08-30T00:48:36.672129,Parhamerplatz,21,345892
2026-08-30T00:48:36.672129,Parhamerplatz,21,345745
2026-08-30T00:48:36.672129,Parhamerplatz,21,345587
2026-08-30T00:48:36.672129,Parhamerplatz,21,346259
2026-08-30T00:48:36.672129,Parhamerplatz,21,346160
2026-08-30T00:48:36.672129,Parhamerplatz,21,346142
2026-08-30T00:48:36.672129,Parhamerplatz,21,346678
2026-08-30T00:48:36.672129,Parhamerplatz,21,346641
2026-08-30T00:48:36.672129,Parhamerplatz,21,347265
2026-08-30T00:48:36.672129,Parhamerplatz,21,347149
2026-08-30T00:48:36.672129,Parhamerplatz,21,347850
2026-08-30T00:48:36.672129,Parhamerplatz,21,347759
2026-08-30T00:48:36.672129,Parhamerplatz,21,347562
2026-08-30T00:48:36.672129,Parhamerplatz,21,347547
2026-08-30T00:48:36.672129,Parhamerplatz,21,348362
2026-08-30T00:48:36.672129,Parhamerplatz,21,348337
2026-08-30T00:48:36.672129,Parhamerplatz,21,349963
2026-08-30T00:48:36.672129,Parhamerplatz,21,349674
2026-08-30T00:48:36.672129,Parhamerplatz,21,349455
2026-08-30T00:48:36.672129,Parhamerplatz,21,349292
2026-08-30T00:48:36.672129,Kendlerstraße U,17,345206
2026-08-30T00:48:36.672129,Kendlerstraße U,17,345151
2026-08-30T00:48:36.672129,Kendlerstraße U,17,345117
2026-08-30T00:48:36.672129,Kendlerstraße U,17,345788
2026-08-30T00:48:36.672129,Kendlerstraße U,17,345755
2026-08-30T00:48:36.672129,Kendlerstraße U,17,345741
2026-08-30T00:48:36.672129,Kendlerstraße U,17,346124
2026-08-30T00:48:36.672129,Kendlerstraße U,17,346106
2026-08-30T00:48:36.672129,Kendlerstraße U,17,346586
2026-08-30T00:48:36.672129,Kendlerstraße U,17,346517
2026-08-30T00:48:36.672129,Kendlerstraße U,17,347109
2026-08-30T00:48:36.672129,Kendlerstraße U,17,347100
2026-08-30T00:48:36.672129,Kendlerstraße U,17,347765
2026-08-30T00:48:36.672129,Kendlerstraße U,17,347718
2026-08-30T00:48:36.672129,Kendlerstraße U,17,348200
2026-08-30T00:48:36.672129,Kendlerstraße U,17,398730
2026-08-30T00:48:36.672129,Kendlerstraße U,17,349385
2026-08-30T00:48:36.672129,Dornerplatz,14,345454
2026-08-30T00:48:36.672129,Dornerplatz,14,345221
2026-08-30T00:48:36.672129,Dornerplatz,14,346454
2026-08-30T00:48:36.672129,Dornerplatz,14,346333
2026-08-30T00:48:36.672129,Dornerplatz,14,346144
2026-08-30T00:48:36.672129,Dornerplatz,14,348065
2026-08-30T00:48:36.672129,Dornerplatz,14,349700
2026-08-30T00:48:36.672129,Dornerplatz,14,349679
2026-08-30T00:48:36.672129,Dornerplatz,14,349487
2026-08-30T00:48:36.672129,Dornerplatz,14,349482
2026-08-30T00:48:36.672129,Dornerplatz,14,349407
2026-08-30T00:48:36.672129,Dornerplatz,14,349339
2026-08-30T00:48:36.672129,Dornerplatz,14,349315
2026-08-30T00:48:36.672129,Dornerplatz,14,349293
2026-08-30T00:48:36.672129,Hernals S,24,345926
2026-08-30T00:48:36.672129,Hernals S,24,345773
2026-08-30T00:48:36.672129,Hernals S,24,345652
2026-08-30T00:48:36.672129,Hernals S,24,346465
2026-08-30T00:48:36.672129,Hernals S,24,346358
2026-08-30T00:48:36.672129,Hernals S,24,346012
2026-08-30T00:48:36.672129,Hernals S,24,346765
2026-08-30T00:48:36.672129,Hernals S,24,346684
2026-08-30T00:48:36.672129,Hernals S,24,347166
2026-08-30T00:48:36.672129,Hernals S,24,347710
2026-08-30T00:48:36.672129,Hernals S,24,348249
2026-08-30T00:48:36.672129,Hernals S,24,348048
2026-08-30T00:48:36.672129,Hernals S,24,348631
2026-08-30T00:48:36.672129,Hernals S,24,348529
2026-08-30T00:48:36.672129,Hernals S,24,398852
2026-08-30T00:48:36.672129,Hernals S,24,398809
2026-08-30T00:48:36.672129,Hernals S,24,398764
2026-08-30T00:48:36.672129,Hernals S,24,398751
2026-08-30T00:48:36.672129,Hernals S,24,349920
2026-08-30T00:48:36.672129,Hernals S,24,349898
2026-08-30T00:48:36.672129,Hernals S,24,349744
2026-08-30T00:48:36.672129,Hernals S,24,349485
2026-08-30T00:48:36.672129,Hernals S,24,349287
2026-08-30T00:48:36.672129,Hernals S,24,349230
2026-08-30T00:48:36.672129,Schmelzbrücke,4,345987
2026-08-30T00:48:36.672129,Schmelzbrücke,4,348141
2026-08-30T00:48:36.672129,Schmelzbrücke,4,348610
2026-08-30T00:48:36.672129,Schmelzbrücke,4,348555
2026-08-30T00:48:36.672129,Michelbeuern-AKH U,24,345388
2026-08-30T00:48:36.672129,Michelbeuern-AKH U,24,345910
2026-08-30T00:48:36.672129,Michelbeuern-AKH U,24,345878
2026-08-30T00:48:36.672129,Michelbeuern-AKH U,24,345843
2026-08-30T00:48:36.672129,Michelbeuern-AKH U,24,345711
2026-08-30T00:48:36.672129,Michelbeuern-AKH U,24,345610
2026-08-30T00:48:36.672129,Michelbeuern-AKH U,24,345595
2026-08-30T00:48:36.672129,Michelbeuern-AKH U,24,345591
2026-08-30T00:48:36.672129,Michelbeuern-AKH U,24,345569
2026-08-30T00:48:36.672129,Michelbeuern-AKH U,24,346410
2026-08-30T00:48:36.672129,Michelbeuern-AKH U,24,346949
2026-08-30T00:48:36.672129,Michelbeuern-AKH U,24,346876
2026-08-30T00:48:36.672129,Michelbeuern-AKH U,24,346760
2026-08-30T00:48:36.672129,Michelbeuern-AKH U,24,347473
2026-08-30T00:48:36.672129,Michelbeuern-AKH U,24,347035
2026-08-30T00:48:36.672129,Michelbeuern-AKH U,24,347026
2026-08-30T00:48:36.672129,Michelbeuern-AKH U,24,347840
2026-08-30T00:48:36.672129,Michelbeuern-AKH U,24,347754
2026-08-30T00:48:36.672129,Michelbeuern-AKH U,24,347696
2026-08-30T00:48:36.672129,Michelbeuern-AKH U,24,347611
2026-08-30T00:48:36.672129,Michelbeuern-AKH U,24,347568
2026-08-30T00:48:36.672129,Michelbeuern-AKH U,24,348266
2026-08-30T00:48:36.672129,Michelbeuern-AKH U,24,348070
2026-08-30T00:48:36.672129,Michelbeuern-AKH U,24,349993
2026-08-30T00:48:36.672129,Johann-Nepomuk-Vogl-Platz,2,346952
2026-08-30T00:48:36.672129,Johann-Nepomuk-Vogl-Platz,2,349773
2026-08-30T00:48:36.672129,Mayerhofgasse,20,345374
2026-08-30T00:48:36.672129,Mayerhofgasse,20,345265
2026-08-30T00:48:36.672129,Mayerhofgasse,20,345184
2026-08-30T00:48:36.672129,Mayerhofgasse,20,345637
2026-08-30T00:48:36.672129,Mayerhofgasse,20,345548
2026-08-30T00:48:36.672129,Mayerhofgasse,20,345547
2026-08-30T00:48:36.672129,Mayerhofgasse,20,345533
2026-08-30T00:48:36.672129,Mayerhofgasse,20,346450
2026-08-30T00:48:36.672129,Mayerhofgasse,20,346419
2026-08-30T00:48:36.672129,Mayerhofgasse,20,346348
2026-08-30T00:48:36.672129,Mayerhofgasse,20,346218
2026-08-30T00:48:36.672129,Mayerhofgasse,20,346831
2026-08-30T00:48:36.672129,Mayerhofgasse,20,347220
2026-08-30T00:48:36.672129,Mayerhofgasse,20,347204
2026-08-30T00:48:36.672129,Mayerhofgasse,20,347140
2026-08-30T00:48:36.672129,Mayerhofgasse,20,347104
2026-08-30T00:48:36.672129,Mayerhofgasse,20,347621
2026-08-30T00:48:36.672129,Mayerhofgasse,20,348216
2026-08-30T00:48:36.672129,Mayerhofgasse,20,348570
2026-08-30T00:48:36.672129,Mayerhofgasse,20,398854
2026-08-30T00:48:36.672129,Westbahnstraße / Schottenfeldgasse,2,345442
2026-08-30T00:48:36.672129,Westbahnstraße / Schottenfeldgasse,2,345091
2026-08-30T00:48:36.672129,Vorgartenstraße U,52,345368
2026-08-30T00:48:36.672129,Vorgartenstraße U,52,345355
2026-08-30T00:48:36.672129,Vorgartenstraße U,52,345242
2026-08-30T00:48:36.672129,Vorgartenstraße U,52,345222
2026-08-30T00:48:36.672129,Vorgartenstraße U,52,345179
2026-08-30T00:48:36.672129,Vorgartenstraße U,52,345942
2026-08-30T00:48:36.672129,Vorgartenstraße U,52,345846
2026-08-30T00:48:36.672129,Vorgartenstraße U,52,345824
2026-08-30T00:48:36.672129,Vorgartenstraße U,52,345685
2026-08-30T00:48:36.672129,Vorgartenstraße U,52,346387
2026-08-30T00:48:36.672129,Vorgartenstraße U,52,346081
2026-08-30T00:48:36.672129,Vorgartenstraße U,52,346060
2026-08-30T00:48:36.672129,Vorgartenstraße U,52,346947
2026-08-30T00:48:36.672129,Vorgartenstraße U,52,346881
2026-08-30T00:48:36.672129,Vorgartenstraße U,52,346875
2026-08-30T00:48:36.672129,Vorgartenstraße U,52,346804
2026-08-30T00:48:36.672129,Vorgartenstraße U,52,346664
2026-08-30T00:48:36.672129,Vorgartenstraße U,52,346631
2026-08-30T00:48:36.672129,Vorgartenstraße U,52,346617
2026-08-30T00:48:36.672129,Vorgartenstraße U,52,346598
2026-08-30T00:48:36.672129,Vorgartenstraße U,52,346527
2026-08-30T00:48:36.672129,Vorgartenstraße U,52,346506
2026-08-30T00:48:36.672129,Vorgartenstraße U,52,347386
2026-08-30T00:48:36.672129,Vorgartenstraße U,52,347350
2026-08-30T00:48:36.672129,Vorgartenstraße U,52,347326
2026-08-30T00:48:36.672129,Vorgartenstraße U,52,347295
2026-08-30T00:48:36.672129,Vorgartenstraße U,52,347066
2026-08-30T00:48:36.672129,Vorgartenstraße U,52,347048
2026-08-30T00:48:36.672129,Vorgartenstraße U,52,347894
2026-08-30T00:48:36.672129,Vorgartenstraße U,52,347889
2026-08-30T00:48:36.672129,Vorgartenstraße U,52,347812
2026-08-30T00:48:36.672129,Vorgartenstraße U,52,347810
2026-08-30T00:48:36.672129,Vorgartenstraße U,52,347654
2026-08-30T00:48:36.672129,Vorgartenstraße U,52,347653
2026-08-30T00:48:36.672129,Vorgartenstraße U,52,347616
2026-08-30T00:48:36.672129,Vorgartenstraße U,52,348466
2026-08-30T00:48:36.672129,Vorgartenstraße U,52,348321
2026-08-30T00:48:36.672129,Vorgartenstraße U,52,348247
2026-08-30T00:48:36.672129,Vorgartenstraße U,52,348206
2026-08-30T00:48:36.672129,Vorgartenstraße U,52,348204
2026-08-30T00:48:36.672129,Vorgartenstraße U,52,348193
2026-08-30T00:48:36.672129,Vorgartenstraße U,52,348059
2026-08-30T00:48:36.672129,Vorgartenstraße U,52,348016
2026-08-30T00:48:36.672129,Vorgartenstraße U,52,348004
2026-08-30T00:48:36.672129,Vorgartenstraße U,52,348692
2026-08-30T00:48:36.672129,Vorgartenstraße U,52,348585
2026-08-30T00:48:36.672129,Vorgartenstraße U,52,348574
2026-08-30T00:48:36.672129,Vorgartenstraße U,52,348530
2026-08-30T00:48:36.672129,Vorgartenstraße U,52,349981
2026-08-30T00:48:36.672129,Vorgartenstraße U,52,349970
2026-08-30T00:48:36.672129,Vorgartenstraße U,52,349929
2026-08-30T00:48:36.672129,Vorgartenstraße U,52,349409
2026-08-30T00:48:36.672129,Krieau U,22,345485
2026-08-30T00:48:36.672129,Krieau U,22,345356
2026-08-30T00:48:36.672129,Krieau U,22,345941
2026-08-30T00:48:36.672129,Krieau U,22,345702
2026-08-30T00:48:36.672129,Krieau U,22,345618
2026-08-30T00:48:36.672129,Krieau U,22,345508
2026-08-30T00:48:36.672129,Krieau U,22,346401
2026-08-30T00:48:36.672129,Krieau U,22,346396
2026-08-30T00:48:36.672129,Krieau U,22,346378
2026-08-30T00:48:36.672129,Krieau U,22,346331
2026-08-30T00:48:36.672129,Krieau U,22,346136
2026-08-30T00:48:36.672129,Krieau U,22,346025
2026-08-30T00:48:36.672129,Krieau U,22,347388
2026-08-30T00:48:36.672129,Krieau U,22,347169
2026-08-30T00:48:36.672129,Krieau U,22,347024
2026-08-30T00:48:36.672129,Krieau U,22,347799
2026-08-30T00:48:36.672129,Krieau U,22,347789
2026-08-30T00:48:36.672129,Krieau U,22,347534
2026-08-30T00:48:36.672129,Krieau U,22,348449
2026-08-30T00:48:36.672129,Krieau U,22,348380
2026-08-30T00:48:36.672129,Krieau U,22,348043
2026-08-30T00:48:36.672129,Krieau U,22,398848
2026-08-30T00:48:36.672129,Ottakring S U,32,345497
2026-08-30T00:48:36.672129,Ottakring S U,32,345436
2026-08-30T00:48:36.672129,Ottakring S U,32,345424
2026-08-30T00:48:36.672129,Ottakring S U,32,345414
2026-08-30T00:48:36.672129,Ottakring S U,32,345286
2026-08-30T00:48:36.672129,Ottakring S U,32,345266
2026-08-30T00:48:36.672129,Ottakring S U,32,345113
2026-08-30T00:48:36.672129,Ottakring S U,32,345002
2026-08-30T00:48:36.672129,Ottakring S U,32,345924
2026-08-30T00:48:36.672129,Ottakring S U,32,345856
2026-08-30T00:48:36.672129,Ottakring S U,32,345851
2026-08-30T00:48:36.672129,Ottakring S U,32,345701
2026-08-30T00:48:36.672129,Ottakring S U,32,345531
2026-08-30T00:48:36.672129,Ottakring S U,32,346460
2026-08-30T00:48:36.672129,Ottakring S U,32,346299
2026-08-30T00:48:36.672129,Ottakring S U,32,346244
2026-08-30T00:48:36.672129,Ottakring S U,32,346969
2026-08-30T00:48:36.672129,Ottakring S U,32,346833
2026-08-30T00:48:36.672129,Ottakring S U,32,346709
2026-08-30T00:48:36.672129,Ottakring S U,32,346679
2026-08-30T00:48:36.672129,Ottakring S U,32,346508
2026-08-30T00:48:36.672129,Ottakring S U,32,347252
2026-08-30T00:48:36.672129,Ottakring S U,32,347244
2026-08-30T00:48:36.672129,Ottakring S U,32,347207
2026-08-30T00:48:36.672129,Ottakring S U,32,347594
2026-08-30T00:48:36.672129,Ottakring S U,32,348409
2026-08-30T00:48:36.672129,Ottakring S U,32,348385
2026-08-30T00:48:36.672129,Ottakring S U,32,348144
2026-08-30T00:48:36.672129,Ottakring S U,32,348085
2026-08-30T00:48:36.672129,Ottakring S U,32,348626
2026-08-30T00:48:36.672129,Ottakring S U,32,349775
2026-08-30T00:48:36.672129,Ottakring S U,32,349608
2026-08-30T00:48:36.672129,Hartmanngasse ,16,345389
2026-08-30T00:48:36.672129,Hartmanngasse ,16,345104
2026-08-30T00:48:36.672129,Hartmanngasse ,16,345069
2026-08-30T00:48:36.672129,Hartmanngasse ,16,345960
2026-08-30T00:48:36.672129,Hartmanngasse ,16,346485
2026-08-30T00:48:36.672129,Hartmanngasse ,16,346362
2026-08-30T00:48:36.672129,Hartmanngasse ,16,346612
2026-08-30T00:48:36.672129,Hartmanngasse ,16,347792
2026-08-30T00:48:36.672129,Hartmanngasse ,16,347678
2026-08-30T00:48:36.672129,Hartmanngasse ,16,348237
2026-08-30T00:48:36.672129,Hartmanngasse ,16,348130
2026-08-30T00:48:36.672129,Hartmanngasse ,16,348092
2026-08-30T00:48:36.672129,Hartmanngasse ,16,348666
2026-08-30T00:48:36.672129,Hartmanngasse ,16,398755
2026-08-30T00:48:36.672129,Hartmanngasse ,16,349829
2026-08-30T00:48:36.672129,Hartmanngasse ,16,349805
2026-08-30T00:48:36.672129,Nestroyplatz U,12,345282
2026-08-30T00:48:36.672129,Nestroyplatz U,12,345231
2026-08-30T00:48:36.672129,Nestroyplatz U,12,345032
2026-08-30T00:48:36.672129,Nestroyplatz U,12,345021
2026-08-30T00:48:36.672129,Nestroyplatz U,12,345592
2026-08-30T00:48:36.672129,Nestroyplatz U,12,346297
2026-08-30T00:48:36.672129,Nestroyplatz U,12,346107
2026-08-30T00:48:36.672129,Nestroyplatz U,12,346068
2026-08-30T00:48:36.672129,Nestroyplatz U,12,347824
2026-08-30T00:48:36.672129,Nestroyplatz U,12,348250
2026-08-30T00:48:36.672129,Nestroyplatz U,12,398853
2026-08-30T00:48:36.672129,Nestroyplatz U,12,398781
2026-08-30T00:48:36.672129,Messe-Prater U,26,345464
2026-08-30T00:48:36.672129,Messe-Prater U,26,345439
2026-08-30T00:48:36.672129,Messe-Prater U,26,345989
2026-08-30T00:48:36.672129,Messe-Prater U,26,345946
2026-08-30T00:48:36.672129,Messe-Prater U,26,345808
2026-08-30T00:48:36.672129,Messe-Prater U,26,345688
2026-08-30T00:48:36.672129,Messe-Prater U,26,345659
2026-08-30T00:48:36.672129,Messe-Prater U,26,346394
2026-08-30T00:48:36.672129,Messe-Prater U,26,346357
2026-08-30T00:48:36.672129,Messe-Prater U,26,346210
2026-08-30T00:48:36.672129,Messe-Prater U,26,346094
2026-08-30T00:48:36.672129,Messe-Prater U,26,346887
2026-08-30T00:48:36.672129,Messe-Prater U,26,346835
2026-08-30T00:48:36.672129,Messe-Prater U,26,346809
2026-08-30T00:48:36.672129,Messe-Prater U,26,346751
2026-08-30T00:48:36.672129,Messe-Prater U,26,346556
2026-08-30T00:48:36.672129,Messe-Prater U,26,347415
2026-08-30T00:48:36.672129,Messe-Prater U,26,347977
2026-08-30T00:48:36.672129,Messe-Prater U,26,347745
2026-08-30T00:48:36.672129,Messe-Prater U,26,347641
2026-08-30T00:48:36.672129,Messe-Prater U,26,348407
2026-08-30T00:48:36.672129,Messe-Prater U,26,348384
2026-08-30T00:48:36.672129,Messe-Prater U,26,348145
2026-08-30T00:48:36.672129,Messe-Prater U,26,348111
2026-08-30T00:48:36.672129,Messe-Prater U,26,348608
2026-08-30T00:48:36.672129,Messe-Prater U,26,349313
2026-08-30T00:48:36.672129,Loquaiplatz,2,347965
2026-08-30T00:48:36.672129,Loquaiplatz,2,347639
2026-08-30T00:48:36.672129,Rosensteingasse,21,345144
2026-08-30T00:48:36.672129,Rosensteingasse,21,345137
2026-08-30T00:48:36.672129,Rosensteingasse,21,345095
2026-08-30T00:48:36.672129,Rosensteingasse,21,345775
2026-08-30T00:48:36.672129,Rosensteingasse,21,345731
2026-08-30T00:48:36.672129,Rosensteingasse,21,345703
2026-08-30T00:48:36.672129,Rosensteingasse,21,346163
2026-08-30T00:48:36.672129,Rosensteingasse,21,346151
2026-08-30T00:48:36.672129,Rosensteingasse,21,346052
2026-08-30T00:48:36.672129,Rosensteingasse,21,346960
2026-08-30T00:48:36.672129,Rosensteingasse,21,346667
2026-08-30T00:48:36.672129,Rosensteingasse,21,346651
2026-08-30T00:48:36.672129,Rosensteingasse,21,347426
2026-08-30T00:48:36.672129,Rosensteingasse,21,347019
2026-08-30T00:48:36.672129,Rosensteingasse,21,347743
2026-08-30T00:48:36.672129,Rosensteingasse,21,348442
2026-08-30T00:48:36.672129,Rosensteingasse,21,348320
2026-08-30T00:48:36.672129,Rosensteingasse,21,348285
2026-08-30T00:48:36.672129,Rosensteingasse,21,349852
2026-08-30T00:48:36.672129,Rosensteingasse,21,349845
2026-08-30T00:48:36.672129,Rosensteingasse,21,349327
2026-08-30T00:48:36.672129,Gumpendorfer Gürtel,38,345447
2026-08-30T00:48:36.672129,Gumpendorfer Gürtel,38,345431
2026-08-30T00:48:36.672129,Gumpendorfer Gürtel,38,345391
2026-08-30T00:48:36.672129,Gumpendorfer Gürtel,38,345233
2026-08-30T00:48:36.672129,Gumpendorfer Gürtel,38,345212
2026-08-30T00:48:36.672129,Gumpendorfer Gürtel,38,345196
2026-08-30T00:48:36.672129,Gumpendorfer Gürtel,38,345167
2026-08-30T00:48:36.672129,Gumpendorfer Gürtel,38,345093
2026-08-30T00:48:36.672129,Gumpendorfer Gürtel,38,345938
2026-08-30T00:48:36.672129,Gumpendorfer Gürtel,38,345738
2026-08-30T00:48:36.672129,Gumpendorfer Gürtel,38,345616
2026-08-30T00:48:36.672129,Gumpendorfer Gürtel,38,346380
2026-08-30T00:48:36.672129,Gumpendorfer Gürtel,38,346303
2026-08-30T00:48:36.672129,Gumpendorfer Gürtel,38,346286
2026-08-30T00:48:36.672129,Gumpendorfer Gürtel,38,346190
2026-08-30T00:48:36.672129,Gumpendorfer Gürtel,38,346043
2026-08-30T00:48:36.672129,Gumpendorfer Gürtel,38,346031
2026-08-30T00:48:36.672129,Gumpendorfer Gürtel,38,346934
2026-08-30T00:48:36.672129,Gumpendorfer Gürtel,38,346910
2026-08-30T00:48:36.672129,Gumpendorfer Gürtel,38,346700
2026-08-30T00:48:36.672129,Gumpendorfer Gürtel,38,346597
2026-08-30T00:48:36.672129,Gumpendorfer Gürtel,38,346570
2026-08-30T00:48:36.672129,Gumpendorfer Gürtel,38,347463
2026-08-30T00:48:36.672129,Gumpendorfer Gürtel,38,347448
2026-08-30T00:48:36.672129,Gumpendorfer Gürtel,38,347384
2026-08-30T00:48:36.672129,Gumpendorfer Gürtel,38,347191
2026-08-30T00:48:36.672129,Gumpendorfer Gürtel,38,347177
2026-08-30T00:48:36.672129,Gumpendorfer Gürtel,38,347172
2026-08-30T00:48:36.672129,Gumpendorfer Gürtel,38,347873
2026-08-30T00:48:36.672129,Gumpendorfer Gürtel,38,347863
2026-08-30T00:48:36.672129,Gumpendorfer Gürtel,38,347778
2026-08-30T00:48:36.672129,Gumpendorfer Gürtel,38,348414
2026-08-30T00:48:36.672129,Gumpendorfer Gürtel,38,348375
2026-08-30T00:48:36.672129,Gumpendorfer Gürtel,38,348302
2026-08-30T00:48:36.672129,Gumpendorfer Gürtel,38,348196
2026-08-30T00:48:36.672129,Gumpendorfer Gürtel,38,348176
2026-08-30T00:48:36.672129,Gumpendorfer Gürtel,38,348097
2026-08-30T00:48:36.672129,Gumpendorfer Gürtel,38,348594
2026-08-30T00:48:36.672129,Burggasse-Stadthalle U,11,345367
2026-08-30T00:48:36.672129,Burggasse-Stadthalle U,11,345883
2026-08-30T00:48:36.672129,Burggasse-Stadthalle U,11,345684
2026-08-30T00:48:36.672129,Burggasse-Stadthalle U,11,398819
2026-08-30T00:48:36.672129,Burggasse-Stadthalle U,11,349851
2026-08-30T00:48:36.672129,Burggasse-Stadthalle U,11,349835
2026-08-30T00:48:36.672129,Burggasse-Stadthalle U,11,349710
2026-08-30T00:48:36.672129,Burggasse-Stadthalle U,11,349692
2026-08-30T00:48:36.672129,Burggasse-Stadthalle U,11,349595
2026-08-30T00:48:36.672129,Burggasse-Stadthalle U,11,349538
2026-08-30T00:48:36.672129,Burggasse-Stadthalle U,11,349336
2026-08-30T00:48:36.672129,Urban-Loritz-Platz,6,346787
2026-08-30T00:48:36.672129,Urban-Loritz-Platz,6,346690
2026-08-30T00:48:36.672129,Urban-Loritz-Platz,6,346502
2026-08-30T00:48:36.672129,Urban-Loritz-Platz,6,348019
2026-08-30T00:48:36.672129,Urban-Loritz-Platz,6,398872
2026-08-30T00:48:36.672129,Urban-Loritz-Platz,6,349276
2026-08-30T00:48:36.672129,Hanusch Krankenhaus,1,349493
2026-08-30T00:48:36.672129,Westbahnhof S U / Gerstnerstraße,1,347284
2026-08-30T00:48:36.672129,Wieningerplatz,3,346404
2026-08-30T00:48:36.672129,Wieningerplatz,3,347832
2026-08-30T00:48:36.672129,Wieningerplatz,3,348693
2026-08-30T00:48:36.672129,Markgraf-Rüdiger Straße,9,346373
2026-08-30T00:48:36.672129,Markgraf-Rüdiger Straße,9,346154
2026-08-30T00:48:36.672129,Markgraf-Rüdiger Straße,9,346750
2026-08-30T00:48:36.672129,Markgraf-Rüdiger Straße,9,347486
2026-08-30T00:48:36.672129,Markgraf-Rüdiger Straße,9,347996
2026-08-30T00:48:36.672129,Markgraf-Rüdiger Straße,9,347552
2026-08-30T00:48:36.672129,Markgraf-Rüdiger Straße,9,348310
2026-08-30T00:48:36.672129,Markgraf-Rüdiger Straße,9,398841
2026-08-30T00:48:36.672129,Markgraf-Rüdiger Straße,9,398725
2026-08-30T00:48:36.672129,Plunkergasse,19,345441
2026-08-30T00:48:36.672129,Plunkergasse,19,345877
2026-08-30T00:48:36.672129,Plunkergasse,19,345699
2026-08-30T00:48:36.672129,Plunkergasse,19,345599
2026-08-30T00:48:36.672129,Plunkergasse,19,346164
2026-08-30T00:48:36.672129,Plunkergasse,19,347471
2026-08-30T00:48:36.672129,Plunkergasse,19,348416
2026-08-30T00:48:36.672129,Plunkergasse,19,348287
2026-08-30T00:48:36.672129,Plunkergasse,19,348160
2026-08-30T00:48:36.672129,Plunkergasse,19,398801
2026-08-30T00:48:36.672129,Plunkergasse,19,349890
2026-08-30T00:48:36.672129,Plunkergasse,19,349799
2026-08-30T00:48:36.672129,Plunkergasse,19,349720
2026-08-30T00:48:36.672129,Plunkergasse,19,349591
2026-08-30T00:48:36.672129,Plunkergasse,19,349579
2026-08-30T00:48:36.672129,Plunkergasse,19,349569
2026-08-30T00:48:36.672129,Plunkergasse,19,349555
2026-08-30T00:48:36.672129,Plunkergasse,19,349528
2026-08-30T00:48:36.672129,Plunkergasse,19,349469
2026-08-30T00:48:36.672129,Kundratstraße,9,345572
2026-08-30T00:48:36.672129,Kundratstraße,9,346023
2026-08-30T00:48:36.672129,Kundratstraße,9,398796
2026-08-30T00:48:36.672129,Kundratstraße,9,349854
2026-08-30T00:48:36.672129,Kundratstraße,9,349844
2026-08-30T00:48:36.672129,Kundratstraße,9,349816
2026-08-30T00:48:36.672129,Kundratstraße,9,349806
2026-08-30T00:48:36.672129,Kundratstraße,9,349801
2026-08-30T00:48:36.672129,Kundratstraße,9,349572
2026-08-30T00:48:36.672129,Arthaberplatz,27,345171
2026-08-30T00:48:36.672129,Arthaberplatz,27,345962
2026-08-30T00:48:36.672129,Arthaberplatz,27,345804
2026-08-30T00:48:36.672129,Arthaberplatz,27,346058
2026-08-30T00:48:36.672129,Arthaberplatz,27,346035
2026-08-30T00:48:36.672129,Arthaberplatz,27,346024
2026-08-30T00:48:36.672129,Arthaberplatz,27,346006
2026-08-30T00:48:36.672129,Arthaberplatz,27,346837
2026-08-30T00:48:36.672129,Arthaberplatz,27,346742
2026-08-30T00:48:36.672129,Arthaberplatz,27,346669
2026-08-30T00:48:36.672129,Arthaberplatz,27,346642
2026-08-30T00:48:36.672129,Arthaberplatz,27,347228
2026-08-30T00:48:36.672129,Arthaberplatz,27,347034
2026-08-30T00:48:36.672129,Arthaberplatz,27,347748
2026-08-30T00:48:36.672129,Arthaberplatz,27,347541
2026-08-30T00:48:36.672129,Arthaberplatz,27,348474
2026-08-30T00:48:36.672129,Arthaberplatz,27,348371
2026-08-30T00:48:36.672129,Arthaberplatz,27,348279
2026-08-30T00:48:36.672129,Arthaberplatz,27,348177
2026-08-30T00:48:36.672129,Arthaberplatz,27,348639
2026-08-30T00:48:36.672129,Arthaberplatz,27,398745
2026-08-30T00:48:36.672129,Arthaberplatz,27,349905
2026-08-30T00:48:36.672129,Arthaberplatz,27,349797
2026-08-30T00:48:36.672129,Arthaberplatz,27,349776
2026-08-30T00:48:36.672129,Arthaberplatz,27,349678
2026-08-30T00:48:36.672129,Arthaberplatz,27,349444
2026-08-30T00:48:36.672129,Arthaberplatz,27,349286
2026-08-30T00:48:36.672129,Karmeliterplatz,21,345397
2026-08-30T00:48:36.672129,Karmeliterplatz,21,345158
2026-08-30T00:48:36.672129,Karmeliterplatz,21,345149
2026-08-30T00:48:36.672129,Karmeliterplatz,21,345040
2026-08-30T00:48:36.672129,Karmeliterplatz,21,345981
2026-08-30T00:48:36.672129,Karmeliterplatz,21,345939
2026-08-30T00:48:36.672129,Karmeliterplatz,21,345556
2026-08-30T00:48:36.672129,Karmeliterplatz,21,346770
2026-08-30T00:48:36.672129,Karmeliterplatz,21,346628
2026-08-30T00:48:36.672129,Karmeliterplatz,21,347369
2026-08-30T00:48:36.672129,Karmeliterplatz,21,347269
2026-08-30T00:48:36.672129,Karmeliterplatz,21,347096
2026-08-30T00:48:36.672129,Karmeliterplatz,21,347931
2026-08-30T00:48:36.672129,Karmeliterplatz,21,347539
2026-08-30T00:48:36.672129,Karmeliterplatz,21,348496
2026-08-30T00:48:36.672129,Karmeliterplatz,21,348207
2026-08-30T00:48:36.672129,Karmeliterplatz,21,348057
2026-08-30T00:48:36.672129,Karmeliterplatz,21,348708
2026-08-30T00:48:36.672129,Karmeliterplatz,21,348557
2026-08-30T00:48:36.672129,Karmeliterplatz,21,349980
2026-08-30T00:48:36.672129,Karmeliterplatz,21,349355
2026-08-30T00:48:36.672129,Fröbelgasse,5,348087
2026-08-30T00:48:36.672129,Fröbelgasse,5,349874
2026-08-30T00:48:36.672129,Fröbelgasse,5,349821
2026-08-30T00:48:36.672129,Fröbelgasse,5,349451
2026-08-30T00:48:36.672129,Fröbelgasse,5,349388
2026-08-30T00:48:36.672129,Reumannplatz U,3,347427
2026-08-30T00:48:36.672129,Reumannplatz U,3,349896
2026-08-30T00:48:36.672129,Reumannplatz U,3,349504
2026-08-30T00:48:36.672129,Brestelgasse,19,345469
2026-08-30T00:48:36.672129,Brestelgasse,19,345375
2026-08-30T00:48:36.672129,Brestelgasse,19,345977
2026-08-30T00:48:36.672129,Brestelgasse,19,345901
2026-08-30T00:48:36.672129,Brestelgasse,19,346228
2026-08-30T00:48:36.672129,Brestelgasse,19,346761
2026-08-30T00:48:36.672129,Brestelgasse,19,346646
2026-08-30T00:48:36.672129,Brestelgasse,19,347475
2026-08-30T00:48:36.672129,Brestelgasse,19,347434
2026-08-30T00:48:36.672129,Brestelgasse,19,347194
2026-08-30T00:48:36.672129,Brestelgasse,19,347148
2026-08-30T00:48:36.672129,Brestelgasse,19,348418
2026-08-30T00:48:36.672129,Brestelgasse,19,348221
2026-08-30T00:48:36.672129,Brestelgasse,19,348180
2026-08-30T00:48:36.672129,Brestelgasse,19,398816
2026-08-30T00:48:36.672129,Brestelgasse,19,349711
2026-08-30T00:48:36.672129,Brestelgasse,19,349443
2026-08-30T00:48:36.672129,Brestelgasse,19,349234
2026-08-30T00:48:36.672129,Brestelgasse,19,349225
2026-08-30T00:48:36.672129,Thaliastraße U,4,347869
2026-08-30T00:48:36.672129,Thaliastraße U,4,348428
2026-08-30T00:48:36.672129,Thaliastraße U,4,348135
2026-08-30T00:48:36.672129,Thaliastraße U,4,348563
2026-08-30T00:48:36.672129,Nussdorfer Straße S,13,345307
2026-08-30T00:48:36.672129,Nussdorfer Straße S,13,345186
2026-08-30T00:48:36.672129,Nussdorfer Straße S,13,345090
2026-08-30T00:48:36.672129,Nussdorfer Straße S,13,346344
2026-08-30T00:48:36.672129,Nussdorfer Straße S,13,346075
2026-08-30T00:48:36.672129,Nussdorfer Straße S,13,346019
2026-08-30T00:48:36.672129,Nussdorfer Straße S,13,346985
2026-08-30T00:48:36.672129,Nussdorfer Straße S,13,346697
2026-08-30T00:48:36.672129,Nussdorfer Straße S,13,347305
2026-08-30T00:48:36.672129,Nussdorfer Straße S,13,347242
2026-08-30T00:48:36.672129,Nussdorfer Straße S,13,347197
2026-08-30T00:48:36.672129,Nussdorfer Straße S,13,347144
2026-08-30T00:48:36.672129,Nussdorfer Straße S,13,348420
2026-08-30T00:48:36.672129,Elterleinplatz,9,345612
2026-08-30T00:48:36.672129,Elterleinplatz,9,346418
2026-08-30T00:48:36.672129,Elterleinplatz,9,347682
2026-08-30T00:48:36.672129,Elterleinplatz,9,348168
2026-08-30T00:48:36.672129,Elterleinplatz,9,348580
2026-08-30T00:48:36.672129,Elterleinplatz,9,349907
2026-08-30T00:48:36.672129,Elterleinplatz,9,349587
2026-08-30T00:48:36.672129,Elterleinplatz,9,349582
2026-08-30T00:48:36.672129,Elterleinplatz,9,349354
2026-08-30T00:48:36.672129,Canisiusgasse,4,345253
2026-08-30T00:48:36.672129,Canisiusgasse,4,348197
2026-08-30T00:48:36.672129,Canisiusgasse,4,349780
2026-08-30T00:48:36.672129,Canisiusgasse,4,349519
2026-08-30T00:48:36.672129,Meidling S U / Schedifkaplatz,3,349948
2026-08-30T00:48:36.672129,Meidling S U / Schedifkaplatz,3,349387
2026-08-30T00:48:36.672129,Meidling S U / Schedifkaplatz,3,349383
2026-08-30T00:48:36.672129,Palffygasse,21,345213
2026-08-30T00:48:36.672129,Palffygasse,21,345211
2026-08-30T00:48:36.672129,Palffygasse,21,345810
2026-08-30T00:48:36.672129,Palffygasse,21,345786
2026-08-30T00:48:36.672129,Palffygasse,21,345640
2026-08-30T00:48:36.672129,Palffygasse,21,345568
2026-08-30T00:48:36.672129,Palffygasse,21,346483
2026-08-30T00:48:36.672129,Palffygasse,21,346463
2026-08-30T00:48:36.672129,Palffygasse,21,346342
2026-08-30T00:48:36.672129,Palffygasse,21,346240
2026-08-30T00:48:36.672129,Palffygasse,21,346694
2026-08-30T00:48:36.672129,Palffygasse,21,346504
2026-08-30T00:48:36.672129,Palffygasse,21,347479
2026-08-30T00:48:36.672129,Palffygasse,21,347476
2026-08-30T00:48:36.672129,Palffygasse,21,347266
2026-08-30T00:48:36.672129,Palffygasse,21,347218
2026-08-30T00:48:36.672129,Palffygasse,21,347210
2026-08-30T00:48:36.672129,Palffygasse,21,347022
2026-08-30T00:48:36.672129,Palffygasse,21,347884
2026-08-30T00:48:36.672129,Palffygasse,21,348246
2026-08-30T00:48:36.672129,Palffygasse,21,348644
2026-08-30T00:48:36.672129,Gersthof S,4,345912
2026-08-30T00:48:36.672129,Gersthof S,4,347137
2026-08-30T00:48:36.672129,Gersthof S,4,347648
2026-08-30T00:48:36.672129,Gersthof S,4,349687
2026-08-30T00:48:36.672129,Reinprechtsdorfer Brücke,25,345498
2026-08-30T00:48:36.672129,Reinprechtsdorfer Brücke,25,345255
2026-08-30T00:48:36.672129,Reinprechtsdorfer Brücke,25,345148
2026-08-30T00:48:36.672129,Reinprechtsdorfer Brücke,25,345018
2026-08-30T00:48:36.672129,Reinprechtsdorfer Brücke,25,345894
2026-08-30T00:48:36.672129,Reinprechtsdorfer Brücke,25,345881
2026-08-30T00:48:36.672129,Reinprechtsdorfer Brücke,25,345826
2026-08-30T00:48:36.672129,Reinprechtsdorfer Brücke,25,346432
2026-08-30T00:48:36.672129,Reinprechtsdorfer Brücke,25,346416
2026-08-30T00:48:36.672129,Reinprechtsdorfer Brücke,25,346365
2026-08-30T00:48:36.672129,Reinprechtsdorfer Brücke,25,346339
2026-08-30T00:48:36.672129,Reinprechtsdorfer Brücke,25,346295
2026-08-30T00:48:36.672129,Reinprechtsdorfer Brücke,25,346153
2026-08-30T00:48:36.672129,Reinprechtsdorfer Brücke,25,347355
2026-08-30T00:48:36.672129,Reinprechtsdorfer Brücke,25,347203
2026-08-30T00:48:36.672129,Reinprechtsdorfer Brücke,25,347031
2026-08-30T00:48:36.672129,Reinprechtsdorfer Brücke,25,347992
2026-08-30T00:48:36.672129,Reinprechtsdorfer Brücke,25,347967
2026-08-30T00:48:36.672129,Reinprechtsdorfer Brücke,25,347958
2026-08-30T00:48:36.672129,Reinprechtsdorfer Brücke,25,347532
2026-08-30T00:48:36.672129,Reinprechtsdorfer Brücke,25,348485
2026-08-30T00:48:36.672129,Reinprechtsdorfer Brücke,25,348373
2026-08-30T00:48:36.672129,Reinprechtsdorfer Brücke,25,348369
2026-08-30T00:48:36.672129,Reinprechtsdorfer Brücke,25,348324
2026-08-30T00:48:36.672129,Reinprechtsdorfer Brücke,25,398742
2026-08-30T00:48:36.672129,Siebensterngasse,2,345000
2026-08-30T00:48:36.672129,Siebensterngasse,2,348422
2026-08-30T00:48:36.672129,Siebenbrunnenplatz,10,345917
2026-08-30T00:48:36.672129,Siebenbrunnenplatz,10,346205
2026-08-30T00:48:36.672129,Siebenbrunnenplatz,10,346049
2026-08-30T00:48:36.672129,Siebenbrunnenplatz,10,347878
2026-08-30T00:48:36.672129,Siebenbrunnenplatz,10,347677
2026-08-30T00:48:36.672129,Siebenbrunnenplatz,10,347559
2026-08-30T00:48:36.672129,Siebenbrunnenplatz,10,348218
2026-08-30T00:48:36.672129,Siebenbrunnenplatz,10,348527
2026-08-30T00:48:36.672129,Siebenbrunnenplatz,10,349466
2026-08-30T00:48:36.672129,Siebenbrunnenplatz,10,349378
2026-08-30T00:48:36.672129,Rosensteingasse / Blumengasse,7,345373
2026-08-30T00:48:36.672129,Rosensteingasse / Blumengasse,7,346289
2026-08-30T00:48:36.672129,Rosensteingasse / Blumengasse,7,346681
2026-08-30T00:48:36.672129,Rosensteingasse / Blumengasse,7,346623
2026-08-30T00:48:36.672129,Rosensteingasse / Blumengasse,7,347551
2026-08-30T00:48:36.672129,Rosensteingasse / Blumengasse,7,348425
2026-08-30T00:48:36.672129,Rosensteingasse / Blumengasse,7,348172
2026-08-30T00:48:36.672129,Schottenring U /Herminengasse,11,345958
2026-08-30T00:48:36.672129,Schottenring U /Herminengasse,11,345691
2026-08-30T00:48:36.672129,Schottenring U /Herminengasse,11,347421
2026-08-30T00:48:36.672129,Schottenring U /Herminengasse,11,347940
2026-08-30T00:48:36.672129,Schottenring U /Herminengasse,11,348045
2026-08-30T00:48:36.672129,Schottenring U /Herminengasse,11,348539
2026-08-30T00:48:36.672129,Schottenring U /Herminengasse,11,349811
2026-08-30T00:48:36.672129,Schottenring U /Herminengasse,11,349617
2026-08-30T00:48:36.672129,Schottenring U /Herminengasse,11,349597
2026-08-30T00:48:36.672129,Schottenring U /Herminengasse,11,349380
2026-08-30T00:48:36.672129,Schottenring U /Herminengasse,11,349239
2026-08-30T00:48:36.672129,Josefstädter Straße U,8,345030
2026-08-30T00:48:36.672129,Josefstädter Straße U,8,345665
2026-08-30T00:48:36.672129,Josefstädter Straße U,8,345525
2026-08-30T00:48:36.672129,Josefstädter Straße U,8,346733
2026-08-30T00:48:36.672129,Josefstädter Straße U,8,347579
2026-08-30T00:48:36.672129,Josefstädter Straße U,8,349685
2026-08-30T00:48:36.672129,Josefstädter Straße U,8,349522
2026-08-30T00:48:36.672129,Josefstädter Straße U,8,349369
2026-08-30T00:48:36.672129,Friedrich-Engels-Platz,23,345348
2026-08-30T00:48:36.672129,Friedrich-Engels-Platz,23,345313
2026-08-30T00:48:36.672129,Friedrich-Engels-Platz,23,345257
2026-08-30T00:48:36.672129,Friedrich-Engels-Platz,23,345959
2026-08-30T00:48:36.672129,Friedrich-Engels-Platz,23,345905
2026-08-30T00:48:36.672129,Friedrich-Engels-Platz,23,345643
2026-08-30T00:48:36.672129,Friedrich-Engels-Platz,23,346482
2026-08-30T00:48:36.672129,Friedrich-Engels-Platz,23,346411
2026-08-30T00:48:36.672129,Friedrich-Engels-Platz,23,346038
2026-08-30T00:48:36.672129,Friedrich-Engels-Platz,23,346948
2026-08-30T00:48:36.672129,Friedrich-Engels-Platz,23,346711
2026-08-30T00:48:36.672129,Friedrich-Engels-Platz,23,347058
2026-08-30T00:48:36.672129,Friedrich-Engels-Platz,23,347802
2026-08-30T00:48:36.672129,Friedrich-Engels-Platz,23,347779
2026-08-30T00:48:36.672129,Friedrich-Engels-Platz,23,347628
2026-08-30T00:48:36.672129,Friedrich-Engels-Platz,23,347571
2026-08-30T00:48:36.672129,Friedrich-Engels-Platz,23,348408
2026-08-30T00:48:36.672129,Friedrich-Engels-Platz,23,348056
2026-08-30T00:48:36.672129,Friedrich-Engels-Platz,23,348054
2026-08-30T00:48:36.672129,Friedrich-Engels-Platz,23,398768
2026-08-30T00:48:36.672129,Friedrich-Engels-Platz,23,349514
2026-08-30T00:48:36.672129,Friedrich-Engels-Platz,23,349256
2026-08-30T00:48:36.672129,Friedrich-Engels-Platz,23,349213
2026-08-30T00:48:36.672129,Dresdner Straße U,5,345044
2026-08-30T00:48:36.672129,Dresdner Straße U,5,345562
2026-08-30T00:48:36.672129,Dresdner Straße U,5,347735
2026-08-30T00:48:36.672129,Dresdner Straße U,5,349865
2026-08-30T00:48:36.672129,Dresdner Straße U,5,349619
2026-08-30T00:48:36.672129,Jägerstraße U,16,345365
2026-08-30T00:48:36.672129,Jägerstraße U,16,345305
2026-08-30T00:48:36.672129,Jägerstraße U,16,345076
2026-08-30T00:48:36.672129,Jägerstraße U,16,345914
2026-08-30T00:48:36.672129,Jägerstraße U,16,345730
2026-08-30T00:48:36.672129,Jägerstraße U,16,345678
2026-08-30T00:48:36.672129,Jägerstraße U,16,345542
2026-08-30T00:48:36.672129,Jägerstraße U,16,346398
2026-08-30T00:48:36.672129,Jägerstraße U,16,346343
2026-08-30T00:48:36.672129,Jägerstraße U,16,346209
2026-08-30T00:48:36.672129,Jägerstraße U,16,346514
2026-08-30T00:48:36.672129,Jägerstraße U,16,347670
2026-08-30T00:48:36.672129,Jägerstraße U,16,347622
2026-08-30T00:48:36.672129,Jägerstraße U,16,348280
2026-08-30T00:48:36.672129,Jägerstraße U,16,398811
2026-08-30T00:48:36.672129,Jägerstraße U,16,349423
2026-08-30T00:48:36.672129,Traisengasse S,16,345468
2026-08-30T00:48:36.672129,Traisengasse S,16,345161
2026-08-30T00:48:36.672129,Traisengasse S,16,345135
2026-08-30T00:48:36.672129,Traisengasse S,16,345813
2026-08-30T00:48:36.672129,Traisengasse S,16,345793
2026-08-30T00:48:36.672129,Traisengasse S,16,346440
2026-08-30T00:48:36.672129,Traisengasse S,16,346257
2026-08-30T00:48:36.672129,Traisengasse S,16,346237
2026-08-30T00:48:36.672129,Traisengasse S,16,346512
2026-08-30T00:48:36.672129,Traisengasse S,16,347988
2026-08-30T00:48:36.672129,Traisengasse S,16,347585
2026-08-30T00:48:36.672129,Traisengasse S,16,347576
2026-08-30T00:48:36.672129,Traisengasse S,16,347537
2026-08-30T00:48:36.672129,Traisengasse S,16,348349
2026-08-30T00:48:36.672129,Traisengasse S,16,348683
2026-08-30T00:48:36.672129,Traisengasse S,16,348548
2026-08-30T00:48:36.672129,Kettenbrückengasse U / Naschmarkt,18,345421
2026-08-30T00:48:36.672129,Kettenbrückengasse U / Naschmarkt,18,345130
2026-08-30T00:48:36.672129,Kettenbrückengasse U / Naschmarkt,18,345110
2026-08-30T00:48:36.672129,Kettenbrückengasse U / Naschmarkt,18,345037
2026-08-30T00:48:36.672129,Kettenbrückengasse U / Naschmarkt,18,345016
2026-08-30T00:48:36.672129,Kettenbrückengasse U / Naschmarkt,18,345785
2026-08-30T00:48:36.672129,Kettenbrückengasse U / Naschmarkt,18,345680
2026-08-30T00:48:36.672129,Kettenbrückengasse U / Naschmarkt,18,345671
2026-08-30T00:48:36.672129,Kettenbrückengasse U / Naschmarkt,18,347085
2026-08-30T00:48:36.672129,Kettenbrückengasse U / Naschmarkt,18,347029
2026-08-30T00:48:36.672129,Kettenbrückengasse U / Naschmarkt,18,347947
2026-08-30T00:48:36.672129,Kettenbrückengasse U / Naschmarkt,18,347890
2026-08-30T00:48:36.672129,Kettenbrückengasse U / Naschmarkt,18,347752
2026-08-30T00:48:36.672129,Kettenbrückengasse U / Naschmarkt,18,347664
2026-08-30T00:48:36.672129,Kettenbrückengasse U / Naschmarkt,18,347650
2026-08-30T00:48:36.672129,Kettenbrückengasse U / Naschmarkt,18,347615
2026-08-30T00:48:36.672129,Kettenbrückengasse U / Naschmarkt,18,348347
2026-08-30T00:48:36.672129,Kettenbrückengasse U / Naschmarkt,18,348329
2026-08-30T00:48:36.672129,Aumannplatz,1,345964
2026-08-30T00:48:36.672129,Längenfeldgasse U,23,345326
2026-08-30T00:48:36.672129,Längenfeldgasse U,23,345275
2026-08-30T00:48:36.672129,Längenfeldgasse U,23,345083
2026-08-30T00:48:36.672129,Längenfeldgasse U,23,345068
2026-08-30T00:48:36.672129,Längenfeldgasse U,23,345687
2026-08-30T00:48:36.672129,Längenfeldgasse U,23,345611
2026-08-30T00:48:36.672129,Längenfeldgasse U,23,346478
2026-08-30T00:48:36.672129,Längenfeldgasse U,23,346430
2026-08-30T00:48:36.672129,Längenfeldgasse U,23,346324
2026-08-30T00:48:36.672129,Längenfeldgasse U,23,346288
2026-08-30T00:48:36.672129,Längenfeldgasse U,23,346147
2026-08-30T00:48:36.672129,Längenfeldgasse U,23,346030
2026-08-30T00:48:36.672129,Längenfeldgasse U,23,346017
2026-08-30T00:48:36.672129,Längenfeldgasse U,23,346996
2026-08-30T00:48:36.672129,Längenfeldgasse U,23,346983
2026-08-30T00:48:36.672129,Längenfeldgasse U,23,346798
2026-08-30T00:48:36.672129,Längenfeldgasse U,23,347483
2026-08-30T00:48:36.672129,Längenfeldgasse U,23,347412
2026-08-30T00:48:36.672129,Längenfeldgasse U,23,347337
2026-08-30T00:48:36.672129,Längenfeldgasse U,23,347006
2026-08-30T00:48:36.672129,Längenfeldgasse U,23,347518
2026-08-30T00:48:36.672129,Längenfeldgasse U,23,348283
2026-08-30T00:48:36.672129,Längenfeldgasse U,23,348628
2026-08-30T00:48:36.672129,Althanstraße,18,345489
2026-08-30T00:48:36.672129,Althanstraße,18,345277
2026-08-30T00:48:36.672129,Althanstraße,18,345067
2026-08-30T00:48:36.672129,Althanstraße,18,345900
2026-08-30T00:48:36.672129,Althanstraße,18,345507
2026-08-30T00:48:36.672129,Althanstraße,18,346201
2026-08-30T00:48:36.672129,Althanstraße,18,346138
2026-08-30T00:48:36.672129,Althanstraße,18,346718
2026-08-30T00:48:36.672129,Althanstraße,18,347188
2026-08-30T00:48:36.672129,Althanstraße,18,347175
2026-08-30T00:48:36.672129,Althanstraße,18,347087
2026-08-30T00:48:36.672129,Althanstraße,18,347651
2026-08-30T00:48:36.672129,Althanstraße,18,348081
2026-08-30T00:48:36.672129,Althanstraße,18,348025
2026-08-30T00:48:36.672129,Althanstraße,18,348713
2026-08-30T00:48:36.672129,Althanstraße,18,348672
2026-08-30T00:48:36.672129,Althanstraße,18,398758
2026-08-30T00:48:36.672129,Althanstraße,18,349666
2026-08-30T00:48:36.672129,Schottentor U,26,345429
2026-08-30T00:48:36.672129,Schottentor U,26,345128
2026-08-30T00:48:36.672129,Schottentor U,26,345022
2026-08-30T00:48:36.672129,Schottentor U,26,345763
2026-08-30T00:48:36.672129,Schottentor U,26,345707
2026-08-30T00:48:36.672129,Schottentor U,26,345561
2026-08-30T00:48:36.672129,Schottentor U,26,345506
2026-08-30T00:48:36.672129,Schottentor U,26,346475
2026-08-30T00:48:36.672129,Schottentor U,26,346171
2026-08-30T00:48:36.672129,Schottentor U,26,346065
2026-08-30T00:48:36.672129,Schottentor U,26,346957
2026-08-30T00:48:36.672129,Schottentor U,26,346784
2026-08-30T00:48:36.672129,Schottentor U,26,347472
2026-08-30T00:48:36.672129,Schottentor U,26,347440
2026-08-30T00:48:36.672129,Schottentor U,26,347320
2026-08-30T00:48:36.672129,Schottentor U,26,347966
2026-08-30T00:48:36.672129,Schottentor U,26,347909
2026-08-30T00:48:36.672129,Schottentor U,26,347904
2026-08-30T00:48:36.672129,Schottentor U,26,347825
2026-08-30T00:48:36.672129,Schottentor U,26,347525
2026-08-30T00:48:36.672129,Schottentor U,26,348475
2026-08-30T00:48:36.672129,Schottentor U,26,348354
2026-08-30T00:48:36.672129,Schottentor U,26,348235
2026-08-30T00:48:36.672129,Schottentor U,26,348037
2026-08-30T00:48:36.672129,Schottentor U,26,348706
2026-08-30T00:48:36.672129,Schottentor U,26,349520
2026-08-30T00:48:36.672129,Museumsquartier U,3,346572
2026-08-30T00:48:36.672129,Museumsquartier U,3,347039
2026-08-30T00:48:36.672129,Museumsquartier U,3,347923
2026-08-30T00:48:36.672129,Johnstrasse U,3,345893
2026-08-30T00:48:36.672129,Johnstrasse U,3,346458
2026-08-30T00:48:36.672129,Johnstrasse U,3,349722
2026-08-30T00:48:36.672129,Turnergasse,13,345393
2026-08-30T00:48:36.672129,Turnergasse,13,345280
2026-08-30T00:48:36.672129,Turnergasse,13,346110
2026-08-30T00:48:36.672129,Turnergasse,13,346964
2026-08-30T00:48:36.672129,Turnergasse,13,346788
2026-08-30T00:48:36.672129,Turnergasse,13,347470
2026-08-30T00:48:36.672129,Turnergasse,13,347113
2026-08-30T00:48:36.672129,Turnergasse,13,347950
2026-08-30T00:48:36.672129,Turnergasse,13,348158
2026-08-30T00:48:36.672129,Turnergasse,13,348001
2026-08-30T00:48:36.672129,Turnergasse,13,348675
2026-08-30T00:48:36.672129,Turnergasse,13,398856
2026-08-30T00:48:36.672129,Turnergasse,13,349577
2026-08-30T00:48:36.672129,Kutschkergasse,10,345347
2026-08-30T00:48:36.672129,Kutschkergasse,10,345545
2026-08-30T00:48:36.672129,Kutschkergasse,10,346455
2026-08-30T00:48:36.672129,Kutschkergasse,10,346222
2026-08-30T00:48:36.672129,Kutschkergasse,10,346802
2026-08-30T00:48:36.672129,Kutschkergasse,10,347624
2026-08-30T00:48:36.672129,Kutschkergasse,10,398722
2026-08-30T00:48:36.672129,Kutschkergasse,10,349866
2026-08-30T00:48:36.672129,Kutschkergasse,10,349699
2026-08-30T00:48:36.672129,Kutschkergasse,10,349641
2026-08-30T00:48:36.672129,Stadion U,24,345241
2026-08-30T00:48:36.672129,Stadion U,24,345003
2026-08-30T00:48:36.672129,Stadion U,24,345992
2026-08-30T00:48:36.672129,Stadion U,24,345931
2026-08-30T00:48:36.672129,Stadion U,24,345865
2026-08-30T00:48:36.672129,Stadion U,24,345837
2026-08-30T00:48:36.672129,Stadion U,24,345675
2026-08-30T00:48:36.672129,Stadion U,24,345518
2026-08-30T00:48:36.672129,Stadion U,24,346249
2026-08-30T00:48:36.672129,Stadion U,24,346238
2026-08-30T00:48:36.672129,Stadion U,24,346053
2026-08-30T00:48:36.672129,Stadion U,24,346904
2026-08-30T00:48:36.672129,Stadion U,24,346810
2026-08-30T00:48:36.672129,Stadion U,24,346789
2026-08-30T00:48:36.672129,Stadion U,24,346705
2026-08-30T00:48:36.672129,Stadion U,24,347168
2026-08-30T00:48:36.672129,Stadion U,24,347127
2026-08-30T00:48:36.672129,Stadion U,24,347093
2026-08-30T00:48:36.672129,Stadion U,24,347896
2026-08-30T00:48:36.672129,Stadion U,24,347561
2026-08-30T00:48:36.672129,Stadion U,24,348360
2026-08-30T00:48:36.672129,Stadion U,24,348355
2026-08-30T00:48:36.672129,Stadion U,24,348273
2026-08-30T00:48:36.672129,Stadion U,24,348604
2026-08-30T00:48:36.672129,Brückengasse,7,346310
2026-08-30T00:48:36.672129,Brückengasse,7,346239
2026-08-30T00:48:36.672129,Brückengasse,7,347441
2026-08-30T00:48:36.672129,Brückengasse,7,348322
2026-08-30T00:48:36.672129,Brückengasse,7,348625
2026-08-30T00:48:36.672129,Brückengasse,7,349684
2026-08-30T00:48:36.672129,Brückengasse,7,349559
2026-08-30T00:48:36.672129,Schuhmeierplatz,5,345279
2026-08-30T00:48:36.672129,Schuhmeierplatz,5,345036
2026-08-30T00:48:36.672129,Schuhmeierplatz,5,346391
2026-08-30T00:48:36.672129,Schuhmeierplatz,5,347731
2026-08-30T00:48:36.672129,Schuhmeierplatz,5,349364
2026-08-30T00:48:36.672129,Schönbrunn U,10,345166
2026-08-30T00:48:36.672129,Schönbrunn U,10,345903
2026-08-30T00:48:36.672129,Schönbrunn U,10,346601
2026-08-30T00:48:36.672129,Schönbrunn U,10,347348
2026-08-30T00:48:36.672129,Schönbrunn U,10,347281
2026-08-30T00:48:36.672129,Schönbrunn U,10,347879
2026-08-30T00:48:36.672129,Schönbrunn U,10,347835
2026-08-30T00:48:36.672129,Schönbrunn U,10,348175
2026-08-30T00:48:36.672129,Schönbrunn U,10,348038
2026-08-30T00:48:36.672129,Schönbrunn U,10,398733
2026-08-30T00:48:36.672129,Hermesstraße / Oscar-Straus-Park ,15,345493
2026-08-30T00:48:36.672129,Hermesstraße / Oscar-Straus-Park ,15,345779
2026-08-30T00:48:36.672129,Hermesstraße / Oscar-Straus-Park ,15,346442
2026-08-30T00:48:36.672129,Hermesstraße / Oscar-Straus-Park ,15,346384
2026-08-30T00:48:36.672129,Hermesstraße / Oscar-Straus-Park ,15,347319
2026-08-30T00:48:36.672129,Hermesstraße / Oscar-Straus-Park ,15,347226
2026-08-30T00:48:36.672129,Hermesstraße / Oscar-Straus-Park ,15,347211
2026-08-30T00:48:36.672129,Hermesstraße / Oscar-Straus-Park ,15,347092
2026-08-30T00:48:36.672129,Hermesstraße / Oscar-Straus-Park ,15,347668
2026-08-30T00:48:36.672129,Hermesstraße / Oscar-Straus-Park ,15,348372
2026-08-30T00:48:36.672129,Hermesstraße / Oscar-Straus-Park ,15,348332
2026-08-30T00:48:36.672129,Hermesstraße / Oscar-Straus-Park ,15,398729
2026-08-30T00:48:36.672129,Hermesstraße / Oscar-Straus-Park ,15,349872
2026-08-30T00:48:36.672129,Hermesstraße / Oscar-Straus-Park ,15,349568
2026-08-30T00:48:36.672129,Hermesstraße / Oscar-Straus-Park ,15,349308
2026-08-30T00:48:36.672129,Modecenterstraße / The Marks,20,345944
2026-08-30T00:48:36.672129,Modecenterstraße / The Marks,20,345679
2026-08-30T00:48:36.672129,Modecenterstraße / The Marks,20,346350
2026-08-30T00:48:36.672129,Modecenterstraße / The Marks,20,346758
2026-08-30T00:48:36.672129,Modecenterstraße / The Marks,20,347399
2026-08-30T00:48:36.672129,Modecenterstraße / The Marks,20,347216
2026-08-30T00:48:36.672129,Modecenterstraße / The Marks,20,347851
2026-08-30T00:48:36.672129,Modecenterstraße / The Marks,20,347823
2026-08-30T00:48:36.672129,Modecenterstraße / The Marks,20,347672
2026-08-30T00:48:36.672129,Modecenterstraße / The Marks,20,348209
2026-08-30T00:48:36.672129,Modecenterstraße / The Marks,20,348162
2026-08-30T00:48:36.672129,Modecenterstraße / The Marks,20,398829
2026-08-30T00:48:36.672129,Modecenterstraße / The Marks,20,349888
2026-08-30T00:48:36.672129,Modecenterstraße / The Marks,20,349853
2026-08-30T00:48:36.672129,Modecenterstraße / The Marks,20,349742
2026-08-30T00:48:36.672129,Modecenterstraße / The Marks,20,349716
2026-08-30T00:48:36.672129,Modecenterstraße / The Marks,20,349615
2026-08-30T00:48:36.672129,Modecenterstraße / The Marks,20,349445
2026-08-30T00:48:36.672129,Modecenterstraße / The Marks,20,349432
2026-08-30T00:48:36.672129,Modecenterstraße / The Marks,20,349215
2026-08-30T00:48:36.672129,Am Langen Felde,3,345817
2026-08-30T00:48:36.672129,Am Langen Felde,3,345629
2026-08-30T00:48:36.672129,Am Langen Felde,3,346467
2026-08-30T00:48:36.672129,Pilgramgasse U,12,345477
2026-08-30T00:48:36.672129,Pilgramgasse U,12,345433
2026-08-30T00:48:36.672129,Pilgramgasse U,12,345172
2026-08-30T00:48:36.672129,Pilgramgasse U,12,345760
2026-08-30T00:48:36.672129,Pilgramgasse U,12,346423
2026-08-30T00:48:36.672129,Pilgramgasse U,12,346918
2026-08-30T00:48:36.672129,Pilgramgasse U,12,346782
2026-08-30T00:48:36.672129,Pilgramgasse U,12,347099
2026-08-30T00:48:36.672129,Pilgramgasse U,12,347643
2026-08-30T00:48:36.672129,Pilgramgasse U,12,348229
2026-08-30T00:48:36.672129,Pilgramgasse U,12,348026
2026-08-30T00:48:36.672129,Pilgramgasse U,12,349982
2026-08-30T00:48:36.672129,Purkytgasse ,13,345420
2026-08-30T00:48:36.672129,Purkytgasse ,13,345998
2026-08-30T00:48:36.672129,Purkytgasse ,13,345812
2026-08-30T00:48:36.672129,Purkytgasse ,13,345603
2026-08-30T00:48:36.672129,Purkytgasse ,13,347043
2026-08-30T00:48:36.672129,Purkytgasse ,13,347680
2026-08-30T00:48:36.672129,Purkytgasse ,13,347661
2026-08-30T00:48:36.672129,Purkytgasse ,13,348489
2026-08-30T00:48:36.672129,Purkytgasse ,13,348636
2026-08-30T00:48:36.672129,Purkytgasse ,13,348560
2026-08-30T00:48:36.672129,Purkytgasse ,13,349932
2026-08-30T00:48:36.672129,Purkytgasse ,13,349771
2026-08-30T00:48:36.672129,Purkytgasse ,13,349565
2026-08-30T00:48:36.672129,Neue Donau U,10,345101
2026-08-30T00:48:36.672129,Neue Donau U,10,345951
2026-08-30T00:48:36.672129,Neue Donau U,10,345577
2026-08-30T00:48:36.672129,Neue Donau U,10,346020
2026-08-30T00:48:36.672129,Neue Donau U,10,347625
2026-08-30T00:48:36.672129,Neue Donau U,10,348487
2026-08-30T00:48:36.672129,Neue Donau U,10,348318
2026-08-30T00:48:36.672129,Neue Donau U,10,348007
2026-08-30T00:48:36.672129,Neue Donau U,10,348668
2026-08-30T00:48:36.672129,Neue Donau U,10,348611
2026-08-30T00:48:36.672129,Franz-Josef Bahnhof S,26,345267
2026-08-30T00:48:36.672129,Franz-Josef Bahnhof S,26,345232
2026-08-30T00:48:36.672129,Franz-Josef Bahnhof S,26,345141
2026-08-30T00:48:36.672129,Franz-Josef Bahnhof S,26,345011
2026-08-30T00:48:36.672129,Franz-Josef Bahnhof S,26,345806
2026-08-30T00:48:36.672129,Franz-Josef Bahnhof S,26,345586
2026-08-30T00:48:36.672129,Franz-Josef Bahnhof S,26,346982
2026-08-30T00:48:36.672129,Franz-Josef Bahnhof S,26,346892
2026-08-30T00:48:36.672129,Franz-Josef Bahnhof S,26,346807
2026-08-30T00:48:36.672129,Franz-Josef Bahnhof S,26,346616
2026-08-30T00:48:36.672129,Franz-Josef Bahnhof S,26,346507
2026-08-30T00:48:36.672129,Franz-Josef Bahnhof S,26,347333
2026-08-30T00:48:36.672129,Franz-Josef Bahnhof S,26,347299
2026-08-30T00:48:36.672129,Franz-Josef Bahnhof S,26,347223
2026-08-30T00:48:36.672129,Franz-Josef Bahnhof S,26,347057
2026-08-30T00:48:36.672129,Franz-Josef Bahnhof S,26,347971
2026-08-30T00:48:36.672129,Franz-Josef Bahnhof S,26,347959
2026-08-30T00:48:36.672129,Franz-Josef Bahnhof S,26,347703
2026-08-30T00:48:36.672129,Franz-Josef Bahnhof S,26,348405
2026-08-30T00:48:36.672129,Franz-Josef Bahnhof S,26,348370
2026-08-30T00:48:36.672129,Franz-Josef Bahnhof S,26,348030
2026-08-30T00:48:36.672129,Franz-Josef Bahnhof S,26,348702
2026-08-30T00:48:36.672129,Franz-Josef Bahnhof S,26,348698
2026-08-30T00:48:36.672129,Franz-Josef Bahnhof S,26,348586
2026-08-30T00:48:36.672129,Franz-Josef Bahnhof S,26,348581
2026-08-30T00:48:36.672129,Franz-Josef Bahnhof S,26,349238
2026-08-30T00:48:36.672129,Niederpointenstraße,6,345369
2026-08-30T00:48:36.672129,Niederpointenstraße,6,345749
2026-08-30T00:48:36.672129,Niederpointenstraße,6,346735
2026-08-30T00:48:36.672129,Niederpointenstraße,6,346713
2026-08-30T00:48:36.672129,Niederpointenstraße,6,347419
2026-08-30T00:48:36.672129,Niederpointenstraße,6,347709
2026-08-30T00:48:36.672129,Leopoldauer Platz,9,345483
2026-08-30T00:48:36.672129,Leopoldauer Platz,9,345145
2026-08-30T00:48:36.672129,Leopoldauer Platz,9,346714
2026-08-30T00:48:36.672129,Leopoldauer Platz,9,347406
2026-08-30T00:48:36.672129,Leopoldauer Platz,9,347732
2026-08-30T00:48:36.672129,Leopoldauer Platz,9,348213
2026-08-30T00:48:36.672129,Leopoldauer Platz,9,348659
2026-08-30T00:48:36.672129,Leopoldauer Platz,9,349847
2026-08-30T00:48:36.672129,Leopoldauer Platz,9,349361
2026-08-30T00:48:36.672129,Gewerbepark Stadlau,8,348095
2026-08-30T00:48:36.672129,Gewerbepark Stadlau,8,349951
2026-08-30T00:48:36.672129,Gewerbepark Stadlau,8,349832
2026-08-30T00:48:36.672129,Gewerbepark Stadlau,8,349790
2026-08-30T00:48:36.672129,Gewerbepark Stadlau,8,349590
2026-08-30T00:48:36.672129,Gewerbepark Stadlau,8,349573
2026-08-30T00:48:36.672129,Gewerbepark Stadlau,8,349377
2026-08-30T00:48:36.672129,Gewerbepark Stadlau,8,349358
2026-08-30T00:48:36.672129,Adelheid-Popp-Gasse,17,345208
2026-08-30T00:48:36.672129,Adelheid-Popp-Gasse,17,345956
2026-08-30T00:48:36.672129,Adelheid-Popp-Gasse,17,345923
2026-08-30T00:48:36.672129,Adelheid-Popp-Gasse,17,346316
2026-08-30T00:48:36.672129,Adelheid-Popp-Gasse,17,346150
2026-08-30T00:48:36.672129,Adelheid-Popp-Gasse,17,347481
2026-08-30T00:48:36.672129,Adelheid-Popp-Gasse,17,347456
2026-08-30T00:48:36.672129,Adelheid-Popp-Gasse,17,347775
2026-08-30T00:48:36.672129,Adelheid-Popp-Gasse,17,347719
2026-08-30T00:48:36.672129,Adelheid-Popp-Gasse,17,347667
2026-08-30T00:48:36.672129,Adelheid-Popp-Gasse,17,348334
2026-08-30T00:48:36.672129,Adelheid-Popp-Gasse,17,348220
2026-08-30T00:48:36.672129,Adelheid-Popp-Gasse,17,348114
2026-08-30T00:48:36.672129,Adelheid-Popp-Gasse,17,349912
2026-08-30T00:48:36.672129,Adelheid-Popp-Gasse,17,349892
2026-08-30T00:48:36.672129,Adelheid-Popp-Gasse,17,349745
2026-08-30T00:48:36.672129,Adelheid-Popp-Gasse,17,349222
2026-08-30T00:48:36.672129,Alte Donau U,12,346055
2026-08-30T00:48:36.672129,Alte Donau U,12,346936
2026-08-30T00:48:36.672129,Alte Donau U,12,346821
2026-08-30T00:48:36.672129,Alte Donau U,12,346633
2026-08-30T00:48:36.672129,Alte Donau U,12,347311
2026-08-30T00:48:36.672129,Alte Donau U,12,347776
2026-08-30T00:48:36.672129,Alte Donau U,12,347662
2026-08-30T00:48:36.672129,Alte Donau U,12,348058
2026-08-30T00:48:36.672129,Alte Donau U,12,349643
2026-08-30T00:48:36.672129,Alte Donau U,12,349623
2026-08-30T00:48:36.672129,Alte Donau U,12,349535
2026-08-30T00:48:36.672129,Alte Donau U,12,349446
2026-08-30T00:48:36.672129,Siebenbrunnenfeldgasse,8,346433
2026-08-30T00:48:36.672129,Siebenbrunnenfeldgasse,8,346309
2026-08-30T00:48:36.672129,Siebenbrunnenfeldgasse,8,349843
2026-08-30T00:48:36.672129,Siebenbrunnenfeldgasse,8,349794
2026-08-30T00:48:36.672129,Siebenbrunnenfeldgasse,8,349760
2026-08-30T00:48:36.672129,Siebenbrunnenfeldgasse,8,349547
2026-08-30T00:48:36.672129,Siebenbrunnenfeldgasse,8,349543
2026-08-30T00:48:36.672129,Siebenbrunnenfeldgasse,8,349249
2026-08-30T00:48:36.672129,Technisches Museum,27,345339
2026-08-30T00:48:36.672129,Technisches Museum,27,345700
2026-08-30T00:48:36.672129,Technisches Museum,27,345566
2026-08-30T00:48:36.672129,Technisches Museum,27,345520
2026-08-30T00:48:36.672129,Technisches Museum,27,346479
2026-08-30T00:48:36.672129,Technisches Museum,27,346392
2026-08-30T00:48:36.672129,Technisches Museum,27,346385
2026-08-30T00:48:36.672129,Technisches Museum,27,346370
2026-08-30T00:48:36.672129,Technisches Museum,27,346114
2026-08-30T00:48:36.672129,Technisches Museum,27,346870
2026-08-30T00:48:36.672129,Technisches Museum,27,346806
2026-08-30T00:48:36.672129,Technisches Museum,27,346696
2026-08-30T00:48:36.672129,Technisches Museum,27,346576
2026-08-30T00:48:36.672129,Technisches Museum,27,347395
2026-08-30T00:48:36.672129,Technisches Museum,27,347365
2026-08-30T00:48:36.672129,Technisches Museum,27,347610
2026-08-30T00:48:36.672129,Technisches Museum,27,348316
2026-08-30T00:48:36.672129,Technisches Museum,27,348290
2026-08-30T00:48:36.672129,Technisches Museum,27,348241
2026-08-30T00:48:36.672129,Technisches Museum,27,348203
2026-08-30T00:48:36.672129,Technisches Museum,27,348184
2026-08-30T00:48:36.672129,Technisches Museum,27,348051
2026-08-30T00:48:36.672129,Technisches Museum,27,348650
2026-08-30T00:48:36.672129,Technisches Museum,27,348617
2026-08-30T00:48:36.672129,Technisches Museum,27,348514
2026-08-30T00:48:36.672129,Technisches Museum,27,349704
2026-08-30T00:48:36.672129,Technisches Museum,27,349463
2026-08-30T00:48:36.672129,Währinger Park,10,345598
2026-08-30T00:48:36.672129,Währinger Park,10,346431
2026-08-30T00:48:36.672129,Währinger Park,10,346119
2026-08-30T00:48:36.672129,Währinger Park,10,346928
2026-08-30T00:48:36.672129,Währinger Park,10,346712
2026-08-30T00:48:36.672129,Währinger Park,10,346510
2026-08-30T00:48:36.672129,Währinger Park,10,347032
2026-08-30T00:48:36.672129,Währinger Park,10,347671
2026-08-30T00:48:36.672129,Währinger Park,10,348103
2026-08-30T00:48:36.672129,Währinger Park,10,348589
2026-08-30T00:48:36.672129,Ettenreichgasse / Schulzentrum ,2,346470
2026-08-30T00:48:36.672129,Ettenreichgasse / Schulzentrum ,2,349325
2026-08-30T00:48:36.672129,Wendstattgasse,13,345361
2026-08-30T00:48:36.672129,Wendstattgasse,13,345157
2026-08-30T00:48:36.672129,Wendstattgasse,13,345830
2026-08-30T00:48:36.672129,Wendstattgasse,13,346123
2026-08-30T00:48:36.672129,Wendstattgasse,13,346759
2026-08-30T00:48:36.672129,Wendstattgasse,13,346603
2026-08-30T00:48:36.672129,Wendstattgasse,13,347141
2026-08-30T00:48:36.672129,Wendstattgasse,13,347898
2026-08-30T00:48:36.672129,Wendstattgasse,13,398735
2026-08-30T00:48:36.672129,Wendstattgasse,13,349998
2026-08-30T00:48:36.672129,Wendstattgasse,13,349942
2026-08-30T00:48:36.672129,Wendstattgasse,13,349752
2026-08-30T00:48:36.672129,Wendstattgasse,13,349241
2026-08-30T00:48:36.672129,Neilreichgasse,1,349314
2026-08-30T00:48:36.672129,Gutheil-Schoder-Gasse / Badner Bahn,12,345484
2026-08-30T00:48:36.672129,Gutheil-Schoder-Gasse / Badner Bahn,12,345077
2026-08-30T00:48:36.672129,Gutheil-Schoder-Gasse / Badner Bahn,12,345043
2026-08-30T00:48:36.672129,Gutheil-Schoder-Gasse / Badner Bahn,12,346429
2026-08-30T00:48:36.672129,Gutheil-Schoder-Gasse / Badner Bahn,12,346042
2026-08-30T00:48:36.672129,Gutheil-Schoder-Gasse / Badner Bahn,12,346752
2026-08-30T00:48:36.672129,Gutheil-Schoder-Gasse / Badner Bahn,12,347491
2026-08-30T00:48:36.672129,Gutheil-Schoder-Gasse / Badner Bahn,12,347535
2026-08-30T00:48:36.672129,Gutheil-Schoder-Gasse / Badner Bahn,12,348565
2026-08-30T00:48:36.672129,Gutheil-Schoder-Gasse / Badner Bahn,12,349884
2026-08-30T00:48:36.672129,Gutheil-Schoder-Gasse / Badner Bahn,12,349766
2026-08-30T00:48:36.672129,Gutheil-Schoder-Gasse / Badner Bahn,12,349240
2026-08-30T00:48:36.672129,Neu Leopoldau,4,346920
2026-08-30T00:48:36.672129,Neu Leopoldau,4,347935
2026-08-30T00:48:36.672129,Neu Leopoldau,4,347880
2026-08-30T00:48:36.672129,Neu Leopoldau,4,349479
2026-08-30T00:48:36.672129,Strebersdorf S,17,345194
2026-08-30T00:48:36.672129,Strebersdorf S,17,345727
2026-08-30T00:48:36.672129,Strebersdorf S,17,345716
2026-08-30T00:48:36.672129,Strebersdorf S,17,345627
2026-08-30T00:48:36.672129,Strebersdorf S,17,346363
2026-08-30T00:48:36.672129,Strebersdorf S,17,346252
2026-08-30T00:48:36.672129,Strebersdorf S,17,346140
2026-08-30T00:48:36.672129,Strebersdorf S,17,346965
2026-08-30T00:48:36.672129,Strebersdorf S,17,346927
2026-08-30T00:48:36.672129,Strebersdorf S,17,346583
2026-08-30T00:48:36.672129,Strebersdorf S,17,346557
2026-08-30T00:48:36.672129,Strebersdorf S,17,347012
2026-08-30T00:48:36.672129,Strebersdorf S,17,347522
2026-08-30T00:48:36.672129,Strebersdorf S,17,348080
2026-08-30T00:48:36.672129,Strebersdorf S,17,349919
2026-08-30T00:48:36.672129,Strebersdorf S,17,349640
2026-08-30T00:48:36.672129,Strebersdorf S,17,349258
2026-08-30T00:48:36.672129,Rodlergasse,4,345504
2026-08-30T00:48:36.672129,Rodlergasse,4,348234
2026-08-30T00:48:36.672129,Rodlergasse,4,348687
2026-08-30T00:48:36.672129,Rodlergasse,4,349257
2026-08-30T00:48:36.672129,Nussbaumallee,6,345047
2026-08-30T00:48:36.672129,Nussbaumallee,6,398752
2026-08-30T00:48:36.672129,Nussbaumallee,6,349725
2026-08-30T00:48:36.672129,Nussbaumallee,6,349375
2026-08-30T00:48:36.672129,Nussbaumallee,6,349300
2026-08-30T00:48:36.672129,Nussbaumallee,6,349228
2026-08-30T00:48:36.672129,Raxstraße,7,346323
2026-08-30T00:48:36.672129,Raxstraße,7,346608
2026-08-30T00:48:36.672129,Raxstraße,7,349964
2026-08-30T00:48:36.672129,Raxstraße,7,349955
2026-08-30T00:48:36.672129,Raxstraße,7,349871
2026-08-30T00:48:36.672129,Raxstraße,7,349663
2026-08-30T00:48:36.672129,Raxstraße,7,349251
2026-08-30T00:48:36.672129,Wattmanngasse,15,345906
2026-08-30T00:48:36.672129,Wattmanngasse,15,346901
2026-08-30T00:48:36.672129,Wattmanngasse,15,346511
2026-08-30T00:48:36.672129,Wattmanngasse,15,348248
2026-08-30T00:48:36.672129,Wattmanngasse,15,348034
2026-08-30T00:48:36.672129,Wattmanngasse,15,349969
2026-08-30T00:48:36.672129,Wattmanngasse,15,349897
2026-08-30T00:48:36.672129,Wattmanngasse,15,349803
2026-08-30T00:48:36.672129,Wattmanngasse,15,349754
2026-08-30T00:48:36.672129,Wattmanngasse,15,349705
2026-08-30T00:48:36.672129,Wattmanngasse,15,349677
2026-08-30T00:48:36.672129,Wattmanngasse,15,349566
2026-08-30T00:48:36.672129,Wattmanngasse,15,349435
2026-08-30T00:48:36.672129,Wattmanngasse,15,349350
2026-08-30T00:48:36.672129,Wattmanngasse,15,349285
2026-08-30T00:48:36.672129,Joachimsthaler Platz,1,349606
2026-08-30T00:48:36.672129,Floridsdorfer Markt,15,345201
2026-08-30T00:48:36.672129,Floridsdorfer Markt,15,345608
2026-08-30T00:48:36.672129,Floridsdorfer Markt,15,345579
2026-08-30T00:48:36.672129,Floridsdorfer Markt,15,346390
2026-08-30T00:48:36.672129,Floridsdorfer Markt,15,346021
2026-08-30T00:48:36.672129,Floridsdorfer Markt,15,346538
2026-08-30T00:48:36.672129,Floridsdorfer Markt,15,346518
2026-08-30T00:48:36.672129,Floridsdorfer Markt,15,347042
2026-08-30T00:48:36.672129,Floridsdorfer Markt,15,347018
2026-08-30T00:48:36.672129,Floridsdorfer Markt,15,348343
2026-08-30T00:48:36.672129,Floridsdorfer Markt,15,348701
2026-08-30T00:48:36.672129,Floridsdorfer Markt,15,349785
2026-08-30T00:48:36.672129,Floridsdorfer Markt,15,349395
2026-08-30T00:48:36.672129,Floridsdorfer Markt,15,349379
2026-08-30T00:48:36.672129,Floridsdorfer Markt,15,349210
2026-08-30T00:48:36.672129,Nussdorf S,18,345412
2026-08-30T00:48:36.672129,Nussdorf S,18,345346
2026-08-30T00:48:36.672129,Nussdorf S,18,345035
2026-08-30T00:48:36.672129,Nussdorf S,18,345927
2026-08-30T00:48:36.672129,Nussdorf S,18,345783
2026-08-30T00:48:36.672129,Nussdorf S,18,346389
2026-08-30T00:48:36.672129,Nussdorf S,18,346314
2026-08-30T00:48:36.672129,Nussdorf S,18,346177
2026-08-30T00:48:36.672129,Nussdorf S,18,346997
2026-08-30T00:48:36.672129,Nussdorf S,18,346940
2026-08-30T00:48:36.672129,Nussdorf S,18,346897
2026-08-30T00:48:36.672129,Nussdorf S,18,346811
2026-08-30T00:48:36.672129,Nussdorf S,18,347341
2026-08-30T00:48:36.672129,Nussdorf S,18,347231
2026-08-30T00:48:36.672129,Nussdorf S,18,348303
2026-08-30T00:48:36.672129,Nussdorf S,18,348643
2026-08-30T00:48:36.672129,Nussdorf S,18,398762
2026-08-30T00:48:36.672129,Nussdorf S,18,349828
2026-08-30T00:48:36.672129,Bertha-von-Suttner-Gasse,4,346891
2026-08-30T00:48:36.672129,Bertha-von-Suttner-Gasse,4,348694
2026-08-30T00:48:36.672129,Bertha-von-Suttner-Gasse,4,348654
2026-08-30T00:48:36.672129,Bertha-von-Suttner-Gasse,4,348549
2026-08-30T00:48:36.672129,Hauptbahnhof Ost,3,346183
2026-08-30T00:48:36.672129,Hauptbahnhof Ost,3,346116
2026-08-30T00:48:36.672129,Hauptbahnhof Ost,3,347023
2026-08-30T00:48:36.672129,Hafen Wien,10,345795
2026-08-30T00:48:36.672129,Hafen Wien,10,346496
2026-08-30T00:48:36.672129,Hafen Wien,10,346717
2026-08-30T00:48:36.672129,Hafen Wien,10,346544
2026-08-30T00:48:36.672129,Hafen Wien,10,347153
2026-08-30T00:48:36.672129,Hafen Wien,10,347105
2026-08-30T00:48:36.672129,Hafen Wien,10,347995
2026-08-30T00:48:36.672129,Hafen Wien,10,348709
2026-08-30T00:48:36.672129,Hafen Wien,10,348618
2026-08-30T00:48:36.672129,Hafen Wien,10,398747
2026-08-30T00:48:36.672129,Hundertwasserhaus,15,345295
2026-08-30T00:48:36.672129,Hundertwasserhaus,15,345530
2026-08-30T00:48:36.672129,Hundertwasserhaus,15,346332
2026-08-30T00:48:36.672129,Hundertwasserhaus,15,346308
2026-08-30T00:48:36.672129,Hundertwasserhaus,15,346117
2026-08-30T00:48:36.672129,Hundertwasserhaus,15,346501
2026-08-30T00:48:36.672129,Hundertwasserhaus,15,347343
2026-08-30T00:48:36.672129,Hundertwasserhaus,15,347307
2026-08-30T00:48:36.672129,Hundertwasserhaus,15,348339
2026-08-30T00:48:36.672129,Hundertwasserhaus,15,348131
2026-08-30T00:48:36.672129,Hundertwasserhaus,15,348691
2026-08-30T00:48:36.672129,Hundertwasserhaus,15,348605
2026-08-30T00:48:36.672129,Hundertwasserhaus,15,398821
2026-08-30T00:48:36.672129,Hundertwasserhaus,15,398779
2026-08-30T00:48:36.672129,Hundertwasserhaus,15,349986
2026-08-30T00:48:36.672129,Seestadt U - Lina-Bo-Bardi-Platz,9,345471
2026-08-30T00:48:36.672129,Seestadt U - Lina-Bo-Bardi-Platz,9,345163
2026-08-30T00:48:36.672129,Seestadt U - Lina-Bo-Bardi-Platz,9,345089
2026-08-30T00:48:36.672129,Seestadt U - Lina-Bo-Bardi-Platz,9,346473
2026-08-30T00:48:36.672129,Seestadt U - Lina-Bo-Bardi-Platz,9,346243
2026-08-30T00:48:36.672129,Seestadt U - Lina-Bo-Bardi-Platz,9,346139
2026-08-30T00:48:36.672129,Seestadt U - Lina-Bo-Bardi-Platz,9,346018
2026-08-30T00:48:36.672129,Seestadt U - Lina-Bo-Bardi-Platz,9,347631
2026-08-30T00:48:36.672129,Seestadt U - Lina-Bo-Bardi-Platz,9,348142
2026-08-30T00:48:36.672129,Barbara-Prammer-Allee,4,345056
2026-08-30T00:48:36.672129,Barbara-Prammer-Allee,4,345999
2026-08-30T00:48:36.672129,Barbara-Prammer-Allee,4,345807
2026-08-30T00:48:36.672129,Barbara-Prammer-Allee,4,346991
2026-08-30T00:48:36.672129,Sonnenallee,3,346950
2026-08-30T00:48:36.672129,Sonnenallee,3,348649
2026-08-30T00:48:36.672129,Sonnenallee,3,349739
2026-08-30T00:48:36.672129,AIT Austrian Institute of Technology / Giefinggasse ,3,346098
2026-08-30T00:48:36.672129,AIT Austrian Institute of Technology / Giefinggasse ,3,349750
2026-08-30T00:48:36.672129,AIT Austrian Institute of Technology / Giefinggasse ,3,349333
2026-08-30T00:48:36.672129,Hannovermarkt,9,346196
2026-08-30T00:48:36.672129,Hannovermarkt,9,346874
2026-08-30T00:48:36.672129,Hannovermarkt,9,347474
2026-08-30T00:48:36.672129,Hannovermarkt,9,347174
2026-08-30T00:48:36.672129,Hannovermarkt,9,347700
2026-08-30T00:48:36.672129,Hannovermarkt,9,347659
2026-08-30T00:48:36.672129,Hannovermarkt,9,348311
2026-08-30T00:48:36.672129,Hannovermarkt,9,348061
2026-08-30T00:48:36.672129,Hannovermarkt,9,348029
2026-08-30T00:48:36.672129,Blériotgasse,12,345588
2026-08-30T00:48:36.672129,Blériotgasse,12,346489
2026-08-30T00:48:36.672129,Blériotgasse,12,346421
2026-08-30T00:48:36.672129,Blériotgasse,12,346382
2026-08-30T00:48:36.672129,Blériotgasse,12,346212
2026-08-30T00:48:36.672129,Blériotgasse,12,346007
2026-08-30T00:48:36.672129,Blériotgasse,12,346773
2026-08-30T00:48:36.672129,Blériotgasse,12,346563
2026-08-30T00:48:36.672129,Blériotgasse,12,347171
2026-08-30T00:48:36.672129,Blériotgasse,12,347686
2026-08-30T00:48:36.672129,Blériotgasse,12,348309
2026-08-30T00:48:36.672129,Blériotgasse,12,348152
2026-08-30T00:48:36.672129,Vetmed Haupteingang,4,345051
2026-08-30T00:48:36.672129,Vetmed Haupteingang,4,346737
2026-08-30T00:48:36.672129,Vetmed Haupteingang,4,348680
2026-08-30T00:48:36.672129,Vetmed Haupteingang,4,349557
2026-08-30T00:48:36.672129,Vetmed UB,5,346699
2026-08-30T00:48:36.672129,Vetmed UB,5,346554
2026-08-30T00:48:36.672129,Vetmed UB,5,347711
2026-08-30T00:48:36.672129,Vetmed UB,5,348596
2026-08-30T00:48:36.672129,Vetmed UB,5,398840
2026-08-30T00:48:36.672129,Rebhanngasse / Nordbahnstrasse,23,345226
2026-08-30T00:48:36.672129,Rebhanngasse / Nordbahnstrasse,23,345848
2026-08-30T00:48:36.672129,Rebhanngasse / Nordbahnstrasse,23,345747
2026-08-30T00:48:36.672129,Rebhanngasse / Nordbahnstrasse,23,345660
2026-08-30T00:48:36.672129,Rebhanngasse / Nordbahnstrasse,23,345596
2026-08-30T00:48:36.672129,Rebhanngasse / Nordbahnstrasse,23,346437
2026-08-30T00:48:36.672129,Rebhanngasse / Nordbahnstrasse,23,346415
2026-08-30T00:48:36.672129,Rebhanngasse / Nordbahnstrasse,23,346070
2026-08-30T00:48:36.672129,Rebhanngasse / Nordbahnstrasse,23,346974
2026-08-30T00:48:36.672129,Rebhanngasse / Nordbahnstrasse,23,346931
2026-08-30T00:48:36.672129,Rebhanngasse / Nordbahnstrasse,23,346898
2026-08-30T00:48:36.672129,Rebhanngasse / Nordbahnstrasse,23,346686
2026-08-30T00:48:36.672129,Rebhanngasse / Nordbahnstrasse,23,346577
2026-08-30T00:48:36.672129,Rebhanngasse / Nordbahnstrasse,23,347487
2026-08-30T00:48:36.672129,Rebhanngasse / Nordbahnstrasse,23,347462
2026-08-30T00:48:36.672129,Rebhanngasse / Nordbahnstrasse,23,347324
2026-08-30T00:48:36.672129,Rebhanngasse / Nordbahnstrasse,23,347264
2026-08-30T00:48:36.672129,Rebhanngasse / Nordbahnstrasse,23,347949
2026-08-30T00:48:36.672129,Rebhanngasse / Nordbahnstrasse,23,347914
2026-08-30T00:48:36.672129,Rebhanngasse / Nordbahnstrasse,23,347570
2026-08-30T00:48:36.672129,Rebhanngasse / Nordbahnstrasse,23,348170
2026-08-30T00:48:36.672129,Rebhanngasse / Nordbahnstrasse,23,348062
2026-08-30T00:48:36.672129,Rebhanngasse / Nordbahnstrasse,23,348522
2026-08-30T00:48:36.672129,Nordbahnstrasse,29,345302
2026-08-30T00:48:36.672129,Nordbahnstrasse,29,345283
2026-08-30T00:48:36.672129,Nordbahnstrasse,29,345245
2026-08-30T00:48:36.672129,Nordbahnstrasse,29,345029
2026-08-30T00:48:36.672129,Nordbahnstrasse,29,345625
2026-08-30T00:48:36.672129,Nordbahnstrasse,29,345505
2026-08-30T00:48:36.672129,Nordbahnstrasse,29,346283
2026-08-30T00:48:36.672129,Nordbahnstrasse,29,346266
2026-08-30T00:48:36.672129,Nordbahnstrasse,29,346194
2026-08-30T00:48:36.672129,Nordbahnstrasse,29,346188
2026-08-30T00:48:36.672129,Nordbahnstrasse,29,346095
2026-08-30T00:48:36.672129,Nordbahnstrasse,29,346032
2026-08-30T00:48:36.672129,Nordbahnstrasse,29,346883
2026-08-30T00:48:36.672129,Nordbahnstrasse,29,346856
2026-08-30T00:48:36.672129,Nordbahnstrasse,29,346666
2026-08-30T00:48:36.672129,Nordbahnstrasse,29,346609
2026-08-30T00:48:36.672129,Nordbahnstrasse,29,347394
2026-08-30T00:48:36.672129,Nordbahnstrasse,29,347300
2026-08-30T00:48:36.672129,Nordbahnstrasse,29,347292
2026-08-30T00:48:36.672129,Nordbahnstrasse,29,347290
2026-08-30T00:48:36.672129,Nordbahnstrasse,29,347089
2026-08-30T00:48:36.672129,Nordbahnstrasse,29,347813
2026-08-30T00:48:36.672129,Nordbahnstrasse,29,347724
2026-08-30T00:48:36.672129,Nordbahnstrasse,29,347701
2026-08-30T00:48:36.672129,Nordbahnstrasse,29,347665
2026-08-30T00:48:36.672129,Nordbahnstrasse,29,348275
2026-08-30T00:48:36.672129,Nordbahnstrasse,29,349957
2026-08-30T00:48:36.672129,Nordbahnstrasse,29,349814
2026-08-30T00:48:36.672129,Nordbahnstrasse,29,349740
2026-08-30T00:48:36.672129,Bruno-Pezzey-Weg,5,345550
2026-08-30T00:48:36.672129,Bruno-Pezzey-Weg,5,346082
2026-08-30T00:48:36.672129,Bruno-Pezzey-Weg,5,346967
2026-08-30T00:48:36.672129,Bruno-Pezzey-Weg,5,347013
2026-08-30T00:48:36.672129,Bruno-Pezzey-Weg,5,349291
2026-08-30T00:48:36.672129,Ziegelofengasse / Margaretenstraße,28,345227
2026-08-30T00:48:36.672129,Ziegelofengasse / Margaretenstraße,28,345119
2026-08-30T00:48:36.672129,Ziegelofengasse / Margaretenstraße,28,345952
2026-08-30T00:48:36.672129,Ziegelofengasse / Margaretenstraße,28,345891
2026-08-30T00:48:36.672129,Ziegelofengasse / Margaretenstraße,28,345879
2026-08-30T00:48:36.672129,Ziegelofengasse / Margaretenstraße,28,345866
2026-08-30T00:48:36.672129,Ziegelofengasse / Margaretenstraße,28,345639
2026-08-30T00:48:36.672129,Ziegelofengasse / Margaretenstraße,28,345623
2026-08-30T00:48:36.672129,Ziegelofengasse / Margaretenstraße,28,346468
2026-08-30T00:48:36.672129,Ziegelofengasse / Margaretenstraße,28,346408
2026-08-30T00:48:36.672129,Ziegelofengasse / Margaretenstraße,28,346406
2026-08-30T00:48:36.672129,Ziegelofengasse / Margaretenstraße,28,346277
2026-08-30T00:48:36.672129,Ziegelofengasse / Margaretenstraße,28,346226
2026-08-30T00:48:36.672129,Ziegelofengasse / Margaretenstraße,28,346220
2026-08-30T00:48:36.672129,Ziegelofengasse / Margaretenstraße,28,346219
2026-08-30T00:48:36.672129,Ziegelofengasse / Margaretenstraße,28,346976
2026-08-30T00:48:36.672129,Ziegelofengasse / Margaretenstraße,28,346869
2026-08-30T00:48:36.672129,Ziegelofengasse / Margaretenstraße,28,346703
2026-08-30T00:48:36.672129,Ziegelofengasse / Margaretenstraße,28,347490
2026-08-30T00:48:36.672129,Ziegelofengasse / Margaretenstraße,28,347353
2026-08-30T00:48:36.672129,Ziegelofengasse / Margaretenstraße,28,347082
2026-08-30T00:48:36.672129,Ziegelofengasse / Margaretenstraße,28,347786
2026-08-30T00:48:36.672129,Ziegelofengasse / Margaretenstraße,28,347536
2026-08-30T00:48:36.672129,Ziegelofengasse / Margaretenstraße,28,348488
2026-08-30T00:48:36.672129,Ziegelofengasse / Margaretenstraße,28,348314
2026-08-30T00:48:36.672129,Ziegelofengasse / Margaretenstraße,28,348278
2026-08-30T00:48:36.672129,Ziegelofengasse / Margaretenstraße,28,398824
2026-08-30T00:48:36.672129,Ziegelofengasse / Margaretenstraße,28,398753
2026-08-30T00:48:36.672129,BIKE 345746,1,345746
2026-08-30T00:48:36.672129,BIKE 345417,1,345417
2026-08-30T00:48:36.672129,BIKE 349252,1,349252
2026-08-30T00:48:36.672129,BIKE 349727,1,349727
2026-08-30T00:48:36.672129,BIKE 349947,1,349947
2026-08-30T00:48:36.672129,BIKE 349644,1,349644
2026-08-30T00:48:36.672129,BIKE 349253,1,349253
2026-08-30T00:48:36.672129,BIKE 349941,1,349941
2026-08-30T00:48:36.672129,BIKE 349208,1,349208
2026-08-30T00:48:36.672129,BIKE 349296,1,349296
2026-08-30T00:48:36.672129,BIKE 349353,1,349353
2026-08-30T00:48:36.672129,BIKE 349860,1,349860
2026-08-30T00:48:36.672129,BIKE 349633,1,349633
2026-08-30T00:48:36.672129,BIKE 349774,1,349774
2026-08-30T00:48:36.672129,BIKE 349442,1,349442
2026-08-30T00:48:36.672129,BIKE 349484,1,349484
2026-08-30T00:48:36.672129,BIKE 349368,1,349368
2026-08-30T00:48:36.672129,BIKE 349382,1,349382
2026-08-30T00:48:36.672129,BIKE 349334,1,349334
2026-08-30T00:48:36.672129,BIKE 349819,1,349819
2026-08-30T00:48:36.672129,BIKE 349909,1,349909
2026-08-30T00:48:36.672129,BIKE 349247,1,349247
2026-08-30T00:48:36.672129,BIKE 349594,1,349594
2026-08-30T00:48:36.672129,BIKE 349211,1,349211
2026-08-30T00:48:36.672129,BIKE 349910,1,349910
2026-08-30T00:48:36.672129,BIKE 349917,1,349917
2026-08-30T00:48:36.672129,BIKE 349343,1,349343
2026-08-30T00:48:36.672129,BIKE 349736,1,349736
2026-08-30T00:48:36.672129,BIKE 349903,1,349903
2026-08-30T00:48:36.672129,BIKE 349534,1,349534
2026-08-30T00:48:36.672129,BIKE 349713,1,349713
2026-08-30T00:48:36.672129,BIKE 349232,1,349232
2026-08-30T00:48:36.672129,BIKE 349440,1,349440
2026-08-30T00:48:36.672129,BIKE 349600,1,349600
2026-08-30T00:48:36.672129,BIKE 349770,1,349770
2026-08-30T00:48:36.672129,BIKE 349657,1,349657
2026-08-30T00:48:36.672129,BIKE 349632,1,349632
2026-08-30T00:48:36.672129,BIKE 349214,1,349214
2026-08-30T00:48:36.672129,BIKE 346490,1,346490
2026-08-30T00:48:36.672129,BIKE 347550,1,347550
2026-08-30T00:48:36.672129,BIKE 349810,1,349810
2026-08-30T00:48:36.672129,BIKE 349294,1,349294
2026-08-30T00:48:36.672129,BIKE 349899,1,349899
2026-08-30T00:48:36.672129,BIKE 349915,1,349915
2026-08-30T00:48:36.672129,BIKE 349593,1,349593
2026-08-30T00:48:36.672129,BIKE 349826,1,349826
2026-08-30T00:48:36.672129,BIKE 347143,1,347143
2026-08-30T00:48:36.672129,BIKE 349403,1,349403
2026-08-30T00:48:36.672129,BIKE 349938,1,349938
2026-08-30T00:48:36.672129,BIKE 349335,1,349335
2026-08-30T00:48:36.672129,BIKE 349462,1,349462
2026-08-30T00:48:36.672129,BIKE 349518,1,349518
2026-08-30T00:48:36.672129,BIKE 349701,1,349701
2026-08-30T00:48:36.672129,BIKE 348623,1,348623
2026-08-30T00:48:36.672129,BIKE 349393,1,349393
2026-08-30T00:48:36.672129,recording_357689667,1,349883
2026-08-30T00:48:36.672129,BIKE 349322,1,349322
2026-08-30T00:48:36.672129,BIKE 349868,1,349868
2026-08-30T00:48:36.672129,BIKE 349856,1,349856
2026-08-30T00:48:36.672129,BIKE 349209,1,349209
2026-08-30T00:48:36.672129,BIKE 349916,1,349916
2026-08-30T00:48:36.672129,BIKE 349297,1,349297
2026-08-30T00:48:36.672129,BIKE 349570,1,349570
2026-08-30T00:48:36.672129,BIKE 349961,1,349961
2026-08-30T00:48:36.672129,BIKE 349263,1,349263
2026-08-30T00:48:36.672129,BIKE 349508,1,349508
2026-08-30T00:48:36.672129,BIKE 349563,1,349563
2026-08-30T00:48:36.672129,BIKE 349876,1,349876
2026-08-30T00:48:36.672129,BIKE 345381,1,345381
2026-08-30T00:48:36.672129,BIKE 346182,1,346182
2026-08-30T00:48:36.672129,BIKE 348292,1,348292
2026-08-30T00:48:36.672129,BIKE 349352,1,349352
2026-08-30T00:48:36.672129,BIKE 349936,1,349936
2026-08-30T00:48:36.672129,BIKE 349768,1,349768
2026-08-30T00:48:36.672129,BIKE 347687,1,347687
2026-08-30T00:48:36.672129,BIKE 346602,1,346602
2026-08-30T00:48:36.672129,BIKE 347744,1,347744
2026-08-30T00:48:36.672129,BIKE 347858,1,347858
2026-08-30T00:48:36.672129,BIKE 349747,1,349747
2026-08-30T00:48:36.672129,BIKE 349255,1,349255
2026-08-30T00:48:36.672129,BIKE 349402,1,349402
2026-08-30T00:48:36.672129,BIKE 349696,1,349696
2026-08-30T00:48:36.672129,BIKE 347757,1,347757
2026-08-30T00:48:36.672129,BIKE 345621,1,345621
2026-08-30T00:48:36.672129,BIKE 349416,1,349416
2026-08-30T00:48:36.672129,BIKE 349205,1,349205
2026-08-30T00:48:36.672129,BIKE 349729,1,349729
2026-08-30T00:48:36.672129,BIKE 398845,1,398845
2026-08-30T00:48:36.672129,BIKE 346863,1,346863
2026-08-30T00:48:36.672129,BIKE 346569,1,346569
2026-08-30T00:48:36.672129,BIKE 347656,1,347656
2026-08-30T00:48:36.672129,BIKE 346087,1,346087
2026-08-30T00:48:36.672129,BIKE 349316,1,349316
2026-08-30T00:48:36.672129,BIKE 349221,1,349221
2026-08-30T00:48:36.672129,BIKE 346675,1,346675
2026-08-30T00:48:36.672129,BIKE 349298,1,349298
2026-08-30T00:48:36.672129,BIKE 347401,1,347401
2026-08-30T00:48:36.672129,BIKE 349996,1,349996
2026-08-30T00:48:36.672129,BIKE 349511,1,349511
2026-08-30T00:48:36.672129,BIKE 345041,1,345041
2026-08-30T00:48:36.672129,BIKE 346916,1,346916
2026-08-30T00:48:36.672129,BIKE 346265,1,346265
2026-08-30T00:48:36.672129,BIKE 349426,1,349426
2026-08-30T00:48:36.672129,BIKE 346599,1,346599
2026-08-30T00:48:36.672129,BIKE 348453,1,348453
2026-08-30T00:48:36.672129,BIKE 347875,1,347875
2026-08-30T00:48:36.672129,BIKE 349707,1,349707
2026-08-30T00:48:36.672129,BIKE 345127,1,345127
2026-08-30T00:48:36.672129,BIKE 349778,1,349778
2026-08-30T00:48:36.672129,BIKE 346655,1,346655
2026-08-30T00:48:36.672129,BIKE 347982,1,347982
2026-08-30T00:48:36.672129,BIKE 349648,1,349648
2026-08-30T00:48:36.672129,BIKE 349457,1,349457
2026-08-30T00:48:36.672129,BIKE 346372,1,346372
2026-08-30T00:48:36.672129,BIKE 349787,1,349787
2026-08-30T00:48:36.672129,BIKE 349576,1,349576
2026-08-30T00:48:36.672129,BIKE 345244,1,345244
2026-08-30T00:48:36.672129,BIKE 349295,1,349295
2026-08-30T00:48:36.672129,BIKE 349694,1,349694
2026-08-30T00:48:36.672129,BIKE 345667,1,345667
2026-08-30T00:48:36.672129,BIKE 398810,1,398810
2026-08-30T00:48:36.672129,BIKE 345351,1,345351
2026-08-30T00:48:36.672129,BIKE 347400,1,347400
2026-08-30T00:48:36.672129,BIKE 345492,1,345492
2026-08-30T00:48:36.672129,BIKE 347003,1,347003
2026-08-30T00:48:36.672129,BIKE 349546,1,349546
2026-08-30T00:48:36.672129,BIKE 346233,1,346233
2026-08-30T00:48:36.672129,BIKE 348463,1,348463
2026-08-30T00:48:36.672129,BIKE 349945,1,349945
2026-08-30T00:48:36.672129,BIKE 345862,1,345862
2026-08-30T00:48:36.672129,BIKE 348021,1,348021
2026-08-30T00:48:36.672129,BIKE 346436,1,346436
2026-08-30T00:48:36.672129,BIKE 346214,1,346214
2026-08-30T00:48:36.672129,BIKE 349985,1,349985
2026-08-30T00:48:36.672129,BIKE 345202,1,345202
2026-08-30T00:48:36.672129,BIKE 346236,1,346236
2026-08-30T00:48:36.672129,BIKE 349822,1,349822
2026-08-30T00:48:36.672129,BIKE 345453,1,345453
2026-08-30T00:48:36.672129,BIKE 346575,1,346575
2026-08-30T00:48:36.672129,BIKE 349366,1,349366
2026-08-30T00:48:36.672129,BIKE 349264,1,349264
2026-08-30T00:48:36.672129,BIKE 349233,1,349233
2026-08-30T00:48:36.672129,BIKE 346825,1,346825
2026-08-30T00:48:36.672129,BIKE 349779,1,349779
2026-08-30T00:48:36.672129,BIKE 347212,1,347212
2026-08-30T00:48:36.672129,BIKE 346771,1,346771
2026-08-30T00:48:36.672129,BIKE 347742,1,347742
2026-08-30T00:48:36.672129,BIKE 349439,1,349439
2026-08-30T00:48:36.672129,BIKE 349950,1,349950
2026-08-30T00:48:36.672129,BIKE 348308,1,348308
2026-08-30T00:48:36.672129,BIKE 346061,1,346061
2026-08-30T00:48:36.672129,BIKE 345306,1,345306
2026-08-30T00:48:36.672129,BIKE 346223,1,346223
2026-08-30T00:48:36.672129,BIKE 398813,1,398813
2026-08-30T00:48:36.672129,BIKE 348486,1,348486
2026-08-30T00:48:36.672129,BIKE 347856,1,347856
2026-08-30T00:48:36.672129,BIKE 349454,1,349454
2026-08-30T00:48:36.672129,BIKE 349441,1,349441
2026-08-30T00:48:36.672129,BIKE 349718,1,349718
2026-08-30T00:48:36.672129,BIKE 349585,1,349585
2026-08-30T00:48:36.672129,BIKE 346905,1,346905
2026-08-30T00:48:36.672129,BIKE 347157,1,347157
2026-08-30T00:48:36.672129,BIKE 346325,1,346325
2026-08-30T00:48:36.672129,BIKE 348648,1,348648
2026-08-30T00:48:36.672129,BIKE 349453,1,349453
2026-08-30T00:48:36.672129,BIKE 348437,1,348437
2026-08-30T00:48:36.672129,BIKE 349784,1,349784
2026-08-30T00:48:36.672129,BIKE 398833,1,398833
2026-08-30T00:48:36.672129,BIKE 349399,1,349399
2026-08-30T00:48:36.672129,BIKE 346424,1,346424
2026-08-30T00:48:36.672129,BIKE 349763,1,349763
2026-08-30T00:48:36.672129,BIKE 346434,1,346434
2026-08-30T00:48:36.672129,BIKE 345195,1,345195
2026-08-30T00:48:36.672129,BIKE 347238,1,347238
2026-08-30T00:48:36.672129,BIKE 345916,1,345916
2026-08-30T00:48:36.672129,BIKE 345859,1,345859
2026-08-30T00:48:36.672129,BIKE 349280,1,349280
2026-08-30T00:48:36.672129,BIKE 348251,1,348251
2026-08-30T00:48:36.672129,BIKE 345098,1,345098
2026-08-30T00:48:36.672129,BIKE 349318,1,349318
2026-08-30T00:48:36.672129,BIKE 346092,1,346092
2026-08-30T00:48:36.672129,BIKE 348153,1,348153
2026-08-30T00:48:36.672129,BIKE 347240,1,347240
2026-08-30T00:48:36.672129,BIKE 348188,1,348188
2026-08-30T00:48:36.672129,BIKE 345309,1,345309
2026-08-30T00:48:36.672129,BIKE 349974,1,349974
2026-08-30T00:48:36.672129,BIKE 348600,1,348600
2026-08-30T00:48:36.672129,BIKE 349434,1,349434
2026-08-30T00:48:36.672129,BIKE 348315,1,348315
2026-08-30T00:48:36.672129,BIKE 349562,1,349562
2026-08-30T00:48:36.672129,BIKE 348198,1,348198
2026-08-30T00:48:36.672129,BIKE 349882,1,349882
2026-08-30T00:48:36.672129,BIKE 348157,1,348157
2026-08-30T00:48:36.672129,BIKE 349342,1,349342
2026-08-30T00:48:36.672129,BIKE 345324,1,345324
2026-08-30T00:48:36.672129,BIKE 345322,1,345322
2026-08-30T00:48:36.672129,BIKE 348612,1,348612
2026-08-30T00:48:36.672129,BIKE 347200,1,347200
2026-08-30T00:48:36.672129,BIKE 347515,1,347515
2026-08-30T00:48:36.672129,BIKE 349340,1,349340
2026-08-30T00:48:36.672129,BIKE 348402,1,348402
2026-08-30T00:48:36.672129,BIKE 346274,1,346274
2026-08-30T00:48:36.672129,BIKE 398760,1,398760
2026-08-30T00:48:36.672129,BIKE 345925,1,345925
2026-08-30T00:48:36.672129,BIKE 346932,1,346932
2026-08-30T00:48:36.672129,BIKE 346115,1,346115
2026-08-30T00:48:36.672129,BIKE 348656,1,348656
2026-08-30T00:48:36.672129,BIKE 349279,1,349279
2026-08-30T00:48:36.672129,BIKE 345630,1,345630
2026-08-30T00:48:36.672129,BIKE 348040,1,348040
2026-08-30T00:48:36.672129,BIKE 346044,1,346044
2026-08-30T00:48:36.672129,BIKE 346180,1,346180
2026-08-30T00:48:36.672129,BIKE 346500,1,346500
2026-08-30T00:48:36.672129,BIKE 345129,1,345129
2026-08-30T00:48:36.672129,BIKE 347067,1,347067
2026-08-30T00:48:36.672129,BIKE 346913,1,346913
2026-08-30T00:48:36.672129,BIKE 348394,1,348394
2026-08-30T00:48:36.672129,BIKE 346545,1,346545
2026-08-30T00:48:36.672129,BIKE 349306,1,349306
2026-08-30T00:48:36.672129,BIKE 346128,1,346128
2026-08-30T00:48:36.672129,BIKE 348358,1,348358
2026-08-30T00:48:36.672129,BIKE 347707,1,347707
2026-08-30T00:48:36.672129,BIKE 345479,1,345479
2026-08-30T00:48:36.672129,BIKE 346822,1,346822
2026-08-30T00:48:36.672129,BIKE 347618,1,347618
2026-08-30T00:48:36.672129,BIKE 347769,1,347769
2026-08-30T00:48:36.672129,BIKE 349850,1,349850
2026-08-30T00:48:36.672129,BIKE 348077,1,348077
2026-08-30T00:48:36.672129,BIKE 349588,1,349588
2026-08-30T00:48:36.672129,BIKE 346533,1,346533
2026-08-30T00:48:36.672129,BIKE 346351,1,346351
2026-08-30T00:48:36.672129,BIKE 346836,1,346836
2026-08-30T00:48:36.672129,BIKE 349885,1,349885
2026-08-30T00:48:36.672129,BIKE 348042,1,348042
2026-08-30T00:48:36.672129,BIKE 345980,1,345980
2026-08-30T00:48:36.672129,Bike 346562,1,346562
2026-08-30T00:48:36.672129,BIKE 345063,1,345063
2026-08-30T00:48:36.672129,BIKE 348055,1,348055
2026-08-30T00:48:36.672129,BIKE 345331,1,345331
2026-08-30T00:48:36.672129,BIKE 345895,1,345895
2026-08-30T00:48:36.672129,BIKE 345930,1,345930
2026-08-30T00:48:36.672129,BIKE 345694,1,345694
2026-08-30T00:48:36.672129,BIKE 348480,1,348480
2026-08-30T00:48:36.672129,BIKE 347886,1,347886
2026-08-30T00:48:36.672129,BIKE 346446,1,346446
2026-08-30T00:48:36.672129,BIKE 348003,1,348003
2026-08-30T00:48:36.672129,BIKE 349220,1,349220
2026-08-30T00:48:36.672129,BIKE 347327,1,347327
2026-08-30T00:48:36.672129,BIKE 346172,1,346172
2026-08-30T00:48:36.672129,BIKE 345228,1,345228
2026-08-30T00:48:36.672129,BIKE 345657,1,345657
2026-08-30T00:48:36.672129,BIKE 348082,1,348082
