timestamp,place_name,num_bikes,bike_number
2026-01-23T00:01:14.744691,Julius-Raab-Platz,24,345485
2026-01-23T00:01:14.744691,Julius-Raab-Platz,24,345428
2026-01-23T00:01:14.744691,Julius-Raab-Platz,24,345399
2026-01-23T00:01:14.744691,Julius-Raab-Platz,24,345311
2026-01-23T00:01:14.744691,Julius-Raab-Platz,24,345097
2026-01-23T00:01:14.744691,Julius-Raab-Platz,24,345562
2026-01-23T00:01:14.744691,Julius-Raab-Platz,24,346328
2026-01-23T00:01:14.744691,Julius-Raab-Platz,24,346228
2026-01-23T00:01:14.744691,Julius-Raab-Platz,24,346080
2026-01-23T00:01:14.744691,Julius-Raab-Platz,24,346892
2026-01-23T00:01:14.744691,Julius-Raab-Platz,24,346718
2026-01-23T00:01:14.744691,Julius-Raab-Platz,24,347420
2026-01-23T00:01:14.744691,Julius-Raab-Platz,24,347152
2026-01-23T00:01:14.744691,Julius-Raab-Platz,24,347964
2026-01-23T00:01:14.744691,Julius-Raab-Platz,24,347815
2026-01-23T00:01:14.744691,Julius-Raab-Platz,24,347505
2026-01-23T00:01:14.744691,Julius-Raab-Platz,24,348318
2026-01-23T00:01:14.744691,Julius-Raab-Platz,24,348305
2026-01-23T00:01:14.744691,Julius-Raab-Platz,24,348282
2026-01-23T00:01:14.744691,Julius-Raab-Platz,24,348101
2026-01-23T00:01:14.744691,Julius-Raab-Platz,24,348629
2026-01-23T00:01:14.744691,Julius-Raab-Platz,24,348610
2026-01-23T00:01:14.744691,Julius-Raab-Platz,24,398739
2026-01-23T00:01:14.744691,Julius-Raab-Platz,24,398734
2026-01-23T00:01:14.744691,Hoher Markt,26,345415
2026-01-23T00:01:14.744691,Hoher Markt,26,345368
2026-01-23T00:01:14.744691,Hoher Markt,26,345312
2026-01-23T00:01:14.744691,Hoher Markt,26,345885
2026-01-23T00:01:14.744691,Hoher Markt,26,345830
2026-01-23T00:01:14.744691,Hoher Markt,26,345718
2026-01-23T00:01:14.744691,Hoher Markt,26,345677
2026-01-23T00:01:14.744691,Hoher Markt,26,346407
2026-01-23T00:01:14.744691,Hoher Markt,26,346258
2026-01-23T00:01:14.744691,Hoher Markt,26,346926
2026-01-23T00:01:14.744691,Hoher Markt,26,346689
2026-01-23T00:01:14.744691,Hoher Markt,26,346606
2026-01-23T00:01:14.744691,Hoher Markt,26,347499
2026-01-23T00:01:14.744691,Hoher Markt,26,347378
2026-01-23T00:01:14.744691,Hoher Markt,26,347246
2026-01-23T00:01:14.744691,Hoher Markt,26,347823
2026-01-23T00:01:14.744691,Hoher Markt,26,347770
2026-01-23T00:01:14.744691,Hoher Markt,26,347762
2026-01-23T00:01:14.744691,Hoher Markt,26,348410
2026-01-23T00:01:14.744691,Hoher Markt,26,348344
2026-01-23T00:01:14.744691,Hoher Markt,26,348310
2026-01-23T00:01:14.744691,Hoher Markt,26,348602
2026-01-23T00:01:14.744691,Hoher Markt,26,348563
2026-01-23T00:01:14.744691,Hoher Markt,26,398807
2026-01-23T00:01:14.744691,Hoher Markt,26,398784
2026-01-23T00:01:14.744691,Hoher Markt,26,348923
2026-01-23T00:01:14.744691,Oper,26,345477
2026-01-23T00:01:14.744691,Oper,26,345262
2026-01-23T00:01:14.744691,Oper,26,345188
2026-01-23T00:01:14.744691,Oper,26,345907
2026-01-23T00:01:14.744691,Oper,26,345778
2026-01-23T00:01:14.744691,Oper,26,345653
2026-01-23T00:01:14.744691,Oper,26,345650
2026-01-23T00:01:14.744691,Oper,26,345620
2026-01-23T00:01:14.744691,Oper,26,346359
2026-01-23T00:01:14.744691,Oper,26,346921
2026-01-23T00:01:14.744691,Oper,26,347442
2026-01-23T00:01:14.744691,Oper,26,347080
2026-01-23T00:01:14.744691,Oper,26,347027
2026-01-23T00:01:14.744691,Oper,26,347805
2026-01-23T00:01:14.744691,Oper,26,347782
2026-01-23T00:01:14.744691,Oper,26,347731
2026-01-23T00:01:14.744691,Oper,26,347616
2026-01-23T00:01:14.744691,Oper,26,347610
2026-01-23T00:01:14.744691,Oper,26,347601
2026-01-23T00:01:14.744691,Oper,26,348479
2026-01-23T00:01:14.744691,Oper,26,348206
2026-01-23T00:01:14.744691,Oper,26,348663
2026-01-23T00:01:14.744691,Oper,26,348615
2026-01-23T00:01:14.744691,Oper,26,348545
2026-01-23T00:01:14.744691,Oper,26,398714
2026-01-23T00:01:14.744691,Oper,26,398817
2026-01-23T00:01:14.744691,Volksgarten,9,345333
2026-01-23T00:01:14.744691,Volksgarten,9,345564
2026-01-23T00:01:14.744691,Volksgarten,9,346308
2026-01-23T00:01:14.744691,Volksgarten,9,347341
2026-01-23T00:01:14.744691,Volksgarten,9,347973
2026-01-23T00:01:14.744691,Volksgarten,9,347871
2026-01-23T00:01:14.744691,Volksgarten,9,347743
2026-01-23T00:01:14.744691,Volksgarten,9,347698
2026-01-23T00:01:14.744691,Volksgarten,9,348160
2026-01-23T00:01:14.744691,Stephansplatz U,4,346556
2026-01-23T00:01:14.744691,Stephansplatz U,4,347009
2026-01-23T00:01:14.744691,Stephansplatz U,4,348929
2026-01-23T00:01:14.744691,Stephansplatz U,4,349162
2026-01-23T00:01:14.744691,Taborstraße U,24,345186
2026-01-23T00:01:14.744691,Taborstraße U,24,345117
2026-01-23T00:01:14.744691,Taborstraße U,24,345864
2026-01-23T00:01:14.744691,Taborstraße U,24,345614
2026-01-23T00:01:14.744691,Taborstraße U,24,346476
2026-01-23T00:01:14.744691,Taborstraße U,24,346391
2026-01-23T00:01:14.744691,Taborstraße U,24,346149
2026-01-23T00:01:14.744691,Taborstraße U,24,346019
2026-01-23T00:01:14.744691,Taborstraße U,24,346833
2026-01-23T00:01:14.744691,Taborstraße U,24,346730
2026-01-23T00:01:14.744691,Taborstraße U,24,347486
2026-01-23T00:01:14.744691,Taborstraße U,24,347257
2026-01-23T00:01:14.744691,Taborstraße U,24,347935
2026-01-23T00:01:14.744691,Taborstraße U,24,347915
2026-01-23T00:01:14.744691,Taborstraße U,24,347721
2026-01-23T00:01:14.744691,Taborstraße U,24,347674
2026-01-23T00:01:14.744691,Taborstraße U,24,347652
2026-01-23T00:01:14.744691,Taborstraße U,24,347627
2026-01-23T00:01:14.744691,Taborstraße U,24,347622
2026-01-23T00:01:14.744691,Taborstraße U,24,348190
2026-01-23T00:01:14.744691,Taborstraße U,24,348636
2026-01-23T00:01:14.744691,Taborstraße U,24,348622
2026-01-23T00:01:14.744691,Taborstraße U,24,348584
2026-01-23T00:01:14.744691,Taborstraße U,24,398728
2026-01-23T00:01:14.744691,WU-Campus / Südportalstraße ,9,345056
2026-01-23T00:01:14.744691,WU-Campus / Südportalstraße ,9,346992
2026-01-23T00:01:14.744691,WU-Campus / Südportalstraße ,9,347393
2026-01-23T00:01:14.744691,WU-Campus / Südportalstraße ,9,347769
2026-01-23T00:01:14.744691,WU-Campus / Südportalstraße ,9,347609
2026-01-23T00:01:14.744691,WU-Campus / Südportalstraße ,9,348445
2026-01-23T00:01:14.744691,WU-Campus / Südportalstraße ,9,348152
2026-01-23T00:01:14.744691,WU-Campus / Südportalstraße ,9,348066
2026-01-23T00:01:14.744691,WU-Campus / Südportalstraße ,9,348556
2026-01-23T00:01:14.744691,Erdberg U,31,345421
2026-01-23T00:01:14.744691,Erdberg U,31,345284
2026-01-23T00:01:14.744691,Erdberg U,31,345261
2026-01-23T00:01:14.744691,Erdberg U,31,345248
2026-01-23T00:01:14.744691,Erdberg U,31,345149
2026-01-23T00:01:14.744691,Erdberg U,31,345856
2026-01-23T00:01:14.744691,Erdberg U,31,345779
2026-01-23T00:01:14.744691,Erdberg U,31,346416
2026-01-23T00:01:14.744691,Erdberg U,31,346218
2026-01-23T00:01:14.744691,Erdberg U,31,346098
2026-01-23T00:01:14.744691,Erdberg U,31,346982
2026-01-23T00:01:14.744691,Erdberg U,31,346651
2026-01-23T00:01:14.744691,Erdberg U,31,346612
2026-01-23T00:01:14.744691,Erdberg U,31,347210
2026-01-23T00:01:14.744691,Erdberg U,31,347188
2026-01-23T00:01:14.744691,Erdberg U,31,347030
2026-01-23T00:01:14.744691,Erdberg U,31,347982
2026-01-23T00:01:14.744691,Erdberg U,31,347710
2026-01-23T00:01:14.744691,Erdberg U,31,347659
2026-01-23T00:01:14.744691,Erdberg U,31,348230
2026-01-23T00:01:14.744691,Erdberg U,31,348195
2026-01-23T00:01:14.744691,Erdberg U,31,348127
2026-01-23T00:01:14.744691,Erdberg U,31,348708
2026-01-23T00:01:14.744691,Erdberg U,31,348560
2026-01-23T00:01:14.744691,Erdberg U,31,348543
2026-01-23T00:01:14.744691,Erdberg U,31,398782
2026-01-23T00:01:14.744691,Erdberg U,31,349069
2026-01-23T00:01:14.744691,Erdberg U,31,348942
2026-01-23T00:01:14.744691,Erdberg U,31,348915
2026-01-23T00:01:14.744691,Erdberg U,31,348850
2026-01-23T00:01:14.744691,Erdberg U,31,348825
2026-01-23T00:01:14.744691,Media Quarter Marx,15,346272
2026-01-23T00:01:14.744691,Media Quarter Marx,15,346264
2026-01-23T00:01:14.744691,Media Quarter Marx,15,346215
2026-01-23T00:01:14.744691,Media Quarter Marx,15,346577
2026-01-23T00:01:14.744691,Media Quarter Marx,15,347380
2026-01-23T00:01:14.744691,Media Quarter Marx,15,347168
2026-01-23T00:01:14.744691,Media Quarter Marx,15,347135
2026-01-23T00:01:14.744691,Media Quarter Marx,15,347116
2026-01-23T00:01:14.744691,Media Quarter Marx,15,347756
2026-01-23T00:01:14.744691,Media Quarter Marx,15,348426
2026-01-23T00:01:14.744691,Media Quarter Marx,15,348594
2026-01-23T00:01:14.744691,Media Quarter Marx,15,348569
2026-01-23T00:01:14.744691,Media Quarter Marx,15,398849
2026-01-23T00:01:14.744691,Media Quarter Marx,15,398810
2026-01-23T00:01:14.744691,Media Quarter Marx,15,398775
2026-01-23T00:01:14.744691,Rennweg S,4,346126
2026-01-23T00:01:14.744691,Rennweg S,4,347996
2026-01-23T00:01:14.744691,Rennweg S,4,348928
2026-01-23T00:01:14.744691,Rennweg S,4,348891
2026-01-23T00:01:14.744691,Rochusmarkt,8,345482
2026-01-23T00:01:14.744691,Rochusmarkt,8,345036
2026-01-23T00:01:14.744691,Rochusmarkt,8,346990
2026-01-23T00:01:14.744691,Rochusmarkt,8,346607
2026-01-23T00:01:14.744691,Rochusmarkt,8,347867
2026-01-23T00:01:14.744691,Rochusmarkt,8,398824
2026-01-23T00:01:14.744691,Rochusmarkt,8,349101
2026-01-23T00:01:14.744691,Rochusmarkt,8,348981
2026-01-23T00:01:14.744691,Schwarzenbergplatz,20,345458
2026-01-23T00:01:14.744691,Schwarzenbergplatz,20,345154
2026-01-23T00:01:14.744691,Schwarzenbergplatz,20,345670
2026-01-23T00:01:14.744691,Schwarzenbergplatz,20,346242
2026-01-23T00:01:14.744691,Schwarzenbergplatz,20,346174
2026-01-23T00:01:14.744691,Schwarzenbergplatz,20,346151
2026-01-23T00:01:14.744691,Schwarzenbergplatz,20,346701
2026-01-23T00:01:14.744691,Schwarzenbergplatz,20,346580
2026-01-23T00:01:14.744691,Schwarzenbergplatz,20,346528
2026-01-23T00:01:14.744691,Schwarzenbergplatz,20,347416
2026-01-23T00:01:14.744691,Schwarzenbergplatz,20,347360
2026-01-23T00:01:14.744691,Schwarzenbergplatz,20,347167
2026-01-23T00:01:14.744691,Schwarzenbergplatz,20,347938
2026-01-23T00:01:14.744691,Schwarzenbergplatz,20,347677
2026-01-23T00:01:14.744691,Schwarzenbergplatz,20,347633
2026-01-23T00:01:14.744691,Schwarzenbergplatz,20,347581
2026-01-23T00:01:14.744691,Schwarzenbergplatz,20,347571
2026-01-23T00:01:14.744691,Schwarzenbergplatz,20,348471
2026-01-23T00:01:14.744691,Schwarzenbergplatz,20,348572
2026-01-23T00:01:14.744691,Schwarzenbergplatz,20,398857
2026-01-23T00:01:14.744691,Heumühlgasse,29,345444
2026-01-23T00:01:14.744691,Heumühlgasse,29,345272
2026-01-23T00:01:14.744691,Heumühlgasse,29,345953
2026-01-23T00:01:14.744691,Heumühlgasse,29,345605
2026-01-23T00:01:14.744691,Heumühlgasse,29,345508
2026-01-23T00:01:14.744691,Heumühlgasse,29,346332
2026-01-23T00:01:14.744691,Heumühlgasse,29,346275
2026-01-23T00:01:14.744691,Heumühlgasse,29,346146
2026-01-23T00:01:14.744691,Heumühlgasse,29,346116
2026-01-23T00:01:14.744691,Heumühlgasse,29,346075
2026-01-23T00:01:14.744691,Heumühlgasse,29,346070
2026-01-23T00:01:14.744691,Heumühlgasse,29,346637
2026-01-23T00:01:14.744691,Heumühlgasse,29,346582
2026-01-23T00:01:14.744691,Heumühlgasse,29,346551
2026-01-23T00:01:14.744691,Heumühlgasse,29,347435
2026-01-23T00:01:14.744691,Heumühlgasse,29,347356
2026-01-23T00:01:14.744691,Heumühlgasse,29,347212
2026-01-23T00:01:14.744691,Heumühlgasse,29,347165
2026-01-23T00:01:14.744691,Heumühlgasse,29,347119
2026-01-23T00:01:14.744691,Heumühlgasse,29,347975
2026-01-23T00:01:14.744691,Heumühlgasse,29,347683
2026-01-23T00:01:14.744691,Heumühlgasse,29,347546
2026-01-23T00:01:14.744691,Heumühlgasse,29,347501
2026-01-23T00:01:14.744691,Heumühlgasse,29,347500
2026-01-23T00:01:14.744691,Heumühlgasse,29,348403
2026-01-23T00:01:14.744691,Heumühlgasse,29,348223
2026-01-23T00:01:14.744691,Heumühlgasse,29,348113
2026-01-23T00:01:14.744691,Heumühlgasse,29,348667
2026-01-23T00:01:14.744691,Heumühlgasse,29,349047
2026-01-23T00:01:14.744691,Margaretengürtel U,13,345409
2026-01-23T00:01:14.744691,Margaretengürtel U,13,345165
2026-01-23T00:01:14.744691,Margaretengürtel U,13,345740
2026-01-23T00:01:14.744691,Margaretengürtel U,13,345682
2026-01-23T00:01:14.744691,Margaretengürtel U,13,345572
2026-01-23T00:01:14.744691,Margaretengürtel U,13,346260
2026-01-23T00:01:14.744691,Margaretengürtel U,13,346213
2026-01-23T00:01:14.744691,Margaretengürtel U,13,346648
2026-01-23T00:01:14.744691,Margaretengürtel U,13,346541
2026-01-23T00:01:14.744691,Margaretengürtel U,13,346535
2026-01-23T00:01:14.744691,Margaretengürtel U,13,348664
2026-01-23T00:01:14.744691,Margaretengürtel U,13,398814
2026-01-23T00:01:14.744691,Margaretengürtel U,13,398811
2026-01-23T00:01:14.744691,Mittersteig,17,345300
2026-01-23T00:01:14.744691,Mittersteig,17,345098
2026-01-23T00:01:14.744691,Mittersteig,17,345055
2026-01-23T00:01:14.744691,Mittersteig,17,345806
2026-01-23T00:01:14.744691,Mittersteig,17,345691
2026-01-23T00:01:14.744691,Mittersteig,17,345604
2026-01-23T00:01:14.744691,Mittersteig,17,345582
2026-01-23T00:01:14.744691,Mittersteig,17,346360
2026-01-23T00:01:14.744691,Mittersteig,17,346355
2026-01-23T00:01:14.744691,Mittersteig,17,346230
2026-01-23T00:01:14.744691,Mittersteig,17,346898
2026-01-23T00:01:14.744691,Mittersteig,17,347820
2026-01-23T00:01:14.744691,Mittersteig,17,347708
2026-01-23T00:01:14.744691,Mittersteig,17,347558
2026-01-23T00:01:14.744691,Mittersteig,17,348325
2026-01-23T00:01:14.744691,Mittersteig,17,348165
2026-01-23T00:01:14.744691,Mittersteig,17,348147
2026-01-23T00:01:14.744691,Ceija-Stojka-Platz,3,346785
2026-01-23T00:01:14.744691,Ceija-Stojka-Platz,3,349032
2026-01-23T00:01:14.744691,Ceija-Stojka-Platz,3,349161
2026-01-23T00:01:14.744691,Volkstheater U,24,345463
2026-01-23T00:01:14.744691,Volkstheater U,24,345461
2026-01-23T00:01:14.744691,Volkstheater U,24,345135
2026-01-23T00:01:14.744691,Volkstheater U,24,345838
2026-01-23T00:01:14.744691,Volkstheater U,24,345686
2026-01-23T00:01:14.744691,Volkstheater U,24,345684
2026-01-23T00:01:14.744691,Volkstheater U,24,345600
2026-01-23T00:01:14.744691,Volkstheater U,24,346307
2026-01-23T00:01:14.744691,Volkstheater U,24,346290
2026-01-23T00:01:14.744691,Volkstheater U,24,346536
2026-01-23T00:01:14.744691,Volkstheater U,24,346533
2026-01-23T00:01:14.744691,Volkstheater U,24,347241
2026-01-23T00:01:14.744691,Volkstheater U,24,347207
2026-01-23T00:01:14.744691,Volkstheater U,24,347203
2026-01-23T00:01:14.744691,Volkstheater U,24,347163
2026-01-23T00:01:14.744691,Volkstheater U,24,347992
2026-01-23T00:01:14.744691,Volkstheater U,24,347965
2026-01-23T00:01:14.744691,Volkstheater U,24,347562
2026-01-23T00:01:14.744691,Volkstheater U,24,348270
2026-01-23T00:01:14.744691,Volkstheater U,24,348155
2026-01-23T00:01:14.744691,Volkstheater U,24,348603
2026-01-23T00:01:14.744691,Volkstheater U,24,348595
2026-01-23T00:01:14.744691,Volkstheater U,24,348538
2026-01-23T00:01:14.744691,Volkstheater U,24,349149
2026-01-23T00:01:14.744691,Zieglergasse U,17,345998
2026-01-23T00:01:14.744691,Zieglergasse U,17,345727
2026-01-23T00:01:14.744691,Zieglergasse U,17,346396
2026-01-23T00:01:14.744691,Zieglergasse U,17,346383
2026-01-23T00:01:14.744691,Zieglergasse U,17,346201
2026-01-23T00:01:14.744691,Zieglergasse U,17,346825
2026-01-23T00:01:14.744691,Zieglergasse U,17,346820
2026-01-23T00:01:14.744691,Zieglergasse U,17,346650
2026-01-23T00:01:14.744691,Zieglergasse U,17,346568
2026-01-23T00:01:14.744691,Zieglergasse U,17,347373
2026-01-23T00:01:14.744691,Zieglergasse U,17,347159
2026-01-23T00:01:14.744691,Zieglergasse U,17,347003
2026-01-23T00:01:14.744691,Zieglergasse U,17,347847
2026-01-23T00:01:14.744691,Zieglergasse U,17,348293
2026-01-23T00:01:14.744691,Zieglergasse U,17,348283
2026-01-23T00:01:14.744691,Zieglergasse U,17,348582
2026-01-23T00:01:14.744691,Zieglergasse U,17,348840
2026-01-23T00:01:14.744691,Oskar-Morgenstern-Platz,23,345229
2026-01-23T00:01:14.744691,Oskar-Morgenstern-Platz,23,345157
2026-01-23T00:01:14.744691,Oskar-Morgenstern-Platz,23,345029
2026-01-23T00:01:14.744691,Oskar-Morgenstern-Platz,23,345920
2026-01-23T00:01:14.744691,Oskar-Morgenstern-Platz,23,345576
2026-01-23T00:01:14.744691,Oskar-Morgenstern-Platz,23,346421
2026-01-23T00:01:14.744691,Oskar-Morgenstern-Platz,23,346029
2026-01-23T00:01:14.744691,Oskar-Morgenstern-Platz,23,346691
2026-01-23T00:01:14.744691,Oskar-Morgenstern-Platz,23,346590
2026-01-23T00:01:14.744691,Oskar-Morgenstern-Platz,23,346574
2026-01-23T00:01:14.744691,Oskar-Morgenstern-Platz,23,346502
2026-01-23T00:01:14.744691,Oskar-Morgenstern-Platz,23,347288
2026-01-23T00:01:14.744691,Oskar-Morgenstern-Platz,23,347250
2026-01-23T00:01:14.744691,Oskar-Morgenstern-Platz,23,347174
2026-01-23T00:01:14.744691,Oskar-Morgenstern-Platz,23,347098
2026-01-23T00:01:14.744691,Oskar-Morgenstern-Platz,23,347881
2026-01-23T00:01:14.744691,Oskar-Morgenstern-Platz,23,347843
2026-01-23T00:01:14.744691,Oskar-Morgenstern-Platz,23,347798
2026-01-23T00:01:14.744691,Oskar-Morgenstern-Platz,23,347528
2026-01-23T00:01:14.744691,Oskar-Morgenstern-Platz,23,348275
2026-01-23T00:01:14.744691,Oskar-Morgenstern-Platz,23,348011
2026-01-23T00:01:14.744691,Oskar-Morgenstern-Platz,23,348568
2026-01-23T00:01:14.744691,Oskar-Morgenstern-Platz,23,398841
2026-01-23T00:01:14.744691,Frankhplatz,15,345264
2026-01-23T00:01:14.744691,Frankhplatz,15,345037
2026-01-23T00:01:14.744691,Frankhplatz,15,345983
2026-01-23T00:01:14.744691,Frankhplatz,15,346292
2026-01-23T00:01:14.744691,Frankhplatz,15,346663
2026-01-23T00:01:14.744691,Frankhplatz,15,347428
2026-01-23T00:01:14.744691,Frankhplatz,15,347388
2026-01-23T00:01:14.744691,Frankhplatz,15,347320
2026-01-23T00:01:14.744691,Frankhplatz,15,347296
2026-01-23T00:01:14.744691,Frankhplatz,15,347070
2026-01-23T00:01:14.744691,Frankhplatz,15,347067
2026-01-23T00:01:14.744691,Frankhplatz,15,347021
2026-01-23T00:01:14.744691,Frankhplatz,15,347628
2026-01-23T00:01:14.744691,Frankhplatz,15,347626
2026-01-23T00:01:14.744691,Frankhplatz,15,348059
2026-01-23T00:01:14.744691,Friedensbrücke U,9,345459
2026-01-23T00:01:14.744691,Friedensbrücke U,9,345304
2026-01-23T00:01:14.744691,Friedensbrücke U,9,346265
2026-01-23T00:01:14.744691,Friedensbrücke U,9,346195
2026-01-23T00:01:14.744691,Friedensbrücke U,9,346090
2026-01-23T00:01:14.744691,Friedensbrücke U,9,346949
2026-01-23T00:01:14.744691,Friedensbrücke U,9,346896
2026-01-23T00:01:14.744691,Friedensbrücke U,9,346857
2026-01-23T00:01:14.744691,Friedensbrücke U,9,347379
2026-01-23T00:01:14.744691,Spittelau S U,13,345855
2026-01-23T00:01:14.744691,Spittelau S U,13,345726
2026-01-23T00:01:14.744691,Spittelau S U,13,346450
2026-01-23T00:01:14.744691,Spittelau S U,13,346065
2026-01-23T00:01:14.744691,Spittelau S U,13,346917
2026-01-23T00:01:14.744691,Spittelau S U,13,346832
2026-01-23T00:01:14.744691,Spittelau S U,13,346793
2026-01-23T00:01:14.744691,Spittelau S U,13,347100
2026-01-23T00:01:14.744691,Spittelau S U,13,347824
2026-01-23T00:01:14.744691,Spittelau S U,13,347771
2026-01-23T00:01:14.744691,Spittelau S U,13,348453
2026-01-23T00:01:14.744691,Spittelau S U,13,348021
2026-01-23T00:01:14.744691,Spittelau S U,13,348586
2026-01-23T00:01:14.744691,Absbergbrücke ,26,345270
2026-01-23T00:01:14.744691,Absbergbrücke ,26,345076
2026-01-23T00:01:14.744691,Absbergbrücke ,26,345987
2026-01-23T00:01:14.744691,Absbergbrücke ,26,345967
2026-01-23T00:01:14.744691,Absbergbrücke ,26,345861
2026-01-23T00:01:14.744691,Absbergbrücke ,26,345696
2026-01-23T00:01:14.744691,Absbergbrücke ,26,345639
2026-01-23T00:01:14.744691,Absbergbrücke ,26,346368
2026-01-23T00:01:14.744691,Absbergbrücke ,26,346270
2026-01-23T00:01:14.744691,Absbergbrücke ,26,346970
2026-01-23T00:01:14.744691,Absbergbrücke ,26,346945
2026-01-23T00:01:14.744691,Absbergbrücke ,26,346904
2026-01-23T00:01:14.744691,Absbergbrücke ,26,347094
2026-01-23T00:01:14.744691,Absbergbrücke ,26,347793
2026-01-23T00:01:14.744691,Absbergbrücke ,26,347590
2026-01-23T00:01:14.744691,Absbergbrücke ,26,348159
2026-01-23T00:01:14.744691,Absbergbrücke ,26,348620
2026-01-23T00:01:14.744691,Absbergbrücke ,26,348558
2026-01-23T00:01:14.744691,Absbergbrücke ,26,348521
2026-01-23T00:01:14.744691,Absbergbrücke ,26,349105
2026-01-23T00:01:14.744691,Absbergbrücke ,26,349018
2026-01-23T00:01:14.744691,Absbergbrücke ,26,348896
2026-01-23T00:01:14.744691,Absbergbrücke ,26,348886
2026-01-23T00:01:14.744691,Absbergbrücke ,26,348841
2026-01-23T00:01:14.744691,Absbergbrücke ,26,349157
2026-01-23T00:01:14.744691,Absbergbrücke ,26,349121
2026-01-23T00:01:14.744691,Altes Landgut U,23,345427
2026-01-23T00:01:14.744691,Altes Landgut U,23,345426
2026-01-23T00:01:14.744691,Altes Landgut U,23,345147
2026-01-23T00:01:14.744691,Altes Landgut U,23,345916
2026-01-23T00:01:14.744691,Altes Landgut U,23,345749
2026-01-23T00:01:14.744691,Altes Landgut U,23,346467
2026-01-23T00:01:14.744691,Altes Landgut U,23,346464
2026-01-23T00:01:14.744691,Altes Landgut U,23,346185
2026-01-23T00:01:14.744691,Altes Landgut U,23,346102
2026-01-23T00:01:14.744691,Altes Landgut U,23,346993
2026-01-23T00:01:14.744691,Altes Landgut U,23,346812
2026-01-23T00:01:14.744691,Altes Landgut U,23,346522
2026-01-23T00:01:14.744691,Altes Landgut U,23,347383
2026-01-23T00:01:14.744691,Altes Landgut U,23,347156
2026-01-23T00:01:14.744691,Altes Landgut U,23,347946
2026-01-23T00:01:14.744691,Altes Landgut U,23,347643
2026-01-23T00:01:14.744691,Altes Landgut U,23,347555
2026-01-23T00:01:14.744691,Altes Landgut U,23,348326
2026-01-23T00:01:14.744691,Altes Landgut U,23,348221
2026-01-23T00:01:14.744691,Altes Landgut U,23,348209
2026-01-23T00:01:14.744691,Altes Landgut U,23,348150
2026-01-23T00:01:14.744691,Altes Landgut U,23,348087
2026-01-23T00:01:14.744691,Altes Landgut U,23,348070
2026-01-23T00:01:14.744691,Bloch-Bauer-Promenade,4,346113
2026-01-23T00:01:14.744691,Bloch-Bauer-Promenade,4,347834
2026-01-23T00:01:14.744691,Bloch-Bauer-Promenade,4,348055
2026-01-23T00:01:14.744691,Bloch-Bauer-Promenade,4,348522
2026-01-23T00:01:14.744691,Hauptbahnhof S U ,29,345440
2026-01-23T00:01:14.744691,Hauptbahnhof S U ,29,345389
2026-01-23T00:01:14.744691,Hauptbahnhof S U ,29,345232
2026-01-23T00:01:14.744691,Hauptbahnhof S U ,29,345181
2026-01-23T00:01:14.744691,Hauptbahnhof S U ,29,345085
2026-01-23T00:01:14.744691,Hauptbahnhof S U ,29,345064
2026-01-23T00:01:14.744691,Hauptbahnhof S U ,29,345936
2026-01-23T00:01:14.744691,Hauptbahnhof S U ,29,345931
2026-01-23T00:01:14.744691,Hauptbahnhof S U ,29,345725
2026-01-23T00:01:14.744691,Hauptbahnhof S U ,29,345649
2026-01-23T00:01:14.744691,Hauptbahnhof S U ,29,346323
2026-01-23T00:01:14.744691,Hauptbahnhof S U ,29,346052
2026-01-23T00:01:14.744691,Hauptbahnhof S U ,29,347404
2026-01-23T00:01:14.744691,Hauptbahnhof S U ,29,347215
2026-01-23T00:01:14.744691,Hauptbahnhof S U ,29,347211
2026-01-23T00:01:14.744691,Hauptbahnhof S U ,29,347766
2026-01-23T00:01:14.744691,Hauptbahnhof S U ,29,348074
2026-01-23T00:01:14.744691,Hauptbahnhof S U ,29,348024
2026-01-23T00:01:14.744691,Hauptbahnhof S U ,29,348520
2026-01-23T00:01:14.744691,Hauptbahnhof S U ,29,398829
2026-01-23T00:01:14.744691,Hauptbahnhof S U ,29,349089
2026-01-23T00:01:14.744691,Hauptbahnhof S U ,29,349079
2026-01-23T00:01:14.744691,Hauptbahnhof S U ,29,348917
2026-01-23T00:01:14.744691,Hauptbahnhof S U ,29,348868
2026-01-23T00:01:14.744691,Hauptbahnhof S U ,29,348862
2026-01-23T00:01:14.744691,Hauptbahnhof S U ,29,348855
2026-01-23T00:01:14.744691,Hauptbahnhof S U ,29,348816
2026-01-23T00:01:14.744691,Hauptbahnhof S U ,29,348810
2026-01-23T00:01:14.744691,Hauptbahnhof S U ,29,349155
2026-01-23T00:01:14.744691,Keplerplatz U,6,345388
2026-01-23T00:01:14.744691,Keplerplatz U,6,345258
2026-01-23T00:01:14.744691,Keplerplatz U,6,345137
2026-01-23T00:01:14.744691,Keplerplatz U,6,346448
2026-01-23T00:01:14.744691,Keplerplatz U,6,348232
2026-01-23T00:01:14.744691,Keplerplatz U,6,348802
2026-01-23T00:01:14.744691,Puchsbaumgasse,7,345367
2026-01-23T00:01:14.744691,Puchsbaumgasse,7,345213
2026-01-23T00:01:14.744691,Puchsbaumgasse,7,345061
2026-01-23T00:01:14.744691,Puchsbaumgasse,7,346253
2026-01-23T00:01:14.744691,Puchsbaumgasse,7,346716
2026-01-23T00:01:14.744691,Puchsbaumgasse,7,348345
2026-01-23T00:01:14.744691,Puchsbaumgasse,7,349095
2026-01-23T00:01:14.744691,Enkplatz U,10,345175
2026-01-23T00:01:14.744691,Enkplatz U,10,345676
2026-01-23T00:01:14.744691,Enkplatz U,10,345524
2026-01-23T00:01:14.744691,Enkplatz U,10,346978
2026-01-23T00:01:14.744691,Enkplatz U,10,346836
2026-01-23T00:01:14.744691,Enkplatz U,10,347488
2026-01-23T00:01:14.744691,Enkplatz U,10,347375
2026-01-23T00:01:14.744691,Enkplatz U,10,347519
2026-01-23T00:01:14.744691,Enkplatz U,10,348707
2026-01-23T00:01:14.744691,Enkplatz U,10,348653
2026-01-23T00:01:14.744691,Gasometer U,26,346392
2026-01-23T00:01:14.744691,Gasometer U,26,346177
2026-01-23T00:01:14.744691,Gasometer U,26,346068
2026-01-23T00:01:14.744691,Gasometer U,26,346056
2026-01-23T00:01:14.744691,Gasometer U,26,346002
2026-01-23T00:01:14.744691,Gasometer U,26,346700
2026-01-23T00:01:14.744691,Gasometer U,26,346588
2026-01-23T00:01:14.744691,Gasometer U,26,346553
2026-01-23T00:01:14.744691,Gasometer U,26,346530
2026-01-23T00:01:14.744691,Gasometer U,26,346516
2026-01-23T00:01:14.744691,Gasometer U,26,346506
2026-01-23T00:01:14.744691,Gasometer U,26,347408
2026-01-23T00:01:14.744691,Gasometer U,26,347397
2026-01-23T00:01:14.744691,Gasometer U,26,347227
2026-01-23T00:01:14.744691,Gasometer U,26,347668
2026-01-23T00:01:14.744691,Gasometer U,26,347556
2026-01-23T00:01:14.744691,Gasometer U,26,347525
2026-01-23T00:01:14.744691,Gasometer U,26,348487
2026-01-23T00:01:14.744691,Gasometer U,26,348469
2026-01-23T00:01:14.744691,Gasometer U,26,348374
2026-01-23T00:01:14.744691,Gasometer U,26,348000
2026-01-23T00:01:14.744691,Gasometer U,26,348706
2026-01-23T00:01:14.744691,Gasometer U,26,348705
2026-01-23T00:01:14.744691,Gasometer U,26,348638
2026-01-23T00:01:14.744691,Gasometer U,26,348605
2026-01-23T00:01:14.744691,Gasometer U,26,398771
2026-01-23T00:01:14.744691,Geiselbergstraße S,8,345476
2026-01-23T00:01:14.744691,Geiselbergstraße S,8,345935
2026-01-23T00:01:14.744691,Geiselbergstraße S,8,345743
2026-01-23T00:01:14.744691,Geiselbergstraße S,8,346164
2026-01-23T00:01:14.744691,Geiselbergstraße S,8,346573
2026-01-23T00:01:14.744691,Geiselbergstraße S,8,347256
2026-01-23T00:01:14.744691,Geiselbergstraße S,8,347148
2026-01-23T00:01:14.744691,Geiselbergstraße S,8,348516
2026-01-23T00:01:14.744691,Simmering S U,9,346394
2026-01-23T00:01:14.744691,Simmering S U,9,346284
2026-01-23T00:01:14.744691,Simmering S U,9,346148
2026-01-23T00:01:14.744691,Simmering S U,9,346988
2026-01-23T00:01:14.744691,Simmering S U,9,347339
2026-01-23T00:01:14.744691,Simmering S U,9,347040
2026-01-23T00:01:14.744691,Simmering S U,9,348656
2026-01-23T00:01:14.744691,Simmering S U,9,348601
2026-01-23T00:01:14.744691,Simmering S U,9,348570
2026-01-23T00:01:14.744691,Niederhofstraße U,3,345282
2026-01-23T00:01:14.744691,Niederhofstraße U,3,345515
2026-01-23T00:01:14.744691,Niederhofstraße U,3,398743
2026-01-23T00:01:14.744691,Hietzing U,30,345490
2026-01-23T00:01:14.744691,Hietzing U,30,345443
2026-01-23T00:01:14.744691,Hietzing U,30,345194
2026-01-23T00:01:14.744691,Hietzing U,30,345836
2026-01-23T00:01:14.744691,Hietzing U,30,345632
2026-01-23T00:01:14.744691,Hietzing U,30,345578
2026-01-23T00:01:14.744691,Hietzing U,30,346350
2026-01-23T00:01:14.744691,Hietzing U,30,346314
2026-01-23T00:01:14.744691,Hietzing U,30,346280
2026-01-23T00:01:14.744691,Hietzing U,30,346187
2026-01-23T00:01:14.744691,Hietzing U,30,346060
2026-01-23T00:01:14.744691,Hietzing U,30,346045
2026-01-23T00:01:14.744691,Hietzing U,30,346983
2026-01-23T00:01:14.744691,Hietzing U,30,346902
2026-01-23T00:01:14.744691,Hietzing U,30,346774
2026-01-23T00:01:14.744691,Hietzing U,30,346679
2026-01-23T00:01:14.744691,Hietzing U,30,347059
2026-01-23T00:01:14.744691,Hietzing U,30,347898
2026-01-23T00:01:14.744691,Hietzing U,30,347892
2026-01-23T00:01:14.744691,Hietzing U,30,347888
2026-01-23T00:01:14.744691,Hietzing U,30,347825
2026-01-23T00:01:14.744691,Hietzing U,30,347789
2026-01-23T00:01:14.744691,Hietzing U,30,347560
2026-01-23T00:01:14.744691,Hietzing U,30,348466
2026-01-23T00:01:14.744691,Hietzing U,30,348417
2026-01-23T00:01:14.744691,Hietzing U,30,348281
2026-01-23T00:01:14.744691,Hietzing U,30,348575
2026-01-23T00:01:14.744691,Hietzing U,30,398831
2026-01-23T00:01:14.744691,Hietzing U,30,398744
2026-01-23T00:01:14.744691,Hietzing U,30,348987
2026-01-23T00:01:14.744691,Westbahnhof S U,30,345243
2026-01-23T00:01:14.744691,Westbahnhof S U,30,345159
2026-01-23T00:01:14.744691,Westbahnhof S U,30,345119
2026-01-23T00:01:14.744691,Westbahnhof S U,30,345833
2026-01-23T00:01:14.744691,Westbahnhof S U,30,345822
2026-01-23T00:01:14.744691,Westbahnhof S U,30,345645
2026-01-23T00:01:14.744691,Westbahnhof S U,30,345630
2026-01-23T00:01:14.744691,Westbahnhof S U,30,345577
2026-01-23T00:01:14.744691,Westbahnhof S U,30,345523
2026-01-23T00:01:14.744691,Westbahnhof S U,30,346375
2026-01-23T00:01:14.744691,Westbahnhof S U,30,346209
2026-01-23T00:01:14.744691,Westbahnhof S U,30,346077
2026-01-23T00:01:14.744691,Westbahnhof S U,30,346024
2026-01-23T00:01:14.744691,Westbahnhof S U,30,346015
2026-01-23T00:01:14.744691,Westbahnhof S U,30,346865
2026-01-23T00:01:14.744691,Westbahnhof S U,30,346566
2026-01-23T00:01:14.744691,Westbahnhof S U,30,347405
2026-01-23T00:01:14.744691,Westbahnhof S U,30,347857
2026-01-23T00:01:14.744691,Westbahnhof S U,30,347664
2026-01-23T00:01:14.744691,Westbahnhof S U,30,348406
2026-01-23T00:01:14.744691,Westbahnhof S U,30,348385
2026-01-23T00:01:14.744691,Westbahnhof S U,30,348384
2026-01-23T00:01:14.744691,Westbahnhof S U,30,348333
2026-01-23T00:01:14.744691,Westbahnhof S U,30,348272
2026-01-23T00:01:14.744691,Westbahnhof S U,30,348134
2026-01-23T00:01:14.744691,Westbahnhof S U,30,348131
2026-01-23T00:01:14.744691,Westbahnhof S U,30,348110
2026-01-23T00:01:14.744691,Westbahnhof S U,30,348551
2026-01-23T00:01:14.744691,Westbahnhof S U,30,348540
2026-01-23T00:01:14.744691,Westbahnhof S U,30,348881
2026-01-23T00:01:14.744691,Richard-Wagner-Platz,34,345480
2026-01-23T00:01:14.744691,Richard-Wagner-Platz,34,345407
2026-01-23T00:01:14.744691,Richard-Wagner-Platz,34,345398
2026-01-23T00:01:14.744691,Richard-Wagner-Platz,34,345230
2026-01-23T00:01:14.744691,Richard-Wagner-Platz,34,345129
2026-01-23T00:01:14.744691,Richard-Wagner-Platz,34,345124
2026-01-23T00:01:14.744691,Richard-Wagner-Platz,34,345093
2026-01-23T00:01:14.744691,Richard-Wagner-Platz,34,345016
2026-01-23T00:01:14.744691,Richard-Wagner-Platz,34,345913
2026-01-23T00:01:14.744691,Richard-Wagner-Platz,34,345722
2026-01-23T00:01:14.744691,Richard-Wagner-Platz,34,346376
2026-01-23T00:01:14.744691,Richard-Wagner-Platz,34,346034
2026-01-23T00:01:14.744691,Richard-Wagner-Platz,34,346721
2026-01-23T00:01:14.744691,Richard-Wagner-Platz,34,346717
2026-01-23T00:01:14.744691,Richard-Wagner-Platz,34,346657
2026-01-23T00:01:14.744691,Richard-Wagner-Platz,34,346633
2026-01-23T00:01:14.744691,Richard-Wagner-Platz,34,346501
2026-01-23T00:01:14.744691,Richard-Wagner-Platz,34,347302
2026-01-23T00:01:14.744691,Richard-Wagner-Platz,34,347113
2026-01-23T00:01:14.744691,Richard-Wagner-Platz,34,347035
2026-01-23T00:01:14.744691,Richard-Wagner-Platz,34,347004
2026-01-23T00:01:14.744691,Richard-Wagner-Platz,34,347910
2026-01-23T00:01:14.744691,Richard-Wagner-Platz,34,347887
2026-01-23T00:01:14.744691,Richard-Wagner-Platz,34,347862
2026-01-23T00:01:14.744691,Richard-Wagner-Platz,34,347817
2026-01-23T00:01:14.744691,Richard-Wagner-Platz,34,347733
2026-01-23T00:01:14.744691,Richard-Wagner-Platz,34,347644
2026-01-23T00:01:14.744691,Richard-Wagner-Platz,34,348306
2026-01-23T00:01:14.744691,Richard-Wagner-Platz,34,348231
2026-01-23T00:01:14.744691,Richard-Wagner-Platz,34,348181
2026-01-23T00:01:14.744691,Richard-Wagner-Platz,34,348170
2026-01-23T00:01:14.744691,Richard-Wagner-Platz,34,348108
2026-01-23T00:01:14.744691,Richard-Wagner-Platz,34,348078
2026-01-23T00:01:14.744691,Richard-Wagner-Platz,34,348641
2026-01-23T00:01:14.744691,Alser Straße U,19,345383
2026-01-23T00:01:14.744691,Alser Straße U,19,345924
2026-01-23T00:01:14.744691,Alser Straße U,19,345662
2026-01-23T00:01:14.744691,Alser Straße U,19,345610
2026-01-23T00:01:14.744691,Alser Straße U,19,345593
2026-01-23T00:01:14.744691,Alser Straße U,19,345573
2026-01-23T00:01:14.744691,Alser Straße U,19,345543
2026-01-23T00:01:14.744691,Alser Straße U,19,346312
2026-01-23T00:01:14.744691,Alser Straße U,19,346181
2026-01-23T00:01:14.744691,Alser Straße U,19,346156
2026-01-23T00:01:14.744691,Alser Straße U,19,346947
2026-01-23T00:01:14.744691,Alser Straße U,19,346752
2026-01-23T00:01:14.744691,Alser Straße U,19,346561
2026-01-23T00:01:14.744691,Alser Straße U,19,347432
2026-01-23T00:01:14.744691,Alser Straße U,19,347186
2026-01-23T00:01:14.744691,Alser Straße U,19,347507
2026-01-23T00:01:14.744691,Alser Straße U,19,348266
2026-01-23T00:01:14.744691,Alser Straße U,19,348203
2026-01-23T00:01:14.744691,Alser Straße U,19,348173
2026-01-23T00:01:14.744691,Währinger Straße U,21,345343
2026-01-23T00:01:14.744691,Währinger Straße U,21,345308
2026-01-23T00:01:14.744691,Währinger Straße U,21,345208
2026-01-23T00:01:14.744691,Währinger Straße U,21,345652
2026-01-23T00:01:14.744691,Währinger Straße U,21,345574
2026-01-23T00:01:14.744691,Währinger Straße U,21,346481
2026-01-23T00:01:14.744691,Währinger Straße U,21,346379
2026-01-23T00:01:14.744691,Währinger Straße U,21,346241
2026-01-23T00:01:14.744691,Währinger Straße U,21,346081
2026-01-23T00:01:14.744691,Währinger Straße U,21,346003
2026-01-23T00:01:14.744691,Währinger Straße U,21,346827
2026-01-23T00:01:14.744691,Währinger Straße U,21,347400
2026-01-23T00:01:14.744691,Währinger Straße U,21,347705
2026-01-23T00:01:14.744691,Währinger Straße U,21,347684
2026-01-23T00:01:14.744691,Währinger Straße U,21,347620
2026-01-23T00:01:14.744691,Währinger Straße U,21,348241
2026-01-23T00:01:14.744691,Währinger Straße U,21,348090
2026-01-23T00:01:14.744691,Währinger Straße U,21,348703
2026-01-23T00:01:14.744691,Währinger Straße U,21,348573
2026-01-23T00:01:14.744691,Währinger Straße U,21,349204
2026-01-23T00:01:14.744691,Währinger Straße U,21,349137
2026-01-23T00:01:14.744691,Hardtgasse,10,345868
2026-01-23T00:01:14.744691,Hardtgasse,10,345534
2026-01-23T00:01:14.744691,Hardtgasse,10,346381
2026-01-23T00:01:14.744691,Hardtgasse,10,346370
2026-01-23T00:01:14.744691,Hardtgasse,10,346084
2026-01-23T00:01:14.744691,Hardtgasse,10,346763
2026-01-23T00:01:14.744691,Hardtgasse,10,347265
2026-01-23T00:01:14.744691,Hardtgasse,10,347577
2026-01-23T00:01:14.744691,Hardtgasse,10,348514
2026-01-23T00:01:14.744691,Hardtgasse,10,398777
2026-01-23T00:01:14.744691,Handelskai S U,15,345356
2026-01-23T00:01:14.744691,Handelskai S U,15,345706
2026-01-23T00:01:14.744691,Handelskai S U,15,345656
2026-01-23T00:01:14.744691,Handelskai S U,15,345628
2026-01-23T00:01:14.744691,Handelskai S U,15,346155
2026-01-23T00:01:14.744691,Handelskai S U,15,346125
2026-01-23T00:01:14.744691,Handelskai S U,15,346925
2026-01-23T00:01:14.744691,Handelskai S U,15,346810
2026-01-23T00:01:14.744691,Handelskai S U,15,346662
2026-01-23T00:01:14.744691,Handelskai S U,15,347359
2026-01-23T00:01:14.744691,Handelskai S U,15,347977
2026-01-23T00:01:14.744691,Handelskai S U,15,347647
2026-01-23T00:01:14.744691,Handelskai S U,15,347543
2026-01-23T00:01:14.744691,Handelskai S U,15,347538
2026-01-23T00:01:14.744691,Handelskai S U,15,348296
2026-01-23T00:01:14.744691,Wallensteinplatz,22,345460
2026-01-23T00:01:14.744691,Wallensteinplatz,22,345436
2026-01-23T00:01:14.744691,Wallensteinplatz,22,345433
2026-01-23T00:01:14.744691,Wallensteinplatz,22,345393
2026-01-23T00:01:14.744691,Wallensteinplatz,22,345294
2026-01-23T00:01:14.744691,Wallensteinplatz,22,345205
2026-01-23T00:01:14.744691,Wallensteinplatz,22,345172
2026-01-23T00:01:14.744691,Wallensteinplatz,22,345964
2026-01-23T00:01:14.744691,Wallensteinplatz,22,345585
2026-01-23T00:01:14.744691,Wallensteinplatz,22,345514
2026-01-23T00:01:14.744691,Wallensteinplatz,22,346449
2026-01-23T00:01:14.744691,Wallensteinplatz,22,346349
2026-01-23T00:01:14.744691,Wallensteinplatz,22,346330
2026-01-23T00:01:14.744691,Wallensteinplatz,22,346899
2026-01-23T00:01:14.744691,Wallensteinplatz,22,346643
2026-01-23T00:01:14.744691,Wallensteinplatz,22,346630
2026-01-23T00:01:14.744691,Wallensteinplatz,22,346557
2026-01-23T00:01:14.744691,Wallensteinplatz,22,347200
2026-01-23T00:01:14.744691,Wallensteinplatz,22,347955
2026-01-23T00:01:14.744691,Wallensteinplatz,22,347757
2026-01-23T00:01:14.744691,Wallensteinplatz,22,348268
2026-01-23T00:01:14.744691,Wallensteinplatz,22,398737
2026-01-23T00:01:14.744691,Brünner Straße S,6,346845
2026-01-23T00:01:14.744691,Brünner Straße S,6,346828
2026-01-23T00:01:14.744691,Brünner Straße S,6,347286
2026-01-23T00:01:14.744691,Brünner Straße S,6,348700
2026-01-23T00:01:14.744691,Brünner Straße S,6,398832
2026-01-23T00:01:14.744691,Brünner Straße S,6,348985
2026-01-23T00:01:14.744691,Floridsdorf S U,5,345478
2026-01-23T00:01:14.744691,Floridsdorf S U,5,345759
2026-01-23T00:01:14.744691,Floridsdorf S U,5,348314
2026-01-23T00:01:14.744691,Floridsdorf S U,5,348197
2026-01-23T00:01:14.744691,Floridsdorf S U,5,349173
2026-01-23T00:01:14.744691,Großfeldsiedlung U,9,345997
2026-01-23T00:01:14.744691,Großfeldsiedlung U,9,345697
2026-01-23T00:01:14.744691,Großfeldsiedlung U,9,345509
2026-01-23T00:01:14.744691,Großfeldsiedlung U,9,347437
2026-01-23T00:01:14.744691,Großfeldsiedlung U,9,347332
2026-01-23T00:01:14.744691,Großfeldsiedlung U,9,348193
2026-01-23T00:01:14.744691,Großfeldsiedlung U,9,348614
2026-01-23T00:01:14.744691,Großfeldsiedlung U,9,349040
2026-01-23T00:01:14.744691,Großfeldsiedlung U,9,348947
2026-01-23T00:01:14.744691,Siemensstraße S,12,345366
2026-01-23T00:01:14.744691,Siemensstraße S,12,345288
2026-01-23T00:01:14.744691,Siemensstraße S,12,346296
2026-01-23T00:01:14.744691,Siemensstraße S,12,346276
2026-01-23T00:01:14.744691,Siemensstraße S,12,346708
2026-01-23T00:01:14.744691,Siemensstraße S,12,346690
2026-01-23T00:01:14.744691,Siemensstraße S,12,347277
2026-01-23T00:01:14.744691,Siemensstraße S,12,347005
2026-01-23T00:01:14.744691,Siemensstraße S,12,347816
2026-01-23T00:01:14.744691,Siemensstraße S,12,348026
2026-01-23T00:01:14.744691,Siemensstraße S,12,348016
2026-01-23T00:01:14.744691,Siemensstraße S,12,348598
2026-01-23T00:01:14.744691,Aspernstraße U,10,345451
2026-01-23T00:01:14.744691,Aspernstraße U,10,345022
2026-01-23T00:01:14.744691,Aspernstraße U,10,345019
2026-01-23T00:01:14.744691,Aspernstraße U,10,346498
2026-01-23T00:01:14.744691,Aspernstraße U,10,346745
2026-01-23T00:01:14.744691,Aspernstraße U,10,346740
2026-01-23T00:01:14.744691,Aspernstraße U,10,346545
2026-01-23T00:01:14.744691,Aspernstraße U,10,347463
2026-01-23T00:01:14.744691,Aspernstraße U,10,347939
2026-01-23T00:01:14.744691,Aspernstraße U,10,348259
2026-01-23T00:01:14.744691,Donauspital U,8,345280
2026-01-23T00:01:14.744691,Donauspital U,8,346946
2026-01-23T00:01:14.744691,Donauspital U,8,346788
2026-01-23T00:01:14.744691,Donauspital U,8,346694
2026-01-23T00:01:14.744691,Donauspital U,8,347243
2026-01-23T00:01:14.744691,Donauspital U,8,347988
2026-01-23T00:01:14.744691,Donauspital U,8,348904
2026-01-23T00:01:14.744691,Donauspital U,8,349177
2026-01-23T00:01:14.744691,Erzherzog-Karl-Straße S,11,346199
2026-01-23T00:01:14.744691,Erzherzog-Karl-Straße S,11,346986
2026-01-23T00:01:14.744691,Erzherzog-Karl-Straße S,11,346969
2026-01-23T00:01:14.744691,Erzherzog-Karl-Straße S,11,346791
2026-01-23T00:01:14.744691,Erzherzog-Karl-Straße S,11,347350
2026-01-23T00:01:14.744691,Erzherzog-Karl-Straße S,11,347134
2026-01-23T00:01:14.744691,Erzherzog-Karl-Straße S,11,347636
2026-01-23T00:01:14.744691,Erzherzog-Karl-Straße S,11,348056
2026-01-23T00:01:14.744691,Erzherzog-Karl-Straße S,11,348699
2026-01-23T00:01:14.744691,Erzherzog-Karl-Straße S,11,398733
2026-01-23T00:01:14.744691,Erzherzog-Karl-Straße S,11,349059
2026-01-23T00:01:14.744691,Hausfeldstraße S U,18,345167
2026-01-23T00:01:14.744691,Hausfeldstraße S U,18,346352
2026-01-23T00:01:14.744691,Hausfeldstraße S U,18,346351
2026-01-23T00:01:14.744691,Hausfeldstraße S U,18,346206
2026-01-23T00:01:14.744691,Hausfeldstraße S U,18,346747
2026-01-23T00:01:14.744691,Hausfeldstraße S U,18,346685
2026-01-23T00:01:14.744691,Hausfeldstraße S U,18,347465
2026-01-23T00:01:14.744691,Hausfeldstraße S U,18,347418
2026-01-23T00:01:14.744691,Hausfeldstraße S U,18,347182
2026-01-23T00:01:14.744691,Hausfeldstraße S U,18,347044
2026-01-23T00:01:14.744691,Hausfeldstraße S U,18,347905
2026-01-23T00:01:14.744691,Hausfeldstraße S U,18,347575
2026-01-23T00:01:14.744691,Hausfeldstraße S U,18,348372
2026-01-23T00:01:14.744691,Hausfeldstraße S U,18,348161
2026-01-23T00:01:14.744691,Hausfeldstraße S U,18,348037
2026-01-23T00:01:14.744691,Hausfeldstraße S U,18,348554
2026-01-23T00:01:14.744691,Hausfeldstraße S U,18,348550
2026-01-23T00:01:14.744691,Hausfeldstraße S U,18,398830
2026-01-23T00:01:14.744691,Kagran U,4,346546
2026-01-23T00:01:14.744691,Kagran U,4,348204
2026-01-23T00:01:14.744691,Kagran U,4,348175
2026-01-23T00:01:14.744691,Kagran U,4,348914
2026-01-23T00:01:14.744691,Maria-Tusch-Straße,20,345206
2026-01-23T00:01:14.744691,Maria-Tusch-Straße,20,345919
2026-01-23T00:01:14.744691,Maria-Tusch-Straße,20,345817
2026-01-23T00:01:14.744691,Maria-Tusch-Straße,20,345568
2026-01-23T00:01:14.744691,Maria-Tusch-Straße,20,346491
2026-01-23T00:01:14.744691,Maria-Tusch-Straße,20,346331
2026-01-23T00:01:14.744691,Maria-Tusch-Straße,20,346238
2026-01-23T00:01:14.744691,Maria-Tusch-Straße,20,346232
2026-01-23T00:01:14.744691,Maria-Tusch-Straße,20,346120
2026-01-23T00:01:14.744691,Maria-Tusch-Straße,20,346822
2026-01-23T00:01:14.744691,Maria-Tusch-Straße,20,347399
2026-01-23T00:01:14.744691,Maria-Tusch-Straße,20,347161
2026-01-23T00:01:14.744691,Maria-Tusch-Straße,20,347715
2026-01-23T00:01:14.744691,Maria-Tusch-Straße,20,347623
2026-01-23T00:01:14.744691,Maria-Tusch-Straße,20,347553
2026-01-23T00:01:14.744691,Maria-Tusch-Straße,20,349054
2026-01-23T00:01:14.744691,Maria-Tusch-Straße,20,349015
2026-01-23T00:01:14.744691,Maria-Tusch-Straße,20,348993
2026-01-23T00:01:14.744691,Maria-Tusch-Straße,20,348847
2026-01-23T00:01:14.744691,Maria-Tusch-Straße,20,349186
2026-01-23T00:01:14.744691,Rennbahnweg U,9,345516
2026-01-23T00:01:14.744691,Rennbahnweg U,9,346178
2026-01-23T00:01:14.744691,Rennbahnweg U,9,346007
2026-01-23T00:01:14.744691,Rennbahnweg U,9,346515
2026-01-23T00:01:14.744691,Rennbahnweg U,9,347038
2026-01-23T00:01:14.744691,Rennbahnweg U,9,347716
2026-01-23T00:01:14.744691,Rennbahnweg U,9,348953
2026-01-23T00:01:14.744691,Rennbahnweg U,9,349200
2026-01-23T00:01:14.744691,Rennbahnweg U,9,349183
2026-01-23T00:01:14.744691,Schüttauplatz,2,346456
2026-01-23T00:01:14.744691,Schüttauplatz,2,347122
2026-01-23T00:01:14.744691,Stadlau U,17,345471
2026-01-23T00:01:14.744691,Stadlau U,17,345238
2026-01-23T00:01:14.744691,Stadlau U,17,345660
2026-01-23T00:01:14.744691,Stadlau U,17,345602
2026-01-23T00:01:14.744691,Stadlau U,17,345571
2026-01-23T00:01:14.744691,Stadlau U,17,345558
2026-01-23T00:01:14.744691,Stadlau U,17,346243
2026-01-23T00:01:14.744691,Stadlau U,17,346631
2026-01-23T00:01:14.744691,Stadlau U,17,346559
2026-01-23T00:01:14.744691,Stadlau U,17,347274
2026-01-23T00:01:14.744691,Stadlau U,17,347217
2026-01-23T00:01:14.744691,Stadlau U,17,347896
2026-01-23T00:01:14.744691,Stadlau U,17,347565
2026-01-23T00:01:14.744691,Stadlau U,17,347523
2026-01-23T00:01:14.744691,Stadlau U,17,348340
2026-01-23T00:01:14.744691,Stadlau U,17,348119
2026-01-23T00:01:14.744691,Stadlau U,17,348102
2026-01-23T00:01:14.744691,VIC Kaisermühlen U,2,347933
2026-01-23T00:01:14.744691,VIC Kaisermühlen U,2,349096
2026-01-23T00:01:14.744691,Kagraner Platz U,6,345765
2026-01-23T00:01:14.744691,Kagraner Platz U,6,346699
2026-01-23T00:01:14.744691,Kagraner Platz U,6,347158
2026-01-23T00:01:14.744691,Kagraner Platz U,6,347804
2026-01-23T00:01:14.744691,Kagraner Platz U,6,347521
2026-01-23T00:01:14.744691,Kagraner Platz U,6,348371
2026-01-23T00:01:14.744691,Alterlaa U,23,345313
2026-01-23T00:01:14.744691,Alterlaa U,23,345283
2026-01-23T00:01:14.744691,Alterlaa U,23,345278
2026-01-23T00:01:14.744691,Alterlaa U,23,345166
2026-01-23T00:01:14.744691,Alterlaa U,23,345500
2026-01-23T00:01:14.744691,Alterlaa U,23,346163
2026-01-23T00:01:14.744691,Alterlaa U,23,346032
2026-01-23T00:01:14.744691,Alterlaa U,23,346981
2026-01-23T00:01:14.744691,Alterlaa U,23,346950
2026-01-23T00:01:14.744691,Alterlaa U,23,346655
2026-01-23T00:01:14.744691,Alterlaa U,23,346629
2026-01-23T00:01:14.744691,Alterlaa U,23,346595
2026-01-23T00:01:14.744691,Alterlaa U,23,347018
2026-01-23T00:01:14.744691,Alterlaa U,23,347849
2026-01-23T00:01:14.744691,Alterlaa U,23,348295
2026-01-23T00:01:14.744691,Alterlaa U,23,348273
2026-01-23T00:01:14.744691,Alterlaa U,23,348265
2026-01-23T00:01:14.744691,Alterlaa U,23,348253
2026-01-23T00:01:14.744691,Alterlaa U,23,348250
2026-01-23T00:01:14.744691,Alterlaa U,23,348112
2026-01-23T00:01:14.744691,Alterlaa U,23,348597
2026-01-23T00:01:14.744691,Alterlaa U,23,348555
2026-01-23T00:01:14.744691,Alterlaa U,23,398844
2026-01-23T00:01:14.744691,Bacherplatz,8,345223
2026-01-23T00:01:14.744691,Bacherplatz,8,345883
2026-01-23T00:01:14.744691,Bacherplatz,8,346473
2026-01-23T00:01:14.744691,Bacherplatz,8,346026
2026-01-23T00:01:14.744691,Bacherplatz,8,346532
2026-01-23T00:01:14.744691,Bacherplatz,8,348394
2026-01-23T00:01:14.744691,Bacherplatz,8,348137
2026-01-23T00:01:14.744691,Bacherplatz,8,348049
2026-01-23T00:01:14.744691,Carl-Appel-Straße,11,345306
2026-01-23T00:01:14.744691,Carl-Appel-Straße,11,345892
2026-01-23T00:01:14.744691,Carl-Appel-Straße,11,345739
2026-01-23T00:01:14.744691,Carl-Appel-Straße,11,345709
2026-01-23T00:01:14.744691,Carl-Appel-Straße,11,346540
2026-01-23T00:01:14.744691,Carl-Appel-Straße,11,347679
2026-01-23T00:01:14.744691,Carl-Appel-Straße,11,348341
2026-01-23T00:01:14.744691,Carl-Appel-Straße,11,348299
2026-01-23T00:01:14.744691,Carl-Appel-Straße,11,398731
2026-01-23T00:01:14.744691,Carl-Appel-Straße,11,349088
2026-01-23T00:01:14.744691,Carl-Appel-Straße,11,348952
2026-01-23T00:01:14.744691,Otto-Probst-Platz,7,346808
2026-01-23T00:01:14.744691,Otto-Probst-Platz,7,346550
2026-01-23T00:01:14.744691,Otto-Probst-Platz,7,347454
2026-01-23T00:01:14.744691,Otto-Probst-Platz,7,347013
2026-01-23T00:01:14.744691,Otto-Probst-Platz,7,348534
2026-01-23T00:01:14.744691,Otto-Probst-Platz,7,349150
2026-01-23T00:01:14.744691,Otto-Probst-Platz,7,398869
2026-01-23T00:01:14.744691,Alaudagasse U,11,345266
2026-01-23T00:01:14.744691,Alaudagasse U,11,345933
2026-01-23T00:01:14.744691,Alaudagasse U,11,345544
2026-01-23T00:01:14.744691,Alaudagasse U,11,346494
2026-01-23T00:01:14.744691,Alaudagasse U,11,346300
2026-01-23T00:01:14.744691,Alaudagasse U,11,346616
2026-01-23T00:01:14.744691,Alaudagasse U,11,347895
2026-01-23T00:01:14.744691,Alaudagasse U,11,348441
2026-01-23T00:01:14.744691,Alaudagasse U,11,348294
2026-01-23T00:01:14.744691,Alaudagasse U,11,348172
2026-01-23T00:01:14.744691,Alaudagasse U,11,349039
2026-01-23T00:01:14.744691,Svetelskystraße,5,347398
2026-01-23T00:01:14.744691,Svetelskystraße,5,349077
2026-01-23T00:01:14.744691,Svetelskystraße,5,349052
2026-01-23T00:01:14.744691,Svetelskystraße,5,349043
2026-01-23T00:01:14.744691,Svetelskystraße,5,348815
2026-01-23T00:01:14.744691,Weißenböckstraße,8,346135
2026-01-23T00:01:14.744691,Weißenböckstraße,8,347422
2026-01-23T00:01:14.744691,Weißenböckstraße,8,347774
2026-01-23T00:01:14.744691,Weißenböckstraße,8,347561
2026-01-23T00:01:14.744691,Weißenböckstraße,8,348086
2026-01-23T00:01:14.744691,Weißenböckstraße,8,398819
2026-01-23T00:01:14.744691,Weißenböckstraße,8,398764
2026-01-23T00:01:14.744691,Weißenböckstraße,8,398759
2026-01-23T00:01:14.744691,Zentralfriedhof 2. Tor,9,346165
2026-01-23T00:01:14.744691,Zentralfriedhof 2. Tor,9,347187
2026-01-23T00:01:14.744691,Zentralfriedhof 2. Tor,9,347077
2026-01-23T00:01:14.744691,Zentralfriedhof 2. Tor,9,347775
2026-01-23T00:01:14.744691,Zentralfriedhof 2. Tor,9,347703
2026-01-23T00:01:14.744691,Zentralfriedhof 2. Tor,9,347596
2026-01-23T00:01:14.744691,Zentralfriedhof 2. Tor,9,348075
2026-01-23T00:01:14.744691,Zentralfriedhof 2. Tor,9,349091
2026-01-23T00:01:14.744691,Zentralfriedhof 2. Tor,9,349075
2026-01-23T00:01:14.744691,Simoningplatz,9,345370
2026-01-23T00:01:14.744691,Simoningplatz,9,345570
2026-01-23T00:01:14.744691,Simoningplatz,9,346333
2026-01-23T00:01:14.744691,Simoningplatz,9,347149
2026-01-23T00:01:14.744691,Simoningplatz,9,347755
2026-01-23T00:01:14.744691,Simoningplatz,9,347676
2026-01-23T00:01:14.744691,Simoningplatz,9,348444
2026-01-23T00:01:14.744691,Simoningplatz,9,348111
2026-01-23T00:01:14.744691,Simoningplatz,9,398756
2026-01-23T00:01:14.744691,Etrichstraße,7,345182
2026-01-23T00:01:14.744691,Etrichstraße,7,345954
2026-01-23T00:01:14.744691,Etrichstraße,7,345780
2026-01-23T00:01:14.744691,Etrichstraße,7,346852
2026-01-23T00:01:14.744691,Etrichstraße,7,347105
2026-01-23T00:01:14.744691,Etrichstraße,7,348400
2026-01-23T00:01:14.744691,Etrichstraße,7,348535
2026-01-23T00:01:14.744691,Zippererstraße U,8,345784
2026-01-23T00:01:14.744691,Zippererstraße U,8,345536
2026-01-23T00:01:14.744691,Zippererstraße U,8,346831
2026-01-23T00:01:14.744691,Zippererstraße U,8,346547
2026-01-23T00:01:14.744691,Zippererstraße U,8,347142
2026-01-23T00:01:14.744691,Zippererstraße U,8,347614
2026-01-23T00:01:14.744691,Zippererstraße U,8,348202
2026-01-23T00:01:14.744691,Zippererstraße U,8,349017
2026-01-23T00:01:14.744691,Hetzendorf S,11,345199
2026-01-23T00:01:14.744691,Hetzendorf S,11,345872
2026-01-23T00:01:14.744691,Hetzendorf S,11,346236
2026-01-23T00:01:14.744691,Hetzendorf S,11,346997
2026-01-23T00:01:14.744691,Hetzendorf S,11,346703
2026-01-23T00:01:14.744691,Hetzendorf S,11,347011
2026-01-23T00:01:14.744691,Hetzendorf S,11,347839
2026-01-23T00:01:14.744691,Hetzendorf S,11,348378
2026-01-23T00:01:14.744691,Hetzendorf S,11,348907
2026-01-23T00:01:14.744691,Hetzendorf S,11,348803
2026-01-23T00:01:14.744691,Hetzendorf S,11,349203
2026-01-23T00:01:14.744691,Gatterhölzl,10,345291
2026-01-23T00:01:14.744691,Gatterhölzl,10,346439
2026-01-23T00:01:14.744691,Gatterhölzl,10,346411
2026-01-23T00:01:14.744691,Gatterhölzl,10,348443
2026-01-23T00:01:14.744691,Gatterhölzl,10,348356
2026-01-23T00:01:14.744691,Gatterhölzl,10,348192
2026-01-23T00:01:14.744691,Gatterhölzl,10,348109
2026-01-23T00:01:14.744691,Gatterhölzl,10,348676
2026-01-23T00:01:14.744691,Gatterhölzl,10,348666
2026-01-23T00:01:14.744691,Gatterhölzl,10,348829
2026-01-23T00:01:14.744691,Speising S,9,346207
2026-01-23T00:01:14.744691,Speising S,9,347197
2026-01-23T00:01:14.744691,Speising S,9,347792
2026-01-23T00:01:14.744691,Speising S,9,347547
2026-01-23T00:01:14.744691,Speising S,9,348045
2026-01-23T00:01:14.744691,Speising S,9,348692
2026-01-23T00:01:14.744691,Speising S,9,348580
2026-01-23T00:01:14.744691,Speising S,9,348531
2026-01-23T00:01:14.744691,Speising S,9,398850
2026-01-23T00:01:14.744691,Hasnerstraße / Hofferplatz,19,345934
2026-01-23T00:01:14.744691,Hasnerstraße / Hofferplatz,19,345842
2026-01-23T00:01:14.744691,Hasnerstraße / Hofferplatz,19,345690
2026-01-23T00:01:14.744691,Hasnerstraße / Hofferplatz,19,345519
2026-01-23T00:01:14.744691,Hasnerstraße / Hofferplatz,19,346935
2026-01-23T00:01:14.744691,Hasnerstraße / Hofferplatz,19,346818
2026-01-23T00:01:14.744691,Hasnerstraße / Hofferplatz,19,346817
2026-01-23T00:01:14.744691,Hasnerstraße / Hofferplatz,19,346696
2026-01-23T00:01:14.744691,Hasnerstraße / Hofferplatz,19,347202
2026-01-23T00:01:14.744691,Hasnerstraße / Hofferplatz,19,347118
2026-01-23T00:01:14.744691,Hasnerstraße / Hofferplatz,19,347568
2026-01-23T00:01:14.744691,Hasnerstraße / Hofferplatz,19,348456
2026-01-23T00:01:14.744691,Hasnerstraße / Hofferplatz,19,348247
2026-01-23T00:01:14.744691,Hasnerstraße / Hofferplatz,19,348237
2026-01-23T00:01:14.744691,Hasnerstraße / Hofferplatz,19,348229
2026-01-23T00:01:14.744691,Hasnerstraße / Hofferplatz,19,348042
2026-01-23T00:01:14.744691,Hasnerstraße / Hofferplatz,19,398842
2026-01-23T00:01:14.744691,Hasnerstraße / Hofferplatz,19,348983
2026-01-23T00:01:14.744691,Hasnerstraße / Hofferplatz,19,348890
2026-01-23T00:01:14.744691,Nietzscheplatz,13,345411
2026-01-23T00:01:14.744691,Nietzscheplatz,13,345332
2026-01-23T00:01:14.744691,Nietzscheplatz,13,345730
2026-01-23T00:01:14.744691,Nietzscheplatz,13,345719
2026-01-23T00:01:14.744691,Nietzscheplatz,13,346480
2026-01-23T00:01:14.744691,Nietzscheplatz,13,346119
2026-01-23T00:01:14.744691,Nietzscheplatz,13,346984
2026-01-23T00:01:14.744691,Nietzscheplatz,13,346719
2026-01-23T00:01:14.744691,Nietzscheplatz,13,347291
2026-01-23T00:01:14.744691,Nietzscheplatz,13,347773
2026-01-23T00:01:14.744691,Nietzscheplatz,13,348482
2026-01-23T00:01:14.744691,Nietzscheplatz,13,348036
2026-01-23T00:01:14.744691,Nietzscheplatz,13,348687
2026-01-23T00:01:14.744691,Wattgasse,30,345483
2026-01-23T00:01:14.744691,Wattgasse,30,345252
2026-01-23T00:01:14.744691,Wattgasse,30,345109
2026-01-23T00:01:14.744691,Wattgasse,30,345966
2026-01-23T00:01:14.744691,Wattgasse,30,345876
2026-01-23T00:01:14.744691,Wattgasse,30,345810
2026-01-23T00:01:14.744691,Wattgasse,30,345679
2026-01-23T00:01:14.744691,Wattgasse,30,345678
2026-01-23T00:01:14.744691,Wattgasse,30,346412
2026-01-23T00:01:14.744691,Wattgasse,30,346173
2026-01-23T00:01:14.744691,Wattgasse,30,346121
2026-01-23T00:01:14.744691,Wattgasse,30,346115
2026-01-23T00:01:14.744691,Wattgasse,30,346976
2026-01-23T00:01:14.744691,Wattgasse,30,346783
2026-01-23T00:01:14.744691,Wattgasse,30,346776
2026-01-23T00:01:14.744691,Wattgasse,30,346714
2026-01-23T00:01:14.744691,Wattgasse,30,346659
2026-01-23T00:01:14.744691,Wattgasse,30,346558
2026-01-23T00:01:14.744691,Wattgasse,30,347270
2026-01-23T00:01:14.744691,Wattgasse,30,347051
2026-01-23T00:01:14.744691,Wattgasse,30,347991
2026-01-23T00:01:14.744691,Wattgasse,30,347981
2026-01-23T00:01:14.744691,Wattgasse,30,347976
2026-01-23T00:01:14.744691,Wattgasse,30,347854
2026-01-23T00:01:14.744691,Wattgasse,30,347663
2026-01-23T00:01:14.744691,Wattgasse,30,347619
2026-01-23T00:01:14.744691,Wattgasse,30,347534
2026-01-23T00:01:14.744691,Wattgasse,30,348212
2026-01-23T00:01:14.744691,Wattgasse,30,348578
2026-01-23T00:01:14.744691,Wattgasse,30,398760
2026-01-23T00:01:14.744691,Oberdöbling S,9,345349
2026-01-23T00:01:14.744691,Oberdöbling S,9,345958
2026-01-23T00:01:14.744691,Oberdöbling S,9,345862
2026-01-23T00:01:14.744691,Oberdöbling S,9,346486
2026-01-23T00:01:14.744691,Oberdöbling S,9,346431
2026-01-23T00:01:14.744691,Oberdöbling S,9,346910
2026-01-23T00:01:14.744691,Oberdöbling S,9,347386
2026-01-23T00:01:14.744691,Oberdöbling S,9,348121
2026-01-23T00:01:14.744691,Oberdöbling S,9,348619
2026-01-23T00:01:14.744691,Kantnergasse,14,345481
2026-01-23T00:01:14.744691,Kantnergasse,14,345431
2026-01-23T00:01:14.744691,Kantnergasse,14,345391
2026-01-23T00:01:14.744691,Kantnergasse,14,345625
2026-01-23T00:01:14.744691,Kantnergasse,14,346684
2026-01-23T00:01:14.744691,Kantnergasse,14,347007
2026-01-23T00:01:14.744691,Kantnergasse,14,347940
2026-01-23T00:01:14.744691,Kantnergasse,14,347761
2026-01-23T00:01:14.744691,Kantnergasse,14,348353
2026-01-23T00:01:14.744691,Kantnergasse,14,348287
2026-01-23T00:01:14.744691,Kantnergasse,14,348220
2026-01-23T00:01:14.744691,Kantnergasse,14,348185
2026-01-23T00:01:14.744691,Kantnergasse,14,348103
2026-01-23T00:01:14.744691,Kantnergasse,14,398800
2026-01-23T00:01:14.744691,Leopoldau S U,5,346158
2026-01-23T00:01:14.744691,Leopoldau S U,5,347279
2026-01-23T00:01:14.744691,Leopoldau S U,5,347254
2026-01-23T00:01:14.744691,Leopoldau S U,5,348963
2026-01-23T00:01:14.744691,Leopoldau S U,5,349191
2026-01-23T00:01:14.744691,Josef-Baumann-Gasse,11,345438
2026-01-23T00:01:14.744691,Josef-Baumann-Gasse,11,345852
2026-01-23T00:01:14.744691,Josef-Baumann-Gasse,11,346134
2026-01-23T00:01:14.744691,Josef-Baumann-Gasse,11,346805
2026-01-23T00:01:14.744691,Josef-Baumann-Gasse,11,347434
2026-01-23T00:01:14.744691,Josef-Baumann-Gasse,11,347222
2026-01-23T00:01:14.744691,Josef-Baumann-Gasse,11,348485
2026-01-23T00:01:14.744691,Josef-Baumann-Gasse,11,348373
2026-01-23T00:01:14.744691,Josef-Baumann-Gasse,11,348243
2026-01-23T00:01:14.744691,Josef-Baumann-Gasse,11,348006
2026-01-23T00:01:14.744691,Josef-Baumann-Gasse,11,398741
2026-01-23T00:01:14.744691,Fultonstraße,12,345028
2026-01-23T00:01:14.744691,Fultonstraße,12,346266
2026-01-23T00:01:14.744691,Fultonstraße,12,346262
2026-01-23T00:01:14.744691,Fultonstraße,12,346874
2026-01-23T00:01:14.744691,Fultonstraße,12,347335
2026-01-23T00:01:14.744691,Fultonstraße,12,347848
2026-01-23T00:01:14.744691,Fultonstraße,12,347838
2026-01-23T00:01:14.744691,Fultonstraße,12,348329
2026-01-23T00:01:14.744691,Fultonstraße,12,348138
2026-01-23T00:01:14.744691,Fultonstraße,12,348607
2026-01-23T00:01:14.744691,Fultonstraße,12,348887
2026-01-23T00:01:14.744691,Fultonstraße,12,349117
2026-01-23T00:01:14.744691,Hopfengasse,5,346807
2026-01-23T00:01:14.744691,Hopfengasse,5,347828
2026-01-23T00:01:14.744691,Hopfengasse,5,347680
2026-01-23T00:01:14.744691,Hopfengasse,5,347654
2026-01-23T00:01:14.744691,Hopfengasse,5,348390
2026-01-23T00:01:14.744691,Jedlesee / Bellgasse,10,345539
2026-01-23T00:01:14.744691,Jedlesee / Bellgasse,10,346495
2026-01-23T00:01:14.744691,Jedlesee / Bellgasse,10,347390
2026-01-23T00:01:14.744691,Jedlesee / Bellgasse,10,347986
2026-01-23T00:01:14.744691,Jedlesee / Bellgasse,10,347837
2026-01-23T00:01:14.744691,Jedlesee / Bellgasse,10,347833
2026-01-23T00:01:14.744691,Jedlesee / Bellgasse,10,347822
2026-01-23T00:01:14.744691,Jedlesee / Bellgasse,10,347524
2026-01-23T00:01:14.744691,Jedlesee / Bellgasse,10,348226
2026-01-23T00:01:14.744691,Jedlesee / Bellgasse,10,398804
2026-01-23T00:01:14.744691,Jedleseer Friedhof,10,345220
2026-01-23T00:01:14.744691,Jedleseer Friedhof,10,345026
2026-01-23T00:01:14.744691,Jedleseer Friedhof,10,346496
2026-01-23T00:01:14.744691,Jedleseer Friedhof,10,346427
2026-01-23T00:01:14.744691,Jedleseer Friedhof,10,346037
2026-01-23T00:01:14.744691,Jedleseer Friedhof,10,346991
2026-01-23T00:01:14.744691,Jedleseer Friedhof,10,347268
2026-01-23T00:01:14.744691,Jedleseer Friedhof,10,347682
2026-01-23T00:01:14.744691,Jedleseer Friedhof,10,348144
2026-01-23T00:01:14.744691,Jedleseer Friedhof,10,348670
2026-01-23T00:01:14.744691,Strebersdorf / Edmund-Hawranek-Platz,11,345340
2026-01-23T00:01:14.744691,Strebersdorf / Edmund-Hawranek-Platz,11,345331
2026-01-23T00:01:14.744691,Strebersdorf / Edmund-Hawranek-Platz,11,345271
2026-01-23T00:01:14.744691,Strebersdorf / Edmund-Hawranek-Platz,11,345792
2026-01-23T00:01:14.744691,Strebersdorf / Edmund-Hawranek-Platz,11,346440
2026-01-23T00:01:14.744691,Strebersdorf / Edmund-Hawranek-Platz,11,346150
2026-01-23T00:01:14.744691,Strebersdorf / Edmund-Hawranek-Platz,11,346048
2026-01-23T00:01:14.744691,Strebersdorf / Edmund-Hawranek-Platz,11,346837
2026-01-23T00:01:14.744691,Strebersdorf / Edmund-Hawranek-Platz,11,347143
2026-01-23T00:01:14.744691,Strebersdorf / Edmund-Hawranek-Platz,11,348478
2026-01-23T00:01:14.744691,Strebersdorf / Edmund-Hawranek-Platz,11,348096
2026-01-23T00:01:14.744691,Kagraner Anger,14,345168
2026-01-23T00:01:14.744691,Kagraner Anger,14,345164
2026-01-23T00:01:14.744691,Kagraner Anger,14,345901
2026-01-23T00:01:14.744691,Kagraner Anger,14,345795
2026-01-23T00:01:14.744691,Kagraner Anger,14,345567
2026-01-23T00:01:14.744691,Kagraner Anger,14,345548
2026-01-23T00:01:14.744691,Kagraner Anger,14,345501
2026-01-23T00:01:14.744691,Kagraner Anger,14,346589
2026-01-23T00:01:14.744691,Kagraner Anger,14,346555
2026-01-23T00:01:14.744691,Kagraner Anger,14,347153
2026-01-23T00:01:14.744691,Kagraner Anger,14,347806
2026-01-23T00:01:14.744691,Kagraner Anger,14,347584
2026-01-23T00:01:14.744691,Kagraner Anger,14,348304
2026-01-23T00:01:14.744691,Kagraner Anger,14,348278
2026-01-23T00:01:14.744691,Stavangergasse,9,345464
2026-01-23T00:01:14.744691,Stavangergasse,9,345227
2026-01-23T00:01:14.744691,Stavangergasse,9,345504
2026-01-23T00:01:14.744691,Stavangergasse,9,346354
2026-01-23T00:01:14.744691,Stavangergasse,9,346923
2026-01-23T00:01:14.744691,Stavangergasse,9,347961
2026-01-23T00:01:14.744691,Stavangergasse,9,348427
2026-01-23T00:01:14.744691,Stavangergasse,9,348163
2026-01-23T00:01:14.744691,Stavangergasse,9,348062
2026-01-23T00:01:14.744691,Hirschstetten S,10,345420
2026-01-23T00:01:14.744691,Hirschstetten S,10,345786
2026-01-23T00:01:14.744691,Hirschstetten S,10,346729
2026-01-23T00:01:14.744691,Hirschstetten S,10,347292
2026-01-23T00:01:14.744691,Hirschstetten S,10,347851
2026-01-23T00:01:14.744691,Hirschstetten S,10,347764
2026-01-23T00:01:14.744691,Hirschstetten S,10,348381
2026-01-23T00:01:14.744691,Hirschstetten S,10,348238
2026-01-23T00:01:14.744691,Hirschstetten S,10,398806
2026-01-23T00:01:14.744691,Hirschstetten S,10,398873
2026-01-23T00:01:14.744691,Atzgersdorf S,4,345130
2026-01-23T00:01:14.744691,Atzgersdorf S,4,346552
2026-01-23T00:01:14.744691,Atzgersdorf S,4,347220
2026-01-23T00:01:14.744691,Atzgersdorf S,4,347738
2026-01-23T00:01:14.744691,Siebenhirten U,5,346458
2026-01-23T00:01:14.744691,Siebenhirten U,5,346094
2026-01-23T00:01:14.744691,Siebenhirten U,5,347484
2026-01-23T00:01:14.744691,Siebenhirten U,5,348040
2026-01-23T00:01:14.744691,Siebenhirten U,5,348866
2026-01-23T00:01:14.744691,Erlaaer Straße U,10,345050
2026-01-23T00:01:14.744691,Erlaaer Straße U,10,345941
2026-01-23T00:01:14.744691,Erlaaer Straße U,10,345840
2026-01-23T00:01:14.744691,Erlaaer Straße U,10,346472
2026-01-23T00:01:14.744691,Erlaaer Straße U,10,346385
2026-01-23T00:01:14.744691,Erlaaer Straße U,10,346144
2026-01-23T00:01:14.744691,Erlaaer Straße U,10,346821
2026-01-23T00:01:14.744691,Erlaaer Straße U,10,347765
2026-01-23T00:01:14.744691,Erlaaer Straße U,10,348433
2026-01-23T00:01:14.744691,Erlaaer Straße U,10,348085
2026-01-23T00:01:14.744691,Perfektastraße U,7,345079
2026-01-23T00:01:14.744691,Perfektastraße U,7,345680
2026-01-23T00:01:14.744691,Perfektastraße U,7,347494
2026-01-23T00:01:14.744691,Perfektastraße U,7,347353
2026-01-23T00:01:14.744691,Perfektastraße U,7,347078
2026-01-23T00:01:14.744691,Perfektastraße U,7,347697
2026-01-23T00:01:14.744691,Perfektastraße U,7,398789
2026-01-23T00:01:14.744691,Meidling S U / Vivenotgasse,10,345386
2026-01-23T00:01:14.744691,Meidling S U / Vivenotgasse,10,345196
2026-01-23T00:01:14.744691,Meidling S U / Vivenotgasse,10,345100
2026-01-23T00:01:14.744691,Meidling S U / Vivenotgasse,10,346497
2026-01-23T00:01:14.744691,Meidling S U / Vivenotgasse,10,346436
2026-01-23T00:01:14.744691,Meidling S U / Vivenotgasse,10,346097
2026-01-23T00:01:14.744691,Meidling S U / Vivenotgasse,10,346799
2026-01-23T00:01:14.744691,Meidling S U / Vivenotgasse,10,346544
2026-01-23T00:01:14.744691,Meidling S U / Vivenotgasse,10,347349
2026-01-23T00:01:14.744691,Meidling S U / Vivenotgasse,10,348094
2026-01-23T00:01:14.744691,Praterstern Ausstellungsstraße,16,345487
2026-01-23T00:01:14.744691,Praterstern Ausstellungsstraße,16,345449
2026-01-23T00:01:14.744691,Praterstern Ausstellungsstraße,16,345263
2026-01-23T00:01:14.744691,Praterstern Ausstellungsstraße,16,345145
2026-01-23T00:01:14.744691,Praterstern Ausstellungsstraße,16,345023
2026-01-23T00:01:14.744691,Praterstern Ausstellungsstraße,16,345011
2026-01-23T00:01:14.744691,Praterstern Ausstellungsstraße,16,345841
2026-01-23T00:01:14.744691,Praterstern Ausstellungsstraße,16,345681
2026-01-23T00:01:14.744691,Praterstern Ausstellungsstraße,16,346841
2026-01-23T00:01:14.744691,Praterstern Ausstellungsstraße,16,346538
2026-01-23T00:01:14.744691,Praterstern Ausstellungsstraße,16,346526
2026-01-23T00:01:14.744691,Praterstern Ausstellungsstraße,16,347283
2026-01-23T00:01:14.744691,Praterstern Ausstellungsstraße,16,347911
2026-01-23T00:01:14.744691,Praterstern Ausstellungsstraße,16,347598
2026-01-23T00:01:14.744691,Praterstern Ausstellungsstraße,16,348041
2026-01-23T00:01:14.744691,Praterstern Ausstellungsstraße,16,398864
2026-01-23T00:01:14.744691,Muthgasse,6,345642
2026-01-23T00:01:14.744691,Muthgasse,6,345617
2026-01-23T00:01:14.744691,Muthgasse,6,346188
2026-01-23T00:01:14.744691,Muthgasse,6,347127
2026-01-23T00:01:14.744691,Muthgasse,6,347830
2026-01-23T00:01:14.744691,Muthgasse,6,348124
2026-01-23T00:01:14.744691,Liesing S,3,346327
2026-01-23T00:01:14.744691,Liesing S,3,347276
2026-01-23T00:01:14.744691,Liesing S,3,347034
2026-01-23T00:01:14.744691,Aspern Nord S U,12,345435
2026-01-23T00:01:14.744691,Aspern Nord S U,12,346419
2026-01-23T00:01:14.744691,Aspern Nord S U,12,346311
2026-01-23T00:01:14.744691,Aspern Nord S U,12,346035
2026-01-23T00:01:14.744691,Aspern Nord S U,12,346640
2026-01-23T00:01:14.744691,Aspern Nord S U,12,346525
2026-01-23T00:01:14.744691,Aspern Nord S U,12,347415
2026-01-23T00:01:14.744691,Aspern Nord S U,12,347053
2026-01-23T00:01:14.744691,Aspern Nord S U,12,348416
2026-01-23T00:01:14.744691,Aspern Nord S U,12,348694
2026-01-23T00:01:14.744691,Aspern Nord S U,12,348625
2026-01-23T00:01:14.744691,Aspern Nord S U,12,348561
2026-01-23T00:01:14.744691,Seepark,1,348118
2026-01-23T00:01:14.744691,Seestadt U,7,346152
2026-01-23T00:01:14.744691,Seestadt U,7,346961
2026-01-23T00:01:14.744691,Seestadt U,7,346912
2026-01-23T00:01:14.744691,Seestadt U,7,346504
2026-01-23T00:01:14.744691,Seestadt U,7,348693
2026-01-23T00:01:14.744691,Seestadt U,7,348631
2026-01-23T00:01:14.744691,Seestadt U,7,348549
2026-01-23T00:01:14.744691,Schwedenplatz,35,345191
2026-01-23T00:01:14.744691,Schwedenplatz,35,345623
2026-01-23T00:01:14.744691,Schwedenplatz,35,345591
2026-01-23T00:01:14.744691,Schwedenplatz,35,346499
2026-01-23T00:01:14.744691,Schwedenplatz,35,346244
2026-01-23T00:01:14.744691,Schwedenplatz,35,346212
2026-01-23T00:01:14.744691,Schwedenplatz,35,346211
2026-01-23T00:01:14.744691,Schwedenplatz,35,346106
2026-01-23T00:01:14.744691,Schwedenplatz,35,346083
2026-01-23T00:01:14.744691,Schwedenplatz,35,346072
2026-01-23T00:01:14.744691,Schwedenplatz,35,346953
2026-01-23T00:01:14.744691,Schwedenplatz,35,346624
2026-01-23T00:01:14.744691,Schwedenplatz,35,347479
2026-01-23T00:01:14.744691,Schwedenplatz,35,347461
2026-01-23T00:01:14.744691,Schwedenplatz,35,347456
2026-01-23T00:01:14.744691,Schwedenplatz,35,347282
2026-01-23T00:01:14.744691,Schwedenplatz,35,347232
2026-01-23T00:01:14.744691,Schwedenplatz,35,347130
2026-01-23T00:01:14.744691,Schwedenplatz,35,347097
2026-01-23T00:01:14.744691,Schwedenplatz,35,347084
2026-01-23T00:01:14.744691,Schwedenplatz,35,347060
2026-01-23T00:01:14.744691,Schwedenplatz,35,347042
2026-01-23T00:01:14.744691,Schwedenplatz,35,347956
2026-01-23T00:01:14.744691,Schwedenplatz,35,347608
2026-01-23T00:01:14.744691,Schwedenplatz,35,348477
2026-01-23T00:01:14.744691,Schwedenplatz,35,348397
2026-01-23T00:01:14.744691,Schwedenplatz,35,348337
2026-01-23T00:01:14.744691,Schwedenplatz,35,348252
2026-01-23T00:01:14.744691,Schwedenplatz,35,348249
2026-01-23T00:01:14.744691,Schwedenplatz,35,348100
2026-01-23T00:01:14.744691,Schwedenplatz,35,348691
2026-01-23T00:01:14.744691,Schwedenplatz,35,348639
2026-01-23T00:01:14.744691,Schwedenplatz,35,348635
2026-01-23T00:01:14.744691,Schwedenplatz,35,398791
2026-01-23T00:01:14.744691,Schwedenplatz,35,398719
2026-01-23T00:01:14.744691,Waldmüllerpark,7,345950
2026-01-23T00:01:14.744691,Waldmüllerpark,7,346252
2026-01-23T00:01:14.744691,Waldmüllerpark,7,346027
2026-01-23T00:01:14.744691,Waldmüllerpark,7,347295
2026-01-23T00:01:14.744691,Waldmüllerpark,7,347671
2026-01-23T00:01:14.744691,Waldmüllerpark,7,347510
2026-01-23T00:01:14.744691,Waldmüllerpark,7,349004
2026-01-23T00:01:14.744691,Stubentor U,19,345153
2026-01-23T00:01:14.744691,Stubentor U,19,345782
2026-01-23T00:01:14.744691,Stubentor U,19,345755
2026-01-23T00:01:14.744691,Stubentor U,19,346285
2026-01-23T00:01:14.744691,Stubentor U,19,346086
2026-01-23T00:01:14.744691,Stubentor U,19,346916
2026-01-23T00:01:14.744691,Stubentor U,19,346846
2026-01-23T00:01:14.744691,Stubentor U,19,346707
2026-01-23T00:01:14.744691,Stubentor U,19,347470
2026-01-23T00:01:14.744691,Stubentor U,19,347725
2026-01-23T00:01:14.744691,Stubentor U,19,347690
2026-01-23T00:01:14.744691,Stubentor U,19,347688
2026-01-23T00:01:14.744691,Stubentor U,19,348649
2026-01-23T00:01:14.744691,Stubentor U,19,348552
2026-01-23T00:01:14.744691,Stubentor U,19,398785
2026-01-23T00:01:14.744691,Stubentor U,19,398721
2026-01-23T00:01:14.744691,Stubentor U,19,349087
2026-01-23T00:01:14.744691,Stubentor U,19,348900
2026-01-23T00:01:14.744691,Stubentor U,19,349125
2026-01-23T00:01:14.744691,Landstraße - Wien Mitte S U,40,345342
2026-01-23T00:01:14.744691,Landstraße - Wien Mitte S U,40,345875
2026-01-23T00:01:14.744691,Landstraße - Wien Mitte S U,40,345702
2026-01-23T00:01:14.744691,Landstraße - Wien Mitte S U,40,345547
2026-01-23T00:01:14.744691,Landstraße - Wien Mitte S U,40,345537
2026-01-23T00:01:14.744691,Landstraße - Wien Mitte S U,40,345520
2026-01-23T00:01:14.744691,Landstraße - Wien Mitte S U,40,346278
2026-01-23T00:01:14.744691,Landstraße - Wien Mitte S U,40,346041
2026-01-23T00:01:14.744691,Landstraße - Wien Mitte S U,40,346890
2026-01-23T00:01:14.744691,Landstraße - Wien Mitte S U,40,346851
2026-01-23T00:01:14.744691,Landstraße - Wien Mitte S U,40,346824
2026-01-23T00:01:14.744691,Landstraße - Wien Mitte S U,40,346725
2026-01-23T00:01:14.744691,Landstraße - Wien Mitte S U,40,347433
2026-01-23T00:01:14.744691,Landstraße - Wien Mitte S U,40,347391
2026-01-23T00:01:14.744691,Landstraße - Wien Mitte S U,40,347371
2026-01-23T00:01:14.744691,Landstraße - Wien Mitte S U,40,347331
2026-01-23T00:01:14.744691,Landstraße - Wien Mitte S U,40,347056
2026-01-23T00:01:14.744691,Landstraße - Wien Mitte S U,40,347990
2026-01-23T00:01:14.744691,Landstraße - Wien Mitte S U,40,347932
2026-01-23T00:01:14.744691,Landstraße - Wien Mitte S U,40,347819
2026-01-23T00:01:14.744691,Landstraße - Wien Mitte S U,40,347807
2026-01-23T00:01:14.744691,Landstraße - Wien Mitte S U,40,347763
2026-01-23T00:01:14.744691,Landstraße - Wien Mitte S U,40,347734
2026-01-23T00:01:14.744691,Landstraße - Wien Mitte S U,40,347537
2026-01-23T00:01:14.744691,Landstraße - Wien Mitte S U,40,348463
2026-01-23T00:01:14.744691,Landstraße - Wien Mitte S U,40,348442
2026-01-23T00:01:14.744691,Landstraße - Wien Mitte S U,40,348277
2026-01-23T00:01:14.744691,Landstraße - Wien Mitte S U,40,348200
2026-01-23T00:01:14.744691,Landstraße - Wien Mitte S U,40,348115
2026-01-23T00:01:14.744691,Landstraße - Wien Mitte S U,40,348093
2026-01-23T00:01:14.744691,Landstraße - Wien Mitte S U,40,348660
2026-01-23T00:01:14.744691,Landstraße - Wien Mitte S U,40,348611
2026-01-23T00:01:14.744691,Landstraße - Wien Mitte S U,40,398838
2026-01-23T00:01:14.744691,Landstraße - Wien Mitte S U,40,398816
2026-01-23T00:01:14.744691,Landstraße - Wien Mitte S U,40,398805
2026-01-23T00:01:14.744691,Landstraße - Wien Mitte S U,40,398802
2026-01-23T00:01:14.744691,Landstraße - Wien Mitte S U,40,349071
2026-01-23T00:01:14.744691,Landstraße - Wien Mitte S U,40,348876
2026-01-23T00:01:14.744691,Landstraße - Wien Mitte S U,40,348833
2026-01-23T00:01:14.744691,Landstraße - Wien Mitte S U,40,348801
2026-01-23T00:01:14.744691,Praterstern S U,52,345494
2026-01-23T00:01:14.744691,Praterstern S U,52,345226
2026-01-23T00:01:14.744691,Praterstern S U,52,345082
2026-01-23T00:01:14.744691,Praterstern S U,52,345058
2026-01-23T00:01:14.744691,Praterstern S U,52,345893
2026-01-23T00:01:14.744691,Praterstern S U,52,345863
2026-01-23T00:01:14.744691,Praterstern S U,52,345812
2026-01-23T00:01:14.744691,Praterstern S U,52,345648
2026-01-23T00:01:14.744691,Praterstern S U,52,345608
2026-01-23T00:01:14.744691,Praterstern S U,52,345506
2026-01-23T00:01:14.744691,Praterstern S U,52,346402
2026-01-23T00:01:14.744691,Praterstern S U,52,346380
2026-01-23T00:01:14.744691,Praterstern S U,52,346347
2026-01-23T00:01:14.744691,Praterstern S U,52,346239
2026-01-23T00:01:14.744691,Praterstern S U,52,346062
2026-01-23T00:01:14.744691,Praterstern S U,52,346033
2026-01-23T00:01:14.744691,Praterstern S U,52,346004
2026-01-23T00:01:14.744691,Praterstern S U,52,346907
2026-01-23T00:01:14.744691,Praterstern S U,52,346773
2026-01-23T00:01:14.744691,Praterstern S U,52,346764
2026-01-23T00:01:14.744691,Praterstern S U,52,346748
2026-01-23T00:01:14.744691,Praterstern S U,52,346736
2026-01-23T00:01:14.744691,Praterstern S U,52,347354
2026-01-23T00:01:14.744691,Praterstern S U,52,347334
2026-01-23T00:01:14.744691,Praterstern S U,52,347328
2026-01-23T00:01:14.744691,Praterstern S U,52,347179
2026-01-23T00:01:14.744691,Praterstern S U,52,347172
2026-01-23T00:01:14.744691,Praterstern S U,52,347984
2026-01-23T00:01:14.744691,Praterstern S U,52,347894
2026-01-23T00:01:14.744691,Praterstern S U,52,347781
2026-01-23T00:01:14.744691,Praterstern S U,52,347767
2026-01-23T00:01:14.744691,Praterstern S U,52,347692
2026-01-23T00:01:14.744691,Praterstern S U,52,347672
2026-01-23T00:01:14.744691,Praterstern S U,52,347641
2026-01-23T00:01:14.744691,Praterstern S U,52,347503
2026-01-23T00:01:14.744691,Praterstern S U,52,348248
2026-01-23T00:01:14.744691,Praterstern S U,52,348171
2026-01-23T00:01:14.744691,Praterstern S U,52,348153
2026-01-23T00:01:14.744691,Praterstern S U,52,348051
2026-01-23T00:01:14.744691,Praterstern S U,52,348678
2026-01-23T00:01:14.744691,Praterstern S U,52,348671
2026-01-23T00:01:14.744691,Praterstern S U,52,348633
2026-01-23T00:01:14.744691,Praterstern S U,52,348624
2026-01-23T00:01:14.744691,Praterstern S U,52,348623
2026-01-23T00:01:14.744691,Praterstern S U,52,348609
2026-01-23T00:01:14.744691,Praterstern S U,52,398852
2026-01-23T00:01:14.744691,Praterstern S U,52,398822
2026-01-23T00:01:14.744691,Praterstern S U,52,398778
2026-01-23T00:01:14.744691,Praterstern S U,52,398774
2026-01-23T00:01:14.744691,Praterstern S U,52,348806
2026-01-23T00:01:14.744691,Praterstern S U,52,349136
2026-01-23T00:01:14.744691,Praterstern S U,52,398870
2026-01-23T00:01:14.744691,Rustengasse,15,345414
2026-01-23T00:01:14.744691,Rustengasse,15,345110
2026-01-23T00:01:14.744691,Rustengasse,15,345692
2026-01-23T00:01:14.744691,Rustengasse,15,345667
2026-01-23T00:01:14.744691,Rustengasse,15,346460
2026-01-23T00:01:14.744691,Rustengasse,15,346166
2026-01-23T00:01:14.744691,Rustengasse,15,346901
2026-01-23T00:01:14.744691,Rustengasse,15,346775
2026-01-23T00:01:14.744691,Rustengasse,15,347248
2026-01-23T00:01:14.744691,Rustengasse,15,347109
2026-01-23T00:01:14.744691,Rustengasse,15,347963
2026-01-23T00:01:14.744691,Rustengasse,15,348354
2026-01-23T00:01:14.744691,Rustengasse,15,348125
2026-01-23T00:01:14.744691,Rustengasse,15,348023
2026-01-23T00:01:14.744691,Rustengasse,15,398847
2026-01-23T00:01:14.744691,Heiligenstadt S U,21,345274
2026-01-23T00:01:14.744691,Heiligenstadt S U,21,345254
2026-01-23T00:01:14.744691,Heiligenstadt S U,21,345148
2026-01-23T00:01:14.744691,Heiligenstadt S U,21,345027
2026-01-23T00:01:14.744691,Heiligenstadt S U,21,345012
2026-01-23T00:01:14.744691,Heiligenstadt S U,21,345834
2026-01-23T00:01:14.744691,Heiligenstadt S U,21,346364
2026-01-23T00:01:14.744691,Heiligenstadt S U,21,346279
2026-01-23T00:01:14.744691,Heiligenstadt S U,21,347173
2026-01-23T00:01:14.744691,Heiligenstadt S U,21,347693
2026-01-23T00:01:14.744691,Heiligenstadt S U,21,347591
2026-01-23T00:01:14.744691,Heiligenstadt S U,21,348362
2026-01-23T00:01:14.744691,Heiligenstadt S U,21,348335
2026-01-23T00:01:14.744691,Heiligenstadt S U,21,348177
2026-01-23T00:01:14.744691,Heiligenstadt S U,21,348038
2026-01-23T00:01:14.744691,Heiligenstadt S U,21,349085
2026-01-23T00:01:14.744691,Heiligenstadt S U,21,348989
2026-01-23T00:01:14.744691,Heiligenstadt S U,21,348932
2026-01-23T00:01:14.744691,Heiligenstadt S U,21,348905
2026-01-23T00:01:14.744691,Heiligenstadt S U,21,349192
2026-01-23T00:01:14.744691,Heiligenstadt S U,21,398866
2026-01-23T00:01:14.744691,Hütteldorf  S U,19,345493
2026-01-23T00:01:14.744691,Hütteldorf  S U,19,345065
2026-01-23T00:01:14.744691,Hütteldorf  S U,19,345923
2026-01-23T00:01:14.744691,Hütteldorf  S U,19,345513
2026-01-23T00:01:14.744691,Hütteldorf  S U,19,346862
2026-01-23T00:01:14.744691,Hütteldorf  S U,19,346669
2026-01-23T00:01:14.744691,Hütteldorf  S U,19,346628
2026-01-23T00:01:14.744691,Hütteldorf  S U,19,346570
2026-01-23T00:01:14.744691,Hütteldorf  S U,19,347358
2026-01-23T00:01:14.744691,Hütteldorf  S U,19,347338
2026-01-23T00:01:14.744691,Hütteldorf  S U,19,347322
2026-01-23T00:01:14.744691,Hütteldorf  S U,19,347079
2026-01-23T00:01:14.744691,Hütteldorf  S U,19,347971
2026-01-23T00:01:14.744691,Hütteldorf  S U,19,347901
2026-01-23T00:01:14.744691,Hütteldorf  S U,19,347658
2026-01-23T00:01:14.744691,Hütteldorf  S U,19,347599
2026-01-23T00:01:14.744691,Hütteldorf  S U,19,348413
2026-01-23T00:01:14.744691,Hütteldorf  S U,19,348322
2026-01-23T00:01:14.744691,Hütteldorf  S U,19,398768
2026-01-23T00:01:14.744691,Rathaus U,28,345453
2026-01-23T00:01:14.744691,Rathaus U,28,345183
2026-01-23T00:01:14.744691,Rathaus U,28,345002
2026-01-23T00:01:14.744691,Rathaus U,28,345790
2026-01-23T00:01:14.744691,Rathaus U,28,346429
2026-01-23T00:01:14.744691,Rathaus U,28,346128
2026-01-23T00:01:14.744691,Rathaus U,28,346064
2026-01-23T00:01:14.744691,Rathaus U,28,346908
2026-01-23T00:01:14.744691,Rathaus U,28,346879
2026-01-23T00:01:14.744691,Rathaus U,28,346762
2026-01-23T00:01:14.744691,Rathaus U,28,346670
2026-01-23T00:01:14.744691,Rathaus U,28,347305
2026-01-23T00:01:14.744691,Rathaus U,28,347251
2026-01-23T00:01:14.744691,Rathaus U,28,347157
2026-01-23T00:01:14.744691,Rathaus U,28,347028
2026-01-23T00:01:14.744691,Rathaus U,28,347899
2026-01-23T00:01:14.744691,Rathaus U,28,347850
2026-01-23T00:01:14.744691,Rathaus U,28,347811
2026-01-23T00:01:14.744691,Rathaus U,28,347795
2026-01-23T00:01:14.744691,Rathaus U,28,347637
2026-01-23T00:01:14.744691,Rathaus U,28,348343
2026-01-23T00:01:14.744691,Rathaus U,28,348297
2026-01-23T00:01:14.744691,Rathaus U,28,348213
2026-01-23T00:01:14.744691,Rathaus U,28,348207
2026-01-23T00:01:14.744691,Rathaus U,28,348141
2026-01-23T00:01:14.744691,Rathaus U,28,348072
2026-01-23T00:01:14.744691,Rathaus U,28,348069
2026-01-23T00:01:14.744691,Rathaus U,28,348044
2026-01-23T00:01:14.744691,Hans-Mandl-Berufsschule,8,345273
2026-01-23T00:01:14.744691,Hans-Mandl-Berufsschule,8,345503
2026-01-23T00:01:14.744691,Hans-Mandl-Berufsschule,8,346756
2026-01-23T00:01:14.744691,Hans-Mandl-Berufsschule,8,348365
2026-01-23T00:01:14.744691,Hans-Mandl-Berufsschule,8,348541
2026-01-23T00:01:14.744691,Hans-Mandl-Berufsschule,8,398858
2026-01-23T00:01:14.744691,Hans-Mandl-Berufsschule,8,348930
2026-01-23T00:01:14.744691,Hans-Mandl-Berufsschule,8,348808
2026-01-23T00:01:14.744691,Dänenstraße / BOKU,23,345488
2026-01-23T00:01:14.744691,Dänenstraße / BOKU,23,345392
2026-01-23T00:01:14.744691,Dänenstraße / BOKU,23,345362
2026-01-23T00:01:14.744691,Dänenstraße / BOKU,23,345245
2026-01-23T00:01:14.744691,Dänenstraße / BOKU,23,345216
2026-01-23T00:01:14.744691,Dänenstraße / BOKU,23,345121
2026-01-23T00:01:14.744691,Dänenstraße / BOKU,23,345961
2026-01-23T00:01:14.744691,Dänenstraße / BOKU,23,345898
2026-01-23T00:01:14.744691,Dänenstraße / BOKU,23,345798
2026-01-23T00:01:14.744691,Dänenstraße / BOKU,23,345747
2026-01-23T00:01:14.744691,Dänenstraße / BOKU,23,345596
2026-01-23T00:01:14.744691,Dänenstraße / BOKU,23,346979
2026-01-23T00:01:14.744691,Dänenstraße / BOKU,23,346962
2026-01-23T00:01:14.744691,Dänenstraße / BOKU,23,346842
2026-01-23T00:01:14.744691,Dänenstraße / BOKU,23,346644
2026-01-23T00:01:14.744691,Dänenstraße / BOKU,23,346585
2026-01-23T00:01:14.744691,Dänenstraße / BOKU,23,346510
2026-01-23T00:01:14.744691,Dänenstraße / BOKU,23,347022
2026-01-23T00:01:14.744691,Dänenstraße / BOKU,23,347790
2026-01-23T00:01:14.744691,Dänenstraße / BOKU,23,347759
2026-01-23T00:01:14.744691,Dänenstraße / BOKU,23,348022
2026-01-23T00:01:14.744691,Dänenstraße / BOKU,23,348690
2026-01-23T00:01:14.744691,Dänenstraße / BOKU,23,348681
2026-01-23T00:01:14.744691,Schloss Schönbrunn,32,345320
2026-01-23T00:01:14.744691,Schloss Schönbrunn,32,345177
2026-01-23T00:01:14.744691,Schloss Schönbrunn,32,345141
2026-01-23T00:01:14.744691,Schloss Schönbrunn,32,345123
2026-01-23T00:01:14.744691,Schloss Schönbrunn,32,345115
2026-01-23T00:01:14.744691,Schloss Schönbrunn,32,345057
2026-01-23T00:01:14.744691,Schloss Schönbrunn,32,345015
2026-01-23T00:01:14.744691,Schloss Schönbrunn,32,345969
2026-01-23T00:01:14.744691,Schloss Schönbrunn,32,345879
2026-01-23T00:01:14.744691,Schloss Schönbrunn,32,345598
2026-01-23T00:01:14.744691,Schloss Schönbrunn,32,346485
2026-01-23T00:01:14.744691,Schloss Schönbrunn,32,346313
2026-01-23T00:01:14.744691,Schloss Schönbrunn,32,346123
2026-01-23T00:01:14.744691,Schloss Schönbrunn,32,346010
2026-01-23T00:01:14.744691,Schloss Schönbrunn,32,346951
2026-01-23T00:01:14.744691,Schloss Schönbrunn,32,346835
2026-01-23T00:01:14.744691,Schloss Schönbrunn,32,347474
2026-01-23T00:01:14.744691,Schloss Schönbrunn,32,347377
2026-01-23T00:01:14.744691,Schloss Schönbrunn,32,347312
2026-01-23T00:01:14.744691,Schloss Schönbrunn,32,347937
2026-01-23T00:01:14.744691,Schloss Schönbrunn,32,347873
2026-01-23T00:01:14.744691,Schloss Schönbrunn,32,347515
2026-01-23T00:01:14.744691,Schloss Schönbrunn,32,348462
2026-01-23T00:01:14.744691,Schloss Schönbrunn,32,348402
2026-01-23T00:01:14.744691,Schloss Schönbrunn,32,348349
2026-01-23T00:01:14.744691,Schloss Schönbrunn,32,348077
2026-01-23T00:01:14.744691,Schloss Schönbrunn,32,348003
2026-01-23T00:01:14.744691,Schloss Schönbrunn,32,398753
2026-01-23T00:01:14.744691,Schloss Schönbrunn,32,398752
2026-01-23T00:01:14.744691,Schloss Schönbrunn,32,398748
2026-01-23T00:01:14.744691,Schloss Schönbrunn,32,349065
2026-01-23T00:01:14.744691,Schloss Schönbrunn,32,348839
2026-01-23T00:01:14.744691,Eslarngasse / Juchgasse,6,345975
2026-01-23T00:01:14.744691,Eslarngasse / Juchgasse,6,345550
2026-01-23T00:01:14.744691,Eslarngasse / Juchgasse,6,346948
2026-01-23T00:01:14.744691,Eslarngasse / Juchgasse,6,346668
2026-01-23T00:01:14.744691,Eslarngasse / Juchgasse,6,347413
2026-01-23T00:01:14.744691,Eslarngasse / Juchgasse,6,347181
2026-01-23T00:01:14.744691,Plößlgasse / Belvedere,19,345330
2026-01-23T00:01:14.744691,Plößlgasse / Belvedere,19,345293
2026-01-23T00:01:14.744691,Plößlgasse / Belvedere,19,345126
2026-01-23T00:01:14.744691,Plößlgasse / Belvedere,19,345054
2026-01-23T00:01:14.744691,Plößlgasse / Belvedere,19,345980
2026-01-23T00:01:14.744691,Plößlgasse / Belvedere,19,345846
2026-01-23T00:01:14.744691,Plößlgasse / Belvedere,19,346109
2026-01-23T00:01:14.744691,Plößlgasse / Belvedere,19,346781
2026-01-23T00:01:14.744691,Plößlgasse / Belvedere,19,346755
2026-01-23T00:01:14.744691,Plößlgasse / Belvedere,19,347260
2026-01-23T00:01:14.744691,Plößlgasse / Belvedere,19,347177
2026-01-23T00:01:14.744691,Plößlgasse / Belvedere,19,347047
2026-01-23T00:01:14.744691,Plößlgasse / Belvedere,19,347826
2026-01-23T00:01:14.744691,Plößlgasse / Belvedere,19,348644
2026-01-23T00:01:14.744691,Plößlgasse / Belvedere,19,349111
2026-01-23T00:01:14.744691,Plößlgasse / Belvedere,19,349066
2026-01-23T00:01:14.744691,Plößlgasse / Belvedere,19,349061
2026-01-23T00:01:14.744691,Plößlgasse / Belvedere,19,348933
2026-01-23T00:01:14.744691,Plößlgasse / Belvedere,19,348880
2026-01-23T00:01:14.744691,Sankt-Elisabeth-Platz,2,345974
2026-01-23T00:01:14.744691,Sankt-Elisabeth-Platz,2,345972
2026-01-23T00:01:14.744691,Laudongasse / Schönbornpark,12,345738
2026-01-23T00:01:14.744691,Laudongasse / Schönbornpark,12,345688
2026-01-23T00:01:14.744691,Laudongasse / Schönbornpark,12,346393
2026-01-23T00:01:14.744691,Laudongasse / Schönbornpark,12,346203
2026-01-23T00:01:14.744691,Laudongasse / Schönbornpark,12,346190
2026-01-23T00:01:14.744691,Laudongasse / Schönbornpark,12,346687
2026-01-23T00:01:14.744691,Laudongasse / Schönbornpark,12,346576
2026-01-23T00:01:14.744691,Laudongasse / Schönbornpark,12,348279
2026-01-23T00:01:14.744691,Laudongasse / Schönbornpark,12,348099
2026-01-23T00:01:14.744691,Laudongasse / Schönbornpark,12,348035
2026-01-23T00:01:14.744691,Laudongasse / Schönbornpark,12,348661
2026-01-23T00:01:14.744691,Laudongasse / Schönbornpark,12,348565
2026-01-23T00:01:14.744691,Rossauer Lände U,9,345209
2026-01-23T00:01:14.744691,Rossauer Lände U,9,345125
2026-01-23T00:01:14.744691,Rossauer Lände U,9,346897
2026-01-23T00:01:14.744691,Rossauer Lände U,9,346692
2026-01-23T00:01:14.744691,Rossauer Lände U,9,346571
2026-01-23T00:01:14.744691,Rossauer Lände U,9,347929
2026-01-23T00:01:14.744691,Rossauer Lände U,9,347656
2026-01-23T00:01:14.744691,Rossauer Lände U,9,348461
2026-01-23T00:01:14.744691,Rossauer Lände U,9,348052
2026-01-23T00:01:14.744691,Lazarettgasse,5,345977
2026-01-23T00:01:14.744691,Lazarettgasse,5,346672
2026-01-23T00:01:14.744691,Lazarettgasse,5,348339
2026-01-23T00:01:14.744691,Lazarettgasse,5,348713
2026-01-23T00:01:14.744691,Lazarettgasse,5,349184
2026-01-23T00:01:14.744691,Edelsinnstraße,9,345908
2026-01-23T00:01:14.744691,Edelsinnstraße,9,345837
2026-01-23T00:01:14.744691,Edelsinnstraße,9,345818
2026-01-23T00:01:14.744691,Edelsinnstraße,9,346437
2026-01-23T00:01:14.744691,Edelsinnstraße,9,346843
2026-01-23T00:01:14.744691,Edelsinnstraße,9,347361
2026-01-23T00:01:14.744691,Edelsinnstraße,9,348709
2026-01-23T00:01:14.744691,Edelsinnstraße,9,349013
2026-01-23T00:01:14.744691,Edelsinnstraße,9,349148
2026-01-23T00:01:14.744691,Karlsplatz U / TU Wien,21,345142
2026-01-23T00:01:14.744691,Karlsplatz U / TU Wien,21,345731
2026-01-23T00:01:14.744691,Karlsplatz U / TU Wien,21,346317
2026-01-23T00:01:14.744691,Karlsplatz U / TU Wien,21,346281
2026-01-23T00:01:14.744691,Karlsplatz U / TU Wien,21,346881
2026-01-23T00:01:14.744691,Karlsplatz U / TU Wien,21,346848
2026-01-23T00:01:14.744691,Karlsplatz U / TU Wien,21,346735
2026-01-23T00:01:14.744691,Karlsplatz U / TU Wien,21,346665
2026-01-23T00:01:14.744691,Karlsplatz U / TU Wien,21,346634
2026-01-23T00:01:14.744691,Karlsplatz U / TU Wien,21,346600
2026-01-23T00:01:14.744691,Karlsplatz U / TU Wien,21,347491
2026-01-23T00:01:14.744691,Karlsplatz U / TU Wien,21,347458
2026-01-23T00:01:14.744691,Karlsplatz U / TU Wien,21,347293
2026-01-23T00:01:14.744691,Karlsplatz U / TU Wien,21,347102
2026-01-23T00:01:14.744691,Karlsplatz U / TU Wien,21,347017
2026-01-23T00:01:14.744691,Karlsplatz U / TU Wien,21,347572
2026-01-23T00:01:14.744691,Karlsplatz U / TU Wien,21,348458
2026-01-23T00:01:14.744691,Karlsplatz U / TU Wien,21,348342
2026-01-23T00:01:14.744691,Karlsplatz U / TU Wien,21,348673
2026-01-23T00:01:14.744691,Karlsplatz U / TU Wien,21,398820
2026-01-23T00:01:14.744691,Karlsplatz U / TU Wien,21,398872
2026-01-23T00:01:14.744691,Amerlingstraße,10,345470
2026-01-23T00:01:14.744691,Amerlingstraße,10,345465
2026-01-23T00:01:14.744691,Amerlingstraße,10,345364
2026-01-23T00:01:14.744691,Amerlingstraße,10,345891
2026-01-23T00:01:14.744691,Amerlingstraße,10,345758
2026-01-23T00:01:14.744691,Amerlingstraße,10,345627
2026-01-23T00:01:14.744691,Amerlingstraße,10,346089
2026-01-23T00:01:14.744691,Amerlingstraße,10,346931
2026-01-23T00:01:14.744691,Amerlingstraße,10,347370
2026-01-23T00:01:14.744691,Amerlingstraße,10,347002
2026-01-23T00:01:14.744691,Albertgasse,3,345419
2026-01-23T00:01:14.744691,Albertgasse,3,347655
2026-01-23T00:01:14.744691,Albertgasse,3,348355
2026-01-23T00:01:14.744691,Universitätsring,32,345467
2026-01-23T00:01:14.744691,Universitätsring,32,345267
2026-01-23T00:01:14.744691,Universitätsring,32,345195
2026-01-23T00:01:14.744691,Universitätsring,32,346403
2026-01-23T00:01:14.744691,Universitätsring,32,346318
2026-01-23T00:01:14.744691,Universitätsring,32,346310
2026-01-23T00:01:14.744691,Universitätsring,32,346061
2026-01-23T00:01:14.744691,Universitätsring,32,346039
2026-01-23T00:01:14.744691,Universitätsring,32,346016
2026-01-23T00:01:14.744691,Universitätsring,32,346011
2026-01-23T00:01:14.744691,Universitätsring,32,346973
2026-01-23T00:01:14.744691,Universitätsring,32,346942
2026-01-23T00:01:14.744691,Universitätsring,32,346895
2026-01-23T00:01:14.744691,Universitätsring,32,346710
2026-01-23T00:01:14.744691,Universitätsring,32,346697
2026-01-23T00:01:14.744691,Universitätsring,32,346599
2026-01-23T00:01:14.744691,Universitätsring,32,347330
2026-01-23T00:01:14.744691,Universitätsring,32,347264
2026-01-23T00:01:14.744691,Universitätsring,32,347845
2026-01-23T00:01:14.744691,Universitätsring,32,347748
2026-01-23T00:01:14.744691,Universitätsring,32,347582
2026-01-23T00:01:14.744691,Universitätsring,32,348495
2026-01-23T00:01:14.744691,Universitätsring,32,348484
2026-01-23T00:01:14.744691,Universitätsring,32,348439
2026-01-23T00:01:14.744691,Universitätsring,32,348240
2026-01-23T00:01:14.744691,Universitätsring,32,348214
2026-01-23T00:01:14.744691,Universitätsring,32,348047
2026-01-23T00:01:14.744691,Universitätsring,32,348017
2026-01-23T00:01:14.744691,Universitätsring,32,348672
2026-01-23T00:01:14.744691,Universitätsring,32,348630
2026-01-23T00:01:14.744691,Universitätsring,32,348592
2026-01-23T00:01:14.744691,Universitätsring,32,398837
2026-01-23T00:01:14.744691,Herrengasse U,28,345466
2026-01-23T00:01:14.744691,Herrengasse U,28,345339
2026-01-23T00:01:14.744691,Herrengasse U,28,345295
2026-01-23T00:01:14.744691,Herrengasse U,28,345163
2026-01-23T00:01:14.744691,Herrengasse U,28,345008
2026-01-23T00:01:14.744691,Herrengasse U,28,345978
2026-01-23T00:01:14.744691,Herrengasse U,28,345638
2026-01-23T00:01:14.744691,Herrengasse U,28,345518
2026-01-23T00:01:14.744691,Herrengasse U,28,346434
2026-01-23T00:01:14.744691,Herrengasse U,28,346250
2026-01-23T00:01:14.744691,Herrengasse U,28,346137
2026-01-23T00:01:14.744691,Herrengasse U,28,346936
2026-01-23T00:01:14.744691,Herrengasse U,28,346688
2026-01-23T00:01:14.744691,Herrengasse U,28,347267
2026-01-23T00:01:14.744691,Herrengasse U,28,347239
2026-01-23T00:01:14.744691,Herrengasse U,28,347111
2026-01-23T00:01:14.744691,Herrengasse U,28,347031
2026-01-23T00:01:14.744691,Herrengasse U,28,347832
2026-01-23T00:01:14.744691,Herrengasse U,28,347667
2026-01-23T00:01:14.744691,Herrengasse U,28,348476
2026-01-23T00:01:14.744691,Herrengasse U,28,348419
2026-01-23T00:01:14.744691,Herrengasse U,28,348071
2026-01-23T00:01:14.744691,Herrengasse U,28,348033
2026-01-23T00:01:14.744691,Herrengasse U,28,348618
2026-01-23T00:01:14.744691,Herrengasse U,28,348547
2026-01-23T00:01:14.744691,Herrengasse U,28,349007
2026-01-23T00:01:14.744691,Herrengasse U,28,348832
2026-01-23T00:01:14.744691,Herrengasse U,28,348831
2026-01-23T00:01:14.744691,Sensengasse,17,345239
2026-01-23T00:01:14.744691,Sensengasse,17,345770
2026-01-23T00:01:14.744691,Sensengasse,17,346442
2026-01-23T00:01:14.744691,Sensengasse,17,346389
2026-01-23T00:01:14.744691,Sensengasse,17,346263
2026-01-23T00:01:14.744691,Sensengasse,17,346876
2026-01-23T00:01:14.744691,Sensengasse,17,346800
2026-01-23T00:01:14.744691,Sensengasse,17,346682
2026-01-23T00:01:14.744691,Sensengasse,17,346674
2026-01-23T00:01:14.744691,Sensengasse,17,347459
2026-01-23T00:01:14.744691,Sensengasse,17,347427
2026-01-23T00:01:14.744691,Sensengasse,17,347369
2026-01-23T00:01:14.744691,Sensengasse,17,347783
2026-01-23T00:01:14.744691,Sensengasse,17,348377
2026-01-23T00:01:14.744691,Sensengasse,17,348675
2026-01-23T00:01:14.744691,Sensengasse,17,348632
2026-01-23T00:01:14.744691,Sensengasse,17,348562
2026-01-23T00:01:14.744691,Belgradplatz,9,345774
2026-01-23T00:01:14.744691,Belgradplatz,9,346683
2026-01-23T00:01:14.744691,Belgradplatz,9,346646
2026-01-23T00:01:14.744691,Belgradplatz,9,346636
2026-01-23T00:01:14.744691,Belgradplatz,9,347308
2026-01-23T00:01:14.744691,Belgradplatz,9,348251
2026-01-23T00:01:14.744691,Belgradplatz,9,348658
2026-01-23T00:01:14.744691,Belgradplatz,9,348647
2026-01-23T00:01:14.744691,Belgradplatz,9,348532
2026-01-23T00:01:14.744691,Rathausplatz / Burgtheater,15,345416
2026-01-23T00:01:14.744691,Rathausplatz / Burgtheater,15,345156
2026-01-23T00:01:14.744691,Rathausplatz / Burgtheater,15,345090
2026-01-23T00:01:14.744691,Rathausplatz / Burgtheater,15,345932
2026-01-23T00:01:14.744691,Rathausplatz / Burgtheater,15,345601
2026-01-23T00:01:14.744691,Rathausplatz / Burgtheater,15,345552
2026-01-23T00:01:14.744691,Rathausplatz / Burgtheater,15,347707
2026-01-23T00:01:14.744691,Rathausplatz / Burgtheater,15,347586
2026-01-23T00:01:14.744691,Rathausplatz / Burgtheater,15,348180
2026-01-23T00:01:14.744691,Rathausplatz / Burgtheater,15,348139
2026-01-23T00:01:14.744691,Rathausplatz / Burgtheater,15,348098
2026-01-23T00:01:14.744691,Rathausplatz / Burgtheater,15,348083
2026-01-23T00:01:14.744691,Rathausplatz / Burgtheater,15,348046
2026-01-23T00:01:14.744691,Rathausplatz / Burgtheater,15,348599
2026-01-23T00:01:14.744691,Rathausplatz / Burgtheater,15,349122
2026-01-23T00:01:14.744691,Arbeitergasse - Gürtel,11,345720
2026-01-23T00:01:14.744691,Arbeitergasse - Gürtel,11,345717
2026-01-23T00:01:14.744691,Arbeitergasse - Gürtel,11,345533
2026-01-23T00:01:14.744691,Arbeitergasse - Gürtel,11,346470
2026-01-23T00:01:14.744691,Arbeitergasse - Gürtel,11,346870
2026-01-23T00:01:14.744691,Arbeitergasse - Gürtel,11,346826
2026-01-23T00:01:14.744691,Arbeitergasse - Gürtel,11,346760
2026-01-23T00:01:14.744691,Arbeitergasse - Gürtel,11,347742
2026-01-23T00:01:14.744691,Arbeitergasse - Gürtel,11,348497
2026-01-23T00:01:14.744691,Arbeitergasse - Gürtel,11,348291
2026-01-23T00:01:14.744691,Arbeitergasse - Gürtel,11,398798
2026-01-23T00:01:14.744691,Bauernfeldplatz / Palais Lichtenstein,19,345495
2026-01-23T00:01:14.744691,Bauernfeldplatz / Palais Lichtenstein,19,345128
2026-01-23T00:01:14.744691,Bauernfeldplatz / Palais Lichtenstein,19,345949
2026-01-23T00:01:14.744691,Bauernfeldplatz / Palais Lichtenstein,19,345831
2026-01-23T00:01:14.744691,Bauernfeldplatz / Palais Lichtenstein,19,345736
2026-01-23T00:01:14.744691,Bauernfeldplatz / Palais Lichtenstein,19,345529
2026-01-23T00:01:14.744691,Bauernfeldplatz / Palais Lichtenstein,19,346040
2026-01-23T00:01:14.744691,Bauernfeldplatz / Palais Lichtenstein,19,346864
2026-01-23T00:01:14.744691,Bauernfeldplatz / Palais Lichtenstein,19,346780
2026-01-23T00:01:14.744691,Bauernfeldplatz / Palais Lichtenstein,19,346597
2026-01-23T00:01:14.744691,Bauernfeldplatz / Palais Lichtenstein,19,347414
2026-01-23T00:01:14.744691,Bauernfeldplatz / Palais Lichtenstein,19,347343
2026-01-23T00:01:14.744691,Bauernfeldplatz / Palais Lichtenstein,19,347319
2026-01-23T00:01:14.744691,Bauernfeldplatz / Palais Lichtenstein,19,347316
2026-01-23T00:01:14.744691,Bauernfeldplatz / Palais Lichtenstein,19,347054
2026-01-23T00:01:14.744691,Bauernfeldplatz / Palais Lichtenstein,19,347890
2026-01-23T00:01:14.744691,Bauernfeldplatz / Palais Lichtenstein,19,347724
2026-01-23T00:01:14.744691,Bauernfeldplatz / Palais Lichtenstein,19,347594
2026-01-23T00:01:14.744691,Bauernfeldplatz / Palais Lichtenstein,19,347516
2026-01-23T00:01:14.744691,Johannesgasse / Stadtpark,16,345445
2026-01-23T00:01:14.744691,Johannesgasse / Stadtpark,16,345237
2026-01-23T00:01:14.744691,Johannesgasse / Stadtpark,16,346127
2026-01-23T00:01:14.744691,Johannesgasse / Stadtpark,16,346797
2026-01-23T00:01:14.744691,Johannesgasse / Stadtpark,16,346722
2026-01-23T00:01:14.744691,Johannesgasse / Stadtpark,16,346620
2026-01-23T00:01:14.744691,Johannesgasse / Stadtpark,16,347032
2026-01-23T00:01:14.744691,Johannesgasse / Stadtpark,16,347947
2026-01-23T00:01:14.744691,Johannesgasse / Stadtpark,16,347685
2026-01-23T00:01:14.744691,Johannesgasse / Stadtpark,16,348459
2026-01-23T00:01:14.744691,Johannesgasse / Stadtpark,16,348393
2026-01-23T00:01:14.744691,Johannesgasse / Stadtpark,16,348027
2026-01-23T00:01:14.744691,Johannesgasse / Stadtpark,16,398758
2026-01-23T00:01:14.744691,Johannesgasse / Stadtpark,16,348961
2026-01-23T00:01:14.744691,Johannesgasse / Stadtpark,16,348940
2026-01-23T00:01:14.744691,Johannesgasse / Stadtpark,16,349199
2026-01-23T00:01:14.744691,Bischof-Faber-Platz,4,347969
2026-01-23T00:01:14.744691,Bischof-Faber-Platz,4,347797
2026-01-23T00:01:14.744691,Bischof-Faber-Platz,4,348331
2026-01-23T00:01:14.744691,Bischof-Faber-Platz,4,348136
2026-01-23T00:01:14.744691,Am Schöpfwerk U,14,345031
2026-01-23T00:01:14.744691,Am Schöpfwerk U,14,345989
2026-01-23T00:01:14.744691,Am Schöpfwerk U,14,345970
2026-01-23T00:01:14.744691,Am Schöpfwerk U,14,345952
2026-01-23T00:01:14.744691,Am Schöpfwerk U,14,345939
2026-01-23T00:01:14.744691,Am Schöpfwerk U,14,345575
2026-01-23T00:01:14.744691,Am Schöpfwerk U,14,346353
2026-01-23T00:01:14.744691,Am Schöpfwerk U,14,346914
2026-01-23T00:01:14.744691,Am Schöpfwerk U,14,346527
2026-01-23T00:01:14.744691,Am Schöpfwerk U,14,347240
2026-01-23T00:01:14.744691,Am Schöpfwerk U,14,347096
2026-01-23T00:01:14.744691,Am Schöpfwerk U,14,347625
2026-01-23T00:01:14.744691,Am Schöpfwerk U,14,348269
2026-01-23T00:01:14.744691,Am Schöpfwerk U,14,398793
2026-01-23T00:01:14.744691,Alserbachstraße,20,345346
2026-01-23T00:01:14.744691,Alserbachstraße,20,345724
2026-01-23T00:01:14.744691,Alserbachstraße,20,346390
2026-01-23T00:01:14.744691,Alserbachstraße,20,346365
2026-01-23T00:01:14.744691,Alserbachstraße,20,346202
2026-01-23T00:01:14.744691,Alserbachstraße,20,346891
2026-01-23T00:01:14.744691,Alserbachstraße,20,347438
2026-01-23T00:01:14.744691,Alserbachstraße,20,347169
2026-01-23T00:01:14.744691,Alserbachstraße,20,347944
2026-01-23T00:01:14.744691,Alserbachstraße,20,347934
2026-01-23T00:01:14.744691,Alserbachstraße,20,347903
2026-01-23T00:01:14.744691,Alserbachstraße,20,347632
2026-01-23T00:01:14.744691,Alserbachstraße,20,347540
2026-01-23T00:01:14.744691,Alserbachstraße,20,348489
2026-01-23T00:01:14.744691,Alserbachstraße,20,348364
2026-01-23T00:01:14.744691,Alserbachstraße,20,348336
2026-01-23T00:01:14.744691,Alserbachstraße,20,348116
2026-01-23T00:01:14.744691,Alserbachstraße,20,348057
2026-01-23T00:01:14.744691,Alserbachstraße,20,398736
2026-01-23T00:01:14.744691,Alserbachstraße,20,398722
2026-01-23T00:01:14.744691,Petrusgasse,13,345106
2026-01-23T00:01:14.744691,Petrusgasse,13,345535
2026-01-23T00:01:14.744691,Petrusgasse,13,346401
2026-01-23T00:01:14.744691,Petrusgasse,13,346240
2026-01-23T00:01:14.744691,Petrusgasse,13,346176
2026-01-23T00:01:14.744691,Petrusgasse,13,346623
2026-01-23T00:01:14.744691,Petrusgasse,13,347457
2026-01-23T00:01:14.744691,Petrusgasse,13,347144
2026-01-23T00:01:14.744691,Petrusgasse,13,347970
2026-01-23T00:01:14.744691,Petrusgasse,13,347928
2026-01-23T00:01:14.744691,Petrusgasse,13,347604
2026-01-23T00:01:14.744691,Petrusgasse,13,349005
2026-01-23T00:01:14.744691,Petrusgasse,13,348859
2026-01-23T00:01:14.744691,Wassergasse,28,345912
2026-01-23T00:01:14.744691,Wassergasse,28,345783
2026-01-23T00:01:14.744691,Wassergasse,28,345683
2026-01-23T00:01:14.744691,Wassergasse,28,345606
2026-01-23T00:01:14.744691,Wassergasse,28,345530
2026-01-23T00:01:14.744691,Wassergasse,28,346438
2026-01-23T00:01:14.744691,Wassergasse,28,346398
2026-01-23T00:01:14.744691,Wassergasse,28,346302
2026-01-23T00:01:14.744691,Wassergasse,28,346987
2026-01-23T00:01:14.744691,Wassergasse,28,346894
2026-01-23T00:01:14.744691,Wassergasse,28,346887
2026-01-23T00:01:14.744691,Wassergasse,28,346518
2026-01-23T00:01:14.744691,Wassergasse,28,346508
2026-01-23T00:01:14.744691,Wassergasse,28,347384
2026-01-23T00:01:14.744691,Wassergasse,28,347183
2026-01-23T00:01:14.744691,Wassergasse,28,347180
2026-01-23T00:01:14.744691,Wassergasse,28,347046
2026-01-23T00:01:14.744691,Wassergasse,28,347747
2026-01-23T00:01:14.744691,Wassergasse,28,347563
2026-01-23T00:01:14.744691,Wassergasse,28,347504
2026-01-23T00:01:14.744691,Wassergasse,28,348073
2026-01-23T00:01:14.744691,Wassergasse,28,348061
2026-01-23T00:01:14.744691,Wassergasse,28,348702
2026-01-23T00:01:14.744691,Wassergasse,28,348677
2026-01-23T00:01:14.744691,Wassergasse,28,398796
2026-01-23T00:01:14.744691,Wassergasse,28,398787
2026-01-23T00:01:14.744691,Wassergasse,28,349033
2026-01-23T00:01:14.744691,Wassergasse,28,349175
2026-01-23T00:01:14.744691,Löwengasse,2,347238
2026-01-23T00:01:14.744691,Löwengasse,2,348048
2026-01-23T00:01:14.744691,Kardinal-Nagl-Platz U,8,345845
2026-01-23T00:01:14.744691,Kardinal-Nagl-Platz U,8,345711
2026-01-23T00:01:14.744691,Kardinal-Nagl-Platz U,8,345590
2026-01-23T00:01:14.744691,Kardinal-Nagl-Platz U,8,345586
2026-01-23T00:01:14.744691,Kardinal-Nagl-Platz U,8,347407
2026-01-23T00:01:14.744691,Kardinal-Nagl-Platz U,8,347285
2026-01-23T00:01:14.744691,Kardinal-Nagl-Platz U,8,347088
2026-01-23T00:01:14.744691,Kardinal-Nagl-Platz U,8,348830
2026-01-23T00:01:14.744691,Kärntner Ring,15,345297
2026-01-23T00:01:14.744691,Kärntner Ring,15,345851
2026-01-23T00:01:14.744691,Kärntner Ring,15,345803
2026-01-23T00:01:14.744691,Kärntner Ring,15,345672
2026-01-23T00:01:14.744691,Kärntner Ring,15,346138
2026-01-23T00:01:14.744691,Kärntner Ring,15,346867
2026-01-23T00:01:14.744691,Kärntner Ring,15,346675
2026-01-23T00:01:14.744691,Kärntner Ring,15,346667
2026-01-23T00:01:14.744691,Kärntner Ring,15,346647
2026-01-23T00:01:14.744691,Kärntner Ring,15,347464
2026-01-23T00:01:14.744691,Kärntner Ring,15,347396
2026-01-23T00:01:14.744691,Kärntner Ring,15,347089
2026-01-23T00:01:14.744691,Kärntner Ring,15,347913
2026-01-23T00:01:14.744691,Kärntner Ring,15,398861
2026-01-23T00:01:14.744691,Kärntner Ring,15,349119
2026-01-23T00:01:14.744691,Schottenring U,20,345251
2026-01-23T00:01:14.744691,Schottenring U,20,345948
2026-01-23T00:01:14.744691,Schottenring U,20,345869
2026-01-23T00:01:14.744691,Schottenring U,20,345546
2026-01-23T00:01:14.744691,Schottenring U,20,346277
2026-01-23T00:01:14.744691,Schottenring U,20,346226
2026-01-23T00:01:14.744691,Schottenring U,20,346000
2026-01-23T00:01:14.744691,Schottenring U,20,346934
2026-01-23T00:01:14.744691,Schottenring U,20,346604
2026-01-23T00:01:14.744691,Schottenring U,20,347483
2026-01-23T00:01:14.744691,Schottenring U,20,347244
2026-01-23T00:01:14.744691,Schottenring U,20,347638
2026-01-23T00:01:14.744691,Schottenring U,20,348348
2026-01-23T00:01:14.744691,Schottenring U,20,348245
2026-01-23T00:01:14.744691,Schottenring U,20,348210
2026-01-23T00:01:14.744691,Schottenring U,20,348158
2026-01-23T00:01:14.744691,Schottenring U,20,348130
2026-01-23T00:01:14.744691,Schottenring U,20,348701
2026-01-23T00:01:14.744691,Schottenring U,20,398853
2026-01-23T00:01:14.744691,Schottenring U,20,349034
2026-01-23T00:01:14.744691,Strozzigasse,19,345384
2026-01-23T00:01:14.744691,Strozzigasse,19,345319
2026-01-23T00:01:14.744691,Strozzigasse,19,345315
2026-01-23T00:01:14.744691,Strozzigasse,19,345118
2026-01-23T00:01:14.744691,Strozzigasse,19,345116
2026-01-23T00:01:14.744691,Strozzigasse,19,345734
2026-01-23T00:01:14.744691,Strozzigasse,19,345646
2026-01-23T00:01:14.744691,Strozzigasse,19,345522
2026-01-23T00:01:14.744691,Strozzigasse,19,346465
2026-01-23T00:01:14.744691,Strozzigasse,19,346811
2026-01-23T00:01:14.744691,Strozzigasse,19,346771
2026-01-23T00:01:14.744691,Strozzigasse,19,346734
2026-01-23T00:01:14.744691,Strozzigasse,19,347471
2026-01-23T00:01:14.744691,Strozzigasse,19,347189
2026-01-23T00:01:14.744691,Strozzigasse,19,347185
2026-01-23T00:01:14.744691,Strozzigasse,19,347502
2026-01-23T00:01:14.744691,Strozzigasse,19,348409
2026-01-23T00:01:14.744691,Strozzigasse,19,348312
2026-01-23T00:01:14.744691,Strozzigasse,19,348274
2026-01-23T00:01:14.744691,Yppengasse,34,345404
2026-01-23T00:01:14.744691,Yppengasse,34,345140
2026-01-23T00:01:14.744691,Yppengasse,34,345138
2026-01-23T00:01:14.744691,Yppengasse,34,345101
2026-01-23T00:01:14.744691,Yppengasse,34,345062
2026-01-23T00:01:14.744691,Yppengasse,34,345748
2026-01-23T00:01:14.744691,Yppengasse,34,345669
2026-01-23T00:01:14.744691,Yppengasse,34,345553
2026-01-23T00:01:14.744691,Yppengasse,34,346404
2026-01-23T00:01:14.744691,Yppengasse,34,346399
2026-01-23T00:01:14.744691,Yppengasse,34,346291
2026-01-23T00:01:14.744691,Yppengasse,34,346235
2026-01-23T00:01:14.744691,Yppengasse,34,346200
2026-01-23T00:01:14.744691,Yppengasse,34,346191
2026-01-23T00:01:14.744691,Yppengasse,34,346183
2026-01-23T00:01:14.744691,Yppengasse,34,346602
2026-01-23T00:01:14.744691,Yppengasse,34,347490
2026-01-23T00:01:14.744691,Yppengasse,34,347489
2026-01-23T00:01:14.744691,Yppengasse,34,347303
2026-01-23T00:01:14.744691,Yppengasse,34,347236
2026-01-23T00:01:14.744691,Yppengasse,34,347229
2026-01-23T00:01:14.744691,Yppengasse,34,347129
2026-01-23T00:01:14.744691,Yppengasse,34,347980
2026-01-23T00:01:14.744691,Yppengasse,34,347960
2026-01-23T00:01:14.744691,Yppengasse,34,347706
2026-01-23T00:01:14.744691,Yppengasse,34,347681
2026-01-23T00:01:14.744691,Yppengasse,34,347646
2026-01-23T00:01:14.744691,Yppengasse,34,347603
2026-01-23T00:01:14.744691,Yppengasse,34,347544
2026-01-23T00:01:14.744691,Yppengasse,34,348454
2026-01-23T00:01:14.744691,Yppengasse,34,348415
2026-01-23T00:01:14.744691,Yppengasse,34,348300
2026-01-23T00:01:14.744691,Yppengasse,34,348616
2026-01-23T00:01:14.744691,Yppengasse,34,398749
2026-01-23T00:01:14.744691,Stefan-Fadinger-Platz,15,345210
2026-01-23T00:01:14.744691,Stefan-Fadinger-Platz,15,345185
2026-01-23T00:01:14.744691,Stefan-Fadinger-Platz,15,345102
2026-01-23T00:01:14.744691,Stefan-Fadinger-Platz,15,345616
2026-01-23T00:01:14.744691,Stefan-Fadinger-Platz,15,346477
2026-01-23T00:01:14.744691,Stefan-Fadinger-Platz,15,346415
2026-01-23T00:01:14.744691,Stefan-Fadinger-Platz,15,346905
2026-01-23T00:01:14.744691,Stefan-Fadinger-Platz,15,346877
2026-01-23T00:01:14.744691,Stefan-Fadinger-Platz,15,346609
2026-01-23T00:01:14.744691,Stefan-Fadinger-Platz,15,347329
2026-01-23T00:01:14.744691,Stefan-Fadinger-Platz,15,347164
2026-01-23T00:01:14.744691,Stefan-Fadinger-Platz,15,347780
2026-01-23T00:01:14.744691,Stefan-Fadinger-Platz,15,347595
2026-01-23T00:01:14.744691,Stefan-Fadinger-Platz,15,348470
2026-01-23T00:01:14.744691,Stefan-Fadinger-Platz,15,348524
2026-01-23T00:01:14.744691,Brünnlbadgasse,7,345286
2026-01-23T00:01:14.744691,Brünnlbadgasse,7,345796
2026-01-23T00:01:14.744691,Brünnlbadgasse,7,345744
2026-01-23T00:01:14.744691,Brünnlbadgasse,7,347039
2026-01-23T00:01:14.744691,Brünnlbadgasse,7,347580
2026-01-23T00:01:14.744691,Brünnlbadgasse,7,398726
2026-01-23T00:01:14.744691,Brünnlbadgasse,7,348877
2026-01-23T00:01:14.744691,Obere Augartenstraße,18,345298
2026-01-23T00:01:14.744691,Obere Augartenstraße,18,345136
2026-01-23T00:01:14.744691,Obere Augartenstraße,18,345030
2026-01-23T00:01:14.744691,Obere Augartenstraße,18,345929
2026-01-23T00:01:14.744691,Obere Augartenstraße,18,345914
2026-01-23T00:01:14.744691,Obere Augartenstraße,18,345819
2026-01-23T00:01:14.744691,Obere Augartenstraße,18,345631
2026-01-23T00:01:14.744691,Obere Augartenstraße,18,346445
2026-01-23T00:01:14.744691,Obere Augartenstraße,18,346405
2026-01-23T00:01:14.744691,Obere Augartenstraße,18,346198
2026-01-23T00:01:14.744691,Obere Augartenstraße,18,347289
2026-01-23T00:01:14.744691,Obere Augartenstraße,18,347231
2026-01-23T00:01:14.744691,Obere Augartenstraße,18,347993
2026-01-23T00:01:14.744691,Obere Augartenstraße,18,347880
2026-01-23T00:01:14.744691,Obere Augartenstraße,18,347808
2026-01-23T00:01:14.744691,Obere Augartenstraße,18,348418
2026-01-23T00:01:14.744691,Obere Augartenstraße,18,348608
2026-01-23T00:01:14.744691,Obere Augartenstraße,18,348995
2026-01-23T00:01:14.744691,Gußhausstraße / Argentinierstraße,8,345988
2026-01-23T00:01:14.744691,Gußhausstraße / Argentinierstraße,8,346713
2026-01-23T00:01:14.744691,Gußhausstraße / Argentinierstraße,8,347957
2026-01-23T00:01:14.744691,Gußhausstraße / Argentinierstraße,8,348553
2026-01-23T00:01:14.744691,Gußhausstraße / Argentinierstraße,8,398843
2026-01-23T00:01:14.744691,Gußhausstraße / Argentinierstraße,8,348982
2026-01-23T00:01:14.744691,Gußhausstraße / Argentinierstraße,8,348957
2026-01-23T00:01:14.744691,Gußhausstraße / Argentinierstraße,8,349164
2026-01-23T00:01:14.744691,Marschallplatz,9,345212
2026-01-23T00:01:14.744691,Marschallplatz,9,345981
2026-01-23T00:01:14.744691,Marschallplatz,9,345561
2026-01-23T00:01:14.744691,Marschallplatz,9,345542
2026-01-23T00:01:14.744691,Marschallplatz,9,346221
2026-01-23T00:01:14.744691,Marschallplatz,9,347466
2026-01-23T00:01:14.744691,Marschallplatz,9,348626
2026-01-23T00:01:14.744691,Marschallplatz,9,348583
2026-01-23T00:01:14.744691,Marschallplatz,9,348823
2026-01-23T00:01:14.744691,Ober St. Veit U,11,345418
2026-01-23T00:01:14.744691,Ober St. Veit U,11,345866
2026-01-23T00:01:14.744691,Ober St. Veit U,11,347290
2026-01-23T00:01:14.744691,Ober St. Veit U,11,347133
2026-01-23T00:01:14.744691,Ober St. Veit U,11,347114
2026-01-23T00:01:14.744691,Ober St. Veit U,11,347104
2026-01-23T00:01:14.744691,Ober St. Veit U,11,347853
2026-01-23T00:01:14.744691,Ober St. Veit U,11,347814
2026-01-23T00:01:14.744691,Ober St. Veit U,11,347687
2026-01-23T00:01:14.744691,Ober St. Veit U,11,347617
2026-01-23T00:01:14.744691,Ober St. Veit U,11,348448
2026-01-23T00:01:14.744691,Auf der Schmelz,21,345489
2026-01-23T00:01:14.744691,Auf der Schmelz,21,345432
2026-01-23T00:01:14.744691,Auf der Schmelz,21,345240
2026-01-23T00:01:14.744691,Auf der Schmelz,21,345107
2026-01-23T00:01:14.744691,Auf der Schmelz,21,345099
2026-01-23T00:01:14.744691,Auf der Schmelz,21,345921
2026-01-23T00:01:14.744691,Auf der Schmelz,21,345762
2026-01-23T00:01:14.744691,Auf der Schmelz,21,345619
2026-01-23T00:01:14.744691,Auf der Schmelz,21,346387
2026-01-23T00:01:14.744691,Auf der Schmelz,21,346929
2026-01-23T00:01:14.744691,Auf der Schmelz,21,346723
2026-01-23T00:01:14.744691,Auf der Schmelz,21,347468
2026-01-23T00:01:14.744691,Auf der Schmelz,21,347467
2026-01-23T00:01:14.744691,Auf der Schmelz,21,347447
2026-01-23T00:01:14.744691,Auf der Schmelz,21,347275
2026-01-23T00:01:14.744691,Auf der Schmelz,21,347057
2026-01-23T00:01:14.744691,Auf der Schmelz,21,347812
2026-01-23T00:01:14.744691,Auf der Schmelz,21,348422
2026-01-23T00:01:14.744691,Auf der Schmelz,21,348363
2026-01-23T00:01:14.744691,Auf der Schmelz,21,348264
2026-01-23T00:01:14.744691,Auf der Schmelz,21,349193
2026-01-23T00:01:14.744691,Grimmgasse,13,345496
2026-01-23T00:01:14.744691,Grimmgasse,13,345805
2026-01-23T00:01:14.744691,Grimmgasse,13,345776
2026-01-23T00:01:14.744691,Grimmgasse,13,346175
2026-01-23T00:01:14.744691,Grimmgasse,13,346012
2026-01-23T00:01:14.744691,Grimmgasse,13,346998
2026-01-23T00:01:14.744691,Grimmgasse,13,346900
2026-01-23T00:01:14.744691,Grimmgasse,13,347374
2026-01-23T00:01:14.744691,Grimmgasse,13,347298
2026-01-23T00:01:14.744691,Grimmgasse,13,347954
2026-01-23T00:01:14.744691,Grimmgasse,13,348388
2026-01-23T00:01:14.744691,Grimmgasse,13,348544
2026-01-23T00:01:14.744691,Grimmgasse,13,398867
2026-01-23T00:01:14.744691,Parhamerplatz,32,345357
2026-01-23T00:01:14.744691,Parhamerplatz,32,345348
2026-01-23T00:01:14.744691,Parhamerplatz,32,345269
2026-01-23T00:01:14.744691,Parhamerplatz,32,345214
2026-01-23T00:01:14.744691,Parhamerplatz,32,345095
2026-01-23T00:01:14.744691,Parhamerplatz,32,345074
2026-01-23T00:01:14.744691,Parhamerplatz,32,345052
2026-01-23T00:01:14.744691,Parhamerplatz,32,345976
2026-01-23T00:01:14.744691,Parhamerplatz,32,345881
2026-01-23T00:01:14.744691,Parhamerplatz,32,345849
2026-01-23T00:01:14.744691,Parhamerplatz,32,345807
2026-01-23T00:01:14.744691,Parhamerplatz,32,345768
2026-01-23T00:01:14.744691,Parhamerplatz,32,345687
2026-01-23T00:01:14.744691,Parhamerplatz,32,346475
2026-01-23T00:01:14.744691,Parhamerplatz,32,346210
2026-01-23T00:01:14.744691,Parhamerplatz,32,346105
2026-01-23T00:01:14.744691,Parhamerplatz,32,346994
2026-01-23T00:01:14.744691,Parhamerplatz,32,346957
2026-01-23T00:01:14.744691,Parhamerplatz,32,346861
2026-01-23T00:01:14.744691,Parhamerplatz,32,346778
2026-01-23T00:01:14.744691,Parhamerplatz,32,346569
2026-01-23T00:01:14.744691,Parhamerplatz,32,347906
2026-01-23T00:01:14.744691,Parhamerplatz,32,347884
2026-01-23T00:01:14.744691,Parhamerplatz,32,347863
2026-01-23T00:01:14.744691,Parhamerplatz,32,347791
2026-01-23T00:01:14.744691,Parhamerplatz,32,347786
2026-01-23T00:01:14.744691,Parhamerplatz,32,347650
2026-01-23T00:01:14.744691,Parhamerplatz,32,348379
2026-01-23T00:01:14.744691,Parhamerplatz,32,348289
2026-01-23T00:01:14.744691,Parhamerplatz,32,348255
2026-01-23T00:01:14.744691,Parhamerplatz,32,348588
2026-01-23T00:01:14.744691,Parhamerplatz,32,398730
2026-01-23T00:01:14.744691,Kendlerstraße U,15,345081
2026-01-23T00:01:14.744691,Kendlerstraße U,15,345959
2026-01-23T00:01:14.744691,Kendlerstraße U,15,345694
2026-01-23T00:01:14.744691,Kendlerstraße U,15,345622
2026-01-23T00:01:14.744691,Kendlerstraße U,15,345531
2026-01-23T00:01:14.744691,Kendlerstraße U,15,346641
2026-01-23T00:01:14.744691,Kendlerstraße U,15,347024
2026-01-23T00:01:14.744691,Kendlerstraße U,15,347858
2026-01-23T00:01:14.744691,Kendlerstraße U,15,348375
2026-01-23T00:01:14.744691,Kendlerstraße U,15,348311
2026-01-23T00:01:14.744691,Kendlerstraße U,15,348261
2026-01-23T00:01:14.744691,Kendlerstraße U,15,348187
2026-01-23T00:01:14.744691,Kendlerstraße U,15,398825
2026-01-23T00:01:14.744691,Kendlerstraße U,15,348972
2026-01-23T00:01:14.744691,Kendlerstraße U,15,349116
2026-01-23T00:01:14.744691,Dornerplatz,21,345425
2026-01-23T00:01:14.744691,Dornerplatz,21,345335
2026-01-23T00:01:14.744691,Dornerplatz,21,345259
2026-01-23T00:01:14.744691,Dornerplatz,21,345246
2026-01-23T00:01:14.744691,Dornerplatz,21,345228
2026-01-23T00:01:14.744691,Dornerplatz,21,345658
2026-01-23T00:01:14.744691,Dornerplatz,21,346462
2026-01-23T00:01:14.744691,Dornerplatz,21,346044
2026-01-23T00:01:14.744691,Dornerplatz,21,346626
2026-01-23T00:01:14.744691,Dornerplatz,21,346509
2026-01-23T00:01:14.744691,Dornerplatz,21,347342
2026-01-23T00:01:14.744691,Dornerplatz,21,347252
2026-01-23T00:01:14.744691,Dornerplatz,21,347224
2026-01-23T00:01:14.744691,Dornerplatz,21,347123
2026-01-23T00:01:14.744691,Dornerplatz,21,347778
2026-01-23T00:01:14.744691,Dornerplatz,21,347746
2026-01-23T00:01:14.744691,Dornerplatz,21,348236
2026-01-23T00:01:14.744691,Dornerplatz,21,348107
2026-01-23T00:01:14.744691,Dornerplatz,21,348577
2026-01-23T00:01:14.744691,Dornerplatz,21,348888
2026-01-23T00:01:14.744691,Dornerplatz,21,349158
2026-01-23T00:01:14.744691,Hernals S,11,345589
2026-01-23T00:01:14.744691,Hernals S,11,346479
2026-01-23T00:01:14.744691,Hernals S,11,346319
2026-01-23T00:01:14.744691,Hernals S,11,346229
2026-01-23T00:01:14.744691,Hernals S,11,346129
2026-01-23T00:01:14.744691,Hernals S,11,347041
2026-01-23T00:01:14.744691,Hernals S,11,347020
2026-01-23T00:01:14.744691,Hernals S,11,347788
2026-01-23T00:01:14.744691,Hernals S,11,347772
2026-01-23T00:01:14.744691,Hernals S,11,348089
2026-01-23T00:01:14.744691,Hernals S,11,348015
2026-01-23T00:01:14.744691,Schmelzbrücke,17,345429
2026-01-23T00:01:14.744691,Schmelzbrücke,17,345235
2026-01-23T00:01:14.744691,Schmelzbrücke,17,345096
2026-01-23T00:01:14.744691,Schmelzbrücke,17,346425
2026-01-23T00:01:14.744691,Schmelzbrücke,17,346932
2026-01-23T00:01:14.744691,Schmelzbrücke,17,346517
2026-01-23T00:01:14.744691,Schmelzbrücke,17,347480
2026-01-23T00:01:14.744691,Schmelzbrücke,17,347299
2026-01-23T00:01:14.744691,Schmelzbrücke,17,347242
2026-01-23T00:01:14.744691,Schmelzbrücke,17,347155
2026-01-23T00:01:14.744691,Schmelzbrücke,17,347642
2026-01-23T00:01:14.744691,Schmelzbrücke,17,348434
2026-01-23T00:01:14.744691,Schmelzbrücke,17,348425
2026-01-23T00:01:14.744691,Schmelzbrücke,17,348424
2026-01-23T00:01:14.744691,Schmelzbrücke,17,348405
2026-01-23T00:01:14.744691,Schmelzbrücke,17,348065
2026-01-23T00:01:14.744691,Schmelzbrücke,17,398801
2026-01-23T00:01:14.744691,Michelbeuern-AKH U,28,345497
2026-01-23T00:01:14.744691,Michelbeuern-AKH U,28,345962
2026-01-23T00:01:14.744691,Michelbeuern-AKH U,28,345918
2026-01-23T00:01:14.744691,Michelbeuern-AKH U,28,345911
2026-01-23T00:01:14.744691,Michelbeuern-AKH U,28,345609
2026-01-23T00:01:14.744691,Michelbeuern-AKH U,28,346324
2026-01-23T00:01:14.744691,Michelbeuern-AKH U,28,346204
2026-01-23T00:01:14.744691,Michelbeuern-AKH U,28,346192
2026-01-23T00:01:14.744691,Michelbeuern-AKH U,28,346088
2026-01-23T00:01:14.744691,Michelbeuern-AKH U,28,346050
2026-01-23T00:01:14.744691,Michelbeuern-AKH U,28,346720
2026-01-23T00:01:14.744691,Michelbeuern-AKH U,28,346514
2026-01-23T00:01:14.744691,Michelbeuern-AKH U,28,347347
2026-01-23T00:01:14.744691,Michelbeuern-AKH U,28,347751
2026-01-23T00:01:14.744691,Michelbeuern-AKH U,28,347545
2026-01-23T00:01:14.744691,Michelbeuern-AKH U,28,347535
2026-01-23T00:01:14.744691,Michelbeuern-AKH U,28,347522
2026-01-23T00:01:14.744691,Michelbeuern-AKH U,28,348498
2026-01-23T00:01:14.744691,Michelbeuern-AKH U,28,348327
2026-01-23T00:01:14.744691,Michelbeuern-AKH U,28,348309
2026-01-23T00:01:14.744691,Michelbeuern-AKH U,28,348166
2026-01-23T00:01:14.744691,Michelbeuern-AKH U,28,348122
2026-01-23T00:01:14.744691,Michelbeuern-AKH U,28,348018
2026-01-23T00:01:14.744691,Michelbeuern-AKH U,28,348688
2026-01-23T00:01:14.744691,Michelbeuern-AKH U,28,348684
2026-01-23T00:01:14.744691,Michelbeuern-AKH U,28,398717
2026-01-23T00:01:14.744691,Michelbeuern-AKH U,28,349000
2026-01-23T00:01:14.744691,Michelbeuern-AKH U,28,348988
2026-01-23T00:01:14.744691,Johann-Nepomuk-Vogl-Platz,18,345317
2026-01-23T00:01:14.744691,Johann-Nepomuk-Vogl-Platz,18,345139
2026-01-23T00:01:14.744691,Johann-Nepomuk-Vogl-Platz,18,346357
2026-01-23T00:01:14.744691,Johann-Nepomuk-Vogl-Platz,18,346343
2026-01-23T00:01:14.744691,Johann-Nepomuk-Vogl-Platz,18,346251
2026-01-23T00:01:14.744691,Johann-Nepomuk-Vogl-Platz,18,347803
2026-01-23T00:01:14.744691,Johann-Nepomuk-Vogl-Platz,18,347718
2026-01-23T00:01:14.744691,Johann-Nepomuk-Vogl-Platz,18,347686
2026-01-23T00:01:14.744691,Johann-Nepomuk-Vogl-Platz,18,348436
2026-01-23T00:01:14.744691,Johann-Nepomuk-Vogl-Platz,18,348191
2026-01-23T00:01:14.744691,Johann-Nepomuk-Vogl-Platz,18,348008
2026-01-23T00:01:14.744691,Johann-Nepomuk-Vogl-Platz,18,348587
2026-01-23T00:01:14.744691,Johann-Nepomuk-Vogl-Platz,18,398860
2026-01-23T00:01:14.744691,Johann-Nepomuk-Vogl-Platz,18,398727
2026-01-23T00:01:14.744691,Johann-Nepomuk-Vogl-Platz,18,349028
2026-01-23T00:01:14.744691,Johann-Nepomuk-Vogl-Platz,18,348939
2026-01-23T00:01:14.744691,Johann-Nepomuk-Vogl-Platz,18,348897
2026-01-23T00:01:14.744691,Johann-Nepomuk-Vogl-Platz,18,348827
2026-01-23T00:01:14.744691,Mayerhofgasse,3,345328
2026-01-23T00:01:14.744691,Mayerhofgasse,3,346621
2026-01-23T00:01:14.744691,Mayerhofgasse,3,348643
2026-01-23T00:01:14.744691,Westbahnstraße / Schottenfeldgasse,4,345823
2026-01-23T00:01:14.744691,Westbahnstraße / Schottenfeldgasse,4,346028
2026-01-23T00:01:14.744691,Westbahnstraße / Schottenfeldgasse,4,347367
2026-01-23T00:01:14.744691,Westbahnstraße / Schottenfeldgasse,4,349146
2026-01-23T00:01:14.744691,Vorgartenstraße U,18,345928
2026-01-23T00:01:14.744691,Vorgartenstraße U,18,345909
2026-01-23T00:01:14.744691,Vorgartenstraße U,18,345637
2026-01-23T00:01:14.744691,Vorgartenstraße U,18,345532
2026-01-23T00:01:14.744691,Vorgartenstraße U,18,346259
2026-01-23T00:01:14.744691,Vorgartenstraße U,18,346233
2026-01-23T00:01:14.744691,Vorgartenstraße U,18,346160
2026-01-23T00:01:14.744691,Vorgartenstraße U,18,346013
2026-01-23T00:01:14.744691,Vorgartenstraße U,18,346968
2026-01-23T00:01:14.744691,Vorgartenstraße U,18,346779
2026-01-23T00:01:14.744691,Vorgartenstraße U,18,347443
2026-01-23T00:01:14.744691,Vorgartenstraße U,18,347073
2026-01-23T00:01:14.744691,Vorgartenstraße U,18,347752
2026-01-23T00:01:14.744691,Vorgartenstraße U,18,347613
2026-01-23T00:01:14.744691,Vorgartenstraße U,18,347511
2026-01-23T00:01:14.744691,Vorgartenstraße U,18,347508
2026-01-23T00:01:14.744691,Vorgartenstraße U,18,348010
2026-01-23T00:01:14.744691,Vorgartenstraße U,18,348885
2026-01-23T00:01:14.744691,Krieau U,15,345192
2026-01-23T00:01:14.744691,Krieau U,15,345144
2026-01-23T00:01:14.744691,Krieau U,15,345038
2026-01-23T00:01:14.744691,Krieau U,15,345007
2026-01-23T00:01:14.744691,Krieau U,15,345906
2026-01-23T00:01:14.744691,Krieau U,15,346741
2026-01-23T00:01:14.744691,Krieau U,15,346596
2026-01-23T00:01:14.744691,Krieau U,15,346587
2026-01-23T00:01:14.744691,Krieau U,15,347107
2026-01-23T00:01:14.744691,Krieau U,15,347800
2026-01-23T00:01:14.744691,Krieau U,15,347566
2026-01-23T00:01:14.744691,Krieau U,15,348421
2026-01-23T00:01:14.744691,Krieau U,15,348076
2026-01-23T00:01:14.744691,Krieau U,15,348067
2026-01-23T00:01:14.744691,Krieau U,15,349141
2026-01-23T00:01:14.744691,Ottakring S U,30,345474
2026-01-23T00:01:14.744691,Ottakring S U,30,345412
2026-01-23T00:01:14.744691,Ottakring S U,30,345078
2026-01-23T00:01:14.744691,Ottakring S U,30,345060
2026-01-23T00:01:14.744691,Ottakring S U,30,345986
2026-01-23T00:01:14.744691,Ottakring S U,30,345857
2026-01-23T00:01:14.744691,Ottakring S U,30,345707
2026-01-23T00:01:14.744691,Ottakring S U,30,345556
2026-01-23T00:01:14.744691,Ottakring S U,30,346414
2026-01-23T00:01:14.744691,Ottakring S U,30,346400
2026-01-23T00:01:14.744691,Ottakring S U,30,346977
2026-01-23T00:01:14.744691,Ottakring S U,30,346974
2026-01-23T00:01:14.744691,Ottakring S U,30,346913
2026-01-23T00:01:14.744691,Ottakring S U,30,346844
2026-01-23T00:01:14.744691,Ottakring S U,30,346823
2026-01-23T00:01:14.744691,Ottakring S U,30,346766
2026-01-23T00:01:14.744691,Ottakring S U,30,346737
2026-01-23T00:01:14.744691,Ottakring S U,30,346677
2026-01-23T00:01:14.744691,Ottakring S U,30,346614
2026-01-23T00:01:14.744691,Ottakring S U,30,347382
2026-01-23T00:01:14.744691,Ottakring S U,30,347325
2026-01-23T00:01:14.744691,Ottakring S U,30,347198
2026-01-23T00:01:14.744691,Ottakring S U,30,347115
2026-01-23T00:01:14.744691,Ottakring S U,30,347081
2026-01-23T00:01:14.744691,Ottakring S U,30,347691
2026-01-23T00:01:14.744691,Ottakring S U,30,347554
2026-01-23T00:01:14.744691,Ottakring S U,30,347520
2026-01-23T00:01:14.744691,Ottakring S U,30,348361
2026-01-23T00:01:14.744691,Ottakring S U,30,348149
2026-01-23T00:01:14.744691,Ottakring S U,30,398795
2026-01-23T00:01:14.744691,Hartmanngasse ,9,345066
2026-01-23T00:01:14.744691,Hartmanngasse ,9,345808
2026-01-23T00:01:14.744691,Hartmanngasse ,9,346093
2026-01-23T00:01:14.744691,Hartmanngasse ,9,347421
2026-01-23T00:01:14.744691,Hartmanngasse ,9,347064
2026-01-23T00:01:14.744691,Hartmanngasse ,9,347872
2026-01-23T00:01:14.744691,Hartmanngasse ,9,347729
2026-01-23T00:01:14.744691,Hartmanngasse ,9,348651
2026-01-23T00:01:14.744691,Hartmanngasse ,9,348546
2026-01-23T00:01:14.744691,Nestroyplatz U,5,345314
2026-01-23T00:01:14.744691,Nestroyplatz U,5,346424
2026-01-23T00:01:14.744691,Nestroyplatz U,5,346219
2026-01-23T00:01:14.744691,Nestroyplatz U,5,346906
2026-01-23T00:01:14.744691,Nestroyplatz U,5,349127
2026-01-23T00:01:14.744691,Messe-Prater U,32,345088
2026-01-23T00:01:14.744691,Messe-Prater U,32,345771
2026-01-23T00:01:14.744691,Messe-Prater U,32,346430
2026-01-23T00:01:14.744691,Messe-Prater U,32,346248
2026-01-23T00:01:14.744691,Messe-Prater U,32,346197
2026-01-23T00:01:14.744691,Messe-Prater U,32,346136
2026-01-23T00:01:14.744691,Messe-Prater U,32,346001
2026-01-23T00:01:14.744691,Messe-Prater U,32,346792
2026-01-23T00:01:14.744691,Messe-Prater U,32,346671
2026-01-23T00:01:14.744691,Messe-Prater U,32,346642
2026-01-23T00:01:14.744691,Messe-Prater U,32,347444
2026-01-23T00:01:14.744691,Messe-Prater U,32,347314
2026-01-23T00:01:14.744691,Messe-Prater U,32,347287
2026-01-23T00:01:14.744691,Messe-Prater U,32,347151
2026-01-23T00:01:14.744691,Messe-Prater U,32,347147
2026-01-23T00:01:14.744691,Messe-Prater U,32,347136
2026-01-23T00:01:14.744691,Messe-Prater U,32,347922
2026-01-23T00:01:14.744691,Messe-Prater U,32,347796
2026-01-23T00:01:14.744691,Messe-Prater U,32,347709
2026-01-23T00:01:14.744691,Messe-Prater U,32,347512
2026-01-23T00:01:14.744691,Messe-Prater U,32,348429
2026-01-23T00:01:14.744691,Messe-Prater U,32,348428
2026-01-23T00:01:14.744691,Messe-Prater U,32,348208
2026-01-23T00:01:14.744691,Messe-Prater U,32,348128
2026-01-23T00:01:14.744691,Messe-Prater U,32,348648
2026-01-23T00:01:14.744691,Messe-Prater U,32,348585
2026-01-23T00:01:14.744691,Messe-Prater U,32,349019
2026-01-23T00:01:14.744691,Messe-Prater U,32,349009
2026-01-23T00:01:14.744691,Messe-Prater U,32,348978
2026-01-23T00:01:14.744691,Messe-Prater U,32,348956
2026-01-23T00:01:14.744691,Messe-Prater U,32,349181
2026-01-23T00:01:14.744691,Messe-Prater U,32,349176
2026-01-23T00:01:14.744691,Loquaiplatz,16,345499
2026-01-23T00:01:14.744691,Loquaiplatz,16,345733
2026-01-23T00:01:14.744691,Loquaiplatz,16,346418
2026-01-23T00:01:14.744691,Loquaiplatz,16,346322
2026-01-23T00:01:14.744691,Loquaiplatz,16,346145
2026-01-23T00:01:14.744691,Loquaiplatz,16,346143
2026-01-23T00:01:14.744691,Loquaiplatz,16,346069
2026-01-23T00:01:14.744691,Loquaiplatz,16,346744
2026-01-23T00:01:14.744691,Loquaiplatz,16,347362
2026-01-23T00:01:14.744691,Loquaiplatz,16,347128
2026-01-23T00:01:14.744691,Loquaiplatz,16,347953
2026-01-23T00:01:14.744691,Loquaiplatz,16,347662
2026-01-23T00:01:14.744691,Loquaiplatz,16,348350
2026-01-23T00:01:14.744691,Loquaiplatz,16,348665
2026-01-23T00:01:14.744691,Loquaiplatz,16,348539
2026-01-23T00:01:14.744691,Loquaiplatz,16,348536
2026-01-23T00:01:14.744691,Rosensteingasse,25,345292
2026-01-23T00:01:14.744691,Rosensteingasse,25,345993
2026-01-23T00:01:14.744691,Rosensteingasse,25,345979
2026-01-23T00:01:14.744691,Rosensteingasse,25,345955
2026-01-23T00:01:14.744691,Rosensteingasse,25,345788
2026-01-23T00:01:14.744691,Rosensteingasse,25,345775
2026-01-23T00:01:14.744691,Rosensteingasse,25,345668
2026-01-23T00:01:14.744691,Rosensteingasse,25,345545
2026-01-23T00:01:14.744691,Rosensteingasse,25,345517
2026-01-23T00:01:14.744691,Rosensteingasse,25,346444
2026-01-23T00:01:14.744691,Rosensteingasse,25,346139
2026-01-23T00:01:14.744691,Rosensteingasse,25,346133
2026-01-23T00:01:14.744691,Rosensteingasse,25,346066
2026-01-23T00:01:14.744691,Rosensteingasse,25,346943
2026-01-23T00:01:14.744691,Rosensteingasse,25,346531
2026-01-23T00:01:14.744691,Rosensteingasse,25,347476
2026-01-23T00:01:14.744691,Rosensteingasse,25,347689
2026-01-23T00:01:14.744691,Rosensteingasse,25,348391
2026-01-23T00:01:14.744691,Rosensteingasse,25,348370
2026-01-23T00:01:14.744691,Rosensteingasse,25,348369
2026-01-23T00:01:14.744691,Rosensteingasse,25,348317
2026-01-23T00:01:14.744691,Rosensteingasse,25,348215
2026-01-23T00:01:14.744691,Rosensteingasse,25,348628
2026-01-23T00:01:14.744691,Rosensteingasse,25,348557
2026-01-23T00:01:14.744691,Rosensteingasse,25,348858
2026-01-23T00:01:14.744691,Gumpendorfer Gürtel,13,345446
2026-01-23T00:01:14.744691,Gumpendorfer Gürtel,13,345371
2026-01-23T00:01:14.744691,Gumpendorfer Gürtel,13,345338
2026-01-23T00:01:14.744691,Gumpendorfer Gürtel,13,345737
2026-01-23T00:01:14.744691,Gumpendorfer Gürtel,13,345651
2026-01-23T00:01:14.744691,Gumpendorfer Gürtel,13,346117
2026-01-23T00:01:14.744691,Gumpendorfer Gürtel,13,346087
2026-01-23T00:01:14.744691,Gumpendorfer Gürtel,13,346959
2026-01-23T00:01:14.744691,Gumpendorfer Gürtel,13,347473
2026-01-23T00:01:14.744691,Gumpendorfer Gürtel,13,347184
2026-01-23T00:01:14.744691,Gumpendorfer Gürtel,13,347532
2026-01-23T00:01:14.744691,Gumpendorfer Gürtel,13,349020
2026-01-23T00:01:14.744691,Gumpendorfer Gürtel,13,348918
2026-01-23T00:01:14.744691,Burggasse-Stadthalle U,14,345197
2026-01-23T00:01:14.744691,Burggasse-Stadthalle U,14,345162
2026-01-23T00:01:14.744691,Burggasse-Stadthalle U,14,345146
2026-01-23T00:01:14.744691,Burggasse-Stadthalle U,14,345843
2026-01-23T00:01:14.744691,Burggasse-Stadthalle U,14,346468
2026-01-23T00:01:14.744691,Burggasse-Stadthalle U,14,346208
2026-01-23T00:01:14.744691,Burggasse-Stadthalle U,14,346055
2026-01-23T00:01:14.744691,Burggasse-Stadthalle U,14,346627
2026-01-23T00:01:14.744691,Burggasse-Stadthalle U,14,346613
2026-01-23T00:01:14.744691,Burggasse-Stadthalle U,14,347049
2026-01-23T00:01:14.744691,Burggasse-Stadthalle U,14,348334
2026-01-23T00:01:14.744691,Burggasse-Stadthalle U,14,348321
2026-01-23T00:01:14.744691,Burggasse-Stadthalle U,14,348292
2026-01-23T00:01:14.744691,Burggasse-Stadthalle U,14,349118
2026-01-23T00:01:14.744691,Urban-Loritz-Platz,21,345336
2026-01-23T00:01:14.744691,Urban-Loritz-Platz,21,345201
2026-01-23T00:01:14.744691,Urban-Loritz-Platz,21,345132
2026-01-23T00:01:14.744691,Urban-Loritz-Platz,21,345086
2026-01-23T00:01:14.744691,Urban-Loritz-Platz,21,345957
2026-01-23T00:01:14.744691,Urban-Loritz-Platz,21,345664
2026-01-23T00:01:14.744691,Urban-Loritz-Platz,21,346297
2026-01-23T00:01:14.744691,Urban-Loritz-Platz,21,346256
2026-01-23T00:01:14.744691,Urban-Loritz-Platz,21,346884
2026-01-23T00:01:14.744691,Urban-Loritz-Platz,21,346883
2026-01-23T00:01:14.744691,Urban-Loritz-Platz,21,346548
2026-01-23T00:01:14.744691,Urban-Loritz-Platz,21,346524
2026-01-23T00:01:14.744691,Urban-Loritz-Platz,21,347446
2026-01-23T00:01:14.744691,Urban-Loritz-Platz,21,347987
2026-01-23T00:01:14.744691,Urban-Loritz-Platz,21,347529
2026-01-23T00:01:14.744691,Urban-Loritz-Platz,21,348301
2026-01-23T00:01:14.744691,Urban-Loritz-Platz,21,348710
2026-01-23T00:01:14.744691,Urban-Loritz-Platz,21,348606
2026-01-23T00:01:14.744691,Urban-Loritz-Platz,21,348529
2026-01-23T00:01:14.744691,Urban-Loritz-Platz,21,348518
2026-01-23T00:01:14.744691,Urban-Loritz-Platz,21,398868
2026-01-23T00:01:14.744691,Hanusch Krankenhaus,17,345468
2026-01-23T00:01:14.744691,Hanusch Krankenhaus,17,345001
2026-01-23T00:01:14.744691,Hanusch Krankenhaus,17,345938
2026-01-23T00:01:14.744691,Hanusch Krankenhaus,17,345815
2026-01-23T00:01:14.744691,Hanusch Krankenhaus,17,345611
2026-01-23T00:01:14.744691,Hanusch Krankenhaus,17,346255
2026-01-23T00:01:14.744691,Hanusch Krankenhaus,17,346025
2026-01-23T00:01:14.744691,Hanusch Krankenhaus,17,346955
2026-01-23T00:01:14.744691,Hanusch Krankenhaus,17,346878
2026-01-23T00:01:14.744691,Hanusch Krankenhaus,17,347150
2026-01-23T00:01:14.744691,Hanusch Krankenhaus,17,347927
2026-01-23T00:01:14.744691,Hanusch Krankenhaus,17,347902
2026-01-23T00:01:14.744691,Hanusch Krankenhaus,17,348156
2026-01-23T00:01:14.744691,Hanusch Krankenhaus,17,348523
2026-01-23T00:01:14.744691,Hanusch Krankenhaus,17,398718
2026-01-23T00:01:14.744691,Hanusch Krankenhaus,17,349045
2026-01-23T00:01:14.744691,Hanusch Krankenhaus,17,349037
2026-01-23T00:01:14.744691,Westbahnhof S U / Gerstnerstraße,23,345329
2026-01-23T00:01:14.744691,Westbahnhof S U / Gerstnerstraße,23,345281
2026-01-23T00:01:14.744691,Westbahnhof S U / Gerstnerstraße,23,345256
2026-01-23T00:01:14.744691,Westbahnhof S U / Gerstnerstraße,23,345945
2026-01-23T00:01:14.744691,Westbahnhof S U / Gerstnerstraße,23,345910
2026-01-23T00:01:14.744691,Westbahnhof S U / Gerstnerstraße,23,345773
2026-01-23T00:01:14.744691,Westbahnhof S U / Gerstnerstraße,23,346453
2026-01-23T00:01:14.744691,Westbahnhof S U / Gerstnerstraße,23,346417
2026-01-23T00:01:14.744691,Westbahnhof S U / Gerstnerstraße,23,346339
2026-01-23T00:01:14.744691,Westbahnhof S U / Gerstnerstraße,23,346122
2026-01-23T00:01:14.744691,Westbahnhof S U / Gerstnerstraße,23,346816
2026-01-23T00:01:14.744691,Westbahnhof S U / Gerstnerstraße,23,346739
2026-01-23T00:01:14.744691,Westbahnhof S U / Gerstnerstraße,23,346733
2026-01-23T00:01:14.744691,Westbahnhof S U / Gerstnerstraße,23,347364
2026-01-23T00:01:14.744691,Westbahnhof S U / Gerstnerstraße,23,347323
2026-01-23T00:01:14.744691,Westbahnhof S U / Gerstnerstraße,23,347916
2026-01-23T00:01:14.744691,Westbahnhof S U / Gerstnerstraße,23,347886
2026-01-23T00:01:14.744691,Westbahnhof S U / Gerstnerstraße,23,347533
2026-01-23T00:01:14.744691,Westbahnhof S U / Gerstnerstraße,23,348451
2026-01-23T00:01:14.744691,Westbahnhof S U / Gerstnerstraße,23,348205
2026-01-23T00:01:14.744691,Westbahnhof S U / Gerstnerstraße,23,348184
2026-01-23T00:01:14.744691,Westbahnhof S U / Gerstnerstraße,23,348058
2026-01-23T00:01:14.744691,Westbahnhof S U / Gerstnerstraße,23,348669
2026-01-23T00:01:14.744691,Wieningerplatz,34,345372
2026-01-23T00:01:14.744691,Wieningerplatz,34,345302
2026-01-23T00:01:14.744691,Wieningerplatz,34,345943
2026-01-23T00:01:14.744691,Wieningerplatz,34,345905
2026-01-23T00:01:14.744691,Wieningerplatz,34,345884
2026-01-23T00:01:14.744691,Wieningerplatz,34,345847
2026-01-23T00:01:14.744691,Wieningerplatz,34,345597
2026-01-23T00:01:14.744691,Wieningerplatz,34,346406
2026-01-23T00:01:14.744691,Wieningerplatz,34,346154
2026-01-23T00:01:14.744691,Wieningerplatz,34,346153
2026-01-23T00:01:14.744691,Wieningerplatz,34,346141
2026-01-23T00:01:14.744691,Wieningerplatz,34,346124
2026-01-23T00:01:14.744691,Wieningerplatz,34,346067
2026-01-23T00:01:14.744691,Wieningerplatz,34,346880
2026-01-23T00:01:14.744691,Wieningerplatz,34,346754
2026-01-23T00:01:14.744691,Wieningerplatz,34,346565
2026-01-23T00:01:14.744691,Wieningerplatz,34,347436
2026-01-23T00:01:14.744691,Wieningerplatz,34,347301
2026-01-23T00:01:14.744691,Wieningerplatz,34,347140
2026-01-23T00:01:14.744691,Wieningerplatz,34,347093
2026-01-23T00:01:14.744691,Wieningerplatz,34,347091
2026-01-23T00:01:14.744691,Wieningerplatz,34,347640
2026-01-23T00:01:14.744691,Wieningerplatz,34,347570
2026-01-23T00:01:14.744691,Wieningerplatz,34,347559
2026-01-23T00:01:14.744691,Wieningerplatz,34,348308
2026-01-23T00:01:14.744691,Wieningerplatz,34,348031
2026-01-23T00:01:14.744691,Wieningerplatz,34,348680
2026-01-23T00:01:14.744691,Wieningerplatz,34,348679
2026-01-23T00:01:14.744691,Wieningerplatz,34,348589
2026-01-23T00:01:14.744691,Wieningerplatz,34,348537
2026-01-23T00:01:14.744691,Wieningerplatz,34,348517
2026-01-23T00:01:14.744691,Wieningerplatz,34,398862
2026-01-23T00:01:14.744691,Wieningerplatz,34,398839
2026-01-23T00:01:14.744691,Wieningerplatz,34,349053
2026-01-23T00:01:14.744691,Markgraf-Rüdiger Straße,22,345475
2026-01-23T00:01:14.744691,Markgraf-Rüdiger Straße,22,345241
2026-01-23T00:01:14.744691,Markgraf-Rüdiger Straße,22,345971
2026-01-23T00:01:14.744691,Markgraf-Rüdiger Straße,22,345832
2026-01-23T00:01:14.744691,Markgraf-Rüdiger Straße,22,345699
2026-01-23T00:01:14.744691,Markgraf-Rüdiger Straße,22,345540
2026-01-23T00:01:14.744691,Markgraf-Rüdiger Straße,22,345511
2026-01-23T00:01:14.744691,Markgraf-Rüdiger Straße,22,346488
2026-01-23T00:01:14.744691,Markgraf-Rüdiger Straße,22,346282
2026-01-23T00:01:14.744691,Markgraf-Rüdiger Straße,22,346132
2026-01-23T00:01:14.744691,Markgraf-Rüdiger Straße,22,346965
2026-01-23T00:01:14.744691,Markgraf-Rüdiger Straße,22,346940
2026-01-23T00:01:14.744691,Markgraf-Rüdiger Straße,22,346860
2026-01-23T00:01:14.744691,Markgraf-Rüdiger Straße,22,347368
2026-01-23T00:01:14.744691,Markgraf-Rüdiger Straße,22,347366
2026-01-23T00:01:14.744691,Markgraf-Rüdiger Straße,22,347352
2026-01-23T00:01:14.744691,Markgraf-Rüdiger Straße,22,347237
2026-01-23T00:01:14.744691,Markgraf-Rüdiger Straße,22,347141
2026-01-23T00:01:14.744691,Markgraf-Rüdiger Straße,22,347897
2026-01-23T00:01:14.744691,Markgraf-Rüdiger Straße,22,348435
2026-01-23T00:01:14.744691,Markgraf-Rüdiger Straße,22,348574
2026-01-23T00:01:14.744691,Markgraf-Rüdiger Straße,22,349084
2026-01-23T00:01:14.744691,Plunkergasse,29,345382
2026-01-23T00:01:14.744691,Plunkergasse,29,345351
2026-01-23T00:01:14.744691,Plunkergasse,29,345257
2026-01-23T00:01:14.744691,Plunkergasse,29,345131
2026-01-23T00:01:14.744691,Plunkergasse,29,345063
2026-01-23T00:01:14.744691,Plunkergasse,29,345887
2026-01-23T00:01:14.744691,Plunkergasse,29,345882
2026-01-23T00:01:14.744691,Plunkergasse,29,345772
2026-01-23T00:01:14.744691,Plunkergasse,29,345657
2026-01-23T00:01:14.744691,Plunkergasse,29,345559
2026-01-23T00:01:14.744691,Plunkergasse,29,345521
2026-01-23T00:01:14.744691,Plunkergasse,29,346451
2026-01-23T00:01:14.744691,Plunkergasse,29,346356
2026-01-23T00:01:14.744691,Plunkergasse,29,346051
2026-01-23T00:01:14.744691,Plunkergasse,29,346922
2026-01-23T00:01:14.744691,Plunkergasse,29,346770
2026-01-23T00:01:14.744691,Plunkergasse,29,347481
2026-01-23T00:01:14.744691,Plunkergasse,29,347326
2026-01-23T00:01:14.744691,Plunkergasse,29,347914
2026-01-23T00:01:14.744691,Plunkergasse,29,347904
2026-01-23T00:01:14.744691,Plunkergasse,29,347810
2026-01-23T00:01:14.744691,Plunkergasse,29,347779
2026-01-23T00:01:14.744691,Plunkergasse,29,347695
2026-01-23T00:01:14.744691,Plunkergasse,29,347607
2026-01-23T00:01:14.744691,Plunkergasse,29,347605
2026-01-23T00:01:14.744691,Plunkergasse,29,347531
2026-01-23T00:01:14.744691,Plunkergasse,29,348407
2026-01-23T00:01:14.744691,Plunkergasse,29,348351
2026-01-23T00:01:14.744691,Plunkergasse,29,348186
2026-01-23T00:01:14.744691,Selzergasse,34,345354
2026-01-23T00:01:14.744691,Selzergasse,34,345217
2026-01-23T00:01:14.744691,Selzergasse,34,345111
2026-01-23T00:01:14.744691,Selzergasse,34,345075
2026-01-23T00:01:14.744691,Selzergasse,34,345003
2026-01-23T00:01:14.744691,Selzergasse,34,345703
2026-01-23T00:01:14.744691,Selzergasse,34,345581
2026-01-23T00:01:14.744691,Selzergasse,34,346489
2026-01-23T00:01:14.744691,Selzergasse,34,346441
2026-01-23T00:01:14.744691,Selzergasse,34,346374
2026-01-23T00:01:14.744691,Selzergasse,34,346283
2026-01-23T00:01:14.744691,Selzergasse,34,346217
2026-01-23T00:01:14.744691,Selzergasse,34,346157
2026-01-23T00:01:14.744691,Selzergasse,34,346114
2026-01-23T00:01:14.744691,Selzergasse,34,346099
2026-01-23T00:01:14.744691,Selzergasse,34,346082
2026-01-23T00:01:14.744691,Selzergasse,34,346006
2026-01-23T00:01:14.744691,Selzergasse,34,346941
2026-01-23T00:01:14.744691,Selzergasse,34,346893
2026-01-23T00:01:14.744691,Selzergasse,34,346583
2026-01-23T00:01:14.744691,Selzergasse,34,347363
2026-01-23T00:01:14.744691,Selzergasse,34,347344
2026-01-23T00:01:14.744691,Selzergasse,34,347327
2026-01-23T00:01:14.744691,Selzergasse,34,347259
2026-01-23T00:01:14.744691,Selzergasse,34,347190
2026-01-23T00:01:14.744691,Selzergasse,34,347860
2026-01-23T00:01:14.744691,Selzergasse,34,347776
2026-01-23T00:01:14.744691,Selzergasse,34,347717
2026-01-23T00:01:14.744691,Selzergasse,34,348468
2026-01-23T00:01:14.744691,Selzergasse,34,348079
2026-01-23T00:01:14.744691,Selzergasse,34,348030
2026-01-23T00:01:14.744691,Selzergasse,34,348009
2026-01-23T00:01:14.744691,Selzergasse,34,348685
2026-01-23T00:01:14.744691,Selzergasse,34,348613
2026-01-23T00:01:14.744691,Westbahnhof S U / Felberstraße,28,345395
2026-01-23T00:01:14.744691,Westbahnhof S U / Felberstraße,28,345299
2026-01-23T00:01:14.744691,Westbahnhof S U / Felberstraße,28,345083
2026-01-23T00:01:14.744691,Westbahnhof S U / Felberstraße,28,345070
2026-01-23T00:01:14.744691,Westbahnhof S U / Felberstraße,28,345507
2026-01-23T00:01:14.744691,Westbahnhof S U / Felberstraße,28,346245
2026-01-23T00:01:14.744691,Westbahnhof S U / Felberstraße,28,346172
2026-01-23T00:01:14.744691,Westbahnhof S U / Felberstraße,28,346794
2026-01-23T00:01:14.744691,Westbahnhof S U / Felberstraße,28,346591
2026-01-23T00:01:14.744691,Westbahnhof S U / Felberstraße,28,346534
2026-01-23T00:01:14.744691,Westbahnhof S U / Felberstraße,28,346521
2026-01-23T00:01:14.744691,Westbahnhof S U / Felberstraße,28,347487
2026-01-23T00:01:14.744691,Westbahnhof S U / Felberstraße,28,347273
2026-01-23T00:01:14.744691,Westbahnhof S U / Felberstraße,28,347979
2026-01-23T00:01:14.744691,Westbahnhof S U / Felberstraße,28,347846
2026-01-23T00:01:14.744691,Westbahnhof S U / Felberstraße,28,347749
2026-01-23T00:01:14.744691,Westbahnhof S U / Felberstraße,28,347713
2026-01-23T00:01:14.744691,Westbahnhof S U / Felberstraße,28,347611
2026-01-23T00:01:14.744691,Westbahnhof S U / Felberstraße,28,347526
2026-01-23T00:01:14.744691,Westbahnhof S U / Felberstraße,28,348483
2026-01-23T00:01:14.744691,Westbahnhof S U / Felberstraße,28,348392
2026-01-23T00:01:14.744691,Westbahnhof S U / Felberstraße,28,348347
2026-01-23T00:01:14.744691,Westbahnhof S U / Felberstraße,28,348276
2026-01-23T00:01:14.744691,Westbahnhof S U / Felberstraße,28,348133
2026-01-23T00:01:14.744691,Westbahnhof S U / Felberstraße,28,348132
2026-01-23T00:01:14.744691,Westbahnhof S U / Felberstraße,28,348002
2026-01-23T00:01:14.744691,Westbahnhof S U / Felberstraße,28,398740
2026-01-23T00:01:14.744691,Westbahnhof S U / Felberstraße,28,348931
2026-01-23T00:01:14.744691,Kundratstraße,5,345287
2026-01-23T00:01:14.744691,Kundratstraße,5,345247
2026-01-23T00:01:14.744691,Kundratstraße,5,345951
2026-01-23T00:01:14.744691,Kundratstraße,5,346043
2026-01-23T00:01:14.744691,Kundratstraße,5,347014
2026-01-23T00:01:14.744691,Arthaberplatz,9,345441
2026-01-23T00:01:14.744691,Arthaberplatz,9,345820
2026-01-23T00:01:14.744691,Arthaberplatz,9,346334
2026-01-23T00:01:14.744691,Arthaberplatz,9,347498
2026-01-23T00:01:14.744691,Arthaberplatz,9,347218
2026-01-23T00:01:14.744691,Arthaberplatz,9,347931
2026-01-23T00:01:14.744691,Arthaberplatz,9,347893
2026-01-23T00:01:14.744691,Arthaberplatz,9,348290
2026-01-23T00:01:14.744691,Arthaberplatz,9,348906
2026-01-23T00:01:14.744691,Karmeliterplatz,20,345442
2026-01-23T00:01:14.744691,Karmeliterplatz,20,345344
2026-01-23T00:01:14.744691,Karmeliterplatz,20,345242
2026-01-23T00:01:14.744691,Karmeliterplatz,20,345947
2026-01-23T00:01:14.744691,Karmeliterplatz,20,345880
2026-01-23T00:01:14.744691,Karmeliterplatz,20,346395
2026-01-23T00:01:14.744691,Karmeliterplatz,20,346384
2026-01-23T00:01:14.744691,Karmeliterplatz,20,346652
2026-01-23T00:01:14.744691,Karmeliterplatz,20,347472
2026-01-23T00:01:14.744691,Karmeliterplatz,20,347403
2026-01-23T00:01:14.744691,Karmeliterplatz,20,347099
2026-01-23T00:01:14.744691,Karmeliterplatz,20,347926
2026-01-23T00:01:14.744691,Karmeliterplatz,20,348452
2026-01-23T00:01:14.744691,Karmeliterplatz,20,348179
2026-01-23T00:01:14.744691,Karmeliterplatz,20,348168
2026-01-23T00:01:14.744691,Karmeliterplatz,20,348525
2026-01-23T00:01:14.744691,Karmeliterplatz,20,348519
2026-01-23T00:01:14.744691,Karmeliterplatz,20,398851
2026-01-23T00:01:14.744691,Karmeliterplatz,20,398840
2026-01-23T00:01:14.744691,Karmeliterplatz,20,398763
2026-01-23T00:01:14.744691,Fröbelgasse,27,345377
2026-01-23T00:01:14.744691,Fröbelgasse,27,345222
2026-01-23T00:01:14.744691,Fröbelgasse,27,345204
2026-01-23T00:01:14.744691,Fröbelgasse,27,345077
2026-01-23T00:01:14.744691,Fröbelgasse,27,345068
2026-01-23T00:01:14.744691,Fröbelgasse,27,345897
2026-01-23T00:01:14.744691,Fröbelgasse,27,345789
2026-01-23T00:01:14.744691,Fröbelgasse,27,345729
2026-01-23T00:01:14.744691,Fröbelgasse,27,346422
2026-01-23T00:01:14.744691,Fröbelgasse,27,346849
2026-01-23T00:01:14.744691,Fröbelgasse,27,346706
2026-01-23T00:01:14.744691,Fröbelgasse,27,346586
2026-01-23T00:01:14.744691,Fröbelgasse,27,346554
2026-01-23T00:01:14.744691,Fröbelgasse,27,347412
2026-01-23T00:01:14.744691,Fröbelgasse,27,347196
2026-01-23T00:01:14.744691,Fröbelgasse,27,347989
2026-01-23T00:01:14.744691,Fröbelgasse,27,347951
2026-01-23T00:01:14.744691,Fröbelgasse,27,347900
2026-01-23T00:01:14.744691,Fröbelgasse,27,347859
2026-01-23T00:01:14.744691,Fröbelgasse,27,347730
2026-01-23T00:01:14.744691,Fröbelgasse,27,347557
2026-01-23T00:01:14.744691,Fröbelgasse,27,348496
2026-01-23T00:01:14.744691,Fröbelgasse,27,348398
2026-01-23T00:01:14.744691,Fröbelgasse,27,348032
2026-01-23T00:01:14.744691,Fröbelgasse,27,348581
2026-01-23T00:01:14.744691,Fröbelgasse,27,398845
2026-01-23T00:01:14.744691,Fröbelgasse,27,398788
2026-01-23T00:01:14.744691,Reumannplatz U,16,345452
2026-01-23T00:01:14.744691,Reumannplatz U,16,345992
2026-01-23T00:01:14.744691,Reumannplatz U,16,345871
2026-01-23T00:01:14.744691,Reumannplatz U,16,345811
2026-01-23T00:01:14.744691,Reumannplatz U,16,345797
2026-01-23T00:01:14.744691,Reumannplatz U,16,346875
2026-01-23T00:01:14.744691,Reumannplatz U,16,347425
2026-01-23T00:01:14.744691,Reumannplatz U,16,347827
2026-01-23T00:01:14.744691,Reumannplatz U,16,347727
2026-01-23T00:01:14.744691,Reumannplatz U,16,347634
2026-01-23T00:01:14.744691,Reumannplatz U,16,347576
2026-01-23T00:01:14.744691,Reumannplatz U,16,348196
2026-01-23T00:01:14.744691,Reumannplatz U,16,348081
2026-01-23T00:01:14.744691,Reumannplatz U,16,348533
2026-01-23T00:01:14.744691,Reumannplatz U,16,348965
2026-01-23T00:01:14.744691,Reumannplatz U,16,349130
2026-01-23T00:01:14.744691,Brestelgasse,19,345498
2026-01-23T00:01:14.744691,Brestelgasse,19,345424
2026-01-23T00:01:14.744691,Brestelgasse,19,345387
2026-01-23T00:01:14.744691,Brestelgasse,19,345171
2026-01-23T00:01:14.744691,Brestelgasse,19,345072
2026-01-23T00:01:14.744691,Brestelgasse,19,345956
2026-01-23T00:01:14.744691,Brestelgasse,19,345927
2026-01-23T00:01:14.744691,Brestelgasse,19,345745
2026-01-23T00:01:14.744691,Brestelgasse,19,346461
2026-01-23T00:01:14.744691,Brestelgasse,19,347235
2026-01-23T00:01:14.744691,Brestelgasse,19,347209
2026-01-23T00:01:14.744691,Brestelgasse,19,347103
2026-01-23T00:01:14.744691,Brestelgasse,19,347069
2026-01-23T00:01:14.744691,Brestelgasse,19,347917
2026-01-23T00:01:14.744691,Brestelgasse,19,347527
2026-01-23T00:01:14.744691,Brestelgasse,19,348227
2026-01-23T00:01:14.744691,Brestelgasse,19,348600
2026-01-23T00:01:14.744691,Brestelgasse,19,348548
2026-01-23T00:01:14.744691,Brestelgasse,19,348903
2026-01-23T00:01:14.744691,Thaliastraße U,18,345403
2026-01-23T00:01:14.744691,Thaliastraße U,18,345184
2026-01-23T00:01:14.744691,Thaliastraße U,18,346231
2026-01-23T00:01:14.744691,Thaliastraße U,18,346854
2026-01-23T00:01:14.744691,Thaliastraße U,18,346853
2026-01-23T00:01:14.744691,Thaliastraße U,18,346759
2026-01-23T00:01:14.744691,Thaliastraße U,18,346505
2026-01-23T00:01:14.744691,Thaliastraße U,18,347478
2026-01-23T00:01:14.744691,Thaliastraße U,18,347351
2026-01-23T00:01:14.744691,Thaliastraße U,18,347306
2026-01-23T00:01:14.744691,Thaliastraße U,18,347082
2026-01-23T00:01:14.744691,Thaliastraße U,18,347062
2026-01-23T00:01:14.744691,Thaliastraße U,18,348491
2026-01-23T00:01:14.744691,Thaliastraße U,18,348446
2026-01-23T00:01:14.744691,Thaliastraße U,18,348395
2026-01-23T00:01:14.744691,Thaliastraße U,18,348696
2026-01-23T00:01:14.744691,Thaliastraße U,18,398821
2026-01-23T00:01:14.744691,Thaliastraße U,18,348836
2026-01-23T00:01:14.744691,Nussdorfer Straße U,9,345303
2026-01-23T00:01:14.744691,Nussdorfer Straße U,9,345207
2026-01-23T00:01:14.744691,Nussdorfer Straße U,9,346918
2026-01-23T00:01:14.744691,Nussdorfer Straße U,9,347417
2026-01-23T00:01:14.744691,Nussdorfer Straße U,9,347348
2026-01-23T00:01:14.744691,Nussdorfer Straße U,9,347138
2026-01-23T00:01:14.744691,Nussdorfer Straße U,9,347618
2026-01-23T00:01:14.744691,Nussdorfer Straße U,9,348383
2026-01-23T00:01:14.744691,Nussdorfer Straße U,9,398794
2026-01-23T00:01:14.744691,Elterleinplatz,7,345355
2026-01-23T00:01:14.744691,Elterleinplatz,7,345173
2026-01-23T00:01:14.744691,Elterleinplatz,7,345769
2026-01-23T00:01:14.744691,Elterleinplatz,7,345685
2026-01-23T00:01:14.744691,Elterleinplatz,7,346340
2026-01-23T00:01:14.744691,Elterleinplatz,7,346859
2026-01-23T00:01:14.744691,Elterleinplatz,7,348029
2026-01-23T00:01:14.744691,Canisiusgasse,4,346108
2026-01-23T00:01:14.744691,Canisiusgasse,4,346046
2026-01-23T00:01:14.744691,Canisiusgasse,4,346711
2026-01-23T00:01:14.744691,Canisiusgasse,4,348838
2026-01-23T00:01:14.744691,Meidling S U / Schedifkaplatz,2,346598
2026-01-23T00:01:14.744691,Meidling S U / Schedifkaplatz,2,347712
2026-01-23T00:01:14.744691,Palffygasse,18,345406
2026-01-23T00:01:14.744691,Palffygasse,18,345013
2026-01-23T00:01:14.744691,Palffygasse,18,345973
2026-01-23T00:01:14.744691,Palffygasse,18,345922
2026-01-23T00:01:14.744691,Palffygasse,18,345753
2026-01-23T00:01:14.744691,Palffygasse,18,345751
2026-01-23T00:01:14.744691,Palffygasse,18,345615
2026-01-23T00:01:14.744691,Palffygasse,18,346939
2026-01-23T00:01:14.744691,Palffygasse,18,346601
2026-01-23T00:01:14.744691,Palffygasse,18,347469
2026-01-23T00:01:14.744691,Palffygasse,18,347145
2026-01-23T00:01:14.744691,Palffygasse,18,347856
2026-01-23T00:01:14.744691,Palffygasse,18,348386
2026-01-23T00:01:14.744691,Palffygasse,18,348338
2026-01-23T00:01:14.744691,Palffygasse,18,348239
2026-01-23T00:01:14.744691,Palffygasse,18,348123
2026-01-23T00:01:14.744691,Palffygasse,18,348117
2026-01-23T00:01:14.744691,Palffygasse,18,398770
2026-01-23T00:01:14.744691,Gersthof S,14,345203
2026-01-23T00:01:14.744691,Gersthof S,14,345179
2026-01-23T00:01:14.744691,Gersthof S,14,345968
2026-01-23T00:01:14.744691,Gersthof S,14,346666
2026-01-23T00:01:14.744691,Gersthof S,14,346564
2026-01-23T00:01:14.744691,Gersthof S,14,347962
2026-01-23T00:01:14.744691,Gersthof S,14,348357
2026-01-23T00:01:14.744691,Gersthof S,14,348303
2026-01-23T00:01:14.744691,Gersthof S,14,348104
2026-01-23T00:01:14.744691,Gersthof S,14,348007
2026-01-23T00:01:14.744691,Gersthof S,14,348604
2026-01-23T00:01:14.744691,Gersthof S,14,348571
2026-01-23T00:01:14.744691,Gersthof S,14,349062
2026-01-23T00:01:14.744691,Gersthof S,14,348807
2026-01-23T00:01:14.744691,Reinprechtsdorfer Brücke,17,345067
2026-01-23T00:01:14.744691,Reinprechtsdorfer Brücke,17,345051
2026-01-23T00:01:14.744691,Reinprechtsdorfer Brücke,17,345999
2026-01-23T00:01:14.744691,Reinprechtsdorfer Brücke,17,345860
2026-01-23T00:01:14.744691,Reinprechtsdorfer Brücke,17,345624
2026-01-23T00:01:14.744691,Reinprechtsdorfer Brücke,17,346454
2026-01-23T00:01:14.744691,Reinprechtsdorfer Brücke,17,346915
2026-01-23T00:01:14.744691,Reinprechtsdorfer Brücke,17,346743
2026-01-23T00:01:14.744691,Reinprechtsdorfer Brücke,17,346732
2026-01-23T00:01:14.744691,Reinprechtsdorfer Brücke,17,347266
2026-01-23T00:01:14.744691,Reinprechtsdorfer Brücke,17,347579
2026-01-23T00:01:14.744691,Reinprechtsdorfer Brücke,17,348414
2026-01-23T00:01:14.744691,Reinprechtsdorfer Brücke,17,348228
2026-01-23T00:01:14.744691,Reinprechtsdorfer Brücke,17,348014
2026-01-23T00:01:14.744691,Reinprechtsdorfer Brücke,17,348576
2026-01-23T00:01:14.744691,Reinprechtsdorfer Brücke,17,398746
2026-01-23T00:01:14.744691,Reinprechtsdorfer Brücke,17,398720
2026-01-23T00:01:14.744691,Siebensterngasse,8,345793
2026-01-23T00:01:14.744691,Siebensterngasse,8,345555
2026-01-23T00:01:14.744691,Siebensterngasse,8,346092
2026-01-23T00:01:14.744691,Siebensterngasse,8,347311
2026-01-23T00:01:14.744691,Siebensterngasse,8,347304
2026-01-23T00:01:14.744691,Siebensterngasse,8,348105
2026-01-23T00:01:14.744691,Siebensterngasse,8,348088
2026-01-23T00:01:14.744691,Siebensterngasse,8,349188
2026-01-23T00:01:14.744691,Siebenbrunnenplatz,3,345560
2026-01-23T00:01:14.744691,Siebenbrunnenplatz,3,346295
2026-01-23T00:01:14.744691,Siebenbrunnenplatz,3,347448
2026-01-23T00:01:14.744691,Rosensteingasse / Blumengasse,20,345353
2026-01-23T00:01:14.744691,Rosensteingasse / Blumengasse,20,345750
2026-01-23T00:01:14.744691,Rosensteingasse / Blumengasse,20,345695
2026-01-23T00:01:14.744691,Rosensteingasse / Blumengasse,20,345525
2026-01-23T00:01:14.744691,Rosensteingasse / Blumengasse,20,346269
2026-01-23T00:01:14.744691,Rosensteingasse / Blumengasse,20,346111
2026-01-23T00:01:14.744691,Rosensteingasse / Blumengasse,20,346079
2026-01-23T00:01:14.744691,Rosensteingasse / Blumengasse,20,346008
2026-01-23T00:01:14.744691,Rosensteingasse / Blumengasse,20,346903
2026-01-23T00:01:14.744691,Rosensteingasse / Blumengasse,20,346653
2026-01-23T00:01:14.744691,Rosensteingasse / Blumengasse,20,346579
2026-01-23T00:01:14.744691,Rosensteingasse / Blumengasse,20,347075
2026-01-23T00:01:14.744691,Rosensteingasse / Blumengasse,20,347074
2026-01-23T00:01:14.744691,Rosensteingasse / Blumengasse,20,347998
2026-01-23T00:01:14.744691,Rosensteingasse / Blumengasse,20,347972
2026-01-23T00:01:14.744691,Rosensteingasse / Blumengasse,20,348324
2026-01-23T00:01:14.744691,Rosensteingasse / Blumengasse,20,348320
2026-01-23T00:01:14.744691,Rosensteingasse / Blumengasse,20,348095
2026-01-23T00:01:14.744691,Rosensteingasse / Blumengasse,20,348001
2026-01-23T00:01:14.744691,Rosensteingasse / Blumengasse,20,348559
2026-01-23T00:01:14.744691,Schottenring U /Herminengasse,2,345549
2026-01-23T00:01:14.744691,Schottenring U /Herminengasse,2,349098
2026-01-23T00:01:14.744691,Josefstädter Straße U,9,345253
2026-01-23T00:01:14.744691,Josefstädter Straße U,9,345134
2026-01-23T00:01:14.744691,Josefstädter Straße U,9,345595
2026-01-23T00:01:14.744691,Josefstädter Straße U,9,346911
2026-01-23T00:01:14.744691,Josefstädter Straße U,9,346678
2026-01-23T00:01:14.744691,Josefstädter Straße U,9,347424
2026-01-23T00:01:14.744691,Josefstädter Straße U,9,347008
2026-01-23T00:01:14.744691,Josefstädter Straße U,9,347950
2026-01-23T00:01:14.744691,Josefstädter Straße U,9,348892
2026-01-23T00:01:14.744691,Friedrich-Engels-Platz,8,346225
2026-01-23T00:01:14.744691,Friedrich-Engels-Platz,8,346078
2026-01-23T00:01:14.744691,Friedrich-Engels-Platz,8,347441
2026-01-23T00:01:14.744691,Friedrich-Engels-Platz,8,347195
2026-01-23T00:01:14.744691,Friedrich-Engels-Platz,8,347868
2026-01-23T00:01:14.744691,Friedrich-Engels-Platz,8,347648
2026-01-23T00:01:14.744691,Friedrich-Engels-Platz,8,348401
2026-01-23T00:01:14.744691,Friedrich-Engels-Platz,8,348120
2026-01-23T00:01:14.744691,Dresdner Straße U,18,345255
2026-01-23T00:01:14.744691,Dresdner Straße U,18,345108
2026-01-23T00:01:14.744691,Dresdner Straße U,18,346664
2026-01-23T00:01:14.744691,Dresdner Straße U,18,346603
2026-01-23T00:01:14.744691,Dresdner Straße U,18,347452
2026-01-23T00:01:14.744691,Dresdner Straße U,18,347429
2026-01-23T00:01:14.744691,Dresdner Straße U,18,347139
2026-01-23T00:01:14.744691,Dresdner Straße U,18,347120
2026-01-23T00:01:14.744691,Dresdner Straße U,18,347968
2026-01-23T00:01:14.744691,Dresdner Straße U,18,347959
2026-01-23T00:01:14.744691,Dresdner Straße U,18,347930
2026-01-23T00:01:14.744691,Dresdner Straße U,18,347844
2026-01-23T00:01:14.744691,Dresdner Straße U,18,347760
2026-01-23T00:01:14.744691,Dresdner Straße U,18,347758
2026-01-23T00:01:14.744691,Dresdner Straße U,18,347669
2026-01-23T00:01:14.744691,Dresdner Straße U,18,348263
2026-01-23T00:01:14.744691,Dresdner Straße U,18,348224
2026-01-23T00:01:14.744691,Dresdner Straße U,18,348201
2026-01-23T00:01:14.744691,Jägerstraße U,16,345290
2026-01-23T00:01:14.744691,Jägerstraße U,16,345103
2026-01-23T00:01:14.744691,Jägerstraße U,16,345069
2026-01-23T00:01:14.744691,Jägerstraße U,16,345996
2026-01-23T00:01:14.744691,Jägerstraße U,16,345698
2026-01-23T00:01:14.744691,Jägerstraße U,16,345566
2026-01-23T00:01:14.744691,Jägerstraße U,16,346335
2026-01-23T00:01:14.744691,Jägerstraße U,16,346971
2026-01-23T00:01:14.744691,Jägerstraße U,16,346840
2026-01-23T00:01:14.744691,Jägerstraße U,16,346618
2026-01-23T00:01:14.744691,Jägerstraße U,16,347340
2026-01-23T00:01:14.744691,Jägerstraße U,16,347696
2026-01-23T00:01:14.744691,Jägerstraße U,16,348472
2026-01-23T00:01:14.744691,Jägerstraße U,16,348148
2026-01-23T00:01:14.744691,Jägerstraße U,16,348659
2026-01-23T00:01:14.744691,Jägerstraße U,16,349197
2026-01-23T00:01:14.744691,Traisengasse S,3,345865
2026-01-23T00:01:14.744691,Traisengasse S,3,346171
2026-01-23T00:01:14.744691,Traisengasse S,3,347043
2026-01-23T00:01:14.744691,Kettenbrückengasse U / Naschmarkt,9,345375
2026-01-23T00:01:14.744691,Kettenbrückengasse U / Naschmarkt,9,345170
2026-01-23T00:01:14.744691,Kettenbrückengasse U / Naschmarkt,9,345903
2026-01-23T00:01:14.744691,Kettenbrückengasse U / Naschmarkt,9,345723
2026-01-23T00:01:14.744691,Kettenbrückengasse U / Naschmarkt,9,346727
2026-01-23T00:01:14.744691,Kettenbrückengasse U / Naschmarkt,9,348493
2026-01-23T00:01:14.744691,Kettenbrückengasse U / Naschmarkt,9,348593
2026-01-23T00:01:14.744691,Kettenbrückengasse U / Naschmarkt,9,348527
2026-01-23T00:01:14.744691,Kettenbrückengasse U / Naschmarkt,9,398809
2026-01-23T00:01:14.744691,Aumannplatz,7,345321
2026-01-23T00:01:14.744691,Aumannplatz,7,346432
2026-01-23T00:01:14.744691,Aumannplatz,7,346420
2026-01-23T00:01:14.744691,Aumannplatz,7,346058
2026-01-23T00:01:14.744691,Aumannplatz,7,347068
2026-01-23T00:01:14.744691,Aumannplatz,7,348861
2026-01-23T00:01:14.744691,Aumannplatz,7,349198
2026-01-23T00:01:14.744691,Längenfeldgasse U,25,345032
2026-01-23T00:01:14.744691,Längenfeldgasse U,25,345946
2026-01-23T00:01:14.744691,Längenfeldgasse U,25,345804
2026-01-23T00:01:14.744691,Längenfeldgasse U,25,345635
2026-01-23T00:01:14.744691,Längenfeldgasse U,25,345502
2026-01-23T00:01:14.744691,Längenfeldgasse U,25,346815
2026-01-23T00:01:14.744691,Längenfeldgasse U,25,346786
2026-01-23T00:01:14.744691,Längenfeldgasse U,25,346709
2026-01-23T00:01:14.744691,Längenfeldgasse U,25,346638
2026-01-23T00:01:14.744691,Längenfeldgasse U,25,346523
2026-01-23T00:01:14.744691,Längenfeldgasse U,25,347234
2026-01-23T00:01:14.744691,Längenfeldgasse U,25,347175
2026-01-23T00:01:14.744691,Längenfeldgasse U,25,347171
2026-01-23T00:01:14.744691,Längenfeldgasse U,25,347861
2026-01-23T00:01:14.744691,Längenfeldgasse U,25,347794
2026-01-23T00:01:14.744691,Längenfeldgasse U,25,347700
2026-01-23T00:01:14.744691,Längenfeldgasse U,25,347588
2026-01-23T00:01:14.744691,Längenfeldgasse U,25,347552
2026-01-23T00:01:14.744691,Längenfeldgasse U,25,348655
2026-01-23T00:01:14.744691,Längenfeldgasse U,25,348591
2026-01-23T00:01:14.744691,Längenfeldgasse U,25,348528
2026-01-23T00:01:14.744691,Längenfeldgasse U,25,349109
2026-01-23T00:01:14.744691,Längenfeldgasse U,25,348973
2026-01-23T00:01:14.744691,Längenfeldgasse U,25,348849
2026-01-23T00:01:14.744691,Längenfeldgasse U,25,349131
2026-01-23T00:01:14.744691,Althanstraße,14,345457
2026-01-23T00:01:14.744691,Althanstraße,14,345381
2026-01-23T00:01:14.744691,Althanstraße,14,345169
2026-01-23T00:01:14.744691,Althanstraße,14,345761
2026-01-23T00:01:14.744691,Althanstraße,14,346326
2026-01-23T00:01:14.744691,Althanstraße,14,346299
2026-01-23T00:01:14.744691,Althanstraße,14,346809
2026-01-23T00:01:14.744691,Althanstraße,14,346767
2026-01-23T00:01:14.744691,Althanstraße,14,347192
2026-01-23T00:01:14.744691,Althanstraße,14,347907
2026-01-23T00:01:14.744691,Althanstraße,14,347870
2026-01-23T00:01:14.744691,Althanstraße,14,348431
2026-01-23T00:01:14.744691,Althanstraße,14,398783
2026-01-23T00:01:14.744691,Althanstraße,14,398765
2026-01-23T00:01:14.744691,Schottentor U,5,345473
2026-01-23T00:01:14.744691,Schottentor U,5,347475
2026-01-23T00:01:14.744691,Schottentor U,5,348189
2026-01-23T00:01:14.744691,Schottentor U,5,349023
2026-01-23T00:01:14.744691,Schottentor U,5,348959
2026-01-23T00:01:14.744691,Neubaugasse U,16,345301
2026-01-23T00:01:14.744691,Neubaugasse U,16,345200
2026-01-23T00:01:14.744691,Neubaugasse U,16,346471
2026-01-23T00:01:14.744691,Neubaugasse U,16,346423
2026-01-23T00:01:14.744691,Neubaugasse U,16,346363
2026-01-23T00:01:14.744691,Neubaugasse U,16,346036
2026-01-23T00:01:14.744691,Neubaugasse U,16,346537
2026-01-23T00:01:14.744691,Neubaugasse U,16,347170
2026-01-23T00:01:14.744691,Neubaugasse U,16,348432
2026-01-23T00:01:14.744691,Neubaugasse U,16,348218
2026-01-23T00:01:14.744691,Neubaugasse U,16,398755
2026-01-23T00:01:14.744691,Neubaugasse U,16,349110
2026-01-23T00:01:14.744691,Neubaugasse U,16,349108
2026-01-23T00:01:14.744691,Neubaugasse U,16,349104
2026-01-23T00:01:14.744691,Neubaugasse U,16,348948
2026-01-23T00:01:14.744691,Neubaugasse U,16,348872
2026-01-23T00:01:14.744691,Museumsquartier U,40,345218
2026-01-23T00:01:14.744691,Museumsquartier U,40,345215
2026-01-23T00:01:14.744691,Museumsquartier U,40,345084
2026-01-23T00:01:14.744691,Museumsquartier U,40,345010
2026-01-23T00:01:14.744691,Museumsquartier U,40,345995
2026-01-23T00:01:14.744691,Museumsquartier U,40,345963
2026-01-23T00:01:14.744691,Museumsquartier U,40,345937
2026-01-23T00:01:14.744691,Museumsquartier U,40,345888
2026-01-23T00:01:14.744691,Museumsquartier U,40,345760
2026-01-23T00:01:14.744691,Museumsquartier U,40,345700
2026-01-23T00:01:14.744691,Museumsquartier U,40,345580
2026-01-23T00:01:14.744691,Museumsquartier U,40,345510
2026-01-23T00:01:14.744691,Museumsquartier U,40,346305
2026-01-23T00:01:14.744691,Museumsquartier U,40,346042
2026-01-23T00:01:14.744691,Museumsquartier U,40,346020
2026-01-23T00:01:14.744691,Museumsquartier U,40,346795
2026-01-23T00:01:14.744691,Museumsquartier U,40,346731
2026-01-23T00:01:14.744691,Museumsquartier U,40,346622
2026-01-23T00:01:14.744691,Museumsquartier U,40,346560
2026-01-23T00:01:14.744691,Museumsquartier U,40,347272
2026-01-23T00:01:14.744691,Museumsquartier U,40,347213
2026-01-23T00:01:14.744691,Museumsquartier U,40,347058
2026-01-23T00:01:14.744691,Museumsquartier U,40,347919
2026-01-23T00:01:14.744691,Museumsquartier U,40,347801
2026-01-23T00:01:14.744691,Museumsquartier U,40,347768
2026-01-23T00:01:14.744691,Museumsquartier U,40,347704
2026-01-23T00:01:14.744691,Museumsquartier U,40,347694
2026-01-23T00:01:14.744691,Museumsquartier U,40,347678
2026-01-23T00:01:14.744691,Museumsquartier U,40,347530
2026-01-23T00:01:14.744691,Museumsquartier U,40,348481
2026-01-23T00:01:14.744691,Museumsquartier U,40,348332
2026-01-23T00:01:14.744691,Museumsquartier U,40,348135
2026-01-23T00:01:14.744691,Museumsquartier U,40,348129
2026-01-23T00:01:14.744691,Museumsquartier U,40,348039
2026-01-23T00:01:14.744691,Museumsquartier U,40,348682
2026-01-23T00:01:14.744691,Museumsquartier U,40,398786
2026-01-23T00:01:14.744691,Museumsquartier U,40,398781
2026-01-23T00:01:14.744691,Museumsquartier U,40,398751
2026-01-23T00:01:14.744691,Museumsquartier U,40,348984
2026-01-23T00:01:14.744691,Museumsquartier U,40,348835
2026-01-23T00:01:14.744691,Johnstrasse U,10,345417
2026-01-23T00:01:14.744691,Johnstrasse U,10,345380
2026-01-23T00:01:14.744691,Johnstrasse U,10,345374
2026-01-23T00:01:14.744691,Johnstrasse U,10,345873
2026-01-23T00:01:14.744691,Johnstrasse U,10,345800
2026-01-23T00:01:14.744691,Johnstrasse U,10,346772
2026-01-23T00:01:14.744691,Johnstrasse U,10,346749
2026-01-23T00:01:14.744691,Johnstrasse U,10,346645
2026-01-23T00:01:14.744691,Johnstrasse U,10,347497
2026-01-23T00:01:14.744691,Johnstrasse U,10,347741
2026-01-23T00:01:14.744691,Turnergasse,8,345143
2026-01-23T00:01:14.744691,Turnergasse,8,345741
2026-01-23T00:01:14.744691,Turnergasse,8,346469
2026-01-23T00:01:14.744691,Turnergasse,8,346966
2026-01-23T00:01:14.744691,Turnergasse,8,347191
2026-01-23T00:01:14.744691,Turnergasse,8,347016
2026-01-23T00:01:14.744691,Turnergasse,8,347753
2026-01-23T00:01:14.744691,Turnergasse,8,348234
2026-01-23T00:01:14.744691,Kutschkergasse,14,345422
2026-01-23T00:01:14.744691,Kutschkergasse,14,346362
2026-01-23T00:01:14.744691,Kutschkergasse,14,346758
2026-01-23T00:01:14.744691,Kutschkergasse,14,346605
2026-01-23T00:01:14.744691,Kutschkergasse,14,346511
2026-01-23T00:01:14.744691,Kutschkergasse,14,347258
2026-01-23T00:01:14.744691,Kutschkergasse,14,347255
2026-01-23T00:01:14.744691,Kutschkergasse,14,347108
2026-01-23T00:01:14.744691,Kutschkergasse,14,347876
2026-01-23T00:01:14.744691,Kutschkergasse,14,347831
2026-01-23T00:01:14.744691,Kutschkergasse,14,347651
2026-01-23T00:01:14.744691,Kutschkergasse,14,348475
2026-01-23T00:01:14.744691,Kutschkergasse,14,348286
2026-01-23T00:01:14.744691,Kutschkergasse,14,348025
2026-01-23T00:01:14.744691,Stadion U,20,345318
2026-01-23T00:01:14.744691,Stadion U,20,345900
2026-01-23T00:01:14.744691,Stadion U,20,346329
2026-01-23T00:01:14.744691,Stadion U,20,346303
2026-01-23T00:01:14.744691,Stadion U,20,346249
2026-01-23T00:01:14.744691,Stadion U,20,346059
2026-01-23T00:01:14.744691,Stadion U,20,346930
2026-01-23T00:01:14.744691,Stadion U,20,346886
2026-01-23T00:01:14.744691,Stadion U,20,346863
2026-01-23T00:01:14.744691,Stadion U,20,347000
2026-01-23T00:01:14.744691,Stadion U,20,347878
2026-01-23T00:01:14.744691,Stadion U,20,347722
2026-01-23T00:01:14.744691,Stadion U,20,348315
2026-01-23T00:01:14.744691,Stadion U,20,348302
2026-01-23T00:01:14.744691,Stadion U,20,348194
2026-01-23T00:01:14.744691,Stadion U,20,348176
2026-01-23T00:01:14.744691,Stadion U,20,348646
2026-01-23T00:01:14.744691,Stadion U,20,398761
2026-01-23T00:01:14.744691,Stadion U,20,398742
2026-01-23T00:01:14.744691,Stadion U,20,398865
2026-01-23T00:01:14.744691,Brückengasse,5,345423
2026-01-23T00:01:14.744691,Brückengasse,5,345265
2026-01-23T00:01:14.744691,Brückengasse,5,345225
2026-01-23T00:01:14.744691,Brückengasse,5,347430
2026-01-23T00:01:14.744691,Brückengasse,5,347784
2026-01-23T00:01:14.744691,Schuhmeierplatz,24,345447
2026-01-23T00:01:14.744691,Schuhmeierplatz,24,345410
2026-01-23T00:01:14.744691,Schuhmeierplatz,24,345279
2026-01-23T00:01:14.744691,Schuhmeierplatz,24,345034
2026-01-23T00:01:14.744691,Schuhmeierplatz,24,345960
2026-01-23T00:01:14.744691,Schuhmeierplatz,24,345889
2026-01-23T00:01:14.744691,Schuhmeierplatz,24,345785
2026-01-23T00:01:14.744691,Schuhmeierplatz,24,345592
2026-01-23T00:01:14.744691,Schuhmeierplatz,24,345512
2026-01-23T00:01:14.744691,Schuhmeierplatz,24,346435
2026-01-23T00:01:14.744691,Schuhmeierplatz,24,346186
2026-01-23T00:01:14.744691,Schuhmeierplatz,24,346958
2026-01-23T00:01:14.744691,Schuhmeierplatz,24,346855
2026-01-23T00:01:14.744691,Schuhmeierplatz,24,346814
2026-01-23T00:01:14.744691,Schuhmeierplatz,24,346610
2026-01-23T00:01:14.744691,Schuhmeierplatz,24,347482
2026-01-23T00:01:14.744691,Schuhmeierplatz,24,347125
2026-01-23T00:01:14.744691,Schuhmeierplatz,24,347124
2026-01-23T00:01:14.744691,Schuhmeierplatz,24,347785
2026-01-23T00:01:14.744691,Schuhmeierplatz,24,347578
2026-01-23T00:01:14.744691,Schuhmeierplatz,24,348313
2026-01-23T00:01:14.744691,Schuhmeierplatz,24,348235
2026-01-23T00:01:14.744691,Schuhmeierplatz,24,348198
2026-01-23T00:01:14.744691,Schuhmeierplatz,24,348106
2026-01-23T00:01:14.744691,Schönbrunn U,10,345853
2026-01-23T00:01:14.744691,Schönbrunn U,10,346386
2026-01-23T00:01:14.744691,Schönbrunn U,10,347208
2026-01-23T00:01:14.744691,Schönbrunn U,10,347587
2026-01-23T00:01:14.744691,Schönbrunn U,10,348486
2026-01-23T00:01:14.744691,Schönbrunn U,10,348246
2026-01-23T00:01:14.744691,Schönbrunn U,10,348028
2026-01-23T00:01:14.744691,Schönbrunn U,10,398750
2026-01-23T00:01:14.744691,Schönbrunn U,10,348871
2026-01-23T00:01:14.744691,Schönbrunn U,10,348856
2026-01-23T00:01:14.744691,Hermesstraße / Oscar-Straus-Park ,10,345341
2026-01-23T00:01:14.744691,Hermesstraße / Oscar-Straus-Park ,10,345742
2026-01-23T00:01:14.744691,Hermesstraße / Oscar-Straus-Park ,10,346316
2026-01-23T00:01:14.744691,Hermesstraße / Oscar-Straus-Park ,10,346216
2026-01-23T00:01:14.744691,Hermesstraße / Oscar-Straus-Park ,10,346014
2026-01-23T00:01:14.744691,Hermesstraße / Oscar-Straus-Park ,10,346594
2026-01-23T00:01:14.744691,Hermesstraße / Oscar-Straus-Park ,10,346581
2026-01-23T00:01:14.744691,Hermesstraße / Oscar-Straus-Park ,10,346543
2026-01-23T00:01:14.744691,Hermesstraße / Oscar-Straus-Park ,10,348698
2026-01-23T00:01:14.744691,Hermesstraße / Oscar-Straus-Park ,10,349099
2026-01-23T00:01:14.744691,Modecenterstraße / The Marks,12,345607
2026-01-23T00:01:14.744691,Modecenterstraße / The Marks,12,345588
2026-01-23T00:01:14.744691,Modecenterstraße / The Marks,12,346490
2026-01-23T00:01:14.744691,Modecenterstraße / The Marks,12,346426
2026-01-23T00:01:14.744691,Modecenterstraße / The Marks,12,346377
2026-01-23T00:01:14.744691,Modecenterstraße / The Marks,12,346369
2026-01-23T00:01:14.744691,Modecenterstraße / The Marks,12,346801
2026-01-23T00:01:14.744691,Modecenterstraße / The Marks,12,346676
2026-01-23T00:01:14.744691,Modecenterstraße / The Marks,12,346519
2026-01-23T00:01:14.744691,Modecenterstraße / The Marks,12,347402
2026-01-23T00:01:14.744691,Modecenterstraße / The Marks,12,348254
2026-01-23T00:01:14.744691,Modecenterstraße / The Marks,12,348043
2026-01-23T00:01:14.744691,Am Langen Felde,9,345486
2026-01-23T00:01:14.744691,Am Langen Felde,9,345902
2026-01-23T00:01:14.744691,Am Langen Felde,9,346388
2026-01-23T00:01:14.744691,Am Langen Felde,9,346868
2026-01-23T00:01:14.744691,Am Langen Felde,9,347948
2026-01-23T00:01:14.744691,Am Langen Felde,9,347513
2026-01-23T00:01:14.744691,Am Langen Felde,9,348097
2026-01-23T00:01:14.744691,Am Langen Felde,9,348530
2026-01-23T00:01:14.744691,Am Langen Felde,9,398797
2026-01-23T00:01:14.744691,Pilgramgasse U,13,345369
2026-01-23T00:01:14.744691,Pilgramgasse U,13,345249
2026-01-23T00:01:14.744691,Pilgramgasse U,13,345824
2026-01-23T00:01:14.744691,Pilgramgasse U,13,345801
2026-01-23T00:01:14.744691,Pilgramgasse U,13,346954
2026-01-23T00:01:14.744691,Pilgramgasse U,13,346839
2026-01-23T00:01:14.744691,Pilgramgasse U,13,347999
2026-01-23T00:01:14.744691,Pilgramgasse U,13,347675
2026-01-23T00:01:14.744691,Pilgramgasse U,13,348437
2026-01-23T00:01:14.744691,Pilgramgasse U,13,348020
2026-01-23T00:01:14.744691,Pilgramgasse U,13,348621
2026-01-23T00:01:14.744691,Pilgramgasse U,13,348566
2026-01-23T00:01:14.744691,Pilgramgasse U,13,398833
2026-01-23T00:01:14.744691,Purkytgasse ,5,347310
2026-01-23T00:01:14.744691,Purkytgasse ,5,347154
2026-01-23T00:01:14.744691,Purkytgasse ,5,347001
2026-01-23T00:01:14.744691,Purkytgasse ,5,348360
2026-01-23T00:01:14.744691,Purkytgasse ,5,349185
2026-01-23T00:01:14.744691,Neue Donau U,15,345244
2026-01-23T00:01:14.744691,Neue Donau U,15,345794
2026-01-23T00:01:14.744691,Neue Donau U,15,345735
2026-01-23T00:01:14.744691,Neue Donau U,15,345705
2026-01-23T00:01:14.744691,Neue Donau U,15,345528
2026-01-23T00:01:14.744691,Neue Donau U,15,346463
2026-01-23T00:01:14.744691,Neue Donau U,15,346361
2026-01-23T00:01:14.744691,Neue Donau U,15,346937
2026-01-23T00:01:14.744691,Neue Donau U,15,346920
2026-01-23T00:01:14.744691,Neue Donau U,15,346742
2026-01-23T00:01:14.744691,Neue Donau U,15,347131
2026-01-23T00:01:14.744691,Neue Donau U,15,347983
2026-01-23T00:01:14.744691,Neue Donau U,15,347912
2026-01-23T00:01:14.744691,Neue Donau U,15,347732
2026-01-23T00:01:14.744691,Neue Donau U,15,347720
2026-01-23T00:01:14.744691,Franz-Josef Bahnhof S,10,346661
2026-01-23T00:01:14.744691,Franz-Josef Bahnhof S,10,347462
2026-01-23T00:01:14.744691,Franz-Josef Bahnhof S,10,347455
2026-01-23T00:01:14.744691,Franz-Josef Bahnhof S,10,347920
2026-01-23T00:01:14.744691,Franz-Josef Bahnhof S,10,347874
2026-01-23T00:01:14.744691,Franz-Josef Bahnhof S,10,347869
2026-01-23T00:01:14.744691,Franz-Josef Bahnhof S,10,348467
2026-01-23T00:01:14.744691,Franz-Josef Bahnhof S,10,348352
2026-01-23T00:01:14.744691,Franz-Josef Bahnhof S,10,348157
2026-01-23T00:01:14.744691,Franz-Josef Bahnhof S,10,348704
2026-01-23T00:01:14.744691,Niederpointenstraße,13,346457
2026-01-23T00:01:14.744691,Niederpointenstraße,13,346455
2026-01-23T00:01:14.744691,Niederpointenstraße,13,346237
2026-01-23T00:01:14.744691,Niederpointenstraße,13,346660
2026-01-23T00:01:14.744691,Niederpointenstraße,13,346575
2026-01-23T00:01:14.744691,Niederpointenstraße,13,347271
2026-01-23T00:01:14.744691,Niederpointenstraße,13,347101
2026-01-23T00:01:14.744691,Niederpointenstraße,13,347701
2026-01-23T00:01:14.744691,Niederpointenstraße,13,347569
2026-01-23T00:01:14.744691,Niederpointenstraße,13,348449
2026-01-23T00:01:14.744691,Niederpointenstraße,13,348082
2026-01-23T00:01:14.744691,Niederpointenstraße,13,348941
2026-01-23T00:01:14.744691,Niederpointenstraße,13,348857
2026-01-23T00:01:14.744691,Leopoldauer Platz,9,346478
2026-01-23T00:01:14.744691,Leopoldauer Platz,9,346408
2026-01-23T00:01:14.744691,Leopoldauer Platz,9,346802
2026-01-23T00:01:14.744691,Leopoldauer Platz,9,346751
2026-01-23T00:01:14.744691,Leopoldauer Platz,9,346562
2026-01-23T00:01:14.744691,Leopoldauer Platz,9,347750
2026-01-23T00:01:14.744691,Leopoldauer Platz,9,347514
2026-01-23T00:01:14.744691,Leopoldauer Platz,9,398745
2026-01-23T00:01:14.744691,Leopoldauer Platz,9,349072
2026-01-23T00:01:14.744691,ArbeiterInnenstrand,20,345385
2026-01-23T00:01:14.744691,ArbeiterInnenstrand,20,345231
2026-01-23T00:01:14.744691,ArbeiterInnenstrand,20,345155
2026-01-23T00:01:14.744691,ArbeiterInnenstrand,20,345990
2026-01-23T00:01:14.744691,ArbeiterInnenstrand,20,345899
2026-01-23T00:01:14.744691,ArbeiterInnenstrand,20,345756
2026-01-23T00:01:14.744691,ArbeiterInnenstrand,20,345659
2026-01-23T00:01:14.744691,ArbeiterInnenstrand,20,346964
2026-01-23T00:01:14.744691,ArbeiterInnenstrand,20,346885
2026-01-23T00:01:14.744691,ArbeiterInnenstrand,20,347318
2026-01-23T00:01:14.744691,ArbeiterInnenstrand,20,347297
2026-01-23T00:01:14.744691,ArbeiterInnenstrand,20,347226
2026-01-23T00:01:14.744691,ArbeiterInnenstrand,20,347146
2026-01-23T00:01:14.744691,ArbeiterInnenstrand,20,347866
2026-01-23T00:01:14.744691,ArbeiterInnenstrand,20,347836
2026-01-23T00:01:14.744691,ArbeiterInnenstrand,20,347593
2026-01-23T00:01:14.744691,ArbeiterInnenstrand,20,348382
2026-01-23T00:01:14.744691,ArbeiterInnenstrand,20,348068
2026-01-23T00:01:14.744691,ArbeiterInnenstrand,20,398803
2026-01-23T00:01:14.744691,ArbeiterInnenstrand,20,348899
2026-01-23T00:01:14.744691,Gewerbepark Stadlau,2,346777
2026-01-23T00:01:14.744691,Gewerbepark Stadlau,2,398863
2026-01-23T00:01:14.744691,Atzgersdorf Bildungscampus,14,345327
2026-01-23T00:01:14.744691,Atzgersdorf Bildungscampus,14,345886
2026-01-23T00:01:14.744691,Atzgersdorf Bildungscampus,14,345716
2026-01-23T00:01:14.744691,Atzgersdorf Bildungscampus,14,345579
2026-01-23T00:01:14.744691,Atzgersdorf Bildungscampus,14,346220
2026-01-23T00:01:14.744691,Atzgersdorf Bildungscampus,14,347230
2026-01-23T00:01:14.744691,Atzgersdorf Bildungscampus,14,347221
2026-01-23T00:01:14.744691,Atzgersdorf Bildungscampus,14,347090
2026-01-23T00:01:14.744691,Atzgersdorf Bildungscampus,14,347739
2026-01-23T00:01:14.744691,Atzgersdorf Bildungscampus,14,347506
2026-01-23T00:01:14.744691,Atzgersdorf Bildungscampus,14,348438
2026-01-23T00:01:14.744691,Atzgersdorf Bildungscampus,14,348280
2026-01-23T00:01:14.744691,Atzgersdorf Bildungscampus,14,348178
2026-01-23T00:01:14.744691,Atzgersdorf Bildungscampus,14,398834
2026-01-23T00:01:14.744691,Adelheid-Popp-Gasse,1,346053
2026-01-23T00:01:14.744691,Alte Donau U,9,345397
2026-01-23T00:01:14.744691,Alte Donau U,9,345767
2026-01-23T00:01:14.744691,Alte Donau U,9,347261
2026-01-23T00:01:14.744691,Alte Donau U,9,347132
2026-01-23T00:01:14.744691,Alte Donau U,9,347019
2026-01-23T00:01:14.744691,Alte Donau U,9,348447
2026-01-23T00:01:14.744691,Alte Donau U,9,348174
2026-01-23T00:01:14.744691,Alte Donau U,9,348012
2026-01-23T00:01:14.744691,Alte Donau U,9,348674
2026-01-23T00:01:14.744691,VHS Kulturgarage,9,345858
2026-01-23T00:01:14.744691,VHS Kulturgarage,9,345634
2026-01-23T00:01:14.744691,VHS Kulturgarage,9,346338
2026-01-23T00:01:14.744691,VHS Kulturgarage,9,347178
2026-01-23T00:01:14.744691,VHS Kulturgarage,9,347065
2026-01-23T00:01:14.744691,VHS Kulturgarage,9,347942
2026-01-23T00:01:14.744691,VHS Kulturgarage,9,348473
2026-01-23T00:01:14.744691,VHS Kulturgarage,9,348526
2026-01-23T00:01:14.744691,VHS Kulturgarage,9,398772
2026-01-23T00:01:14.744691,Siebenbrunnenfeldgasse,13,345469
2026-01-23T00:01:14.744691,Siebenbrunnenfeldgasse,13,345324
2026-01-23T00:01:14.744691,Siebenbrunnenfeldgasse,13,345221
2026-01-23T00:01:14.744691,Siebenbrunnenfeldgasse,13,345127
2026-01-23T00:01:14.744691,Siebenbrunnenfeldgasse,13,345094
2026-01-23T00:01:14.744691,Siebenbrunnenfeldgasse,13,345766
2026-01-23T00:01:14.744691,Siebenbrunnenfeldgasse,13,345714
2026-01-23T00:01:14.744691,Siebenbrunnenfeldgasse,13,346784
2026-01-23T00:01:14.744691,Siebenbrunnenfeldgasse,13,347336
2026-01-23T00:01:14.744691,Siebenbrunnenfeldgasse,13,347206
2026-01-23T00:01:14.744691,Siebenbrunnenfeldgasse,13,347106
2026-01-23T00:01:14.744691,Siebenbrunnenfeldgasse,13,347076
2026-01-23T00:01:14.744691,Siebenbrunnenfeldgasse,13,348542
2026-01-23T00:01:14.744691,Technisches Museum,22,345402
2026-01-23T00:01:14.744691,Technisches Museum,22,345352
2026-01-23T00:01:14.744691,Technisches Museum,22,345829
2026-01-23T00:01:14.744691,Technisches Museum,22,345781
2026-01-23T00:01:14.744691,Technisches Museum,22,345728
2026-01-23T00:01:14.744691,Technisches Museum,22,346372
2026-01-23T00:01:14.744691,Technisches Museum,22,346309
2026-01-23T00:01:14.744691,Technisches Museum,22,346254
2026-01-23T00:01:14.744691,Technisches Museum,22,346104
2026-01-23T00:01:14.744691,Technisches Museum,22,346085
2026-01-23T00:01:14.744691,Technisches Museum,22,346030
2026-01-23T00:01:14.744691,Technisches Museum,22,346960
2026-01-23T00:01:14.744691,Technisches Museum,22,346804
2026-01-23T00:01:14.744691,Technisches Museum,22,346715
2026-01-23T00:01:14.744691,Technisches Museum,22,347204
2026-01-23T00:01:14.744691,Technisches Museum,22,347176
2026-01-23T00:01:14.744691,Technisches Museum,22,347162
2026-01-23T00:01:14.744691,Technisches Museum,22,347006
2026-01-23T00:01:14.744691,Technisches Museum,22,348460
2026-01-23T00:01:14.744691,Technisches Museum,22,348420
2026-01-23T00:01:14.744691,Technisches Museum,22,348267
2026-01-23T00:01:14.744691,Technisches Museum,22,349123
2026-01-23T00:01:14.744691,Währinger Park,17,345491
2026-01-23T00:01:14.744691,Währinger Park,17,345450
2026-01-23T00:01:14.744691,Währinger Park,17,345394
2026-01-23T00:01:14.744691,Währinger Park,17,345345
2026-01-23T00:01:14.744691,Währinger Park,17,345895
2026-01-23T00:01:14.744691,Währinger Park,17,345850
2026-01-23T00:01:14.744691,Währinger Park,17,345721
2026-01-23T00:01:14.744691,Währinger Park,17,346267
2026-01-23T00:01:14.744691,Währinger Park,17,346167
2026-01-23T00:01:14.744691,Währinger Park,17,346834
2026-01-23T00:01:14.744691,Währinger Park,17,347269
2026-01-23T00:01:14.744691,Währinger Park,17,347193
2026-01-23T00:01:14.744691,Währinger Park,17,347048
2026-01-23T00:01:14.744691,Währinger Park,17,347985
2026-01-23T00:01:14.744691,Währinger Park,17,347840
2026-01-23T00:01:14.744691,Währinger Park,17,348143
2026-01-23T00:01:14.744691,Währinger Park,17,398732
2026-01-23T00:01:14.744691,Ettenreichgasse / Schulzentrum ,4,349113
2026-01-23T00:01:14.744691,Ettenreichgasse / Schulzentrum ,4,349016
2026-01-23T00:01:14.744691,Ettenreichgasse / Schulzentrum ,4,348977
2026-01-23T00:01:14.744691,Ettenreichgasse / Schulzentrum ,4,349168
2026-01-23T00:01:14.744691,Wendstattgasse,9,345408
2026-01-23T00:01:14.744691,Wendstattgasse,9,346693
2026-01-23T00:01:14.744691,Wendstattgasse,9,346632
2026-01-23T00:01:14.744691,Wendstattgasse,9,347121
2026-01-23T00:01:14.744691,Wendstattgasse,9,347702
2026-01-23T00:01:14.744691,Wendstattgasse,9,347639
2026-01-23T00:01:14.744691,Wendstattgasse,9,348389
2026-01-23T00:01:14.744691,Wendstattgasse,9,398846
2026-01-23T00:01:14.744691,Wendstattgasse,9,398723
2026-01-23T00:01:14.744691,Neilreichgasse,1,347426
2026-01-23T00:01:14.744691,Gutheil-Schoder-Gasse / Badner Bahn,13,345400
2026-01-23T00:01:14.744691,Gutheil-Schoder-Gasse / Badner Bahn,13,345361
2026-01-23T00:01:14.744691,Gutheil-Schoder-Gasse / Badner Bahn,13,345926
2026-01-23T00:01:14.744691,Gutheil-Schoder-Gasse / Badner Bahn,13,345554
2026-01-23T00:01:14.744691,Gutheil-Schoder-Gasse / Badner Bahn,13,346286
2026-01-23T00:01:14.744691,Gutheil-Schoder-Gasse / Badner Bahn,13,346222
2026-01-23T00:01:14.744691,Gutheil-Schoder-Gasse / Badner Bahn,13,346765
2026-01-23T00:01:14.744691,Gutheil-Schoder-Gasse / Badner Bahn,13,347137
2026-01-23T00:01:14.744691,Gutheil-Schoder-Gasse / Badner Bahn,13,348316
2026-01-23T00:01:14.744691,Gutheil-Schoder-Gasse / Badner Bahn,13,348271
2026-01-23T00:01:14.744691,Gutheil-Schoder-Gasse / Badner Bahn,13,348034
2026-01-23T00:01:14.744691,Gutheil-Schoder-Gasse / Badner Bahn,13,398724
2026-01-23T00:01:14.744691,Gutheil-Schoder-Gasse / Badner Bahn,13,349154
2026-01-23T00:01:14.744691,Neu Leopoldau,15,345448
2026-01-23T00:01:14.744691,Neu Leopoldau,15,345174
2026-01-23T00:01:14.744691,Neu Leopoldau,15,346382
2026-01-23T00:01:14.744691,Neu Leopoldau,15,346196
2026-01-23T00:01:14.744691,Neu Leopoldau,15,346726
2026-01-23T00:01:14.744691,Neu Leopoldau,15,346656
2026-01-23T00:01:14.744691,Neu Leopoldau,15,346649
2026-01-23T00:01:14.744691,Neu Leopoldau,15,346615
2026-01-23T00:01:14.744691,Neu Leopoldau,15,346512
2026-01-23T00:01:14.744691,Neu Leopoldau,15,347879
2026-01-23T00:01:14.744691,Neu Leopoldau,15,348164
2026-01-23T00:01:14.744691,Neu Leopoldau,15,348934
2026-01-23T00:01:14.744691,Neu Leopoldau,15,348854
2026-01-23T00:01:14.744691,Neu Leopoldau,15,349169
2026-01-23T00:01:14.744691,Neu Leopoldau,15,349147
2026-01-23T00:01:14.744691,Strebersdorf S,9,345152
2026-01-23T00:01:14.744691,Strebersdorf S,9,345644
2026-01-23T00:01:14.744691,Strebersdorf S,9,345541
2026-01-23T00:01:14.744691,Strebersdorf S,9,346162
2026-01-23T00:01:14.744691,Strebersdorf S,9,346140
2026-01-23T00:01:14.744691,Strebersdorf S,9,346529
2026-01-23T00:01:14.744691,Strebersdorf S,9,347485
2026-01-23T00:01:14.744691,Strebersdorf S,9,347061
2026-01-23T00:01:14.744691,Strebersdorf S,9,348060
2026-01-23T00:01:14.744691,Rodlergasse,9,345454
2026-01-23T00:01:14.744691,Rodlergasse,9,345439
2026-01-23T00:01:14.744691,Rodlergasse,9,346938
2026-01-23T00:01:14.744691,Rodlergasse,9,346787
2026-01-23T00:01:14.744691,Rodlergasse,9,347307
2026-01-23T00:01:14.744691,Rodlergasse,9,347071
2026-01-23T00:01:14.744691,Rodlergasse,9,347997
2026-01-23T00:01:14.744691,Rodlergasse,9,348695
2026-01-23T00:01:14.744691,Rodlergasse,9,348842
2026-01-23T00:01:14.744691,Nussbaumallee,8,345025
2026-01-23T00:01:14.744691,Nussbaumallee,8,345826
2026-01-23T00:01:14.744691,Nussbaumallee,8,345777
2026-01-23T00:01:14.744691,Nussbaumallee,8,345626
2026-01-23T00:01:14.744691,Nussbaumallee,8,346131
2026-01-23T00:01:14.744691,Nussbaumallee,8,346806
2026-01-23T00:01:14.744691,Nussbaumallee,8,348217
2026-01-23T00:01:14.744691,Nussbaumallee,8,348579
2026-01-23T00:01:14.744691,Raxstraße,6,346142
2026-01-23T00:01:14.744691,Raxstraße,6,347066
2026-01-23T00:01:14.744691,Raxstraße,6,347777
2026-01-23T00:01:14.744691,Raxstraße,6,347723
2026-01-23T00:01:14.744691,Raxstraße,6,348358
2026-01-23T00:01:14.744691,Raxstraße,6,348971
2026-01-23T00:01:14.744691,Wattmanngasse,10,345105
2026-01-23T00:01:14.744691,Wattmanngasse,10,345080
2026-01-23T00:01:14.744691,Wattmanngasse,10,346373
2026-01-23T00:01:14.744691,Wattmanngasse,10,346076
2026-01-23T00:01:14.744691,Wattmanngasse,10,346750
2026-01-23T00:01:14.744691,Wattmanngasse,10,347631
2026-01-23T00:01:14.744691,Wattmanngasse,10,348346
2026-01-23T00:01:14.744691,Wattmanngasse,10,398856
2026-01-23T00:01:14.744691,Wattmanngasse,10,349050
2026-01-23T00:01:14.744691,Wattmanngasse,10,348913
2026-01-23T00:01:14.744691,Joachimsthaler Platz,8,345456
2026-01-23T00:01:14.744691,Joachimsthaler Platz,8,345693
2026-01-23T00:01:14.744691,Joachimsthaler Platz,8,345674
2026-01-23T00:01:14.744691,Joachimsthaler Platz,8,345612
2026-01-23T00:01:14.744691,Joachimsthaler Platz,8,346294
2026-01-23T00:01:14.744691,Joachimsthaler Platz,8,346680
2026-01-23T00:01:14.744691,Joachimsthaler Platz,8,347711
2026-01-23T00:01:14.744691,Joachimsthaler Platz,8,348145
2026-01-23T00:01:14.744691,Floridsdorfer Markt,9,346882
2026-01-23T00:01:14.744691,Floridsdorfer Markt,9,346869
2026-01-23T00:01:14.744691,Floridsdorfer Markt,9,346698
2026-01-23T00:01:14.744691,Floridsdorfer Markt,9,346681
2026-01-23T00:01:14.744691,Floridsdorfer Markt,9,347978
2026-01-23T00:01:14.744691,Floridsdorfer Markt,9,347835
2026-01-23T00:01:14.744691,Floridsdorfer Markt,9,347699
2026-01-23T00:01:14.744691,Floridsdorfer Markt,9,348457
2026-01-23T00:01:14.744691,Floridsdorfer Markt,9,348455
2026-01-23T00:01:14.744691,Nussdorf S,1,348019
2026-01-23T00:01:14.744691,Bertha-von-Suttner-Gasse,8,345219
2026-01-23T00:01:14.744691,Bertha-von-Suttner-Gasse,8,345689
2026-01-23T00:01:14.744691,Bertha-von-Suttner-Gasse,8,345527
2026-01-23T00:01:14.744691,Bertha-von-Suttner-Gasse,8,346459
2026-01-23T00:01:14.744691,Bertha-von-Suttner-Gasse,8,346858
2026-01-23T00:01:14.744691,Bertha-von-Suttner-Gasse,8,348146
2026-01-23T00:01:14.744691,Bertha-von-Suttner-Gasse,8,398835
2026-01-23T00:01:14.744691,Bertha-von-Suttner-Gasse,8,349068
2026-01-23T00:01:14.744691,Hauptbahnhof Ost,5,346367
2026-01-23T00:01:14.744691,Hauptbahnhof Ost,5,346625
2026-01-23T00:01:14.744691,Hauptbahnhof Ost,5,346617
2026-01-23T00:01:14.744691,Hauptbahnhof Ost,5,347072
2026-01-23T00:01:14.744691,Hauptbahnhof Ost,5,348617
2026-01-23T00:01:14.744691,FH Technikum,13,345046
2026-01-23T00:01:14.744691,FH Technikum,13,345764
2026-01-23T00:01:14.744691,FH Technikum,13,346447
2026-01-23T00:01:14.744691,FH Technikum,13,346503
2026-01-23T00:01:14.744691,FH Technikum,13,347439
2026-01-23T00:01:14.744691,FH Technikum,13,347357
2026-01-23T00:01:14.744691,FH Technikum,13,347315
2026-01-23T00:01:14.744691,FH Technikum,13,347281
2026-01-23T00:01:14.744691,FH Technikum,13,347882
2026-01-23T00:01:14.744691,FH Technikum,13,347821
2026-01-23T00:01:14.744691,FH Technikum,13,348323
2026-01-23T00:01:14.744691,FH Technikum,13,348298
2026-01-23T00:01:14.744691,FH Technikum,13,349189
2026-01-23T00:01:14.744691,Hafen Wien,11,345991
2026-01-23T00:01:14.744691,Hafen Wien,11,346071
2026-01-23T00:01:14.744691,Hafen Wien,11,346956
2026-01-23T00:01:14.744691,Hafen Wien,11,346944
2026-01-23T00:01:14.744691,Hafen Wien,11,346819
2026-01-23T00:01:14.744691,Hafen Wien,11,347321
2026-01-23T00:01:14.744691,Hafen Wien,11,347095
2026-01-23T00:01:14.744691,Hafen Wien,11,347728
2026-01-23T00:01:14.744691,Hafen Wien,11,347661
2026-01-23T00:01:14.744691,Hafen Wien,11,347589
2026-01-23T00:01:14.744691,Hafen Wien,11,348284
2026-01-23T00:01:14.744691,Hundertwasserhaus,11,346487
2026-01-23T00:01:14.744691,Hundertwasserhaus,11,346074
2026-01-23T00:01:14.744691,Hundertwasserhaus,11,346919
2026-01-23T00:01:14.744691,Hundertwasserhaus,11,346830
2026-01-23T00:01:14.744691,Hundertwasserhaus,11,346789
2026-01-23T00:01:14.744691,Hundertwasserhaus,11,346539
2026-01-23T00:01:14.744691,Hundertwasserhaus,11,346507
2026-01-23T00:01:14.744691,Hundertwasserhaus,11,347666
2026-01-23T00:01:14.744691,Hundertwasserhaus,11,348063
2026-01-23T00:01:14.744691,Hundertwasserhaus,11,348054
2026-01-23T00:01:14.744691,Hundertwasserhaus,11,348668
2026-01-23T00:01:14.744691,Seestadt U - Lina-Bo-Bardi-Platz,2,346023
2026-01-23T00:01:14.744691,Seestadt U - Lina-Bo-Bardi-Platz,2,398855
2026-01-23T00:01:14.744691,Barbara-Prammer-Allee,2,348662
2026-01-23T00:01:14.744691,Barbara-Prammer-Allee,2,348596
2026-01-23T00:01:14.744691,Sonnenallee,10,345492
2026-01-23T00:01:14.744691,Sonnenallee,10,345430
2026-01-23T00:01:14.744691,Sonnenallee,10,345917
2026-01-23T00:01:14.744691,Sonnenallee,10,345799
2026-01-23T00:01:14.744691,Sonnenallee,10,346107
2026-01-23T00:01:14.744691,Sonnenallee,10,346782
2026-01-23T00:01:14.744691,Sonnenallee,10,347395
2026-01-23T00:01:14.744691,Sonnenallee,10,347228
2026-01-23T00:01:14.744691,Sonnenallee,10,348258
2026-01-23T00:01:14.744691,Sonnenallee,10,348233
2026-01-23T00:01:14.744691,AIT Austrian Institute of Technology / Giefinggasse ,8,345405
2026-01-23T00:01:14.744691,AIT Austrian Institute of Technology / Giefinggasse ,8,345178
2026-01-23T00:01:14.744691,AIT Austrian Institute of Technology / Giefinggasse ,8,346446
2026-01-23T00:01:14.744691,AIT Austrian Institute of Technology / Giefinggasse ,8,346057
2026-01-23T00:01:14.744691,AIT Austrian Institute of Technology / Giefinggasse ,8,346608
2026-01-23T00:01:14.744691,AIT Austrian Institute of Technology / Giefinggasse ,8,347010
2026-01-23T00:01:14.744691,AIT Austrian Institute of Technology / Giefinggasse ,8,348114
2026-01-23T00:01:14.744691,AIT Austrian Institute of Technology / Giefinggasse ,8,348092
2026-01-23T00:01:14.744691,Blériotgasse,14,345358
2026-01-23T00:01:14.744691,Blériotgasse,14,345307
2026-01-23T00:01:14.744691,Blériotgasse,14,345113
2026-01-23T00:01:14.744691,Blériotgasse,14,345053
2026-01-23T00:01:14.744691,Blériotgasse,14,345904
2026-01-23T00:01:14.744691,Blériotgasse,14,345894
2026-01-23T00:01:14.744691,Blériotgasse,14,346484
2026-01-23T00:01:14.744691,Blériotgasse,14,346298
2026-01-23T00:01:14.744691,Blériotgasse,14,346017
2026-01-23T00:01:14.744691,Blériotgasse,14,346567
2026-01-23T00:01:14.744691,Blériotgasse,14,347317
2026-01-23T00:01:14.744691,Blériotgasse,14,347670
2026-01-23T00:01:14.744691,Blériotgasse,14,348474
2026-01-23T00:01:14.744691,Blériotgasse,14,398818
2026-01-23T00:01:14.744691,Vetmed Haupteingang,1,346031
2026-01-23T00:01:14.744691,Vetmed UB,4,345059
2026-01-23T00:01:14.744691,Vetmed UB,4,346856
2026-01-23T00:01:14.744691,Vetmed UB,4,346705
2026-01-23T00:01:14.744691,Vetmed UB,4,348404
2026-01-23T00:01:14.744691,Rebhanngasse / Nordbahnstrasse,5,346214
2026-01-23T00:01:14.744691,Rebhanngasse / Nordbahnstrasse,5,347883
2026-01-23T00:01:14.744691,Rebhanngasse / Nordbahnstrasse,5,347629
2026-01-23T00:01:14.744691,Rebhanngasse / Nordbahnstrasse,5,347567
2026-01-23T00:01:14.744691,Rebhanngasse / Nordbahnstrasse,5,349025
2026-01-23T00:01:14.744691,Nordbahnstrasse,3,345376
2026-01-23T00:01:14.744691,Nordbahnstrasse,3,347518
2026-01-23T00:01:14.744691,Nordbahnstrasse,3,348882
2026-01-23T00:01:14.744691,BIKE 347026,1,347026
2026-01-23T00:01:14.744691,BIKE 348921,1,348921
2026-01-23T00:01:14.744691,BIKE 348828,1,348828
2026-01-23T00:01:14.744691,BIKE 346021,1,346021
2026-01-23T00:01:14.744691,BIKE 346054,1,346054
2026-01-23T00:01:14.744691,BIKE 347958,1,347958
2026-01-23T00:01:14.744691,BIKE 346047,1,346047
2026-01-23T00:01:14.744691,BIKE 346227,1,346227
2026-01-23T00:01:14.744691,BIKE 345594,1,345594
2026-01-23T00:01:14.744691,BIKE 345665,1,345665
2026-01-23T00:01:14.744691,BIKE 347199,1,347199
2026-01-23T00:01:14.744691,BIKE 346325,1,346325
2026-01-23T00:01:14.744691,BIKE 346492,1,346492
2026-01-23T00:01:14.744691,BIKE 348151,1,348151
2026-01-23T00:01:14.744691,BIKE 348878,1,348878
2026-01-23T00:01:14.744691,BIKE 345930,1,345930
2026-01-23T00:01:14.744691,BIKE 398790,1,398790
2026-01-23T00:01:14.744691,BIKE 348080,1,348080
2026-01-23T00:01:14.744691,BIKE 346513,1,346513
2026-01-23T00:01:14.744691,BIKE 346038,1,346038
2026-01-23T00:01:14.744691,BIKE 348935,1,348935
2026-01-23T00:01:14.744691,BIKE 348927,1,348927
2026-01-23T02:11:33.902942,Julius-Raab-Platz,24,345485
2026-01-23T02:11:33.902942,Julius-Raab-Platz,24,345428
2026-01-23T02:11:33.902942,Julius-Raab-Platz,24,345399
2026-01-23T02:11:33.902942,Julius-Raab-Platz,24,345311
2026-01-23T02:11:33.902942,Julius-Raab-Platz,24,345097
2026-01-23T02:11:33.902942,Julius-Raab-Platz,24,345562
2026-01-23T02:11:33.902942,Julius-Raab-Platz,24,346328
2026-01-23T02:11:33.902942,Julius-Raab-Platz,24,346228
2026-01-23T02:11:33.902942,Julius-Raab-Platz,24,346080
2026-01-23T02:11:33.902942,Julius-Raab-Platz,24,346892
2026-01-23T02:11:33.902942,Julius-Raab-Platz,24,346718
2026-01-23T02:11:33.902942,Julius-Raab-Platz,24,347420
2026-01-23T02:11:33.902942,Julius-Raab-Platz,24,347152
2026-01-23T02:11:33.902942,Julius-Raab-Platz,24,347964
2026-01-23T02:11:33.902942,Julius-Raab-Platz,24,347815
2026-01-23T02:11:33.902942,Julius-Raab-Platz,24,347505
2026-01-23T02:11:33.902942,Julius-Raab-Platz,24,348318
2026-01-23T02:11:33.902942,Julius-Raab-Platz,24,348305
2026-01-23T02:11:33.902942,Julius-Raab-Platz,24,348282
2026-01-23T02:11:33.902942,Julius-Raab-Platz,24,348101
2026-01-23T02:11:33.902942,Julius-Raab-Platz,24,348629
2026-01-23T02:11:33.902942,Julius-Raab-Platz,24,348610
2026-01-23T02:11:33.902942,Julius-Raab-Platz,24,398739
2026-01-23T02:11:33.902942,Julius-Raab-Platz,24,398734
2026-01-23T02:11:33.902942,Hoher Markt,26,345415
2026-01-23T02:11:33.902942,Hoher Markt,26,345368
2026-01-23T02:11:33.902942,Hoher Markt,26,345312
2026-01-23T02:11:33.902942,Hoher Markt,26,345885
2026-01-23T02:11:33.902942,Hoher Markt,26,345830
2026-01-23T02:11:33.902942,Hoher Markt,26,345718
2026-01-23T02:11:33.902942,Hoher Markt,26,345677
2026-01-23T02:11:33.902942,Hoher Markt,26,346407
2026-01-23T02:11:33.902942,Hoher Markt,26,346258
2026-01-23T02:11:33.902942,Hoher Markt,26,346926
2026-01-23T02:11:33.902942,Hoher Markt,26,346689
2026-01-23T02:11:33.902942,Hoher Markt,26,346606
2026-01-23T02:11:33.902942,Hoher Markt,26,347499
2026-01-23T02:11:33.902942,Hoher Markt,26,347378
2026-01-23T02:11:33.902942,Hoher Markt,26,347246
2026-01-23T02:11:33.902942,Hoher Markt,26,347823
2026-01-23T02:11:33.902942,Hoher Markt,26,347770
2026-01-23T02:11:33.902942,Hoher Markt,26,347762
2026-01-23T02:11:33.902942,Hoher Markt,26,348410
2026-01-23T02:11:33.902942,Hoher Markt,26,348344
2026-01-23T02:11:33.902942,Hoher Markt,26,348310
2026-01-23T02:11:33.902942,Hoher Markt,26,348602
2026-01-23T02:11:33.902942,Hoher Markt,26,348563
2026-01-23T02:11:33.902942,Hoher Markt,26,398807
2026-01-23T02:11:33.902942,Hoher Markt,26,398784
2026-01-23T02:11:33.902942,Hoher Markt,26,348923
2026-01-23T02:11:33.902942,Oper,24,345477
2026-01-23T02:11:33.902942,Oper,24,345262
2026-01-23T02:11:33.902942,Oper,24,345188
2026-01-23T02:11:33.902942,Oper,24,345907
2026-01-23T02:11:33.902942,Oper,24,345778
2026-01-23T02:11:33.902942,Oper,24,345653
2026-01-23T02:11:33.902942,Oper,24,345620
2026-01-23T02:11:33.902942,Oper,24,346359
2026-01-23T02:11:33.902942,Oper,24,346921
2026-01-23T02:11:33.902942,Oper,24,347442
2026-01-23T02:11:33.902942,Oper,24,347080
2026-01-23T02:11:33.902942,Oper,24,347027
2026-01-23T02:11:33.902942,Oper,24,347805
2026-01-23T02:11:33.902942,Oper,24,347782
2026-01-23T02:11:33.902942,Oper,24,347731
2026-01-23T02:11:33.902942,Oper,24,347616
2026-01-23T02:11:33.902942,Oper,24,347610
2026-01-23T02:11:33.902942,Oper,24,348479
2026-01-23T02:11:33.902942,Oper,24,348206
2026-01-23T02:11:33.902942,Oper,24,348663
2026-01-23T02:11:33.902942,Oper,24,348615
2026-01-23T02:11:33.902942,Oper,24,348545
2026-01-23T02:11:33.902942,Oper,24,398714
2026-01-23T02:11:33.902942,Oper,24,398817
2026-01-23T02:11:33.902942,Volksgarten,9,345333
2026-01-23T02:11:33.902942,Volksgarten,9,345564
2026-01-23T02:11:33.902942,Volksgarten,9,346308
2026-01-23T02:11:33.902942,Volksgarten,9,347341
2026-01-23T02:11:33.902942,Volksgarten,9,347973
2026-01-23T02:11:33.902942,Volksgarten,9,347871
2026-01-23T02:11:33.902942,Volksgarten,9,347743
2026-01-23T02:11:33.902942,Volksgarten,9,347698
2026-01-23T02:11:33.902942,Volksgarten,9,348160
2026-01-23T02:11:33.902942,Stephansplatz U,4,346556
2026-01-23T02:11:33.902942,Stephansplatz U,4,347009
2026-01-23T02:11:33.902942,Stephansplatz U,4,348929
2026-01-23T02:11:33.902942,Stephansplatz U,4,349162
2026-01-23T02:11:33.902942,Taborstraße U,24,345186
2026-01-23T02:11:33.902942,Taborstraße U,24,345117
2026-01-23T02:11:33.902942,Taborstraße U,24,345864
2026-01-23T02:11:33.902942,Taborstraße U,24,345614
2026-01-23T02:11:33.902942,Taborstraße U,24,346476
2026-01-23T02:11:33.902942,Taborstraße U,24,346391
2026-01-23T02:11:33.902942,Taborstraße U,24,346149
2026-01-23T02:11:33.902942,Taborstraße U,24,346019
2026-01-23T02:11:33.902942,Taborstraße U,24,346833
2026-01-23T02:11:33.902942,Taborstraße U,24,346730
2026-01-23T02:11:33.902942,Taborstraße U,24,347486
2026-01-23T02:11:33.902942,Taborstraße U,24,347257
2026-01-23T02:11:33.902942,Taborstraße U,24,347935
2026-01-23T02:11:33.902942,Taborstraße U,24,347915
2026-01-23T02:11:33.902942,Taborstraße U,24,347721
2026-01-23T02:11:33.902942,Taborstraße U,24,347674
2026-01-23T02:11:33.902942,Taborstraße U,24,347652
2026-01-23T02:11:33.902942,Taborstraße U,24,347627
2026-01-23T02:11:33.902942,Taborstraße U,24,347622
2026-01-23T02:11:33.902942,Taborstraße U,24,348190
2026-01-23T02:11:33.902942,Taborstraße U,24,348636
2026-01-23T02:11:33.902942,Taborstraße U,24,348622
2026-01-23T02:11:33.902942,Taborstraße U,24,348584
2026-01-23T02:11:33.902942,Taborstraße U,24,398728
2026-01-23T02:11:33.902942,WU-Campus / Südportalstraße ,10,345169
2026-01-23T02:11:33.902942,WU-Campus / Südportalstraße ,10,345056
2026-01-23T02:11:33.902942,WU-Campus / Südportalstraße ,10,346992
2026-01-23T02:11:33.902942,WU-Campus / Südportalstraße ,10,347393
2026-01-23T02:11:33.902942,WU-Campus / Südportalstraße ,10,347769
2026-01-23T02:11:33.902942,WU-Campus / Südportalstraße ,10,347609
2026-01-23T02:11:33.902942,WU-Campus / Südportalstraße ,10,348445
2026-01-23T02:11:33.902942,WU-Campus / Südportalstraße ,10,348152
2026-01-23T02:11:33.902942,WU-Campus / Südportalstraße ,10,348066
2026-01-23T02:11:33.902942,WU-Campus / Südportalstraße ,10,348556
2026-01-23T02:11:33.902942,Erdberg U,30,345421
2026-01-23T02:11:33.902942,Erdberg U,30,345284
2026-01-23T02:11:33.902942,Erdberg U,30,345261
2026-01-23T02:11:33.902942,Erdberg U,30,345248
2026-01-23T02:11:33.902942,Erdberg U,30,345149
2026-01-23T02:11:33.902942,Erdberg U,30,345856
2026-01-23T02:11:33.902942,Erdberg U,30,345779
2026-01-23T02:11:33.902942,Erdberg U,30,346416
2026-01-23T02:11:33.902942,Erdberg U,30,346218
2026-01-23T02:11:33.902942,Erdberg U,30,346098
2026-01-23T02:11:33.902942,Erdberg U,30,346982
2026-01-23T02:11:33.902942,Erdberg U,30,346651
2026-01-23T02:11:33.902942,Erdberg U,30,346612
2026-01-23T02:11:33.902942,Erdberg U,30,347210
2026-01-23T02:11:33.902942,Erdberg U,30,347188
2026-01-23T02:11:33.902942,Erdberg U,30,347030
2026-01-23T02:11:33.902942,Erdberg U,30,347982
2026-01-23T02:11:33.902942,Erdberg U,30,347710
2026-01-23T02:11:33.902942,Erdberg U,30,347659
2026-01-23T02:11:33.902942,Erdberg U,30,348230
2026-01-23T02:11:33.902942,Erdberg U,30,348195
2026-01-23T02:11:33.902942,Erdberg U,30,348127
2026-01-23T02:11:33.902942,Erdberg U,30,348708
2026-01-23T02:11:33.902942,Erdberg U,30,348560
2026-01-23T02:11:33.902942,Erdberg U,30,348543
2026-01-23T02:11:33.902942,Erdberg U,30,398782
2026-01-23T02:11:33.902942,Erdberg U,30,349069
2026-01-23T02:11:33.902942,Erdberg U,30,348942
2026-01-23T02:11:33.902942,Erdberg U,30,348850
2026-01-23T02:11:33.902942,Erdberg U,30,348825
2026-01-23T02:11:33.902942,Media Quarter Marx,15,346272
2026-01-23T02:11:33.902942,Media Quarter Marx,15,346264
2026-01-23T02:11:33.902942,Media Quarter Marx,15,346215
2026-01-23T02:11:33.902942,Media Quarter Marx,15,346577
2026-01-23T02:11:33.902942,Media Quarter Marx,15,347380
2026-01-23T02:11:33.902942,Media Quarter Marx,15,347168
2026-01-23T02:11:33.902942,Media Quarter Marx,15,347135
2026-01-23T02:11:33.902942,Media Quarter Marx,15,347116
2026-01-23T02:11:33.902942,Media Quarter Marx,15,347756
2026-01-23T02:11:33.902942,Media Quarter Marx,15,348426
2026-01-23T02:11:33.902942,Media Quarter Marx,15,348594
2026-01-23T02:11:33.902942,Media Quarter Marx,15,348569
2026-01-23T02:11:33.902942,Media Quarter Marx,15,398849
2026-01-23T02:11:33.902942,Media Quarter Marx,15,398810
2026-01-23T02:11:33.902942,Media Quarter Marx,15,398775
2026-01-23T02:11:33.902942,Rennweg S,4,346126
2026-01-23T02:11:33.902942,Rennweg S,4,347996
2026-01-23T02:11:33.902942,Rennweg S,4,348928
2026-01-23T02:11:33.902942,Rennweg S,4,348891
2026-01-23T02:11:33.902942,Rochusmarkt,8,345482
2026-01-23T02:11:33.902942,Rochusmarkt,8,345036
2026-01-23T02:11:33.902942,Rochusmarkt,8,346990
2026-01-23T02:11:33.902942,Rochusmarkt,8,346607
2026-01-23T02:11:33.902942,Rochusmarkt,8,347867
2026-01-23T02:11:33.902942,Rochusmarkt,8,398824
2026-01-23T02:11:33.902942,Rochusmarkt,8,349101
2026-01-23T02:11:33.902942,Rochusmarkt,8,348981
2026-01-23T02:11:33.902942,Schwarzenbergplatz,21,345458
2026-01-23T02:11:33.902942,Schwarzenbergplatz,21,345154
2026-01-23T02:11:33.902942,Schwarzenbergplatz,21,345670
2026-01-23T02:11:33.902942,Schwarzenbergplatz,21,346242
2026-01-23T02:11:33.902942,Schwarzenbergplatz,21,346174
2026-01-23T02:11:33.902942,Schwarzenbergplatz,21,346151
2026-01-23T02:11:33.902942,Schwarzenbergplatz,21,346701
2026-01-23T02:11:33.902942,Schwarzenbergplatz,21,346580
2026-01-23T02:11:33.902942,Schwarzenbergplatz,21,346578
2026-01-23T02:11:33.902942,Schwarzenbergplatz,21,346528
2026-01-23T02:11:33.902942,Schwarzenbergplatz,21,347416
2026-01-23T02:11:33.902942,Schwarzenbergplatz,21,347360
2026-01-23T02:11:33.902942,Schwarzenbergplatz,21,347167
2026-01-23T02:11:33.902942,Schwarzenbergplatz,21,347938
2026-01-23T02:11:33.902942,Schwarzenbergplatz,21,347677
2026-01-23T02:11:33.902942,Schwarzenbergplatz,21,347633
2026-01-23T02:11:33.902942,Schwarzenbergplatz,21,347581
2026-01-23T02:11:33.902942,Schwarzenbergplatz,21,347571
2026-01-23T02:11:33.902942,Schwarzenbergplatz,21,348471
2026-01-23T02:11:33.902942,Schwarzenbergplatz,21,348572
2026-01-23T02:11:33.902942,Schwarzenbergplatz,21,398857
2026-01-23T02:11:33.902942,Heumühlgasse,28,345444
2026-01-23T02:11:33.902942,Heumühlgasse,28,345272
2026-01-23T02:11:33.902942,Heumühlgasse,28,345953
2026-01-23T02:11:33.902942,Heumühlgasse,28,345605
2026-01-23T02:11:33.902942,Heumühlgasse,28,345508
2026-01-23T02:11:33.902942,Heumühlgasse,28,346332
2026-01-23T02:11:33.902942,Heumühlgasse,28,346275
2026-01-23T02:11:33.902942,Heumühlgasse,28,346146
2026-01-23T02:11:33.902942,Heumühlgasse,28,346116
2026-01-23T02:11:33.902942,Heumühlgasse,28,346075
2026-01-23T02:11:33.902942,Heumühlgasse,28,346637
2026-01-23T02:11:33.902942,Heumühlgasse,28,346582
2026-01-23T02:11:33.902942,Heumühlgasse,28,346551
2026-01-23T02:11:33.902942,Heumühlgasse,28,347435
2026-01-23T02:11:33.902942,Heumühlgasse,28,347356
2026-01-23T02:11:33.902942,Heumühlgasse,28,347212
2026-01-23T02:11:33.902942,Heumühlgasse,28,347165
2026-01-23T02:11:33.902942,Heumühlgasse,28,347119
2026-01-23T02:11:33.902942,Heumühlgasse,28,347975
2026-01-23T02:11:33.902942,Heumühlgasse,28,347683
2026-01-23T02:11:33.902942,Heumühlgasse,28,347546
2026-01-23T02:11:33.902942,Heumühlgasse,28,347501
2026-01-23T02:11:33.902942,Heumühlgasse,28,347500
2026-01-23T02:11:33.902942,Heumühlgasse,28,348403
2026-01-23T02:11:33.902942,Heumühlgasse,28,348223
2026-01-23T02:11:33.902942,Heumühlgasse,28,348113
2026-01-23T02:11:33.902942,Heumühlgasse,28,348667
2026-01-23T02:11:33.902942,Heumühlgasse,28,349047
2026-01-23T02:11:33.902942,Margaretengürtel U,14,345409
2026-01-23T02:11:33.902942,Margaretengürtel U,14,345165
2026-01-23T02:11:33.902942,Margaretengürtel U,14,345740
2026-01-23T02:11:33.902942,Margaretengürtel U,14,345682
2026-01-23T02:11:33.902942,Margaretengürtel U,14,345572
2026-01-23T02:11:33.902942,Margaretengürtel U,14,346260
2026-01-23T02:11:33.902942,Margaretengürtel U,14,346213
2026-01-23T02:11:33.902942,Margaretengürtel U,14,346648
2026-01-23T02:11:33.902942,Margaretengürtel U,14,346541
2026-01-23T02:11:33.902942,Margaretengürtel U,14,346535
2026-01-23T02:11:33.902942,Margaretengürtel U,14,348088
2026-01-23T02:11:33.902942,Margaretengürtel U,14,348664
2026-01-23T02:11:33.902942,Margaretengürtel U,14,398814
2026-01-23T02:11:33.902942,Margaretengürtel U,14,398811
2026-01-23T02:11:33.902942,Mittersteig,17,345300
2026-01-23T02:11:33.902942,Mittersteig,17,345098
2026-01-23T02:11:33.902942,Mittersteig,17,345055
2026-01-23T02:11:33.902942,Mittersteig,17,345806
2026-01-23T02:11:33.902942,Mittersteig,17,345691
2026-01-23T02:11:33.902942,Mittersteig,17,345604
2026-01-23T02:11:33.902942,Mittersteig,17,345582
2026-01-23T02:11:33.902942,Mittersteig,17,346360
2026-01-23T02:11:33.902942,Mittersteig,17,346355
2026-01-23T02:11:33.902942,Mittersteig,17,346230
2026-01-23T02:11:33.902942,Mittersteig,17,346898
2026-01-23T02:11:33.902942,Mittersteig,17,347820
2026-01-23T02:11:33.902942,Mittersteig,17,347708
2026-01-23T02:11:33.902942,Mittersteig,17,347558
2026-01-23T02:11:33.902942,Mittersteig,17,348325
2026-01-23T02:11:33.902942,Mittersteig,17,348165
2026-01-23T02:11:33.902942,Mittersteig,17,348147
2026-01-23T02:11:33.902942,Ceija-Stojka-Platz,3,346785
2026-01-23T02:11:33.902942,Ceija-Stojka-Platz,3,349032
2026-01-23T02:11:33.902942,Ceija-Stojka-Platz,3,349161
2026-01-23T02:11:33.902942,Volkstheater U,24,345463
2026-01-23T02:11:33.902942,Volkstheater U,24,345461
2026-01-23T02:11:33.902942,Volkstheater U,24,345135
2026-01-23T02:11:33.902942,Volkstheater U,24,345838
2026-01-23T02:11:33.902942,Volkstheater U,24,345686
2026-01-23T02:11:33.902942,Volkstheater U,24,345684
2026-01-23T02:11:33.902942,Volkstheater U,24,345600
2026-01-23T02:11:33.902942,Volkstheater U,24,346307
2026-01-23T02:11:33.902942,Volkstheater U,24,346290
2026-01-23T02:11:33.902942,Volkstheater U,24,346536
2026-01-23T02:11:33.902942,Volkstheater U,24,346533
2026-01-23T02:11:33.902942,Volkstheater U,24,347241
2026-01-23T02:11:33.902942,Volkstheater U,24,347207
2026-01-23T02:11:33.902942,Volkstheater U,24,347203
2026-01-23T02:11:33.902942,Volkstheater U,24,347163
2026-01-23T02:11:33.902942,Volkstheater U,24,347992
2026-01-23T02:11:33.902942,Volkstheater U,24,347965
2026-01-23T02:11:33.902942,Volkstheater U,24,347562
2026-01-23T02:11:33.902942,Volkstheater U,24,348270
2026-01-23T02:11:33.902942,Volkstheater U,24,348155
2026-01-23T02:11:33.902942,Volkstheater U,24,348603
2026-01-23T02:11:33.902942,Volkstheater U,24,348595
2026-01-23T02:11:33.902942,Volkstheater U,24,348538
2026-01-23T02:11:33.902942,Volkstheater U,24,349149
2026-01-23T02:11:33.902942,Zieglergasse U,17,345998
2026-01-23T02:11:33.902942,Zieglergasse U,17,345727
2026-01-23T02:11:33.902942,Zieglergasse U,17,346396
2026-01-23T02:11:33.902942,Zieglergasse U,17,346383
2026-01-23T02:11:33.902942,Zieglergasse U,17,346201
2026-01-23T02:11:33.902942,Zieglergasse U,17,346825
2026-01-23T02:11:33.902942,Zieglergasse U,17,346820
2026-01-23T02:11:33.902942,Zieglergasse U,17,346650
2026-01-23T02:11:33.902942,Zieglergasse U,17,346568
2026-01-23T02:11:33.902942,Zieglergasse U,17,347373
2026-01-23T02:11:33.902942,Zieglergasse U,17,347159
2026-01-23T02:11:33.902942,Zieglergasse U,17,347003
2026-01-23T02:11:33.902942,Zieglergasse U,17,347847
2026-01-23T02:11:33.902942,Zieglergasse U,17,348293
2026-01-23T02:11:33.902942,Zieglergasse U,17,348283
2026-01-23T02:11:33.902942,Zieglergasse U,17,348582
2026-01-23T02:11:33.902942,Zieglergasse U,17,348840
2026-01-23T02:11:33.902942,Oskar-Morgenstern-Platz,13,345029
2026-01-23T02:11:33.902942,Oskar-Morgenstern-Platz,13,345920
2026-01-23T02:11:33.902942,Oskar-Morgenstern-Platz,13,345576
2026-01-23T02:11:33.902942,Oskar-Morgenstern-Platz,13,346691
2026-01-23T02:11:33.902942,Oskar-Morgenstern-Platz,13,346590
2026-01-23T02:11:33.902942,Oskar-Morgenstern-Platz,13,347288
2026-01-23T02:11:33.902942,Oskar-Morgenstern-Platz,13,347174
2026-01-23T02:11:33.902942,Oskar-Morgenstern-Platz,13,347881
2026-01-23T02:11:33.902942,Oskar-Morgenstern-Platz,13,347843
2026-01-23T02:11:33.902942,Oskar-Morgenstern-Platz,13,347798
2026-01-23T02:11:33.902942,Oskar-Morgenstern-Platz,13,348568
2026-01-23T02:11:33.902942,Oskar-Morgenstern-Platz,13,398841
2026-01-23T02:11:33.902942,Oskar-Morgenstern-Platz,13,348844
2026-01-23T02:11:33.902942,Frankhplatz,15,345264
2026-01-23T02:11:33.902942,Frankhplatz,15,345037
2026-01-23T02:11:33.902942,Frankhplatz,15,345983
2026-01-23T02:11:33.902942,Frankhplatz,15,346292
2026-01-23T02:11:33.902942,Frankhplatz,15,346663
2026-01-23T02:11:33.902942,Frankhplatz,15,347428
2026-01-23T02:11:33.902942,Frankhplatz,15,347388
2026-01-23T02:11:33.902942,Frankhplatz,15,347320
2026-01-23T02:11:33.902942,Frankhplatz,15,347296
2026-01-23T02:11:33.902942,Frankhplatz,15,347070
2026-01-23T02:11:33.902942,Frankhplatz,15,347067
2026-01-23T02:11:33.902942,Frankhplatz,15,347021
2026-01-23T02:11:33.902942,Frankhplatz,15,347628
2026-01-23T02:11:33.902942,Frankhplatz,15,347626
2026-01-23T02:11:33.902942,Frankhplatz,15,348059
2026-01-23T02:11:33.902942,Friedensbrücke U,10,345459
2026-01-23T02:11:33.902942,Friedensbrücke U,10,345304
2026-01-23T02:11:33.902942,Friedensbrücke U,10,346335
2026-01-23T02:11:33.902942,Friedensbrücke U,10,346265
2026-01-23T02:11:33.902942,Friedensbrücke U,10,346195
2026-01-23T02:11:33.902942,Friedensbrücke U,10,346090
2026-01-23T02:11:33.902942,Friedensbrücke U,10,346949
2026-01-23T02:11:33.902942,Friedensbrücke U,10,346896
2026-01-23T02:11:33.902942,Friedensbrücke U,10,346857
2026-01-23T02:11:33.902942,Friedensbrücke U,10,347379
2026-01-23T02:11:33.902942,Spittelau S U,13,345855
2026-01-23T02:11:33.902942,Spittelau S U,13,345726
2026-01-23T02:11:33.902942,Spittelau S U,13,346450
2026-01-23T02:11:33.902942,Spittelau S U,13,346065
2026-01-23T02:11:33.902942,Spittelau S U,13,346917
2026-01-23T02:11:33.902942,Spittelau S U,13,346832
2026-01-23T02:11:33.902942,Spittelau S U,13,346793
2026-01-23T02:11:33.902942,Spittelau S U,13,347100
2026-01-23T02:11:33.902942,Spittelau S U,13,347824
2026-01-23T02:11:33.902942,Spittelau S U,13,347771
2026-01-23T02:11:33.902942,Spittelau S U,13,348453
2026-01-23T02:11:33.902942,Spittelau S U,13,348021
2026-01-23T02:11:33.902942,Spittelau S U,13,348586
2026-01-23T02:11:33.902942,Absbergbrücke ,26,345270
2026-01-23T02:11:33.902942,Absbergbrücke ,26,345076
2026-01-23T02:11:33.902942,Absbergbrücke ,26,345987
2026-01-23T02:11:33.902942,Absbergbrücke ,26,345967
2026-01-23T02:11:33.902942,Absbergbrücke ,26,345861
2026-01-23T02:11:33.902942,Absbergbrücke ,26,345696
2026-01-23T02:11:33.902942,Absbergbrücke ,26,345639
2026-01-23T02:11:33.902942,Absbergbrücke ,26,346368
2026-01-23T02:11:33.902942,Absbergbrücke ,26,346270
2026-01-23T02:11:33.902942,Absbergbrücke ,26,346970
2026-01-23T02:11:33.902942,Absbergbrücke ,26,346945
2026-01-23T02:11:33.902942,Absbergbrücke ,26,346904
2026-01-23T02:11:33.902942,Absbergbrücke ,26,347094
2026-01-23T02:11:33.902942,Absbergbrücke ,26,347793
2026-01-23T02:11:33.902942,Absbergbrücke ,26,347590
2026-01-23T02:11:33.902942,Absbergbrücke ,26,348159
2026-01-23T02:11:33.902942,Absbergbrücke ,26,348620
2026-01-23T02:11:33.902942,Absbergbrücke ,26,348558
2026-01-23T02:11:33.902942,Absbergbrücke ,26,348521
2026-01-23T02:11:33.902942,Absbergbrücke ,26,349105
2026-01-23T02:11:33.902942,Absbergbrücke ,26,349018
2026-01-23T02:11:33.902942,Absbergbrücke ,26,348896
2026-01-23T02:11:33.902942,Absbergbrücke ,26,348886
2026-01-23T02:11:33.902942,Absbergbrücke ,26,348841
2026-01-23T02:11:33.902942,Absbergbrücke ,26,349157
2026-01-23T02:11:33.902942,Absbergbrücke ,26,349121
2026-01-23T02:11:33.902942,Altes Landgut U,23,345427
2026-01-23T02:11:33.902942,Altes Landgut U,23,345426
2026-01-23T02:11:33.902942,Altes Landgut U,23,345147
2026-01-23T02:11:33.902942,Altes Landgut U,23,345916
2026-01-23T02:11:33.902942,Altes Landgut U,23,345749
2026-01-23T02:11:33.902942,Altes Landgut U,23,346467
2026-01-23T02:11:33.902942,Altes Landgut U,23,346464
2026-01-23T02:11:33.902942,Altes Landgut U,23,346185
2026-01-23T02:11:33.902942,Altes Landgut U,23,346102
2026-01-23T02:11:33.902942,Altes Landgut U,23,346993
2026-01-23T02:11:33.902942,Altes Landgut U,23,346812
2026-01-23T02:11:33.902942,Altes Landgut U,23,346522
2026-01-23T02:11:33.902942,Altes Landgut U,23,347383
2026-01-23T02:11:33.902942,Altes Landgut U,23,347156
2026-01-23T02:11:33.902942,Altes Landgut U,23,347946
2026-01-23T02:11:33.902942,Altes Landgut U,23,347643
2026-01-23T02:11:33.902942,Altes Landgut U,23,347555
2026-01-23T02:11:33.902942,Altes Landgut U,23,348326
2026-01-23T02:11:33.902942,Altes Landgut U,23,348221
2026-01-23T02:11:33.902942,Altes Landgut U,23,348209
2026-01-23T02:11:33.902942,Altes Landgut U,23,348150
2026-01-23T02:11:33.902942,Altes Landgut U,23,348087
2026-01-23T02:11:33.902942,Altes Landgut U,23,348070
2026-01-23T02:11:33.902942,Bloch-Bauer-Promenade,4,346113
2026-01-23T02:11:33.902942,Bloch-Bauer-Promenade,4,347834
2026-01-23T02:11:33.902942,Bloch-Bauer-Promenade,4,348055
2026-01-23T02:11:33.902942,Bloch-Bauer-Promenade,4,348522
2026-01-23T02:11:33.902942,Hauptbahnhof S U ,29,345440
2026-01-23T02:11:33.902942,Hauptbahnhof S U ,29,345389
2026-01-23T02:11:33.902942,Hauptbahnhof S U ,29,345232
2026-01-23T02:11:33.902942,Hauptbahnhof S U ,29,345181
2026-01-23T02:11:33.902942,Hauptbahnhof S U ,29,345085
2026-01-23T02:11:33.902942,Hauptbahnhof S U ,29,345064
2026-01-23T02:11:33.902942,Hauptbahnhof S U ,29,345936
2026-01-23T02:11:33.902942,Hauptbahnhof S U ,29,345931
2026-01-23T02:11:33.902942,Hauptbahnhof S U ,29,345725
2026-01-23T02:11:33.902942,Hauptbahnhof S U ,29,345649
2026-01-23T02:11:33.902942,Hauptbahnhof S U ,29,346323
2026-01-23T02:11:33.902942,Hauptbahnhof S U ,29,346052
2026-01-23T02:11:33.902942,Hauptbahnhof S U ,29,347404
2026-01-23T02:11:33.902942,Hauptbahnhof S U ,29,347215
2026-01-23T02:11:33.902942,Hauptbahnhof S U ,29,347211
2026-01-23T02:11:33.902942,Hauptbahnhof S U ,29,347766
2026-01-23T02:11:33.902942,Hauptbahnhof S U ,29,348074
2026-01-23T02:11:33.902942,Hauptbahnhof S U ,29,348024
2026-01-23T02:11:33.902942,Hauptbahnhof S U ,29,348520
2026-01-23T02:11:33.902942,Hauptbahnhof S U ,29,398829
2026-01-23T02:11:33.902942,Hauptbahnhof S U ,29,349089
2026-01-23T02:11:33.902942,Hauptbahnhof S U ,29,349079
2026-01-23T02:11:33.902942,Hauptbahnhof S U ,29,348917
2026-01-23T02:11:33.902942,Hauptbahnhof S U ,29,348868
2026-01-23T02:11:33.902942,Hauptbahnhof S U ,29,348862
2026-01-23T02:11:33.902942,Hauptbahnhof S U ,29,348855
2026-01-23T02:11:33.902942,Hauptbahnhof S U ,29,348816
2026-01-23T02:11:33.902942,Hauptbahnhof S U ,29,348810
2026-01-23T02:11:33.902942,Hauptbahnhof S U ,29,349155
2026-01-23T02:11:33.902942,Keplerplatz U,7,345388
2026-01-23T02:11:33.902942,Keplerplatz U,7,345258
2026-01-23T02:11:33.902942,Keplerplatz U,7,345137
2026-01-23T02:11:33.902942,Keplerplatz U,7,345650
2026-01-23T02:11:33.902942,Keplerplatz U,7,346448
2026-01-23T02:11:33.902942,Keplerplatz U,7,348232
2026-01-23T02:11:33.902942,Keplerplatz U,7,348802
2026-01-23T02:11:33.902942,Puchsbaumgasse,7,345367
2026-01-23T02:11:33.902942,Puchsbaumgasse,7,345213
2026-01-23T02:11:33.902942,Puchsbaumgasse,7,345061
2026-01-23T02:11:33.902942,Puchsbaumgasse,7,346253
2026-01-23T02:11:33.902942,Puchsbaumgasse,7,346716
2026-01-23T02:11:33.902942,Puchsbaumgasse,7,348345
2026-01-23T02:11:33.902942,Puchsbaumgasse,7,349095
2026-01-23T02:11:33.902942,Enkplatz U,10,345175
2026-01-23T02:11:33.902942,Enkplatz U,10,345676
2026-01-23T02:11:33.902942,Enkplatz U,10,345524
2026-01-23T02:11:33.902942,Enkplatz U,10,346978
2026-01-23T02:11:33.902942,Enkplatz U,10,346836
2026-01-23T02:11:33.902942,Enkplatz U,10,347488
2026-01-23T02:11:33.902942,Enkplatz U,10,347375
2026-01-23T02:11:33.902942,Enkplatz U,10,347519
2026-01-23T02:11:33.902942,Enkplatz U,10,348707
2026-01-23T02:11:33.902942,Enkplatz U,10,348653
2026-01-23T02:11:33.902942,Gasometer U,26,346392
2026-01-23T02:11:33.902942,Gasometer U,26,346177
2026-01-23T02:11:33.902942,Gasometer U,26,346068
2026-01-23T02:11:33.902942,Gasometer U,26,346056
2026-01-23T02:11:33.902942,Gasometer U,26,346002
2026-01-23T02:11:33.902942,Gasometer U,26,346700
2026-01-23T02:11:33.902942,Gasometer U,26,346588
2026-01-23T02:11:33.902942,Gasometer U,26,346553
2026-01-23T02:11:33.902942,Gasometer U,26,346530
2026-01-23T02:11:33.902942,Gasometer U,26,346516
2026-01-23T02:11:33.902942,Gasometer U,26,346506
2026-01-23T02:11:33.902942,Gasometer U,26,347408
2026-01-23T02:11:33.902942,Gasometer U,26,347397
2026-01-23T02:11:33.902942,Gasometer U,26,347227
2026-01-23T02:11:33.902942,Gasometer U,26,347668
2026-01-23T02:11:33.902942,Gasometer U,26,347556
2026-01-23T02:11:33.902942,Gasometer U,26,347525
2026-01-23T02:11:33.902942,Gasometer U,26,348487
2026-01-23T02:11:33.902942,Gasometer U,26,348469
2026-01-23T02:11:33.902942,Gasometer U,26,348374
2026-01-23T02:11:33.902942,Gasometer U,26,348000
2026-01-23T02:11:33.902942,Gasometer U,26,348706
2026-01-23T02:11:33.902942,Gasometer U,26,348705
2026-01-23T02:11:33.902942,Gasometer U,26,348638
2026-01-23T02:11:33.902942,Gasometer U,26,348605
2026-01-23T02:11:33.902942,Gasometer U,26,398771
2026-01-23T02:11:33.902942,Geiselbergstraße S,8,345476
2026-01-23T02:11:33.902942,Geiselbergstraße S,8,345935
2026-01-23T02:11:33.902942,Geiselbergstraße S,8,345743
2026-01-23T02:11:33.902942,Geiselbergstraße S,8,346164
2026-01-23T02:11:33.902942,Geiselbergstraße S,8,346573
2026-01-23T02:11:33.902942,Geiselbergstraße S,8,347256
2026-01-23T02:11:33.902942,Geiselbergstraße S,8,347148
2026-01-23T02:11:33.902942,Geiselbergstraße S,8,348516
2026-01-23T02:11:33.902942,Simmering S U,9,346394
2026-01-23T02:11:33.902942,Simmering S U,9,346284
2026-01-23T02:11:33.902942,Simmering S U,9,346148
2026-01-23T02:11:33.902942,Simmering S U,9,346988
2026-01-23T02:11:33.902942,Simmering S U,9,347339
2026-01-23T02:11:33.902942,Simmering S U,9,347040
2026-01-23T02:11:33.902942,Simmering S U,9,348656
2026-01-23T02:11:33.902942,Simmering S U,9,348601
2026-01-23T02:11:33.902942,Simmering S U,9,348570
2026-01-23T02:11:33.902942,Niederhofstraße U,5,345282
2026-01-23T02:11:33.902942,Niederhofstraße U,5,345515
2026-01-23T02:11:33.902942,Niederhofstraße U,5,347995
2026-01-23T02:11:33.902942,Niederhofstraße U,5,348328
2026-01-23T02:11:33.902942,Niederhofstraße U,5,398743
2026-01-23T02:11:33.902942,Hietzing U,30,345490
2026-01-23T02:11:33.902942,Hietzing U,30,345443
2026-01-23T02:11:33.902942,Hietzing U,30,345194
2026-01-23T02:11:33.902942,Hietzing U,30,345836
2026-01-23T02:11:33.902942,Hietzing U,30,345632
2026-01-23T02:11:33.902942,Hietzing U,30,345578
2026-01-23T02:11:33.902942,Hietzing U,30,346350
2026-01-23T02:11:33.902942,Hietzing U,30,346314
2026-01-23T02:11:33.902942,Hietzing U,30,346280
2026-01-23T02:11:33.902942,Hietzing U,30,346187
2026-01-23T02:11:33.902942,Hietzing U,30,346060
2026-01-23T02:11:33.902942,Hietzing U,30,346045
2026-01-23T02:11:33.902942,Hietzing U,30,346983
2026-01-23T02:11:33.902942,Hietzing U,30,346902
2026-01-23T02:11:33.902942,Hietzing U,30,346774
2026-01-23T02:11:33.902942,Hietzing U,30,346679
2026-01-23T02:11:33.902942,Hietzing U,30,347059
2026-01-23T02:11:33.902942,Hietzing U,30,347898
2026-01-23T02:11:33.902942,Hietzing U,30,347892
2026-01-23T02:11:33.902942,Hietzing U,30,347888
2026-01-23T02:11:33.902942,Hietzing U,30,347825
2026-01-23T02:11:33.902942,Hietzing U,30,347789
2026-01-23T02:11:33.902942,Hietzing U,30,347560
2026-01-23T02:11:33.902942,Hietzing U,30,348466
2026-01-23T02:11:33.902942,Hietzing U,30,348417
2026-01-23T02:11:33.902942,Hietzing U,30,348281
2026-01-23T02:11:33.902942,Hietzing U,30,348575
2026-01-23T02:11:33.902942,Hietzing U,30,398831
2026-01-23T02:11:33.902942,Hietzing U,30,398744
2026-01-23T02:11:33.902942,Hietzing U,30,348987
2026-01-23T02:11:33.902942,Westbahnhof S U,29,345243
2026-01-23T02:11:33.902942,Westbahnhof S U,29,345159
2026-01-23T02:11:33.902942,Westbahnhof S U,29,345119
2026-01-23T02:11:33.902942,Westbahnhof S U,29,345833
2026-01-23T02:11:33.902942,Westbahnhof S U,29,345822
2026-01-23T02:11:33.902942,Westbahnhof S U,29,345645
2026-01-23T02:11:33.902942,Westbahnhof S U,29,345630
2026-01-23T02:11:33.902942,Westbahnhof S U,29,345577
2026-01-23T02:11:33.902942,Westbahnhof S U,29,345523
2026-01-23T02:11:33.902942,Westbahnhof S U,29,346375
2026-01-23T02:11:33.902942,Westbahnhof S U,29,346209
2026-01-23T02:11:33.902942,Westbahnhof S U,29,346077
2026-01-23T02:11:33.902942,Westbahnhof S U,29,346024
2026-01-23T02:11:33.902942,Westbahnhof S U,29,346015
2026-01-23T02:11:33.902942,Westbahnhof S U,29,346865
2026-01-23T02:11:33.902942,Westbahnhof S U,29,346566
2026-01-23T02:11:33.902942,Westbahnhof S U,29,347405
2026-01-23T02:11:33.902942,Westbahnhof S U,29,347664
2026-01-23T02:11:33.902942,Westbahnhof S U,29,348406
2026-01-23T02:11:33.902942,Westbahnhof S U,29,348385
2026-01-23T02:11:33.902942,Westbahnhof S U,29,348384
2026-01-23T02:11:33.902942,Westbahnhof S U,29,348333
2026-01-23T02:11:33.902942,Westbahnhof S U,29,348272
2026-01-23T02:11:33.902942,Westbahnhof S U,29,348134
2026-01-23T02:11:33.902942,Westbahnhof S U,29,348131
2026-01-23T02:11:33.902942,Westbahnhof S U,29,348110
2026-01-23T02:11:33.902942,Westbahnhof S U,29,348551
2026-01-23T02:11:33.902942,Westbahnhof S U,29,348540
2026-01-23T02:11:33.902942,Westbahnhof S U,29,348881
2026-01-23T02:11:33.902942,Richard-Wagner-Platz,34,345480
2026-01-23T02:11:33.902942,Richard-Wagner-Platz,34,345407
2026-01-23T02:11:33.902942,Richard-Wagner-Platz,34,345398
2026-01-23T02:11:33.902942,Richard-Wagner-Platz,34,345230
2026-01-23T02:11:33.902942,Richard-Wagner-Platz,34,345129
2026-01-23T02:11:33.902942,Richard-Wagner-Platz,34,345124
2026-01-23T02:11:33.902942,Richard-Wagner-Platz,34,345093
2026-01-23T02:11:33.902942,Richard-Wagner-Platz,34,345016
2026-01-23T02:11:33.902942,Richard-Wagner-Platz,34,345913
2026-01-23T02:11:33.902942,Richard-Wagner-Platz,34,345722
2026-01-23T02:11:33.902942,Richard-Wagner-Platz,34,346376
2026-01-23T02:11:33.902942,Richard-Wagner-Platz,34,346034
2026-01-23T02:11:33.902942,Richard-Wagner-Platz,34,346721
2026-01-23T02:11:33.902942,Richard-Wagner-Platz,34,346717
2026-01-23T02:11:33.902942,Richard-Wagner-Platz,34,346657
2026-01-23T02:11:33.902942,Richard-Wagner-Platz,34,346633
2026-01-23T02:11:33.902942,Richard-Wagner-Platz,34,346501
2026-01-23T02:11:33.902942,Richard-Wagner-Platz,34,347302
2026-01-23T02:11:33.902942,Richard-Wagner-Platz,34,347113
2026-01-23T02:11:33.902942,Richard-Wagner-Platz,34,347035
2026-01-23T02:11:33.902942,Richard-Wagner-Platz,34,347004
2026-01-23T02:11:33.902942,Richard-Wagner-Platz,34,347910
2026-01-23T02:11:33.902942,Richard-Wagner-Platz,34,347887
2026-01-23T02:11:33.902942,Richard-Wagner-Platz,34,347862
2026-01-23T02:11:33.902942,Richard-Wagner-Platz,34,347817
2026-01-23T02:11:33.902942,Richard-Wagner-Platz,34,347733
2026-01-23T02:11:33.902942,Richard-Wagner-Platz,34,347644
2026-01-23T02:11:33.902942,Richard-Wagner-Platz,34,348306
2026-01-23T02:11:33.902942,Richard-Wagner-Platz,34,348231
2026-01-23T02:11:33.902942,Richard-Wagner-Platz,34,348181
2026-01-23T02:11:33.902942,Richard-Wagner-Platz,34,348170
2026-01-23T02:11:33.902942,Richard-Wagner-Platz,34,348108
2026-01-23T02:11:33.902942,Richard-Wagner-Platz,34,348078
2026-01-23T02:11:33.902942,Richard-Wagner-Platz,34,348641
2026-01-23T02:11:33.902942,Alser Straße U,19,345383
2026-01-23T02:11:33.902942,Alser Straße U,19,345924
2026-01-23T02:11:33.902942,Alser Straße U,19,345662
2026-01-23T02:11:33.902942,Alser Straße U,19,345610
2026-01-23T02:11:33.902942,Alser Straße U,19,345593
2026-01-23T02:11:33.902942,Alser Straße U,19,345573
2026-01-23T02:11:33.902942,Alser Straße U,19,345543
2026-01-23T02:11:33.902942,Alser Straße U,19,346312
2026-01-23T02:11:33.902942,Alser Straße U,19,346181
2026-01-23T02:11:33.902942,Alser Straße U,19,346156
2026-01-23T02:11:33.902942,Alser Straße U,19,346947
2026-01-23T02:11:33.902942,Alser Straße U,19,346752
2026-01-23T02:11:33.902942,Alser Straße U,19,346561
2026-01-23T02:11:33.902942,Alser Straße U,19,347432
2026-01-23T02:11:33.902942,Alser Straße U,19,347186
2026-01-23T02:11:33.902942,Alser Straße U,19,347507
2026-01-23T02:11:33.902942,Alser Straße U,19,348266
2026-01-23T02:11:33.902942,Alser Straße U,19,348203
2026-01-23T02:11:33.902942,Alser Straße U,19,348173
2026-01-23T02:11:33.902942,Währinger Straße U,22,345462
2026-01-23T02:11:33.902942,Währinger Straße U,22,345343
2026-01-23T02:11:33.902942,Währinger Straße U,22,345308
2026-01-23T02:11:33.902942,Währinger Straße U,22,345208
2026-01-23T02:11:33.902942,Währinger Straße U,22,345652
2026-01-23T02:11:33.902942,Währinger Straße U,22,345574
2026-01-23T02:11:33.902942,Währinger Straße U,22,346481
2026-01-23T02:11:33.902942,Währinger Straße U,22,346379
2026-01-23T02:11:33.902942,Währinger Straße U,22,346241
2026-01-23T02:11:33.902942,Währinger Straße U,22,346081
2026-01-23T02:11:33.902942,Währinger Straße U,22,346003
2026-01-23T02:11:33.902942,Währinger Straße U,22,346827
2026-01-23T02:11:33.902942,Währinger Straße U,22,347400
2026-01-23T02:11:33.902942,Währinger Straße U,22,347705
2026-01-23T02:11:33.902942,Währinger Straße U,22,347684
2026-01-23T02:11:33.902942,Währinger Straße U,22,347620
2026-01-23T02:11:33.902942,Währinger Straße U,22,348241
2026-01-23T02:11:33.902942,Währinger Straße U,22,348090
2026-01-23T02:11:33.902942,Währinger Straße U,22,348703
2026-01-23T02:11:33.902942,Währinger Straße U,22,348573
2026-01-23T02:11:33.902942,Währinger Straße U,22,349204
2026-01-23T02:11:33.902942,Währinger Straße U,22,349137
2026-01-23T02:11:33.902942,Hardtgasse,10,345868
2026-01-23T02:11:33.902942,Hardtgasse,10,345534
2026-01-23T02:11:33.902942,Hardtgasse,10,346381
2026-01-23T02:11:33.902942,Hardtgasse,10,346370
2026-01-23T02:11:33.902942,Hardtgasse,10,346084
2026-01-23T02:11:33.902942,Hardtgasse,10,346763
2026-01-23T02:11:33.902942,Hardtgasse,10,347265
2026-01-23T02:11:33.902942,Hardtgasse,10,347577
2026-01-23T02:11:33.902942,Hardtgasse,10,348514
2026-01-23T02:11:33.902942,Hardtgasse,10,398777
2026-01-23T02:11:33.902942,Handelskai S U,15,345356
2026-01-23T02:11:33.902942,Handelskai S U,15,345706
2026-01-23T02:11:33.902942,Handelskai S U,15,345656
2026-01-23T02:11:33.902942,Handelskai S U,15,345628
2026-01-23T02:11:33.902942,Handelskai S U,15,346155
2026-01-23T02:11:33.902942,Handelskai S U,15,346125
2026-01-23T02:11:33.902942,Handelskai S U,15,346925
2026-01-23T02:11:33.902942,Handelskai S U,15,346810
2026-01-23T02:11:33.902942,Handelskai S U,15,346662
2026-01-23T02:11:33.902942,Handelskai S U,15,347359
2026-01-23T02:11:33.902942,Handelskai S U,15,347977
2026-01-23T02:11:33.902942,Handelskai S U,15,347647
2026-01-23T02:11:33.902942,Handelskai S U,15,347543
2026-01-23T02:11:33.902942,Handelskai S U,15,347538
2026-01-23T02:11:33.902942,Handelskai S U,15,348296
2026-01-23T02:11:33.902942,Wallensteinplatz,20,345460
2026-01-23T02:11:33.902942,Wallensteinplatz,20,345436
2026-01-23T02:11:33.902942,Wallensteinplatz,20,345433
2026-01-23T02:11:33.902942,Wallensteinplatz,20,345393
2026-01-23T02:11:33.902942,Wallensteinplatz,20,345294
2026-01-23T02:11:33.902942,Wallensteinplatz,20,345205
2026-01-23T02:11:33.902942,Wallensteinplatz,20,345172
2026-01-23T02:11:33.902942,Wallensteinplatz,20,345964
2026-01-23T02:11:33.902942,Wallensteinplatz,20,345585
2026-01-23T02:11:33.902942,Wallensteinplatz,20,345514
2026-01-23T02:11:33.902942,Wallensteinplatz,20,346349
2026-01-23T02:11:33.902942,Wallensteinplatz,20,346934
2026-01-23T02:11:33.902942,Wallensteinplatz,20,346899
2026-01-23T02:11:33.902942,Wallensteinplatz,20,346643
2026-01-23T02:11:33.902942,Wallensteinplatz,20,346630
2026-01-23T02:11:33.902942,Wallensteinplatz,20,346557
2026-01-23T02:11:33.902942,Wallensteinplatz,20,347200
2026-01-23T02:11:33.902942,Wallensteinplatz,20,347955
2026-01-23T02:11:33.902942,Wallensteinplatz,20,348268
2026-01-23T02:11:33.902942,Wallensteinplatz,20,398737
2026-01-23T02:11:33.902942,Brünner Straße S,6,346845
2026-01-23T02:11:33.902942,Brünner Straße S,6,346828
2026-01-23T02:11:33.902942,Brünner Straße S,6,347286
2026-01-23T02:11:33.902942,Brünner Straße S,6,348700
2026-01-23T02:11:33.902942,Brünner Straße S,6,398832
2026-01-23T02:11:33.902942,Brünner Straße S,6,348985
2026-01-23T02:11:33.902942,Floridsdorf S U,5,345478
2026-01-23T02:11:33.902942,Floridsdorf S U,5,345759
2026-01-23T02:11:33.902942,Floridsdorf S U,5,348314
2026-01-23T02:11:33.902942,Floridsdorf S U,5,348197
2026-01-23T02:11:33.902942,Floridsdorf S U,5,349173
2026-01-23T02:11:33.902942,Großfeldsiedlung U,9,345997
2026-01-23T02:11:33.902942,Großfeldsiedlung U,9,345697
2026-01-23T02:11:33.902942,Großfeldsiedlung U,9,345509
2026-01-23T02:11:33.902942,Großfeldsiedlung U,9,347437
2026-01-23T02:11:33.902942,Großfeldsiedlung U,9,347332
2026-01-23T02:11:33.902942,Großfeldsiedlung U,9,348193
2026-01-23T02:11:33.902942,Großfeldsiedlung U,9,348614
2026-01-23T02:11:33.902942,Großfeldsiedlung U,9,349040
2026-01-23T02:11:33.902942,Großfeldsiedlung U,9,348947
2026-01-23T02:11:33.902942,Siemensstraße S,12,345366
2026-01-23T02:11:33.902942,Siemensstraße S,12,345288
2026-01-23T02:11:33.902942,Siemensstraße S,12,346296
2026-01-23T02:11:33.902942,Siemensstraße S,12,346276
2026-01-23T02:11:33.902942,Siemensstraße S,12,346708
2026-01-23T02:11:33.902942,Siemensstraße S,12,346690
2026-01-23T02:11:33.902942,Siemensstraße S,12,347277
2026-01-23T02:11:33.902942,Siemensstraße S,12,347005
2026-01-23T02:11:33.902942,Siemensstraße S,12,347816
2026-01-23T02:11:33.902942,Siemensstraße S,12,348026
2026-01-23T02:11:33.902942,Siemensstraße S,12,348016
2026-01-23T02:11:33.902942,Siemensstraße S,12,348598
2026-01-23T02:11:33.902942,Aspernstraße U,10,345451
2026-01-23T02:11:33.902942,Aspernstraße U,10,345022
2026-01-23T02:11:33.902942,Aspernstraße U,10,345019
2026-01-23T02:11:33.902942,Aspernstraße U,10,346498
2026-01-23T02:11:33.902942,Aspernstraße U,10,346745
2026-01-23T02:11:33.902942,Aspernstraße U,10,346740
2026-01-23T02:11:33.902942,Aspernstraße U,10,346545
2026-01-23T02:11:33.902942,Aspernstraße U,10,347463
2026-01-23T02:11:33.902942,Aspernstraße U,10,347939
2026-01-23T02:11:33.902942,Aspernstraße U,10,348259
2026-01-23T02:11:33.902942,Donauspital U,7,345280
2026-01-23T02:11:33.902942,Donauspital U,7,346946
2026-01-23T02:11:33.902942,Donauspital U,7,346788
2026-01-23T02:11:33.902942,Donauspital U,7,346694
2026-01-23T02:11:33.902942,Donauspital U,7,347243
2026-01-23T02:11:33.902942,Donauspital U,7,348904
2026-01-23T02:11:33.902942,Donauspital U,7,349177
2026-01-23T02:11:33.902942,Erzherzog-Karl-Straße S,11,346199
2026-01-23T02:11:33.902942,Erzherzog-Karl-Straße S,11,346986
2026-01-23T02:11:33.902942,Erzherzog-Karl-Straße S,11,346969
2026-01-23T02:11:33.902942,Erzherzog-Karl-Straße S,11,346791
2026-01-23T02:11:33.902942,Erzherzog-Karl-Straße S,11,347350
2026-01-23T02:11:33.902942,Erzherzog-Karl-Straße S,11,347134
2026-01-23T02:11:33.902942,Erzherzog-Karl-Straße S,11,347636
2026-01-23T02:11:33.902942,Erzherzog-Karl-Straße S,11,348056
2026-01-23T02:11:33.902942,Erzherzog-Karl-Straße S,11,348699
2026-01-23T02:11:33.902942,Erzherzog-Karl-Straße S,11,398733
2026-01-23T02:11:33.902942,Erzherzog-Karl-Straße S,11,349059
2026-01-23T02:11:33.902942,Hausfeldstraße S U,18,345167
2026-01-23T02:11:33.902942,Hausfeldstraße S U,18,346352
2026-01-23T02:11:33.902942,Hausfeldstraße S U,18,346351
2026-01-23T02:11:33.902942,Hausfeldstraße S U,18,346206
2026-01-23T02:11:33.902942,Hausfeldstraße S U,18,346747
2026-01-23T02:11:33.902942,Hausfeldstraße S U,18,346685
2026-01-23T02:11:33.902942,Hausfeldstraße S U,18,347465
2026-01-23T02:11:33.902942,Hausfeldstraße S U,18,347418
2026-01-23T02:11:33.902942,Hausfeldstraße S U,18,347182
2026-01-23T02:11:33.902942,Hausfeldstraße S U,18,347044
2026-01-23T02:11:33.902942,Hausfeldstraße S U,18,347905
2026-01-23T02:11:33.902942,Hausfeldstraße S U,18,347575
2026-01-23T02:11:33.902942,Hausfeldstraße S U,18,348372
2026-01-23T02:11:33.902942,Hausfeldstraße S U,18,348161
2026-01-23T02:11:33.902942,Hausfeldstraße S U,18,348037
2026-01-23T02:11:33.902942,Hausfeldstraße S U,18,348554
2026-01-23T02:11:33.902942,Hausfeldstraße S U,18,348550
2026-01-23T02:11:33.902942,Hausfeldstraße S U,18,398830
2026-01-23T02:11:33.902942,Kagran U,4,346546
2026-01-23T02:11:33.902942,Kagran U,4,348204
2026-01-23T02:11:33.902942,Kagran U,4,348175
2026-01-23T02:11:33.902942,Kagran U,4,348914
2026-01-23T02:11:33.902942,Maria-Tusch-Straße,20,345206
2026-01-23T02:11:33.902942,Maria-Tusch-Straße,20,345919
2026-01-23T02:11:33.902942,Maria-Tusch-Straße,20,345817
2026-01-23T02:11:33.902942,Maria-Tusch-Straße,20,345568
2026-01-23T02:11:33.902942,Maria-Tusch-Straße,20,346491
2026-01-23T02:11:33.902942,Maria-Tusch-Straße,20,346331
2026-01-23T02:11:33.902942,Maria-Tusch-Straße,20,346238
2026-01-23T02:11:33.902942,Maria-Tusch-Straße,20,346232
2026-01-23T02:11:33.902942,Maria-Tusch-Straße,20,346120
2026-01-23T02:11:33.902942,Maria-Tusch-Straße,20,346822
2026-01-23T02:11:33.902942,Maria-Tusch-Straße,20,347399
2026-01-23T02:11:33.902942,Maria-Tusch-Straße,20,347161
2026-01-23T02:11:33.902942,Maria-Tusch-Straße,20,347715
2026-01-23T02:11:33.902942,Maria-Tusch-Straße,20,347623
2026-01-23T02:11:33.902942,Maria-Tusch-Straße,20,347553
2026-01-23T02:11:33.902942,Maria-Tusch-Straße,20,349054
2026-01-23T02:11:33.902942,Maria-Tusch-Straße,20,349015
2026-01-23T02:11:33.902942,Maria-Tusch-Straße,20,348993
2026-01-23T02:11:33.902942,Maria-Tusch-Straße,20,348847
2026-01-23T02:11:33.902942,Maria-Tusch-Straße,20,349186
2026-01-23T02:11:33.902942,Rennbahnweg U,9,345516
2026-01-23T02:11:33.902942,Rennbahnweg U,9,346178
2026-01-23T02:11:33.902942,Rennbahnweg U,9,346007
2026-01-23T02:11:33.902942,Rennbahnweg U,9,346515
2026-01-23T02:11:33.902942,Rennbahnweg U,9,347038
2026-01-23T02:11:33.902942,Rennbahnweg U,9,347716
2026-01-23T02:11:33.902942,Rennbahnweg U,9,348953
2026-01-23T02:11:33.902942,Rennbahnweg U,9,349200
2026-01-23T02:11:33.902942,Rennbahnweg U,9,349183
2026-01-23T02:11:33.902942,Schüttauplatz,2,346456
2026-01-23T02:11:33.902942,Schüttauplatz,2,347122
2026-01-23T02:11:33.902942,Stadlau U,17,345471
2026-01-23T02:11:33.902942,Stadlau U,17,345238
2026-01-23T02:11:33.902942,Stadlau U,17,345660
2026-01-23T02:11:33.902942,Stadlau U,17,345602
2026-01-23T02:11:33.902942,Stadlau U,17,345571
2026-01-23T02:11:33.902942,Stadlau U,17,345558
2026-01-23T02:11:33.902942,Stadlau U,17,346243
2026-01-23T02:11:33.902942,Stadlau U,17,346631
2026-01-23T02:11:33.902942,Stadlau U,17,346559
2026-01-23T02:11:33.902942,Stadlau U,17,347274
2026-01-23T02:11:33.902942,Stadlau U,17,347217
2026-01-23T02:11:33.902942,Stadlau U,17,347896
2026-01-23T02:11:33.902942,Stadlau U,17,347565
2026-01-23T02:11:33.902942,Stadlau U,17,347523
2026-01-23T02:11:33.902942,Stadlau U,17,348340
2026-01-23T02:11:33.902942,Stadlau U,17,348119
2026-01-23T02:11:33.902942,Stadlau U,17,348102
2026-01-23T02:11:33.902942,VIC Kaisermühlen U,3,345088
2026-01-23T02:11:33.902942,VIC Kaisermühlen U,3,347933
2026-01-23T02:11:33.902942,VIC Kaisermühlen U,3,349096
2026-01-23T02:11:33.902942,Kagraner Platz U,6,345765
2026-01-23T02:11:33.902942,Kagraner Platz U,6,346699
2026-01-23T02:11:33.902942,Kagraner Platz U,6,347158
2026-01-23T02:11:33.902942,Kagraner Platz U,6,347804
2026-01-23T02:11:33.902942,Kagraner Platz U,6,347521
2026-01-23T02:11:33.902942,Kagraner Platz U,6,348371
2026-01-23T02:11:33.902942,Alterlaa U,23,345313
2026-01-23T02:11:33.902942,Alterlaa U,23,345283
2026-01-23T02:11:33.902942,Alterlaa U,23,345278
2026-01-23T02:11:33.902942,Alterlaa U,23,345166
2026-01-23T02:11:33.902942,Alterlaa U,23,345500
2026-01-23T02:11:33.902942,Alterlaa U,23,346163
2026-01-23T02:11:33.902942,Alterlaa U,23,346032
2026-01-23T02:11:33.902942,Alterlaa U,23,346981
2026-01-23T02:11:33.902942,Alterlaa U,23,346950
2026-01-23T02:11:33.902942,Alterlaa U,23,346655
2026-01-23T02:11:33.902942,Alterlaa U,23,346629
2026-01-23T02:11:33.902942,Alterlaa U,23,346595
2026-01-23T02:11:33.902942,Alterlaa U,23,347018
2026-01-23T02:11:33.902942,Alterlaa U,23,347849
2026-01-23T02:11:33.902942,Alterlaa U,23,348295
2026-01-23T02:11:33.902942,Alterlaa U,23,348273
2026-01-23T02:11:33.902942,Alterlaa U,23,348265
2026-01-23T02:11:33.902942,Alterlaa U,23,348253
2026-01-23T02:11:33.902942,Alterlaa U,23,348250
2026-01-23T02:11:33.902942,Alterlaa U,23,348112
2026-01-23T02:11:33.902942,Alterlaa U,23,348597
2026-01-23T02:11:33.902942,Alterlaa U,23,348555
2026-01-23T02:11:33.902942,Alterlaa U,23,398844
2026-01-23T02:11:33.902942,Bacherplatz,9,345223
2026-01-23T02:11:33.902942,Bacherplatz,9,345883
2026-01-23T02:11:33.902942,Bacherplatz,9,346473
2026-01-23T02:11:33.902942,Bacherplatz,9,346026
2026-01-23T02:11:33.902942,Bacherplatz,9,346532
2026-01-23T02:11:33.902942,Bacherplatz,9,348394
2026-01-23T02:11:33.902942,Bacherplatz,9,348137
2026-01-23T02:11:33.902942,Bacherplatz,9,348049
2026-01-23T02:11:33.902942,Bacherplatz,9,348994
2026-01-23T02:11:33.902942,Carl-Appel-Straße,12,345306
2026-01-23T02:11:33.902942,Carl-Appel-Straße,12,345892
2026-01-23T02:11:33.902942,Carl-Appel-Straße,12,345739
2026-01-23T02:11:33.902942,Carl-Appel-Straße,12,345709
2026-01-23T02:11:33.902942,Carl-Appel-Straße,12,346540
2026-01-23T02:11:33.902942,Carl-Appel-Straße,12,347679
2026-01-23T02:11:33.902942,Carl-Appel-Straße,12,348341
2026-01-23T02:11:33.902942,Carl-Appel-Straße,12,348299
2026-01-23T02:11:33.902942,Carl-Appel-Straße,12,398731
2026-01-23T02:11:33.902942,Carl-Appel-Straße,12,349088
2026-01-23T02:11:33.902942,Carl-Appel-Straße,12,348952
2026-01-23T02:11:33.902942,Carl-Appel-Straße,12,348828
2026-01-23T02:11:33.902942,Otto-Probst-Platz,7,346808
2026-01-23T02:11:33.902942,Otto-Probst-Platz,7,346550
2026-01-23T02:11:33.902942,Otto-Probst-Platz,7,347454
2026-01-23T02:11:33.902942,Otto-Probst-Platz,7,347013
2026-01-23T02:11:33.902942,Otto-Probst-Platz,7,348534
2026-01-23T02:11:33.902942,Otto-Probst-Platz,7,349150
2026-01-23T02:11:33.902942,Otto-Probst-Platz,7,398869
2026-01-23T02:11:33.902942,Alaudagasse U,11,345266
2026-01-23T02:11:33.902942,Alaudagasse U,11,345933
2026-01-23T02:11:33.902942,Alaudagasse U,11,345544
2026-01-23T02:11:33.902942,Alaudagasse U,11,346494
2026-01-23T02:11:33.902942,Alaudagasse U,11,346300
2026-01-23T02:11:33.902942,Alaudagasse U,11,346616
2026-01-23T02:11:33.902942,Alaudagasse U,11,347895
2026-01-23T02:11:33.902942,Alaudagasse U,11,348441
2026-01-23T02:11:33.902942,Alaudagasse U,11,348294
2026-01-23T02:11:33.902942,Alaudagasse U,11,348172
2026-01-23T02:11:33.902942,Alaudagasse U,11,349039
2026-01-23T02:11:33.902942,Svetelskystraße,5,347398
2026-01-23T02:11:33.902942,Svetelskystraße,5,349077
2026-01-23T02:11:33.902942,Svetelskystraße,5,349052
2026-01-23T02:11:33.902942,Svetelskystraße,5,349043
2026-01-23T02:11:33.902942,Svetelskystraße,5,348815
2026-01-23T02:11:33.902942,Weißenböckstraße,9,346135
2026-01-23T02:11:33.902942,Weißenböckstraße,9,347422
2026-01-23T02:11:33.902942,Weißenböckstraße,9,347774
2026-01-23T02:11:33.902942,Weißenböckstraße,9,347561
2026-01-23T02:11:33.902942,Weißenböckstraße,9,348086
2026-01-23T02:11:33.902942,Weißenböckstraße,9,398819
2026-01-23T02:11:33.902942,Weißenböckstraße,9,398764
2026-01-23T02:11:33.902942,Weißenböckstraße,9,398759
2026-01-23T02:11:33.902942,Weißenböckstraße,9,348915
2026-01-23T02:11:33.902942,Zentralfriedhof 2. Tor,9,346165
2026-01-23T02:11:33.902942,Zentralfriedhof 2. Tor,9,347187
2026-01-23T02:11:33.902942,Zentralfriedhof 2. Tor,9,347077
2026-01-23T02:11:33.902942,Zentralfriedhof 2. Tor,9,347775
2026-01-23T02:11:33.902942,Zentralfriedhof 2. Tor,9,347703
2026-01-23T02:11:33.902942,Zentralfriedhof 2. Tor,9,347596
2026-01-23T02:11:33.902942,Zentralfriedhof 2. Tor,9,348075
2026-01-23T02:11:33.902942,Zentralfriedhof 2. Tor,9,349091
2026-01-23T02:11:33.902942,Zentralfriedhof 2. Tor,9,349075
2026-01-23T02:11:33.902942,Simoningplatz,9,345370
2026-01-23T02:11:33.902942,Simoningplatz,9,345570
2026-01-23T02:11:33.902942,Simoningplatz,9,346333
2026-01-23T02:11:33.902942,Simoningplatz,9,347149
2026-01-23T02:11:33.902942,Simoningplatz,9,347755
2026-01-23T02:11:33.902942,Simoningplatz,9,347676
2026-01-23T02:11:33.902942,Simoningplatz,9,348444
2026-01-23T02:11:33.902942,Simoningplatz,9,348111
2026-01-23T02:11:33.902942,Simoningplatz,9,398756
2026-01-23T02:11:33.902942,Etrichstraße,7,345182
2026-01-23T02:11:33.902942,Etrichstraße,7,345954
2026-01-23T02:11:33.902942,Etrichstraße,7,345780
2026-01-23T02:11:33.902942,Etrichstraße,7,346852
2026-01-23T02:11:33.902942,Etrichstraße,7,347105
2026-01-23T02:11:33.902942,Etrichstraße,7,348400
2026-01-23T02:11:33.902942,Etrichstraße,7,348535
2026-01-23T02:11:33.902942,Zippererstraße U,8,345784
2026-01-23T02:11:33.902942,Zippererstraße U,8,345536
2026-01-23T02:11:33.902942,Zippererstraße U,8,346831
2026-01-23T02:11:33.902942,Zippererstraße U,8,346547
2026-01-23T02:11:33.902942,Zippererstraße U,8,347142
2026-01-23T02:11:33.902942,Zippererstraße U,8,347614
2026-01-23T02:11:33.902942,Zippererstraße U,8,348202
2026-01-23T02:11:33.902942,Zippererstraße U,8,349017
2026-01-23T02:11:33.902942,Hetzendorf S,11,345199
2026-01-23T02:11:33.902942,Hetzendorf S,11,345872
2026-01-23T02:11:33.902942,Hetzendorf S,11,346236
2026-01-23T02:11:33.902942,Hetzendorf S,11,346997
2026-01-23T02:11:33.902942,Hetzendorf S,11,346703
2026-01-23T02:11:33.902942,Hetzendorf S,11,347011
2026-01-23T02:11:33.902942,Hetzendorf S,11,347839
2026-01-23T02:11:33.902942,Hetzendorf S,11,348378
2026-01-23T02:11:33.902942,Hetzendorf S,11,348907
2026-01-23T02:11:33.902942,Hetzendorf S,11,348803
2026-01-23T02:11:33.902942,Hetzendorf S,11,349203
2026-01-23T02:11:33.902942,Gatterhölzl,10,345291
2026-01-23T02:11:33.902942,Gatterhölzl,10,346439
2026-01-23T02:11:33.902942,Gatterhölzl,10,346411
2026-01-23T02:11:33.902942,Gatterhölzl,10,348443
2026-01-23T02:11:33.902942,Gatterhölzl,10,348356
2026-01-23T02:11:33.902942,Gatterhölzl,10,348192
2026-01-23T02:11:33.902942,Gatterhölzl,10,348109
2026-01-23T02:11:33.902942,Gatterhölzl,10,348676
2026-01-23T02:11:33.902942,Gatterhölzl,10,348666
2026-01-23T02:11:33.902942,Gatterhölzl,10,348829
2026-01-23T02:11:33.902942,Speising S,9,346207
2026-01-23T02:11:33.902942,Speising S,9,347197
2026-01-23T02:11:33.902942,Speising S,9,347792
2026-01-23T02:11:33.902942,Speising S,9,347547
2026-01-23T02:11:33.902942,Speising S,9,348045
2026-01-23T02:11:33.902942,Speising S,9,348692
2026-01-23T02:11:33.902942,Speising S,9,348580
2026-01-23T02:11:33.902942,Speising S,9,348531
2026-01-23T02:11:33.902942,Speising S,9,398850
2026-01-23T02:11:33.902942,Hasnerstraße / Hofferplatz,19,345934
2026-01-23T02:11:33.902942,Hasnerstraße / Hofferplatz,19,345842
2026-01-23T02:11:33.902942,Hasnerstraße / Hofferplatz,19,345690
2026-01-23T02:11:33.902942,Hasnerstraße / Hofferplatz,19,345519
2026-01-23T02:11:33.902942,Hasnerstraße / Hofferplatz,19,346935
2026-01-23T02:11:33.902942,Hasnerstraße / Hofferplatz,19,346818
2026-01-23T02:11:33.902942,Hasnerstraße / Hofferplatz,19,346817
2026-01-23T02:11:33.902942,Hasnerstraße / Hofferplatz,19,346696
2026-01-23T02:11:33.902942,Hasnerstraße / Hofferplatz,19,347202
2026-01-23T02:11:33.902942,Hasnerstraße / Hofferplatz,19,347118
2026-01-23T02:11:33.902942,Hasnerstraße / Hofferplatz,19,347568
2026-01-23T02:11:33.902942,Hasnerstraße / Hofferplatz,19,348456
2026-01-23T02:11:33.902942,Hasnerstraße / Hofferplatz,19,348247
2026-01-23T02:11:33.902942,Hasnerstraße / Hofferplatz,19,348237
2026-01-23T02:11:33.902942,Hasnerstraße / Hofferplatz,19,348229
2026-01-23T02:11:33.902942,Hasnerstraße / Hofferplatz,19,348042
2026-01-23T02:11:33.902942,Hasnerstraße / Hofferplatz,19,398842
2026-01-23T02:11:33.902942,Hasnerstraße / Hofferplatz,19,348983
2026-01-23T02:11:33.902942,Hasnerstraße / Hofferplatz,19,348890
2026-01-23T02:11:33.902942,Nietzscheplatz,13,345411
2026-01-23T02:11:33.902942,Nietzscheplatz,13,345332
2026-01-23T02:11:33.902942,Nietzscheplatz,13,345730
2026-01-23T02:11:33.902942,Nietzscheplatz,13,345719
2026-01-23T02:11:33.902942,Nietzscheplatz,13,346480
2026-01-23T02:11:33.902942,Nietzscheplatz,13,346119
2026-01-23T02:11:33.902942,Nietzscheplatz,13,346984
2026-01-23T02:11:33.902942,Nietzscheplatz,13,346719
2026-01-23T02:11:33.902942,Nietzscheplatz,13,347291
2026-01-23T02:11:33.902942,Nietzscheplatz,13,347773
2026-01-23T02:11:33.902942,Nietzscheplatz,13,348482
2026-01-23T02:11:33.902942,Nietzscheplatz,13,348036
2026-01-23T02:11:33.902942,Nietzscheplatz,13,348687
2026-01-23T02:11:33.902942,Wattgasse,30,345483
2026-01-23T02:11:33.902942,Wattgasse,30,345252
2026-01-23T02:11:33.902942,Wattgasse,30,345109
2026-01-23T02:11:33.902942,Wattgasse,30,345966
2026-01-23T02:11:33.902942,Wattgasse,30,345876
2026-01-23T02:11:33.902942,Wattgasse,30,345810
2026-01-23T02:11:33.902942,Wattgasse,30,345679
2026-01-23T02:11:33.902942,Wattgasse,30,345678
2026-01-23T02:11:33.902942,Wattgasse,30,346412
2026-01-23T02:11:33.902942,Wattgasse,30,346173
2026-01-23T02:11:33.902942,Wattgasse,30,346121
2026-01-23T02:11:33.902942,Wattgasse,30,346115
2026-01-23T02:11:33.902942,Wattgasse,30,346976
2026-01-23T02:11:33.902942,Wattgasse,30,346783
2026-01-23T02:11:33.902942,Wattgasse,30,346776
2026-01-23T02:11:33.902942,Wattgasse,30,346714
2026-01-23T02:11:33.902942,Wattgasse,30,346659
2026-01-23T02:11:33.902942,Wattgasse,30,346558
2026-01-23T02:11:33.902942,Wattgasse,30,347270
2026-01-23T02:11:33.902942,Wattgasse,30,347051
2026-01-23T02:11:33.902942,Wattgasse,30,347991
2026-01-23T02:11:33.902942,Wattgasse,30,347981
2026-01-23T02:11:33.902942,Wattgasse,30,347976
2026-01-23T02:11:33.902942,Wattgasse,30,347854
2026-01-23T02:11:33.902942,Wattgasse,30,347663
2026-01-23T02:11:33.902942,Wattgasse,30,347619
2026-01-23T02:11:33.902942,Wattgasse,30,347534
2026-01-23T02:11:33.902942,Wattgasse,30,348212
2026-01-23T02:11:33.902942,Wattgasse,30,348578
2026-01-23T02:11:33.902942,Wattgasse,30,398760
2026-01-23T02:11:33.902942,Oberdöbling S,9,345349
2026-01-23T02:11:33.902942,Oberdöbling S,9,345958
2026-01-23T02:11:33.902942,Oberdöbling S,9,345862
2026-01-23T02:11:33.902942,Oberdöbling S,9,346486
2026-01-23T02:11:33.902942,Oberdöbling S,9,346431
2026-01-23T02:11:33.902942,Oberdöbling S,9,346910
2026-01-23T02:11:33.902942,Oberdöbling S,9,347386
2026-01-23T02:11:33.902942,Oberdöbling S,9,348121
2026-01-23T02:11:33.902942,Oberdöbling S,9,348619
2026-01-23T02:11:33.902942,Kantnergasse,14,345481
2026-01-23T02:11:33.902942,Kantnergasse,14,345431
2026-01-23T02:11:33.902942,Kantnergasse,14,345391
2026-01-23T02:11:33.902942,Kantnergasse,14,345625
2026-01-23T02:11:33.902942,Kantnergasse,14,346684
2026-01-23T02:11:33.902942,Kantnergasse,14,347007
2026-01-23T02:11:33.902942,Kantnergasse,14,347940
2026-01-23T02:11:33.902942,Kantnergasse,14,347761
2026-01-23T02:11:33.902942,Kantnergasse,14,348353
2026-01-23T02:11:33.902942,Kantnergasse,14,348287
2026-01-23T02:11:33.902942,Kantnergasse,14,348220
2026-01-23T02:11:33.902942,Kantnergasse,14,348185
2026-01-23T02:11:33.902942,Kantnergasse,14,348103
2026-01-23T02:11:33.902942,Kantnergasse,14,398800
2026-01-23T02:11:33.902942,Leopoldau S U,5,346158
2026-01-23T02:11:33.902942,Leopoldau S U,5,347279
2026-01-23T02:11:33.902942,Leopoldau S U,5,347254
2026-01-23T02:11:33.902942,Leopoldau S U,5,348963
2026-01-23T02:11:33.902942,Leopoldau S U,5,349191
2026-01-23T02:11:33.902942,Josef-Baumann-Gasse,11,345438
2026-01-23T02:11:33.902942,Josef-Baumann-Gasse,11,345852
2026-01-23T02:11:33.902942,Josef-Baumann-Gasse,11,346134
2026-01-23T02:11:33.902942,Josef-Baumann-Gasse,11,346805
2026-01-23T02:11:33.902942,Josef-Baumann-Gasse,11,347434
2026-01-23T02:11:33.902942,Josef-Baumann-Gasse,11,347222
2026-01-23T02:11:33.902942,Josef-Baumann-Gasse,11,348485
2026-01-23T02:11:33.902942,Josef-Baumann-Gasse,11,348373
2026-01-23T02:11:33.902942,Josef-Baumann-Gasse,11,348243
2026-01-23T02:11:33.902942,Josef-Baumann-Gasse,11,348006
2026-01-23T02:11:33.902942,Josef-Baumann-Gasse,11,398741
2026-01-23T02:11:33.902942,Fultonstraße,12,345028
2026-01-23T02:11:33.902942,Fultonstraße,12,346266
2026-01-23T02:11:33.902942,Fultonstraße,12,346262
2026-01-23T02:11:33.902942,Fultonstraße,12,346874
2026-01-23T02:11:33.902942,Fultonstraße,12,347335
2026-01-23T02:11:33.902942,Fultonstraße,12,347848
2026-01-23T02:11:33.902942,Fultonstraße,12,347838
2026-01-23T02:11:33.902942,Fultonstraße,12,348329
2026-01-23T02:11:33.902942,Fultonstraße,12,348138
2026-01-23T02:11:33.902942,Fultonstraße,12,348607
2026-01-23T02:11:33.902942,Fultonstraße,12,348887
2026-01-23T02:11:33.902942,Fultonstraße,12,349117
2026-01-23T02:11:33.902942,Hopfengasse,5,346807
2026-01-23T02:11:33.902942,Hopfengasse,5,347828
2026-01-23T02:11:33.902942,Hopfengasse,5,347680
2026-01-23T02:11:33.902942,Hopfengasse,5,347654
2026-01-23T02:11:33.902942,Hopfengasse,5,348390
2026-01-23T02:11:33.902942,Jedlesee / Bellgasse,12,345539
2026-01-23T02:11:33.902942,Jedlesee / Bellgasse,12,346495
2026-01-23T02:11:33.902942,Jedlesee / Bellgasse,12,346798
2026-01-23T02:11:33.902942,Jedlesee / Bellgasse,12,347390
2026-01-23T02:11:33.902942,Jedlesee / Bellgasse,12,347986
2026-01-23T02:11:33.902942,Jedlesee / Bellgasse,12,347837
2026-01-23T02:11:33.902942,Jedlesee / Bellgasse,12,347833
2026-01-23T02:11:33.902942,Jedlesee / Bellgasse,12,347822
2026-01-23T02:11:33.902942,Jedlesee / Bellgasse,12,347524
2026-01-23T02:11:33.902942,Jedlesee / Bellgasse,12,348226
2026-01-23T02:11:33.902942,Jedlesee / Bellgasse,12,348142
2026-01-23T02:11:33.902942,Jedlesee / Bellgasse,12,398804
2026-01-23T02:11:33.902942,Jedleseer Friedhof,10,345220
2026-01-23T02:11:33.902942,Jedleseer Friedhof,10,345026
2026-01-23T02:11:33.902942,Jedleseer Friedhof,10,346496
2026-01-23T02:11:33.902942,Jedleseer Friedhof,10,346427
2026-01-23T02:11:33.902942,Jedleseer Friedhof,10,346037
2026-01-23T02:11:33.902942,Jedleseer Friedhof,10,346991
2026-01-23T02:11:33.902942,Jedleseer Friedhof,10,347268
2026-01-23T02:11:33.902942,Jedleseer Friedhof,10,347682
2026-01-23T02:11:33.902942,Jedleseer Friedhof,10,348144
2026-01-23T02:11:33.902942,Jedleseer Friedhof,10,348670
2026-01-23T02:11:33.902942,Strebersdorf / Edmund-Hawranek-Platz,11,345340
2026-01-23T02:11:33.902942,Strebersdorf / Edmund-Hawranek-Platz,11,345331
2026-01-23T02:11:33.902942,Strebersdorf / Edmund-Hawranek-Platz,11,345271
2026-01-23T02:11:33.902942,Strebersdorf / Edmund-Hawranek-Platz,11,345792
2026-01-23T02:11:33.902942,Strebersdorf / Edmund-Hawranek-Platz,11,346440
2026-01-23T02:11:33.902942,Strebersdorf / Edmund-Hawranek-Platz,11,346150
2026-01-23T02:11:33.902942,Strebersdorf / Edmund-Hawranek-Platz,11,346048
2026-01-23T02:11:33.902942,Strebersdorf / Edmund-Hawranek-Platz,11,346837
2026-01-23T02:11:33.902942,Strebersdorf / Edmund-Hawranek-Platz,11,347143
2026-01-23T02:11:33.902942,Strebersdorf / Edmund-Hawranek-Platz,11,348478
2026-01-23T02:11:33.902942,Strebersdorf / Edmund-Hawranek-Platz,11,348096
2026-01-23T02:11:33.902942,Kagraner Anger,14,345168
2026-01-23T02:11:33.902942,Kagraner Anger,14,345164
2026-01-23T02:11:33.902942,Kagraner Anger,14,345901
2026-01-23T02:11:33.902942,Kagraner Anger,14,345795
2026-01-23T02:11:33.902942,Kagraner Anger,14,345567
2026-01-23T02:11:33.902942,Kagraner Anger,14,345548
2026-01-23T02:11:33.902942,Kagraner Anger,14,345501
2026-01-23T02:11:33.902942,Kagraner Anger,14,346589
2026-01-23T02:11:33.902942,Kagraner Anger,14,346555
2026-01-23T02:11:33.902942,Kagraner Anger,14,347153
2026-01-23T02:11:33.902942,Kagraner Anger,14,347806
2026-01-23T02:11:33.902942,Kagraner Anger,14,347584
2026-01-23T02:11:33.902942,Kagraner Anger,14,348304
2026-01-23T02:11:33.902942,Kagraner Anger,14,348278
2026-01-23T02:11:33.902942,Stavangergasse,9,345464
2026-01-23T02:11:33.902942,Stavangergasse,9,345227
2026-01-23T02:11:33.902942,Stavangergasse,9,345504
2026-01-23T02:11:33.902942,Stavangergasse,9,346354
2026-01-23T02:11:33.902942,Stavangergasse,9,346923
2026-01-23T02:11:33.902942,Stavangergasse,9,347961
2026-01-23T02:11:33.902942,Stavangergasse,9,348427
2026-01-23T02:11:33.902942,Stavangergasse,9,348163
2026-01-23T02:11:33.902942,Stavangergasse,9,348062
2026-01-23T02:11:33.902942,Hirschstetten S,10,345420
2026-01-23T02:11:33.902942,Hirschstetten S,10,345786
2026-01-23T02:11:33.902942,Hirschstetten S,10,346729
2026-01-23T02:11:33.902942,Hirschstetten S,10,347292
2026-01-23T02:11:33.902942,Hirschstetten S,10,347851
2026-01-23T02:11:33.902942,Hirschstetten S,10,347764
2026-01-23T02:11:33.902942,Hirschstetten S,10,348381
2026-01-23T02:11:33.902942,Hirschstetten S,10,348238
2026-01-23T02:11:33.902942,Hirschstetten S,10,398806
2026-01-23T02:11:33.902942,Hirschstetten S,10,398873
2026-01-23T02:11:33.902942,Atzgersdorf S,4,345130
2026-01-23T02:11:33.902942,Atzgersdorf S,4,346552
2026-01-23T02:11:33.902942,Atzgersdorf S,4,347220
2026-01-23T02:11:33.902942,Atzgersdorf S,4,347738
2026-01-23T02:11:33.902942,Siebenhirten U,5,346458
2026-01-23T02:11:33.902942,Siebenhirten U,5,346094
2026-01-23T02:11:33.902942,Siebenhirten U,5,347484
2026-01-23T02:11:33.902942,Siebenhirten U,5,348040
2026-01-23T02:11:33.902942,Siebenhirten U,5,348866
2026-01-23T02:11:33.902942,Erlaaer Straße U,10,345050
2026-01-23T02:11:33.902942,Erlaaer Straße U,10,345941
2026-01-23T02:11:33.902942,Erlaaer Straße U,10,345840
2026-01-23T02:11:33.902942,Erlaaer Straße U,10,346472
2026-01-23T02:11:33.902942,Erlaaer Straße U,10,346385
2026-01-23T02:11:33.902942,Erlaaer Straße U,10,346144
2026-01-23T02:11:33.902942,Erlaaer Straße U,10,346821
2026-01-23T02:11:33.902942,Erlaaer Straße U,10,347765
2026-01-23T02:11:33.902942,Erlaaer Straße U,10,348433
2026-01-23T02:11:33.902942,Erlaaer Straße U,10,348085
2026-01-23T02:11:33.902942,Perfektastraße U,7,345079
2026-01-23T02:11:33.902942,Perfektastraße U,7,345680
2026-01-23T02:11:33.902942,Perfektastraße U,7,347494
2026-01-23T02:11:33.902942,Perfektastraße U,7,347353
2026-01-23T02:11:33.902942,Perfektastraße U,7,347078
2026-01-23T02:11:33.902942,Perfektastraße U,7,347697
2026-01-23T02:11:33.902942,Perfektastraße U,7,398789
2026-01-23T02:11:33.902942,Meidling S U / Vivenotgasse,10,345386
2026-01-23T02:11:33.902942,Meidling S U / Vivenotgasse,10,345196
2026-01-23T02:11:33.902942,Meidling S U / Vivenotgasse,10,345100
2026-01-23T02:11:33.902942,Meidling S U / Vivenotgasse,10,346497
2026-01-23T02:11:33.902942,Meidling S U / Vivenotgasse,10,346436
2026-01-23T02:11:33.902942,Meidling S U / Vivenotgasse,10,346097
2026-01-23T02:11:33.902942,Meidling S U / Vivenotgasse,10,346799
2026-01-23T02:11:33.902942,Meidling S U / Vivenotgasse,10,346544
2026-01-23T02:11:33.902942,Meidling S U / Vivenotgasse,10,347349
2026-01-23T02:11:33.902942,Meidling S U / Vivenotgasse,10,348094
2026-01-23T02:11:33.902942,Praterstern Ausstellungsstraße,16,345487
2026-01-23T02:11:33.902942,Praterstern Ausstellungsstraße,16,345449
2026-01-23T02:11:33.902942,Praterstern Ausstellungsstraße,16,345263
2026-01-23T02:11:33.902942,Praterstern Ausstellungsstraße,16,345145
2026-01-23T02:11:33.902942,Praterstern Ausstellungsstraße,16,345023
2026-01-23T02:11:33.902942,Praterstern Ausstellungsstraße,16,345011
2026-01-23T02:11:33.902942,Praterstern Ausstellungsstraße,16,345841
2026-01-23T02:11:33.902942,Praterstern Ausstellungsstraße,16,345681
2026-01-23T02:11:33.902942,Praterstern Ausstellungsstraße,16,346841
2026-01-23T02:11:33.902942,Praterstern Ausstellungsstraße,16,346538
2026-01-23T02:11:33.902942,Praterstern Ausstellungsstraße,16,346526
2026-01-23T02:11:33.902942,Praterstern Ausstellungsstraße,16,347283
2026-01-23T02:11:33.902942,Praterstern Ausstellungsstraße,16,347911
2026-01-23T02:11:33.902942,Praterstern Ausstellungsstraße,16,347598
2026-01-23T02:11:33.902942,Praterstern Ausstellungsstraße,16,348041
2026-01-23T02:11:33.902942,Praterstern Ausstellungsstraße,16,398864
2026-01-23T02:11:33.902942,Muthgasse,6,345642
2026-01-23T02:11:33.902942,Muthgasse,6,345617
2026-01-23T02:11:33.902942,Muthgasse,6,346188
2026-01-23T02:11:33.902942,Muthgasse,6,347127
2026-01-23T02:11:33.902942,Muthgasse,6,347830
2026-01-23T02:11:33.902942,Muthgasse,6,348124
2026-01-23T02:11:33.902942,Liesing S,3,346327
2026-01-23T02:11:33.902942,Liesing S,3,347276
2026-01-23T02:11:33.902942,Liesing S,3,347034
2026-01-23T02:11:33.902942,Aspern Nord S U,12,345435
2026-01-23T02:11:33.902942,Aspern Nord S U,12,346419
2026-01-23T02:11:33.902942,Aspern Nord S U,12,346311
2026-01-23T02:11:33.902942,Aspern Nord S U,12,346035
2026-01-23T02:11:33.902942,Aspern Nord S U,12,346640
2026-01-23T02:11:33.902942,Aspern Nord S U,12,346525
2026-01-23T02:11:33.902942,Aspern Nord S U,12,347415
2026-01-23T02:11:33.902942,Aspern Nord S U,12,347053
2026-01-23T02:11:33.902942,Aspern Nord S U,12,348416
2026-01-23T02:11:33.902942,Aspern Nord S U,12,348694
2026-01-23T02:11:33.902942,Aspern Nord S U,12,348625
2026-01-23T02:11:33.902942,Aspern Nord S U,12,348561
2026-01-23T02:11:33.902942,Seepark,1,348118
2026-01-23T02:11:33.902942,Seestadt U,7,346152
2026-01-23T02:11:33.902942,Seestadt U,7,346961
2026-01-23T02:11:33.902942,Seestadt U,7,346912
2026-01-23T02:11:33.902942,Seestadt U,7,346504
2026-01-23T02:11:33.902942,Seestadt U,7,348693
2026-01-23T02:11:33.902942,Seestadt U,7,348631
2026-01-23T02:11:33.902942,Seestadt U,7,348549
2026-01-23T02:11:33.902942,Schwedenplatz,38,345191
2026-01-23T02:11:33.902942,Schwedenplatz,38,345623
2026-01-23T02:11:33.902942,Schwedenplatz,38,345591
2026-01-23T02:11:33.902942,Schwedenplatz,38,346499
2026-01-23T02:11:33.902942,Schwedenplatz,38,346244
2026-01-23T02:11:33.902942,Schwedenplatz,38,346212
2026-01-23T02:11:33.902942,Schwedenplatz,38,346211
2026-01-23T02:11:33.902942,Schwedenplatz,38,346106
2026-01-23T02:11:33.902942,Schwedenplatz,38,346083
2026-01-23T02:11:33.902942,Schwedenplatz,38,346072
2026-01-23T02:11:33.902942,Schwedenplatz,38,346021
2026-01-23T02:11:33.902942,Schwedenplatz,38,346953
2026-01-23T02:11:33.902942,Schwedenplatz,38,346624
2026-01-23T02:11:33.902942,Schwedenplatz,38,347479
2026-01-23T02:11:33.902942,Schwedenplatz,38,347461
2026-01-23T02:11:33.902942,Schwedenplatz,38,347456
2026-01-23T02:11:33.902942,Schwedenplatz,38,347444
2026-01-23T02:11:33.902942,Schwedenplatz,38,347282
2026-01-23T02:11:33.902942,Schwedenplatz,38,347232
2026-01-23T02:11:33.902942,Schwedenplatz,38,347130
2026-01-23T02:11:33.902942,Schwedenplatz,38,347097
2026-01-23T02:11:33.902942,Schwedenplatz,38,347084
2026-01-23T02:11:33.902942,Schwedenplatz,38,347060
2026-01-23T02:11:33.902942,Schwedenplatz,38,347042
2026-01-23T02:11:33.902942,Schwedenplatz,38,347956
2026-01-23T02:11:33.902942,Schwedenplatz,38,347608
2026-01-23T02:11:33.902942,Schwedenplatz,38,348477
2026-01-23T02:11:33.902942,Schwedenplatz,38,348397
2026-01-23T02:11:33.902942,Schwedenplatz,38,348337
2026-01-23T02:11:33.902942,Schwedenplatz,38,348252
2026-01-23T02:11:33.902942,Schwedenplatz,38,348249
2026-01-23T02:11:33.902942,Schwedenplatz,38,348100
2026-01-23T02:11:33.902942,Schwedenplatz,38,348691
2026-01-23T02:11:33.902942,Schwedenplatz,38,348639
2026-01-23T02:11:33.902942,Schwedenplatz,38,348635
2026-01-23T02:11:33.902942,Schwedenplatz,38,398791
2026-01-23T02:11:33.902942,Schwedenplatz,38,398719
2026-01-23T02:11:33.902942,Schwedenplatz,38,348921
2026-01-23T02:11:33.902942,Waldmüllerpark,7,345950
2026-01-23T02:11:33.902942,Waldmüllerpark,7,346252
2026-01-23T02:11:33.902942,Waldmüllerpark,7,346027
2026-01-23T02:11:33.902942,Waldmüllerpark,7,347295
2026-01-23T02:11:33.902942,Waldmüllerpark,7,347671
2026-01-23T02:11:33.902942,Waldmüllerpark,7,347510
2026-01-23T02:11:33.902942,Waldmüllerpark,7,349004
2026-01-23T02:11:33.902942,Stubentor U,18,345153
2026-01-23T02:11:33.902942,Stubentor U,18,345782
2026-01-23T02:11:33.902942,Stubentor U,18,345755
2026-01-23T02:11:33.902942,Stubentor U,18,346285
2026-01-23T02:11:33.902942,Stubentor U,18,346086
2026-01-23T02:11:33.902942,Stubentor U,18,346916
2026-01-23T02:11:33.902942,Stubentor U,18,346846
2026-01-23T02:11:33.902942,Stubentor U,18,347470
2026-01-23T02:11:33.902942,Stubentor U,18,347725
2026-01-23T02:11:33.902942,Stubentor U,18,347690
2026-01-23T02:11:33.902942,Stubentor U,18,347688
2026-01-23T02:11:33.902942,Stubentor U,18,348649
2026-01-23T02:11:33.902942,Stubentor U,18,348552
2026-01-23T02:11:33.902942,Stubentor U,18,398785
2026-01-23T02:11:33.902942,Stubentor U,18,398721
2026-01-23T02:11:33.902942,Stubentor U,18,349087
2026-01-23T02:11:33.902942,Stubentor U,18,348900
2026-01-23T02:11:33.902942,Stubentor U,18,349125
2026-01-23T02:11:33.902942,Landstraße - Wien Mitte S U,30,345342
2026-01-23T02:11:33.902942,Landstraße - Wien Mitte S U,30,345875
2026-01-23T02:11:33.902942,Landstraße - Wien Mitte S U,30,345702
2026-01-23T02:11:33.902942,Landstraße - Wien Mitte S U,30,345547
2026-01-23T02:11:33.902942,Landstraße - Wien Mitte S U,30,345520
2026-01-23T02:11:33.902942,Landstraße - Wien Mitte S U,30,346278
2026-01-23T02:11:33.902942,Landstraße - Wien Mitte S U,30,346041
2026-01-23T02:11:33.902942,Landstraße - Wien Mitte S U,30,346890
2026-01-23T02:11:33.902942,Landstraße - Wien Mitte S U,30,346851
2026-01-23T02:11:33.902942,Landstraße - Wien Mitte S U,30,346824
2026-01-23T02:11:33.902942,Landstraße - Wien Mitte S U,30,346725
2026-01-23T02:11:33.902942,Landstraße - Wien Mitte S U,30,347433
2026-01-23T02:11:33.902942,Landstraße - Wien Mitte S U,30,347391
2026-01-23T02:11:33.902942,Landstraße - Wien Mitte S U,30,347990
2026-01-23T02:11:33.902942,Landstraße - Wien Mitte S U,30,347807
2026-01-23T02:11:33.902942,Landstraße - Wien Mitte S U,30,347763
2026-01-23T02:11:33.902942,Landstraße - Wien Mitte S U,30,348463
2026-01-23T02:11:33.902942,Landstraße - Wien Mitte S U,30,348277
2026-01-23T02:11:33.902942,Landstraße - Wien Mitte S U,30,348200
2026-01-23T02:11:33.902942,Landstraße - Wien Mitte S U,30,348115
2026-01-23T02:11:33.902942,Landstraße - Wien Mitte S U,30,348660
2026-01-23T02:11:33.902942,Landstraße - Wien Mitte S U,30,348611
2026-01-23T02:11:33.902942,Landstraße - Wien Mitte S U,30,398838
2026-01-23T02:11:33.902942,Landstraße - Wien Mitte S U,30,398816
2026-01-23T02:11:33.902942,Landstraße - Wien Mitte S U,30,398805
2026-01-23T02:11:33.902942,Landstraße - Wien Mitte S U,30,398802
2026-01-23T02:11:33.902942,Landstraße - Wien Mitte S U,30,349071
2026-01-23T02:11:33.902942,Landstraße - Wien Mitte S U,30,348876
2026-01-23T02:11:33.902942,Landstraße - Wien Mitte S U,30,348833
2026-01-23T02:11:33.902942,Landstraße - Wien Mitte S U,30,348801
2026-01-23T02:11:33.902942,Praterstern S U,50,345494
2026-01-23T02:11:33.902942,Praterstern S U,50,345226
2026-01-23T02:11:33.902942,Praterstern S U,50,345082
2026-01-23T02:11:33.902942,Praterstern S U,50,345058
2026-01-23T02:11:33.902942,Praterstern S U,50,345893
2026-01-23T02:11:33.902942,Praterstern S U,50,345863
2026-01-23T02:11:33.902942,Praterstern S U,50,345812
2026-01-23T02:11:33.902942,Praterstern S U,50,345648
2026-01-23T02:11:33.902942,Praterstern S U,50,345608
2026-01-23T02:11:33.902942,Praterstern S U,50,346402
2026-01-23T02:11:33.902942,Praterstern S U,50,346380
2026-01-23T02:11:33.902942,Praterstern S U,50,346347
2026-01-23T02:11:33.902942,Praterstern S U,50,346239
2026-01-23T02:11:33.902942,Praterstern S U,50,346062
2026-01-23T02:11:33.902942,Praterstern S U,50,346033
2026-01-23T02:11:33.902942,Praterstern S U,50,346004
2026-01-23T02:11:33.902942,Praterstern S U,50,346907
2026-01-23T02:11:33.902942,Praterstern S U,50,346773
2026-01-23T02:11:33.902942,Praterstern S U,50,346764
2026-01-23T02:11:33.902942,Praterstern S U,50,346748
2026-01-23T02:11:33.902942,Praterstern S U,50,346736
2026-01-23T02:11:33.902942,Praterstern S U,50,347354
2026-01-23T02:11:33.902942,Praterstern S U,50,347334
2026-01-23T02:11:33.902942,Praterstern S U,50,347328
2026-01-23T02:11:33.902942,Praterstern S U,50,347179
2026-01-23T02:11:33.902942,Praterstern S U,50,347172
2026-01-23T02:11:33.902942,Praterstern S U,50,347984
2026-01-23T02:11:33.902942,Praterstern S U,50,347894
2026-01-23T02:11:33.902942,Praterstern S U,50,347781
2026-01-23T02:11:33.902942,Praterstern S U,50,347767
2026-01-23T02:11:33.902942,Praterstern S U,50,347692
2026-01-23T02:11:33.902942,Praterstern S U,50,347672
2026-01-23T02:11:33.902942,Praterstern S U,50,347641
2026-01-23T02:11:33.902942,Praterstern S U,50,347503
2026-01-23T02:11:33.902942,Praterstern S U,50,348248
2026-01-23T02:11:33.902942,Praterstern S U,50,348171
2026-01-23T02:11:33.902942,Praterstern S U,50,348153
2026-01-23T02:11:33.902942,Praterstern S U,50,348051
2026-01-23T02:11:33.902942,Praterstern S U,50,348678
2026-01-23T02:11:33.902942,Praterstern S U,50,348671
2026-01-23T02:11:33.902942,Praterstern S U,50,348633
2026-01-23T02:11:33.902942,Praterstern S U,50,348623
2026-01-23T02:11:33.902942,Praterstern S U,50,348609
2026-01-23T02:11:33.902942,Praterstern S U,50,398852
2026-01-23T02:11:33.902942,Praterstern S U,50,398822
2026-01-23T02:11:33.902942,Praterstern S U,50,398778
2026-01-23T02:11:33.902942,Praterstern S U,50,398774
2026-01-23T02:11:33.902942,Praterstern S U,50,348806
2026-01-23T02:11:33.902942,Praterstern S U,50,349136
2026-01-23T02:11:33.902942,Praterstern S U,50,398870
2026-01-23T02:11:33.902942,Rustengasse,16,345414
2026-01-23T02:11:33.902942,Rustengasse,16,345110
2026-01-23T02:11:33.902942,Rustengasse,16,345692
2026-01-23T02:11:33.902942,Rustengasse,16,345667
2026-01-23T02:11:33.902942,Rustengasse,16,346460
2026-01-23T02:11:33.902942,Rustengasse,16,346166
2026-01-23T02:11:33.902942,Rustengasse,16,346901
2026-01-23T02:11:33.902942,Rustengasse,16,346775
2026-01-23T02:11:33.902942,Rustengasse,16,346728
2026-01-23T02:11:33.902942,Rustengasse,16,347248
2026-01-23T02:11:33.902942,Rustengasse,16,347109
2026-01-23T02:11:33.902942,Rustengasse,16,347963
2026-01-23T02:11:33.902942,Rustengasse,16,348354
2026-01-23T02:11:33.902942,Rustengasse,16,348125
2026-01-23T02:11:33.902942,Rustengasse,16,348023
2026-01-23T02:11:33.902942,Rustengasse,16,398847
2026-01-23T02:11:33.902942,Heiligenstadt S U,20,345274
2026-01-23T02:11:33.902942,Heiligenstadt S U,20,345254
2026-01-23T02:11:33.902942,Heiligenstadt S U,20,345148
2026-01-23T02:11:33.902942,Heiligenstadt S U,20,345027
2026-01-23T02:11:33.902942,Heiligenstadt S U,20,345012
2026-01-23T02:11:33.902942,Heiligenstadt S U,20,345834
2026-01-23T02:11:33.902942,Heiligenstadt S U,20,346364
2026-01-23T02:11:33.902942,Heiligenstadt S U,20,346279
2026-01-23T02:11:33.902942,Heiligenstadt S U,20,347173
2026-01-23T02:11:33.902942,Heiligenstadt S U,20,347693
2026-01-23T02:11:33.902942,Heiligenstadt S U,20,347591
2026-01-23T02:11:33.902942,Heiligenstadt S U,20,348335
2026-01-23T02:11:33.902942,Heiligenstadt S U,20,348177
2026-01-23T02:11:33.902942,Heiligenstadt S U,20,348038
2026-01-23T02:11:33.902942,Heiligenstadt S U,20,349085
2026-01-23T02:11:33.902942,Heiligenstadt S U,20,348989
2026-01-23T02:11:33.902942,Heiligenstadt S U,20,348932
2026-01-23T02:11:33.902942,Heiligenstadt S U,20,348905
2026-01-23T02:11:33.902942,Heiligenstadt S U,20,349192
2026-01-23T02:11:33.902942,Heiligenstadt S U,20,398866
2026-01-23T02:11:33.902942,Hütteldorf  S U,19,345493
2026-01-23T02:11:33.902942,Hütteldorf  S U,19,345065
2026-01-23T02:11:33.902942,Hütteldorf  S U,19,345923
2026-01-23T02:11:33.902942,Hütteldorf  S U,19,345513
2026-01-23T02:11:33.902942,Hütteldorf  S U,19,346862
2026-01-23T02:11:33.902942,Hütteldorf  S U,19,346669
2026-01-23T02:11:33.902942,Hütteldorf  S U,19,346628
2026-01-23T02:11:33.902942,Hütteldorf  S U,19,346570
2026-01-23T02:11:33.902942,Hütteldorf  S U,19,347358
2026-01-23T02:11:33.902942,Hütteldorf  S U,19,347338
2026-01-23T02:11:33.902942,Hütteldorf  S U,19,347322
2026-01-23T02:11:33.902942,Hütteldorf  S U,19,347079
2026-01-23T02:11:33.902942,Hütteldorf  S U,19,347971
2026-01-23T02:11:33.902942,Hütteldorf  S U,19,347901
2026-01-23T02:11:33.902942,Hütteldorf  S U,19,347658
2026-01-23T02:11:33.902942,Hütteldorf  S U,19,347599
2026-01-23T02:11:33.902942,Hütteldorf  S U,19,348413
2026-01-23T02:11:33.902942,Hütteldorf  S U,19,348322
2026-01-23T02:11:33.902942,Hütteldorf  S U,19,398768
2026-01-23T02:11:33.902942,Rathaus U,28,345453
2026-01-23T02:11:33.902942,Rathaus U,28,345183
2026-01-23T02:11:33.902942,Rathaus U,28,345002
2026-01-23T02:11:33.902942,Rathaus U,28,345790
2026-01-23T02:11:33.902942,Rathaus U,28,346429
2026-01-23T02:11:33.902942,Rathaus U,28,346128
2026-01-23T02:11:33.902942,Rathaus U,28,346064
2026-01-23T02:11:33.902942,Rathaus U,28,346908
2026-01-23T02:11:33.902942,Rathaus U,28,346879
2026-01-23T02:11:33.902942,Rathaus U,28,346762
2026-01-23T02:11:33.902942,Rathaus U,28,346670
2026-01-23T02:11:33.902942,Rathaus U,28,347305
2026-01-23T02:11:33.902942,Rathaus U,28,347251
2026-01-23T02:11:33.902942,Rathaus U,28,347157
2026-01-23T02:11:33.902942,Rathaus U,28,347028
2026-01-23T02:11:33.902942,Rathaus U,28,347899
2026-01-23T02:11:33.902942,Rathaus U,28,347850
2026-01-23T02:11:33.902942,Rathaus U,28,347811
2026-01-23T02:11:33.902942,Rathaus U,28,347795
2026-01-23T02:11:33.902942,Rathaus U,28,347637
2026-01-23T02:11:33.902942,Rathaus U,28,348343
2026-01-23T02:11:33.902942,Rathaus U,28,348297
2026-01-23T02:11:33.902942,Rathaus U,28,348213
2026-01-23T02:11:33.902942,Rathaus U,28,348207
2026-01-23T02:11:33.902942,Rathaus U,28,348141
2026-01-23T02:11:33.902942,Rathaus U,28,348072
2026-01-23T02:11:33.902942,Rathaus U,28,348069
2026-01-23T02:11:33.902942,Rathaus U,28,348044
2026-01-23T02:11:33.902942,Hans-Mandl-Berufsschule,8,345273
2026-01-23T02:11:33.902942,Hans-Mandl-Berufsschule,8,345503
2026-01-23T02:11:33.902942,Hans-Mandl-Berufsschule,8,346756
2026-01-23T02:11:33.902942,Hans-Mandl-Berufsschule,8,348365
2026-01-23T02:11:33.902942,Hans-Mandl-Berufsschule,8,348541
2026-01-23T02:11:33.902942,Hans-Mandl-Berufsschule,8,398858
2026-01-23T02:11:33.902942,Hans-Mandl-Berufsschule,8,348930
2026-01-23T02:11:33.902942,Hans-Mandl-Berufsschule,8,348808
2026-01-23T02:11:33.902942,Dänenstraße / BOKU,23,345488
2026-01-23T02:11:33.902942,Dänenstraße / BOKU,23,345392
2026-01-23T02:11:33.902942,Dänenstraße / BOKU,23,345362
2026-01-23T02:11:33.902942,Dänenstraße / BOKU,23,345245
2026-01-23T02:11:33.902942,Dänenstraße / BOKU,23,345216
2026-01-23T02:11:33.902942,Dänenstraße / BOKU,23,345121
2026-01-23T02:11:33.902942,Dänenstraße / BOKU,23,345961
2026-01-23T02:11:33.902942,Dänenstraße / BOKU,23,345898
2026-01-23T02:11:33.902942,Dänenstraße / BOKU,23,345798
2026-01-23T02:11:33.902942,Dänenstraße / BOKU,23,345747
2026-01-23T02:11:33.902942,Dänenstraße / BOKU,23,345596
2026-01-23T02:11:33.902942,Dänenstraße / BOKU,23,346979
2026-01-23T02:11:33.902942,Dänenstraße / BOKU,23,346962
2026-01-23T02:11:33.902942,Dänenstraße / BOKU,23,346842
2026-01-23T02:11:33.902942,Dänenstraße / BOKU,23,346644
2026-01-23T02:11:33.902942,Dänenstraße / BOKU,23,346585
2026-01-23T02:11:33.902942,Dänenstraße / BOKU,23,346510
2026-01-23T02:11:33.902942,Dänenstraße / BOKU,23,347022
2026-01-23T02:11:33.902942,Dänenstraße / BOKU,23,347790
2026-01-23T02:11:33.902942,Dänenstraße / BOKU,23,347759
2026-01-23T02:11:33.902942,Dänenstraße / BOKU,23,348022
2026-01-23T02:11:33.902942,Dänenstraße / BOKU,23,348690
2026-01-23T02:11:33.902942,Dänenstraße / BOKU,23,348681
2026-01-23T02:11:33.902942,Schloss Schönbrunn,32,345320
2026-01-23T02:11:33.902942,Schloss Schönbrunn,32,345177
2026-01-23T02:11:33.902942,Schloss Schönbrunn,32,345141
2026-01-23T02:11:33.902942,Schloss Schönbrunn,32,345123
2026-01-23T02:11:33.902942,Schloss Schönbrunn,32,345115
2026-01-23T02:11:33.902942,Schloss Schönbrunn,32,345057
2026-01-23T02:11:33.902942,Schloss Schönbrunn,32,345015
2026-01-23T02:11:33.902942,Schloss Schönbrunn,32,345969
2026-01-23T02:11:33.902942,Schloss Schönbrunn,32,345879
2026-01-23T02:11:33.902942,Schloss Schönbrunn,32,345598
2026-01-23T02:11:33.902942,Schloss Schönbrunn,32,346485
2026-01-23T02:11:33.902942,Schloss Schönbrunn,32,346313
2026-01-23T02:11:33.902942,Schloss Schönbrunn,32,346123
2026-01-23T02:11:33.902942,Schloss Schönbrunn,32,346010
2026-01-23T02:11:33.902942,Schloss Schönbrunn,32,346951
2026-01-23T02:11:33.902942,Schloss Schönbrunn,32,346835
2026-01-23T02:11:33.902942,Schloss Schönbrunn,32,347474
2026-01-23T02:11:33.902942,Schloss Schönbrunn,32,347377
2026-01-23T02:11:33.902942,Schloss Schönbrunn,32,347312
2026-01-23T02:11:33.902942,Schloss Schönbrunn,32,347937
2026-01-23T02:11:33.902942,Schloss Schönbrunn,32,347873
2026-01-23T02:11:33.902942,Schloss Schönbrunn,32,347515
2026-01-23T02:11:33.902942,Schloss Schönbrunn,32,348462
2026-01-23T02:11:33.902942,Schloss Schönbrunn,32,348402
2026-01-23T02:11:33.902942,Schloss Schönbrunn,32,348349
2026-01-23T02:11:33.902942,Schloss Schönbrunn,32,348077
2026-01-23T02:11:33.902942,Schloss Schönbrunn,32,348003
2026-01-23T02:11:33.902942,Schloss Schönbrunn,32,398753
2026-01-23T02:11:33.902942,Schloss Schönbrunn,32,398752
2026-01-23T02:11:33.902942,Schloss Schönbrunn,32,398748
2026-01-23T02:11:33.902942,Schloss Schönbrunn,32,349065
2026-01-23T02:11:33.902942,Schloss Schönbrunn,32,348839
2026-01-23T02:11:33.902942,Eslarngasse / Juchgasse,6,345975
2026-01-23T02:11:33.902942,Eslarngasse / Juchgasse,6,345550
2026-01-23T02:11:33.902942,Eslarngasse / Juchgasse,6,346948
2026-01-23T02:11:33.902942,Eslarngasse / Juchgasse,6,346668
2026-01-23T02:11:33.902942,Eslarngasse / Juchgasse,6,347413
2026-01-23T02:11:33.902942,Eslarngasse / Juchgasse,6,347181
2026-01-23T02:11:33.902942,Plößlgasse / Belvedere,19,345330
2026-01-23T02:11:33.902942,Plößlgasse / Belvedere,19,345293
2026-01-23T02:11:33.902942,Plößlgasse / Belvedere,19,345126
2026-01-23T02:11:33.902942,Plößlgasse / Belvedere,19,345054
2026-01-23T02:11:33.902942,Plößlgasse / Belvedere,19,345980
2026-01-23T02:11:33.902942,Plößlgasse / Belvedere,19,345846
2026-01-23T02:11:33.902942,Plößlgasse / Belvedere,19,346109
2026-01-23T02:11:33.902942,Plößlgasse / Belvedere,19,346781
2026-01-23T02:11:33.902942,Plößlgasse / Belvedere,19,346755
2026-01-23T02:11:33.902942,Plößlgasse / Belvedere,19,347260
2026-01-23T02:11:33.902942,Plößlgasse / Belvedere,19,347177
2026-01-23T02:11:33.902942,Plößlgasse / Belvedere,19,347047
2026-01-23T02:11:33.902942,Plößlgasse / Belvedere,19,347826
2026-01-23T02:11:33.902942,Plößlgasse / Belvedere,19,348644
2026-01-23T02:11:33.902942,Plößlgasse / Belvedere,19,349111
2026-01-23T02:11:33.902942,Plößlgasse / Belvedere,19,349066
2026-01-23T02:11:33.902942,Plößlgasse / Belvedere,19,349061
2026-01-23T02:11:33.902942,Plößlgasse / Belvedere,19,348933
2026-01-23T02:11:33.902942,Plößlgasse / Belvedere,19,348880
2026-01-23T02:11:33.902942,Sankt-Elisabeth-Platz,2,345974
2026-01-23T02:11:33.902942,Sankt-Elisabeth-Platz,2,345972
2026-01-23T02:11:33.902942,Laudongasse / Schönbornpark,12,345738
2026-01-23T02:11:33.902942,Laudongasse / Schönbornpark,12,345688
2026-01-23T02:11:33.902942,Laudongasse / Schönbornpark,12,346393
2026-01-23T02:11:33.902942,Laudongasse / Schönbornpark,12,346203
2026-01-23T02:11:33.902942,Laudongasse / Schönbornpark,12,346190
2026-01-23T02:11:33.902942,Laudongasse / Schönbornpark,12,346687
2026-01-23T02:11:33.902942,Laudongasse / Schönbornpark,12,346576
2026-01-23T02:11:33.902942,Laudongasse / Schönbornpark,12,348279
2026-01-23T02:11:33.902942,Laudongasse / Schönbornpark,12,348099
2026-01-23T02:11:33.902942,Laudongasse / Schönbornpark,12,348035
2026-01-23T02:11:33.902942,Laudongasse / Schönbornpark,12,348661
2026-01-23T02:11:33.902942,Laudongasse / Schönbornpark,12,348565
2026-01-23T02:11:33.902942,Rossauer Lände U,9,345209
2026-01-23T02:11:33.902942,Rossauer Lände U,9,345125
2026-01-23T02:11:33.902942,Rossauer Lände U,9,346897
2026-01-23T02:11:33.902942,Rossauer Lände U,9,346692
2026-01-23T02:11:33.902942,Rossauer Lände U,9,346571
2026-01-23T02:11:33.902942,Rossauer Lände U,9,347929
2026-01-23T02:11:33.902942,Rossauer Lände U,9,347656
2026-01-23T02:11:33.902942,Rossauer Lände U,9,348461
2026-01-23T02:11:33.902942,Rossauer Lände U,9,348052
2026-01-23T02:11:33.902942,Lazarettgasse,5,345977
2026-01-23T02:11:33.902942,Lazarettgasse,5,346672
2026-01-23T02:11:33.902942,Lazarettgasse,5,348339
2026-01-23T02:11:33.902942,Lazarettgasse,5,348713
2026-01-23T02:11:33.902942,Lazarettgasse,5,349184
2026-01-23T02:11:33.902942,Edelsinnstraße,9,345908
2026-01-23T02:11:33.902942,Edelsinnstraße,9,345837
2026-01-23T02:11:33.902942,Edelsinnstraße,9,345818
2026-01-23T02:11:33.902942,Edelsinnstraße,9,346437
2026-01-23T02:11:33.902942,Edelsinnstraße,9,346843
2026-01-23T02:11:33.902942,Edelsinnstraße,9,347361
2026-01-23T02:11:33.902942,Edelsinnstraße,9,348709
2026-01-23T02:11:33.902942,Edelsinnstraße,9,349013
2026-01-23T02:11:33.902942,Edelsinnstraße,9,349148
2026-01-23T02:11:33.902942,Karlsplatz U / TU Wien,19,345142
2026-01-23T02:11:33.902942,Karlsplatz U / TU Wien,19,345731
2026-01-23T02:11:33.902942,Karlsplatz U / TU Wien,19,345506
2026-01-23T02:11:33.902942,Karlsplatz U / TU Wien,19,346281
2026-01-23T02:11:33.902942,Karlsplatz U / TU Wien,19,346881
2026-01-23T02:11:33.902942,Karlsplatz U / TU Wien,19,346848
2026-01-23T02:11:33.902942,Karlsplatz U / TU Wien,19,346735
2026-01-23T02:11:33.902942,Karlsplatz U / TU Wien,19,346665
2026-01-23T02:11:33.902942,Karlsplatz U / TU Wien,19,346634
2026-01-23T02:11:33.902942,Karlsplatz U / TU Wien,19,347491
2026-01-23T02:11:33.902942,Karlsplatz U / TU Wien,19,347458
2026-01-23T02:11:33.902942,Karlsplatz U / TU Wien,19,347293
2026-01-23T02:11:33.902942,Karlsplatz U / TU Wien,19,347102
2026-01-23T02:11:33.902942,Karlsplatz U / TU Wien,19,347017
2026-01-23T02:11:33.902942,Karlsplatz U / TU Wien,19,347572
2026-01-23T02:11:33.902942,Karlsplatz U / TU Wien,19,348342
2026-01-23T02:11:33.902942,Karlsplatz U / TU Wien,19,348673
2026-01-23T02:11:33.902942,Karlsplatz U / TU Wien,19,398820
2026-01-23T02:11:33.902942,Karlsplatz U / TU Wien,19,398872
2026-01-23T02:11:33.902942,Amerlingstraße,10,345470
2026-01-23T02:11:33.902942,Amerlingstraße,10,345465
2026-01-23T02:11:33.902942,Amerlingstraße,10,345364
2026-01-23T02:11:33.902942,Amerlingstraße,10,345891
2026-01-23T02:11:33.902942,Amerlingstraße,10,345758
2026-01-23T02:11:33.902942,Amerlingstraße,10,345627
2026-01-23T02:11:33.902942,Amerlingstraße,10,346089
2026-01-23T02:11:33.902942,Amerlingstraße,10,346931
2026-01-23T02:11:33.902942,Amerlingstraße,10,347370
2026-01-23T02:11:33.902942,Amerlingstraße,10,347002
2026-01-23T02:11:33.902942,Albertgasse,3,345419
2026-01-23T02:11:33.902942,Albertgasse,3,347655
2026-01-23T02:11:33.902942,Albertgasse,3,348355
2026-01-23T02:11:33.902942,Universitätsring,29,345467
2026-01-23T02:11:33.902942,Universitätsring,29,345267
2026-01-23T02:11:33.902942,Universitätsring,29,345195
2026-01-23T02:11:33.902942,Universitätsring,29,346403
2026-01-23T02:11:33.902942,Universitätsring,29,346318
2026-01-23T02:11:33.902942,Universitätsring,29,346310
2026-01-23T02:11:33.902942,Universitätsring,29,346061
2026-01-23T02:11:33.902942,Universitätsring,29,346039
2026-01-23T02:11:33.902942,Universitätsring,29,346016
2026-01-23T02:11:33.902942,Universitätsring,29,346011
2026-01-23T02:11:33.902942,Universitätsring,29,346973
2026-01-23T02:11:33.902942,Universitätsring,29,346942
2026-01-23T02:11:33.902942,Universitätsring,29,346895
2026-01-23T02:11:33.902942,Universitätsring,29,346710
2026-01-23T02:11:33.902942,Universitätsring,29,346697
2026-01-23T02:11:33.902942,Universitätsring,29,347330
2026-01-23T02:11:33.902942,Universitätsring,29,347264
2026-01-23T02:11:33.902942,Universitätsring,29,347845
2026-01-23T02:11:33.902942,Universitätsring,29,347582
2026-01-23T02:11:33.902942,Universitätsring,29,348495
2026-01-23T02:11:33.902942,Universitätsring,29,348439
2026-01-23T02:11:33.902942,Universitätsring,29,348240
2026-01-23T02:11:33.902942,Universitätsring,29,348214
2026-01-23T02:11:33.902942,Universitätsring,29,348047
2026-01-23T02:11:33.902942,Universitätsring,29,348017
2026-01-23T02:11:33.902942,Universitätsring,29,348672
2026-01-23T02:11:33.902942,Universitätsring,29,348630
2026-01-23T02:11:33.902942,Universitätsring,29,348592
2026-01-23T02:11:33.902942,Universitätsring,29,398837
2026-01-23T02:11:33.902942,Herrengasse U,26,345339
2026-01-23T02:11:33.902942,Herrengasse U,26,345295
2026-01-23T02:11:33.902942,Herrengasse U,26,345163
2026-01-23T02:11:33.902942,Herrengasse U,26,345008
2026-01-23T02:11:33.902942,Herrengasse U,26,345978
2026-01-23T02:11:33.902942,Herrengasse U,26,345638
2026-01-23T02:11:33.902942,Herrengasse U,26,345518
2026-01-23T02:11:33.902942,Herrengasse U,26,346434
2026-01-23T02:11:33.902942,Herrengasse U,26,346250
2026-01-23T02:11:33.902942,Herrengasse U,26,346137
2026-01-23T02:11:33.902942,Herrengasse U,26,346936
2026-01-23T02:11:33.902942,Herrengasse U,26,347267
2026-01-23T02:11:33.902942,Herrengasse U,26,347239
2026-01-23T02:11:33.902942,Herrengasse U,26,347111
2026-01-23T02:11:33.902942,Herrengasse U,26,347031
2026-01-23T02:11:33.902942,Herrengasse U,26,347832
2026-01-23T02:11:33.902942,Herrengasse U,26,347667
2026-01-23T02:11:33.902942,Herrengasse U,26,348476
2026-01-23T02:11:33.902942,Herrengasse U,26,348419
2026-01-23T02:11:33.902942,Herrengasse U,26,348071
2026-01-23T02:11:33.902942,Herrengasse U,26,348033
2026-01-23T02:11:33.902942,Herrengasse U,26,348618
2026-01-23T02:11:33.902942,Herrengasse U,26,348547
2026-01-23T02:11:33.902942,Herrengasse U,26,349007
2026-01-23T02:11:33.902942,Herrengasse U,26,348832
2026-01-23T02:11:33.902942,Herrengasse U,26,348831
2026-01-23T02:11:33.902942,Sensengasse,17,345239
2026-01-23T02:11:33.902942,Sensengasse,17,345770
2026-01-23T02:11:33.902942,Sensengasse,17,346442
2026-01-23T02:11:33.902942,Sensengasse,17,346389
2026-01-23T02:11:33.902942,Sensengasse,17,346263
2026-01-23T02:11:33.902942,Sensengasse,17,346876
2026-01-23T02:11:33.902942,Sensengasse,17,346800
2026-01-23T02:11:33.902942,Sensengasse,17,346682
2026-01-23T02:11:33.902942,Sensengasse,17,346674
2026-01-23T02:11:33.902942,Sensengasse,17,347459
2026-01-23T02:11:33.902942,Sensengasse,17,347427
2026-01-23T02:11:33.902942,Sensengasse,17,347369
2026-01-23T02:11:33.902942,Sensengasse,17,347783
2026-01-23T02:11:33.902942,Sensengasse,17,348377
2026-01-23T02:11:33.902942,Sensengasse,17,348675
2026-01-23T02:11:33.902942,Sensengasse,17,348632
2026-01-23T02:11:33.902942,Sensengasse,17,348562
2026-01-23T02:11:33.902942,Belgradplatz,8,345774
2026-01-23T02:11:33.902942,Belgradplatz,8,346683
2026-01-23T02:11:33.902942,Belgradplatz,8,346636
2026-01-23T02:11:33.902942,Belgradplatz,8,347308
2026-01-23T02:11:33.902942,Belgradplatz,8,348251
2026-01-23T02:11:33.902942,Belgradplatz,8,348658
2026-01-23T02:11:33.902942,Belgradplatz,8,348647
2026-01-23T02:11:33.902942,Belgradplatz,8,348532
2026-01-23T02:11:33.902942,Rathausplatz / Burgtheater,15,345416
2026-01-23T02:11:33.902942,Rathausplatz / Burgtheater,15,345156
2026-01-23T02:11:33.902942,Rathausplatz / Burgtheater,15,345090
2026-01-23T02:11:33.902942,Rathausplatz / Burgtheater,15,345932
2026-01-23T02:11:33.902942,Rathausplatz / Burgtheater,15,345601
2026-01-23T02:11:33.902942,Rathausplatz / Burgtheater,15,345552
2026-01-23T02:11:33.902942,Rathausplatz / Burgtheater,15,347707
2026-01-23T02:11:33.902942,Rathausplatz / Burgtheater,15,347586
2026-01-23T02:11:33.902942,Rathausplatz / Burgtheater,15,348180
2026-01-23T02:11:33.902942,Rathausplatz / Burgtheater,15,348139
2026-01-23T02:11:33.902942,Rathausplatz / Burgtheater,15,348098
2026-01-23T02:11:33.902942,Rathausplatz / Burgtheater,15,348083
2026-01-23T02:11:33.902942,Rathausplatz / Burgtheater,15,348046
2026-01-23T02:11:33.902942,Rathausplatz / Burgtheater,15,348599
2026-01-23T02:11:33.902942,Rathausplatz / Burgtheater,15,349122
2026-01-23T02:11:33.902942,Arbeitergasse - Gürtel,12,345720
2026-01-23T02:11:33.902942,Arbeitergasse - Gürtel,12,345717
2026-01-23T02:11:33.902942,Arbeitergasse - Gürtel,12,345533
2026-01-23T02:11:33.902942,Arbeitergasse - Gürtel,12,346470
2026-01-23T02:11:33.902942,Arbeitergasse - Gürtel,12,346070
2026-01-23T02:11:33.902942,Arbeitergasse - Gürtel,12,346870
2026-01-23T02:11:33.902942,Arbeitergasse - Gürtel,12,346826
2026-01-23T02:11:33.902942,Arbeitergasse - Gürtel,12,346760
2026-01-23T02:11:33.902942,Arbeitergasse - Gürtel,12,347742
2026-01-23T02:11:33.902942,Arbeitergasse - Gürtel,12,348497
2026-01-23T02:11:33.902942,Arbeitergasse - Gürtel,12,348291
2026-01-23T02:11:33.902942,Arbeitergasse - Gürtel,12,398798
2026-01-23T02:11:33.902942,Bauernfeldplatz / Palais Lichtenstein,19,345495
2026-01-23T02:11:33.902942,Bauernfeldplatz / Palais Lichtenstein,19,345128
2026-01-23T02:11:33.902942,Bauernfeldplatz / Palais Lichtenstein,19,345949
2026-01-23T02:11:33.902942,Bauernfeldplatz / Palais Lichtenstein,19,345831
2026-01-23T02:11:33.902942,Bauernfeldplatz / Palais Lichtenstein,19,345736
2026-01-23T02:11:33.902942,Bauernfeldplatz / Palais Lichtenstein,19,345529
2026-01-23T02:11:33.902942,Bauernfeldplatz / Palais Lichtenstein,19,346040
2026-01-23T02:11:33.902942,Bauernfeldplatz / Palais Lichtenstein,19,346864
2026-01-23T02:11:33.902942,Bauernfeldplatz / Palais Lichtenstein,19,346780
2026-01-23T02:11:33.902942,Bauernfeldplatz / Palais Lichtenstein,19,346597
2026-01-23T02:11:33.902942,Bauernfeldplatz / Palais Lichtenstein,19,347414
2026-01-23T02:11:33.902942,Bauernfeldplatz / Palais Lichtenstein,19,347343
2026-01-23T02:11:33.902942,Bauernfeldplatz / Palais Lichtenstein,19,347319
2026-01-23T02:11:33.902942,Bauernfeldplatz / Palais Lichtenstein,19,347316
2026-01-23T02:11:33.902942,Bauernfeldplatz / Palais Lichtenstein,19,347054
2026-01-23T02:11:33.902942,Bauernfeldplatz / Palais Lichtenstein,19,347890
2026-01-23T02:11:33.902942,Bauernfeldplatz / Palais Lichtenstein,19,347724
2026-01-23T02:11:33.902942,Bauernfeldplatz / Palais Lichtenstein,19,347594
2026-01-23T02:11:33.902942,Bauernfeldplatz / Palais Lichtenstein,19,347516
2026-01-23T02:11:33.902942,Johannesgasse / Stadtpark,15,345445
2026-01-23T02:11:33.902942,Johannesgasse / Stadtpark,15,345237
2026-01-23T02:11:33.902942,Johannesgasse / Stadtpark,15,346127
2026-01-23T02:11:33.902942,Johannesgasse / Stadtpark,15,346797
2026-01-23T02:11:33.902942,Johannesgasse / Stadtpark,15,346722
2026-01-23T02:11:33.902942,Johannesgasse / Stadtpark,15,346620
2026-01-23T02:11:33.902942,Johannesgasse / Stadtpark,15,347032
2026-01-23T02:11:33.902942,Johannesgasse / Stadtpark,15,347685
2026-01-23T02:11:33.902942,Johannesgasse / Stadtpark,15,348459
2026-01-23T02:11:33.902942,Johannesgasse / Stadtpark,15,348393
2026-01-23T02:11:33.902942,Johannesgasse / Stadtpark,15,348027
2026-01-23T02:11:33.902942,Johannesgasse / Stadtpark,15,398758
2026-01-23T02:11:33.902942,Johannesgasse / Stadtpark,15,348961
2026-01-23T02:11:33.902942,Johannesgasse / Stadtpark,15,348940
2026-01-23T02:11:33.902942,Johannesgasse / Stadtpark,15,349199
2026-01-23T02:11:33.902942,Bischof-Faber-Platz,4,347969
2026-01-23T02:11:33.902942,Bischof-Faber-Platz,4,347797
2026-01-23T02:11:33.902942,Bischof-Faber-Platz,4,348331
2026-01-23T02:11:33.902942,Bischof-Faber-Platz,4,348136
2026-01-23T02:11:33.902942,Am Schöpfwerk U,14,345031
2026-01-23T02:11:33.902942,Am Schöpfwerk U,14,345989
2026-01-23T02:11:33.902942,Am Schöpfwerk U,14,345970
2026-01-23T02:11:33.902942,Am Schöpfwerk U,14,345952
2026-01-23T02:11:33.902942,Am Schöpfwerk U,14,345939
2026-01-23T02:11:33.902942,Am Schöpfwerk U,14,345575
2026-01-23T02:11:33.902942,Am Schöpfwerk U,14,346353
2026-01-23T02:11:33.902942,Am Schöpfwerk U,14,346914
2026-01-23T02:11:33.902942,Am Schöpfwerk U,14,346527
2026-01-23T02:11:33.902942,Am Schöpfwerk U,14,347240
2026-01-23T02:11:33.902942,Am Schöpfwerk U,14,347096
2026-01-23T02:11:33.902942,Am Schöpfwerk U,14,347625
2026-01-23T02:11:33.902942,Am Schöpfwerk U,14,348269
2026-01-23T02:11:33.902942,Am Schöpfwerk U,14,398793
2026-01-23T02:11:33.902942,Alserbachstraße,20,345346
2026-01-23T02:11:33.902942,Alserbachstraße,20,345724
2026-01-23T02:11:33.902942,Alserbachstraße,20,346390
2026-01-23T02:11:33.902942,Alserbachstraße,20,346365
2026-01-23T02:11:33.902942,Alserbachstraße,20,346202
2026-01-23T02:11:33.902942,Alserbachstraße,20,346891
2026-01-23T02:11:33.902942,Alserbachstraße,20,347438
2026-01-23T02:11:33.902942,Alserbachstraße,20,347169
2026-01-23T02:11:33.902942,Alserbachstraße,20,347944
2026-01-23T02:11:33.902942,Alserbachstraße,20,347934
2026-01-23T02:11:33.902942,Alserbachstraße,20,347903
2026-01-23T02:11:33.902942,Alserbachstraße,20,347632
2026-01-23T02:11:33.902942,Alserbachstraße,20,347540
2026-01-23T02:11:33.902942,Alserbachstraße,20,348489
2026-01-23T02:11:33.902942,Alserbachstraße,20,348364
2026-01-23T02:11:33.902942,Alserbachstraße,20,348336
2026-01-23T02:11:33.902942,Alserbachstraße,20,348116
2026-01-23T02:11:33.902942,Alserbachstraße,20,348057
2026-01-23T02:11:33.902942,Alserbachstraße,20,398736
2026-01-23T02:11:33.902942,Alserbachstraße,20,398722
2026-01-23T02:11:33.902942,Petrusgasse,15,345106
2026-01-23T02:11:33.902942,Petrusgasse,15,345629
2026-01-23T02:11:33.902942,Petrusgasse,15,345535
2026-01-23T02:11:33.902942,Petrusgasse,15,346401
2026-01-23T02:11:33.902942,Petrusgasse,15,346240
2026-01-23T02:11:33.902942,Petrusgasse,15,346193
2026-01-23T02:11:33.902942,Petrusgasse,15,346176
2026-01-23T02:11:33.902942,Petrusgasse,15,346623
2026-01-23T02:11:33.902942,Petrusgasse,15,347457
2026-01-23T02:11:33.902942,Petrusgasse,15,347144
2026-01-23T02:11:33.902942,Petrusgasse,15,347970
2026-01-23T02:11:33.902942,Petrusgasse,15,347928
2026-01-23T02:11:33.902942,Petrusgasse,15,347604
2026-01-23T02:11:33.902942,Petrusgasse,15,349005
2026-01-23T02:11:33.902942,Petrusgasse,15,348859
2026-01-23T02:11:33.902942,Wassergasse,28,345912
2026-01-23T02:11:33.902942,Wassergasse,28,345783
2026-01-23T02:11:33.902942,Wassergasse,28,345683
2026-01-23T02:11:33.902942,Wassergasse,28,345606
2026-01-23T02:11:33.902942,Wassergasse,28,345530
2026-01-23T02:11:33.902942,Wassergasse,28,346438
2026-01-23T02:11:33.902942,Wassergasse,28,346398
2026-01-23T02:11:33.902942,Wassergasse,28,346302
2026-01-23T02:11:33.902942,Wassergasse,28,346987
2026-01-23T02:11:33.902942,Wassergasse,28,346894
2026-01-23T02:11:33.902942,Wassergasse,28,346887
2026-01-23T02:11:33.902942,Wassergasse,28,346518
2026-01-23T02:11:33.902942,Wassergasse,28,346508
2026-01-23T02:11:33.902942,Wassergasse,28,347384
2026-01-23T02:11:33.902942,Wassergasse,28,347183
2026-01-23T02:11:33.902942,Wassergasse,28,347180
2026-01-23T02:11:33.902942,Wassergasse,28,347046
2026-01-23T02:11:33.902942,Wassergasse,28,347747
2026-01-23T02:11:33.902942,Wassergasse,28,347563
2026-01-23T02:11:33.902942,Wassergasse,28,347504
2026-01-23T02:11:33.902942,Wassergasse,28,348073
2026-01-23T02:11:33.902942,Wassergasse,28,348061
2026-01-23T02:11:33.902942,Wassergasse,28,348702
2026-01-23T02:11:33.902942,Wassergasse,28,348677
2026-01-23T02:11:33.902942,Wassergasse,28,398796
2026-01-23T02:11:33.902942,Wassergasse,28,398787
2026-01-23T02:11:33.902942,Wassergasse,28,349033
2026-01-23T02:11:33.902942,Wassergasse,28,349175
2026-01-23T02:11:33.902942,Löwengasse,14,345229
2026-01-23T02:11:33.902942,Löwengasse,14,345157
2026-01-23T02:11:33.902942,Löwengasse,14,346421
2026-01-23T02:11:33.902942,Löwengasse,14,346317
2026-01-23T02:11:33.902942,Löwengasse,14,346029
2026-01-23T02:11:33.902942,Löwengasse,14,346574
2026-01-23T02:11:33.902942,Löwengasse,14,346502
2026-01-23T02:11:33.902942,Löwengasse,14,347250
2026-01-23T02:11:33.902942,Löwengasse,14,347238
2026-01-23T02:11:33.902942,Löwengasse,14,347098
2026-01-23T02:11:33.902942,Löwengasse,14,347528
2026-01-23T02:11:33.902942,Löwengasse,14,348275
2026-01-23T02:11:33.902942,Löwengasse,14,348048
2026-01-23T02:11:33.902942,Löwengasse,14,348011
2026-01-23T02:11:33.902942,Kardinal-Nagl-Platz U,9,345845
2026-01-23T02:11:33.902942,Kardinal-Nagl-Platz U,9,345711
2026-01-23T02:11:33.902942,Kardinal-Nagl-Platz U,9,345590
2026-01-23T02:11:33.902942,Kardinal-Nagl-Platz U,9,345586
2026-01-23T02:11:33.902942,Kardinal-Nagl-Platz U,9,347407
2026-01-23T02:11:33.902942,Kardinal-Nagl-Platz U,9,347285
2026-01-23T02:11:33.902942,Kardinal-Nagl-Platz U,9,347088
2026-01-23T02:11:33.902942,Kardinal-Nagl-Platz U,9,348105
2026-01-23T02:11:33.902942,Kardinal-Nagl-Platz U,9,348830
2026-01-23T02:11:33.902942,Kärntner Ring,16,345297
2026-01-23T02:11:33.902942,Kärntner Ring,16,345851
2026-01-23T02:11:33.902942,Kärntner Ring,16,345803
2026-01-23T02:11:33.902942,Kärntner Ring,16,345672
2026-01-23T02:11:33.902942,Kärntner Ring,16,346138
2026-01-23T02:11:33.902942,Kärntner Ring,16,346867
2026-01-23T02:11:33.902942,Kärntner Ring,16,346675
2026-01-23T02:11:33.902942,Kärntner Ring,16,346667
2026-01-23T02:11:33.902942,Kärntner Ring,16,346647
2026-01-23T02:11:33.902942,Kärntner Ring,16,347464
2026-01-23T02:11:33.902942,Kärntner Ring,16,347396
2026-01-23T02:11:33.902942,Kärntner Ring,16,347089
2026-01-23T02:11:33.902942,Kärntner Ring,16,347947
2026-01-23T02:11:33.902942,Kärntner Ring,16,347913
2026-01-23T02:11:33.902942,Kärntner Ring,16,398861
2026-01-23T02:11:33.902942,Kärntner Ring,16,349119
2026-01-23T02:11:33.902942,Schottenring U,20,345251
2026-01-23T02:11:33.902942,Schottenring U,20,345948
2026-01-23T02:11:33.902942,Schottenring U,20,345869
2026-01-23T02:11:33.902942,Schottenring U,20,345546
2026-01-23T02:11:33.902942,Schottenring U,20,346277
2026-01-23T02:11:33.902942,Schottenring U,20,346226
2026-01-23T02:11:33.902942,Schottenring U,20,346000
2026-01-23T02:11:33.902942,Schottenring U,20,346604
2026-01-23T02:11:33.902942,Schottenring U,20,347483
2026-01-23T02:11:33.902942,Schottenring U,20,347244
2026-01-23T02:11:33.902942,Schottenring U,20,347638
2026-01-23T02:11:33.902942,Schottenring U,20,348362
2026-01-23T02:11:33.902942,Schottenring U,20,348348
2026-01-23T02:11:33.902942,Schottenring U,20,348245
2026-01-23T02:11:33.902942,Schottenring U,20,348210
2026-01-23T02:11:33.902942,Schottenring U,20,348158
2026-01-23T02:11:33.902942,Schottenring U,20,348130
2026-01-23T02:11:33.902942,Schottenring U,20,348701
2026-01-23T02:11:33.902942,Schottenring U,20,398853
2026-01-23T02:11:33.902942,Schottenring U,20,349034
2026-01-23T02:11:33.902942,Strozzigasse,20,345384
2026-01-23T02:11:33.902942,Strozzigasse,20,345319
2026-01-23T02:11:33.902942,Strozzigasse,20,345315
2026-01-23T02:11:33.902942,Strozzigasse,20,345118
2026-01-23T02:11:33.902942,Strozzigasse,20,345116
2026-01-23T02:11:33.902942,Strozzigasse,20,345734
2026-01-23T02:11:33.902942,Strozzigasse,20,345646
2026-01-23T02:11:33.902942,Strozzigasse,20,345522
2026-01-23T02:11:33.902942,Strozzigasse,20,346465
2026-01-23T02:11:33.902942,Strozzigasse,20,346811
2026-01-23T02:11:33.902942,Strozzigasse,20,346771
2026-01-23T02:11:33.902942,Strozzigasse,20,346734
2026-01-23T02:11:33.902942,Strozzigasse,20,347471
2026-01-23T02:11:33.902942,Strozzigasse,20,347189
2026-01-23T02:11:33.902942,Strozzigasse,20,347185
2026-01-23T02:11:33.902942,Strozzigasse,20,347502
2026-01-23T02:11:33.902942,Strozzigasse,20,348409
2026-01-23T02:11:33.902942,Strozzigasse,20,348312
2026-01-23T02:11:33.902942,Strozzigasse,20,348274
2026-01-23T02:11:33.902942,Strozzigasse,20,348624
2026-01-23T02:11:33.902942,Yppengasse,34,345404
2026-01-23T02:11:33.902942,Yppengasse,34,345140
2026-01-23T02:11:33.902942,Yppengasse,34,345138
2026-01-23T02:11:33.902942,Yppengasse,34,345101
2026-01-23T02:11:33.902942,Yppengasse,34,345062
2026-01-23T02:11:33.902942,Yppengasse,34,345748
2026-01-23T02:11:33.902942,Yppengasse,34,345669
2026-01-23T02:11:33.902942,Yppengasse,34,345553
2026-01-23T02:11:33.902942,Yppengasse,34,346404
2026-01-23T02:11:33.902942,Yppengasse,34,346399
2026-01-23T02:11:33.902942,Yppengasse,34,346291
2026-01-23T02:11:33.902942,Yppengasse,34,346235
2026-01-23T02:11:33.902942,Yppengasse,34,346200
2026-01-23T02:11:33.902942,Yppengasse,34,346191
2026-01-23T02:11:33.902942,Yppengasse,34,346183
2026-01-23T02:11:33.902942,Yppengasse,34,346602
2026-01-23T02:11:33.902942,Yppengasse,34,347490
2026-01-23T02:11:33.902942,Yppengasse,34,347489
2026-01-23T02:11:33.902942,Yppengasse,34,347303
2026-01-23T02:11:33.902942,Yppengasse,34,347236
2026-01-23T02:11:33.902942,Yppengasse,34,347229
2026-01-23T02:11:33.902942,Yppengasse,34,347129
2026-01-23T02:11:33.902942,Yppengasse,34,347980
2026-01-23T02:11:33.902942,Yppengasse,34,347960
2026-01-23T02:11:33.902942,Yppengasse,34,347706
2026-01-23T02:11:33.902942,Yppengasse,34,347681
2026-01-23T02:11:33.902942,Yppengasse,34,347646
2026-01-23T02:11:33.902942,Yppengasse,34,347603
2026-01-23T02:11:33.902942,Yppengasse,34,347544
2026-01-23T02:11:33.902942,Yppengasse,34,348454
2026-01-23T02:11:33.902942,Yppengasse,34,348415
2026-01-23T02:11:33.902942,Yppengasse,34,348300
2026-01-23T02:11:33.902942,Yppengasse,34,348616
2026-01-23T02:11:33.902942,Yppengasse,34,398749
2026-01-23T02:11:33.902942,Stefan-Fadinger-Platz,15,345210
2026-01-23T02:11:33.902942,Stefan-Fadinger-Platz,15,345185
2026-01-23T02:11:33.902942,Stefan-Fadinger-Platz,15,345102
2026-01-23T02:11:33.902942,Stefan-Fadinger-Platz,15,345616
2026-01-23T02:11:33.902942,Stefan-Fadinger-Platz,15,346477
2026-01-23T02:11:33.902942,Stefan-Fadinger-Platz,15,346415
2026-01-23T02:11:33.902942,Stefan-Fadinger-Platz,15,346905
2026-01-23T02:11:33.902942,Stefan-Fadinger-Platz,15,346877
2026-01-23T02:11:33.902942,Stefan-Fadinger-Platz,15,346609
2026-01-23T02:11:33.902942,Stefan-Fadinger-Platz,15,347329
2026-01-23T02:11:33.902942,Stefan-Fadinger-Platz,15,347164
2026-01-23T02:11:33.902942,Stefan-Fadinger-Platz,15,347780
2026-01-23T02:11:33.902942,Stefan-Fadinger-Platz,15,347595
2026-01-23T02:11:33.902942,Stefan-Fadinger-Platz,15,348470
2026-01-23T02:11:33.902942,Stefan-Fadinger-Platz,15,348524
2026-01-23T02:11:33.902942,Brünnlbadgasse,7,345286
2026-01-23T02:11:33.902942,Brünnlbadgasse,7,345796
2026-01-23T02:11:33.902942,Brünnlbadgasse,7,345744
2026-01-23T02:11:33.902942,Brünnlbadgasse,7,347039
2026-01-23T02:11:33.902942,Brünnlbadgasse,7,347580
2026-01-23T02:11:33.902942,Brünnlbadgasse,7,398726
2026-01-23T02:11:33.902942,Brünnlbadgasse,7,348877
2026-01-23T02:11:33.902942,Obere Augartenstraße,18,345298
2026-01-23T02:11:33.902942,Obere Augartenstraße,18,345136
2026-01-23T02:11:33.902942,Obere Augartenstraße,18,345030
2026-01-23T02:11:33.902942,Obere Augartenstraße,18,345929
2026-01-23T02:11:33.902942,Obere Augartenstraße,18,345914
2026-01-23T02:11:33.902942,Obere Augartenstraße,18,345819
2026-01-23T02:11:33.902942,Obere Augartenstraße,18,345631
2026-01-23T02:11:33.902942,Obere Augartenstraße,18,346445
2026-01-23T02:11:33.902942,Obere Augartenstraße,18,346405
2026-01-23T02:11:33.902942,Obere Augartenstraße,18,346198
2026-01-23T02:11:33.902942,Obere Augartenstraße,18,347289
2026-01-23T02:11:33.902942,Obere Augartenstraße,18,347231
2026-01-23T02:11:33.902942,Obere Augartenstraße,18,347993
2026-01-23T02:11:33.902942,Obere Augartenstraße,18,347880
2026-01-23T02:11:33.902942,Obere Augartenstraße,18,347808
2026-01-23T02:11:33.902942,Obere Augartenstraße,18,348418
2026-01-23T02:11:33.902942,Obere Augartenstraße,18,348608
2026-01-23T02:11:33.902942,Obere Augartenstraße,18,348995
2026-01-23T02:11:33.902942,Gußhausstraße / Argentinierstraße,8,345988
2026-01-23T02:11:33.902942,Gußhausstraße / Argentinierstraße,8,346713
2026-01-23T02:11:33.902942,Gußhausstraße / Argentinierstraße,8,347957
2026-01-23T02:11:33.902942,Gußhausstraße / Argentinierstraße,8,348553
2026-01-23T02:11:33.902942,Gußhausstraße / Argentinierstraße,8,398843
2026-01-23T02:11:33.902942,Gußhausstraße / Argentinierstraße,8,348982
2026-01-23T02:11:33.902942,Gußhausstraße / Argentinierstraße,8,348957
2026-01-23T02:11:33.902942,Gußhausstraße / Argentinierstraße,8,349164
2026-01-23T02:11:33.902942,Marschallplatz,9,345212
2026-01-23T02:11:33.902942,Marschallplatz,9,345981
2026-01-23T02:11:33.902942,Marschallplatz,9,345561
2026-01-23T02:11:33.902942,Marschallplatz,9,345542
2026-01-23T02:11:33.902942,Marschallplatz,9,346221
2026-01-23T02:11:33.902942,Marschallplatz,9,347466
2026-01-23T02:11:33.902942,Marschallplatz,9,348626
2026-01-23T02:11:33.902942,Marschallplatz,9,348583
2026-01-23T02:11:33.902942,Marschallplatz,9,348823
2026-01-23T02:11:33.902942,Ober St. Veit U,11,345418
2026-01-23T02:11:33.902942,Ober St. Veit U,11,345866
2026-01-23T02:11:33.902942,Ober St. Veit U,11,347290
2026-01-23T02:11:33.902942,Ober St. Veit U,11,347133
2026-01-23T02:11:33.902942,Ober St. Veit U,11,347114
2026-01-23T02:11:33.902942,Ober St. Veit U,11,347104
2026-01-23T02:11:33.902942,Ober St. Veit U,11,347853
2026-01-23T02:11:33.902942,Ober St. Veit U,11,347814
2026-01-23T02:11:33.902942,Ober St. Veit U,11,347687
2026-01-23T02:11:33.902942,Ober St. Veit U,11,347617
2026-01-23T02:11:33.902942,Ober St. Veit U,11,348448
2026-01-23T02:11:33.902942,Auf der Schmelz,21,345489
2026-01-23T02:11:33.902942,Auf der Schmelz,21,345432
2026-01-23T02:11:33.902942,Auf der Schmelz,21,345240
2026-01-23T02:11:33.902942,Auf der Schmelz,21,345107
2026-01-23T02:11:33.902942,Auf der Schmelz,21,345099
2026-01-23T02:11:33.902942,Auf der Schmelz,21,345921
2026-01-23T02:11:33.902942,Auf der Schmelz,21,345762
2026-01-23T02:11:33.902942,Auf der Schmelz,21,345619
2026-01-23T02:11:33.902942,Auf der Schmelz,21,346387
2026-01-23T02:11:33.902942,Auf der Schmelz,21,346929
2026-01-23T02:11:33.902942,Auf der Schmelz,21,346723
2026-01-23T02:11:33.902942,Auf der Schmelz,21,347468
2026-01-23T02:11:33.902942,Auf der Schmelz,21,347467
2026-01-23T02:11:33.902942,Auf der Schmelz,21,347447
2026-01-23T02:11:33.902942,Auf der Schmelz,21,347275
2026-01-23T02:11:33.902942,Auf der Schmelz,21,347057
2026-01-23T02:11:33.902942,Auf der Schmelz,21,347812
2026-01-23T02:11:33.902942,Auf der Schmelz,21,348422
2026-01-23T02:11:33.902942,Auf der Schmelz,21,348363
2026-01-23T02:11:33.902942,Auf der Schmelz,21,348264
2026-01-23T02:11:33.902942,Auf der Schmelz,21,349193
2026-01-23T02:11:33.902942,Grimmgasse,13,345496
2026-01-23T02:11:33.902942,Grimmgasse,13,345805
2026-01-23T02:11:33.902942,Grimmgasse,13,345776
2026-01-23T02:11:33.902942,Grimmgasse,13,346175
2026-01-23T02:11:33.902942,Grimmgasse,13,346012
2026-01-23T02:11:33.902942,Grimmgasse,13,346998
2026-01-23T02:11:33.902942,Grimmgasse,13,346900
2026-01-23T02:11:33.902942,Grimmgasse,13,347374
2026-01-23T02:11:33.902942,Grimmgasse,13,347298
2026-01-23T02:11:33.902942,Grimmgasse,13,347954
2026-01-23T02:11:33.902942,Grimmgasse,13,348388
2026-01-23T02:11:33.902942,Grimmgasse,13,348544
2026-01-23T02:11:33.902942,Grimmgasse,13,398867
2026-01-23T02:11:33.902942,Parhamerplatz,33,345357
2026-01-23T02:11:33.902942,Parhamerplatz,33,345348
2026-01-23T02:11:33.902942,Parhamerplatz,33,345269
2026-01-23T02:11:33.902942,Parhamerplatz,33,345214
2026-01-23T02:11:33.902942,Parhamerplatz,33,345095
2026-01-23T02:11:33.902942,Parhamerplatz,33,345084
2026-01-23T02:11:33.902942,Parhamerplatz,33,345074
2026-01-23T02:11:33.902942,Parhamerplatz,33,345052
2026-01-23T02:11:33.902942,Parhamerplatz,33,345976
2026-01-23T02:11:33.902942,Parhamerplatz,33,345881
2026-01-23T02:11:33.902942,Parhamerplatz,33,345849
2026-01-23T02:11:33.902942,Parhamerplatz,33,345807
2026-01-23T02:11:33.902942,Parhamerplatz,33,345768
2026-01-23T02:11:33.902942,Parhamerplatz,33,345687
2026-01-23T02:11:33.902942,Parhamerplatz,33,346475
2026-01-23T02:11:33.902942,Parhamerplatz,33,346210
2026-01-23T02:11:33.902942,Parhamerplatz,33,346105
2026-01-23T02:11:33.902942,Parhamerplatz,33,346994
2026-01-23T02:11:33.902942,Parhamerplatz,33,346957
2026-01-23T02:11:33.902942,Parhamerplatz,33,346861
2026-01-23T02:11:33.902942,Parhamerplatz,33,346778
2026-01-23T02:11:33.902942,Parhamerplatz,33,346569
2026-01-23T02:11:33.902942,Parhamerplatz,33,347906
2026-01-23T02:11:33.902942,Parhamerplatz,33,347884
2026-01-23T02:11:33.902942,Parhamerplatz,33,347863
2026-01-23T02:11:33.902942,Parhamerplatz,33,347791
2026-01-23T02:11:33.902942,Parhamerplatz,33,347786
2026-01-23T02:11:33.902942,Parhamerplatz,33,347650
2026-01-23T02:11:33.902942,Parhamerplatz,33,348379
2026-01-23T02:11:33.902942,Parhamerplatz,33,348289
2026-01-23T02:11:33.902942,Parhamerplatz,33,348255
2026-01-23T02:11:33.902942,Parhamerplatz,33,348588
2026-01-23T02:11:33.902942,Parhamerplatz,33,398730
2026-01-23T02:11:33.902942,Kendlerstraße U,15,345081
2026-01-23T02:11:33.902942,Kendlerstraße U,15,345959
2026-01-23T02:11:33.902942,Kendlerstraße U,15,345694
2026-01-23T02:11:33.902942,Kendlerstraße U,15,345622
2026-01-23T02:11:33.902942,Kendlerstraße U,15,345531
2026-01-23T02:11:33.902942,Kendlerstraße U,15,346641
2026-01-23T02:11:33.902942,Kendlerstraße U,15,347024
2026-01-23T02:11:33.902942,Kendlerstraße U,15,347858
2026-01-23T02:11:33.902942,Kendlerstraße U,15,348375
2026-01-23T02:11:33.902942,Kendlerstraße U,15,348311
2026-01-23T02:11:33.902942,Kendlerstraße U,15,348261
2026-01-23T02:11:33.902942,Kendlerstraße U,15,348187
2026-01-23T02:11:33.902942,Kendlerstraße U,15,398825
2026-01-23T02:11:33.902942,Kendlerstraße U,15,348972
2026-01-23T02:11:33.902942,Kendlerstraße U,15,349116
2026-01-23T02:11:33.902942,Dornerplatz,31,345479
2026-01-23T02:11:33.902942,Dornerplatz,31,345434
2026-01-23T02:11:33.902942,Dornerplatz,31,345425
2026-01-23T02:11:33.902942,Dornerplatz,31,345335
2026-01-23T02:11:33.902942,Dornerplatz,31,345259
2026-01-23T02:11:33.902942,Dornerplatz,31,345246
2026-01-23T02:11:33.902942,Dornerplatz,31,345228
2026-01-23T02:11:33.902942,Dornerplatz,31,345675
2026-01-23T02:11:33.902942,Dornerplatz,31,345658
2026-01-23T02:11:33.902942,Dornerplatz,31,345584
2026-01-23T02:11:33.902942,Dornerplatz,31,346462
2026-01-23T02:11:33.902942,Dornerplatz,31,346344
2026-01-23T02:11:33.902942,Dornerplatz,31,346289
2026-01-23T02:11:33.902942,Dornerplatz,31,346044
2026-01-23T02:11:33.902942,Dornerplatz,31,346985
2026-01-23T02:11:33.902942,Dornerplatz,31,346738
2026-01-23T02:11:33.902942,Dornerplatz,31,346704
2026-01-23T02:11:33.902942,Dornerplatz,31,346626
2026-01-23T02:11:33.902942,Dornerplatz,31,346509
2026-01-23T02:11:33.902942,Dornerplatz,31,347342
2026-01-23T02:11:33.902942,Dornerplatz,31,347252
2026-01-23T02:11:33.902942,Dornerplatz,31,347224
2026-01-23T02:11:33.902942,Dornerplatz,31,347123
2026-01-23T02:11:33.902942,Dornerplatz,31,347778
2026-01-23T02:11:33.902942,Dornerplatz,31,347746
2026-01-23T02:11:33.902942,Dornerplatz,31,347600
2026-01-23T02:11:33.902942,Dornerplatz,31,348236
2026-01-23T02:11:33.902942,Dornerplatz,31,348107
2026-01-23T02:11:33.902942,Dornerplatz,31,348577
2026-01-23T02:11:33.902942,Dornerplatz,31,348888
2026-01-23T02:11:33.902942,Dornerplatz,31,349158
2026-01-23T02:11:33.902942,Hernals S,11,345589
2026-01-23T02:11:33.902942,Hernals S,11,346479
2026-01-23T02:11:33.902942,Hernals S,11,346319
2026-01-23T02:11:33.902942,Hernals S,11,346229
2026-01-23T02:11:33.902942,Hernals S,11,346129
2026-01-23T02:11:33.902942,Hernals S,11,347041
2026-01-23T02:11:33.902942,Hernals S,11,347020
2026-01-23T02:11:33.902942,Hernals S,11,347788
2026-01-23T02:11:33.902942,Hernals S,11,347772
2026-01-23T02:11:33.902942,Hernals S,11,348089
2026-01-23T02:11:33.902942,Hernals S,11,348015
2026-01-23T02:11:33.902942,Schmelzbrücke,16,345429
2026-01-23T02:11:33.902942,Schmelzbrücke,16,345235
2026-01-23T02:11:33.902942,Schmelzbrücke,16,345096
2026-01-23T02:11:33.902942,Schmelzbrücke,16,346425
2026-01-23T02:11:33.902942,Schmelzbrücke,16,346932
2026-01-23T02:11:33.902942,Schmelzbrücke,16,346517
2026-01-23T02:11:33.902942,Schmelzbrücke,16,347480
2026-01-23T02:11:33.902942,Schmelzbrücke,16,347299
2026-01-23T02:11:33.902942,Schmelzbrücke,16,347242
2026-01-23T02:11:33.902942,Schmelzbrücke,16,347155
2026-01-23T02:11:33.902942,Schmelzbrücke,16,347642
2026-01-23T02:11:33.902942,Schmelzbrücke,16,348425
2026-01-23T02:11:33.902942,Schmelzbrücke,16,348424
2026-01-23T02:11:33.902942,Schmelzbrücke,16,348405
2026-01-23T02:11:33.902942,Schmelzbrücke,16,348065
2026-01-23T02:11:33.902942,Schmelzbrücke,16,398801
2026-01-23T02:11:33.902942,Michelbeuern-AKH U,28,345497
2026-01-23T02:11:33.902942,Michelbeuern-AKH U,28,345962
2026-01-23T02:11:33.902942,Michelbeuern-AKH U,28,345918
2026-01-23T02:11:33.902942,Michelbeuern-AKH U,28,345911
2026-01-23T02:11:33.902942,Michelbeuern-AKH U,28,345609
2026-01-23T02:11:33.902942,Michelbeuern-AKH U,28,346324
2026-01-23T02:11:33.902942,Michelbeuern-AKH U,28,346204
2026-01-23T02:11:33.902942,Michelbeuern-AKH U,28,346192
2026-01-23T02:11:33.902942,Michelbeuern-AKH U,28,346088
2026-01-23T02:11:33.902942,Michelbeuern-AKH U,28,346050
2026-01-23T02:11:33.902942,Michelbeuern-AKH U,28,346720
2026-01-23T02:11:33.902942,Michelbeuern-AKH U,28,346514
2026-01-23T02:11:33.902942,Michelbeuern-AKH U,28,347347
2026-01-23T02:11:33.902942,Michelbeuern-AKH U,28,347751
2026-01-23T02:11:33.902942,Michelbeuern-AKH U,28,347545
2026-01-23T02:11:33.902942,Michelbeuern-AKH U,28,347535
2026-01-23T02:11:33.902942,Michelbeuern-AKH U,28,347522
2026-01-23T02:11:33.902942,Michelbeuern-AKH U,28,348498
2026-01-23T02:11:33.902942,Michelbeuern-AKH U,28,348327
2026-01-23T02:11:33.902942,Michelbeuern-AKH U,28,348309
2026-01-23T02:11:33.902942,Michelbeuern-AKH U,28,348166
2026-01-23T02:11:33.902942,Michelbeuern-AKH U,28,348122
2026-01-23T02:11:33.902942,Michelbeuern-AKH U,28,348018
2026-01-23T02:11:33.902942,Michelbeuern-AKH U,28,348688
2026-01-23T02:11:33.902942,Michelbeuern-AKH U,28,348684
2026-01-23T02:11:33.902942,Michelbeuern-AKH U,28,398717
2026-01-23T02:11:33.902942,Michelbeuern-AKH U,28,349000
2026-01-23T02:11:33.902942,Michelbeuern-AKH U,28,348988
2026-01-23T02:11:33.902942,Johann-Nepomuk-Vogl-Platz,19,345317
2026-01-23T02:11:33.902942,Johann-Nepomuk-Vogl-Platz,19,345139
2026-01-23T02:11:33.902942,Johann-Nepomuk-Vogl-Platz,19,346357
2026-01-23T02:11:33.902942,Johann-Nepomuk-Vogl-Platz,19,346343
2026-01-23T02:11:33.902942,Johann-Nepomuk-Vogl-Platz,19,346251
2026-01-23T02:11:33.902942,Johann-Nepomuk-Vogl-Platz,19,347803
2026-01-23T02:11:33.902942,Johann-Nepomuk-Vogl-Platz,19,347718
2026-01-23T02:11:33.902942,Johann-Nepomuk-Vogl-Platz,19,347686
2026-01-23T02:11:33.902942,Johann-Nepomuk-Vogl-Platz,19,348436
2026-01-23T02:11:33.902942,Johann-Nepomuk-Vogl-Platz,19,348191
2026-01-23T02:11:33.902942,Johann-Nepomuk-Vogl-Platz,19,348008
2026-01-23T02:11:33.902942,Johann-Nepomuk-Vogl-Platz,19,348587
2026-01-23T02:11:33.902942,Johann-Nepomuk-Vogl-Platz,19,398860
2026-01-23T02:11:33.902942,Johann-Nepomuk-Vogl-Platz,19,398727
2026-01-23T02:11:33.902942,Johann-Nepomuk-Vogl-Platz,19,349028
2026-01-23T02:11:33.902942,Johann-Nepomuk-Vogl-Platz,19,348939
2026-01-23T02:11:33.902942,Johann-Nepomuk-Vogl-Platz,19,348897
2026-01-23T02:11:33.902942,Johann-Nepomuk-Vogl-Platz,19,348835
2026-01-23T02:11:33.902942,Johann-Nepomuk-Vogl-Platz,19,348827
2026-01-23T02:11:33.902942,Mayerhofgasse,3,345328
2026-01-23T02:11:33.902942,Mayerhofgasse,3,346621
2026-01-23T02:11:33.902942,Mayerhofgasse,3,348643
2026-01-23T02:11:33.902942,Westbahnstraße / Schottenfeldgasse,3,345823
2026-01-23T02:11:33.902942,Westbahnstraße / Schottenfeldgasse,3,347367
2026-01-23T02:11:33.902942,Westbahnstraße / Schottenfeldgasse,3,349146
2026-01-23T02:11:33.902942,Vorgartenstraße U,18,345928
2026-01-23T02:11:33.902942,Vorgartenstraße U,18,345909
2026-01-23T02:11:33.902942,Vorgartenstraße U,18,345637
2026-01-23T02:11:33.902942,Vorgartenstraße U,18,345532
2026-01-23T02:11:33.902942,Vorgartenstraße U,18,346259
2026-01-23T02:11:33.902942,Vorgartenstraße U,18,346233
2026-01-23T02:11:33.902942,Vorgartenstraße U,18,346160
2026-01-23T02:11:33.902942,Vorgartenstraße U,18,346013
2026-01-23T02:11:33.902942,Vorgartenstraße U,18,346968
2026-01-23T02:11:33.902942,Vorgartenstraße U,18,346779
2026-01-23T02:11:33.902942,Vorgartenstraße U,18,347443
2026-01-23T02:11:33.902942,Vorgartenstraße U,18,347073
2026-01-23T02:11:33.902942,Vorgartenstraße U,18,347752
2026-01-23T02:11:33.902942,Vorgartenstraße U,18,347613
2026-01-23T02:11:33.902942,Vorgartenstraße U,18,347511
2026-01-23T02:11:33.902942,Vorgartenstraße U,18,347508
2026-01-23T02:11:33.902942,Vorgartenstraße U,18,348010
2026-01-23T02:11:33.902942,Vorgartenstraße U,18,348885
2026-01-23T02:11:33.902942,Krieau U,15,345192
2026-01-23T02:11:33.902942,Krieau U,15,345144
2026-01-23T02:11:33.902942,Krieau U,15,345038
2026-01-23T02:11:33.902942,Krieau U,15,345007
2026-01-23T02:11:33.902942,Krieau U,15,345906
2026-01-23T02:11:33.902942,Krieau U,15,346741
2026-01-23T02:11:33.902942,Krieau U,15,346596
2026-01-23T02:11:33.902942,Krieau U,15,346587
2026-01-23T02:11:33.902942,Krieau U,15,347107
2026-01-23T02:11:33.902942,Krieau U,15,347800
2026-01-23T02:11:33.902942,Krieau U,15,347566
2026-01-23T02:11:33.902942,Krieau U,15,348421
2026-01-23T02:11:33.902942,Krieau U,15,348076
2026-01-23T02:11:33.902942,Krieau U,15,348067
2026-01-23T02:11:33.902942,Krieau U,15,349141
2026-01-23T02:11:33.902942,Ottakring S U,30,345474
2026-01-23T02:11:33.902942,Ottakring S U,30,345412
2026-01-23T02:11:33.902942,Ottakring S U,30,345078
2026-01-23T02:11:33.902942,Ottakring S U,30,345060
2026-01-23T02:11:33.902942,Ottakring S U,30,345986
2026-01-23T02:11:33.902942,Ottakring S U,30,345857
2026-01-23T02:11:33.902942,Ottakring S U,30,345707
2026-01-23T02:11:33.902942,Ottakring S U,30,345556
2026-01-23T02:11:33.902942,Ottakring S U,30,346414
2026-01-23T02:11:33.902942,Ottakring S U,30,346400
2026-01-23T02:11:33.902942,Ottakring S U,30,346977
2026-01-23T02:11:33.902942,Ottakring S U,30,346974
2026-01-23T02:11:33.902942,Ottakring S U,30,346913
2026-01-23T02:11:33.902942,Ottakring S U,30,346844
2026-01-23T02:11:33.902942,Ottakring S U,30,346823
2026-01-23T02:11:33.902942,Ottakring S U,30,346766
2026-01-23T02:11:33.902942,Ottakring S U,30,346737
2026-01-23T02:11:33.902942,Ottakring S U,30,346677
2026-01-23T02:11:33.902942,Ottakring S U,30,346614
2026-01-23T02:11:33.902942,Ottakring S U,30,347382
2026-01-23T02:11:33.902942,Ottakring S U,30,347325
2026-01-23T02:11:33.902942,Ottakring S U,30,347198
2026-01-23T02:11:33.902942,Ottakring S U,30,347115
2026-01-23T02:11:33.902942,Ottakring S U,30,347081
2026-01-23T02:11:33.902942,Ottakring S U,30,347691
2026-01-23T02:11:33.902942,Ottakring S U,30,347554
2026-01-23T02:11:33.902942,Ottakring S U,30,347520
2026-01-23T02:11:33.902942,Ottakring S U,30,348361
2026-01-23T02:11:33.902942,Ottakring S U,30,348149
2026-01-23T02:11:33.902942,Ottakring S U,30,398795
2026-01-23T02:11:33.902942,Hartmanngasse ,9,345066
2026-01-23T02:11:33.902942,Hartmanngasse ,9,345808
2026-01-23T02:11:33.902942,Hartmanngasse ,9,346093
2026-01-23T02:11:33.902942,Hartmanngasse ,9,347421
2026-01-23T02:11:33.902942,Hartmanngasse ,9,347064
2026-01-23T02:11:33.902942,Hartmanngasse ,9,347872
2026-01-23T02:11:33.902942,Hartmanngasse ,9,347729
2026-01-23T02:11:33.902942,Hartmanngasse ,9,348651
2026-01-23T02:11:33.902942,Hartmanngasse ,9,348546
2026-01-23T02:11:33.902942,Nestroyplatz U,8,345314
2026-01-23T02:11:33.902942,Nestroyplatz U,8,345249
2026-01-23T02:11:33.902942,Nestroyplatz U,8,346424
2026-01-23T02:11:33.902942,Nestroyplatz U,8,346219
2026-01-23T02:11:33.902942,Nestroyplatz U,8,346047
2026-01-23T02:11:33.902942,Nestroyplatz U,8,346906
2026-01-23T02:11:33.902942,Nestroyplatz U,8,346600
2026-01-23T02:11:33.902942,Nestroyplatz U,8,349127
2026-01-23T02:11:33.902942,Messe-Prater U,31,345771
2026-01-23T02:11:33.902942,Messe-Prater U,31,346430
2026-01-23T02:11:33.902942,Messe-Prater U,31,346248
2026-01-23T02:11:33.902942,Messe-Prater U,31,346197
2026-01-23T02:11:33.902942,Messe-Prater U,31,346136
2026-01-23T02:11:33.902942,Messe-Prater U,31,346001
2026-01-23T02:11:33.902942,Messe-Prater U,31,346792
2026-01-23T02:11:33.902942,Messe-Prater U,31,346671
2026-01-23T02:11:33.902942,Messe-Prater U,31,346642
2026-01-23T02:11:33.902942,Messe-Prater U,31,347314
2026-01-23T02:11:33.902942,Messe-Prater U,31,347287
2026-01-23T02:11:33.902942,Messe-Prater U,31,347151
2026-01-23T02:11:33.902942,Messe-Prater U,31,347147
2026-01-23T02:11:33.902942,Messe-Prater U,31,347136
2026-01-23T02:11:33.902942,Messe-Prater U,31,347922
2026-01-23T02:11:33.902942,Messe-Prater U,31,347796
2026-01-23T02:11:33.902942,Messe-Prater U,31,347709
2026-01-23T02:11:33.902942,Messe-Prater U,31,347601
2026-01-23T02:11:33.902942,Messe-Prater U,31,347512
2026-01-23T02:11:33.902942,Messe-Prater U,31,348429
2026-01-23T02:11:33.902942,Messe-Prater U,31,348428
2026-01-23T02:11:33.902942,Messe-Prater U,31,348208
2026-01-23T02:11:33.902942,Messe-Prater U,31,348128
2026-01-23T02:11:33.902942,Messe-Prater U,31,348648
2026-01-23T02:11:33.902942,Messe-Prater U,31,348585
2026-01-23T02:11:33.902942,Messe-Prater U,31,349019
2026-01-23T02:11:33.902942,Messe-Prater U,31,349009
2026-01-23T02:11:33.902942,Messe-Prater U,31,348978
2026-01-23T02:11:33.902942,Messe-Prater U,31,348956
2026-01-23T02:11:33.902942,Messe-Prater U,31,349181
2026-01-23T02:11:33.902942,Messe-Prater U,31,349176
2026-01-23T02:11:33.902942,Loquaiplatz,18,345499
2026-01-23T02:11:33.902942,Loquaiplatz,18,345835
2026-01-23T02:11:33.902942,Loquaiplatz,18,345733
2026-01-23T02:11:33.902942,Loquaiplatz,18,346418
2026-01-23T02:11:33.902942,Loquaiplatz,18,346322
2026-01-23T02:11:33.902942,Loquaiplatz,18,346145
2026-01-23T02:11:33.902942,Loquaiplatz,18,346143
2026-01-23T02:11:33.902942,Loquaiplatz,18,346069
2026-01-23T02:11:33.902942,Loquaiplatz,18,346744
2026-01-23T02:11:33.902942,Loquaiplatz,18,347362
2026-01-23T02:11:33.902942,Loquaiplatz,18,347128
2026-01-23T02:11:33.902942,Loquaiplatz,18,347953
2026-01-23T02:11:33.902942,Loquaiplatz,18,347748
2026-01-23T02:11:33.902942,Loquaiplatz,18,347662
2026-01-23T02:11:33.902942,Loquaiplatz,18,348350
2026-01-23T02:11:33.902942,Loquaiplatz,18,348665
2026-01-23T02:11:33.902942,Loquaiplatz,18,348539
2026-01-23T02:11:33.902942,Loquaiplatz,18,348536
2026-01-23T02:11:33.902942,Rosensteingasse,29,345472
2026-01-23T02:11:33.902942,Rosensteingasse,29,345292
2026-01-23T02:11:33.902942,Rosensteingasse,29,345993
2026-01-23T02:11:33.902942,Rosensteingasse,29,345979
2026-01-23T02:11:33.902942,Rosensteingasse,29,345955
2026-01-23T02:11:33.902942,Rosensteingasse,29,345848
2026-01-23T02:11:33.902942,Rosensteingasse,29,345788
2026-01-23T02:11:33.902942,Rosensteingasse,29,345775
2026-01-23T02:11:33.902942,Rosensteingasse,29,345668
2026-01-23T02:11:33.902942,Rosensteingasse,29,345663
2026-01-23T02:11:33.902942,Rosensteingasse,29,345545
2026-01-23T02:11:33.902942,Rosensteingasse,29,345517
2026-01-23T02:11:33.902942,Rosensteingasse,29,346444
2026-01-23T02:11:33.902942,Rosensteingasse,29,346139
2026-01-23T02:11:33.902942,Rosensteingasse,29,346133
2026-01-23T02:11:33.902942,Rosensteingasse,29,346066
2026-01-23T02:11:33.902942,Rosensteingasse,29,346943
2026-01-23T02:11:33.902942,Rosensteingasse,29,346531
2026-01-23T02:11:33.902942,Rosensteingasse,29,347476
2026-01-23T02:11:33.902942,Rosensteingasse,29,347941
2026-01-23T02:11:33.902942,Rosensteingasse,29,347689
2026-01-23T02:11:33.902942,Rosensteingasse,29,348391
2026-01-23T02:11:33.902942,Rosensteingasse,29,348370
2026-01-23T02:11:33.902942,Rosensteingasse,29,348369
2026-01-23T02:11:33.902942,Rosensteingasse,29,348317
2026-01-23T02:11:33.902942,Rosensteingasse,29,348215
2026-01-23T02:11:33.902942,Rosensteingasse,29,348628
2026-01-23T02:11:33.902942,Rosensteingasse,29,348557
2026-01-23T02:11:33.902942,Rosensteingasse,29,348858
2026-01-23T02:11:33.902942,Gumpendorfer Gürtel,15,345446
2026-01-23T02:11:33.902942,Gumpendorfer Gürtel,15,345371
2026-01-23T02:11:33.902942,Gumpendorfer Gürtel,15,345338
2026-01-23T02:11:33.902942,Gumpendorfer Gürtel,15,345737
2026-01-23T02:11:33.902942,Gumpendorfer Gürtel,15,345651
2026-01-23T02:11:33.902942,Gumpendorfer Gürtel,15,346117
2026-01-23T02:11:33.902942,Gumpendorfer Gürtel,15,346087
2026-01-23T02:11:33.902942,Gumpendorfer Gürtel,15,346959
2026-01-23T02:11:33.902942,Gumpendorfer Gürtel,15,347473
2026-01-23T02:11:33.902942,Gumpendorfer Gürtel,15,347184
2026-01-23T02:11:33.902942,Gumpendorfer Gürtel,15,347532
2026-01-23T02:11:33.902942,Gumpendorfer Gürtel,15,348458
2026-01-23T02:11:33.902942,Gumpendorfer Gürtel,15,348434
2026-01-23T02:11:33.902942,Gumpendorfer Gürtel,15,349020
2026-01-23T02:11:33.902942,Gumpendorfer Gürtel,15,348918
2026-01-23T02:11:33.902942,Burggasse-Stadthalle U,14,345197
2026-01-23T02:11:33.902942,Burggasse-Stadthalle U,14,345162
2026-01-23T02:11:33.902942,Burggasse-Stadthalle U,14,345146
2026-01-23T02:11:33.902942,Burggasse-Stadthalle U,14,345843
2026-01-23T02:11:33.902942,Burggasse-Stadthalle U,14,346468
2026-01-23T02:11:33.902942,Burggasse-Stadthalle U,14,346208
2026-01-23T02:11:33.902942,Burggasse-Stadthalle U,14,346055
2026-01-23T02:11:33.902942,Burggasse-Stadthalle U,14,346627
2026-01-23T02:11:33.902942,Burggasse-Stadthalle U,14,346613
2026-01-23T02:11:33.902942,Burggasse-Stadthalle U,14,347049
2026-01-23T02:11:33.902942,Burggasse-Stadthalle U,14,348334
2026-01-23T02:11:33.902942,Burggasse-Stadthalle U,14,348321
2026-01-23T02:11:33.902942,Burggasse-Stadthalle U,14,348292
2026-01-23T02:11:33.902942,Burggasse-Stadthalle U,14,349118
2026-01-23T02:11:33.902942,Urban-Loritz-Platz,22,345336
2026-01-23T02:11:33.902942,Urban-Loritz-Platz,22,345201
2026-01-23T02:11:33.902942,Urban-Loritz-Platz,22,345132
2026-01-23T02:11:33.902942,Urban-Loritz-Platz,22,345086
2026-01-23T02:11:33.902942,Urban-Loritz-Platz,22,345957
2026-01-23T02:11:33.902942,Urban-Loritz-Platz,22,345664
2026-01-23T02:11:33.902942,Urban-Loritz-Platz,22,346297
2026-01-23T02:11:33.902942,Urban-Loritz-Platz,22,346256
2026-01-23T02:11:33.902942,Urban-Loritz-Platz,22,346884
2026-01-23T02:11:33.902942,Urban-Loritz-Platz,22,346883
2026-01-23T02:11:33.902942,Urban-Loritz-Platz,22,346548
2026-01-23T02:11:33.902942,Urban-Loritz-Platz,22,346524
2026-01-23T02:11:33.902942,Urban-Loritz-Platz,22,347446
2026-01-23T02:11:33.902942,Urban-Loritz-Platz,22,347987
2026-01-23T02:11:33.902942,Urban-Loritz-Platz,22,347529
2026-01-23T02:11:33.902942,Urban-Loritz-Platz,22,348301
2026-01-23T02:11:33.902942,Urban-Loritz-Platz,22,348710
2026-01-23T02:11:33.902942,Urban-Loritz-Platz,22,348606
2026-01-23T02:11:33.902942,Urban-Loritz-Platz,22,348529
2026-01-23T02:11:33.902942,Urban-Loritz-Platz,22,348518
2026-01-23T02:11:33.902942,Urban-Loritz-Platz,22,349023
2026-01-23T02:11:33.902942,Urban-Loritz-Platz,22,398868
2026-01-23T02:11:33.902942,Hanusch Krankenhaus,17,345468
2026-01-23T02:11:33.902942,Hanusch Krankenhaus,17,345001
2026-01-23T02:11:33.902942,Hanusch Krankenhaus,17,345938
2026-01-23T02:11:33.902942,Hanusch Krankenhaus,17,345815
2026-01-23T02:11:33.902942,Hanusch Krankenhaus,17,345611
2026-01-23T02:11:33.902942,Hanusch Krankenhaus,17,346255
2026-01-23T02:11:33.902942,Hanusch Krankenhaus,17,346025
2026-01-23T02:11:33.902942,Hanusch Krankenhaus,17,346955
2026-01-23T02:11:33.902942,Hanusch Krankenhaus,17,346878
2026-01-23T02:11:33.902942,Hanusch Krankenhaus,17,347150
2026-01-23T02:11:33.902942,Hanusch Krankenhaus,17,347927
2026-01-23T02:11:33.902942,Hanusch Krankenhaus,17,347902
2026-01-23T02:11:33.902942,Hanusch Krankenhaus,17,348156
2026-01-23T02:11:33.902942,Hanusch Krankenhaus,17,348523
2026-01-23T02:11:33.902942,Hanusch Krankenhaus,17,398718
2026-01-23T02:11:33.902942,Hanusch Krankenhaus,17,349045
2026-01-23T02:11:33.902942,Hanusch Krankenhaus,17,349037
2026-01-23T02:11:33.902942,Westbahnhof S U / Gerstnerstraße,23,345329
2026-01-23T02:11:33.902942,Westbahnhof S U / Gerstnerstraße,23,345281
2026-01-23T02:11:33.902942,Westbahnhof S U / Gerstnerstraße,23,345256
2026-01-23T02:11:33.902942,Westbahnhof S U / Gerstnerstraße,23,345945
2026-01-23T02:11:33.902942,Westbahnhof S U / Gerstnerstraße,23,345910
2026-01-23T02:11:33.902942,Westbahnhof S U / Gerstnerstraße,23,345773
2026-01-23T02:11:33.902942,Westbahnhof S U / Gerstnerstraße,23,346453
2026-01-23T02:11:33.902942,Westbahnhof S U / Gerstnerstraße,23,346417
2026-01-23T02:11:33.902942,Westbahnhof S U / Gerstnerstraße,23,346339
2026-01-23T02:11:33.902942,Westbahnhof S U / Gerstnerstraße,23,346122
2026-01-23T02:11:33.902942,Westbahnhof S U / Gerstnerstraße,23,346816
2026-01-23T02:11:33.902942,Westbahnhof S U / Gerstnerstraße,23,346739
2026-01-23T02:11:33.902942,Westbahnhof S U / Gerstnerstraße,23,346733
2026-01-23T02:11:33.902942,Westbahnhof S U / Gerstnerstraße,23,347364
2026-01-23T02:11:33.902942,Westbahnhof S U / Gerstnerstraße,23,347323
2026-01-23T02:11:33.902942,Westbahnhof S U / Gerstnerstraße,23,347916
2026-01-23T02:11:33.902942,Westbahnhof S U / Gerstnerstraße,23,347886
2026-01-23T02:11:33.902942,Westbahnhof S U / Gerstnerstraße,23,347533
2026-01-23T02:11:33.902942,Westbahnhof S U / Gerstnerstraße,23,348451
2026-01-23T02:11:33.902942,Westbahnhof S U / Gerstnerstraße,23,348205
2026-01-23T02:11:33.902942,Westbahnhof S U / Gerstnerstraße,23,348184
2026-01-23T02:11:33.902942,Westbahnhof S U / Gerstnerstraße,23,348058
2026-01-23T02:11:33.902942,Westbahnhof S U / Gerstnerstraße,23,348669
2026-01-23T02:11:33.902942,Wieningerplatz,34,345372
2026-01-23T02:11:33.902942,Wieningerplatz,34,345302
2026-01-23T02:11:33.902942,Wieningerplatz,34,345943
2026-01-23T02:11:33.902942,Wieningerplatz,34,345905
2026-01-23T02:11:33.902942,Wieningerplatz,34,345884
2026-01-23T02:11:33.902942,Wieningerplatz,34,345847
2026-01-23T02:11:33.902942,Wieningerplatz,34,345597
2026-01-23T02:11:33.902942,Wieningerplatz,34,346406
2026-01-23T02:11:33.902942,Wieningerplatz,34,346154
2026-01-23T02:11:33.902942,Wieningerplatz,34,346153
2026-01-23T02:11:33.902942,Wieningerplatz,34,346141
2026-01-23T02:11:33.902942,Wieningerplatz,34,346124
2026-01-23T02:11:33.902942,Wieningerplatz,34,346067
2026-01-23T02:11:33.902942,Wieningerplatz,34,346880
2026-01-23T02:11:33.902942,Wieningerplatz,34,346754
2026-01-23T02:11:33.902942,Wieningerplatz,34,346565
2026-01-23T02:11:33.902942,Wieningerplatz,34,347436
2026-01-23T02:11:33.902942,Wieningerplatz,34,347301
2026-01-23T02:11:33.902942,Wieningerplatz,34,347140
2026-01-23T02:11:33.902942,Wieningerplatz,34,347093
2026-01-23T02:11:33.902942,Wieningerplatz,34,347091
2026-01-23T02:11:33.902942,Wieningerplatz,34,347640
2026-01-23T02:11:33.902942,Wieningerplatz,34,347570
2026-01-23T02:11:33.902942,Wieningerplatz,34,347559
2026-01-23T02:11:33.902942,Wieningerplatz,34,348308
2026-01-23T02:11:33.902942,Wieningerplatz,34,348031
2026-01-23T02:11:33.902942,Wieningerplatz,34,348680
2026-01-23T02:11:33.902942,Wieningerplatz,34,348679
2026-01-23T02:11:33.902942,Wieningerplatz,34,348589
2026-01-23T02:11:33.902942,Wieningerplatz,34,348537
2026-01-23T02:11:33.902942,Wieningerplatz,34,348517
2026-01-23T02:11:33.902942,Wieningerplatz,34,398862
2026-01-23T02:11:33.902942,Wieningerplatz,34,398839
2026-01-23T02:11:33.902942,Wieningerplatz,34,349053
2026-01-23T02:11:33.902942,Markgraf-Rüdiger Straße,23,345475
2026-01-23T02:11:33.902942,Markgraf-Rüdiger Straße,23,345241
2026-01-23T02:11:33.902942,Markgraf-Rüdiger Straße,23,345971
2026-01-23T02:11:33.902942,Markgraf-Rüdiger Straße,23,345832
2026-01-23T02:11:33.902942,Markgraf-Rüdiger Straße,23,345699
2026-01-23T02:11:33.902942,Markgraf-Rüdiger Straße,23,345540
2026-01-23T02:11:33.902942,Markgraf-Rüdiger Straße,23,345511
2026-01-23T02:11:33.902942,Markgraf-Rüdiger Straße,23,346488
2026-01-23T02:11:33.902942,Markgraf-Rüdiger Straße,23,346282
2026-01-23T02:11:33.902942,Markgraf-Rüdiger Straße,23,346132
2026-01-23T02:11:33.902942,Markgraf-Rüdiger Straße,23,346028
2026-01-23T02:11:33.902942,Markgraf-Rüdiger Straße,23,346965
2026-01-23T02:11:33.902942,Markgraf-Rüdiger Straße,23,346940
2026-01-23T02:11:33.902942,Markgraf-Rüdiger Straße,23,346860
2026-01-23T02:11:33.902942,Markgraf-Rüdiger Straße,23,347368
2026-01-23T02:11:33.902942,Markgraf-Rüdiger Straße,23,347366
2026-01-23T02:11:33.902942,Markgraf-Rüdiger Straße,23,347352
2026-01-23T02:11:33.902942,Markgraf-Rüdiger Straße,23,347237
2026-01-23T02:11:33.902942,Markgraf-Rüdiger Straße,23,347141
2026-01-23T02:11:33.902942,Markgraf-Rüdiger Straße,23,347897
2026-01-23T02:11:33.902942,Markgraf-Rüdiger Straße,23,348435
2026-01-23T02:11:33.902942,Markgraf-Rüdiger Straße,23,348574
2026-01-23T02:11:33.902942,Markgraf-Rüdiger Straße,23,349084
2026-01-23T02:11:33.902942,Plunkergasse,29,345382
2026-01-23T02:11:33.902942,Plunkergasse,29,345351
2026-01-23T02:11:33.902942,Plunkergasse,29,345257
2026-01-23T02:11:33.902942,Plunkergasse,29,345131
2026-01-23T02:11:33.902942,Plunkergasse,29,345063
2026-01-23T02:11:33.902942,Plunkergasse,29,345887
2026-01-23T02:11:33.902942,Plunkergasse,29,345882
2026-01-23T02:11:33.902942,Plunkergasse,29,345772
2026-01-23T02:11:33.902942,Plunkergasse,29,345657
2026-01-23T02:11:33.902942,Plunkergasse,29,345559
2026-01-23T02:11:33.902942,Plunkergasse,29,345521
2026-01-23T02:11:33.902942,Plunkergasse,29,346451
2026-01-23T02:11:33.902942,Plunkergasse,29,346356
2026-01-23T02:11:33.902942,Plunkergasse,29,346051
2026-01-23T02:11:33.902942,Plunkergasse,29,346922
2026-01-23T02:11:33.902942,Plunkergasse,29,346770
2026-01-23T02:11:33.902942,Plunkergasse,29,347481
2026-01-23T02:11:33.902942,Plunkergasse,29,347326
2026-01-23T02:11:33.902942,Plunkergasse,29,347914
2026-01-23T02:11:33.902942,Plunkergasse,29,347904
2026-01-23T02:11:33.902942,Plunkergasse,29,347810
2026-01-23T02:11:33.902942,Plunkergasse,29,347779
2026-01-23T02:11:33.902942,Plunkergasse,29,347695
2026-01-23T02:11:33.902942,Plunkergasse,29,347607
2026-01-23T02:11:33.902942,Plunkergasse,29,347605
2026-01-23T02:11:33.902942,Plunkergasse,29,347531
2026-01-23T02:11:33.902942,Plunkergasse,29,348407
2026-01-23T02:11:33.902942,Plunkergasse,29,348351
2026-01-23T02:11:33.902942,Plunkergasse,29,348186
2026-01-23T02:11:33.902942,Selzergasse,36,345354
2026-01-23T02:11:33.902942,Selzergasse,36,345217
2026-01-23T02:11:33.902942,Selzergasse,36,345111
2026-01-23T02:11:33.902942,Selzergasse,36,345075
2026-01-23T02:11:33.902942,Selzergasse,36,345003
2026-01-23T02:11:33.902942,Selzergasse,36,345703
2026-01-23T02:11:33.902942,Selzergasse,36,345581
2026-01-23T02:11:33.902942,Selzergasse,36,346489
2026-01-23T02:11:33.902942,Selzergasse,36,346441
2026-01-23T02:11:33.902942,Selzergasse,36,346374
2026-01-23T02:11:33.902942,Selzergasse,36,346283
2026-01-23T02:11:33.902942,Selzergasse,36,346217
2026-01-23T02:11:33.902942,Selzergasse,36,346157
2026-01-23T02:11:33.902942,Selzergasse,36,346114
2026-01-23T02:11:33.902942,Selzergasse,36,346099
2026-01-23T02:11:33.902942,Selzergasse,36,346082
2026-01-23T02:11:33.902942,Selzergasse,36,346006
2026-01-23T02:11:33.902942,Selzergasse,36,346941
2026-01-23T02:11:33.902942,Selzergasse,36,346893
2026-01-23T02:11:33.902942,Selzergasse,36,346583
2026-01-23T02:11:33.902942,Selzergasse,36,347363
2026-01-23T02:11:33.902942,Selzergasse,36,347344
2026-01-23T02:11:33.902942,Selzergasse,36,347327
2026-01-23T02:11:33.902942,Selzergasse,36,347259
2026-01-23T02:11:33.902942,Selzergasse,36,347190
2026-01-23T02:11:33.902942,Selzergasse,36,347860
2026-01-23T02:11:33.902942,Selzergasse,36,347776
2026-01-23T02:11:33.902942,Selzergasse,36,347717
2026-01-23T02:11:33.902942,Selzergasse,36,348468
2026-01-23T02:11:33.902942,Selzergasse,36,348079
2026-01-23T02:11:33.902942,Selzergasse,36,348030
2026-01-23T02:11:33.902942,Selzergasse,36,348009
2026-01-23T02:11:33.902942,Selzergasse,36,348685
2026-01-23T02:11:33.902942,Selzergasse,36,348613
2026-01-23T02:11:33.902942,Selzergasse,36,349108
2026-01-23T02:11:33.902942,Selzergasse,36,348948
2026-01-23T02:11:33.902942,Westbahnhof S U / Felberstraße,28,345395
2026-01-23T02:11:33.902942,Westbahnhof S U / Felberstraße,28,345299
2026-01-23T02:11:33.902942,Westbahnhof S U / Felberstraße,28,345083
2026-01-23T02:11:33.902942,Westbahnhof S U / Felberstraße,28,345070
2026-01-23T02:11:33.902942,Westbahnhof S U / Felberstraße,28,345507
2026-01-23T02:11:33.902942,Westbahnhof S U / Felberstraße,28,346245
2026-01-23T02:11:33.902942,Westbahnhof S U / Felberstraße,28,346172
2026-01-23T02:11:33.902942,Westbahnhof S U / Felberstraße,28,346794
2026-01-23T02:11:33.902942,Westbahnhof S U / Felberstraße,28,346591
2026-01-23T02:11:33.902942,Westbahnhof S U / Felberstraße,28,346534
2026-01-23T02:11:33.902942,Westbahnhof S U / Felberstraße,28,346521
2026-01-23T02:11:33.902942,Westbahnhof S U / Felberstraße,28,347487
2026-01-23T02:11:33.902942,Westbahnhof S U / Felberstraße,28,347273
2026-01-23T02:11:33.902942,Westbahnhof S U / Felberstraße,28,347979
2026-01-23T02:11:33.902942,Westbahnhof S U / Felberstraße,28,347857
2026-01-23T02:11:33.902942,Westbahnhof S U / Felberstraße,28,347846
2026-01-23T02:11:33.902942,Westbahnhof S U / Felberstraße,28,347749
2026-01-23T02:11:33.902942,Westbahnhof S U / Felberstraße,28,347713
2026-01-23T02:11:33.902942,Westbahnhof S U / Felberstraße,28,347611
2026-01-23T02:11:33.902942,Westbahnhof S U / Felberstraße,28,347526
2026-01-23T02:11:33.902942,Westbahnhof S U / Felberstraße,28,348483
2026-01-23T02:11:33.902942,Westbahnhof S U / Felberstraße,28,348392
2026-01-23T02:11:33.902942,Westbahnhof S U / Felberstraße,28,348347
2026-01-23T02:11:33.902942,Westbahnhof S U / Felberstraße,28,348276
2026-01-23T02:11:33.902942,Westbahnhof S U / Felberstraße,28,348133
2026-01-23T02:11:33.902942,Westbahnhof S U / Felberstraße,28,348132
2026-01-23T02:11:33.902942,Westbahnhof S U / Felberstraße,28,348002
2026-01-23T02:11:33.902942,Westbahnhof S U / Felberstraße,28,398740
2026-01-23T02:11:33.902942,Kundratstraße,5,345287
2026-01-23T02:11:33.902942,Kundratstraße,5,345247
2026-01-23T02:11:33.902942,Kundratstraße,5,345951
2026-01-23T02:11:33.902942,Kundratstraße,5,346043
2026-01-23T02:11:33.902942,Kundratstraße,5,347014
2026-01-23T02:11:33.902942,Arthaberplatz,9,345441
2026-01-23T02:11:33.902942,Arthaberplatz,9,345820
2026-01-23T02:11:33.902942,Arthaberplatz,9,346334
2026-01-23T02:11:33.902942,Arthaberplatz,9,347498
2026-01-23T02:11:33.902942,Arthaberplatz,9,347218
2026-01-23T02:11:33.902942,Arthaberplatz,9,347931
2026-01-23T02:11:33.902942,Arthaberplatz,9,347893
2026-01-23T02:11:33.902942,Arthaberplatz,9,348290
2026-01-23T02:11:33.902942,Arthaberplatz,9,348906
2026-01-23T02:11:33.902942,Karmeliterplatz,20,345442
2026-01-23T02:11:33.902942,Karmeliterplatz,20,345344
2026-01-23T02:11:33.902942,Karmeliterplatz,20,345242
2026-01-23T02:11:33.902942,Karmeliterplatz,20,345947
2026-01-23T02:11:33.902942,Karmeliterplatz,20,345880
2026-01-23T02:11:33.902942,Karmeliterplatz,20,346395
2026-01-23T02:11:33.902942,Karmeliterplatz,20,346384
2026-01-23T02:11:33.902942,Karmeliterplatz,20,346652
2026-01-23T02:11:33.902942,Karmeliterplatz,20,347472
2026-01-23T02:11:33.902942,Karmeliterplatz,20,347403
2026-01-23T02:11:33.902942,Karmeliterplatz,20,347099
2026-01-23T02:11:33.902942,Karmeliterplatz,20,347926
2026-01-23T02:11:33.902942,Karmeliterplatz,20,348452
2026-01-23T02:11:33.902942,Karmeliterplatz,20,348179
2026-01-23T02:11:33.902942,Karmeliterplatz,20,348168
2026-01-23T02:11:33.902942,Karmeliterplatz,20,348525
2026-01-23T02:11:33.902942,Karmeliterplatz,20,348519
2026-01-23T02:11:33.902942,Karmeliterplatz,20,398851
2026-01-23T02:11:33.902942,Karmeliterplatz,20,398840
2026-01-23T02:11:33.902942,Karmeliterplatz,20,398763
2026-01-23T02:11:33.902942,Fröbelgasse,27,345377
2026-01-23T02:11:33.902942,Fröbelgasse,27,345222
2026-01-23T02:11:33.902942,Fröbelgasse,27,345204
2026-01-23T02:11:33.902942,Fröbelgasse,27,345077
2026-01-23T02:11:33.902942,Fröbelgasse,27,345068
2026-01-23T02:11:33.902942,Fröbelgasse,27,345897
2026-01-23T02:11:33.902942,Fröbelgasse,27,345789
2026-01-23T02:11:33.902942,Fröbelgasse,27,345729
2026-01-23T02:11:33.902942,Fröbelgasse,27,346422
2026-01-23T02:11:33.902942,Fröbelgasse,27,346849
2026-01-23T02:11:33.902942,Fröbelgasse,27,346706
2026-01-23T02:11:33.902942,Fröbelgasse,27,346586
2026-01-23T02:11:33.902942,Fröbelgasse,27,346554
2026-01-23T02:11:33.902942,Fröbelgasse,27,347412
2026-01-23T02:11:33.902942,Fröbelgasse,27,347196
2026-01-23T02:11:33.902942,Fröbelgasse,27,347989
2026-01-23T02:11:33.902942,Fröbelgasse,27,347951
2026-01-23T02:11:33.902942,Fröbelgasse,27,347900
2026-01-23T02:11:33.902942,Fröbelgasse,27,347859
2026-01-23T02:11:33.902942,Fröbelgasse,27,347730
2026-01-23T02:11:33.902942,Fröbelgasse,27,347557
2026-01-23T02:11:33.902942,Fröbelgasse,27,348496
2026-01-23T02:11:33.902942,Fröbelgasse,27,348398
2026-01-23T02:11:33.902942,Fröbelgasse,27,348032
2026-01-23T02:11:33.902942,Fröbelgasse,27,348581
2026-01-23T02:11:33.902942,Fröbelgasse,27,398845
2026-01-23T02:11:33.902942,Fröbelgasse,27,398788
2026-01-23T02:11:33.902942,Reumannplatz U,16,345452
2026-01-23T02:11:33.902942,Reumannplatz U,16,345992
2026-01-23T02:11:33.902942,Reumannplatz U,16,345871
2026-01-23T02:11:33.902942,Reumannplatz U,16,345811
2026-01-23T02:11:33.902942,Reumannplatz U,16,345797
2026-01-23T02:11:33.902942,Reumannplatz U,16,346875
2026-01-23T02:11:33.902942,Reumannplatz U,16,347425
2026-01-23T02:11:33.902942,Reumannplatz U,16,347827
2026-01-23T02:11:33.902942,Reumannplatz U,16,347727
2026-01-23T02:11:33.902942,Reumannplatz U,16,347634
2026-01-23T02:11:33.902942,Reumannplatz U,16,347576
2026-01-23T02:11:33.902942,Reumannplatz U,16,348196
2026-01-23T02:11:33.902942,Reumannplatz U,16,348081
2026-01-23T02:11:33.902942,Reumannplatz U,16,348533
2026-01-23T02:11:33.902942,Reumannplatz U,16,348965
2026-01-23T02:11:33.902942,Reumannplatz U,16,349130
2026-01-23T02:11:33.902942,Brestelgasse,19,345498
2026-01-23T02:11:33.902942,Brestelgasse,19,345424
2026-01-23T02:11:33.902942,Brestelgasse,19,345387
2026-01-23T02:11:33.902942,Brestelgasse,19,345171
2026-01-23T02:11:33.902942,Brestelgasse,19,345072
2026-01-23T02:11:33.902942,Brestelgasse,19,345956
2026-01-23T02:11:33.902942,Brestelgasse,19,345927
2026-01-23T02:11:33.902942,Brestelgasse,19,345745
2026-01-23T02:11:33.902942,Brestelgasse,19,346461
2026-01-23T02:11:33.902942,Brestelgasse,19,347235
2026-01-23T02:11:33.902942,Brestelgasse,19,347209
2026-01-23T02:11:33.902942,Brestelgasse,19,347103
2026-01-23T02:11:33.902942,Brestelgasse,19,347069
2026-01-23T02:11:33.902942,Brestelgasse,19,347917
2026-01-23T02:11:33.902942,Brestelgasse,19,347527
2026-01-23T02:11:33.902942,Brestelgasse,19,348227
2026-01-23T02:11:33.902942,Brestelgasse,19,348600
2026-01-23T02:11:33.902942,Brestelgasse,19,348548
2026-01-23T02:11:33.902942,Brestelgasse,19,348903
2026-01-23T02:11:33.902942,Thaliastraße U,17,345403
2026-01-23T02:11:33.902942,Thaliastraße U,17,345184
2026-01-23T02:11:33.902942,Thaliastraße U,17,346231
2026-01-23T02:11:33.902942,Thaliastraße U,17,346854
2026-01-23T02:11:33.902942,Thaliastraße U,17,346759
2026-01-23T02:11:33.902942,Thaliastraße U,17,346505
2026-01-23T02:11:33.902942,Thaliastraße U,17,347478
2026-01-23T02:11:33.902942,Thaliastraße U,17,347351
2026-01-23T02:11:33.902942,Thaliastraße U,17,347306
2026-01-23T02:11:33.902942,Thaliastraße U,17,347082
2026-01-23T02:11:33.902942,Thaliastraße U,17,347062
2026-01-23T02:11:33.902942,Thaliastraße U,17,348491
2026-01-23T02:11:33.902942,Thaliastraße U,17,348446
2026-01-23T02:11:33.902942,Thaliastraße U,17,348395
2026-01-23T02:11:33.902942,Thaliastraße U,17,348696
2026-01-23T02:11:33.902942,Thaliastraße U,17,398821
2026-01-23T02:11:33.902942,Thaliastraße U,17,348836
2026-01-23T02:11:33.902942,Nussdorfer Straße U,9,345303
2026-01-23T02:11:33.902942,Nussdorfer Straße U,9,345207
2026-01-23T02:11:33.902942,Nussdorfer Straße U,9,346918
2026-01-23T02:11:33.902942,Nussdorfer Straße U,9,347417
2026-01-23T02:11:33.902942,Nussdorfer Straße U,9,347348
2026-01-23T02:11:33.902942,Nussdorfer Straße U,9,347138
2026-01-23T02:11:33.902942,Nussdorfer Straße U,9,347618
2026-01-23T02:11:33.902942,Nussdorfer Straße U,9,348383
2026-01-23T02:11:33.902942,Nussdorfer Straße U,9,398794
2026-01-23T02:11:33.902942,Elterleinplatz,7,345355
2026-01-23T02:11:33.902942,Elterleinplatz,7,345173
2026-01-23T02:11:33.902942,Elterleinplatz,7,345769
2026-01-23T02:11:33.902942,Elterleinplatz,7,345685
2026-01-23T02:11:33.902942,Elterleinplatz,7,346340
2026-01-23T02:11:33.902942,Elterleinplatz,7,346859
2026-01-23T02:11:33.902942,Elterleinplatz,7,348029
2026-01-23T02:11:33.902942,Canisiusgasse,4,346108
2026-01-23T02:11:33.902942,Canisiusgasse,4,346046
2026-01-23T02:11:33.902942,Canisiusgasse,4,346711
2026-01-23T02:11:33.902942,Canisiusgasse,4,348838
2026-01-23T02:11:33.902942,Meidling S U / Schedifkaplatz,2,346598
2026-01-23T02:11:33.902942,Meidling S U / Schedifkaplatz,2,347712
2026-01-23T02:11:33.902942,Palffygasse,18,345406
2026-01-23T02:11:33.902942,Palffygasse,18,345013
2026-01-23T02:11:33.902942,Palffygasse,18,345973
2026-01-23T02:11:33.902942,Palffygasse,18,345922
2026-01-23T02:11:33.902942,Palffygasse,18,345753
2026-01-23T02:11:33.902942,Palffygasse,18,345751
2026-01-23T02:11:33.902942,Palffygasse,18,345615
2026-01-23T02:11:33.902942,Palffygasse,18,346939
2026-01-23T02:11:33.902942,Palffygasse,18,346601
2026-01-23T02:11:33.902942,Palffygasse,18,347469
2026-01-23T02:11:33.902942,Palffygasse,18,347145
2026-01-23T02:11:33.902942,Palffygasse,18,347856
2026-01-23T02:11:33.902942,Palffygasse,18,348386
2026-01-23T02:11:33.902942,Palffygasse,18,348338
2026-01-23T02:11:33.902942,Palffygasse,18,348239
2026-01-23T02:11:33.902942,Palffygasse,18,348123
2026-01-23T02:11:33.902942,Palffygasse,18,348117
2026-01-23T02:11:33.902942,Palffygasse,18,398770
2026-01-23T02:11:33.902942,Gersthof S,14,345203
2026-01-23T02:11:33.902942,Gersthof S,14,345179
2026-01-23T02:11:33.902942,Gersthof S,14,345968
2026-01-23T02:11:33.902942,Gersthof S,14,346666
2026-01-23T02:11:33.902942,Gersthof S,14,346564
2026-01-23T02:11:33.902942,Gersthof S,14,347962
2026-01-23T02:11:33.902942,Gersthof S,14,348357
2026-01-23T02:11:33.902942,Gersthof S,14,348303
2026-01-23T02:11:33.902942,Gersthof S,14,348104
2026-01-23T02:11:33.902942,Gersthof S,14,348007
2026-01-23T02:11:33.902942,Gersthof S,14,348604
2026-01-23T02:11:33.902942,Gersthof S,14,348571
2026-01-23T02:11:33.902942,Gersthof S,14,349062
2026-01-23T02:11:33.902942,Gersthof S,14,348807
2026-01-23T02:11:33.902942,Reinprechtsdorfer Brücke,18,345067
2026-01-23T02:11:33.902942,Reinprechtsdorfer Brücke,18,345051
2026-01-23T02:11:33.902942,Reinprechtsdorfer Brücke,18,345999
2026-01-23T02:11:33.902942,Reinprechtsdorfer Brücke,18,345860
2026-01-23T02:11:33.902942,Reinprechtsdorfer Brücke,18,345624
2026-01-23T02:11:33.902942,Reinprechtsdorfer Brücke,18,346454
2026-01-23T02:11:33.902942,Reinprechtsdorfer Brücke,18,346915
2026-01-23T02:11:33.902942,Reinprechtsdorfer Brücke,18,346853
2026-01-23T02:11:33.902942,Reinprechtsdorfer Brücke,18,346743
2026-01-23T02:11:33.902942,Reinprechtsdorfer Brücke,18,346732
2026-01-23T02:11:33.902942,Reinprechtsdorfer Brücke,18,347266
2026-01-23T02:11:33.902942,Reinprechtsdorfer Brücke,18,347579
2026-01-23T02:11:33.902942,Reinprechtsdorfer Brücke,18,348414
2026-01-23T02:11:33.902942,Reinprechtsdorfer Brücke,18,348228
2026-01-23T02:11:33.902942,Reinprechtsdorfer Brücke,18,348014
2026-01-23T02:11:33.902942,Reinprechtsdorfer Brücke,18,348576
2026-01-23T02:11:33.902942,Reinprechtsdorfer Brücke,18,398746
2026-01-23T02:11:33.902942,Reinprechtsdorfer Brücke,18,398720
2026-01-23T02:11:33.902942,Siebensterngasse,6,345793
2026-01-23T02:11:33.902942,Siebensterngasse,6,345555
2026-01-23T02:11:33.902942,Siebensterngasse,6,346092
2026-01-23T02:11:33.902942,Siebensterngasse,6,347311
2026-01-23T02:11:33.902942,Siebensterngasse,6,347304
2026-01-23T02:11:33.902942,Siebensterngasse,6,349188
2026-01-23T02:11:33.902942,Siebenbrunnenplatz,3,345560
2026-01-23T02:11:33.902942,Siebenbrunnenplatz,3,346295
2026-01-23T02:11:33.902942,Siebenbrunnenplatz,3,347448
2026-01-23T02:11:33.902942,Rosensteingasse / Blumengasse,20,345353
2026-01-23T02:11:33.902942,Rosensteingasse / Blumengasse,20,345750
2026-01-23T02:11:33.902942,Rosensteingasse / Blumengasse,20,345695
2026-01-23T02:11:33.902942,Rosensteingasse / Blumengasse,20,345525
2026-01-23T02:11:33.902942,Rosensteingasse / Blumengasse,20,346269
2026-01-23T02:11:33.902942,Rosensteingasse / Blumengasse,20,346111
2026-01-23T02:11:33.902942,Rosensteingasse / Blumengasse,20,346079
2026-01-23T02:11:33.902942,Rosensteingasse / Blumengasse,20,346008
2026-01-23T02:11:33.902942,Rosensteingasse / Blumengasse,20,346903
2026-01-23T02:11:33.902942,Rosensteingasse / Blumengasse,20,346653
2026-01-23T02:11:33.902942,Rosensteingasse / Blumengasse,20,346579
2026-01-23T02:11:33.902942,Rosensteingasse / Blumengasse,20,347075
2026-01-23T02:11:33.902942,Rosensteingasse / Blumengasse,20,347074
2026-01-23T02:11:33.902942,Rosensteingasse / Blumengasse,20,347998
2026-01-23T02:11:33.902942,Rosensteingasse / Blumengasse,20,347972
2026-01-23T02:11:33.902942,Rosensteingasse / Blumengasse,20,348324
2026-01-23T02:11:33.902942,Rosensteingasse / Blumengasse,20,348320
2026-01-23T02:11:33.902942,Rosensteingasse / Blumengasse,20,348095
2026-01-23T02:11:33.902942,Rosensteingasse / Blumengasse,20,348001
2026-01-23T02:11:33.902942,Rosensteingasse / Blumengasse,20,348559
2026-01-23T02:11:33.902942,Schottenring U /Herminengasse,2,345549
2026-01-23T02:11:33.902942,Schottenring U /Herminengasse,2,349098
2026-01-23T02:11:33.902942,Josefstädter Straße U,9,345253
2026-01-23T02:11:33.902942,Josefstädter Straße U,9,345134
2026-01-23T02:11:33.902942,Josefstädter Straße U,9,345595
2026-01-23T02:11:33.902942,Josefstädter Straße U,9,346911
2026-01-23T02:11:33.902942,Josefstädter Straße U,9,346678
2026-01-23T02:11:33.902942,Josefstädter Straße U,9,347424
2026-01-23T02:11:33.902942,Josefstädter Straße U,9,347008
2026-01-23T02:11:33.902942,Josefstädter Straße U,9,347950
2026-01-23T02:11:33.902942,Josefstädter Straße U,9,348892
2026-01-23T02:11:33.902942,Friedrich-Engels-Platz,8,346225
2026-01-23T02:11:33.902942,Friedrich-Engels-Platz,8,346078
2026-01-23T02:11:33.902942,Friedrich-Engels-Platz,8,347441
2026-01-23T02:11:33.902942,Friedrich-Engels-Platz,8,347195
2026-01-23T02:11:33.902942,Friedrich-Engels-Platz,8,347868
2026-01-23T02:11:33.902942,Friedrich-Engels-Platz,8,347648
2026-01-23T02:11:33.902942,Friedrich-Engels-Platz,8,348401
2026-01-23T02:11:33.902942,Friedrich-Engels-Platz,8,348120
2026-01-23T02:11:33.902942,Dresdner Straße U,18,345255
2026-01-23T02:11:33.902942,Dresdner Straße U,18,345108
2026-01-23T02:11:33.902942,Dresdner Straße U,18,346664
2026-01-23T02:11:33.902942,Dresdner Straße U,18,346603
2026-01-23T02:11:33.902942,Dresdner Straße U,18,347452
2026-01-23T02:11:33.902942,Dresdner Straße U,18,347429
2026-01-23T02:11:33.902942,Dresdner Straße U,18,347139
2026-01-23T02:11:33.902942,Dresdner Straße U,18,347120
2026-01-23T02:11:33.902942,Dresdner Straße U,18,347968
2026-01-23T02:11:33.902942,Dresdner Straße U,18,347959
2026-01-23T02:11:33.902942,Dresdner Straße U,18,347930
2026-01-23T02:11:33.902942,Dresdner Straße U,18,347844
2026-01-23T02:11:33.902942,Dresdner Straße U,18,347760
2026-01-23T02:11:33.902942,Dresdner Straße U,18,347758
2026-01-23T02:11:33.902942,Dresdner Straße U,18,347669
2026-01-23T02:11:33.902942,Dresdner Straße U,18,348263
2026-01-23T02:11:33.902942,Dresdner Straße U,18,348224
2026-01-23T02:11:33.902942,Dresdner Straße U,18,348201
2026-01-23T02:11:33.902942,Jägerstraße U,15,345290
2026-01-23T02:11:33.902942,Jägerstraße U,15,345103
2026-01-23T02:11:33.902942,Jägerstraße U,15,345069
2026-01-23T02:11:33.902942,Jägerstraße U,15,345996
2026-01-23T02:11:33.902942,Jägerstraße U,15,345698
2026-01-23T02:11:33.902942,Jägerstraße U,15,345566
2026-01-23T02:11:33.902942,Jägerstraße U,15,346971
2026-01-23T02:11:33.902942,Jägerstraße U,15,346840
2026-01-23T02:11:33.902942,Jägerstraße U,15,346618
2026-01-23T02:11:33.902942,Jägerstraße U,15,347340
2026-01-23T02:11:33.902942,Jägerstraße U,15,347696
2026-01-23T02:11:33.902942,Jägerstraße U,15,348472
2026-01-23T02:11:33.902942,Jägerstraße U,15,348148
2026-01-23T02:11:33.902942,Jägerstraße U,15,348659
2026-01-23T02:11:33.902942,Jägerstraße U,15,349197
2026-01-23T02:11:33.902942,Traisengasse S,4,345865
2026-01-23T02:11:33.902942,Traisengasse S,4,346171
2026-01-23T02:11:33.902942,Traisengasse S,4,347043
2026-01-23T02:11:33.902942,Traisengasse S,4,347539
2026-01-23T02:11:33.902942,Kettenbrückengasse U / Naschmarkt,10,345375
2026-01-23T02:11:33.902942,Kettenbrückengasse U / Naschmarkt,10,345170
2026-01-23T02:11:33.902942,Kettenbrückengasse U / Naschmarkt,10,345903
2026-01-23T02:11:33.902942,Kettenbrückengasse U / Naschmarkt,10,345723
2026-01-23T02:11:33.902942,Kettenbrückengasse U / Naschmarkt,10,346727
2026-01-23T02:11:33.902942,Kettenbrückengasse U / Naschmarkt,10,346707
2026-01-23T02:11:33.902942,Kettenbrückengasse U / Naschmarkt,10,348493
2026-01-23T02:11:33.902942,Kettenbrückengasse U / Naschmarkt,10,348593
2026-01-23T02:11:33.902942,Kettenbrückengasse U / Naschmarkt,10,348527
2026-01-23T02:11:33.902942,Kettenbrückengasse U / Naschmarkt,10,398809
2026-01-23T02:11:33.902942,Aumannplatz,7,345321
2026-01-23T02:11:33.902942,Aumannplatz,7,346432
2026-01-23T02:11:33.902942,Aumannplatz,7,346420
2026-01-23T02:11:33.902942,Aumannplatz,7,346058
2026-01-23T02:11:33.902942,Aumannplatz,7,347068
2026-01-23T02:11:33.902942,Aumannplatz,7,348861
2026-01-23T02:11:33.902942,Aumannplatz,7,349198
2026-01-23T02:11:33.902942,Längenfeldgasse U,25,345032
2026-01-23T02:11:33.902942,Längenfeldgasse U,25,345946
2026-01-23T02:11:33.902942,Längenfeldgasse U,25,345804
2026-01-23T02:11:33.902942,Längenfeldgasse U,25,345635
2026-01-23T02:11:33.902942,Längenfeldgasse U,25,345502
2026-01-23T02:11:33.902942,Längenfeldgasse U,25,346815
2026-01-23T02:11:33.902942,Längenfeldgasse U,25,346786
2026-01-23T02:11:33.902942,Längenfeldgasse U,25,346709
2026-01-23T02:11:33.902942,Längenfeldgasse U,25,346638
2026-01-23T02:11:33.902942,Längenfeldgasse U,25,346523
2026-01-23T02:11:33.902942,Längenfeldgasse U,25,347234
2026-01-23T02:11:33.902942,Längenfeldgasse U,25,347175
2026-01-23T02:11:33.902942,Längenfeldgasse U,25,347171
2026-01-23T02:11:33.902942,Längenfeldgasse U,25,347861
2026-01-23T02:11:33.902942,Längenfeldgasse U,25,347794
2026-01-23T02:11:33.902942,Längenfeldgasse U,25,347700
2026-01-23T02:11:33.902942,Längenfeldgasse U,25,347588
2026-01-23T02:11:33.902942,Längenfeldgasse U,25,347552
2026-01-23T02:11:33.902942,Längenfeldgasse U,25,348655
2026-01-23T02:11:33.902942,Längenfeldgasse U,25,348591
2026-01-23T02:11:33.902942,Längenfeldgasse U,25,348528
2026-01-23T02:11:33.902942,Längenfeldgasse U,25,349109
2026-01-23T02:11:33.902942,Längenfeldgasse U,25,348973
2026-01-23T02:11:33.902942,Längenfeldgasse U,25,348849
2026-01-23T02:11:33.902942,Längenfeldgasse U,25,349131
2026-01-23T02:11:33.902942,Althanstraße,13,345457
2026-01-23T02:11:33.902942,Althanstraße,13,345381
2026-01-23T02:11:33.902942,Althanstraße,13,345761
2026-01-23T02:11:33.902942,Althanstraße,13,346326
2026-01-23T02:11:33.902942,Althanstraße,13,346299
2026-01-23T02:11:33.902942,Althanstraße,13,346809
2026-01-23T02:11:33.902942,Althanstraße,13,346767
2026-01-23T02:11:33.902942,Althanstraße,13,347192
2026-01-23T02:11:33.902942,Althanstraße,13,347907
2026-01-23T02:11:33.902942,Althanstraße,13,347870
2026-01-23T02:11:33.902942,Althanstraße,13,348431
2026-01-23T02:11:33.902942,Althanstraße,13,398783
2026-01-23T02:11:33.902942,Althanstraße,13,398765
2026-01-23T02:11:33.902942,Schottentor U,3,345473
2026-01-23T02:11:33.902942,Schottentor U,3,347475
2026-01-23T02:11:33.902942,Schottentor U,3,348189
2026-01-23T02:11:33.902942,Neubaugasse U,13,345301
2026-01-23T02:11:33.902942,Neubaugasse U,13,345200
2026-01-23T02:11:33.902942,Neubaugasse U,13,346471
2026-01-23T02:11:33.902942,Neubaugasse U,13,346423
2026-01-23T02:11:33.902942,Neubaugasse U,13,346363
2026-01-23T02:11:33.902942,Neubaugasse U,13,346036
2026-01-23T02:11:33.902942,Neubaugasse U,13,346537
2026-01-23T02:11:33.902942,Neubaugasse U,13,347170
2026-01-23T02:11:33.902942,Neubaugasse U,13,348432
2026-01-23T02:11:33.902942,Neubaugasse U,13,348218
2026-01-23T02:11:33.902942,Neubaugasse U,13,398755
2026-01-23T02:11:33.902942,Neubaugasse U,13,349110
2026-01-23T02:11:33.902942,Neubaugasse U,13,349104
2026-01-23T02:11:33.902942,Museumsquartier U,38,345218
2026-01-23T02:11:33.902942,Museumsquartier U,38,345215
2026-01-23T02:11:33.902942,Museumsquartier U,38,345010
2026-01-23T02:11:33.902942,Museumsquartier U,38,345995
2026-01-23T02:11:33.902942,Museumsquartier U,38,345963
2026-01-23T02:11:33.902942,Museumsquartier U,38,345937
2026-01-23T02:11:33.902942,Museumsquartier U,38,345888
2026-01-23T02:11:33.902942,Museumsquartier U,38,345760
2026-01-23T02:11:33.902942,Museumsquartier U,38,345700
2026-01-23T02:11:33.902942,Museumsquartier U,38,345580
2026-01-23T02:11:33.902942,Museumsquartier U,38,345510
2026-01-23T02:11:33.902942,Museumsquartier U,38,346305
2026-01-23T02:11:33.902942,Museumsquartier U,38,346042
2026-01-23T02:11:33.902942,Museumsquartier U,38,346020
2026-01-23T02:11:33.902942,Museumsquartier U,38,346795
2026-01-23T02:11:33.902942,Museumsquartier U,38,346731
2026-01-23T02:11:33.902942,Museumsquartier U,38,346622
2026-01-23T02:11:33.902942,Museumsquartier U,38,346560
2026-01-23T02:11:33.902942,Museumsquartier U,38,347272
2026-01-23T02:11:33.902942,Museumsquartier U,38,347213
2026-01-23T02:11:33.902942,Museumsquartier U,38,347058
2026-01-23T02:11:33.902942,Museumsquartier U,38,347919
2026-01-23T02:11:33.902942,Museumsquartier U,38,347801
2026-01-23T02:11:33.902942,Museumsquartier U,38,347768
2026-01-23T02:11:33.902942,Museumsquartier U,38,347704
2026-01-23T02:11:33.902942,Museumsquartier U,38,347694
2026-01-23T02:11:33.902942,Museumsquartier U,38,347678
2026-01-23T02:11:33.902942,Museumsquartier U,38,347530
2026-01-23T02:11:33.902942,Museumsquartier U,38,348481
2026-01-23T02:11:33.902942,Museumsquartier U,38,348332
2026-01-23T02:11:33.902942,Museumsquartier U,38,348135
2026-01-23T02:11:33.902942,Museumsquartier U,38,348129
2026-01-23T02:11:33.902942,Museumsquartier U,38,348039
2026-01-23T02:11:33.902942,Museumsquartier U,38,348682
2026-01-23T02:11:33.902942,Museumsquartier U,38,398786
2026-01-23T02:11:33.902942,Museumsquartier U,38,398781
2026-01-23T02:11:33.902942,Museumsquartier U,38,398751
2026-01-23T02:11:33.902942,Museumsquartier U,38,348984
2026-01-23T02:11:33.902942,Johnstrasse U,11,345417
2026-01-23T02:11:33.902942,Johnstrasse U,11,345380
2026-01-23T02:11:33.902942,Johnstrasse U,11,345374
2026-01-23T02:11:33.902942,Johnstrasse U,11,345873
2026-01-23T02:11:33.902942,Johnstrasse U,11,345800
2026-01-23T02:11:33.902942,Johnstrasse U,11,346772
2026-01-23T02:11:33.902942,Johnstrasse U,11,346749
2026-01-23T02:11:33.902942,Johnstrasse U,11,346645
2026-01-23T02:11:33.902942,Johnstrasse U,11,347497
2026-01-23T02:11:33.902942,Johnstrasse U,11,347741
2026-01-23T02:11:33.902942,Johnstrasse U,11,398808
2026-01-23T02:11:33.902942,Turnergasse,9,345143
2026-01-23T02:11:33.902942,Turnergasse,9,345741
2026-01-23T02:11:33.902942,Turnergasse,9,346469
2026-01-23T02:11:33.902942,Turnergasse,9,346966
2026-01-23T02:11:33.902942,Turnergasse,9,347191
2026-01-23T02:11:33.902942,Turnergasse,9,347016
2026-01-23T02:11:33.902942,Turnergasse,9,347757
2026-01-23T02:11:33.902942,Turnergasse,9,347753
2026-01-23T02:11:33.902942,Turnergasse,9,348234
2026-01-23T02:11:33.902942,Kutschkergasse,15,345422
2026-01-23T02:11:33.902942,Kutschkergasse,15,346362
2026-01-23T02:11:33.902942,Kutschkergasse,15,346758
2026-01-23T02:11:33.902942,Kutschkergasse,15,346605
2026-01-23T02:11:33.902942,Kutschkergasse,15,346511
2026-01-23T02:11:33.902942,Kutschkergasse,15,347258
2026-01-23T02:11:33.902942,Kutschkergasse,15,347255
2026-01-23T02:11:33.902942,Kutschkergasse,15,347108
2026-01-23T02:11:33.902942,Kutschkergasse,15,347876
2026-01-23T02:11:33.902942,Kutschkergasse,15,347831
2026-01-23T02:11:33.902942,Kutschkergasse,15,347651
2026-01-23T02:11:33.902942,Kutschkergasse,15,348475
2026-01-23T02:11:33.902942,Kutschkergasse,15,348286
2026-01-23T02:11:33.902942,Kutschkergasse,15,348025
2026-01-23T02:11:33.902942,Kutschkergasse,15,348872
2026-01-23T02:11:33.902942,Stadion U,20,345318
2026-01-23T02:11:33.902942,Stadion U,20,345900
2026-01-23T02:11:33.902942,Stadion U,20,346329
2026-01-23T02:11:33.902942,Stadion U,20,346303
2026-01-23T02:11:33.902942,Stadion U,20,346249
2026-01-23T02:11:33.902942,Stadion U,20,346059
2026-01-23T02:11:33.902942,Stadion U,20,346930
2026-01-23T02:11:33.902942,Stadion U,20,346886
2026-01-23T02:11:33.902942,Stadion U,20,346863
2026-01-23T02:11:33.902942,Stadion U,20,347000
2026-01-23T02:11:33.902942,Stadion U,20,347878
2026-01-23T02:11:33.902942,Stadion U,20,347722
2026-01-23T02:11:33.902942,Stadion U,20,348315
2026-01-23T02:11:33.902942,Stadion U,20,348302
2026-01-23T02:11:33.902942,Stadion U,20,348194
2026-01-23T02:11:33.902942,Stadion U,20,348176
2026-01-23T02:11:33.902942,Stadion U,20,348646
2026-01-23T02:11:33.902942,Stadion U,20,398761
2026-01-23T02:11:33.902942,Stadion U,20,398742
2026-01-23T02:11:33.902942,Stadion U,20,398865
2026-01-23T02:11:33.902942,Brückengasse,6,345423
2026-01-23T02:11:33.902942,Brückengasse,6,345265
2026-01-23T02:11:33.902942,Brückengasse,6,345225
2026-01-23T02:11:33.902942,Brückengasse,6,347430
2026-01-23T02:11:33.902942,Brückengasse,6,347784
2026-01-23T02:11:33.902942,Brückengasse,6,347592
2026-01-23T02:11:33.902942,Schuhmeierplatz,24,345447
2026-01-23T02:11:33.902942,Schuhmeierplatz,24,345410
2026-01-23T02:11:33.902942,Schuhmeierplatz,24,345279
2026-01-23T02:11:33.902942,Schuhmeierplatz,24,345034
2026-01-23T02:11:33.902942,Schuhmeierplatz,24,345960
2026-01-23T02:11:33.902942,Schuhmeierplatz,24,345889
2026-01-23T02:11:33.902942,Schuhmeierplatz,24,345785
2026-01-23T02:11:33.902942,Schuhmeierplatz,24,345592
2026-01-23T02:11:33.902942,Schuhmeierplatz,24,345512
2026-01-23T02:11:33.902942,Schuhmeierplatz,24,346435
2026-01-23T02:11:33.902942,Schuhmeierplatz,24,346186
2026-01-23T02:11:33.902942,Schuhmeierplatz,24,346958
2026-01-23T02:11:33.902942,Schuhmeierplatz,24,346855
2026-01-23T02:11:33.902942,Schuhmeierplatz,24,346814
2026-01-23T02:11:33.902942,Schuhmeierplatz,24,346610
2026-01-23T02:11:33.902942,Schuhmeierplatz,24,347482
2026-01-23T02:11:33.902942,Schuhmeierplatz,24,347125
2026-01-23T02:11:33.902942,Schuhmeierplatz,24,347124
2026-01-23T02:11:33.902942,Schuhmeierplatz,24,347785
2026-01-23T02:11:33.902942,Schuhmeierplatz,24,347578
2026-01-23T02:11:33.902942,Schuhmeierplatz,24,348313
2026-01-23T02:11:33.902942,Schuhmeierplatz,24,348235
2026-01-23T02:11:33.902942,Schuhmeierplatz,24,348198
2026-01-23T02:11:33.902942,Schuhmeierplatz,24,348106
2026-01-23T02:11:33.902942,Schönbrunn U,10,345853
2026-01-23T02:11:33.902942,Schönbrunn U,10,346386
2026-01-23T02:11:33.902942,Schönbrunn U,10,347208
2026-01-23T02:11:33.902942,Schönbrunn U,10,347587
2026-01-23T02:11:33.902942,Schönbrunn U,10,348486
2026-01-23T02:11:33.902942,Schönbrunn U,10,348246
2026-01-23T02:11:33.902942,Schönbrunn U,10,348028
2026-01-23T02:11:33.902942,Schönbrunn U,10,398750
2026-01-23T02:11:33.902942,Schönbrunn U,10,348871
2026-01-23T02:11:33.902942,Schönbrunn U,10,348856
2026-01-23T02:11:33.902942,Hermesstraße / Oscar-Straus-Park ,10,345341
2026-01-23T02:11:33.902942,Hermesstraße / Oscar-Straus-Park ,10,345742
2026-01-23T02:11:33.902942,Hermesstraße / Oscar-Straus-Park ,10,346316
2026-01-23T02:11:33.902942,Hermesstraße / Oscar-Straus-Park ,10,346216
2026-01-23T02:11:33.902942,Hermesstraße / Oscar-Straus-Park ,10,346014
2026-01-23T02:11:33.902942,Hermesstraße / Oscar-Straus-Park ,10,346594
2026-01-23T02:11:33.902942,Hermesstraße / Oscar-Straus-Park ,10,346581
2026-01-23T02:11:33.902942,Hermesstraße / Oscar-Straus-Park ,10,346543
2026-01-23T02:11:33.902942,Hermesstraße / Oscar-Straus-Park ,10,348698
2026-01-23T02:11:33.902942,Hermesstraße / Oscar-Straus-Park ,10,349099
2026-01-23T02:11:33.902942,Modecenterstraße / The Marks,12,345607
2026-01-23T02:11:33.902942,Modecenterstraße / The Marks,12,345588
2026-01-23T02:11:33.902942,Modecenterstraße / The Marks,12,346490
2026-01-23T02:11:33.902942,Modecenterstraße / The Marks,12,346426
2026-01-23T02:11:33.902942,Modecenterstraße / The Marks,12,346377
2026-01-23T02:11:33.902942,Modecenterstraße / The Marks,12,346369
2026-01-23T02:11:33.902942,Modecenterstraße / The Marks,12,346801
2026-01-23T02:11:33.902942,Modecenterstraße / The Marks,12,346676
2026-01-23T02:11:33.902942,Modecenterstraße / The Marks,12,346519
2026-01-23T02:11:33.902942,Modecenterstraße / The Marks,12,347402
2026-01-23T02:11:33.902942,Modecenterstraße / The Marks,12,348254
2026-01-23T02:11:33.902942,Modecenterstraße / The Marks,12,348043
2026-01-23T02:11:33.902942,Am Langen Felde,9,345486
2026-01-23T02:11:33.902942,Am Langen Felde,9,345902
2026-01-23T02:11:33.902942,Am Langen Felde,9,346388
2026-01-23T02:11:33.902942,Am Langen Felde,9,346868
2026-01-23T02:11:33.902942,Am Langen Felde,9,347948
2026-01-23T02:11:33.902942,Am Langen Felde,9,347513
2026-01-23T02:11:33.902942,Am Langen Felde,9,348097
2026-01-23T02:11:33.902942,Am Langen Felde,9,348530
2026-01-23T02:11:33.902942,Am Langen Felde,9,398797
2026-01-23T02:11:33.902942,Pilgramgasse U,12,345369
2026-01-23T02:11:33.902942,Pilgramgasse U,12,345824
2026-01-23T02:11:33.902942,Pilgramgasse U,12,345801
2026-01-23T02:11:33.902942,Pilgramgasse U,12,346954
2026-01-23T02:11:33.902942,Pilgramgasse U,12,346839
2026-01-23T02:11:33.902942,Pilgramgasse U,12,347999
2026-01-23T02:11:33.902942,Pilgramgasse U,12,347675
2026-01-23T02:11:33.902942,Pilgramgasse U,12,348437
2026-01-23T02:11:33.902942,Pilgramgasse U,12,348020
2026-01-23T02:11:33.902942,Pilgramgasse U,12,348621
2026-01-23T02:11:33.902942,Pilgramgasse U,12,348566
2026-01-23T02:11:33.902942,Pilgramgasse U,12,398833
2026-01-23T02:11:33.902942,Purkytgasse ,5,347310
2026-01-23T02:11:33.902942,Purkytgasse ,5,347154
2026-01-23T02:11:33.902942,Purkytgasse ,5,347001
2026-01-23T02:11:33.902942,Purkytgasse ,5,348360
2026-01-23T02:11:33.902942,Purkytgasse ,5,349185
2026-01-23T02:11:33.902942,Neue Donau U,15,345244
2026-01-23T02:11:33.902942,Neue Donau U,15,345794
2026-01-23T02:11:33.902942,Neue Donau U,15,345735
2026-01-23T02:11:33.902942,Neue Donau U,15,345705
2026-01-23T02:11:33.902942,Neue Donau U,15,345528
2026-01-23T02:11:33.902942,Neue Donau U,15,346463
2026-01-23T02:11:33.902942,Neue Donau U,15,346361
2026-01-23T02:11:33.902942,Neue Donau U,15,346937
2026-01-23T02:11:33.902942,Neue Donau U,15,346920
2026-01-23T02:11:33.902942,Neue Donau U,15,346742
2026-01-23T02:11:33.902942,Neue Donau U,15,347131
2026-01-23T02:11:33.902942,Neue Donau U,15,347983
2026-01-23T02:11:33.902942,Neue Donau U,15,347912
2026-01-23T02:11:33.902942,Neue Donau U,15,347732
2026-01-23T02:11:33.902942,Neue Donau U,15,347720
2026-01-23T02:11:33.902942,Franz-Josef Bahnhof S,10,346661
2026-01-23T02:11:33.902942,Franz-Josef Bahnhof S,10,347462
2026-01-23T02:11:33.902942,Franz-Josef Bahnhof S,10,347455
2026-01-23T02:11:33.902942,Franz-Josef Bahnhof S,10,347920
2026-01-23T02:11:33.902942,Franz-Josef Bahnhof S,10,347874
2026-01-23T02:11:33.902942,Franz-Josef Bahnhof S,10,347869
2026-01-23T02:11:33.902942,Franz-Josef Bahnhof S,10,348467
2026-01-23T02:11:33.902942,Franz-Josef Bahnhof S,10,348352
2026-01-23T02:11:33.902942,Franz-Josef Bahnhof S,10,348157
2026-01-23T02:11:33.902942,Franz-Josef Bahnhof S,10,348704
2026-01-23T02:11:33.902942,Niederpointenstraße,13,346457
2026-01-23T02:11:33.902942,Niederpointenstraße,13,346455
2026-01-23T02:11:33.902942,Niederpointenstraße,13,346237
2026-01-23T02:11:33.902942,Niederpointenstraße,13,346660
2026-01-23T02:11:33.902942,Niederpointenstraße,13,346575
2026-01-23T02:11:33.902942,Niederpointenstraße,13,347271
2026-01-23T02:11:33.902942,Niederpointenstraße,13,347101
2026-01-23T02:11:33.902942,Niederpointenstraße,13,347701
2026-01-23T02:11:33.902942,Niederpointenstraße,13,347569
2026-01-23T02:11:33.902942,Niederpointenstraße,13,348449
2026-01-23T02:11:33.902942,Niederpointenstraße,13,348082
2026-01-23T02:11:33.902942,Niederpointenstraße,13,348941
2026-01-23T02:11:33.902942,Niederpointenstraße,13,348857
2026-01-23T02:11:33.902942,Leopoldauer Platz,9,346478
2026-01-23T02:11:33.902942,Leopoldauer Platz,9,346408
2026-01-23T02:11:33.902942,Leopoldauer Platz,9,346802
2026-01-23T02:11:33.902942,Leopoldauer Platz,9,346751
2026-01-23T02:11:33.902942,Leopoldauer Platz,9,346562
2026-01-23T02:11:33.902942,Leopoldauer Platz,9,347750
2026-01-23T02:11:33.902942,Leopoldauer Platz,9,347514
2026-01-23T02:11:33.902942,Leopoldauer Platz,9,398745
2026-01-23T02:11:33.902942,Leopoldauer Platz,9,349072
2026-01-23T02:11:33.902942,ArbeiterInnenstrand,20,345385
2026-01-23T02:11:33.902942,ArbeiterInnenstrand,20,345231
2026-01-23T02:11:33.902942,ArbeiterInnenstrand,20,345155
2026-01-23T02:11:33.902942,ArbeiterInnenstrand,20,345990
2026-01-23T02:11:33.902942,ArbeiterInnenstrand,20,345899
2026-01-23T02:11:33.902942,ArbeiterInnenstrand,20,345756
2026-01-23T02:11:33.902942,ArbeiterInnenstrand,20,345659
2026-01-23T02:11:33.902942,ArbeiterInnenstrand,20,346964
2026-01-23T02:11:33.902942,ArbeiterInnenstrand,20,346885
2026-01-23T02:11:33.902942,ArbeiterInnenstrand,20,347318
2026-01-23T02:11:33.902942,ArbeiterInnenstrand,20,347297
2026-01-23T02:11:33.902942,ArbeiterInnenstrand,20,347226
2026-01-23T02:11:33.902942,ArbeiterInnenstrand,20,347146
2026-01-23T02:11:33.902942,ArbeiterInnenstrand,20,347866
2026-01-23T02:11:33.902942,ArbeiterInnenstrand,20,347836
2026-01-23T02:11:33.902942,ArbeiterInnenstrand,20,347593
2026-01-23T02:11:33.902942,ArbeiterInnenstrand,20,348382
2026-01-23T02:11:33.902942,ArbeiterInnenstrand,20,348068
2026-01-23T02:11:33.902942,ArbeiterInnenstrand,20,398803
2026-01-23T02:11:33.902942,ArbeiterInnenstrand,20,348899
2026-01-23T02:11:33.902942,Gewerbepark Stadlau,2,346777
2026-01-23T02:11:33.902942,Gewerbepark Stadlau,2,398863
2026-01-23T02:11:33.902942,Atzgersdorf Bildungscampus,14,345327
2026-01-23T02:11:33.902942,Atzgersdorf Bildungscampus,14,345886
2026-01-23T02:11:33.902942,Atzgersdorf Bildungscampus,14,345716
2026-01-23T02:11:33.902942,Atzgersdorf Bildungscampus,14,345579
2026-01-23T02:11:33.902942,Atzgersdorf Bildungscampus,14,346220
2026-01-23T02:11:33.902942,Atzgersdorf Bildungscampus,14,347230
2026-01-23T02:11:33.902942,Atzgersdorf Bildungscampus,14,347221
2026-01-23T02:11:33.902942,Atzgersdorf Bildungscampus,14,347090
2026-01-23T02:11:33.902942,Atzgersdorf Bildungscampus,14,347739
2026-01-23T02:11:33.902942,Atzgersdorf Bildungscampus,14,347506
2026-01-23T02:11:33.902942,Atzgersdorf Bildungscampus,14,348438
2026-01-23T02:11:33.902942,Atzgersdorf Bildungscampus,14,348280
2026-01-23T02:11:33.902942,Atzgersdorf Bildungscampus,14,348178
2026-01-23T02:11:33.902942,Atzgersdorf Bildungscampus,14,398834
2026-01-23T02:11:33.902942,Adelheid-Popp-Gasse,1,346053
2026-01-23T02:11:33.902942,Alte Donau U,9,345397
2026-01-23T02:11:33.902942,Alte Donau U,9,345767
2026-01-23T02:11:33.902942,Alte Donau U,9,347261
2026-01-23T02:11:33.902942,Alte Donau U,9,347132
2026-01-23T02:11:33.902942,Alte Donau U,9,347019
2026-01-23T02:11:33.902942,Alte Donau U,9,348447
2026-01-23T02:11:33.902942,Alte Donau U,9,348174
2026-01-23T02:11:33.902942,Alte Donau U,9,348012
2026-01-23T02:11:33.902942,Alte Donau U,9,348674
2026-01-23T02:11:33.902942,VHS Kulturgarage,9,345858
2026-01-23T02:11:33.902942,VHS Kulturgarage,9,345634
2026-01-23T02:11:33.902942,VHS Kulturgarage,9,346338
2026-01-23T02:11:33.902942,VHS Kulturgarage,9,347178
2026-01-23T02:11:33.902942,VHS Kulturgarage,9,347065
2026-01-23T02:11:33.902942,VHS Kulturgarage,9,347942
2026-01-23T02:11:33.902942,VHS Kulturgarage,9,348473
2026-01-23T02:11:33.902942,VHS Kulturgarage,9,348526
2026-01-23T02:11:33.902942,VHS Kulturgarage,9,398772
2026-01-23T02:11:33.902942,Siebenbrunnenfeldgasse,13,345469
2026-01-23T02:11:33.902942,Siebenbrunnenfeldgasse,13,345324
2026-01-23T02:11:33.902942,Siebenbrunnenfeldgasse,13,345221
2026-01-23T02:11:33.902942,Siebenbrunnenfeldgasse,13,345127
2026-01-23T02:11:33.902942,Siebenbrunnenfeldgasse,13,345094
2026-01-23T02:11:33.902942,Siebenbrunnenfeldgasse,13,345766
2026-01-23T02:11:33.902942,Siebenbrunnenfeldgasse,13,345714
2026-01-23T02:11:33.902942,Siebenbrunnenfeldgasse,13,346784
2026-01-23T02:11:33.902942,Siebenbrunnenfeldgasse,13,347336
2026-01-23T02:11:33.902942,Siebenbrunnenfeldgasse,13,347206
2026-01-23T02:11:33.902942,Siebenbrunnenfeldgasse,13,347106
2026-01-23T02:11:33.902942,Siebenbrunnenfeldgasse,13,347076
2026-01-23T02:11:33.902942,Siebenbrunnenfeldgasse,13,348542
2026-01-23T02:11:33.902942,Technisches Museum,22,345402
2026-01-23T02:11:33.902942,Technisches Museum,22,345352
2026-01-23T02:11:33.902942,Technisches Museum,22,345829
2026-01-23T02:11:33.902942,Technisches Museum,22,345781
2026-01-23T02:11:33.902942,Technisches Museum,22,345728
2026-01-23T02:11:33.902942,Technisches Museum,22,346372
2026-01-23T02:11:33.902942,Technisches Museum,22,346309
2026-01-23T02:11:33.902942,Technisches Museum,22,346254
2026-01-23T02:11:33.902942,Technisches Museum,22,346104
2026-01-23T02:11:33.902942,Technisches Museum,22,346085
2026-01-23T02:11:33.902942,Technisches Museum,22,346030
2026-01-23T02:11:33.902942,Technisches Museum,22,346960
2026-01-23T02:11:33.902942,Technisches Museum,22,346804
2026-01-23T02:11:33.902942,Technisches Museum,22,346715
2026-01-23T02:11:33.902942,Technisches Museum,22,347204
2026-01-23T02:11:33.902942,Technisches Museum,22,347176
2026-01-23T02:11:33.902942,Technisches Museum,22,347162
2026-01-23T02:11:33.902942,Technisches Museum,22,347006
2026-01-23T02:11:33.902942,Technisches Museum,22,348460
2026-01-23T02:11:33.902942,Technisches Museum,22,348420
2026-01-23T02:11:33.902942,Technisches Museum,22,348267
2026-01-23T02:11:33.902942,Technisches Museum,22,349123
2026-01-23T02:11:33.902942,Währinger Park,17,345491
2026-01-23T02:11:33.902942,Währinger Park,17,345450
2026-01-23T02:11:33.902942,Währinger Park,17,345394
2026-01-23T02:11:33.902942,Währinger Park,17,345345
2026-01-23T02:11:33.902942,Währinger Park,17,345895
2026-01-23T02:11:33.902942,Währinger Park,17,345850
2026-01-23T02:11:33.902942,Währinger Park,17,345721
2026-01-23T02:11:33.902942,Währinger Park,17,346267
2026-01-23T02:11:33.902942,Währinger Park,17,346167
2026-01-23T02:11:33.902942,Währinger Park,17,346834
2026-01-23T02:11:33.902942,Währinger Park,17,347269
2026-01-23T02:11:33.902942,Währinger Park,17,347193
2026-01-23T02:11:33.902942,Währinger Park,17,347048
2026-01-23T02:11:33.902942,Währinger Park,17,347985
2026-01-23T02:11:33.902942,Währinger Park,17,347840
2026-01-23T02:11:33.902942,Währinger Park,17,348143
2026-01-23T02:11:33.902942,Währinger Park,17,398732
2026-01-23T02:11:33.902942,Ettenreichgasse / Schulzentrum ,4,349113
2026-01-23T02:11:33.902942,Ettenreichgasse / Schulzentrum ,4,349016
2026-01-23T02:11:33.902942,Ettenreichgasse / Schulzentrum ,4,348977
2026-01-23T02:11:33.902942,Ettenreichgasse / Schulzentrum ,4,349168
2026-01-23T02:11:33.902942,Wendstattgasse,9,345408
2026-01-23T02:11:33.902942,Wendstattgasse,9,346693
2026-01-23T02:11:33.902942,Wendstattgasse,9,346632
2026-01-23T02:11:33.902942,Wendstattgasse,9,347121
2026-01-23T02:11:33.902942,Wendstattgasse,9,347702
2026-01-23T02:11:33.902942,Wendstattgasse,9,347639
2026-01-23T02:11:33.902942,Wendstattgasse,9,348389
2026-01-23T02:11:33.902942,Wendstattgasse,9,398846
2026-01-23T02:11:33.902942,Wendstattgasse,9,398723
2026-01-23T02:11:33.902942,Neilreichgasse,1,347426
2026-01-23T02:11:33.902942,Gutheil-Schoder-Gasse / Badner Bahn,13,345400
2026-01-23T02:11:33.902942,Gutheil-Schoder-Gasse / Badner Bahn,13,345361
2026-01-23T02:11:33.902942,Gutheil-Schoder-Gasse / Badner Bahn,13,345926
2026-01-23T02:11:33.902942,Gutheil-Schoder-Gasse / Badner Bahn,13,345554
2026-01-23T02:11:33.902942,Gutheil-Schoder-Gasse / Badner Bahn,13,346286
2026-01-23T02:11:33.902942,Gutheil-Schoder-Gasse / Badner Bahn,13,346222
2026-01-23T02:11:33.902942,Gutheil-Schoder-Gasse / Badner Bahn,13,346765
2026-01-23T02:11:33.902942,Gutheil-Schoder-Gasse / Badner Bahn,13,347137
2026-01-23T02:11:33.902942,Gutheil-Schoder-Gasse / Badner Bahn,13,348316
2026-01-23T02:11:33.902942,Gutheil-Schoder-Gasse / Badner Bahn,13,348271
2026-01-23T02:11:33.902942,Gutheil-Schoder-Gasse / Badner Bahn,13,348034
2026-01-23T02:11:33.902942,Gutheil-Schoder-Gasse / Badner Bahn,13,398724
2026-01-23T02:11:33.902942,Gutheil-Schoder-Gasse / Badner Bahn,13,349154
2026-01-23T02:11:33.902942,Neu Leopoldau,15,345448
2026-01-23T02:11:33.902942,Neu Leopoldau,15,345174
2026-01-23T02:11:33.902942,Neu Leopoldau,15,346382
2026-01-23T02:11:33.902942,Neu Leopoldau,15,346196
2026-01-23T02:11:33.902942,Neu Leopoldau,15,346726
2026-01-23T02:11:33.902942,Neu Leopoldau,15,346656
2026-01-23T02:11:33.902942,Neu Leopoldau,15,346649
2026-01-23T02:11:33.902942,Neu Leopoldau,15,346615
2026-01-23T02:11:33.902942,Neu Leopoldau,15,346512
2026-01-23T02:11:33.902942,Neu Leopoldau,15,347879
2026-01-23T02:11:33.902942,Neu Leopoldau,15,348164
2026-01-23T02:11:33.902942,Neu Leopoldau,15,348934
2026-01-23T02:11:33.902942,Neu Leopoldau,15,348854
2026-01-23T02:11:33.902942,Neu Leopoldau,15,349169
2026-01-23T02:11:33.902942,Neu Leopoldau,15,349147
2026-01-23T02:11:33.902942,Strebersdorf S,9,345152
2026-01-23T02:11:33.902942,Strebersdorf S,9,345644
2026-01-23T02:11:33.902942,Strebersdorf S,9,345541
2026-01-23T02:11:33.902942,Strebersdorf S,9,346162
2026-01-23T02:11:33.902942,Strebersdorf S,9,346140
2026-01-23T02:11:33.902942,Strebersdorf S,9,346529
2026-01-23T02:11:33.902942,Strebersdorf S,9,347485
2026-01-23T02:11:33.902942,Strebersdorf S,9,347061
2026-01-23T02:11:33.902942,Strebersdorf S,9,348060
2026-01-23T02:11:33.902942,Rodlergasse,9,345454
2026-01-23T02:11:33.902942,Rodlergasse,9,345439
2026-01-23T02:11:33.902942,Rodlergasse,9,346938
2026-01-23T02:11:33.902942,Rodlergasse,9,346787
2026-01-23T02:11:33.902942,Rodlergasse,9,347307
2026-01-23T02:11:33.902942,Rodlergasse,9,347071
2026-01-23T02:11:33.902942,Rodlergasse,9,347997
2026-01-23T02:11:33.902942,Rodlergasse,9,348695
2026-01-23T02:11:33.902942,Rodlergasse,9,348842
2026-01-23T02:11:33.902942,Nussbaumallee,8,345025
2026-01-23T02:11:33.902942,Nussbaumallee,8,345826
2026-01-23T02:11:33.902942,Nussbaumallee,8,345777
2026-01-23T02:11:33.902942,Nussbaumallee,8,345626
2026-01-23T02:11:33.902942,Nussbaumallee,8,346131
2026-01-23T02:11:33.902942,Nussbaumallee,8,346806
2026-01-23T02:11:33.902942,Nussbaumallee,8,348217
2026-01-23T02:11:33.902942,Nussbaumallee,8,348579
2026-01-23T02:11:33.902942,Raxstraße,6,346142
2026-01-23T02:11:33.902942,Raxstraße,6,347066
2026-01-23T02:11:33.902942,Raxstraße,6,347777
2026-01-23T02:11:33.902942,Raxstraße,6,347723
2026-01-23T02:11:33.902942,Raxstraße,6,348358
2026-01-23T02:11:33.902942,Raxstraße,6,348971
2026-01-23T02:11:33.902942,Wattmanngasse,10,345105
2026-01-23T02:11:33.902942,Wattmanngasse,10,345080
2026-01-23T02:11:33.902942,Wattmanngasse,10,346373
2026-01-23T02:11:33.902942,Wattmanngasse,10,346076
2026-01-23T02:11:33.902942,Wattmanngasse,10,346750
2026-01-23T02:11:33.902942,Wattmanngasse,10,347631
2026-01-23T02:11:33.902942,Wattmanngasse,10,348346
2026-01-23T02:11:33.902942,Wattmanngasse,10,398856
2026-01-23T02:11:33.902942,Wattmanngasse,10,349050
2026-01-23T02:11:33.902942,Wattmanngasse,10,348913
2026-01-23T02:11:33.902942,Joachimsthaler Platz,8,345456
2026-01-23T02:11:33.902942,Joachimsthaler Platz,8,345693
2026-01-23T02:11:33.902942,Joachimsthaler Platz,8,345674
2026-01-23T02:11:33.902942,Joachimsthaler Platz,8,345612
2026-01-23T02:11:33.902942,Joachimsthaler Platz,8,346294
2026-01-23T02:11:33.902942,Joachimsthaler Platz,8,346680
2026-01-23T02:11:33.902942,Joachimsthaler Platz,8,347711
2026-01-23T02:11:33.902942,Joachimsthaler Platz,8,348145
2026-01-23T02:11:33.902942,Floridsdorfer Markt,9,346882
2026-01-23T02:11:33.902942,Floridsdorfer Markt,9,346869
2026-01-23T02:11:33.902942,Floridsdorfer Markt,9,346698
2026-01-23T02:11:33.902942,Floridsdorfer Markt,9,346681
2026-01-23T02:11:33.902942,Floridsdorfer Markt,9,347978
2026-01-23T02:11:33.902942,Floridsdorfer Markt,9,347835
2026-01-23T02:11:33.902942,Floridsdorfer Markt,9,347699
2026-01-23T02:11:33.902942,Floridsdorfer Markt,9,348457
2026-01-23T02:11:33.902942,Floridsdorfer Markt,9,348455
2026-01-23T02:11:33.902942,Nussdorf S,1,348019
2026-01-23T02:11:33.902942,Bertha-von-Suttner-Gasse,8,345219
2026-01-23T02:11:33.902942,Bertha-von-Suttner-Gasse,8,345689
2026-01-23T02:11:33.902942,Bertha-von-Suttner-Gasse,8,345527
2026-01-23T02:11:33.902942,Bertha-von-Suttner-Gasse,8,346459
2026-01-23T02:11:33.902942,Bertha-von-Suttner-Gasse,8,346858
2026-01-23T02:11:33.902942,Bertha-von-Suttner-Gasse,8,348146
2026-01-23T02:11:33.902942,Bertha-von-Suttner-Gasse,8,398835
2026-01-23T02:11:33.902942,Bertha-von-Suttner-Gasse,8,349068
2026-01-23T02:11:33.902942,Hauptbahnhof Ost,5,346367
2026-01-23T02:11:33.902942,Hauptbahnhof Ost,5,346625
2026-01-23T02:11:33.902942,Hauptbahnhof Ost,5,346617
2026-01-23T02:11:33.902942,Hauptbahnhof Ost,5,347072
2026-01-23T02:11:33.902942,Hauptbahnhof Ost,5,348617
2026-01-23T02:11:33.902942,FH Technikum,13,345046
2026-01-23T02:11:33.902942,FH Technikum,13,345764
2026-01-23T02:11:33.902942,FH Technikum,13,346447
2026-01-23T02:11:33.902942,FH Technikum,13,346503
2026-01-23T02:11:33.902942,FH Technikum,13,347439
2026-01-23T02:11:33.902942,FH Technikum,13,347357
2026-01-23T02:11:33.902942,FH Technikum,13,347315
2026-01-23T02:11:33.902942,FH Technikum,13,347281
2026-01-23T02:11:33.902942,FH Technikum,13,347882
2026-01-23T02:11:33.902942,FH Technikum,13,347821
2026-01-23T02:11:33.902942,FH Technikum,13,348323
2026-01-23T02:11:33.902942,FH Technikum,13,348298
2026-01-23T02:11:33.902942,FH Technikum,13,349189
2026-01-23T02:11:33.902942,Hafen Wien,11,345991
2026-01-23T02:11:33.902942,Hafen Wien,11,346071
2026-01-23T02:11:33.902942,Hafen Wien,11,346956
2026-01-23T02:11:33.902942,Hafen Wien,11,346944
2026-01-23T02:11:33.902942,Hafen Wien,11,346819
2026-01-23T02:11:33.902942,Hafen Wien,11,347321
2026-01-23T02:11:33.902942,Hafen Wien,11,347095
2026-01-23T02:11:33.902942,Hafen Wien,11,347728
2026-01-23T02:11:33.902942,Hafen Wien,11,347661
2026-01-23T02:11:33.902942,Hafen Wien,11,347589
2026-01-23T02:11:33.902942,Hafen Wien,11,348284
2026-01-23T02:11:33.902942,Hundertwasserhaus,11,346487
2026-01-23T02:11:33.902942,Hundertwasserhaus,11,346074
2026-01-23T02:11:33.902942,Hundertwasserhaus,11,346919
2026-01-23T02:11:33.902942,Hundertwasserhaus,11,346830
2026-01-23T02:11:33.902942,Hundertwasserhaus,11,346789
2026-01-23T02:11:33.902942,Hundertwasserhaus,11,346539
2026-01-23T02:11:33.902942,Hundertwasserhaus,11,346507
2026-01-23T02:11:33.902942,Hundertwasserhaus,11,347666
2026-01-23T02:11:33.902942,Hundertwasserhaus,11,348063
2026-01-23T02:11:33.902942,Hundertwasserhaus,11,348054
2026-01-23T02:11:33.902942,Hundertwasserhaus,11,348668
2026-01-23T02:11:33.902942,Seestadt U - Lina-Bo-Bardi-Platz,2,346023
2026-01-23T02:11:33.902942,Seestadt U - Lina-Bo-Bardi-Platz,2,398855
2026-01-23T02:11:33.902942,Barbara-Prammer-Allee,3,347988
2026-01-23T02:11:33.902942,Barbara-Prammer-Allee,3,348662
2026-01-23T02:11:33.902942,Barbara-Prammer-Allee,3,348596
2026-01-23T02:11:33.902942,Sonnenallee,10,345492
2026-01-23T02:11:33.902942,Sonnenallee,10,345430
2026-01-23T02:11:33.902942,Sonnenallee,10,345917
2026-01-23T02:11:33.902942,Sonnenallee,10,345799
2026-01-23T02:11:33.902942,Sonnenallee,10,346107
2026-01-23T02:11:33.902942,Sonnenallee,10,346782
2026-01-23T02:11:33.902942,Sonnenallee,10,347395
2026-01-23T02:11:33.902942,Sonnenallee,10,347228
2026-01-23T02:11:33.902942,Sonnenallee,10,348258
2026-01-23T02:11:33.902942,Sonnenallee,10,348233
2026-01-23T02:11:33.902942,AIT Austrian Institute of Technology / Giefinggasse ,8,345405
2026-01-23T02:11:33.902942,AIT Austrian Institute of Technology / Giefinggasse ,8,345178
2026-01-23T02:11:33.902942,AIT Austrian Institute of Technology / Giefinggasse ,8,346446
2026-01-23T02:11:33.902942,AIT Austrian Institute of Technology / Giefinggasse ,8,346057
2026-01-23T02:11:33.902942,AIT Austrian Institute of Technology / Giefinggasse ,8,346608
2026-01-23T02:11:33.902942,AIT Austrian Institute of Technology / Giefinggasse ,8,347010
2026-01-23T02:11:33.902942,AIT Austrian Institute of Technology / Giefinggasse ,8,348114
2026-01-23T02:11:33.902942,AIT Austrian Institute of Technology / Giefinggasse ,8,348092
2026-01-23T02:11:33.902942,Blériotgasse,14,345358
2026-01-23T02:11:33.902942,Blériotgasse,14,345307
2026-01-23T02:11:33.902942,Blériotgasse,14,345113
2026-01-23T02:11:33.902942,Blériotgasse,14,345053
2026-01-23T02:11:33.902942,Blériotgasse,14,345904
2026-01-23T02:11:33.902942,Blériotgasse,14,345894
2026-01-23T02:11:33.902942,Blériotgasse,14,346484
2026-01-23T02:11:33.902942,Blériotgasse,14,346298
2026-01-23T02:11:33.902942,Blériotgasse,14,346017
2026-01-23T02:11:33.902942,Blériotgasse,14,346567
2026-01-23T02:11:33.902942,Blériotgasse,14,347317
2026-01-23T02:11:33.902942,Blériotgasse,14,347670
2026-01-23T02:11:33.902942,Blériotgasse,14,348474
2026-01-23T02:11:33.902942,Blériotgasse,14,398818
2026-01-23T02:11:33.902942,Vetmed Haupteingang,1,346031
2026-01-23T02:11:33.902942,Vetmed UB,4,345059
2026-01-23T02:11:33.902942,Vetmed UB,4,346856
2026-01-23T02:11:33.902942,Vetmed UB,4,346705
2026-01-23T02:11:33.902942,Vetmed UB,4,348404
2026-01-23T02:11:33.902942,Rebhanngasse / Nordbahnstrasse,5,346214
2026-01-23T02:11:33.902942,Rebhanngasse / Nordbahnstrasse,5,347883
2026-01-23T02:11:33.902942,Rebhanngasse / Nordbahnstrasse,5,347629
2026-01-23T02:11:33.902942,Rebhanngasse / Nordbahnstrasse,5,347567
2026-01-23T02:11:33.902942,Rebhanngasse / Nordbahnstrasse,5,349025
2026-01-23T02:11:33.902942,Nordbahnstrasse,3,345376
2026-01-23T02:11:33.902942,Nordbahnstrasse,3,347518
2026-01-23T02:11:33.902942,Nordbahnstrasse,3,348882
2026-01-23T02:11:33.902942,BIKE 347026,1,347026
2026-01-23T02:11:33.902942,BIKE 346054,1,346054
2026-01-23T02:11:33.902942,BIKE 346227,1,346227
2026-01-23T02:11:33.902942,BIKE 345594,1,345594
2026-01-23T02:11:33.902942,BIKE 345665,1,345665
2026-01-23T02:11:33.902942,BIKE 347199,1,347199
2026-01-23T02:11:33.902942,BIKE 346325,1,346325
2026-01-23T02:11:33.902942,BIKE 346492,1,346492
2026-01-23T02:11:33.902942,BIKE 348878,1,348878
2026-01-23T02:11:33.902942,BIKE 398790,1,398790
2026-01-23T02:11:33.902942,BIKE 348080,1,348080
2026-01-23T02:11:33.902942,BIKE 346513,1,346513
2026-01-23T02:11:33.902942,BIKE 346038,1,346038
2026-01-23T02:11:33.902942,BIKE 348935,1,348935
2026-01-23T02:11:33.902942,BIKE 348927,1,348927
2026-01-23T02:11:33.902942,BIKE 347958,1,347958
2026-01-23T02:11:33.902942,BIKE 348931,1,348931
2026-01-23T02:11:33.902942,BIKE 345466,1,345466
2026-01-23T02:11:33.902942,BIKE 346449,1,346449
2026-01-23T02:11:33.902942,BIKE 346688,1,346688
2026-01-23T03:54:53.679524,Julius-Raab-Platz,24,345485
2026-01-23T03:54:53.679524,Julius-Raab-Platz,24,345428
2026-01-23T03:54:53.679524,Julius-Raab-Platz,24,345399
2026-01-23T03:54:53.679524,Julius-Raab-Platz,24,345311
2026-01-23T03:54:53.679524,Julius-Raab-Platz,24,345097
2026-01-23T03:54:53.679524,Julius-Raab-Platz,24,345562
2026-01-23T03:54:53.679524,Julius-Raab-Platz,24,346328
2026-01-23T03:54:53.679524,Julius-Raab-Platz,24,346228
2026-01-23T03:54:53.679524,Julius-Raab-Platz,24,346080
2026-01-23T03:54:53.679524,Julius-Raab-Platz,24,346892
2026-01-23T03:54:53.679524,Julius-Raab-Platz,24,346718
2026-01-23T03:54:53.679524,Julius-Raab-Platz,24,347420
2026-01-23T03:54:53.679524,Julius-Raab-Platz,24,347152
2026-01-23T03:54:53.679524,Julius-Raab-Platz,24,347964
2026-01-23T03:54:53.679524,Julius-Raab-Platz,24,347815
2026-01-23T03:54:53.679524,Julius-Raab-Platz,24,347505
2026-01-23T03:54:53.679524,Julius-Raab-Platz,24,348318
2026-01-23T03:54:53.679524,Julius-Raab-Platz,24,348305
2026-01-23T03:54:53.679524,Julius-Raab-Platz,24,348282
2026-01-23T03:54:53.679524,Julius-Raab-Platz,24,348101
2026-01-23T03:54:53.679524,Julius-Raab-Platz,24,348629
2026-01-23T03:54:53.679524,Julius-Raab-Platz,24,348610
2026-01-23T03:54:53.679524,Julius-Raab-Platz,24,398739
2026-01-23T03:54:53.679524,Julius-Raab-Platz,24,398734
2026-01-23T03:54:53.679524,Hoher Markt,26,345415
2026-01-23T03:54:53.679524,Hoher Markt,26,345368
2026-01-23T03:54:53.679524,Hoher Markt,26,345312
2026-01-23T03:54:53.679524,Hoher Markt,26,345885
2026-01-23T03:54:53.679524,Hoher Markt,26,345830
2026-01-23T03:54:53.679524,Hoher Markt,26,345718
2026-01-23T03:54:53.679524,Hoher Markt,26,345677
2026-01-23T03:54:53.679524,Hoher Markt,26,346407
2026-01-23T03:54:53.679524,Hoher Markt,26,346258
2026-01-23T03:54:53.679524,Hoher Markt,26,346926
2026-01-23T03:54:53.679524,Hoher Markt,26,346689
2026-01-23T03:54:53.679524,Hoher Markt,26,346606
2026-01-23T03:54:53.679524,Hoher Markt,26,347499
2026-01-23T03:54:53.679524,Hoher Markt,26,347378
2026-01-23T03:54:53.679524,Hoher Markt,26,347246
2026-01-23T03:54:53.679524,Hoher Markt,26,347823
2026-01-23T03:54:53.679524,Hoher Markt,26,347770
2026-01-23T03:54:53.679524,Hoher Markt,26,347762
2026-01-23T03:54:53.679524,Hoher Markt,26,348410
2026-01-23T03:54:53.679524,Hoher Markt,26,348344
2026-01-23T03:54:53.679524,Hoher Markt,26,348310
2026-01-23T03:54:53.679524,Hoher Markt,26,348602
2026-01-23T03:54:53.679524,Hoher Markt,26,348563
2026-01-23T03:54:53.679524,Hoher Markt,26,398807
2026-01-23T03:54:53.679524,Hoher Markt,26,398784
2026-01-23T03:54:53.679524,Hoher Markt,26,348923
2026-01-23T03:54:53.679524,Oper,24,345477
2026-01-23T03:54:53.679524,Oper,24,345262
2026-01-23T03:54:53.679524,Oper,24,345188
2026-01-23T03:54:53.679524,Oper,24,345907
2026-01-23T03:54:53.679524,Oper,24,345778
2026-01-23T03:54:53.679524,Oper,24,345653
2026-01-23T03:54:53.679524,Oper,24,345620
2026-01-23T03:54:53.679524,Oper,24,346359
2026-01-23T03:54:53.679524,Oper,24,346921
2026-01-23T03:54:53.679524,Oper,24,347442
2026-01-23T03:54:53.679524,Oper,24,347080
2026-01-23T03:54:53.679524,Oper,24,347027
2026-01-23T03:54:53.679524,Oper,24,347805
2026-01-23T03:54:53.679524,Oper,24,347782
2026-01-23T03:54:53.679524,Oper,24,347731
2026-01-23T03:54:53.679524,Oper,24,347616
2026-01-23T03:54:53.679524,Oper,24,347610
2026-01-23T03:54:53.679524,Oper,24,348479
2026-01-23T03:54:53.679524,Oper,24,348206
2026-01-23T03:54:53.679524,Oper,24,348663
2026-01-23T03:54:53.679524,Oper,24,348615
2026-01-23T03:54:53.679524,Oper,24,348545
2026-01-23T03:54:53.679524,Oper,24,398714
2026-01-23T03:54:53.679524,Oper,24,398817
2026-01-23T03:54:53.679524,Volksgarten,9,345333
2026-01-23T03:54:53.679524,Volksgarten,9,345564
2026-01-23T03:54:53.679524,Volksgarten,9,346308
2026-01-23T03:54:53.679524,Volksgarten,9,347341
2026-01-23T03:54:53.679524,Volksgarten,9,347973
2026-01-23T03:54:53.679524,Volksgarten,9,347871
2026-01-23T03:54:53.679524,Volksgarten,9,347743
2026-01-23T03:54:53.679524,Volksgarten,9,347698
2026-01-23T03:54:53.679524,Volksgarten,9,348160
2026-01-23T03:54:53.679524,Stephansplatz U,4,346556
2026-01-23T03:54:53.679524,Stephansplatz U,4,347009
2026-01-23T03:54:53.679524,Stephansplatz U,4,348929
2026-01-23T03:54:53.679524,Stephansplatz U,4,349162
2026-01-23T03:54:53.679524,Taborstraße U,24,345186
2026-01-23T03:54:53.679524,Taborstraße U,24,345117
2026-01-23T03:54:53.679524,Taborstraße U,24,345864
2026-01-23T03:54:53.679524,Taborstraße U,24,345614
2026-01-23T03:54:53.679524,Taborstraße U,24,346476
2026-01-23T03:54:53.679524,Taborstraße U,24,346391
2026-01-23T03:54:53.679524,Taborstraße U,24,346149
2026-01-23T03:54:53.679524,Taborstraße U,24,346019
2026-01-23T03:54:53.679524,Taborstraße U,24,346833
2026-01-23T03:54:53.679524,Taborstraße U,24,346730
2026-01-23T03:54:53.679524,Taborstraße U,24,347486
2026-01-23T03:54:53.679524,Taborstraße U,24,347257
2026-01-23T03:54:53.679524,Taborstraße U,24,347935
2026-01-23T03:54:53.679524,Taborstraße U,24,347915
2026-01-23T03:54:53.679524,Taborstraße U,24,347721
2026-01-23T03:54:53.679524,Taborstraße U,24,347674
2026-01-23T03:54:53.679524,Taborstraße U,24,347652
2026-01-23T03:54:53.679524,Taborstraße U,24,347627
2026-01-23T03:54:53.679524,Taborstraße U,24,347622
2026-01-23T03:54:53.679524,Taborstraße U,24,348190
2026-01-23T03:54:53.679524,Taborstraße U,24,348636
2026-01-23T03:54:53.679524,Taborstraße U,24,348622
2026-01-23T03:54:53.679524,Taborstraße U,24,348584
2026-01-23T03:54:53.679524,Taborstraße U,24,398728
2026-01-23T03:54:53.679524,WU-Campus / Südportalstraße ,10,345169
2026-01-23T03:54:53.679524,WU-Campus / Südportalstraße ,10,345056
2026-01-23T03:54:53.679524,WU-Campus / Südportalstraße ,10,346992
2026-01-23T03:54:53.679524,WU-Campus / Südportalstraße ,10,347393
2026-01-23T03:54:53.679524,WU-Campus / Südportalstraße ,10,347769
2026-01-23T03:54:53.679524,WU-Campus / Südportalstraße ,10,347609
2026-01-23T03:54:53.679524,WU-Campus / Südportalstraße ,10,348445
2026-01-23T03:54:53.679524,WU-Campus / Südportalstraße ,10,348152
2026-01-23T03:54:53.679524,WU-Campus / Südportalstraße ,10,348066
2026-01-23T03:54:53.679524,WU-Campus / Südportalstraße ,10,348556
2026-01-23T03:54:53.679524,Erdberg U,29,345421
2026-01-23T03:54:53.679524,Erdberg U,29,345284
2026-01-23T03:54:53.679524,Erdberg U,29,345248
2026-01-23T03:54:53.679524,Erdberg U,29,345149
2026-01-23T03:54:53.679524,Erdberg U,29,345856
2026-01-23T03:54:53.679524,Erdberg U,29,345779
2026-01-23T03:54:53.679524,Erdberg U,29,346416
2026-01-23T03:54:53.679524,Erdberg U,29,346218
2026-01-23T03:54:53.679524,Erdberg U,29,346098
2026-01-23T03:54:53.679524,Erdberg U,29,346982
2026-01-23T03:54:53.679524,Erdberg U,29,346651
2026-01-23T03:54:53.679524,Erdberg U,29,346612
2026-01-23T03:54:53.679524,Erdberg U,29,347210
2026-01-23T03:54:53.679524,Erdberg U,29,347188
2026-01-23T03:54:53.679524,Erdberg U,29,347030
2026-01-23T03:54:53.679524,Erdberg U,29,347982
2026-01-23T03:54:53.679524,Erdberg U,29,347710
2026-01-23T03:54:53.679524,Erdberg U,29,347659
2026-01-23T03:54:53.679524,Erdberg U,29,348230
2026-01-23T03:54:53.679524,Erdberg U,29,348195
2026-01-23T03:54:53.679524,Erdberg U,29,348127
2026-01-23T03:54:53.679524,Erdberg U,29,348708
2026-01-23T03:54:53.679524,Erdberg U,29,348560
2026-01-23T03:54:53.679524,Erdberg U,29,348543
2026-01-23T03:54:53.679524,Erdberg U,29,398782
2026-01-23T03:54:53.679524,Erdberg U,29,349069
2026-01-23T03:54:53.679524,Erdberg U,29,348942
2026-01-23T03:54:53.679524,Erdberg U,29,348850
2026-01-23T03:54:53.679524,Erdberg U,29,348825
2026-01-23T03:54:53.679524,Media Quarter Marx,15,346272
2026-01-23T03:54:53.679524,Media Quarter Marx,15,346264
2026-01-23T03:54:53.679524,Media Quarter Marx,15,346215
2026-01-23T03:54:53.679524,Media Quarter Marx,15,346577
2026-01-23T03:54:53.679524,Media Quarter Marx,15,347380
2026-01-23T03:54:53.679524,Media Quarter Marx,15,347168
2026-01-23T03:54:53.679524,Media Quarter Marx,15,347135
2026-01-23T03:54:53.679524,Media Quarter Marx,15,347116
2026-01-23T03:54:53.679524,Media Quarter Marx,15,347756
2026-01-23T03:54:53.679524,Media Quarter Marx,15,348426
2026-01-23T03:54:53.679524,Media Quarter Marx,15,348594
2026-01-23T03:54:53.679524,Media Quarter Marx,15,348569
2026-01-23T03:54:53.679524,Media Quarter Marx,15,398849
2026-01-23T03:54:53.679524,Media Quarter Marx,15,398810
2026-01-23T03:54:53.679524,Media Quarter Marx,15,398775
2026-01-23T03:54:53.679524,Rennweg S,5,346126
2026-01-23T03:54:53.679524,Rennweg S,5,347996
2026-01-23T03:54:53.679524,Rennweg S,5,348484
2026-01-23T03:54:53.679524,Rennweg S,5,348928
2026-01-23T03:54:53.679524,Rennweg S,5,348891
2026-01-23T03:54:53.679524,Rochusmarkt,8,345482
2026-01-23T03:54:53.679524,Rochusmarkt,8,345036
2026-01-23T03:54:53.679524,Rochusmarkt,8,346990
2026-01-23T03:54:53.679524,Rochusmarkt,8,346607
2026-01-23T03:54:53.679524,Rochusmarkt,8,347867
2026-01-23T03:54:53.679524,Rochusmarkt,8,398824
2026-01-23T03:54:53.679524,Rochusmarkt,8,349101
2026-01-23T03:54:53.679524,Rochusmarkt,8,348981
2026-01-23T03:54:53.679524,Schwarzenbergplatz,21,345458
2026-01-23T03:54:53.679524,Schwarzenbergplatz,21,345154
2026-01-23T03:54:53.679524,Schwarzenbergplatz,21,345670
2026-01-23T03:54:53.679524,Schwarzenbergplatz,21,346242
2026-01-23T03:54:53.679524,Schwarzenbergplatz,21,346174
2026-01-23T03:54:53.679524,Schwarzenbergplatz,21,346151
2026-01-23T03:54:53.679524,Schwarzenbergplatz,21,346701
2026-01-23T03:54:53.679524,Schwarzenbergplatz,21,346580
2026-01-23T03:54:53.679524,Schwarzenbergplatz,21,346578
2026-01-23T03:54:53.679524,Schwarzenbergplatz,21,346528
2026-01-23T03:54:53.679524,Schwarzenbergplatz,21,347416
2026-01-23T03:54:53.679524,Schwarzenbergplatz,21,347360
2026-01-23T03:54:53.679524,Schwarzenbergplatz,21,347167
2026-01-23T03:54:53.679524,Schwarzenbergplatz,21,347938
2026-01-23T03:54:53.679524,Schwarzenbergplatz,21,347677
2026-01-23T03:54:53.679524,Schwarzenbergplatz,21,347633
2026-01-23T03:54:53.679524,Schwarzenbergplatz,21,347581
2026-01-23T03:54:53.679524,Schwarzenbergplatz,21,347571
2026-01-23T03:54:53.679524,Schwarzenbergplatz,21,348471
2026-01-23T03:54:53.679524,Schwarzenbergplatz,21,348572
2026-01-23T03:54:53.679524,Schwarzenbergplatz,21,398857
2026-01-23T03:54:53.679524,Heumühlgasse,20,345444
2026-01-23T03:54:53.679524,Heumühlgasse,20,345272
2026-01-23T03:54:53.679524,Heumühlgasse,20,345953
2026-01-23T03:54:53.679524,Heumühlgasse,20,346332
2026-01-23T03:54:53.679524,Heumühlgasse,20,346275
2026-01-23T03:54:53.679524,Heumühlgasse,20,346146
2026-01-23T03:54:53.679524,Heumühlgasse,20,346637
2026-01-23T03:54:53.679524,Heumühlgasse,20,347356
2026-01-23T03:54:53.679524,Heumühlgasse,20,347212
2026-01-23T03:54:53.679524,Heumühlgasse,20,347165
2026-01-23T03:54:53.679524,Heumühlgasse,20,347119
2026-01-23T03:54:53.679524,Heumühlgasse,20,347975
2026-01-23T03:54:53.679524,Heumühlgasse,20,347683
2026-01-23T03:54:53.679524,Heumühlgasse,20,347546
2026-01-23T03:54:53.679524,Heumühlgasse,20,347501
2026-01-23T03:54:53.679524,Heumühlgasse,20,347500
2026-01-23T03:54:53.679524,Heumühlgasse,20,348403
2026-01-23T03:54:53.679524,Heumühlgasse,20,348113
2026-01-23T03:54:53.679524,Heumühlgasse,20,348667
2026-01-23T03:54:53.679524,Heumühlgasse,20,349047
2026-01-23T03:54:53.679524,Margaretengürtel U,14,345409
2026-01-23T03:54:53.679524,Margaretengürtel U,14,345165
2026-01-23T03:54:53.679524,Margaretengürtel U,14,345740
2026-01-23T03:54:53.679524,Margaretengürtel U,14,345682
2026-01-23T03:54:53.679524,Margaretengürtel U,14,345572
2026-01-23T03:54:53.679524,Margaretengürtel U,14,346260
2026-01-23T03:54:53.679524,Margaretengürtel U,14,346213
2026-01-23T03:54:53.679524,Margaretengürtel U,14,346648
2026-01-23T03:54:53.679524,Margaretengürtel U,14,346541
2026-01-23T03:54:53.679524,Margaretengürtel U,14,346535
2026-01-23T03:54:53.679524,Margaretengürtel U,14,348088
2026-01-23T03:54:53.679524,Margaretengürtel U,14,348664
2026-01-23T03:54:53.679524,Margaretengürtel U,14,398814
2026-01-23T03:54:53.679524,Margaretengürtel U,14,398811
2026-01-23T03:54:53.679524,Mittersteig,17,345300
2026-01-23T03:54:53.679524,Mittersteig,17,345098
2026-01-23T03:54:53.679524,Mittersteig,17,345055
2026-01-23T03:54:53.679524,Mittersteig,17,345806
2026-01-23T03:54:53.679524,Mittersteig,17,345691
2026-01-23T03:54:53.679524,Mittersteig,17,345604
2026-01-23T03:54:53.679524,Mittersteig,17,345582
2026-01-23T03:54:53.679524,Mittersteig,17,346360
2026-01-23T03:54:53.679524,Mittersteig,17,346355
2026-01-23T03:54:53.679524,Mittersteig,17,346230
2026-01-23T03:54:53.679524,Mittersteig,17,346898
2026-01-23T03:54:53.679524,Mittersteig,17,347820
2026-01-23T03:54:53.679524,Mittersteig,17,347708
2026-01-23T03:54:53.679524,Mittersteig,17,347558
2026-01-23T03:54:53.679524,Mittersteig,17,348325
2026-01-23T03:54:53.679524,Mittersteig,17,348165
2026-01-23T03:54:53.679524,Mittersteig,17,348147
2026-01-23T03:54:53.679524,Ceija-Stojka-Platz,9,345930
2026-01-23T03:54:53.679524,Ceija-Stojka-Platz,9,345537
2026-01-23T03:54:53.679524,Ceija-Stojka-Platz,9,346785
2026-01-23T03:54:53.679524,Ceija-Stojka-Platz,9,347331
2026-01-23T03:54:53.679524,Ceija-Stojka-Platz,9,347734
2026-01-23T03:54:53.679524,Ceija-Stojka-Platz,9,348151
2026-01-23T03:54:53.679524,Ceija-Stojka-Platz,9,348093
2026-01-23T03:54:53.679524,Ceija-Stojka-Platz,9,349032
2026-01-23T03:54:53.679524,Ceija-Stojka-Platz,9,349161
2026-01-23T03:54:53.679524,Volkstheater U,24,345463
2026-01-23T03:54:53.679524,Volkstheater U,24,345461
2026-01-23T03:54:53.679524,Volkstheater U,24,345135
2026-01-23T03:54:53.679524,Volkstheater U,24,345838
2026-01-23T03:54:53.679524,Volkstheater U,24,345686
2026-01-23T03:54:53.679524,Volkstheater U,24,345684
2026-01-23T03:54:53.679524,Volkstheater U,24,345600
2026-01-23T03:54:53.679524,Volkstheater U,24,346307
2026-01-23T03:54:53.679524,Volkstheater U,24,346290
2026-01-23T03:54:53.679524,Volkstheater U,24,346536
2026-01-23T03:54:53.679524,Volkstheater U,24,346533
2026-01-23T03:54:53.679524,Volkstheater U,24,347241
2026-01-23T03:54:53.679524,Volkstheater U,24,347207
2026-01-23T03:54:53.679524,Volkstheater U,24,347203
2026-01-23T03:54:53.679524,Volkstheater U,24,347163
2026-01-23T03:54:53.679524,Volkstheater U,24,347992
2026-01-23T03:54:53.679524,Volkstheater U,24,347965
2026-01-23T03:54:53.679524,Volkstheater U,24,347562
2026-01-23T03:54:53.679524,Volkstheater U,24,348270
2026-01-23T03:54:53.679524,Volkstheater U,24,348155
2026-01-23T03:54:53.679524,Volkstheater U,24,348603
2026-01-23T03:54:53.679524,Volkstheater U,24,348595
2026-01-23T03:54:53.679524,Volkstheater U,24,348538
2026-01-23T03:54:53.679524,Volkstheater U,24,349149
2026-01-23T03:54:53.679524,Zieglergasse U,17,345998
2026-01-23T03:54:53.679524,Zieglergasse U,17,345727
2026-01-23T03:54:53.679524,Zieglergasse U,17,346396
2026-01-23T03:54:53.679524,Zieglergasse U,17,346383
2026-01-23T03:54:53.679524,Zieglergasse U,17,346201
2026-01-23T03:54:53.679524,Zieglergasse U,17,346825
2026-01-23T03:54:53.679524,Zieglergasse U,17,346820
2026-01-23T03:54:53.679524,Zieglergasse U,17,346650
2026-01-23T03:54:53.679524,Zieglergasse U,17,346568
2026-01-23T03:54:53.679524,Zieglergasse U,17,347373
2026-01-23T03:54:53.679524,Zieglergasse U,17,347159
2026-01-23T03:54:53.679524,Zieglergasse U,17,347003
2026-01-23T03:54:53.679524,Zieglergasse U,17,347847
2026-01-23T03:54:53.679524,Zieglergasse U,17,348293
2026-01-23T03:54:53.679524,Zieglergasse U,17,348283
2026-01-23T03:54:53.679524,Zieglergasse U,17,348582
2026-01-23T03:54:53.679524,Zieglergasse U,17,348840
2026-01-23T03:54:53.679524,Oskar-Morgenstern-Platz,13,345029
2026-01-23T03:54:53.679524,Oskar-Morgenstern-Platz,13,345920
2026-01-23T03:54:53.679524,Oskar-Morgenstern-Platz,13,345576
2026-01-23T03:54:53.679524,Oskar-Morgenstern-Platz,13,346691
2026-01-23T03:54:53.679524,Oskar-Morgenstern-Platz,13,346590
2026-01-23T03:54:53.679524,Oskar-Morgenstern-Platz,13,347288
2026-01-23T03:54:53.679524,Oskar-Morgenstern-Platz,13,347174
2026-01-23T03:54:53.679524,Oskar-Morgenstern-Platz,13,347881
2026-01-23T03:54:53.679524,Oskar-Morgenstern-Platz,13,347843
2026-01-23T03:54:53.679524,Oskar-Morgenstern-Platz,13,347798
2026-01-23T03:54:53.679524,Oskar-Morgenstern-Platz,13,348568
2026-01-23T03:54:53.679524,Oskar-Morgenstern-Platz,13,398841
2026-01-23T03:54:53.679524,Oskar-Morgenstern-Platz,13,348844
2026-01-23T03:54:53.679524,Frankhplatz,15,345264
2026-01-23T03:54:53.679524,Frankhplatz,15,345037
2026-01-23T03:54:53.679524,Frankhplatz,15,345983
2026-01-23T03:54:53.679524,Frankhplatz,15,346292
2026-01-23T03:54:53.679524,Frankhplatz,15,346663
2026-01-23T03:54:53.679524,Frankhplatz,15,347428
2026-01-23T03:54:53.679524,Frankhplatz,15,347388
2026-01-23T03:54:53.679524,Frankhplatz,15,347320
2026-01-23T03:54:53.679524,Frankhplatz,15,347296
2026-01-23T03:54:53.679524,Frankhplatz,15,347070
2026-01-23T03:54:53.679524,Frankhplatz,15,347067
2026-01-23T03:54:53.679524,Frankhplatz,15,347021
2026-01-23T03:54:53.679524,Frankhplatz,15,347628
2026-01-23T03:54:53.679524,Frankhplatz,15,347626
2026-01-23T03:54:53.679524,Frankhplatz,15,348059
2026-01-23T03:54:53.679524,Friedensbrücke U,10,345459
2026-01-23T03:54:53.679524,Friedensbrücke U,10,345304
2026-01-23T03:54:53.679524,Friedensbrücke U,10,346335
2026-01-23T03:54:53.679524,Friedensbrücke U,10,346265
2026-01-23T03:54:53.679524,Friedensbrücke U,10,346195
2026-01-23T03:54:53.679524,Friedensbrücke U,10,346090
2026-01-23T03:54:53.679524,Friedensbrücke U,10,346949
2026-01-23T03:54:53.679524,Friedensbrücke U,10,346896
2026-01-23T03:54:53.679524,Friedensbrücke U,10,346857
2026-01-23T03:54:53.679524,Friedensbrücke U,10,347379
2026-01-23T03:54:53.679524,Spittelau S U,13,345855
2026-01-23T03:54:53.679524,Spittelau S U,13,345726
2026-01-23T03:54:53.679524,Spittelau S U,13,346450
2026-01-23T03:54:53.679524,Spittelau S U,13,346065
2026-01-23T03:54:53.679524,Spittelau S U,13,346917
2026-01-23T03:54:53.679524,Spittelau S U,13,346832
2026-01-23T03:54:53.679524,Spittelau S U,13,346793
2026-01-23T03:54:53.679524,Spittelau S U,13,347100
2026-01-23T03:54:53.679524,Spittelau S U,13,347824
2026-01-23T03:54:53.679524,Spittelau S U,13,347771
2026-01-23T03:54:53.679524,Spittelau S U,13,348453
2026-01-23T03:54:53.679524,Spittelau S U,13,348021
2026-01-23T03:54:53.679524,Spittelau S U,13,348586
2026-01-23T03:54:53.679524,Absbergbrücke ,26,345270
2026-01-23T03:54:53.679524,Absbergbrücke ,26,345076
2026-01-23T03:54:53.679524,Absbergbrücke ,26,345987
2026-01-23T03:54:53.679524,Absbergbrücke ,26,345967
2026-01-23T03:54:53.679524,Absbergbrücke ,26,345861
2026-01-23T03:54:53.679524,Absbergbrücke ,26,345696
2026-01-23T03:54:53.679524,Absbergbrücke ,26,345639
2026-01-23T03:54:53.679524,Absbergbrücke ,26,346368
2026-01-23T03:54:53.679524,Absbergbrücke ,26,346270
2026-01-23T03:54:53.679524,Absbergbrücke ,26,346970
2026-01-23T03:54:53.679524,Absbergbrücke ,26,346945
2026-01-23T03:54:53.679524,Absbergbrücke ,26,346904
2026-01-23T03:54:53.679524,Absbergbrücke ,26,347094
2026-01-23T03:54:53.679524,Absbergbrücke ,26,347793
2026-01-23T03:54:53.679524,Absbergbrücke ,26,347590
2026-01-23T03:54:53.679524,Absbergbrücke ,26,348159
2026-01-23T03:54:53.679524,Absbergbrücke ,26,348620
2026-01-23T03:54:53.679524,Absbergbrücke ,26,348558
2026-01-23T03:54:53.679524,Absbergbrücke ,26,348521
2026-01-23T03:54:53.679524,Absbergbrücke ,26,349105
2026-01-23T03:54:53.679524,Absbergbrücke ,26,349018
2026-01-23T03:54:53.679524,Absbergbrücke ,26,348896
2026-01-23T03:54:53.679524,Absbergbrücke ,26,348886
2026-01-23T03:54:53.679524,Absbergbrücke ,26,348841
2026-01-23T03:54:53.679524,Absbergbrücke ,26,349157
2026-01-23T03:54:53.679524,Absbergbrücke ,26,349121
2026-01-23T03:54:53.679524,Altes Landgut U,23,345427
2026-01-23T03:54:53.679524,Altes Landgut U,23,345426
2026-01-23T03:54:53.679524,Altes Landgut U,23,345147
2026-01-23T03:54:53.679524,Altes Landgut U,23,345916
2026-01-23T03:54:53.679524,Altes Landgut U,23,345749
2026-01-23T03:54:53.679524,Altes Landgut U,23,346467
2026-01-23T03:54:53.679524,Altes Landgut U,23,346464
2026-01-23T03:54:53.679524,Altes Landgut U,23,346185
2026-01-23T03:54:53.679524,Altes Landgut U,23,346102
2026-01-23T03:54:53.679524,Altes Landgut U,23,346993
2026-01-23T03:54:53.679524,Altes Landgut U,23,346812
2026-01-23T03:54:53.679524,Altes Landgut U,23,346522
2026-01-23T03:54:53.679524,Altes Landgut U,23,347383
2026-01-23T03:54:53.679524,Altes Landgut U,23,347156
2026-01-23T03:54:53.679524,Altes Landgut U,23,347946
2026-01-23T03:54:53.679524,Altes Landgut U,23,347643
2026-01-23T03:54:53.679524,Altes Landgut U,23,347555
2026-01-23T03:54:53.679524,Altes Landgut U,23,348326
2026-01-23T03:54:53.679524,Altes Landgut U,23,348221
2026-01-23T03:54:53.679524,Altes Landgut U,23,348209
2026-01-23T03:54:53.679524,Altes Landgut U,23,348150
2026-01-23T03:54:53.679524,Altes Landgut U,23,348087
2026-01-23T03:54:53.679524,Altes Landgut U,23,348070
2026-01-23T03:54:53.679524,Bloch-Bauer-Promenade,4,346113
2026-01-23T03:54:53.679524,Bloch-Bauer-Promenade,4,347834
2026-01-23T03:54:53.679524,Bloch-Bauer-Promenade,4,348055
2026-01-23T03:54:53.679524,Bloch-Bauer-Promenade,4,348522
2026-01-23T03:54:53.679524,Hauptbahnhof S U ,29,345440
2026-01-23T03:54:53.679524,Hauptbahnhof S U ,29,345389
2026-01-23T03:54:53.679524,Hauptbahnhof S U ,29,345232
2026-01-23T03:54:53.679524,Hauptbahnhof S U ,29,345181
2026-01-23T03:54:53.679524,Hauptbahnhof S U ,29,345085
2026-01-23T03:54:53.679524,Hauptbahnhof S U ,29,345064
2026-01-23T03:54:53.679524,Hauptbahnhof S U ,29,345936
2026-01-23T03:54:53.679524,Hauptbahnhof S U ,29,345931
2026-01-23T03:54:53.679524,Hauptbahnhof S U ,29,345725
2026-01-23T03:54:53.679524,Hauptbahnhof S U ,29,345649
2026-01-23T03:54:53.679524,Hauptbahnhof S U ,29,346323
2026-01-23T03:54:53.679524,Hauptbahnhof S U ,29,346052
2026-01-23T03:54:53.679524,Hauptbahnhof S U ,29,347404
2026-01-23T03:54:53.679524,Hauptbahnhof S U ,29,347215
2026-01-23T03:54:53.679524,Hauptbahnhof S U ,29,347211
2026-01-23T03:54:53.679524,Hauptbahnhof S U ,29,347766
2026-01-23T03:54:53.679524,Hauptbahnhof S U ,29,348074
2026-01-23T03:54:53.679524,Hauptbahnhof S U ,29,348024
2026-01-23T03:54:53.679524,Hauptbahnhof S U ,29,348520
2026-01-23T03:54:53.679524,Hauptbahnhof S U ,29,398829
2026-01-23T03:54:53.679524,Hauptbahnhof S U ,29,349089
2026-01-23T03:54:53.679524,Hauptbahnhof S U ,29,349079
2026-01-23T03:54:53.679524,Hauptbahnhof S U ,29,348917
2026-01-23T03:54:53.679524,Hauptbahnhof S U ,29,348868
2026-01-23T03:54:53.679524,Hauptbahnhof S U ,29,348862
2026-01-23T03:54:53.679524,Hauptbahnhof S U ,29,348855
2026-01-23T03:54:53.679524,Hauptbahnhof S U ,29,348816
2026-01-23T03:54:53.679524,Hauptbahnhof S U ,29,348810
2026-01-23T03:54:53.679524,Hauptbahnhof S U ,29,349155
2026-01-23T03:54:53.679524,Keplerplatz U,7,345388
2026-01-23T03:54:53.679524,Keplerplatz U,7,345258
2026-01-23T03:54:53.679524,Keplerplatz U,7,345137
2026-01-23T03:54:53.679524,Keplerplatz U,7,345650
2026-01-23T03:54:53.679524,Keplerplatz U,7,346448
2026-01-23T03:54:53.679524,Keplerplatz U,7,348232
2026-01-23T03:54:53.679524,Keplerplatz U,7,348802
2026-01-23T03:54:53.679524,Puchsbaumgasse,7,345367
2026-01-23T03:54:53.679524,Puchsbaumgasse,7,345213
2026-01-23T03:54:53.679524,Puchsbaumgasse,7,345061
2026-01-23T03:54:53.679524,Puchsbaumgasse,7,346253
2026-01-23T03:54:53.679524,Puchsbaumgasse,7,346716
2026-01-23T03:54:53.679524,Puchsbaumgasse,7,348345
2026-01-23T03:54:53.679524,Puchsbaumgasse,7,349095
2026-01-23T03:54:53.679524,Enkplatz U,10,345175
2026-01-23T03:54:53.679524,Enkplatz U,10,345676
2026-01-23T03:54:53.679524,Enkplatz U,10,345524
2026-01-23T03:54:53.679524,Enkplatz U,10,346978
2026-01-23T03:54:53.679524,Enkplatz U,10,346836
2026-01-23T03:54:53.679524,Enkplatz U,10,347488
2026-01-23T03:54:53.679524,Enkplatz U,10,347375
2026-01-23T03:54:53.679524,Enkplatz U,10,347519
2026-01-23T03:54:53.679524,Enkplatz U,10,348707
2026-01-23T03:54:53.679524,Enkplatz U,10,348653
2026-01-23T03:54:53.679524,Gasometer U,26,346392
2026-01-23T03:54:53.679524,Gasometer U,26,346177
2026-01-23T03:54:53.679524,Gasometer U,26,346068
2026-01-23T03:54:53.679524,Gasometer U,26,346056
2026-01-23T03:54:53.679524,Gasometer U,26,346002
2026-01-23T03:54:53.679524,Gasometer U,26,346700
2026-01-23T03:54:53.679524,Gasometer U,26,346588
2026-01-23T03:54:53.679524,Gasometer U,26,346553
2026-01-23T03:54:53.679524,Gasometer U,26,346530
2026-01-23T03:54:53.679524,Gasometer U,26,346516
2026-01-23T03:54:53.679524,Gasometer U,26,346506
2026-01-23T03:54:53.679524,Gasometer U,26,347408
2026-01-23T03:54:53.679524,Gasometer U,26,347397
2026-01-23T03:54:53.679524,Gasometer U,26,347227
2026-01-23T03:54:53.679524,Gasometer U,26,347668
2026-01-23T03:54:53.679524,Gasometer U,26,347556
2026-01-23T03:54:53.679524,Gasometer U,26,347525
2026-01-23T03:54:53.679524,Gasometer U,26,348487
2026-01-23T03:54:53.679524,Gasometer U,26,348469
2026-01-23T03:54:53.679524,Gasometer U,26,348374
2026-01-23T03:54:53.679524,Gasometer U,26,348000
2026-01-23T03:54:53.679524,Gasometer U,26,348706
2026-01-23T03:54:53.679524,Gasometer U,26,348705
2026-01-23T03:54:53.679524,Gasometer U,26,348638
2026-01-23T03:54:53.679524,Gasometer U,26,348605
2026-01-23T03:54:53.679524,Gasometer U,26,398771
2026-01-23T03:54:53.679524,Geiselbergstraße S,8,345476
2026-01-23T03:54:53.679524,Geiselbergstraße S,8,345935
2026-01-23T03:54:53.679524,Geiselbergstraße S,8,345743
2026-01-23T03:54:53.679524,Geiselbergstraße S,8,346164
2026-01-23T03:54:53.679524,Geiselbergstraße S,8,346573
2026-01-23T03:54:53.679524,Geiselbergstraße S,8,347256
2026-01-23T03:54:53.679524,Geiselbergstraße S,8,347148
2026-01-23T03:54:53.679524,Geiselbergstraße S,8,348516
2026-01-23T03:54:53.679524,Simmering S U,9,346394
2026-01-23T03:54:53.679524,Simmering S U,9,346284
2026-01-23T03:54:53.679524,Simmering S U,9,346148
2026-01-23T03:54:53.679524,Simmering S U,9,346988
2026-01-23T03:54:53.679524,Simmering S U,9,347339
2026-01-23T03:54:53.679524,Simmering S U,9,347040
2026-01-23T03:54:53.679524,Simmering S U,9,348656
2026-01-23T03:54:53.679524,Simmering S U,9,348601
2026-01-23T03:54:53.679524,Simmering S U,9,348570
2026-01-23T03:54:53.679524,Niederhofstraße U,5,345282
2026-01-23T03:54:53.679524,Niederhofstraße U,5,345515
2026-01-23T03:54:53.679524,Niederhofstraße U,5,347995
2026-01-23T03:54:53.679524,Niederhofstraße U,5,348328
2026-01-23T03:54:53.679524,Niederhofstraße U,5,398743
2026-01-23T03:54:53.679524,Hietzing U,30,345490
2026-01-23T03:54:53.679524,Hietzing U,30,345443
2026-01-23T03:54:53.679524,Hietzing U,30,345194
2026-01-23T03:54:53.679524,Hietzing U,30,345836
2026-01-23T03:54:53.679524,Hietzing U,30,345632
2026-01-23T03:54:53.679524,Hietzing U,30,345578
2026-01-23T03:54:53.679524,Hietzing U,30,346350
2026-01-23T03:54:53.679524,Hietzing U,30,346314
2026-01-23T03:54:53.679524,Hietzing U,30,346280
2026-01-23T03:54:53.679524,Hietzing U,30,346187
2026-01-23T03:54:53.679524,Hietzing U,30,346060
2026-01-23T03:54:53.679524,Hietzing U,30,346045
2026-01-23T03:54:53.679524,Hietzing U,30,346983
2026-01-23T03:54:53.679524,Hietzing U,30,346902
2026-01-23T03:54:53.679524,Hietzing U,30,346774
2026-01-23T03:54:53.679524,Hietzing U,30,346679
2026-01-23T03:54:53.679524,Hietzing U,30,347059
2026-01-23T03:54:53.679524,Hietzing U,30,347898
2026-01-23T03:54:53.679524,Hietzing U,30,347892
2026-01-23T03:54:53.679524,Hietzing U,30,347888
2026-01-23T03:54:53.679524,Hietzing U,30,347825
2026-01-23T03:54:53.679524,Hietzing U,30,347789
2026-01-23T03:54:53.679524,Hietzing U,30,347560
2026-01-23T03:54:53.679524,Hietzing U,30,348466
2026-01-23T03:54:53.679524,Hietzing U,30,348417
2026-01-23T03:54:53.679524,Hietzing U,30,348281
2026-01-23T03:54:53.679524,Hietzing U,30,348575
2026-01-23T03:54:53.679524,Hietzing U,30,398831
2026-01-23T03:54:53.679524,Hietzing U,30,398744
2026-01-23T03:54:53.679524,Hietzing U,30,348987
2026-01-23T03:54:53.679524,Westbahnhof S U,30,345243
2026-01-23T03:54:53.679524,Westbahnhof S U,30,345159
2026-01-23T03:54:53.679524,Westbahnhof S U,30,345119
2026-01-23T03:54:53.679524,Westbahnhof S U,30,345833
2026-01-23T03:54:53.679524,Westbahnhof S U,30,345822
2026-01-23T03:54:53.679524,Westbahnhof S U,30,345645
2026-01-23T03:54:53.679524,Westbahnhof S U,30,345630
2026-01-23T03:54:53.679524,Westbahnhof S U,30,345577
2026-01-23T03:54:53.679524,Westbahnhof S U,30,345523
2026-01-23T03:54:53.679524,Westbahnhof S U,30,346375
2026-01-23T03:54:53.679524,Westbahnhof S U,30,346209
2026-01-23T03:54:53.679524,Westbahnhof S U,30,346077
2026-01-23T03:54:53.679524,Westbahnhof S U,30,346024
2026-01-23T03:54:53.679524,Westbahnhof S U,30,346015
2026-01-23T03:54:53.679524,Westbahnhof S U,30,346865
2026-01-23T03:54:53.679524,Westbahnhof S U,30,346646
2026-01-23T03:54:53.679524,Westbahnhof S U,30,346566
2026-01-23T03:54:53.679524,Westbahnhof S U,30,347405
2026-01-23T03:54:53.679524,Westbahnhof S U,30,347664
2026-01-23T03:54:53.679524,Westbahnhof S U,30,348406
2026-01-23T03:54:53.679524,Westbahnhof S U,30,348385
2026-01-23T03:54:53.679524,Westbahnhof S U,30,348384
2026-01-23T03:54:53.679524,Westbahnhof S U,30,348333
2026-01-23T03:54:53.679524,Westbahnhof S U,30,348272
2026-01-23T03:54:53.679524,Westbahnhof S U,30,348134
2026-01-23T03:54:53.679524,Westbahnhof S U,30,348131
2026-01-23T03:54:53.679524,Westbahnhof S U,30,348110
2026-01-23T03:54:53.679524,Westbahnhof S U,30,348551
2026-01-23T03:54:53.679524,Westbahnhof S U,30,348540
2026-01-23T03:54:53.679524,Westbahnhof S U,30,348881
2026-01-23T03:54:53.679524,Richard-Wagner-Platz,34,345480
2026-01-23T03:54:53.679524,Richard-Wagner-Platz,34,345407
2026-01-23T03:54:53.679524,Richard-Wagner-Platz,34,345398
2026-01-23T03:54:53.679524,Richard-Wagner-Platz,34,345230
2026-01-23T03:54:53.679524,Richard-Wagner-Platz,34,345129
2026-01-23T03:54:53.679524,Richard-Wagner-Platz,34,345124
2026-01-23T03:54:53.679524,Richard-Wagner-Platz,34,345093
2026-01-23T03:54:53.679524,Richard-Wagner-Platz,34,345016
2026-01-23T03:54:53.679524,Richard-Wagner-Platz,34,345913
2026-01-23T03:54:53.679524,Richard-Wagner-Platz,34,345722
2026-01-23T03:54:53.679524,Richard-Wagner-Platz,34,346376
2026-01-23T03:54:53.679524,Richard-Wagner-Platz,34,346034
2026-01-23T03:54:53.679524,Richard-Wagner-Platz,34,346721
2026-01-23T03:54:53.679524,Richard-Wagner-Platz,34,346717
2026-01-23T03:54:53.679524,Richard-Wagner-Platz,34,346657
2026-01-23T03:54:53.679524,Richard-Wagner-Platz,34,346633
2026-01-23T03:54:53.679524,Richard-Wagner-Platz,34,346501
2026-01-23T03:54:53.679524,Richard-Wagner-Platz,34,347302
2026-01-23T03:54:53.679524,Richard-Wagner-Platz,34,347113
2026-01-23T03:54:53.679524,Richard-Wagner-Platz,34,347035
2026-01-23T03:54:53.679524,Richard-Wagner-Platz,34,347004
2026-01-23T03:54:53.679524,Richard-Wagner-Platz,34,347910
2026-01-23T03:54:53.679524,Richard-Wagner-Platz,34,347887
2026-01-23T03:54:53.679524,Richard-Wagner-Platz,34,347862
2026-01-23T03:54:53.679524,Richard-Wagner-Platz,34,347817
2026-01-23T03:54:53.679524,Richard-Wagner-Platz,34,347733
2026-01-23T03:54:53.679524,Richard-Wagner-Platz,34,347644
2026-01-23T03:54:53.679524,Richard-Wagner-Platz,34,348306
2026-01-23T03:54:53.679524,Richard-Wagner-Platz,34,348231
2026-01-23T03:54:53.679524,Richard-Wagner-Platz,34,348181
2026-01-23T03:54:53.679524,Richard-Wagner-Platz,34,348170
2026-01-23T03:54:53.679524,Richard-Wagner-Platz,34,348108
2026-01-23T03:54:53.679524,Richard-Wagner-Platz,34,348078
2026-01-23T03:54:53.679524,Richard-Wagner-Platz,34,348641
2026-01-23T03:54:53.679524,Alser Straße U,20,345383
2026-01-23T03:54:53.679524,Alser Straße U,20,345924
2026-01-23T03:54:53.679524,Alser Straße U,20,345662
2026-01-23T03:54:53.679524,Alser Straße U,20,345610
2026-01-23T03:54:53.679524,Alser Straße U,20,345593
2026-01-23T03:54:53.679524,Alser Straße U,20,345573
2026-01-23T03:54:53.679524,Alser Straße U,20,345543
2026-01-23T03:54:53.679524,Alser Straße U,20,346312
2026-01-23T03:54:53.679524,Alser Straße U,20,346181
2026-01-23T03:54:53.679524,Alser Straße U,20,346156
2026-01-23T03:54:53.679524,Alser Straße U,20,346947
2026-01-23T03:54:53.679524,Alser Straße U,20,346752
2026-01-23T03:54:53.679524,Alser Straße U,20,346561
2026-01-23T03:54:53.679524,Alser Straße U,20,347432
2026-01-23T03:54:53.679524,Alser Straße U,20,347311
2026-01-23T03:54:53.679524,Alser Straße U,20,347186
2026-01-23T03:54:53.679524,Alser Straße U,20,347507
2026-01-23T03:54:53.679524,Alser Straße U,20,348266
2026-01-23T03:54:53.679524,Alser Straße U,20,348203
2026-01-23T03:54:53.679524,Alser Straße U,20,348173
2026-01-23T03:54:53.679524,Währinger Straße U,22,345462
2026-01-23T03:54:53.679524,Währinger Straße U,22,345343
2026-01-23T03:54:53.679524,Währinger Straße U,22,345308
2026-01-23T03:54:53.679524,Währinger Straße U,22,345208
2026-01-23T03:54:53.679524,Währinger Straße U,22,345652
2026-01-23T03:54:53.679524,Währinger Straße U,22,345574
2026-01-23T03:54:53.679524,Währinger Straße U,22,346481
2026-01-23T03:54:53.679524,Währinger Straße U,22,346379
2026-01-23T03:54:53.679524,Währinger Straße U,22,346241
2026-01-23T03:54:53.679524,Währinger Straße U,22,346081
2026-01-23T03:54:53.679524,Währinger Straße U,22,346003
2026-01-23T03:54:53.679524,Währinger Straße U,22,346827
2026-01-23T03:54:53.679524,Währinger Straße U,22,347400
2026-01-23T03:54:53.679524,Währinger Straße U,22,347705
2026-01-23T03:54:53.679524,Währinger Straße U,22,347684
2026-01-23T03:54:53.679524,Währinger Straße U,22,347620
2026-01-23T03:54:53.679524,Währinger Straße U,22,348241
2026-01-23T03:54:53.679524,Währinger Straße U,22,348090
2026-01-23T03:54:53.679524,Währinger Straße U,22,348703
2026-01-23T03:54:53.679524,Währinger Straße U,22,348573
2026-01-23T03:54:53.679524,Währinger Straße U,22,349204
2026-01-23T03:54:53.679524,Währinger Straße U,22,349137
2026-01-23T03:54:53.679524,Hardtgasse,10,345868
2026-01-23T03:54:53.679524,Hardtgasse,10,345534
2026-01-23T03:54:53.679524,Hardtgasse,10,346381
2026-01-23T03:54:53.679524,Hardtgasse,10,346370
2026-01-23T03:54:53.679524,Hardtgasse,10,346084
2026-01-23T03:54:53.679524,Hardtgasse,10,346763
2026-01-23T03:54:53.679524,Hardtgasse,10,347265
2026-01-23T03:54:53.679524,Hardtgasse,10,347577
2026-01-23T03:54:53.679524,Hardtgasse,10,348514
2026-01-23T03:54:53.679524,Hardtgasse,10,398777
2026-01-23T03:54:53.679524,Handelskai S U,15,345356
2026-01-23T03:54:53.679524,Handelskai S U,15,345706
2026-01-23T03:54:53.679524,Handelskai S U,15,345656
2026-01-23T03:54:53.679524,Handelskai S U,15,345628
2026-01-23T03:54:53.679524,Handelskai S U,15,346155
2026-01-23T03:54:53.679524,Handelskai S U,15,346125
2026-01-23T03:54:53.679524,Handelskai S U,15,346925
2026-01-23T03:54:53.679524,Handelskai S U,15,346810
2026-01-23T03:54:53.679524,Handelskai S U,15,346662
2026-01-23T03:54:53.679524,Handelskai S U,15,347359
2026-01-23T03:54:53.679524,Handelskai S U,15,347977
2026-01-23T03:54:53.679524,Handelskai S U,15,347647
2026-01-23T03:54:53.679524,Handelskai S U,15,347543
2026-01-23T03:54:53.679524,Handelskai S U,15,347538
2026-01-23T03:54:53.679524,Handelskai S U,15,348296
2026-01-23T03:54:53.679524,Wallensteinplatz,20,345460
2026-01-23T03:54:53.679524,Wallensteinplatz,20,345436
2026-01-23T03:54:53.679524,Wallensteinplatz,20,345433
2026-01-23T03:54:53.679524,Wallensteinplatz,20,345393
2026-01-23T03:54:53.679524,Wallensteinplatz,20,345294
2026-01-23T03:54:53.679524,Wallensteinplatz,20,345205
2026-01-23T03:54:53.679524,Wallensteinplatz,20,345172
2026-01-23T03:54:53.679524,Wallensteinplatz,20,345964
2026-01-23T03:54:53.679524,Wallensteinplatz,20,345585
2026-01-23T03:54:53.679524,Wallensteinplatz,20,345514
2026-01-23T03:54:53.679524,Wallensteinplatz,20,346349
2026-01-23T03:54:53.679524,Wallensteinplatz,20,346934
2026-01-23T03:54:53.679524,Wallensteinplatz,20,346899
2026-01-23T03:54:53.679524,Wallensteinplatz,20,346643
2026-01-23T03:54:53.679524,Wallensteinplatz,20,346630
2026-01-23T03:54:53.679524,Wallensteinplatz,20,346557
2026-01-23T03:54:53.679524,Wallensteinplatz,20,347200
2026-01-23T03:54:53.679524,Wallensteinplatz,20,347955
2026-01-23T03:54:53.679524,Wallensteinplatz,20,348268
2026-01-23T03:54:53.679524,Wallensteinplatz,20,398737
2026-01-23T03:54:53.679524,Brünner Straße S,6,346845
2026-01-23T03:54:53.679524,Brünner Straße S,6,346828
2026-01-23T03:54:53.679524,Brünner Straße S,6,347286
2026-01-23T03:54:53.679524,Brünner Straße S,6,348700
2026-01-23T03:54:53.679524,Brünner Straße S,6,398832
2026-01-23T03:54:53.679524,Brünner Straße S,6,348985
2026-01-23T03:54:53.679524,Floridsdorf S U,5,345478
2026-01-23T03:54:53.679524,Floridsdorf S U,5,345759
2026-01-23T03:54:53.679524,Floridsdorf S U,5,348314
2026-01-23T03:54:53.679524,Floridsdorf S U,5,348197
2026-01-23T03:54:53.679524,Floridsdorf S U,5,349173
2026-01-23T03:54:53.679524,Großfeldsiedlung U,9,345997
2026-01-23T03:54:53.679524,Großfeldsiedlung U,9,345697
2026-01-23T03:54:53.679524,Großfeldsiedlung U,9,345509
2026-01-23T03:54:53.679524,Großfeldsiedlung U,9,347437
2026-01-23T03:54:53.679524,Großfeldsiedlung U,9,347332
2026-01-23T03:54:53.679524,Großfeldsiedlung U,9,348193
2026-01-23T03:54:53.679524,Großfeldsiedlung U,9,348614
2026-01-23T03:54:53.679524,Großfeldsiedlung U,9,349040
2026-01-23T03:54:53.679524,Großfeldsiedlung U,9,348947
2026-01-23T03:54:53.679524,Siemensstraße S,12,345366
2026-01-23T03:54:53.679524,Siemensstraße S,12,345288
2026-01-23T03:54:53.679524,Siemensstraße S,12,346296
2026-01-23T03:54:53.679524,Siemensstraße S,12,346276
2026-01-23T03:54:53.679524,Siemensstraße S,12,346708
2026-01-23T03:54:53.679524,Siemensstraße S,12,346690
2026-01-23T03:54:53.679524,Siemensstraße S,12,347277
2026-01-23T03:54:53.679524,Siemensstraße S,12,347005
2026-01-23T03:54:53.679524,Siemensstraße S,12,347816
2026-01-23T03:54:53.679524,Siemensstraße S,12,348026
2026-01-23T03:54:53.679524,Siemensstraße S,12,348016
2026-01-23T03:54:53.679524,Siemensstraße S,12,348598
2026-01-23T03:54:53.679524,Aspernstraße U,10,345451
2026-01-23T03:54:53.679524,Aspernstraße U,10,345022
2026-01-23T03:54:53.679524,Aspernstraße U,10,345019
2026-01-23T03:54:53.679524,Aspernstraße U,10,346498
2026-01-23T03:54:53.679524,Aspernstraße U,10,346745
2026-01-23T03:54:53.679524,Aspernstraße U,10,346740
2026-01-23T03:54:53.679524,Aspernstraße U,10,346545
2026-01-23T03:54:53.679524,Aspernstraße U,10,347463
2026-01-23T03:54:53.679524,Aspernstraße U,10,347939
2026-01-23T03:54:53.679524,Aspernstraße U,10,348259
2026-01-23T03:54:53.679524,Donauspital U,7,345280
2026-01-23T03:54:53.679524,Donauspital U,7,346946
2026-01-23T03:54:53.679524,Donauspital U,7,346788
2026-01-23T03:54:53.679524,Donauspital U,7,346694
2026-01-23T03:54:53.679524,Donauspital U,7,347243
2026-01-23T03:54:53.679524,Donauspital U,7,348904
2026-01-23T03:54:53.679524,Donauspital U,7,349177
2026-01-23T03:54:53.679524,Erzherzog-Karl-Straße S,11,346199
2026-01-23T03:54:53.679524,Erzherzog-Karl-Straße S,11,346986
2026-01-23T03:54:53.679524,Erzherzog-Karl-Straße S,11,346969
2026-01-23T03:54:53.679524,Erzherzog-Karl-Straße S,11,346791
2026-01-23T03:54:53.679524,Erzherzog-Karl-Straße S,11,347350
2026-01-23T03:54:53.679524,Erzherzog-Karl-Straße S,11,347134
2026-01-23T03:54:53.679524,Erzherzog-Karl-Straße S,11,347636
2026-01-23T03:54:53.679524,Erzherzog-Karl-Straße S,11,348056
2026-01-23T03:54:53.679524,Erzherzog-Karl-Straße S,11,348699
2026-01-23T03:54:53.679524,Erzherzog-Karl-Straße S,11,398733
2026-01-23T03:54:53.679524,Erzherzog-Karl-Straße S,11,349059
2026-01-23T03:54:53.679524,Hausfeldstraße S U,18,345167
2026-01-23T03:54:53.679524,Hausfeldstraße S U,18,346352
2026-01-23T03:54:53.679524,Hausfeldstraße S U,18,346351
2026-01-23T03:54:53.679524,Hausfeldstraße S U,18,346206
2026-01-23T03:54:53.679524,Hausfeldstraße S U,18,346747
2026-01-23T03:54:53.679524,Hausfeldstraße S U,18,346685
2026-01-23T03:54:53.679524,Hausfeldstraße S U,18,347465
2026-01-23T03:54:53.679524,Hausfeldstraße S U,18,347418
2026-01-23T03:54:53.679524,Hausfeldstraße S U,18,347182
2026-01-23T03:54:53.679524,Hausfeldstraße S U,18,347044
2026-01-23T03:54:53.679524,Hausfeldstraße S U,18,347905
2026-01-23T03:54:53.679524,Hausfeldstraße S U,18,347575
2026-01-23T03:54:53.679524,Hausfeldstraße S U,18,348372
2026-01-23T03:54:53.679524,Hausfeldstraße S U,18,348161
2026-01-23T03:54:53.679524,Hausfeldstraße S U,18,348037
2026-01-23T03:54:53.679524,Hausfeldstraße S U,18,348554
2026-01-23T03:54:53.679524,Hausfeldstraße S U,18,348550
2026-01-23T03:54:53.679524,Hausfeldstraße S U,18,398830
2026-01-23T03:54:53.679524,Kagran U,5,346546
2026-01-23T03:54:53.679524,Kagran U,5,346513
2026-01-23T03:54:53.679524,Kagran U,5,348204
2026-01-23T03:54:53.679524,Kagran U,5,348175
2026-01-23T03:54:53.679524,Kagran U,5,348914
2026-01-23T03:54:53.679524,Maria-Tusch-Straße,20,345206
2026-01-23T03:54:53.679524,Maria-Tusch-Straße,20,345919
2026-01-23T03:54:53.679524,Maria-Tusch-Straße,20,345817
2026-01-23T03:54:53.679524,Maria-Tusch-Straße,20,345568
2026-01-23T03:54:53.679524,Maria-Tusch-Straße,20,346491
2026-01-23T03:54:53.679524,Maria-Tusch-Straße,20,346331
2026-01-23T03:54:53.679524,Maria-Tusch-Straße,20,346238
2026-01-23T03:54:53.679524,Maria-Tusch-Straße,20,346232
2026-01-23T03:54:53.679524,Maria-Tusch-Straße,20,346120
2026-01-23T03:54:53.679524,Maria-Tusch-Straße,20,346822
2026-01-23T03:54:53.679524,Maria-Tusch-Straße,20,347399
2026-01-23T03:54:53.679524,Maria-Tusch-Straße,20,347161
2026-01-23T03:54:53.679524,Maria-Tusch-Straße,20,347715
2026-01-23T03:54:53.679524,Maria-Tusch-Straße,20,347623
2026-01-23T03:54:53.679524,Maria-Tusch-Straße,20,347553
2026-01-23T03:54:53.679524,Maria-Tusch-Straße,20,349054
2026-01-23T03:54:53.679524,Maria-Tusch-Straße,20,349015
2026-01-23T03:54:53.679524,Maria-Tusch-Straße,20,348993
2026-01-23T03:54:53.679524,Maria-Tusch-Straße,20,348847
2026-01-23T03:54:53.679524,Maria-Tusch-Straße,20,349186
2026-01-23T03:54:53.679524,Rennbahnweg U,9,345516
2026-01-23T03:54:53.679524,Rennbahnweg U,9,346178
2026-01-23T03:54:53.679524,Rennbahnweg U,9,346007
2026-01-23T03:54:53.679524,Rennbahnweg U,9,346515
2026-01-23T03:54:53.679524,Rennbahnweg U,9,347038
2026-01-23T03:54:53.679524,Rennbahnweg U,9,347716
2026-01-23T03:54:53.679524,Rennbahnweg U,9,348953
2026-01-23T03:54:53.679524,Rennbahnweg U,9,349200
2026-01-23T03:54:53.679524,Rennbahnweg U,9,349183
2026-01-23T03:54:53.679524,Schüttauplatz,2,346456
2026-01-23T03:54:53.679524,Schüttauplatz,2,347122
2026-01-23T03:54:53.679524,Stadlau U,17,345471
2026-01-23T03:54:53.679524,Stadlau U,17,345238
2026-01-23T03:54:53.679524,Stadlau U,17,345660
2026-01-23T03:54:53.679524,Stadlau U,17,345602
2026-01-23T03:54:53.679524,Stadlau U,17,345571
2026-01-23T03:54:53.679524,Stadlau U,17,345558
2026-01-23T03:54:53.679524,Stadlau U,17,346243
2026-01-23T03:54:53.679524,Stadlau U,17,346631
2026-01-23T03:54:53.679524,Stadlau U,17,346559
2026-01-23T03:54:53.679524,Stadlau U,17,347274
2026-01-23T03:54:53.679524,Stadlau U,17,347217
2026-01-23T03:54:53.679524,Stadlau U,17,347896
2026-01-23T03:54:53.679524,Stadlau U,17,347565
2026-01-23T03:54:53.679524,Stadlau U,17,347523
2026-01-23T03:54:53.679524,Stadlau U,17,348340
2026-01-23T03:54:53.679524,Stadlau U,17,348119
2026-01-23T03:54:53.679524,Stadlau U,17,348102
2026-01-23T03:54:53.679524,VIC Kaisermühlen U,3,345088
2026-01-23T03:54:53.679524,VIC Kaisermühlen U,3,347933
2026-01-23T03:54:53.679524,VIC Kaisermühlen U,3,349096
2026-01-23T03:54:53.679524,Kagraner Platz U,6,345765
2026-01-23T03:54:53.679524,Kagraner Platz U,6,346699
2026-01-23T03:54:53.679524,Kagraner Platz U,6,347158
2026-01-23T03:54:53.679524,Kagraner Platz U,6,347804
2026-01-23T03:54:53.679524,Kagraner Platz U,6,347521
2026-01-23T03:54:53.679524,Kagraner Platz U,6,348371
2026-01-23T03:54:53.679524,Alterlaa U,24,345313
2026-01-23T03:54:53.679524,Alterlaa U,24,345283
2026-01-23T03:54:53.679524,Alterlaa U,24,345278
2026-01-23T03:54:53.679524,Alterlaa U,24,345166
2026-01-23T03:54:53.679524,Alterlaa U,24,345500
2026-01-23T03:54:53.679524,Alterlaa U,24,346163
2026-01-23T03:54:53.679524,Alterlaa U,24,346144
2026-01-23T03:54:53.679524,Alterlaa U,24,346032
2026-01-23T03:54:53.679524,Alterlaa U,24,346981
2026-01-23T03:54:53.679524,Alterlaa U,24,346950
2026-01-23T03:54:53.679524,Alterlaa U,24,346655
2026-01-23T03:54:53.679524,Alterlaa U,24,346629
2026-01-23T03:54:53.679524,Alterlaa U,24,346595
2026-01-23T03:54:53.679524,Alterlaa U,24,347018
2026-01-23T03:54:53.679524,Alterlaa U,24,347849
2026-01-23T03:54:53.679524,Alterlaa U,24,348295
2026-01-23T03:54:53.679524,Alterlaa U,24,348273
2026-01-23T03:54:53.679524,Alterlaa U,24,348265
2026-01-23T03:54:53.679524,Alterlaa U,24,348253
2026-01-23T03:54:53.679524,Alterlaa U,24,348250
2026-01-23T03:54:53.679524,Alterlaa U,24,348112
2026-01-23T03:54:53.679524,Alterlaa U,24,348597
2026-01-23T03:54:53.679524,Alterlaa U,24,348555
2026-01-23T03:54:53.679524,Alterlaa U,24,398844
2026-01-23T03:54:53.679524,Bacherplatz,9,345223
2026-01-23T03:54:53.679524,Bacherplatz,9,345883
2026-01-23T03:54:53.679524,Bacherplatz,9,346473
2026-01-23T03:54:53.679524,Bacherplatz,9,346026
2026-01-23T03:54:53.679524,Bacherplatz,9,346532
2026-01-23T03:54:53.679524,Bacherplatz,9,348394
2026-01-23T03:54:53.679524,Bacherplatz,9,348137
2026-01-23T03:54:53.679524,Bacherplatz,9,348049
2026-01-23T03:54:53.679524,Bacherplatz,9,348994
2026-01-23T03:54:53.679524,Carl-Appel-Straße,12,345306
2026-01-23T03:54:53.679524,Carl-Appel-Straße,12,345892
2026-01-23T03:54:53.679524,Carl-Appel-Straße,12,345739
2026-01-23T03:54:53.679524,Carl-Appel-Straße,12,345709
2026-01-23T03:54:53.679524,Carl-Appel-Straße,12,346540
2026-01-23T03:54:53.679524,Carl-Appel-Straße,12,347679
2026-01-23T03:54:53.679524,Carl-Appel-Straße,12,348341
2026-01-23T03:54:53.679524,Carl-Appel-Straße,12,348299
2026-01-23T03:54:53.679524,Carl-Appel-Straße,12,398731
2026-01-23T03:54:53.679524,Carl-Appel-Straße,12,349088
2026-01-23T03:54:53.679524,Carl-Appel-Straße,12,348952
2026-01-23T03:54:53.679524,Carl-Appel-Straße,12,348828
2026-01-23T03:54:53.679524,Otto-Probst-Platz,7,346808
2026-01-23T03:54:53.679524,Otto-Probst-Platz,7,346550
2026-01-23T03:54:53.679524,Otto-Probst-Platz,7,347454
2026-01-23T03:54:53.679524,Otto-Probst-Platz,7,347013
2026-01-23T03:54:53.679524,Otto-Probst-Platz,7,348534
2026-01-23T03:54:53.679524,Otto-Probst-Platz,7,349150
2026-01-23T03:54:53.679524,Otto-Probst-Platz,7,398869
2026-01-23T03:54:53.679524,Alaudagasse U,11,345266
2026-01-23T03:54:53.679524,Alaudagasse U,11,345933
2026-01-23T03:54:53.679524,Alaudagasse U,11,345544
2026-01-23T03:54:53.679524,Alaudagasse U,11,346494
2026-01-23T03:54:53.679524,Alaudagasse U,11,346300
2026-01-23T03:54:53.679524,Alaudagasse U,11,346616
2026-01-23T03:54:53.679524,Alaudagasse U,11,347895
2026-01-23T03:54:53.679524,Alaudagasse U,11,348441
2026-01-23T03:54:53.679524,Alaudagasse U,11,348294
2026-01-23T03:54:53.679524,Alaudagasse U,11,348172
2026-01-23T03:54:53.679524,Alaudagasse U,11,349039
2026-01-23T03:54:53.679524,Svetelskystraße,5,347398
2026-01-23T03:54:53.679524,Svetelskystraße,5,349077
2026-01-23T03:54:53.679524,Svetelskystraße,5,349052
2026-01-23T03:54:53.679524,Svetelskystraße,5,349043
2026-01-23T03:54:53.679524,Svetelskystraße,5,348815
2026-01-23T03:54:53.679524,Weißenböckstraße,9,346135
2026-01-23T03:54:53.679524,Weißenböckstraße,9,347422
2026-01-23T03:54:53.679524,Weißenböckstraße,9,347774
2026-01-23T03:54:53.679524,Weißenböckstraße,9,347561
2026-01-23T03:54:53.679524,Weißenböckstraße,9,348086
2026-01-23T03:54:53.679524,Weißenböckstraße,9,398819
2026-01-23T03:54:53.679524,Weißenböckstraße,9,398764
2026-01-23T03:54:53.679524,Weißenböckstraße,9,398759
2026-01-23T03:54:53.679524,Weißenböckstraße,9,348915
2026-01-23T03:54:53.679524,Zentralfriedhof 2. Tor,9,346165
2026-01-23T03:54:53.679524,Zentralfriedhof 2. Tor,9,347187
2026-01-23T03:54:53.679524,Zentralfriedhof 2. Tor,9,347077
2026-01-23T03:54:53.679524,Zentralfriedhof 2. Tor,9,347775
2026-01-23T03:54:53.679524,Zentralfriedhof 2. Tor,9,347703
2026-01-23T03:54:53.679524,Zentralfriedhof 2. Tor,9,347596
2026-01-23T03:54:53.679524,Zentralfriedhof 2. Tor,9,348075
2026-01-23T03:54:53.679524,Zentralfriedhof 2. Tor,9,349091
2026-01-23T03:54:53.679524,Zentralfriedhof 2. Tor,9,349075
2026-01-23T03:54:53.679524,Simoningplatz,9,345370
2026-01-23T03:54:53.679524,Simoningplatz,9,345570
2026-01-23T03:54:53.679524,Simoningplatz,9,346333
2026-01-23T03:54:53.679524,Simoningplatz,9,347149
2026-01-23T03:54:53.679524,Simoningplatz,9,347755
2026-01-23T03:54:53.679524,Simoningplatz,9,347676
2026-01-23T03:54:53.679524,Simoningplatz,9,348444
2026-01-23T03:54:53.679524,Simoningplatz,9,348111
2026-01-23T03:54:53.679524,Simoningplatz,9,398756
2026-01-23T03:54:53.679524,Etrichstraße,7,345182
2026-01-23T03:54:53.679524,Etrichstraße,7,345954
2026-01-23T03:54:53.679524,Etrichstraße,7,345780
2026-01-23T03:54:53.679524,Etrichstraße,7,346852
2026-01-23T03:54:53.679524,Etrichstraße,7,347105
2026-01-23T03:54:53.679524,Etrichstraße,7,348400
2026-01-23T03:54:53.679524,Etrichstraße,7,348535
2026-01-23T03:54:53.679524,Zippererstraße U,8,345784
2026-01-23T03:54:53.679524,Zippererstraße U,8,345536
2026-01-23T03:54:53.679524,Zippererstraße U,8,346831
2026-01-23T03:54:53.679524,Zippererstraße U,8,346547
2026-01-23T03:54:53.679524,Zippererstraße U,8,347142
2026-01-23T03:54:53.679524,Zippererstraße U,8,347614
2026-01-23T03:54:53.679524,Zippererstraße U,8,348202
2026-01-23T03:54:53.679524,Zippererstraße U,8,349017
2026-01-23T03:54:53.679524,Hetzendorf S,11,345199
2026-01-23T03:54:53.679524,Hetzendorf S,11,345872
2026-01-23T03:54:53.679524,Hetzendorf S,11,346236
2026-01-23T03:54:53.679524,Hetzendorf S,11,346997
2026-01-23T03:54:53.679524,Hetzendorf S,11,346703
2026-01-23T03:54:53.679524,Hetzendorf S,11,347011
2026-01-23T03:54:53.679524,Hetzendorf S,11,347839
2026-01-23T03:54:53.679524,Hetzendorf S,11,348378
2026-01-23T03:54:53.679524,Hetzendorf S,11,348907
2026-01-23T03:54:53.679524,Hetzendorf S,11,348803
2026-01-23T03:54:53.679524,Hetzendorf S,11,349203
2026-01-23T03:54:53.679524,Gatterhölzl,10,345291
2026-01-23T03:54:53.679524,Gatterhölzl,10,346439
2026-01-23T03:54:53.679524,Gatterhölzl,10,346411
2026-01-23T03:54:53.679524,Gatterhölzl,10,348443
2026-01-23T03:54:53.679524,Gatterhölzl,10,348356
2026-01-23T03:54:53.679524,Gatterhölzl,10,348192
2026-01-23T03:54:53.679524,Gatterhölzl,10,348109
2026-01-23T03:54:53.679524,Gatterhölzl,10,348676
2026-01-23T03:54:53.679524,Gatterhölzl,10,348666
2026-01-23T03:54:53.679524,Gatterhölzl,10,348829
2026-01-23T03:54:53.679524,Speising S,9,346207
2026-01-23T03:54:53.679524,Speising S,9,347197
2026-01-23T03:54:53.679524,Speising S,9,347792
2026-01-23T03:54:53.679524,Speising S,9,347547
2026-01-23T03:54:53.679524,Speising S,9,348045
2026-01-23T03:54:53.679524,Speising S,9,348692
2026-01-23T03:54:53.679524,Speising S,9,348580
2026-01-23T03:54:53.679524,Speising S,9,348531
2026-01-23T03:54:53.679524,Speising S,9,398850
2026-01-23T03:54:53.679524,Hasnerstraße / Hofferplatz,19,345934
2026-01-23T03:54:53.679524,Hasnerstraße / Hofferplatz,19,345842
2026-01-23T03:54:53.679524,Hasnerstraße / Hofferplatz,19,345690
2026-01-23T03:54:53.679524,Hasnerstraße / Hofferplatz,19,345519
2026-01-23T03:54:53.679524,Hasnerstraße / Hofferplatz,19,346935
2026-01-23T03:54:53.679524,Hasnerstraße / Hofferplatz,19,346818
2026-01-23T03:54:53.679524,Hasnerstraße / Hofferplatz,19,346817
2026-01-23T03:54:53.679524,Hasnerstraße / Hofferplatz,19,346696
2026-01-23T03:54:53.679524,Hasnerstraße / Hofferplatz,19,347202
2026-01-23T03:54:53.679524,Hasnerstraße / Hofferplatz,19,347118
2026-01-23T03:54:53.679524,Hasnerstraße / Hofferplatz,19,347568
2026-01-23T03:54:53.679524,Hasnerstraße / Hofferplatz,19,348456
2026-01-23T03:54:53.679524,Hasnerstraße / Hofferplatz,19,348247
2026-01-23T03:54:53.679524,Hasnerstraße / Hofferplatz,19,348237
2026-01-23T03:54:53.679524,Hasnerstraße / Hofferplatz,19,348229
2026-01-23T03:54:53.679524,Hasnerstraße / Hofferplatz,19,348042
2026-01-23T03:54:53.679524,Hasnerstraße / Hofferplatz,19,398842
2026-01-23T03:54:53.679524,Hasnerstraße / Hofferplatz,19,348983
2026-01-23T03:54:53.679524,Hasnerstraße / Hofferplatz,19,348890
2026-01-23T03:54:53.679524,Nietzscheplatz,13,345411
2026-01-23T03:54:53.679524,Nietzscheplatz,13,345332
2026-01-23T03:54:53.679524,Nietzscheplatz,13,345730
2026-01-23T03:54:53.679524,Nietzscheplatz,13,345719
2026-01-23T03:54:53.679524,Nietzscheplatz,13,346480
2026-01-23T03:54:53.679524,Nietzscheplatz,13,346119
2026-01-23T03:54:53.679524,Nietzscheplatz,13,346984
2026-01-23T03:54:53.679524,Nietzscheplatz,13,346719
2026-01-23T03:54:53.679524,Nietzscheplatz,13,347291
2026-01-23T03:54:53.679524,Nietzscheplatz,13,347773
2026-01-23T03:54:53.679524,Nietzscheplatz,13,348482
2026-01-23T03:54:53.679524,Nietzscheplatz,13,348036
2026-01-23T03:54:53.679524,Nietzscheplatz,13,348687
2026-01-23T03:54:53.679524,Wattgasse,30,345483
2026-01-23T03:54:53.679524,Wattgasse,30,345252
2026-01-23T03:54:53.679524,Wattgasse,30,345109
2026-01-23T03:54:53.679524,Wattgasse,30,345966
2026-01-23T03:54:53.679524,Wattgasse,30,345876
2026-01-23T03:54:53.679524,Wattgasse,30,345810
2026-01-23T03:54:53.679524,Wattgasse,30,345679
2026-01-23T03:54:53.679524,Wattgasse,30,345678
2026-01-23T03:54:53.679524,Wattgasse,30,346412
2026-01-23T03:54:53.679524,Wattgasse,30,346173
2026-01-23T03:54:53.679524,Wattgasse,30,346121
2026-01-23T03:54:53.679524,Wattgasse,30,346115
2026-01-23T03:54:53.679524,Wattgasse,30,346976
2026-01-23T03:54:53.679524,Wattgasse,30,346783
2026-01-23T03:54:53.679524,Wattgasse,30,346776
2026-01-23T03:54:53.679524,Wattgasse,30,346714
2026-01-23T03:54:53.679524,Wattgasse,30,346659
2026-01-23T03:54:53.679524,Wattgasse,30,346558
2026-01-23T03:54:53.679524,Wattgasse,30,347270
2026-01-23T03:54:53.679524,Wattgasse,30,347051
2026-01-23T03:54:53.679524,Wattgasse,30,347991
2026-01-23T03:54:53.679524,Wattgasse,30,347981
2026-01-23T03:54:53.679524,Wattgasse,30,347976
2026-01-23T03:54:53.679524,Wattgasse,30,347854
2026-01-23T03:54:53.679524,Wattgasse,30,347663
2026-01-23T03:54:53.679524,Wattgasse,30,347619
2026-01-23T03:54:53.679524,Wattgasse,30,347534
2026-01-23T03:54:53.679524,Wattgasse,30,348212
2026-01-23T03:54:53.679524,Wattgasse,30,348578
2026-01-23T03:54:53.679524,Wattgasse,30,398760
2026-01-23T03:54:53.679524,Oberdöbling S,9,345349
2026-01-23T03:54:53.679524,Oberdöbling S,9,345958
2026-01-23T03:54:53.679524,Oberdöbling S,9,345862
2026-01-23T03:54:53.679524,Oberdöbling S,9,346486
2026-01-23T03:54:53.679524,Oberdöbling S,9,346431
2026-01-23T03:54:53.679524,Oberdöbling S,9,346910
2026-01-23T03:54:53.679524,Oberdöbling S,9,347386
2026-01-23T03:54:53.679524,Oberdöbling S,9,348121
2026-01-23T03:54:53.679524,Oberdöbling S,9,348619
2026-01-23T03:54:53.679524,Kantnergasse,14,345481
2026-01-23T03:54:53.679524,Kantnergasse,14,345431
2026-01-23T03:54:53.679524,Kantnergasse,14,345391
2026-01-23T03:54:53.679524,Kantnergasse,14,345625
2026-01-23T03:54:53.679524,Kantnergasse,14,346684
2026-01-23T03:54:53.679524,Kantnergasse,14,347007
2026-01-23T03:54:53.679524,Kantnergasse,14,347940
2026-01-23T03:54:53.679524,Kantnergasse,14,347761
2026-01-23T03:54:53.679524,Kantnergasse,14,348353
2026-01-23T03:54:53.679524,Kantnergasse,14,348287
2026-01-23T03:54:53.679524,Kantnergasse,14,348220
2026-01-23T03:54:53.679524,Kantnergasse,14,348185
2026-01-23T03:54:53.679524,Kantnergasse,14,348103
2026-01-23T03:54:53.679524,Kantnergasse,14,398800
2026-01-23T03:54:53.679524,Leopoldau S U,5,346158
2026-01-23T03:54:53.679524,Leopoldau S U,5,347279
2026-01-23T03:54:53.679524,Leopoldau S U,5,347254
2026-01-23T03:54:53.679524,Leopoldau S U,5,348963
2026-01-23T03:54:53.679524,Leopoldau S U,5,349191
2026-01-23T03:54:53.679524,Josef-Baumann-Gasse,11,345438
2026-01-23T03:54:53.679524,Josef-Baumann-Gasse,11,345852
2026-01-23T03:54:53.679524,Josef-Baumann-Gasse,11,346134
2026-01-23T03:54:53.679524,Josef-Baumann-Gasse,11,346805
2026-01-23T03:54:53.679524,Josef-Baumann-Gasse,11,347434
2026-01-23T03:54:53.679524,Josef-Baumann-Gasse,11,347222
2026-01-23T03:54:53.679524,Josef-Baumann-Gasse,11,348485
2026-01-23T03:54:53.679524,Josef-Baumann-Gasse,11,348373
2026-01-23T03:54:53.679524,Josef-Baumann-Gasse,11,348243
2026-01-23T03:54:53.679524,Josef-Baumann-Gasse,11,348006
2026-01-23T03:54:53.679524,Josef-Baumann-Gasse,11,398741
2026-01-23T03:54:53.679524,Fultonstraße,13,345261
2026-01-23T03:54:53.679524,Fultonstraße,13,345028
2026-01-23T03:54:53.679524,Fultonstraße,13,346266
2026-01-23T03:54:53.679524,Fultonstraße,13,346262
2026-01-23T03:54:53.679524,Fultonstraße,13,346874
2026-01-23T03:54:53.679524,Fultonstraße,13,347335
2026-01-23T03:54:53.679524,Fultonstraße,13,347848
2026-01-23T03:54:53.679524,Fultonstraße,13,347838
2026-01-23T03:54:53.679524,Fultonstraße,13,348329
2026-01-23T03:54:53.679524,Fultonstraße,13,348138
2026-01-23T03:54:53.679524,Fultonstraße,13,348607
2026-01-23T03:54:53.679524,Fultonstraße,13,348887
2026-01-23T03:54:53.679524,Fultonstraße,13,349117
2026-01-23T03:54:53.679524,Hopfengasse,5,346807
2026-01-23T03:54:53.679524,Hopfengasse,5,347828
2026-01-23T03:54:53.679524,Hopfengasse,5,347680
2026-01-23T03:54:53.679524,Hopfengasse,5,347654
2026-01-23T03:54:53.679524,Hopfengasse,5,348390
2026-01-23T03:54:53.679524,Jedlesee / Bellgasse,12,345539
2026-01-23T03:54:53.679524,Jedlesee / Bellgasse,12,346495
2026-01-23T03:54:53.679524,Jedlesee / Bellgasse,12,346798
2026-01-23T03:54:53.679524,Jedlesee / Bellgasse,12,347390
2026-01-23T03:54:53.679524,Jedlesee / Bellgasse,12,347986
2026-01-23T03:54:53.679524,Jedlesee / Bellgasse,12,347837
2026-01-23T03:54:53.679524,Jedlesee / Bellgasse,12,347833
2026-01-23T03:54:53.679524,Jedlesee / Bellgasse,12,347822
2026-01-23T03:54:53.679524,Jedlesee / Bellgasse,12,347524
2026-01-23T03:54:53.679524,Jedlesee / Bellgasse,12,348226
2026-01-23T03:54:53.679524,Jedlesee / Bellgasse,12,348142
2026-01-23T03:54:53.679524,Jedlesee / Bellgasse,12,398804
2026-01-23T03:54:53.679524,Jedleseer Friedhof,10,345220
2026-01-23T03:54:53.679524,Jedleseer Friedhof,10,345026
2026-01-23T03:54:53.679524,Jedleseer Friedhof,10,346496
2026-01-23T03:54:53.679524,Jedleseer Friedhof,10,346427
2026-01-23T03:54:53.679524,Jedleseer Friedhof,10,346037
2026-01-23T03:54:53.679524,Jedleseer Friedhof,10,346991
2026-01-23T03:54:53.679524,Jedleseer Friedhof,10,347268
2026-01-23T03:54:53.679524,Jedleseer Friedhof,10,347682
2026-01-23T03:54:53.679524,Jedleseer Friedhof,10,348144
2026-01-23T03:54:53.679524,Jedleseer Friedhof,10,348670
2026-01-23T03:54:53.679524,Strebersdorf / Edmund-Hawranek-Platz,11,345340
2026-01-23T03:54:53.679524,Strebersdorf / Edmund-Hawranek-Platz,11,345331
2026-01-23T03:54:53.679524,Strebersdorf / Edmund-Hawranek-Platz,11,345271
2026-01-23T03:54:53.679524,Strebersdorf / Edmund-Hawranek-Platz,11,345792
2026-01-23T03:54:53.679524,Strebersdorf / Edmund-Hawranek-Platz,11,346440
2026-01-23T03:54:53.679524,Strebersdorf / Edmund-Hawranek-Platz,11,346150
2026-01-23T03:54:53.679524,Strebersdorf / Edmund-Hawranek-Platz,11,346048
2026-01-23T03:54:53.679524,Strebersdorf / Edmund-Hawranek-Platz,11,346837
2026-01-23T03:54:53.679524,Strebersdorf / Edmund-Hawranek-Platz,11,347143
2026-01-23T03:54:53.679524,Strebersdorf / Edmund-Hawranek-Platz,11,348478
2026-01-23T03:54:53.679524,Strebersdorf / Edmund-Hawranek-Platz,11,348096
2026-01-23T03:54:53.679524,Kagraner Anger,14,345168
2026-01-23T03:54:53.679524,Kagraner Anger,14,345164
2026-01-23T03:54:53.679524,Kagraner Anger,14,345901
2026-01-23T03:54:53.679524,Kagraner Anger,14,345795
2026-01-23T03:54:53.679524,Kagraner Anger,14,345567
2026-01-23T03:54:53.679524,Kagraner Anger,14,345548
2026-01-23T03:54:53.679524,Kagraner Anger,14,345501
2026-01-23T03:54:53.679524,Kagraner Anger,14,346589
2026-01-23T03:54:53.679524,Kagraner Anger,14,346555
2026-01-23T03:54:53.679524,Kagraner Anger,14,347153
2026-01-23T03:54:53.679524,Kagraner Anger,14,347806
2026-01-23T03:54:53.679524,Kagraner Anger,14,347584
2026-01-23T03:54:53.679524,Kagraner Anger,14,348304
2026-01-23T03:54:53.679524,Kagraner Anger,14,348278
2026-01-23T03:54:53.679524,Stavangergasse,9,345464
2026-01-23T03:54:53.679524,Stavangergasse,9,345227
2026-01-23T03:54:53.679524,Stavangergasse,9,345504
2026-01-23T03:54:53.679524,Stavangergasse,9,346354
2026-01-23T03:54:53.679524,Stavangergasse,9,346923
2026-01-23T03:54:53.679524,Stavangergasse,9,347961
2026-01-23T03:54:53.679524,Stavangergasse,9,348427
2026-01-23T03:54:53.679524,Stavangergasse,9,348163
2026-01-23T03:54:53.679524,Stavangergasse,9,348062
2026-01-23T03:54:53.679524,Hirschstetten S,10,345420
2026-01-23T03:54:53.679524,Hirschstetten S,10,345786
2026-01-23T03:54:53.679524,Hirschstetten S,10,346729
2026-01-23T03:54:53.679524,Hirschstetten S,10,347292
2026-01-23T03:54:53.679524,Hirschstetten S,10,347851
2026-01-23T03:54:53.679524,Hirschstetten S,10,347764
2026-01-23T03:54:53.679524,Hirschstetten S,10,348381
2026-01-23T03:54:53.679524,Hirschstetten S,10,348238
2026-01-23T03:54:53.679524,Hirschstetten S,10,398806
2026-01-23T03:54:53.679524,Hirschstetten S,10,398873
2026-01-23T03:54:53.679524,Atzgersdorf S,4,345130
2026-01-23T03:54:53.679524,Atzgersdorf S,4,346552
2026-01-23T03:54:53.679524,Atzgersdorf S,4,347220
2026-01-23T03:54:53.679524,Atzgersdorf S,4,347738
2026-01-23T03:54:53.679524,Siebenhirten U,5,346458
2026-01-23T03:54:53.679524,Siebenhirten U,5,346094
2026-01-23T03:54:53.679524,Siebenhirten U,5,347484
2026-01-23T03:54:53.679524,Siebenhirten U,5,348040
2026-01-23T03:54:53.679524,Siebenhirten U,5,348866
2026-01-23T03:54:53.679524,Erlaaer Straße U,9,345050
2026-01-23T03:54:53.679524,Erlaaer Straße U,9,345941
2026-01-23T03:54:53.679524,Erlaaer Straße U,9,345840
2026-01-23T03:54:53.679524,Erlaaer Straße U,9,346472
2026-01-23T03:54:53.679524,Erlaaer Straße U,9,346385
2026-01-23T03:54:53.679524,Erlaaer Straße U,9,346821
2026-01-23T03:54:53.679524,Erlaaer Straße U,9,347765
2026-01-23T03:54:53.679524,Erlaaer Straße U,9,348433
2026-01-23T03:54:53.679524,Erlaaer Straße U,9,348085
2026-01-23T03:54:53.679524,Perfektastraße U,7,345079
2026-01-23T03:54:53.679524,Perfektastraße U,7,345680
2026-01-23T03:54:53.679524,Perfektastraße U,7,347494
2026-01-23T03:54:53.679524,Perfektastraße U,7,347353
2026-01-23T03:54:53.679524,Perfektastraße U,7,347078
2026-01-23T03:54:53.679524,Perfektastraße U,7,347697
2026-01-23T03:54:53.679524,Perfektastraße U,7,398789
2026-01-23T03:54:53.679524,Meidling S U / Vivenotgasse,10,345386
2026-01-23T03:54:53.679524,Meidling S U / Vivenotgasse,10,345196
2026-01-23T03:54:53.679524,Meidling S U / Vivenotgasse,10,345100
2026-01-23T03:54:53.679524,Meidling S U / Vivenotgasse,10,346497
2026-01-23T03:54:53.679524,Meidling S U / Vivenotgasse,10,346436
2026-01-23T03:54:53.679524,Meidling S U / Vivenotgasse,10,346097
2026-01-23T03:54:53.679524,Meidling S U / Vivenotgasse,10,346799
2026-01-23T03:54:53.679524,Meidling S U / Vivenotgasse,10,346544
2026-01-23T03:54:53.679524,Meidling S U / Vivenotgasse,10,347349
2026-01-23T03:54:53.679524,Meidling S U / Vivenotgasse,10,348094
2026-01-23T03:54:53.679524,Praterstern Ausstellungsstraße,16,345487
2026-01-23T03:54:53.679524,Praterstern Ausstellungsstraße,16,345449
2026-01-23T03:54:53.679524,Praterstern Ausstellungsstraße,16,345263
2026-01-23T03:54:53.679524,Praterstern Ausstellungsstraße,16,345145
2026-01-23T03:54:53.679524,Praterstern Ausstellungsstraße,16,345023
2026-01-23T03:54:53.679524,Praterstern Ausstellungsstraße,16,345011
2026-01-23T03:54:53.679524,Praterstern Ausstellungsstraße,16,345841
2026-01-23T03:54:53.679524,Praterstern Ausstellungsstraße,16,345681
2026-01-23T03:54:53.679524,Praterstern Ausstellungsstraße,16,346841
2026-01-23T03:54:53.679524,Praterstern Ausstellungsstraße,16,346538
2026-01-23T03:54:53.679524,Praterstern Ausstellungsstraße,16,346526
2026-01-23T03:54:53.679524,Praterstern Ausstellungsstraße,16,347283
2026-01-23T03:54:53.679524,Praterstern Ausstellungsstraße,16,347911
2026-01-23T03:54:53.679524,Praterstern Ausstellungsstraße,16,347598
2026-01-23T03:54:53.679524,Praterstern Ausstellungsstraße,16,348041
2026-01-23T03:54:53.679524,Praterstern Ausstellungsstraße,16,398864
2026-01-23T03:54:53.679524,Muthgasse,6,345642
2026-01-23T03:54:53.679524,Muthgasse,6,345617
2026-01-23T03:54:53.679524,Muthgasse,6,346188
2026-01-23T03:54:53.679524,Muthgasse,6,347127
2026-01-23T03:54:53.679524,Muthgasse,6,347830
2026-01-23T03:54:53.679524,Muthgasse,6,348124
2026-01-23T03:54:53.679524,Liesing S,3,346327
2026-01-23T03:54:53.679524,Liesing S,3,347276
2026-01-23T03:54:53.679524,Liesing S,3,347034
2026-01-23T03:54:53.679524,Aspern Nord S U,12,345435
2026-01-23T03:54:53.679524,Aspern Nord S U,12,346419
2026-01-23T03:54:53.679524,Aspern Nord S U,12,346311
2026-01-23T03:54:53.679524,Aspern Nord S U,12,346035
2026-01-23T03:54:53.679524,Aspern Nord S U,12,346640
2026-01-23T03:54:53.679524,Aspern Nord S U,12,346525
2026-01-23T03:54:53.679524,Aspern Nord S U,12,347415
2026-01-23T03:54:53.679524,Aspern Nord S U,12,347053
2026-01-23T03:54:53.679524,Aspern Nord S U,12,348416
2026-01-23T03:54:53.679524,Aspern Nord S U,12,348694
2026-01-23T03:54:53.679524,Aspern Nord S U,12,348625
2026-01-23T03:54:53.679524,Aspern Nord S U,12,348561
2026-01-23T03:54:53.679524,Seepark,1,348118
2026-01-23T03:54:53.679524,Seestadt U,7,346152
2026-01-23T03:54:53.679524,Seestadt U,7,346961
2026-01-23T03:54:53.679524,Seestadt U,7,346912
2026-01-23T03:54:53.679524,Seestadt U,7,346504
2026-01-23T03:54:53.679524,Seestadt U,7,348693
2026-01-23T03:54:53.679524,Seestadt U,7,348631
2026-01-23T03:54:53.679524,Seestadt U,7,348549
2026-01-23T03:54:53.679524,Schwedenplatz,38,345191
2026-01-23T03:54:53.679524,Schwedenplatz,38,345623
2026-01-23T03:54:53.679524,Schwedenplatz,38,345591
2026-01-23T03:54:53.679524,Schwedenplatz,38,346499
2026-01-23T03:54:53.679524,Schwedenplatz,38,346244
2026-01-23T03:54:53.679524,Schwedenplatz,38,346212
2026-01-23T03:54:53.679524,Schwedenplatz,38,346211
2026-01-23T03:54:53.679524,Schwedenplatz,38,346106
2026-01-23T03:54:53.679524,Schwedenplatz,38,346083
2026-01-23T03:54:53.679524,Schwedenplatz,38,346072
2026-01-23T03:54:53.679524,Schwedenplatz,38,346021
2026-01-23T03:54:53.679524,Schwedenplatz,38,346953
2026-01-23T03:54:53.679524,Schwedenplatz,38,346624
2026-01-23T03:54:53.679524,Schwedenplatz,38,347479
2026-01-23T03:54:53.679524,Schwedenplatz,38,347461
2026-01-23T03:54:53.679524,Schwedenplatz,38,347456
2026-01-23T03:54:53.679524,Schwedenplatz,38,347444
2026-01-23T03:54:53.679524,Schwedenplatz,38,347282
2026-01-23T03:54:53.679524,Schwedenplatz,38,347232
2026-01-23T03:54:53.679524,Schwedenplatz,38,347130
2026-01-23T03:54:53.679524,Schwedenplatz,38,347097
2026-01-23T03:54:53.679524,Schwedenplatz,38,347084
2026-01-23T03:54:53.679524,Schwedenplatz,38,347060
2026-01-23T03:54:53.679524,Schwedenplatz,38,347042
2026-01-23T03:54:53.679524,Schwedenplatz,38,347956
2026-01-23T03:54:53.679524,Schwedenplatz,38,347608
2026-01-23T03:54:53.679524,Schwedenplatz,38,348477
2026-01-23T03:54:53.679524,Schwedenplatz,38,348397
2026-01-23T03:54:53.679524,Schwedenplatz,38,348337
2026-01-23T03:54:53.679524,Schwedenplatz,38,348252
2026-01-23T03:54:53.679524,Schwedenplatz,38,348249
2026-01-23T03:54:53.679524,Schwedenplatz,38,348100
2026-01-23T03:54:53.679524,Schwedenplatz,38,348691
2026-01-23T03:54:53.679524,Schwedenplatz,38,348639
2026-01-23T03:54:53.679524,Schwedenplatz,38,348635
2026-01-23T03:54:53.679524,Schwedenplatz,38,398791
2026-01-23T03:54:53.679524,Schwedenplatz,38,398719
2026-01-23T03:54:53.679524,Schwedenplatz,38,348921
2026-01-23T03:54:53.679524,Waldmüllerpark,7,345950
2026-01-23T03:54:53.679524,Waldmüllerpark,7,346252
2026-01-23T03:54:53.679524,Waldmüllerpark,7,346027
2026-01-23T03:54:53.679524,Waldmüllerpark,7,347295
2026-01-23T03:54:53.679524,Waldmüllerpark,7,347671
2026-01-23T03:54:53.679524,Waldmüllerpark,7,347510
2026-01-23T03:54:53.679524,Waldmüllerpark,7,349004
2026-01-23T03:54:53.679524,Stubentor U,18,345153
2026-01-23T03:54:53.679524,Stubentor U,18,345782
2026-01-23T03:54:53.679524,Stubentor U,18,345755
2026-01-23T03:54:53.679524,Stubentor U,18,346285
2026-01-23T03:54:53.679524,Stubentor U,18,346086
2026-01-23T03:54:53.679524,Stubentor U,18,346916
2026-01-23T03:54:53.679524,Stubentor U,18,346846
2026-01-23T03:54:53.679524,Stubentor U,18,347470
2026-01-23T03:54:53.679524,Stubentor U,18,347725
2026-01-23T03:54:53.679524,Stubentor U,18,347690
2026-01-23T03:54:53.679524,Stubentor U,18,347688
2026-01-23T03:54:53.679524,Stubentor U,18,348649
2026-01-23T03:54:53.679524,Stubentor U,18,348552
2026-01-23T03:54:53.679524,Stubentor U,18,398785
2026-01-23T03:54:53.679524,Stubentor U,18,398721
2026-01-23T03:54:53.679524,Stubentor U,18,349087
2026-01-23T03:54:53.679524,Stubentor U,18,348900
2026-01-23T03:54:53.679524,Stubentor U,18,349125
2026-01-23T03:54:53.679524,Landstraße - Wien Mitte S U,33,345342
2026-01-23T03:54:53.679524,Landstraße - Wien Mitte S U,33,345903
2026-01-23T03:54:53.679524,Landstraße - Wien Mitte S U,33,345875
2026-01-23T03:54:53.679524,Landstraße - Wien Mitte S U,33,345702
2026-01-23T03:54:53.679524,Landstraße - Wien Mitte S U,33,345547
2026-01-23T03:54:53.679524,Landstraße - Wien Mitte S U,33,345520
2026-01-23T03:54:53.679524,Landstraße - Wien Mitte S U,33,346278
2026-01-23T03:54:53.679524,Landstraße - Wien Mitte S U,33,346041
2026-01-23T03:54:53.679524,Landstraße - Wien Mitte S U,33,346890
2026-01-23T03:54:53.679524,Landstraße - Wien Mitte S U,33,346851
2026-01-23T03:54:53.679524,Landstraße - Wien Mitte S U,33,346824
2026-01-23T03:54:53.679524,Landstraße - Wien Mitte S U,33,346725
2026-01-23T03:54:53.679524,Landstraße - Wien Mitte S U,33,347433
2026-01-23T03:54:53.679524,Landstraße - Wien Mitte S U,33,347391
2026-01-23T03:54:53.679524,Landstraße - Wien Mitte S U,33,347990
2026-01-23T03:54:53.679524,Landstraße - Wien Mitte S U,33,347807
2026-01-23T03:54:53.679524,Landstraße - Wien Mitte S U,33,347763
2026-01-23T03:54:53.679524,Landstraße - Wien Mitte S U,33,348463
2026-01-23T03:54:53.679524,Landstraße - Wien Mitte S U,33,348331
2026-01-23T03:54:53.679524,Landstraße - Wien Mitte S U,33,348277
2026-01-23T03:54:53.679524,Landstraße - Wien Mitte S U,33,348200
2026-01-23T03:54:53.679524,Landstraße - Wien Mitte S U,33,348115
2026-01-23T03:54:53.679524,Landstraße - Wien Mitte S U,33,348660
2026-01-23T03:54:53.679524,Landstraße - Wien Mitte S U,33,348611
2026-01-23T03:54:53.679524,Landstraße - Wien Mitte S U,33,348527
2026-01-23T03:54:53.679524,Landstraße - Wien Mitte S U,33,398838
2026-01-23T03:54:53.679524,Landstraße - Wien Mitte S U,33,398816
2026-01-23T03:54:53.679524,Landstraße - Wien Mitte S U,33,398805
2026-01-23T03:54:53.679524,Landstraße - Wien Mitte S U,33,398802
2026-01-23T03:54:53.679524,Landstraße - Wien Mitte S U,33,349071
2026-01-23T03:54:53.679524,Landstraße - Wien Mitte S U,33,348876
2026-01-23T03:54:53.679524,Landstraße - Wien Mitte S U,33,348833
2026-01-23T03:54:53.679524,Landstraße - Wien Mitte S U,33,348801
2026-01-23T03:54:53.679524,Praterstern S U,50,345494
2026-01-23T03:54:53.679524,Praterstern S U,50,345226
2026-01-23T03:54:53.679524,Praterstern S U,50,345082
2026-01-23T03:54:53.679524,Praterstern S U,50,345058
2026-01-23T03:54:53.679524,Praterstern S U,50,345893
2026-01-23T03:54:53.679524,Praterstern S U,50,345863
2026-01-23T03:54:53.679524,Praterstern S U,50,345812
2026-01-23T03:54:53.679524,Praterstern S U,50,345648
2026-01-23T03:54:53.679524,Praterstern S U,50,345608
2026-01-23T03:54:53.679524,Praterstern S U,50,346402
2026-01-23T03:54:53.679524,Praterstern S U,50,346380
2026-01-23T03:54:53.679524,Praterstern S U,50,346347
2026-01-23T03:54:53.679524,Praterstern S U,50,346239
2026-01-23T03:54:53.679524,Praterstern S U,50,346062
2026-01-23T03:54:53.679524,Praterstern S U,50,346033
2026-01-23T03:54:53.679524,Praterstern S U,50,346004
2026-01-23T03:54:53.679524,Praterstern S U,50,346907
2026-01-23T03:54:53.679524,Praterstern S U,50,346773
2026-01-23T03:54:53.679524,Praterstern S U,50,346764
2026-01-23T03:54:53.679524,Praterstern S U,50,346748
2026-01-23T03:54:53.679524,Praterstern S U,50,346736
2026-01-23T03:54:53.679524,Praterstern S U,50,347354
2026-01-23T03:54:53.679524,Praterstern S U,50,347334
2026-01-23T03:54:53.679524,Praterstern S U,50,347328
2026-01-23T03:54:53.679524,Praterstern S U,50,347179
2026-01-23T03:54:53.679524,Praterstern S U,50,347172
2026-01-23T03:54:53.679524,Praterstern S U,50,347984
2026-01-23T03:54:53.679524,Praterstern S U,50,347894
2026-01-23T03:54:53.679524,Praterstern S U,50,347781
2026-01-23T03:54:53.679524,Praterstern S U,50,347767
2026-01-23T03:54:53.679524,Praterstern S U,50,347692
2026-01-23T03:54:53.679524,Praterstern S U,50,347672
2026-01-23T03:54:53.679524,Praterstern S U,50,347641
2026-01-23T03:54:53.679524,Praterstern S U,50,347503
2026-01-23T03:54:53.679524,Praterstern S U,50,348248
2026-01-23T03:54:53.679524,Praterstern S U,50,348171
2026-01-23T03:54:53.679524,Praterstern S U,50,348153
2026-01-23T03:54:53.679524,Praterstern S U,50,348051
2026-01-23T03:54:53.679524,Praterstern S U,50,348678
2026-01-23T03:54:53.679524,Praterstern S U,50,348671
2026-01-23T03:54:53.679524,Praterstern S U,50,348633
2026-01-23T03:54:53.679524,Praterstern S U,50,348623
2026-01-23T03:54:53.679524,Praterstern S U,50,348609
2026-01-23T03:54:53.679524,Praterstern S U,50,398852
2026-01-23T03:54:53.679524,Praterstern S U,50,398822
2026-01-23T03:54:53.679524,Praterstern S U,50,398778
2026-01-23T03:54:53.679524,Praterstern S U,50,398774
2026-01-23T03:54:53.679524,Praterstern S U,50,348806
2026-01-23T03:54:53.679524,Praterstern S U,50,349136
2026-01-23T03:54:53.679524,Praterstern S U,50,398870
2026-01-23T03:54:53.679524,Rustengasse,16,345414
2026-01-23T03:54:53.679524,Rustengasse,16,345110
2026-01-23T03:54:53.679524,Rustengasse,16,345692
2026-01-23T03:54:53.679524,Rustengasse,16,345667
2026-01-23T03:54:53.679524,Rustengasse,16,346460
2026-01-23T03:54:53.679524,Rustengasse,16,346166
2026-01-23T03:54:53.679524,Rustengasse,16,346901
2026-01-23T03:54:53.679524,Rustengasse,16,346775
2026-01-23T03:54:53.679524,Rustengasse,16,346728
2026-01-23T03:54:53.679524,Rustengasse,16,347248
2026-01-23T03:54:53.679524,Rustengasse,16,347109
2026-01-23T03:54:53.679524,Rustengasse,16,347963
2026-01-23T03:54:53.679524,Rustengasse,16,348354
2026-01-23T03:54:53.679524,Rustengasse,16,348125
2026-01-23T03:54:53.679524,Rustengasse,16,348023
2026-01-23T03:54:53.679524,Rustengasse,16,398847
2026-01-23T03:54:53.679524,Heiligenstadt S U,20,345274
2026-01-23T03:54:53.679524,Heiligenstadt S U,20,345254
2026-01-23T03:54:53.679524,Heiligenstadt S U,20,345148
2026-01-23T03:54:53.679524,Heiligenstadt S U,20,345027
2026-01-23T03:54:53.679524,Heiligenstadt S U,20,345012
2026-01-23T03:54:53.679524,Heiligenstadt S U,20,345834
2026-01-23T03:54:53.679524,Heiligenstadt S U,20,346364
2026-01-23T03:54:53.679524,Heiligenstadt S U,20,346279
2026-01-23T03:54:53.679524,Heiligenstadt S U,20,347173
2026-01-23T03:54:53.679524,Heiligenstadt S U,20,347693
2026-01-23T03:54:53.679524,Heiligenstadt S U,20,347591
2026-01-23T03:54:53.679524,Heiligenstadt S U,20,348335
2026-01-23T03:54:53.679524,Heiligenstadt S U,20,348177
2026-01-23T03:54:53.679524,Heiligenstadt S U,20,348038
2026-01-23T03:54:53.679524,Heiligenstadt S U,20,349085
2026-01-23T03:54:53.679524,Heiligenstadt S U,20,348989
2026-01-23T03:54:53.679524,Heiligenstadt S U,20,348932
2026-01-23T03:54:53.679524,Heiligenstadt S U,20,348905
2026-01-23T03:54:53.679524,Heiligenstadt S U,20,349192
2026-01-23T03:54:53.679524,Heiligenstadt S U,20,398866
2026-01-23T03:54:53.679524,Hütteldorf  S U,19,345493
2026-01-23T03:54:53.679524,Hütteldorf  S U,19,345065
2026-01-23T03:54:53.679524,Hütteldorf  S U,19,345923
2026-01-23T03:54:53.679524,Hütteldorf  S U,19,345513
2026-01-23T03:54:53.679524,Hütteldorf  S U,19,346862
2026-01-23T03:54:53.679524,Hütteldorf  S U,19,346669
2026-01-23T03:54:53.679524,Hütteldorf  S U,19,346628
2026-01-23T03:54:53.679524,Hütteldorf  S U,19,346570
2026-01-23T03:54:53.679524,Hütteldorf  S U,19,347358
2026-01-23T03:54:53.679524,Hütteldorf  S U,19,347338
2026-01-23T03:54:53.679524,Hütteldorf  S U,19,347322
2026-01-23T03:54:53.679524,Hütteldorf  S U,19,347079
2026-01-23T03:54:53.679524,Hütteldorf  S U,19,347971
2026-01-23T03:54:53.679524,Hütteldorf  S U,19,347901
2026-01-23T03:54:53.679524,Hütteldorf  S U,19,347658
2026-01-23T03:54:53.679524,Hütteldorf  S U,19,347599
2026-01-23T03:54:53.679524,Hütteldorf  S U,19,348413
2026-01-23T03:54:53.679524,Hütteldorf  S U,19,348322
2026-01-23T03:54:53.679524,Hütteldorf  S U,19,398768
2026-01-23T03:54:53.679524,Rathaus U,28,345453
2026-01-23T03:54:53.679524,Rathaus U,28,345183
2026-01-23T03:54:53.679524,Rathaus U,28,345002
2026-01-23T03:54:53.679524,Rathaus U,28,345790
2026-01-23T03:54:53.679524,Rathaus U,28,346429
2026-01-23T03:54:53.679524,Rathaus U,28,346128
2026-01-23T03:54:53.679524,Rathaus U,28,346064
2026-01-23T03:54:53.679524,Rathaus U,28,346908
2026-01-23T03:54:53.679524,Rathaus U,28,346879
2026-01-23T03:54:53.679524,Rathaus U,28,346762
2026-01-23T03:54:53.679524,Rathaus U,28,346670
2026-01-23T03:54:53.679524,Rathaus U,28,347305
2026-01-23T03:54:53.679524,Rathaus U,28,347251
2026-01-23T03:54:53.679524,Rathaus U,28,347157
2026-01-23T03:54:53.679524,Rathaus U,28,347028
2026-01-23T03:54:53.679524,Rathaus U,28,347899
2026-01-23T03:54:53.679524,Rathaus U,28,347850
2026-01-23T03:54:53.679524,Rathaus U,28,347811
2026-01-23T03:54:53.679524,Rathaus U,28,347795
2026-01-23T03:54:53.679524,Rathaus U,28,347637
2026-01-23T03:54:53.679524,Rathaus U,28,348343
2026-01-23T03:54:53.679524,Rathaus U,28,348297
2026-01-23T03:54:53.679524,Rathaus U,28,348213
2026-01-23T03:54:53.679524,Rathaus U,28,348207
2026-01-23T03:54:53.679524,Rathaus U,28,348141
2026-01-23T03:54:53.679524,Rathaus U,28,348072
2026-01-23T03:54:53.679524,Rathaus U,28,348069
2026-01-23T03:54:53.679524,Rathaus U,28,348044
2026-01-23T03:54:53.679524,Hans-Mandl-Berufsschule,8,345273
2026-01-23T03:54:53.679524,Hans-Mandl-Berufsschule,8,345503
2026-01-23T03:54:53.679524,Hans-Mandl-Berufsschule,8,346756
2026-01-23T03:54:53.679524,Hans-Mandl-Berufsschule,8,348365
2026-01-23T03:54:53.679524,Hans-Mandl-Berufsschule,8,348541
2026-01-23T03:54:53.679524,Hans-Mandl-Berufsschule,8,398858
2026-01-23T03:54:53.679524,Hans-Mandl-Berufsschule,8,348930
2026-01-23T03:54:53.679524,Hans-Mandl-Berufsschule,8,348808
2026-01-23T03:54:53.679524,Dänenstraße / BOKU,23,345488
2026-01-23T03:54:53.679524,Dänenstraße / BOKU,23,345392
2026-01-23T03:54:53.679524,Dänenstraße / BOKU,23,345362
2026-01-23T03:54:53.679524,Dänenstraße / BOKU,23,345245
2026-01-23T03:54:53.679524,Dänenstraße / BOKU,23,345216
2026-01-23T03:54:53.679524,Dänenstraße / BOKU,23,345121
2026-01-23T03:54:53.679524,Dänenstraße / BOKU,23,345961
2026-01-23T03:54:53.679524,Dänenstraße / BOKU,23,345898
2026-01-23T03:54:53.679524,Dänenstraße / BOKU,23,345798
2026-01-23T03:54:53.679524,Dänenstraße / BOKU,23,345747
2026-01-23T03:54:53.679524,Dänenstraße / BOKU,23,345596
2026-01-23T03:54:53.679524,Dänenstraße / BOKU,23,346979
2026-01-23T03:54:53.679524,Dänenstraße / BOKU,23,346962
2026-01-23T03:54:53.679524,Dänenstraße / BOKU,23,346842
2026-01-23T03:54:53.679524,Dänenstraße / BOKU,23,346644
2026-01-23T03:54:53.679524,Dänenstraße / BOKU,23,346585
2026-01-23T03:54:53.679524,Dänenstraße / BOKU,23,346510
2026-01-23T03:54:53.679524,Dänenstraße / BOKU,23,347022
2026-01-23T03:54:53.679524,Dänenstraße / BOKU,23,347790
2026-01-23T03:54:53.679524,Dänenstraße / BOKU,23,347759
2026-01-23T03:54:53.679524,Dänenstraße / BOKU,23,348022
2026-01-23T03:54:53.679524,Dänenstraße / BOKU,23,348690
2026-01-23T03:54:53.679524,Dänenstraße / BOKU,23,348681
2026-01-23T03:54:53.679524,Schloss Schönbrunn,32,345320
2026-01-23T03:54:53.679524,Schloss Schönbrunn,32,345177
2026-01-23T03:54:53.679524,Schloss Schönbrunn,32,345141
2026-01-23T03:54:53.679524,Schloss Schönbrunn,32,345123
2026-01-23T03:54:53.679524,Schloss Schönbrunn,32,345115
2026-01-23T03:54:53.679524,Schloss Schönbrunn,32,345057
2026-01-23T03:54:53.679524,Schloss Schönbrunn,32,345015
2026-01-23T03:54:53.679524,Schloss Schönbrunn,32,345969
2026-01-23T03:54:53.679524,Schloss Schönbrunn,32,345879
2026-01-23T03:54:53.679524,Schloss Schönbrunn,32,345598
2026-01-23T03:54:53.679524,Schloss Schönbrunn,32,346485
2026-01-23T03:54:53.679524,Schloss Schönbrunn,32,346313
2026-01-23T03:54:53.679524,Schloss Schönbrunn,32,346123
2026-01-23T03:54:53.679524,Schloss Schönbrunn,32,346010
2026-01-23T03:54:53.679524,Schloss Schönbrunn,32,346951
2026-01-23T03:54:53.679524,Schloss Schönbrunn,32,346835
2026-01-23T03:54:53.679524,Schloss Schönbrunn,32,347474
2026-01-23T03:54:53.679524,Schloss Schönbrunn,32,347377
2026-01-23T03:54:53.679524,Schloss Schönbrunn,32,347312
2026-01-23T03:54:53.679524,Schloss Schönbrunn,32,347937
2026-01-23T03:54:53.679524,Schloss Schönbrunn,32,347873
2026-01-23T03:54:53.679524,Schloss Schönbrunn,32,347515
2026-01-23T03:54:53.679524,Schloss Schönbrunn,32,348462
2026-01-23T03:54:53.679524,Schloss Schönbrunn,32,348402
2026-01-23T03:54:53.679524,Schloss Schönbrunn,32,348349
2026-01-23T03:54:53.679524,Schloss Schönbrunn,32,348077
2026-01-23T03:54:53.679524,Schloss Schönbrunn,32,348003
2026-01-23T03:54:53.679524,Schloss Schönbrunn,32,398753
2026-01-23T03:54:53.679524,Schloss Schönbrunn,32,398752
2026-01-23T03:54:53.679524,Schloss Schönbrunn,32,398748
2026-01-23T03:54:53.679524,Schloss Schönbrunn,32,349065
2026-01-23T03:54:53.679524,Schloss Schönbrunn,32,348839
2026-01-23T03:54:53.679524,Eslarngasse / Juchgasse,6,345975
2026-01-23T03:54:53.679524,Eslarngasse / Juchgasse,6,345550
2026-01-23T03:54:53.679524,Eslarngasse / Juchgasse,6,346948
2026-01-23T03:54:53.679524,Eslarngasse / Juchgasse,6,346668
2026-01-23T03:54:53.679524,Eslarngasse / Juchgasse,6,347413
2026-01-23T03:54:53.679524,Eslarngasse / Juchgasse,6,347181
2026-01-23T03:54:53.679524,Plößlgasse / Belvedere,19,345330
2026-01-23T03:54:53.679524,Plößlgasse / Belvedere,19,345293
2026-01-23T03:54:53.679524,Plößlgasse / Belvedere,19,345126
2026-01-23T03:54:53.679524,Plößlgasse / Belvedere,19,345054
2026-01-23T03:54:53.679524,Plößlgasse / Belvedere,19,345980
2026-01-23T03:54:53.679524,Plößlgasse / Belvedere,19,345846
2026-01-23T03:54:53.679524,Plößlgasse / Belvedere,19,346109
2026-01-23T03:54:53.679524,Plößlgasse / Belvedere,19,346781
2026-01-23T03:54:53.679524,Plößlgasse / Belvedere,19,346755
2026-01-23T03:54:53.679524,Plößlgasse / Belvedere,19,347260
2026-01-23T03:54:53.679524,Plößlgasse / Belvedere,19,347177
2026-01-23T03:54:53.679524,Plößlgasse / Belvedere,19,347047
2026-01-23T03:54:53.679524,Plößlgasse / Belvedere,19,347826
2026-01-23T03:54:53.679524,Plößlgasse / Belvedere,19,348644
2026-01-23T03:54:53.679524,Plößlgasse / Belvedere,19,349111
2026-01-23T03:54:53.679524,Plößlgasse / Belvedere,19,349066
2026-01-23T03:54:53.679524,Plößlgasse / Belvedere,19,349061
2026-01-23T03:54:53.679524,Plößlgasse / Belvedere,19,348933
2026-01-23T03:54:53.679524,Plößlgasse / Belvedere,19,348880
2026-01-23T03:54:53.679524,Sankt-Elisabeth-Platz,2,345974
2026-01-23T03:54:53.679524,Sankt-Elisabeth-Platz,2,345972
2026-01-23T03:54:53.679524,Laudongasse / Schönbornpark,12,345738
2026-01-23T03:54:53.679524,Laudongasse / Schönbornpark,12,345688
2026-01-23T03:54:53.679524,Laudongasse / Schönbornpark,12,346393
2026-01-23T03:54:53.679524,Laudongasse / Schönbornpark,12,346203
2026-01-23T03:54:53.679524,Laudongasse / Schönbornpark,12,346190
2026-01-23T03:54:53.679524,Laudongasse / Schönbornpark,12,346687
2026-01-23T03:54:53.679524,Laudongasse / Schönbornpark,12,346576
2026-01-23T03:54:53.679524,Laudongasse / Schönbornpark,12,348279
2026-01-23T03:54:53.679524,Laudongasse / Schönbornpark,12,348099
2026-01-23T03:54:53.679524,Laudongasse / Schönbornpark,12,348035
2026-01-23T03:54:53.679524,Laudongasse / Schönbornpark,12,348661
2026-01-23T03:54:53.679524,Laudongasse / Schönbornpark,12,348565
2026-01-23T03:54:53.679524,Rossauer Lände U,9,345209
2026-01-23T03:54:53.679524,Rossauer Lände U,9,345125
2026-01-23T03:54:53.679524,Rossauer Lände U,9,346897
2026-01-23T03:54:53.679524,Rossauer Lände U,9,346692
2026-01-23T03:54:53.679524,Rossauer Lände U,9,346571
2026-01-23T03:54:53.679524,Rossauer Lände U,9,347929
2026-01-23T03:54:53.679524,Rossauer Lände U,9,347656
2026-01-23T03:54:53.679524,Rossauer Lände U,9,348461
2026-01-23T03:54:53.679524,Rossauer Lände U,9,348052
2026-01-23T03:54:53.679524,Lazarettgasse,5,345977
2026-01-23T03:54:53.679524,Lazarettgasse,5,346672
2026-01-23T03:54:53.679524,Lazarettgasse,5,348339
2026-01-23T03:54:53.679524,Lazarettgasse,5,348713
2026-01-23T03:54:53.679524,Lazarettgasse,5,349184
2026-01-23T03:54:53.679524,Edelsinnstraße,9,345908
2026-01-23T03:54:53.679524,Edelsinnstraße,9,345837
2026-01-23T03:54:53.679524,Edelsinnstraße,9,345818
2026-01-23T03:54:53.679524,Edelsinnstraße,9,346437
2026-01-23T03:54:53.679524,Edelsinnstraße,9,346843
2026-01-23T03:54:53.679524,Edelsinnstraße,9,347361
2026-01-23T03:54:53.679524,Edelsinnstraße,9,348709
2026-01-23T03:54:53.679524,Edelsinnstraße,9,349013
2026-01-23T03:54:53.679524,Edelsinnstraße,9,349148
2026-01-23T03:54:53.679524,Karlsplatz U / TU Wien,19,345142
2026-01-23T03:54:53.679524,Karlsplatz U / TU Wien,19,345731
2026-01-23T03:54:53.679524,Karlsplatz U / TU Wien,19,345506
2026-01-23T03:54:53.679524,Karlsplatz U / TU Wien,19,346281
2026-01-23T03:54:53.679524,Karlsplatz U / TU Wien,19,346881
2026-01-23T03:54:53.679524,Karlsplatz U / TU Wien,19,346848
2026-01-23T03:54:53.679524,Karlsplatz U / TU Wien,19,346735
2026-01-23T03:54:53.679524,Karlsplatz U / TU Wien,19,346665
2026-01-23T03:54:53.679524,Karlsplatz U / TU Wien,19,346634
2026-01-23T03:54:53.679524,Karlsplatz U / TU Wien,19,347491
2026-01-23T03:54:53.679524,Karlsplatz U / TU Wien,19,347458
2026-01-23T03:54:53.679524,Karlsplatz U / TU Wien,19,347293
2026-01-23T03:54:53.679524,Karlsplatz U / TU Wien,19,347102
2026-01-23T03:54:53.679524,Karlsplatz U / TU Wien,19,347017
2026-01-23T03:54:53.679524,Karlsplatz U / TU Wien,19,347572
2026-01-23T03:54:53.679524,Karlsplatz U / TU Wien,19,348342
2026-01-23T03:54:53.679524,Karlsplatz U / TU Wien,19,348673
2026-01-23T03:54:53.679524,Karlsplatz U / TU Wien,19,398820
2026-01-23T03:54:53.679524,Karlsplatz U / TU Wien,19,398872
2026-01-23T03:54:53.679524,Amerlingstraße,10,345470
2026-01-23T03:54:53.679524,Amerlingstraße,10,345465
2026-01-23T03:54:53.679524,Amerlingstraße,10,345364
2026-01-23T03:54:53.679524,Amerlingstraße,10,345891
2026-01-23T03:54:53.679524,Amerlingstraße,10,345758
2026-01-23T03:54:53.679524,Amerlingstraße,10,345627
2026-01-23T03:54:53.679524,Amerlingstraße,10,346089
2026-01-23T03:54:53.679524,Amerlingstraße,10,346931
2026-01-23T03:54:53.679524,Amerlingstraße,10,347370
2026-01-23T03:54:53.679524,Amerlingstraße,10,347002
2026-01-23T03:54:53.679524,Albertgasse,3,345419
2026-01-23T03:54:53.679524,Albertgasse,3,347655
2026-01-23T03:54:53.679524,Albertgasse,3,348355
2026-01-23T03:54:53.679524,Universitätsring,28,345467
2026-01-23T03:54:53.679524,Universitätsring,28,345267
2026-01-23T03:54:53.679524,Universitätsring,28,345195
2026-01-23T03:54:53.679524,Universitätsring,28,346403
2026-01-23T03:54:53.679524,Universitätsring,28,346318
2026-01-23T03:54:53.679524,Universitätsring,28,346310
2026-01-23T03:54:53.679524,Universitätsring,28,346061
2026-01-23T03:54:53.679524,Universitätsring,28,346039
2026-01-23T03:54:53.679524,Universitätsring,28,346016
2026-01-23T03:54:53.679524,Universitätsring,28,346011
2026-01-23T03:54:53.679524,Universitätsring,28,346973
2026-01-23T03:54:53.679524,Universitätsring,28,346942
2026-01-23T03:54:53.679524,Universitätsring,28,346895
2026-01-23T03:54:53.679524,Universitätsring,28,346710
2026-01-23T03:54:53.679524,Universitätsring,28,346697
2026-01-23T03:54:53.679524,Universitätsring,28,347330
2026-01-23T03:54:53.679524,Universitätsring,28,347264
2026-01-23T03:54:53.679524,Universitätsring,28,347845
2026-01-23T03:54:53.679524,Universitätsring,28,347582
2026-01-23T03:54:53.679524,Universitätsring,28,348495
2026-01-23T03:54:53.679524,Universitätsring,28,348439
2026-01-23T03:54:53.679524,Universitätsring,28,348240
2026-01-23T03:54:53.679524,Universitätsring,28,348214
2026-01-23T03:54:53.679524,Universitätsring,28,348047
2026-01-23T03:54:53.679524,Universitätsring,28,348017
2026-01-23T03:54:53.679524,Universitätsring,28,348630
2026-01-23T03:54:53.679524,Universitätsring,28,348592
2026-01-23T03:54:53.679524,Universitätsring,28,398837
2026-01-23T03:54:53.679524,Herrengasse U,26,345339
2026-01-23T03:54:53.679524,Herrengasse U,26,345295
2026-01-23T03:54:53.679524,Herrengasse U,26,345163
2026-01-23T03:54:53.679524,Herrengasse U,26,345008
2026-01-23T03:54:53.679524,Herrengasse U,26,345978
2026-01-23T03:54:53.679524,Herrengasse U,26,345638
2026-01-23T03:54:53.679524,Herrengasse U,26,345518
2026-01-23T03:54:53.679524,Herrengasse U,26,346434
2026-01-23T03:54:53.679524,Herrengasse U,26,346250
2026-01-23T03:54:53.679524,Herrengasse U,26,346137
2026-01-23T03:54:53.679524,Herrengasse U,26,346936
2026-01-23T03:54:53.679524,Herrengasse U,26,347267
2026-01-23T03:54:53.679524,Herrengasse U,26,347239
2026-01-23T03:54:53.679524,Herrengasse U,26,347111
2026-01-23T03:54:53.679524,Herrengasse U,26,347031
2026-01-23T03:54:53.679524,Herrengasse U,26,347832
2026-01-23T03:54:53.679524,Herrengasse U,26,347667
2026-01-23T03:54:53.679524,Herrengasse U,26,348476
2026-01-23T03:54:53.679524,Herrengasse U,26,348419
2026-01-23T03:54:53.679524,Herrengasse U,26,348071
2026-01-23T03:54:53.679524,Herrengasse U,26,348033
2026-01-23T03:54:53.679524,Herrengasse U,26,348618
2026-01-23T03:54:53.679524,Herrengasse U,26,348547
2026-01-23T03:54:53.679524,Herrengasse U,26,349007
2026-01-23T03:54:53.679524,Herrengasse U,26,348832
2026-01-23T03:54:53.679524,Herrengasse U,26,348831
2026-01-23T03:54:53.679524,Sensengasse,17,345239
2026-01-23T03:54:53.679524,Sensengasse,17,345770
2026-01-23T03:54:53.679524,Sensengasse,17,346442
2026-01-23T03:54:53.679524,Sensengasse,17,346389
2026-01-23T03:54:53.679524,Sensengasse,17,346263
2026-01-23T03:54:53.679524,Sensengasse,17,346876
2026-01-23T03:54:53.679524,Sensengasse,17,346800
2026-01-23T03:54:53.679524,Sensengasse,17,346682
2026-01-23T03:54:53.679524,Sensengasse,17,346674
2026-01-23T03:54:53.679524,Sensengasse,17,347459
2026-01-23T03:54:53.679524,Sensengasse,17,347427
2026-01-23T03:54:53.679524,Sensengasse,17,347369
2026-01-23T03:54:53.679524,Sensengasse,17,347783
2026-01-23T03:54:53.679524,Sensengasse,17,348377
2026-01-23T03:54:53.679524,Sensengasse,17,348675
2026-01-23T03:54:53.679524,Sensengasse,17,348632
2026-01-23T03:54:53.679524,Sensengasse,17,348562
2026-01-23T03:54:53.679524,Belgradplatz,8,345774
2026-01-23T03:54:53.679524,Belgradplatz,8,346683
2026-01-23T03:54:53.679524,Belgradplatz,8,346636
2026-01-23T03:54:53.679524,Belgradplatz,8,347308
2026-01-23T03:54:53.679524,Belgradplatz,8,348251
2026-01-23T03:54:53.679524,Belgradplatz,8,348658
2026-01-23T03:54:53.679524,Belgradplatz,8,348647
2026-01-23T03:54:53.679524,Belgradplatz,8,348532
2026-01-23T03:54:53.679524,Rathausplatz / Burgtheater,15,345416
2026-01-23T03:54:53.679524,Rathausplatz / Burgtheater,15,345156
2026-01-23T03:54:53.679524,Rathausplatz / Burgtheater,15,345090
2026-01-23T03:54:53.679524,Rathausplatz / Burgtheater,15,345932
2026-01-23T03:54:53.679524,Rathausplatz / Burgtheater,15,345601
2026-01-23T03:54:53.679524,Rathausplatz / Burgtheater,15,345552
2026-01-23T03:54:53.679524,Rathausplatz / Burgtheater,15,347707
2026-01-23T03:54:53.679524,Rathausplatz / Burgtheater,15,347586
2026-01-23T03:54:53.679524,Rathausplatz / Burgtheater,15,348180
2026-01-23T03:54:53.679524,Rathausplatz / Burgtheater,15,348139
2026-01-23T03:54:53.679524,Rathausplatz / Burgtheater,15,348098
2026-01-23T03:54:53.679524,Rathausplatz / Burgtheater,15,348083
2026-01-23T03:54:53.679524,Rathausplatz / Burgtheater,15,348046
2026-01-23T03:54:53.679524,Rathausplatz / Burgtheater,15,348599
2026-01-23T03:54:53.679524,Rathausplatz / Burgtheater,15,349122
2026-01-23T03:54:53.679524,Arbeitergasse - Gürtel,12,345720
2026-01-23T03:54:53.679524,Arbeitergasse - Gürtel,12,345717
2026-01-23T03:54:53.679524,Arbeitergasse - Gürtel,12,345533
2026-01-23T03:54:53.679524,Arbeitergasse - Gürtel,12,346470
2026-01-23T03:54:53.679524,Arbeitergasse - Gürtel,12,346070
2026-01-23T03:54:53.679524,Arbeitergasse - Gürtel,12,346870
2026-01-23T03:54:53.679524,Arbeitergasse - Gürtel,12,346826
2026-01-23T03:54:53.679524,Arbeitergasse - Gürtel,12,346760
2026-01-23T03:54:53.679524,Arbeitergasse - Gürtel,12,347742
2026-01-23T03:54:53.679524,Arbeitergasse - Gürtel,12,348497
2026-01-23T03:54:53.679524,Arbeitergasse - Gürtel,12,348291
2026-01-23T03:54:53.679524,Arbeitergasse - Gürtel,12,398798
2026-01-23T03:54:53.679524,Bauernfeldplatz / Palais Lichtenstein,19,345495
2026-01-23T03:54:53.679524,Bauernfeldplatz / Palais Lichtenstein,19,345128
2026-01-23T03:54:53.679524,Bauernfeldplatz / Palais Lichtenstein,19,345949
2026-01-23T03:54:53.679524,Bauernfeldplatz / Palais Lichtenstein,19,345831
2026-01-23T03:54:53.679524,Bauernfeldplatz / Palais Lichtenstein,19,345736
2026-01-23T03:54:53.679524,Bauernfeldplatz / Palais Lichtenstein,19,345529
2026-01-23T03:54:53.679524,Bauernfeldplatz / Palais Lichtenstein,19,346040
2026-01-23T03:54:53.679524,Bauernfeldplatz / Palais Lichtenstein,19,346864
2026-01-23T03:54:53.679524,Bauernfeldplatz / Palais Lichtenstein,19,346780
2026-01-23T03:54:53.679524,Bauernfeldplatz / Palais Lichtenstein,19,346597
2026-01-23T03:54:53.679524,Bauernfeldplatz / Palais Lichtenstein,19,347414
2026-01-23T03:54:53.679524,Bauernfeldplatz / Palais Lichtenstein,19,347343
2026-01-23T03:54:53.679524,Bauernfeldplatz / Palais Lichtenstein,19,347319
2026-01-23T03:54:53.679524,Bauernfeldplatz / Palais Lichtenstein,19,347316
2026-01-23T03:54:53.679524,Bauernfeldplatz / Palais Lichtenstein,19,347054
2026-01-23T03:54:53.679524,Bauernfeldplatz / Palais Lichtenstein,19,347890
2026-01-23T03:54:53.679524,Bauernfeldplatz / Palais Lichtenstein,19,347724
2026-01-23T03:54:53.679524,Bauernfeldplatz / Palais Lichtenstein,19,347594
2026-01-23T03:54:53.679524,Bauernfeldplatz / Palais Lichtenstein,19,347516
2026-01-23T03:54:53.679524,Johannesgasse / Stadtpark,14,345445
2026-01-23T03:54:53.679524,Johannesgasse / Stadtpark,14,345237
2026-01-23T03:54:53.679524,Johannesgasse / Stadtpark,14,346127
2026-01-23T03:54:53.679524,Johannesgasse / Stadtpark,14,346797
2026-01-23T03:54:53.679524,Johannesgasse / Stadtpark,14,346620
2026-01-23T03:54:53.679524,Johannesgasse / Stadtpark,14,347032
2026-01-23T03:54:53.679524,Johannesgasse / Stadtpark,14,347685
2026-01-23T03:54:53.679524,Johannesgasse / Stadtpark,14,348459
2026-01-23T03:54:53.679524,Johannesgasse / Stadtpark,14,348393
2026-01-23T03:54:53.679524,Johannesgasse / Stadtpark,14,348027
2026-01-23T03:54:53.679524,Johannesgasse / Stadtpark,14,398758
2026-01-23T03:54:53.679524,Johannesgasse / Stadtpark,14,348961
2026-01-23T03:54:53.679524,Johannesgasse / Stadtpark,14,348940
2026-01-23T03:54:53.679524,Johannesgasse / Stadtpark,14,349199
2026-01-23T03:54:53.679524,Bischof-Faber-Platz,3,347969
2026-01-23T03:54:53.679524,Bischof-Faber-Platz,3,347797
2026-01-23T03:54:53.679524,Bischof-Faber-Platz,3,348136
2026-01-23T03:54:53.679524,Am Schöpfwerk U,14,345031
2026-01-23T03:54:53.679524,Am Schöpfwerk U,14,345989
2026-01-23T03:54:53.679524,Am Schöpfwerk U,14,345970
2026-01-23T03:54:53.679524,Am Schöpfwerk U,14,345952
2026-01-23T03:54:53.679524,Am Schöpfwerk U,14,345939
2026-01-23T03:54:53.679524,Am Schöpfwerk U,14,345575
2026-01-23T03:54:53.679524,Am Schöpfwerk U,14,346353
2026-01-23T03:54:53.679524,Am Schöpfwerk U,14,346914
2026-01-23T03:54:53.679524,Am Schöpfwerk U,14,346527
2026-01-23T03:54:53.679524,Am Schöpfwerk U,14,347240
2026-01-23T03:54:53.679524,Am Schöpfwerk U,14,347096
2026-01-23T03:54:53.679524,Am Schöpfwerk U,14,347625
2026-01-23T03:54:53.679524,Am Schöpfwerk U,14,348269
2026-01-23T03:54:53.679524,Am Schöpfwerk U,14,398793
2026-01-23T03:54:53.679524,Alserbachstraße,20,345346
2026-01-23T03:54:53.679524,Alserbachstraße,20,345724
2026-01-23T03:54:53.679524,Alserbachstraße,20,346390
2026-01-23T03:54:53.679524,Alserbachstraße,20,346365
2026-01-23T03:54:53.679524,Alserbachstraße,20,346202
2026-01-23T03:54:53.679524,Alserbachstraße,20,346891
2026-01-23T03:54:53.679524,Alserbachstraße,20,347438
2026-01-23T03:54:53.679524,Alserbachstraße,20,347169
2026-01-23T03:54:53.679524,Alserbachstraße,20,347944
2026-01-23T03:54:53.679524,Alserbachstraße,20,347934
2026-01-23T03:54:53.679524,Alserbachstraße,20,347903
2026-01-23T03:54:53.679524,Alserbachstraße,20,347632
2026-01-23T03:54:53.679524,Alserbachstraße,20,347540
2026-01-23T03:54:53.679524,Alserbachstraße,20,348489
2026-01-23T03:54:53.679524,Alserbachstraße,20,348364
2026-01-23T03:54:53.679524,Alserbachstraße,20,348336
2026-01-23T03:54:53.679524,Alserbachstraße,20,348116
2026-01-23T03:54:53.679524,Alserbachstraße,20,348057
2026-01-23T03:54:53.679524,Alserbachstraße,20,398736
2026-01-23T03:54:53.679524,Alserbachstraße,20,398722
2026-01-23T03:54:53.679524,Petrusgasse,16,345106
2026-01-23T03:54:53.679524,Petrusgasse,16,345629
2026-01-23T03:54:53.679524,Petrusgasse,16,345535
2026-01-23T03:54:53.679524,Petrusgasse,16,346401
2026-01-23T03:54:53.679524,Petrusgasse,16,346240
2026-01-23T03:54:53.679524,Petrusgasse,16,346193
2026-01-23T03:54:53.679524,Petrusgasse,16,346176
2026-01-23T03:54:53.679524,Petrusgasse,16,346623
2026-01-23T03:54:53.679524,Petrusgasse,16,346599
2026-01-23T03:54:53.679524,Petrusgasse,16,347457
2026-01-23T03:54:53.679524,Petrusgasse,16,347144
2026-01-23T03:54:53.679524,Petrusgasse,16,347970
2026-01-23T03:54:53.679524,Petrusgasse,16,347928
2026-01-23T03:54:53.679524,Petrusgasse,16,347604
2026-01-23T03:54:53.679524,Petrusgasse,16,349005
2026-01-23T03:54:53.679524,Petrusgasse,16,348859
2026-01-23T03:54:53.679524,Wassergasse,29,345912
2026-01-23T03:54:53.679524,Wassergasse,29,345783
2026-01-23T03:54:53.679524,Wassergasse,29,345683
2026-01-23T03:54:53.679524,Wassergasse,29,345606
2026-01-23T03:54:53.679524,Wassergasse,29,345530
2026-01-23T03:54:53.679524,Wassergasse,29,346438
2026-01-23T03:54:53.679524,Wassergasse,29,346398
2026-01-23T03:54:53.679524,Wassergasse,29,346302
2026-01-23T03:54:53.679524,Wassergasse,29,346987
2026-01-23T03:54:53.679524,Wassergasse,29,346894
2026-01-23T03:54:53.679524,Wassergasse,29,346887
2026-01-23T03:54:53.679524,Wassergasse,29,346722
2026-01-23T03:54:53.679524,Wassergasse,29,346518
2026-01-23T03:54:53.679524,Wassergasse,29,346508
2026-01-23T03:54:53.679524,Wassergasse,29,347384
2026-01-23T03:54:53.679524,Wassergasse,29,347183
2026-01-23T03:54:53.679524,Wassergasse,29,347180
2026-01-23T03:54:53.679524,Wassergasse,29,347046
2026-01-23T03:54:53.679524,Wassergasse,29,347747
2026-01-23T03:54:53.679524,Wassergasse,29,347563
2026-01-23T03:54:53.679524,Wassergasse,29,347504
2026-01-23T03:54:53.679524,Wassergasse,29,348073
2026-01-23T03:54:53.679524,Wassergasse,29,348061
2026-01-23T03:54:53.679524,Wassergasse,29,348702
2026-01-23T03:54:53.679524,Wassergasse,29,348677
2026-01-23T03:54:53.679524,Wassergasse,29,398796
2026-01-23T03:54:53.679524,Wassergasse,29,398787
2026-01-23T03:54:53.679524,Wassergasse,29,349033
2026-01-23T03:54:53.679524,Wassergasse,29,349175
2026-01-23T03:54:53.679524,Löwengasse,14,345229
2026-01-23T03:54:53.679524,Löwengasse,14,345157
2026-01-23T03:54:53.679524,Löwengasse,14,346421
2026-01-23T03:54:53.679524,Löwengasse,14,346317
2026-01-23T03:54:53.679524,Löwengasse,14,346029
2026-01-23T03:54:53.679524,Löwengasse,14,346574
2026-01-23T03:54:53.679524,Löwengasse,14,346502
2026-01-23T03:54:53.679524,Löwengasse,14,347250
2026-01-23T03:54:53.679524,Löwengasse,14,347238
2026-01-23T03:54:53.679524,Löwengasse,14,347098
2026-01-23T03:54:53.679524,Löwengasse,14,347528
2026-01-23T03:54:53.679524,Löwengasse,14,348275
2026-01-23T03:54:53.679524,Löwengasse,14,348048
2026-01-23T03:54:53.679524,Löwengasse,14,348011
2026-01-23T03:54:53.679524,Kardinal-Nagl-Platz U,9,345845
2026-01-23T03:54:53.679524,Kardinal-Nagl-Platz U,9,345711
2026-01-23T03:54:53.679524,Kardinal-Nagl-Platz U,9,345590
2026-01-23T03:54:53.679524,Kardinal-Nagl-Platz U,9,345586
2026-01-23T03:54:53.679524,Kardinal-Nagl-Platz U,9,347407
2026-01-23T03:54:53.679524,Kardinal-Nagl-Platz U,9,347285
2026-01-23T03:54:53.679524,Kardinal-Nagl-Platz U,9,347088
2026-01-23T03:54:53.679524,Kardinal-Nagl-Platz U,9,348105
2026-01-23T03:54:53.679524,Kardinal-Nagl-Platz U,9,348830
2026-01-23T03:54:53.679524,Kärntner Ring,16,345297
2026-01-23T03:54:53.679524,Kärntner Ring,16,345851
2026-01-23T03:54:53.679524,Kärntner Ring,16,345803
2026-01-23T03:54:53.679524,Kärntner Ring,16,345672
2026-01-23T03:54:53.679524,Kärntner Ring,16,346138
2026-01-23T03:54:53.679524,Kärntner Ring,16,346867
2026-01-23T03:54:53.679524,Kärntner Ring,16,346675
2026-01-23T03:54:53.679524,Kärntner Ring,16,346667
2026-01-23T03:54:53.679524,Kärntner Ring,16,346647
2026-01-23T03:54:53.679524,Kärntner Ring,16,347464
2026-01-23T03:54:53.679524,Kärntner Ring,16,347396
2026-01-23T03:54:53.679524,Kärntner Ring,16,347089
2026-01-23T03:54:53.679524,Kärntner Ring,16,347947
2026-01-23T03:54:53.679524,Kärntner Ring,16,347913
2026-01-23T03:54:53.679524,Kärntner Ring,16,398861
2026-01-23T03:54:53.679524,Kärntner Ring,16,349119
2026-01-23T03:54:53.679524,Schottenring U,20,345251
2026-01-23T03:54:53.679524,Schottenring U,20,345948
2026-01-23T03:54:53.679524,Schottenring U,20,345869
2026-01-23T03:54:53.679524,Schottenring U,20,345546
2026-01-23T03:54:53.679524,Schottenring U,20,346277
2026-01-23T03:54:53.679524,Schottenring U,20,346226
2026-01-23T03:54:53.679524,Schottenring U,20,346000
2026-01-23T03:54:53.679524,Schottenring U,20,346604
2026-01-23T03:54:53.679524,Schottenring U,20,347483
2026-01-23T03:54:53.679524,Schottenring U,20,347244
2026-01-23T03:54:53.679524,Schottenring U,20,347638
2026-01-23T03:54:53.679524,Schottenring U,20,348362
2026-01-23T03:54:53.679524,Schottenring U,20,348348
2026-01-23T03:54:53.679524,Schottenring U,20,348245
2026-01-23T03:54:53.679524,Schottenring U,20,348210
2026-01-23T03:54:53.679524,Schottenring U,20,348158
2026-01-23T03:54:53.679524,Schottenring U,20,348130
2026-01-23T03:54:53.679524,Schottenring U,20,348701
2026-01-23T03:54:53.679524,Schottenring U,20,398853
2026-01-23T03:54:53.679524,Schottenring U,20,349034
2026-01-23T03:54:53.679524,Strozzigasse,21,345384
2026-01-23T03:54:53.679524,Strozzigasse,21,345319
2026-01-23T03:54:53.679524,Strozzigasse,21,345315
2026-01-23T03:54:53.679524,Strozzigasse,21,345118
2026-01-23T03:54:53.679524,Strozzigasse,21,345116
2026-01-23T03:54:53.679524,Strozzigasse,21,345734
2026-01-23T03:54:53.679524,Strozzigasse,21,345646
2026-01-23T03:54:53.679524,Strozzigasse,21,345522
2026-01-23T03:54:53.679524,Strozzigasse,21,346465
2026-01-23T03:54:53.679524,Strozzigasse,21,346811
2026-01-23T03:54:53.679524,Strozzigasse,21,346771
2026-01-23T03:54:53.679524,Strozzigasse,21,346734
2026-01-23T03:54:53.679524,Strozzigasse,21,347471
2026-01-23T03:54:53.679524,Strozzigasse,21,347189
2026-01-23T03:54:53.679524,Strozzigasse,21,347185
2026-01-23T03:54:53.679524,Strozzigasse,21,347502
2026-01-23T03:54:53.679524,Strozzigasse,21,348409
2026-01-23T03:54:53.679524,Strozzigasse,21,348383
2026-01-23T03:54:53.679524,Strozzigasse,21,348312
2026-01-23T03:54:53.679524,Strozzigasse,21,348274
2026-01-23T03:54:53.679524,Strozzigasse,21,348624
2026-01-23T03:54:53.679524,Yppengasse,34,345404
2026-01-23T03:54:53.679524,Yppengasse,34,345140
2026-01-23T03:54:53.679524,Yppengasse,34,345138
2026-01-23T03:54:53.679524,Yppengasse,34,345101
2026-01-23T03:54:53.679524,Yppengasse,34,345062
2026-01-23T03:54:53.679524,Yppengasse,34,345748
2026-01-23T03:54:53.679524,Yppengasse,34,345669
2026-01-23T03:54:53.679524,Yppengasse,34,345553
2026-01-23T03:54:53.679524,Yppengasse,34,346404
2026-01-23T03:54:53.679524,Yppengasse,34,346399
2026-01-23T03:54:53.679524,Yppengasse,34,346291
2026-01-23T03:54:53.679524,Yppengasse,34,346235
2026-01-23T03:54:53.679524,Yppengasse,34,346200
2026-01-23T03:54:53.679524,Yppengasse,34,346191
2026-01-23T03:54:53.679524,Yppengasse,34,346183
2026-01-23T03:54:53.679524,Yppengasse,34,346602
2026-01-23T03:54:53.679524,Yppengasse,34,347490
2026-01-23T03:54:53.679524,Yppengasse,34,347489
2026-01-23T03:54:53.679524,Yppengasse,34,347303
2026-01-23T03:54:53.679524,Yppengasse,34,347236
2026-01-23T03:54:53.679524,Yppengasse,34,347229
2026-01-23T03:54:53.679524,Yppengasse,34,347129
2026-01-23T03:54:53.679524,Yppengasse,34,347980
2026-01-23T03:54:53.679524,Yppengasse,34,347960
2026-01-23T03:54:53.679524,Yppengasse,34,347706
2026-01-23T03:54:53.679524,Yppengasse,34,347681
2026-01-23T03:54:53.679524,Yppengasse,34,347646
2026-01-23T03:54:53.679524,Yppengasse,34,347603
2026-01-23T03:54:53.679524,Yppengasse,34,347544
2026-01-23T03:54:53.679524,Yppengasse,34,348454
2026-01-23T03:54:53.679524,Yppengasse,34,348415
2026-01-23T03:54:53.679524,Yppengasse,34,348300
2026-01-23T03:54:53.679524,Yppengasse,34,348616
2026-01-23T03:54:53.679524,Yppengasse,34,398749
2026-01-23T03:54:53.679524,Stefan-Fadinger-Platz,15,345210
2026-01-23T03:54:53.679524,Stefan-Fadinger-Platz,15,345185
2026-01-23T03:54:53.679524,Stefan-Fadinger-Platz,15,345102
2026-01-23T03:54:53.679524,Stefan-Fadinger-Platz,15,345616
2026-01-23T03:54:53.679524,Stefan-Fadinger-Platz,15,346477
2026-01-23T03:54:53.679524,Stefan-Fadinger-Platz,15,346415
2026-01-23T03:54:53.679524,Stefan-Fadinger-Platz,15,346905
2026-01-23T03:54:53.679524,Stefan-Fadinger-Platz,15,346877
2026-01-23T03:54:53.679524,Stefan-Fadinger-Platz,15,346609
2026-01-23T03:54:53.679524,Stefan-Fadinger-Platz,15,347329
2026-01-23T03:54:53.679524,Stefan-Fadinger-Platz,15,347164
2026-01-23T03:54:53.679524,Stefan-Fadinger-Platz,15,347780
2026-01-23T03:54:53.679524,Stefan-Fadinger-Platz,15,347595
2026-01-23T03:54:53.679524,Stefan-Fadinger-Platz,15,348470
2026-01-23T03:54:53.679524,Stefan-Fadinger-Platz,15,348524
2026-01-23T03:54:53.679524,Brünnlbadgasse,7,345286
2026-01-23T03:54:53.679524,Brünnlbadgasse,7,345796
2026-01-23T03:54:53.679524,Brünnlbadgasse,7,345744
2026-01-23T03:54:53.679524,Brünnlbadgasse,7,347039
2026-01-23T03:54:53.679524,Brünnlbadgasse,7,347580
2026-01-23T03:54:53.679524,Brünnlbadgasse,7,398726
2026-01-23T03:54:53.679524,Brünnlbadgasse,7,348877
2026-01-23T03:54:53.679524,Obere Augartenstraße,18,345298
2026-01-23T03:54:53.679524,Obere Augartenstraße,18,345136
2026-01-23T03:54:53.679524,Obere Augartenstraße,18,345030
2026-01-23T03:54:53.679524,Obere Augartenstraße,18,345929
2026-01-23T03:54:53.679524,Obere Augartenstraße,18,345914
2026-01-23T03:54:53.679524,Obere Augartenstraße,18,345819
2026-01-23T03:54:53.679524,Obere Augartenstraße,18,345631
2026-01-23T03:54:53.679524,Obere Augartenstraße,18,346445
2026-01-23T03:54:53.679524,Obere Augartenstraße,18,346405
2026-01-23T03:54:53.679524,Obere Augartenstraße,18,346198
2026-01-23T03:54:53.679524,Obere Augartenstraße,18,347289
2026-01-23T03:54:53.679524,Obere Augartenstraße,18,347231
2026-01-23T03:54:53.679524,Obere Augartenstraße,18,347993
2026-01-23T03:54:53.679524,Obere Augartenstraße,18,347880
2026-01-23T03:54:53.679524,Obere Augartenstraße,18,347808
2026-01-23T03:54:53.679524,Obere Augartenstraße,18,348418
2026-01-23T03:54:53.679524,Obere Augartenstraße,18,348608
2026-01-23T03:54:53.679524,Obere Augartenstraße,18,348995
2026-01-23T03:54:53.679524,Gußhausstraße / Argentinierstraße,8,345988
2026-01-23T03:54:53.679524,Gußhausstraße / Argentinierstraße,8,346713
2026-01-23T03:54:53.679524,Gußhausstraße / Argentinierstraße,8,347957
2026-01-23T03:54:53.679524,Gußhausstraße / Argentinierstraße,8,348553
2026-01-23T03:54:53.679524,Gußhausstraße / Argentinierstraße,8,398843
2026-01-23T03:54:53.679524,Gußhausstraße / Argentinierstraße,8,348982
2026-01-23T03:54:53.679524,Gußhausstraße / Argentinierstraße,8,348957
2026-01-23T03:54:53.679524,Gußhausstraße / Argentinierstraße,8,349164
2026-01-23T03:54:53.679524,Marschallplatz,9,345212
2026-01-23T03:54:53.679524,Marschallplatz,9,345981
2026-01-23T03:54:53.679524,Marschallplatz,9,345561
2026-01-23T03:54:53.679524,Marschallplatz,9,345542
2026-01-23T03:54:53.679524,Marschallplatz,9,346221
2026-01-23T03:54:53.679524,Marschallplatz,9,347466
2026-01-23T03:54:53.679524,Marschallplatz,9,348626
2026-01-23T03:54:53.679524,Marschallplatz,9,348583
2026-01-23T03:54:53.679524,Marschallplatz,9,348823
2026-01-23T03:54:53.679524,Ober St. Veit U,11,345418
2026-01-23T03:54:53.679524,Ober St. Veit U,11,345866
2026-01-23T03:54:53.679524,Ober St. Veit U,11,347290
2026-01-23T03:54:53.679524,Ober St. Veit U,11,347133
2026-01-23T03:54:53.679524,Ober St. Veit U,11,347114
2026-01-23T03:54:53.679524,Ober St. Veit U,11,347104
2026-01-23T03:54:53.679524,Ober St. Veit U,11,347853
2026-01-23T03:54:53.679524,Ober St. Veit U,11,347814
2026-01-23T03:54:53.679524,Ober St. Veit U,11,347687
2026-01-23T03:54:53.679524,Ober St. Veit U,11,347617
2026-01-23T03:54:53.679524,Ober St. Veit U,11,348448
2026-01-23T03:54:53.679524,Auf der Schmelz,21,345489
2026-01-23T03:54:53.679524,Auf der Schmelz,21,345432
2026-01-23T03:54:53.679524,Auf der Schmelz,21,345240
2026-01-23T03:54:53.679524,Auf der Schmelz,21,345107
2026-01-23T03:54:53.679524,Auf der Schmelz,21,345099
2026-01-23T03:54:53.679524,Auf der Schmelz,21,345921
2026-01-23T03:54:53.679524,Auf der Schmelz,21,345762
2026-01-23T03:54:53.679524,Auf der Schmelz,21,345619
2026-01-23T03:54:53.679524,Auf der Schmelz,21,346387
2026-01-23T03:54:53.679524,Auf der Schmelz,21,346929
2026-01-23T03:54:53.679524,Auf der Schmelz,21,346723
2026-01-23T03:54:53.679524,Auf der Schmelz,21,347468
2026-01-23T03:54:53.679524,Auf der Schmelz,21,347467
2026-01-23T03:54:53.679524,Auf der Schmelz,21,347447
2026-01-23T03:54:53.679524,Auf der Schmelz,21,347275
2026-01-23T03:54:53.679524,Auf der Schmelz,21,347057
2026-01-23T03:54:53.679524,Auf der Schmelz,21,347812
2026-01-23T03:54:53.679524,Auf der Schmelz,21,348422
2026-01-23T03:54:53.679524,Auf der Schmelz,21,348363
2026-01-23T03:54:53.679524,Auf der Schmelz,21,348264
2026-01-23T03:54:53.679524,Auf der Schmelz,21,349193
2026-01-23T03:54:53.679524,Grimmgasse,13,345496
2026-01-23T03:54:53.679524,Grimmgasse,13,345805
2026-01-23T03:54:53.679524,Grimmgasse,13,345776
2026-01-23T03:54:53.679524,Grimmgasse,13,346175
2026-01-23T03:54:53.679524,Grimmgasse,13,346012
2026-01-23T03:54:53.679524,Grimmgasse,13,346998
2026-01-23T03:54:53.679524,Grimmgasse,13,346900
2026-01-23T03:54:53.679524,Grimmgasse,13,347374
2026-01-23T03:54:53.679524,Grimmgasse,13,347298
2026-01-23T03:54:53.679524,Grimmgasse,13,347954
2026-01-23T03:54:53.679524,Grimmgasse,13,348388
2026-01-23T03:54:53.679524,Grimmgasse,13,348544
2026-01-23T03:54:53.679524,Grimmgasse,13,398867
2026-01-23T03:54:53.679524,Parhamerplatz,33,345357
2026-01-23T03:54:53.679524,Parhamerplatz,33,345348
2026-01-23T03:54:53.679524,Parhamerplatz,33,345269
2026-01-23T03:54:53.679524,Parhamerplatz,33,345214
2026-01-23T03:54:53.679524,Parhamerplatz,33,345095
2026-01-23T03:54:53.679524,Parhamerplatz,33,345084
2026-01-23T03:54:53.679524,Parhamerplatz,33,345074
2026-01-23T03:54:53.679524,Parhamerplatz,33,345052
2026-01-23T03:54:53.679524,Parhamerplatz,33,345976
2026-01-23T03:54:53.679524,Parhamerplatz,33,345881
2026-01-23T03:54:53.679524,Parhamerplatz,33,345849
2026-01-23T03:54:53.679524,Parhamerplatz,33,345807
2026-01-23T03:54:53.679524,Parhamerplatz,33,345768
2026-01-23T03:54:53.679524,Parhamerplatz,33,345687
2026-01-23T03:54:53.679524,Parhamerplatz,33,346475
2026-01-23T03:54:53.679524,Parhamerplatz,33,346210
2026-01-23T03:54:53.679524,Parhamerplatz,33,346105
2026-01-23T03:54:53.679524,Parhamerplatz,33,346994
2026-01-23T03:54:53.679524,Parhamerplatz,33,346957
2026-01-23T03:54:53.679524,Parhamerplatz,33,346861
2026-01-23T03:54:53.679524,Parhamerplatz,33,346778
2026-01-23T03:54:53.679524,Parhamerplatz,33,346569
2026-01-23T03:54:53.679524,Parhamerplatz,33,347906
2026-01-23T03:54:53.679524,Parhamerplatz,33,347884
2026-01-23T03:54:53.679524,Parhamerplatz,33,347863
2026-01-23T03:54:53.679524,Parhamerplatz,33,347791
2026-01-23T03:54:53.679524,Parhamerplatz,33,347786
2026-01-23T03:54:53.679524,Parhamerplatz,33,347650
2026-01-23T03:54:53.679524,Parhamerplatz,33,348379
2026-01-23T03:54:53.679524,Parhamerplatz,33,348289
2026-01-23T03:54:53.679524,Parhamerplatz,33,348255
2026-01-23T03:54:53.679524,Parhamerplatz,33,348588
2026-01-23T03:54:53.679524,Parhamerplatz,33,398730
2026-01-23T03:54:53.679524,Kendlerstraße U,15,345081
2026-01-23T03:54:53.679524,Kendlerstraße U,15,345959
2026-01-23T03:54:53.679524,Kendlerstraße U,15,345694
2026-01-23T03:54:53.679524,Kendlerstraße U,15,345622
2026-01-23T03:54:53.679524,Kendlerstraße U,15,345531
2026-01-23T03:54:53.679524,Kendlerstraße U,15,346641
2026-01-23T03:54:53.679524,Kendlerstraße U,15,347024
2026-01-23T03:54:53.679524,Kendlerstraße U,15,347858
2026-01-23T03:54:53.679524,Kendlerstraße U,15,348375
2026-01-23T03:54:53.679524,Kendlerstraße U,15,348311
2026-01-23T03:54:53.679524,Kendlerstraße U,15,348261
2026-01-23T03:54:53.679524,Kendlerstraße U,15,348187
2026-01-23T03:54:53.679524,Kendlerstraße U,15,398825
2026-01-23T03:54:53.679524,Kendlerstraße U,15,348972
2026-01-23T03:54:53.679524,Kendlerstraße U,15,349116
2026-01-23T03:54:53.679524,Dornerplatz,31,345479
2026-01-23T03:54:53.679524,Dornerplatz,31,345434
2026-01-23T03:54:53.679524,Dornerplatz,31,345425
2026-01-23T03:54:53.679524,Dornerplatz,31,345335
2026-01-23T03:54:53.679524,Dornerplatz,31,345259
2026-01-23T03:54:53.679524,Dornerplatz,31,345246
2026-01-23T03:54:53.679524,Dornerplatz,31,345228
2026-01-23T03:54:53.679524,Dornerplatz,31,345675
2026-01-23T03:54:53.679524,Dornerplatz,31,345658
2026-01-23T03:54:53.679524,Dornerplatz,31,345584
2026-01-23T03:54:53.679524,Dornerplatz,31,346462
2026-01-23T03:54:53.679524,Dornerplatz,31,346344
2026-01-23T03:54:53.679524,Dornerplatz,31,346289
2026-01-23T03:54:53.679524,Dornerplatz,31,346044
2026-01-23T03:54:53.679524,Dornerplatz,31,346985
2026-01-23T03:54:53.679524,Dornerplatz,31,346738
2026-01-23T03:54:53.679524,Dornerplatz,31,346704
2026-01-23T03:54:53.679524,Dornerplatz,31,346626
2026-01-23T03:54:53.679524,Dornerplatz,31,346509
2026-01-23T03:54:53.679524,Dornerplatz,31,347342
2026-01-23T03:54:53.679524,Dornerplatz,31,347252
2026-01-23T03:54:53.679524,Dornerplatz,31,347224
2026-01-23T03:54:53.679524,Dornerplatz,31,347123
2026-01-23T03:54:53.679524,Dornerplatz,31,347778
2026-01-23T03:54:53.679524,Dornerplatz,31,347746
2026-01-23T03:54:53.679524,Dornerplatz,31,347600
2026-01-23T03:54:53.679524,Dornerplatz,31,348236
2026-01-23T03:54:53.679524,Dornerplatz,31,348107
2026-01-23T03:54:53.679524,Dornerplatz,31,348577
2026-01-23T03:54:53.679524,Dornerplatz,31,348888
2026-01-23T03:54:53.679524,Dornerplatz,31,349158
2026-01-23T03:54:53.679524,Hernals S,11,345589
2026-01-23T03:54:53.679524,Hernals S,11,346479
2026-01-23T03:54:53.679524,Hernals S,11,346319
2026-01-23T03:54:53.679524,Hernals S,11,346229
2026-01-23T03:54:53.679524,Hernals S,11,346129
2026-01-23T03:54:53.679524,Hernals S,11,347041
2026-01-23T03:54:53.679524,Hernals S,11,347020
2026-01-23T03:54:53.679524,Hernals S,11,347788
2026-01-23T03:54:53.679524,Hernals S,11,347772
2026-01-23T03:54:53.679524,Hernals S,11,348089
2026-01-23T03:54:53.679524,Hernals S,11,348015
2026-01-23T03:54:53.679524,Schmelzbrücke,16,345429
2026-01-23T03:54:53.679524,Schmelzbrücke,16,345235
2026-01-23T03:54:53.679524,Schmelzbrücke,16,345096
2026-01-23T03:54:53.679524,Schmelzbrücke,16,346425
2026-01-23T03:54:53.679524,Schmelzbrücke,16,346932
2026-01-23T03:54:53.679524,Schmelzbrücke,16,346517
2026-01-23T03:54:53.679524,Schmelzbrücke,16,347480
2026-01-23T03:54:53.679524,Schmelzbrücke,16,347299
2026-01-23T03:54:53.679524,Schmelzbrücke,16,347242
2026-01-23T03:54:53.679524,Schmelzbrücke,16,347155
2026-01-23T03:54:53.679524,Schmelzbrücke,16,347642
2026-01-23T03:54:53.679524,Schmelzbrücke,16,348425
2026-01-23T03:54:53.679524,Schmelzbrücke,16,348424
2026-01-23T03:54:53.679524,Schmelzbrücke,16,348405
2026-01-23T03:54:53.679524,Schmelzbrücke,16,348065
2026-01-23T03:54:53.679524,Schmelzbrücke,16,398801
2026-01-23T03:54:53.679524,Michelbeuern-AKH U,28,345497
2026-01-23T03:54:53.679524,Michelbeuern-AKH U,28,345962
2026-01-23T03:54:53.679524,Michelbeuern-AKH U,28,345918
2026-01-23T03:54:53.679524,Michelbeuern-AKH U,28,345911
2026-01-23T03:54:53.679524,Michelbeuern-AKH U,28,345609
2026-01-23T03:54:53.679524,Michelbeuern-AKH U,28,346324
2026-01-23T03:54:53.679524,Michelbeuern-AKH U,28,346204
2026-01-23T03:54:53.679524,Michelbeuern-AKH U,28,346192
2026-01-23T03:54:53.679524,Michelbeuern-AKH U,28,346088
2026-01-23T03:54:53.679524,Michelbeuern-AKH U,28,346050
2026-01-23T03:54:53.679524,Michelbeuern-AKH U,28,346720
2026-01-23T03:54:53.679524,Michelbeuern-AKH U,28,346514
2026-01-23T03:54:53.679524,Michelbeuern-AKH U,28,347347
2026-01-23T03:54:53.679524,Michelbeuern-AKH U,28,347751
2026-01-23T03:54:53.679524,Michelbeuern-AKH U,28,347545
2026-01-23T03:54:53.679524,Michelbeuern-AKH U,28,347535
2026-01-23T03:54:53.679524,Michelbeuern-AKH U,28,347522
2026-01-23T03:54:53.679524,Michelbeuern-AKH U,28,348498
2026-01-23T03:54:53.679524,Michelbeuern-AKH U,28,348327
2026-01-23T03:54:53.679524,Michelbeuern-AKH U,28,348309
2026-01-23T03:54:53.679524,Michelbeuern-AKH U,28,348166
2026-01-23T03:54:53.679524,Michelbeuern-AKH U,28,348122
2026-01-23T03:54:53.679524,Michelbeuern-AKH U,28,348018
2026-01-23T03:54:53.679524,Michelbeuern-AKH U,28,348688
2026-01-23T03:54:53.679524,Michelbeuern-AKH U,28,348684
2026-01-23T03:54:53.679524,Michelbeuern-AKH U,28,398717
2026-01-23T03:54:53.679524,Michelbeuern-AKH U,28,349000
2026-01-23T03:54:53.679524,Michelbeuern-AKH U,28,348988
2026-01-23T03:54:53.679524,Johann-Nepomuk-Vogl-Platz,19,345317
2026-01-23T03:54:53.679524,Johann-Nepomuk-Vogl-Platz,19,345139
2026-01-23T03:54:53.679524,Johann-Nepomuk-Vogl-Platz,19,346357
2026-01-23T03:54:53.679524,Johann-Nepomuk-Vogl-Platz,19,346343
2026-01-23T03:54:53.679524,Johann-Nepomuk-Vogl-Platz,19,346251
2026-01-23T03:54:53.679524,Johann-Nepomuk-Vogl-Platz,19,347803
2026-01-23T03:54:53.679524,Johann-Nepomuk-Vogl-Platz,19,347718
2026-01-23T03:54:53.679524,Johann-Nepomuk-Vogl-Platz,19,347686
2026-01-23T03:54:53.679524,Johann-Nepomuk-Vogl-Platz,19,348436
2026-01-23T03:54:53.679524,Johann-Nepomuk-Vogl-Platz,19,348191
2026-01-23T03:54:53.679524,Johann-Nepomuk-Vogl-Platz,19,348008
2026-01-23T03:54:53.679524,Johann-Nepomuk-Vogl-Platz,19,348587
2026-01-23T03:54:53.679524,Johann-Nepomuk-Vogl-Platz,19,398860
2026-01-23T03:54:53.679524,Johann-Nepomuk-Vogl-Platz,19,398727
2026-01-23T03:54:53.679524,Johann-Nepomuk-Vogl-Platz,19,349028
2026-01-23T03:54:53.679524,Johann-Nepomuk-Vogl-Platz,19,348939
2026-01-23T03:54:53.679524,Johann-Nepomuk-Vogl-Platz,19,348897
2026-01-23T03:54:53.679524,Johann-Nepomuk-Vogl-Platz,19,348835
2026-01-23T03:54:53.679524,Johann-Nepomuk-Vogl-Platz,19,348827
2026-01-23T03:54:53.679524,Mayerhofgasse,3,345328
2026-01-23T03:54:53.679524,Mayerhofgasse,3,346621
2026-01-23T03:54:53.679524,Mayerhofgasse,3,348643
2026-01-23T03:54:53.679524,Westbahnstraße / Schottenfeldgasse,3,345823
2026-01-23T03:54:53.679524,Westbahnstraße / Schottenfeldgasse,3,347367
2026-01-23T03:54:53.679524,Westbahnstraße / Schottenfeldgasse,3,349146
2026-01-23T03:54:53.679524,Vorgartenstraße U,18,345928
2026-01-23T03:54:53.679524,Vorgartenstraße U,18,345909
2026-01-23T03:54:53.679524,Vorgartenstraße U,18,345637
2026-01-23T03:54:53.679524,Vorgartenstraße U,18,345532
2026-01-23T03:54:53.679524,Vorgartenstraße U,18,346259
2026-01-23T03:54:53.679524,Vorgartenstraße U,18,346233
2026-01-23T03:54:53.679524,Vorgartenstraße U,18,346160
2026-01-23T03:54:53.679524,Vorgartenstraße U,18,346013
2026-01-23T03:54:53.679524,Vorgartenstraße U,18,346968
2026-01-23T03:54:53.679524,Vorgartenstraße U,18,346779
2026-01-23T03:54:53.679524,Vorgartenstraße U,18,347443
2026-01-23T03:54:53.679524,Vorgartenstraße U,18,347073
2026-01-23T03:54:53.679524,Vorgartenstraße U,18,347752
2026-01-23T03:54:53.679524,Vorgartenstraße U,18,347613
2026-01-23T03:54:53.679524,Vorgartenstraße U,18,347511
2026-01-23T03:54:53.679524,Vorgartenstraße U,18,347508
2026-01-23T03:54:53.679524,Vorgartenstraße U,18,348010
2026-01-23T03:54:53.679524,Vorgartenstraße U,18,348885
2026-01-23T03:54:53.679524,Krieau U,15,345192
2026-01-23T03:54:53.679524,Krieau U,15,345144
2026-01-23T03:54:53.679524,Krieau U,15,345038
2026-01-23T03:54:53.679524,Krieau U,15,345007
2026-01-23T03:54:53.679524,Krieau U,15,345906
2026-01-23T03:54:53.679524,Krieau U,15,346741
2026-01-23T03:54:53.679524,Krieau U,15,346596
2026-01-23T03:54:53.679524,Krieau U,15,346587
2026-01-23T03:54:53.679524,Krieau U,15,347107
2026-01-23T03:54:53.679524,Krieau U,15,347800
2026-01-23T03:54:53.679524,Krieau U,15,347566
2026-01-23T03:54:53.679524,Krieau U,15,348421
2026-01-23T03:54:53.679524,Krieau U,15,348076
2026-01-23T03:54:53.679524,Krieau U,15,348067
2026-01-23T03:54:53.679524,Krieau U,15,349141
2026-01-23T03:54:53.679524,Ottakring S U,30,345474
2026-01-23T03:54:53.679524,Ottakring S U,30,345412
2026-01-23T03:54:53.679524,Ottakring S U,30,345078
2026-01-23T03:54:53.679524,Ottakring S U,30,345060
2026-01-23T03:54:53.679524,Ottakring S U,30,345986
2026-01-23T03:54:53.679524,Ottakring S U,30,345857
2026-01-23T03:54:53.679524,Ottakring S U,30,345707
2026-01-23T03:54:53.679524,Ottakring S U,30,345556
2026-01-23T03:54:53.679524,Ottakring S U,30,346414
2026-01-23T03:54:53.679524,Ottakring S U,30,346400
2026-01-23T03:54:53.679524,Ottakring S U,30,346977
2026-01-23T03:54:53.679524,Ottakring S U,30,346974
2026-01-23T03:54:53.679524,Ottakring S U,30,346913
2026-01-23T03:54:53.679524,Ottakring S U,30,346844
2026-01-23T03:54:53.679524,Ottakring S U,30,346823
2026-01-23T03:54:53.679524,Ottakring S U,30,346766
2026-01-23T03:54:53.679524,Ottakring S U,30,346737
2026-01-23T03:54:53.679524,Ottakring S U,30,346677
2026-01-23T03:54:53.679524,Ottakring S U,30,346614
2026-01-23T03:54:53.679524,Ottakring S U,30,347382
2026-01-23T03:54:53.679524,Ottakring S U,30,347325
2026-01-23T03:54:53.679524,Ottakring S U,30,347198
2026-01-23T03:54:53.679524,Ottakring S U,30,347115
2026-01-23T03:54:53.679524,Ottakring S U,30,347081
2026-01-23T03:54:53.679524,Ottakring S U,30,347691
2026-01-23T03:54:53.679524,Ottakring S U,30,347554
2026-01-23T03:54:53.679524,Ottakring S U,30,347520
2026-01-23T03:54:53.679524,Ottakring S U,30,348361
2026-01-23T03:54:53.679524,Ottakring S U,30,348149
2026-01-23T03:54:53.679524,Ottakring S U,30,398795
2026-01-23T03:54:53.679524,Hartmanngasse ,9,345066
2026-01-23T03:54:53.679524,Hartmanngasse ,9,345808
2026-01-23T03:54:53.679524,Hartmanngasse ,9,346093
2026-01-23T03:54:53.679524,Hartmanngasse ,9,347421
2026-01-23T03:54:53.679524,Hartmanngasse ,9,347064
2026-01-23T03:54:53.679524,Hartmanngasse ,9,347872
2026-01-23T03:54:53.679524,Hartmanngasse ,9,347729
2026-01-23T03:54:53.679524,Hartmanngasse ,9,348651
2026-01-23T03:54:53.679524,Hartmanngasse ,9,348546
2026-01-23T03:54:53.679524,Nestroyplatz U,8,345314
2026-01-23T03:54:53.679524,Nestroyplatz U,8,345249
2026-01-23T03:54:53.679524,Nestroyplatz U,8,346424
2026-01-23T03:54:53.679524,Nestroyplatz U,8,346219
2026-01-23T03:54:53.679524,Nestroyplatz U,8,346047
2026-01-23T03:54:53.679524,Nestroyplatz U,8,346906
2026-01-23T03:54:53.679524,Nestroyplatz U,8,346600
2026-01-23T03:54:53.679524,Nestroyplatz U,8,349127
2026-01-23T03:54:53.679524,Messe-Prater U,32,345771
2026-01-23T03:54:53.679524,Messe-Prater U,32,346430
2026-01-23T03:54:53.679524,Messe-Prater U,32,346248
2026-01-23T03:54:53.679524,Messe-Prater U,32,346197
2026-01-23T03:54:53.679524,Messe-Prater U,32,346136
2026-01-23T03:54:53.679524,Messe-Prater U,32,346001
2026-01-23T03:54:53.679524,Messe-Prater U,32,346792
2026-01-23T03:54:53.679524,Messe-Prater U,32,346671
2026-01-23T03:54:53.679524,Messe-Prater U,32,346642
2026-01-23T03:54:53.679524,Messe-Prater U,32,347314
2026-01-23T03:54:53.679524,Messe-Prater U,32,347287
2026-01-23T03:54:53.679524,Messe-Prater U,32,347151
2026-01-23T03:54:53.679524,Messe-Prater U,32,347147
2026-01-23T03:54:53.679524,Messe-Prater U,32,347136
2026-01-23T03:54:53.679524,Messe-Prater U,32,347922
2026-01-23T03:54:53.679524,Messe-Prater U,32,347796
2026-01-23T03:54:53.679524,Messe-Prater U,32,347709
2026-01-23T03:54:53.679524,Messe-Prater U,32,347601
2026-01-23T03:54:53.679524,Messe-Prater U,32,347512
2026-01-23T03:54:53.679524,Messe-Prater U,32,348429
2026-01-23T03:54:53.679524,Messe-Prater U,32,348428
2026-01-23T03:54:53.679524,Messe-Prater U,32,348208
2026-01-23T03:54:53.679524,Messe-Prater U,32,348128
2026-01-23T03:54:53.679524,Messe-Prater U,32,348648
2026-01-23T03:54:53.679524,Messe-Prater U,32,348585
2026-01-23T03:54:53.679524,Messe-Prater U,32,349019
2026-01-23T03:54:53.679524,Messe-Prater U,32,349009
2026-01-23T03:54:53.679524,Messe-Prater U,32,348978
2026-01-23T03:54:53.679524,Messe-Prater U,32,348959
2026-01-23T03:54:53.679524,Messe-Prater U,32,348956
2026-01-23T03:54:53.679524,Messe-Prater U,32,349181
2026-01-23T03:54:53.679524,Messe-Prater U,32,349176
2026-01-23T03:54:53.679524,Loquaiplatz,18,345499
2026-01-23T03:54:53.679524,Loquaiplatz,18,345835
2026-01-23T03:54:53.679524,Loquaiplatz,18,345733
2026-01-23T03:54:53.679524,Loquaiplatz,18,346418
2026-01-23T03:54:53.679524,Loquaiplatz,18,346322
2026-01-23T03:54:53.679524,Loquaiplatz,18,346145
2026-01-23T03:54:53.679524,Loquaiplatz,18,346143
2026-01-23T03:54:53.679524,Loquaiplatz,18,346069
2026-01-23T03:54:53.679524,Loquaiplatz,18,346744
2026-01-23T03:54:53.679524,Loquaiplatz,18,347362
2026-01-23T03:54:53.679524,Loquaiplatz,18,347128
2026-01-23T03:54:53.679524,Loquaiplatz,18,347953
2026-01-23T03:54:53.679524,Loquaiplatz,18,347748
2026-01-23T03:54:53.679524,Loquaiplatz,18,347662
2026-01-23T03:54:53.679524,Loquaiplatz,18,348350
2026-01-23T03:54:53.679524,Loquaiplatz,18,348665
2026-01-23T03:54:53.679524,Loquaiplatz,18,348539
2026-01-23T03:54:53.679524,Loquaiplatz,18,348536
2026-01-23T03:54:53.679524,Rosensteingasse,29,345472
2026-01-23T03:54:53.679524,Rosensteingasse,29,345292
2026-01-23T03:54:53.679524,Rosensteingasse,29,345993
2026-01-23T03:54:53.679524,Rosensteingasse,29,345979
2026-01-23T03:54:53.679524,Rosensteingasse,29,345955
2026-01-23T03:54:53.679524,Rosensteingasse,29,345848
2026-01-23T03:54:53.679524,Rosensteingasse,29,345788
2026-01-23T03:54:53.679524,Rosensteingasse,29,345775
2026-01-23T03:54:53.679524,Rosensteingasse,29,345668
2026-01-23T03:54:53.679524,Rosensteingasse,29,345663
2026-01-23T03:54:53.679524,Rosensteingasse,29,345545
2026-01-23T03:54:53.679524,Rosensteingasse,29,345517
2026-01-23T03:54:53.679524,Rosensteingasse,29,346444
2026-01-23T03:54:53.679524,Rosensteingasse,29,346139
2026-01-23T03:54:53.679524,Rosensteingasse,29,346133
2026-01-23T03:54:53.679524,Rosensteingasse,29,346066
2026-01-23T03:54:53.679524,Rosensteingasse,29,346943
2026-01-23T03:54:53.679524,Rosensteingasse,29,346531
2026-01-23T03:54:53.679524,Rosensteingasse,29,347476
2026-01-23T03:54:53.679524,Rosensteingasse,29,347941
2026-01-23T03:54:53.679524,Rosensteingasse,29,347689
2026-01-23T03:54:53.679524,Rosensteingasse,29,348391
2026-01-23T03:54:53.679524,Rosensteingasse,29,348370
2026-01-23T03:54:53.679524,Rosensteingasse,29,348369
2026-01-23T03:54:53.679524,Rosensteingasse,29,348317
2026-01-23T03:54:53.679524,Rosensteingasse,29,348215
2026-01-23T03:54:53.679524,Rosensteingasse,29,348628
2026-01-23T03:54:53.679524,Rosensteingasse,29,348557
2026-01-23T03:54:53.679524,Rosensteingasse,29,348858
2026-01-23T03:54:53.679524,Gumpendorfer Gürtel,15,345446
2026-01-23T03:54:53.679524,Gumpendorfer Gürtel,15,345371
2026-01-23T03:54:53.679524,Gumpendorfer Gürtel,15,345338
2026-01-23T03:54:53.679524,Gumpendorfer Gürtel,15,345737
2026-01-23T03:54:53.679524,Gumpendorfer Gürtel,15,345651
2026-01-23T03:54:53.679524,Gumpendorfer Gürtel,15,346117
2026-01-23T03:54:53.679524,Gumpendorfer Gürtel,15,346087
2026-01-23T03:54:53.679524,Gumpendorfer Gürtel,15,346959
2026-01-23T03:54:53.679524,Gumpendorfer Gürtel,15,347473
2026-01-23T03:54:53.679524,Gumpendorfer Gürtel,15,347184
2026-01-23T03:54:53.679524,Gumpendorfer Gürtel,15,347532
2026-01-23T03:54:53.679524,Gumpendorfer Gürtel,15,348458
2026-01-23T03:54:53.679524,Gumpendorfer Gürtel,15,348434
2026-01-23T03:54:53.679524,Gumpendorfer Gürtel,15,349020
2026-01-23T03:54:53.679524,Gumpendorfer Gürtel,15,348918
2026-01-23T03:54:53.679524,Burggasse-Stadthalle U,14,345197
2026-01-23T03:54:53.679524,Burggasse-Stadthalle U,14,345162
2026-01-23T03:54:53.679524,Burggasse-Stadthalle U,14,345146
2026-01-23T03:54:53.679524,Burggasse-Stadthalle U,14,345843
2026-01-23T03:54:53.679524,Burggasse-Stadthalle U,14,346468
2026-01-23T03:54:53.679524,Burggasse-Stadthalle U,14,346208
2026-01-23T03:54:53.679524,Burggasse-Stadthalle U,14,346055
2026-01-23T03:54:53.679524,Burggasse-Stadthalle U,14,346627
2026-01-23T03:54:53.679524,Burggasse-Stadthalle U,14,346613
2026-01-23T03:54:53.679524,Burggasse-Stadthalle U,14,347049
2026-01-23T03:54:53.679524,Burggasse-Stadthalle U,14,348334
2026-01-23T03:54:53.679524,Burggasse-Stadthalle U,14,348321
2026-01-23T03:54:53.679524,Burggasse-Stadthalle U,14,348292
2026-01-23T03:54:53.679524,Burggasse-Stadthalle U,14,349118
2026-01-23T03:54:53.679524,Urban-Loritz-Platz,22,345336
2026-01-23T03:54:53.679524,Urban-Loritz-Platz,22,345201
2026-01-23T03:54:53.679524,Urban-Loritz-Platz,22,345132
2026-01-23T03:54:53.679524,Urban-Loritz-Platz,22,345086
2026-01-23T03:54:53.679524,Urban-Loritz-Platz,22,345957
2026-01-23T03:54:53.679524,Urban-Loritz-Platz,22,345664
2026-01-23T03:54:53.679524,Urban-Loritz-Platz,22,346297
2026-01-23T03:54:53.679524,Urban-Loritz-Platz,22,346256
2026-01-23T03:54:53.679524,Urban-Loritz-Platz,22,346884
2026-01-23T03:54:53.679524,Urban-Loritz-Platz,22,346883
2026-01-23T03:54:53.679524,Urban-Loritz-Platz,22,346548
2026-01-23T03:54:53.679524,Urban-Loritz-Platz,22,346524
2026-01-23T03:54:53.679524,Urban-Loritz-Platz,22,347446
2026-01-23T03:54:53.679524,Urban-Loritz-Platz,22,347987
2026-01-23T03:54:53.679524,Urban-Loritz-Platz,22,347529
2026-01-23T03:54:53.679524,Urban-Loritz-Platz,22,348301
2026-01-23T03:54:53.679524,Urban-Loritz-Platz,22,348710
2026-01-23T03:54:53.679524,Urban-Loritz-Platz,22,348606
2026-01-23T03:54:53.679524,Urban-Loritz-Platz,22,348529
2026-01-23T03:54:53.679524,Urban-Loritz-Platz,22,348518
2026-01-23T03:54:53.679524,Urban-Loritz-Platz,22,349023
2026-01-23T03:54:53.679524,Urban-Loritz-Platz,22,398868
2026-01-23T03:54:53.679524,Hanusch Krankenhaus,17,345468
2026-01-23T03:54:53.679524,Hanusch Krankenhaus,17,345001
2026-01-23T03:54:53.679524,Hanusch Krankenhaus,17,345938
2026-01-23T03:54:53.679524,Hanusch Krankenhaus,17,345815
2026-01-23T03:54:53.679524,Hanusch Krankenhaus,17,345611
2026-01-23T03:54:53.679524,Hanusch Krankenhaus,17,346255
2026-01-23T03:54:53.679524,Hanusch Krankenhaus,17,346025
2026-01-23T03:54:53.679524,Hanusch Krankenhaus,17,346955
2026-01-23T03:54:53.679524,Hanusch Krankenhaus,17,346878
2026-01-23T03:54:53.679524,Hanusch Krankenhaus,17,347150
2026-01-23T03:54:53.679524,Hanusch Krankenhaus,17,347927
2026-01-23T03:54:53.679524,Hanusch Krankenhaus,17,347902
2026-01-23T03:54:53.679524,Hanusch Krankenhaus,17,348156
2026-01-23T03:54:53.679524,Hanusch Krankenhaus,17,348523
2026-01-23T03:54:53.679524,Hanusch Krankenhaus,17,398718
2026-01-23T03:54:53.679524,Hanusch Krankenhaus,17,349045
2026-01-23T03:54:53.679524,Hanusch Krankenhaus,17,349037
2026-01-23T03:54:53.679524,Westbahnhof S U / Gerstnerstraße,24,345329
2026-01-23T03:54:53.679524,Westbahnhof S U / Gerstnerstraße,24,345281
2026-01-23T03:54:53.679524,Westbahnhof S U / Gerstnerstraße,24,345256
2026-01-23T03:54:53.679524,Westbahnhof S U / Gerstnerstraße,24,345945
2026-01-23T03:54:53.679524,Westbahnhof S U / Gerstnerstraße,24,345910
2026-01-23T03:54:53.679524,Westbahnhof S U / Gerstnerstraße,24,345773
2026-01-23T03:54:53.679524,Westbahnhof S U / Gerstnerstraße,24,346471
2026-01-23T03:54:53.679524,Westbahnhof S U / Gerstnerstraße,24,346453
2026-01-23T03:54:53.679524,Westbahnhof S U / Gerstnerstraße,24,346417
2026-01-23T03:54:53.679524,Westbahnhof S U / Gerstnerstraße,24,346339
2026-01-23T03:54:53.679524,Westbahnhof S U / Gerstnerstraße,24,346122
2026-01-23T03:54:53.679524,Westbahnhof S U / Gerstnerstraße,24,346816
2026-01-23T03:54:53.679524,Westbahnhof S U / Gerstnerstraße,24,346739
2026-01-23T03:54:53.679524,Westbahnhof S U / Gerstnerstraße,24,346733
2026-01-23T03:54:53.679524,Westbahnhof S U / Gerstnerstraße,24,347364
2026-01-23T03:54:53.679524,Westbahnhof S U / Gerstnerstraße,24,347323
2026-01-23T03:54:53.679524,Westbahnhof S U / Gerstnerstraße,24,347916
2026-01-23T03:54:53.679524,Westbahnhof S U / Gerstnerstraße,24,347886
2026-01-23T03:54:53.679524,Westbahnhof S U / Gerstnerstraße,24,347533
2026-01-23T03:54:53.679524,Westbahnhof S U / Gerstnerstraße,24,348451
2026-01-23T03:54:53.679524,Westbahnhof S U / Gerstnerstraße,24,348205
2026-01-23T03:54:53.679524,Westbahnhof S U / Gerstnerstraße,24,348184
2026-01-23T03:54:53.679524,Westbahnhof S U / Gerstnerstraße,24,348058
2026-01-23T03:54:53.679524,Westbahnhof S U / Gerstnerstraße,24,348669
2026-01-23T03:54:53.679524,Wieningerplatz,34,345372
2026-01-23T03:54:53.679524,Wieningerplatz,34,345302
2026-01-23T03:54:53.679524,Wieningerplatz,34,345943
2026-01-23T03:54:53.679524,Wieningerplatz,34,345905
2026-01-23T03:54:53.679524,Wieningerplatz,34,345884
2026-01-23T03:54:53.679524,Wieningerplatz,34,345847
2026-01-23T03:54:53.679524,Wieningerplatz,34,345597
2026-01-23T03:54:53.679524,Wieningerplatz,34,346406
2026-01-23T03:54:53.679524,Wieningerplatz,34,346154
2026-01-23T03:54:53.679524,Wieningerplatz,34,346153
2026-01-23T03:54:53.679524,Wieningerplatz,34,346141
2026-01-23T03:54:53.679524,Wieningerplatz,34,346124
2026-01-23T03:54:53.679524,Wieningerplatz,34,346067
2026-01-23T03:54:53.679524,Wieningerplatz,34,346880
2026-01-23T03:54:53.679524,Wieningerplatz,34,346754
2026-01-23T03:54:53.679524,Wieningerplatz,34,346565
2026-01-23T03:54:53.679524,Wieningerplatz,34,347436
2026-01-23T03:54:53.679524,Wieningerplatz,34,347301
2026-01-23T03:54:53.679524,Wieningerplatz,34,347140
2026-01-23T03:54:53.679524,Wieningerplatz,34,347093
2026-01-23T03:54:53.679524,Wieningerplatz,34,347091
2026-01-23T03:54:53.679524,Wieningerplatz,34,347640
2026-01-23T03:54:53.679524,Wieningerplatz,34,347570
2026-01-23T03:54:53.679524,Wieningerplatz,34,347559
2026-01-23T03:54:53.679524,Wieningerplatz,34,348308
2026-01-23T03:54:53.679524,Wieningerplatz,34,348031
2026-01-23T03:54:53.679524,Wieningerplatz,34,348680
2026-01-23T03:54:53.679524,Wieningerplatz,34,348679
2026-01-23T03:54:53.679524,Wieningerplatz,34,348589
2026-01-23T03:54:53.679524,Wieningerplatz,34,348537
2026-01-23T03:54:53.679524,Wieningerplatz,34,348517
2026-01-23T03:54:53.679524,Wieningerplatz,34,398862
2026-01-23T03:54:53.679524,Wieningerplatz,34,398839
2026-01-23T03:54:53.679524,Wieningerplatz,34,349053
2026-01-23T03:54:53.679524,Markgraf-Rüdiger Straße,23,345475
2026-01-23T03:54:53.679524,Markgraf-Rüdiger Straße,23,345241
2026-01-23T03:54:53.679524,Markgraf-Rüdiger Straße,23,345971
2026-01-23T03:54:53.679524,Markgraf-Rüdiger Straße,23,345832
2026-01-23T03:54:53.679524,Markgraf-Rüdiger Straße,23,345699
2026-01-23T03:54:53.679524,Markgraf-Rüdiger Straße,23,345540
2026-01-23T03:54:53.679524,Markgraf-Rüdiger Straße,23,345511
2026-01-23T03:54:53.679524,Markgraf-Rüdiger Straße,23,346488
2026-01-23T03:54:53.679524,Markgraf-Rüdiger Straße,23,346282
2026-01-23T03:54:53.679524,Markgraf-Rüdiger Straße,23,346132
2026-01-23T03:54:53.679524,Markgraf-Rüdiger Straße,23,346028
2026-01-23T03:54:53.679524,Markgraf-Rüdiger Straße,23,346965
2026-01-23T03:54:53.679524,Markgraf-Rüdiger Straße,23,346940
2026-01-23T03:54:53.679524,Markgraf-Rüdiger Straße,23,346860
2026-01-23T03:54:53.679524,Markgraf-Rüdiger Straße,23,347368
2026-01-23T03:54:53.679524,Markgraf-Rüdiger Straße,23,347366
2026-01-23T03:54:53.679524,Markgraf-Rüdiger Straße,23,347352
2026-01-23T03:54:53.679524,Markgraf-Rüdiger Straße,23,347237
2026-01-23T03:54:53.679524,Markgraf-Rüdiger Straße,23,347141
2026-01-23T03:54:53.679524,Markgraf-Rüdiger Straße,23,347897
2026-01-23T03:54:53.679524,Markgraf-Rüdiger Straße,23,348435
2026-01-23T03:54:53.679524,Markgraf-Rüdiger Straße,23,348574
2026-01-23T03:54:53.679524,Markgraf-Rüdiger Straße,23,349084
2026-01-23T03:54:53.679524,Plunkergasse,29,345382
2026-01-23T03:54:53.679524,Plunkergasse,29,345351
2026-01-23T03:54:53.679524,Plunkergasse,29,345257
2026-01-23T03:54:53.679524,Plunkergasse,29,345131
2026-01-23T03:54:53.679524,Plunkergasse,29,345063
2026-01-23T03:54:53.679524,Plunkergasse,29,345887
2026-01-23T03:54:53.679524,Plunkergasse,29,345882
2026-01-23T03:54:53.679524,Plunkergasse,29,345772
2026-01-23T03:54:53.679524,Plunkergasse,29,345657
2026-01-23T03:54:53.679524,Plunkergasse,29,345559
2026-01-23T03:54:53.679524,Plunkergasse,29,345521
2026-01-23T03:54:53.679524,Plunkergasse,29,346451
2026-01-23T03:54:53.679524,Plunkergasse,29,346356
2026-01-23T03:54:53.679524,Plunkergasse,29,346051
2026-01-23T03:54:53.679524,Plunkergasse,29,346922
2026-01-23T03:54:53.679524,Plunkergasse,29,346770
2026-01-23T03:54:53.679524,Plunkergasse,29,347481
2026-01-23T03:54:53.679524,Plunkergasse,29,347326
2026-01-23T03:54:53.679524,Plunkergasse,29,347914
2026-01-23T03:54:53.679524,Plunkergasse,29,347904
2026-01-23T03:54:53.679524,Plunkergasse,29,347810
2026-01-23T03:54:53.679524,Plunkergasse,29,347779
2026-01-23T03:54:53.679524,Plunkergasse,29,347695
2026-01-23T03:54:53.679524,Plunkergasse,29,347607
2026-01-23T03:54:53.679524,Plunkergasse,29,347605
2026-01-23T03:54:53.679524,Plunkergasse,29,347531
2026-01-23T03:54:53.679524,Plunkergasse,29,348407
2026-01-23T03:54:53.679524,Plunkergasse,29,348351
2026-01-23T03:54:53.679524,Plunkergasse,29,348186
2026-01-23T03:54:53.679524,Selzergasse,36,345354
2026-01-23T03:54:53.679524,Selzergasse,36,345217
2026-01-23T03:54:53.679524,Selzergasse,36,345111
2026-01-23T03:54:53.679524,Selzergasse,36,345075
2026-01-23T03:54:53.679524,Selzergasse,36,345003
2026-01-23T03:54:53.679524,Selzergasse,36,345703
2026-01-23T03:54:53.679524,Selzergasse,36,345581
2026-01-23T03:54:53.679524,Selzergasse,36,346489
2026-01-23T03:54:53.679524,Selzergasse,36,346441
2026-01-23T03:54:53.679524,Selzergasse,36,346374
2026-01-23T03:54:53.679524,Selzergasse,36,346283
2026-01-23T03:54:53.679524,Selzergasse,36,346217
2026-01-23T03:54:53.679524,Selzergasse,36,346157
2026-01-23T03:54:53.679524,Selzergasse,36,346114
2026-01-23T03:54:53.679524,Selzergasse,36,346099
2026-01-23T03:54:53.679524,Selzergasse,36,346082
2026-01-23T03:54:53.679524,Selzergasse,36,346006
2026-01-23T03:54:53.679524,Selzergasse,36,346941
2026-01-23T03:54:53.679524,Selzergasse,36,346893
2026-01-23T03:54:53.679524,Selzergasse,36,346583
2026-01-23T03:54:53.679524,Selzergasse,36,347363
2026-01-23T03:54:53.679524,Selzergasse,36,347344
2026-01-23T03:54:53.679524,Selzergasse,36,347327
2026-01-23T03:54:53.679524,Selzergasse,36,347259
2026-01-23T03:54:53.679524,Selzergasse,36,347190
2026-01-23T03:54:53.679524,Selzergasse,36,347860
2026-01-23T03:54:53.679524,Selzergasse,36,347776
2026-01-23T03:54:53.679524,Selzergasse,36,347717
2026-01-23T03:54:53.679524,Selzergasse,36,348468
2026-01-23T03:54:53.679524,Selzergasse,36,348079
2026-01-23T03:54:53.679524,Selzergasse,36,348030
2026-01-23T03:54:53.679524,Selzergasse,36,348009
2026-01-23T03:54:53.679524,Selzergasse,36,348685
2026-01-23T03:54:53.679524,Selzergasse,36,348613
2026-01-23T03:54:53.679524,Selzergasse,36,349108
2026-01-23T03:54:53.679524,Selzergasse,36,348948
2026-01-23T03:54:53.679524,Westbahnhof S U / Felberstraße,28,345395
2026-01-23T03:54:53.679524,Westbahnhof S U / Felberstraße,28,345299
2026-01-23T03:54:53.679524,Westbahnhof S U / Felberstraße,28,345083
2026-01-23T03:54:53.679524,Westbahnhof S U / Felberstraße,28,345070
2026-01-23T03:54:53.679524,Westbahnhof S U / Felberstraße,28,345507
2026-01-23T03:54:53.679524,Westbahnhof S U / Felberstraße,28,346245
2026-01-23T03:54:53.679524,Westbahnhof S U / Felberstraße,28,346172
2026-01-23T03:54:53.679524,Westbahnhof S U / Felberstraße,28,346794
2026-01-23T03:54:53.679524,Westbahnhof S U / Felberstraße,28,346591
2026-01-23T03:54:53.679524,Westbahnhof S U / Felberstraße,28,346534
2026-01-23T03:54:53.679524,Westbahnhof S U / Felberstraße,28,346521
2026-01-23T03:54:53.679524,Westbahnhof S U / Felberstraße,28,347487
2026-01-23T03:54:53.679524,Westbahnhof S U / Felberstraße,28,347273
2026-01-23T03:54:53.679524,Westbahnhof S U / Felberstraße,28,347979
2026-01-23T03:54:53.679524,Westbahnhof S U / Felberstraße,28,347857
2026-01-23T03:54:53.679524,Westbahnhof S U / Felberstraße,28,347846
2026-01-23T03:54:53.679524,Westbahnhof S U / Felberstraße,28,347749
2026-01-23T03:54:53.679524,Westbahnhof S U / Felberstraße,28,347713
2026-01-23T03:54:53.679524,Westbahnhof S U / Felberstraße,28,347611
2026-01-23T03:54:53.679524,Westbahnhof S U / Felberstraße,28,347526
2026-01-23T03:54:53.679524,Westbahnhof S U / Felberstraße,28,348483
2026-01-23T03:54:53.679524,Westbahnhof S U / Felberstraße,28,348392
2026-01-23T03:54:53.679524,Westbahnhof S U / Felberstraße,28,348347
2026-01-23T03:54:53.679524,Westbahnhof S U / Felberstraße,28,348276
2026-01-23T03:54:53.679524,Westbahnhof S U / Felberstraße,28,348133
2026-01-23T03:54:53.679524,Westbahnhof S U / Felberstraße,28,348132
2026-01-23T03:54:53.679524,Westbahnhof S U / Felberstraße,28,348002
2026-01-23T03:54:53.679524,Westbahnhof S U / Felberstraße,28,398740
2026-01-23T03:54:53.679524,Kundratstraße,5,345287
2026-01-23T03:54:53.679524,Kundratstraße,5,345247
2026-01-23T03:54:53.679524,Kundratstraße,5,345951
2026-01-23T03:54:53.679524,Kundratstraße,5,346043
2026-01-23T03:54:53.679524,Kundratstraße,5,347014
2026-01-23T03:54:53.679524,Arthaberplatz,9,345441
2026-01-23T03:54:53.679524,Arthaberplatz,9,345820
2026-01-23T03:54:53.679524,Arthaberplatz,9,346334
2026-01-23T03:54:53.679524,Arthaberplatz,9,347498
2026-01-23T03:54:53.679524,Arthaberplatz,9,347218
2026-01-23T03:54:53.679524,Arthaberplatz,9,347931
2026-01-23T03:54:53.679524,Arthaberplatz,9,347893
2026-01-23T03:54:53.679524,Arthaberplatz,9,348290
2026-01-23T03:54:53.679524,Arthaberplatz,9,348906
2026-01-23T03:54:53.679524,Karmeliterplatz,20,345442
2026-01-23T03:54:53.679524,Karmeliterplatz,20,345344
2026-01-23T03:54:53.679524,Karmeliterplatz,20,345242
2026-01-23T03:54:53.679524,Karmeliterplatz,20,345947
2026-01-23T03:54:53.679524,Karmeliterplatz,20,345880
2026-01-23T03:54:53.679524,Karmeliterplatz,20,346395
2026-01-23T03:54:53.679524,Karmeliterplatz,20,346384
2026-01-23T03:54:53.679524,Karmeliterplatz,20,346652
2026-01-23T03:54:53.679524,Karmeliterplatz,20,347472
2026-01-23T03:54:53.679524,Karmeliterplatz,20,347403
2026-01-23T03:54:53.679524,Karmeliterplatz,20,347099
2026-01-23T03:54:53.679524,Karmeliterplatz,20,347926
2026-01-23T03:54:53.679524,Karmeliterplatz,20,348452
2026-01-23T03:54:53.679524,Karmeliterplatz,20,348179
2026-01-23T03:54:53.679524,Karmeliterplatz,20,348168
2026-01-23T03:54:53.679524,Karmeliterplatz,20,348525
2026-01-23T03:54:53.679524,Karmeliterplatz,20,348519
2026-01-23T03:54:53.679524,Karmeliterplatz,20,398851
2026-01-23T03:54:53.679524,Karmeliterplatz,20,398840
2026-01-23T03:54:53.679524,Karmeliterplatz,20,398763
2026-01-23T03:54:53.679524,Fröbelgasse,27,345377
2026-01-23T03:54:53.679524,Fröbelgasse,27,345222
2026-01-23T03:54:53.679524,Fröbelgasse,27,345204
2026-01-23T03:54:53.679524,Fröbelgasse,27,345077
2026-01-23T03:54:53.679524,Fröbelgasse,27,345068
2026-01-23T03:54:53.679524,Fröbelgasse,27,345897
2026-01-23T03:54:53.679524,Fröbelgasse,27,345789
2026-01-23T03:54:53.679524,Fröbelgasse,27,345729
2026-01-23T03:54:53.679524,Fröbelgasse,27,346422
2026-01-23T03:54:53.679524,Fröbelgasse,27,346849
2026-01-23T03:54:53.679524,Fröbelgasse,27,346706
2026-01-23T03:54:53.679524,Fröbelgasse,27,346586
2026-01-23T03:54:53.679524,Fröbelgasse,27,346554
2026-01-23T03:54:53.679524,Fröbelgasse,27,347412
2026-01-23T03:54:53.679524,Fröbelgasse,27,347196
2026-01-23T03:54:53.679524,Fröbelgasse,27,347989
2026-01-23T03:54:53.679524,Fröbelgasse,27,347951
2026-01-23T03:54:53.679524,Fröbelgasse,27,347900
2026-01-23T03:54:53.679524,Fröbelgasse,27,347859
2026-01-23T03:54:53.679524,Fröbelgasse,27,347730
2026-01-23T03:54:53.679524,Fröbelgasse,27,347557
2026-01-23T03:54:53.679524,Fröbelgasse,27,348496
2026-01-23T03:54:53.679524,Fröbelgasse,27,348398
2026-01-23T03:54:53.679524,Fröbelgasse,27,348032
2026-01-23T03:54:53.679524,Fröbelgasse,27,348581
2026-01-23T03:54:53.679524,Fröbelgasse,27,398845
2026-01-23T03:54:53.679524,Fröbelgasse,27,398788
2026-01-23T03:54:53.679524,Reumannplatz U,16,345452
2026-01-23T03:54:53.679524,Reumannplatz U,16,345992
2026-01-23T03:54:53.679524,Reumannplatz U,16,345871
2026-01-23T03:54:53.679524,Reumannplatz U,16,345811
2026-01-23T03:54:53.679524,Reumannplatz U,16,345797
2026-01-23T03:54:53.679524,Reumannplatz U,16,346875
2026-01-23T03:54:53.679524,Reumannplatz U,16,347425
2026-01-23T03:54:53.679524,Reumannplatz U,16,347827
2026-01-23T03:54:53.679524,Reumannplatz U,16,347727
2026-01-23T03:54:53.679524,Reumannplatz U,16,347634
2026-01-23T03:54:53.679524,Reumannplatz U,16,347576
2026-01-23T03:54:53.679524,Reumannplatz U,16,348196
2026-01-23T03:54:53.679524,Reumannplatz U,16,348081
2026-01-23T03:54:53.679524,Reumannplatz U,16,348533
2026-01-23T03:54:53.679524,Reumannplatz U,16,348965
2026-01-23T03:54:53.679524,Reumannplatz U,16,349130
2026-01-23T03:54:53.679524,Brestelgasse,19,345498
2026-01-23T03:54:53.679524,Brestelgasse,19,345424
2026-01-23T03:54:53.679524,Brestelgasse,19,345387
2026-01-23T03:54:53.679524,Brestelgasse,19,345171
2026-01-23T03:54:53.679524,Brestelgasse,19,345072
2026-01-23T03:54:53.679524,Brestelgasse,19,345956
2026-01-23T03:54:53.679524,Brestelgasse,19,345927
2026-01-23T03:54:53.679524,Brestelgasse,19,345745
2026-01-23T03:54:53.679524,Brestelgasse,19,346461
2026-01-23T03:54:53.679524,Brestelgasse,19,347235
2026-01-23T03:54:53.679524,Brestelgasse,19,347209
2026-01-23T03:54:53.679524,Brestelgasse,19,347103
2026-01-23T03:54:53.679524,Brestelgasse,19,347069
2026-01-23T03:54:53.679524,Brestelgasse,19,347917
2026-01-23T03:54:53.679524,Brestelgasse,19,347527
2026-01-23T03:54:53.679524,Brestelgasse,19,348227
2026-01-23T03:54:53.679524,Brestelgasse,19,348600
2026-01-23T03:54:53.679524,Brestelgasse,19,348548
2026-01-23T03:54:53.679524,Brestelgasse,19,348903
2026-01-23T03:54:53.679524,Thaliastraße U,23,345403
2026-01-23T03:54:53.679524,Thaliastraße U,23,345184
2026-01-23T03:54:53.679524,Thaliastraße U,23,346231
2026-01-23T03:54:53.679524,Thaliastraße U,23,346854
2026-01-23T03:54:53.679524,Thaliastraße U,23,346759
2026-01-23T03:54:53.679524,Thaliastraße U,23,346505
2026-01-23T03:54:53.679524,Thaliastraße U,23,347478
2026-01-23T03:54:53.679524,Thaliastraße U,23,347371
2026-01-23T03:54:53.679524,Thaliastraße U,23,347351
2026-01-23T03:54:53.679524,Thaliastraße U,23,347306
2026-01-23T03:54:53.679524,Thaliastraße U,23,347082
2026-01-23T03:54:53.679524,Thaliastraße U,23,347062
2026-01-23T03:54:53.679524,Thaliastraße U,23,347056
2026-01-23T03:54:53.679524,Thaliastraße U,23,347932
2026-01-23T03:54:53.679524,Thaliastraße U,23,347819
2026-01-23T03:54:53.679524,Thaliastraße U,23,347537
2026-01-23T03:54:53.679524,Thaliastraße U,23,348491
2026-01-23T03:54:53.679524,Thaliastraße U,23,348446
2026-01-23T03:54:53.679524,Thaliastraße U,23,348442
2026-01-23T03:54:53.679524,Thaliastraße U,23,348395
2026-01-23T03:54:53.679524,Thaliastraße U,23,348696
2026-01-23T03:54:53.679524,Thaliastraße U,23,398821
2026-01-23T03:54:53.679524,Thaliastraße U,23,348836
2026-01-23T03:54:53.679524,Nussdorfer Straße U,15,345303
2026-01-23T03:54:53.679524,Nussdorfer Straße U,15,345207
2026-01-23T03:54:53.679524,Nussdorfer Straße U,15,345605
2026-01-23T03:54:53.679524,Nussdorfer Straße U,15,345508
2026-01-23T03:54:53.679524,Nussdorfer Straße U,15,346075
2026-01-23T03:54:53.679524,Nussdorfer Straße U,15,346918
2026-01-23T03:54:53.679524,Nussdorfer Straße U,15,346582
2026-01-23T03:54:53.679524,Nussdorfer Straße U,15,346551
2026-01-23T03:54:53.679524,Nussdorfer Straße U,15,347435
2026-01-23T03:54:53.679524,Nussdorfer Straße U,15,347417
2026-01-23T03:54:53.679524,Nussdorfer Straße U,15,347348
2026-01-23T03:54:53.679524,Nussdorfer Straße U,15,347138
2026-01-23T03:54:53.679524,Nussdorfer Straße U,15,347618
2026-01-23T03:54:53.679524,Nussdorfer Straße U,15,348223
2026-01-23T03:54:53.679524,Nussdorfer Straße U,15,398794
2026-01-23T03:54:53.679524,Elterleinplatz,7,345355
2026-01-23T03:54:53.679524,Elterleinplatz,7,345173
2026-01-23T03:54:53.679524,Elterleinplatz,7,345769
2026-01-23T03:54:53.679524,Elterleinplatz,7,345685
2026-01-23T03:54:53.679524,Elterleinplatz,7,346340
2026-01-23T03:54:53.679524,Elterleinplatz,7,346859
2026-01-23T03:54:53.679524,Elterleinplatz,7,348029
2026-01-23T03:54:53.679524,Canisiusgasse,4,346108
2026-01-23T03:54:53.679524,Canisiusgasse,4,346046
2026-01-23T03:54:53.679524,Canisiusgasse,4,346711
2026-01-23T03:54:53.679524,Canisiusgasse,4,348838
2026-01-23T03:54:53.679524,Meidling S U / Schedifkaplatz,2,346598
2026-01-23T03:54:53.679524,Meidling S U / Schedifkaplatz,2,347712
2026-01-23T03:54:53.679524,Palffygasse,18,345406
2026-01-23T03:54:53.679524,Palffygasse,18,345013
2026-01-23T03:54:53.679524,Palffygasse,18,345973
2026-01-23T03:54:53.679524,Palffygasse,18,345922
2026-01-23T03:54:53.679524,Palffygasse,18,345753
2026-01-23T03:54:53.679524,Palffygasse,18,345751
2026-01-23T03:54:53.679524,Palffygasse,18,345615
2026-01-23T03:54:53.679524,Palffygasse,18,346939
2026-01-23T03:54:53.679524,Palffygasse,18,346601
2026-01-23T03:54:53.679524,Palffygasse,18,347469
2026-01-23T03:54:53.679524,Palffygasse,18,347145
2026-01-23T03:54:53.679524,Palffygasse,18,347856
2026-01-23T03:54:53.679524,Palffygasse,18,348386
2026-01-23T03:54:53.679524,Palffygasse,18,348338
2026-01-23T03:54:53.679524,Palffygasse,18,348239
2026-01-23T03:54:53.679524,Palffygasse,18,348123
2026-01-23T03:54:53.679524,Palffygasse,18,348117
2026-01-23T03:54:53.679524,Palffygasse,18,398770
2026-01-23T03:54:53.679524,Gersthof S,14,345203
2026-01-23T03:54:53.679524,Gersthof S,14,345179
2026-01-23T03:54:53.679524,Gersthof S,14,345968
2026-01-23T03:54:53.679524,Gersthof S,14,346666
2026-01-23T03:54:53.679524,Gersthof S,14,346564
2026-01-23T03:54:53.679524,Gersthof S,14,347962
2026-01-23T03:54:53.679524,Gersthof S,14,348357
2026-01-23T03:54:53.679524,Gersthof S,14,348303
2026-01-23T03:54:53.679524,Gersthof S,14,348104
2026-01-23T03:54:53.679524,Gersthof S,14,348007
2026-01-23T03:54:53.679524,Gersthof S,14,348604
2026-01-23T03:54:53.679524,Gersthof S,14,348571
2026-01-23T03:54:53.679524,Gersthof S,14,349062
2026-01-23T03:54:53.679524,Gersthof S,14,348807
2026-01-23T03:54:53.679524,Reinprechtsdorfer Brücke,18,345067
2026-01-23T03:54:53.679524,Reinprechtsdorfer Brücke,18,345051
2026-01-23T03:54:53.679524,Reinprechtsdorfer Brücke,18,345999
2026-01-23T03:54:53.679524,Reinprechtsdorfer Brücke,18,345860
2026-01-23T03:54:53.679524,Reinprechtsdorfer Brücke,18,345624
2026-01-23T03:54:53.679524,Reinprechtsdorfer Brücke,18,346454
2026-01-23T03:54:53.679524,Reinprechtsdorfer Brücke,18,346915
2026-01-23T03:54:53.679524,Reinprechtsdorfer Brücke,18,346853
2026-01-23T03:54:53.679524,Reinprechtsdorfer Brücke,18,346743
2026-01-23T03:54:53.679524,Reinprechtsdorfer Brücke,18,346732
2026-01-23T03:54:53.679524,Reinprechtsdorfer Brücke,18,347266
2026-01-23T03:54:53.679524,Reinprechtsdorfer Brücke,18,347579
2026-01-23T03:54:53.679524,Reinprechtsdorfer Brücke,18,348414
2026-01-23T03:54:53.679524,Reinprechtsdorfer Brücke,18,348228
2026-01-23T03:54:53.679524,Reinprechtsdorfer Brücke,18,348014
2026-01-23T03:54:53.679524,Reinprechtsdorfer Brücke,18,348576
2026-01-23T03:54:53.679524,Reinprechtsdorfer Brücke,18,398746
2026-01-23T03:54:53.679524,Reinprechtsdorfer Brücke,18,398720
2026-01-23T03:54:53.679524,Siebensterngasse,5,345793
2026-01-23T03:54:53.679524,Siebensterngasse,5,345555
2026-01-23T03:54:53.679524,Siebensterngasse,5,346092
2026-01-23T03:54:53.679524,Siebensterngasse,5,347304
2026-01-23T03:54:53.679524,Siebensterngasse,5,349188
2026-01-23T03:54:53.679524,Siebenbrunnenplatz,3,345560
2026-01-23T03:54:53.679524,Siebenbrunnenplatz,3,346295
2026-01-23T03:54:53.679524,Siebenbrunnenplatz,3,347448
2026-01-23T03:54:53.679524,Rosensteingasse / Blumengasse,20,345353
2026-01-23T03:54:53.679524,Rosensteingasse / Blumengasse,20,345750
2026-01-23T03:54:53.679524,Rosensteingasse / Blumengasse,20,345695
2026-01-23T03:54:53.679524,Rosensteingasse / Blumengasse,20,345525
2026-01-23T03:54:53.679524,Rosensteingasse / Blumengasse,20,346269
2026-01-23T03:54:53.679524,Rosensteingasse / Blumengasse,20,346111
2026-01-23T03:54:53.679524,Rosensteingasse / Blumengasse,20,346079
2026-01-23T03:54:53.679524,Rosensteingasse / Blumengasse,20,346008
2026-01-23T03:54:53.679524,Rosensteingasse / Blumengasse,20,346903
2026-01-23T03:54:53.679524,Rosensteingasse / Blumengasse,20,346653
2026-01-23T03:54:53.679524,Rosensteingasse / Blumengasse,20,346579
2026-01-23T03:54:53.679524,Rosensteingasse / Blumengasse,20,347075
2026-01-23T03:54:53.679524,Rosensteingasse / Blumengasse,20,347074
2026-01-23T03:54:53.679524,Rosensteingasse / Blumengasse,20,347998
2026-01-23T03:54:53.679524,Rosensteingasse / Blumengasse,20,347972
2026-01-23T03:54:53.679524,Rosensteingasse / Blumengasse,20,348324
2026-01-23T03:54:53.679524,Rosensteingasse / Blumengasse,20,348320
2026-01-23T03:54:53.679524,Rosensteingasse / Blumengasse,20,348095
2026-01-23T03:54:53.679524,Rosensteingasse / Blumengasse,20,348001
2026-01-23T03:54:53.679524,Rosensteingasse / Blumengasse,20,348559
2026-01-23T03:54:53.679524,Schottenring U /Herminengasse,2,345549
2026-01-23T03:54:53.679524,Schottenring U /Herminengasse,2,349098
2026-01-23T03:54:53.679524,Josefstädter Straße U,9,345253
2026-01-23T03:54:53.679524,Josefstädter Straße U,9,345134
2026-01-23T03:54:53.679524,Josefstädter Straße U,9,345595
2026-01-23T03:54:53.679524,Josefstädter Straße U,9,346911
2026-01-23T03:54:53.679524,Josefstädter Straße U,9,346678
2026-01-23T03:54:53.679524,Josefstädter Straße U,9,347424
2026-01-23T03:54:53.679524,Josefstädter Straße U,9,347008
2026-01-23T03:54:53.679524,Josefstädter Straße U,9,347950
2026-01-23T03:54:53.679524,Josefstädter Straße U,9,348892
2026-01-23T03:54:53.679524,Friedrich-Engels-Platz,8,346225
2026-01-23T03:54:53.679524,Friedrich-Engels-Platz,8,346078
2026-01-23T03:54:53.679524,Friedrich-Engels-Platz,8,347441
2026-01-23T03:54:53.679524,Friedrich-Engels-Platz,8,347195
2026-01-23T03:54:53.679524,Friedrich-Engels-Platz,8,347868
2026-01-23T03:54:53.679524,Friedrich-Engels-Platz,8,347648
2026-01-23T03:54:53.679524,Friedrich-Engels-Platz,8,348401
2026-01-23T03:54:53.679524,Friedrich-Engels-Platz,8,348120
2026-01-23T03:54:53.679524,Dresdner Straße U,18,345255
2026-01-23T03:54:53.679524,Dresdner Straße U,18,345108
2026-01-23T03:54:53.679524,Dresdner Straße U,18,346664
2026-01-23T03:54:53.679524,Dresdner Straße U,18,346603
2026-01-23T03:54:53.679524,Dresdner Straße U,18,347452
2026-01-23T03:54:53.679524,Dresdner Straße U,18,347429
2026-01-23T03:54:53.679524,Dresdner Straße U,18,347139
2026-01-23T03:54:53.679524,Dresdner Straße U,18,347120
2026-01-23T03:54:53.679524,Dresdner Straße U,18,347968
2026-01-23T03:54:53.679524,Dresdner Straße U,18,347959
2026-01-23T03:54:53.679524,Dresdner Straße U,18,347930
2026-01-23T03:54:53.679524,Dresdner Straße U,18,347844
2026-01-23T03:54:53.679524,Dresdner Straße U,18,347760
2026-01-23T03:54:53.679524,Dresdner Straße U,18,347758
2026-01-23T03:54:53.679524,Dresdner Straße U,18,347669
2026-01-23T03:54:53.679524,Dresdner Straße U,18,348263
2026-01-23T03:54:53.679524,Dresdner Straße U,18,348224
2026-01-23T03:54:53.679524,Dresdner Straße U,18,348201
2026-01-23T03:54:53.679524,Jägerstraße U,15,345290
2026-01-23T03:54:53.679524,Jägerstraße U,15,345103
2026-01-23T03:54:53.679524,Jägerstraße U,15,345069
2026-01-23T03:54:53.679524,Jägerstraße U,15,345996
2026-01-23T03:54:53.679524,Jägerstraße U,15,345698
2026-01-23T03:54:53.679524,Jägerstraße U,15,345566
2026-01-23T03:54:53.679524,Jägerstraße U,15,346971
2026-01-23T03:54:53.679524,Jägerstraße U,15,346840
2026-01-23T03:54:53.679524,Jägerstraße U,15,346618
2026-01-23T03:54:53.679524,Jägerstraße U,15,347340
2026-01-23T03:54:53.679524,Jägerstraße U,15,347696
2026-01-23T03:54:53.679524,Jägerstraße U,15,348472
2026-01-23T03:54:53.679524,Jägerstraße U,15,348148
2026-01-23T03:54:53.679524,Jägerstraße U,15,348659
2026-01-23T03:54:53.679524,Jägerstraße U,15,349197
2026-01-23T03:54:53.679524,Traisengasse S,4,345865
2026-01-23T03:54:53.679524,Traisengasse S,4,346171
2026-01-23T03:54:53.679524,Traisengasse S,4,347043
2026-01-23T03:54:53.679524,Traisengasse S,4,347539
2026-01-23T03:54:53.679524,Kettenbrückengasse U / Naschmarkt,9,345375
2026-01-23T03:54:53.679524,Kettenbrückengasse U / Naschmarkt,9,345170
2026-01-23T03:54:53.679524,Kettenbrückengasse U / Naschmarkt,9,345723
2026-01-23T03:54:53.679524,Kettenbrückengasse U / Naschmarkt,9,346727
2026-01-23T03:54:53.679524,Kettenbrückengasse U / Naschmarkt,9,346707
2026-01-23T03:54:53.679524,Kettenbrückengasse U / Naschmarkt,9,348493
2026-01-23T03:54:53.679524,Kettenbrückengasse U / Naschmarkt,9,348593
2026-01-23T03:54:53.679524,Kettenbrückengasse U / Naschmarkt,9,348566
2026-01-23T03:54:53.679524,Kettenbrückengasse U / Naschmarkt,9,398809
2026-01-23T03:54:53.679524,Aumannplatz,7,345321
2026-01-23T03:54:53.679524,Aumannplatz,7,346432
2026-01-23T03:54:53.679524,Aumannplatz,7,346420
2026-01-23T03:54:53.679524,Aumannplatz,7,346058
2026-01-23T03:54:53.679524,Aumannplatz,7,347068
2026-01-23T03:54:53.679524,Aumannplatz,7,348861
2026-01-23T03:54:53.679524,Aumannplatz,7,349198
2026-01-23T03:54:53.679524,Längenfeldgasse U,25,345032
2026-01-23T03:54:53.679524,Längenfeldgasse U,25,345946
2026-01-23T03:54:53.679524,Längenfeldgasse U,25,345804
2026-01-23T03:54:53.679524,Längenfeldgasse U,25,345635
2026-01-23T03:54:53.679524,Längenfeldgasse U,25,345502
2026-01-23T03:54:53.679524,Längenfeldgasse U,25,346815
2026-01-23T03:54:53.679524,Längenfeldgasse U,25,346786
2026-01-23T03:54:53.679524,Längenfeldgasse U,25,346709
2026-01-23T03:54:53.679524,Längenfeldgasse U,25,346638
2026-01-23T03:54:53.679524,Längenfeldgasse U,25,346523
2026-01-23T03:54:53.679524,Längenfeldgasse U,25,347234
2026-01-23T03:54:53.679524,Längenfeldgasse U,25,347175
2026-01-23T03:54:53.679524,Längenfeldgasse U,25,347171
2026-01-23T03:54:53.679524,Längenfeldgasse U,25,347861
2026-01-23T03:54:53.679524,Längenfeldgasse U,25,347794
2026-01-23T03:54:53.679524,Längenfeldgasse U,25,347700
2026-01-23T03:54:53.679524,Längenfeldgasse U,25,347588
2026-01-23T03:54:53.679524,Längenfeldgasse U,25,347552
2026-01-23T03:54:53.679524,Längenfeldgasse U,25,348655
2026-01-23T03:54:53.679524,Längenfeldgasse U,25,348591
2026-01-23T03:54:53.679524,Längenfeldgasse U,25,348528
2026-01-23T03:54:53.679524,Längenfeldgasse U,25,349109
2026-01-23T03:54:53.679524,Längenfeldgasse U,25,348973
2026-01-23T03:54:53.679524,Längenfeldgasse U,25,348849
2026-01-23T03:54:53.679524,Längenfeldgasse U,25,349131
2026-01-23T03:54:53.679524,Althanstraße,13,345457
2026-01-23T03:54:53.679524,Althanstraße,13,345381
2026-01-23T03:54:53.679524,Althanstraße,13,345761
2026-01-23T03:54:53.679524,Althanstraße,13,346326
2026-01-23T03:54:53.679524,Althanstraße,13,346299
2026-01-23T03:54:53.679524,Althanstraße,13,346809
2026-01-23T03:54:53.679524,Althanstraße,13,346767
2026-01-23T03:54:53.679524,Althanstraße,13,347192
2026-01-23T03:54:53.679524,Althanstraße,13,347907
2026-01-23T03:54:53.679524,Althanstraße,13,347870
2026-01-23T03:54:53.679524,Althanstraße,13,348431
2026-01-23T03:54:53.679524,Althanstraße,13,398783
2026-01-23T03:54:53.679524,Althanstraße,13,398765
2026-01-23T03:54:53.679524,Schottentor U,3,345473
2026-01-23T03:54:53.679524,Schottentor U,3,347475
2026-01-23T03:54:53.679524,Schottentor U,3,348189
2026-01-23T03:54:53.679524,Neubaugasse U,12,345301
2026-01-23T03:54:53.679524,Neubaugasse U,12,345200
2026-01-23T03:54:53.679524,Neubaugasse U,12,346423
2026-01-23T03:54:53.679524,Neubaugasse U,12,346363
2026-01-23T03:54:53.679524,Neubaugasse U,12,346036
2026-01-23T03:54:53.679524,Neubaugasse U,12,346537
2026-01-23T03:54:53.679524,Neubaugasse U,12,347170
2026-01-23T03:54:53.679524,Neubaugasse U,12,348432
2026-01-23T03:54:53.679524,Neubaugasse U,12,348218
2026-01-23T03:54:53.679524,Neubaugasse U,12,398755
2026-01-23T03:54:53.679524,Neubaugasse U,12,349110
2026-01-23T03:54:53.679524,Neubaugasse U,12,349104
2026-01-23T03:54:53.679524,Museumsquartier U,38,345218
2026-01-23T03:54:53.679524,Museumsquartier U,38,345215
2026-01-23T03:54:53.679524,Museumsquartier U,38,345010
2026-01-23T03:54:53.679524,Museumsquartier U,38,345995
2026-01-23T03:54:53.679524,Museumsquartier U,38,345963
2026-01-23T03:54:53.679524,Museumsquartier U,38,345937
2026-01-23T03:54:53.679524,Museumsquartier U,38,345888
2026-01-23T03:54:53.679524,Museumsquartier U,38,345760
2026-01-23T03:54:53.679524,Museumsquartier U,38,345700
2026-01-23T03:54:53.679524,Museumsquartier U,38,345580
2026-01-23T03:54:53.679524,Museumsquartier U,38,345510
2026-01-23T03:54:53.679524,Museumsquartier U,38,346305
2026-01-23T03:54:53.679524,Museumsquartier U,38,346042
2026-01-23T03:54:53.679524,Museumsquartier U,38,346020
2026-01-23T03:54:53.679524,Museumsquartier U,38,346795
2026-01-23T03:54:53.679524,Museumsquartier U,38,346731
2026-01-23T03:54:53.679524,Museumsquartier U,38,346622
2026-01-23T03:54:53.679524,Museumsquartier U,38,346560
2026-01-23T03:54:53.679524,Museumsquartier U,38,347272
2026-01-23T03:54:53.679524,Museumsquartier U,38,347213
2026-01-23T03:54:53.679524,Museumsquartier U,38,347058
2026-01-23T03:54:53.679524,Museumsquartier U,38,347919
2026-01-23T03:54:53.679524,Museumsquartier U,38,347801
2026-01-23T03:54:53.679524,Museumsquartier U,38,347768
2026-01-23T03:54:53.679524,Museumsquartier U,38,347704
2026-01-23T03:54:53.679524,Museumsquartier U,38,347694
2026-01-23T03:54:53.679524,Museumsquartier U,38,347678
2026-01-23T03:54:53.679524,Museumsquartier U,38,347530
2026-01-23T03:54:53.679524,Museumsquartier U,38,348481
2026-01-23T03:54:53.679524,Museumsquartier U,38,348332
2026-01-23T03:54:53.679524,Museumsquartier U,38,348135
2026-01-23T03:54:53.679524,Museumsquartier U,38,348129
2026-01-23T03:54:53.679524,Museumsquartier U,38,348039
2026-01-23T03:54:53.679524,Museumsquartier U,38,348682
2026-01-23T03:54:53.679524,Museumsquartier U,38,398786
2026-01-23T03:54:53.679524,Museumsquartier U,38,398781
2026-01-23T03:54:53.679524,Museumsquartier U,38,398751
2026-01-23T03:54:53.679524,Museumsquartier U,38,348984
2026-01-23T03:54:53.679524,Johnstrasse U,11,345417
2026-01-23T03:54:53.679524,Johnstrasse U,11,345380
2026-01-23T03:54:53.679524,Johnstrasse U,11,345374
2026-01-23T03:54:53.679524,Johnstrasse U,11,345873
2026-01-23T03:54:53.679524,Johnstrasse U,11,345800
2026-01-23T03:54:53.679524,Johnstrasse U,11,346772
2026-01-23T03:54:53.679524,Johnstrasse U,11,346749
2026-01-23T03:54:53.679524,Johnstrasse U,11,346645
2026-01-23T03:54:53.679524,Johnstrasse U,11,347497
2026-01-23T03:54:53.679524,Johnstrasse U,11,347741
2026-01-23T03:54:53.679524,Johnstrasse U,11,398808
2026-01-23T03:54:53.679524,Turnergasse,9,345143
2026-01-23T03:54:53.679524,Turnergasse,9,345741
2026-01-23T03:54:53.679524,Turnergasse,9,346469
2026-01-23T03:54:53.679524,Turnergasse,9,346966
2026-01-23T03:54:53.679524,Turnergasse,9,347191
2026-01-23T03:54:53.679524,Turnergasse,9,347016
2026-01-23T03:54:53.679524,Turnergasse,9,347757
2026-01-23T03:54:53.679524,Turnergasse,9,347753
2026-01-23T03:54:53.679524,Turnergasse,9,348234
2026-01-23T03:54:53.679524,Kutschkergasse,15,345422
2026-01-23T03:54:53.679524,Kutschkergasse,15,346362
2026-01-23T03:54:53.679524,Kutschkergasse,15,346758
2026-01-23T03:54:53.679524,Kutschkergasse,15,346605
2026-01-23T03:54:53.679524,Kutschkergasse,15,346511
2026-01-23T03:54:53.679524,Kutschkergasse,15,347258
2026-01-23T03:54:53.679524,Kutschkergasse,15,347255
2026-01-23T03:54:53.679524,Kutschkergasse,15,347108
2026-01-23T03:54:53.679524,Kutschkergasse,15,347876
2026-01-23T03:54:53.679524,Kutschkergasse,15,347831
2026-01-23T03:54:53.679524,Kutschkergasse,15,347651
2026-01-23T03:54:53.679524,Kutschkergasse,15,348475
2026-01-23T03:54:53.679524,Kutschkergasse,15,348286
2026-01-23T03:54:53.679524,Kutschkergasse,15,348025
2026-01-23T03:54:53.679524,Kutschkergasse,15,348872
2026-01-23T03:54:53.679524,Stadion U,20,345318
2026-01-23T03:54:53.679524,Stadion U,20,345900
2026-01-23T03:54:53.679524,Stadion U,20,346329
2026-01-23T03:54:53.679524,Stadion U,20,346303
2026-01-23T03:54:53.679524,Stadion U,20,346249
2026-01-23T03:54:53.679524,Stadion U,20,346059
2026-01-23T03:54:53.679524,Stadion U,20,346930
2026-01-23T03:54:53.679524,Stadion U,20,346886
2026-01-23T03:54:53.679524,Stadion U,20,346863
2026-01-23T03:54:53.679524,Stadion U,20,347000
2026-01-23T03:54:53.679524,Stadion U,20,347878
2026-01-23T03:54:53.679524,Stadion U,20,347722
2026-01-23T03:54:53.679524,Stadion U,20,348315
2026-01-23T03:54:53.679524,Stadion U,20,348302
2026-01-23T03:54:53.679524,Stadion U,20,348194
2026-01-23T03:54:53.679524,Stadion U,20,348176
2026-01-23T03:54:53.679524,Stadion U,20,348646
2026-01-23T03:54:53.679524,Stadion U,20,398761
2026-01-23T03:54:53.679524,Stadion U,20,398742
2026-01-23T03:54:53.679524,Stadion U,20,398865
2026-01-23T03:54:53.679524,Brückengasse,6,345423
2026-01-23T03:54:53.679524,Brückengasse,6,345265
2026-01-23T03:54:53.679524,Brückengasse,6,345225
2026-01-23T03:54:53.679524,Brückengasse,6,347430
2026-01-23T03:54:53.679524,Brückengasse,6,347784
2026-01-23T03:54:53.679524,Brückengasse,6,347592
2026-01-23T03:54:53.679524,Schuhmeierplatz,24,345447
2026-01-23T03:54:53.679524,Schuhmeierplatz,24,345410
2026-01-23T03:54:53.679524,Schuhmeierplatz,24,345279
2026-01-23T03:54:53.679524,Schuhmeierplatz,24,345034
2026-01-23T03:54:53.679524,Schuhmeierplatz,24,345960
2026-01-23T03:54:53.679524,Schuhmeierplatz,24,345889
2026-01-23T03:54:53.679524,Schuhmeierplatz,24,345785
2026-01-23T03:54:53.679524,Schuhmeierplatz,24,345592
2026-01-23T03:54:53.679524,Schuhmeierplatz,24,345512
2026-01-23T03:54:53.679524,Schuhmeierplatz,24,346435
2026-01-23T03:54:53.679524,Schuhmeierplatz,24,346186
2026-01-23T03:54:53.679524,Schuhmeierplatz,24,346958
2026-01-23T03:54:53.679524,Schuhmeierplatz,24,346855
2026-01-23T03:54:53.679524,Schuhmeierplatz,24,346814
2026-01-23T03:54:53.679524,Schuhmeierplatz,24,346610
2026-01-23T03:54:53.679524,Schuhmeierplatz,24,347482
2026-01-23T03:54:53.679524,Schuhmeierplatz,24,347125
2026-01-23T03:54:53.679524,Schuhmeierplatz,24,347124
2026-01-23T03:54:53.679524,Schuhmeierplatz,24,347785
2026-01-23T03:54:53.679524,Schuhmeierplatz,24,347578
2026-01-23T03:54:53.679524,Schuhmeierplatz,24,348313
2026-01-23T03:54:53.679524,Schuhmeierplatz,24,348235
2026-01-23T03:54:53.679524,Schuhmeierplatz,24,348198
2026-01-23T03:54:53.679524,Schuhmeierplatz,24,348106
2026-01-23T03:54:53.679524,Schönbrunn U,10,345853
2026-01-23T03:54:53.679524,Schönbrunn U,10,346386
2026-01-23T03:54:53.679524,Schönbrunn U,10,347208
2026-01-23T03:54:53.679524,Schönbrunn U,10,347587
2026-01-23T03:54:53.679524,Schönbrunn U,10,348486
2026-01-23T03:54:53.679524,Schönbrunn U,10,348246
2026-01-23T03:54:53.679524,Schönbrunn U,10,348028
2026-01-23T03:54:53.679524,Schönbrunn U,10,398750
2026-01-23T03:54:53.679524,Schönbrunn U,10,348871
2026-01-23T03:54:53.679524,Schönbrunn U,10,348856
2026-01-23T03:54:53.679524,Hermesstraße / Oscar-Straus-Park ,10,345341
2026-01-23T03:54:53.679524,Hermesstraße / Oscar-Straus-Park ,10,345742
2026-01-23T03:54:53.679524,Hermesstraße / Oscar-Straus-Park ,10,346316
2026-01-23T03:54:53.679524,Hermesstraße / Oscar-Straus-Park ,10,346216
2026-01-23T03:54:53.679524,Hermesstraße / Oscar-Straus-Park ,10,346014
2026-01-23T03:54:53.679524,Hermesstraße / Oscar-Straus-Park ,10,346594
2026-01-23T03:54:53.679524,Hermesstraße / Oscar-Straus-Park ,10,346581
2026-01-23T03:54:53.679524,Hermesstraße / Oscar-Straus-Park ,10,346543
2026-01-23T03:54:53.679524,Hermesstraße / Oscar-Straus-Park ,10,348698
2026-01-23T03:54:53.679524,Hermesstraße / Oscar-Straus-Park ,10,349099
2026-01-23T03:54:53.679524,Modecenterstraße / The Marks,12,345607
2026-01-23T03:54:53.679524,Modecenterstraße / The Marks,12,345588
2026-01-23T03:54:53.679524,Modecenterstraße / The Marks,12,346490
2026-01-23T03:54:53.679524,Modecenterstraße / The Marks,12,346426
2026-01-23T03:54:53.679524,Modecenterstraße / The Marks,12,346377
2026-01-23T03:54:53.679524,Modecenterstraße / The Marks,12,346369
2026-01-23T03:54:53.679524,Modecenterstraße / The Marks,12,346801
2026-01-23T03:54:53.679524,Modecenterstraße / The Marks,12,346676
2026-01-23T03:54:53.679524,Modecenterstraße / The Marks,12,346519
2026-01-23T03:54:53.679524,Modecenterstraße / The Marks,12,347402
2026-01-23T03:54:53.679524,Modecenterstraße / The Marks,12,348254
2026-01-23T03:54:53.679524,Modecenterstraße / The Marks,12,348043
2026-01-23T03:54:53.679524,Am Langen Felde,9,345486
2026-01-23T03:54:53.679524,Am Langen Felde,9,345902
2026-01-23T03:54:53.679524,Am Langen Felde,9,346388
2026-01-23T03:54:53.679524,Am Langen Felde,9,346868
2026-01-23T03:54:53.679524,Am Langen Felde,9,347948
2026-01-23T03:54:53.679524,Am Langen Felde,9,347513
2026-01-23T03:54:53.679524,Am Langen Felde,9,348097
2026-01-23T03:54:53.679524,Am Langen Felde,9,348530
2026-01-23T03:54:53.679524,Am Langen Felde,9,398797
2026-01-23T03:54:53.679524,Pilgramgasse U,11,345369
2026-01-23T03:54:53.679524,Pilgramgasse U,11,345824
2026-01-23T03:54:53.679524,Pilgramgasse U,11,345801
2026-01-23T03:54:53.679524,Pilgramgasse U,11,346954
2026-01-23T03:54:53.679524,Pilgramgasse U,11,346839
2026-01-23T03:54:53.679524,Pilgramgasse U,11,347999
2026-01-23T03:54:53.679524,Pilgramgasse U,11,347675
2026-01-23T03:54:53.679524,Pilgramgasse U,11,348437
2026-01-23T03:54:53.679524,Pilgramgasse U,11,348020
2026-01-23T03:54:53.679524,Pilgramgasse U,11,348621
2026-01-23T03:54:53.679524,Pilgramgasse U,11,398833
2026-01-23T03:54:53.679524,Purkytgasse ,5,347310
2026-01-23T03:54:53.679524,Purkytgasse ,5,347154
2026-01-23T03:54:53.679524,Purkytgasse ,5,347001
2026-01-23T03:54:53.679524,Purkytgasse ,5,348360
2026-01-23T03:54:53.679524,Purkytgasse ,5,349185
2026-01-23T03:54:53.679524,Neue Donau U,15,345244
2026-01-23T03:54:53.679524,Neue Donau U,15,345794
2026-01-23T03:54:53.679524,Neue Donau U,15,345735
2026-01-23T03:54:53.679524,Neue Donau U,15,345705
2026-01-23T03:54:53.679524,Neue Donau U,15,345528
2026-01-23T03:54:53.679524,Neue Donau U,15,346463
2026-01-23T03:54:53.679524,Neue Donau U,15,346361
2026-01-23T03:54:53.679524,Neue Donau U,15,346937
2026-01-23T03:54:53.679524,Neue Donau U,15,346920
2026-01-23T03:54:53.679524,Neue Donau U,15,346742
2026-01-23T03:54:53.679524,Neue Donau U,15,347131
2026-01-23T03:54:53.679524,Neue Donau U,15,347983
2026-01-23T03:54:53.679524,Neue Donau U,15,347912
2026-01-23T03:54:53.679524,Neue Donau U,15,347732
2026-01-23T03:54:53.679524,Neue Donau U,15,347720
2026-01-23T03:54:53.679524,Franz-Josef Bahnhof S,10,346661
2026-01-23T03:54:53.679524,Franz-Josef Bahnhof S,10,347462
2026-01-23T03:54:53.679524,Franz-Josef Bahnhof S,10,347455
2026-01-23T03:54:53.679524,Franz-Josef Bahnhof S,10,347920
2026-01-23T03:54:53.679524,Franz-Josef Bahnhof S,10,347874
2026-01-23T03:54:53.679524,Franz-Josef Bahnhof S,10,347869
2026-01-23T03:54:53.679524,Franz-Josef Bahnhof S,10,348467
2026-01-23T03:54:53.679524,Franz-Josef Bahnhof S,10,348352
2026-01-23T03:54:53.679524,Franz-Josef Bahnhof S,10,348157
2026-01-23T03:54:53.679524,Franz-Josef Bahnhof S,10,348704
2026-01-23T03:54:53.679524,Niederpointenstraße,13,346457
2026-01-23T03:54:53.679524,Niederpointenstraße,13,346455
2026-01-23T03:54:53.679524,Niederpointenstraße,13,346237
2026-01-23T03:54:53.679524,Niederpointenstraße,13,346660
2026-01-23T03:54:53.679524,Niederpointenstraße,13,346575
2026-01-23T03:54:53.679524,Niederpointenstraße,13,347271
2026-01-23T03:54:53.679524,Niederpointenstraße,13,347101
2026-01-23T03:54:53.679524,Niederpointenstraße,13,347701
2026-01-23T03:54:53.679524,Niederpointenstraße,13,347569
2026-01-23T03:54:53.679524,Niederpointenstraße,13,348449
2026-01-23T03:54:53.679524,Niederpointenstraße,13,348082
2026-01-23T03:54:53.679524,Niederpointenstraße,13,348941
2026-01-23T03:54:53.679524,Niederpointenstraße,13,348857
2026-01-23T03:54:53.679524,Leopoldauer Platz,9,346478
2026-01-23T03:54:53.679524,Leopoldauer Platz,9,346408
2026-01-23T03:54:53.679524,Leopoldauer Platz,9,346802
2026-01-23T03:54:53.679524,Leopoldauer Platz,9,346751
2026-01-23T03:54:53.679524,Leopoldauer Platz,9,346562
2026-01-23T03:54:53.679524,Leopoldauer Platz,9,347750
2026-01-23T03:54:53.679524,Leopoldauer Platz,9,347514
2026-01-23T03:54:53.679524,Leopoldauer Platz,9,398745
2026-01-23T03:54:53.679524,Leopoldauer Platz,9,349072
2026-01-23T03:54:53.679524,ArbeiterInnenstrand,20,345385
2026-01-23T03:54:53.679524,ArbeiterInnenstrand,20,345231
2026-01-23T03:54:53.679524,ArbeiterInnenstrand,20,345155
2026-01-23T03:54:53.679524,ArbeiterInnenstrand,20,345990
2026-01-23T03:54:53.679524,ArbeiterInnenstrand,20,345899
2026-01-23T03:54:53.679524,ArbeiterInnenstrand,20,345756
2026-01-23T03:54:53.679524,ArbeiterInnenstrand,20,345659
2026-01-23T03:54:53.679524,ArbeiterInnenstrand,20,346964
2026-01-23T03:54:53.679524,ArbeiterInnenstrand,20,346885
2026-01-23T03:54:53.679524,ArbeiterInnenstrand,20,347318
2026-01-23T03:54:53.679524,ArbeiterInnenstrand,20,347297
2026-01-23T03:54:53.679524,ArbeiterInnenstrand,20,347226
2026-01-23T03:54:53.679524,ArbeiterInnenstrand,20,347146
2026-01-23T03:54:53.679524,ArbeiterInnenstrand,20,347866
2026-01-23T03:54:53.679524,ArbeiterInnenstrand,20,347836
2026-01-23T03:54:53.679524,ArbeiterInnenstrand,20,347593
2026-01-23T03:54:53.679524,ArbeiterInnenstrand,20,348382
2026-01-23T03:54:53.679524,ArbeiterInnenstrand,20,348068
2026-01-23T03:54:53.679524,ArbeiterInnenstrand,20,398803
2026-01-23T03:54:53.679524,ArbeiterInnenstrand,20,348899
2026-01-23T03:54:53.679524,Gewerbepark Stadlau,2,346777
2026-01-23T03:54:53.679524,Gewerbepark Stadlau,2,398863
2026-01-23T03:54:53.679524,Atzgersdorf Bildungscampus,14,345327
2026-01-23T03:54:53.679524,Atzgersdorf Bildungscampus,14,345886
2026-01-23T03:54:53.679524,Atzgersdorf Bildungscampus,14,345716
2026-01-23T03:54:53.679524,Atzgersdorf Bildungscampus,14,345579
2026-01-23T03:54:53.679524,Atzgersdorf Bildungscampus,14,346220
2026-01-23T03:54:53.679524,Atzgersdorf Bildungscampus,14,347230
2026-01-23T03:54:53.679524,Atzgersdorf Bildungscampus,14,347221
2026-01-23T03:54:53.679524,Atzgersdorf Bildungscampus,14,347090
2026-01-23T03:54:53.679524,Atzgersdorf Bildungscampus,14,347739
2026-01-23T03:54:53.679524,Atzgersdorf Bildungscampus,14,347506
2026-01-23T03:54:53.679524,Atzgersdorf Bildungscampus,14,348438
2026-01-23T03:54:53.679524,Atzgersdorf Bildungscampus,14,348280
2026-01-23T03:54:53.679524,Atzgersdorf Bildungscampus,14,348178
2026-01-23T03:54:53.679524,Atzgersdorf Bildungscampus,14,398834
2026-01-23T03:54:53.679524,Adelheid-Popp-Gasse,1,346053
2026-01-23T03:54:53.679524,Alte Donau U,9,345397
2026-01-23T03:54:53.679524,Alte Donau U,9,345767
2026-01-23T03:54:53.679524,Alte Donau U,9,347261
2026-01-23T03:54:53.679524,Alte Donau U,9,347132
2026-01-23T03:54:53.679524,Alte Donau U,9,347019
2026-01-23T03:54:53.679524,Alte Donau U,9,348447
2026-01-23T03:54:53.679524,Alte Donau U,9,348174
2026-01-23T03:54:53.679524,Alte Donau U,9,348012
2026-01-23T03:54:53.679524,Alte Donau U,9,348674
2026-01-23T03:54:53.679524,VHS Kulturgarage,9,345858
2026-01-23T03:54:53.679524,VHS Kulturgarage,9,345634
2026-01-23T03:54:53.679524,VHS Kulturgarage,9,346338
2026-01-23T03:54:53.679524,VHS Kulturgarage,9,347178
2026-01-23T03:54:53.679524,VHS Kulturgarage,9,347065
2026-01-23T03:54:53.679524,VHS Kulturgarage,9,347942
2026-01-23T03:54:53.679524,VHS Kulturgarage,9,348473
2026-01-23T03:54:53.679524,VHS Kulturgarage,9,348526
2026-01-23T03:54:53.679524,VHS Kulturgarage,9,398772
2026-01-23T03:54:53.679524,Siebenbrunnenfeldgasse,13,345469
2026-01-23T03:54:53.679524,Siebenbrunnenfeldgasse,13,345324
2026-01-23T03:54:53.679524,Siebenbrunnenfeldgasse,13,345221
2026-01-23T03:54:53.679524,Siebenbrunnenfeldgasse,13,345127
2026-01-23T03:54:53.679524,Siebenbrunnenfeldgasse,13,345094
2026-01-23T03:54:53.679524,Siebenbrunnenfeldgasse,13,345766
2026-01-23T03:54:53.679524,Siebenbrunnenfeldgasse,13,345714
2026-01-23T03:54:53.679524,Siebenbrunnenfeldgasse,13,346784
2026-01-23T03:54:53.679524,Siebenbrunnenfeldgasse,13,347336
2026-01-23T03:54:53.679524,Siebenbrunnenfeldgasse,13,347206
2026-01-23T03:54:53.679524,Siebenbrunnenfeldgasse,13,347106
2026-01-23T03:54:53.679524,Siebenbrunnenfeldgasse,13,347076
2026-01-23T03:54:53.679524,Siebenbrunnenfeldgasse,13,348542
2026-01-23T03:54:53.679524,Technisches Museum,22,345402
2026-01-23T03:54:53.679524,Technisches Museum,22,345352
2026-01-23T03:54:53.679524,Technisches Museum,22,345829
2026-01-23T03:54:53.679524,Technisches Museum,22,345781
2026-01-23T03:54:53.679524,Technisches Museum,22,345728
2026-01-23T03:54:53.679524,Technisches Museum,22,346372
2026-01-23T03:54:53.679524,Technisches Museum,22,346309
2026-01-23T03:54:53.679524,Technisches Museum,22,346254
2026-01-23T03:54:53.679524,Technisches Museum,22,346104
2026-01-23T03:54:53.679524,Technisches Museum,22,346085
2026-01-23T03:54:53.679524,Technisches Museum,22,346030
2026-01-23T03:54:53.679524,Technisches Museum,22,346960
2026-01-23T03:54:53.679524,Technisches Museum,22,346804
2026-01-23T03:54:53.679524,Technisches Museum,22,346715
2026-01-23T03:54:53.679524,Technisches Museum,22,347204
2026-01-23T03:54:53.679524,Technisches Museum,22,347176
2026-01-23T03:54:53.679524,Technisches Museum,22,347162
2026-01-23T03:54:53.679524,Technisches Museum,22,347006
2026-01-23T03:54:53.679524,Technisches Museum,22,348460
2026-01-23T03:54:53.679524,Technisches Museum,22,348420
2026-01-23T03:54:53.679524,Technisches Museum,22,348267
2026-01-23T03:54:53.679524,Technisches Museum,22,349123
2026-01-23T03:54:53.679524,Währinger Park,17,345491
2026-01-23T03:54:53.679524,Währinger Park,17,345450
2026-01-23T03:54:53.679524,Währinger Park,17,345394
2026-01-23T03:54:53.679524,Währinger Park,17,345345
2026-01-23T03:54:53.679524,Währinger Park,17,345895
2026-01-23T03:54:53.679524,Währinger Park,17,345850
2026-01-23T03:54:53.679524,Währinger Park,17,345721
2026-01-23T03:54:53.679524,Währinger Park,17,346267
2026-01-23T03:54:53.679524,Währinger Park,17,346167
2026-01-23T03:54:53.679524,Währinger Park,17,346834
2026-01-23T03:54:53.679524,Währinger Park,17,347269
2026-01-23T03:54:53.679524,Währinger Park,17,347193
2026-01-23T03:54:53.679524,Währinger Park,17,347048
2026-01-23T03:54:53.679524,Währinger Park,17,347985
2026-01-23T03:54:53.679524,Währinger Park,17,347840
2026-01-23T03:54:53.679524,Währinger Park,17,348143
2026-01-23T03:54:53.679524,Währinger Park,17,398732
2026-01-23T03:54:53.679524,Ettenreichgasse / Schulzentrum ,4,349113
2026-01-23T03:54:53.679524,Ettenreichgasse / Schulzentrum ,4,349016
2026-01-23T03:54:53.679524,Ettenreichgasse / Schulzentrum ,4,348977
2026-01-23T03:54:53.679524,Ettenreichgasse / Schulzentrum ,4,349168
2026-01-23T03:54:53.679524,Wendstattgasse,9,345408
2026-01-23T03:54:53.679524,Wendstattgasse,9,346693
2026-01-23T03:54:53.679524,Wendstattgasse,9,346632
2026-01-23T03:54:53.679524,Wendstattgasse,9,347121
2026-01-23T03:54:53.679524,Wendstattgasse,9,347702
2026-01-23T03:54:53.679524,Wendstattgasse,9,347639
2026-01-23T03:54:53.679524,Wendstattgasse,9,348389
2026-01-23T03:54:53.679524,Wendstattgasse,9,398846
2026-01-23T03:54:53.679524,Wendstattgasse,9,398723
2026-01-23T03:54:53.679524,Neilreichgasse,1,347426
2026-01-23T03:54:53.679524,Gutheil-Schoder-Gasse / Badner Bahn,13,345400
2026-01-23T03:54:53.679524,Gutheil-Schoder-Gasse / Badner Bahn,13,345361
2026-01-23T03:54:53.679524,Gutheil-Schoder-Gasse / Badner Bahn,13,345926
2026-01-23T03:54:53.679524,Gutheil-Schoder-Gasse / Badner Bahn,13,345554
2026-01-23T03:54:53.679524,Gutheil-Schoder-Gasse / Badner Bahn,13,346286
2026-01-23T03:54:53.679524,Gutheil-Schoder-Gasse / Badner Bahn,13,346222
2026-01-23T03:54:53.679524,Gutheil-Schoder-Gasse / Badner Bahn,13,346765
2026-01-23T03:54:53.679524,Gutheil-Schoder-Gasse / Badner Bahn,13,347137
2026-01-23T03:54:53.679524,Gutheil-Schoder-Gasse / Badner Bahn,13,348316
2026-01-23T03:54:53.679524,Gutheil-Schoder-Gasse / Badner Bahn,13,348271
2026-01-23T03:54:53.679524,Gutheil-Schoder-Gasse / Badner Bahn,13,348034
2026-01-23T03:54:53.679524,Gutheil-Schoder-Gasse / Badner Bahn,13,398724
2026-01-23T03:54:53.679524,Gutheil-Schoder-Gasse / Badner Bahn,13,349154
2026-01-23T03:54:53.679524,Neu Leopoldau,15,345448
2026-01-23T03:54:53.679524,Neu Leopoldau,15,345174
2026-01-23T03:54:53.679524,Neu Leopoldau,15,346382
2026-01-23T03:54:53.679524,Neu Leopoldau,15,346196
2026-01-23T03:54:53.679524,Neu Leopoldau,15,346726
2026-01-23T03:54:53.679524,Neu Leopoldau,15,346656
2026-01-23T03:54:53.679524,Neu Leopoldau,15,346649
2026-01-23T03:54:53.679524,Neu Leopoldau,15,346615
2026-01-23T03:54:53.679524,Neu Leopoldau,15,346512
2026-01-23T03:54:53.679524,Neu Leopoldau,15,347879
2026-01-23T03:54:53.679524,Neu Leopoldau,15,348164
2026-01-23T03:54:53.679524,Neu Leopoldau,15,348934
2026-01-23T03:54:53.679524,Neu Leopoldau,15,348854
2026-01-23T03:54:53.679524,Neu Leopoldau,15,349169
2026-01-23T03:54:53.679524,Neu Leopoldau,15,349147
2026-01-23T03:54:53.679524,Strebersdorf S,9,345152
2026-01-23T03:54:53.679524,Strebersdorf S,9,345644
2026-01-23T03:54:53.679524,Strebersdorf S,9,345541
2026-01-23T03:54:53.679524,Strebersdorf S,9,346162
2026-01-23T03:54:53.679524,Strebersdorf S,9,346140
2026-01-23T03:54:53.679524,Strebersdorf S,9,346529
2026-01-23T03:54:53.679524,Strebersdorf S,9,347485
2026-01-23T03:54:53.679524,Strebersdorf S,9,347061
2026-01-23T03:54:53.679524,Strebersdorf S,9,348060
2026-01-23T03:54:53.679524,Rodlergasse,9,345454
2026-01-23T03:54:53.679524,Rodlergasse,9,345439
2026-01-23T03:54:53.679524,Rodlergasse,9,346938
2026-01-23T03:54:53.679524,Rodlergasse,9,346787
2026-01-23T03:54:53.679524,Rodlergasse,9,347307
2026-01-23T03:54:53.679524,Rodlergasse,9,347071
2026-01-23T03:54:53.679524,Rodlergasse,9,347997
2026-01-23T03:54:53.679524,Rodlergasse,9,348695
2026-01-23T03:54:53.679524,Rodlergasse,9,348842
2026-01-23T03:54:53.679524,Nussbaumallee,8,345025
2026-01-23T03:54:53.679524,Nussbaumallee,8,345826
2026-01-23T03:54:53.679524,Nussbaumallee,8,345777
2026-01-23T03:54:53.679524,Nussbaumallee,8,345626
2026-01-23T03:54:53.679524,Nussbaumallee,8,346131
2026-01-23T03:54:53.679524,Nussbaumallee,8,346806
2026-01-23T03:54:53.679524,Nussbaumallee,8,348217
2026-01-23T03:54:53.679524,Nussbaumallee,8,348579
2026-01-23T03:54:53.679524,Raxstraße,6,346142
2026-01-23T03:54:53.679524,Raxstraße,6,347066
2026-01-23T03:54:53.679524,Raxstraße,6,347777
2026-01-23T03:54:53.679524,Raxstraße,6,347723
2026-01-23T03:54:53.679524,Raxstraße,6,348358
2026-01-23T03:54:53.679524,Raxstraße,6,348971
2026-01-23T03:54:53.679524,Wattmanngasse,10,345105
2026-01-23T03:54:53.679524,Wattmanngasse,10,345080
2026-01-23T03:54:53.679524,Wattmanngasse,10,346373
2026-01-23T03:54:53.679524,Wattmanngasse,10,346076
2026-01-23T03:54:53.679524,Wattmanngasse,10,346750
2026-01-23T03:54:53.679524,Wattmanngasse,10,347631
2026-01-23T03:54:53.679524,Wattmanngasse,10,348346
2026-01-23T03:54:53.679524,Wattmanngasse,10,398856
2026-01-23T03:54:53.679524,Wattmanngasse,10,349050
2026-01-23T03:54:53.679524,Wattmanngasse,10,348913
2026-01-23T03:54:53.679524,Joachimsthaler Platz,8,345456
2026-01-23T03:54:53.679524,Joachimsthaler Platz,8,345693
2026-01-23T03:54:53.679524,Joachimsthaler Platz,8,345674
2026-01-23T03:54:53.679524,Joachimsthaler Platz,8,345612
2026-01-23T03:54:53.679524,Joachimsthaler Platz,8,346294
2026-01-23T03:54:53.679524,Joachimsthaler Platz,8,346680
2026-01-23T03:54:53.679524,Joachimsthaler Platz,8,347711
2026-01-23T03:54:53.679524,Joachimsthaler Platz,8,348145
2026-01-23T03:54:53.679524,Floridsdorfer Markt,9,346882
2026-01-23T03:54:53.679524,Floridsdorfer Markt,9,346869
2026-01-23T03:54:53.679524,Floridsdorfer Markt,9,346698
2026-01-23T03:54:53.679524,Floridsdorfer Markt,9,346681
2026-01-23T03:54:53.679524,Floridsdorfer Markt,9,347978
2026-01-23T03:54:53.679524,Floridsdorfer Markt,9,347835
2026-01-23T03:54:53.679524,Floridsdorfer Markt,9,347699
2026-01-23T03:54:53.679524,Floridsdorfer Markt,9,348457
2026-01-23T03:54:53.679524,Floridsdorfer Markt,9,348455
2026-01-23T03:54:53.679524,Nussdorf S,1,348019
2026-01-23T03:54:53.679524,Bertha-von-Suttner-Gasse,8,345219
2026-01-23T03:54:53.679524,Bertha-von-Suttner-Gasse,8,345689
2026-01-23T03:54:53.679524,Bertha-von-Suttner-Gasse,8,345527
2026-01-23T03:54:53.679524,Bertha-von-Suttner-Gasse,8,346459
2026-01-23T03:54:53.679524,Bertha-von-Suttner-Gasse,8,346858
2026-01-23T03:54:53.679524,Bertha-von-Suttner-Gasse,8,348146
2026-01-23T03:54:53.679524,Bertha-von-Suttner-Gasse,8,398835
2026-01-23T03:54:53.679524,Bertha-von-Suttner-Gasse,8,349068
2026-01-23T03:54:53.679524,Hauptbahnhof Ost,5,346367
2026-01-23T03:54:53.679524,Hauptbahnhof Ost,5,346625
2026-01-23T03:54:53.679524,Hauptbahnhof Ost,5,346617
2026-01-23T03:54:53.679524,Hauptbahnhof Ost,5,347072
2026-01-23T03:54:53.679524,Hauptbahnhof Ost,5,348617
2026-01-23T03:54:53.679524,FH Technikum,12,345046
2026-01-23T03:54:53.679524,FH Technikum,12,345764
2026-01-23T03:54:53.679524,FH Technikum,12,346447
2026-01-23T03:54:53.679524,FH Technikum,12,346503
2026-01-23T03:54:53.679524,FH Technikum,12,347439
2026-01-23T03:54:53.679524,FH Technikum,12,347357
2026-01-23T03:54:53.679524,FH Technikum,12,347281
2026-01-23T03:54:53.679524,FH Technikum,12,347882
2026-01-23T03:54:53.679524,FH Technikum,12,347821
2026-01-23T03:54:53.679524,FH Technikum,12,348323
2026-01-23T03:54:53.679524,FH Technikum,12,348298
2026-01-23T03:54:53.679524,FH Technikum,12,349189
2026-01-23T03:54:53.679524,Hafen Wien,11,345991
2026-01-23T03:54:53.679524,Hafen Wien,11,346071
2026-01-23T03:54:53.679524,Hafen Wien,11,346956
2026-01-23T03:54:53.679524,Hafen Wien,11,346944
2026-01-23T03:54:53.679524,Hafen Wien,11,346819
2026-01-23T03:54:53.679524,Hafen Wien,11,347321
2026-01-23T03:54:53.679524,Hafen Wien,11,347095
2026-01-23T03:54:53.679524,Hafen Wien,11,347728
2026-01-23T03:54:53.679524,Hafen Wien,11,347661
2026-01-23T03:54:53.679524,Hafen Wien,11,347589
2026-01-23T03:54:53.679524,Hafen Wien,11,348284
2026-01-23T03:54:53.679524,Hundertwasserhaus,11,346487
2026-01-23T03:54:53.679524,Hundertwasserhaus,11,346074
2026-01-23T03:54:53.679524,Hundertwasserhaus,11,346919
2026-01-23T03:54:53.679524,Hundertwasserhaus,11,346830
2026-01-23T03:54:53.679524,Hundertwasserhaus,11,346789
2026-01-23T03:54:53.679524,Hundertwasserhaus,11,346539
2026-01-23T03:54:53.679524,Hundertwasserhaus,11,346507
2026-01-23T03:54:53.679524,Hundertwasserhaus,11,347666
2026-01-23T03:54:53.679524,Hundertwasserhaus,11,348063
2026-01-23T03:54:53.679524,Hundertwasserhaus,11,348054
2026-01-23T03:54:53.679524,Hundertwasserhaus,11,348668
2026-01-23T03:54:53.679524,Seestadt U - Lina-Bo-Bardi-Platz,2,346023
2026-01-23T03:54:53.679524,Seestadt U - Lina-Bo-Bardi-Platz,2,398855
2026-01-23T03:54:53.679524,Barbara-Prammer-Allee,3,347988
2026-01-23T03:54:53.679524,Barbara-Prammer-Allee,3,348662
2026-01-23T03:54:53.679524,Barbara-Prammer-Allee,3,348596
2026-01-23T03:54:53.679524,Sonnenallee,9,345430
2026-01-23T03:54:53.679524,Sonnenallee,9,345917
2026-01-23T03:54:53.679524,Sonnenallee,9,345799
2026-01-23T03:54:53.679524,Sonnenallee,9,346107
2026-01-23T03:54:53.679524,Sonnenallee,9,346782
2026-01-23T03:54:53.679524,Sonnenallee,9,347395
2026-01-23T03:54:53.679524,Sonnenallee,9,347228
2026-01-23T03:54:53.679524,Sonnenallee,9,348258
2026-01-23T03:54:53.679524,Sonnenallee,9,348233
2026-01-23T03:54:53.679524,AIT Austrian Institute of Technology / Giefinggasse ,8,345405
2026-01-23T03:54:53.679524,AIT Austrian Institute of Technology / Giefinggasse ,8,345178
2026-01-23T03:54:53.679524,AIT Austrian Institute of Technology / Giefinggasse ,8,346446
2026-01-23T03:54:53.679524,AIT Austrian Institute of Technology / Giefinggasse ,8,346057
2026-01-23T03:54:53.679524,AIT Austrian Institute of Technology / Giefinggasse ,8,346608
2026-01-23T03:54:53.679524,AIT Austrian Institute of Technology / Giefinggasse ,8,347010
2026-01-23T03:54:53.679524,AIT Austrian Institute of Technology / Giefinggasse ,8,348114
2026-01-23T03:54:53.679524,AIT Austrian Institute of Technology / Giefinggasse ,8,348092
2026-01-23T03:54:53.679524,Blériotgasse,14,345358
2026-01-23T03:54:53.679524,Blériotgasse,14,345307
2026-01-23T03:54:53.679524,Blériotgasse,14,345113
2026-01-23T03:54:53.679524,Blériotgasse,14,345053
2026-01-23T03:54:53.679524,Blériotgasse,14,345904
2026-01-23T03:54:53.679524,Blériotgasse,14,345894
2026-01-23T03:54:53.679524,Blériotgasse,14,346484
2026-01-23T03:54:53.679524,Blériotgasse,14,346298
2026-01-23T03:54:53.679524,Blériotgasse,14,346017
2026-01-23T03:54:53.679524,Blériotgasse,14,346567
2026-01-23T03:54:53.679524,Blériotgasse,14,347317
2026-01-23T03:54:53.679524,Blériotgasse,14,347670
2026-01-23T03:54:53.679524,Blériotgasse,14,348474
2026-01-23T03:54:53.679524,Blériotgasse,14,398818
2026-01-23T03:54:53.679524,Vetmed Haupteingang,1,346031
2026-01-23T03:54:53.679524,Vetmed UB,4,345059
2026-01-23T03:54:53.679524,Vetmed UB,4,346856
2026-01-23T03:54:53.679524,Vetmed UB,4,346705
2026-01-23T03:54:53.679524,Vetmed UB,4,348404
2026-01-23T03:54:53.679524,Rebhanngasse / Nordbahnstrasse,5,346214
2026-01-23T03:54:53.679524,Rebhanngasse / Nordbahnstrasse,5,347883
2026-01-23T03:54:53.679524,Rebhanngasse / Nordbahnstrasse,5,347629
2026-01-23T03:54:53.679524,Rebhanngasse / Nordbahnstrasse,5,347567
2026-01-23T03:54:53.679524,Rebhanngasse / Nordbahnstrasse,5,349025
2026-01-23T03:54:53.679524,Nordbahnstrasse,3,345376
2026-01-23T03:54:53.679524,Nordbahnstrasse,3,347518
2026-01-23T03:54:53.679524,Nordbahnstrasse,3,348882
2026-01-23T03:54:53.679524,BIKE 347026,1,347026
2026-01-23T03:54:53.679524,BIKE 346054,1,346054
2026-01-23T03:54:53.679524,BIKE 346227,1,346227
2026-01-23T03:54:53.679524,BIKE 345594,1,345594
2026-01-23T03:54:53.679524,BIKE 345665,1,345665
2026-01-23T03:54:53.679524,BIKE 347199,1,347199
2026-01-23T03:54:53.679524,BIKE 346325,1,346325
2026-01-23T03:54:53.679524,BIKE 346492,1,346492
2026-01-23T03:54:53.679524,BIKE 348878,1,348878
2026-01-23T03:54:53.679524,BIKE 398790,1,398790
2026-01-23T03:54:53.679524,BIKE 348080,1,348080
2026-01-23T03:54:53.679524,BIKE 346038,1,346038
2026-01-23T03:54:53.679524,BIKE 348935,1,348935
2026-01-23T03:54:53.679524,BIKE 348927,1,348927
2026-01-23T03:54:53.679524,BIKE 347958,1,347958
2026-01-23T03:54:53.679524,BIKE 348931,1,348931
2026-01-23T03:54:53.679524,BIKE 345466,1,345466
2026-01-23T03:54:53.679524,BIKE 346449,1,346449
2026-01-23T03:54:53.679524,BIKE 346688,1,346688
2026-01-23T03:54:53.679524,BIKE 347315,1,347315
2026-01-23T03:54:53.679524,BIKE 345492,1,345492
2026-01-23T04:39:19.914421,Julius-Raab-Platz,24,345485
2026-01-23T04:39:19.914421,Julius-Raab-Platz,24,345428
2026-01-23T04:39:19.914421,Julius-Raab-Platz,24,345399
2026-01-23T04:39:19.914421,Julius-Raab-Platz,24,345311
2026-01-23T04:39:19.914421,Julius-Raab-Platz,24,345097
2026-01-23T04:39:19.914421,Julius-Raab-Platz,24,345562
2026-01-23T04:39:19.914421,Julius-Raab-Platz,24,346328
2026-01-23T04:39:19.914421,Julius-Raab-Platz,24,346228
2026-01-23T04:39:19.914421,Julius-Raab-Platz,24,346080
2026-01-23T04:39:19.914421,Julius-Raab-Platz,24,346892
2026-01-23T04:39:19.914421,Julius-Raab-Platz,24,346718
2026-01-23T04:39:19.914421,Julius-Raab-Platz,24,347420
2026-01-23T04:39:19.914421,Julius-Raab-Platz,24,347152
2026-01-23T04:39:19.914421,Julius-Raab-Platz,24,347964
2026-01-23T04:39:19.914421,Julius-Raab-Platz,24,347815
2026-01-23T04:39:19.914421,Julius-Raab-Platz,24,347505
2026-01-23T04:39:19.914421,Julius-Raab-Platz,24,348318
2026-01-23T04:39:19.914421,Julius-Raab-Platz,24,348305
2026-01-23T04:39:19.914421,Julius-Raab-Platz,24,348282
2026-01-23T04:39:19.914421,Julius-Raab-Platz,24,348101
2026-01-23T04:39:19.914421,Julius-Raab-Platz,24,348629
2026-01-23T04:39:19.914421,Julius-Raab-Platz,24,348610
2026-01-23T04:39:19.914421,Julius-Raab-Platz,24,398739
2026-01-23T04:39:19.914421,Julius-Raab-Platz,24,398734
2026-01-23T04:39:19.914421,Hoher Markt,26,345415
2026-01-23T04:39:19.914421,Hoher Markt,26,345368
2026-01-23T04:39:19.914421,Hoher Markt,26,345312
2026-01-23T04:39:19.914421,Hoher Markt,26,345885
2026-01-23T04:39:19.914421,Hoher Markt,26,345830
2026-01-23T04:39:19.914421,Hoher Markt,26,345718
2026-01-23T04:39:19.914421,Hoher Markt,26,345677
2026-01-23T04:39:19.914421,Hoher Markt,26,346407
2026-01-23T04:39:19.914421,Hoher Markt,26,346258
2026-01-23T04:39:19.914421,Hoher Markt,26,346926
2026-01-23T04:39:19.914421,Hoher Markt,26,346689
2026-01-23T04:39:19.914421,Hoher Markt,26,346606
2026-01-23T04:39:19.914421,Hoher Markt,26,347499
2026-01-23T04:39:19.914421,Hoher Markt,26,347378
2026-01-23T04:39:19.914421,Hoher Markt,26,347246
2026-01-23T04:39:19.914421,Hoher Markt,26,347823
2026-01-23T04:39:19.914421,Hoher Markt,26,347770
2026-01-23T04:39:19.914421,Hoher Markt,26,347762
2026-01-23T04:39:19.914421,Hoher Markt,26,348410
2026-01-23T04:39:19.914421,Hoher Markt,26,348344
2026-01-23T04:39:19.914421,Hoher Markt,26,348310
2026-01-23T04:39:19.914421,Hoher Markt,26,348602
2026-01-23T04:39:19.914421,Hoher Markt,26,348563
2026-01-23T04:39:19.914421,Hoher Markt,26,398807
2026-01-23T04:39:19.914421,Hoher Markt,26,398784
2026-01-23T04:39:19.914421,Hoher Markt,26,348923
2026-01-23T04:39:19.914421,Oper,24,345477
2026-01-23T04:39:19.914421,Oper,24,345262
2026-01-23T04:39:19.914421,Oper,24,345188
2026-01-23T04:39:19.914421,Oper,24,345907
2026-01-23T04:39:19.914421,Oper,24,345778
2026-01-23T04:39:19.914421,Oper,24,345653
2026-01-23T04:39:19.914421,Oper,24,345620
2026-01-23T04:39:19.914421,Oper,24,346359
2026-01-23T04:39:19.914421,Oper,24,346921
2026-01-23T04:39:19.914421,Oper,24,347442
2026-01-23T04:39:19.914421,Oper,24,347080
2026-01-23T04:39:19.914421,Oper,24,347027
2026-01-23T04:39:19.914421,Oper,24,347805
2026-01-23T04:39:19.914421,Oper,24,347782
2026-01-23T04:39:19.914421,Oper,24,347731
2026-01-23T04:39:19.914421,Oper,24,347616
2026-01-23T04:39:19.914421,Oper,24,347610
2026-01-23T04:39:19.914421,Oper,24,348479
2026-01-23T04:39:19.914421,Oper,24,348206
2026-01-23T04:39:19.914421,Oper,24,348663
2026-01-23T04:39:19.914421,Oper,24,348615
2026-01-23T04:39:19.914421,Oper,24,348545
2026-01-23T04:39:19.914421,Oper,24,398714
2026-01-23T04:39:19.914421,Oper,24,398817
2026-01-23T04:39:19.914421,Volksgarten,9,345333
2026-01-23T04:39:19.914421,Volksgarten,9,345564
2026-01-23T04:39:19.914421,Volksgarten,9,346308
2026-01-23T04:39:19.914421,Volksgarten,9,347341
2026-01-23T04:39:19.914421,Volksgarten,9,347973
2026-01-23T04:39:19.914421,Volksgarten,9,347871
2026-01-23T04:39:19.914421,Volksgarten,9,347743
2026-01-23T04:39:19.914421,Volksgarten,9,347698
2026-01-23T04:39:19.914421,Volksgarten,9,348160
2026-01-23T04:39:19.914421,Stephansplatz U,4,346556
2026-01-23T04:39:19.914421,Stephansplatz U,4,347009
2026-01-23T04:39:19.914421,Stephansplatz U,4,348929
2026-01-23T04:39:19.914421,Stephansplatz U,4,349162
2026-01-23T04:39:19.914421,Taborstraße U,24,345186
2026-01-23T04:39:19.914421,Taborstraße U,24,345117
2026-01-23T04:39:19.914421,Taborstraße U,24,345864
2026-01-23T04:39:19.914421,Taborstraße U,24,345614
2026-01-23T04:39:19.914421,Taborstraße U,24,346476
2026-01-23T04:39:19.914421,Taborstraße U,24,346391
2026-01-23T04:39:19.914421,Taborstraße U,24,346149
2026-01-23T04:39:19.914421,Taborstraße U,24,346019
2026-01-23T04:39:19.914421,Taborstraße U,24,346833
2026-01-23T04:39:19.914421,Taborstraße U,24,346730
2026-01-23T04:39:19.914421,Taborstraße U,24,347486
2026-01-23T04:39:19.914421,Taborstraße U,24,347257
2026-01-23T04:39:19.914421,Taborstraße U,24,347935
2026-01-23T04:39:19.914421,Taborstraße U,24,347915
2026-01-23T04:39:19.914421,Taborstraße U,24,347721
2026-01-23T04:39:19.914421,Taborstraße U,24,347674
2026-01-23T04:39:19.914421,Taborstraße U,24,347652
2026-01-23T04:39:19.914421,Taborstraße U,24,347627
2026-01-23T04:39:19.914421,Taborstraße U,24,347622
2026-01-23T04:39:19.914421,Taborstraße U,24,348190
2026-01-23T04:39:19.914421,Taborstraße U,24,348636
2026-01-23T04:39:19.914421,Taborstraße U,24,348622
2026-01-23T04:39:19.914421,Taborstraße U,24,348584
2026-01-23T04:39:19.914421,Taborstraße U,24,398728
2026-01-23T04:39:19.914421,WU-Campus / Südportalstraße ,10,345169
2026-01-23T04:39:19.914421,WU-Campus / Südportalstraße ,10,345056
2026-01-23T04:39:19.914421,WU-Campus / Südportalstraße ,10,346992
2026-01-23T04:39:19.914421,WU-Campus / Südportalstraße ,10,347393
2026-01-23T04:39:19.914421,WU-Campus / Südportalstraße ,10,347769
2026-01-23T04:39:19.914421,WU-Campus / Südportalstraße ,10,347609
2026-01-23T04:39:19.914421,WU-Campus / Südportalstraße ,10,348445
2026-01-23T04:39:19.914421,WU-Campus / Südportalstraße ,10,348152
2026-01-23T04:39:19.914421,WU-Campus / Südportalstraße ,10,348066
2026-01-23T04:39:19.914421,WU-Campus / Südportalstraße ,10,348556
2026-01-23T04:39:19.914421,Erdberg U,29,345421
2026-01-23T04:39:19.914421,Erdberg U,29,345284
2026-01-23T04:39:19.914421,Erdberg U,29,345248
2026-01-23T04:39:19.914421,Erdberg U,29,345149
2026-01-23T04:39:19.914421,Erdberg U,29,345856
2026-01-23T04:39:19.914421,Erdberg U,29,345779
2026-01-23T04:39:19.914421,Erdberg U,29,346416
2026-01-23T04:39:19.914421,Erdberg U,29,346218
2026-01-23T04:39:19.914421,Erdberg U,29,346098
2026-01-23T04:39:19.914421,Erdberg U,29,346982
2026-01-23T04:39:19.914421,Erdberg U,29,346651
2026-01-23T04:39:19.914421,Erdberg U,29,346612
2026-01-23T04:39:19.914421,Erdberg U,29,347210
2026-01-23T04:39:19.914421,Erdberg U,29,347188
2026-01-23T04:39:19.914421,Erdberg U,29,347030
2026-01-23T04:39:19.914421,Erdberg U,29,347982
2026-01-23T04:39:19.914421,Erdberg U,29,347710
2026-01-23T04:39:19.914421,Erdberg U,29,347659
2026-01-23T04:39:19.914421,Erdberg U,29,348230
2026-01-23T04:39:19.914421,Erdberg U,29,348195
2026-01-23T04:39:19.914421,Erdberg U,29,348127
2026-01-23T04:39:19.914421,Erdberg U,29,348708
2026-01-23T04:39:19.914421,Erdberg U,29,348560
2026-01-23T04:39:19.914421,Erdberg U,29,348543
2026-01-23T04:39:19.914421,Erdberg U,29,398782
2026-01-23T04:39:19.914421,Erdberg U,29,349069
2026-01-23T04:39:19.914421,Erdberg U,29,348942
2026-01-23T04:39:19.914421,Erdberg U,29,348850
2026-01-23T04:39:19.914421,Erdberg U,29,348825
2026-01-23T04:39:19.914421,Media Quarter Marx,15,346272
2026-01-23T04:39:19.914421,Media Quarter Marx,15,346264
2026-01-23T04:39:19.914421,Media Quarter Marx,15,346215
2026-01-23T04:39:19.914421,Media Quarter Marx,15,346577
2026-01-23T04:39:19.914421,Media Quarter Marx,15,347380
2026-01-23T04:39:19.914421,Media Quarter Marx,15,347168
2026-01-23T04:39:19.914421,Media Quarter Marx,15,347135
2026-01-23T04:39:19.914421,Media Quarter Marx,15,347116
2026-01-23T04:39:19.914421,Media Quarter Marx,15,347756
2026-01-23T04:39:19.914421,Media Quarter Marx,15,348426
2026-01-23T04:39:19.914421,Media Quarter Marx,15,348594
2026-01-23T04:39:19.914421,Media Quarter Marx,15,348569
2026-01-23T04:39:19.914421,Media Quarter Marx,15,398849
2026-01-23T04:39:19.914421,Media Quarter Marx,15,398810
2026-01-23T04:39:19.914421,Media Quarter Marx,15,398775
2026-01-23T04:39:19.914421,Rennweg S,5,346126
2026-01-23T04:39:19.914421,Rennweg S,5,347996
2026-01-23T04:39:19.914421,Rennweg S,5,348484
2026-01-23T04:39:19.914421,Rennweg S,5,348928
2026-01-23T04:39:19.914421,Rennweg S,5,348891
2026-01-23T04:39:19.914421,Rochusmarkt,8,345482
2026-01-23T04:39:19.914421,Rochusmarkt,8,345036
2026-01-23T04:39:19.914421,Rochusmarkt,8,346990
2026-01-23T04:39:19.914421,Rochusmarkt,8,346607
2026-01-23T04:39:19.914421,Rochusmarkt,8,347867
2026-01-23T04:39:19.914421,Rochusmarkt,8,398824
2026-01-23T04:39:19.914421,Rochusmarkt,8,349101
2026-01-23T04:39:19.914421,Rochusmarkt,8,348981
2026-01-23T04:39:19.914421,Schwarzenbergplatz,21,345458
2026-01-23T04:39:19.914421,Schwarzenbergplatz,21,345154
2026-01-23T04:39:19.914421,Schwarzenbergplatz,21,345670
2026-01-23T04:39:19.914421,Schwarzenbergplatz,21,346242
2026-01-23T04:39:19.914421,Schwarzenbergplatz,21,346174
2026-01-23T04:39:19.914421,Schwarzenbergplatz,21,346151
2026-01-23T04:39:19.914421,Schwarzenbergplatz,21,346701
2026-01-23T04:39:19.914421,Schwarzenbergplatz,21,346580
2026-01-23T04:39:19.914421,Schwarzenbergplatz,21,346578
2026-01-23T04:39:19.914421,Schwarzenbergplatz,21,346528
2026-01-23T04:39:19.914421,Schwarzenbergplatz,21,347416
2026-01-23T04:39:19.914421,Schwarzenbergplatz,21,347360
2026-01-23T04:39:19.914421,Schwarzenbergplatz,21,347167
2026-01-23T04:39:19.914421,Schwarzenbergplatz,21,347938
2026-01-23T04:39:19.914421,Schwarzenbergplatz,21,347677
2026-01-23T04:39:19.914421,Schwarzenbergplatz,21,347633
2026-01-23T04:39:19.914421,Schwarzenbergplatz,21,347581
2026-01-23T04:39:19.914421,Schwarzenbergplatz,21,347571
2026-01-23T04:39:19.914421,Schwarzenbergplatz,21,348471
2026-01-23T04:39:19.914421,Schwarzenbergplatz,21,348572
2026-01-23T04:39:19.914421,Schwarzenbergplatz,21,398857
2026-01-23T04:39:19.914421,Heumühlgasse,20,345444
2026-01-23T04:39:19.914421,Heumühlgasse,20,345272
2026-01-23T04:39:19.914421,Heumühlgasse,20,345953
2026-01-23T04:39:19.914421,Heumühlgasse,20,346332
2026-01-23T04:39:19.914421,Heumühlgasse,20,346275
2026-01-23T04:39:19.914421,Heumühlgasse,20,346146
2026-01-23T04:39:19.914421,Heumühlgasse,20,346637
2026-01-23T04:39:19.914421,Heumühlgasse,20,347356
2026-01-23T04:39:19.914421,Heumühlgasse,20,347212
2026-01-23T04:39:19.914421,Heumühlgasse,20,347165
2026-01-23T04:39:19.914421,Heumühlgasse,20,347119
2026-01-23T04:39:19.914421,Heumühlgasse,20,347975
2026-01-23T04:39:19.914421,Heumühlgasse,20,347683
2026-01-23T04:39:19.914421,Heumühlgasse,20,347546
2026-01-23T04:39:19.914421,Heumühlgasse,20,347501
2026-01-23T04:39:19.914421,Heumühlgasse,20,347500
2026-01-23T04:39:19.914421,Heumühlgasse,20,348403
2026-01-23T04:39:19.914421,Heumühlgasse,20,348113
2026-01-23T04:39:19.914421,Heumühlgasse,20,348667
2026-01-23T04:39:19.914421,Heumühlgasse,20,349047
2026-01-23T04:39:19.914421,Margaretengürtel U,14,345409
2026-01-23T04:39:19.914421,Margaretengürtel U,14,345165
2026-01-23T04:39:19.914421,Margaretengürtel U,14,345740
2026-01-23T04:39:19.914421,Margaretengürtel U,14,345682
2026-01-23T04:39:19.914421,Margaretengürtel U,14,345572
2026-01-23T04:39:19.914421,Margaretengürtel U,14,346260
2026-01-23T04:39:19.914421,Margaretengürtel U,14,346213
2026-01-23T04:39:19.914421,Margaretengürtel U,14,346648
2026-01-23T04:39:19.914421,Margaretengürtel U,14,346541
2026-01-23T04:39:19.914421,Margaretengürtel U,14,346535
2026-01-23T04:39:19.914421,Margaretengürtel U,14,348088
2026-01-23T04:39:19.914421,Margaretengürtel U,14,348664
2026-01-23T04:39:19.914421,Margaretengürtel U,14,398814
2026-01-23T04:39:19.914421,Margaretengürtel U,14,398811
2026-01-23T04:39:19.914421,Mittersteig,17,345300
2026-01-23T04:39:19.914421,Mittersteig,17,345098
2026-01-23T04:39:19.914421,Mittersteig,17,345055
2026-01-23T04:39:19.914421,Mittersteig,17,345806
2026-01-23T04:39:19.914421,Mittersteig,17,345691
2026-01-23T04:39:19.914421,Mittersteig,17,345604
2026-01-23T04:39:19.914421,Mittersteig,17,345582
2026-01-23T04:39:19.914421,Mittersteig,17,346360
2026-01-23T04:39:19.914421,Mittersteig,17,346355
2026-01-23T04:39:19.914421,Mittersteig,17,346230
2026-01-23T04:39:19.914421,Mittersteig,17,346898
2026-01-23T04:39:19.914421,Mittersteig,17,347820
2026-01-23T04:39:19.914421,Mittersteig,17,347708
2026-01-23T04:39:19.914421,Mittersteig,17,347558
2026-01-23T04:39:19.914421,Mittersteig,17,348325
2026-01-23T04:39:19.914421,Mittersteig,17,348165
2026-01-23T04:39:19.914421,Mittersteig,17,348147
2026-01-23T04:39:19.914421,Ceija-Stojka-Platz,9,345930
2026-01-23T04:39:19.914421,Ceija-Stojka-Platz,9,345537
2026-01-23T04:39:19.914421,Ceija-Stojka-Platz,9,346785
2026-01-23T04:39:19.914421,Ceija-Stojka-Platz,9,347331
2026-01-23T04:39:19.914421,Ceija-Stojka-Platz,9,347734
2026-01-23T04:39:19.914421,Ceija-Stojka-Platz,9,348151
2026-01-23T04:39:19.914421,Ceija-Stojka-Platz,9,348093
2026-01-23T04:39:19.914421,Ceija-Stojka-Platz,9,349032
2026-01-23T04:39:19.914421,Ceija-Stojka-Platz,9,349161
2026-01-23T04:39:19.914421,Volkstheater U,24,345463
2026-01-23T04:39:19.914421,Volkstheater U,24,345461
2026-01-23T04:39:19.914421,Volkstheater U,24,345135
2026-01-23T04:39:19.914421,Volkstheater U,24,345838
2026-01-23T04:39:19.914421,Volkstheater U,24,345686
2026-01-23T04:39:19.914421,Volkstheater U,24,345684
2026-01-23T04:39:19.914421,Volkstheater U,24,345600
2026-01-23T04:39:19.914421,Volkstheater U,24,346307
2026-01-23T04:39:19.914421,Volkstheater U,24,346290
2026-01-23T04:39:19.914421,Volkstheater U,24,346536
2026-01-23T04:39:19.914421,Volkstheater U,24,346533
2026-01-23T04:39:19.914421,Volkstheater U,24,347241
2026-01-23T04:39:19.914421,Volkstheater U,24,347207
2026-01-23T04:39:19.914421,Volkstheater U,24,347203
2026-01-23T04:39:19.914421,Volkstheater U,24,347163
2026-01-23T04:39:19.914421,Volkstheater U,24,347992
2026-01-23T04:39:19.914421,Volkstheater U,24,347965
2026-01-23T04:39:19.914421,Volkstheater U,24,347562
2026-01-23T04:39:19.914421,Volkstheater U,24,348270
2026-01-23T04:39:19.914421,Volkstheater U,24,348155
2026-01-23T04:39:19.914421,Volkstheater U,24,348603
2026-01-23T04:39:19.914421,Volkstheater U,24,348595
2026-01-23T04:39:19.914421,Volkstheater U,24,348538
2026-01-23T04:39:19.914421,Volkstheater U,24,349149
2026-01-23T04:39:19.914421,Zieglergasse U,17,345998
2026-01-23T04:39:19.914421,Zieglergasse U,17,345727
2026-01-23T04:39:19.914421,Zieglergasse U,17,346396
2026-01-23T04:39:19.914421,Zieglergasse U,17,346383
2026-01-23T04:39:19.914421,Zieglergasse U,17,346201
2026-01-23T04:39:19.914421,Zieglergasse U,17,346825
2026-01-23T04:39:19.914421,Zieglergasse U,17,346820
2026-01-23T04:39:19.914421,Zieglergasse U,17,346650
2026-01-23T04:39:19.914421,Zieglergasse U,17,346568
2026-01-23T04:39:19.914421,Zieglergasse U,17,347373
2026-01-23T04:39:19.914421,Zieglergasse U,17,347159
2026-01-23T04:39:19.914421,Zieglergasse U,17,347003
2026-01-23T04:39:19.914421,Zieglergasse U,17,347847
2026-01-23T04:39:19.914421,Zieglergasse U,17,348293
2026-01-23T04:39:19.914421,Zieglergasse U,17,348283
2026-01-23T04:39:19.914421,Zieglergasse U,17,348582
2026-01-23T04:39:19.914421,Zieglergasse U,17,348840
2026-01-23T04:39:19.914421,Oskar-Morgenstern-Platz,13,345029
2026-01-23T04:39:19.914421,Oskar-Morgenstern-Platz,13,345920
2026-01-23T04:39:19.914421,Oskar-Morgenstern-Platz,13,345576
2026-01-23T04:39:19.914421,Oskar-Morgenstern-Platz,13,346691
2026-01-23T04:39:19.914421,Oskar-Morgenstern-Platz,13,346590
2026-01-23T04:39:19.914421,Oskar-Morgenstern-Platz,13,347288
2026-01-23T04:39:19.914421,Oskar-Morgenstern-Platz,13,347174
2026-01-23T04:39:19.914421,Oskar-Morgenstern-Platz,13,347881
2026-01-23T04:39:19.914421,Oskar-Morgenstern-Platz,13,347843
2026-01-23T04:39:19.914421,Oskar-Morgenstern-Platz,13,347798
2026-01-23T04:39:19.914421,Oskar-Morgenstern-Platz,13,348568
2026-01-23T04:39:19.914421,Oskar-Morgenstern-Platz,13,398841
2026-01-23T04:39:19.914421,Oskar-Morgenstern-Platz,13,348844
2026-01-23T04:39:19.914421,Frankhplatz,15,345264
2026-01-23T04:39:19.914421,Frankhplatz,15,345037
2026-01-23T04:39:19.914421,Frankhplatz,15,345983
2026-01-23T04:39:19.914421,Frankhplatz,15,346292
2026-01-23T04:39:19.914421,Frankhplatz,15,346663
2026-01-23T04:39:19.914421,Frankhplatz,15,347428
2026-01-23T04:39:19.914421,Frankhplatz,15,347388
2026-01-23T04:39:19.914421,Frankhplatz,15,347320
2026-01-23T04:39:19.914421,Frankhplatz,15,347296
2026-01-23T04:39:19.914421,Frankhplatz,15,347070
2026-01-23T04:39:19.914421,Frankhplatz,15,347067
2026-01-23T04:39:19.914421,Frankhplatz,15,347021
2026-01-23T04:39:19.914421,Frankhplatz,15,347628
2026-01-23T04:39:19.914421,Frankhplatz,15,347626
2026-01-23T04:39:19.914421,Frankhplatz,15,348059
2026-01-23T04:39:19.914421,Friedensbrücke U,10,345459
2026-01-23T04:39:19.914421,Friedensbrücke U,10,345304
2026-01-23T04:39:19.914421,Friedensbrücke U,10,346335
2026-01-23T04:39:19.914421,Friedensbrücke U,10,346265
2026-01-23T04:39:19.914421,Friedensbrücke U,10,346195
2026-01-23T04:39:19.914421,Friedensbrücke U,10,346090
2026-01-23T04:39:19.914421,Friedensbrücke U,10,346949
2026-01-23T04:39:19.914421,Friedensbrücke U,10,346896
2026-01-23T04:39:19.914421,Friedensbrücke U,10,346857
2026-01-23T04:39:19.914421,Friedensbrücke U,10,347379
2026-01-23T04:39:19.914421,Spittelau S U,13,345855
2026-01-23T04:39:19.914421,Spittelau S U,13,345726
2026-01-23T04:39:19.914421,Spittelau S U,13,346450
2026-01-23T04:39:19.914421,Spittelau S U,13,346065
2026-01-23T04:39:19.914421,Spittelau S U,13,346917
2026-01-23T04:39:19.914421,Spittelau S U,13,346832
2026-01-23T04:39:19.914421,Spittelau S U,13,346793
2026-01-23T04:39:19.914421,Spittelau S U,13,347100
2026-01-23T04:39:19.914421,Spittelau S U,13,347824
2026-01-23T04:39:19.914421,Spittelau S U,13,347771
2026-01-23T04:39:19.914421,Spittelau S U,13,348453
2026-01-23T04:39:19.914421,Spittelau S U,13,348021
2026-01-23T04:39:19.914421,Spittelau S U,13,348586
2026-01-23T04:39:19.914421,Absbergbrücke ,26,345270
2026-01-23T04:39:19.914421,Absbergbrücke ,26,345076
2026-01-23T04:39:19.914421,Absbergbrücke ,26,345987
2026-01-23T04:39:19.914421,Absbergbrücke ,26,345967
2026-01-23T04:39:19.914421,Absbergbrücke ,26,345861
2026-01-23T04:39:19.914421,Absbergbrücke ,26,345696
2026-01-23T04:39:19.914421,Absbergbrücke ,26,345639
2026-01-23T04:39:19.914421,Absbergbrücke ,26,346368
2026-01-23T04:39:19.914421,Absbergbrücke ,26,346270
2026-01-23T04:39:19.914421,Absbergbrücke ,26,346970
2026-01-23T04:39:19.914421,Absbergbrücke ,26,346945
2026-01-23T04:39:19.914421,Absbergbrücke ,26,346904
2026-01-23T04:39:19.914421,Absbergbrücke ,26,347094
2026-01-23T04:39:19.914421,Absbergbrücke ,26,347793
2026-01-23T04:39:19.914421,Absbergbrücke ,26,347590
2026-01-23T04:39:19.914421,Absbergbrücke ,26,348159
2026-01-23T04:39:19.914421,Absbergbrücke ,26,348620
2026-01-23T04:39:19.914421,Absbergbrücke ,26,348558
2026-01-23T04:39:19.914421,Absbergbrücke ,26,348521
2026-01-23T04:39:19.914421,Absbergbrücke ,26,349105
2026-01-23T04:39:19.914421,Absbergbrücke ,26,349018
2026-01-23T04:39:19.914421,Absbergbrücke ,26,348896
2026-01-23T04:39:19.914421,Absbergbrücke ,26,348886
2026-01-23T04:39:19.914421,Absbergbrücke ,26,348841
2026-01-23T04:39:19.914421,Absbergbrücke ,26,349157
2026-01-23T04:39:19.914421,Absbergbrücke ,26,349121
2026-01-23T04:39:19.914421,Altes Landgut U,23,345427
2026-01-23T04:39:19.914421,Altes Landgut U,23,345426
2026-01-23T04:39:19.914421,Altes Landgut U,23,345147
2026-01-23T04:39:19.914421,Altes Landgut U,23,345916
2026-01-23T04:39:19.914421,Altes Landgut U,23,345749
2026-01-23T04:39:19.914421,Altes Landgut U,23,346467
2026-01-23T04:39:19.914421,Altes Landgut U,23,346464
2026-01-23T04:39:19.914421,Altes Landgut U,23,346185
2026-01-23T04:39:19.914421,Altes Landgut U,23,346102
2026-01-23T04:39:19.914421,Altes Landgut U,23,346993
2026-01-23T04:39:19.914421,Altes Landgut U,23,346812
2026-01-23T04:39:19.914421,Altes Landgut U,23,346522
2026-01-23T04:39:19.914421,Altes Landgut U,23,347383
2026-01-23T04:39:19.914421,Altes Landgut U,23,347156
2026-01-23T04:39:19.914421,Altes Landgut U,23,347946
2026-01-23T04:39:19.914421,Altes Landgut U,23,347643
2026-01-23T04:39:19.914421,Altes Landgut U,23,347555
2026-01-23T04:39:19.914421,Altes Landgut U,23,348326
2026-01-23T04:39:19.914421,Altes Landgut U,23,348221
2026-01-23T04:39:19.914421,Altes Landgut U,23,348209
2026-01-23T04:39:19.914421,Altes Landgut U,23,348150
2026-01-23T04:39:19.914421,Altes Landgut U,23,348087
2026-01-23T04:39:19.914421,Altes Landgut U,23,348070
2026-01-23T04:39:19.914421,Bloch-Bauer-Promenade,4,346113
2026-01-23T04:39:19.914421,Bloch-Bauer-Promenade,4,347834
2026-01-23T04:39:19.914421,Bloch-Bauer-Promenade,4,348055
2026-01-23T04:39:19.914421,Bloch-Bauer-Promenade,4,348522
2026-01-23T04:39:19.914421,Hauptbahnhof S U ,29,345440
2026-01-23T04:39:19.914421,Hauptbahnhof S U ,29,345389
2026-01-23T04:39:19.914421,Hauptbahnhof S U ,29,345232
2026-01-23T04:39:19.914421,Hauptbahnhof S U ,29,345181
2026-01-23T04:39:19.914421,Hauptbahnhof S U ,29,345085
2026-01-23T04:39:19.914421,Hauptbahnhof S U ,29,345064
2026-01-23T04:39:19.914421,Hauptbahnhof S U ,29,345936
2026-01-23T04:39:19.914421,Hauptbahnhof S U ,29,345931
2026-01-23T04:39:19.914421,Hauptbahnhof S U ,29,345725
2026-01-23T04:39:19.914421,Hauptbahnhof S U ,29,345649
2026-01-23T04:39:19.914421,Hauptbahnhof S U ,29,346323
2026-01-23T04:39:19.914421,Hauptbahnhof S U ,29,346052
2026-01-23T04:39:19.914421,Hauptbahnhof S U ,29,347404
2026-01-23T04:39:19.914421,Hauptbahnhof S U ,29,347215
2026-01-23T04:39:19.914421,Hauptbahnhof S U ,29,347211
2026-01-23T04:39:19.914421,Hauptbahnhof S U ,29,347766
2026-01-23T04:39:19.914421,Hauptbahnhof S U ,29,348074
2026-01-23T04:39:19.914421,Hauptbahnhof S U ,29,348024
2026-01-23T04:39:19.914421,Hauptbahnhof S U ,29,348520
2026-01-23T04:39:19.914421,Hauptbahnhof S U ,29,398829
2026-01-23T04:39:19.914421,Hauptbahnhof S U ,29,349089
2026-01-23T04:39:19.914421,Hauptbahnhof S U ,29,349079
2026-01-23T04:39:19.914421,Hauptbahnhof S U ,29,348917
2026-01-23T04:39:19.914421,Hauptbahnhof S U ,29,348868
2026-01-23T04:39:19.914421,Hauptbahnhof S U ,29,348862
2026-01-23T04:39:19.914421,Hauptbahnhof S U ,29,348855
2026-01-23T04:39:19.914421,Hauptbahnhof S U ,29,348816
2026-01-23T04:39:19.914421,Hauptbahnhof S U ,29,348810
2026-01-23T04:39:19.914421,Hauptbahnhof S U ,29,349155
2026-01-23T04:39:19.914421,Keplerplatz U,7,345388
2026-01-23T04:39:19.914421,Keplerplatz U,7,345258
2026-01-23T04:39:19.914421,Keplerplatz U,7,345137
2026-01-23T04:39:19.914421,Keplerplatz U,7,345650
2026-01-23T04:39:19.914421,Keplerplatz U,7,346448
2026-01-23T04:39:19.914421,Keplerplatz U,7,348232
2026-01-23T04:39:19.914421,Keplerplatz U,7,348802
2026-01-23T04:39:19.914421,Puchsbaumgasse,7,345367
2026-01-23T04:39:19.914421,Puchsbaumgasse,7,345213
2026-01-23T04:39:19.914421,Puchsbaumgasse,7,345061
2026-01-23T04:39:19.914421,Puchsbaumgasse,7,346253
2026-01-23T04:39:19.914421,Puchsbaumgasse,7,346716
2026-01-23T04:39:19.914421,Puchsbaumgasse,7,348345
2026-01-23T04:39:19.914421,Puchsbaumgasse,7,349095
2026-01-23T04:39:19.914421,Enkplatz U,10,345175
2026-01-23T04:39:19.914421,Enkplatz U,10,345676
2026-01-23T04:39:19.914421,Enkplatz U,10,345524
2026-01-23T04:39:19.914421,Enkplatz U,10,346978
2026-01-23T04:39:19.914421,Enkplatz U,10,346836
2026-01-23T04:39:19.914421,Enkplatz U,10,347488
2026-01-23T04:39:19.914421,Enkplatz U,10,347375
2026-01-23T04:39:19.914421,Enkplatz U,10,347519
2026-01-23T04:39:19.914421,Enkplatz U,10,348707
2026-01-23T04:39:19.914421,Enkplatz U,10,348653
2026-01-23T04:39:19.914421,Gasometer U,26,346392
2026-01-23T04:39:19.914421,Gasometer U,26,346177
2026-01-23T04:39:19.914421,Gasometer U,26,346068
2026-01-23T04:39:19.914421,Gasometer U,26,346056
2026-01-23T04:39:19.914421,Gasometer U,26,346002
2026-01-23T04:39:19.914421,Gasometer U,26,346700
2026-01-23T04:39:19.914421,Gasometer U,26,346588
2026-01-23T04:39:19.914421,Gasometer U,26,346553
2026-01-23T04:39:19.914421,Gasometer U,26,346530
2026-01-23T04:39:19.914421,Gasometer U,26,346516
2026-01-23T04:39:19.914421,Gasometer U,26,346506
2026-01-23T04:39:19.914421,Gasometer U,26,347408
2026-01-23T04:39:19.914421,Gasometer U,26,347397
2026-01-23T04:39:19.914421,Gasometer U,26,347227
2026-01-23T04:39:19.914421,Gasometer U,26,347668
2026-01-23T04:39:19.914421,Gasometer U,26,347556
2026-01-23T04:39:19.914421,Gasometer U,26,347525
2026-01-23T04:39:19.914421,Gasometer U,26,348487
2026-01-23T04:39:19.914421,Gasometer U,26,348469
2026-01-23T04:39:19.914421,Gasometer U,26,348374
2026-01-23T04:39:19.914421,Gasometer U,26,348000
2026-01-23T04:39:19.914421,Gasometer U,26,348706
2026-01-23T04:39:19.914421,Gasometer U,26,348705
2026-01-23T04:39:19.914421,Gasometer U,26,348638
2026-01-23T04:39:19.914421,Gasometer U,26,348605
2026-01-23T04:39:19.914421,Gasometer U,26,398771
2026-01-23T04:39:19.914421,Geiselbergstraße S,8,345476
2026-01-23T04:39:19.914421,Geiselbergstraße S,8,345935
2026-01-23T04:39:19.914421,Geiselbergstraße S,8,345743
2026-01-23T04:39:19.914421,Geiselbergstraße S,8,346164
2026-01-23T04:39:19.914421,Geiselbergstraße S,8,346573
2026-01-23T04:39:19.914421,Geiselbergstraße S,8,347256
2026-01-23T04:39:19.914421,Geiselbergstraße S,8,347148
2026-01-23T04:39:19.914421,Geiselbergstraße S,8,348516
2026-01-23T04:39:19.914421,Simmering S U,9,346394
2026-01-23T04:39:19.914421,Simmering S U,9,346284
2026-01-23T04:39:19.914421,Simmering S U,9,346148
2026-01-23T04:39:19.914421,Simmering S U,9,346988
2026-01-23T04:39:19.914421,Simmering S U,9,347339
2026-01-23T04:39:19.914421,Simmering S U,9,347040
2026-01-23T04:39:19.914421,Simmering S U,9,348656
2026-01-23T04:39:19.914421,Simmering S U,9,348601
2026-01-23T04:39:19.914421,Simmering S U,9,348570
2026-01-23T04:39:19.914421,Niederhofstraße U,5,345282
2026-01-23T04:39:19.914421,Niederhofstraße U,5,345515
2026-01-23T04:39:19.914421,Niederhofstraße U,5,347995
2026-01-23T04:39:19.914421,Niederhofstraße U,5,348328
2026-01-23T04:39:19.914421,Niederhofstraße U,5,398743
2026-01-23T04:39:19.914421,Hietzing U,30,345490
2026-01-23T04:39:19.914421,Hietzing U,30,345443
2026-01-23T04:39:19.914421,Hietzing U,30,345194
2026-01-23T04:39:19.914421,Hietzing U,30,345836
2026-01-23T04:39:19.914421,Hietzing U,30,345632
2026-01-23T04:39:19.914421,Hietzing U,30,345578
2026-01-23T04:39:19.914421,Hietzing U,30,346350
2026-01-23T04:39:19.914421,Hietzing U,30,346314
2026-01-23T04:39:19.914421,Hietzing U,30,346280
2026-01-23T04:39:19.914421,Hietzing U,30,346187
2026-01-23T04:39:19.914421,Hietzing U,30,346060
2026-01-23T04:39:19.914421,Hietzing U,30,346045
2026-01-23T04:39:19.914421,Hietzing U,30,346983
2026-01-23T04:39:19.914421,Hietzing U,30,346902
2026-01-23T04:39:19.914421,Hietzing U,30,346774
2026-01-23T04:39:19.914421,Hietzing U,30,346679
2026-01-23T04:39:19.914421,Hietzing U,30,347059
2026-01-23T04:39:19.914421,Hietzing U,30,347898
2026-01-23T04:39:19.914421,Hietzing U,30,347892
2026-01-23T04:39:19.914421,Hietzing U,30,347888
2026-01-23T04:39:19.914421,Hietzing U,30,347825
2026-01-23T04:39:19.914421,Hietzing U,30,347789
2026-01-23T04:39:19.914421,Hietzing U,30,347560
2026-01-23T04:39:19.914421,Hietzing U,30,348466
2026-01-23T04:39:19.914421,Hietzing U,30,348417
2026-01-23T04:39:19.914421,Hietzing U,30,348281
2026-01-23T04:39:19.914421,Hietzing U,30,348575
2026-01-23T04:39:19.914421,Hietzing U,30,398831
2026-01-23T04:39:19.914421,Hietzing U,30,398744
2026-01-23T04:39:19.914421,Hietzing U,30,348987
2026-01-23T04:39:19.914421,Westbahnhof S U,30,345243
2026-01-23T04:39:19.914421,Westbahnhof S U,30,345159
2026-01-23T04:39:19.914421,Westbahnhof S U,30,345119
2026-01-23T04:39:19.914421,Westbahnhof S U,30,345833
2026-01-23T04:39:19.914421,Westbahnhof S U,30,345822
2026-01-23T04:39:19.914421,Westbahnhof S U,30,345645
2026-01-23T04:39:19.914421,Westbahnhof S U,30,345630
2026-01-23T04:39:19.914421,Westbahnhof S U,30,345577
2026-01-23T04:39:19.914421,Westbahnhof S U,30,345523
2026-01-23T04:39:19.914421,Westbahnhof S U,30,346375
2026-01-23T04:39:19.914421,Westbahnhof S U,30,346209
2026-01-23T04:39:19.914421,Westbahnhof S U,30,346077
2026-01-23T04:39:19.914421,Westbahnhof S U,30,346024
2026-01-23T04:39:19.914421,Westbahnhof S U,30,346015
2026-01-23T04:39:19.914421,Westbahnhof S U,30,346865
2026-01-23T04:39:19.914421,Westbahnhof S U,30,346646
2026-01-23T04:39:19.914421,Westbahnhof S U,30,346566
2026-01-23T04:39:19.914421,Westbahnhof S U,30,347405
2026-01-23T04:39:19.914421,Westbahnhof S U,30,347664
2026-01-23T04:39:19.914421,Westbahnhof S U,30,348406
2026-01-23T04:39:19.914421,Westbahnhof S U,30,348385
2026-01-23T04:39:19.914421,Westbahnhof S U,30,348384
2026-01-23T04:39:19.914421,Westbahnhof S U,30,348333
2026-01-23T04:39:19.914421,Westbahnhof S U,30,348272
2026-01-23T04:39:19.914421,Westbahnhof S U,30,348134
2026-01-23T04:39:19.914421,Westbahnhof S U,30,348131
2026-01-23T04:39:19.914421,Westbahnhof S U,30,348110
2026-01-23T04:39:19.914421,Westbahnhof S U,30,348551
2026-01-23T04:39:19.914421,Westbahnhof S U,30,348540
2026-01-23T04:39:19.914421,Westbahnhof S U,30,348881
2026-01-23T04:39:19.914421,Richard-Wagner-Platz,34,345480
2026-01-23T04:39:19.914421,Richard-Wagner-Platz,34,345407
2026-01-23T04:39:19.914421,Richard-Wagner-Platz,34,345398
2026-01-23T04:39:19.914421,Richard-Wagner-Platz,34,345230
2026-01-23T04:39:19.914421,Richard-Wagner-Platz,34,345129
2026-01-23T04:39:19.914421,Richard-Wagner-Platz,34,345124
2026-01-23T04:39:19.914421,Richard-Wagner-Platz,34,345093
2026-01-23T04:39:19.914421,Richard-Wagner-Platz,34,345016
2026-01-23T04:39:19.914421,Richard-Wagner-Platz,34,345913
2026-01-23T04:39:19.914421,Richard-Wagner-Platz,34,345722
2026-01-23T04:39:19.914421,Richard-Wagner-Platz,34,346376
2026-01-23T04:39:19.914421,Richard-Wagner-Platz,34,346034
2026-01-23T04:39:19.914421,Richard-Wagner-Platz,34,346721
2026-01-23T04:39:19.914421,Richard-Wagner-Platz,34,346717
2026-01-23T04:39:19.914421,Richard-Wagner-Platz,34,346657
2026-01-23T04:39:19.914421,Richard-Wagner-Platz,34,346633
2026-01-23T04:39:19.914421,Richard-Wagner-Platz,34,346501
2026-01-23T04:39:19.914421,Richard-Wagner-Platz,34,347302
2026-01-23T04:39:19.914421,Richard-Wagner-Platz,34,347113
2026-01-23T04:39:19.914421,Richard-Wagner-Platz,34,347035
2026-01-23T04:39:19.914421,Richard-Wagner-Platz,34,347004
2026-01-23T04:39:19.914421,Richard-Wagner-Platz,34,347910
2026-01-23T04:39:19.914421,Richard-Wagner-Platz,34,347887
2026-01-23T04:39:19.914421,Richard-Wagner-Platz,34,347862
2026-01-23T04:39:19.914421,Richard-Wagner-Platz,34,347817
2026-01-23T04:39:19.914421,Richard-Wagner-Platz,34,347733
2026-01-23T04:39:19.914421,Richard-Wagner-Platz,34,347644
2026-01-23T04:39:19.914421,Richard-Wagner-Platz,34,348306
2026-01-23T04:39:19.914421,Richard-Wagner-Platz,34,348231
2026-01-23T04:39:19.914421,Richard-Wagner-Platz,34,348181
2026-01-23T04:39:19.914421,Richard-Wagner-Platz,34,348170
2026-01-23T04:39:19.914421,Richard-Wagner-Platz,34,348108
2026-01-23T04:39:19.914421,Richard-Wagner-Platz,34,348078
2026-01-23T04:39:19.914421,Richard-Wagner-Platz,34,348641
2026-01-23T04:39:19.914421,Alser Straße U,20,345383
2026-01-23T04:39:19.914421,Alser Straße U,20,345924
2026-01-23T04:39:19.914421,Alser Straße U,20,345662
2026-01-23T04:39:19.914421,Alser Straße U,20,345610
2026-01-23T04:39:19.914421,Alser Straße U,20,345593
2026-01-23T04:39:19.914421,Alser Straße U,20,345573
2026-01-23T04:39:19.914421,Alser Straße U,20,345543
2026-01-23T04:39:19.914421,Alser Straße U,20,346312
2026-01-23T04:39:19.914421,Alser Straße U,20,346181
2026-01-23T04:39:19.914421,Alser Straße U,20,346156
2026-01-23T04:39:19.914421,Alser Straße U,20,346947
2026-01-23T04:39:19.914421,Alser Straße U,20,346752
2026-01-23T04:39:19.914421,Alser Straße U,20,346561
2026-01-23T04:39:19.914421,Alser Straße U,20,347432
2026-01-23T04:39:19.914421,Alser Straße U,20,347311
2026-01-23T04:39:19.914421,Alser Straße U,20,347186
2026-01-23T04:39:19.914421,Alser Straße U,20,347507
2026-01-23T04:39:19.914421,Alser Straße U,20,348266
2026-01-23T04:39:19.914421,Alser Straße U,20,348203
2026-01-23T04:39:19.914421,Alser Straße U,20,348173
2026-01-23T04:39:19.914421,Währinger Straße U,22,345462
2026-01-23T04:39:19.914421,Währinger Straße U,22,345343
2026-01-23T04:39:19.914421,Währinger Straße U,22,345308
2026-01-23T04:39:19.914421,Währinger Straße U,22,345208
2026-01-23T04:39:19.914421,Währinger Straße U,22,345652
2026-01-23T04:39:19.914421,Währinger Straße U,22,345574
2026-01-23T04:39:19.914421,Währinger Straße U,22,346481
2026-01-23T04:39:19.914421,Währinger Straße U,22,346379
2026-01-23T04:39:19.914421,Währinger Straße U,22,346241
2026-01-23T04:39:19.914421,Währinger Straße U,22,346081
2026-01-23T04:39:19.914421,Währinger Straße U,22,346003
2026-01-23T04:39:19.914421,Währinger Straße U,22,346827
2026-01-23T04:39:19.914421,Währinger Straße U,22,347400
2026-01-23T04:39:19.914421,Währinger Straße U,22,347705
2026-01-23T04:39:19.914421,Währinger Straße U,22,347684
2026-01-23T04:39:19.914421,Währinger Straße U,22,347620
2026-01-23T04:39:19.914421,Währinger Straße U,22,348241
2026-01-23T04:39:19.914421,Währinger Straße U,22,348090
2026-01-23T04:39:19.914421,Währinger Straße U,22,348703
2026-01-23T04:39:19.914421,Währinger Straße U,22,348573
2026-01-23T04:39:19.914421,Währinger Straße U,22,349204
2026-01-23T04:39:19.914421,Währinger Straße U,22,349137
2026-01-23T04:39:19.914421,Hardtgasse,10,345868
2026-01-23T04:39:19.914421,Hardtgasse,10,345534
2026-01-23T04:39:19.914421,Hardtgasse,10,346381
2026-01-23T04:39:19.914421,Hardtgasse,10,346370
2026-01-23T04:39:19.914421,Hardtgasse,10,346084
2026-01-23T04:39:19.914421,Hardtgasse,10,346763
2026-01-23T04:39:19.914421,Hardtgasse,10,347265
2026-01-23T04:39:19.914421,Hardtgasse,10,347577
2026-01-23T04:39:19.914421,Hardtgasse,10,348514
2026-01-23T04:39:19.914421,Hardtgasse,10,398777
2026-01-23T04:39:19.914421,Handelskai S U,15,345356
2026-01-23T04:39:19.914421,Handelskai S U,15,345706
2026-01-23T04:39:19.914421,Handelskai S U,15,345656
2026-01-23T04:39:19.914421,Handelskai S U,15,345628
2026-01-23T04:39:19.914421,Handelskai S U,15,346155
2026-01-23T04:39:19.914421,Handelskai S U,15,346125
2026-01-23T04:39:19.914421,Handelskai S U,15,346925
2026-01-23T04:39:19.914421,Handelskai S U,15,346810
2026-01-23T04:39:19.914421,Handelskai S U,15,346662
2026-01-23T04:39:19.914421,Handelskai S U,15,347359
2026-01-23T04:39:19.914421,Handelskai S U,15,347977
2026-01-23T04:39:19.914421,Handelskai S U,15,347647
2026-01-23T04:39:19.914421,Handelskai S U,15,347543
2026-01-23T04:39:19.914421,Handelskai S U,15,347538
2026-01-23T04:39:19.914421,Handelskai S U,15,348296
2026-01-23T04:39:19.914421,Wallensteinplatz,20,345460
2026-01-23T04:39:19.914421,Wallensteinplatz,20,345436
2026-01-23T04:39:19.914421,Wallensteinplatz,20,345433
2026-01-23T04:39:19.914421,Wallensteinplatz,20,345393
2026-01-23T04:39:19.914421,Wallensteinplatz,20,345294
2026-01-23T04:39:19.914421,Wallensteinplatz,20,345205
2026-01-23T04:39:19.914421,Wallensteinplatz,20,345172
2026-01-23T04:39:19.914421,Wallensteinplatz,20,345964
2026-01-23T04:39:19.914421,Wallensteinplatz,20,345585
2026-01-23T04:39:19.914421,Wallensteinplatz,20,345514
2026-01-23T04:39:19.914421,Wallensteinplatz,20,346349
2026-01-23T04:39:19.914421,Wallensteinplatz,20,346934
2026-01-23T04:39:19.914421,Wallensteinplatz,20,346899
2026-01-23T04:39:19.914421,Wallensteinplatz,20,346643
2026-01-23T04:39:19.914421,Wallensteinplatz,20,346630
2026-01-23T04:39:19.914421,Wallensteinplatz,20,346557
2026-01-23T04:39:19.914421,Wallensteinplatz,20,347200
2026-01-23T04:39:19.914421,Wallensteinplatz,20,347955
2026-01-23T04:39:19.914421,Wallensteinplatz,20,348268
2026-01-23T04:39:19.914421,Wallensteinplatz,20,398737
2026-01-23T04:39:19.914421,Brünner Straße S,6,346845
2026-01-23T04:39:19.914421,Brünner Straße S,6,346828
2026-01-23T04:39:19.914421,Brünner Straße S,6,347286
2026-01-23T04:39:19.914421,Brünner Straße S,6,348700
2026-01-23T04:39:19.914421,Brünner Straße S,6,398832
2026-01-23T04:39:19.914421,Brünner Straße S,6,348985
2026-01-23T04:39:19.914421,Floridsdorf S U,5,345478
2026-01-23T04:39:19.914421,Floridsdorf S U,5,345759
2026-01-23T04:39:19.914421,Floridsdorf S U,5,348314
2026-01-23T04:39:19.914421,Floridsdorf S U,5,348197
2026-01-23T04:39:19.914421,Floridsdorf S U,5,349173
2026-01-23T04:39:19.914421,Großfeldsiedlung U,9,345997
2026-01-23T04:39:19.914421,Großfeldsiedlung U,9,345697
2026-01-23T04:39:19.914421,Großfeldsiedlung U,9,345509
2026-01-23T04:39:19.914421,Großfeldsiedlung U,9,347437
2026-01-23T04:39:19.914421,Großfeldsiedlung U,9,347332
2026-01-23T04:39:19.914421,Großfeldsiedlung U,9,348193
2026-01-23T04:39:19.914421,Großfeldsiedlung U,9,348614
2026-01-23T04:39:19.914421,Großfeldsiedlung U,9,349040
2026-01-23T04:39:19.914421,Großfeldsiedlung U,9,348947
2026-01-23T04:39:19.914421,Siemensstraße S,12,345366
2026-01-23T04:39:19.914421,Siemensstraße S,12,345288
2026-01-23T04:39:19.914421,Siemensstraße S,12,346296
2026-01-23T04:39:19.914421,Siemensstraße S,12,346276
2026-01-23T04:39:19.914421,Siemensstraße S,12,346708
2026-01-23T04:39:19.914421,Siemensstraße S,12,346690
2026-01-23T04:39:19.914421,Siemensstraße S,12,347277
2026-01-23T04:39:19.914421,Siemensstraße S,12,347005
2026-01-23T04:39:19.914421,Siemensstraße S,12,347816
2026-01-23T04:39:19.914421,Siemensstraße S,12,348026
2026-01-23T04:39:19.914421,Siemensstraße S,12,348016
2026-01-23T04:39:19.914421,Siemensstraße S,12,348598
2026-01-23T04:39:19.914421,Aspernstraße U,10,345451
2026-01-23T04:39:19.914421,Aspernstraße U,10,345022
2026-01-23T04:39:19.914421,Aspernstraße U,10,345019
2026-01-23T04:39:19.914421,Aspernstraße U,10,346498
2026-01-23T04:39:19.914421,Aspernstraße U,10,346745
2026-01-23T04:39:19.914421,Aspernstraße U,10,346740
2026-01-23T04:39:19.914421,Aspernstraße U,10,346545
2026-01-23T04:39:19.914421,Aspernstraße U,10,347463
2026-01-23T04:39:19.914421,Aspernstraße U,10,347939
2026-01-23T04:39:19.914421,Aspernstraße U,10,348259
2026-01-23T04:39:19.914421,Donauspital U,7,345280
2026-01-23T04:39:19.914421,Donauspital U,7,346946
2026-01-23T04:39:19.914421,Donauspital U,7,346788
2026-01-23T04:39:19.914421,Donauspital U,7,346694
2026-01-23T04:39:19.914421,Donauspital U,7,347243
2026-01-23T04:39:19.914421,Donauspital U,7,348904
2026-01-23T04:39:19.914421,Donauspital U,7,349177
2026-01-23T04:39:19.914421,Erzherzog-Karl-Straße S,11,346199
2026-01-23T04:39:19.914421,Erzherzog-Karl-Straße S,11,346986
2026-01-23T04:39:19.914421,Erzherzog-Karl-Straße S,11,346969
2026-01-23T04:39:19.914421,Erzherzog-Karl-Straße S,11,346791
2026-01-23T04:39:19.914421,Erzherzog-Karl-Straße S,11,347350
2026-01-23T04:39:19.914421,Erzherzog-Karl-Straße S,11,347134
2026-01-23T04:39:19.914421,Erzherzog-Karl-Straße S,11,347636
2026-01-23T04:39:19.914421,Erzherzog-Karl-Straße S,11,348056
2026-01-23T04:39:19.914421,Erzherzog-Karl-Straße S,11,348699
2026-01-23T04:39:19.914421,Erzherzog-Karl-Straße S,11,398733
2026-01-23T04:39:19.914421,Erzherzog-Karl-Straße S,11,349059
2026-01-23T04:39:19.914421,Hausfeldstraße S U,18,345167
2026-01-23T04:39:19.914421,Hausfeldstraße S U,18,346352
2026-01-23T04:39:19.914421,Hausfeldstraße S U,18,346351
2026-01-23T04:39:19.914421,Hausfeldstraße S U,18,346206
2026-01-23T04:39:19.914421,Hausfeldstraße S U,18,346747
2026-01-23T04:39:19.914421,Hausfeldstraße S U,18,346685
2026-01-23T04:39:19.914421,Hausfeldstraße S U,18,347465
2026-01-23T04:39:19.914421,Hausfeldstraße S U,18,347418
2026-01-23T04:39:19.914421,Hausfeldstraße S U,18,347182
2026-01-23T04:39:19.914421,Hausfeldstraße S U,18,347044
2026-01-23T04:39:19.914421,Hausfeldstraße S U,18,347905
2026-01-23T04:39:19.914421,Hausfeldstraße S U,18,347575
2026-01-23T04:39:19.914421,Hausfeldstraße S U,18,348372
2026-01-23T04:39:19.914421,Hausfeldstraße S U,18,348161
2026-01-23T04:39:19.914421,Hausfeldstraße S U,18,348037
2026-01-23T04:39:19.914421,Hausfeldstraße S U,18,348554
2026-01-23T04:39:19.914421,Hausfeldstraße S U,18,348550
2026-01-23T04:39:19.914421,Hausfeldstraße S U,18,398830
2026-01-23T04:39:19.914421,Kagran U,5,346546
2026-01-23T04:39:19.914421,Kagran U,5,346513
2026-01-23T04:39:19.914421,Kagran U,5,348204
2026-01-23T04:39:19.914421,Kagran U,5,348175
2026-01-23T04:39:19.914421,Kagran U,5,348914
2026-01-23T04:39:19.914421,Maria-Tusch-Straße,20,345206
2026-01-23T04:39:19.914421,Maria-Tusch-Straße,20,345919
2026-01-23T04:39:19.914421,Maria-Tusch-Straße,20,345817
2026-01-23T04:39:19.914421,Maria-Tusch-Straße,20,345568
2026-01-23T04:39:19.914421,Maria-Tusch-Straße,20,346491
2026-01-23T04:39:19.914421,Maria-Tusch-Straße,20,346331
2026-01-23T04:39:19.914421,Maria-Tusch-Straße,20,346238
2026-01-23T04:39:19.914421,Maria-Tusch-Straße,20,346232
2026-01-23T04:39:19.914421,Maria-Tusch-Straße,20,346120
2026-01-23T04:39:19.914421,Maria-Tusch-Straße,20,346822
2026-01-23T04:39:19.914421,Maria-Tusch-Straße,20,347399
2026-01-23T04:39:19.914421,Maria-Tusch-Straße,20,347161
2026-01-23T04:39:19.914421,Maria-Tusch-Straße,20,347715
2026-01-23T04:39:19.914421,Maria-Tusch-Straße,20,347623
2026-01-23T04:39:19.914421,Maria-Tusch-Straße,20,347553
2026-01-23T04:39:19.914421,Maria-Tusch-Straße,20,349054
2026-01-23T04:39:19.914421,Maria-Tusch-Straße,20,349015
2026-01-23T04:39:19.914421,Maria-Tusch-Straße,20,348993
2026-01-23T04:39:19.914421,Maria-Tusch-Straße,20,348847
2026-01-23T04:39:19.914421,Maria-Tusch-Straße,20,349186
2026-01-23T04:39:19.914421,Rennbahnweg U,9,345516
2026-01-23T04:39:19.914421,Rennbahnweg U,9,346178
2026-01-23T04:39:19.914421,Rennbahnweg U,9,346007
2026-01-23T04:39:19.914421,Rennbahnweg U,9,346515
2026-01-23T04:39:19.914421,Rennbahnweg U,9,347038
2026-01-23T04:39:19.914421,Rennbahnweg U,9,347716
2026-01-23T04:39:19.914421,Rennbahnweg U,9,348953
2026-01-23T04:39:19.914421,Rennbahnweg U,9,349200
2026-01-23T04:39:19.914421,Rennbahnweg U,9,349183
2026-01-23T04:39:19.914421,Schüttauplatz,2,346456
2026-01-23T04:39:19.914421,Schüttauplatz,2,347122
2026-01-23T04:39:19.914421,Stadlau U,17,345471
2026-01-23T04:39:19.914421,Stadlau U,17,345238
2026-01-23T04:39:19.914421,Stadlau U,17,345660
2026-01-23T04:39:19.914421,Stadlau U,17,345602
2026-01-23T04:39:19.914421,Stadlau U,17,345571
2026-01-23T04:39:19.914421,Stadlau U,17,345558
2026-01-23T04:39:19.914421,Stadlau U,17,346243
2026-01-23T04:39:19.914421,Stadlau U,17,346631
2026-01-23T04:39:19.914421,Stadlau U,17,346559
2026-01-23T04:39:19.914421,Stadlau U,17,347274
2026-01-23T04:39:19.914421,Stadlau U,17,347217
2026-01-23T04:39:19.914421,Stadlau U,17,347896
2026-01-23T04:39:19.914421,Stadlau U,17,347565
2026-01-23T04:39:19.914421,Stadlau U,17,347523
2026-01-23T04:39:19.914421,Stadlau U,17,348340
2026-01-23T04:39:19.914421,Stadlau U,17,348119
2026-01-23T04:39:19.914421,Stadlau U,17,348102
2026-01-23T04:39:19.914421,VIC Kaisermühlen U,3,345088
2026-01-23T04:39:19.914421,VIC Kaisermühlen U,3,347933
2026-01-23T04:39:19.914421,VIC Kaisermühlen U,3,349096
2026-01-23T04:39:19.914421,Kagraner Platz U,6,345765
2026-01-23T04:39:19.914421,Kagraner Platz U,6,346699
2026-01-23T04:39:19.914421,Kagraner Platz U,6,347158
2026-01-23T04:39:19.914421,Kagraner Platz U,6,347804
2026-01-23T04:39:19.914421,Kagraner Platz U,6,347521
2026-01-23T04:39:19.914421,Kagraner Platz U,6,348371
2026-01-23T04:39:19.914421,Alterlaa U,24,345313
2026-01-23T04:39:19.914421,Alterlaa U,24,345283
2026-01-23T04:39:19.914421,Alterlaa U,24,345278
2026-01-23T04:39:19.914421,Alterlaa U,24,345166
2026-01-23T04:39:19.914421,Alterlaa U,24,345500
2026-01-23T04:39:19.914421,Alterlaa U,24,346163
2026-01-23T04:39:19.914421,Alterlaa U,24,346144
2026-01-23T04:39:19.914421,Alterlaa U,24,346032
2026-01-23T04:39:19.914421,Alterlaa U,24,346981
2026-01-23T04:39:19.914421,Alterlaa U,24,346950
2026-01-23T04:39:19.914421,Alterlaa U,24,346655
2026-01-23T04:39:19.914421,Alterlaa U,24,346629
2026-01-23T04:39:19.914421,Alterlaa U,24,346595
2026-01-23T04:39:19.914421,Alterlaa U,24,347018
2026-01-23T04:39:19.914421,Alterlaa U,24,347849
2026-01-23T04:39:19.914421,Alterlaa U,24,348295
2026-01-23T04:39:19.914421,Alterlaa U,24,348273
2026-01-23T04:39:19.914421,Alterlaa U,24,348265
2026-01-23T04:39:19.914421,Alterlaa U,24,348253
2026-01-23T04:39:19.914421,Alterlaa U,24,348250
2026-01-23T04:39:19.914421,Alterlaa U,24,348112
2026-01-23T04:39:19.914421,Alterlaa U,24,348597
2026-01-23T04:39:19.914421,Alterlaa U,24,348555
2026-01-23T04:39:19.914421,Alterlaa U,24,398844
2026-01-23T04:39:19.914421,Bacherplatz,9,345223
2026-01-23T04:39:19.914421,Bacherplatz,9,345883
2026-01-23T04:39:19.914421,Bacherplatz,9,346473
2026-01-23T04:39:19.914421,Bacherplatz,9,346026
2026-01-23T04:39:19.914421,Bacherplatz,9,346532
2026-01-23T04:39:19.914421,Bacherplatz,9,348394
2026-01-23T04:39:19.914421,Bacherplatz,9,348137
2026-01-23T04:39:19.914421,Bacherplatz,9,348049
2026-01-23T04:39:19.914421,Bacherplatz,9,348994
2026-01-23T04:39:19.914421,Carl-Appel-Straße,12,345306
2026-01-23T04:39:19.914421,Carl-Appel-Straße,12,345892
2026-01-23T04:39:19.914421,Carl-Appel-Straße,12,345739
2026-01-23T04:39:19.914421,Carl-Appel-Straße,12,345709
2026-01-23T04:39:19.914421,Carl-Appel-Straße,12,346540
2026-01-23T04:39:19.914421,Carl-Appel-Straße,12,347679
2026-01-23T04:39:19.914421,Carl-Appel-Straße,12,348341
2026-01-23T04:39:19.914421,Carl-Appel-Straße,12,348299
2026-01-23T04:39:19.914421,Carl-Appel-Straße,12,398731
2026-01-23T04:39:19.914421,Carl-Appel-Straße,12,349088
2026-01-23T04:39:19.914421,Carl-Appel-Straße,12,348952
2026-01-23T04:39:19.914421,Carl-Appel-Straße,12,348828
2026-01-23T04:39:19.914421,Otto-Probst-Platz,7,346808
2026-01-23T04:39:19.914421,Otto-Probst-Platz,7,346550
2026-01-23T04:39:19.914421,Otto-Probst-Platz,7,347454
2026-01-23T04:39:19.914421,Otto-Probst-Platz,7,347013
2026-01-23T04:39:19.914421,Otto-Probst-Platz,7,348534
2026-01-23T04:39:19.914421,Otto-Probst-Platz,7,349150
2026-01-23T04:39:19.914421,Otto-Probst-Platz,7,398869
2026-01-23T04:39:19.914421,Alaudagasse U,11,345266
2026-01-23T04:39:19.914421,Alaudagasse U,11,345933
2026-01-23T04:39:19.914421,Alaudagasse U,11,345544
2026-01-23T04:39:19.914421,Alaudagasse U,11,346494
2026-01-23T04:39:19.914421,Alaudagasse U,11,346300
2026-01-23T04:39:19.914421,Alaudagasse U,11,346616
2026-01-23T04:39:19.914421,Alaudagasse U,11,347895
2026-01-23T04:39:19.914421,Alaudagasse U,11,348441
2026-01-23T04:39:19.914421,Alaudagasse U,11,348294
2026-01-23T04:39:19.914421,Alaudagasse U,11,348172
2026-01-23T04:39:19.914421,Alaudagasse U,11,349039
2026-01-23T04:39:19.914421,Svetelskystraße,5,347398
2026-01-23T04:39:19.914421,Svetelskystraße,5,349077
2026-01-23T04:39:19.914421,Svetelskystraße,5,349052
2026-01-23T04:39:19.914421,Svetelskystraße,5,349043
2026-01-23T04:39:19.914421,Svetelskystraße,5,348815
2026-01-23T04:39:19.914421,Weißenböckstraße,9,346135
2026-01-23T04:39:19.914421,Weißenböckstraße,9,347422
2026-01-23T04:39:19.914421,Weißenböckstraße,9,347774
2026-01-23T04:39:19.914421,Weißenböckstraße,9,347561
2026-01-23T04:39:19.914421,Weißenböckstraße,9,348086
2026-01-23T04:39:19.914421,Weißenböckstraße,9,398819
2026-01-23T04:39:19.914421,Weißenböckstraße,9,398764
2026-01-23T04:39:19.914421,Weißenböckstraße,9,398759
2026-01-23T04:39:19.914421,Weißenböckstraße,9,348915
2026-01-23T04:39:19.914421,Zentralfriedhof 2. Tor,9,346165
2026-01-23T04:39:19.914421,Zentralfriedhof 2. Tor,9,347187
2026-01-23T04:39:19.914421,Zentralfriedhof 2. Tor,9,347077
2026-01-23T04:39:19.914421,Zentralfriedhof 2. Tor,9,347775
2026-01-23T04:39:19.914421,Zentralfriedhof 2. Tor,9,347703
2026-01-23T04:39:19.914421,Zentralfriedhof 2. Tor,9,347596
2026-01-23T04:39:19.914421,Zentralfriedhof 2. Tor,9,348075
2026-01-23T04:39:19.914421,Zentralfriedhof 2. Tor,9,349091
2026-01-23T04:39:19.914421,Zentralfriedhof 2. Tor,9,349075
2026-01-23T04:39:19.914421,Simoningplatz,9,345370
2026-01-23T04:39:19.914421,Simoningplatz,9,345570
2026-01-23T04:39:19.914421,Simoningplatz,9,346333
2026-01-23T04:39:19.914421,Simoningplatz,9,347149
2026-01-23T04:39:19.914421,Simoningplatz,9,347755
2026-01-23T04:39:19.914421,Simoningplatz,9,347676
2026-01-23T04:39:19.914421,Simoningplatz,9,348444
2026-01-23T04:39:19.914421,Simoningplatz,9,348111
2026-01-23T04:39:19.914421,Simoningplatz,9,398756
2026-01-23T04:39:19.914421,Etrichstraße,7,345182
2026-01-23T04:39:19.914421,Etrichstraße,7,345954
2026-01-23T04:39:19.914421,Etrichstraße,7,345780
2026-01-23T04:39:19.914421,Etrichstraße,7,346852
2026-01-23T04:39:19.914421,Etrichstraße,7,347105
2026-01-23T04:39:19.914421,Etrichstraße,7,348400
2026-01-23T04:39:19.914421,Etrichstraße,7,348535
2026-01-23T04:39:19.914421,Zippererstraße U,8,345784
2026-01-23T04:39:19.914421,Zippererstraße U,8,345536
2026-01-23T04:39:19.914421,Zippererstraße U,8,346831
2026-01-23T04:39:19.914421,Zippererstraße U,8,346547
2026-01-23T04:39:19.914421,Zippererstraße U,8,347142
2026-01-23T04:39:19.914421,Zippererstraße U,8,347614
2026-01-23T04:39:19.914421,Zippererstraße U,8,348202
2026-01-23T04:39:19.914421,Zippererstraße U,8,349017
2026-01-23T04:39:19.914421,Hetzendorf S,11,345199
2026-01-23T04:39:19.914421,Hetzendorf S,11,345872
2026-01-23T04:39:19.914421,Hetzendorf S,11,346236
2026-01-23T04:39:19.914421,Hetzendorf S,11,346997
2026-01-23T04:39:19.914421,Hetzendorf S,11,346703
2026-01-23T04:39:19.914421,Hetzendorf S,11,347011
2026-01-23T04:39:19.914421,Hetzendorf S,11,347839
2026-01-23T04:39:19.914421,Hetzendorf S,11,348378
2026-01-23T04:39:19.914421,Hetzendorf S,11,348907
2026-01-23T04:39:19.914421,Hetzendorf S,11,348803
2026-01-23T04:39:19.914421,Hetzendorf S,11,349203
2026-01-23T04:39:19.914421,Gatterhölzl,10,345291
2026-01-23T04:39:19.914421,Gatterhölzl,10,346439
2026-01-23T04:39:19.914421,Gatterhölzl,10,346411
2026-01-23T04:39:19.914421,Gatterhölzl,10,348443
2026-01-23T04:39:19.914421,Gatterhölzl,10,348356
2026-01-23T04:39:19.914421,Gatterhölzl,10,348192
2026-01-23T04:39:19.914421,Gatterhölzl,10,348109
2026-01-23T04:39:19.914421,Gatterhölzl,10,348676
2026-01-23T04:39:19.914421,Gatterhölzl,10,348666
2026-01-23T04:39:19.914421,Gatterhölzl,10,348829
2026-01-23T04:39:19.914421,Speising S,9,346207
2026-01-23T04:39:19.914421,Speising S,9,347197
2026-01-23T04:39:19.914421,Speising S,9,347792
2026-01-23T04:39:19.914421,Speising S,9,347547
2026-01-23T04:39:19.914421,Speising S,9,348045
2026-01-23T04:39:19.914421,Speising S,9,348692
2026-01-23T04:39:19.914421,Speising S,9,348580
2026-01-23T04:39:19.914421,Speising S,9,348531
2026-01-23T04:39:19.914421,Speising S,9,398850
2026-01-23T04:39:19.914421,Hasnerstraße / Hofferplatz,19,345934
2026-01-23T04:39:19.914421,Hasnerstraße / Hofferplatz,19,345842
2026-01-23T04:39:19.914421,Hasnerstraße / Hofferplatz,19,345690
2026-01-23T04:39:19.914421,Hasnerstraße / Hofferplatz,19,345519
2026-01-23T04:39:19.914421,Hasnerstraße / Hofferplatz,19,346935
2026-01-23T04:39:19.914421,Hasnerstraße / Hofferplatz,19,346818
2026-01-23T04:39:19.914421,Hasnerstraße / Hofferplatz,19,346817
2026-01-23T04:39:19.914421,Hasnerstraße / Hofferplatz,19,346696
2026-01-23T04:39:19.914421,Hasnerstraße / Hofferplatz,19,347202
2026-01-23T04:39:19.914421,Hasnerstraße / Hofferplatz,19,347118
2026-01-23T04:39:19.914421,Hasnerstraße / Hofferplatz,19,347568
2026-01-23T04:39:19.914421,Hasnerstraße / Hofferplatz,19,348456
2026-01-23T04:39:19.914421,Hasnerstraße / Hofferplatz,19,348247
2026-01-23T04:39:19.914421,Hasnerstraße / Hofferplatz,19,348237
2026-01-23T04:39:19.914421,Hasnerstraße / Hofferplatz,19,348229
2026-01-23T04:39:19.914421,Hasnerstraße / Hofferplatz,19,348042
2026-01-23T04:39:19.914421,Hasnerstraße / Hofferplatz,19,398842
2026-01-23T04:39:19.914421,Hasnerstraße / Hofferplatz,19,348983
2026-01-23T04:39:19.914421,Hasnerstraße / Hofferplatz,19,348890
2026-01-23T04:39:19.914421,Nietzscheplatz,13,345411
2026-01-23T04:39:19.914421,Nietzscheplatz,13,345332
2026-01-23T04:39:19.914421,Nietzscheplatz,13,345730
2026-01-23T04:39:19.914421,Nietzscheplatz,13,345719
2026-01-23T04:39:19.914421,Nietzscheplatz,13,346480
2026-01-23T04:39:19.914421,Nietzscheplatz,13,346119
2026-01-23T04:39:19.914421,Nietzscheplatz,13,346984
2026-01-23T04:39:19.914421,Nietzscheplatz,13,346719
2026-01-23T04:39:19.914421,Nietzscheplatz,13,347291
2026-01-23T04:39:19.914421,Nietzscheplatz,13,347773
2026-01-23T04:39:19.914421,Nietzscheplatz,13,348482
2026-01-23T04:39:19.914421,Nietzscheplatz,13,348036
2026-01-23T04:39:19.914421,Nietzscheplatz,13,348687
2026-01-23T04:39:19.914421,Wattgasse,30,345483
2026-01-23T04:39:19.914421,Wattgasse,30,345252
2026-01-23T04:39:19.914421,Wattgasse,30,345109
2026-01-23T04:39:19.914421,Wattgasse,30,345966
2026-01-23T04:39:19.914421,Wattgasse,30,345876
2026-01-23T04:39:19.914421,Wattgasse,30,345810
2026-01-23T04:39:19.914421,Wattgasse,30,345679
2026-01-23T04:39:19.914421,Wattgasse,30,345678
2026-01-23T04:39:19.914421,Wattgasse,30,346412
2026-01-23T04:39:19.914421,Wattgasse,30,346173
2026-01-23T04:39:19.914421,Wattgasse,30,346121
2026-01-23T04:39:19.914421,Wattgasse,30,346115
2026-01-23T04:39:19.914421,Wattgasse,30,346976
2026-01-23T04:39:19.914421,Wattgasse,30,346783
2026-01-23T04:39:19.914421,Wattgasse,30,346776
2026-01-23T04:39:19.914421,Wattgasse,30,346714
2026-01-23T04:39:19.914421,Wattgasse,30,346659
2026-01-23T04:39:19.914421,Wattgasse,30,346558
2026-01-23T04:39:19.914421,Wattgasse,30,347270
2026-01-23T04:39:19.914421,Wattgasse,30,347051
2026-01-23T04:39:19.914421,Wattgasse,30,347991
2026-01-23T04:39:19.914421,Wattgasse,30,347981
2026-01-23T04:39:19.914421,Wattgasse,30,347976
2026-01-23T04:39:19.914421,Wattgasse,30,347854
2026-01-23T04:39:19.914421,Wattgasse,30,347663
2026-01-23T04:39:19.914421,Wattgasse,30,347619
2026-01-23T04:39:19.914421,Wattgasse,30,347534
2026-01-23T04:39:19.914421,Wattgasse,30,348212
2026-01-23T04:39:19.914421,Wattgasse,30,348578
2026-01-23T04:39:19.914421,Wattgasse,30,398760
2026-01-23T04:39:19.914421,Oberdöbling S,9,345349
2026-01-23T04:39:19.914421,Oberdöbling S,9,345958
2026-01-23T04:39:19.914421,Oberdöbling S,9,345862
2026-01-23T04:39:19.914421,Oberdöbling S,9,346486
2026-01-23T04:39:19.914421,Oberdöbling S,9,346431
2026-01-23T04:39:19.914421,Oberdöbling S,9,346910
2026-01-23T04:39:19.914421,Oberdöbling S,9,347386
2026-01-23T04:39:19.914421,Oberdöbling S,9,348121
2026-01-23T04:39:19.914421,Oberdöbling S,9,348619
2026-01-23T04:39:19.914421,Kantnergasse,14,345481
2026-01-23T04:39:19.914421,Kantnergasse,14,345431
2026-01-23T04:39:19.914421,Kantnergasse,14,345391
2026-01-23T04:39:19.914421,Kantnergasse,14,345625
2026-01-23T04:39:19.914421,Kantnergasse,14,346684
2026-01-23T04:39:19.914421,Kantnergasse,14,347007
2026-01-23T04:39:19.914421,Kantnergasse,14,347940
2026-01-23T04:39:19.914421,Kantnergasse,14,347761
2026-01-23T04:39:19.914421,Kantnergasse,14,348353
2026-01-23T04:39:19.914421,Kantnergasse,14,348287
2026-01-23T04:39:19.914421,Kantnergasse,14,348220
2026-01-23T04:39:19.914421,Kantnergasse,14,348185
2026-01-23T04:39:19.914421,Kantnergasse,14,348103
2026-01-23T04:39:19.914421,Kantnergasse,14,398800
2026-01-23T04:39:19.914421,Leopoldau S U,5,346158
2026-01-23T04:39:19.914421,Leopoldau S U,5,347279
2026-01-23T04:39:19.914421,Leopoldau S U,5,347254
2026-01-23T04:39:19.914421,Leopoldau S U,5,348963
2026-01-23T04:39:19.914421,Leopoldau S U,5,349191
2026-01-23T04:39:19.914421,Josef-Baumann-Gasse,11,345438
2026-01-23T04:39:19.914421,Josef-Baumann-Gasse,11,345852
2026-01-23T04:39:19.914421,Josef-Baumann-Gasse,11,346134
2026-01-23T04:39:19.914421,Josef-Baumann-Gasse,11,346805
2026-01-23T04:39:19.914421,Josef-Baumann-Gasse,11,347434
2026-01-23T04:39:19.914421,Josef-Baumann-Gasse,11,347222
2026-01-23T04:39:19.914421,Josef-Baumann-Gasse,11,348485
2026-01-23T04:39:19.914421,Josef-Baumann-Gasse,11,348373
2026-01-23T04:39:19.914421,Josef-Baumann-Gasse,11,348243
2026-01-23T04:39:19.914421,Josef-Baumann-Gasse,11,348006
2026-01-23T04:39:19.914421,Josef-Baumann-Gasse,11,398741
2026-01-23T04:39:19.914421,Fultonstraße,13,345261
2026-01-23T04:39:19.914421,Fultonstraße,13,345028
2026-01-23T04:39:19.914421,Fultonstraße,13,346266
2026-01-23T04:39:19.914421,Fultonstraße,13,346262
2026-01-23T04:39:19.914421,Fultonstraße,13,346874
2026-01-23T04:39:19.914421,Fultonstraße,13,347335
2026-01-23T04:39:19.914421,Fultonstraße,13,347848
2026-01-23T04:39:19.914421,Fultonstraße,13,347838
2026-01-23T04:39:19.914421,Fultonstraße,13,348329
2026-01-23T04:39:19.914421,Fultonstraße,13,348138
2026-01-23T04:39:19.914421,Fultonstraße,13,348607
2026-01-23T04:39:19.914421,Fultonstraße,13,348887
2026-01-23T04:39:19.914421,Fultonstraße,13,349117
2026-01-23T04:39:19.914421,Hopfengasse,5,346807
2026-01-23T04:39:19.914421,Hopfengasse,5,347828
2026-01-23T04:39:19.914421,Hopfengasse,5,347680
2026-01-23T04:39:19.914421,Hopfengasse,5,347654
2026-01-23T04:39:19.914421,Hopfengasse,5,348390
2026-01-23T04:39:19.914421,Jedlesee / Bellgasse,12,345539
2026-01-23T04:39:19.914421,Jedlesee / Bellgasse,12,346495
2026-01-23T04:39:19.914421,Jedlesee / Bellgasse,12,346798
2026-01-23T04:39:19.914421,Jedlesee / Bellgasse,12,347390
2026-01-23T04:39:19.914421,Jedlesee / Bellgasse,12,347986
2026-01-23T04:39:19.914421,Jedlesee / Bellgasse,12,347837
2026-01-23T04:39:19.914421,Jedlesee / Bellgasse,12,347833
2026-01-23T04:39:19.914421,Jedlesee / Bellgasse,12,347822
2026-01-23T04:39:19.914421,Jedlesee / Bellgasse,12,347524
2026-01-23T04:39:19.914421,Jedlesee / Bellgasse,12,348226
2026-01-23T04:39:19.914421,Jedlesee / Bellgasse,12,348142
2026-01-23T04:39:19.914421,Jedlesee / Bellgasse,12,398804
2026-01-23T04:39:19.914421,Jedleseer Friedhof,10,345220
2026-01-23T04:39:19.914421,Jedleseer Friedhof,10,345026
2026-01-23T04:39:19.914421,Jedleseer Friedhof,10,346496
2026-01-23T04:39:19.914421,Jedleseer Friedhof,10,346427
2026-01-23T04:39:19.914421,Jedleseer Friedhof,10,346037
2026-01-23T04:39:19.914421,Jedleseer Friedhof,10,346991
2026-01-23T04:39:19.914421,Jedleseer Friedhof,10,347268
2026-01-23T04:39:19.914421,Jedleseer Friedhof,10,347682
2026-01-23T04:39:19.914421,Jedleseer Friedhof,10,348144
2026-01-23T04:39:19.914421,Jedleseer Friedhof,10,348670
2026-01-23T04:39:19.914421,Strebersdorf / Edmund-Hawranek-Platz,11,345340
2026-01-23T04:39:19.914421,Strebersdorf / Edmund-Hawranek-Platz,11,345331
2026-01-23T04:39:19.914421,Strebersdorf / Edmund-Hawranek-Platz,11,345271
2026-01-23T04:39:19.914421,Strebersdorf / Edmund-Hawranek-Platz,11,345792
2026-01-23T04:39:19.914421,Strebersdorf / Edmund-Hawranek-Platz,11,346440
2026-01-23T04:39:19.914421,Strebersdorf / Edmund-Hawranek-Platz,11,346150
2026-01-23T04:39:19.914421,Strebersdorf / Edmund-Hawranek-Platz,11,346048
2026-01-23T04:39:19.914421,Strebersdorf / Edmund-Hawranek-Platz,11,346837
2026-01-23T04:39:19.914421,Strebersdorf / Edmund-Hawranek-Platz,11,347143
2026-01-23T04:39:19.914421,Strebersdorf / Edmund-Hawranek-Platz,11,348478
2026-01-23T04:39:19.914421,Strebersdorf / Edmund-Hawranek-Platz,11,348096
2026-01-23T04:39:19.914421,Kagraner Anger,14,345168
2026-01-23T04:39:19.914421,Kagraner Anger,14,345164
2026-01-23T04:39:19.914421,Kagraner Anger,14,345901
2026-01-23T04:39:19.914421,Kagraner Anger,14,345795
2026-01-23T04:39:19.914421,Kagraner Anger,14,345567
2026-01-23T04:39:19.914421,Kagraner Anger,14,345548
2026-01-23T04:39:19.914421,Kagraner Anger,14,345501
2026-01-23T04:39:19.914421,Kagraner Anger,14,346589
2026-01-23T04:39:19.914421,Kagraner Anger,14,346555
2026-01-23T04:39:19.914421,Kagraner Anger,14,347153
2026-01-23T04:39:19.914421,Kagraner Anger,14,347806
2026-01-23T04:39:19.914421,Kagraner Anger,14,347584
2026-01-23T04:39:19.914421,Kagraner Anger,14,348304
2026-01-23T04:39:19.914421,Kagraner Anger,14,348278
2026-01-23T04:39:19.914421,Stavangergasse,9,345464
2026-01-23T04:39:19.914421,Stavangergasse,9,345227
2026-01-23T04:39:19.914421,Stavangergasse,9,345504
2026-01-23T04:39:19.914421,Stavangergasse,9,346354
2026-01-23T04:39:19.914421,Stavangergasse,9,346923
2026-01-23T04:39:19.914421,Stavangergasse,9,347961
2026-01-23T04:39:19.914421,Stavangergasse,9,348427
2026-01-23T04:39:19.914421,Stavangergasse,9,348163
2026-01-23T04:39:19.914421,Stavangergasse,9,348062
2026-01-23T04:39:19.914421,Hirschstetten S,10,345420
2026-01-23T04:39:19.914421,Hirschstetten S,10,345786
2026-01-23T04:39:19.914421,Hirschstetten S,10,346729
2026-01-23T04:39:19.914421,Hirschstetten S,10,347292
2026-01-23T04:39:19.914421,Hirschstetten S,10,347851
2026-01-23T04:39:19.914421,Hirschstetten S,10,347764
2026-01-23T04:39:19.914421,Hirschstetten S,10,348381
2026-01-23T04:39:19.914421,Hirschstetten S,10,348238
2026-01-23T04:39:19.914421,Hirschstetten S,10,398806
2026-01-23T04:39:19.914421,Hirschstetten S,10,398873
2026-01-23T04:39:19.914421,Atzgersdorf S,4,345130
2026-01-23T04:39:19.914421,Atzgersdorf S,4,346552
2026-01-23T04:39:19.914421,Atzgersdorf S,4,347220
2026-01-23T04:39:19.914421,Atzgersdorf S,4,347738
2026-01-23T04:39:19.914421,Siebenhirten U,5,346458
2026-01-23T04:39:19.914421,Siebenhirten U,5,346094
2026-01-23T04:39:19.914421,Siebenhirten U,5,347484
2026-01-23T04:39:19.914421,Siebenhirten U,5,348040
2026-01-23T04:39:19.914421,Siebenhirten U,5,348866
2026-01-23T04:39:19.914421,Erlaaer Straße U,9,345050
2026-01-23T04:39:19.914421,Erlaaer Straße U,9,345941
2026-01-23T04:39:19.914421,Erlaaer Straße U,9,345840
2026-01-23T04:39:19.914421,Erlaaer Straße U,9,346472
2026-01-23T04:39:19.914421,Erlaaer Straße U,9,346385
2026-01-23T04:39:19.914421,Erlaaer Straße U,9,346821
2026-01-23T04:39:19.914421,Erlaaer Straße U,9,347765
2026-01-23T04:39:19.914421,Erlaaer Straße U,9,348433
2026-01-23T04:39:19.914421,Erlaaer Straße U,9,348085
2026-01-23T04:39:19.914421,Perfektastraße U,7,345079
2026-01-23T04:39:19.914421,Perfektastraße U,7,345680
2026-01-23T04:39:19.914421,Perfektastraße U,7,347494
2026-01-23T04:39:19.914421,Perfektastraße U,7,347353
2026-01-23T04:39:19.914421,Perfektastraße U,7,347078
2026-01-23T04:39:19.914421,Perfektastraße U,7,347697
2026-01-23T04:39:19.914421,Perfektastraße U,7,398789
2026-01-23T04:39:19.914421,Meidling S U / Vivenotgasse,10,345386
2026-01-23T04:39:19.914421,Meidling S U / Vivenotgasse,10,345196
2026-01-23T04:39:19.914421,Meidling S U / Vivenotgasse,10,345100
2026-01-23T04:39:19.914421,Meidling S U / Vivenotgasse,10,346497
2026-01-23T04:39:19.914421,Meidling S U / Vivenotgasse,10,346436
2026-01-23T04:39:19.914421,Meidling S U / Vivenotgasse,10,346097
2026-01-23T04:39:19.914421,Meidling S U / Vivenotgasse,10,346799
2026-01-23T04:39:19.914421,Meidling S U / Vivenotgasse,10,346544
2026-01-23T04:39:19.914421,Meidling S U / Vivenotgasse,10,347349
2026-01-23T04:39:19.914421,Meidling S U / Vivenotgasse,10,348094
2026-01-23T04:39:19.914421,Praterstern Ausstellungsstraße,16,345487
2026-01-23T04:39:19.914421,Praterstern Ausstellungsstraße,16,345449
2026-01-23T04:39:19.914421,Praterstern Ausstellungsstraße,16,345263
2026-01-23T04:39:19.914421,Praterstern Ausstellungsstraße,16,345145
2026-01-23T04:39:19.914421,Praterstern Ausstellungsstraße,16,345023
2026-01-23T04:39:19.914421,Praterstern Ausstellungsstraße,16,345011
2026-01-23T04:39:19.914421,Praterstern Ausstellungsstraße,16,345841
2026-01-23T04:39:19.914421,Praterstern Ausstellungsstraße,16,345681
2026-01-23T04:39:19.914421,Praterstern Ausstellungsstraße,16,346841
2026-01-23T04:39:19.914421,Praterstern Ausstellungsstraße,16,346538
2026-01-23T04:39:19.914421,Praterstern Ausstellungsstraße,16,346526
2026-01-23T04:39:19.914421,Praterstern Ausstellungsstraße,16,347283
2026-01-23T04:39:19.914421,Praterstern Ausstellungsstraße,16,347911
2026-01-23T04:39:19.914421,Praterstern Ausstellungsstraße,16,347598
2026-01-23T04:39:19.914421,Praterstern Ausstellungsstraße,16,348041
2026-01-23T04:39:19.914421,Praterstern Ausstellungsstraße,16,398864
2026-01-23T04:39:19.914421,Muthgasse,6,345642
2026-01-23T04:39:19.914421,Muthgasse,6,345617
2026-01-23T04:39:19.914421,Muthgasse,6,346188
2026-01-23T04:39:19.914421,Muthgasse,6,347127
2026-01-23T04:39:19.914421,Muthgasse,6,347830
2026-01-23T04:39:19.914421,Muthgasse,6,348124
2026-01-23T04:39:19.914421,Liesing S,3,346327
2026-01-23T04:39:19.914421,Liesing S,3,347276
2026-01-23T04:39:19.914421,Liesing S,3,347034
2026-01-23T04:39:19.914421,Aspern Nord S U,12,345435
2026-01-23T04:39:19.914421,Aspern Nord S U,12,346419
2026-01-23T04:39:19.914421,Aspern Nord S U,12,346311
2026-01-23T04:39:19.914421,Aspern Nord S U,12,346035
2026-01-23T04:39:19.914421,Aspern Nord S U,12,346640
2026-01-23T04:39:19.914421,Aspern Nord S U,12,346525
2026-01-23T04:39:19.914421,Aspern Nord S U,12,347415
2026-01-23T04:39:19.914421,Aspern Nord S U,12,347053
2026-01-23T04:39:19.914421,Aspern Nord S U,12,348416
2026-01-23T04:39:19.914421,Aspern Nord S U,12,348694
2026-01-23T04:39:19.914421,Aspern Nord S U,12,348625
2026-01-23T04:39:19.914421,Aspern Nord S U,12,348561
2026-01-23T04:39:19.914421,Seepark,1,348118
2026-01-23T04:39:19.914421,Seestadt U,7,346152
2026-01-23T04:39:19.914421,Seestadt U,7,346961
2026-01-23T04:39:19.914421,Seestadt U,7,346912
2026-01-23T04:39:19.914421,Seestadt U,7,346504
2026-01-23T04:39:19.914421,Seestadt U,7,348693
2026-01-23T04:39:19.914421,Seestadt U,7,348631
2026-01-23T04:39:19.914421,Seestadt U,7,348549
2026-01-23T04:39:19.914421,Schwedenplatz,38,345191
2026-01-23T04:39:19.914421,Schwedenplatz,38,345623
2026-01-23T04:39:19.914421,Schwedenplatz,38,345591
2026-01-23T04:39:19.914421,Schwedenplatz,38,346499
2026-01-23T04:39:19.914421,Schwedenplatz,38,346244
2026-01-23T04:39:19.914421,Schwedenplatz,38,346212
2026-01-23T04:39:19.914421,Schwedenplatz,38,346211
2026-01-23T04:39:19.914421,Schwedenplatz,38,346106
2026-01-23T04:39:19.914421,Schwedenplatz,38,346083
2026-01-23T04:39:19.914421,Schwedenplatz,38,346072
2026-01-23T04:39:19.914421,Schwedenplatz,38,346021
2026-01-23T04:39:19.914421,Schwedenplatz,38,346953
2026-01-23T04:39:19.914421,Schwedenplatz,38,346624
2026-01-23T04:39:19.914421,Schwedenplatz,38,347479
2026-01-23T04:39:19.914421,Schwedenplatz,38,347461
2026-01-23T04:39:19.914421,Schwedenplatz,38,347456
2026-01-23T04:39:19.914421,Schwedenplatz,38,347444
2026-01-23T04:39:19.914421,Schwedenplatz,38,347282
2026-01-23T04:39:19.914421,Schwedenplatz,38,347232
2026-01-23T04:39:19.914421,Schwedenplatz,38,347130
2026-01-23T04:39:19.914421,Schwedenplatz,38,347097
2026-01-23T04:39:19.914421,Schwedenplatz,38,347084
2026-01-23T04:39:19.914421,Schwedenplatz,38,347060
2026-01-23T04:39:19.914421,Schwedenplatz,38,347042
2026-01-23T04:39:19.914421,Schwedenplatz,38,347956
2026-01-23T04:39:19.914421,Schwedenplatz,38,347608
2026-01-23T04:39:19.914421,Schwedenplatz,38,348477
2026-01-23T04:39:19.914421,Schwedenplatz,38,348397
2026-01-23T04:39:19.914421,Schwedenplatz,38,348337
2026-01-23T04:39:19.914421,Schwedenplatz,38,348252
2026-01-23T04:39:19.914421,Schwedenplatz,38,348249
2026-01-23T04:39:19.914421,Schwedenplatz,38,348100
2026-01-23T04:39:19.914421,Schwedenplatz,38,348691
2026-01-23T04:39:19.914421,Schwedenplatz,38,348639
2026-01-23T04:39:19.914421,Schwedenplatz,38,348635
2026-01-23T04:39:19.914421,Schwedenplatz,38,398791
2026-01-23T04:39:19.914421,Schwedenplatz,38,398719
2026-01-23T04:39:19.914421,Schwedenplatz,38,348921
2026-01-23T04:39:19.914421,Waldmüllerpark,7,345950
2026-01-23T04:39:19.914421,Waldmüllerpark,7,346252
2026-01-23T04:39:19.914421,Waldmüllerpark,7,346027
2026-01-23T04:39:19.914421,Waldmüllerpark,7,347295
2026-01-23T04:39:19.914421,Waldmüllerpark,7,347671
2026-01-23T04:39:19.914421,Waldmüllerpark,7,347510
2026-01-23T04:39:19.914421,Waldmüllerpark,7,349004
2026-01-23T04:39:19.914421,Stubentor U,18,345153
2026-01-23T04:39:19.914421,Stubentor U,18,345782
2026-01-23T04:39:19.914421,Stubentor U,18,345755
2026-01-23T04:39:19.914421,Stubentor U,18,346285
2026-01-23T04:39:19.914421,Stubentor U,18,346086
2026-01-23T04:39:19.914421,Stubentor U,18,346916
2026-01-23T04:39:19.914421,Stubentor U,18,346846
2026-01-23T04:39:19.914421,Stubentor U,18,347470
2026-01-23T04:39:19.914421,Stubentor U,18,347725
2026-01-23T04:39:19.914421,Stubentor U,18,347690
2026-01-23T04:39:19.914421,Stubentor U,18,347688
2026-01-23T04:39:19.914421,Stubentor U,18,348649
2026-01-23T04:39:19.914421,Stubentor U,18,348552
2026-01-23T04:39:19.914421,Stubentor U,18,398785
2026-01-23T04:39:19.914421,Stubentor U,18,398721
2026-01-23T04:39:19.914421,Stubentor U,18,349087
2026-01-23T04:39:19.914421,Stubentor U,18,348900
2026-01-23T04:39:19.914421,Stubentor U,18,349125
2026-01-23T04:39:19.914421,Landstraße - Wien Mitte S U,33,345342
2026-01-23T04:39:19.914421,Landstraße - Wien Mitte S U,33,345903
2026-01-23T04:39:19.914421,Landstraße - Wien Mitte S U,33,345875
2026-01-23T04:39:19.914421,Landstraße - Wien Mitte S U,33,345702
2026-01-23T04:39:19.914421,Landstraße - Wien Mitte S U,33,345547
2026-01-23T04:39:19.914421,Landstraße - Wien Mitte S U,33,345520
2026-01-23T04:39:19.914421,Landstraße - Wien Mitte S U,33,346278
2026-01-23T04:39:19.914421,Landstraße - Wien Mitte S U,33,346041
2026-01-23T04:39:19.914421,Landstraße - Wien Mitte S U,33,346890
2026-01-23T04:39:19.914421,Landstraße - Wien Mitte S U,33,346851
2026-01-23T04:39:19.914421,Landstraße - Wien Mitte S U,33,346824
2026-01-23T04:39:19.914421,Landstraße - Wien Mitte S U,33,346725
2026-01-23T04:39:19.914421,Landstraße - Wien Mitte S U,33,347433
2026-01-23T04:39:19.914421,Landstraße - Wien Mitte S U,33,347391
2026-01-23T04:39:19.914421,Landstraße - Wien Mitte S U,33,347990
2026-01-23T04:39:19.914421,Landstraße - Wien Mitte S U,33,347807
2026-01-23T04:39:19.914421,Landstraße - Wien Mitte S U,33,347763
2026-01-23T04:39:19.914421,Landstraße - Wien Mitte S U,33,348463
2026-01-23T04:39:19.914421,Landstraße - Wien Mitte S U,33,348331
2026-01-23T04:39:19.914421,Landstraße - Wien Mitte S U,33,348277
2026-01-23T04:39:19.914421,Landstraße - Wien Mitte S U,33,348200
2026-01-23T04:39:19.914421,Landstraße - Wien Mitte S U,33,348115
2026-01-23T04:39:19.914421,Landstraße - Wien Mitte S U,33,348660
2026-01-23T04:39:19.914421,Landstraße - Wien Mitte S U,33,348611
2026-01-23T04:39:19.914421,Landstraße - Wien Mitte S U,33,348527
2026-01-23T04:39:19.914421,Landstraße - Wien Mitte S U,33,398838
2026-01-23T04:39:19.914421,Landstraße - Wien Mitte S U,33,398816
2026-01-23T04:39:19.914421,Landstraße - Wien Mitte S U,33,398805
2026-01-23T04:39:19.914421,Landstraße - Wien Mitte S U,33,398802
2026-01-23T04:39:19.914421,Landstraße - Wien Mitte S U,33,349071
2026-01-23T04:39:19.914421,Landstraße - Wien Mitte S U,33,348876
2026-01-23T04:39:19.914421,Landstraße - Wien Mitte S U,33,348833
2026-01-23T04:39:19.914421,Landstraße - Wien Mitte S U,33,348801
2026-01-23T04:39:19.914421,Praterstern S U,50,345494
2026-01-23T04:39:19.914421,Praterstern S U,50,345226
2026-01-23T04:39:19.914421,Praterstern S U,50,345082
2026-01-23T04:39:19.914421,Praterstern S U,50,345058
2026-01-23T04:39:19.914421,Praterstern S U,50,345893
2026-01-23T04:39:19.914421,Praterstern S U,50,345863
2026-01-23T04:39:19.914421,Praterstern S U,50,345812
2026-01-23T04:39:19.914421,Praterstern S U,50,345648
2026-01-23T04:39:19.914421,Praterstern S U,50,345608
2026-01-23T04:39:19.914421,Praterstern S U,50,346402
2026-01-23T04:39:19.914421,Praterstern S U,50,346380
2026-01-23T04:39:19.914421,Praterstern S U,50,346347
2026-01-23T04:39:19.914421,Praterstern S U,50,346239
2026-01-23T04:39:19.914421,Praterstern S U,50,346062
2026-01-23T04:39:19.914421,Praterstern S U,50,346033
2026-01-23T04:39:19.914421,Praterstern S U,50,346004
2026-01-23T04:39:19.914421,Praterstern S U,50,346907
2026-01-23T04:39:19.914421,Praterstern S U,50,346773
2026-01-23T04:39:19.914421,Praterstern S U,50,346764
2026-01-23T04:39:19.914421,Praterstern S U,50,346748
2026-01-23T04:39:19.914421,Praterstern S U,50,346736
2026-01-23T04:39:19.914421,Praterstern S U,50,347354
2026-01-23T04:39:19.914421,Praterstern S U,50,347334
2026-01-23T04:39:19.914421,Praterstern S U,50,347328
2026-01-23T04:39:19.914421,Praterstern S U,50,347179
2026-01-23T04:39:19.914421,Praterstern S U,50,347172
2026-01-23T04:39:19.914421,Praterstern S U,50,347984
2026-01-23T04:39:19.914421,Praterstern S U,50,347894
2026-01-23T04:39:19.914421,Praterstern S U,50,347781
2026-01-23T04:39:19.914421,Praterstern S U,50,347767
2026-01-23T04:39:19.914421,Praterstern S U,50,347692
2026-01-23T04:39:19.914421,Praterstern S U,50,347672
2026-01-23T04:39:19.914421,Praterstern S U,50,347641
2026-01-23T04:39:19.914421,Praterstern S U,50,347503
2026-01-23T04:39:19.914421,Praterstern S U,50,348248
2026-01-23T04:39:19.914421,Praterstern S U,50,348171
2026-01-23T04:39:19.914421,Praterstern S U,50,348153
2026-01-23T04:39:19.914421,Praterstern S U,50,348051
2026-01-23T04:39:19.914421,Praterstern S U,50,348678
2026-01-23T04:39:19.914421,Praterstern S U,50,348671
2026-01-23T04:39:19.914421,Praterstern S U,50,348633
2026-01-23T04:39:19.914421,Praterstern S U,50,348623
2026-01-23T04:39:19.914421,Praterstern S U,50,348609
2026-01-23T04:39:19.914421,Praterstern S U,50,398852
2026-01-23T04:39:19.914421,Praterstern S U,50,398822
2026-01-23T04:39:19.914421,Praterstern S U,50,398778
2026-01-23T04:39:19.914421,Praterstern S U,50,398774
2026-01-23T04:39:19.914421,Praterstern S U,50,348806
2026-01-23T04:39:19.914421,Praterstern S U,50,349136
2026-01-23T04:39:19.914421,Praterstern S U,50,398870
2026-01-23T04:39:19.914421,Rustengasse,16,345414
2026-01-23T04:39:19.914421,Rustengasse,16,345110
2026-01-23T04:39:19.914421,Rustengasse,16,345692
2026-01-23T04:39:19.914421,Rustengasse,16,345667
2026-01-23T04:39:19.914421,Rustengasse,16,346460
2026-01-23T04:39:19.914421,Rustengasse,16,346166
2026-01-23T04:39:19.914421,Rustengasse,16,346901
2026-01-23T04:39:19.914421,Rustengasse,16,346775
2026-01-23T04:39:19.914421,Rustengasse,16,346728
2026-01-23T04:39:19.914421,Rustengasse,16,347248
2026-01-23T04:39:19.914421,Rustengasse,16,347109
2026-01-23T04:39:19.914421,Rustengasse,16,347963
2026-01-23T04:39:19.914421,Rustengasse,16,348354
2026-01-23T04:39:19.914421,Rustengasse,16,348125
2026-01-23T04:39:19.914421,Rustengasse,16,348023
2026-01-23T04:39:19.914421,Rustengasse,16,398847
2026-01-23T04:39:19.914421,Heiligenstadt S U,20,345274
2026-01-23T04:39:19.914421,Heiligenstadt S U,20,345254
2026-01-23T04:39:19.914421,Heiligenstadt S U,20,345148
2026-01-23T04:39:19.914421,Heiligenstadt S U,20,345027
2026-01-23T04:39:19.914421,Heiligenstadt S U,20,345012
2026-01-23T04:39:19.914421,Heiligenstadt S U,20,345834
2026-01-23T04:39:19.914421,Heiligenstadt S U,20,346364
2026-01-23T04:39:19.914421,Heiligenstadt S U,20,346279
2026-01-23T04:39:19.914421,Heiligenstadt S U,20,347173
2026-01-23T04:39:19.914421,Heiligenstadt S U,20,347693
2026-01-23T04:39:19.914421,Heiligenstadt S U,20,347591
2026-01-23T04:39:19.914421,Heiligenstadt S U,20,348335
2026-01-23T04:39:19.914421,Heiligenstadt S U,20,348177
2026-01-23T04:39:19.914421,Heiligenstadt S U,20,348038
2026-01-23T04:39:19.914421,Heiligenstadt S U,20,349085
2026-01-23T04:39:19.914421,Heiligenstadt S U,20,348989
2026-01-23T04:39:19.914421,Heiligenstadt S U,20,348932
2026-01-23T04:39:19.914421,Heiligenstadt S U,20,348905
2026-01-23T04:39:19.914421,Heiligenstadt S U,20,349192
2026-01-23T04:39:19.914421,Heiligenstadt S U,20,398866
2026-01-23T04:39:19.914421,Hütteldorf  S U,19,345493
2026-01-23T04:39:19.914421,Hütteldorf  S U,19,345065
2026-01-23T04:39:19.914421,Hütteldorf  S U,19,345923
2026-01-23T04:39:19.914421,Hütteldorf  S U,19,345513
2026-01-23T04:39:19.914421,Hütteldorf  S U,19,346862
2026-01-23T04:39:19.914421,Hütteldorf  S U,19,346669
2026-01-23T04:39:19.914421,Hütteldorf  S U,19,346628
2026-01-23T04:39:19.914421,Hütteldorf  S U,19,346570
2026-01-23T04:39:19.914421,Hütteldorf  S U,19,347358
2026-01-23T04:39:19.914421,Hütteldorf  S U,19,347338
2026-01-23T04:39:19.914421,Hütteldorf  S U,19,347322
2026-01-23T04:39:19.914421,Hütteldorf  S U,19,347079
2026-01-23T04:39:19.914421,Hütteldorf  S U,19,347971
2026-01-23T04:39:19.914421,Hütteldorf  S U,19,347901
2026-01-23T04:39:19.914421,Hütteldorf  S U,19,347658
2026-01-23T04:39:19.914421,Hütteldorf  S U,19,347599
2026-01-23T04:39:19.914421,Hütteldorf  S U,19,348413
2026-01-23T04:39:19.914421,Hütteldorf  S U,19,348322
2026-01-23T04:39:19.914421,Hütteldorf  S U,19,398768
2026-01-23T04:39:19.914421,Rathaus U,28,345453
2026-01-23T04:39:19.914421,Rathaus U,28,345183
2026-01-23T04:39:19.914421,Rathaus U,28,345002
2026-01-23T04:39:19.914421,Rathaus U,28,345790
2026-01-23T04:39:19.914421,Rathaus U,28,346429
2026-01-23T04:39:19.914421,Rathaus U,28,346128
2026-01-23T04:39:19.914421,Rathaus U,28,346064
2026-01-23T04:39:19.914421,Rathaus U,28,346908
2026-01-23T04:39:19.914421,Rathaus U,28,346879
2026-01-23T04:39:19.914421,Rathaus U,28,346762
2026-01-23T04:39:19.914421,Rathaus U,28,346670
2026-01-23T04:39:19.914421,Rathaus U,28,347305
2026-01-23T04:39:19.914421,Rathaus U,28,347251
2026-01-23T04:39:19.914421,Rathaus U,28,347157
2026-01-23T04:39:19.914421,Rathaus U,28,347028
2026-01-23T04:39:19.914421,Rathaus U,28,347899
2026-01-23T04:39:19.914421,Rathaus U,28,347850
2026-01-23T04:39:19.914421,Rathaus U,28,347811
2026-01-23T04:39:19.914421,Rathaus U,28,347795
2026-01-23T04:39:19.914421,Rathaus U,28,347637
2026-01-23T04:39:19.914421,Rathaus U,28,348343
2026-01-23T04:39:19.914421,Rathaus U,28,348297
2026-01-23T04:39:19.914421,Rathaus U,28,348213
2026-01-23T04:39:19.914421,Rathaus U,28,348207
2026-01-23T04:39:19.914421,Rathaus U,28,348141
2026-01-23T04:39:19.914421,Rathaus U,28,348072
2026-01-23T04:39:19.914421,Rathaus U,28,348069
2026-01-23T04:39:19.914421,Rathaus U,28,348044
2026-01-23T04:39:19.914421,Hans-Mandl-Berufsschule,8,345273
2026-01-23T04:39:19.914421,Hans-Mandl-Berufsschule,8,345503
2026-01-23T04:39:19.914421,Hans-Mandl-Berufsschule,8,346756
2026-01-23T04:39:19.914421,Hans-Mandl-Berufsschule,8,348365
2026-01-23T04:39:19.914421,Hans-Mandl-Berufsschule,8,348541
2026-01-23T04:39:19.914421,Hans-Mandl-Berufsschule,8,398858
2026-01-23T04:39:19.914421,Hans-Mandl-Berufsschule,8,348930
2026-01-23T04:39:19.914421,Hans-Mandl-Berufsschule,8,348808
2026-01-23T04:39:19.914421,Dänenstraße / BOKU,23,345488
2026-01-23T04:39:19.914421,Dänenstraße / BOKU,23,345392
2026-01-23T04:39:19.914421,Dänenstraße / BOKU,23,345362
2026-01-23T04:39:19.914421,Dänenstraße / BOKU,23,345245
2026-01-23T04:39:19.914421,Dänenstraße / BOKU,23,345216
2026-01-23T04:39:19.914421,Dänenstraße / BOKU,23,345121
2026-01-23T04:39:19.914421,Dänenstraße / BOKU,23,345961
2026-01-23T04:39:19.914421,Dänenstraße / BOKU,23,345898
2026-01-23T04:39:19.914421,Dänenstraße / BOKU,23,345798
2026-01-23T04:39:19.914421,Dänenstraße / BOKU,23,345747
2026-01-23T04:39:19.914421,Dänenstraße / BOKU,23,345596
2026-01-23T04:39:19.914421,Dänenstraße / BOKU,23,346979
2026-01-23T04:39:19.914421,Dänenstraße / BOKU,23,346962
2026-01-23T04:39:19.914421,Dänenstraße / BOKU,23,346842
2026-01-23T04:39:19.914421,Dänenstraße / BOKU,23,346644
2026-01-23T04:39:19.914421,Dänenstraße / BOKU,23,346585
2026-01-23T04:39:19.914421,Dänenstraße / BOKU,23,346510
2026-01-23T04:39:19.914421,Dänenstraße / BOKU,23,347022
2026-01-23T04:39:19.914421,Dänenstraße / BOKU,23,347790
2026-01-23T04:39:19.914421,Dänenstraße / BOKU,23,347759
2026-01-23T04:39:19.914421,Dänenstraße / BOKU,23,348022
2026-01-23T04:39:19.914421,Dänenstraße / BOKU,23,348690
2026-01-23T04:39:19.914421,Dänenstraße / BOKU,23,348681
2026-01-23T04:39:19.914421,Schloss Schönbrunn,32,345320
2026-01-23T04:39:19.914421,Schloss Schönbrunn,32,345177
2026-01-23T04:39:19.914421,Schloss Schönbrunn,32,345141
2026-01-23T04:39:19.914421,Schloss Schönbrunn,32,345123
2026-01-23T04:39:19.914421,Schloss Schönbrunn,32,345115
2026-01-23T04:39:19.914421,Schloss Schönbrunn,32,345057
2026-01-23T04:39:19.914421,Schloss Schönbrunn,32,345015
2026-01-23T04:39:19.914421,Schloss Schönbrunn,32,345969
2026-01-23T04:39:19.914421,Schloss Schönbrunn,32,345879
2026-01-23T04:39:19.914421,Schloss Schönbrunn,32,345598
2026-01-23T04:39:19.914421,Schloss Schönbrunn,32,346485
2026-01-23T04:39:19.914421,Schloss Schönbrunn,32,346313
2026-01-23T04:39:19.914421,Schloss Schönbrunn,32,346123
2026-01-23T04:39:19.914421,Schloss Schönbrunn,32,346010
2026-01-23T04:39:19.914421,Schloss Schönbrunn,32,346951
2026-01-23T04:39:19.914421,Schloss Schönbrunn,32,346835
2026-01-23T04:39:19.914421,Schloss Schönbrunn,32,347474
2026-01-23T04:39:19.914421,Schloss Schönbrunn,32,347377
2026-01-23T04:39:19.914421,Schloss Schönbrunn,32,347312
2026-01-23T04:39:19.914421,Schloss Schönbrunn,32,347937
2026-01-23T04:39:19.914421,Schloss Schönbrunn,32,347873
2026-01-23T04:39:19.914421,Schloss Schönbrunn,32,347515
2026-01-23T04:39:19.914421,Schloss Schönbrunn,32,348462
2026-01-23T04:39:19.914421,Schloss Schönbrunn,32,348402
2026-01-23T04:39:19.914421,Schloss Schönbrunn,32,348349
2026-01-23T04:39:19.914421,Schloss Schönbrunn,32,348077
2026-01-23T04:39:19.914421,Schloss Schönbrunn,32,348003
2026-01-23T04:39:19.914421,Schloss Schönbrunn,32,398753
2026-01-23T04:39:19.914421,Schloss Schönbrunn,32,398752
2026-01-23T04:39:19.914421,Schloss Schönbrunn,32,398748
2026-01-23T04:39:19.914421,Schloss Schönbrunn,32,349065
2026-01-23T04:39:19.914421,Schloss Schönbrunn,32,348839
2026-01-23T04:39:19.914421,Eslarngasse / Juchgasse,6,345975
2026-01-23T04:39:19.914421,Eslarngasse / Juchgasse,6,345550
2026-01-23T04:39:19.914421,Eslarngasse / Juchgasse,6,346948
2026-01-23T04:39:19.914421,Eslarngasse / Juchgasse,6,346668
2026-01-23T04:39:19.914421,Eslarngasse / Juchgasse,6,347413
2026-01-23T04:39:19.914421,Eslarngasse / Juchgasse,6,347181
2026-01-23T04:39:19.914421,Plößlgasse / Belvedere,19,345330
2026-01-23T04:39:19.914421,Plößlgasse / Belvedere,19,345293
2026-01-23T04:39:19.914421,Plößlgasse / Belvedere,19,345126
2026-01-23T04:39:19.914421,Plößlgasse / Belvedere,19,345054
2026-01-23T04:39:19.914421,Plößlgasse / Belvedere,19,345980
2026-01-23T04:39:19.914421,Plößlgasse / Belvedere,19,345846
2026-01-23T04:39:19.914421,Plößlgasse / Belvedere,19,346109
2026-01-23T04:39:19.914421,Plößlgasse / Belvedere,19,346781
2026-01-23T04:39:19.914421,Plößlgasse / Belvedere,19,346755
2026-01-23T04:39:19.914421,Plößlgasse / Belvedere,19,347260
2026-01-23T04:39:19.914421,Plößlgasse / Belvedere,19,347177
2026-01-23T04:39:19.914421,Plößlgasse / Belvedere,19,347047
2026-01-23T04:39:19.914421,Plößlgasse / Belvedere,19,347826
2026-01-23T04:39:19.914421,Plößlgasse / Belvedere,19,348644
2026-01-23T04:39:19.914421,Plößlgasse / Belvedere,19,349111
2026-01-23T04:39:19.914421,Plößlgasse / Belvedere,19,349066
2026-01-23T04:39:19.914421,Plößlgasse / Belvedere,19,349061
2026-01-23T04:39:19.914421,Plößlgasse / Belvedere,19,348933
2026-01-23T04:39:19.914421,Plößlgasse / Belvedere,19,348880
2026-01-23T04:39:19.914421,Sankt-Elisabeth-Platz,2,345974
2026-01-23T04:39:19.914421,Sankt-Elisabeth-Platz,2,345972
2026-01-23T04:39:19.914421,Laudongasse / Schönbornpark,12,345738
2026-01-23T04:39:19.914421,Laudongasse / Schönbornpark,12,345688
2026-01-23T04:39:19.914421,Laudongasse / Schönbornpark,12,346393
2026-01-23T04:39:19.914421,Laudongasse / Schönbornpark,12,346203
2026-01-23T04:39:19.914421,Laudongasse / Schönbornpark,12,346190
2026-01-23T04:39:19.914421,Laudongasse / Schönbornpark,12,346687
2026-01-23T04:39:19.914421,Laudongasse / Schönbornpark,12,346576
2026-01-23T04:39:19.914421,Laudongasse / Schönbornpark,12,348279
2026-01-23T04:39:19.914421,Laudongasse / Schönbornpark,12,348099
2026-01-23T04:39:19.914421,Laudongasse / Schönbornpark,12,348035
2026-01-23T04:39:19.914421,Laudongasse / Schönbornpark,12,348661
2026-01-23T04:39:19.914421,Laudongasse / Schönbornpark,12,348565
2026-01-23T04:39:19.914421,Rossauer Lände U,9,345209
2026-01-23T04:39:19.914421,Rossauer Lände U,9,345125
2026-01-23T04:39:19.914421,Rossauer Lände U,9,346897
2026-01-23T04:39:19.914421,Rossauer Lände U,9,346692
2026-01-23T04:39:19.914421,Rossauer Lände U,9,346571
2026-01-23T04:39:19.914421,Rossauer Lände U,9,347929
2026-01-23T04:39:19.914421,Rossauer Lände U,9,347656
2026-01-23T04:39:19.914421,Rossauer Lände U,9,348461
2026-01-23T04:39:19.914421,Rossauer Lände U,9,348052
2026-01-23T04:39:19.914421,Lazarettgasse,5,345977
2026-01-23T04:39:19.914421,Lazarettgasse,5,346672
2026-01-23T04:39:19.914421,Lazarettgasse,5,348339
2026-01-23T04:39:19.914421,Lazarettgasse,5,348713
2026-01-23T04:39:19.914421,Lazarettgasse,5,349184
2026-01-23T04:39:19.914421,Edelsinnstraße,9,345908
2026-01-23T04:39:19.914421,Edelsinnstraße,9,345837
2026-01-23T04:39:19.914421,Edelsinnstraße,9,345818
2026-01-23T04:39:19.914421,Edelsinnstraße,9,346437
2026-01-23T04:39:19.914421,Edelsinnstraße,9,346843
2026-01-23T04:39:19.914421,Edelsinnstraße,9,347361
2026-01-23T04:39:19.914421,Edelsinnstraße,9,348709
2026-01-23T04:39:19.914421,Edelsinnstraße,9,349013
2026-01-23T04:39:19.914421,Edelsinnstraße,9,349148
2026-01-23T04:39:19.914421,Karlsplatz U / TU Wien,19,345142
2026-01-23T04:39:19.914421,Karlsplatz U / TU Wien,19,345731
2026-01-23T04:39:19.914421,Karlsplatz U / TU Wien,19,345506
2026-01-23T04:39:19.914421,Karlsplatz U / TU Wien,19,346281
2026-01-23T04:39:19.914421,Karlsplatz U / TU Wien,19,346881
2026-01-23T04:39:19.914421,Karlsplatz U / TU Wien,19,346848
2026-01-23T04:39:19.914421,Karlsplatz U / TU Wien,19,346735
2026-01-23T04:39:19.914421,Karlsplatz U / TU Wien,19,346665
2026-01-23T04:39:19.914421,Karlsplatz U / TU Wien,19,346634
2026-01-23T04:39:19.914421,Karlsplatz U / TU Wien,19,347491
2026-01-23T04:39:19.914421,Karlsplatz U / TU Wien,19,347458
2026-01-23T04:39:19.914421,Karlsplatz U / TU Wien,19,347293
2026-01-23T04:39:19.914421,Karlsplatz U / TU Wien,19,347102
2026-01-23T04:39:19.914421,Karlsplatz U / TU Wien,19,347017
2026-01-23T04:39:19.914421,Karlsplatz U / TU Wien,19,347572
2026-01-23T04:39:19.914421,Karlsplatz U / TU Wien,19,348342
2026-01-23T04:39:19.914421,Karlsplatz U / TU Wien,19,348673
2026-01-23T04:39:19.914421,Karlsplatz U / TU Wien,19,398820
2026-01-23T04:39:19.914421,Karlsplatz U / TU Wien,19,398872
2026-01-23T04:39:19.914421,Amerlingstraße,10,345470
2026-01-23T04:39:19.914421,Amerlingstraße,10,345465
2026-01-23T04:39:19.914421,Amerlingstraße,10,345364
2026-01-23T04:39:19.914421,Amerlingstraße,10,345891
2026-01-23T04:39:19.914421,Amerlingstraße,10,345758
2026-01-23T04:39:19.914421,Amerlingstraße,10,345627
2026-01-23T04:39:19.914421,Amerlingstraße,10,346089
2026-01-23T04:39:19.914421,Amerlingstraße,10,346931
2026-01-23T04:39:19.914421,Amerlingstraße,10,347370
2026-01-23T04:39:19.914421,Amerlingstraße,10,347002
2026-01-23T04:39:19.914421,Albertgasse,3,345419
2026-01-23T04:39:19.914421,Albertgasse,3,347655
2026-01-23T04:39:19.914421,Albertgasse,3,348355
2026-01-23T04:39:19.914421,Universitätsring,28,345467
2026-01-23T04:39:19.914421,Universitätsring,28,345267
2026-01-23T04:39:19.914421,Universitätsring,28,345195
2026-01-23T04:39:19.914421,Universitätsring,28,346403
2026-01-23T04:39:19.914421,Universitätsring,28,346318
2026-01-23T04:39:19.914421,Universitätsring,28,346310
2026-01-23T04:39:19.914421,Universitätsring,28,346061
2026-01-23T04:39:19.914421,Universitätsring,28,346039
2026-01-23T04:39:19.914421,Universitätsring,28,346016
2026-01-23T04:39:19.914421,Universitätsring,28,346011
2026-01-23T04:39:19.914421,Universitätsring,28,346973
2026-01-23T04:39:19.914421,Universitätsring,28,346942
2026-01-23T04:39:19.914421,Universitätsring,28,346895
2026-01-23T04:39:19.914421,Universitätsring,28,346710
2026-01-23T04:39:19.914421,Universitätsring,28,346697
2026-01-23T04:39:19.914421,Universitätsring,28,347330
2026-01-23T04:39:19.914421,Universitätsring,28,347264
2026-01-23T04:39:19.914421,Universitätsring,28,347845
2026-01-23T04:39:19.914421,Universitätsring,28,347582
2026-01-23T04:39:19.914421,Universitätsring,28,348495
2026-01-23T04:39:19.914421,Universitätsring,28,348439
2026-01-23T04:39:19.914421,Universitätsring,28,348240
2026-01-23T04:39:19.914421,Universitätsring,28,348214
2026-01-23T04:39:19.914421,Universitätsring,28,348047
2026-01-23T04:39:19.914421,Universitätsring,28,348017
2026-01-23T04:39:19.914421,Universitätsring,28,348630
2026-01-23T04:39:19.914421,Universitätsring,28,348592
2026-01-23T04:39:19.914421,Universitätsring,28,398837
2026-01-23T04:39:19.914421,Herrengasse U,26,345339
2026-01-23T04:39:19.914421,Herrengasse U,26,345295
2026-01-23T04:39:19.914421,Herrengasse U,26,345163
2026-01-23T04:39:19.914421,Herrengasse U,26,345008
2026-01-23T04:39:19.914421,Herrengasse U,26,345978
2026-01-23T04:39:19.914421,Herrengasse U,26,345638
2026-01-23T04:39:19.914421,Herrengasse U,26,345518
2026-01-23T04:39:19.914421,Herrengasse U,26,346434
2026-01-23T04:39:19.914421,Herrengasse U,26,346250
2026-01-23T04:39:19.914421,Herrengasse U,26,346137
2026-01-23T04:39:19.914421,Herrengasse U,26,346936
2026-01-23T04:39:19.914421,Herrengasse U,26,347267
2026-01-23T04:39:19.914421,Herrengasse U,26,347239
2026-01-23T04:39:19.914421,Herrengasse U,26,347111
2026-01-23T04:39:19.914421,Herrengasse U,26,347031
2026-01-23T04:39:19.914421,Herrengasse U,26,347832
2026-01-23T04:39:19.914421,Herrengasse U,26,347667
2026-01-23T04:39:19.914421,Herrengasse U,26,348476
2026-01-23T04:39:19.914421,Herrengasse U,26,348419
2026-01-23T04:39:19.914421,Herrengasse U,26,348071
2026-01-23T04:39:19.914421,Herrengasse U,26,348033
2026-01-23T04:39:19.914421,Herrengasse U,26,348618
2026-01-23T04:39:19.914421,Herrengasse U,26,348547
2026-01-23T04:39:19.914421,Herrengasse U,26,349007
2026-01-23T04:39:19.914421,Herrengasse U,26,348832
2026-01-23T04:39:19.914421,Herrengasse U,26,348831
2026-01-23T04:39:19.914421,Sensengasse,17,345239
2026-01-23T04:39:19.914421,Sensengasse,17,345770
2026-01-23T04:39:19.914421,Sensengasse,17,346442
2026-01-23T04:39:19.914421,Sensengasse,17,346389
2026-01-23T04:39:19.914421,Sensengasse,17,346263
2026-01-23T04:39:19.914421,Sensengasse,17,346876
2026-01-23T04:39:19.914421,Sensengasse,17,346800
2026-01-23T04:39:19.914421,Sensengasse,17,346682
2026-01-23T04:39:19.914421,Sensengasse,17,346674
2026-01-23T04:39:19.914421,Sensengasse,17,347459
2026-01-23T04:39:19.914421,Sensengasse,17,347427
2026-01-23T04:39:19.914421,Sensengasse,17,347369
2026-01-23T04:39:19.914421,Sensengasse,17,347783
2026-01-23T04:39:19.914421,Sensengasse,17,348377
2026-01-23T04:39:19.914421,Sensengasse,17,348675
2026-01-23T04:39:19.914421,Sensengasse,17,348632
2026-01-23T04:39:19.914421,Sensengasse,17,348562
2026-01-23T04:39:19.914421,Belgradplatz,8,345774
2026-01-23T04:39:19.914421,Belgradplatz,8,346683
2026-01-23T04:39:19.914421,Belgradplatz,8,346636
2026-01-23T04:39:19.914421,Belgradplatz,8,347308
2026-01-23T04:39:19.914421,Belgradplatz,8,348251
2026-01-23T04:39:19.914421,Belgradplatz,8,348658
2026-01-23T04:39:19.914421,Belgradplatz,8,348647
2026-01-23T04:39:19.914421,Belgradplatz,8,348532
2026-01-23T04:39:19.914421,Rathausplatz / Burgtheater,15,345416
2026-01-23T04:39:19.914421,Rathausplatz / Burgtheater,15,345156
2026-01-23T04:39:19.914421,Rathausplatz / Burgtheater,15,345090
2026-01-23T04:39:19.914421,Rathausplatz / Burgtheater,15,345932
2026-01-23T04:39:19.914421,Rathausplatz / Burgtheater,15,345601
2026-01-23T04:39:19.914421,Rathausplatz / Burgtheater,15,345552
2026-01-23T04:39:19.914421,Rathausplatz / Burgtheater,15,347707
2026-01-23T04:39:19.914421,Rathausplatz / Burgtheater,15,347586
2026-01-23T04:39:19.914421,Rathausplatz / Burgtheater,15,348180
2026-01-23T04:39:19.914421,Rathausplatz / Burgtheater,15,348139
2026-01-23T04:39:19.914421,Rathausplatz / Burgtheater,15,348098
2026-01-23T04:39:19.914421,Rathausplatz / Burgtheater,15,348083
2026-01-23T04:39:19.914421,Rathausplatz / Burgtheater,15,348046
2026-01-23T04:39:19.914421,Rathausplatz / Burgtheater,15,348599
2026-01-23T04:39:19.914421,Rathausplatz / Burgtheater,15,349122
2026-01-23T04:39:19.914421,Arbeitergasse - Gürtel,12,345720
2026-01-23T04:39:19.914421,Arbeitergasse - Gürtel,12,345717
2026-01-23T04:39:19.914421,Arbeitergasse - Gürtel,12,345533
2026-01-23T04:39:19.914421,Arbeitergasse - Gürtel,12,346470
2026-01-23T04:39:19.914421,Arbeitergasse - Gürtel,12,346070
2026-01-23T04:39:19.914421,Arbeitergasse - Gürtel,12,346870
2026-01-23T04:39:19.914421,Arbeitergasse - Gürtel,12,346826
2026-01-23T04:39:19.914421,Arbeitergasse - Gürtel,12,346760
2026-01-23T04:39:19.914421,Arbeitergasse - Gürtel,12,347742
2026-01-23T04:39:19.914421,Arbeitergasse - Gürtel,12,348497
2026-01-23T04:39:19.914421,Arbeitergasse - Gürtel,12,348291
2026-01-23T04:39:19.914421,Arbeitergasse - Gürtel,12,398798
2026-01-23T04:39:19.914421,Bauernfeldplatz / Palais Lichtenstein,19,345495
2026-01-23T04:39:19.914421,Bauernfeldplatz / Palais Lichtenstein,19,345128
2026-01-23T04:39:19.914421,Bauernfeldplatz / Palais Lichtenstein,19,345949
2026-01-23T04:39:19.914421,Bauernfeldplatz / Palais Lichtenstein,19,345831
2026-01-23T04:39:19.914421,Bauernfeldplatz / Palais Lichtenstein,19,345736
2026-01-23T04:39:19.914421,Bauernfeldplatz / Palais Lichtenstein,19,345529
2026-01-23T04:39:19.914421,Bauernfeldplatz / Palais Lichtenstein,19,346040
2026-01-23T04:39:19.914421,Bauernfeldplatz / Palais Lichtenstein,19,346864
2026-01-23T04:39:19.914421,Bauernfeldplatz / Palais Lichtenstein,19,346780
2026-01-23T04:39:19.914421,Bauernfeldplatz / Palais Lichtenstein,19,346597
2026-01-23T04:39:19.914421,Bauernfeldplatz / Palais Lichtenstein,19,347414
2026-01-23T04:39:19.914421,Bauernfeldplatz / Palais Lichtenstein,19,347343
2026-01-23T04:39:19.914421,Bauernfeldplatz / Palais Lichtenstein,19,347319
2026-01-23T04:39:19.914421,Bauernfeldplatz / Palais Lichtenstein,19,347316
2026-01-23T04:39:19.914421,Bauernfeldplatz / Palais Lichtenstein,19,347054
2026-01-23T04:39:19.914421,Bauernfeldplatz / Palais Lichtenstein,19,347890
2026-01-23T04:39:19.914421,Bauernfeldplatz / Palais Lichtenstein,19,347724
2026-01-23T04:39:19.914421,Bauernfeldplatz / Palais Lichtenstein,19,347594
2026-01-23T04:39:19.914421,Bauernfeldplatz / Palais Lichtenstein,19,347516
2026-01-23T04:39:19.914421,Johannesgasse / Stadtpark,14,345445
2026-01-23T04:39:19.914421,Johannesgasse / Stadtpark,14,345237
2026-01-23T04:39:19.914421,Johannesgasse / Stadtpark,14,346127
2026-01-23T04:39:19.914421,Johannesgasse / Stadtpark,14,346797
2026-01-23T04:39:19.914421,Johannesgasse / Stadtpark,14,346620
2026-01-23T04:39:19.914421,Johannesgasse / Stadtpark,14,347032
2026-01-23T04:39:19.914421,Johannesgasse / Stadtpark,14,347685
2026-01-23T04:39:19.914421,Johannesgasse / Stadtpark,14,348459
2026-01-23T04:39:19.914421,Johannesgasse / Stadtpark,14,348393
2026-01-23T04:39:19.914421,Johannesgasse / Stadtpark,14,348027
2026-01-23T04:39:19.914421,Johannesgasse / Stadtpark,14,398758
2026-01-23T04:39:19.914421,Johannesgasse / Stadtpark,14,348961
2026-01-23T04:39:19.914421,Johannesgasse / Stadtpark,14,348940
2026-01-23T04:39:19.914421,Johannesgasse / Stadtpark,14,349199
2026-01-23T04:39:19.914421,Bischof-Faber-Platz,3,347969
2026-01-23T04:39:19.914421,Bischof-Faber-Platz,3,347797
2026-01-23T04:39:19.914421,Bischof-Faber-Platz,3,348136
2026-01-23T04:39:19.914421,Am Schöpfwerk U,14,345031
2026-01-23T04:39:19.914421,Am Schöpfwerk U,14,345989
2026-01-23T04:39:19.914421,Am Schöpfwerk U,14,345970
2026-01-23T04:39:19.914421,Am Schöpfwerk U,14,345952
2026-01-23T04:39:19.914421,Am Schöpfwerk U,14,345939
2026-01-23T04:39:19.914421,Am Schöpfwerk U,14,345575
2026-01-23T04:39:19.914421,Am Schöpfwerk U,14,346353
2026-01-23T04:39:19.914421,Am Schöpfwerk U,14,346914
2026-01-23T04:39:19.914421,Am Schöpfwerk U,14,346527
2026-01-23T04:39:19.914421,Am Schöpfwerk U,14,347240
2026-01-23T04:39:19.914421,Am Schöpfwerk U,14,347096
2026-01-23T04:39:19.914421,Am Schöpfwerk U,14,347625
2026-01-23T04:39:19.914421,Am Schöpfwerk U,14,348269
2026-01-23T04:39:19.914421,Am Schöpfwerk U,14,398793
2026-01-23T04:39:19.914421,Alserbachstraße,20,345346
2026-01-23T04:39:19.914421,Alserbachstraße,20,345724
2026-01-23T04:39:19.914421,Alserbachstraße,20,346390
2026-01-23T04:39:19.914421,Alserbachstraße,20,346365
2026-01-23T04:39:19.914421,Alserbachstraße,20,346202
2026-01-23T04:39:19.914421,Alserbachstraße,20,346891
2026-01-23T04:39:19.914421,Alserbachstraße,20,347438
2026-01-23T04:39:19.914421,Alserbachstraße,20,347169
2026-01-23T04:39:19.914421,Alserbachstraße,20,347944
2026-01-23T04:39:19.914421,Alserbachstraße,20,347934
2026-01-23T04:39:19.914421,Alserbachstraße,20,347903
2026-01-23T04:39:19.914421,Alserbachstraße,20,347632
2026-01-23T04:39:19.914421,Alserbachstraße,20,347540
2026-01-23T04:39:19.914421,Alserbachstraße,20,348489
2026-01-23T04:39:19.914421,Alserbachstraße,20,348364
2026-01-23T04:39:19.914421,Alserbachstraße,20,348336
2026-01-23T04:39:19.914421,Alserbachstraße,20,348116
2026-01-23T04:39:19.914421,Alserbachstraße,20,348057
2026-01-23T04:39:19.914421,Alserbachstraße,20,398736
2026-01-23T04:39:19.914421,Alserbachstraße,20,398722
2026-01-23T04:39:19.914421,Petrusgasse,16,345106
2026-01-23T04:39:19.914421,Petrusgasse,16,345629
2026-01-23T04:39:19.914421,Petrusgasse,16,345535
2026-01-23T04:39:19.914421,Petrusgasse,16,346401
2026-01-23T04:39:19.914421,Petrusgasse,16,346240
2026-01-23T04:39:19.914421,Petrusgasse,16,346193
2026-01-23T04:39:19.914421,Petrusgasse,16,346176
2026-01-23T04:39:19.914421,Petrusgasse,16,346623
2026-01-23T04:39:19.914421,Petrusgasse,16,346599
2026-01-23T04:39:19.914421,Petrusgasse,16,347457
2026-01-23T04:39:19.914421,Petrusgasse,16,347144
2026-01-23T04:39:19.914421,Petrusgasse,16,347970
2026-01-23T04:39:19.914421,Petrusgasse,16,347928
2026-01-23T04:39:19.914421,Petrusgasse,16,347604
2026-01-23T04:39:19.914421,Petrusgasse,16,349005
2026-01-23T04:39:19.914421,Petrusgasse,16,348859
2026-01-23T04:39:19.914421,Wassergasse,29,345912
2026-01-23T04:39:19.914421,Wassergasse,29,345783
2026-01-23T04:39:19.914421,Wassergasse,29,345683
2026-01-23T04:39:19.914421,Wassergasse,29,345606
2026-01-23T04:39:19.914421,Wassergasse,29,345530
2026-01-23T04:39:19.914421,Wassergasse,29,346438
2026-01-23T04:39:19.914421,Wassergasse,29,346398
2026-01-23T04:39:19.914421,Wassergasse,29,346302
2026-01-23T04:39:19.914421,Wassergasse,29,346987
2026-01-23T04:39:19.914421,Wassergasse,29,346894
2026-01-23T04:39:19.914421,Wassergasse,29,346887
2026-01-23T04:39:19.914421,Wassergasse,29,346722
2026-01-23T04:39:19.914421,Wassergasse,29,346518
2026-01-23T04:39:19.914421,Wassergasse,29,346508
2026-01-23T04:39:19.914421,Wassergasse,29,347384
2026-01-23T04:39:19.914421,Wassergasse,29,347183
2026-01-23T04:39:19.914421,Wassergasse,29,347180
2026-01-23T04:39:19.914421,Wassergasse,29,347046
2026-01-23T04:39:19.914421,Wassergasse,29,347747
2026-01-23T04:39:19.914421,Wassergasse,29,347563
2026-01-23T04:39:19.914421,Wassergasse,29,347504
2026-01-23T04:39:19.914421,Wassergasse,29,348073
2026-01-23T04:39:19.914421,Wassergasse,29,348061
2026-01-23T04:39:19.914421,Wassergasse,29,348702
2026-01-23T04:39:19.914421,Wassergasse,29,348677
2026-01-23T04:39:19.914421,Wassergasse,29,398796
2026-01-23T04:39:19.914421,Wassergasse,29,398787
2026-01-23T04:39:19.914421,Wassergasse,29,349033
2026-01-23T04:39:19.914421,Wassergasse,29,349175
2026-01-23T04:39:19.914421,Löwengasse,14,345229
2026-01-23T04:39:19.914421,Löwengasse,14,345157
2026-01-23T04:39:19.914421,Löwengasse,14,346421
2026-01-23T04:39:19.914421,Löwengasse,14,346317
2026-01-23T04:39:19.914421,Löwengasse,14,346029
2026-01-23T04:39:19.914421,Löwengasse,14,346574
2026-01-23T04:39:19.914421,Löwengasse,14,346502
2026-01-23T04:39:19.914421,Löwengasse,14,347250
2026-01-23T04:39:19.914421,Löwengasse,14,347238
2026-01-23T04:39:19.914421,Löwengasse,14,347098
2026-01-23T04:39:19.914421,Löwengasse,14,347528
2026-01-23T04:39:19.914421,Löwengasse,14,348275
2026-01-23T04:39:19.914421,Löwengasse,14,348048
2026-01-23T04:39:19.914421,Löwengasse,14,348011
2026-01-23T04:39:19.914421,Kardinal-Nagl-Platz U,9,345845
2026-01-23T04:39:19.914421,Kardinal-Nagl-Platz U,9,345711
2026-01-23T04:39:19.914421,Kardinal-Nagl-Platz U,9,345590
2026-01-23T04:39:19.914421,Kardinal-Nagl-Platz U,9,345586
2026-01-23T04:39:19.914421,Kardinal-Nagl-Platz U,9,347407
2026-01-23T04:39:19.914421,Kardinal-Nagl-Platz U,9,347285
2026-01-23T04:39:19.914421,Kardinal-Nagl-Platz U,9,347088
2026-01-23T04:39:19.914421,Kardinal-Nagl-Platz U,9,348105
2026-01-23T04:39:19.914421,Kardinal-Nagl-Platz U,9,348830
2026-01-23T04:39:19.914421,Kärntner Ring,16,345297
2026-01-23T04:39:19.914421,Kärntner Ring,16,345851
2026-01-23T04:39:19.914421,Kärntner Ring,16,345803
2026-01-23T04:39:19.914421,Kärntner Ring,16,345672
2026-01-23T04:39:19.914421,Kärntner Ring,16,346138
2026-01-23T04:39:19.914421,Kärntner Ring,16,346867
2026-01-23T04:39:19.914421,Kärntner Ring,16,346675
2026-01-23T04:39:19.914421,Kärntner Ring,16,346667
2026-01-23T04:39:19.914421,Kärntner Ring,16,346647
2026-01-23T04:39:19.914421,Kärntner Ring,16,347464
2026-01-23T04:39:19.914421,Kärntner Ring,16,347396
2026-01-23T04:39:19.914421,Kärntner Ring,16,347089
2026-01-23T04:39:19.914421,Kärntner Ring,16,347947
2026-01-23T04:39:19.914421,Kärntner Ring,16,347913
2026-01-23T04:39:19.914421,Kärntner Ring,16,398861
2026-01-23T04:39:19.914421,Kärntner Ring,16,349119
2026-01-23T04:39:19.914421,Schottenring U,20,345251
2026-01-23T04:39:19.914421,Schottenring U,20,345948
2026-01-23T04:39:19.914421,Schottenring U,20,345869
2026-01-23T04:39:19.914421,Schottenring U,20,345546
2026-01-23T04:39:19.914421,Schottenring U,20,346277
2026-01-23T04:39:19.914421,Schottenring U,20,346226
2026-01-23T04:39:19.914421,Schottenring U,20,346000
2026-01-23T04:39:19.914421,Schottenring U,20,346604
2026-01-23T04:39:19.914421,Schottenring U,20,347483
2026-01-23T04:39:19.914421,Schottenring U,20,347244
2026-01-23T04:39:19.914421,Schottenring U,20,347638
2026-01-23T04:39:19.914421,Schottenring U,20,348362
2026-01-23T04:39:19.914421,Schottenring U,20,348348
2026-01-23T04:39:19.914421,Schottenring U,20,348245
2026-01-23T04:39:19.914421,Schottenring U,20,348210
2026-01-23T04:39:19.914421,Schottenring U,20,348158
2026-01-23T04:39:19.914421,Schottenring U,20,348130
2026-01-23T04:39:19.914421,Schottenring U,20,348701
2026-01-23T04:39:19.914421,Schottenring U,20,398853
2026-01-23T04:39:19.914421,Schottenring U,20,349034
2026-01-23T04:39:19.914421,Strozzigasse,21,345384
2026-01-23T04:39:19.914421,Strozzigasse,21,345319
2026-01-23T04:39:19.914421,Strozzigasse,21,345315
2026-01-23T04:39:19.914421,Strozzigasse,21,345118
2026-01-23T04:39:19.914421,Strozzigasse,21,345116
2026-01-23T04:39:19.914421,Strozzigasse,21,345734
2026-01-23T04:39:19.914421,Strozzigasse,21,345646
2026-01-23T04:39:19.914421,Strozzigasse,21,345522
2026-01-23T04:39:19.914421,Strozzigasse,21,346465
2026-01-23T04:39:19.914421,Strozzigasse,21,346811
2026-01-23T04:39:19.914421,Strozzigasse,21,346771
2026-01-23T04:39:19.914421,Strozzigasse,21,346734
2026-01-23T04:39:19.914421,Strozzigasse,21,347471
2026-01-23T04:39:19.914421,Strozzigasse,21,347189
2026-01-23T04:39:19.914421,Strozzigasse,21,347185
2026-01-23T04:39:19.914421,Strozzigasse,21,347502
2026-01-23T04:39:19.914421,Strozzigasse,21,348409
2026-01-23T04:39:19.914421,Strozzigasse,21,348383
2026-01-23T04:39:19.914421,Strozzigasse,21,348312
2026-01-23T04:39:19.914421,Strozzigasse,21,348274
2026-01-23T04:39:19.914421,Strozzigasse,21,348624
2026-01-23T04:39:19.914421,Yppengasse,34,345404
2026-01-23T04:39:19.914421,Yppengasse,34,345140
2026-01-23T04:39:19.914421,Yppengasse,34,345138
2026-01-23T04:39:19.914421,Yppengasse,34,345101
2026-01-23T04:39:19.914421,Yppengasse,34,345062
2026-01-23T04:39:19.914421,Yppengasse,34,345748
2026-01-23T04:39:19.914421,Yppengasse,34,345669
2026-01-23T04:39:19.914421,Yppengasse,34,345553
2026-01-23T04:39:19.914421,Yppengasse,34,346404
2026-01-23T04:39:19.914421,Yppengasse,34,346399
2026-01-23T04:39:19.914421,Yppengasse,34,346291
2026-01-23T04:39:19.914421,Yppengasse,34,346235
2026-01-23T04:39:19.914421,Yppengasse,34,346200
2026-01-23T04:39:19.914421,Yppengasse,34,346191
2026-01-23T04:39:19.914421,Yppengasse,34,346183
2026-01-23T04:39:19.914421,Yppengasse,34,346602
2026-01-23T04:39:19.914421,Yppengasse,34,347490
2026-01-23T04:39:19.914421,Yppengasse,34,347489
2026-01-23T04:39:19.914421,Yppengasse,34,347303
2026-01-23T04:39:19.914421,Yppengasse,34,347236
2026-01-23T04:39:19.914421,Yppengasse,34,347229
2026-01-23T04:39:19.914421,Yppengasse,34,347129
2026-01-23T04:39:19.914421,Yppengasse,34,347980
2026-01-23T04:39:19.914421,Yppengasse,34,347960
2026-01-23T04:39:19.914421,Yppengasse,34,347706
2026-01-23T04:39:19.914421,Yppengasse,34,347681
2026-01-23T04:39:19.914421,Yppengasse,34,347646
2026-01-23T04:39:19.914421,Yppengasse,34,347603
2026-01-23T04:39:19.914421,Yppengasse,34,347544
2026-01-23T04:39:19.914421,Yppengasse,34,348454
2026-01-23T04:39:19.914421,Yppengasse,34,348415
2026-01-23T04:39:19.914421,Yppengasse,34,348300
2026-01-23T04:39:19.914421,Yppengasse,34,348616
2026-01-23T04:39:19.914421,Yppengasse,34,398749
2026-01-23T04:39:19.914421,Stefan-Fadinger-Platz,15,345210
2026-01-23T04:39:19.914421,Stefan-Fadinger-Platz,15,345185
2026-01-23T04:39:19.914421,Stefan-Fadinger-Platz,15,345102
2026-01-23T04:39:19.914421,Stefan-Fadinger-Platz,15,345616
2026-01-23T04:39:19.914421,Stefan-Fadinger-Platz,15,346477
2026-01-23T04:39:19.914421,Stefan-Fadinger-Platz,15,346415
2026-01-23T04:39:19.914421,Stefan-Fadinger-Platz,15,346905
2026-01-23T04:39:19.914421,Stefan-Fadinger-Platz,15,346877
2026-01-23T04:39:19.914421,Stefan-Fadinger-Platz,15,346609
2026-01-23T04:39:19.914421,Stefan-Fadinger-Platz,15,347329
2026-01-23T04:39:19.914421,Stefan-Fadinger-Platz,15,347164
2026-01-23T04:39:19.914421,Stefan-Fadinger-Platz,15,347780
2026-01-23T04:39:19.914421,Stefan-Fadinger-Platz,15,347595
2026-01-23T04:39:19.914421,Stefan-Fadinger-Platz,15,348470
2026-01-23T04:39:19.914421,Stefan-Fadinger-Platz,15,348524
2026-01-23T04:39:19.914421,Brünnlbadgasse,7,345286
2026-01-23T04:39:19.914421,Brünnlbadgasse,7,345796
2026-01-23T04:39:19.914421,Brünnlbadgasse,7,345744
2026-01-23T04:39:19.914421,Brünnlbadgasse,7,347039
2026-01-23T04:39:19.914421,Brünnlbadgasse,7,347580
2026-01-23T04:39:19.914421,Brünnlbadgasse,7,398726
2026-01-23T04:39:19.914421,Brünnlbadgasse,7,348877
2026-01-23T04:39:19.914421,Obere Augartenstraße,18,345298
2026-01-23T04:39:19.914421,Obere Augartenstraße,18,345136
2026-01-23T04:39:19.914421,Obere Augartenstraße,18,345030
2026-01-23T04:39:19.914421,Obere Augartenstraße,18,345929
2026-01-23T04:39:19.914421,Obere Augartenstraße,18,345914
2026-01-23T04:39:19.914421,Obere Augartenstraße,18,345819
2026-01-23T04:39:19.914421,Obere Augartenstraße,18,345631
2026-01-23T04:39:19.914421,Obere Augartenstraße,18,346445
2026-01-23T04:39:19.914421,Obere Augartenstraße,18,346405
2026-01-23T04:39:19.914421,Obere Augartenstraße,18,346198
2026-01-23T04:39:19.914421,Obere Augartenstraße,18,347289
2026-01-23T04:39:19.914421,Obere Augartenstraße,18,347231
2026-01-23T04:39:19.914421,Obere Augartenstraße,18,347993
2026-01-23T04:39:19.914421,Obere Augartenstraße,18,347880
2026-01-23T04:39:19.914421,Obere Augartenstraße,18,347808
2026-01-23T04:39:19.914421,Obere Augartenstraße,18,348418
2026-01-23T04:39:19.914421,Obere Augartenstraße,18,348608
2026-01-23T04:39:19.914421,Obere Augartenstraße,18,348995
2026-01-23T04:39:19.914421,Gußhausstraße / Argentinierstraße,8,345988
2026-01-23T04:39:19.914421,Gußhausstraße / Argentinierstraße,8,346713
2026-01-23T04:39:19.914421,Gußhausstraße / Argentinierstraße,8,347957
2026-01-23T04:39:19.914421,Gußhausstraße / Argentinierstraße,8,348553
2026-01-23T04:39:19.914421,Gußhausstraße / Argentinierstraße,8,398843
2026-01-23T04:39:19.914421,Gußhausstraße / Argentinierstraße,8,348982
2026-01-23T04:39:19.914421,Gußhausstraße / Argentinierstraße,8,348957
2026-01-23T04:39:19.914421,Gußhausstraße / Argentinierstraße,8,349164
2026-01-23T04:39:19.914421,Marschallplatz,9,345212
2026-01-23T04:39:19.914421,Marschallplatz,9,345981
2026-01-23T04:39:19.914421,Marschallplatz,9,345561
2026-01-23T04:39:19.914421,Marschallplatz,9,345542
2026-01-23T04:39:19.914421,Marschallplatz,9,346221
2026-01-23T04:39:19.914421,Marschallplatz,9,347466
2026-01-23T04:39:19.914421,Marschallplatz,9,348626
2026-01-23T04:39:19.914421,Marschallplatz,9,348583
2026-01-23T04:39:19.914421,Marschallplatz,9,348823
2026-01-23T04:39:19.914421,Ober St. Veit U,11,345418
2026-01-23T04:39:19.914421,Ober St. Veit U,11,345866
2026-01-23T04:39:19.914421,Ober St. Veit U,11,347290
2026-01-23T04:39:19.914421,Ober St. Veit U,11,347133
2026-01-23T04:39:19.914421,Ober St. Veit U,11,347114
2026-01-23T04:39:19.914421,Ober St. Veit U,11,347104
2026-01-23T04:39:19.914421,Ober St. Veit U,11,347853
2026-01-23T04:39:19.914421,Ober St. Veit U,11,347814
2026-01-23T04:39:19.914421,Ober St. Veit U,11,347687
2026-01-23T04:39:19.914421,Ober St. Veit U,11,347617
2026-01-23T04:39:19.914421,Ober St. Veit U,11,348448
2026-01-23T04:39:19.914421,Auf der Schmelz,21,345489
2026-01-23T04:39:19.914421,Auf der Schmelz,21,345432
2026-01-23T04:39:19.914421,Auf der Schmelz,21,345240
2026-01-23T04:39:19.914421,Auf der Schmelz,21,345107
2026-01-23T04:39:19.914421,Auf der Schmelz,21,345099
2026-01-23T04:39:19.914421,Auf der Schmelz,21,345921
2026-01-23T04:39:19.914421,Auf der Schmelz,21,345762
2026-01-23T04:39:19.914421,Auf der Schmelz,21,345619
2026-01-23T04:39:19.914421,Auf der Schmelz,21,346387
2026-01-23T04:39:19.914421,Auf der Schmelz,21,346929
2026-01-23T04:39:19.914421,Auf der Schmelz,21,346723
2026-01-23T04:39:19.914421,Auf der Schmelz,21,347468
2026-01-23T04:39:19.914421,Auf der Schmelz,21,347467
2026-01-23T04:39:19.914421,Auf der Schmelz,21,347447
2026-01-23T04:39:19.914421,Auf der Schmelz,21,347275
2026-01-23T04:39:19.914421,Auf der Schmelz,21,347057
2026-01-23T04:39:19.914421,Auf der Schmelz,21,347812
2026-01-23T04:39:19.914421,Auf der Schmelz,21,348422
2026-01-23T04:39:19.914421,Auf der Schmelz,21,348363
2026-01-23T04:39:19.914421,Auf der Schmelz,21,348264
2026-01-23T04:39:19.914421,Auf der Schmelz,21,349193
2026-01-23T04:39:19.914421,Grimmgasse,13,345496
2026-01-23T04:39:19.914421,Grimmgasse,13,345805
2026-01-23T04:39:19.914421,Grimmgasse,13,345776
2026-01-23T04:39:19.914421,Grimmgasse,13,346175
2026-01-23T04:39:19.914421,Grimmgasse,13,346012
2026-01-23T04:39:19.914421,Grimmgasse,13,346998
2026-01-23T04:39:19.914421,Grimmgasse,13,346900
2026-01-23T04:39:19.914421,Grimmgasse,13,347374
2026-01-23T04:39:19.914421,Grimmgasse,13,347298
2026-01-23T04:39:19.914421,Grimmgasse,13,347954
2026-01-23T04:39:19.914421,Grimmgasse,13,348388
2026-01-23T04:39:19.914421,Grimmgasse,13,348544
2026-01-23T04:39:19.914421,Grimmgasse,13,398867
2026-01-23T04:39:19.914421,Parhamerplatz,33,345357
2026-01-23T04:39:19.914421,Parhamerplatz,33,345348
2026-01-23T04:39:19.914421,Parhamerplatz,33,345269
2026-01-23T04:39:19.914421,Parhamerplatz,33,345214
2026-01-23T04:39:19.914421,Parhamerplatz,33,345095
2026-01-23T04:39:19.914421,Parhamerplatz,33,345084
2026-01-23T04:39:19.914421,Parhamerplatz,33,345074
2026-01-23T04:39:19.914421,Parhamerplatz,33,345052
2026-01-23T04:39:19.914421,Parhamerplatz,33,345976
2026-01-23T04:39:19.914421,Parhamerplatz,33,345881
2026-01-23T04:39:19.914421,Parhamerplatz,33,345849
2026-01-23T04:39:19.914421,Parhamerplatz,33,345807
2026-01-23T04:39:19.914421,Parhamerplatz,33,345768
2026-01-23T04:39:19.914421,Parhamerplatz,33,345687
2026-01-23T04:39:19.914421,Parhamerplatz,33,346475
2026-01-23T04:39:19.914421,Parhamerplatz,33,346210
2026-01-23T04:39:19.914421,Parhamerplatz,33,346105
2026-01-23T04:39:19.914421,Parhamerplatz,33,346994
2026-01-23T04:39:19.914421,Parhamerplatz,33,346957
2026-01-23T04:39:19.914421,Parhamerplatz,33,346861
2026-01-23T04:39:19.914421,Parhamerplatz,33,346778
2026-01-23T04:39:19.914421,Parhamerplatz,33,346569
2026-01-23T04:39:19.914421,Parhamerplatz,33,347906
2026-01-23T04:39:19.914421,Parhamerplatz,33,347884
2026-01-23T04:39:19.914421,Parhamerplatz,33,347863
2026-01-23T04:39:19.914421,Parhamerplatz,33,347791
2026-01-23T04:39:19.914421,Parhamerplatz,33,347786
2026-01-23T04:39:19.914421,Parhamerplatz,33,347650
2026-01-23T04:39:19.914421,Parhamerplatz,33,348379
2026-01-23T04:39:19.914421,Parhamerplatz,33,348289
2026-01-23T04:39:19.914421,Parhamerplatz,33,348255
2026-01-23T04:39:19.914421,Parhamerplatz,33,348588
2026-01-23T04:39:19.914421,Parhamerplatz,33,398730
2026-01-23T04:39:19.914421,Kendlerstraße U,15,345081
2026-01-23T04:39:19.914421,Kendlerstraße U,15,345959
2026-01-23T04:39:19.914421,Kendlerstraße U,15,345694
2026-01-23T04:39:19.914421,Kendlerstraße U,15,345622
2026-01-23T04:39:19.914421,Kendlerstraße U,15,345531
2026-01-23T04:39:19.914421,Kendlerstraße U,15,346641
2026-01-23T04:39:19.914421,Kendlerstraße U,15,347024
2026-01-23T04:39:19.914421,Kendlerstraße U,15,347858
2026-01-23T04:39:19.914421,Kendlerstraße U,15,348375
2026-01-23T04:39:19.914421,Kendlerstraße U,15,348311
2026-01-23T04:39:19.914421,Kendlerstraße U,15,348261
2026-01-23T04:39:19.914421,Kendlerstraße U,15,348187
2026-01-23T04:39:19.914421,Kendlerstraße U,15,398825
2026-01-23T04:39:19.914421,Kendlerstraße U,15,348972
2026-01-23T04:39:19.914421,Kendlerstraße U,15,349116
2026-01-23T04:39:19.914421,Dornerplatz,31,345479
2026-01-23T04:39:19.914421,Dornerplatz,31,345434
2026-01-23T04:39:19.914421,Dornerplatz,31,345425
2026-01-23T04:39:19.914421,Dornerplatz,31,345335
2026-01-23T04:39:19.914421,Dornerplatz,31,345259
2026-01-23T04:39:19.914421,Dornerplatz,31,345246
2026-01-23T04:39:19.914421,Dornerplatz,31,345228
2026-01-23T04:39:19.914421,Dornerplatz,31,345675
2026-01-23T04:39:19.914421,Dornerplatz,31,345658
2026-01-23T04:39:19.914421,Dornerplatz,31,345584
2026-01-23T04:39:19.914421,Dornerplatz,31,346462
2026-01-23T04:39:19.914421,Dornerplatz,31,346344
2026-01-23T04:39:19.914421,Dornerplatz,31,346289
2026-01-23T04:39:19.914421,Dornerplatz,31,346044
2026-01-23T04:39:19.914421,Dornerplatz,31,346985
2026-01-23T04:39:19.914421,Dornerplatz,31,346738
2026-01-23T04:39:19.914421,Dornerplatz,31,346704
2026-01-23T04:39:19.914421,Dornerplatz,31,346626
2026-01-23T04:39:19.914421,Dornerplatz,31,346509
2026-01-23T04:39:19.914421,Dornerplatz,31,347342
2026-01-23T04:39:19.914421,Dornerplatz,31,347252
2026-01-23T04:39:19.914421,Dornerplatz,31,347224
2026-01-23T04:39:19.914421,Dornerplatz,31,347123
2026-01-23T04:39:19.914421,Dornerplatz,31,347778
2026-01-23T04:39:19.914421,Dornerplatz,31,347746
2026-01-23T04:39:19.914421,Dornerplatz,31,347600
2026-01-23T04:39:19.914421,Dornerplatz,31,348236
2026-01-23T04:39:19.914421,Dornerplatz,31,348107
2026-01-23T04:39:19.914421,Dornerplatz,31,348577
2026-01-23T04:39:19.914421,Dornerplatz,31,348888
2026-01-23T04:39:19.914421,Dornerplatz,31,349158
2026-01-23T04:39:19.914421,Hernals S,11,345589
2026-01-23T04:39:19.914421,Hernals S,11,346479
2026-01-23T04:39:19.914421,Hernals S,11,346319
2026-01-23T04:39:19.914421,Hernals S,11,346229
2026-01-23T04:39:19.914421,Hernals S,11,346129
2026-01-23T04:39:19.914421,Hernals S,11,347041
2026-01-23T04:39:19.914421,Hernals S,11,347020
2026-01-23T04:39:19.914421,Hernals S,11,347788
2026-01-23T04:39:19.914421,Hernals S,11,347772
2026-01-23T04:39:19.914421,Hernals S,11,348089
2026-01-23T04:39:19.914421,Hernals S,11,348015
2026-01-23T04:39:19.914421,Schmelzbrücke,16,345429
2026-01-23T04:39:19.914421,Schmelzbrücke,16,345235
2026-01-23T04:39:19.914421,Schmelzbrücke,16,345096
2026-01-23T04:39:19.914421,Schmelzbrücke,16,346425
2026-01-23T04:39:19.914421,Schmelzbrücke,16,346932
2026-01-23T04:39:19.914421,Schmelzbrücke,16,346517
2026-01-23T04:39:19.914421,Schmelzbrücke,16,347480
2026-01-23T04:39:19.914421,Schmelzbrücke,16,347299
2026-01-23T04:39:19.914421,Schmelzbrücke,16,347242
2026-01-23T04:39:19.914421,Schmelzbrücke,16,347155
2026-01-23T04:39:19.914421,Schmelzbrücke,16,347642
2026-01-23T04:39:19.914421,Schmelzbrücke,16,348425
2026-01-23T04:39:19.914421,Schmelzbrücke,16,348424
2026-01-23T04:39:19.914421,Schmelzbrücke,16,348405
2026-01-23T04:39:19.914421,Schmelzbrücke,16,348065
2026-01-23T04:39:19.914421,Schmelzbrücke,16,398801
2026-01-23T04:39:19.914421,Michelbeuern-AKH U,28,345497
2026-01-23T04:39:19.914421,Michelbeuern-AKH U,28,345962
2026-01-23T04:39:19.914421,Michelbeuern-AKH U,28,345918
2026-01-23T04:39:19.914421,Michelbeuern-AKH U,28,345911
2026-01-23T04:39:19.914421,Michelbeuern-AKH U,28,345609
2026-01-23T04:39:19.914421,Michelbeuern-AKH U,28,346324
2026-01-23T04:39:19.914421,Michelbeuern-AKH U,28,346204
2026-01-23T04:39:19.914421,Michelbeuern-AKH U,28,346192
2026-01-23T04:39:19.914421,Michelbeuern-AKH U,28,346088
2026-01-23T04:39:19.914421,Michelbeuern-AKH U,28,346050
2026-01-23T04:39:19.914421,Michelbeuern-AKH U,28,346720
2026-01-23T04:39:19.914421,Michelbeuern-AKH U,28,346514
2026-01-23T04:39:19.914421,Michelbeuern-AKH U,28,347347
2026-01-23T04:39:19.914421,Michelbeuern-AKH U,28,347751
2026-01-23T04:39:19.914421,Michelbeuern-AKH U,28,347545
2026-01-23T04:39:19.914421,Michelbeuern-AKH U,28,347535
2026-01-23T04:39:19.914421,Michelbeuern-AKH U,28,347522
2026-01-23T04:39:19.914421,Michelbeuern-AKH U,28,348498
2026-01-23T04:39:19.914421,Michelbeuern-AKH U,28,348327
2026-01-23T04:39:19.914421,Michelbeuern-AKH U,28,348309
2026-01-23T04:39:19.914421,Michelbeuern-AKH U,28,348166
2026-01-23T04:39:19.914421,Michelbeuern-AKH U,28,348122
2026-01-23T04:39:19.914421,Michelbeuern-AKH U,28,348018
2026-01-23T04:39:19.914421,Michelbeuern-AKH U,28,348688
2026-01-23T04:39:19.914421,Michelbeuern-AKH U,28,348684
2026-01-23T04:39:19.914421,Michelbeuern-AKH U,28,398717
2026-01-23T04:39:19.914421,Michelbeuern-AKH U,28,349000
2026-01-23T04:39:19.914421,Michelbeuern-AKH U,28,348988
2026-01-23T04:39:19.914421,Johann-Nepomuk-Vogl-Platz,19,345317
2026-01-23T04:39:19.914421,Johann-Nepomuk-Vogl-Platz,19,345139
2026-01-23T04:39:19.914421,Johann-Nepomuk-Vogl-Platz,19,346357
2026-01-23T04:39:19.914421,Johann-Nepomuk-Vogl-Platz,19,346343
2026-01-23T04:39:19.914421,Johann-Nepomuk-Vogl-Platz,19,346251
2026-01-23T04:39:19.914421,Johann-Nepomuk-Vogl-Platz,19,347803
2026-01-23T04:39:19.914421,Johann-Nepomuk-Vogl-Platz,19,347718
2026-01-23T04:39:19.914421,Johann-Nepomuk-Vogl-Platz,19,347686
2026-01-23T04:39:19.914421,Johann-Nepomuk-Vogl-Platz,19,348436
2026-01-23T04:39:19.914421,Johann-Nepomuk-Vogl-Platz,19,348191
2026-01-23T04:39:19.914421,Johann-Nepomuk-Vogl-Platz,19,348008
2026-01-23T04:39:19.914421,Johann-Nepomuk-Vogl-Platz,19,348587
2026-01-23T04:39:19.914421,Johann-Nepomuk-Vogl-Platz,19,398860
2026-01-23T04:39:19.914421,Johann-Nepomuk-Vogl-Platz,19,398727
2026-01-23T04:39:19.914421,Johann-Nepomuk-Vogl-Platz,19,349028
2026-01-23T04:39:19.914421,Johann-Nepomuk-Vogl-Platz,19,348939
2026-01-23T04:39:19.914421,Johann-Nepomuk-Vogl-Platz,19,348897
2026-01-23T04:39:19.914421,Johann-Nepomuk-Vogl-Platz,19,348835
2026-01-23T04:39:19.914421,Johann-Nepomuk-Vogl-Platz,19,348827
2026-01-23T04:39:19.914421,Mayerhofgasse,3,345328
2026-01-23T04:39:19.914421,Mayerhofgasse,3,346621
2026-01-23T04:39:19.914421,Mayerhofgasse,3,348643
2026-01-23T04:39:19.914421,Westbahnstraße / Schottenfeldgasse,3,345823
2026-01-23T04:39:19.914421,Westbahnstraße / Schottenfeldgasse,3,347367
2026-01-23T04:39:19.914421,Westbahnstraße / Schottenfeldgasse,3,349146
2026-01-23T04:39:19.914421,Vorgartenstraße U,18,345928
2026-01-23T04:39:19.914421,Vorgartenstraße U,18,345909
2026-01-23T04:39:19.914421,Vorgartenstraße U,18,345637
2026-01-23T04:39:19.914421,Vorgartenstraße U,18,345532
2026-01-23T04:39:19.914421,Vorgartenstraße U,18,346259
2026-01-23T04:39:19.914421,Vorgartenstraße U,18,346233
2026-01-23T04:39:19.914421,Vorgartenstraße U,18,346160
2026-01-23T04:39:19.914421,Vorgartenstraße U,18,346013
2026-01-23T04:39:19.914421,Vorgartenstraße U,18,346968
2026-01-23T04:39:19.914421,Vorgartenstraße U,18,346779
2026-01-23T04:39:19.914421,Vorgartenstraße U,18,347443
2026-01-23T04:39:19.914421,Vorgartenstraße U,18,347073
2026-01-23T04:39:19.914421,Vorgartenstraße U,18,347752
2026-01-23T04:39:19.914421,Vorgartenstraße U,18,347613
2026-01-23T04:39:19.914421,Vorgartenstraße U,18,347511
2026-01-23T04:39:19.914421,Vorgartenstraße U,18,347508
2026-01-23T04:39:19.914421,Vorgartenstraße U,18,348010
2026-01-23T04:39:19.914421,Vorgartenstraße U,18,348885
2026-01-23T04:39:19.914421,Krieau U,15,345192
2026-01-23T04:39:19.914421,Krieau U,15,345144
2026-01-23T04:39:19.914421,Krieau U,15,345038
2026-01-23T04:39:19.914421,Krieau U,15,345007
2026-01-23T04:39:19.914421,Krieau U,15,345906
2026-01-23T04:39:19.914421,Krieau U,15,346741
2026-01-23T04:39:19.914421,Krieau U,15,346596
2026-01-23T04:39:19.914421,Krieau U,15,346587
2026-01-23T04:39:19.914421,Krieau U,15,347107
2026-01-23T04:39:19.914421,Krieau U,15,347800
2026-01-23T04:39:19.914421,Krieau U,15,347566
2026-01-23T04:39:19.914421,Krieau U,15,348421
2026-01-23T04:39:19.914421,Krieau U,15,348076
2026-01-23T04:39:19.914421,Krieau U,15,348067
2026-01-23T04:39:19.914421,Krieau U,15,349141
2026-01-23T04:39:19.914421,Ottakring S U,30,345474
2026-01-23T04:39:19.914421,Ottakring S U,30,345412
2026-01-23T04:39:19.914421,Ottakring S U,30,345078
2026-01-23T04:39:19.914421,Ottakring S U,30,345060
2026-01-23T04:39:19.914421,Ottakring S U,30,345986
2026-01-23T04:39:19.914421,Ottakring S U,30,345857
2026-01-23T04:39:19.914421,Ottakring S U,30,345707
2026-01-23T04:39:19.914421,Ottakring S U,30,345556
2026-01-23T04:39:19.914421,Ottakring S U,30,346414
2026-01-23T04:39:19.914421,Ottakring S U,30,346400
2026-01-23T04:39:19.914421,Ottakring S U,30,346977
2026-01-23T04:39:19.914421,Ottakring S U,30,346974
2026-01-23T04:39:19.914421,Ottakring S U,30,346913
2026-01-23T04:39:19.914421,Ottakring S U,30,346844
2026-01-23T04:39:19.914421,Ottakring S U,30,346823
2026-01-23T04:39:19.914421,Ottakring S U,30,346766
2026-01-23T04:39:19.914421,Ottakring S U,30,346737
2026-01-23T04:39:19.914421,Ottakring S U,30,346677
2026-01-23T04:39:19.914421,Ottakring S U,30,346614
2026-01-23T04:39:19.914421,Ottakring S U,30,347382
2026-01-23T04:39:19.914421,Ottakring S U,30,347325
2026-01-23T04:39:19.914421,Ottakring S U,30,347198
2026-01-23T04:39:19.914421,Ottakring S U,30,347115
2026-01-23T04:39:19.914421,Ottakring S U,30,347081
2026-01-23T04:39:19.914421,Ottakring S U,30,347691
2026-01-23T04:39:19.914421,Ottakring S U,30,347554
2026-01-23T04:39:19.914421,Ottakring S U,30,347520
2026-01-23T04:39:19.914421,Ottakring S U,30,348361
2026-01-23T04:39:19.914421,Ottakring S U,30,348149
2026-01-23T04:39:19.914421,Ottakring S U,30,398795
2026-01-23T04:39:19.914421,Hartmanngasse ,9,345066
2026-01-23T04:39:19.914421,Hartmanngasse ,9,345808
2026-01-23T04:39:19.914421,Hartmanngasse ,9,346093
2026-01-23T04:39:19.914421,Hartmanngasse ,9,347421
2026-01-23T04:39:19.914421,Hartmanngasse ,9,347064
2026-01-23T04:39:19.914421,Hartmanngasse ,9,347872
2026-01-23T04:39:19.914421,Hartmanngasse ,9,347729
2026-01-23T04:39:19.914421,Hartmanngasse ,9,348651
2026-01-23T04:39:19.914421,Hartmanngasse ,9,348546
2026-01-23T04:39:19.914421,Nestroyplatz U,8,345314
2026-01-23T04:39:19.914421,Nestroyplatz U,8,345249
2026-01-23T04:39:19.914421,Nestroyplatz U,8,346424
2026-01-23T04:39:19.914421,Nestroyplatz U,8,346219
2026-01-23T04:39:19.914421,Nestroyplatz U,8,346047
2026-01-23T04:39:19.914421,Nestroyplatz U,8,346906
2026-01-23T04:39:19.914421,Nestroyplatz U,8,346600
2026-01-23T04:39:19.914421,Nestroyplatz U,8,349127
2026-01-23T04:39:19.914421,Messe-Prater U,32,345771
2026-01-23T04:39:19.914421,Messe-Prater U,32,346430
2026-01-23T04:39:19.914421,Messe-Prater U,32,346248
2026-01-23T04:39:19.914421,Messe-Prater U,32,346197
2026-01-23T04:39:19.914421,Messe-Prater U,32,346136
2026-01-23T04:39:19.914421,Messe-Prater U,32,346001
2026-01-23T04:39:19.914421,Messe-Prater U,32,346792
2026-01-23T04:39:19.914421,Messe-Prater U,32,346671
2026-01-23T04:39:19.914421,Messe-Prater U,32,346642
2026-01-23T04:39:19.914421,Messe-Prater U,32,347314
2026-01-23T04:39:19.914421,Messe-Prater U,32,347287
2026-01-23T04:39:19.914421,Messe-Prater U,32,347151
2026-01-23T04:39:19.914421,Messe-Prater U,32,347147
2026-01-23T04:39:19.914421,Messe-Prater U,32,347136
2026-01-23T04:39:19.914421,Messe-Prater U,32,347922
2026-01-23T04:39:19.914421,Messe-Prater U,32,347796
2026-01-23T04:39:19.914421,Messe-Prater U,32,347709
2026-01-23T04:39:19.914421,Messe-Prater U,32,347601
2026-01-23T04:39:19.914421,Messe-Prater U,32,347512
2026-01-23T04:39:19.914421,Messe-Prater U,32,348429
2026-01-23T04:39:19.914421,Messe-Prater U,32,348428
2026-01-23T04:39:19.914421,Messe-Prater U,32,348208
2026-01-23T04:39:19.914421,Messe-Prater U,32,348128
2026-01-23T04:39:19.914421,Messe-Prater U,32,348648
2026-01-23T04:39:19.914421,Messe-Prater U,32,348585
2026-01-23T04:39:19.914421,Messe-Prater U,32,349019
2026-01-23T04:39:19.914421,Messe-Prater U,32,349009
2026-01-23T04:39:19.914421,Messe-Prater U,32,348978
2026-01-23T04:39:19.914421,Messe-Prater U,32,348959
2026-01-23T04:39:19.914421,Messe-Prater U,32,348956
2026-01-23T04:39:19.914421,Messe-Prater U,32,349181
2026-01-23T04:39:19.914421,Messe-Prater U,32,349176
2026-01-23T04:39:19.914421,Loquaiplatz,18,345499
2026-01-23T04:39:19.914421,Loquaiplatz,18,345835
2026-01-23T04:39:19.914421,Loquaiplatz,18,345733
2026-01-23T04:39:19.914421,Loquaiplatz,18,346418
2026-01-23T04:39:19.914421,Loquaiplatz,18,346322
2026-01-23T04:39:19.914421,Loquaiplatz,18,346145
2026-01-23T04:39:19.914421,Loquaiplatz,18,346143
2026-01-23T04:39:19.914421,Loquaiplatz,18,346069
2026-01-23T04:39:19.914421,Loquaiplatz,18,346744
2026-01-23T04:39:19.914421,Loquaiplatz,18,347362
2026-01-23T04:39:19.914421,Loquaiplatz,18,347128
2026-01-23T04:39:19.914421,Loquaiplatz,18,347953
2026-01-23T04:39:19.914421,Loquaiplatz,18,347748
2026-01-23T04:39:19.914421,Loquaiplatz,18,347662
2026-01-23T04:39:19.914421,Loquaiplatz,18,348350
2026-01-23T04:39:19.914421,Loquaiplatz,18,348665
2026-01-23T04:39:19.914421,Loquaiplatz,18,348539
2026-01-23T04:39:19.914421,Loquaiplatz,18,348536
2026-01-23T04:39:19.914421,Rosensteingasse,29,345472
2026-01-23T04:39:19.914421,Rosensteingasse,29,345292
2026-01-23T04:39:19.914421,Rosensteingasse,29,345993
2026-01-23T04:39:19.914421,Rosensteingasse,29,345979
2026-01-23T04:39:19.914421,Rosensteingasse,29,345955
2026-01-23T04:39:19.914421,Rosensteingasse,29,345848
2026-01-23T04:39:19.914421,Rosensteingasse,29,345788
2026-01-23T04:39:19.914421,Rosensteingasse,29,345775
2026-01-23T04:39:19.914421,Rosensteingasse,29,345668
2026-01-23T04:39:19.914421,Rosensteingasse,29,345663
2026-01-23T04:39:19.914421,Rosensteingasse,29,345545
2026-01-23T04:39:19.914421,Rosensteingasse,29,345517
2026-01-23T04:39:19.914421,Rosensteingasse,29,346444
2026-01-23T04:39:19.914421,Rosensteingasse,29,346139
2026-01-23T04:39:19.914421,Rosensteingasse,29,346133
2026-01-23T04:39:19.914421,Rosensteingasse,29,346066
2026-01-23T04:39:19.914421,Rosensteingasse,29,346943
2026-01-23T04:39:19.914421,Rosensteingasse,29,346531
2026-01-23T04:39:19.914421,Rosensteingasse,29,347476
2026-01-23T04:39:19.914421,Rosensteingasse,29,347941
2026-01-23T04:39:19.914421,Rosensteingasse,29,347689
2026-01-23T04:39:19.914421,Rosensteingasse,29,348391
2026-01-23T04:39:19.914421,Rosensteingasse,29,348370
2026-01-23T04:39:19.914421,Rosensteingasse,29,348369
2026-01-23T04:39:19.914421,Rosensteingasse,29,348317
2026-01-23T04:39:19.914421,Rosensteingasse,29,348215
2026-01-23T04:39:19.914421,Rosensteingasse,29,348628
2026-01-23T04:39:19.914421,Rosensteingasse,29,348557
2026-01-23T04:39:19.914421,Rosensteingasse,29,348858
2026-01-23T04:39:19.914421,Gumpendorfer Gürtel,15,345446
2026-01-23T04:39:19.914421,Gumpendorfer Gürtel,15,345371
2026-01-23T04:39:19.914421,Gumpendorfer Gürtel,15,345338
2026-01-23T04:39:19.914421,Gumpendorfer Gürtel,15,345737
2026-01-23T04:39:19.914421,Gumpendorfer Gürtel,15,345651
2026-01-23T04:39:19.914421,Gumpendorfer Gürtel,15,346117
2026-01-23T04:39:19.914421,Gumpendorfer Gürtel,15,346087
2026-01-23T04:39:19.914421,Gumpendorfer Gürtel,15,346959
2026-01-23T04:39:19.914421,Gumpendorfer Gürtel,15,347473
2026-01-23T04:39:19.914421,Gumpendorfer Gürtel,15,347184
2026-01-23T04:39:19.914421,Gumpendorfer Gürtel,15,347532
2026-01-23T04:39:19.914421,Gumpendorfer Gürtel,15,348458
2026-01-23T04:39:19.914421,Gumpendorfer Gürtel,15,348434
2026-01-23T04:39:19.914421,Gumpendorfer Gürtel,15,349020
2026-01-23T04:39:19.914421,Gumpendorfer Gürtel,15,348918
2026-01-23T04:39:19.914421,Burggasse-Stadthalle U,14,345197
2026-01-23T04:39:19.914421,Burggasse-Stadthalle U,14,345162
2026-01-23T04:39:19.914421,Burggasse-Stadthalle U,14,345146
2026-01-23T04:39:19.914421,Burggasse-Stadthalle U,14,345843
2026-01-23T04:39:19.914421,Burggasse-Stadthalle U,14,346468
2026-01-23T04:39:19.914421,Burggasse-Stadthalle U,14,346208
2026-01-23T04:39:19.914421,Burggasse-Stadthalle U,14,346055
2026-01-23T04:39:19.914421,Burggasse-Stadthalle U,14,346627
2026-01-23T04:39:19.914421,Burggasse-Stadthalle U,14,346613
2026-01-23T04:39:19.914421,Burggasse-Stadthalle U,14,347049
2026-01-23T04:39:19.914421,Burggasse-Stadthalle U,14,348334
2026-01-23T04:39:19.914421,Burggasse-Stadthalle U,14,348321
2026-01-23T04:39:19.914421,Burggasse-Stadthalle U,14,348292
2026-01-23T04:39:19.914421,Burggasse-Stadthalle U,14,349118
2026-01-23T04:39:19.914421,Urban-Loritz-Platz,22,345336
2026-01-23T04:39:19.914421,Urban-Loritz-Platz,22,345201
2026-01-23T04:39:19.914421,Urban-Loritz-Platz,22,345132
2026-01-23T04:39:19.914421,Urban-Loritz-Platz,22,345086
2026-01-23T04:39:19.914421,Urban-Loritz-Platz,22,345957
2026-01-23T04:39:19.914421,Urban-Loritz-Platz,22,345664
2026-01-23T04:39:19.914421,Urban-Loritz-Platz,22,346297
2026-01-23T04:39:19.914421,Urban-Loritz-Platz,22,346256
2026-01-23T04:39:19.914421,Urban-Loritz-Platz,22,346884
2026-01-23T04:39:19.914421,Urban-Loritz-Platz,22,346883
2026-01-23T04:39:19.914421,Urban-Loritz-Platz,22,346548
2026-01-23T04:39:19.914421,Urban-Loritz-Platz,22,346524
2026-01-23T04:39:19.914421,Urban-Loritz-Platz,22,347446
2026-01-23T04:39:19.914421,Urban-Loritz-Platz,22,347987
2026-01-23T04:39:19.914421,Urban-Loritz-Platz,22,347529
2026-01-23T04:39:19.914421,Urban-Loritz-Platz,22,348301
2026-01-23T04:39:19.914421,Urban-Loritz-Platz,22,348710
2026-01-23T04:39:19.914421,Urban-Loritz-Platz,22,348606
2026-01-23T04:39:19.914421,Urban-Loritz-Platz,22,348529
2026-01-23T04:39:19.914421,Urban-Loritz-Platz,22,348518
2026-01-23T04:39:19.914421,Urban-Loritz-Platz,22,349023
2026-01-23T04:39:19.914421,Urban-Loritz-Platz,22,398868
2026-01-23T04:39:19.914421,Hanusch Krankenhaus,17,345468
2026-01-23T04:39:19.914421,Hanusch Krankenhaus,17,345001
2026-01-23T04:39:19.914421,Hanusch Krankenhaus,17,345938
2026-01-23T04:39:19.914421,Hanusch Krankenhaus,17,345815
2026-01-23T04:39:19.914421,Hanusch Krankenhaus,17,345611
2026-01-23T04:39:19.914421,Hanusch Krankenhaus,17,346255
2026-01-23T04:39:19.914421,Hanusch Krankenhaus,17,346025
2026-01-23T04:39:19.914421,Hanusch Krankenhaus,17,346955
2026-01-23T04:39:19.914421,Hanusch Krankenhaus,17,346878
2026-01-23T04:39:19.914421,Hanusch Krankenhaus,17,347150
2026-01-23T04:39:19.914421,Hanusch Krankenhaus,17,347927
2026-01-23T04:39:19.914421,Hanusch Krankenhaus,17,347902
2026-01-23T04:39:19.914421,Hanusch Krankenhaus,17,348156
2026-01-23T04:39:19.914421,Hanusch Krankenhaus,17,348523
2026-01-23T04:39:19.914421,Hanusch Krankenhaus,17,398718
2026-01-23T04:39:19.914421,Hanusch Krankenhaus,17,349045
2026-01-23T04:39:19.914421,Hanusch Krankenhaus,17,349037
2026-01-23T04:39:19.914421,Westbahnhof S U / Gerstnerstraße,24,345329
2026-01-23T04:39:19.914421,Westbahnhof S U / Gerstnerstraße,24,345281
2026-01-23T04:39:19.914421,Westbahnhof S U / Gerstnerstraße,24,345256
2026-01-23T04:39:19.914421,Westbahnhof S U / Gerstnerstraße,24,345945
2026-01-23T04:39:19.914421,Westbahnhof S U / Gerstnerstraße,24,345910
2026-01-23T04:39:19.914421,Westbahnhof S U / Gerstnerstraße,24,345773
2026-01-23T04:39:19.914421,Westbahnhof S U / Gerstnerstraße,24,346471
2026-01-23T04:39:19.914421,Westbahnhof S U / Gerstnerstraße,24,346453
2026-01-23T04:39:19.914421,Westbahnhof S U / Gerstnerstraße,24,346417
2026-01-23T04:39:19.914421,Westbahnhof S U / Gerstnerstraße,24,346339
2026-01-23T04:39:19.914421,Westbahnhof S U / Gerstnerstraße,24,346122
2026-01-23T04:39:19.914421,Westbahnhof S U / Gerstnerstraße,24,346816
2026-01-23T04:39:19.914421,Westbahnhof S U / Gerstnerstraße,24,346739
2026-01-23T04:39:19.914421,Westbahnhof S U / Gerstnerstraße,24,346733
2026-01-23T04:39:19.914421,Westbahnhof S U / Gerstnerstraße,24,347364
2026-01-23T04:39:19.914421,Westbahnhof S U / Gerstnerstraße,24,347323
2026-01-23T04:39:19.914421,Westbahnhof S U / Gerstnerstraße,24,347916
2026-01-23T04:39:19.914421,Westbahnhof S U / Gerstnerstraße,24,347886
2026-01-23T04:39:19.914421,Westbahnhof S U / Gerstnerstraße,24,347533
2026-01-23T04:39:19.914421,Westbahnhof S U / Gerstnerstraße,24,348451
2026-01-23T04:39:19.914421,Westbahnhof S U / Gerstnerstraße,24,348205
2026-01-23T04:39:19.914421,Westbahnhof S U / Gerstnerstraße,24,348184
2026-01-23T04:39:19.914421,Westbahnhof S U / Gerstnerstraße,24,348058
2026-01-23T04:39:19.914421,Westbahnhof S U / Gerstnerstraße,24,348669
2026-01-23T04:39:19.914421,Wieningerplatz,34,345372
2026-01-23T04:39:19.914421,Wieningerplatz,34,345302
2026-01-23T04:39:19.914421,Wieningerplatz,34,345943
2026-01-23T04:39:19.914421,Wieningerplatz,34,345905
2026-01-23T04:39:19.914421,Wieningerplatz,34,345884
2026-01-23T04:39:19.914421,Wieningerplatz,34,345847
2026-01-23T04:39:19.914421,Wieningerplatz,34,345597
2026-01-23T04:39:19.914421,Wieningerplatz,34,346406
2026-01-23T04:39:19.914421,Wieningerplatz,34,346154
2026-01-23T04:39:19.914421,Wieningerplatz,34,346153
2026-01-23T04:39:19.914421,Wieningerplatz,34,346141
2026-01-23T04:39:19.914421,Wieningerplatz,34,346124
2026-01-23T04:39:19.914421,Wieningerplatz,34,346067
2026-01-23T04:39:19.914421,Wieningerplatz,34,346880
2026-01-23T04:39:19.914421,Wieningerplatz,34,346754
2026-01-23T04:39:19.914421,Wieningerplatz,34,346565
2026-01-23T04:39:19.914421,Wieningerplatz,34,347436
2026-01-23T04:39:19.914421,Wieningerplatz,34,347301
2026-01-23T04:39:19.914421,Wieningerplatz,34,347140
2026-01-23T04:39:19.914421,Wieningerplatz,34,347093
2026-01-23T04:39:19.914421,Wieningerplatz,34,347091
2026-01-23T04:39:19.914421,Wieningerplatz,34,347640
2026-01-23T04:39:19.914421,Wieningerplatz,34,347570
2026-01-23T04:39:19.914421,Wieningerplatz,34,347559
2026-01-23T04:39:19.914421,Wieningerplatz,34,348308
2026-01-23T04:39:19.914421,Wieningerplatz,34,348031
2026-01-23T04:39:19.914421,Wieningerplatz,34,348680
2026-01-23T04:39:19.914421,Wieningerplatz,34,348679
2026-01-23T04:39:19.914421,Wieningerplatz,34,348589
2026-01-23T04:39:19.914421,Wieningerplatz,34,348537
2026-01-23T04:39:19.914421,Wieningerplatz,34,348517
2026-01-23T04:39:19.914421,Wieningerplatz,34,398862
2026-01-23T04:39:19.914421,Wieningerplatz,34,398839
2026-01-23T04:39:19.914421,Wieningerplatz,34,349053
2026-01-23T04:39:19.914421,Markgraf-Rüdiger Straße,23,345475
2026-01-23T04:39:19.914421,Markgraf-Rüdiger Straße,23,345241
2026-01-23T04:39:19.914421,Markgraf-Rüdiger Straße,23,345971
2026-01-23T04:39:19.914421,Markgraf-Rüdiger Straße,23,345832
2026-01-23T04:39:19.914421,Markgraf-Rüdiger Straße,23,345699
2026-01-23T04:39:19.914421,Markgraf-Rüdiger Straße,23,345540
2026-01-23T04:39:19.914421,Markgraf-Rüdiger Straße,23,345511
2026-01-23T04:39:19.914421,Markgraf-Rüdiger Straße,23,346488
2026-01-23T04:39:19.914421,Markgraf-Rüdiger Straße,23,346282
2026-01-23T04:39:19.914421,Markgraf-Rüdiger Straße,23,346132
2026-01-23T04:39:19.914421,Markgraf-Rüdiger Straße,23,346028
2026-01-23T04:39:19.914421,Markgraf-Rüdiger Straße,23,346965
2026-01-23T04:39:19.914421,Markgraf-Rüdiger Straße,23,346940
2026-01-23T04:39:19.914421,Markgraf-Rüdiger Straße,23,346860
2026-01-23T04:39:19.914421,Markgraf-Rüdiger Straße,23,347368
2026-01-23T04:39:19.914421,Markgraf-Rüdiger Straße,23,347366
2026-01-23T04:39:19.914421,Markgraf-Rüdiger Straße,23,347352
2026-01-23T04:39:19.914421,Markgraf-Rüdiger Straße,23,347237
2026-01-23T04:39:19.914421,Markgraf-Rüdiger Straße,23,347141
2026-01-23T04:39:19.914421,Markgraf-Rüdiger Straße,23,347897
2026-01-23T04:39:19.914421,Markgraf-Rüdiger Straße,23,348435
2026-01-23T04:39:19.914421,Markgraf-Rüdiger Straße,23,348574
2026-01-23T04:39:19.914421,Markgraf-Rüdiger Straße,23,349084
2026-01-23T04:39:19.914421,Plunkergasse,29,345382
2026-01-23T04:39:19.914421,Plunkergasse,29,345351
2026-01-23T04:39:19.914421,Plunkergasse,29,345257
2026-01-23T04:39:19.914421,Plunkergasse,29,345131
2026-01-23T04:39:19.914421,Plunkergasse,29,345063
2026-01-23T04:39:19.914421,Plunkergasse,29,345887
2026-01-23T04:39:19.914421,Plunkergasse,29,345882
2026-01-23T04:39:19.914421,Plunkergasse,29,345772
2026-01-23T04:39:19.914421,Plunkergasse,29,345657
2026-01-23T04:39:19.914421,Plunkergasse,29,345559
2026-01-23T04:39:19.914421,Plunkergasse,29,345521
2026-01-23T04:39:19.914421,Plunkergasse,29,346451
2026-01-23T04:39:19.914421,Plunkergasse,29,346356
2026-01-23T04:39:19.914421,Plunkergasse,29,346051
2026-01-23T04:39:19.914421,Plunkergasse,29,346922
2026-01-23T04:39:19.914421,Plunkergasse,29,346770
2026-01-23T04:39:19.914421,Plunkergasse,29,347481
2026-01-23T04:39:19.914421,Plunkergasse,29,347326
2026-01-23T04:39:19.914421,Plunkergasse,29,347914
2026-01-23T04:39:19.914421,Plunkergasse,29,347904
2026-01-23T04:39:19.914421,Plunkergasse,29,347810
2026-01-23T04:39:19.914421,Plunkergasse,29,347779
2026-01-23T04:39:19.914421,Plunkergasse,29,347695
2026-01-23T04:39:19.914421,Plunkergasse,29,347607
2026-01-23T04:39:19.914421,Plunkergasse,29,347605
2026-01-23T04:39:19.914421,Plunkergasse,29,347531
2026-01-23T04:39:19.914421,Plunkergasse,29,348407
2026-01-23T04:39:19.914421,Plunkergasse,29,348351
2026-01-23T04:39:19.914421,Plunkergasse,29,348186
2026-01-23T04:39:19.914421,Selzergasse,36,345354
2026-01-23T04:39:19.914421,Selzergasse,36,345217
2026-01-23T04:39:19.914421,Selzergasse,36,345111
2026-01-23T04:39:19.914421,Selzergasse,36,345075
2026-01-23T04:39:19.914421,Selzergasse,36,345003
2026-01-23T04:39:19.914421,Selzergasse,36,345703
2026-01-23T04:39:19.914421,Selzergasse,36,345581
2026-01-23T04:39:19.914421,Selzergasse,36,346489
2026-01-23T04:39:19.914421,Selzergasse,36,346441
2026-01-23T04:39:19.914421,Selzergasse,36,346374
2026-01-23T04:39:19.914421,Selzergasse,36,346283
2026-01-23T04:39:19.914421,Selzergasse,36,346217
2026-01-23T04:39:19.914421,Selzergasse,36,346157
2026-01-23T04:39:19.914421,Selzergasse,36,346114
2026-01-23T04:39:19.914421,Selzergasse,36,346099
2026-01-23T04:39:19.914421,Selzergasse,36,346082
2026-01-23T04:39:19.914421,Selzergasse,36,346006
2026-01-23T04:39:19.914421,Selzergasse,36,346941
2026-01-23T04:39:19.914421,Selzergasse,36,346893
2026-01-23T04:39:19.914421,Selzergasse,36,346583
2026-01-23T04:39:19.914421,Selzergasse,36,347363
2026-01-23T04:39:19.914421,Selzergasse,36,347344
2026-01-23T04:39:19.914421,Selzergasse,36,347327
2026-01-23T04:39:19.914421,Selzergasse,36,347259
2026-01-23T04:39:19.914421,Selzergasse,36,347190
2026-01-23T04:39:19.914421,Selzergasse,36,347860
2026-01-23T04:39:19.914421,Selzergasse,36,347776
2026-01-23T04:39:19.914421,Selzergasse,36,347717
2026-01-23T04:39:19.914421,Selzergasse,36,348468
2026-01-23T04:39:19.914421,Selzergasse,36,348079
2026-01-23T04:39:19.914421,Selzergasse,36,348030
2026-01-23T04:39:19.914421,Selzergasse,36,348009
2026-01-23T04:39:19.914421,Selzergasse,36,348685
2026-01-23T04:39:19.914421,Selzergasse,36,348613
2026-01-23T04:39:19.914421,Selzergasse,36,349108
2026-01-23T04:39:19.914421,Selzergasse,36,348948
2026-01-23T04:39:19.914421,Westbahnhof S U / Felberstraße,29,345395
2026-01-23T04:39:19.914421,Westbahnhof S U / Felberstraße,29,345299
2026-01-23T04:39:19.914421,Westbahnhof S U / Felberstraße,29,345083
2026-01-23T04:39:19.914421,Westbahnhof S U / Felberstraße,29,345070
2026-01-23T04:39:19.914421,Westbahnhof S U / Felberstraße,29,345507
2026-01-23T04:39:19.914421,Westbahnhof S U / Felberstraße,29,346245
2026-01-23T04:39:19.914421,Westbahnhof S U / Felberstraße,29,346172
2026-01-23T04:39:19.914421,Westbahnhof S U / Felberstraße,29,346794
2026-01-23T04:39:19.914421,Westbahnhof S U / Felberstraße,29,346591
2026-01-23T04:39:19.914421,Westbahnhof S U / Felberstraße,29,346534
2026-01-23T04:39:19.914421,Westbahnhof S U / Felberstraße,29,346521
2026-01-23T04:39:19.914421,Westbahnhof S U / Felberstraße,29,347487
2026-01-23T04:39:19.914421,Westbahnhof S U / Felberstraße,29,347273
2026-01-23T04:39:19.914421,Westbahnhof S U / Felberstraße,29,347979
2026-01-23T04:39:19.914421,Westbahnhof S U / Felberstraße,29,347857
2026-01-23T04:39:19.914421,Westbahnhof S U / Felberstraße,29,347846
2026-01-23T04:39:19.914421,Westbahnhof S U / Felberstraße,29,347749
2026-01-23T04:39:19.914421,Westbahnhof S U / Felberstraße,29,347713
2026-01-23T04:39:19.914421,Westbahnhof S U / Felberstraße,29,347611
2026-01-23T04:39:19.914421,Westbahnhof S U / Felberstraße,29,347526
2026-01-23T04:39:19.914421,Westbahnhof S U / Felberstraße,29,348483
2026-01-23T04:39:19.914421,Westbahnhof S U / Felberstraße,29,348392
2026-01-23T04:39:19.914421,Westbahnhof S U / Felberstraße,29,348347
2026-01-23T04:39:19.914421,Westbahnhof S U / Felberstraße,29,348276
2026-01-23T04:39:19.914421,Westbahnhof S U / Felberstraße,29,348133
2026-01-23T04:39:19.914421,Westbahnhof S U / Felberstraße,29,348132
2026-01-23T04:39:19.914421,Westbahnhof S U / Felberstraße,29,348002
2026-01-23T04:39:19.914421,Westbahnhof S U / Felberstraße,29,348672
2026-01-23T04:39:19.914421,Westbahnhof S U / Felberstraße,29,398740
2026-01-23T04:39:19.914421,Kundratstraße,5,345287
2026-01-23T04:39:19.914421,Kundratstraße,5,345247
2026-01-23T04:39:19.914421,Kundratstraße,5,345951
2026-01-23T04:39:19.914421,Kundratstraße,5,346043
2026-01-23T04:39:19.914421,Kundratstraße,5,347014
2026-01-23T04:39:19.914421,Arthaberplatz,9,345441
2026-01-23T04:39:19.914421,Arthaberplatz,9,345820
2026-01-23T04:39:19.914421,Arthaberplatz,9,346334
2026-01-23T04:39:19.914421,Arthaberplatz,9,347498
2026-01-23T04:39:19.914421,Arthaberplatz,9,347218
2026-01-23T04:39:19.914421,Arthaberplatz,9,347931
2026-01-23T04:39:19.914421,Arthaberplatz,9,347893
2026-01-23T04:39:19.914421,Arthaberplatz,9,348290
2026-01-23T04:39:19.914421,Arthaberplatz,9,348906
2026-01-23T04:39:19.914421,Karmeliterplatz,20,345442
2026-01-23T04:39:19.914421,Karmeliterplatz,20,345344
2026-01-23T04:39:19.914421,Karmeliterplatz,20,345242
2026-01-23T04:39:19.914421,Karmeliterplatz,20,345947
2026-01-23T04:39:19.914421,Karmeliterplatz,20,345880
2026-01-23T04:39:19.914421,Karmeliterplatz,20,346395
2026-01-23T04:39:19.914421,Karmeliterplatz,20,346384
2026-01-23T04:39:19.914421,Karmeliterplatz,20,346652
2026-01-23T04:39:19.914421,Karmeliterplatz,20,347472
2026-01-23T04:39:19.914421,Karmeliterplatz,20,347403
2026-01-23T04:39:19.914421,Karmeliterplatz,20,347099
2026-01-23T04:39:19.914421,Karmeliterplatz,20,347926
2026-01-23T04:39:19.914421,Karmeliterplatz,20,348452
2026-01-23T04:39:19.914421,Karmeliterplatz,20,348179
2026-01-23T04:39:19.914421,Karmeliterplatz,20,348168
2026-01-23T04:39:19.914421,Karmeliterplatz,20,348525
2026-01-23T04:39:19.914421,Karmeliterplatz,20,348519
2026-01-23T04:39:19.914421,Karmeliterplatz,20,398851
2026-01-23T04:39:19.914421,Karmeliterplatz,20,398840
2026-01-23T04:39:19.914421,Karmeliterplatz,20,398763
2026-01-23T04:39:19.914421,Fröbelgasse,27,345377
2026-01-23T04:39:19.914421,Fröbelgasse,27,345222
2026-01-23T04:39:19.914421,Fröbelgasse,27,345204
2026-01-23T04:39:19.914421,Fröbelgasse,27,345077
2026-01-23T04:39:19.914421,Fröbelgasse,27,345068
2026-01-23T04:39:19.914421,Fröbelgasse,27,345897
2026-01-23T04:39:19.914421,Fröbelgasse,27,345789
2026-01-23T04:39:19.914421,Fröbelgasse,27,345729
2026-01-23T04:39:19.914421,Fröbelgasse,27,346422
2026-01-23T04:39:19.914421,Fröbelgasse,27,346849
2026-01-23T04:39:19.914421,Fröbelgasse,27,346706
2026-01-23T04:39:19.914421,Fröbelgasse,27,346586
2026-01-23T04:39:19.914421,Fröbelgasse,27,346554
2026-01-23T04:39:19.914421,Fröbelgasse,27,347412
2026-01-23T04:39:19.914421,Fröbelgasse,27,347196
2026-01-23T04:39:19.914421,Fröbelgasse,27,347989
2026-01-23T04:39:19.914421,Fröbelgasse,27,347951
2026-01-23T04:39:19.914421,Fröbelgasse,27,347900
2026-01-23T04:39:19.914421,Fröbelgasse,27,347859
2026-01-23T04:39:19.914421,Fröbelgasse,27,347730
2026-01-23T04:39:19.914421,Fröbelgasse,27,347557
2026-01-23T04:39:19.914421,Fröbelgasse,27,348496
2026-01-23T04:39:19.914421,Fröbelgasse,27,348398
2026-01-23T04:39:19.914421,Fröbelgasse,27,348032
2026-01-23T04:39:19.914421,Fröbelgasse,27,348581
2026-01-23T04:39:19.914421,Fröbelgasse,27,398845
2026-01-23T04:39:19.914421,Fröbelgasse,27,398788
2026-01-23T04:39:19.914421,Reumannplatz U,16,345452
2026-01-23T04:39:19.914421,Reumannplatz U,16,345992
2026-01-23T04:39:19.914421,Reumannplatz U,16,345871
2026-01-23T04:39:19.914421,Reumannplatz U,16,345811
2026-01-23T04:39:19.914421,Reumannplatz U,16,345797
2026-01-23T04:39:19.914421,Reumannplatz U,16,346875
2026-01-23T04:39:19.914421,Reumannplatz U,16,347425
2026-01-23T04:39:19.914421,Reumannplatz U,16,347827
2026-01-23T04:39:19.914421,Reumannplatz U,16,347727
2026-01-23T04:39:19.914421,Reumannplatz U,16,347634
2026-01-23T04:39:19.914421,Reumannplatz U,16,347576
2026-01-23T04:39:19.914421,Reumannplatz U,16,348196
2026-01-23T04:39:19.914421,Reumannplatz U,16,348081
2026-01-23T04:39:19.914421,Reumannplatz U,16,348533
2026-01-23T04:39:19.914421,Reumannplatz U,16,348965
2026-01-23T04:39:19.914421,Reumannplatz U,16,349130
2026-01-23T04:39:19.914421,Brestelgasse,19,345498
2026-01-23T04:39:19.914421,Brestelgasse,19,345424
2026-01-23T04:39:19.914421,Brestelgasse,19,345387
2026-01-23T04:39:19.914421,Brestelgasse,19,345171
2026-01-23T04:39:19.914421,Brestelgasse,19,345072
2026-01-23T04:39:19.914421,Brestelgasse,19,345956
2026-01-23T04:39:19.914421,Brestelgasse,19,345927
2026-01-23T04:39:19.914421,Brestelgasse,19,345745
2026-01-23T04:39:19.914421,Brestelgasse,19,346461
2026-01-23T04:39:19.914421,Brestelgasse,19,347235
2026-01-23T04:39:19.914421,Brestelgasse,19,347209
2026-01-23T04:39:19.914421,Brestelgasse,19,347103
2026-01-23T04:39:19.914421,Brestelgasse,19,347069
2026-01-23T04:39:19.914421,Brestelgasse,19,347917
2026-01-23T04:39:19.914421,Brestelgasse,19,347527
2026-01-23T04:39:19.914421,Brestelgasse,19,348227
2026-01-23T04:39:19.914421,Brestelgasse,19,348600
2026-01-23T04:39:19.914421,Brestelgasse,19,348548
2026-01-23T04:39:19.914421,Brestelgasse,19,348903
2026-01-23T04:39:19.914421,Thaliastraße U,23,345403
2026-01-23T04:39:19.914421,Thaliastraße U,23,345184
2026-01-23T04:39:19.914421,Thaliastraße U,23,346231
2026-01-23T04:39:19.914421,Thaliastraße U,23,346854
2026-01-23T04:39:19.914421,Thaliastraße U,23,346759
2026-01-23T04:39:19.914421,Thaliastraße U,23,346505
2026-01-23T04:39:19.914421,Thaliastraße U,23,347478
2026-01-23T04:39:19.914421,Thaliastraße U,23,347371
2026-01-23T04:39:19.914421,Thaliastraße U,23,347351
2026-01-23T04:39:19.914421,Thaliastraße U,23,347306
2026-01-23T04:39:19.914421,Thaliastraße U,23,347082
2026-01-23T04:39:19.914421,Thaliastraße U,23,347062
2026-01-23T04:39:19.914421,Thaliastraße U,23,347056
2026-01-23T04:39:19.914421,Thaliastraße U,23,347932
2026-01-23T04:39:19.914421,Thaliastraße U,23,347819
2026-01-23T04:39:19.914421,Thaliastraße U,23,347537
2026-01-23T04:39:19.914421,Thaliastraße U,23,348491
2026-01-23T04:39:19.914421,Thaliastraße U,23,348446
2026-01-23T04:39:19.914421,Thaliastraße U,23,348442
2026-01-23T04:39:19.914421,Thaliastraße U,23,348395
2026-01-23T04:39:19.914421,Thaliastraße U,23,348696
2026-01-23T04:39:19.914421,Thaliastraße U,23,398821
2026-01-23T04:39:19.914421,Thaliastraße U,23,348836
2026-01-23T04:39:19.914421,Nussdorfer Straße U,15,345303
2026-01-23T04:39:19.914421,Nussdorfer Straße U,15,345207
2026-01-23T04:39:19.914421,Nussdorfer Straße U,15,345605
2026-01-23T04:39:19.914421,Nussdorfer Straße U,15,345508
2026-01-23T04:39:19.914421,Nussdorfer Straße U,15,346075
2026-01-23T04:39:19.914421,Nussdorfer Straße U,15,346918
2026-01-23T04:39:19.914421,Nussdorfer Straße U,15,346582
2026-01-23T04:39:19.914421,Nussdorfer Straße U,15,346551
2026-01-23T04:39:19.914421,Nussdorfer Straße U,15,347435
2026-01-23T04:39:19.914421,Nussdorfer Straße U,15,347417
2026-01-23T04:39:19.914421,Nussdorfer Straße U,15,347348
2026-01-23T04:39:19.914421,Nussdorfer Straße U,15,347138
2026-01-23T04:39:19.914421,Nussdorfer Straße U,15,347618
2026-01-23T04:39:19.914421,Nussdorfer Straße U,15,348223
2026-01-23T04:39:19.914421,Nussdorfer Straße U,15,398794
2026-01-23T04:39:19.914421,Elterleinplatz,7,345355
2026-01-23T04:39:19.914421,Elterleinplatz,7,345173
2026-01-23T04:39:19.914421,Elterleinplatz,7,345769
2026-01-23T04:39:19.914421,Elterleinplatz,7,345685
2026-01-23T04:39:19.914421,Elterleinplatz,7,346340
2026-01-23T04:39:19.914421,Elterleinplatz,7,346859
2026-01-23T04:39:19.914421,Elterleinplatz,7,348029
2026-01-23T04:39:19.914421,Canisiusgasse,4,346108
2026-01-23T04:39:19.914421,Canisiusgasse,4,346046
2026-01-23T04:39:19.914421,Canisiusgasse,4,346711
2026-01-23T04:39:19.914421,Canisiusgasse,4,348838
2026-01-23T04:39:19.914421,Meidling S U / Schedifkaplatz,2,346598
2026-01-23T04:39:19.914421,Meidling S U / Schedifkaplatz,2,347712
2026-01-23T04:39:19.914421,Palffygasse,18,345406
2026-01-23T04:39:19.914421,Palffygasse,18,345013
2026-01-23T04:39:19.914421,Palffygasse,18,345973
2026-01-23T04:39:19.914421,Palffygasse,18,345922
2026-01-23T04:39:19.914421,Palffygasse,18,345753
2026-01-23T04:39:19.914421,Palffygasse,18,345751
2026-01-23T04:39:19.914421,Palffygasse,18,345615
2026-01-23T04:39:19.914421,Palffygasse,18,346939
2026-01-23T04:39:19.914421,Palffygasse,18,346601
2026-01-23T04:39:19.914421,Palffygasse,18,347469
2026-01-23T04:39:19.914421,Palffygasse,18,347145
2026-01-23T04:39:19.914421,Palffygasse,18,347856
2026-01-23T04:39:19.914421,Palffygasse,18,348386
2026-01-23T04:39:19.914421,Palffygasse,18,348338
2026-01-23T04:39:19.914421,Palffygasse,18,348239
2026-01-23T04:39:19.914421,Palffygasse,18,348123
2026-01-23T04:39:19.914421,Palffygasse,18,348117
2026-01-23T04:39:19.914421,Palffygasse,18,398770
2026-01-23T04:39:19.914421,Gersthof S,14,345203
2026-01-23T04:39:19.914421,Gersthof S,14,345179
2026-01-23T04:39:19.914421,Gersthof S,14,345968
2026-01-23T04:39:19.914421,Gersthof S,14,346666
2026-01-23T04:39:19.914421,Gersthof S,14,346564
2026-01-23T04:39:19.914421,Gersthof S,14,347962
2026-01-23T04:39:19.914421,Gersthof S,14,348357
2026-01-23T04:39:19.914421,Gersthof S,14,348303
2026-01-23T04:39:19.914421,Gersthof S,14,348104
2026-01-23T04:39:19.914421,Gersthof S,14,348007
2026-01-23T04:39:19.914421,Gersthof S,14,348604
2026-01-23T04:39:19.914421,Gersthof S,14,348571
2026-01-23T04:39:19.914421,Gersthof S,14,349062
2026-01-23T04:39:19.914421,Gersthof S,14,348807
2026-01-23T04:39:19.914421,Reinprechtsdorfer Brücke,18,345067
2026-01-23T04:39:19.914421,Reinprechtsdorfer Brücke,18,345051
2026-01-23T04:39:19.914421,Reinprechtsdorfer Brücke,18,345999
2026-01-23T04:39:19.914421,Reinprechtsdorfer Brücke,18,345860
2026-01-23T04:39:19.914421,Reinprechtsdorfer Brücke,18,345624
2026-01-23T04:39:19.914421,Reinprechtsdorfer Brücke,18,346454
2026-01-23T04:39:19.914421,Reinprechtsdorfer Brücke,18,346915
2026-01-23T04:39:19.914421,Reinprechtsdorfer Brücke,18,346853
2026-01-23T04:39:19.914421,Reinprechtsdorfer Brücke,18,346743
2026-01-23T04:39:19.914421,Reinprechtsdorfer Brücke,18,346732
2026-01-23T04:39:19.914421,Reinprechtsdorfer Brücke,18,347266
2026-01-23T04:39:19.914421,Reinprechtsdorfer Brücke,18,347579
2026-01-23T04:39:19.914421,Reinprechtsdorfer Brücke,18,348414
2026-01-23T04:39:19.914421,Reinprechtsdorfer Brücke,18,348228
2026-01-23T04:39:19.914421,Reinprechtsdorfer Brücke,18,348014
2026-01-23T04:39:19.914421,Reinprechtsdorfer Brücke,18,348576
2026-01-23T04:39:19.914421,Reinprechtsdorfer Brücke,18,398746
2026-01-23T04:39:19.914421,Reinprechtsdorfer Brücke,18,398720
2026-01-23T04:39:19.914421,Siebensterngasse,5,345793
2026-01-23T04:39:19.914421,Siebensterngasse,5,345555
2026-01-23T04:39:19.914421,Siebensterngasse,5,346092
2026-01-23T04:39:19.914421,Siebensterngasse,5,347304
2026-01-23T04:39:19.914421,Siebensterngasse,5,349188
2026-01-23T04:39:19.914421,Siebenbrunnenplatz,3,345560
2026-01-23T04:39:19.914421,Siebenbrunnenplatz,3,346295
2026-01-23T04:39:19.914421,Siebenbrunnenplatz,3,347448
2026-01-23T04:39:19.914421,Rosensteingasse / Blumengasse,20,345353
2026-01-23T04:39:19.914421,Rosensteingasse / Blumengasse,20,345750
2026-01-23T04:39:19.914421,Rosensteingasse / Blumengasse,20,345695
2026-01-23T04:39:19.914421,Rosensteingasse / Blumengasse,20,345525
2026-01-23T04:39:19.914421,Rosensteingasse / Blumengasse,20,346269
2026-01-23T04:39:19.914421,Rosensteingasse / Blumengasse,20,346111
2026-01-23T04:39:19.914421,Rosensteingasse / Blumengasse,20,346079
2026-01-23T04:39:19.914421,Rosensteingasse / Blumengasse,20,346008
2026-01-23T04:39:19.914421,Rosensteingasse / Blumengasse,20,346903
2026-01-23T04:39:19.914421,Rosensteingasse / Blumengasse,20,346653
2026-01-23T04:39:19.914421,Rosensteingasse / Blumengasse,20,346579
2026-01-23T04:39:19.914421,Rosensteingasse / Blumengasse,20,347075
2026-01-23T04:39:19.914421,Rosensteingasse / Blumengasse,20,347074
2026-01-23T04:39:19.914421,Rosensteingasse / Blumengasse,20,347998
2026-01-23T04:39:19.914421,Rosensteingasse / Blumengasse,20,347972
2026-01-23T04:39:19.914421,Rosensteingasse / Blumengasse,20,348324
2026-01-23T04:39:19.914421,Rosensteingasse / Blumengasse,20,348320
2026-01-23T04:39:19.914421,Rosensteingasse / Blumengasse,20,348095
2026-01-23T04:39:19.914421,Rosensteingasse / Blumengasse,20,348001
2026-01-23T04:39:19.914421,Rosensteingasse / Blumengasse,20,348559
2026-01-23T04:39:19.914421,Schottenring U /Herminengasse,2,345549
2026-01-23T04:39:19.914421,Schottenring U /Herminengasse,2,349098
2026-01-23T04:39:19.914421,Josefstädter Straße U,9,345253
2026-01-23T04:39:19.914421,Josefstädter Straße U,9,345134
2026-01-23T04:39:19.914421,Josefstädter Straße U,9,345595
2026-01-23T04:39:19.914421,Josefstädter Straße U,9,346911
2026-01-23T04:39:19.914421,Josefstädter Straße U,9,346678
2026-01-23T04:39:19.914421,Josefstädter Straße U,9,347424
2026-01-23T04:39:19.914421,Josefstädter Straße U,9,347008
2026-01-23T04:39:19.914421,Josefstädter Straße U,9,347950
2026-01-23T04:39:19.914421,Josefstädter Straße U,9,348892
2026-01-23T04:39:19.914421,Friedrich-Engels-Platz,8,346225
2026-01-23T04:39:19.914421,Friedrich-Engels-Platz,8,346078
2026-01-23T04:39:19.914421,Friedrich-Engels-Platz,8,347441
2026-01-23T04:39:19.914421,Friedrich-Engels-Platz,8,347195
2026-01-23T04:39:19.914421,Friedrich-Engels-Platz,8,347868
2026-01-23T04:39:19.914421,Friedrich-Engels-Platz,8,347648
2026-01-23T04:39:19.914421,Friedrich-Engels-Platz,8,348401
2026-01-23T04:39:19.914421,Friedrich-Engels-Platz,8,348120
2026-01-23T04:39:19.914421,Dresdner Straße U,18,345255
2026-01-23T04:39:19.914421,Dresdner Straße U,18,345108
2026-01-23T04:39:19.914421,Dresdner Straße U,18,346664
2026-01-23T04:39:19.914421,Dresdner Straße U,18,346603
2026-01-23T04:39:19.914421,Dresdner Straße U,18,347452
2026-01-23T04:39:19.914421,Dresdner Straße U,18,347429
2026-01-23T04:39:19.914421,Dresdner Straße U,18,347139
2026-01-23T04:39:19.914421,Dresdner Straße U,18,347120
2026-01-23T04:39:19.914421,Dresdner Straße U,18,347968
2026-01-23T04:39:19.914421,Dresdner Straße U,18,347959
2026-01-23T04:39:19.914421,Dresdner Straße U,18,347930
2026-01-23T04:39:19.914421,Dresdner Straße U,18,347844
2026-01-23T04:39:19.914421,Dresdner Straße U,18,347760
2026-01-23T04:39:19.914421,Dresdner Straße U,18,347758
2026-01-23T04:39:19.914421,Dresdner Straße U,18,347669
2026-01-23T04:39:19.914421,Dresdner Straße U,18,348263
2026-01-23T04:39:19.914421,Dresdner Straße U,18,348224
2026-01-23T04:39:19.914421,Dresdner Straße U,18,348201
2026-01-23T04:39:19.914421,Jägerstraße U,15,345290
2026-01-23T04:39:19.914421,Jägerstraße U,15,345103
2026-01-23T04:39:19.914421,Jägerstraße U,15,345069
2026-01-23T04:39:19.914421,Jägerstraße U,15,345996
2026-01-23T04:39:19.914421,Jägerstraße U,15,345698
2026-01-23T04:39:19.914421,Jägerstraße U,15,345566
2026-01-23T04:39:19.914421,Jägerstraße U,15,346971
2026-01-23T04:39:19.914421,Jägerstraße U,15,346840
2026-01-23T04:39:19.914421,Jägerstraße U,15,346618
2026-01-23T04:39:19.914421,Jägerstraße U,15,347340
2026-01-23T04:39:19.914421,Jägerstraße U,15,347696
2026-01-23T04:39:19.914421,Jägerstraße U,15,348472
2026-01-23T04:39:19.914421,Jägerstraße U,15,348148
2026-01-23T04:39:19.914421,Jägerstraße U,15,348659
2026-01-23T04:39:19.914421,Jägerstraße U,15,349197
2026-01-23T04:39:19.914421,Traisengasse S,4,345865
2026-01-23T04:39:19.914421,Traisengasse S,4,346171
2026-01-23T04:39:19.914421,Traisengasse S,4,347043
2026-01-23T04:39:19.914421,Traisengasse S,4,347539
2026-01-23T04:39:19.914421,Kettenbrückengasse U / Naschmarkt,9,345375
2026-01-23T04:39:19.914421,Kettenbrückengasse U / Naschmarkt,9,345170
2026-01-23T04:39:19.914421,Kettenbrückengasse U / Naschmarkt,9,345723
2026-01-23T04:39:19.914421,Kettenbrückengasse U / Naschmarkt,9,346727
2026-01-23T04:39:19.914421,Kettenbrückengasse U / Naschmarkt,9,346707
2026-01-23T04:39:19.914421,Kettenbrückengasse U / Naschmarkt,9,348493
2026-01-23T04:39:19.914421,Kettenbrückengasse U / Naschmarkt,9,348593
2026-01-23T04:39:19.914421,Kettenbrückengasse U / Naschmarkt,9,348566
2026-01-23T04:39:19.914421,Kettenbrückengasse U / Naschmarkt,9,398809
2026-01-23T04:39:19.914421,Aumannplatz,7,345321
2026-01-23T04:39:19.914421,Aumannplatz,7,346432
2026-01-23T04:39:19.914421,Aumannplatz,7,346420
2026-01-23T04:39:19.914421,Aumannplatz,7,346058
2026-01-23T04:39:19.914421,Aumannplatz,7,347068
2026-01-23T04:39:19.914421,Aumannplatz,7,348861
2026-01-23T04:39:19.914421,Aumannplatz,7,349198
2026-01-23T04:39:19.914421,Längenfeldgasse U,25,345032
2026-01-23T04:39:19.914421,Längenfeldgasse U,25,345946
2026-01-23T04:39:19.914421,Längenfeldgasse U,25,345804
2026-01-23T04:39:19.914421,Längenfeldgasse U,25,345635
2026-01-23T04:39:19.914421,Längenfeldgasse U,25,345502
2026-01-23T04:39:19.914421,Längenfeldgasse U,25,346815
2026-01-23T04:39:19.914421,Längenfeldgasse U,25,346786
2026-01-23T04:39:19.914421,Längenfeldgasse U,25,346709
2026-01-23T04:39:19.914421,Längenfeldgasse U,25,346638
2026-01-23T04:39:19.914421,Längenfeldgasse U,25,346523
2026-01-23T04:39:19.914421,Längenfeldgasse U,25,347234
2026-01-23T04:39:19.914421,Längenfeldgasse U,25,347175
2026-01-23T04:39:19.914421,Längenfeldgasse U,25,347171
2026-01-23T04:39:19.914421,Längenfeldgasse U,25,347861
2026-01-23T04:39:19.914421,Längenfeldgasse U,25,347794
2026-01-23T04:39:19.914421,Längenfeldgasse U,25,347700
2026-01-23T04:39:19.914421,Längenfeldgasse U,25,347588
2026-01-23T04:39:19.914421,Längenfeldgasse U,25,347552
2026-01-23T04:39:19.914421,Längenfeldgasse U,25,348655
2026-01-23T04:39:19.914421,Längenfeldgasse U,25,348591
2026-01-23T04:39:19.914421,Längenfeldgasse U,25,348528
2026-01-23T04:39:19.914421,Längenfeldgasse U,25,349109
2026-01-23T04:39:19.914421,Längenfeldgasse U,25,348973
2026-01-23T04:39:19.914421,Längenfeldgasse U,25,348849
2026-01-23T04:39:19.914421,Längenfeldgasse U,25,349131
2026-01-23T04:39:19.914421,Althanstraße,13,345457
2026-01-23T04:39:19.914421,Althanstraße,13,345381
2026-01-23T04:39:19.914421,Althanstraße,13,345761
2026-01-23T04:39:19.914421,Althanstraße,13,346326
2026-01-23T04:39:19.914421,Althanstraße,13,346299
2026-01-23T04:39:19.914421,Althanstraße,13,346809
2026-01-23T04:39:19.914421,Althanstraße,13,346767
2026-01-23T04:39:19.914421,Althanstraße,13,347192
2026-01-23T04:39:19.914421,Althanstraße,13,347907
2026-01-23T04:39:19.914421,Althanstraße,13,347870
2026-01-23T04:39:19.914421,Althanstraße,13,348431
2026-01-23T04:39:19.914421,Althanstraße,13,398783
2026-01-23T04:39:19.914421,Althanstraße,13,398765
2026-01-23T04:39:19.914421,Schottentor U,3,345473
2026-01-23T04:39:19.914421,Schottentor U,3,347475
2026-01-23T04:39:19.914421,Schottentor U,3,348189
2026-01-23T04:39:19.914421,Neubaugasse U,12,345301
2026-01-23T04:39:19.914421,Neubaugasse U,12,345200
2026-01-23T04:39:19.914421,Neubaugasse U,12,346423
2026-01-23T04:39:19.914421,Neubaugasse U,12,346363
2026-01-23T04:39:19.914421,Neubaugasse U,12,346036
2026-01-23T04:39:19.914421,Neubaugasse U,12,346537
2026-01-23T04:39:19.914421,Neubaugasse U,12,347170
2026-01-23T04:39:19.914421,Neubaugasse U,12,348432
2026-01-23T04:39:19.914421,Neubaugasse U,12,348218
2026-01-23T04:39:19.914421,Neubaugasse U,12,398755
2026-01-23T04:39:19.914421,Neubaugasse U,12,349110
2026-01-23T04:39:19.914421,Neubaugasse U,12,349104
2026-01-23T04:39:19.914421,Museumsquartier U,38,345218
2026-01-23T04:39:19.914421,Museumsquartier U,38,345215
2026-01-23T04:39:19.914421,Museumsquartier U,38,345010
2026-01-23T04:39:19.914421,Museumsquartier U,38,345995
2026-01-23T04:39:19.914421,Museumsquartier U,38,345963
2026-01-23T04:39:19.914421,Museumsquartier U,38,345937
2026-01-23T04:39:19.914421,Museumsquartier U,38,345888
2026-01-23T04:39:19.914421,Museumsquartier U,38,345760
2026-01-23T04:39:19.914421,Museumsquartier U,38,345700
2026-01-23T04:39:19.914421,Museumsquartier U,38,345580
2026-01-23T04:39:19.914421,Museumsquartier U,38,345510
2026-01-23T04:39:19.914421,Museumsquartier U,38,346305
2026-01-23T04:39:19.914421,Museumsquartier U,38,346042
2026-01-23T04:39:19.914421,Museumsquartier U,38,346020
2026-01-23T04:39:19.914421,Museumsquartier U,38,346795
2026-01-23T04:39:19.914421,Museumsquartier U,38,346731
2026-01-23T04:39:19.914421,Museumsquartier U,38,346622
2026-01-23T04:39:19.914421,Museumsquartier U,38,346560
2026-01-23T04:39:19.914421,Museumsquartier U,38,347272
2026-01-23T04:39:19.914421,Museumsquartier U,38,347213
2026-01-23T04:39:19.914421,Museumsquartier U,38,347058
2026-01-23T04:39:19.914421,Museumsquartier U,38,347919
2026-01-23T04:39:19.914421,Museumsquartier U,38,347801
2026-01-23T04:39:19.914421,Museumsquartier U,38,347768
2026-01-23T04:39:19.914421,Museumsquartier U,38,347704
2026-01-23T04:39:19.914421,Museumsquartier U,38,347694
2026-01-23T04:39:19.914421,Museumsquartier U,38,347678
2026-01-23T04:39:19.914421,Museumsquartier U,38,347530
2026-01-23T04:39:19.914421,Museumsquartier U,38,348481
2026-01-23T04:39:19.914421,Museumsquartier U,38,348332
2026-01-23T04:39:19.914421,Museumsquartier U,38,348135
2026-01-23T04:39:19.914421,Museumsquartier U,38,348129
2026-01-23T04:39:19.914421,Museumsquartier U,38,348039
2026-01-23T04:39:19.914421,Museumsquartier U,38,348682
2026-01-23T04:39:19.914421,Museumsquartier U,38,398786
2026-01-23T04:39:19.914421,Museumsquartier U,38,398781
2026-01-23T04:39:19.914421,Museumsquartier U,38,398751
2026-01-23T04:39:19.914421,Museumsquartier U,38,348984
2026-01-23T04:39:19.914421,Johnstrasse U,11,345417
2026-01-23T04:39:19.914421,Johnstrasse U,11,345380
2026-01-23T04:39:19.914421,Johnstrasse U,11,345374
2026-01-23T04:39:19.914421,Johnstrasse U,11,345873
2026-01-23T04:39:19.914421,Johnstrasse U,11,345800
2026-01-23T04:39:19.914421,Johnstrasse U,11,346772
2026-01-23T04:39:19.914421,Johnstrasse U,11,346749
2026-01-23T04:39:19.914421,Johnstrasse U,11,346645
2026-01-23T04:39:19.914421,Johnstrasse U,11,347497
2026-01-23T04:39:19.914421,Johnstrasse U,11,347741
2026-01-23T04:39:19.914421,Johnstrasse U,11,398808
2026-01-23T04:39:19.914421,Turnergasse,9,345143
2026-01-23T04:39:19.914421,Turnergasse,9,345741
2026-01-23T04:39:19.914421,Turnergasse,9,346469
2026-01-23T04:39:19.914421,Turnergasse,9,346966
2026-01-23T04:39:19.914421,Turnergasse,9,347191
2026-01-23T04:39:19.914421,Turnergasse,9,347016
2026-01-23T04:39:19.914421,Turnergasse,9,347757
2026-01-23T04:39:19.914421,Turnergasse,9,347753
2026-01-23T04:39:19.914421,Turnergasse,9,348234
2026-01-23T04:39:19.914421,Kutschkergasse,15,345422
2026-01-23T04:39:19.914421,Kutschkergasse,15,346362
2026-01-23T04:39:19.914421,Kutschkergasse,15,346758
2026-01-23T04:39:19.914421,Kutschkergasse,15,346605
2026-01-23T04:39:19.914421,Kutschkergasse,15,346511
2026-01-23T04:39:19.914421,Kutschkergasse,15,347258
2026-01-23T04:39:19.914421,Kutschkergasse,15,347255
2026-01-23T04:39:19.914421,Kutschkergasse,15,347108
2026-01-23T04:39:19.914421,Kutschkergasse,15,347876
2026-01-23T04:39:19.914421,Kutschkergasse,15,347831
2026-01-23T04:39:19.914421,Kutschkergasse,15,347651
2026-01-23T04:39:19.914421,Kutschkergasse,15,348475
2026-01-23T04:39:19.914421,Kutschkergasse,15,348286
2026-01-23T04:39:19.914421,Kutschkergasse,15,348025
2026-01-23T04:39:19.914421,Kutschkergasse,15,348872
2026-01-23T04:39:19.914421,Stadion U,20,345318
2026-01-23T04:39:19.914421,Stadion U,20,345900
2026-01-23T04:39:19.914421,Stadion U,20,346329
2026-01-23T04:39:19.914421,Stadion U,20,346303
2026-01-23T04:39:19.914421,Stadion U,20,346249
2026-01-23T04:39:19.914421,Stadion U,20,346059
2026-01-23T04:39:19.914421,Stadion U,20,346930
2026-01-23T04:39:19.914421,Stadion U,20,346886
2026-01-23T04:39:19.914421,Stadion U,20,346863
2026-01-23T04:39:19.914421,Stadion U,20,347000
2026-01-23T04:39:19.914421,Stadion U,20,347878
2026-01-23T04:39:19.914421,Stadion U,20,347722
2026-01-23T04:39:19.914421,Stadion U,20,348315
2026-01-23T04:39:19.914421,Stadion U,20,348302
2026-01-23T04:39:19.914421,Stadion U,20,348194
2026-01-23T04:39:19.914421,Stadion U,20,348176
2026-01-23T04:39:19.914421,Stadion U,20,348646
2026-01-23T04:39:19.914421,Stadion U,20,398761
2026-01-23T04:39:19.914421,Stadion U,20,398742
2026-01-23T04:39:19.914421,Stadion U,20,398865
2026-01-23T04:39:19.914421,Brückengasse,6,345423
2026-01-23T04:39:19.914421,Brückengasse,6,345265
2026-01-23T04:39:19.914421,Brückengasse,6,345225
2026-01-23T04:39:19.914421,Brückengasse,6,347430
2026-01-23T04:39:19.914421,Brückengasse,6,347784
2026-01-23T04:39:19.914421,Brückengasse,6,347592
2026-01-23T04:39:19.914421,Schuhmeierplatz,24,345447
2026-01-23T04:39:19.914421,Schuhmeierplatz,24,345410
2026-01-23T04:39:19.914421,Schuhmeierplatz,24,345279
2026-01-23T04:39:19.914421,Schuhmeierplatz,24,345034
2026-01-23T04:39:19.914421,Schuhmeierplatz,24,345960
2026-01-23T04:39:19.914421,Schuhmeierplatz,24,345889
2026-01-23T04:39:19.914421,Schuhmeierplatz,24,345785
2026-01-23T04:39:19.914421,Schuhmeierplatz,24,345592
2026-01-23T04:39:19.914421,Schuhmeierplatz,24,345512
2026-01-23T04:39:19.914421,Schuhmeierplatz,24,346435
2026-01-23T04:39:19.914421,Schuhmeierplatz,24,346186
2026-01-23T04:39:19.914421,Schuhmeierplatz,24,346958
2026-01-23T04:39:19.914421,Schuhmeierplatz,24,346855
2026-01-23T04:39:19.914421,Schuhmeierplatz,24,346814
2026-01-23T04:39:19.914421,Schuhmeierplatz,24,346610
2026-01-23T04:39:19.914421,Schuhmeierplatz,24,347482
2026-01-23T04:39:19.914421,Schuhmeierplatz,24,347125
2026-01-23T04:39:19.914421,Schuhmeierplatz,24,347124
2026-01-23T04:39:19.914421,Schuhmeierplatz,24,347785
2026-01-23T04:39:19.914421,Schuhmeierplatz,24,347578
2026-01-23T04:39:19.914421,Schuhmeierplatz,24,348313
2026-01-23T04:39:19.914421,Schuhmeierplatz,24,348235
2026-01-23T04:39:19.914421,Schuhmeierplatz,24,348198
2026-01-23T04:39:19.914421,Schuhmeierplatz,24,348106
2026-01-23T04:39:19.914421,Schönbrunn U,10,345853
2026-01-23T04:39:19.914421,Schönbrunn U,10,346386
2026-01-23T04:39:19.914421,Schönbrunn U,10,347208
2026-01-23T04:39:19.914421,Schönbrunn U,10,347587
2026-01-23T04:39:19.914421,Schönbrunn U,10,348486
2026-01-23T04:39:19.914421,Schönbrunn U,10,348246
2026-01-23T04:39:19.914421,Schönbrunn U,10,348028
2026-01-23T04:39:19.914421,Schönbrunn U,10,398750
2026-01-23T04:39:19.914421,Schönbrunn U,10,348871
2026-01-23T04:39:19.914421,Schönbrunn U,10,348856
2026-01-23T04:39:19.914421,Hermesstraße / Oscar-Straus-Park ,10,345341
2026-01-23T04:39:19.914421,Hermesstraße / Oscar-Straus-Park ,10,345742
2026-01-23T04:39:19.914421,Hermesstraße / Oscar-Straus-Park ,10,346316
2026-01-23T04:39:19.914421,Hermesstraße / Oscar-Straus-Park ,10,346216
2026-01-23T04:39:19.914421,Hermesstraße / Oscar-Straus-Park ,10,346014
2026-01-23T04:39:19.914421,Hermesstraße / Oscar-Straus-Park ,10,346594
2026-01-23T04:39:19.914421,Hermesstraße / Oscar-Straus-Park ,10,346581
2026-01-23T04:39:19.914421,Hermesstraße / Oscar-Straus-Park ,10,346543
2026-01-23T04:39:19.914421,Hermesstraße / Oscar-Straus-Park ,10,348698
2026-01-23T04:39:19.914421,Hermesstraße / Oscar-Straus-Park ,10,349099
2026-01-23T04:39:19.914421,Modecenterstraße / The Marks,12,345607
2026-01-23T04:39:19.914421,Modecenterstraße / The Marks,12,345588
2026-01-23T04:39:19.914421,Modecenterstraße / The Marks,12,346490
2026-01-23T04:39:19.914421,Modecenterstraße / The Marks,12,346426
2026-01-23T04:39:19.914421,Modecenterstraße / The Marks,12,346377
2026-01-23T04:39:19.914421,Modecenterstraße / The Marks,12,346369
2026-01-23T04:39:19.914421,Modecenterstraße / The Marks,12,346801
2026-01-23T04:39:19.914421,Modecenterstraße / The Marks,12,346676
2026-01-23T04:39:19.914421,Modecenterstraße / The Marks,12,346519
2026-01-23T04:39:19.914421,Modecenterstraße / The Marks,12,347402
2026-01-23T04:39:19.914421,Modecenterstraße / The Marks,12,348254
2026-01-23T04:39:19.914421,Modecenterstraße / The Marks,12,348043
2026-01-23T04:39:19.914421,Am Langen Felde,9,345486
2026-01-23T04:39:19.914421,Am Langen Felde,9,345902
2026-01-23T04:39:19.914421,Am Langen Felde,9,346388
2026-01-23T04:39:19.914421,Am Langen Felde,9,346868
2026-01-23T04:39:19.914421,Am Langen Felde,9,347948
2026-01-23T04:39:19.914421,Am Langen Felde,9,347513
2026-01-23T04:39:19.914421,Am Langen Felde,9,348097
2026-01-23T04:39:19.914421,Am Langen Felde,9,348530
2026-01-23T04:39:19.914421,Am Langen Felde,9,398797
2026-01-23T04:39:19.914421,Pilgramgasse U,11,345369
2026-01-23T04:39:19.914421,Pilgramgasse U,11,345824
2026-01-23T04:39:19.914421,Pilgramgasse U,11,345801
2026-01-23T04:39:19.914421,Pilgramgasse U,11,346954
2026-01-23T04:39:19.914421,Pilgramgasse U,11,346839
2026-01-23T04:39:19.914421,Pilgramgasse U,11,347999
2026-01-23T04:39:19.914421,Pilgramgasse U,11,347675
2026-01-23T04:39:19.914421,Pilgramgasse U,11,348437
2026-01-23T04:39:19.914421,Pilgramgasse U,11,348020
2026-01-23T04:39:19.914421,Pilgramgasse U,11,348621
2026-01-23T04:39:19.914421,Pilgramgasse U,11,398833
2026-01-23T04:39:19.914421,Purkytgasse ,5,347310
2026-01-23T04:39:19.914421,Purkytgasse ,5,347154
2026-01-23T04:39:19.914421,Purkytgasse ,5,347001
2026-01-23T04:39:19.914421,Purkytgasse ,5,348360
2026-01-23T04:39:19.914421,Purkytgasse ,5,349185
2026-01-23T04:39:19.914421,Neue Donau U,15,345244
2026-01-23T04:39:19.914421,Neue Donau U,15,345794
2026-01-23T04:39:19.914421,Neue Donau U,15,345735
2026-01-23T04:39:19.914421,Neue Donau U,15,345705
2026-01-23T04:39:19.914421,Neue Donau U,15,345528
2026-01-23T04:39:19.914421,Neue Donau U,15,346463
2026-01-23T04:39:19.914421,Neue Donau U,15,346361
2026-01-23T04:39:19.914421,Neue Donau U,15,346937
2026-01-23T04:39:19.914421,Neue Donau U,15,346920
2026-01-23T04:39:19.914421,Neue Donau U,15,346742
2026-01-23T04:39:19.914421,Neue Donau U,15,347131
2026-01-23T04:39:19.914421,Neue Donau U,15,347983
2026-01-23T04:39:19.914421,Neue Donau U,15,347912
2026-01-23T04:39:19.914421,Neue Donau U,15,347732
2026-01-23T04:39:19.914421,Neue Donau U,15,347720
2026-01-23T04:39:19.914421,Franz-Josef Bahnhof S,10,346661
2026-01-23T04:39:19.914421,Franz-Josef Bahnhof S,10,347462
2026-01-23T04:39:19.914421,Franz-Josef Bahnhof S,10,347455
2026-01-23T04:39:19.914421,Franz-Josef Bahnhof S,10,347920
2026-01-23T04:39:19.914421,Franz-Josef Bahnhof S,10,347874
2026-01-23T04:39:19.914421,Franz-Josef Bahnhof S,10,347869
2026-01-23T04:39:19.914421,Franz-Josef Bahnhof S,10,348467
2026-01-23T04:39:19.914421,Franz-Josef Bahnhof S,10,348352
2026-01-23T04:39:19.914421,Franz-Josef Bahnhof S,10,348157
2026-01-23T04:39:19.914421,Franz-Josef Bahnhof S,10,348704
2026-01-23T04:39:19.914421,Niederpointenstraße,13,346457
2026-01-23T04:39:19.914421,Niederpointenstraße,13,346455
2026-01-23T04:39:19.914421,Niederpointenstraße,13,346237
2026-01-23T04:39:19.914421,Niederpointenstraße,13,346660
2026-01-23T04:39:19.914421,Niederpointenstraße,13,346575
2026-01-23T04:39:19.914421,Niederpointenstraße,13,347271
2026-01-23T04:39:19.914421,Niederpointenstraße,13,347101
2026-01-23T04:39:19.914421,Niederpointenstraße,13,347701
2026-01-23T04:39:19.914421,Niederpointenstraße,13,347569
2026-01-23T04:39:19.914421,Niederpointenstraße,13,348449
2026-01-23T04:39:19.914421,Niederpointenstraße,13,348082
2026-01-23T04:39:19.914421,Niederpointenstraße,13,348941
2026-01-23T04:39:19.914421,Niederpointenstraße,13,348857
2026-01-23T04:39:19.914421,Leopoldauer Platz,9,346478
2026-01-23T04:39:19.914421,Leopoldauer Platz,9,346408
2026-01-23T04:39:19.914421,Leopoldauer Platz,9,346802
2026-01-23T04:39:19.914421,Leopoldauer Platz,9,346751
2026-01-23T04:39:19.914421,Leopoldauer Platz,9,346562
2026-01-23T04:39:19.914421,Leopoldauer Platz,9,347750
2026-01-23T04:39:19.914421,Leopoldauer Platz,9,347514
2026-01-23T04:39:19.914421,Leopoldauer Platz,9,398745
2026-01-23T04:39:19.914421,Leopoldauer Platz,9,349072
2026-01-23T04:39:19.914421,ArbeiterInnenstrand,20,345385
2026-01-23T04:39:19.914421,ArbeiterInnenstrand,20,345231
2026-01-23T04:39:19.914421,ArbeiterInnenstrand,20,345155
2026-01-23T04:39:19.914421,ArbeiterInnenstrand,20,345990
2026-01-23T04:39:19.914421,ArbeiterInnenstrand,20,345899
2026-01-23T04:39:19.914421,ArbeiterInnenstrand,20,345756
2026-01-23T04:39:19.914421,ArbeiterInnenstrand,20,345659
2026-01-23T04:39:19.914421,ArbeiterInnenstrand,20,346964
2026-01-23T04:39:19.914421,ArbeiterInnenstrand,20,346885
2026-01-23T04:39:19.914421,ArbeiterInnenstrand,20,347318
2026-01-23T04:39:19.914421,ArbeiterInnenstrand,20,347297
2026-01-23T04:39:19.914421,ArbeiterInnenstrand,20,347226
2026-01-23T04:39:19.914421,ArbeiterInnenstrand,20,347146
2026-01-23T04:39:19.914421,ArbeiterInnenstrand,20,347866
2026-01-23T04:39:19.914421,ArbeiterInnenstrand,20,347836
2026-01-23T04:39:19.914421,ArbeiterInnenstrand,20,347593
2026-01-23T04:39:19.914421,ArbeiterInnenstrand,20,348382
2026-01-23T04:39:19.914421,ArbeiterInnenstrand,20,348068
2026-01-23T04:39:19.914421,ArbeiterInnenstrand,20,398803
2026-01-23T04:39:19.914421,ArbeiterInnenstrand,20,348899
2026-01-23T04:39:19.914421,Gewerbepark Stadlau,2,346777
2026-01-23T04:39:19.914421,Gewerbepark Stadlau,2,398863
2026-01-23T04:39:19.914421,Atzgersdorf Bildungscampus,14,345327
2026-01-23T04:39:19.914421,Atzgersdorf Bildungscampus,14,345886
2026-01-23T04:39:19.914421,Atzgersdorf Bildungscampus,14,345716
2026-01-23T04:39:19.914421,Atzgersdorf Bildungscampus,14,345579
2026-01-23T04:39:19.914421,Atzgersdorf Bildungscampus,14,346220
2026-01-23T04:39:19.914421,Atzgersdorf Bildungscampus,14,347230
2026-01-23T04:39:19.914421,Atzgersdorf Bildungscampus,14,347221
2026-01-23T04:39:19.914421,Atzgersdorf Bildungscampus,14,347090
2026-01-23T04:39:19.914421,Atzgersdorf Bildungscampus,14,347739
2026-01-23T04:39:19.914421,Atzgersdorf Bildungscampus,14,347506
2026-01-23T04:39:19.914421,Atzgersdorf Bildungscampus,14,348438
2026-01-23T04:39:19.914421,Atzgersdorf Bildungscampus,14,348280
2026-01-23T04:39:19.914421,Atzgersdorf Bildungscampus,14,348178
2026-01-23T04:39:19.914421,Atzgersdorf Bildungscampus,14,398834
2026-01-23T04:39:19.914421,Adelheid-Popp-Gasse,1,346053
2026-01-23T04:39:19.914421,Alte Donau U,9,345397
2026-01-23T04:39:19.914421,Alte Donau U,9,345767
2026-01-23T04:39:19.914421,Alte Donau U,9,347261
2026-01-23T04:39:19.914421,Alte Donau U,9,347132
2026-01-23T04:39:19.914421,Alte Donau U,9,347019
2026-01-23T04:39:19.914421,Alte Donau U,9,348447
2026-01-23T04:39:19.914421,Alte Donau U,9,348174
2026-01-23T04:39:19.914421,Alte Donau U,9,348012
2026-01-23T04:39:19.914421,Alte Donau U,9,348674
2026-01-23T04:39:19.914421,VHS Kulturgarage,9,345858
2026-01-23T04:39:19.914421,VHS Kulturgarage,9,345634
2026-01-23T04:39:19.914421,VHS Kulturgarage,9,346338
2026-01-23T04:39:19.914421,VHS Kulturgarage,9,347178
2026-01-23T04:39:19.914421,VHS Kulturgarage,9,347065
2026-01-23T04:39:19.914421,VHS Kulturgarage,9,347942
2026-01-23T04:39:19.914421,VHS Kulturgarage,9,348473
2026-01-23T04:39:19.914421,VHS Kulturgarage,9,348526
2026-01-23T04:39:19.914421,VHS Kulturgarage,9,398772
2026-01-23T04:39:19.914421,Siebenbrunnenfeldgasse,13,345469
2026-01-23T04:39:19.914421,Siebenbrunnenfeldgasse,13,345324
2026-01-23T04:39:19.914421,Siebenbrunnenfeldgasse,13,345221
2026-01-23T04:39:19.914421,Siebenbrunnenfeldgasse,13,345127
2026-01-23T04:39:19.914421,Siebenbrunnenfeldgasse,13,345094
2026-01-23T04:39:19.914421,Siebenbrunnenfeldgasse,13,345766
2026-01-23T04:39:19.914421,Siebenbrunnenfeldgasse,13,345714
2026-01-23T04:39:19.914421,Siebenbrunnenfeldgasse,13,346784
2026-01-23T04:39:19.914421,Siebenbrunnenfeldgasse,13,347336
2026-01-23T04:39:19.914421,Siebenbrunnenfeldgasse,13,347206
2026-01-23T04:39:19.914421,Siebenbrunnenfeldgasse,13,347106
2026-01-23T04:39:19.914421,Siebenbrunnenfeldgasse,13,347076
2026-01-23T04:39:19.914421,Siebenbrunnenfeldgasse,13,348542
2026-01-23T04:39:19.914421,Technisches Museum,22,345402
2026-01-23T04:39:19.914421,Technisches Museum,22,345352
2026-01-23T04:39:19.914421,Technisches Museum,22,345829
2026-01-23T04:39:19.914421,Technisches Museum,22,345781
2026-01-23T04:39:19.914421,Technisches Museum,22,345728
2026-01-23T04:39:19.914421,Technisches Museum,22,346372
2026-01-23T04:39:19.914421,Technisches Museum,22,346309
2026-01-23T04:39:19.914421,Technisches Museum,22,346254
2026-01-23T04:39:19.914421,Technisches Museum,22,346104
2026-01-23T04:39:19.914421,Technisches Museum,22,346085
2026-01-23T04:39:19.914421,Technisches Museum,22,346030
2026-01-23T04:39:19.914421,Technisches Museum,22,346960
2026-01-23T04:39:19.914421,Technisches Museum,22,346804
2026-01-23T04:39:19.914421,Technisches Museum,22,346715
2026-01-23T04:39:19.914421,Technisches Museum,22,347204
2026-01-23T04:39:19.914421,Technisches Museum,22,347176
2026-01-23T04:39:19.914421,Technisches Museum,22,347162
2026-01-23T04:39:19.914421,Technisches Museum,22,347006
2026-01-23T04:39:19.914421,Technisches Museum,22,348460
2026-01-23T04:39:19.914421,Technisches Museum,22,348420
2026-01-23T04:39:19.914421,Technisches Museum,22,348267
2026-01-23T04:39:19.914421,Technisches Museum,22,349123
2026-01-23T04:39:19.914421,Währinger Park,17,345491
2026-01-23T04:39:19.914421,Währinger Park,17,345450
2026-01-23T04:39:19.914421,Währinger Park,17,345394
2026-01-23T04:39:19.914421,Währinger Park,17,345345
2026-01-23T04:39:19.914421,Währinger Park,17,345895
2026-01-23T04:39:19.914421,Währinger Park,17,345850
2026-01-23T04:39:19.914421,Währinger Park,17,345721
2026-01-23T04:39:19.914421,Währinger Park,17,346267
2026-01-23T04:39:19.914421,Währinger Park,17,346167
2026-01-23T04:39:19.914421,Währinger Park,17,346834
2026-01-23T04:39:19.914421,Währinger Park,17,347269
2026-01-23T04:39:19.914421,Währinger Park,17,347193
2026-01-23T04:39:19.914421,Währinger Park,17,347048
2026-01-23T04:39:19.914421,Währinger Park,17,347985
2026-01-23T04:39:19.914421,Währinger Park,17,347840
2026-01-23T04:39:19.914421,Währinger Park,17,348143
2026-01-23T04:39:19.914421,Währinger Park,17,398732
2026-01-23T04:39:19.914421,Ettenreichgasse / Schulzentrum ,4,349113
2026-01-23T04:39:19.914421,Ettenreichgasse / Schulzentrum ,4,349016
2026-01-23T04:39:19.914421,Ettenreichgasse / Schulzentrum ,4,348977
2026-01-23T04:39:19.914421,Ettenreichgasse / Schulzentrum ,4,349168
2026-01-23T04:39:19.914421,Wendstattgasse,9,345408
2026-01-23T04:39:19.914421,Wendstattgasse,9,346693
2026-01-23T04:39:19.914421,Wendstattgasse,9,346632
2026-01-23T04:39:19.914421,Wendstattgasse,9,347121
2026-01-23T04:39:19.914421,Wendstattgasse,9,347702
2026-01-23T04:39:19.914421,Wendstattgasse,9,347639
2026-01-23T04:39:19.914421,Wendstattgasse,9,348389
2026-01-23T04:39:19.914421,Wendstattgasse,9,398846
2026-01-23T04:39:19.914421,Wendstattgasse,9,398723
2026-01-23T04:39:19.914421,Neilreichgasse,1,347426
2026-01-23T04:39:19.914421,Gutheil-Schoder-Gasse / Badner Bahn,13,345400
2026-01-23T04:39:19.914421,Gutheil-Schoder-Gasse / Badner Bahn,13,345361
2026-01-23T04:39:19.914421,Gutheil-Schoder-Gasse / Badner Bahn,13,345926
2026-01-23T04:39:19.914421,Gutheil-Schoder-Gasse / Badner Bahn,13,345554
2026-01-23T04:39:19.914421,Gutheil-Schoder-Gasse / Badner Bahn,13,346286
2026-01-23T04:39:19.914421,Gutheil-Schoder-Gasse / Badner Bahn,13,346222
2026-01-23T04:39:19.914421,Gutheil-Schoder-Gasse / Badner Bahn,13,346765
2026-01-23T04:39:19.914421,Gutheil-Schoder-Gasse / Badner Bahn,13,347137
2026-01-23T04:39:19.914421,Gutheil-Schoder-Gasse / Badner Bahn,13,348316
2026-01-23T04:39:19.914421,Gutheil-Schoder-Gasse / Badner Bahn,13,348271
2026-01-23T04:39:19.914421,Gutheil-Schoder-Gasse / Badner Bahn,13,348034
2026-01-23T04:39:19.914421,Gutheil-Schoder-Gasse / Badner Bahn,13,398724
2026-01-23T04:39:19.914421,Gutheil-Schoder-Gasse / Badner Bahn,13,349154
2026-01-23T04:39:19.914421,Neu Leopoldau,15,345448
2026-01-23T04:39:19.914421,Neu Leopoldau,15,345174
2026-01-23T04:39:19.914421,Neu Leopoldau,15,346382
2026-01-23T04:39:19.914421,Neu Leopoldau,15,346196
2026-01-23T04:39:19.914421,Neu Leopoldau,15,346726
2026-01-23T04:39:19.914421,Neu Leopoldau,15,346656
2026-01-23T04:39:19.914421,Neu Leopoldau,15,346649
2026-01-23T04:39:19.914421,Neu Leopoldau,15,346615
2026-01-23T04:39:19.914421,Neu Leopoldau,15,346512
2026-01-23T04:39:19.914421,Neu Leopoldau,15,347879
2026-01-23T04:39:19.914421,Neu Leopoldau,15,348164
2026-01-23T04:39:19.914421,Neu Leopoldau,15,348934
2026-01-23T04:39:19.914421,Neu Leopoldau,15,348854
2026-01-23T04:39:19.914421,Neu Leopoldau,15,349169
2026-01-23T04:39:19.914421,Neu Leopoldau,15,349147
2026-01-23T04:39:19.914421,Strebersdorf S,9,345152
2026-01-23T04:39:19.914421,Strebersdorf S,9,345644
2026-01-23T04:39:19.914421,Strebersdorf S,9,345541
2026-01-23T04:39:19.914421,Strebersdorf S,9,346162
2026-01-23T04:39:19.914421,Strebersdorf S,9,346140
2026-01-23T04:39:19.914421,Strebersdorf S,9,346529
2026-01-23T04:39:19.914421,Strebersdorf S,9,347485
2026-01-23T04:39:19.914421,Strebersdorf S,9,347061
2026-01-23T04:39:19.914421,Strebersdorf S,9,348060
2026-01-23T04:39:19.914421,Rodlergasse,9,345454
2026-01-23T04:39:19.914421,Rodlergasse,9,345439
2026-01-23T04:39:19.914421,Rodlergasse,9,346938
2026-01-23T04:39:19.914421,Rodlergasse,9,346787
2026-01-23T04:39:19.914421,Rodlergasse,9,347307
2026-01-23T04:39:19.914421,Rodlergasse,9,347071
2026-01-23T04:39:19.914421,Rodlergasse,9,347997
2026-01-23T04:39:19.914421,Rodlergasse,9,348695
2026-01-23T04:39:19.914421,Rodlergasse,9,348842
2026-01-23T04:39:19.914421,Nussbaumallee,8,345025
2026-01-23T04:39:19.914421,Nussbaumallee,8,345826
2026-01-23T04:39:19.914421,Nussbaumallee,8,345777
2026-01-23T04:39:19.914421,Nussbaumallee,8,345626
2026-01-23T04:39:19.914421,Nussbaumallee,8,346131
2026-01-23T04:39:19.914421,Nussbaumallee,8,346806
2026-01-23T04:39:19.914421,Nussbaumallee,8,348217
2026-01-23T04:39:19.914421,Nussbaumallee,8,348579
2026-01-23T04:39:19.914421,Raxstraße,6,346142
2026-01-23T04:39:19.914421,Raxstraße,6,347066
2026-01-23T04:39:19.914421,Raxstraße,6,347777
2026-01-23T04:39:19.914421,Raxstraße,6,347723
2026-01-23T04:39:19.914421,Raxstraße,6,348358
2026-01-23T04:39:19.914421,Raxstraße,6,348971
2026-01-23T04:39:19.914421,Wattmanngasse,10,345105
2026-01-23T04:39:19.914421,Wattmanngasse,10,345080
2026-01-23T04:39:19.914421,Wattmanngasse,10,346373
2026-01-23T04:39:19.914421,Wattmanngasse,10,346076
2026-01-23T04:39:19.914421,Wattmanngasse,10,346750
2026-01-23T04:39:19.914421,Wattmanngasse,10,347631
2026-01-23T04:39:19.914421,Wattmanngasse,10,348346
2026-01-23T04:39:19.914421,Wattmanngasse,10,398856
2026-01-23T04:39:19.914421,Wattmanngasse,10,349050
2026-01-23T04:39:19.914421,Wattmanngasse,10,348913
2026-01-23T04:39:19.914421,Joachimsthaler Platz,8,345456
2026-01-23T04:39:19.914421,Joachimsthaler Platz,8,345693
2026-01-23T04:39:19.914421,Joachimsthaler Platz,8,345674
2026-01-23T04:39:19.914421,Joachimsthaler Platz,8,345612
2026-01-23T04:39:19.914421,Joachimsthaler Platz,8,346294
2026-01-23T04:39:19.914421,Joachimsthaler Platz,8,346680
2026-01-23T04:39:19.914421,Joachimsthaler Platz,8,347711
2026-01-23T04:39:19.914421,Joachimsthaler Platz,8,348145
2026-01-23T04:39:19.914421,Floridsdorfer Markt,9,346882
2026-01-23T04:39:19.914421,Floridsdorfer Markt,9,346869
2026-01-23T04:39:19.914421,Floridsdorfer Markt,9,346698
2026-01-23T04:39:19.914421,Floridsdorfer Markt,9,346681
2026-01-23T04:39:19.914421,Floridsdorfer Markt,9,347978
2026-01-23T04:39:19.914421,Floridsdorfer Markt,9,347835
2026-01-23T04:39:19.914421,Floridsdorfer Markt,9,347699
2026-01-23T04:39:19.914421,Floridsdorfer Markt,9,348457
2026-01-23T04:39:19.914421,Floridsdorfer Markt,9,348455
2026-01-23T04:39:19.914421,Nussdorf S,1,348019
2026-01-23T04:39:19.914421,Bertha-von-Suttner-Gasse,8,345219
2026-01-23T04:39:19.914421,Bertha-von-Suttner-Gasse,8,345689
2026-01-23T04:39:19.914421,Bertha-von-Suttner-Gasse,8,345527
2026-01-23T04:39:19.914421,Bertha-von-Suttner-Gasse,8,346459
2026-01-23T04:39:19.914421,Bertha-von-Suttner-Gasse,8,346858
2026-01-23T04:39:19.914421,Bertha-von-Suttner-Gasse,8,348146
2026-01-23T04:39:19.914421,Bertha-von-Suttner-Gasse,8,398835
2026-01-23T04:39:19.914421,Bertha-von-Suttner-Gasse,8,349068
2026-01-23T04:39:19.914421,Hauptbahnhof Ost,5,346367
2026-01-23T04:39:19.914421,Hauptbahnhof Ost,5,346625
2026-01-23T04:39:19.914421,Hauptbahnhof Ost,5,346617
2026-01-23T04:39:19.914421,Hauptbahnhof Ost,5,347072
2026-01-23T04:39:19.914421,Hauptbahnhof Ost,5,348617
2026-01-23T04:39:19.914421,FH Technikum,12,345046
2026-01-23T04:39:19.914421,FH Technikum,12,345764
2026-01-23T04:39:19.914421,FH Technikum,12,346447
2026-01-23T04:39:19.914421,FH Technikum,12,346503
2026-01-23T04:39:19.914421,FH Technikum,12,347439
2026-01-23T04:39:19.914421,FH Technikum,12,347357
2026-01-23T04:39:19.914421,FH Technikum,12,347281
2026-01-23T04:39:19.914421,FH Technikum,12,347882
2026-01-23T04:39:19.914421,FH Technikum,12,347821
2026-01-23T04:39:19.914421,FH Technikum,12,348323
2026-01-23T04:39:19.914421,FH Technikum,12,348298
2026-01-23T04:39:19.914421,FH Technikum,12,349189
2026-01-23T04:39:19.914421,Hafen Wien,11,345991
2026-01-23T04:39:19.914421,Hafen Wien,11,346071
2026-01-23T04:39:19.914421,Hafen Wien,11,346956
2026-01-23T04:39:19.914421,Hafen Wien,11,346944
2026-01-23T04:39:19.914421,Hafen Wien,11,346819
2026-01-23T04:39:19.914421,Hafen Wien,11,347321
2026-01-23T04:39:19.914421,Hafen Wien,11,347095
2026-01-23T04:39:19.914421,Hafen Wien,11,347728
2026-01-23T04:39:19.914421,Hafen Wien,11,347661
2026-01-23T04:39:19.914421,Hafen Wien,11,347589
2026-01-23T04:39:19.914421,Hafen Wien,11,348284
2026-01-23T04:39:19.914421,Hundertwasserhaus,11,346487
2026-01-23T04:39:19.914421,Hundertwasserhaus,11,346074
2026-01-23T04:39:19.914421,Hundertwasserhaus,11,346919
2026-01-23T04:39:19.914421,Hundertwasserhaus,11,346830
2026-01-23T04:39:19.914421,Hundertwasserhaus,11,346789
2026-01-23T04:39:19.914421,Hundertwasserhaus,11,346539
2026-01-23T04:39:19.914421,Hundertwasserhaus,11,346507
2026-01-23T04:39:19.914421,Hundertwasserhaus,11,347666
2026-01-23T04:39:19.914421,Hundertwasserhaus,11,348063
2026-01-23T04:39:19.914421,Hundertwasserhaus,11,348054
2026-01-23T04:39:19.914421,Hundertwasserhaus,11,348668
2026-01-23T04:39:19.914421,Seestadt U - Lina-Bo-Bardi-Platz,2,346023
2026-01-23T04:39:19.914421,Seestadt U - Lina-Bo-Bardi-Platz,2,398855
2026-01-23T04:39:19.914421,Barbara-Prammer-Allee,3,347988
2026-01-23T04:39:19.914421,Barbara-Prammer-Allee,3,348662
2026-01-23T04:39:19.914421,Barbara-Prammer-Allee,3,348596
2026-01-23T04:39:19.914421,Sonnenallee,9,345430
2026-01-23T04:39:19.914421,Sonnenallee,9,345917
2026-01-23T04:39:19.914421,Sonnenallee,9,345799
2026-01-23T04:39:19.914421,Sonnenallee,9,346107
2026-01-23T04:39:19.914421,Sonnenallee,9,346782
2026-01-23T04:39:19.914421,Sonnenallee,9,347395
2026-01-23T04:39:19.914421,Sonnenallee,9,347228
2026-01-23T04:39:19.914421,Sonnenallee,9,348258
2026-01-23T04:39:19.914421,Sonnenallee,9,348233
2026-01-23T04:39:19.914421,AIT Austrian Institute of Technology / Giefinggasse ,8,345405
2026-01-23T04:39:19.914421,AIT Austrian Institute of Technology / Giefinggasse ,8,345178
2026-01-23T04:39:19.914421,AIT Austrian Institute of Technology / Giefinggasse ,8,346446
2026-01-23T04:39:19.914421,AIT Austrian Institute of Technology / Giefinggasse ,8,346057
2026-01-23T04:39:19.914421,AIT Austrian Institute of Technology / Giefinggasse ,8,346608
2026-01-23T04:39:19.914421,AIT Austrian Institute of Technology / Giefinggasse ,8,347010
2026-01-23T04:39:19.914421,AIT Austrian Institute of Technology / Giefinggasse ,8,348114
2026-01-23T04:39:19.914421,AIT Austrian Institute of Technology / Giefinggasse ,8,348092
2026-01-23T04:39:19.914421,Blériotgasse,14,345358
2026-01-23T04:39:19.914421,Blériotgasse,14,345307
2026-01-23T04:39:19.914421,Blériotgasse,14,345113
2026-01-23T04:39:19.914421,Blériotgasse,14,345053
2026-01-23T04:39:19.914421,Blériotgasse,14,345904
2026-01-23T04:39:19.914421,Blériotgasse,14,345894
2026-01-23T04:39:19.914421,Blériotgasse,14,346484
2026-01-23T04:39:19.914421,Blériotgasse,14,346298
2026-01-23T04:39:19.914421,Blériotgasse,14,346017
2026-01-23T04:39:19.914421,Blériotgasse,14,346567
2026-01-23T04:39:19.914421,Blériotgasse,14,347317
2026-01-23T04:39:19.914421,Blériotgasse,14,347670
2026-01-23T04:39:19.914421,Blériotgasse,14,348474
2026-01-23T04:39:19.914421,Blériotgasse,14,398818
2026-01-23T04:39:19.914421,Vetmed Haupteingang,1,346031
2026-01-23T04:39:19.914421,Vetmed UB,4,345059
2026-01-23T04:39:19.914421,Vetmed UB,4,346856
2026-01-23T04:39:19.914421,Vetmed UB,4,346705
2026-01-23T04:39:19.914421,Vetmed UB,4,348404
2026-01-23T04:39:19.914421,Rebhanngasse / Nordbahnstrasse,5,346214
2026-01-23T04:39:19.914421,Rebhanngasse / Nordbahnstrasse,5,347883
2026-01-23T04:39:19.914421,Rebhanngasse / Nordbahnstrasse,5,347629
2026-01-23T04:39:19.914421,Rebhanngasse / Nordbahnstrasse,5,347567
2026-01-23T04:39:19.914421,Rebhanngasse / Nordbahnstrasse,5,349025
2026-01-23T04:39:19.914421,Nordbahnstrasse,3,345376
2026-01-23T04:39:19.914421,Nordbahnstrasse,3,347518
2026-01-23T04:39:19.914421,Nordbahnstrasse,3,348882
2026-01-23T04:39:19.914421,BIKE 347026,1,347026
2026-01-23T04:39:19.914421,BIKE 346054,1,346054
2026-01-23T04:39:19.914421,BIKE 346227,1,346227
2026-01-23T04:39:19.914421,BIKE 345594,1,345594
2026-01-23T04:39:19.914421,BIKE 345665,1,345665
2026-01-23T04:39:19.914421,BIKE 347199,1,347199
2026-01-23T04:39:19.914421,BIKE 346325,1,346325
2026-01-23T04:39:19.914421,BIKE 346492,1,346492
2026-01-23T04:39:19.914421,BIKE 348878,1,348878
2026-01-23T04:39:19.914421,BIKE 398790,1,398790
2026-01-23T04:39:19.914421,BIKE 348080,1,348080
2026-01-23T04:39:19.914421,BIKE 346038,1,346038
2026-01-23T04:39:19.914421,BIKE 348935,1,348935
2026-01-23T04:39:19.914421,BIKE 348927,1,348927
2026-01-23T04:39:19.914421,BIKE 347958,1,347958
2026-01-23T04:39:19.914421,BIKE 348931,1,348931
2026-01-23T04:39:19.914421,BIKE 345466,1,345466
2026-01-23T04:39:19.914421,BIKE 346449,1,346449
2026-01-23T04:39:19.914421,BIKE 346688,1,346688
2026-01-23T04:39:19.914421,BIKE 347315,1,347315
2026-01-23T04:39:19.914421,BIKE 345492,1,345492
2026-01-23T05:08:58.248517,Julius-Raab-Platz,24,345485
2026-01-23T05:08:58.248517,Julius-Raab-Platz,24,345428
2026-01-23T05:08:58.248517,Julius-Raab-Platz,24,345399
2026-01-23T05:08:58.248517,Julius-Raab-Platz,24,345311
2026-01-23T05:08:58.248517,Julius-Raab-Platz,24,345097
2026-01-23T05:08:58.248517,Julius-Raab-Platz,24,345562
2026-01-23T05:08:58.248517,Julius-Raab-Platz,24,346328
2026-01-23T05:08:58.248517,Julius-Raab-Platz,24,346228
2026-01-23T05:08:58.248517,Julius-Raab-Platz,24,346080
2026-01-23T05:08:58.248517,Julius-Raab-Platz,24,346892
2026-01-23T05:08:58.248517,Julius-Raab-Platz,24,346718
2026-01-23T05:08:58.248517,Julius-Raab-Platz,24,347420
2026-01-23T05:08:58.248517,Julius-Raab-Platz,24,347152
2026-01-23T05:08:58.248517,Julius-Raab-Platz,24,347964
2026-01-23T05:08:58.248517,Julius-Raab-Platz,24,347815
2026-01-23T05:08:58.248517,Julius-Raab-Platz,24,347505
2026-01-23T05:08:58.248517,Julius-Raab-Platz,24,348318
2026-01-23T05:08:58.248517,Julius-Raab-Platz,24,348305
2026-01-23T05:08:58.248517,Julius-Raab-Platz,24,348282
2026-01-23T05:08:58.248517,Julius-Raab-Platz,24,348101
2026-01-23T05:08:58.248517,Julius-Raab-Platz,24,348629
2026-01-23T05:08:58.248517,Julius-Raab-Platz,24,348610
2026-01-23T05:08:58.248517,Julius-Raab-Platz,24,398739
2026-01-23T05:08:58.248517,Julius-Raab-Platz,24,398734
2026-01-23T05:08:58.248517,Hoher Markt,26,345415
2026-01-23T05:08:58.248517,Hoher Markt,26,345368
2026-01-23T05:08:58.248517,Hoher Markt,26,345312
2026-01-23T05:08:58.248517,Hoher Markt,26,345885
2026-01-23T05:08:58.248517,Hoher Markt,26,345830
2026-01-23T05:08:58.248517,Hoher Markt,26,345718
2026-01-23T05:08:58.248517,Hoher Markt,26,345677
2026-01-23T05:08:58.248517,Hoher Markt,26,346407
2026-01-23T05:08:58.248517,Hoher Markt,26,346258
2026-01-23T05:08:58.248517,Hoher Markt,26,346926
2026-01-23T05:08:58.248517,Hoher Markt,26,346689
2026-01-23T05:08:58.248517,Hoher Markt,26,346606
2026-01-23T05:08:58.248517,Hoher Markt,26,347499
2026-01-23T05:08:58.248517,Hoher Markt,26,347378
2026-01-23T05:08:58.248517,Hoher Markt,26,347246
2026-01-23T05:08:58.248517,Hoher Markt,26,347823
2026-01-23T05:08:58.248517,Hoher Markt,26,347770
2026-01-23T05:08:58.248517,Hoher Markt,26,347762
2026-01-23T05:08:58.248517,Hoher Markt,26,348410
2026-01-23T05:08:58.248517,Hoher Markt,26,348344
2026-01-23T05:08:58.248517,Hoher Markt,26,348310
2026-01-23T05:08:58.248517,Hoher Markt,26,348602
2026-01-23T05:08:58.248517,Hoher Markt,26,348563
2026-01-23T05:08:58.248517,Hoher Markt,26,398807
2026-01-23T05:08:58.248517,Hoher Markt,26,398784
2026-01-23T05:08:58.248517,Hoher Markt,26,348923
2026-01-23T05:08:58.248517,Oper,24,345477
2026-01-23T05:08:58.248517,Oper,24,345262
2026-01-23T05:08:58.248517,Oper,24,345188
2026-01-23T05:08:58.248517,Oper,24,345907
2026-01-23T05:08:58.248517,Oper,24,345778
2026-01-23T05:08:58.248517,Oper,24,345653
2026-01-23T05:08:58.248517,Oper,24,345620
2026-01-23T05:08:58.248517,Oper,24,346359
2026-01-23T05:08:58.248517,Oper,24,346921
2026-01-23T05:08:58.248517,Oper,24,347442
2026-01-23T05:08:58.248517,Oper,24,347080
2026-01-23T05:08:58.248517,Oper,24,347027
2026-01-23T05:08:58.248517,Oper,24,347805
2026-01-23T05:08:58.248517,Oper,24,347782
2026-01-23T05:08:58.248517,Oper,24,347731
2026-01-23T05:08:58.248517,Oper,24,347616
2026-01-23T05:08:58.248517,Oper,24,347610
2026-01-23T05:08:58.248517,Oper,24,348479
2026-01-23T05:08:58.248517,Oper,24,348206
2026-01-23T05:08:58.248517,Oper,24,348663
2026-01-23T05:08:58.248517,Oper,24,348615
2026-01-23T05:08:58.248517,Oper,24,348545
2026-01-23T05:08:58.248517,Oper,24,398714
2026-01-23T05:08:58.248517,Oper,24,398817
2026-01-23T05:08:58.248517,Volksgarten,9,345333
2026-01-23T05:08:58.248517,Volksgarten,9,345564
2026-01-23T05:08:58.248517,Volksgarten,9,346308
2026-01-23T05:08:58.248517,Volksgarten,9,347341
2026-01-23T05:08:58.248517,Volksgarten,9,347973
2026-01-23T05:08:58.248517,Volksgarten,9,347871
2026-01-23T05:08:58.248517,Volksgarten,9,347743
2026-01-23T05:08:58.248517,Volksgarten,9,347698
2026-01-23T05:08:58.248517,Volksgarten,9,348160
2026-01-23T05:08:58.248517,Stephansplatz U,4,346556
2026-01-23T05:08:58.248517,Stephansplatz U,4,347009
2026-01-23T05:08:58.248517,Stephansplatz U,4,348929
2026-01-23T05:08:58.248517,Stephansplatz U,4,349162
2026-01-23T05:08:58.248517,Taborstraße U,24,345186
2026-01-23T05:08:58.248517,Taborstraße U,24,345117
2026-01-23T05:08:58.248517,Taborstraße U,24,345864
2026-01-23T05:08:58.248517,Taborstraße U,24,345614
2026-01-23T05:08:58.248517,Taborstraße U,24,346476
2026-01-23T05:08:58.248517,Taborstraße U,24,346391
2026-01-23T05:08:58.248517,Taborstraße U,24,346149
2026-01-23T05:08:58.248517,Taborstraße U,24,346019
2026-01-23T05:08:58.248517,Taborstraße U,24,346833
2026-01-23T05:08:58.248517,Taborstraße U,24,346730
2026-01-23T05:08:58.248517,Taborstraße U,24,347486
2026-01-23T05:08:58.248517,Taborstraße U,24,347257
2026-01-23T05:08:58.248517,Taborstraße U,24,347935
2026-01-23T05:08:58.248517,Taborstraße U,24,347915
2026-01-23T05:08:58.248517,Taborstraße U,24,347721
2026-01-23T05:08:58.248517,Taborstraße U,24,347674
2026-01-23T05:08:58.248517,Taborstraße U,24,347652
2026-01-23T05:08:58.248517,Taborstraße U,24,347627
2026-01-23T05:08:58.248517,Taborstraße U,24,347622
2026-01-23T05:08:58.248517,Taborstraße U,24,348190
2026-01-23T05:08:58.248517,Taborstraße U,24,348636
2026-01-23T05:08:58.248517,Taborstraße U,24,348622
2026-01-23T05:08:58.248517,Taborstraße U,24,348584
2026-01-23T05:08:58.248517,Taborstraße U,24,398728
2026-01-23T05:08:58.248517,WU-Campus / Südportalstraße ,10,345169
2026-01-23T05:08:58.248517,WU-Campus / Südportalstraße ,10,345056
2026-01-23T05:08:58.248517,WU-Campus / Südportalstraße ,10,346992
2026-01-23T05:08:58.248517,WU-Campus / Südportalstraße ,10,347393
2026-01-23T05:08:58.248517,WU-Campus / Südportalstraße ,10,347769
2026-01-23T05:08:58.248517,WU-Campus / Südportalstraße ,10,347609
2026-01-23T05:08:58.248517,WU-Campus / Südportalstraße ,10,348445
2026-01-23T05:08:58.248517,WU-Campus / Südportalstraße ,10,348152
2026-01-23T05:08:58.248517,WU-Campus / Südportalstraße ,10,348066
2026-01-23T05:08:58.248517,WU-Campus / Südportalstraße ,10,348556
2026-01-23T05:08:58.248517,Erdberg U,29,345421
2026-01-23T05:08:58.248517,Erdberg U,29,345284
2026-01-23T05:08:58.248517,Erdberg U,29,345248
2026-01-23T05:08:58.248517,Erdberg U,29,345149
2026-01-23T05:08:58.248517,Erdberg U,29,345856
2026-01-23T05:08:58.248517,Erdberg U,29,345779
2026-01-23T05:08:58.248517,Erdberg U,29,346416
2026-01-23T05:08:58.248517,Erdberg U,29,346218
2026-01-23T05:08:58.248517,Erdberg U,29,346098
2026-01-23T05:08:58.248517,Erdberg U,29,346982
2026-01-23T05:08:58.248517,Erdberg U,29,346651
2026-01-23T05:08:58.248517,Erdberg U,29,346612
2026-01-23T05:08:58.248517,Erdberg U,29,347210
2026-01-23T05:08:58.248517,Erdberg U,29,347188
2026-01-23T05:08:58.248517,Erdberg U,29,347030
2026-01-23T05:08:58.248517,Erdberg U,29,347982
2026-01-23T05:08:58.248517,Erdberg U,29,347710
2026-01-23T05:08:58.248517,Erdberg U,29,347659
2026-01-23T05:08:58.248517,Erdberg U,29,348230
2026-01-23T05:08:58.248517,Erdberg U,29,348195
2026-01-23T05:08:58.248517,Erdberg U,29,348127
2026-01-23T05:08:58.248517,Erdberg U,29,348708
2026-01-23T05:08:58.248517,Erdberg U,29,348560
2026-01-23T05:08:58.248517,Erdberg U,29,348543
2026-01-23T05:08:58.248517,Erdberg U,29,398782
2026-01-23T05:08:58.248517,Erdberg U,29,349069
2026-01-23T05:08:58.248517,Erdberg U,29,348942
2026-01-23T05:08:58.248517,Erdberg U,29,348850
2026-01-23T05:08:58.248517,Erdberg U,29,348825
2026-01-23T05:08:58.248517,Media Quarter Marx,15,346272
2026-01-23T05:08:58.248517,Media Quarter Marx,15,346264
2026-01-23T05:08:58.248517,Media Quarter Marx,15,346215
2026-01-23T05:08:58.248517,Media Quarter Marx,15,346577
2026-01-23T05:08:58.248517,Media Quarter Marx,15,347380
2026-01-23T05:08:58.248517,Media Quarter Marx,15,347168
2026-01-23T05:08:58.248517,Media Quarter Marx,15,347135
2026-01-23T05:08:58.248517,Media Quarter Marx,15,347116
2026-01-23T05:08:58.248517,Media Quarter Marx,15,347756
2026-01-23T05:08:58.248517,Media Quarter Marx,15,348426
2026-01-23T05:08:58.248517,Media Quarter Marx,15,348594
2026-01-23T05:08:58.248517,Media Quarter Marx,15,348569
2026-01-23T05:08:58.248517,Media Quarter Marx,15,398849
2026-01-23T05:08:58.248517,Media Quarter Marx,15,398810
2026-01-23T05:08:58.248517,Media Quarter Marx,15,398775
2026-01-23T05:08:58.248517,Rennweg S,5,346126
2026-01-23T05:08:58.248517,Rennweg S,5,347996
2026-01-23T05:08:58.248517,Rennweg S,5,348484
2026-01-23T05:08:58.248517,Rennweg S,5,348928
2026-01-23T05:08:58.248517,Rennweg S,5,348891
2026-01-23T05:08:58.248517,Rochusmarkt,8,345482
2026-01-23T05:08:58.248517,Rochusmarkt,8,345036
2026-01-23T05:08:58.248517,Rochusmarkt,8,346990
2026-01-23T05:08:58.248517,Rochusmarkt,8,346607
2026-01-23T05:08:58.248517,Rochusmarkt,8,347867
2026-01-23T05:08:58.248517,Rochusmarkt,8,398824
2026-01-23T05:08:58.248517,Rochusmarkt,8,349101
2026-01-23T05:08:58.248517,Rochusmarkt,8,348981
2026-01-23T05:08:58.248517,Schwarzenbergplatz,21,345458
2026-01-23T05:08:58.248517,Schwarzenbergplatz,21,345154
2026-01-23T05:08:58.248517,Schwarzenbergplatz,21,345670
2026-01-23T05:08:58.248517,Schwarzenbergplatz,21,346242
2026-01-23T05:08:58.248517,Schwarzenbergplatz,21,346174
2026-01-23T05:08:58.248517,Schwarzenbergplatz,21,346151
2026-01-23T05:08:58.248517,Schwarzenbergplatz,21,346701
2026-01-23T05:08:58.248517,Schwarzenbergplatz,21,346580
2026-01-23T05:08:58.248517,Schwarzenbergplatz,21,346578
2026-01-23T05:08:58.248517,Schwarzenbergplatz,21,346528
2026-01-23T05:08:58.248517,Schwarzenbergplatz,21,347416
2026-01-23T05:08:58.248517,Schwarzenbergplatz,21,347360
2026-01-23T05:08:58.248517,Schwarzenbergplatz,21,347167
2026-01-23T05:08:58.248517,Schwarzenbergplatz,21,347938
2026-01-23T05:08:58.248517,Schwarzenbergplatz,21,347677
2026-01-23T05:08:58.248517,Schwarzenbergplatz,21,347633
2026-01-23T05:08:58.248517,Schwarzenbergplatz,21,347581
2026-01-23T05:08:58.248517,Schwarzenbergplatz,21,347571
2026-01-23T05:08:58.248517,Schwarzenbergplatz,21,348471
2026-01-23T05:08:58.248517,Schwarzenbergplatz,21,348572
2026-01-23T05:08:58.248517,Schwarzenbergplatz,21,398857
2026-01-23T05:08:58.248517,Heumühlgasse,20,345444
2026-01-23T05:08:58.248517,Heumühlgasse,20,345272
2026-01-23T05:08:58.248517,Heumühlgasse,20,345953
2026-01-23T05:08:58.248517,Heumühlgasse,20,346332
2026-01-23T05:08:58.248517,Heumühlgasse,20,346275
2026-01-23T05:08:58.248517,Heumühlgasse,20,346146
2026-01-23T05:08:58.248517,Heumühlgasse,20,346637
2026-01-23T05:08:58.248517,Heumühlgasse,20,347356
2026-01-23T05:08:58.248517,Heumühlgasse,20,347212
2026-01-23T05:08:58.248517,Heumühlgasse,20,347165
2026-01-23T05:08:58.248517,Heumühlgasse,20,347119
2026-01-23T05:08:58.248517,Heumühlgasse,20,347975
2026-01-23T05:08:58.248517,Heumühlgasse,20,347683
2026-01-23T05:08:58.248517,Heumühlgasse,20,347546
2026-01-23T05:08:58.248517,Heumühlgasse,20,347501
2026-01-23T05:08:58.248517,Heumühlgasse,20,347500
2026-01-23T05:08:58.248517,Heumühlgasse,20,348403
2026-01-23T05:08:58.248517,Heumühlgasse,20,348113
2026-01-23T05:08:58.248517,Heumühlgasse,20,348667
2026-01-23T05:08:58.248517,Heumühlgasse,20,349047
2026-01-23T05:08:58.248517,Margaretengürtel U,14,345409
2026-01-23T05:08:58.248517,Margaretengürtel U,14,345165
2026-01-23T05:08:58.248517,Margaretengürtel U,14,345740
2026-01-23T05:08:58.248517,Margaretengürtel U,14,345682
2026-01-23T05:08:58.248517,Margaretengürtel U,14,345572
2026-01-23T05:08:58.248517,Margaretengürtel U,14,346260
2026-01-23T05:08:58.248517,Margaretengürtel U,14,346213
2026-01-23T05:08:58.248517,Margaretengürtel U,14,346648
2026-01-23T05:08:58.248517,Margaretengürtel U,14,346541
2026-01-23T05:08:58.248517,Margaretengürtel U,14,346535
2026-01-23T05:08:58.248517,Margaretengürtel U,14,348088
2026-01-23T05:08:58.248517,Margaretengürtel U,14,348664
2026-01-23T05:08:58.248517,Margaretengürtel U,14,398814
2026-01-23T05:08:58.248517,Margaretengürtel U,14,398811
2026-01-23T05:08:58.248517,Mittersteig,17,345300
2026-01-23T05:08:58.248517,Mittersteig,17,345098
2026-01-23T05:08:58.248517,Mittersteig,17,345055
2026-01-23T05:08:58.248517,Mittersteig,17,345806
2026-01-23T05:08:58.248517,Mittersteig,17,345691
2026-01-23T05:08:58.248517,Mittersteig,17,345604
2026-01-23T05:08:58.248517,Mittersteig,17,345582
2026-01-23T05:08:58.248517,Mittersteig,17,346360
2026-01-23T05:08:58.248517,Mittersteig,17,346355
2026-01-23T05:08:58.248517,Mittersteig,17,346230
2026-01-23T05:08:58.248517,Mittersteig,17,346898
2026-01-23T05:08:58.248517,Mittersteig,17,347820
2026-01-23T05:08:58.248517,Mittersteig,17,347708
2026-01-23T05:08:58.248517,Mittersteig,17,347558
2026-01-23T05:08:58.248517,Mittersteig,17,348325
2026-01-23T05:08:58.248517,Mittersteig,17,348165
2026-01-23T05:08:58.248517,Mittersteig,17,348147
2026-01-23T05:08:58.248517,Ceija-Stojka-Platz,9,345930
2026-01-23T05:08:58.248517,Ceija-Stojka-Platz,9,345537
2026-01-23T05:08:58.248517,Ceija-Stojka-Platz,9,346785
2026-01-23T05:08:58.248517,Ceija-Stojka-Platz,9,347331
2026-01-23T05:08:58.248517,Ceija-Stojka-Platz,9,347734
2026-01-23T05:08:58.248517,Ceija-Stojka-Platz,9,348151
2026-01-23T05:08:58.248517,Ceija-Stojka-Platz,9,348093
2026-01-23T05:08:58.248517,Ceija-Stojka-Platz,9,349032
2026-01-23T05:08:58.248517,Ceija-Stojka-Platz,9,349161
2026-01-23T05:08:58.248517,Volkstheater U,24,345463
2026-01-23T05:08:58.248517,Volkstheater U,24,345461
2026-01-23T05:08:58.248517,Volkstheater U,24,345135
2026-01-23T05:08:58.248517,Volkstheater U,24,345838
2026-01-23T05:08:58.248517,Volkstheater U,24,345686
2026-01-23T05:08:58.248517,Volkstheater U,24,345684
2026-01-23T05:08:58.248517,Volkstheater U,24,345600
2026-01-23T05:08:58.248517,Volkstheater U,24,346307
2026-01-23T05:08:58.248517,Volkstheater U,24,346290
2026-01-23T05:08:58.248517,Volkstheater U,24,346536
2026-01-23T05:08:58.248517,Volkstheater U,24,346533
2026-01-23T05:08:58.248517,Volkstheater U,24,347241
2026-01-23T05:08:58.248517,Volkstheater U,24,347207
2026-01-23T05:08:58.248517,Volkstheater U,24,347203
2026-01-23T05:08:58.248517,Volkstheater U,24,347163
2026-01-23T05:08:58.248517,Volkstheater U,24,347992
2026-01-23T05:08:58.248517,Volkstheater U,24,347965
2026-01-23T05:08:58.248517,Volkstheater U,24,347562
2026-01-23T05:08:58.248517,Volkstheater U,24,348270
2026-01-23T05:08:58.248517,Volkstheater U,24,348155
2026-01-23T05:08:58.248517,Volkstheater U,24,348603
2026-01-23T05:08:58.248517,Volkstheater U,24,348595
2026-01-23T05:08:58.248517,Volkstheater U,24,348538
2026-01-23T05:08:58.248517,Volkstheater U,24,349149
2026-01-23T05:08:58.248517,Zieglergasse U,17,345998
2026-01-23T05:08:58.248517,Zieglergasse U,17,345727
2026-01-23T05:08:58.248517,Zieglergasse U,17,346396
2026-01-23T05:08:58.248517,Zieglergasse U,17,346383
2026-01-23T05:08:58.248517,Zieglergasse U,17,346201
2026-01-23T05:08:58.248517,Zieglergasse U,17,346825
2026-01-23T05:08:58.248517,Zieglergasse U,17,346820
2026-01-23T05:08:58.248517,Zieglergasse U,17,346650
2026-01-23T05:08:58.248517,Zieglergasse U,17,346568
2026-01-23T05:08:58.248517,Zieglergasse U,17,347373
2026-01-23T05:08:58.248517,Zieglergasse U,17,347159
2026-01-23T05:08:58.248517,Zieglergasse U,17,347003
2026-01-23T05:08:58.248517,Zieglergasse U,17,347847
2026-01-23T05:08:58.248517,Zieglergasse U,17,348293
2026-01-23T05:08:58.248517,Zieglergasse U,17,348283
2026-01-23T05:08:58.248517,Zieglergasse U,17,348582
2026-01-23T05:08:58.248517,Zieglergasse U,17,348840
2026-01-23T05:08:58.248517,Oskar-Morgenstern-Platz,13,345029
2026-01-23T05:08:58.248517,Oskar-Morgenstern-Platz,13,345920
2026-01-23T05:08:58.248517,Oskar-Morgenstern-Platz,13,345576
2026-01-23T05:08:58.248517,Oskar-Morgenstern-Platz,13,346691
2026-01-23T05:08:58.248517,Oskar-Morgenstern-Platz,13,346590
2026-01-23T05:08:58.248517,Oskar-Morgenstern-Platz,13,347288
2026-01-23T05:08:58.248517,Oskar-Morgenstern-Platz,13,347174
2026-01-23T05:08:58.248517,Oskar-Morgenstern-Platz,13,347881
2026-01-23T05:08:58.248517,Oskar-Morgenstern-Platz,13,347843
2026-01-23T05:08:58.248517,Oskar-Morgenstern-Platz,13,347798
2026-01-23T05:08:58.248517,Oskar-Morgenstern-Platz,13,348568
2026-01-23T05:08:58.248517,Oskar-Morgenstern-Platz,13,398841
2026-01-23T05:08:58.248517,Oskar-Morgenstern-Platz,13,348844
2026-01-23T05:08:58.248517,Frankhplatz,15,345264
2026-01-23T05:08:58.248517,Frankhplatz,15,345037
2026-01-23T05:08:58.248517,Frankhplatz,15,345983
2026-01-23T05:08:58.248517,Frankhplatz,15,346292
2026-01-23T05:08:58.248517,Frankhplatz,15,346663
2026-01-23T05:08:58.248517,Frankhplatz,15,347428
2026-01-23T05:08:58.248517,Frankhplatz,15,347388
2026-01-23T05:08:58.248517,Frankhplatz,15,347320
2026-01-23T05:08:58.248517,Frankhplatz,15,347296
2026-01-23T05:08:58.248517,Frankhplatz,15,347070
2026-01-23T05:08:58.248517,Frankhplatz,15,347067
2026-01-23T05:08:58.248517,Frankhplatz,15,347021
2026-01-23T05:08:58.248517,Frankhplatz,15,347628
2026-01-23T05:08:58.248517,Frankhplatz,15,347626
2026-01-23T05:08:58.248517,Frankhplatz,15,348059
2026-01-23T05:08:58.248517,Friedensbrücke U,10,345459
2026-01-23T05:08:58.248517,Friedensbrücke U,10,345304
2026-01-23T05:08:58.248517,Friedensbrücke U,10,346335
2026-01-23T05:08:58.248517,Friedensbrücke U,10,346265
2026-01-23T05:08:58.248517,Friedensbrücke U,10,346195
2026-01-23T05:08:58.248517,Friedensbrücke U,10,346090
2026-01-23T05:08:58.248517,Friedensbrücke U,10,346949
2026-01-23T05:08:58.248517,Friedensbrücke U,10,346896
2026-01-23T05:08:58.248517,Friedensbrücke U,10,346857
2026-01-23T05:08:58.248517,Friedensbrücke U,10,347379
2026-01-23T05:08:58.248517,Spittelau S U,13,345855
2026-01-23T05:08:58.248517,Spittelau S U,13,345726
2026-01-23T05:08:58.248517,Spittelau S U,13,346450
2026-01-23T05:08:58.248517,Spittelau S U,13,346065
2026-01-23T05:08:58.248517,Spittelau S U,13,346917
2026-01-23T05:08:58.248517,Spittelau S U,13,346832
2026-01-23T05:08:58.248517,Spittelau S U,13,346793
2026-01-23T05:08:58.248517,Spittelau S U,13,347100
2026-01-23T05:08:58.248517,Spittelau S U,13,347824
2026-01-23T05:08:58.248517,Spittelau S U,13,347771
2026-01-23T05:08:58.248517,Spittelau S U,13,348453
2026-01-23T05:08:58.248517,Spittelau S U,13,348021
2026-01-23T05:08:58.248517,Spittelau S U,13,348586
2026-01-23T05:08:58.248517,Absbergbrücke ,26,345270
2026-01-23T05:08:58.248517,Absbergbrücke ,26,345076
2026-01-23T05:08:58.248517,Absbergbrücke ,26,345987
2026-01-23T05:08:58.248517,Absbergbrücke ,26,345967
2026-01-23T05:08:58.248517,Absbergbrücke ,26,345861
2026-01-23T05:08:58.248517,Absbergbrücke ,26,345696
2026-01-23T05:08:58.248517,Absbergbrücke ,26,345639
2026-01-23T05:08:58.248517,Absbergbrücke ,26,346368
2026-01-23T05:08:58.248517,Absbergbrücke ,26,346270
2026-01-23T05:08:58.248517,Absbergbrücke ,26,346970
2026-01-23T05:08:58.248517,Absbergbrücke ,26,346945
2026-01-23T05:08:58.248517,Absbergbrücke ,26,346904
2026-01-23T05:08:58.248517,Absbergbrücke ,26,347094
2026-01-23T05:08:58.248517,Absbergbrücke ,26,347793
2026-01-23T05:08:58.248517,Absbergbrücke ,26,347590
2026-01-23T05:08:58.248517,Absbergbrücke ,26,348159
2026-01-23T05:08:58.248517,Absbergbrücke ,26,348620
2026-01-23T05:08:58.248517,Absbergbrücke ,26,348558
2026-01-23T05:08:58.248517,Absbergbrücke ,26,348521
2026-01-23T05:08:58.248517,Absbergbrücke ,26,349105
2026-01-23T05:08:58.248517,Absbergbrücke ,26,349018
2026-01-23T05:08:58.248517,Absbergbrücke ,26,348896
2026-01-23T05:08:58.248517,Absbergbrücke ,26,348886
2026-01-23T05:08:58.248517,Absbergbrücke ,26,348841
2026-01-23T05:08:58.248517,Absbergbrücke ,26,349157
2026-01-23T05:08:58.248517,Absbergbrücke ,26,349121
2026-01-23T05:08:58.248517,Altes Landgut U,23,345427
2026-01-23T05:08:58.248517,Altes Landgut U,23,345426
2026-01-23T05:08:58.248517,Altes Landgut U,23,345147
2026-01-23T05:08:58.248517,Altes Landgut U,23,345916
2026-01-23T05:08:58.248517,Altes Landgut U,23,345749
2026-01-23T05:08:58.248517,Altes Landgut U,23,346467
2026-01-23T05:08:58.248517,Altes Landgut U,23,346464
2026-01-23T05:08:58.248517,Altes Landgut U,23,346185
2026-01-23T05:08:58.248517,Altes Landgut U,23,346102
2026-01-23T05:08:58.248517,Altes Landgut U,23,346993
2026-01-23T05:08:58.248517,Altes Landgut U,23,346812
2026-01-23T05:08:58.248517,Altes Landgut U,23,346522
2026-01-23T05:08:58.248517,Altes Landgut U,23,347383
2026-01-23T05:08:58.248517,Altes Landgut U,23,347156
2026-01-23T05:08:58.248517,Altes Landgut U,23,347946
2026-01-23T05:08:58.248517,Altes Landgut U,23,347643
2026-01-23T05:08:58.248517,Altes Landgut U,23,347555
2026-01-23T05:08:58.248517,Altes Landgut U,23,348326
2026-01-23T05:08:58.248517,Altes Landgut U,23,348221
2026-01-23T05:08:58.248517,Altes Landgut U,23,348209
2026-01-23T05:08:58.248517,Altes Landgut U,23,348150
2026-01-23T05:08:58.248517,Altes Landgut U,23,348087
2026-01-23T05:08:58.248517,Altes Landgut U,23,348070
2026-01-23T05:08:58.248517,Bloch-Bauer-Promenade,4,346113
2026-01-23T05:08:58.248517,Bloch-Bauer-Promenade,4,347834
2026-01-23T05:08:58.248517,Bloch-Bauer-Promenade,4,348055
2026-01-23T05:08:58.248517,Bloch-Bauer-Promenade,4,348522
2026-01-23T05:08:58.248517,Hauptbahnhof S U ,29,345440
2026-01-23T05:08:58.248517,Hauptbahnhof S U ,29,345389
2026-01-23T05:08:58.248517,Hauptbahnhof S U ,29,345232
2026-01-23T05:08:58.248517,Hauptbahnhof S U ,29,345181
2026-01-23T05:08:58.248517,Hauptbahnhof S U ,29,345085
2026-01-23T05:08:58.248517,Hauptbahnhof S U ,29,345064
2026-01-23T05:08:58.248517,Hauptbahnhof S U ,29,345936
2026-01-23T05:08:58.248517,Hauptbahnhof S U ,29,345931
2026-01-23T05:08:58.248517,Hauptbahnhof S U ,29,345725
2026-01-23T05:08:58.248517,Hauptbahnhof S U ,29,345649
2026-01-23T05:08:58.248517,Hauptbahnhof S U ,29,346323
2026-01-23T05:08:58.248517,Hauptbahnhof S U ,29,346052
2026-01-23T05:08:58.248517,Hauptbahnhof S U ,29,347404
2026-01-23T05:08:58.248517,Hauptbahnhof S U ,29,347215
2026-01-23T05:08:58.248517,Hauptbahnhof S U ,29,347211
2026-01-23T05:08:58.248517,Hauptbahnhof S U ,29,347766
2026-01-23T05:08:58.248517,Hauptbahnhof S U ,29,348074
2026-01-23T05:08:58.248517,Hauptbahnhof S U ,29,348024
2026-01-23T05:08:58.248517,Hauptbahnhof S U ,29,348520
2026-01-23T05:08:58.248517,Hauptbahnhof S U ,29,398829
2026-01-23T05:08:58.248517,Hauptbahnhof S U ,29,349089
2026-01-23T05:08:58.248517,Hauptbahnhof S U ,29,349079
2026-01-23T05:08:58.248517,Hauptbahnhof S U ,29,348917
2026-01-23T05:08:58.248517,Hauptbahnhof S U ,29,348868
2026-01-23T05:08:58.248517,Hauptbahnhof S U ,29,348862
2026-01-23T05:08:58.248517,Hauptbahnhof S U ,29,348855
2026-01-23T05:08:58.248517,Hauptbahnhof S U ,29,348816
2026-01-23T05:08:58.248517,Hauptbahnhof S U ,29,348810
2026-01-23T05:08:58.248517,Hauptbahnhof S U ,29,349155
2026-01-23T05:08:58.248517,Keplerplatz U,7,345388
2026-01-23T05:08:58.248517,Keplerplatz U,7,345258
2026-01-23T05:08:58.248517,Keplerplatz U,7,345137
2026-01-23T05:08:58.248517,Keplerplatz U,7,345650
2026-01-23T05:08:58.248517,Keplerplatz U,7,346448
2026-01-23T05:08:58.248517,Keplerplatz U,7,348232
2026-01-23T05:08:58.248517,Keplerplatz U,7,348802
2026-01-23T05:08:58.248517,Puchsbaumgasse,7,345367
2026-01-23T05:08:58.248517,Puchsbaumgasse,7,345213
2026-01-23T05:08:58.248517,Puchsbaumgasse,7,345061
2026-01-23T05:08:58.248517,Puchsbaumgasse,7,346253
2026-01-23T05:08:58.248517,Puchsbaumgasse,7,346716
2026-01-23T05:08:58.248517,Puchsbaumgasse,7,348345
2026-01-23T05:08:58.248517,Puchsbaumgasse,7,349095
2026-01-23T05:08:58.248517,Enkplatz U,10,345175
2026-01-23T05:08:58.248517,Enkplatz U,10,345676
2026-01-23T05:08:58.248517,Enkplatz U,10,345524
2026-01-23T05:08:58.248517,Enkplatz U,10,346978
2026-01-23T05:08:58.248517,Enkplatz U,10,346836
2026-01-23T05:08:58.248517,Enkplatz U,10,347488
2026-01-23T05:08:58.248517,Enkplatz U,10,347375
2026-01-23T05:08:58.248517,Enkplatz U,10,347519
2026-01-23T05:08:58.248517,Enkplatz U,10,348707
2026-01-23T05:08:58.248517,Enkplatz U,10,348653
2026-01-23T05:08:58.248517,Gasometer U,26,346392
2026-01-23T05:08:58.248517,Gasometer U,26,346177
2026-01-23T05:08:58.248517,Gasometer U,26,346068
2026-01-23T05:08:58.248517,Gasometer U,26,346056
2026-01-23T05:08:58.248517,Gasometer U,26,346002
2026-01-23T05:08:58.248517,Gasometer U,26,346700
2026-01-23T05:08:58.248517,Gasometer U,26,346588
2026-01-23T05:08:58.248517,Gasometer U,26,346553
2026-01-23T05:08:58.248517,Gasometer U,26,346530
2026-01-23T05:08:58.248517,Gasometer U,26,346516
2026-01-23T05:08:58.248517,Gasometer U,26,346506
2026-01-23T05:08:58.248517,Gasometer U,26,347408
2026-01-23T05:08:58.248517,Gasometer U,26,347397
2026-01-23T05:08:58.248517,Gasometer U,26,347227
2026-01-23T05:08:58.248517,Gasometer U,26,347668
2026-01-23T05:08:58.248517,Gasometer U,26,347556
2026-01-23T05:08:58.248517,Gasometer U,26,347525
2026-01-23T05:08:58.248517,Gasometer U,26,348487
2026-01-23T05:08:58.248517,Gasometer U,26,348469
2026-01-23T05:08:58.248517,Gasometer U,26,348374
2026-01-23T05:08:58.248517,Gasometer U,26,348000
2026-01-23T05:08:58.248517,Gasometer U,26,348706
2026-01-23T05:08:58.248517,Gasometer U,26,348705
2026-01-23T05:08:58.248517,Gasometer U,26,348638
2026-01-23T05:08:58.248517,Gasometer U,26,348605
2026-01-23T05:08:58.248517,Gasometer U,26,398771
2026-01-23T05:08:58.248517,Geiselbergstraße S,8,345476
2026-01-23T05:08:58.248517,Geiselbergstraße S,8,345935
2026-01-23T05:08:58.248517,Geiselbergstraße S,8,345743
2026-01-23T05:08:58.248517,Geiselbergstraße S,8,346164
2026-01-23T05:08:58.248517,Geiselbergstraße S,8,346573
2026-01-23T05:08:58.248517,Geiselbergstraße S,8,347256
2026-01-23T05:08:58.248517,Geiselbergstraße S,8,347148
2026-01-23T05:08:58.248517,Geiselbergstraße S,8,348516
2026-01-23T05:08:58.248517,Simmering S U,9,346394
2026-01-23T05:08:58.248517,Simmering S U,9,346284
2026-01-23T05:08:58.248517,Simmering S U,9,346148
2026-01-23T05:08:58.248517,Simmering S U,9,346988
2026-01-23T05:08:58.248517,Simmering S U,9,347339
2026-01-23T05:08:58.248517,Simmering S U,9,347040
2026-01-23T05:08:58.248517,Simmering S U,9,348656
2026-01-23T05:08:58.248517,Simmering S U,9,348601
2026-01-23T05:08:58.248517,Simmering S U,9,348570
2026-01-23T05:08:58.248517,Niederhofstraße U,5,345282
2026-01-23T05:08:58.248517,Niederhofstraße U,5,345515
2026-01-23T05:08:58.248517,Niederhofstraße U,5,347995
2026-01-23T05:08:58.248517,Niederhofstraße U,5,348328
2026-01-23T05:08:58.248517,Niederhofstraße U,5,398743
2026-01-23T05:08:58.248517,Hietzing U,30,345490
2026-01-23T05:08:58.248517,Hietzing U,30,345443
2026-01-23T05:08:58.248517,Hietzing U,30,345194
2026-01-23T05:08:58.248517,Hietzing U,30,345836
2026-01-23T05:08:58.248517,Hietzing U,30,345632
2026-01-23T05:08:58.248517,Hietzing U,30,345578
2026-01-23T05:08:58.248517,Hietzing U,30,346350
2026-01-23T05:08:58.248517,Hietzing U,30,346314
2026-01-23T05:08:58.248517,Hietzing U,30,346280
2026-01-23T05:08:58.248517,Hietzing U,30,346187
2026-01-23T05:08:58.248517,Hietzing U,30,346060
2026-01-23T05:08:58.248517,Hietzing U,30,346045
2026-01-23T05:08:58.248517,Hietzing U,30,346983
2026-01-23T05:08:58.248517,Hietzing U,30,346902
2026-01-23T05:08:58.248517,Hietzing U,30,346774
2026-01-23T05:08:58.248517,Hietzing U,30,346679
2026-01-23T05:08:58.248517,Hietzing U,30,347059
2026-01-23T05:08:58.248517,Hietzing U,30,347898
2026-01-23T05:08:58.248517,Hietzing U,30,347892
2026-01-23T05:08:58.248517,Hietzing U,30,347888
2026-01-23T05:08:58.248517,Hietzing U,30,347825
2026-01-23T05:08:58.248517,Hietzing U,30,347789
2026-01-23T05:08:58.248517,Hietzing U,30,347560
2026-01-23T05:08:58.248517,Hietzing U,30,348466
2026-01-23T05:08:58.248517,Hietzing U,30,348417
2026-01-23T05:08:58.248517,Hietzing U,30,348281
2026-01-23T05:08:58.248517,Hietzing U,30,348575
2026-01-23T05:08:58.248517,Hietzing U,30,398831
2026-01-23T05:08:58.248517,Hietzing U,30,398744
2026-01-23T05:08:58.248517,Hietzing U,30,348987
2026-01-23T05:08:58.248517,Westbahnhof S U,30,345243
2026-01-23T05:08:58.248517,Westbahnhof S U,30,345159
2026-01-23T05:08:58.248517,Westbahnhof S U,30,345119
2026-01-23T05:08:58.248517,Westbahnhof S U,30,345833
2026-01-23T05:08:58.248517,Westbahnhof S U,30,345822
2026-01-23T05:08:58.248517,Westbahnhof S U,30,345645
2026-01-23T05:08:58.248517,Westbahnhof S U,30,345630
2026-01-23T05:08:58.248517,Westbahnhof S U,30,345577
2026-01-23T05:08:58.248517,Westbahnhof S U,30,345523
2026-01-23T05:08:58.248517,Westbahnhof S U,30,346375
2026-01-23T05:08:58.248517,Westbahnhof S U,30,346209
2026-01-23T05:08:58.248517,Westbahnhof S U,30,346077
2026-01-23T05:08:58.248517,Westbahnhof S U,30,346024
2026-01-23T05:08:58.248517,Westbahnhof S U,30,346015
2026-01-23T05:08:58.248517,Westbahnhof S U,30,346865
2026-01-23T05:08:58.248517,Westbahnhof S U,30,346646
2026-01-23T05:08:58.248517,Westbahnhof S U,30,346566
2026-01-23T05:08:58.248517,Westbahnhof S U,30,347405
2026-01-23T05:08:58.248517,Westbahnhof S U,30,347664
2026-01-23T05:08:58.248517,Westbahnhof S U,30,348406
2026-01-23T05:08:58.248517,Westbahnhof S U,30,348385
2026-01-23T05:08:58.248517,Westbahnhof S U,30,348384
2026-01-23T05:08:58.248517,Westbahnhof S U,30,348333
2026-01-23T05:08:58.248517,Westbahnhof S U,30,348272
2026-01-23T05:08:58.248517,Westbahnhof S U,30,348134
2026-01-23T05:08:58.248517,Westbahnhof S U,30,348131
2026-01-23T05:08:58.248517,Westbahnhof S U,30,348110
2026-01-23T05:08:58.248517,Westbahnhof S U,30,348551
2026-01-23T05:08:58.248517,Westbahnhof S U,30,348540
2026-01-23T05:08:58.248517,Westbahnhof S U,30,348881
2026-01-23T05:08:58.248517,Richard-Wagner-Platz,34,345480
2026-01-23T05:08:58.248517,Richard-Wagner-Platz,34,345407
2026-01-23T05:08:58.248517,Richard-Wagner-Platz,34,345398
2026-01-23T05:08:58.248517,Richard-Wagner-Platz,34,345230
2026-01-23T05:08:58.248517,Richard-Wagner-Platz,34,345129
2026-01-23T05:08:58.248517,Richard-Wagner-Platz,34,345124
2026-01-23T05:08:58.248517,Richard-Wagner-Platz,34,345093
2026-01-23T05:08:58.248517,Richard-Wagner-Platz,34,345016
2026-01-23T05:08:58.248517,Richard-Wagner-Platz,34,345913
2026-01-23T05:08:58.248517,Richard-Wagner-Platz,34,345722
2026-01-23T05:08:58.248517,Richard-Wagner-Platz,34,346376
2026-01-23T05:08:58.248517,Richard-Wagner-Platz,34,346034
2026-01-23T05:08:58.248517,Richard-Wagner-Platz,34,346721
2026-01-23T05:08:58.248517,Richard-Wagner-Platz,34,346717
2026-01-23T05:08:58.248517,Richard-Wagner-Platz,34,346657
2026-01-23T05:08:58.248517,Richard-Wagner-Platz,34,346633
2026-01-23T05:08:58.248517,Richard-Wagner-Platz,34,346501
2026-01-23T05:08:58.248517,Richard-Wagner-Platz,34,347302
2026-01-23T05:08:58.248517,Richard-Wagner-Platz,34,347113
2026-01-23T05:08:58.248517,Richard-Wagner-Platz,34,347035
2026-01-23T05:08:58.248517,Richard-Wagner-Platz,34,347004
2026-01-23T05:08:58.248517,Richard-Wagner-Platz,34,347910
2026-01-23T05:08:58.248517,Richard-Wagner-Platz,34,347887
2026-01-23T05:08:58.248517,Richard-Wagner-Platz,34,347862
2026-01-23T05:08:58.248517,Richard-Wagner-Platz,34,347817
2026-01-23T05:08:58.248517,Richard-Wagner-Platz,34,347733
2026-01-23T05:08:58.248517,Richard-Wagner-Platz,34,347644
2026-01-23T05:08:58.248517,Richard-Wagner-Platz,34,348306
2026-01-23T05:08:58.248517,Richard-Wagner-Platz,34,348231
2026-01-23T05:08:58.248517,Richard-Wagner-Platz,34,348181
2026-01-23T05:08:58.248517,Richard-Wagner-Platz,34,348170
2026-01-23T05:08:58.248517,Richard-Wagner-Platz,34,348108
2026-01-23T05:08:58.248517,Richard-Wagner-Platz,34,348078
2026-01-23T05:08:58.248517,Richard-Wagner-Platz,34,348641
2026-01-23T05:08:58.248517,Alser Straße U,20,345383
2026-01-23T05:08:58.248517,Alser Straße U,20,345924
2026-01-23T05:08:58.248517,Alser Straße U,20,345662
2026-01-23T05:08:58.248517,Alser Straße U,20,345610
2026-01-23T05:08:58.248517,Alser Straße U,20,345593
2026-01-23T05:08:58.248517,Alser Straße U,20,345573
2026-01-23T05:08:58.248517,Alser Straße U,20,345543
2026-01-23T05:08:58.248517,Alser Straße U,20,346312
2026-01-23T05:08:58.248517,Alser Straße U,20,346181
2026-01-23T05:08:58.248517,Alser Straße U,20,346156
2026-01-23T05:08:58.248517,Alser Straße U,20,346947
2026-01-23T05:08:58.248517,Alser Straße U,20,346752
2026-01-23T05:08:58.248517,Alser Straße U,20,346561
2026-01-23T05:08:58.248517,Alser Straße U,20,347432
2026-01-23T05:08:58.248517,Alser Straße U,20,347311
2026-01-23T05:08:58.248517,Alser Straße U,20,347186
2026-01-23T05:08:58.248517,Alser Straße U,20,347507
2026-01-23T05:08:58.248517,Alser Straße U,20,348266
2026-01-23T05:08:58.248517,Alser Straße U,20,348203
2026-01-23T05:08:58.248517,Alser Straße U,20,348173
2026-01-23T05:08:58.248517,Währinger Straße U,22,345462
2026-01-23T05:08:58.248517,Währinger Straße U,22,345343
2026-01-23T05:08:58.248517,Währinger Straße U,22,345308
2026-01-23T05:08:58.248517,Währinger Straße U,22,345208
2026-01-23T05:08:58.248517,Währinger Straße U,22,345652
2026-01-23T05:08:58.248517,Währinger Straße U,22,345574
2026-01-23T05:08:58.248517,Währinger Straße U,22,346481
2026-01-23T05:08:58.248517,Währinger Straße U,22,346379
2026-01-23T05:08:58.248517,Währinger Straße U,22,346241
2026-01-23T05:08:58.248517,Währinger Straße U,22,346081
2026-01-23T05:08:58.248517,Währinger Straße U,22,346003
2026-01-23T05:08:58.248517,Währinger Straße U,22,346827
2026-01-23T05:08:58.248517,Währinger Straße U,22,347400
2026-01-23T05:08:58.248517,Währinger Straße U,22,347705
2026-01-23T05:08:58.248517,Währinger Straße U,22,347684
2026-01-23T05:08:58.248517,Währinger Straße U,22,347620
2026-01-23T05:08:58.248517,Währinger Straße U,22,348241
2026-01-23T05:08:58.248517,Währinger Straße U,22,348090
2026-01-23T05:08:58.248517,Währinger Straße U,22,348703
2026-01-23T05:08:58.248517,Währinger Straße U,22,348573
2026-01-23T05:08:58.248517,Währinger Straße U,22,349204
2026-01-23T05:08:58.248517,Währinger Straße U,22,349137
2026-01-23T05:08:58.248517,Hardtgasse,10,345868
2026-01-23T05:08:58.248517,Hardtgasse,10,345534
2026-01-23T05:08:58.248517,Hardtgasse,10,346381
2026-01-23T05:08:58.248517,Hardtgasse,10,346370
2026-01-23T05:08:58.248517,Hardtgasse,10,346084
2026-01-23T05:08:58.248517,Hardtgasse,10,346763
2026-01-23T05:08:58.248517,Hardtgasse,10,347265
2026-01-23T05:08:58.248517,Hardtgasse,10,347577
2026-01-23T05:08:58.248517,Hardtgasse,10,348514
2026-01-23T05:08:58.248517,Hardtgasse,10,398777
2026-01-23T05:08:58.248517,Handelskai S U,15,345356
2026-01-23T05:08:58.248517,Handelskai S U,15,345706
2026-01-23T05:08:58.248517,Handelskai S U,15,345656
2026-01-23T05:08:58.248517,Handelskai S U,15,345628
2026-01-23T05:08:58.248517,Handelskai S U,15,346155
2026-01-23T05:08:58.248517,Handelskai S U,15,346125
2026-01-23T05:08:58.248517,Handelskai S U,15,346925
2026-01-23T05:08:58.248517,Handelskai S U,15,346810
2026-01-23T05:08:58.248517,Handelskai S U,15,346662
2026-01-23T05:08:58.248517,Handelskai S U,15,347359
2026-01-23T05:08:58.248517,Handelskai S U,15,347977
2026-01-23T05:08:58.248517,Handelskai S U,15,347647
2026-01-23T05:08:58.248517,Handelskai S U,15,347543
2026-01-23T05:08:58.248517,Handelskai S U,15,347538
2026-01-23T05:08:58.248517,Handelskai S U,15,348296
2026-01-23T05:08:58.248517,Wallensteinplatz,20,345460
2026-01-23T05:08:58.248517,Wallensteinplatz,20,345436
2026-01-23T05:08:58.248517,Wallensteinplatz,20,345433
2026-01-23T05:08:58.248517,Wallensteinplatz,20,345393
2026-01-23T05:08:58.248517,Wallensteinplatz,20,345294
2026-01-23T05:08:58.248517,Wallensteinplatz,20,345205
2026-01-23T05:08:58.248517,Wallensteinplatz,20,345172
2026-01-23T05:08:58.248517,Wallensteinplatz,20,345964
2026-01-23T05:08:58.248517,Wallensteinplatz,20,345585
2026-01-23T05:08:58.248517,Wallensteinplatz,20,345514
2026-01-23T05:08:58.248517,Wallensteinplatz,20,346349
2026-01-23T05:08:58.248517,Wallensteinplatz,20,346934
2026-01-23T05:08:58.248517,Wallensteinplatz,20,346899
2026-01-23T05:08:58.248517,Wallensteinplatz,20,346643
2026-01-23T05:08:58.248517,Wallensteinplatz,20,346630
2026-01-23T05:08:58.248517,Wallensteinplatz,20,346557
2026-01-23T05:08:58.248517,Wallensteinplatz,20,347200
2026-01-23T05:08:58.248517,Wallensteinplatz,20,347955
2026-01-23T05:08:58.248517,Wallensteinplatz,20,348268
2026-01-23T05:08:58.248517,Wallensteinplatz,20,398737
2026-01-23T05:08:58.248517,Brünner Straße S,6,346845
2026-01-23T05:08:58.248517,Brünner Straße S,6,346828
2026-01-23T05:08:58.248517,Brünner Straße S,6,347286
2026-01-23T05:08:58.248517,Brünner Straße S,6,348700
2026-01-23T05:08:58.248517,Brünner Straße S,6,398832
2026-01-23T05:08:58.248517,Brünner Straße S,6,348985
2026-01-23T05:08:58.248517,Floridsdorf S U,5,345478
2026-01-23T05:08:58.248517,Floridsdorf S U,5,345759
2026-01-23T05:08:58.248517,Floridsdorf S U,5,348314
2026-01-23T05:08:58.248517,Floridsdorf S U,5,348197
2026-01-23T05:08:58.248517,Floridsdorf S U,5,349173
2026-01-23T05:08:58.248517,Großfeldsiedlung U,9,345997
2026-01-23T05:08:58.248517,Großfeldsiedlung U,9,345697
2026-01-23T05:08:58.248517,Großfeldsiedlung U,9,345509
2026-01-23T05:08:58.248517,Großfeldsiedlung U,9,347437
2026-01-23T05:08:58.248517,Großfeldsiedlung U,9,347332
2026-01-23T05:08:58.248517,Großfeldsiedlung U,9,348193
2026-01-23T05:08:58.248517,Großfeldsiedlung U,9,348614
2026-01-23T05:08:58.248517,Großfeldsiedlung U,9,349040
2026-01-23T05:08:58.248517,Großfeldsiedlung U,9,348947
2026-01-23T05:08:58.248517,Siemensstraße S,12,345366
2026-01-23T05:08:58.248517,Siemensstraße S,12,345288
2026-01-23T05:08:58.248517,Siemensstraße S,12,346296
2026-01-23T05:08:58.248517,Siemensstraße S,12,346276
2026-01-23T05:08:58.248517,Siemensstraße S,12,346708
2026-01-23T05:08:58.248517,Siemensstraße S,12,346690
2026-01-23T05:08:58.248517,Siemensstraße S,12,347277
2026-01-23T05:08:58.248517,Siemensstraße S,12,347005
2026-01-23T05:08:58.248517,Siemensstraße S,12,347816
2026-01-23T05:08:58.248517,Siemensstraße S,12,348026
2026-01-23T05:08:58.248517,Siemensstraße S,12,348016
2026-01-23T05:08:58.248517,Siemensstraße S,12,348598
2026-01-23T05:08:58.248517,Aspernstraße U,10,345451
2026-01-23T05:08:58.248517,Aspernstraße U,10,345022
2026-01-23T05:08:58.248517,Aspernstraße U,10,345019
2026-01-23T05:08:58.248517,Aspernstraße U,10,346498
2026-01-23T05:08:58.248517,Aspernstraße U,10,346745
2026-01-23T05:08:58.248517,Aspernstraße U,10,346740
2026-01-23T05:08:58.248517,Aspernstraße U,10,346545
2026-01-23T05:08:58.248517,Aspernstraße U,10,347463
2026-01-23T05:08:58.248517,Aspernstraße U,10,347939
2026-01-23T05:08:58.248517,Aspernstraße U,10,348259
2026-01-23T05:08:58.248517,Donauspital U,7,345280
2026-01-23T05:08:58.248517,Donauspital U,7,346946
2026-01-23T05:08:58.248517,Donauspital U,7,346788
2026-01-23T05:08:58.248517,Donauspital U,7,346694
2026-01-23T05:08:58.248517,Donauspital U,7,347243
2026-01-23T05:08:58.248517,Donauspital U,7,348904
2026-01-23T05:08:58.248517,Donauspital U,7,349177
2026-01-23T05:08:58.248517,Erzherzog-Karl-Straße S,11,346199
2026-01-23T05:08:58.248517,Erzherzog-Karl-Straße S,11,346986
2026-01-23T05:08:58.248517,Erzherzog-Karl-Straße S,11,346969
2026-01-23T05:08:58.248517,Erzherzog-Karl-Straße S,11,346791
2026-01-23T05:08:58.248517,Erzherzog-Karl-Straße S,11,347350
2026-01-23T05:08:58.248517,Erzherzog-Karl-Straße S,11,347134
2026-01-23T05:08:58.248517,Erzherzog-Karl-Straße S,11,347636
2026-01-23T05:08:58.248517,Erzherzog-Karl-Straße S,11,348056
2026-01-23T05:08:58.248517,Erzherzog-Karl-Straße S,11,348699
2026-01-23T05:08:58.248517,Erzherzog-Karl-Straße S,11,398733
2026-01-23T05:08:58.248517,Erzherzog-Karl-Straße S,11,349059
2026-01-23T05:08:58.248517,Hausfeldstraße S U,18,345167
2026-01-23T05:08:58.248517,Hausfeldstraße S U,18,346352
2026-01-23T05:08:58.248517,Hausfeldstraße S U,18,346351
2026-01-23T05:08:58.248517,Hausfeldstraße S U,18,346206
2026-01-23T05:08:58.248517,Hausfeldstraße S U,18,346747
2026-01-23T05:08:58.248517,Hausfeldstraße S U,18,346685
2026-01-23T05:08:58.248517,Hausfeldstraße S U,18,347465
2026-01-23T05:08:58.248517,Hausfeldstraße S U,18,347418
2026-01-23T05:08:58.248517,Hausfeldstraße S U,18,347182
2026-01-23T05:08:58.248517,Hausfeldstraße S U,18,347044
2026-01-23T05:08:58.248517,Hausfeldstraße S U,18,347905
2026-01-23T05:08:58.248517,Hausfeldstraße S U,18,347575
2026-01-23T05:08:58.248517,Hausfeldstraße S U,18,348372
2026-01-23T05:08:58.248517,Hausfeldstraße S U,18,348161
2026-01-23T05:08:58.248517,Hausfeldstraße S U,18,348037
2026-01-23T05:08:58.248517,Hausfeldstraße S U,18,348554
2026-01-23T05:08:58.248517,Hausfeldstraße S U,18,348550
2026-01-23T05:08:58.248517,Hausfeldstraße S U,18,398830
2026-01-23T05:08:58.248517,Kagran U,5,346546
2026-01-23T05:08:58.248517,Kagran U,5,346513
2026-01-23T05:08:58.248517,Kagran U,5,348204
2026-01-23T05:08:58.248517,Kagran U,5,348175
2026-01-23T05:08:58.248517,Kagran U,5,348914
2026-01-23T05:08:58.248517,Maria-Tusch-Straße,20,345206
2026-01-23T05:08:58.248517,Maria-Tusch-Straße,20,345919
2026-01-23T05:08:58.248517,Maria-Tusch-Straße,20,345817
2026-01-23T05:08:58.248517,Maria-Tusch-Straße,20,345568
2026-01-23T05:08:58.248517,Maria-Tusch-Straße,20,346491
2026-01-23T05:08:58.248517,Maria-Tusch-Straße,20,346331
2026-01-23T05:08:58.248517,Maria-Tusch-Straße,20,346238
2026-01-23T05:08:58.248517,Maria-Tusch-Straße,20,346232
2026-01-23T05:08:58.248517,Maria-Tusch-Straße,20,346120
2026-01-23T05:08:58.248517,Maria-Tusch-Straße,20,346822
2026-01-23T05:08:58.248517,Maria-Tusch-Straße,20,347399
2026-01-23T05:08:58.248517,Maria-Tusch-Straße,20,347161
2026-01-23T05:08:58.248517,Maria-Tusch-Straße,20,347715
2026-01-23T05:08:58.248517,Maria-Tusch-Straße,20,347623
2026-01-23T05:08:58.248517,Maria-Tusch-Straße,20,347553
2026-01-23T05:08:58.248517,Maria-Tusch-Straße,20,349054
2026-01-23T05:08:58.248517,Maria-Tusch-Straße,20,349015
2026-01-23T05:08:58.248517,Maria-Tusch-Straße,20,348993
2026-01-23T05:08:58.248517,Maria-Tusch-Straße,20,348847
2026-01-23T05:08:58.248517,Maria-Tusch-Straße,20,349186
2026-01-23T05:08:58.248517,Rennbahnweg U,9,345516
2026-01-23T05:08:58.248517,Rennbahnweg U,9,346178
2026-01-23T05:08:58.248517,Rennbahnweg U,9,346007
2026-01-23T05:08:58.248517,Rennbahnweg U,9,346515
2026-01-23T05:08:58.248517,Rennbahnweg U,9,347038
2026-01-23T05:08:58.248517,Rennbahnweg U,9,347716
2026-01-23T05:08:58.248517,Rennbahnweg U,9,348953
2026-01-23T05:08:58.248517,Rennbahnweg U,9,349200
2026-01-23T05:08:58.248517,Rennbahnweg U,9,349183
2026-01-23T05:08:58.248517,Schüttauplatz,2,346456
2026-01-23T05:08:58.248517,Schüttauplatz,2,347122
2026-01-23T05:08:58.248517,Stadlau U,17,345471
2026-01-23T05:08:58.248517,Stadlau U,17,345238
2026-01-23T05:08:58.248517,Stadlau U,17,345660
2026-01-23T05:08:58.248517,Stadlau U,17,345602
2026-01-23T05:08:58.248517,Stadlau U,17,345571
2026-01-23T05:08:58.248517,Stadlau U,17,345558
2026-01-23T05:08:58.248517,Stadlau U,17,346243
2026-01-23T05:08:58.248517,Stadlau U,17,346631
2026-01-23T05:08:58.248517,Stadlau U,17,346559
2026-01-23T05:08:58.248517,Stadlau U,17,347274
2026-01-23T05:08:58.248517,Stadlau U,17,347217
2026-01-23T05:08:58.248517,Stadlau U,17,347896
2026-01-23T05:08:58.248517,Stadlau U,17,347565
2026-01-23T05:08:58.248517,Stadlau U,17,347523
2026-01-23T05:08:58.248517,Stadlau U,17,348340
2026-01-23T05:08:58.248517,Stadlau U,17,348119
2026-01-23T05:08:58.248517,Stadlau U,17,348102
2026-01-23T05:08:58.248517,VIC Kaisermühlen U,3,345088
2026-01-23T05:08:58.248517,VIC Kaisermühlen U,3,347933
2026-01-23T05:08:58.248517,VIC Kaisermühlen U,3,349096
2026-01-23T05:08:58.248517,Kagraner Platz U,6,345765
2026-01-23T05:08:58.248517,Kagraner Platz U,6,346699
2026-01-23T05:08:58.248517,Kagraner Platz U,6,347158
2026-01-23T05:08:58.248517,Kagraner Platz U,6,347804
2026-01-23T05:08:58.248517,Kagraner Platz U,6,347521
2026-01-23T05:08:58.248517,Kagraner Platz U,6,348371
2026-01-23T05:08:58.248517,Alterlaa U,24,345313
2026-01-23T05:08:58.248517,Alterlaa U,24,345283
2026-01-23T05:08:58.248517,Alterlaa U,24,345278
2026-01-23T05:08:58.248517,Alterlaa U,24,345166
2026-01-23T05:08:58.248517,Alterlaa U,24,345500
2026-01-23T05:08:58.248517,Alterlaa U,24,346163
2026-01-23T05:08:58.248517,Alterlaa U,24,346144
2026-01-23T05:08:58.248517,Alterlaa U,24,346032
2026-01-23T05:08:58.248517,Alterlaa U,24,346981
2026-01-23T05:08:58.248517,Alterlaa U,24,346950
2026-01-23T05:08:58.248517,Alterlaa U,24,346655
2026-01-23T05:08:58.248517,Alterlaa U,24,346629
2026-01-23T05:08:58.248517,Alterlaa U,24,346595
2026-01-23T05:08:58.248517,Alterlaa U,24,347018
2026-01-23T05:08:58.248517,Alterlaa U,24,347849
2026-01-23T05:08:58.248517,Alterlaa U,24,348295
2026-01-23T05:08:58.248517,Alterlaa U,24,348273
2026-01-23T05:08:58.248517,Alterlaa U,24,348265
2026-01-23T05:08:58.248517,Alterlaa U,24,348253
2026-01-23T05:08:58.248517,Alterlaa U,24,348250
2026-01-23T05:08:58.248517,Alterlaa U,24,348112
2026-01-23T05:08:58.248517,Alterlaa U,24,348597
2026-01-23T05:08:58.248517,Alterlaa U,24,348555
2026-01-23T05:08:58.248517,Alterlaa U,24,398844
2026-01-23T05:08:58.248517,Bacherplatz,9,345223
2026-01-23T05:08:58.248517,Bacherplatz,9,345883
2026-01-23T05:08:58.248517,Bacherplatz,9,346473
2026-01-23T05:08:58.248517,Bacherplatz,9,346026
2026-01-23T05:08:58.248517,Bacherplatz,9,346532
2026-01-23T05:08:58.248517,Bacherplatz,9,348394
2026-01-23T05:08:58.248517,Bacherplatz,9,348137
2026-01-23T05:08:58.248517,Bacherplatz,9,348049
2026-01-23T05:08:58.248517,Bacherplatz,9,348994
2026-01-23T05:08:58.248517,Carl-Appel-Straße,12,345306
2026-01-23T05:08:58.248517,Carl-Appel-Straße,12,345892
2026-01-23T05:08:58.248517,Carl-Appel-Straße,12,345739
2026-01-23T05:08:58.248517,Carl-Appel-Straße,12,345709
2026-01-23T05:08:58.248517,Carl-Appel-Straße,12,346540
2026-01-23T05:08:58.248517,Carl-Appel-Straße,12,347679
2026-01-23T05:08:58.248517,Carl-Appel-Straße,12,348341
2026-01-23T05:08:58.248517,Carl-Appel-Straße,12,348299
2026-01-23T05:08:58.248517,Carl-Appel-Straße,12,398731
2026-01-23T05:08:58.248517,Carl-Appel-Straße,12,349088
2026-01-23T05:08:58.248517,Carl-Appel-Straße,12,348952
2026-01-23T05:08:58.248517,Carl-Appel-Straße,12,348828
2026-01-23T05:08:58.248517,Otto-Probst-Platz,7,346808
2026-01-23T05:08:58.248517,Otto-Probst-Platz,7,346550
2026-01-23T05:08:58.248517,Otto-Probst-Platz,7,347454
2026-01-23T05:08:58.248517,Otto-Probst-Platz,7,347013
2026-01-23T05:08:58.248517,Otto-Probst-Platz,7,348534
2026-01-23T05:08:58.248517,Otto-Probst-Platz,7,349150
2026-01-23T05:08:58.248517,Otto-Probst-Platz,7,398869
2026-01-23T05:08:58.248517,Alaudagasse U,11,345266
2026-01-23T05:08:58.248517,Alaudagasse U,11,345933
2026-01-23T05:08:58.248517,Alaudagasse U,11,345544
2026-01-23T05:08:58.248517,Alaudagasse U,11,346494
2026-01-23T05:08:58.248517,Alaudagasse U,11,346300
2026-01-23T05:08:58.248517,Alaudagasse U,11,346616
2026-01-23T05:08:58.248517,Alaudagasse U,11,347895
2026-01-23T05:08:58.248517,Alaudagasse U,11,348441
2026-01-23T05:08:58.248517,Alaudagasse U,11,348294
2026-01-23T05:08:58.248517,Alaudagasse U,11,348172
2026-01-23T05:08:58.248517,Alaudagasse U,11,349039
2026-01-23T05:08:58.248517,Svetelskystraße,5,347398
2026-01-23T05:08:58.248517,Svetelskystraße,5,349077
2026-01-23T05:08:58.248517,Svetelskystraße,5,349052
2026-01-23T05:08:58.248517,Svetelskystraße,5,349043
2026-01-23T05:08:58.248517,Svetelskystraße,5,348815
2026-01-23T05:08:58.248517,Weißenböckstraße,9,346135
2026-01-23T05:08:58.248517,Weißenböckstraße,9,347422
2026-01-23T05:08:58.248517,Weißenböckstraße,9,347774
2026-01-23T05:08:58.248517,Weißenböckstraße,9,347561
2026-01-23T05:08:58.248517,Weißenböckstraße,9,348086
2026-01-23T05:08:58.248517,Weißenböckstraße,9,398819
2026-01-23T05:08:58.248517,Weißenböckstraße,9,398764
2026-01-23T05:08:58.248517,Weißenböckstraße,9,398759
2026-01-23T05:08:58.248517,Weißenböckstraße,9,348915
2026-01-23T05:08:58.248517,Zentralfriedhof 2. Tor,9,346165
2026-01-23T05:08:58.248517,Zentralfriedhof 2. Tor,9,347187
2026-01-23T05:08:58.248517,Zentralfriedhof 2. Tor,9,347077
2026-01-23T05:08:58.248517,Zentralfriedhof 2. Tor,9,347775
2026-01-23T05:08:58.248517,Zentralfriedhof 2. Tor,9,347703
2026-01-23T05:08:58.248517,Zentralfriedhof 2. Tor,9,347596
2026-01-23T05:08:58.248517,Zentralfriedhof 2. Tor,9,348075
2026-01-23T05:08:58.248517,Zentralfriedhof 2. Tor,9,349091
2026-01-23T05:08:58.248517,Zentralfriedhof 2. Tor,9,349075
2026-01-23T05:08:58.248517,Simoningplatz,9,345370
2026-01-23T05:08:58.248517,Simoningplatz,9,345570
2026-01-23T05:08:58.248517,Simoningplatz,9,346333
2026-01-23T05:08:58.248517,Simoningplatz,9,347149
2026-01-23T05:08:58.248517,Simoningplatz,9,347755
2026-01-23T05:08:58.248517,Simoningplatz,9,347676
2026-01-23T05:08:58.248517,Simoningplatz,9,348444
2026-01-23T05:08:58.248517,Simoningplatz,9,348111
2026-01-23T05:08:58.248517,Simoningplatz,9,398756
2026-01-23T05:08:58.248517,Etrichstraße,7,345182
2026-01-23T05:08:58.248517,Etrichstraße,7,345954
2026-01-23T05:08:58.248517,Etrichstraße,7,345780
2026-01-23T05:08:58.248517,Etrichstraße,7,346852
2026-01-23T05:08:58.248517,Etrichstraße,7,347105
2026-01-23T05:08:58.248517,Etrichstraße,7,348400
2026-01-23T05:08:58.248517,Etrichstraße,7,348535
2026-01-23T05:08:58.248517,Zippererstraße U,8,345784
2026-01-23T05:08:58.248517,Zippererstraße U,8,345536
2026-01-23T05:08:58.248517,Zippererstraße U,8,346831
2026-01-23T05:08:58.248517,Zippererstraße U,8,346547
2026-01-23T05:08:58.248517,Zippererstraße U,8,347142
2026-01-23T05:08:58.248517,Zippererstraße U,8,347614
2026-01-23T05:08:58.248517,Zippererstraße U,8,348202
2026-01-23T05:08:58.248517,Zippererstraße U,8,349017
2026-01-23T05:08:58.248517,Hetzendorf S,11,345199
2026-01-23T05:08:58.248517,Hetzendorf S,11,345872
2026-01-23T05:08:58.248517,Hetzendorf S,11,346236
2026-01-23T05:08:58.248517,Hetzendorf S,11,346997
2026-01-23T05:08:58.248517,Hetzendorf S,11,346703
2026-01-23T05:08:58.248517,Hetzendorf S,11,347011
2026-01-23T05:08:58.248517,Hetzendorf S,11,347839
2026-01-23T05:08:58.248517,Hetzendorf S,11,348378
2026-01-23T05:08:58.248517,Hetzendorf S,11,348907
2026-01-23T05:08:58.248517,Hetzendorf S,11,348803
2026-01-23T05:08:58.248517,Hetzendorf S,11,349203
2026-01-23T05:08:58.248517,Gatterhölzl,10,345291
2026-01-23T05:08:58.248517,Gatterhölzl,10,346439
2026-01-23T05:08:58.248517,Gatterhölzl,10,346411
2026-01-23T05:08:58.248517,Gatterhölzl,10,348443
2026-01-23T05:08:58.248517,Gatterhölzl,10,348356
2026-01-23T05:08:58.248517,Gatterhölzl,10,348192
2026-01-23T05:08:58.248517,Gatterhölzl,10,348109
2026-01-23T05:08:58.248517,Gatterhölzl,10,348676
2026-01-23T05:08:58.248517,Gatterhölzl,10,348666
2026-01-23T05:08:58.248517,Gatterhölzl,10,348829
2026-01-23T05:08:58.248517,Speising S,9,346207
2026-01-23T05:08:58.248517,Speising S,9,347197
2026-01-23T05:08:58.248517,Speising S,9,347792
2026-01-23T05:08:58.248517,Speising S,9,347547
2026-01-23T05:08:58.248517,Speising S,9,348045
2026-01-23T05:08:58.248517,Speising S,9,348692
2026-01-23T05:08:58.248517,Speising S,9,348580
2026-01-23T05:08:58.248517,Speising S,9,348531
2026-01-23T05:08:58.248517,Speising S,9,398850
2026-01-23T05:08:58.248517,Hasnerstraße / Hofferplatz,19,345934
2026-01-23T05:08:58.248517,Hasnerstraße / Hofferplatz,19,345842
2026-01-23T05:08:58.248517,Hasnerstraße / Hofferplatz,19,345690
2026-01-23T05:08:58.248517,Hasnerstraße / Hofferplatz,19,345519
2026-01-23T05:08:58.248517,Hasnerstraße / Hofferplatz,19,346935
2026-01-23T05:08:58.248517,Hasnerstraße / Hofferplatz,19,346818
2026-01-23T05:08:58.248517,Hasnerstraße / Hofferplatz,19,346817
2026-01-23T05:08:58.248517,Hasnerstraße / Hofferplatz,19,346696
2026-01-23T05:08:58.248517,Hasnerstraße / Hofferplatz,19,347202
2026-01-23T05:08:58.248517,Hasnerstraße / Hofferplatz,19,347118
2026-01-23T05:08:58.248517,Hasnerstraße / Hofferplatz,19,347568
2026-01-23T05:08:58.248517,Hasnerstraße / Hofferplatz,19,348456
2026-01-23T05:08:58.248517,Hasnerstraße / Hofferplatz,19,348247
2026-01-23T05:08:58.248517,Hasnerstraße / Hofferplatz,19,348237
2026-01-23T05:08:58.248517,Hasnerstraße / Hofferplatz,19,348229
2026-01-23T05:08:58.248517,Hasnerstraße / Hofferplatz,19,348042
2026-01-23T05:08:58.248517,Hasnerstraße / Hofferplatz,19,398842
2026-01-23T05:08:58.248517,Hasnerstraße / Hofferplatz,19,348983
2026-01-23T05:08:58.248517,Hasnerstraße / Hofferplatz,19,348890
2026-01-23T05:08:58.248517,Nietzscheplatz,12,345411
2026-01-23T05:08:58.248517,Nietzscheplatz,12,345332
2026-01-23T05:08:58.248517,Nietzscheplatz,12,345719
2026-01-23T05:08:58.248517,Nietzscheplatz,12,346480
2026-01-23T05:08:58.248517,Nietzscheplatz,12,346119
2026-01-23T05:08:58.248517,Nietzscheplatz,12,346984
2026-01-23T05:08:58.248517,Nietzscheplatz,12,346719
2026-01-23T05:08:58.248517,Nietzscheplatz,12,347291
2026-01-23T05:08:58.248517,Nietzscheplatz,12,347773
2026-01-23T05:08:58.248517,Nietzscheplatz,12,348482
2026-01-23T05:08:58.248517,Nietzscheplatz,12,348036
2026-01-23T05:08:58.248517,Nietzscheplatz,12,348687
2026-01-23T05:08:58.248517,Wattgasse,30,345483
2026-01-23T05:08:58.248517,Wattgasse,30,345252
2026-01-23T05:08:58.248517,Wattgasse,30,345109
2026-01-23T05:08:58.248517,Wattgasse,30,345966
2026-01-23T05:08:58.248517,Wattgasse,30,345876
2026-01-23T05:08:58.248517,Wattgasse,30,345810
2026-01-23T05:08:58.248517,Wattgasse,30,345679
2026-01-23T05:08:58.248517,Wattgasse,30,345678
2026-01-23T05:08:58.248517,Wattgasse,30,346412
2026-01-23T05:08:58.248517,Wattgasse,30,346173
2026-01-23T05:08:58.248517,Wattgasse,30,346121
2026-01-23T05:08:58.248517,Wattgasse,30,346115
2026-01-23T05:08:58.248517,Wattgasse,30,346976
2026-01-23T05:08:58.248517,Wattgasse,30,346783
2026-01-23T05:08:58.248517,Wattgasse,30,346776
2026-01-23T05:08:58.248517,Wattgasse,30,346714
2026-01-23T05:08:58.248517,Wattgasse,30,346659
2026-01-23T05:08:58.248517,Wattgasse,30,346558
2026-01-23T05:08:58.248517,Wattgasse,30,347270
2026-01-23T05:08:58.248517,Wattgasse,30,347051
2026-01-23T05:08:58.248517,Wattgasse,30,347991
2026-01-23T05:08:58.248517,Wattgasse,30,347981
2026-01-23T05:08:58.248517,Wattgasse,30,347976
2026-01-23T05:08:58.248517,Wattgasse,30,347854
2026-01-23T05:08:58.248517,Wattgasse,30,347663
2026-01-23T05:08:58.248517,Wattgasse,30,347619
2026-01-23T05:08:58.248517,Wattgasse,30,347534
2026-01-23T05:08:58.248517,Wattgasse,30,348212
2026-01-23T05:08:58.248517,Wattgasse,30,348578
2026-01-23T05:08:58.248517,Wattgasse,30,398760
2026-01-23T05:08:58.248517,Oberdöbling S,9,345349
2026-01-23T05:08:58.248517,Oberdöbling S,9,345958
2026-01-23T05:08:58.248517,Oberdöbling S,9,345862
2026-01-23T05:08:58.248517,Oberdöbling S,9,346486
2026-01-23T05:08:58.248517,Oberdöbling S,9,346431
2026-01-23T05:08:58.248517,Oberdöbling S,9,346910
2026-01-23T05:08:58.248517,Oberdöbling S,9,347386
2026-01-23T05:08:58.248517,Oberdöbling S,9,348121
2026-01-23T05:08:58.248517,Oberdöbling S,9,348619
2026-01-23T05:08:58.248517,Kantnergasse,14,345481
2026-01-23T05:08:58.248517,Kantnergasse,14,345431
2026-01-23T05:08:58.248517,Kantnergasse,14,345391
2026-01-23T05:08:58.248517,Kantnergasse,14,345625
2026-01-23T05:08:58.248517,Kantnergasse,14,346684
2026-01-23T05:08:58.248517,Kantnergasse,14,347007
2026-01-23T05:08:58.248517,Kantnergasse,14,347940
2026-01-23T05:08:58.248517,Kantnergasse,14,347761
2026-01-23T05:08:58.248517,Kantnergasse,14,348353
2026-01-23T05:08:58.248517,Kantnergasse,14,348287
2026-01-23T05:08:58.248517,Kantnergasse,14,348220
2026-01-23T05:08:58.248517,Kantnergasse,14,348185
2026-01-23T05:08:58.248517,Kantnergasse,14,348103
2026-01-23T05:08:58.248517,Kantnergasse,14,398800
2026-01-23T05:08:58.248517,Leopoldau S U,5,346158
2026-01-23T05:08:58.248517,Leopoldau S U,5,347279
2026-01-23T05:08:58.248517,Leopoldau S U,5,347254
2026-01-23T05:08:58.248517,Leopoldau S U,5,348963
2026-01-23T05:08:58.248517,Leopoldau S U,5,349191
2026-01-23T05:08:58.248517,Josef-Baumann-Gasse,11,345438
2026-01-23T05:08:58.248517,Josef-Baumann-Gasse,11,345852
2026-01-23T05:08:58.248517,Josef-Baumann-Gasse,11,346134
2026-01-23T05:08:58.248517,Josef-Baumann-Gasse,11,346805
2026-01-23T05:08:58.248517,Josef-Baumann-Gasse,11,347434
2026-01-23T05:08:58.248517,Josef-Baumann-Gasse,11,347222
2026-01-23T05:08:58.248517,Josef-Baumann-Gasse,11,348485
2026-01-23T05:08:58.248517,Josef-Baumann-Gasse,11,348373
2026-01-23T05:08:58.248517,Josef-Baumann-Gasse,11,348243
2026-01-23T05:08:58.248517,Josef-Baumann-Gasse,11,348006
2026-01-23T05:08:58.248517,Josef-Baumann-Gasse,11,398741
2026-01-23T05:08:58.248517,Fultonstraße,13,345261
2026-01-23T05:08:58.248517,Fultonstraße,13,345028
2026-01-23T05:08:58.248517,Fultonstraße,13,346266
2026-01-23T05:08:58.248517,Fultonstraße,13,346262
2026-01-23T05:08:58.248517,Fultonstraße,13,346874
2026-01-23T05:08:58.248517,Fultonstraße,13,347335
2026-01-23T05:08:58.248517,Fultonstraße,13,347848
2026-01-23T05:08:58.248517,Fultonstraße,13,347838
2026-01-23T05:08:58.248517,Fultonstraße,13,348329
2026-01-23T05:08:58.248517,Fultonstraße,13,348138
2026-01-23T05:08:58.248517,Fultonstraße,13,348607
2026-01-23T05:08:58.248517,Fultonstraße,13,348887
2026-01-23T05:08:58.248517,Fultonstraße,13,349117
2026-01-23T05:08:58.248517,Hopfengasse,5,346807
2026-01-23T05:08:58.248517,Hopfengasse,5,347828
2026-01-23T05:08:58.248517,Hopfengasse,5,347680
2026-01-23T05:08:58.248517,Hopfengasse,5,347654
2026-01-23T05:08:58.248517,Hopfengasse,5,348390
2026-01-23T05:08:58.248517,Jedlesee / Bellgasse,12,345539
2026-01-23T05:08:58.248517,Jedlesee / Bellgasse,12,346495
2026-01-23T05:08:58.248517,Jedlesee / Bellgasse,12,346798
2026-01-23T05:08:58.248517,Jedlesee / Bellgasse,12,347390
2026-01-23T05:08:58.248517,Jedlesee / Bellgasse,12,347986
2026-01-23T05:08:58.248517,Jedlesee / Bellgasse,12,347837
2026-01-23T05:08:58.248517,Jedlesee / Bellgasse,12,347833
2026-01-23T05:08:58.248517,Jedlesee / Bellgasse,12,347822
2026-01-23T05:08:58.248517,Jedlesee / Bellgasse,12,347524
2026-01-23T05:08:58.248517,Jedlesee / Bellgasse,12,348226
2026-01-23T05:08:58.248517,Jedlesee / Bellgasse,12,348142
2026-01-23T05:08:58.248517,Jedlesee / Bellgasse,12,398804
2026-01-23T05:08:58.248517,Jedleseer Friedhof,10,345220
2026-01-23T05:08:58.248517,Jedleseer Friedhof,10,345026
2026-01-23T05:08:58.248517,Jedleseer Friedhof,10,346496
2026-01-23T05:08:58.248517,Jedleseer Friedhof,10,346427
2026-01-23T05:08:58.248517,Jedleseer Friedhof,10,346037
2026-01-23T05:08:58.248517,Jedleseer Friedhof,10,346991
2026-01-23T05:08:58.248517,Jedleseer Friedhof,10,347268
2026-01-23T05:08:58.248517,Jedleseer Friedhof,10,347682
2026-01-23T05:08:58.248517,Jedleseer Friedhof,10,348144
2026-01-23T05:08:58.248517,Jedleseer Friedhof,10,348670
2026-01-23T05:08:58.248517,Strebersdorf / Edmund-Hawranek-Platz,11,345340
2026-01-23T05:08:58.248517,Strebersdorf / Edmund-Hawranek-Platz,11,345331
2026-01-23T05:08:58.248517,Strebersdorf / Edmund-Hawranek-Platz,11,345271
2026-01-23T05:08:58.248517,Strebersdorf / Edmund-Hawranek-Platz,11,345792
2026-01-23T05:08:58.248517,Strebersdorf / Edmund-Hawranek-Platz,11,346440
2026-01-23T05:08:58.248517,Strebersdorf / Edmund-Hawranek-Platz,11,346150
2026-01-23T05:08:58.248517,Strebersdorf / Edmund-Hawranek-Platz,11,346048
2026-01-23T05:08:58.248517,Strebersdorf / Edmund-Hawranek-Platz,11,346837
2026-01-23T05:08:58.248517,Strebersdorf / Edmund-Hawranek-Platz,11,347143
2026-01-23T05:08:58.248517,Strebersdorf / Edmund-Hawranek-Platz,11,348478
2026-01-23T05:08:58.248517,Strebersdorf / Edmund-Hawranek-Platz,11,348096
2026-01-23T05:08:58.248517,Kagraner Anger,14,345168
2026-01-23T05:08:58.248517,Kagraner Anger,14,345164
2026-01-23T05:08:58.248517,Kagraner Anger,14,345901
2026-01-23T05:08:58.248517,Kagraner Anger,14,345795
2026-01-23T05:08:58.248517,Kagraner Anger,14,345567
2026-01-23T05:08:58.248517,Kagraner Anger,14,345548
2026-01-23T05:08:58.248517,Kagraner Anger,14,345501
2026-01-23T05:08:58.248517,Kagraner Anger,14,346589
2026-01-23T05:08:58.248517,Kagraner Anger,14,346555
2026-01-23T05:08:58.248517,Kagraner Anger,14,347153
2026-01-23T05:08:58.248517,Kagraner Anger,14,347806
2026-01-23T05:08:58.248517,Kagraner Anger,14,347584
2026-01-23T05:08:58.248517,Kagraner Anger,14,348304
2026-01-23T05:08:58.248517,Kagraner Anger,14,348278
2026-01-23T05:08:58.248517,Stavangergasse,9,345464
2026-01-23T05:08:58.248517,Stavangergasse,9,345227
2026-01-23T05:08:58.248517,Stavangergasse,9,345504
2026-01-23T05:08:58.248517,Stavangergasse,9,346354
2026-01-23T05:08:58.248517,Stavangergasse,9,346923
2026-01-23T05:08:58.248517,Stavangergasse,9,347961
2026-01-23T05:08:58.248517,Stavangergasse,9,348427
2026-01-23T05:08:58.248517,Stavangergasse,9,348163
2026-01-23T05:08:58.248517,Stavangergasse,9,348062
2026-01-23T05:08:58.248517,Hirschstetten S,10,345420
2026-01-23T05:08:58.248517,Hirschstetten S,10,345786
2026-01-23T05:08:58.248517,Hirschstetten S,10,346729
2026-01-23T05:08:58.248517,Hirschstetten S,10,347292
2026-01-23T05:08:58.248517,Hirschstetten S,10,347851
2026-01-23T05:08:58.248517,Hirschstetten S,10,347764
2026-01-23T05:08:58.248517,Hirschstetten S,10,348381
2026-01-23T05:08:58.248517,Hirschstetten S,10,348238
2026-01-23T05:08:58.248517,Hirschstetten S,10,398806
2026-01-23T05:08:58.248517,Hirschstetten S,10,398873
2026-01-23T05:08:58.248517,Atzgersdorf S,4,345130
2026-01-23T05:08:58.248517,Atzgersdorf S,4,346552
2026-01-23T05:08:58.248517,Atzgersdorf S,4,347220
2026-01-23T05:08:58.248517,Atzgersdorf S,4,347738
2026-01-23T05:08:58.248517,Siebenhirten U,5,346458
2026-01-23T05:08:58.248517,Siebenhirten U,5,346094
2026-01-23T05:08:58.248517,Siebenhirten U,5,347484
2026-01-23T05:08:58.248517,Siebenhirten U,5,348040
2026-01-23T05:08:58.248517,Siebenhirten U,5,348866
2026-01-23T05:08:58.248517,Erlaaer Straße U,9,345050
2026-01-23T05:08:58.248517,Erlaaer Straße U,9,345941
2026-01-23T05:08:58.248517,Erlaaer Straße U,9,345840
2026-01-23T05:08:58.248517,Erlaaer Straße U,9,346472
2026-01-23T05:08:58.248517,Erlaaer Straße U,9,346385
2026-01-23T05:08:58.248517,Erlaaer Straße U,9,346821
2026-01-23T05:08:58.248517,Erlaaer Straße U,9,347765
2026-01-23T05:08:58.248517,Erlaaer Straße U,9,348433
2026-01-23T05:08:58.248517,Erlaaer Straße U,9,348085
2026-01-23T05:08:58.248517,Perfektastraße U,7,345079
2026-01-23T05:08:58.248517,Perfektastraße U,7,345680
2026-01-23T05:08:58.248517,Perfektastraße U,7,347494
2026-01-23T05:08:58.248517,Perfektastraße U,7,347353
2026-01-23T05:08:58.248517,Perfektastraße U,7,347078
2026-01-23T05:08:58.248517,Perfektastraße U,7,347697
2026-01-23T05:08:58.248517,Perfektastraße U,7,398789
2026-01-23T05:08:58.248517,Meidling S U / Vivenotgasse,10,345386
2026-01-23T05:08:58.248517,Meidling S U / Vivenotgasse,10,345196
2026-01-23T05:08:58.248517,Meidling S U / Vivenotgasse,10,345100
2026-01-23T05:08:58.248517,Meidling S U / Vivenotgasse,10,346497
2026-01-23T05:08:58.248517,Meidling S U / Vivenotgasse,10,346436
2026-01-23T05:08:58.248517,Meidling S U / Vivenotgasse,10,346097
2026-01-23T05:08:58.248517,Meidling S U / Vivenotgasse,10,346799
2026-01-23T05:08:58.248517,Meidling S U / Vivenotgasse,10,346544
2026-01-23T05:08:58.248517,Meidling S U / Vivenotgasse,10,347349
2026-01-23T05:08:58.248517,Meidling S U / Vivenotgasse,10,348094
2026-01-23T05:08:58.248517,Praterstern Ausstellungsstraße,16,345487
2026-01-23T05:08:58.248517,Praterstern Ausstellungsstraße,16,345449
2026-01-23T05:08:58.248517,Praterstern Ausstellungsstraße,16,345263
2026-01-23T05:08:58.248517,Praterstern Ausstellungsstraße,16,345145
2026-01-23T05:08:58.248517,Praterstern Ausstellungsstraße,16,345023
2026-01-23T05:08:58.248517,Praterstern Ausstellungsstraße,16,345011
2026-01-23T05:08:58.248517,Praterstern Ausstellungsstraße,16,345841
2026-01-23T05:08:58.248517,Praterstern Ausstellungsstraße,16,345681
2026-01-23T05:08:58.248517,Praterstern Ausstellungsstraße,16,346841
2026-01-23T05:08:58.248517,Praterstern Ausstellungsstraße,16,346538
2026-01-23T05:08:58.248517,Praterstern Ausstellungsstraße,16,346526
2026-01-23T05:08:58.248517,Praterstern Ausstellungsstraße,16,347283
2026-01-23T05:08:58.248517,Praterstern Ausstellungsstraße,16,347911
2026-01-23T05:08:58.248517,Praterstern Ausstellungsstraße,16,347598
2026-01-23T05:08:58.248517,Praterstern Ausstellungsstraße,16,348041
2026-01-23T05:08:58.248517,Praterstern Ausstellungsstraße,16,398864
2026-01-23T05:08:58.248517,Muthgasse,6,345642
2026-01-23T05:08:58.248517,Muthgasse,6,345617
2026-01-23T05:08:58.248517,Muthgasse,6,346188
2026-01-23T05:08:58.248517,Muthgasse,6,347127
2026-01-23T05:08:58.248517,Muthgasse,6,347830
2026-01-23T05:08:58.248517,Muthgasse,6,348124
2026-01-23T05:08:58.248517,Liesing S,3,346327
2026-01-23T05:08:58.248517,Liesing S,3,347276
2026-01-23T05:08:58.248517,Liesing S,3,347034
2026-01-23T05:08:58.248517,Aspern Nord S U,12,345435
2026-01-23T05:08:58.248517,Aspern Nord S U,12,346419
2026-01-23T05:08:58.248517,Aspern Nord S U,12,346311
2026-01-23T05:08:58.248517,Aspern Nord S U,12,346035
2026-01-23T05:08:58.248517,Aspern Nord S U,12,346640
2026-01-23T05:08:58.248517,Aspern Nord S U,12,346525
2026-01-23T05:08:58.248517,Aspern Nord S U,12,347415
2026-01-23T05:08:58.248517,Aspern Nord S U,12,347053
2026-01-23T05:08:58.248517,Aspern Nord S U,12,348416
2026-01-23T05:08:58.248517,Aspern Nord S U,12,348694
2026-01-23T05:08:58.248517,Aspern Nord S U,12,348625
2026-01-23T05:08:58.248517,Aspern Nord S U,12,348561
2026-01-23T05:08:58.248517,Seepark,1,348118
2026-01-23T05:08:58.248517,Seestadt U,7,346152
2026-01-23T05:08:58.248517,Seestadt U,7,346961
2026-01-23T05:08:58.248517,Seestadt U,7,346912
2026-01-23T05:08:58.248517,Seestadt U,7,346504
2026-01-23T05:08:58.248517,Seestadt U,7,348693
2026-01-23T05:08:58.248517,Seestadt U,7,348631
2026-01-23T05:08:58.248517,Seestadt U,7,348549
2026-01-23T05:08:58.248517,Schwedenplatz,38,345191
2026-01-23T05:08:58.248517,Schwedenplatz,38,345623
2026-01-23T05:08:58.248517,Schwedenplatz,38,345591
2026-01-23T05:08:58.248517,Schwedenplatz,38,346499
2026-01-23T05:08:58.248517,Schwedenplatz,38,346244
2026-01-23T05:08:58.248517,Schwedenplatz,38,346212
2026-01-23T05:08:58.248517,Schwedenplatz,38,346211
2026-01-23T05:08:58.248517,Schwedenplatz,38,346106
2026-01-23T05:08:58.248517,Schwedenplatz,38,346083
2026-01-23T05:08:58.248517,Schwedenplatz,38,346072
2026-01-23T05:08:58.248517,Schwedenplatz,38,346021
2026-01-23T05:08:58.248517,Schwedenplatz,38,346953
2026-01-23T05:08:58.248517,Schwedenplatz,38,346624
2026-01-23T05:08:58.248517,Schwedenplatz,38,347479
2026-01-23T05:08:58.248517,Schwedenplatz,38,347461
2026-01-23T05:08:58.248517,Schwedenplatz,38,347456
2026-01-23T05:08:58.248517,Schwedenplatz,38,347444
2026-01-23T05:08:58.248517,Schwedenplatz,38,347282
2026-01-23T05:08:58.248517,Schwedenplatz,38,347232
2026-01-23T05:08:58.248517,Schwedenplatz,38,347130
2026-01-23T05:08:58.248517,Schwedenplatz,38,347097
2026-01-23T05:08:58.248517,Schwedenplatz,38,347084
2026-01-23T05:08:58.248517,Schwedenplatz,38,347060
2026-01-23T05:08:58.248517,Schwedenplatz,38,347042
2026-01-23T05:08:58.248517,Schwedenplatz,38,347956
2026-01-23T05:08:58.248517,Schwedenplatz,38,347608
2026-01-23T05:08:58.248517,Schwedenplatz,38,348477
2026-01-23T05:08:58.248517,Schwedenplatz,38,348397
2026-01-23T05:08:58.248517,Schwedenplatz,38,348337
2026-01-23T05:08:58.248517,Schwedenplatz,38,348252
2026-01-23T05:08:58.248517,Schwedenplatz,38,348249
2026-01-23T05:08:58.248517,Schwedenplatz,38,348100
2026-01-23T05:08:58.248517,Schwedenplatz,38,348691
2026-01-23T05:08:58.248517,Schwedenplatz,38,348639
2026-01-23T05:08:58.248517,Schwedenplatz,38,348635
2026-01-23T05:08:58.248517,Schwedenplatz,38,398791
2026-01-23T05:08:58.248517,Schwedenplatz,38,398719
2026-01-23T05:08:58.248517,Schwedenplatz,38,348921
2026-01-23T05:08:58.248517,Waldmüllerpark,7,345950
2026-01-23T05:08:58.248517,Waldmüllerpark,7,346252
2026-01-23T05:08:58.248517,Waldmüllerpark,7,346027
2026-01-23T05:08:58.248517,Waldmüllerpark,7,347295
2026-01-23T05:08:58.248517,Waldmüllerpark,7,347671
2026-01-23T05:08:58.248517,Waldmüllerpark,7,347510
2026-01-23T05:08:58.248517,Waldmüllerpark,7,349004
2026-01-23T05:08:58.248517,Stubentor U,18,345153
2026-01-23T05:08:58.248517,Stubentor U,18,345782
2026-01-23T05:08:58.248517,Stubentor U,18,345755
2026-01-23T05:08:58.248517,Stubentor U,18,346285
2026-01-23T05:08:58.248517,Stubentor U,18,346086
2026-01-23T05:08:58.248517,Stubentor U,18,346916
2026-01-23T05:08:58.248517,Stubentor U,18,346846
2026-01-23T05:08:58.248517,Stubentor U,18,347470
2026-01-23T05:08:58.248517,Stubentor U,18,347725
2026-01-23T05:08:58.248517,Stubentor U,18,347690
2026-01-23T05:08:58.248517,Stubentor U,18,347688
2026-01-23T05:08:58.248517,Stubentor U,18,348649
2026-01-23T05:08:58.248517,Stubentor U,18,348552
2026-01-23T05:08:58.248517,Stubentor U,18,398785
2026-01-23T05:08:58.248517,Stubentor U,18,398721
2026-01-23T05:08:58.248517,Stubentor U,18,349087
2026-01-23T05:08:58.248517,Stubentor U,18,348900
2026-01-23T05:08:58.248517,Stubentor U,18,349125
2026-01-23T05:08:58.248517,Landstraße - Wien Mitte S U,34,345342
2026-01-23T05:08:58.248517,Landstraße - Wien Mitte S U,34,345229
2026-01-23T05:08:58.248517,Landstraße - Wien Mitte S U,34,345903
2026-01-23T05:08:58.248517,Landstraße - Wien Mitte S U,34,345875
2026-01-23T05:08:58.248517,Landstraße - Wien Mitte S U,34,345702
2026-01-23T05:08:58.248517,Landstraße - Wien Mitte S U,34,345547
2026-01-23T05:08:58.248517,Landstraße - Wien Mitte S U,34,345520
2026-01-23T05:08:58.248517,Landstraße - Wien Mitte S U,34,346278
2026-01-23T05:08:58.248517,Landstraße - Wien Mitte S U,34,346041
2026-01-23T05:08:58.248517,Landstraße - Wien Mitte S U,34,346890
2026-01-23T05:08:58.248517,Landstraße - Wien Mitte S U,34,346851
2026-01-23T05:08:58.248517,Landstraße - Wien Mitte S U,34,346824
2026-01-23T05:08:58.248517,Landstraße - Wien Mitte S U,34,346725
2026-01-23T05:08:58.248517,Landstraße - Wien Mitte S U,34,347433
2026-01-23T05:08:58.248517,Landstraße - Wien Mitte S U,34,347391
2026-01-23T05:08:58.248517,Landstraße - Wien Mitte S U,34,347990
2026-01-23T05:08:58.248517,Landstraße - Wien Mitte S U,34,347807
2026-01-23T05:08:58.248517,Landstraße - Wien Mitte S U,34,347763
2026-01-23T05:08:58.248517,Landstraße - Wien Mitte S U,34,348463
2026-01-23T05:08:58.248517,Landstraße - Wien Mitte S U,34,348331
2026-01-23T05:08:58.248517,Landstraße - Wien Mitte S U,34,348277
2026-01-23T05:08:58.248517,Landstraße - Wien Mitte S U,34,348200
2026-01-23T05:08:58.248517,Landstraße - Wien Mitte S U,34,348115
2026-01-23T05:08:58.248517,Landstraße - Wien Mitte S U,34,348660
2026-01-23T05:08:58.248517,Landstraße - Wien Mitte S U,34,348611
2026-01-23T05:08:58.248517,Landstraße - Wien Mitte S U,34,348527
2026-01-23T05:08:58.248517,Landstraße - Wien Mitte S U,34,398838
2026-01-23T05:08:58.248517,Landstraße - Wien Mitte S U,34,398816
2026-01-23T05:08:58.248517,Landstraße - Wien Mitte S U,34,398805
2026-01-23T05:08:58.248517,Landstraße - Wien Mitte S U,34,398802
2026-01-23T05:08:58.248517,Landstraße - Wien Mitte S U,34,349071
2026-01-23T05:08:58.248517,Landstraße - Wien Mitte S U,34,348876
2026-01-23T05:08:58.248517,Landstraße - Wien Mitte S U,34,348833
2026-01-23T05:08:58.248517,Landstraße - Wien Mitte S U,34,348801
2026-01-23T05:08:58.248517,Praterstern S U,50,345494
2026-01-23T05:08:58.248517,Praterstern S U,50,345226
2026-01-23T05:08:58.248517,Praterstern S U,50,345082
2026-01-23T05:08:58.248517,Praterstern S U,50,345058
2026-01-23T05:08:58.248517,Praterstern S U,50,345893
2026-01-23T05:08:58.248517,Praterstern S U,50,345863
2026-01-23T05:08:58.248517,Praterstern S U,50,345812
2026-01-23T05:08:58.248517,Praterstern S U,50,345648
2026-01-23T05:08:58.248517,Praterstern S U,50,345608
2026-01-23T05:08:58.248517,Praterstern S U,50,346402
2026-01-23T05:08:58.248517,Praterstern S U,50,346380
2026-01-23T05:08:58.248517,Praterstern S U,50,346347
2026-01-23T05:08:58.248517,Praterstern S U,50,346239
2026-01-23T05:08:58.248517,Praterstern S U,50,346062
2026-01-23T05:08:58.248517,Praterstern S U,50,346033
2026-01-23T05:08:58.248517,Praterstern S U,50,346004
2026-01-23T05:08:58.248517,Praterstern S U,50,346907
2026-01-23T05:08:58.248517,Praterstern S U,50,346773
2026-01-23T05:08:58.248517,Praterstern S U,50,346764
2026-01-23T05:08:58.248517,Praterstern S U,50,346748
2026-01-23T05:08:58.248517,Praterstern S U,50,346736
2026-01-23T05:08:58.248517,Praterstern S U,50,347354
2026-01-23T05:08:58.248517,Praterstern S U,50,347334
2026-01-23T05:08:58.248517,Praterstern S U,50,347328
2026-01-23T05:08:58.248517,Praterstern S U,50,347179
2026-01-23T05:08:58.248517,Praterstern S U,50,347172
2026-01-23T05:08:58.248517,Praterstern S U,50,347984
2026-01-23T05:08:58.248517,Praterstern S U,50,347894
2026-01-23T05:08:58.248517,Praterstern S U,50,347781
2026-01-23T05:08:58.248517,Praterstern S U,50,347767
2026-01-23T05:08:58.248517,Praterstern S U,50,347692
2026-01-23T05:08:58.248517,Praterstern S U,50,347672
2026-01-23T05:08:58.248517,Praterstern S U,50,347641
2026-01-23T05:08:58.248517,Praterstern S U,50,347503
2026-01-23T05:08:58.248517,Praterstern S U,50,348248
2026-01-23T05:08:58.248517,Praterstern S U,50,348171
2026-01-23T05:08:58.248517,Praterstern S U,50,348153
2026-01-23T05:08:58.248517,Praterstern S U,50,348051
2026-01-23T05:08:58.248517,Praterstern S U,50,348678
2026-01-23T05:08:58.248517,Praterstern S U,50,348671
2026-01-23T05:08:58.248517,Praterstern S U,50,348633
2026-01-23T05:08:58.248517,Praterstern S U,50,348623
2026-01-23T05:08:58.248517,Praterstern S U,50,348609
2026-01-23T05:08:58.248517,Praterstern S U,50,398852
2026-01-23T05:08:58.248517,Praterstern S U,50,398822
2026-01-23T05:08:58.248517,Praterstern S U,50,398778
2026-01-23T05:08:58.248517,Praterstern S U,50,398774
2026-01-23T05:08:58.248517,Praterstern S U,50,348806
2026-01-23T05:08:58.248517,Praterstern S U,50,349136
2026-01-23T05:08:58.248517,Praterstern S U,50,398870
2026-01-23T05:08:58.248517,Rustengasse,16,345414
2026-01-23T05:08:58.248517,Rustengasse,16,345110
2026-01-23T05:08:58.248517,Rustengasse,16,345692
2026-01-23T05:08:58.248517,Rustengasse,16,345667
2026-01-23T05:08:58.248517,Rustengasse,16,346460
2026-01-23T05:08:58.248517,Rustengasse,16,346166
2026-01-23T05:08:58.248517,Rustengasse,16,346901
2026-01-23T05:08:58.248517,Rustengasse,16,346775
2026-01-23T05:08:58.248517,Rustengasse,16,346728
2026-01-23T05:08:58.248517,Rustengasse,16,347248
2026-01-23T05:08:58.248517,Rustengasse,16,347109
2026-01-23T05:08:58.248517,Rustengasse,16,347963
2026-01-23T05:08:58.248517,Rustengasse,16,348354
2026-01-23T05:08:58.248517,Rustengasse,16,348125
2026-01-23T05:08:58.248517,Rustengasse,16,348023
2026-01-23T05:08:58.248517,Rustengasse,16,398847
2026-01-23T05:08:58.248517,Heiligenstadt S U,20,345274
2026-01-23T05:08:58.248517,Heiligenstadt S U,20,345254
2026-01-23T05:08:58.248517,Heiligenstadt S U,20,345148
2026-01-23T05:08:58.248517,Heiligenstadt S U,20,345027
2026-01-23T05:08:58.248517,Heiligenstadt S U,20,345012
2026-01-23T05:08:58.248517,Heiligenstadt S U,20,345834
2026-01-23T05:08:58.248517,Heiligenstadt S U,20,346364
2026-01-23T05:08:58.248517,Heiligenstadt S U,20,346279
2026-01-23T05:08:58.248517,Heiligenstadt S U,20,347173
2026-01-23T05:08:58.248517,Heiligenstadt S U,20,347693
2026-01-23T05:08:58.248517,Heiligenstadt S U,20,347591
2026-01-23T05:08:58.248517,Heiligenstadt S U,20,348335
2026-01-23T05:08:58.248517,Heiligenstadt S U,20,348177
2026-01-23T05:08:58.248517,Heiligenstadt S U,20,348038
2026-01-23T05:08:58.248517,Heiligenstadt S U,20,349085
2026-01-23T05:08:58.248517,Heiligenstadt S U,20,348989
2026-01-23T05:08:58.248517,Heiligenstadt S U,20,348932
2026-01-23T05:08:58.248517,Heiligenstadt S U,20,348905
2026-01-23T05:08:58.248517,Heiligenstadt S U,20,349192
2026-01-23T05:08:58.248517,Heiligenstadt S U,20,398866
2026-01-23T05:08:58.248517,Hütteldorf  S U,19,345493
2026-01-23T05:08:58.248517,Hütteldorf  S U,19,345065
2026-01-23T05:08:58.248517,Hütteldorf  S U,19,345923
2026-01-23T05:08:58.248517,Hütteldorf  S U,19,345513
2026-01-23T05:08:58.248517,Hütteldorf  S U,19,346862
2026-01-23T05:08:58.248517,Hütteldorf  S U,19,346669
2026-01-23T05:08:58.248517,Hütteldorf  S U,19,346628
2026-01-23T05:08:58.248517,Hütteldorf  S U,19,346570
2026-01-23T05:08:58.248517,Hütteldorf  S U,19,347358
2026-01-23T05:08:58.248517,Hütteldorf  S U,19,347338
2026-01-23T05:08:58.248517,Hütteldorf  S U,19,347322
2026-01-23T05:08:58.248517,Hütteldorf  S U,19,347079
2026-01-23T05:08:58.248517,Hütteldorf  S U,19,347971
2026-01-23T05:08:58.248517,Hütteldorf  S U,19,347901
2026-01-23T05:08:58.248517,Hütteldorf  S U,19,347658
2026-01-23T05:08:58.248517,Hütteldorf  S U,19,347599
2026-01-23T05:08:58.248517,Hütteldorf  S U,19,348413
2026-01-23T05:08:58.248517,Hütteldorf  S U,19,348322
2026-01-23T05:08:58.248517,Hütteldorf  S U,19,398768
2026-01-23T05:08:58.248517,Rathaus U,28,345453
2026-01-23T05:08:58.248517,Rathaus U,28,345183
2026-01-23T05:08:58.248517,Rathaus U,28,345002
2026-01-23T05:08:58.248517,Rathaus U,28,345790
2026-01-23T05:08:58.248517,Rathaus U,28,346429
2026-01-23T05:08:58.248517,Rathaus U,28,346128
2026-01-23T05:08:58.248517,Rathaus U,28,346064
2026-01-23T05:08:58.248517,Rathaus U,28,346908
2026-01-23T05:08:58.248517,Rathaus U,28,346879
2026-01-23T05:08:58.248517,Rathaus U,28,346762
2026-01-23T05:08:58.248517,Rathaus U,28,346670
2026-01-23T05:08:58.248517,Rathaus U,28,347305
2026-01-23T05:08:58.248517,Rathaus U,28,347251
2026-01-23T05:08:58.248517,Rathaus U,28,347157
2026-01-23T05:08:58.248517,Rathaus U,28,347028
2026-01-23T05:08:58.248517,Rathaus U,28,347899
2026-01-23T05:08:58.248517,Rathaus U,28,347850
2026-01-23T05:08:58.248517,Rathaus U,28,347811
2026-01-23T05:08:58.248517,Rathaus U,28,347795
2026-01-23T05:08:58.248517,Rathaus U,28,347637
2026-01-23T05:08:58.248517,Rathaus U,28,348343
2026-01-23T05:08:58.248517,Rathaus U,28,348297
2026-01-23T05:08:58.248517,Rathaus U,28,348213
2026-01-23T05:08:58.248517,Rathaus U,28,348207
2026-01-23T05:08:58.248517,Rathaus U,28,348141
2026-01-23T05:08:58.248517,Rathaus U,28,348072
2026-01-23T05:08:58.248517,Rathaus U,28,348069
2026-01-23T05:08:58.248517,Rathaus U,28,348044
2026-01-23T05:08:58.248517,Hans-Mandl-Berufsschule,8,345273
2026-01-23T05:08:58.248517,Hans-Mandl-Berufsschule,8,345503
2026-01-23T05:08:58.248517,Hans-Mandl-Berufsschule,8,346756
2026-01-23T05:08:58.248517,Hans-Mandl-Berufsschule,8,348365
2026-01-23T05:08:58.248517,Hans-Mandl-Berufsschule,8,348541
2026-01-23T05:08:58.248517,Hans-Mandl-Berufsschule,8,398858
2026-01-23T05:08:58.248517,Hans-Mandl-Berufsschule,8,348930
2026-01-23T05:08:58.248517,Hans-Mandl-Berufsschule,8,348808
2026-01-23T05:08:58.248517,Dänenstraße / BOKU,23,345488
2026-01-23T05:08:58.248517,Dänenstraße / BOKU,23,345392
2026-01-23T05:08:58.248517,Dänenstraße / BOKU,23,345362
2026-01-23T05:08:58.248517,Dänenstraße / BOKU,23,345245
2026-01-23T05:08:58.248517,Dänenstraße / BOKU,23,345216
2026-01-23T05:08:58.248517,Dänenstraße / BOKU,23,345121
2026-01-23T05:08:58.248517,Dänenstraße / BOKU,23,345961
2026-01-23T05:08:58.248517,Dänenstraße / BOKU,23,345898
2026-01-23T05:08:58.248517,Dänenstraße / BOKU,23,345798
2026-01-23T05:08:58.248517,Dänenstraße / BOKU,23,345747
2026-01-23T05:08:58.248517,Dänenstraße / BOKU,23,345596
2026-01-23T05:08:58.248517,Dänenstraße / BOKU,23,346979
2026-01-23T05:08:58.248517,Dänenstraße / BOKU,23,346962
2026-01-23T05:08:58.248517,Dänenstraße / BOKU,23,346842
2026-01-23T05:08:58.248517,Dänenstraße / BOKU,23,346644
2026-01-23T05:08:58.248517,Dänenstraße / BOKU,23,346585
2026-01-23T05:08:58.248517,Dänenstraße / BOKU,23,346510
2026-01-23T05:08:58.248517,Dänenstraße / BOKU,23,347022
2026-01-23T05:08:58.248517,Dänenstraße / BOKU,23,347790
2026-01-23T05:08:58.248517,Dänenstraße / BOKU,23,347759
2026-01-23T05:08:58.248517,Dänenstraße / BOKU,23,348022
2026-01-23T05:08:58.248517,Dänenstraße / BOKU,23,348690
2026-01-23T05:08:58.248517,Dänenstraße / BOKU,23,348681
2026-01-23T05:08:58.248517,Schloss Schönbrunn,32,345320
2026-01-23T05:08:58.248517,Schloss Schönbrunn,32,345177
2026-01-23T05:08:58.248517,Schloss Schönbrunn,32,345141
2026-01-23T05:08:58.248517,Schloss Schönbrunn,32,345123
2026-01-23T05:08:58.248517,Schloss Schönbrunn,32,345115
2026-01-23T05:08:58.248517,Schloss Schönbrunn,32,345057
2026-01-23T05:08:58.248517,Schloss Schönbrunn,32,345015
2026-01-23T05:08:58.248517,Schloss Schönbrunn,32,345969
2026-01-23T05:08:58.248517,Schloss Schönbrunn,32,345879
2026-01-23T05:08:58.248517,Schloss Schönbrunn,32,345598
2026-01-23T05:08:58.248517,Schloss Schönbrunn,32,346485
2026-01-23T05:08:58.248517,Schloss Schönbrunn,32,346313
2026-01-23T05:08:58.248517,Schloss Schönbrunn,32,346123
2026-01-23T05:08:58.248517,Schloss Schönbrunn,32,346010
2026-01-23T05:08:58.248517,Schloss Schönbrunn,32,346951
2026-01-23T05:08:58.248517,Schloss Schönbrunn,32,346835
2026-01-23T05:08:58.248517,Schloss Schönbrunn,32,347474
2026-01-23T05:08:58.248517,Schloss Schönbrunn,32,347377
2026-01-23T05:08:58.248517,Schloss Schönbrunn,32,347312
2026-01-23T05:08:58.248517,Schloss Schönbrunn,32,347937
2026-01-23T05:08:58.248517,Schloss Schönbrunn,32,347873
2026-01-23T05:08:58.248517,Schloss Schönbrunn,32,347515
2026-01-23T05:08:58.248517,Schloss Schönbrunn,32,348462
2026-01-23T05:08:58.248517,Schloss Schönbrunn,32,348402
2026-01-23T05:08:58.248517,Schloss Schönbrunn,32,348349
2026-01-23T05:08:58.248517,Schloss Schönbrunn,32,348077
2026-01-23T05:08:58.248517,Schloss Schönbrunn,32,348003
2026-01-23T05:08:58.248517,Schloss Schönbrunn,32,398753
2026-01-23T05:08:58.248517,Schloss Schönbrunn,32,398752
2026-01-23T05:08:58.248517,Schloss Schönbrunn,32,398748
2026-01-23T05:08:58.248517,Schloss Schönbrunn,32,349065
2026-01-23T05:08:58.248517,Schloss Schönbrunn,32,348839
2026-01-23T05:08:58.248517,Eslarngasse / Juchgasse,6,345975
2026-01-23T05:08:58.248517,Eslarngasse / Juchgasse,6,345550
2026-01-23T05:08:58.248517,Eslarngasse / Juchgasse,6,346948
2026-01-23T05:08:58.248517,Eslarngasse / Juchgasse,6,346668
2026-01-23T05:08:58.248517,Eslarngasse / Juchgasse,6,347413
2026-01-23T05:08:58.248517,Eslarngasse / Juchgasse,6,347181
2026-01-23T05:08:58.248517,Plößlgasse / Belvedere,19,345330
2026-01-23T05:08:58.248517,Plößlgasse / Belvedere,19,345293
2026-01-23T05:08:58.248517,Plößlgasse / Belvedere,19,345126
2026-01-23T05:08:58.248517,Plößlgasse / Belvedere,19,345054
2026-01-23T05:08:58.248517,Plößlgasse / Belvedere,19,345980
2026-01-23T05:08:58.248517,Plößlgasse / Belvedere,19,345846
2026-01-23T05:08:58.248517,Plößlgasse / Belvedere,19,346109
2026-01-23T05:08:58.248517,Plößlgasse / Belvedere,19,346781
2026-01-23T05:08:58.248517,Plößlgasse / Belvedere,19,346755
2026-01-23T05:08:58.248517,Plößlgasse / Belvedere,19,347260
2026-01-23T05:08:58.248517,Plößlgasse / Belvedere,19,347177
2026-01-23T05:08:58.248517,Plößlgasse / Belvedere,19,347047
2026-01-23T05:08:58.248517,Plößlgasse / Belvedere,19,347826
2026-01-23T05:08:58.248517,Plößlgasse / Belvedere,19,348644
2026-01-23T05:08:58.248517,Plößlgasse / Belvedere,19,349111
2026-01-23T05:08:58.248517,Plößlgasse / Belvedere,19,349066
2026-01-23T05:08:58.248517,Plößlgasse / Belvedere,19,349061
2026-01-23T05:08:58.248517,Plößlgasse / Belvedere,19,348933
2026-01-23T05:08:58.248517,Plößlgasse / Belvedere,19,348880
2026-01-23T05:08:58.248517,Sankt-Elisabeth-Platz,2,345974
2026-01-23T05:08:58.248517,Sankt-Elisabeth-Platz,2,345972
2026-01-23T05:08:58.248517,Laudongasse / Schönbornpark,12,345738
2026-01-23T05:08:58.248517,Laudongasse / Schönbornpark,12,345688
2026-01-23T05:08:58.248517,Laudongasse / Schönbornpark,12,346393
2026-01-23T05:08:58.248517,Laudongasse / Schönbornpark,12,346203
2026-01-23T05:08:58.248517,Laudongasse / Schönbornpark,12,346190
2026-01-23T05:08:58.248517,Laudongasse / Schönbornpark,12,346687
2026-01-23T05:08:58.248517,Laudongasse / Schönbornpark,12,346576
2026-01-23T05:08:58.248517,Laudongasse / Schönbornpark,12,348279
2026-01-23T05:08:58.248517,Laudongasse / Schönbornpark,12,348099
2026-01-23T05:08:58.248517,Laudongasse / Schönbornpark,12,348035
2026-01-23T05:08:58.248517,Laudongasse / Schönbornpark,12,348661
2026-01-23T05:08:58.248517,Laudongasse / Schönbornpark,12,348565
2026-01-23T05:08:58.248517,Rossauer Lände U,9,345209
2026-01-23T05:08:58.248517,Rossauer Lände U,9,345125
2026-01-23T05:08:58.248517,Rossauer Lände U,9,346897
2026-01-23T05:08:58.248517,Rossauer Lände U,9,346692
2026-01-23T05:08:58.248517,Rossauer Lände U,9,346571
2026-01-23T05:08:58.248517,Rossauer Lände U,9,347929
2026-01-23T05:08:58.248517,Rossauer Lände U,9,347656
2026-01-23T05:08:58.248517,Rossauer Lände U,9,348461
2026-01-23T05:08:58.248517,Rossauer Lände U,9,348052
2026-01-23T05:08:58.248517,Lazarettgasse,4,346672
2026-01-23T05:08:58.248517,Lazarettgasse,4,348339
2026-01-23T05:08:58.248517,Lazarettgasse,4,348713
2026-01-23T05:08:58.248517,Lazarettgasse,4,349184
2026-01-23T05:08:58.248517,Edelsinnstraße,9,345908
2026-01-23T05:08:58.248517,Edelsinnstraße,9,345837
2026-01-23T05:08:58.248517,Edelsinnstraße,9,345818
2026-01-23T05:08:58.248517,Edelsinnstraße,9,346437
2026-01-23T05:08:58.248517,Edelsinnstraße,9,346843
2026-01-23T05:08:58.248517,Edelsinnstraße,9,347361
2026-01-23T05:08:58.248517,Edelsinnstraße,9,348709
2026-01-23T05:08:58.248517,Edelsinnstraße,9,349013
2026-01-23T05:08:58.248517,Edelsinnstraße,9,349148
2026-01-23T05:08:58.248517,Karlsplatz U / TU Wien,19,345142
2026-01-23T05:08:58.248517,Karlsplatz U / TU Wien,19,345731
2026-01-23T05:08:58.248517,Karlsplatz U / TU Wien,19,345506
2026-01-23T05:08:58.248517,Karlsplatz U / TU Wien,19,346281
2026-01-23T05:08:58.248517,Karlsplatz U / TU Wien,19,346881
2026-01-23T05:08:58.248517,Karlsplatz U / TU Wien,19,346848
2026-01-23T05:08:58.248517,Karlsplatz U / TU Wien,19,346735
2026-01-23T05:08:58.248517,Karlsplatz U / TU Wien,19,346665
2026-01-23T05:08:58.248517,Karlsplatz U / TU Wien,19,346634
2026-01-23T05:08:58.248517,Karlsplatz U / TU Wien,19,347491
2026-01-23T05:08:58.248517,Karlsplatz U / TU Wien,19,347458
2026-01-23T05:08:58.248517,Karlsplatz U / TU Wien,19,347293
2026-01-23T05:08:58.248517,Karlsplatz U / TU Wien,19,347102
2026-01-23T05:08:58.248517,Karlsplatz U / TU Wien,19,347017
2026-01-23T05:08:58.248517,Karlsplatz U / TU Wien,19,347572
2026-01-23T05:08:58.248517,Karlsplatz U / TU Wien,19,348342
2026-01-23T05:08:58.248517,Karlsplatz U / TU Wien,19,348673
2026-01-23T05:08:58.248517,Karlsplatz U / TU Wien,19,398820
2026-01-23T05:08:58.248517,Karlsplatz U / TU Wien,19,398872
2026-01-23T05:08:58.248517,Amerlingstraße,10,345470
2026-01-23T05:08:58.248517,Amerlingstraße,10,345465
2026-01-23T05:08:58.248517,Amerlingstraße,10,345364
2026-01-23T05:08:58.248517,Amerlingstraße,10,345891
2026-01-23T05:08:58.248517,Amerlingstraße,10,345758
2026-01-23T05:08:58.248517,Amerlingstraße,10,345627
2026-01-23T05:08:58.248517,Amerlingstraße,10,346089
2026-01-23T05:08:58.248517,Amerlingstraße,10,346931
2026-01-23T05:08:58.248517,Amerlingstraße,10,347370
2026-01-23T05:08:58.248517,Amerlingstraße,10,347002
2026-01-23T05:08:58.248517,Albertgasse,3,345419
2026-01-23T05:08:58.248517,Albertgasse,3,347655
2026-01-23T05:08:58.248517,Albertgasse,3,348355
2026-01-23T05:08:58.248517,Universitätsring,28,345467
2026-01-23T05:08:58.248517,Universitätsring,28,345267
2026-01-23T05:08:58.248517,Universitätsring,28,345195
2026-01-23T05:08:58.248517,Universitätsring,28,346403
2026-01-23T05:08:58.248517,Universitätsring,28,346318
2026-01-23T05:08:58.248517,Universitätsring,28,346310
2026-01-23T05:08:58.248517,Universitätsring,28,346061
2026-01-23T05:08:58.248517,Universitätsring,28,346039
2026-01-23T05:08:58.248517,Universitätsring,28,346016
2026-01-23T05:08:58.248517,Universitätsring,28,346011
2026-01-23T05:08:58.248517,Universitätsring,28,346973
2026-01-23T05:08:58.248517,Universitätsring,28,346942
2026-01-23T05:08:58.248517,Universitätsring,28,346895
2026-01-23T05:08:58.248517,Universitätsring,28,346710
2026-01-23T05:08:58.248517,Universitätsring,28,346697
2026-01-23T05:08:58.248517,Universitätsring,28,347330
2026-01-23T05:08:58.248517,Universitätsring,28,347264
2026-01-23T05:08:58.248517,Universitätsring,28,347845
2026-01-23T05:08:58.248517,Universitätsring,28,347582
2026-01-23T05:08:58.248517,Universitätsring,28,348495
2026-01-23T05:08:58.248517,Universitätsring,28,348439
2026-01-23T05:08:58.248517,Universitätsring,28,348240
2026-01-23T05:08:58.248517,Universitätsring,28,348214
2026-01-23T05:08:58.248517,Universitätsring,28,348047
2026-01-23T05:08:58.248517,Universitätsring,28,348017
2026-01-23T05:08:58.248517,Universitätsring,28,348630
2026-01-23T05:08:58.248517,Universitätsring,28,348592
2026-01-23T05:08:58.248517,Universitätsring,28,398837
2026-01-23T05:08:58.248517,Herrengasse U,26,345339
2026-01-23T05:08:58.248517,Herrengasse U,26,345295
2026-01-23T05:08:58.248517,Herrengasse U,26,345163
2026-01-23T05:08:58.248517,Herrengasse U,26,345008
2026-01-23T05:08:58.248517,Herrengasse U,26,345978
2026-01-23T05:08:58.248517,Herrengasse U,26,345638
2026-01-23T05:08:58.248517,Herrengasse U,26,345518
2026-01-23T05:08:58.248517,Herrengasse U,26,346434
2026-01-23T05:08:58.248517,Herrengasse U,26,346250
2026-01-23T05:08:58.248517,Herrengasse U,26,346137
2026-01-23T05:08:58.248517,Herrengasse U,26,346936
2026-01-23T05:08:58.248517,Herrengasse U,26,347267
2026-01-23T05:08:58.248517,Herrengasse U,26,347239
2026-01-23T05:08:58.248517,Herrengasse U,26,347111
2026-01-23T05:08:58.248517,Herrengasse U,26,347031
2026-01-23T05:08:58.248517,Herrengasse U,26,347832
2026-01-23T05:08:58.248517,Herrengasse U,26,347667
2026-01-23T05:08:58.248517,Herrengasse U,26,348476
2026-01-23T05:08:58.248517,Herrengasse U,26,348419
2026-01-23T05:08:58.248517,Herrengasse U,26,348071
2026-01-23T05:08:58.248517,Herrengasse U,26,348033
2026-01-23T05:08:58.248517,Herrengasse U,26,348618
2026-01-23T05:08:58.248517,Herrengasse U,26,348547
2026-01-23T05:08:58.248517,Herrengasse U,26,349007
2026-01-23T05:08:58.248517,Herrengasse U,26,348832
2026-01-23T05:08:58.248517,Herrengasse U,26,348831
2026-01-23T05:08:58.248517,Sensengasse,17,345239
2026-01-23T05:08:58.248517,Sensengasse,17,345770
2026-01-23T05:08:58.248517,Sensengasse,17,346442
2026-01-23T05:08:58.248517,Sensengasse,17,346389
2026-01-23T05:08:58.248517,Sensengasse,17,346263
2026-01-23T05:08:58.248517,Sensengasse,17,346876
2026-01-23T05:08:58.248517,Sensengasse,17,346800
2026-01-23T05:08:58.248517,Sensengasse,17,346682
2026-01-23T05:08:58.248517,Sensengasse,17,346674
2026-01-23T05:08:58.248517,Sensengasse,17,347459
2026-01-23T05:08:58.248517,Sensengasse,17,347427
2026-01-23T05:08:58.248517,Sensengasse,17,347369
2026-01-23T05:08:58.248517,Sensengasse,17,347783
2026-01-23T05:08:58.248517,Sensengasse,17,348377
2026-01-23T05:08:58.248517,Sensengasse,17,348675
2026-01-23T05:08:58.248517,Sensengasse,17,348632
2026-01-23T05:08:58.248517,Sensengasse,17,348562
2026-01-23T05:08:58.248517,Belgradplatz,8,345774
2026-01-23T05:08:58.248517,Belgradplatz,8,346683
2026-01-23T05:08:58.248517,Belgradplatz,8,346636
2026-01-23T05:08:58.248517,Belgradplatz,8,347308
2026-01-23T05:08:58.248517,Belgradplatz,8,348251
2026-01-23T05:08:58.248517,Belgradplatz,8,348658
2026-01-23T05:08:58.248517,Belgradplatz,8,348647
2026-01-23T05:08:58.248517,Belgradplatz,8,348532
2026-01-23T05:08:58.248517,Rathausplatz / Burgtheater,15,345416
2026-01-23T05:08:58.248517,Rathausplatz / Burgtheater,15,345156
2026-01-23T05:08:58.248517,Rathausplatz / Burgtheater,15,345090
2026-01-23T05:08:58.248517,Rathausplatz / Burgtheater,15,345932
2026-01-23T05:08:58.248517,Rathausplatz / Burgtheater,15,345601
2026-01-23T05:08:58.248517,Rathausplatz / Burgtheater,15,345552
2026-01-23T05:08:58.248517,Rathausplatz / Burgtheater,15,347707
2026-01-23T05:08:58.248517,Rathausplatz / Burgtheater,15,347586
2026-01-23T05:08:58.248517,Rathausplatz / Burgtheater,15,348180
2026-01-23T05:08:58.248517,Rathausplatz / Burgtheater,15,348139
2026-01-23T05:08:58.248517,Rathausplatz / Burgtheater,15,348098
2026-01-23T05:08:58.248517,Rathausplatz / Burgtheater,15,348083
2026-01-23T05:08:58.248517,Rathausplatz / Burgtheater,15,348046
2026-01-23T05:08:58.248517,Rathausplatz / Burgtheater,15,348599
2026-01-23T05:08:58.248517,Rathausplatz / Burgtheater,15,349122
2026-01-23T05:08:58.248517,Arbeitergasse - Gürtel,12,345720
2026-01-23T05:08:58.248517,Arbeitergasse - Gürtel,12,345717
2026-01-23T05:08:58.248517,Arbeitergasse - Gürtel,12,345533
2026-01-23T05:08:58.248517,Arbeitergasse - Gürtel,12,346470
2026-01-23T05:08:58.248517,Arbeitergasse - Gürtel,12,346070
2026-01-23T05:08:58.248517,Arbeitergasse - Gürtel,12,346870
2026-01-23T05:08:58.248517,Arbeitergasse - Gürtel,12,346826
2026-01-23T05:08:58.248517,Arbeitergasse - Gürtel,12,346760
2026-01-23T05:08:58.248517,Arbeitergasse - Gürtel,12,347742
2026-01-23T05:08:58.248517,Arbeitergasse - Gürtel,12,348497
2026-01-23T05:08:58.248517,Arbeitergasse - Gürtel,12,348291
2026-01-23T05:08:58.248517,Arbeitergasse - Gürtel,12,398798
2026-01-23T05:08:58.248517,Bauernfeldplatz / Palais Lichtenstein,19,345495
2026-01-23T05:08:58.248517,Bauernfeldplatz / Palais Lichtenstein,19,345128
2026-01-23T05:08:58.248517,Bauernfeldplatz / Palais Lichtenstein,19,345949
2026-01-23T05:08:58.248517,Bauernfeldplatz / Palais Lichtenstein,19,345831
2026-01-23T05:08:58.248517,Bauernfeldplatz / Palais Lichtenstein,19,345736
2026-01-23T05:08:58.248517,Bauernfeldplatz / Palais Lichtenstein,19,345529
2026-01-23T05:08:58.248517,Bauernfeldplatz / Palais Lichtenstein,19,346040
2026-01-23T05:08:58.248517,Bauernfeldplatz / Palais Lichtenstein,19,346864
2026-01-23T05:08:58.248517,Bauernfeldplatz / Palais Lichtenstein,19,346780
2026-01-23T05:08:58.248517,Bauernfeldplatz / Palais Lichtenstein,19,346597
2026-01-23T05:08:58.248517,Bauernfeldplatz / Palais Lichtenstein,19,347414
2026-01-23T05:08:58.248517,Bauernfeldplatz / Palais Lichtenstein,19,347343
2026-01-23T05:08:58.248517,Bauernfeldplatz / Palais Lichtenstein,19,347319
2026-01-23T05:08:58.248517,Bauernfeldplatz / Palais Lichtenstein,19,347316
2026-01-23T05:08:58.248517,Bauernfeldplatz / Palais Lichtenstein,19,347054
2026-01-23T05:08:58.248517,Bauernfeldplatz / Palais Lichtenstein,19,347890
2026-01-23T05:08:58.248517,Bauernfeldplatz / Palais Lichtenstein,19,347724
2026-01-23T05:08:58.248517,Bauernfeldplatz / Palais Lichtenstein,19,347594
2026-01-23T05:08:58.248517,Bauernfeldplatz / Palais Lichtenstein,19,347516
2026-01-23T05:08:58.248517,Johannesgasse / Stadtpark,14,345445
2026-01-23T05:08:58.248517,Johannesgasse / Stadtpark,14,345237
2026-01-23T05:08:58.248517,Johannesgasse / Stadtpark,14,346127
2026-01-23T05:08:58.248517,Johannesgasse / Stadtpark,14,346797
2026-01-23T05:08:58.248517,Johannesgasse / Stadtpark,14,346620
2026-01-23T05:08:58.248517,Johannesgasse / Stadtpark,14,347032
2026-01-23T05:08:58.248517,Johannesgasse / Stadtpark,14,347685
2026-01-23T05:08:58.248517,Johannesgasse / Stadtpark,14,348459
2026-01-23T05:08:58.248517,Johannesgasse / Stadtpark,14,348393
2026-01-23T05:08:58.248517,Johannesgasse / Stadtpark,14,348027
2026-01-23T05:08:58.248517,Johannesgasse / Stadtpark,14,398758
2026-01-23T05:08:58.248517,Johannesgasse / Stadtpark,14,348961
2026-01-23T05:08:58.248517,Johannesgasse / Stadtpark,14,348940
2026-01-23T05:08:58.248517,Johannesgasse / Stadtpark,14,349199
2026-01-23T05:08:58.248517,Bischof-Faber-Platz,3,347969
2026-01-23T05:08:58.248517,Bischof-Faber-Platz,3,347797
2026-01-23T05:08:58.248517,Bischof-Faber-Platz,3,348136
2026-01-23T05:08:58.248517,Am Schöpfwerk U,14,345031
2026-01-23T05:08:58.248517,Am Schöpfwerk U,14,345989
2026-01-23T05:08:58.248517,Am Schöpfwerk U,14,345970
2026-01-23T05:08:58.248517,Am Schöpfwerk U,14,345952
2026-01-23T05:08:58.248517,Am Schöpfwerk U,14,345939
2026-01-23T05:08:58.248517,Am Schöpfwerk U,14,345575
2026-01-23T05:08:58.248517,Am Schöpfwerk U,14,346353
2026-01-23T05:08:58.248517,Am Schöpfwerk U,14,346914
2026-01-23T05:08:58.248517,Am Schöpfwerk U,14,346527
2026-01-23T05:08:58.248517,Am Schöpfwerk U,14,347240
2026-01-23T05:08:58.248517,Am Schöpfwerk U,14,347096
2026-01-23T05:08:58.248517,Am Schöpfwerk U,14,347625
2026-01-23T05:08:58.248517,Am Schöpfwerk U,14,348269
2026-01-23T05:08:58.248517,Am Schöpfwerk U,14,398793
2026-01-23T05:08:58.248517,Alserbachstraße,20,345346
2026-01-23T05:08:58.248517,Alserbachstraße,20,345724
2026-01-23T05:08:58.248517,Alserbachstraße,20,346390
2026-01-23T05:08:58.248517,Alserbachstraße,20,346365
2026-01-23T05:08:58.248517,Alserbachstraße,20,346202
2026-01-23T05:08:58.248517,Alserbachstraße,20,346891
2026-01-23T05:08:58.248517,Alserbachstraße,20,347438
2026-01-23T05:08:58.248517,Alserbachstraße,20,347169
2026-01-23T05:08:58.248517,Alserbachstraße,20,347944
2026-01-23T05:08:58.248517,Alserbachstraße,20,347934
2026-01-23T05:08:58.248517,Alserbachstraße,20,347903
2026-01-23T05:08:58.248517,Alserbachstraße,20,347632
2026-01-23T05:08:58.248517,Alserbachstraße,20,347540
2026-01-23T05:08:58.248517,Alserbachstraße,20,348489
2026-01-23T05:08:58.248517,Alserbachstraße,20,348364
2026-01-23T05:08:58.248517,Alserbachstraße,20,348336
2026-01-23T05:08:58.248517,Alserbachstraße,20,348116
2026-01-23T05:08:58.248517,Alserbachstraße,20,348057
2026-01-23T05:08:58.248517,Alserbachstraße,20,398736
2026-01-23T05:08:58.248517,Alserbachstraße,20,398722
2026-01-23T05:08:58.248517,Petrusgasse,16,345106
2026-01-23T05:08:58.248517,Petrusgasse,16,345629
2026-01-23T05:08:58.248517,Petrusgasse,16,345535
2026-01-23T05:08:58.248517,Petrusgasse,16,346401
2026-01-23T05:08:58.248517,Petrusgasse,16,346240
2026-01-23T05:08:58.248517,Petrusgasse,16,346193
2026-01-23T05:08:58.248517,Petrusgasse,16,346176
2026-01-23T05:08:58.248517,Petrusgasse,16,346623
2026-01-23T05:08:58.248517,Petrusgasse,16,346599
2026-01-23T05:08:58.248517,Petrusgasse,16,347457
2026-01-23T05:08:58.248517,Petrusgasse,16,347144
2026-01-23T05:08:58.248517,Petrusgasse,16,347970
2026-01-23T05:08:58.248517,Petrusgasse,16,347928
2026-01-23T05:08:58.248517,Petrusgasse,16,347604
2026-01-23T05:08:58.248517,Petrusgasse,16,349005
2026-01-23T05:08:58.248517,Petrusgasse,16,348859
2026-01-23T05:08:58.248517,Wassergasse,29,345912
2026-01-23T05:08:58.248517,Wassergasse,29,345783
2026-01-23T05:08:58.248517,Wassergasse,29,345683
2026-01-23T05:08:58.248517,Wassergasse,29,345606
2026-01-23T05:08:58.248517,Wassergasse,29,345530
2026-01-23T05:08:58.248517,Wassergasse,29,346438
2026-01-23T05:08:58.248517,Wassergasse,29,346398
2026-01-23T05:08:58.248517,Wassergasse,29,346302
2026-01-23T05:08:58.248517,Wassergasse,29,346987
2026-01-23T05:08:58.248517,Wassergasse,29,346894
2026-01-23T05:08:58.248517,Wassergasse,29,346887
2026-01-23T05:08:58.248517,Wassergasse,29,346722
2026-01-23T05:08:58.248517,Wassergasse,29,346518
2026-01-23T05:08:58.248517,Wassergasse,29,346508
2026-01-23T05:08:58.248517,Wassergasse,29,347384
2026-01-23T05:08:58.248517,Wassergasse,29,347183
2026-01-23T05:08:58.248517,Wassergasse,29,347180
2026-01-23T05:08:58.248517,Wassergasse,29,347046
2026-01-23T05:08:58.248517,Wassergasse,29,347747
2026-01-23T05:08:58.248517,Wassergasse,29,347563
2026-01-23T05:08:58.248517,Wassergasse,29,347504
2026-01-23T05:08:58.248517,Wassergasse,29,348073
2026-01-23T05:08:58.248517,Wassergasse,29,348061
2026-01-23T05:08:58.248517,Wassergasse,29,348702
2026-01-23T05:08:58.248517,Wassergasse,29,348677
2026-01-23T05:08:58.248517,Wassergasse,29,398796
2026-01-23T05:08:58.248517,Wassergasse,29,398787
2026-01-23T05:08:58.248517,Wassergasse,29,349033
2026-01-23T05:08:58.248517,Wassergasse,29,349175
2026-01-23T05:08:58.248517,Löwengasse,13,345157
2026-01-23T05:08:58.248517,Löwengasse,13,346421
2026-01-23T05:08:58.248517,Löwengasse,13,346317
2026-01-23T05:08:58.248517,Löwengasse,13,346029
2026-01-23T05:08:58.248517,Löwengasse,13,346574
2026-01-23T05:08:58.248517,Löwengasse,13,346502
2026-01-23T05:08:58.248517,Löwengasse,13,347250
2026-01-23T05:08:58.248517,Löwengasse,13,347238
2026-01-23T05:08:58.248517,Löwengasse,13,347098
2026-01-23T05:08:58.248517,Löwengasse,13,347528
2026-01-23T05:08:58.248517,Löwengasse,13,348275
2026-01-23T05:08:58.248517,Löwengasse,13,348048
2026-01-23T05:08:58.248517,Löwengasse,13,348011
2026-01-23T05:08:58.248517,Kardinal-Nagl-Platz U,9,345845
2026-01-23T05:08:58.248517,Kardinal-Nagl-Platz U,9,345711
2026-01-23T05:08:58.248517,Kardinal-Nagl-Platz U,9,345590
2026-01-23T05:08:58.248517,Kardinal-Nagl-Platz U,9,345586
2026-01-23T05:08:58.248517,Kardinal-Nagl-Platz U,9,347407
2026-01-23T05:08:58.248517,Kardinal-Nagl-Platz U,9,347285
2026-01-23T05:08:58.248517,Kardinal-Nagl-Platz U,9,347088
2026-01-23T05:08:58.248517,Kardinal-Nagl-Platz U,9,348105
2026-01-23T05:08:58.248517,Kardinal-Nagl-Platz U,9,348830
2026-01-23T05:08:58.248517,Kärntner Ring,16,345297
2026-01-23T05:08:58.248517,Kärntner Ring,16,345851
2026-01-23T05:08:58.248517,Kärntner Ring,16,345803
2026-01-23T05:08:58.248517,Kärntner Ring,16,345672
2026-01-23T05:08:58.248517,Kärntner Ring,16,346138
2026-01-23T05:08:58.248517,Kärntner Ring,16,346867
2026-01-23T05:08:58.248517,Kärntner Ring,16,346675
2026-01-23T05:08:58.248517,Kärntner Ring,16,346667
2026-01-23T05:08:58.248517,Kärntner Ring,16,346647
2026-01-23T05:08:58.248517,Kärntner Ring,16,347464
2026-01-23T05:08:58.248517,Kärntner Ring,16,347396
2026-01-23T05:08:58.248517,Kärntner Ring,16,347089
2026-01-23T05:08:58.248517,Kärntner Ring,16,347947
2026-01-23T05:08:58.248517,Kärntner Ring,16,347913
2026-01-23T05:08:58.248517,Kärntner Ring,16,398861
2026-01-23T05:08:58.248517,Kärntner Ring,16,349119
2026-01-23T05:08:58.248517,Schottenring U,21,345251
2026-01-23T05:08:58.248517,Schottenring U,21,345977
2026-01-23T05:08:58.248517,Schottenring U,21,345948
2026-01-23T05:08:58.248517,Schottenring U,21,345869
2026-01-23T05:08:58.248517,Schottenring U,21,345546
2026-01-23T05:08:58.248517,Schottenring U,21,346277
2026-01-23T05:08:58.248517,Schottenring U,21,346226
2026-01-23T05:08:58.248517,Schottenring U,21,346000
2026-01-23T05:08:58.248517,Schottenring U,21,346604
2026-01-23T05:08:58.248517,Schottenring U,21,347483
2026-01-23T05:08:58.248517,Schottenring U,21,347244
2026-01-23T05:08:58.248517,Schottenring U,21,347638
2026-01-23T05:08:58.248517,Schottenring U,21,348362
2026-01-23T05:08:58.248517,Schottenring U,21,348348
2026-01-23T05:08:58.248517,Schottenring U,21,348245
2026-01-23T05:08:58.248517,Schottenring U,21,348210
2026-01-23T05:08:58.248517,Schottenring U,21,348158
2026-01-23T05:08:58.248517,Schottenring U,21,348130
2026-01-23T05:08:58.248517,Schottenring U,21,348701
2026-01-23T05:08:58.248517,Schottenring U,21,398853
2026-01-23T05:08:58.248517,Schottenring U,21,349034
2026-01-23T05:08:58.248517,Strozzigasse,21,345384
2026-01-23T05:08:58.248517,Strozzigasse,21,345319
2026-01-23T05:08:58.248517,Strozzigasse,21,345315
2026-01-23T05:08:58.248517,Strozzigasse,21,345118
2026-01-23T05:08:58.248517,Strozzigasse,21,345116
2026-01-23T05:08:58.248517,Strozzigasse,21,345734
2026-01-23T05:08:58.248517,Strozzigasse,21,345646
2026-01-23T05:08:58.248517,Strozzigasse,21,345522
2026-01-23T05:08:58.248517,Strozzigasse,21,346465
2026-01-23T05:08:58.248517,Strozzigasse,21,346811
2026-01-23T05:08:58.248517,Strozzigasse,21,346771
2026-01-23T05:08:58.248517,Strozzigasse,21,346734
2026-01-23T05:08:58.248517,Strozzigasse,21,347471
2026-01-23T05:08:58.248517,Strozzigasse,21,347189
2026-01-23T05:08:58.248517,Strozzigasse,21,347185
2026-01-23T05:08:58.248517,Strozzigasse,21,347502
2026-01-23T05:08:58.248517,Strozzigasse,21,348409
2026-01-23T05:08:58.248517,Strozzigasse,21,348383
2026-01-23T05:08:58.248517,Strozzigasse,21,348312
2026-01-23T05:08:58.248517,Strozzigasse,21,348274
2026-01-23T05:08:58.248517,Strozzigasse,21,348624
2026-01-23T05:08:58.248517,Yppengasse,34,345404
2026-01-23T05:08:58.248517,Yppengasse,34,345140
2026-01-23T05:08:58.248517,Yppengasse,34,345138
2026-01-23T05:08:58.248517,Yppengasse,34,345101
2026-01-23T05:08:58.248517,Yppengasse,34,345062
2026-01-23T05:08:58.248517,Yppengasse,34,345748
2026-01-23T05:08:58.248517,Yppengasse,34,345669
2026-01-23T05:08:58.248517,Yppengasse,34,345553
2026-01-23T05:08:58.248517,Yppengasse,34,346404
2026-01-23T05:08:58.248517,Yppengasse,34,346399
2026-01-23T05:08:58.248517,Yppengasse,34,346291
2026-01-23T05:08:58.248517,Yppengasse,34,346235
2026-01-23T05:08:58.248517,Yppengasse,34,346200
2026-01-23T05:08:58.248517,Yppengasse,34,346191
2026-01-23T05:08:58.248517,Yppengasse,34,346183
2026-01-23T05:08:58.248517,Yppengasse,34,346602
2026-01-23T05:08:58.248517,Yppengasse,34,347490
2026-01-23T05:08:58.248517,Yppengasse,34,347489
2026-01-23T05:08:58.248517,Yppengasse,34,347303
2026-01-23T05:08:58.248517,Yppengasse,34,347236
2026-01-23T05:08:58.248517,Yppengasse,34,347229
2026-01-23T05:08:58.248517,Yppengasse,34,347129
2026-01-23T05:08:58.248517,Yppengasse,34,347980
2026-01-23T05:08:58.248517,Yppengasse,34,347960
2026-01-23T05:08:58.248517,Yppengasse,34,347706
2026-01-23T05:08:58.248517,Yppengasse,34,347681
2026-01-23T05:08:58.248517,Yppengasse,34,347646
2026-01-23T05:08:58.248517,Yppengasse,34,347603
2026-01-23T05:08:58.248517,Yppengasse,34,347544
2026-01-23T05:08:58.248517,Yppengasse,34,348454
2026-01-23T05:08:58.248517,Yppengasse,34,348415
2026-01-23T05:08:58.248517,Yppengasse,34,348300
2026-01-23T05:08:58.248517,Yppengasse,34,348616
2026-01-23T05:08:58.248517,Yppengasse,34,398749
2026-01-23T05:08:58.248517,Stefan-Fadinger-Platz,15,345210
2026-01-23T05:08:58.248517,Stefan-Fadinger-Platz,15,345185
2026-01-23T05:08:58.248517,Stefan-Fadinger-Platz,15,345102
2026-01-23T05:08:58.248517,Stefan-Fadinger-Platz,15,345616
2026-01-23T05:08:58.248517,Stefan-Fadinger-Platz,15,346477
2026-01-23T05:08:58.248517,Stefan-Fadinger-Platz,15,346415
2026-01-23T05:08:58.248517,Stefan-Fadinger-Platz,15,346905
2026-01-23T05:08:58.248517,Stefan-Fadinger-Platz,15,346877
2026-01-23T05:08:58.248517,Stefan-Fadinger-Platz,15,346609
2026-01-23T05:08:58.248517,Stefan-Fadinger-Platz,15,347329
2026-01-23T05:08:58.248517,Stefan-Fadinger-Platz,15,347164
2026-01-23T05:08:58.248517,Stefan-Fadinger-Platz,15,347780
2026-01-23T05:08:58.248517,Stefan-Fadinger-Platz,15,347595
2026-01-23T05:08:58.248517,Stefan-Fadinger-Platz,15,348470
2026-01-23T05:08:58.248517,Stefan-Fadinger-Platz,15,348524
2026-01-23T05:08:58.248517,Brünnlbadgasse,7,345286
2026-01-23T05:08:58.248517,Brünnlbadgasse,7,345796
2026-01-23T05:08:58.248517,Brünnlbadgasse,7,345744
2026-01-23T05:08:58.248517,Brünnlbadgasse,7,347039
2026-01-23T05:08:58.248517,Brünnlbadgasse,7,347580
2026-01-23T05:08:58.248517,Brünnlbadgasse,7,398726
2026-01-23T05:08:58.248517,Brünnlbadgasse,7,348877
2026-01-23T05:08:58.248517,Obere Augartenstraße,18,345298
2026-01-23T05:08:58.248517,Obere Augartenstraße,18,345136
2026-01-23T05:08:58.248517,Obere Augartenstraße,18,345030
2026-01-23T05:08:58.248517,Obere Augartenstraße,18,345929
2026-01-23T05:08:58.248517,Obere Augartenstraße,18,345914
2026-01-23T05:08:58.248517,Obere Augartenstraße,18,345819
2026-01-23T05:08:58.248517,Obere Augartenstraße,18,345631
2026-01-23T05:08:58.248517,Obere Augartenstraße,18,346445
2026-01-23T05:08:58.248517,Obere Augartenstraße,18,346405
2026-01-23T05:08:58.248517,Obere Augartenstraße,18,346198
2026-01-23T05:08:58.248517,Obere Augartenstraße,18,347289
2026-01-23T05:08:58.248517,Obere Augartenstraße,18,347231
2026-01-23T05:08:58.248517,Obere Augartenstraße,18,347993
2026-01-23T05:08:58.248517,Obere Augartenstraße,18,347880
2026-01-23T05:08:58.248517,Obere Augartenstraße,18,347808
2026-01-23T05:08:58.248517,Obere Augartenstraße,18,348418
2026-01-23T05:08:58.248517,Obere Augartenstraße,18,348608
2026-01-23T05:08:58.248517,Obere Augartenstraße,18,348995
2026-01-23T05:08:58.248517,Gußhausstraße / Argentinierstraße,8,345988
2026-01-23T05:08:58.248517,Gußhausstraße / Argentinierstraße,8,346713
2026-01-23T05:08:58.248517,Gußhausstraße / Argentinierstraße,8,347957
2026-01-23T05:08:58.248517,Gußhausstraße / Argentinierstraße,8,348553
2026-01-23T05:08:58.248517,Gußhausstraße / Argentinierstraße,8,398843
2026-01-23T05:08:58.248517,Gußhausstraße / Argentinierstraße,8,348982
2026-01-23T05:08:58.248517,Gußhausstraße / Argentinierstraße,8,348957
2026-01-23T05:08:58.248517,Gußhausstraße / Argentinierstraße,8,349164
2026-01-23T05:08:58.248517,Marschallplatz,9,345212
2026-01-23T05:08:58.248517,Marschallplatz,9,345981
2026-01-23T05:08:58.248517,Marschallplatz,9,345561
2026-01-23T05:08:58.248517,Marschallplatz,9,345542
2026-01-23T05:08:58.248517,Marschallplatz,9,346221
2026-01-23T05:08:58.248517,Marschallplatz,9,347466
2026-01-23T05:08:58.248517,Marschallplatz,9,348626
2026-01-23T05:08:58.248517,Marschallplatz,9,348583
2026-01-23T05:08:58.248517,Marschallplatz,9,348823
2026-01-23T05:08:58.248517,Ober St. Veit U,11,345418
2026-01-23T05:08:58.248517,Ober St. Veit U,11,345866
2026-01-23T05:08:58.248517,Ober St. Veit U,11,347290
2026-01-23T05:08:58.248517,Ober St. Veit U,11,347133
2026-01-23T05:08:58.248517,Ober St. Veit U,11,347114
2026-01-23T05:08:58.248517,Ober St. Veit U,11,347104
2026-01-23T05:08:58.248517,Ober St. Veit U,11,347853
2026-01-23T05:08:58.248517,Ober St. Veit U,11,347814
2026-01-23T05:08:58.248517,Ober St. Veit U,11,347687
2026-01-23T05:08:58.248517,Ober St. Veit U,11,347617
2026-01-23T05:08:58.248517,Ober St. Veit U,11,348448
2026-01-23T05:08:58.248517,Auf der Schmelz,21,345489
2026-01-23T05:08:58.248517,Auf der Schmelz,21,345432
2026-01-23T05:08:58.248517,Auf der Schmelz,21,345240
2026-01-23T05:08:58.248517,Auf der Schmelz,21,345107
2026-01-23T05:08:58.248517,Auf der Schmelz,21,345099
2026-01-23T05:08:58.248517,Auf der Schmelz,21,345921
2026-01-23T05:08:58.248517,Auf der Schmelz,21,345762
2026-01-23T05:08:58.248517,Auf der Schmelz,21,345619
2026-01-23T05:08:58.248517,Auf der Schmelz,21,346387
2026-01-23T05:08:58.248517,Auf der Schmelz,21,346929
2026-01-23T05:08:58.248517,Auf der Schmelz,21,346723
2026-01-23T05:08:58.248517,Auf der Schmelz,21,347468
2026-01-23T05:08:58.248517,Auf der Schmelz,21,347467
2026-01-23T05:08:58.248517,Auf der Schmelz,21,347447
2026-01-23T05:08:58.248517,Auf der Schmelz,21,347275
2026-01-23T05:08:58.248517,Auf der Schmelz,21,347057
2026-01-23T05:08:58.248517,Auf der Schmelz,21,347812
2026-01-23T05:08:58.248517,Auf der Schmelz,21,348422
2026-01-23T05:08:58.248517,Auf der Schmelz,21,348363
2026-01-23T05:08:58.248517,Auf der Schmelz,21,348264
2026-01-23T05:08:58.248517,Auf der Schmelz,21,349193
2026-01-23T05:08:58.248517,Grimmgasse,13,345496
2026-01-23T05:08:58.248517,Grimmgasse,13,345805
2026-01-23T05:08:58.248517,Grimmgasse,13,345776
2026-01-23T05:08:58.248517,Grimmgasse,13,346175
2026-01-23T05:08:58.248517,Grimmgasse,13,346012
2026-01-23T05:08:58.248517,Grimmgasse,13,346998
2026-01-23T05:08:58.248517,Grimmgasse,13,346900
2026-01-23T05:08:58.248517,Grimmgasse,13,347374
2026-01-23T05:08:58.248517,Grimmgasse,13,347298
2026-01-23T05:08:58.248517,Grimmgasse,13,347954
2026-01-23T05:08:58.248517,Grimmgasse,13,348388
2026-01-23T05:08:58.248517,Grimmgasse,13,348544
2026-01-23T05:08:58.248517,Grimmgasse,13,398867
2026-01-23T05:08:58.248517,Parhamerplatz,33,345357
2026-01-23T05:08:58.248517,Parhamerplatz,33,345348
2026-01-23T05:08:58.248517,Parhamerplatz,33,345269
2026-01-23T05:08:58.248517,Parhamerplatz,33,345214
2026-01-23T05:08:58.248517,Parhamerplatz,33,345095
2026-01-23T05:08:58.248517,Parhamerplatz,33,345084
2026-01-23T05:08:58.248517,Parhamerplatz,33,345074
2026-01-23T05:08:58.248517,Parhamerplatz,33,345052
2026-01-23T05:08:58.248517,Parhamerplatz,33,345976
2026-01-23T05:08:58.248517,Parhamerplatz,33,345881
2026-01-23T05:08:58.248517,Parhamerplatz,33,345849
2026-01-23T05:08:58.248517,Parhamerplatz,33,345807
2026-01-23T05:08:58.248517,Parhamerplatz,33,345768
2026-01-23T05:08:58.248517,Parhamerplatz,33,345687
2026-01-23T05:08:58.248517,Parhamerplatz,33,346475
2026-01-23T05:08:58.248517,Parhamerplatz,33,346210
2026-01-23T05:08:58.248517,Parhamerplatz,33,346105
2026-01-23T05:08:58.248517,Parhamerplatz,33,346994
2026-01-23T05:08:58.248517,Parhamerplatz,33,346957
2026-01-23T05:08:58.248517,Parhamerplatz,33,346861
2026-01-23T05:08:58.248517,Parhamerplatz,33,346778
2026-01-23T05:08:58.248517,Parhamerplatz,33,346569
2026-01-23T05:08:58.248517,Parhamerplatz,33,347906
2026-01-23T05:08:58.248517,Parhamerplatz,33,347884
2026-01-23T05:08:58.248517,Parhamerplatz,33,347863
2026-01-23T05:08:58.248517,Parhamerplatz,33,347791
2026-01-23T05:08:58.248517,Parhamerplatz,33,347786
2026-01-23T05:08:58.248517,Parhamerplatz,33,347650
2026-01-23T05:08:58.248517,Parhamerplatz,33,348379
2026-01-23T05:08:58.248517,Parhamerplatz,33,348289
2026-01-23T05:08:58.248517,Parhamerplatz,33,348255
2026-01-23T05:08:58.248517,Parhamerplatz,33,348588
2026-01-23T05:08:58.248517,Parhamerplatz,33,398730
2026-01-23T05:08:58.248517,Kendlerstraße U,15,345081
2026-01-23T05:08:58.248517,Kendlerstraße U,15,345959
2026-01-23T05:08:58.248517,Kendlerstraße U,15,345694
2026-01-23T05:08:58.248517,Kendlerstraße U,15,345622
2026-01-23T05:08:58.248517,Kendlerstraße U,15,345531
2026-01-23T05:08:58.248517,Kendlerstraße U,15,346641
2026-01-23T05:08:58.248517,Kendlerstraße U,15,347024
2026-01-23T05:08:58.248517,Kendlerstraße U,15,347858
2026-01-23T05:08:58.248517,Kendlerstraße U,15,348375
2026-01-23T05:08:58.248517,Kendlerstraße U,15,348311
2026-01-23T05:08:58.248517,Kendlerstraße U,15,348261
2026-01-23T05:08:58.248517,Kendlerstraße U,15,348187
2026-01-23T05:08:58.248517,Kendlerstraße U,15,398825
2026-01-23T05:08:58.248517,Kendlerstraße U,15,348972
2026-01-23T05:08:58.248517,Kendlerstraße U,15,349116
2026-01-23T05:08:58.248517,Dornerplatz,31,345479
2026-01-23T05:08:58.248517,Dornerplatz,31,345434
2026-01-23T05:08:58.248517,Dornerplatz,31,345425
2026-01-23T05:08:58.248517,Dornerplatz,31,345335
2026-01-23T05:08:58.248517,Dornerplatz,31,345259
2026-01-23T05:08:58.248517,Dornerplatz,31,345246
2026-01-23T05:08:58.248517,Dornerplatz,31,345228
2026-01-23T05:08:58.248517,Dornerplatz,31,345675
2026-01-23T05:08:58.248517,Dornerplatz,31,345658
2026-01-23T05:08:58.248517,Dornerplatz,31,345584
2026-01-23T05:08:58.248517,Dornerplatz,31,346462
2026-01-23T05:08:58.248517,Dornerplatz,31,346344
2026-01-23T05:08:58.248517,Dornerplatz,31,346289
2026-01-23T05:08:58.248517,Dornerplatz,31,346044
2026-01-23T05:08:58.248517,Dornerplatz,31,346985
2026-01-23T05:08:58.248517,Dornerplatz,31,346738
2026-01-23T05:08:58.248517,Dornerplatz,31,346704
2026-01-23T05:08:58.248517,Dornerplatz,31,346626
2026-01-23T05:08:58.248517,Dornerplatz,31,346509
2026-01-23T05:08:58.248517,Dornerplatz,31,347342
2026-01-23T05:08:58.248517,Dornerplatz,31,347252
2026-01-23T05:08:58.248517,Dornerplatz,31,347224
2026-01-23T05:08:58.248517,Dornerplatz,31,347123
2026-01-23T05:08:58.248517,Dornerplatz,31,347778
2026-01-23T05:08:58.248517,Dornerplatz,31,347746
2026-01-23T05:08:58.248517,Dornerplatz,31,347600
2026-01-23T05:08:58.248517,Dornerplatz,31,348236
2026-01-23T05:08:58.248517,Dornerplatz,31,348107
2026-01-23T05:08:58.248517,Dornerplatz,31,348577
2026-01-23T05:08:58.248517,Dornerplatz,31,348888
2026-01-23T05:08:58.248517,Dornerplatz,31,349158
2026-01-23T05:08:58.248517,Hernals S,11,345589
2026-01-23T05:08:58.248517,Hernals S,11,346479
2026-01-23T05:08:58.248517,Hernals S,11,346319
2026-01-23T05:08:58.248517,Hernals S,11,346229
2026-01-23T05:08:58.248517,Hernals S,11,346129
2026-01-23T05:08:58.248517,Hernals S,11,347041
2026-01-23T05:08:58.248517,Hernals S,11,347020
2026-01-23T05:08:58.248517,Hernals S,11,347788
2026-01-23T05:08:58.248517,Hernals S,11,347772
2026-01-23T05:08:58.248517,Hernals S,11,348089
2026-01-23T05:08:58.248517,Hernals S,11,348015
2026-01-23T05:08:58.248517,Schmelzbrücke,16,345429
2026-01-23T05:08:58.248517,Schmelzbrücke,16,345235
2026-01-23T05:08:58.248517,Schmelzbrücke,16,345096
2026-01-23T05:08:58.248517,Schmelzbrücke,16,346425
2026-01-23T05:08:58.248517,Schmelzbrücke,16,346932
2026-01-23T05:08:58.248517,Schmelzbrücke,16,346517
2026-01-23T05:08:58.248517,Schmelzbrücke,16,347480
2026-01-23T05:08:58.248517,Schmelzbrücke,16,347299
2026-01-23T05:08:58.248517,Schmelzbrücke,16,347242
2026-01-23T05:08:58.248517,Schmelzbrücke,16,347155
2026-01-23T05:08:58.248517,Schmelzbrücke,16,347642
2026-01-23T05:08:58.248517,Schmelzbrücke,16,348425
2026-01-23T05:08:58.248517,Schmelzbrücke,16,348424
2026-01-23T05:08:58.248517,Schmelzbrücke,16,348405
2026-01-23T05:08:58.248517,Schmelzbrücke,16,348065
2026-01-23T05:08:58.248517,Schmelzbrücke,16,398801
2026-01-23T05:08:58.248517,Michelbeuern-AKH U,28,345497
2026-01-23T05:08:58.248517,Michelbeuern-AKH U,28,345962
2026-01-23T05:08:58.248517,Michelbeuern-AKH U,28,345918
2026-01-23T05:08:58.248517,Michelbeuern-AKH U,28,345911
2026-01-23T05:08:58.248517,Michelbeuern-AKH U,28,345609
2026-01-23T05:08:58.248517,Michelbeuern-AKH U,28,346324
2026-01-23T05:08:58.248517,Michelbeuern-AKH U,28,346204
2026-01-23T05:08:58.248517,Michelbeuern-AKH U,28,346192
2026-01-23T05:08:58.248517,Michelbeuern-AKH U,28,346088
2026-01-23T05:08:58.248517,Michelbeuern-AKH U,28,346050
2026-01-23T05:08:58.248517,Michelbeuern-AKH U,28,346720
2026-01-23T05:08:58.248517,Michelbeuern-AKH U,28,346514
2026-01-23T05:08:58.248517,Michelbeuern-AKH U,28,347347
2026-01-23T05:08:58.248517,Michelbeuern-AKH U,28,347751
2026-01-23T05:08:58.248517,Michelbeuern-AKH U,28,347545
2026-01-23T05:08:58.248517,Michelbeuern-AKH U,28,347535
2026-01-23T05:08:58.248517,Michelbeuern-AKH U,28,347522
2026-01-23T05:08:58.248517,Michelbeuern-AKH U,28,348498
2026-01-23T05:08:58.248517,Michelbeuern-AKH U,28,348327
2026-01-23T05:08:58.248517,Michelbeuern-AKH U,28,348309
2026-01-23T05:08:58.248517,Michelbeuern-AKH U,28,348166
2026-01-23T05:08:58.248517,Michelbeuern-AKH U,28,348122
2026-01-23T05:08:58.248517,Michelbeuern-AKH U,28,348018
2026-01-23T05:08:58.248517,Michelbeuern-AKH U,28,348688
2026-01-23T05:08:58.248517,Michelbeuern-AKH U,28,348684
2026-01-23T05:08:58.248517,Michelbeuern-AKH U,28,398717
2026-01-23T05:08:58.248517,Michelbeuern-AKH U,28,349000
2026-01-23T05:08:58.248517,Michelbeuern-AKH U,28,348988
2026-01-23T05:08:58.248517,Johann-Nepomuk-Vogl-Platz,19,345317
2026-01-23T05:08:58.248517,Johann-Nepomuk-Vogl-Platz,19,345139
2026-01-23T05:08:58.248517,Johann-Nepomuk-Vogl-Platz,19,346357
2026-01-23T05:08:58.248517,Johann-Nepomuk-Vogl-Platz,19,346343
2026-01-23T05:08:58.248517,Johann-Nepomuk-Vogl-Platz,19,346251
2026-01-23T05:08:58.248517,Johann-Nepomuk-Vogl-Platz,19,347803
2026-01-23T05:08:58.248517,Johann-Nepomuk-Vogl-Platz,19,347718
2026-01-23T05:08:58.248517,Johann-Nepomuk-Vogl-Platz,19,347686
2026-01-23T05:08:58.248517,Johann-Nepomuk-Vogl-Platz,19,348436
2026-01-23T05:08:58.248517,Johann-Nepomuk-Vogl-Platz,19,348191
2026-01-23T05:08:58.248517,Johann-Nepomuk-Vogl-Platz,19,348008
2026-01-23T05:08:58.248517,Johann-Nepomuk-Vogl-Platz,19,348587
2026-01-23T05:08:58.248517,Johann-Nepomuk-Vogl-Platz,19,398860
2026-01-23T05:08:58.248517,Johann-Nepomuk-Vogl-Platz,19,398727
2026-01-23T05:08:58.248517,Johann-Nepomuk-Vogl-Platz,19,349028
2026-01-23T05:08:58.248517,Johann-Nepomuk-Vogl-Platz,19,348939
2026-01-23T05:08:58.248517,Johann-Nepomuk-Vogl-Platz,19,348897
2026-01-23T05:08:58.248517,Johann-Nepomuk-Vogl-Platz,19,348835
2026-01-23T05:08:58.248517,Johann-Nepomuk-Vogl-Platz,19,348827
2026-01-23T05:08:58.248517,Mayerhofgasse,3,345328
2026-01-23T05:08:58.248517,Mayerhofgasse,3,346621
2026-01-23T05:08:58.248517,Mayerhofgasse,3,348643
2026-01-23T05:08:58.248517,Westbahnstraße / Schottenfeldgasse,3,345823
2026-01-23T05:08:58.248517,Westbahnstraße / Schottenfeldgasse,3,347367
2026-01-23T05:08:58.248517,Westbahnstraße / Schottenfeldgasse,3,349146
2026-01-23T05:08:58.248517,Vorgartenstraße U,18,345928
2026-01-23T05:08:58.248517,Vorgartenstraße U,18,345909
2026-01-23T05:08:58.248517,Vorgartenstraße U,18,345637
2026-01-23T05:08:58.248517,Vorgartenstraße U,18,345532
2026-01-23T05:08:58.248517,Vorgartenstraße U,18,346259
2026-01-23T05:08:58.248517,Vorgartenstraße U,18,346233
2026-01-23T05:08:58.248517,Vorgartenstraße U,18,346160
2026-01-23T05:08:58.248517,Vorgartenstraße U,18,346013
2026-01-23T05:08:58.248517,Vorgartenstraße U,18,346968
2026-01-23T05:08:58.248517,Vorgartenstraße U,18,346779
2026-01-23T05:08:58.248517,Vorgartenstraße U,18,347443
2026-01-23T05:08:58.248517,Vorgartenstraße U,18,347073
2026-01-23T05:08:58.248517,Vorgartenstraße U,18,347752
2026-01-23T05:08:58.248517,Vorgartenstraße U,18,347613
2026-01-23T05:08:58.248517,Vorgartenstraße U,18,347511
2026-01-23T05:08:58.248517,Vorgartenstraße U,18,347508
2026-01-23T05:08:58.248517,Vorgartenstraße U,18,348010
2026-01-23T05:08:58.248517,Vorgartenstraße U,18,348885
2026-01-23T05:08:58.248517,Krieau U,15,345192
2026-01-23T05:08:58.248517,Krieau U,15,345144
2026-01-23T05:08:58.248517,Krieau U,15,345038
2026-01-23T05:08:58.248517,Krieau U,15,345007
2026-01-23T05:08:58.248517,Krieau U,15,345906
2026-01-23T05:08:58.248517,Krieau U,15,346741
2026-01-23T05:08:58.248517,Krieau U,15,346596
2026-01-23T05:08:58.248517,Krieau U,15,346587
2026-01-23T05:08:58.248517,Krieau U,15,347107
2026-01-23T05:08:58.248517,Krieau U,15,347800
2026-01-23T05:08:58.248517,Krieau U,15,347566
2026-01-23T05:08:58.248517,Krieau U,15,348421
2026-01-23T05:08:58.248517,Krieau U,15,348076
2026-01-23T05:08:58.248517,Krieau U,15,348067
2026-01-23T05:08:58.248517,Krieau U,15,349141
2026-01-23T05:08:58.248517,Ottakring S U,31,345474
2026-01-23T05:08:58.248517,Ottakring S U,31,345412
2026-01-23T05:08:58.248517,Ottakring S U,31,345078
2026-01-23T05:08:58.248517,Ottakring S U,31,345060
2026-01-23T05:08:58.248517,Ottakring S U,31,345986
2026-01-23T05:08:58.248517,Ottakring S U,31,345857
2026-01-23T05:08:58.248517,Ottakring S U,31,345730
2026-01-23T05:08:58.248517,Ottakring S U,31,345707
2026-01-23T05:08:58.248517,Ottakring S U,31,345556
2026-01-23T05:08:58.248517,Ottakring S U,31,346414
2026-01-23T05:08:58.248517,Ottakring S U,31,346400
2026-01-23T05:08:58.248517,Ottakring S U,31,346977
2026-01-23T05:08:58.248517,Ottakring S U,31,346974
2026-01-23T05:08:58.248517,Ottakring S U,31,346913
2026-01-23T05:08:58.248517,Ottakring S U,31,346844
2026-01-23T05:08:58.248517,Ottakring S U,31,346823
2026-01-23T05:08:58.248517,Ottakring S U,31,346766
2026-01-23T05:08:58.248517,Ottakring S U,31,346737
2026-01-23T05:08:58.248517,Ottakring S U,31,346677
2026-01-23T05:08:58.248517,Ottakring S U,31,346614
2026-01-23T05:08:58.248517,Ottakring S U,31,347382
2026-01-23T05:08:58.248517,Ottakring S U,31,347325
2026-01-23T05:08:58.248517,Ottakring S U,31,347198
2026-01-23T05:08:58.248517,Ottakring S U,31,347115
2026-01-23T05:08:58.248517,Ottakring S U,31,347081
2026-01-23T05:08:58.248517,Ottakring S U,31,347691
2026-01-23T05:08:58.248517,Ottakring S U,31,347554
2026-01-23T05:08:58.248517,Ottakring S U,31,347520
2026-01-23T05:08:58.248517,Ottakring S U,31,348361
2026-01-23T05:08:58.248517,Ottakring S U,31,348149
2026-01-23T05:08:58.248517,Ottakring S U,31,398795
2026-01-23T05:08:58.248517,Hartmanngasse ,9,345066
2026-01-23T05:08:58.248517,Hartmanngasse ,9,345808
2026-01-23T05:08:58.248517,Hartmanngasse ,9,346093
2026-01-23T05:08:58.248517,Hartmanngasse ,9,347421
2026-01-23T05:08:58.248517,Hartmanngasse ,9,347064
2026-01-23T05:08:58.248517,Hartmanngasse ,9,347872
2026-01-23T05:08:58.248517,Hartmanngasse ,9,347729
2026-01-23T05:08:58.248517,Hartmanngasse ,9,348651
2026-01-23T05:08:58.248517,Hartmanngasse ,9,348546
2026-01-23T05:08:58.248517,Nestroyplatz U,8,345314
2026-01-23T05:08:58.248517,Nestroyplatz U,8,345249
2026-01-23T05:08:58.248517,Nestroyplatz U,8,346424
2026-01-23T05:08:58.248517,Nestroyplatz U,8,346219
2026-01-23T05:08:58.248517,Nestroyplatz U,8,346047
2026-01-23T05:08:58.248517,Nestroyplatz U,8,346906
2026-01-23T05:08:58.248517,Nestroyplatz U,8,346600
2026-01-23T05:08:58.248517,Nestroyplatz U,8,349127
2026-01-23T05:08:58.248517,Messe-Prater U,32,345771
2026-01-23T05:08:58.248517,Messe-Prater U,32,346430
2026-01-23T05:08:58.248517,Messe-Prater U,32,346248
2026-01-23T05:08:58.248517,Messe-Prater U,32,346197
2026-01-23T05:08:58.248517,Messe-Prater U,32,346136
2026-01-23T05:08:58.248517,Messe-Prater U,32,346001
2026-01-23T05:08:58.248517,Messe-Prater U,32,346792
2026-01-23T05:08:58.248517,Messe-Prater U,32,346671
2026-01-23T05:08:58.248517,Messe-Prater U,32,346642
2026-01-23T05:08:58.248517,Messe-Prater U,32,347314
2026-01-23T05:08:58.248517,Messe-Prater U,32,347287
2026-01-23T05:08:58.248517,Messe-Prater U,32,347151
2026-01-23T05:08:58.248517,Messe-Prater U,32,347147
2026-01-23T05:08:58.248517,Messe-Prater U,32,347136
2026-01-23T05:08:58.248517,Messe-Prater U,32,347922
2026-01-23T05:08:58.248517,Messe-Prater U,32,347796
2026-01-23T05:08:58.248517,Messe-Prater U,32,347709
2026-01-23T05:08:58.248517,Messe-Prater U,32,347601
2026-01-23T05:08:58.248517,Messe-Prater U,32,347512
2026-01-23T05:08:58.248517,Messe-Prater U,32,348429
2026-01-23T05:08:58.248517,Messe-Prater U,32,348428
2026-01-23T05:08:58.248517,Messe-Prater U,32,348208
2026-01-23T05:08:58.248517,Messe-Prater U,32,348128
2026-01-23T05:08:58.248517,Messe-Prater U,32,348648
2026-01-23T05:08:58.248517,Messe-Prater U,32,348585
2026-01-23T05:08:58.248517,Messe-Prater U,32,349019
2026-01-23T05:08:58.248517,Messe-Prater U,32,349009
2026-01-23T05:08:58.248517,Messe-Prater U,32,348978
2026-01-23T05:08:58.248517,Messe-Prater U,32,348959
2026-01-23T05:08:58.248517,Messe-Prater U,32,348956
2026-01-23T05:08:58.248517,Messe-Prater U,32,349181
2026-01-23T05:08:58.248517,Messe-Prater U,32,349176
2026-01-23T05:08:58.248517,Loquaiplatz,18,345499
2026-01-23T05:08:58.248517,Loquaiplatz,18,345835
2026-01-23T05:08:58.248517,Loquaiplatz,18,345733
2026-01-23T05:08:58.248517,Loquaiplatz,18,346418
2026-01-23T05:08:58.248517,Loquaiplatz,18,346322
2026-01-23T05:08:58.248517,Loquaiplatz,18,346145
2026-01-23T05:08:58.248517,Loquaiplatz,18,346143
2026-01-23T05:08:58.248517,Loquaiplatz,18,346069
2026-01-23T05:08:58.248517,Loquaiplatz,18,346744
2026-01-23T05:08:58.248517,Loquaiplatz,18,347362
2026-01-23T05:08:58.248517,Loquaiplatz,18,347128
2026-01-23T05:08:58.248517,Loquaiplatz,18,347953
2026-01-23T05:08:58.248517,Loquaiplatz,18,347748
2026-01-23T05:08:58.248517,Loquaiplatz,18,347662
2026-01-23T05:08:58.248517,Loquaiplatz,18,348350
2026-01-23T05:08:58.248517,Loquaiplatz,18,348665
2026-01-23T05:08:58.248517,Loquaiplatz,18,348539
2026-01-23T05:08:58.248517,Loquaiplatz,18,348536
2026-01-23T05:08:58.248517,Rosensteingasse,29,345472
2026-01-23T05:08:58.248517,Rosensteingasse,29,345292
2026-01-23T05:08:58.248517,Rosensteingasse,29,345993
2026-01-23T05:08:58.248517,Rosensteingasse,29,345979
2026-01-23T05:08:58.248517,Rosensteingasse,29,345955
2026-01-23T05:08:58.248517,Rosensteingasse,29,345848
2026-01-23T05:08:58.248517,Rosensteingasse,29,345788
2026-01-23T05:08:58.248517,Rosensteingasse,29,345775
2026-01-23T05:08:58.248517,Rosensteingasse,29,345668
2026-01-23T05:08:58.248517,Rosensteingasse,29,345663
2026-01-23T05:08:58.248517,Rosensteingasse,29,345545
2026-01-23T05:08:58.248517,Rosensteingasse,29,345517
2026-01-23T05:08:58.248517,Rosensteingasse,29,346444
2026-01-23T05:08:58.248517,Rosensteingasse,29,346139
2026-01-23T05:08:58.248517,Rosensteingasse,29,346133
2026-01-23T05:08:58.248517,Rosensteingasse,29,346066
2026-01-23T05:08:58.248517,Rosensteingasse,29,346943
2026-01-23T05:08:58.248517,Rosensteingasse,29,346531
2026-01-23T05:08:58.248517,Rosensteingasse,29,347476
2026-01-23T05:08:58.248517,Rosensteingasse,29,347941
2026-01-23T05:08:58.248517,Rosensteingasse,29,347689
2026-01-23T05:08:58.248517,Rosensteingasse,29,348391
2026-01-23T05:08:58.248517,Rosensteingasse,29,348370
2026-01-23T05:08:58.248517,Rosensteingasse,29,348369
2026-01-23T05:08:58.248517,Rosensteingasse,29,348317
2026-01-23T05:08:58.248517,Rosensteingasse,29,348215
2026-01-23T05:08:58.248517,Rosensteingasse,29,348628
2026-01-23T05:08:58.248517,Rosensteingasse,29,348557
2026-01-23T05:08:58.248517,Rosensteingasse,29,348858
2026-01-23T05:08:58.248517,Gumpendorfer Gürtel,15,345446
2026-01-23T05:08:58.248517,Gumpendorfer Gürtel,15,345371
2026-01-23T05:08:58.248517,Gumpendorfer Gürtel,15,345338
2026-01-23T05:08:58.248517,Gumpendorfer Gürtel,15,345737
2026-01-23T05:08:58.248517,Gumpendorfer Gürtel,15,345651
2026-01-23T05:08:58.248517,Gumpendorfer Gürtel,15,346117
2026-01-23T05:08:58.248517,Gumpendorfer Gürtel,15,346087
2026-01-23T05:08:58.248517,Gumpendorfer Gürtel,15,346959
2026-01-23T05:08:58.248517,Gumpendorfer Gürtel,15,347473
2026-01-23T05:08:58.248517,Gumpendorfer Gürtel,15,347184
2026-01-23T05:08:58.248517,Gumpendorfer Gürtel,15,347532
2026-01-23T05:08:58.248517,Gumpendorfer Gürtel,15,348458
2026-01-23T05:08:58.248517,Gumpendorfer Gürtel,15,348434
2026-01-23T05:08:58.248517,Gumpendorfer Gürtel,15,349020
2026-01-23T05:08:58.248517,Gumpendorfer Gürtel,15,348918
2026-01-23T05:08:58.248517,Burggasse-Stadthalle U,14,345197
2026-01-23T05:08:58.248517,Burggasse-Stadthalle U,14,345162
2026-01-23T05:08:58.248517,Burggasse-Stadthalle U,14,345146
2026-01-23T05:08:58.248517,Burggasse-Stadthalle U,14,345843
2026-01-23T05:08:58.248517,Burggasse-Stadthalle U,14,346468
2026-01-23T05:08:58.248517,Burggasse-Stadthalle U,14,346208
2026-01-23T05:08:58.248517,Burggasse-Stadthalle U,14,346055
2026-01-23T05:08:58.248517,Burggasse-Stadthalle U,14,346627
2026-01-23T05:08:58.248517,Burggasse-Stadthalle U,14,346613
2026-01-23T05:08:58.248517,Burggasse-Stadthalle U,14,347049
2026-01-23T05:08:58.248517,Burggasse-Stadthalle U,14,348334
2026-01-23T05:08:58.248517,Burggasse-Stadthalle U,14,348321
2026-01-23T05:08:58.248517,Burggasse-Stadthalle U,14,348292
2026-01-23T05:08:58.248517,Burggasse-Stadthalle U,14,349118
2026-01-23T05:08:58.248517,Urban-Loritz-Platz,22,345336
2026-01-23T05:08:58.248517,Urban-Loritz-Platz,22,345201
2026-01-23T05:08:58.248517,Urban-Loritz-Platz,22,345132
2026-01-23T05:08:58.248517,Urban-Loritz-Platz,22,345086
2026-01-23T05:08:58.248517,Urban-Loritz-Platz,22,345957
2026-01-23T05:08:58.248517,Urban-Loritz-Platz,22,345664
2026-01-23T05:08:58.248517,Urban-Loritz-Platz,22,346297
2026-01-23T05:08:58.248517,Urban-Loritz-Platz,22,346256
2026-01-23T05:08:58.248517,Urban-Loritz-Platz,22,346884
2026-01-23T05:08:58.248517,Urban-Loritz-Platz,22,346883
2026-01-23T05:08:58.248517,Urban-Loritz-Platz,22,346548
2026-01-23T05:08:58.248517,Urban-Loritz-Platz,22,346524
2026-01-23T05:08:58.248517,Urban-Loritz-Platz,22,347446
2026-01-23T05:08:58.248517,Urban-Loritz-Platz,22,347987
2026-01-23T05:08:58.248517,Urban-Loritz-Platz,22,347529
2026-01-23T05:08:58.248517,Urban-Loritz-Platz,22,348301
2026-01-23T05:08:58.248517,Urban-Loritz-Platz,22,348710
2026-01-23T05:08:58.248517,Urban-Loritz-Platz,22,348606
2026-01-23T05:08:58.248517,Urban-Loritz-Platz,22,348529
2026-01-23T05:08:58.248517,Urban-Loritz-Platz,22,348518
2026-01-23T05:08:58.248517,Urban-Loritz-Platz,22,349023
2026-01-23T05:08:58.248517,Urban-Loritz-Platz,22,398868
2026-01-23T05:08:58.248517,Hanusch Krankenhaus,17,345468
2026-01-23T05:08:58.248517,Hanusch Krankenhaus,17,345001
2026-01-23T05:08:58.248517,Hanusch Krankenhaus,17,345938
2026-01-23T05:08:58.248517,Hanusch Krankenhaus,17,345815
2026-01-23T05:08:58.248517,Hanusch Krankenhaus,17,345611
2026-01-23T05:08:58.248517,Hanusch Krankenhaus,17,346255
2026-01-23T05:08:58.248517,Hanusch Krankenhaus,17,346025
2026-01-23T05:08:58.248517,Hanusch Krankenhaus,17,346955
2026-01-23T05:08:58.248517,Hanusch Krankenhaus,17,346878
2026-01-23T05:08:58.248517,Hanusch Krankenhaus,17,347150
2026-01-23T05:08:58.248517,Hanusch Krankenhaus,17,347927
2026-01-23T05:08:58.248517,Hanusch Krankenhaus,17,347902
2026-01-23T05:08:58.248517,Hanusch Krankenhaus,17,348156
2026-01-23T05:08:58.248517,Hanusch Krankenhaus,17,348523
2026-01-23T05:08:58.248517,Hanusch Krankenhaus,17,398718
2026-01-23T05:08:58.248517,Hanusch Krankenhaus,17,349045
2026-01-23T05:08:58.248517,Hanusch Krankenhaus,17,349037
2026-01-23T05:08:58.248517,Westbahnhof S U / Gerstnerstraße,24,345329
2026-01-23T05:08:58.248517,Westbahnhof S U / Gerstnerstraße,24,345281
2026-01-23T05:08:58.248517,Westbahnhof S U / Gerstnerstraße,24,345256
2026-01-23T05:08:58.248517,Westbahnhof S U / Gerstnerstraße,24,345945
2026-01-23T05:08:58.248517,Westbahnhof S U / Gerstnerstraße,24,345910
2026-01-23T05:08:58.248517,Westbahnhof S U / Gerstnerstraße,24,345773
2026-01-23T05:08:58.248517,Westbahnhof S U / Gerstnerstraße,24,346471
2026-01-23T05:08:58.248517,Westbahnhof S U / Gerstnerstraße,24,346453
2026-01-23T05:08:58.248517,Westbahnhof S U / Gerstnerstraße,24,346417
2026-01-23T05:08:58.248517,Westbahnhof S U / Gerstnerstraße,24,346339
2026-01-23T05:08:58.248517,Westbahnhof S U / Gerstnerstraße,24,346122
2026-01-23T05:08:58.248517,Westbahnhof S U / Gerstnerstraße,24,346816
2026-01-23T05:08:58.248517,Westbahnhof S U / Gerstnerstraße,24,346739
2026-01-23T05:08:58.248517,Westbahnhof S U / Gerstnerstraße,24,346733
2026-01-23T05:08:58.248517,Westbahnhof S U / Gerstnerstraße,24,347364
2026-01-23T05:08:58.248517,Westbahnhof S U / Gerstnerstraße,24,347323
2026-01-23T05:08:58.248517,Westbahnhof S U / Gerstnerstraße,24,347916
2026-01-23T05:08:58.248517,Westbahnhof S U / Gerstnerstraße,24,347886
2026-01-23T05:08:58.248517,Westbahnhof S U / Gerstnerstraße,24,347533
2026-01-23T05:08:58.248517,Westbahnhof S U / Gerstnerstraße,24,348451
2026-01-23T05:08:58.248517,Westbahnhof S U / Gerstnerstraße,24,348205
2026-01-23T05:08:58.248517,Westbahnhof S U / Gerstnerstraße,24,348184
2026-01-23T05:08:58.248517,Westbahnhof S U / Gerstnerstraße,24,348058
2026-01-23T05:08:58.248517,Westbahnhof S U / Gerstnerstraße,24,348669
2026-01-23T05:08:58.248517,Wieningerplatz,34,345372
2026-01-23T05:08:58.248517,Wieningerplatz,34,345302
2026-01-23T05:08:58.248517,Wieningerplatz,34,345943
2026-01-23T05:08:58.248517,Wieningerplatz,34,345905
2026-01-23T05:08:58.248517,Wieningerplatz,34,345884
2026-01-23T05:08:58.248517,Wieningerplatz,34,345847
2026-01-23T05:08:58.248517,Wieningerplatz,34,345597
2026-01-23T05:08:58.248517,Wieningerplatz,34,346406
2026-01-23T05:08:58.248517,Wieningerplatz,34,346154
2026-01-23T05:08:58.248517,Wieningerplatz,34,346153
2026-01-23T05:08:58.248517,Wieningerplatz,34,346141
2026-01-23T05:08:58.248517,Wieningerplatz,34,346124
2026-01-23T05:08:58.248517,Wieningerplatz,34,346067
2026-01-23T05:08:58.248517,Wieningerplatz,34,346880
2026-01-23T05:08:58.248517,Wieningerplatz,34,346754
2026-01-23T05:08:58.248517,Wieningerplatz,34,346565
2026-01-23T05:08:58.248517,Wieningerplatz,34,347436
2026-01-23T05:08:58.248517,Wieningerplatz,34,347301
2026-01-23T05:08:58.248517,Wieningerplatz,34,347140
2026-01-23T05:08:58.248517,Wieningerplatz,34,347093
2026-01-23T05:08:58.248517,Wieningerplatz,34,347091
2026-01-23T05:08:58.248517,Wieningerplatz,34,347640
2026-01-23T05:08:58.248517,Wieningerplatz,34,347570
2026-01-23T05:08:58.248517,Wieningerplatz,34,347559
2026-01-23T05:08:58.248517,Wieningerplatz,34,348308
2026-01-23T05:08:58.248517,Wieningerplatz,34,348031
2026-01-23T05:08:58.248517,Wieningerplatz,34,348680
2026-01-23T05:08:58.248517,Wieningerplatz,34,348679
2026-01-23T05:08:58.248517,Wieningerplatz,34,348589
2026-01-23T05:08:58.248517,Wieningerplatz,34,348537
2026-01-23T05:08:58.248517,Wieningerplatz,34,348517
2026-01-23T05:08:58.248517,Wieningerplatz,34,398862
2026-01-23T05:08:58.248517,Wieningerplatz,34,398839
2026-01-23T05:08:58.248517,Wieningerplatz,34,349053
2026-01-23T05:08:58.248517,Markgraf-Rüdiger Straße,23,345475
2026-01-23T05:08:58.248517,Markgraf-Rüdiger Straße,23,345241
2026-01-23T05:08:58.248517,Markgraf-Rüdiger Straße,23,345971
2026-01-23T05:08:58.248517,Markgraf-Rüdiger Straße,23,345832
2026-01-23T05:08:58.248517,Markgraf-Rüdiger Straße,23,345699
2026-01-23T05:08:58.248517,Markgraf-Rüdiger Straße,23,345540
2026-01-23T05:08:58.248517,Markgraf-Rüdiger Straße,23,345511
2026-01-23T05:08:58.248517,Markgraf-Rüdiger Straße,23,346488
2026-01-23T05:08:58.248517,Markgraf-Rüdiger Straße,23,346282
2026-01-23T05:08:58.248517,Markgraf-Rüdiger Straße,23,346132
2026-01-23T05:08:58.248517,Markgraf-Rüdiger Straße,23,346028
2026-01-23T05:08:58.248517,Markgraf-Rüdiger Straße,23,346965
2026-01-23T05:08:58.248517,Markgraf-Rüdiger Straße,23,346940
2026-01-23T05:08:58.248517,Markgraf-Rüdiger Straße,23,346860
2026-01-23T05:08:58.248517,Markgraf-Rüdiger Straße,23,347368
2026-01-23T05:08:58.248517,Markgraf-Rüdiger Straße,23,347366
2026-01-23T05:08:58.248517,Markgraf-Rüdiger Straße,23,347352
2026-01-23T05:08:58.248517,Markgraf-Rüdiger Straße,23,347237
2026-01-23T05:08:58.248517,Markgraf-Rüdiger Straße,23,347141
2026-01-23T05:08:58.248517,Markgraf-Rüdiger Straße,23,347897
2026-01-23T05:08:58.248517,Markgraf-Rüdiger Straße,23,348435
2026-01-23T05:08:58.248517,Markgraf-Rüdiger Straße,23,348574
2026-01-23T05:08:58.248517,Markgraf-Rüdiger Straße,23,349084
2026-01-23T05:08:58.248517,Plunkergasse,29,345382
2026-01-23T05:08:58.248517,Plunkergasse,29,345351
2026-01-23T05:08:58.248517,Plunkergasse,29,345257
2026-01-23T05:08:58.248517,Plunkergasse,29,345131
2026-01-23T05:08:58.248517,Plunkergasse,29,345063
2026-01-23T05:08:58.248517,Plunkergasse,29,345887
2026-01-23T05:08:58.248517,Plunkergasse,29,345882
2026-01-23T05:08:58.248517,Plunkergasse,29,345772
2026-01-23T05:08:58.248517,Plunkergasse,29,345657
2026-01-23T05:08:58.248517,Plunkergasse,29,345559
2026-01-23T05:08:58.248517,Plunkergasse,29,345521
2026-01-23T05:08:58.248517,Plunkergasse,29,346451
2026-01-23T05:08:58.248517,Plunkergasse,29,346356
2026-01-23T05:08:58.248517,Plunkergasse,29,346051
2026-01-23T05:08:58.248517,Plunkergasse,29,346922
2026-01-23T05:08:58.248517,Plunkergasse,29,346770
2026-01-23T05:08:58.248517,Plunkergasse,29,347481
2026-01-23T05:08:58.248517,Plunkergasse,29,347326
2026-01-23T05:08:58.248517,Plunkergasse,29,347914
2026-01-23T05:08:58.248517,Plunkergasse,29,347904
2026-01-23T05:08:58.248517,Plunkergasse,29,347810
2026-01-23T05:08:58.248517,Plunkergasse,29,347779
2026-01-23T05:08:58.248517,Plunkergasse,29,347695
2026-01-23T05:08:58.248517,Plunkergasse,29,347607
2026-01-23T05:08:58.248517,Plunkergasse,29,347605
2026-01-23T05:08:58.248517,Plunkergasse,29,347531
2026-01-23T05:08:58.248517,Plunkergasse,29,348407
2026-01-23T05:08:58.248517,Plunkergasse,29,348351
2026-01-23T05:08:58.248517,Plunkergasse,29,348186
2026-01-23T05:08:58.248517,Selzergasse,36,345354
2026-01-23T05:08:58.248517,Selzergasse,36,345217
2026-01-23T05:08:58.248517,Selzergasse,36,345111
2026-01-23T05:08:58.248517,Selzergasse,36,345075
2026-01-23T05:08:58.248517,Selzergasse,36,345003
2026-01-23T05:08:58.248517,Selzergasse,36,345703
2026-01-23T05:08:58.248517,Selzergasse,36,345581
2026-01-23T05:08:58.248517,Selzergasse,36,346489
2026-01-23T05:08:58.248517,Selzergasse,36,346441
2026-01-23T05:08:58.248517,Selzergasse,36,346374
2026-01-23T05:08:58.248517,Selzergasse,36,346283
2026-01-23T05:08:58.248517,Selzergasse,36,346217
2026-01-23T05:08:58.248517,Selzergasse,36,346157
2026-01-23T05:08:58.248517,Selzergasse,36,346114
2026-01-23T05:08:58.248517,Selzergasse,36,346099
2026-01-23T05:08:58.248517,Selzergasse,36,346082
2026-01-23T05:08:58.248517,Selzergasse,36,346006
2026-01-23T05:08:58.248517,Selzergasse,36,346941
2026-01-23T05:08:58.248517,Selzergasse,36,346893
2026-01-23T05:08:58.248517,Selzergasse,36,346583
2026-01-23T05:08:58.248517,Selzergasse,36,347363
2026-01-23T05:08:58.248517,Selzergasse,36,347344
2026-01-23T05:08:58.248517,Selzergasse,36,347327
2026-01-23T05:08:58.248517,Selzergasse,36,347259
2026-01-23T05:08:58.248517,Selzergasse,36,347190
2026-01-23T05:08:58.248517,Selzergasse,36,347860
2026-01-23T05:08:58.248517,Selzergasse,36,347776
2026-01-23T05:08:58.248517,Selzergasse,36,347717
2026-01-23T05:08:58.248517,Selzergasse,36,348468
2026-01-23T05:08:58.248517,Selzergasse,36,348079
2026-01-23T05:08:58.248517,Selzergasse,36,348030
2026-01-23T05:08:58.248517,Selzergasse,36,348009
2026-01-23T05:08:58.248517,Selzergasse,36,348685
2026-01-23T05:08:58.248517,Selzergasse,36,348613
2026-01-23T05:08:58.248517,Selzergasse,36,349108
2026-01-23T05:08:58.248517,Selzergasse,36,348948
2026-01-23T05:08:58.248517,Westbahnhof S U / Felberstraße,29,345395
2026-01-23T05:08:58.248517,Westbahnhof S U / Felberstraße,29,345299
2026-01-23T05:08:58.248517,Westbahnhof S U / Felberstraße,29,345083
2026-01-23T05:08:58.248517,Westbahnhof S U / Felberstraße,29,345070
2026-01-23T05:08:58.248517,Westbahnhof S U / Felberstraße,29,345507
2026-01-23T05:08:58.248517,Westbahnhof S U / Felberstraße,29,346245
2026-01-23T05:08:58.248517,Westbahnhof S U / Felberstraße,29,346172
2026-01-23T05:08:58.248517,Westbahnhof S U / Felberstraße,29,346794
2026-01-23T05:08:58.248517,Westbahnhof S U / Felberstraße,29,346591
2026-01-23T05:08:58.248517,Westbahnhof S U / Felberstraße,29,346534
2026-01-23T05:08:58.248517,Westbahnhof S U / Felberstraße,29,346521
2026-01-23T05:08:58.248517,Westbahnhof S U / Felberstraße,29,347487
2026-01-23T05:08:58.248517,Westbahnhof S U / Felberstraße,29,347273
2026-01-23T05:08:58.248517,Westbahnhof S U / Felberstraße,29,347979
2026-01-23T05:08:58.248517,Westbahnhof S U / Felberstraße,29,347857
2026-01-23T05:08:58.248517,Westbahnhof S U / Felberstraße,29,347846
2026-01-23T05:08:58.248517,Westbahnhof S U / Felberstraße,29,347749
2026-01-23T05:08:58.248517,Westbahnhof S U / Felberstraße,29,347713
2026-01-23T05:08:58.248517,Westbahnhof S U / Felberstraße,29,347611
2026-01-23T05:08:58.248517,Westbahnhof S U / Felberstraße,29,347526
2026-01-23T05:08:58.248517,Westbahnhof S U / Felberstraße,29,348483
2026-01-23T05:08:58.248517,Westbahnhof S U / Felberstraße,29,348392
2026-01-23T05:08:58.248517,Westbahnhof S U / Felberstraße,29,348347
2026-01-23T05:08:58.248517,Westbahnhof S U / Felberstraße,29,348276
2026-01-23T05:08:58.248517,Westbahnhof S U / Felberstraße,29,348133
2026-01-23T05:08:58.248517,Westbahnhof S U / Felberstraße,29,348132
2026-01-23T05:08:58.248517,Westbahnhof S U / Felberstraße,29,348002
2026-01-23T05:08:58.248517,Westbahnhof S U / Felberstraße,29,348672
2026-01-23T05:08:58.248517,Westbahnhof S U / Felberstraße,29,398740
2026-01-23T05:08:58.248517,Kundratstraße,5,345287
2026-01-23T05:08:58.248517,Kundratstraße,5,345247
2026-01-23T05:08:58.248517,Kundratstraße,5,345951
2026-01-23T05:08:58.248517,Kundratstraße,5,346043
2026-01-23T05:08:58.248517,Kundratstraße,5,347014
2026-01-23T05:08:58.248517,Arthaberplatz,9,345441
2026-01-23T05:08:58.248517,Arthaberplatz,9,345820
2026-01-23T05:08:58.248517,Arthaberplatz,9,346334
2026-01-23T05:08:58.248517,Arthaberplatz,9,347498
2026-01-23T05:08:58.248517,Arthaberplatz,9,347218
2026-01-23T05:08:58.248517,Arthaberplatz,9,347931
2026-01-23T05:08:58.248517,Arthaberplatz,9,347893
2026-01-23T05:08:58.248517,Arthaberplatz,9,348290
2026-01-23T05:08:58.248517,Arthaberplatz,9,348906
2026-01-23T05:08:58.248517,Karmeliterplatz,20,345442
2026-01-23T05:08:58.248517,Karmeliterplatz,20,345344
2026-01-23T05:08:58.248517,Karmeliterplatz,20,345242
2026-01-23T05:08:58.248517,Karmeliterplatz,20,345947
2026-01-23T05:08:58.248517,Karmeliterplatz,20,345880
2026-01-23T05:08:58.248517,Karmeliterplatz,20,346395
2026-01-23T05:08:58.248517,Karmeliterplatz,20,346384
2026-01-23T05:08:58.248517,Karmeliterplatz,20,346652
2026-01-23T05:08:58.248517,Karmeliterplatz,20,347472
2026-01-23T05:08:58.248517,Karmeliterplatz,20,347403
2026-01-23T05:08:58.248517,Karmeliterplatz,20,347099
2026-01-23T05:08:58.248517,Karmeliterplatz,20,347926
2026-01-23T05:08:58.248517,Karmeliterplatz,20,348452
2026-01-23T05:08:58.248517,Karmeliterplatz,20,348179
2026-01-23T05:08:58.248517,Karmeliterplatz,20,348168
2026-01-23T05:08:58.248517,Karmeliterplatz,20,348525
2026-01-23T05:08:58.248517,Karmeliterplatz,20,348519
2026-01-23T05:08:58.248517,Karmeliterplatz,20,398851
2026-01-23T05:08:58.248517,Karmeliterplatz,20,398840
2026-01-23T05:08:58.248517,Karmeliterplatz,20,398763
2026-01-23T05:08:58.248517,Fröbelgasse,27,345377
2026-01-23T05:08:58.248517,Fröbelgasse,27,345222
2026-01-23T05:08:58.248517,Fröbelgasse,27,345204
2026-01-23T05:08:58.248517,Fröbelgasse,27,345077
2026-01-23T05:08:58.248517,Fröbelgasse,27,345068
2026-01-23T05:08:58.248517,Fröbelgasse,27,345897
2026-01-23T05:08:58.248517,Fröbelgasse,27,345789
2026-01-23T05:08:58.248517,Fröbelgasse,27,345729
2026-01-23T05:08:58.248517,Fröbelgasse,27,346422
2026-01-23T05:08:58.248517,Fröbelgasse,27,346849
2026-01-23T05:08:58.248517,Fröbelgasse,27,346706
2026-01-23T05:08:58.248517,Fröbelgasse,27,346586
2026-01-23T05:08:58.248517,Fröbelgasse,27,346554
2026-01-23T05:08:58.248517,Fröbelgasse,27,347412
2026-01-23T05:08:58.248517,Fröbelgasse,27,347196
2026-01-23T05:08:58.248517,Fröbelgasse,27,347989
2026-01-23T05:08:58.248517,Fröbelgasse,27,347951
2026-01-23T05:08:58.248517,Fröbelgasse,27,347900
2026-01-23T05:08:58.248517,Fröbelgasse,27,347859
2026-01-23T05:08:58.248517,Fröbelgasse,27,347730
2026-01-23T05:08:58.248517,Fröbelgasse,27,347557
2026-01-23T05:08:58.248517,Fröbelgasse,27,348496
2026-01-23T05:08:58.248517,Fröbelgasse,27,348398
2026-01-23T05:08:58.248517,Fröbelgasse,27,348032
2026-01-23T05:08:58.248517,Fröbelgasse,27,348581
2026-01-23T05:08:58.248517,Fröbelgasse,27,398845
2026-01-23T05:08:58.248517,Fröbelgasse,27,398788
2026-01-23T05:08:58.248517,Reumannplatz U,16,345452
2026-01-23T05:08:58.248517,Reumannplatz U,16,345992
2026-01-23T05:08:58.248517,Reumannplatz U,16,345871
2026-01-23T05:08:58.248517,Reumannplatz U,16,345811
2026-01-23T05:08:58.248517,Reumannplatz U,16,345797
2026-01-23T05:08:58.248517,Reumannplatz U,16,346875
2026-01-23T05:08:58.248517,Reumannplatz U,16,347425
2026-01-23T05:08:58.248517,Reumannplatz U,16,347827
2026-01-23T05:08:58.248517,Reumannplatz U,16,347727
2026-01-23T05:08:58.248517,Reumannplatz U,16,347634
2026-01-23T05:08:58.248517,Reumannplatz U,16,347576
2026-01-23T05:08:58.248517,Reumannplatz U,16,348196
2026-01-23T05:08:58.248517,Reumannplatz U,16,348081
2026-01-23T05:08:58.248517,Reumannplatz U,16,348533
2026-01-23T05:08:58.248517,Reumannplatz U,16,348965
2026-01-23T05:08:58.248517,Reumannplatz U,16,349130
2026-01-23T05:08:58.248517,Brestelgasse,19,345498
2026-01-23T05:08:58.248517,Brestelgasse,19,345424
2026-01-23T05:08:58.248517,Brestelgasse,19,345387
2026-01-23T05:08:58.248517,Brestelgasse,19,345171
2026-01-23T05:08:58.248517,Brestelgasse,19,345072
2026-01-23T05:08:58.248517,Brestelgasse,19,345956
2026-01-23T05:08:58.248517,Brestelgasse,19,345927
2026-01-23T05:08:58.248517,Brestelgasse,19,345745
2026-01-23T05:08:58.248517,Brestelgasse,19,346461
2026-01-23T05:08:58.248517,Brestelgasse,19,347235
2026-01-23T05:08:58.248517,Brestelgasse,19,347209
2026-01-23T05:08:58.248517,Brestelgasse,19,347103
2026-01-23T05:08:58.248517,Brestelgasse,19,347069
2026-01-23T05:08:58.248517,Brestelgasse,19,347917
2026-01-23T05:08:58.248517,Brestelgasse,19,347527
2026-01-23T05:08:58.248517,Brestelgasse,19,348227
2026-01-23T05:08:58.248517,Brestelgasse,19,348600
2026-01-23T05:08:58.248517,Brestelgasse,19,348548
2026-01-23T05:08:58.248517,Brestelgasse,19,348903
2026-01-23T05:08:58.248517,Thaliastraße U,23,345403
2026-01-23T05:08:58.248517,Thaliastraße U,23,345184
2026-01-23T05:08:58.248517,Thaliastraße U,23,346231
2026-01-23T05:08:58.248517,Thaliastraße U,23,346854
2026-01-23T05:08:58.248517,Thaliastraße U,23,346759
2026-01-23T05:08:58.248517,Thaliastraße U,23,346505
2026-01-23T05:08:58.248517,Thaliastraße U,23,347478
2026-01-23T05:08:58.248517,Thaliastraße U,23,347371
2026-01-23T05:08:58.248517,Thaliastraße U,23,347351
2026-01-23T05:08:58.248517,Thaliastraße U,23,347306
2026-01-23T05:08:58.248517,Thaliastraße U,23,347082
2026-01-23T05:08:58.248517,Thaliastraße U,23,347062
2026-01-23T05:08:58.248517,Thaliastraße U,23,347056
2026-01-23T05:08:58.248517,Thaliastraße U,23,347932
2026-01-23T05:08:58.248517,Thaliastraße U,23,347819
2026-01-23T05:08:58.248517,Thaliastraße U,23,347537
2026-01-23T05:08:58.248517,Thaliastraße U,23,348491
2026-01-23T05:08:58.248517,Thaliastraße U,23,348446
2026-01-23T05:08:58.248517,Thaliastraße U,23,348442
2026-01-23T05:08:58.248517,Thaliastraße U,23,348395
2026-01-23T05:08:58.248517,Thaliastraße U,23,348696
2026-01-23T05:08:58.248517,Thaliastraße U,23,398821
2026-01-23T05:08:58.248517,Thaliastraße U,23,348836
2026-01-23T05:08:58.248517,Nussdorfer Straße U,15,345303
2026-01-23T05:08:58.248517,Nussdorfer Straße U,15,345207
2026-01-23T05:08:58.248517,Nussdorfer Straße U,15,345605
2026-01-23T05:08:58.248517,Nussdorfer Straße U,15,345508
2026-01-23T05:08:58.248517,Nussdorfer Straße U,15,346075
2026-01-23T05:08:58.248517,Nussdorfer Straße U,15,346918
2026-01-23T05:08:58.248517,Nussdorfer Straße U,15,346582
2026-01-23T05:08:58.248517,Nussdorfer Straße U,15,346551
2026-01-23T05:08:58.248517,Nussdorfer Straße U,15,347435
2026-01-23T05:08:58.248517,Nussdorfer Straße U,15,347417
2026-01-23T05:08:58.248517,Nussdorfer Straße U,15,347348
2026-01-23T05:08:58.248517,Nussdorfer Straße U,15,347138
2026-01-23T05:08:58.248517,Nussdorfer Straße U,15,347618
2026-01-23T05:08:58.248517,Nussdorfer Straße U,15,348223
2026-01-23T05:08:58.248517,Nussdorfer Straße U,15,398794
2026-01-23T05:08:58.248517,Elterleinplatz,7,345355
2026-01-23T05:08:58.248517,Elterleinplatz,7,345173
2026-01-23T05:08:58.248517,Elterleinplatz,7,345769
2026-01-23T05:08:58.248517,Elterleinplatz,7,345685
2026-01-23T05:08:58.248517,Elterleinplatz,7,346340
2026-01-23T05:08:58.248517,Elterleinplatz,7,346859
2026-01-23T05:08:58.248517,Elterleinplatz,7,348029
2026-01-23T05:08:58.248517,Canisiusgasse,4,346108
2026-01-23T05:08:58.248517,Canisiusgasse,4,346046
2026-01-23T05:08:58.248517,Canisiusgasse,4,346711
2026-01-23T05:08:58.248517,Canisiusgasse,4,348838
2026-01-23T05:08:58.248517,Meidling S U / Schedifkaplatz,2,346598
2026-01-23T05:08:58.248517,Meidling S U / Schedifkaplatz,2,347712
2026-01-23T05:08:58.248517,Palffygasse,18,345406
2026-01-23T05:08:58.248517,Palffygasse,18,345013
2026-01-23T05:08:58.248517,Palffygasse,18,345973
2026-01-23T05:08:58.248517,Palffygasse,18,345922
2026-01-23T05:08:58.248517,Palffygasse,18,345753
2026-01-23T05:08:58.248517,Palffygasse,18,345751
2026-01-23T05:08:58.248517,Palffygasse,18,345615
2026-01-23T05:08:58.248517,Palffygasse,18,346939
2026-01-23T05:08:58.248517,Palffygasse,18,346601
2026-01-23T05:08:58.248517,Palffygasse,18,347469
2026-01-23T05:08:58.248517,Palffygasse,18,347145
2026-01-23T05:08:58.248517,Palffygasse,18,347856
2026-01-23T05:08:58.248517,Palffygasse,18,348386
2026-01-23T05:08:58.248517,Palffygasse,18,348338
2026-01-23T05:08:58.248517,Palffygasse,18,348239
2026-01-23T05:08:58.248517,Palffygasse,18,348123
2026-01-23T05:08:58.248517,Palffygasse,18,348117
2026-01-23T05:08:58.248517,Palffygasse,18,398770
2026-01-23T05:08:58.248517,Gersthof S,14,345203
2026-01-23T05:08:58.248517,Gersthof S,14,345179
2026-01-23T05:08:58.248517,Gersthof S,14,345968
2026-01-23T05:08:58.248517,Gersthof S,14,346666
2026-01-23T05:08:58.248517,Gersthof S,14,346564
2026-01-23T05:08:58.248517,Gersthof S,14,347962
2026-01-23T05:08:58.248517,Gersthof S,14,348357
2026-01-23T05:08:58.248517,Gersthof S,14,348303
2026-01-23T05:08:58.248517,Gersthof S,14,348104
2026-01-23T05:08:58.248517,Gersthof S,14,348007
2026-01-23T05:08:58.248517,Gersthof S,14,348604
2026-01-23T05:08:58.248517,Gersthof S,14,348571
2026-01-23T05:08:58.248517,Gersthof S,14,349062
2026-01-23T05:08:58.248517,Gersthof S,14,348807
2026-01-23T05:08:58.248517,Reinprechtsdorfer Brücke,18,345067
2026-01-23T05:08:58.248517,Reinprechtsdorfer Brücke,18,345051
2026-01-23T05:08:58.248517,Reinprechtsdorfer Brücke,18,345999
2026-01-23T05:08:58.248517,Reinprechtsdorfer Brücke,18,345860
2026-01-23T05:08:58.248517,Reinprechtsdorfer Brücke,18,345624
2026-01-23T05:08:58.248517,Reinprechtsdorfer Brücke,18,346454
2026-01-23T05:08:58.248517,Reinprechtsdorfer Brücke,18,346915
2026-01-23T05:08:58.248517,Reinprechtsdorfer Brücke,18,346853
2026-01-23T05:08:58.248517,Reinprechtsdorfer Brücke,18,346743
2026-01-23T05:08:58.248517,Reinprechtsdorfer Brücke,18,346732
2026-01-23T05:08:58.248517,Reinprechtsdorfer Brücke,18,347266
2026-01-23T05:08:58.248517,Reinprechtsdorfer Brücke,18,347579
2026-01-23T05:08:58.248517,Reinprechtsdorfer Brücke,18,348414
2026-01-23T05:08:58.248517,Reinprechtsdorfer Brücke,18,348228
2026-01-23T05:08:58.248517,Reinprechtsdorfer Brücke,18,348014
2026-01-23T05:08:58.248517,Reinprechtsdorfer Brücke,18,348576
2026-01-23T05:08:58.248517,Reinprechtsdorfer Brücke,18,398746
2026-01-23T05:08:58.248517,Reinprechtsdorfer Brücke,18,398720
2026-01-23T05:08:58.248517,Siebensterngasse,5,345793
2026-01-23T05:08:58.248517,Siebensterngasse,5,345555
2026-01-23T05:08:58.248517,Siebensterngasse,5,346092
2026-01-23T05:08:58.248517,Siebensterngasse,5,347304
2026-01-23T05:08:58.248517,Siebensterngasse,5,349188
2026-01-23T05:08:58.248517,Siebenbrunnenplatz,3,345560
2026-01-23T05:08:58.248517,Siebenbrunnenplatz,3,346295
2026-01-23T05:08:58.248517,Siebenbrunnenplatz,3,347448
2026-01-23T05:08:58.248517,Rosensteingasse / Blumengasse,20,345353
2026-01-23T05:08:58.248517,Rosensteingasse / Blumengasse,20,345750
2026-01-23T05:08:58.248517,Rosensteingasse / Blumengasse,20,345695
2026-01-23T05:08:58.248517,Rosensteingasse / Blumengasse,20,345525
2026-01-23T05:08:58.248517,Rosensteingasse / Blumengasse,20,346269
2026-01-23T05:08:58.248517,Rosensteingasse / Blumengasse,20,346111
2026-01-23T05:08:58.248517,Rosensteingasse / Blumengasse,20,346079
2026-01-23T05:08:58.248517,Rosensteingasse / Blumengasse,20,346008
2026-01-23T05:08:58.248517,Rosensteingasse / Blumengasse,20,346903
2026-01-23T05:08:58.248517,Rosensteingasse / Blumengasse,20,346653
2026-01-23T05:08:58.248517,Rosensteingasse / Blumengasse,20,346579
2026-01-23T05:08:58.248517,Rosensteingasse / Blumengasse,20,347075
2026-01-23T05:08:58.248517,Rosensteingasse / Blumengasse,20,347074
2026-01-23T05:08:58.248517,Rosensteingasse / Blumengasse,20,347998
2026-01-23T05:08:58.248517,Rosensteingasse / Blumengasse,20,347972
2026-01-23T05:08:58.248517,Rosensteingasse / Blumengasse,20,348324
2026-01-23T05:08:58.248517,Rosensteingasse / Blumengasse,20,348320
2026-01-23T05:08:58.248517,Rosensteingasse / Blumengasse,20,348095
2026-01-23T05:08:58.248517,Rosensteingasse / Blumengasse,20,348001
2026-01-23T05:08:58.248517,Rosensteingasse / Blumengasse,20,348559
2026-01-23T05:08:58.248517,Schottenring U /Herminengasse,1,349098
2026-01-23T05:08:58.248517,Josefstädter Straße U,9,345253
2026-01-23T05:08:58.248517,Josefstädter Straße U,9,345134
2026-01-23T05:08:58.248517,Josefstädter Straße U,9,345595
2026-01-23T05:08:58.248517,Josefstädter Straße U,9,346911
2026-01-23T05:08:58.248517,Josefstädter Straße U,9,346678
2026-01-23T05:08:58.248517,Josefstädter Straße U,9,347424
2026-01-23T05:08:58.248517,Josefstädter Straße U,9,347008
2026-01-23T05:08:58.248517,Josefstädter Straße U,9,347950
2026-01-23T05:08:58.248517,Josefstädter Straße U,9,348892
2026-01-23T05:08:58.248517,Friedrich-Engels-Platz,8,346225
2026-01-23T05:08:58.248517,Friedrich-Engels-Platz,8,346078
2026-01-23T05:08:58.248517,Friedrich-Engels-Platz,8,347441
2026-01-23T05:08:58.248517,Friedrich-Engels-Platz,8,347195
2026-01-23T05:08:58.248517,Friedrich-Engels-Platz,8,347868
2026-01-23T05:08:58.248517,Friedrich-Engels-Platz,8,347648
2026-01-23T05:08:58.248517,Friedrich-Engels-Platz,8,348401
2026-01-23T05:08:58.248517,Friedrich-Engels-Platz,8,348120
2026-01-23T05:08:58.248517,Dresdner Straße U,18,345255
2026-01-23T05:08:58.248517,Dresdner Straße U,18,345108
2026-01-23T05:08:58.248517,Dresdner Straße U,18,346664
2026-01-23T05:08:58.248517,Dresdner Straße U,18,346603
2026-01-23T05:08:58.248517,Dresdner Straße U,18,347452
2026-01-23T05:08:58.248517,Dresdner Straße U,18,347429
2026-01-23T05:08:58.248517,Dresdner Straße U,18,347139
2026-01-23T05:08:58.248517,Dresdner Straße U,18,347120
2026-01-23T05:08:58.248517,Dresdner Straße U,18,347968
2026-01-23T05:08:58.248517,Dresdner Straße U,18,347959
2026-01-23T05:08:58.248517,Dresdner Straße U,18,347930
2026-01-23T05:08:58.248517,Dresdner Straße U,18,347844
2026-01-23T05:08:58.248517,Dresdner Straße U,18,347760
2026-01-23T05:08:58.248517,Dresdner Straße U,18,347758
2026-01-23T05:08:58.248517,Dresdner Straße U,18,347669
2026-01-23T05:08:58.248517,Dresdner Straße U,18,348263
2026-01-23T05:08:58.248517,Dresdner Straße U,18,348224
2026-01-23T05:08:58.248517,Dresdner Straße U,18,348201
2026-01-23T05:08:58.248517,Jägerstraße U,15,345290
2026-01-23T05:08:58.248517,Jägerstraße U,15,345103
2026-01-23T05:08:58.248517,Jägerstraße U,15,345069
2026-01-23T05:08:58.248517,Jägerstraße U,15,345996
2026-01-23T05:08:58.248517,Jägerstraße U,15,345698
2026-01-23T05:08:58.248517,Jägerstraße U,15,345566
2026-01-23T05:08:58.248517,Jägerstraße U,15,346971
2026-01-23T05:08:58.248517,Jägerstraße U,15,346840
2026-01-23T05:08:58.248517,Jägerstraße U,15,346618
2026-01-23T05:08:58.248517,Jägerstraße U,15,347340
2026-01-23T05:08:58.248517,Jägerstraße U,15,347696
2026-01-23T05:08:58.248517,Jägerstraße U,15,348472
2026-01-23T05:08:58.248517,Jägerstraße U,15,348148
2026-01-23T05:08:58.248517,Jägerstraße U,15,348659
2026-01-23T05:08:58.248517,Jägerstraße U,15,349197
2026-01-23T05:08:58.248517,Traisengasse S,4,345865
2026-01-23T05:08:58.248517,Traisengasse S,4,346171
2026-01-23T05:08:58.248517,Traisengasse S,4,347043
2026-01-23T05:08:58.248517,Traisengasse S,4,347539
2026-01-23T05:08:58.248517,Kettenbrückengasse U / Naschmarkt,9,345375
2026-01-23T05:08:58.248517,Kettenbrückengasse U / Naschmarkt,9,345170
2026-01-23T05:08:58.248517,Kettenbrückengasse U / Naschmarkt,9,345723
2026-01-23T05:08:58.248517,Kettenbrückengasse U / Naschmarkt,9,346727
2026-01-23T05:08:58.248517,Kettenbrückengasse U / Naschmarkt,9,346707
2026-01-23T05:08:58.248517,Kettenbrückengasse U / Naschmarkt,9,348493
2026-01-23T05:08:58.248517,Kettenbrückengasse U / Naschmarkt,9,348593
2026-01-23T05:08:58.248517,Kettenbrückengasse U / Naschmarkt,9,348566
2026-01-23T05:08:58.248517,Kettenbrückengasse U / Naschmarkt,9,398809
2026-01-23T05:08:58.248517,Aumannplatz,7,345321
2026-01-23T05:08:58.248517,Aumannplatz,7,346432
2026-01-23T05:08:58.248517,Aumannplatz,7,346420
2026-01-23T05:08:58.248517,Aumannplatz,7,346058
2026-01-23T05:08:58.248517,Aumannplatz,7,347068
2026-01-23T05:08:58.248517,Aumannplatz,7,348861
2026-01-23T05:08:58.248517,Aumannplatz,7,349198
2026-01-23T05:08:58.248517,Längenfeldgasse U,25,345032
2026-01-23T05:08:58.248517,Längenfeldgasse U,25,345946
2026-01-23T05:08:58.248517,Längenfeldgasse U,25,345804
2026-01-23T05:08:58.248517,Längenfeldgasse U,25,345635
2026-01-23T05:08:58.248517,Längenfeldgasse U,25,345502
2026-01-23T05:08:58.248517,Längenfeldgasse U,25,346815
2026-01-23T05:08:58.248517,Längenfeldgasse U,25,346786
2026-01-23T05:08:58.248517,Längenfeldgasse U,25,346709
2026-01-23T05:08:58.248517,Längenfeldgasse U,25,346638
2026-01-23T05:08:58.248517,Längenfeldgasse U,25,346523
2026-01-23T05:08:58.248517,Längenfeldgasse U,25,347234
2026-01-23T05:08:58.248517,Längenfeldgasse U,25,347175
2026-01-23T05:08:58.248517,Längenfeldgasse U,25,347171
2026-01-23T05:08:58.248517,Längenfeldgasse U,25,347861
2026-01-23T05:08:58.248517,Längenfeldgasse U,25,347794
2026-01-23T05:08:58.248517,Längenfeldgasse U,25,347700
2026-01-23T05:08:58.248517,Längenfeldgasse U,25,347588
2026-01-23T05:08:58.248517,Längenfeldgasse U,25,347552
2026-01-23T05:08:58.248517,Längenfeldgasse U,25,348655
2026-01-23T05:08:58.248517,Längenfeldgasse U,25,348591
2026-01-23T05:08:58.248517,Längenfeldgasse U,25,348528
2026-01-23T05:08:58.248517,Längenfeldgasse U,25,349109
2026-01-23T05:08:58.248517,Längenfeldgasse U,25,348973
2026-01-23T05:08:58.248517,Längenfeldgasse U,25,348849
2026-01-23T05:08:58.248517,Längenfeldgasse U,25,349131
2026-01-23T05:08:58.248517,Althanstraße,13,345457
2026-01-23T05:08:58.248517,Althanstraße,13,345381
2026-01-23T05:08:58.248517,Althanstraße,13,345761
2026-01-23T05:08:58.248517,Althanstraße,13,346326
2026-01-23T05:08:58.248517,Althanstraße,13,346299
2026-01-23T05:08:58.248517,Althanstraße,13,346809
2026-01-23T05:08:58.248517,Althanstraße,13,346767
2026-01-23T05:08:58.248517,Althanstraße,13,347192
2026-01-23T05:08:58.248517,Althanstraße,13,347907
2026-01-23T05:08:58.248517,Althanstraße,13,347870
2026-01-23T05:08:58.248517,Althanstraße,13,348431
2026-01-23T05:08:58.248517,Althanstraße,13,398783
2026-01-23T05:08:58.248517,Althanstraße,13,398765
2026-01-23T05:08:58.248517,Schottentor U,3,345473
2026-01-23T05:08:58.248517,Schottentor U,3,347475
2026-01-23T05:08:58.248517,Schottentor U,3,348189
2026-01-23T05:08:58.248517,Neubaugasse U,12,345301
2026-01-23T05:08:58.248517,Neubaugasse U,12,345200
2026-01-23T05:08:58.248517,Neubaugasse U,12,346423
2026-01-23T05:08:58.248517,Neubaugasse U,12,346363
2026-01-23T05:08:58.248517,Neubaugasse U,12,346036
2026-01-23T05:08:58.248517,Neubaugasse U,12,346537
2026-01-23T05:08:58.248517,Neubaugasse U,12,347170
2026-01-23T05:08:58.248517,Neubaugasse U,12,348432
2026-01-23T05:08:58.248517,Neubaugasse U,12,348218
2026-01-23T05:08:58.248517,Neubaugasse U,12,398755
2026-01-23T05:08:58.248517,Neubaugasse U,12,349110
2026-01-23T05:08:58.248517,Neubaugasse U,12,349104
2026-01-23T05:08:58.248517,Museumsquartier U,38,345218
2026-01-23T05:08:58.248517,Museumsquartier U,38,345215
2026-01-23T05:08:58.248517,Museumsquartier U,38,345010
2026-01-23T05:08:58.248517,Museumsquartier U,38,345995
2026-01-23T05:08:58.248517,Museumsquartier U,38,345963
2026-01-23T05:08:58.248517,Museumsquartier U,38,345937
2026-01-23T05:08:58.248517,Museumsquartier U,38,345888
2026-01-23T05:08:58.248517,Museumsquartier U,38,345760
2026-01-23T05:08:58.248517,Museumsquartier U,38,345700
2026-01-23T05:08:58.248517,Museumsquartier U,38,345580
2026-01-23T05:08:58.248517,Museumsquartier U,38,345510
2026-01-23T05:08:58.248517,Museumsquartier U,38,346305
2026-01-23T05:08:58.248517,Museumsquartier U,38,346042
2026-01-23T05:08:58.248517,Museumsquartier U,38,346020
2026-01-23T05:08:58.248517,Museumsquartier U,38,346795
2026-01-23T05:08:58.248517,Museumsquartier U,38,346731
2026-01-23T05:08:58.248517,Museumsquartier U,38,346622
2026-01-23T05:08:58.248517,Museumsquartier U,38,346560
2026-01-23T05:08:58.248517,Museumsquartier U,38,347272
2026-01-23T05:08:58.248517,Museumsquartier U,38,347213
2026-01-23T05:08:58.248517,Museumsquartier U,38,347058
2026-01-23T05:08:58.248517,Museumsquartier U,38,347919
2026-01-23T05:08:58.248517,Museumsquartier U,38,347801
2026-01-23T05:08:58.248517,Museumsquartier U,38,347768
2026-01-23T05:08:58.248517,Museumsquartier U,38,347704
2026-01-23T05:08:58.248517,Museumsquartier U,38,347694
2026-01-23T05:08:58.248517,Museumsquartier U,38,347678
2026-01-23T05:08:58.248517,Museumsquartier U,38,347530
2026-01-23T05:08:58.248517,Museumsquartier U,38,348481
2026-01-23T05:08:58.248517,Museumsquartier U,38,348332
2026-01-23T05:08:58.248517,Museumsquartier U,38,348135
2026-01-23T05:08:58.248517,Museumsquartier U,38,348129
2026-01-23T05:08:58.248517,Museumsquartier U,38,348039
2026-01-23T05:08:58.248517,Museumsquartier U,38,348682
2026-01-23T05:08:58.248517,Museumsquartier U,38,398786
2026-01-23T05:08:58.248517,Museumsquartier U,38,398781
2026-01-23T05:08:58.248517,Museumsquartier U,38,398751
2026-01-23T05:08:58.248517,Museumsquartier U,38,348984
2026-01-23T05:08:58.248517,Johnstrasse U,11,345417
2026-01-23T05:08:58.248517,Johnstrasse U,11,345380
2026-01-23T05:08:58.248517,Johnstrasse U,11,345374
2026-01-23T05:08:58.248517,Johnstrasse U,11,345873
2026-01-23T05:08:58.248517,Johnstrasse U,11,345800
2026-01-23T05:08:58.248517,Johnstrasse U,11,346772
2026-01-23T05:08:58.248517,Johnstrasse U,11,346749
2026-01-23T05:08:58.248517,Johnstrasse U,11,346645
2026-01-23T05:08:58.248517,Johnstrasse U,11,347497
2026-01-23T05:08:58.248517,Johnstrasse U,11,347741
2026-01-23T05:08:58.248517,Johnstrasse U,11,398808
2026-01-23T05:08:58.248517,Turnergasse,9,345143
2026-01-23T05:08:58.248517,Turnergasse,9,345741
2026-01-23T05:08:58.248517,Turnergasse,9,346469
2026-01-23T05:08:58.248517,Turnergasse,9,346966
2026-01-23T05:08:58.248517,Turnergasse,9,347191
2026-01-23T05:08:58.248517,Turnergasse,9,347016
2026-01-23T05:08:58.248517,Turnergasse,9,347757
2026-01-23T05:08:58.248517,Turnergasse,9,347753
2026-01-23T05:08:58.248517,Turnergasse,9,348234
2026-01-23T05:08:58.248517,Kutschkergasse,15,345422
2026-01-23T05:08:58.248517,Kutschkergasse,15,346362
2026-01-23T05:08:58.248517,Kutschkergasse,15,346758
2026-01-23T05:08:58.248517,Kutschkergasse,15,346605
2026-01-23T05:08:58.248517,Kutschkergasse,15,346511
2026-01-23T05:08:58.248517,Kutschkergasse,15,347258
2026-01-23T05:08:58.248517,Kutschkergasse,15,347255
2026-01-23T05:08:58.248517,Kutschkergasse,15,347108
2026-01-23T05:08:58.248517,Kutschkergasse,15,347876
2026-01-23T05:08:58.248517,Kutschkergasse,15,347831
2026-01-23T05:08:58.248517,Kutschkergasse,15,347651
2026-01-23T05:08:58.248517,Kutschkergasse,15,348475
2026-01-23T05:08:58.248517,Kutschkergasse,15,348286
2026-01-23T05:08:58.248517,Kutschkergasse,15,348025
2026-01-23T05:08:58.248517,Kutschkergasse,15,348872
2026-01-23T05:08:58.248517,Stadion U,20,345318
2026-01-23T05:08:58.248517,Stadion U,20,345900
2026-01-23T05:08:58.248517,Stadion U,20,346329
2026-01-23T05:08:58.248517,Stadion U,20,346303
2026-01-23T05:08:58.248517,Stadion U,20,346249
2026-01-23T05:08:58.248517,Stadion U,20,346059
2026-01-23T05:08:58.248517,Stadion U,20,346930
2026-01-23T05:08:58.248517,Stadion U,20,346886
2026-01-23T05:08:58.248517,Stadion U,20,346863
2026-01-23T05:08:58.248517,Stadion U,20,347000
2026-01-23T05:08:58.248517,Stadion U,20,347878
2026-01-23T05:08:58.248517,Stadion U,20,347722
2026-01-23T05:08:58.248517,Stadion U,20,348315
2026-01-23T05:08:58.248517,Stadion U,20,348302
2026-01-23T05:08:58.248517,Stadion U,20,348194
2026-01-23T05:08:58.248517,Stadion U,20,348176
2026-01-23T05:08:58.248517,Stadion U,20,348646
2026-01-23T05:08:58.248517,Stadion U,20,398761
2026-01-23T05:08:58.248517,Stadion U,20,398742
2026-01-23T05:08:58.248517,Stadion U,20,398865
2026-01-23T05:08:58.248517,Brückengasse,6,345423
2026-01-23T05:08:58.248517,Brückengasse,6,345265
2026-01-23T05:08:58.248517,Brückengasse,6,345225
2026-01-23T05:08:58.248517,Brückengasse,6,347430
2026-01-23T05:08:58.248517,Brückengasse,6,347784
2026-01-23T05:08:58.248517,Brückengasse,6,347592
2026-01-23T05:08:58.248517,Schuhmeierplatz,24,345447
2026-01-23T05:08:58.248517,Schuhmeierplatz,24,345410
2026-01-23T05:08:58.248517,Schuhmeierplatz,24,345279
2026-01-23T05:08:58.248517,Schuhmeierplatz,24,345034
2026-01-23T05:08:58.248517,Schuhmeierplatz,24,345960
2026-01-23T05:08:58.248517,Schuhmeierplatz,24,345889
2026-01-23T05:08:58.248517,Schuhmeierplatz,24,345785
2026-01-23T05:08:58.248517,Schuhmeierplatz,24,345592
2026-01-23T05:08:58.248517,Schuhmeierplatz,24,345512
2026-01-23T05:08:58.248517,Schuhmeierplatz,24,346435
2026-01-23T05:08:58.248517,Schuhmeierplatz,24,346186
2026-01-23T05:08:58.248517,Schuhmeierplatz,24,346958
2026-01-23T05:08:58.248517,Schuhmeierplatz,24,346855
2026-01-23T05:08:58.248517,Schuhmeierplatz,24,346814
2026-01-23T05:08:58.248517,Schuhmeierplatz,24,346610
2026-01-23T05:08:58.248517,Schuhmeierplatz,24,347482
2026-01-23T05:08:58.248517,Schuhmeierplatz,24,347125
2026-01-23T05:08:58.248517,Schuhmeierplatz,24,347124
2026-01-23T05:08:58.248517,Schuhmeierplatz,24,347785
2026-01-23T05:08:58.248517,Schuhmeierplatz,24,347578
2026-01-23T05:08:58.248517,Schuhmeierplatz,24,348313
2026-01-23T05:08:58.248517,Schuhmeierplatz,24,348235
2026-01-23T05:08:58.248517,Schuhmeierplatz,24,348198
2026-01-23T05:08:58.248517,Schuhmeierplatz,24,348106
2026-01-23T05:08:58.248517,Schönbrunn U,10,345853
2026-01-23T05:08:58.248517,Schönbrunn U,10,346386
2026-01-23T05:08:58.248517,Schönbrunn U,10,347208
2026-01-23T05:08:58.248517,Schönbrunn U,10,347587
2026-01-23T05:08:58.248517,Schönbrunn U,10,348486
2026-01-23T05:08:58.248517,Schönbrunn U,10,348246
2026-01-23T05:08:58.248517,Schönbrunn U,10,348028
2026-01-23T05:08:58.248517,Schönbrunn U,10,398750
2026-01-23T05:08:58.248517,Schönbrunn U,10,348871
2026-01-23T05:08:58.248517,Schönbrunn U,10,348856
2026-01-23T05:08:58.248517,Hermesstraße / Oscar-Straus-Park ,10,345341
2026-01-23T05:08:58.248517,Hermesstraße / Oscar-Straus-Park ,10,345742
2026-01-23T05:08:58.248517,Hermesstraße / Oscar-Straus-Park ,10,346316
2026-01-23T05:08:58.248517,Hermesstraße / Oscar-Straus-Park ,10,346216
2026-01-23T05:08:58.248517,Hermesstraße / Oscar-Straus-Park ,10,346014
2026-01-23T05:08:58.248517,Hermesstraße / Oscar-Straus-Park ,10,346594
2026-01-23T05:08:58.248517,Hermesstraße / Oscar-Straus-Park ,10,346581
2026-01-23T05:08:58.248517,Hermesstraße / Oscar-Straus-Park ,10,346543
2026-01-23T05:08:58.248517,Hermesstraße / Oscar-Straus-Park ,10,348698
2026-01-23T05:08:58.248517,Hermesstraße / Oscar-Straus-Park ,10,349099
2026-01-23T05:08:58.248517,Modecenterstraße / The Marks,12,345607
2026-01-23T05:08:58.248517,Modecenterstraße / The Marks,12,345588
2026-01-23T05:08:58.248517,Modecenterstraße / The Marks,12,346490
2026-01-23T05:08:58.248517,Modecenterstraße / The Marks,12,346426
2026-01-23T05:08:58.248517,Modecenterstraße / The Marks,12,346377
2026-01-23T05:08:58.248517,Modecenterstraße / The Marks,12,346369
2026-01-23T05:08:58.248517,Modecenterstraße / The Marks,12,346801
2026-01-23T05:08:58.248517,Modecenterstraße / The Marks,12,346676
2026-01-23T05:08:58.248517,Modecenterstraße / The Marks,12,346519
2026-01-23T05:08:58.248517,Modecenterstraße / The Marks,12,347402
2026-01-23T05:08:58.248517,Modecenterstraße / The Marks,12,348254
2026-01-23T05:08:58.248517,Modecenterstraße / The Marks,12,348043
2026-01-23T05:08:58.248517,Am Langen Felde,9,345486
2026-01-23T05:08:58.248517,Am Langen Felde,9,345902
2026-01-23T05:08:58.248517,Am Langen Felde,9,346388
2026-01-23T05:08:58.248517,Am Langen Felde,9,346868
2026-01-23T05:08:58.248517,Am Langen Felde,9,347948
2026-01-23T05:08:58.248517,Am Langen Felde,9,347513
2026-01-23T05:08:58.248517,Am Langen Felde,9,348097
2026-01-23T05:08:58.248517,Am Langen Felde,9,348530
2026-01-23T05:08:58.248517,Am Langen Felde,9,398797
2026-01-23T05:08:58.248517,Pilgramgasse U,11,345369
2026-01-23T05:08:58.248517,Pilgramgasse U,11,345824
2026-01-23T05:08:58.248517,Pilgramgasse U,11,345801
2026-01-23T05:08:58.248517,Pilgramgasse U,11,346954
2026-01-23T05:08:58.248517,Pilgramgasse U,11,346839
2026-01-23T05:08:58.248517,Pilgramgasse U,11,347999
2026-01-23T05:08:58.248517,Pilgramgasse U,11,347675
2026-01-23T05:08:58.248517,Pilgramgasse U,11,348437
2026-01-23T05:08:58.248517,Pilgramgasse U,11,348020
2026-01-23T05:08:58.248517,Pilgramgasse U,11,348621
2026-01-23T05:08:58.248517,Pilgramgasse U,11,398833
2026-01-23T05:08:58.248517,Purkytgasse ,5,347310
2026-01-23T05:08:58.248517,Purkytgasse ,5,347154
2026-01-23T05:08:58.248517,Purkytgasse ,5,347001
2026-01-23T05:08:58.248517,Purkytgasse ,5,348360
2026-01-23T05:08:58.248517,Purkytgasse ,5,349185
2026-01-23T05:08:58.248517,Neue Donau U,15,345244
2026-01-23T05:08:58.248517,Neue Donau U,15,345794
2026-01-23T05:08:58.248517,Neue Donau U,15,345735
2026-01-23T05:08:58.248517,Neue Donau U,15,345705
2026-01-23T05:08:58.248517,Neue Donau U,15,345528
2026-01-23T05:08:58.248517,Neue Donau U,15,346463
2026-01-23T05:08:58.248517,Neue Donau U,15,346361
2026-01-23T05:08:58.248517,Neue Donau U,15,346937
2026-01-23T05:08:58.248517,Neue Donau U,15,346920
2026-01-23T05:08:58.248517,Neue Donau U,15,346742
2026-01-23T05:08:58.248517,Neue Donau U,15,347131
2026-01-23T05:08:58.248517,Neue Donau U,15,347983
2026-01-23T05:08:58.248517,Neue Donau U,15,347912
2026-01-23T05:08:58.248517,Neue Donau U,15,347732
2026-01-23T05:08:58.248517,Neue Donau U,15,347720
2026-01-23T05:08:58.248517,Franz-Josef Bahnhof S,10,346661
2026-01-23T05:08:58.248517,Franz-Josef Bahnhof S,10,347462
2026-01-23T05:08:58.248517,Franz-Josef Bahnhof S,10,347455
2026-01-23T05:08:58.248517,Franz-Josef Bahnhof S,10,347920
2026-01-23T05:08:58.248517,Franz-Josef Bahnhof S,10,347874
2026-01-23T05:08:58.248517,Franz-Josef Bahnhof S,10,347869
2026-01-23T05:08:58.248517,Franz-Josef Bahnhof S,10,348467
2026-01-23T05:08:58.248517,Franz-Josef Bahnhof S,10,348352
2026-01-23T05:08:58.248517,Franz-Josef Bahnhof S,10,348157
2026-01-23T05:08:58.248517,Franz-Josef Bahnhof S,10,348704
2026-01-23T05:08:58.248517,Niederpointenstraße,13,346457
2026-01-23T05:08:58.248517,Niederpointenstraße,13,346455
2026-01-23T05:08:58.248517,Niederpointenstraße,13,346237
2026-01-23T05:08:58.248517,Niederpointenstraße,13,346660
2026-01-23T05:08:58.248517,Niederpointenstraße,13,346575
2026-01-23T05:08:58.248517,Niederpointenstraße,13,347271
2026-01-23T05:08:58.248517,Niederpointenstraße,13,347101
2026-01-23T05:08:58.248517,Niederpointenstraße,13,347701
2026-01-23T05:08:58.248517,Niederpointenstraße,13,347569
2026-01-23T05:08:58.248517,Niederpointenstraße,13,348449
2026-01-23T05:08:58.248517,Niederpointenstraße,13,348082
2026-01-23T05:08:58.248517,Niederpointenstraße,13,348941
2026-01-23T05:08:58.248517,Niederpointenstraße,13,348857
2026-01-23T05:08:58.248517,Leopoldauer Platz,9,346478
2026-01-23T05:08:58.248517,Leopoldauer Platz,9,346408
2026-01-23T05:08:58.248517,Leopoldauer Platz,9,346802
2026-01-23T05:08:58.248517,Leopoldauer Platz,9,346751
2026-01-23T05:08:58.248517,Leopoldauer Platz,9,346562
2026-01-23T05:08:58.248517,Leopoldauer Platz,9,347750
2026-01-23T05:08:58.248517,Leopoldauer Platz,9,347514
2026-01-23T05:08:58.248517,Leopoldauer Platz,9,398745
2026-01-23T05:08:58.248517,Leopoldauer Platz,9,349072
2026-01-23T05:08:58.248517,ArbeiterInnenstrand,20,345385
2026-01-23T05:08:58.248517,ArbeiterInnenstrand,20,345231
2026-01-23T05:08:58.248517,ArbeiterInnenstrand,20,345155
2026-01-23T05:08:58.248517,ArbeiterInnenstrand,20,345990
2026-01-23T05:08:58.248517,ArbeiterInnenstrand,20,345899
2026-01-23T05:08:58.248517,ArbeiterInnenstrand,20,345756
2026-01-23T05:08:58.248517,ArbeiterInnenstrand,20,345659
2026-01-23T05:08:58.248517,ArbeiterInnenstrand,20,346964
2026-01-23T05:08:58.248517,ArbeiterInnenstrand,20,346885
2026-01-23T05:08:58.248517,ArbeiterInnenstrand,20,347318
2026-01-23T05:08:58.248517,ArbeiterInnenstrand,20,347297
2026-01-23T05:08:58.248517,ArbeiterInnenstrand,20,347226
2026-01-23T05:08:58.248517,ArbeiterInnenstrand,20,347146
2026-01-23T05:08:58.248517,ArbeiterInnenstrand,20,347866
2026-01-23T05:08:58.248517,ArbeiterInnenstrand,20,347836
2026-01-23T05:08:58.248517,ArbeiterInnenstrand,20,347593
2026-01-23T05:08:58.248517,ArbeiterInnenstrand,20,348382
2026-01-23T05:08:58.248517,ArbeiterInnenstrand,20,348068
2026-01-23T05:08:58.248517,ArbeiterInnenstrand,20,398803
2026-01-23T05:08:58.248517,ArbeiterInnenstrand,20,348899
2026-01-23T05:08:58.248517,Gewerbepark Stadlau,2,346777
2026-01-23T05:08:58.248517,Gewerbepark Stadlau,2,398863
2026-01-23T05:08:58.248517,Atzgersdorf Bildungscampus,14,345327
2026-01-23T05:08:58.248517,Atzgersdorf Bildungscampus,14,345886
2026-01-23T05:08:58.248517,Atzgersdorf Bildungscampus,14,345716
2026-01-23T05:08:58.248517,Atzgersdorf Bildungscampus,14,345579
2026-01-23T05:08:58.248517,Atzgersdorf Bildungscampus,14,346220
2026-01-23T05:08:58.248517,Atzgersdorf Bildungscampus,14,347230
2026-01-23T05:08:58.248517,Atzgersdorf Bildungscampus,14,347221
2026-01-23T05:08:58.248517,Atzgersdorf Bildungscampus,14,347090
2026-01-23T05:08:58.248517,Atzgersdorf Bildungscampus,14,347739
2026-01-23T05:08:58.248517,Atzgersdorf Bildungscampus,14,347506
2026-01-23T05:08:58.248517,Atzgersdorf Bildungscampus,14,348438
2026-01-23T05:08:58.248517,Atzgersdorf Bildungscampus,14,348280
2026-01-23T05:08:58.248517,Atzgersdorf Bildungscampus,14,348178
2026-01-23T05:08:58.248517,Atzgersdorf Bildungscampus,14,398834
2026-01-23T05:08:58.248517,Adelheid-Popp-Gasse,1,346053
2026-01-23T05:08:58.248517,Alte Donau U,9,345397
2026-01-23T05:08:58.248517,Alte Donau U,9,345767
2026-01-23T05:08:58.248517,Alte Donau U,9,347261
2026-01-23T05:08:58.248517,Alte Donau U,9,347132
2026-01-23T05:08:58.248517,Alte Donau U,9,347019
2026-01-23T05:08:58.248517,Alte Donau U,9,348447
2026-01-23T05:08:58.248517,Alte Donau U,9,348174
2026-01-23T05:08:58.248517,Alte Donau U,9,348012
2026-01-23T05:08:58.248517,Alte Donau U,9,348674
2026-01-23T05:08:58.248517,VHS Kulturgarage,9,345858
2026-01-23T05:08:58.248517,VHS Kulturgarage,9,345634
2026-01-23T05:08:58.248517,VHS Kulturgarage,9,346338
2026-01-23T05:08:58.248517,VHS Kulturgarage,9,347178
2026-01-23T05:08:58.248517,VHS Kulturgarage,9,347065
2026-01-23T05:08:58.248517,VHS Kulturgarage,9,347942
2026-01-23T05:08:58.248517,VHS Kulturgarage,9,348473
2026-01-23T05:08:58.248517,VHS Kulturgarage,9,348526
2026-01-23T05:08:58.248517,VHS Kulturgarage,9,398772
2026-01-23T05:08:58.248517,Siebenbrunnenfeldgasse,13,345469
2026-01-23T05:08:58.248517,Siebenbrunnenfeldgasse,13,345324
2026-01-23T05:08:58.248517,Siebenbrunnenfeldgasse,13,345221
2026-01-23T05:08:58.248517,Siebenbrunnenfeldgasse,13,345127
2026-01-23T05:08:58.248517,Siebenbrunnenfeldgasse,13,345094
2026-01-23T05:08:58.248517,Siebenbrunnenfeldgasse,13,345766
2026-01-23T05:08:58.248517,Siebenbrunnenfeldgasse,13,345714
2026-01-23T05:08:58.248517,Siebenbrunnenfeldgasse,13,346784
2026-01-23T05:08:58.248517,Siebenbrunnenfeldgasse,13,347336
2026-01-23T05:08:58.248517,Siebenbrunnenfeldgasse,13,347206
2026-01-23T05:08:58.248517,Siebenbrunnenfeldgasse,13,347106
2026-01-23T05:08:58.248517,Siebenbrunnenfeldgasse,13,347076
2026-01-23T05:08:58.248517,Siebenbrunnenfeldgasse,13,348542
2026-01-23T05:08:58.248517,Technisches Museum,22,345402
2026-01-23T05:08:58.248517,Technisches Museum,22,345352
2026-01-23T05:08:58.248517,Technisches Museum,22,345829
2026-01-23T05:08:58.248517,Technisches Museum,22,345781
2026-01-23T05:08:58.248517,Technisches Museum,22,345728
2026-01-23T05:08:58.248517,Technisches Museum,22,346372
2026-01-23T05:08:58.248517,Technisches Museum,22,346309
2026-01-23T05:08:58.248517,Technisches Museum,22,346254
2026-01-23T05:08:58.248517,Technisches Museum,22,346104
2026-01-23T05:08:58.248517,Technisches Museum,22,346085
2026-01-23T05:08:58.248517,Technisches Museum,22,346030
2026-01-23T05:08:58.248517,Technisches Museum,22,346960
2026-01-23T05:08:58.248517,Technisches Museum,22,346804
2026-01-23T05:08:58.248517,Technisches Museum,22,346715
2026-01-23T05:08:58.248517,Technisches Museum,22,347204
2026-01-23T05:08:58.248517,Technisches Museum,22,347176
2026-01-23T05:08:58.248517,Technisches Museum,22,347162
2026-01-23T05:08:58.248517,Technisches Museum,22,347006
2026-01-23T05:08:58.248517,Technisches Museum,22,348460
2026-01-23T05:08:58.248517,Technisches Museum,22,348420
2026-01-23T05:08:58.248517,Technisches Museum,22,348267
2026-01-23T05:08:58.248517,Technisches Museum,22,349123
2026-01-23T05:08:58.248517,Währinger Park,17,345491
2026-01-23T05:08:58.248517,Währinger Park,17,345450
2026-01-23T05:08:58.248517,Währinger Park,17,345394
2026-01-23T05:08:58.248517,Währinger Park,17,345345
2026-01-23T05:08:58.248517,Währinger Park,17,345895
2026-01-23T05:08:58.248517,Währinger Park,17,345850
2026-01-23T05:08:58.248517,Währinger Park,17,345721
2026-01-23T05:08:58.248517,Währinger Park,17,346267
2026-01-23T05:08:58.248517,Währinger Park,17,346167
2026-01-23T05:08:58.248517,Währinger Park,17,346834
2026-01-23T05:08:58.248517,Währinger Park,17,347269
2026-01-23T05:08:58.248517,Währinger Park,17,347193
2026-01-23T05:08:58.248517,Währinger Park,17,347048
2026-01-23T05:08:58.248517,Währinger Park,17,347985
2026-01-23T05:08:58.248517,Währinger Park,17,347840
2026-01-23T05:08:58.248517,Währinger Park,17,348143
2026-01-23T05:08:58.248517,Währinger Park,17,398732
2026-01-23T05:08:58.248517,Ettenreichgasse / Schulzentrum ,4,349113
2026-01-23T05:08:58.248517,Ettenreichgasse / Schulzentrum ,4,349016
2026-01-23T05:08:58.248517,Ettenreichgasse / Schulzentrum ,4,348977
2026-01-23T05:08:58.248517,Ettenreichgasse / Schulzentrum ,4,349168
2026-01-23T05:08:58.248517,Wendstattgasse,9,345408
2026-01-23T05:08:58.248517,Wendstattgasse,9,346693
2026-01-23T05:08:58.248517,Wendstattgasse,9,346632
2026-01-23T05:08:58.248517,Wendstattgasse,9,347121
2026-01-23T05:08:58.248517,Wendstattgasse,9,347702
2026-01-23T05:08:58.248517,Wendstattgasse,9,347639
2026-01-23T05:08:58.248517,Wendstattgasse,9,348389
2026-01-23T05:08:58.248517,Wendstattgasse,9,398846
2026-01-23T05:08:58.248517,Wendstattgasse,9,398723
2026-01-23T05:08:58.248517,Neilreichgasse,1,347426
2026-01-23T05:08:58.248517,Gutheil-Schoder-Gasse / Badner Bahn,13,345400
2026-01-23T05:08:58.248517,Gutheil-Schoder-Gasse / Badner Bahn,13,345361
2026-01-23T05:08:58.248517,Gutheil-Schoder-Gasse / Badner Bahn,13,345926
2026-01-23T05:08:58.248517,Gutheil-Schoder-Gasse / Badner Bahn,13,345554
2026-01-23T05:08:58.248517,Gutheil-Schoder-Gasse / Badner Bahn,13,346286
2026-01-23T05:08:58.248517,Gutheil-Schoder-Gasse / Badner Bahn,13,346222
2026-01-23T05:08:58.248517,Gutheil-Schoder-Gasse / Badner Bahn,13,346765
2026-01-23T05:08:58.248517,Gutheil-Schoder-Gasse / Badner Bahn,13,347137
2026-01-23T05:08:58.248517,Gutheil-Schoder-Gasse / Badner Bahn,13,348316
2026-01-23T05:08:58.248517,Gutheil-Schoder-Gasse / Badner Bahn,13,348271
2026-01-23T05:08:58.248517,Gutheil-Schoder-Gasse / Badner Bahn,13,348034
2026-01-23T05:08:58.248517,Gutheil-Schoder-Gasse / Badner Bahn,13,398724
2026-01-23T05:08:58.248517,Gutheil-Schoder-Gasse / Badner Bahn,13,349154
2026-01-23T05:08:58.248517,Neu Leopoldau,15,345448
2026-01-23T05:08:58.248517,Neu Leopoldau,15,345174
2026-01-23T05:08:58.248517,Neu Leopoldau,15,346382
2026-01-23T05:08:58.248517,Neu Leopoldau,15,346196
2026-01-23T05:08:58.248517,Neu Leopoldau,15,346726
2026-01-23T05:08:58.248517,Neu Leopoldau,15,346656
2026-01-23T05:08:58.248517,Neu Leopoldau,15,346649
2026-01-23T05:08:58.248517,Neu Leopoldau,15,346615
2026-01-23T05:08:58.248517,Neu Leopoldau,15,346512
2026-01-23T05:08:58.248517,Neu Leopoldau,15,347879
2026-01-23T05:08:58.248517,Neu Leopoldau,15,348164
2026-01-23T05:08:58.248517,Neu Leopoldau,15,348934
2026-01-23T05:08:58.248517,Neu Leopoldau,15,348854
2026-01-23T05:08:58.248517,Neu Leopoldau,15,349169
2026-01-23T05:08:58.248517,Neu Leopoldau,15,349147
2026-01-23T05:08:58.248517,Strebersdorf S,9,345152
2026-01-23T05:08:58.248517,Strebersdorf S,9,345644
2026-01-23T05:08:58.248517,Strebersdorf S,9,345541
2026-01-23T05:08:58.248517,Strebersdorf S,9,346162
2026-01-23T05:08:58.248517,Strebersdorf S,9,346140
2026-01-23T05:08:58.248517,Strebersdorf S,9,346529
2026-01-23T05:08:58.248517,Strebersdorf S,9,347485
2026-01-23T05:08:58.248517,Strebersdorf S,9,347061
2026-01-23T05:08:58.248517,Strebersdorf S,9,348060
2026-01-23T05:08:58.248517,Rodlergasse,9,345454
2026-01-23T05:08:58.248517,Rodlergasse,9,345439
2026-01-23T05:08:58.248517,Rodlergasse,9,346938
2026-01-23T05:08:58.248517,Rodlergasse,9,346787
2026-01-23T05:08:58.248517,Rodlergasse,9,347307
2026-01-23T05:08:58.248517,Rodlergasse,9,347071
2026-01-23T05:08:58.248517,Rodlergasse,9,347997
2026-01-23T05:08:58.248517,Rodlergasse,9,348695
2026-01-23T05:08:58.248517,Rodlergasse,9,348842
2026-01-23T05:08:58.248517,Nussbaumallee,8,345025
2026-01-23T05:08:58.248517,Nussbaumallee,8,345826
2026-01-23T05:08:58.248517,Nussbaumallee,8,345777
2026-01-23T05:08:58.248517,Nussbaumallee,8,345626
2026-01-23T05:08:58.248517,Nussbaumallee,8,346131
2026-01-23T05:08:58.248517,Nussbaumallee,8,346806
2026-01-23T05:08:58.248517,Nussbaumallee,8,348217
2026-01-23T05:08:58.248517,Nussbaumallee,8,348579
2026-01-23T05:08:58.248517,Raxstraße,6,346142
2026-01-23T05:08:58.248517,Raxstraße,6,347066
2026-01-23T05:08:58.248517,Raxstraße,6,347777
2026-01-23T05:08:58.248517,Raxstraße,6,347723
2026-01-23T05:08:58.248517,Raxstraße,6,348358
2026-01-23T05:08:58.248517,Raxstraße,6,348971
2026-01-23T05:08:58.248517,Wattmanngasse,10,345105
2026-01-23T05:08:58.248517,Wattmanngasse,10,345080
2026-01-23T05:08:58.248517,Wattmanngasse,10,346373
2026-01-23T05:08:58.248517,Wattmanngasse,10,346076
2026-01-23T05:08:58.248517,Wattmanngasse,10,346750
2026-01-23T05:08:58.248517,Wattmanngasse,10,347631
2026-01-23T05:08:58.248517,Wattmanngasse,10,348346
2026-01-23T05:08:58.248517,Wattmanngasse,10,398856
2026-01-23T05:08:58.248517,Wattmanngasse,10,349050
2026-01-23T05:08:58.248517,Wattmanngasse,10,348913
2026-01-23T05:08:58.248517,Joachimsthaler Platz,8,345456
2026-01-23T05:08:58.248517,Joachimsthaler Platz,8,345693
2026-01-23T05:08:58.248517,Joachimsthaler Platz,8,345674
2026-01-23T05:08:58.248517,Joachimsthaler Platz,8,345612
2026-01-23T05:08:58.248517,Joachimsthaler Platz,8,346294
2026-01-23T05:08:58.248517,Joachimsthaler Platz,8,346680
2026-01-23T05:08:58.248517,Joachimsthaler Platz,8,347711
2026-01-23T05:08:58.248517,Joachimsthaler Platz,8,348145
2026-01-23T05:08:58.248517,Floridsdorfer Markt,9,346882
2026-01-23T05:08:58.248517,Floridsdorfer Markt,9,346869
2026-01-23T05:08:58.248517,Floridsdorfer Markt,9,346698
2026-01-23T05:08:58.248517,Floridsdorfer Markt,9,346681
2026-01-23T05:08:58.248517,Floridsdorfer Markt,9,347978
2026-01-23T05:08:58.248517,Floridsdorfer Markt,9,347835
2026-01-23T05:08:58.248517,Floridsdorfer Markt,9,347699
2026-01-23T05:08:58.248517,Floridsdorfer Markt,9,348457
2026-01-23T05:08:58.248517,Floridsdorfer Markt,9,348455
2026-01-23T05:08:58.248517,Nussdorf S,1,348019
2026-01-23T05:08:58.248517,Bertha-von-Suttner-Gasse,8,345219
2026-01-23T05:08:58.248517,Bertha-von-Suttner-Gasse,8,345689
2026-01-23T05:08:58.248517,Bertha-von-Suttner-Gasse,8,345527
2026-01-23T05:08:58.248517,Bertha-von-Suttner-Gasse,8,346459
2026-01-23T05:08:58.248517,Bertha-von-Suttner-Gasse,8,346858
2026-01-23T05:08:58.248517,Bertha-von-Suttner-Gasse,8,348146
2026-01-23T05:08:58.248517,Bertha-von-Suttner-Gasse,8,398835
2026-01-23T05:08:58.248517,Bertha-von-Suttner-Gasse,8,349068
2026-01-23T05:08:58.248517,Hauptbahnhof Ost,5,346367
2026-01-23T05:08:58.248517,Hauptbahnhof Ost,5,346625
2026-01-23T05:08:58.248517,Hauptbahnhof Ost,5,346617
2026-01-23T05:08:58.248517,Hauptbahnhof Ost,5,347072
2026-01-23T05:08:58.248517,Hauptbahnhof Ost,5,348617
2026-01-23T05:08:58.248517,FH Technikum,12,345046
2026-01-23T05:08:58.248517,FH Technikum,12,345764
2026-01-23T05:08:58.248517,FH Technikum,12,346447
2026-01-23T05:08:58.248517,FH Technikum,12,346503
2026-01-23T05:08:58.248517,FH Technikum,12,347439
2026-01-23T05:08:58.248517,FH Technikum,12,347357
2026-01-23T05:08:58.248517,FH Technikum,12,347281
2026-01-23T05:08:58.248517,FH Technikum,12,347882
2026-01-23T05:08:58.248517,FH Technikum,12,347821
2026-01-23T05:08:58.248517,FH Technikum,12,348323
2026-01-23T05:08:58.248517,FH Technikum,12,348298
2026-01-23T05:08:58.248517,FH Technikum,12,349189
2026-01-23T05:08:58.248517,Hafen Wien,11,345991
2026-01-23T05:08:58.248517,Hafen Wien,11,346071
2026-01-23T05:08:58.248517,Hafen Wien,11,346956
2026-01-23T05:08:58.248517,Hafen Wien,11,346944
2026-01-23T05:08:58.248517,Hafen Wien,11,346819
2026-01-23T05:08:58.248517,Hafen Wien,11,347321
2026-01-23T05:08:58.248517,Hafen Wien,11,347095
2026-01-23T05:08:58.248517,Hafen Wien,11,347728
2026-01-23T05:08:58.248517,Hafen Wien,11,347661
2026-01-23T05:08:58.248517,Hafen Wien,11,347589
2026-01-23T05:08:58.248517,Hafen Wien,11,348284
2026-01-23T05:08:58.248517,Hundertwasserhaus,11,346487
2026-01-23T05:08:58.248517,Hundertwasserhaus,11,346074
2026-01-23T05:08:58.248517,Hundertwasserhaus,11,346919
2026-01-23T05:08:58.248517,Hundertwasserhaus,11,346830
2026-01-23T05:08:58.248517,Hundertwasserhaus,11,346789
2026-01-23T05:08:58.248517,Hundertwasserhaus,11,346539
2026-01-23T05:08:58.248517,Hundertwasserhaus,11,346507
2026-01-23T05:08:58.248517,Hundertwasserhaus,11,347666
2026-01-23T05:08:58.248517,Hundertwasserhaus,11,348063
2026-01-23T05:08:58.248517,Hundertwasserhaus,11,348054
2026-01-23T05:08:58.248517,Hundertwasserhaus,11,348668
2026-01-23T05:08:58.248517,Seestadt U - Lina-Bo-Bardi-Platz,2,346023
2026-01-23T05:08:58.248517,Seestadt U - Lina-Bo-Bardi-Platz,2,398855
2026-01-23T05:08:58.248517,Barbara-Prammer-Allee,3,347988
2026-01-23T05:08:58.248517,Barbara-Prammer-Allee,3,348662
2026-01-23T05:08:58.248517,Barbara-Prammer-Allee,3,348596
2026-01-23T05:08:58.248517,Sonnenallee,9,345430
2026-01-23T05:08:58.248517,Sonnenallee,9,345917
2026-01-23T05:08:58.248517,Sonnenallee,9,345799
2026-01-23T05:08:58.248517,Sonnenallee,9,346107
2026-01-23T05:08:58.248517,Sonnenallee,9,346782
2026-01-23T05:08:58.248517,Sonnenallee,9,347395
2026-01-23T05:08:58.248517,Sonnenallee,9,347228
2026-01-23T05:08:58.248517,Sonnenallee,9,348258
2026-01-23T05:08:58.248517,Sonnenallee,9,348233
2026-01-23T05:08:58.248517,AIT Austrian Institute of Technology / Giefinggasse ,8,345405
2026-01-23T05:08:58.248517,AIT Austrian Institute of Technology / Giefinggasse ,8,345178
2026-01-23T05:08:58.248517,AIT Austrian Institute of Technology / Giefinggasse ,8,346446
2026-01-23T05:08:58.248517,AIT Austrian Institute of Technology / Giefinggasse ,8,346057
2026-01-23T05:08:58.248517,AIT Austrian Institute of Technology / Giefinggasse ,8,346608
2026-01-23T05:08:58.248517,AIT Austrian Institute of Technology / Giefinggasse ,8,347010
2026-01-23T05:08:58.248517,AIT Austrian Institute of Technology / Giefinggasse ,8,348114
2026-01-23T05:08:58.248517,AIT Austrian Institute of Technology / Giefinggasse ,8,348092
2026-01-23T05:08:58.248517,Blériotgasse,14,345358
2026-01-23T05:08:58.248517,Blériotgasse,14,345307
2026-01-23T05:08:58.248517,Blériotgasse,14,345113
2026-01-23T05:08:58.248517,Blériotgasse,14,345053
2026-01-23T05:08:58.248517,Blériotgasse,14,345904
2026-01-23T05:08:58.248517,Blériotgasse,14,345894
2026-01-23T05:08:58.248517,Blériotgasse,14,346484
2026-01-23T05:08:58.248517,Blériotgasse,14,346298
2026-01-23T05:08:58.248517,Blériotgasse,14,346017
2026-01-23T05:08:58.248517,Blériotgasse,14,346567
2026-01-23T05:08:58.248517,Blériotgasse,14,347317
2026-01-23T05:08:58.248517,Blériotgasse,14,347670
2026-01-23T05:08:58.248517,Blériotgasse,14,348474
2026-01-23T05:08:58.248517,Blériotgasse,14,398818
2026-01-23T05:08:58.248517,Vetmed Haupteingang,1,346031
2026-01-23T05:08:58.248517,Vetmed UB,4,345059
2026-01-23T05:08:58.248517,Vetmed UB,4,346856
2026-01-23T05:08:58.248517,Vetmed UB,4,346705
2026-01-23T05:08:58.248517,Vetmed UB,4,348404
2026-01-23T05:08:58.248517,Rebhanngasse / Nordbahnstrasse,5,346214
2026-01-23T05:08:58.248517,Rebhanngasse / Nordbahnstrasse,5,347883
2026-01-23T05:08:58.248517,Rebhanngasse / Nordbahnstrasse,5,347629
2026-01-23T05:08:58.248517,Rebhanngasse / Nordbahnstrasse,5,347567
2026-01-23T05:08:58.248517,Rebhanngasse / Nordbahnstrasse,5,349025
2026-01-23T05:08:58.248517,Nordbahnstrasse,3,345376
2026-01-23T05:08:58.248517,Nordbahnstrasse,3,347518
2026-01-23T05:08:58.248517,Nordbahnstrasse,3,348882
2026-01-23T05:08:58.248517,BIKE 347026,1,347026
2026-01-23T05:08:58.248517,BIKE 346054,1,346054
2026-01-23T05:08:58.248517,BIKE 345594,1,345594
2026-01-23T05:08:58.248517,BIKE 345665,1,345665
2026-01-23T05:08:58.248517,BIKE 347199,1,347199
2026-01-23T05:08:58.248517,BIKE 346325,1,346325
2026-01-23T05:08:58.248517,BIKE 346492,1,346492
2026-01-23T05:08:58.248517,BIKE 348878,1,348878
2026-01-23T05:08:58.248517,BIKE 398790,1,398790
2026-01-23T05:08:58.248517,BIKE 348080,1,348080
2026-01-23T05:08:58.248517,BIKE 346038,1,346038
2026-01-23T05:08:58.248517,BIKE 348935,1,348935
2026-01-23T05:08:58.248517,BIKE 348927,1,348927
2026-01-23T05:08:58.248517,BIKE 347958,1,347958
2026-01-23T05:08:58.248517,BIKE 348931,1,348931
2026-01-23T05:08:58.248517,BIKE 346449,1,346449
2026-01-23T05:08:58.248517,BIKE 346688,1,346688
2026-01-23T05:08:58.248517,BIKE 347315,1,347315
2026-01-23T05:08:58.248517,BIKE 345492,1,345492
2026-01-23T05:08:58.248517,BIKE 345466,1,345466
2026-01-23T05:08:58.248517,BIKE 346227,1,346227
